broken_m5_control_identity,broken_m5_control_level,confirmation_at,confirmation_bar_identity,control_entry_at,control_entry_price,control_stop,deadline,decision_at,delta_vs_original_r,direction,distance_ratio_to_control,dollars_at_50_max_case_risk,effective_stop_policy,entry_at,entry_policy,entry_price,filled,geometry_sha256,mae_r,mfe_r,month,net_r,original_net_r,original_outcome,original_resolution_at,outcome,policy_result_sha256,resolution_at,retest_disposition,retest_expiry_at,retest_fill_at,retest_level,retest_opportunity,retest_used,route,row_sha256,source_h1_swing_identity,stop,stop_atr14,stop_buffer,stop_fallback_reason,stop_policy,stop_replaced_control,stop_source_identity,stop_source_known_at,stop_source_level,target,trade_identity
8505196a11b82e4dea54ef6669709d62c238429a5a6f2c79c04cdffdb5f57899,1829.28,2023-03-01T05:25:00Z,4aad7f53c6b2e1e9ee83999db96620b39c4c53737993235fa08c241cf30ca3b3,2023-03-01T05:25:00Z,1830.43,1823.04,2023-04-01T00:00:00Z,2023-03-01T05:00:00Z,0.0,LONG,1.0,4.939106901217919,CONTROL_V2_FILLED_STOP,2023-03-01T05:25:00Z,CONTROL_NEXT_M1_OPEN,1830.43,True,77209e82b1dbf7c32a7cf6d14db37a6ae39db94c18bb80931b1340e4c627fe63,0.0649526387009488,0.10419485791609898,2023_03,0.09878213802435837,0.09878213802435837,TARGET,2023-03-01T05:32:00Z,TARGET,72b18b98ae67deb5d68c6d85be65996e4fe8613023281788aa256b15af53b6e1,2023-03-01T05:32:00Z,TARGET_BEFORE_RETEST,2023-03-01T05:40:00Z,,1829.28,False,False,INITIAL_CONFIRMATION_TARGET,d8750973c7fce6f25e38af8996eafc74f4e3f39faa49bd0f133e25b292e0549b,30b73160633cb8cec7dbc9a1da42993ecbb75747e914d46d7ccd041c2c52ff01,1823.04,,,,CONTROL_V2_FILLED_STOP,False,,2023-03-01T05:25:00Z,1823.04,1831.16,a12f52f95ccdf462f4a403b0d34280116c9b980c7ff8618c8644b38060c7f53f
8505196a11b82e4dea54ef6669709d62c238429a5a6f2c79c04cdffdb5f57899,1829.28,2023-03-01T05:25:00Z,4aad7f53c6b2e1e9ee83999db96620b39c4c53737993235fa08c241cf30ca3b3,2023-03-01T05:25:00Z,1830.43,1823.04,2023-04-01T00:00:00Z,2023-03-01T05:00:00Z,0.1478841263816018,LONG,0.40046878020491683,12.33331322029801,M5_LATEST_CONFIRMED_OPPOSING_SWING_ELSE_CONTROL,2023-03-01T05:25:00Z,CONTROL_NEXT_M1_OPEN,1830.43,True,ce0d122ec3cad401ffb5cddf776ce0ac6e418b508b8b114578d7f154785e5c95,0.16219151632172935,0.2601822240994248,2023_03,0.24666626440596018,0.09878213802435837,TARGET,2023-03-01T05:32:00Z,TARGET,2870767549ba3632ce80de349cc64b7e4d07642a39b5ab3667fea01989acdbf9,2023-03-01T05:32:00Z,TARGET_BEFORE_RETEST,2023-03-01T05:40:00Z,,1829.28,False,False,INITIAL_CONFIRMATION_TARGET,9954ad9b8ef0636144baea22014c69f37d6ec85857815c3789b8eb356a9a2e51,30b73160633cb8cec7dbc9a1da42993ecbb75747e914d46d7ccd041c2c52ff01,1827.4705357142857,0.789285714285711,0.039464285714285556,,M5_LATEST_CONFIRMED_OPPOSING_SWING_ELSE_CONTROL,True,37b28d625dc63f14f28ffb1f0ffddf03ae9fc8827fa7b53e064a97b8f28ba15a,2023-03-01T05:10:00Z,1827.51,1831.16,a12f52f95ccdf462f4a403b0d34280116c9b980c7ff8618c8644b38060c7f53f
8505196a11b82e4dea54ef6669709d62c238429a5a6f2c79c04cdffdb5f57899,1829.28,2023-03-01T05:25:00Z,4aad7f53c6b2e1e9ee83999db96620b39c4c53737993235fa08c241cf30ca3b3,2023-03-01T05:25:00Z,1830.43,1823.04,2023-04-01T00:00:00Z,2023-03-01T05:00:00Z,0.13795907973355298,LONG,0.4172578774405552,11.837060887895568,M15_LATEST_CONFIRMED_OPPOSING_SWING_ELSE_CONTROL,2023-03-01T05:25:00Z,CONTROL_NEXT_M1_OPEN,1830.43,True,9f7bf824c52381782669860d0efcb6d5ad5fe8e440329ad26d2dd8c6daaa9da2,0.15566545825177935,0.24971333927888067,2023_03,0.23674121775791135,0.09878213802435837,TARGET,2023-03-01T05:32:00Z,TARGET,2cc5450722f6b81739e0057c511c0529218f97fd3340d281c6a3874ecb6f3d26,2023-03-01T05:32:00Z,TARGET_BEFORE_RETEST,2023-03-01T05:40:00Z,,1829.28,False,False,INITIAL_CONFIRMATION_TARGET,6e62bd75f402efb1ecf9b129a8a4ebf8cc003a8625bc8c71f42e5f9532380358,30b73160633cb8cec7dbc9a1da42993ecbb75747e914d46d7ccd041c2c52ff01,1827.3464642857143,1.4707142857142474,0.07353571428571237,,M15_LATEST_CONFIRMED_OPPOSING_SWING_ELSE_CONTROL,True,9953f11fd4c5d4a42846fcf121ea2062a371c6387283eeb7f4d9b16bd816eb9d,2023-03-01T05:15:00Z,1827.42,1831.16,a12f52f95ccdf462f4a403b0d34280116c9b980c7ff8618c8644b38060c7f53f
8505196a11b82e4dea54ef6669709d62c238429a5a6f2c79c04cdffdb5f57899,1829.28,2023-03-01T05:25:00Z,4aad7f53c6b2e1e9ee83999db96620b39c4c53737993235fa08c241cf30ca3b3,2023-03-01T05:25:00Z,1830.43,1823.04,2023-04-01T00:00:00Z,2023-03-01T05:00:00Z,0.0,LONG,1.0,4.939106901217919,CONTROL_V2_FILLED_STOP,2023-03-01T05:25:00Z,CONTROL_NEXT_M1_OPEN,1830.43,True,6ef95b9bfb1b88eff048b7f1e3bcbf60d545018c96398c8bd1146acd8de6cd53,0.0649526387009488,0.10419485791609898,2023_03,0.09878213802435837,0.09878213802435837,TARGET,2023-03-01T05:32:00Z,TARGET,e90d241eceeb287c8b9b998dca6a1e465ae018b7314b855e10c687ee76535a3e,2023-03-01T05:32:00Z,TARGET_BEFORE_RETEST,2023-03-01T05:40:00Z,,1829.28,False,False,INITIAL_CONFIRMATION_TARGET,18d1be0b9d8c325faf6d8c5a9d4ab6116bdb3605c3176e57aa40e4adae6b55a7,30b73160633cb8cec7dbc9a1da42993ecbb75747e914d46d7ccd041c2c52ff01,1823.04,4.170000000000008,0.2085000000000004,NOT_STRICTLY_CLOSER_THAN_CONTROL,H1_SOURCE_SWING_BUFFERED_ELSE_CONTROL,False,30b73160633cb8cec7dbc9a1da42993ecbb75747e914d46d7ccd041c2c52ff01,2023-03-01T05:00:00Z,1823.04,1831.16,a12f52f95ccdf462f4a403b0d34280116c9b980c7ff8618c8644b38060c7f53f
8505196a11b82e4dea54ef6669709d62c238429a5a6f2c79c04cdffdb5f57899,1829.28,2023-03-01T05:25:00Z,4aad7f53c6b2e1e9ee83999db96620b39c4c53737993235fa08c241cf30ca3b3,2023-03-01T05:25:00Z,1830.43,1823.04,2023-04-01T00:00:00Z,2023-03-01T05:00:00Z,-0.09878213802435837,LONG,1.0,0.0,CONTROL_V2_FILLED_STOP,,M5_BROKEN_CONTROL_FIRST_RETEST,,False,77209e82b1dbf7c32a7cf6d14db37a6ae39db94c18bb80931b1340e4c627fe63,,,2023_03,0.0,0.09878213802435837,TARGET,2023-03-01T05:32:00Z,NO_FILL,6e50cca1ec8a88ba33c37c90205a7b1928fee65fc9d68bd0b5048e80c5e0ae7a,,TARGET_BEFORE_RETEST,2023-03-01T05:40:00Z,,1829.28,False,False,INITIAL_CONFIRMATION_TARGET,8b5b8e75ab11e3c03e6e525b5559c31985b52647de5e6b27beacde2cf57eb531,30b73160633cb8cec7dbc9a1da42993ecbb75747e914d46d7ccd041c2c52ff01,1823.04,,,,CONTROL_V2_FILLED_STOP,False,,2023-03-01T05:25:00Z,1823.04,1831.16,a12f52f95ccdf462f4a403b0d34280116c9b980c7ff8618c8644b38060c7f53f
8505196a11b82e4dea54ef6669709d62c238429a5a6f2c79c04cdffdb5f57899,1829.28,2023-03-01T05:25:00Z,4aad7f53c6b2e1e9ee83999db96620b39c4c53737993235fa08c241cf30ca3b3,2023-03-01T05:25:00Z,1830.43,1823.04,2023-04-01T00:00:00Z,2023-03-01T05:00:00Z,-0.09878213802435837,LONG,0.40046878020491683,0.0,M5_LATEST_CONFIRMED_OPPOSING_SWING_ELSE_CONTROL,,M5_BROKEN_CONTROL_FIRST_RETEST,,False,ce0d122ec3cad401ffb5cddf776ce0ac6e418b508b8b114578d7f154785e5c95,,,2023_03,0.0,0.09878213802435837,TARGET,2023-03-01T05:32:00Z,NO_FILL,4b01d2e3497f1b2f54ec714ad86859cdb806a3de5aa84be5d2dda8468618da74,,TARGET_BEFORE_RETEST,2023-03-01T05:40:00Z,,1829.28,False,False,INITIAL_CONFIRMATION_TARGET,9e55ec639b26046872eb67b8016ac5c886ba84a862739b37e3674b88809f329a,30b73160633cb8cec7dbc9a1da42993ecbb75747e914d46d7ccd041c2c52ff01,1827.4705357142857,0.789285714285711,0.039464285714285556,,M5_LATEST_CONFIRMED_OPPOSING_SWING_ELSE_CONTROL,True,37b28d625dc63f14f28ffb1f0ffddf03ae9fc8827fa7b53e064a97b8f28ba15a,2023-03-01T05:10:00Z,1827.51,1831.16,a12f52f95ccdf462f4a403b0d34280116c9b980c7ff8618c8644b38060c7f53f
8505196a11b82e4dea54ef6669709d62c238429a5a6f2c79c04cdffdb5f57899,1829.28,2023-03-01T05:25:00Z,4aad7f53c6b2e1e9ee83999db96620b39c4c53737993235fa08c241cf30ca3b3,2023-03-01T05:25:00Z,1830.43,1823.04,2023-04-01T00:00:00Z,2023-03-01T05:00:00Z,-0.09878213802435837,LONG,0.4172578774405552,0.0,M15_LATEST_CONFIRMED_OPPOSING_SWING_ELSE_CONTROL,,M5_BROKEN_CONTROL_FIRST_RETEST,,False,9f7bf824c52381782669860d0efcb6d5ad5fe8e440329ad26d2dd8c6daaa9da2,,,2023_03,0.0,0.09878213802435837,TARGET,2023-03-01T05:32:00Z,NO_FILL,253fe45acfb7920819a22c7f3600fa5b5e72836ad6afff07a1b5c997b5724b1c,,TARGET_BEFORE_RETEST,2023-03-01T05:40:00Z,,1829.28,False,False,INITIAL_CONFIRMATION_TARGET,1676f6d2fa3663e881121b1f348d224af0f96794cae753dea6615d66e82bdb03,30b73160633cb8cec7dbc9a1da42993ecbb75747e914d46d7ccd041c2c52ff01,1827.3464642857143,1.4707142857142474,0.07353571428571237,,M15_LATEST_CONFIRMED_OPPOSING_SWING_ELSE_CONTROL,True,9953f11fd4c5d4a42846fcf121ea2062a371c6387283eeb7f4d9b16bd816eb9d,2023-03-01T05:15:00Z,1827.42,1831.16,a12f52f95ccdf462f4a403b0d34280116c9b980c7ff8618c8644b38060c7f53f
8505196a11b82e4dea54ef6669709d62c238429a5a6f2c79c04cdffdb5f57899,1829.28,2023-03-01T05:25:00Z,4aad7f53c6b2e1e9ee83999db96620b39c4c53737993235fa08c241cf30ca3b3,2023-03-01T05:25:00Z,1830.43,1823.04,2023-04-01T00:00:00Z,2023-03-01T05:00:00Z,-0.09878213802435837,LONG,1.0,0.0,CONTROL_V2_FILLED_STOP,,M5_BROKEN_CONTROL_FIRST_RETEST,,False,6ef95b9bfb1b88eff048b7f1e3bcbf60d545018c96398c8bd1146acd8de6cd53,,,2023_03,0.0,0.09878213802435837,TARGET,2023-03-01T05:32:00Z,NO_FILL,0ab797e0411561b2169b3bc1b47eeb60a936410d82c7fdb7797f122350d084a9,,TARGET_BEFORE_RETEST,2023-03-01T05:40:00Z,,1829.28,False,False,INITIAL_CONFIRMATION_TARGET,a1992b5e0cbd7cf1996ea3a1d455cc958f0f397e9eddfcddfa9f471f574369e6,30b73160633cb8cec7dbc9a1da42993ecbb75747e914d46d7ccd041c2c52ff01,1823.04,4.170000000000008,0.2085000000000004,NOT_STRICTLY_CLOSER_THAN_CONTROL,H1_SOURCE_SWING_BUFFERED_ELSE_CONTROL,False,30b73160633cb8cec7dbc9a1da42993ecbb75747e914d46d7ccd041c2c52ff01,2023-03-01T05:00:00Z,1823.04,1831.16,a12f52f95ccdf462f4a403b0d34280116c9b980c7ff8618c8644b38060c7f53f
8505196a11b82e4dea54ef6669709d62c238429a5a6f2c79c04cdffdb5f57899,1829.28,2023-03-01T05:25:00Z,4aad7f53c6b2e1e9ee83999db96620b39c4c53737993235fa08c241cf30ca3b3,2023-03-01T05:25:00Z,1830.43,1823.04,2023-04-01T00:00:00Z,2023-03-01T05:00:00Z,-0.07408660351826878,LONG,1.0,1.2347767253044797,CONTROL_V2_FILLED_STOP,2023-03-01T05:25:00Z,CONFIRMED_25_75_RETEST_SPLIT,1830.43,True,77209e82b1dbf7c32a7cf6d14db37a6ae39db94c18bb80931b1340e4c627fe63,0.0162381596752372,0.026048714479024744,2023_03,0.024695534506089592,0.09878213802435837,TARGET,2023-03-01T05:32:00Z,SPLIT_CONTROL_TARGET_NO_RETEST,660a52545bc76c0864466851a9727ad3eda893aecaf5dd4d47b9dfe2bdee3733,2023-03-01T05:32:00Z,TARGET_BEFORE_RETEST,2023-03-01T05:40:00Z,,1829.28,False,False,INITIAL_CONFIRMATION_TARGET,f91a1c42c10d35b57966df064845f4dc97a399e1a86c77deda30480222a931e0,30b73160633cb8cec7dbc9a1da42993ecbb75747e914d46d7ccd041c2c52ff01,1823.04,,,,CONTROL_V2_FILLED_STOP,False,,2023-03-01T05:25:00Z,1823.04,1831.16,a12f52f95ccdf462f4a403b0d34280116c9b980c7ff8618c8644b38060c7f53f
8505196a11b82e4dea54ef6669709d62c238429a5a6f2c79c04cdffdb5f57899,1829.28,2023-03-01T05:25:00Z,4aad7f53c6b2e1e9ee83999db96620b39c4c53737993235fa08c241cf30ca3b3,2023-03-01T05:25:00Z,1830.43,1823.04,2023-04-01T00:00:00Z,2023-03-01T05:00:00Z,-0.03711557192286832,LONG,0.40046878020491683,3.0833283050745024,M5_LATEST_CONFIRMED_OPPOSING_SWING_ELSE_CONTROL,2023-03-01T05:25:00Z,CONFIRMED_25_75_RETEST_SPLIT,1830.43,True,ce0d122ec3cad401ffb5cddf776ce0ac6e418b508b8b114578d7f154785e5c95,0.040547879080432336,0.0650455560248562,2023_03,0.061666566101490045,0.09878213802435837,TARGET,2023-03-01T05:32:00Z,SPLIT_CONTROL_TARGET_NO_RETEST,e20f957b0c4dedc45b7753de261f09f94eadd3b48ad248e12a45fb009f0980a7,2023-03-01T05:32:00Z,TARGET_BEFORE_RETEST,2023-03-01T05:40:00Z,,1829.28,False,False,INITIAL_CONFIRMATION_TARGET,4fd62745e89a6337ccfa4d865f3680b2f9a00d55fe04d6e6146174b512982409,30b73160633cb8cec7dbc9a1da42993ecbb75747e914d46d7ccd041c2c52ff01,1827.4705357142857,0.789285714285711,0.039464285714285556,,M5_LATEST_CONFIRMED_OPPOSING_SWING_ELSE_CONTROL,True,37b28d625dc63f14f28ffb1f0ffddf03ae9fc8827fa7b53e064a97b8f28ba15a,2023-03-01T05:10:00Z,1827.51,1831.16,a12f52f95ccdf462f4a403b0d34280116c9b980c7ff8618c8644b38060c7f53f
8505196a11b82e4dea54ef6669709d62c238429a5a6f2c79c04cdffdb5f57899,1829.28,2023-03-01T05:25:00Z,4aad7f53c6b2e1e9ee83999db96620b39c4c53737993235fa08c241cf30ca3b3,2023-03-01T05:25:00Z,1830.43,1823.04,2023-04-01T00:00:00Z,2023-03-01T05:00:00Z,-0.03959683358488053,LONG,0.4172578774405552,2.959265221973892,M15_LATEST_CONFIRMED_OPPOSING_SWING_ELSE_CONTROL,2023-03-01T05:25:00Z,CONFIRMED_25_75_RETEST_SPLIT,1830.43,True,9f7bf824c52381782669860d0efcb6d5ad5fe8e440329ad26d2dd8c6daaa9da2,0.03891636456294484,0.06242833481972017,2023_03,0.05918530443947784,0.09878213802435837,TARGET,2023-03-01T05:32:00Z,SPLIT_CONTROL_TARGET_NO_RETEST,1c4cb40a3b325f5153d1c5583b080c21a242f7f51869581fbf8300334feaaef2,2023-03-01T05:32:00Z,TARGET_BEFORE_RETEST,2023-03-01T05:40:00Z,,1829.28,False,False,INITIAL_CONFIRMATION_TARGET,c79090d0c92642fe5debae8a1e7815add8822e5ac05d9a35cde5745b9f7808af,30b73160633cb8cec7dbc9a1da42993ecbb75747e914d46d7ccd041c2c52ff01,1827.3464642857143,1.4707142857142474,0.07353571428571237,,M15_LATEST_CONFIRMED_OPPOSING_SWING_ELSE_CONTROL,True,9953f11fd4c5d4a42846fcf121ea2062a371c6387283eeb7f4d9b16bd816eb9d,2023-03-01T05:15:00Z,1827.42,1831.16,a12f52f95ccdf462f4a403b0d34280116c9b980c7ff8618c8644b38060c7f53f
8505196a11b82e4dea54ef6669709d62c238429a5a6f2c79c04cdffdb5f57899,1829.28,2023-03-01T05:25:00Z,4aad7f53c6b2e1e9ee83999db96620b39c4c53737993235fa08c241cf30ca3b3,2023-03-01T05:25:00Z,1830.43,1823.04,2023-04-01T00:00:00Z,2023-03-01T05:00:00Z,-0.07408660351826878,LONG,1.0,1.2347767253044797,CONTROL_V2_FILLED_STOP,2023-03-01T05:25:00Z,CONFIRMED_25_75_RETEST_SPLIT,1830.43,True,6ef95b9bfb1b88eff048b7f1e3bcbf60d545018c96398c8bd1146acd8de6cd53,0.0162381596752372,0.026048714479024744,2023_03,0.024695534506089592,0.09878213802435837,TARGET,2023-03-01T05:32:00Z,SPLIT_CONTROL_TARGET_NO_RETEST,1ec1e5926acd0cefb8ba5f2fbcea4d505a4dddf77cd1f0e9d668c030678cdd08,2023-03-01T05:32:00Z,TARGET_BEFORE_RETEST,2023-03-01T05:40:00Z,,1829.28,False,False,INITIAL_CONFIRMATION_TARGET,9868e6b4aeefb7988078e01a45ab7d8b5f2f7c38f56a82152d9a061366361588,30b73160633cb8cec7dbc9a1da42993ecbb75747e914d46d7ccd041c2c52ff01,1823.04,4.170000000000008,0.2085000000000004,NOT_STRICTLY_CLOSER_THAN_CONTROL,H1_SOURCE_SWING_BUFFERED_ELSE_CONTROL,False,30b73160633cb8cec7dbc9a1da42993ecbb75747e914d46d7ccd041c2c52ff01,2023-03-01T05:00:00Z,1823.04,1831.16,a12f52f95ccdf462f4a403b0d34280116c9b980c7ff8618c8644b38060c7f53f
0aac537efa3e0dbc2518a120b55dcfb33c190ac8cad7d9a9764890036602ed05,1836.67,2023-03-02T02:00:00Z,97d795622f77fca657ae3758a4ef29ca78ac7ca5fbbd7095259aea049d1f0afb,2023-03-02T02:00:00Z,1836.45,1844.56,2023-04-01T00:00:00Z,2023-03-01T20:00:00Z,0.0,SHORT,1.0,36.92971639950729,CONTROL_V2_FILLED_STOP,2023-03-02T02:00:00Z,CONTROL_NEXT_M1_OPEN,1836.45,True,b283a3d8140bef9a1cd6c047440008e1f92364dcfc0c69054b654a1eb81782b6,0.2133168927250357,0.7595561035758518,2023_03,0.7385943279901459,0.7385943279901459,TARGET,2023-03-02T09:18:00Z,TARGET,30aa7eda1fac0f5593fe2e8bf841852f6e6655b0f4dc63c90e43d5f0f32892b6,2023-03-02T09:18:00Z,RETEST_EXPIRED,2023-03-02T02:15:00Z,,1836.67,False,False,INITIAL_CONFIRMATION_TARGET,ea3578b8a2877d2b2e940478a519db6e3e99b91f7f2491452c7afaa25d232df2,97315a98a702a8c03b0c0a9b838280d0c2209167632be49e4a35b1c0d8082811,1844.56,,,,CONTROL_V2_FILLED_STOP,False,,2023-03-02T02:00:00Z,1844.56,1830.46,83ed54c25c6872fd32094825d461563c78eb91640ae3071cb568822652bc54c6
0aac537efa3e0dbc2518a120b55dcfb33c190ac8cad7d9a9764890036602ed05,1836.67,2023-03-02T02:00:00Z,97d795622f77fca657ae3758a4ef29ca78ac7ca5fbbd7095259aea049d1f0afb,2023-03-02T02:00:00Z,1836.45,1844.56,2023-04-01T00:00:00Z,2023-03-01T20:00:00Z,2.6365968496642713,SHORT,0.21883036815219178,168.75955888272085,M5_LATEST_CONFIRMED_OPPOSING_SWING_ELSE_CONTROL,2023-03-02T02:00:00Z,CONTROL_NEXT_M1_OPEN,1836.45,True,894466cd81d265359ecf792c562a157a43b37395d3f95f1fc6356b53ca248278,0.974804797552954,3.470981244466019,2023_03,3.375191177654417,0.7385943279901459,TARGET,2023-03-02T09:18:00Z,TARGET,9658dfcb6782ddbabd520c5bbfd56ec3b9fbfdca8ae879aefee6a2efdc8c5eb1,2023-03-02T09:18:00Z,RETEST_EXPIRED,2023-03-02T02:15:00Z,,1836.67,False,False,INITIAL_CONFIRMATION_TARGET,097d1de50418b698a11b6683f2c1ce60bad7be61763ffcf24b402046d9e3aa43,97315a98a702a8c03b0c0a9b838280d0c2209167632be49e4a35b1c0d8082811,1838.2247142857143,0.49428571428575196,0.0247142857142876,,M5_LATEST_CONFIRMED_OPPOSING_SWING_ELSE_CONTROL,True,9b291ab91a8772beab35f322d52731fe1b8118a31b1248b0810371c7e0686127,2023-03-02T01:40:00Z,1838.2,1830.46,83ed54c25c6872fd32094825d461563c78eb91640ae3071cb568822652bc54c6
0aac537efa3e0dbc2518a120b55dcfb33c190ac8cad7d9a9764890036602ed05,1836.67,2023-03-02T02:00:00Z,97d795622f77fca657ae3758a4ef29ca78ac7ca5fbbd7095259aea049d1f0afb,2023-03-02T02:00:00Z,1836.45,1844.56,2023-04-01T00:00:00Z,2023-03-01T20:00:00Z,2.5963960281371268,SHORT,0.2214682050378796,166.74951780636363,M15_LATEST_CONFIRMED_OPPOSING_SWING_ELSE_CONTROL,2023-03-02T02:00:00Z,CONTROL_NEXT_M1_OPEN,1836.45,True,2b5fb26003e9f556a63787a32330916a30260212e44e8ad5bec3df60141f5972,0.9631942096995382,3.4296394981209084,2023_03,3.3349903561272725,0.7385943279901459,TARGET,2023-03-02T09:18:00Z,TARGET,49d3c1d0e491316e3121b409ee4243af57896a1dc9f10695b43800f68578c837,2023-03-02T09:18:00Z,RETEST_EXPIRED,2023-03-02T02:15:00Z,,1836.67,False,False,INITIAL_CONFIRMATION_TARGET,38ca6164ab27f6b23ebf7cb4e7e767f8f224d1c4bb9121c2a45983696cf8f15b,97315a98a702a8c03b0c0a9b838280d0c2209167632be49e4a35b1c0d8082811,1838.2461071428572,0.9221428571428467,0.04610714285714234,,M15_LATEST_CONFIRMED_OPPOSING_SWING_ELSE_CONTROL,True,d5b118b944b5ca51b33aceaa5d1f01d04fe1aa9aa1ba82cb5a5eb5e638eed00f,2023-03-02T02:00:00Z,1838.2,1830.46,83ed54c25c6872fd32094825d461563c78eb91640ae3071cb568822652bc54c6
0aac537efa3e0dbc2518a120b55dcfb33c190ac8cad7d9a9764890036602ed05,1836.67,2023-03-02T02:00:00Z,97d795622f77fca657ae3758a4ef29ca78ac7ca5fbbd7095259aea049d1f0afb,2023-03-02T02:00:00Z,1836.45,1844.56,2023-04-01T00:00:00Z,2023-03-01T20:00:00Z,0.0,SHORT,1.0,36.92971639950729,CONTROL_V2_FILLED_STOP,2023-03-02T02:00:00Z,CONTROL_NEXT_M1_OPEN,1836.45,True,eb1d2e336f723816ebb8fa330e5166756a5d5f0525a088ada356e4e4b6befc78,0.2133168927250357,0.7595561035758518,2023_03,0.7385943279901459,0.7385943279901459,TARGET,2023-03-02T09:18:00Z,TARGET,b7fc345bf53910c90df8ce8acf4277d31e2df4a0fb28202f0ffa1db20aeb1b3a,2023-03-02T09:18:00Z,RETEST_EXPIRED,2023-03-02T02:15:00Z,,1836.67,False,False,INITIAL_CONFIRMATION_TARGET,0db386b8d67aa6190fbcb1d34f799129ecdaadc4d225593a2d5f37ac9c832c20,97315a98a702a8c03b0c0a9b838280d0c2209167632be49e4a35b1c0d8082811,1844.56,5.205000000000008,0.2602500000000004,NOT_STRICTLY_CLOSER_THAN_CONTROL,H1_SOURCE_SWING_BUFFERED_ELSE_CONTROL,False,97315a98a702a8c03b0c0a9b838280d0c2209167632be49e4a35b1c0d8082811,2023-03-01T20:00:00Z,1844.56,1830.46,83ed54c25c6872fd32094825d461563c78eb91640ae3071cb568822652bc54c6
0aac537efa3e0dbc2518a120b55dcfb33c190ac8cad7d9a9764890036602ed05,1836.67,2023-03-02T02:00:00Z,97d795622f77fca657ae3758a4ef29ca78ac7ca5fbbd7095259aea049d1f0afb,2023-03-02T02:00:00Z,1836.45,1844.56,2023-04-01T00:00:00Z,2023-03-01T20:00:00Z,-0.7385943279901459,SHORT,1.0,0.0,CONTROL_V2_FILLED_STOP,,M5_BROKEN_CONTROL_FIRST_RETEST,,False,b283a3d8140bef9a1cd6c047440008e1f92364dcfc0c69054b654a1eb81782b6,,,2023_03,0.0,0.7385943279901459,TARGET,2023-03-02T09:18:00Z,NO_FILL,19d11eaac27df66cfa8aaeac17ecd5b98f9ac31789e77a40072368e9131e01ae,,RETEST_EXPIRED,2023-03-02T02:15:00Z,,1836.67,False,False,INITIAL_CONFIRMATION_TARGET,27671e75d18278df386691163d4a37740bae68f8dd814f5f7a015cab3dc15da1,97315a98a702a8c03b0c0a9b838280d0c2209167632be49e4a35b1c0d8082811,1844.56,,,,CONTROL_V2_FILLED_STOP,False,,2023-03-02T02:00:00Z,1844.56,1830.46,83ed54c25c6872fd32094825d461563c78eb91640ae3071cb568822652bc54c6
0aac537efa3e0dbc2518a120b55dcfb33c190ac8cad7d9a9764890036602ed05,1836.67,2023-03-02T02:00:00Z,97d795622f77fca657ae3758a4ef29ca78ac7ca5fbbd7095259aea049d1f0afb,2023-03-02T02:00:00Z,1836.45,1844.56,2023-04-01T00:00:00Z,2023-03-01T20:00:00Z,-0.7385943279901459,SHORT,0.21883036815219178,0.0,M5_LATEST_CONFIRMED_OPPOSING_SWING_ELSE_CONTROL,,M5_BROKEN_CONTROL_FIRST_RETEST,,False,894466cd81d265359ecf792c562a157a43b37395d3f95f1fc6356b53ca248278,,,2023_03,0.0,0.7385943279901459,TARGET,2023-03-02T09:18:00Z,NO_FILL,3be922a2d2daecb69709d381f5dc7d64d96d4572befdb2ece79aaeccb93fa64f,,RETEST_EXPIRED,2023-03-02T02:15:00Z,,1836.67,False,False,INITIAL_CONFIRMATION_TARGET,70980033e8f7756082cd3f06f9b4a4d34a2c18d99e251c5e267df743ab4c8da5,97315a98a702a8c03b0c0a9b838280d0c2209167632be49e4a35b1c0d8082811,1838.2247142857143,0.49428571428575196,0.0247142857142876,,M5_LATEST_CONFIRMED_OPPOSING_SWING_ELSE_CONTROL,True,9b291ab91a8772beab35f322d52731fe1b8118a31b1248b0810371c7e0686127,2023-03-02T01:40:00Z,1838.2,1830.46,83ed54c25c6872fd32094825d461563c78eb91640ae3071cb568822652bc54c6
0aac537efa3e0dbc2518a120b55dcfb33c190ac8cad7d9a9764890036602ed05,1836.67,2023-03-02T02:00:00Z,97d795622f77fca657ae3758a4ef29ca78ac7ca5fbbd7095259aea049d1f0afb,2023-03-02T02:00:00Z,1836.45,1844.56,2023-04-01T00:00:00Z,2023-03-01T20:00:00Z,-0.7385943279901459,SHORT,0.2214682050378796,0.0,M15_LATEST_CONFIRMED_OPPOSING_SWING_ELSE_CONTROL,,M5_BROKEN_CONTROL_FIRST_RETEST,,False,2b5fb26003e9f556a63787a32330916a30260212e44e8ad5bec3df60141f5972,,,2023_03,0.0,0.7385943279901459,TARGET,2023-03-02T09:18:00Z,NO_FILL,ca73cf14e6ecfd872724726d67d767c6b92cff8cb9ba97d61e64858e151ef900,,RETEST_EXPIRED,2023-03-02T02:15:00Z,,1836.67,False,False,INITIAL_CONFIRMATION_TARGET,8f9d34f32735f9cc677194e6073fbbd552e01188c16ab46d134eeeb38b1f83d0,97315a98a702a8c03b0c0a9b838280d0c2209167632be49e4a35b1c0d8082811,1838.2461071428572,0.9221428571428467,0.04610714285714234,,M15_LATEST_CONFIRMED_OPPOSING_SWING_ELSE_CONTROL,True,d5b118b944b5ca51b33aceaa5d1f01d04fe1aa9aa1ba82cb5a5eb5e638eed00f,2023-03-02T02:00:00Z,1838.2,1830.46,83ed54c25c6872fd32094825d461563c78eb91640ae3071cb568822652bc54c6
0aac537efa3e0dbc2518a120b55dcfb33c190ac8cad7d9a9764890036602ed05,1836.67,2023-03-02T02:00:00Z,97d795622f77fca657ae3758a4ef29ca78ac7ca5fbbd7095259aea049d1f0afb,2023-03-02T02:00:00Z,1836.45,1844.56,2023-04-01T00:00:00Z,2023-03-01T20:00:00Z,-0.7385943279901459,SHORT,1.0,0.0,CONTROL_V2_FILLED_STOP,,M5_BROKEN_CONTROL_FIRST_RETEST,,False,eb1d2e336f723816ebb8fa330e5166756a5d5f0525a088ada356e4e4b6befc78,,,2023_03,0.0,0.7385943279901459,TARGET,2023-03-02T09:18:00Z,NO_FILL,2bf75d25bc1799624613479c36f14e96bd39effcc0510ee1f3f0fab189266199,,RETEST_EXPIRED,2023-03-02T02:15:00Z,,1836.67,False,False,INITIAL_CONFIRMATION_TARGET,d506558e8cac2618c79ba0752a177d3d383d60e5c71854339dd371f8e2323e68,97315a98a702a8c03b0c0a9b838280d0c2209167632be49e4a35b1c0d8082811,1844.56,5.205000000000008,0.2602500000000004,NOT_STRICTLY_CLOSER_THAN_CONTROL,H1_SOURCE_SWING_BUFFERED_ELSE_CONTROL,False,97315a98a702a8c03b0c0a9b838280d0c2209167632be49e4a35b1c0d8082811,2023-03-01T20:00:00Z,1844.56,1830.46,83ed54c25c6872fd32094825d461563c78eb91640ae3071cb568822652bc54c6
0aac537efa3e0dbc2518a120b55dcfb33c190ac8cad7d9a9764890036602ed05,1836.67,2023-03-02T02:00:00Z,97d795622f77fca657ae3758a4ef29ca78ac7ca5fbbd7095259aea049d1f0afb,2023-03-02T02:00:00Z,1836.45,1844.56,2023-04-01T00:00:00Z,2023-03-01T20:00:00Z,-0.5539457459926094,SHORT,1.0,9.232429099876823,CONTROL_V2_FILLED_STOP,2023-03-02T02:00:00Z,CONFIRMED_25_75_RETEST_SPLIT,1836.45,True,b283a3d8140bef9a1cd6c047440008e1f92364dcfc0c69054b654a1eb81782b6,0.053329223181258927,0.18988902589396295,2023_03,0.18464858199753648,0.7385943279901459,TARGET,2023-03-02T09:18:00Z,SPLIT_CONTROL_TARGET_NO_RETEST,1125610b65ef89992a6e21a43e68a308ab805737b7319388aee1f2a51403c2a1,2023-03-02T09:18:00Z,RETEST_EXPIRED,2023-03-02T02:15:00Z,,1836.67,False,False,INITIAL_CONFIRMATION_TARGET,414c637d49ca75fbe7b78a19eac491598e7a61e2812e9e3875925fda3ec8dffc,97315a98a702a8c03b0c0a9b838280d0c2209167632be49e4a35b1c0d8082811,1844.56,,,,CONTROL_V2_FILLED_STOP,False,,2023-03-02T02:00:00Z,1844.56,1830.46,83ed54c25c6872fd32094825d461563c78eb91640ae3071cb568822652bc54c6
0aac537efa3e0dbc2518a120b55dcfb33c190ac8cad7d9a9764890036602ed05,1836.67,2023-03-02T02:00:00Z,97d795622f77fca657ae3758a4ef29ca78ac7ca5fbbd7095259aea049d1f0afb,2023-03-02T02:00:00Z,1836.45,1844.56,2023-04-01T00:00:00Z,2023-03-01T20:00:00Z,0.10520346642345835,SHORT,0.21883036815219178,42.18988972068021,M5_LATEST_CONFIRMED_OPPOSING_SWING_ELSE_CONTROL,2023-03-02T02:00:00Z,CONFIRMED_25_75_RETEST_SPLIT,1836.45,True,894466cd81d265359ecf792c562a157a43b37395d3f95f1fc6356b53ca248278,0.2437011993882385,0.8677453111165048,2023_03,0.8437977944136043,0.7385943279901459,TARGET,2023-03-02T09:18:00Z,SPLIT_CONTROL_TARGET_NO_RETEST,5d752bc99ba60f1f065328d5aafe027b54b7309721f6d0bcddd1ba842a37749a,2023-03-02T09:18:00Z,RETEST_EXPIRED,2023-03-02T02:15:00Z,,1836.67,False,False,INITIAL_CONFIRMATION_TARGET,1fa3d416da56752064f47cf12a9b8440d180bc15711c77adbcdd8ace767d5d00,97315a98a702a8c03b0c0a9b838280d0c2209167632be49e4a35b1c0d8082811,1838.2247142857143,0.49428571428575196,0.0247142857142876,,M5_LATEST_CONFIRMED_OPPOSING_SWING_ELSE_CONTROL,True,9b291ab91a8772beab35f322d52731fe1b8118a31b1248b0810371c7e0686127,2023-03-02T01:40:00Z,1838.2,1830.46,83ed54c25c6872fd32094825d461563c78eb91640ae3071cb568822652bc54c6
0aac537efa3e0dbc2518a120b55dcfb33c190ac8cad7d9a9764890036602ed05,1836.67,2023-03-02T02:00:00Z,97d795622f77fca657ae3758a4ef29ca78ac7ca5fbbd7095259aea049d1f0afb,2023-03-02T02:00:00Z,1836.45,1844.56,2023-04-01T00:00:00Z,2023-03-01T20:00:00Z,0.09515326104167221,SHORT,0.2214682050378796,41.68737945159091,M15_LATEST_CONFIRMED_OPPOSING_SWING_ELSE_CONTROL,2023-03-02T02:00:00Z,CONFIRMED_25_75_RETEST_SPLIT,1836.45,True,2b5fb26003e9f556a63787a32330916a30260212e44e8ad5bec3df60141f5972,0.24079855242488454,0.8574098745302271,2023_03,0.8337475890318181,0.7385943279901459,TARGET,2023-03-02T09:18:00Z,SPLIT_CONTROL_TARGET_NO_RETEST,3cba557de0df52abd8a1fa042559611290385786700e6f7ce11f6af6f23719a9,2023-03-02T09:18:00Z,RETEST_EXPIRED,2023-03-02T02:15:00Z,,1836.67,False,False,INITIAL_CONFIRMATION_TARGET,014589f912deb90857de69cbc7a0c9c9ffe7f542486634472aa69a6076e391e6,97315a98a702a8c03b0c0a9b838280d0c2209167632be49e4a35b1c0d8082811,1838.2461071428572,0.9221428571428467,0.04610714285714234,,M15_LATEST_CONFIRMED_OPPOSING_SWING_ELSE_CONTROL,True,d5b118b944b5ca51b33aceaa5d1f01d04fe1aa9aa1ba82cb5a5eb5e638eed00f,2023-03-02T02:00:00Z,1838.2,1830.46,83ed54c25c6872fd32094825d461563c78eb91640ae3071cb568822652bc54c6
0aac537efa3e0dbc2518a120b55dcfb33c190ac8cad7d9a9764890036602ed05,1836.67,2023-03-02T02:00:00Z,97d795622f77fca657ae3758a4ef29ca78ac7ca5fbbd7095259aea049d1f0afb,2023-03-02T02:00:00Z,1836.45,1844.56,2023-04-01T00:00:00Z,2023-03-01T20:00:00Z,-0.5539457459926094,SHORT,1.0,9.232429099876823,CONTROL_V2_FILLED_STOP,2023-03-02T02:00:00Z,CONFIRMED_25_75_RETEST_SPLIT,1836.45,True,eb1d2e336f723816ebb8fa330e5166756a5d5f0525a088ada356e4e4b6befc78,0.053329223181258927,0.18988902589396295,2023_03,0.18464858199753648,0.7385943279901459,TARGET,2023-03-02T09:18:00Z,SPLIT_CONTROL_TARGET_NO_RETEST,6dc5b061504cbc5660794853e4cef371800bff18ba27718e6663c5e80964726b,2023-03-02T09:18:00Z,RETEST_EXPIRED,2023-03-02T02:15:00Z,,1836.67,False,False,INITIAL_CONFIRMATION_TARGET,94fbf4a658ccb8fcf4e0fd70a107916aad029ec7e17683cfb72952d9b41c5790,97315a98a702a8c03b0c0a9b838280d0c2209167632be49e4a35b1c0d8082811,1844.56,5.205000000000008,0.2602500000000004,NOT_STRICTLY_CLOSER_THAN_CONTROL,H1_SOURCE_SWING_BUFFERED_ELSE_CONTROL,False,97315a98a702a8c03b0c0a9b838280d0c2209167632be49e4a35b1c0d8082811,2023-03-01T20:00:00Z,1844.56,1830.46,83ed54c25c6872fd32094825d461563c78eb91640ae3071cb568822652bc54c6
a2c18ceb08c309d8ddb8537065171f713fa48fc4a9721fbc9230a9679efa3dea,1834.46,2023-03-02T07:05:00Z,174ab1ad179c3838758a327c6dfd880590c97257269824bddcc73680fb47d004,2023-03-02T07:05:00Z,1834.6,1831.06,2023-04-01T00:00:00Z,2023-03-02T06:00:00Z,0.0,LONG,1.0,-50.0,CONTROL_V2_FILLED_STOP,2023-03-02T07:05:00Z,CONTROL_NEXT_M1_OPEN,1834.6,True,825ff1b4d9a46e8b6eb1b13c8ea7cba659a2749f2a0a0e910c2574ca194a0947,1.0451977401129537,0.05932203389831597,2023_03,-1.0,-1.0,STOP,2023-03-02T09:16:00Z,STOP,661d8bedd2f91c9befc0b563a1b70bee56412d3f099d964b67b35e74cfe19f46,2023-03-02T09:16:00Z,FIRST_RETEST_FILLED,2023-03-02T07:20:00Z,2023-03-02T07:06:00Z,1834.46,True,False,INITIAL_CONFIRMATION_STOP,9e4094f639e00ed7969eccf4ed6c705612d2e1b39d1bd0e84adbb7c2f9c9150a,3d84426def6123e9330f14ef585bff847c2ae9f60f4a1c3d4b8d2e52b3e5bdf1,1831.06,,,,CONTROL_V2_FILLED_STOP,False,,2023-03-02T07:05:00Z,1831.06,1844.56,a40c138fa6c71d52b5116cad6c5b9cabf2fbb499a62c7051dbceda22862cbfc9
a2c18ceb08c309d8ddb8537065171f713fa48fc4a9721fbc9230a9679efa3dea,1834.46,2023-03-02T07:05:00Z,174ab1ad179c3838758a327c6dfd880590c97257269824bddcc73680fb47d004,2023-03-02T07:05:00Z,1834.6,1831.06,2023-04-01T00:00:00Z,2023-03-02T06:00:00Z,0.0,LONG,0.21344834543986543,-50.0,M5_LATEST_CONFIRMED_OPPOSING_SWING_ELSE_CONTROL,2023-03-02T07:05:00Z,CONTROL_NEXT_M1_OPEN,1834.6,True,643e0ad3eb42cd2cb8360da193b85aaa99e0dea0c1fd5c1086430624f79e56d5,1.2175639268325658,0.277922200690137,2023_03,-1.0,-1.0,STOP,2023-03-02T09:16:00Z,STOP,f53858ab3634ad1cf6340edaacf913399711a4a8b352c999142221d2fb2da25f,2023-03-02T07:20:00Z,FIRST_RETEST_FILLED,2023-03-02T07:20:00Z,2023-03-02T07:06:00Z,1834.46,True,False,INITIAL_CONFIRMATION_STOP,f05060a336e8f87a4e4f0bcd85f55cffaf647d07c0745662526084594528c64a,3d84426def6123e9330f14ef585bff847c2ae9f60f4a1c3d4b8d2e52b3e5bdf1,1833.8443928571428,0.5121428571428623,0.02560714285714312,,M5_LATEST_CONFIRMED_OPPOSING_SWING_ELSE_CONTROL,True,18ae95f647d180394deb8c14f8741f90c0a4e9d6bc8534cbfe416f110bbceb41,2023-03-02T07:05:00Z,1833.87,1844.56,a40c138fa6c71d52b5116cad6c5b9cabf2fbb499a62c7051dbceda22862cbfc9
a2c18ceb08c309d8ddb8537065171f713fa48fc4a9721fbc9230a9679efa3dea,1834.46,2023-03-02T07:05:00Z,174ab1ad179c3838758a327c6dfd880590c97257269824bddcc73680fb47d004,2023-03-02T07:05:00Z,1834.6,1831.06,2023-04-01T00:00:00Z,2023-03-02T06:00:00Z,0.0,LONG,0.5493543179983387,-50.0,M15_LATEST_CONFIRMED_OPPOSING_SWING_ELSE_CONTROL,2023-03-02T07:05:00Z,CONTROL_NEXT_M1_OPEN,1834.6,True,d3eff000e26b44785a2807f5c24095beb750f6b3c6d828e31de63f20b6189780,1.018144420774367,0.1079850143245718,2023_03,-1.0,-1.0,STOP,2023-03-02T09:16:00Z,STOP,5f95e6d4d938096a53e7ee1a6dc5b7347fe9f9ff4518dbdccdce1dec03790604,2023-03-02T07:29:00Z,FIRST_RETEST_FILLED,2023-03-02T07:20:00Z,2023-03-02T07:06:00Z,1834.46,True,False,INITIAL_CONFIRMATION_STOP,7c922ec234f244d8ae0cc7d84c87f24f0abddd1bab2a13800c07b06503015c4a,3d84426def6123e9330f14ef585bff847c2ae9f60f4a1c3d4b8d2e52b3e5bdf1,1832.6552857142858,1.6942857142857162,0.08471428571428581,,M15_LATEST_CONFIRMED_OPPOSING_SWING_ELSE_CONTROL,True,2290ada56779b4c153cdd8053bff5ea1e81156ef8c99ec036bbb5d4d16b84ad9,2023-03-02T05:45:00Z,1832.74,1844.56,a40c138fa6c71d52b5116cad6c5b9cabf2fbb499a62c7051dbceda22862cbfc9
a2c18ceb08c309d8ddb8537065171f713fa48fc4a9721fbc9230a9679efa3dea,1834.46,2023-03-02T07:05:00Z,174ab1ad179c3838758a327c6dfd880590c97257269824bddcc73680fb47d004,2023-03-02T07:05:00Z,1834.6,1831.06,2023-04-01T00:00:00Z,2023-03-02T06:00:00Z,0.0,LONG,1.0,-50.0,CONTROL_V2_FILLED_STOP,2023-03-02T07:05:00Z,CONTROL_NEXT_M1_OPEN,1834.6,True,cc9b57d2d0ef8a3da38a65fcb9585c3d2077a59e589144360b5be3a27021e2cb,1.0451977401129537,0.05932203389831597,2023_03,-1.0,-1.0,STOP,2023-03-02T09:16:00Z,STOP,e4864d3d2ac2f637c07bd07c74c1bb109e747b0ac3df28774bc83959a28f5068,2023-03-02T09:16:00Z,FIRST_RETEST_FILLED,2023-03-02T07:20:00Z,2023-03-02T07:06:00Z,1834.46,True,False,INITIAL_CONFIRMATION_STOP,4f0281a69488237c1443e955e01e2e778af27ea85b7d2d3909bd1de6bfabee6f,3d84426def6123e9330f14ef585bff847c2ae9f60f4a1c3d4b8d2e52b3e5bdf1,1831.06,4.526428571428596,0.2263214285714298,NOT_STRICTLY_CLOSER_THAN_CONTROL,H1_SOURCE_SWING_BUFFERED_ELSE_CONTROL,False,3d84426def6123e9330f14ef585bff847c2ae9f60f4a1c3d4b8d2e52b3e5bdf1,2023-03-02T06:00:00Z,1831.06,1844.56,a40c138fa6c71d52b5116cad6c5b9cabf2fbb499a62c7051dbceda22862cbfc9
a2c18ceb08c309d8ddb8537065171f713fa48fc4a9721fbc9230a9679efa3dea,1834.46,2023-03-02T07:05:00Z,174ab1ad179c3838758a327c6dfd880590c97257269824bddcc73680fb47d004,2023-03-02T07:05:00Z,1834.6,1831.06,2023-04-01T00:00:00Z,2023-03-02T06:00:00Z,0.0,LONG,1.0,-50.0,CONTROL_V2_FILLED_STOP,2023-03-02T07:06:00Z,M5_BROKEN_CONTROL_FIRST_RETEST,1834.46,True,825ff1b4d9a46e8b6eb1b13c8ea7cba659a2749f2a0a0e910c2574ca194a0947,1.0470588235293676,0.10294117647055873,2023_03,-1.0,-1.0,STOP,2023-03-02T09:16:00Z,STOP,8d43731159e0325255c2b515deb6a8c4a8486b7982026dff0b3560742d749c04,2023-03-02T09:16:00Z,FIRST_RETEST_FILLED,2023-03-02T07:20:00Z,2023-03-02T07:06:00Z,1834.46,True,True,INITIAL_CONFIRMATION_STOP,7d77cdb298fa3cf8734969bd7bdb7ee3604cd601d3b2459dd84a55bc5327e4b1,3d84426def6123e9330f14ef585bff847c2ae9f60f4a1c3d4b8d2e52b3e5bdf1,1831.06,,,,CONTROL_V2_FILLED_STOP,False,,2023-03-02T07:05:00Z,1831.06,1844.56,a40c138fa6c71d52b5116cad6c5b9cabf2fbb499a62c7051dbceda22862cbfc9
a2c18ceb08c309d8ddb8537065171f713fa48fc4a9721fbc9230a9679efa3dea,1834.46,2023-03-02T07:05:00Z,174ab1ad179c3838758a327c6dfd880590c97257269824bddcc73680fb47d004,2023-03-02T07:05:00Z,1834.6,1831.06,2023-04-01T00:00:00Z,2023-03-02T06:00:00Z,0.0,LONG,0.21344834543986543,-50.0,M5_LATEST_CONFIRMED_OPPOSING_SWING_ELSE_CONTROL,2023-03-02T07:06:00Z,M5_BROKEN_CONTROL_FIRST_RETEST,1834.46,True,643e0ad3eb42cd2cb8360da193b85aaa99e0dea0c1fd5c1086430624f79e56d5,1.2670418286242198,0.5685444102799708,2023_03,-1.0,-1.0,STOP,2023-03-02T09:16:00Z,STOP,c111eb55a9ef012c9448ecde91540f73ef230aee580c991c2ef1250f354a185c,2023-03-02T07:20:00Z,FIRST_RETEST_FILLED,2023-03-02T07:20:00Z,2023-03-02T07:06:00Z,1834.46,True,True,INITIAL_CONFIRMATION_STOP,e6128d69f727af7d9a39c036b08163443b4c7be190d57d63efebbee46a99e9a1,3d84426def6123e9330f14ef585bff847c2ae9f60f4a1c3d4b8d2e52b3e5bdf1,1833.8443928571428,0.5121428571428623,0.02560714285714312,,M5_LATEST_CONFIRMED_OPPOSING_SWING_ELSE_CONTROL,True,18ae95f647d180394deb8c14f8741f90c0a4e9d6bc8534cbfe416f110bbceb41,2023-03-02T07:05:00Z,1833.87,1844.56,a40c138fa6c71d52b5116cad6c5b9cabf2fbb499a62c7051dbceda22862cbfc9
a2c18ceb08c309d8ddb8537065171f713fa48fc4a9721fbc9230a9679efa3dea,1834.46,2023-03-02T07:05:00Z,174ab1ad179c3838758a327c6dfd880590c97257269824bddcc73680fb47d004,2023-03-02T07:05:00Z,1834.6,1831.06,2023-04-01T00:00:00Z,2023-03-02T06:00:00Z,0.0,LONG,0.5493543179983387,-50.0,M15_LATEST_CONFIRMED_OPPOSING_SWING_ELSE_CONTROL,2023-03-02T07:06:00Z,M5_BROKEN_CONTROL_FIRST_RETEST,1834.46,True,d3eff000e26b44785a2807f5c24095beb750f6b3c6d828e31de63f20b6189780,1.0195519670704856,0.19393651547529836,2023_03,-1.0,-1.0,STOP,2023-03-02T09:16:00Z,STOP,ca7fbb57d8ac6079e46fbb6f94cfb70bc5a1591e533f62a03a4a44b40cccb91e,2023-03-02T07:29:00Z,FIRST_RETEST_FILLED,2023-03-02T07:20:00Z,2023-03-02T07:06:00Z,1834.46,True,True,INITIAL_CONFIRMATION_STOP,648be1a1f26898824a5a5d97a9688eb8720089d4804c13cf02278ada85d52fea,3d84426def6123e9330f14ef585bff847c2ae9f60f4a1c3d4b8d2e52b3e5bdf1,1832.6552857142858,1.6942857142857162,0.08471428571428581,,M15_LATEST_CONFIRMED_OPPOSING_SWING_ELSE_CONTROL,True,2290ada56779b4c153cdd8053bff5ea1e81156ef8c99ec036bbb5d4d16b84ad9,2023-03-02T05:45:00Z,1832.74,1844.56,a40c138fa6c71d52b5116cad6c5b9cabf2fbb499a62c7051dbceda22862cbfc9
a2c18ceb08c309d8ddb8537065171f713fa48fc4a9721fbc9230a9679efa3dea,1834.46,2023-03-02T07:05:00Z,174ab1ad179c3838758a327c6dfd880590c97257269824bddcc73680fb47d004,2023-03-02T07:05:00Z,1834.6,1831.06,2023-04-01T00:00:00Z,2023-03-02T06:00:00Z,0.0,LONG,1.0,-50.0,CONTROL_V2_FILLED_STOP,2023-03-02T07:06:00Z,M5_BROKEN_CONTROL_FIRST_RETEST,1834.46,True,cc9b57d2d0ef8a3da38a65fcb9585c3d2077a59e589144360b5be3a27021e2cb,1.0470588235293676,0.10294117647055873,2023_03,-1.0,-1.0,STOP,2023-03-02T09:16:00Z,STOP,98e89b626a4d189cb4517bfbbad800e21c9de9557c44701b9f83235797f34ee8,2023-03-02T09:16:00Z,FIRST_RETEST_FILLED,2023-03-02T07:20:00Z,2023-03-02T07:06:00Z,1834.46,True,True,INITIAL_CONFIRMATION_STOP,01166269783b9ef14159e6537745820eca4edac09dea1e3c0070893545f7b635,3d84426def6123e9330f14ef585bff847c2ae9f60f4a1c3d4b8d2e52b3e5bdf1,1831.06,4.526428571428596,0.2263214285714298,NOT_STRICTLY_CLOSER_THAN_CONTROL,H1_SOURCE_SWING_BUFFERED_ELSE_CONTROL,False,3d84426def6123e9330f14ef585bff847c2ae9f60f4a1c3d4b8d2e52b3e5bdf1,2023-03-02T06:00:00Z,1831.06,1844.56,a40c138fa6c71d52b5116cad6c5b9cabf2fbb499a62c7051dbceda22862cbfc9
a2c18ceb08c309d8ddb8537065171f713fa48fc4a9721fbc9230a9679efa3dea,1834.46,2023-03-02T07:05:00Z,174ab1ad179c3838758a327c6dfd880590c97257269824bddcc73680fb47d004,2023-03-02T07:05:00Z,1834.6,1831.06,2023-04-01T00:00:00Z,2023-03-02T06:00:00Z,0.0,LONG,1.0,-50.0,CONTROL_V2_FILLED_STOP,2023-03-02T07:05:00Z,CONFIRMED_25_75_RETEST_SPLIT,1834.6,True,825ff1b4d9a46e8b6eb1b13c8ea7cba659a2749f2a0a0e910c2574ca194a0947,1.046593552675264,0.09203639082749804,2023_03,-1.0,-1.0,STOP,2023-03-02T09:16:00Z,SPLIT_STOP_STOP,39e319fc79e83d3fee020245aa3cca3179996afdb9aa9b40ce1d7948eb5da8f5,2023-03-02T09:16:00Z,FIRST_RETEST_FILLED,2023-03-02T07:20:00Z,2023-03-02T07:06:00Z,1834.46,True,True,INITIAL_CONFIRMATION_STOP,f07f38662041d6ce38ec830f25e62e31b8cb509ccd0b924999cebbaf232312a1,3d84426def6123e9330f14ef585bff847c2ae9f60f4a1c3d4b8d2e52b3e5bdf1,1831.06,,,,CONTROL_V2_FILLED_STOP,False,,2023-03-02T07:05:00Z,1831.06,1844.56,a40c138fa6c71d52b5116cad6c5b9cabf2fbb499a62c7051dbceda22862cbfc9
a2c18ceb08c309d8ddb8537065171f713fa48fc4a9721fbc9230a9679efa3dea,1834.46,2023-03-02T07:05:00Z,174ab1ad179c3838758a327c6dfd880590c97257269824bddcc73680fb47d004,2023-03-02T07:05:00Z,1834.6,1831.06,2023-04-01T00:00:00Z,2023-03-02T06:00:00Z,0.0,LONG,0.21344834543986543,-50.0,M5_LATEST_CONFIRMED_OPPOSING_SWING_ELSE_CONTROL,2023-03-02T07:05:00Z,CONFIRMED_25_75_RETEST_SPLIT,1834.6,True,643e0ad3eb42cd2cb8360da193b85aaa99e0dea0c1fd5c1086430624f79e56d5,1.2546723531763062,0.49588885788251236,2023_03,-1.0,-1.0,STOP,2023-03-02T09:16:00Z,SPLIT_STOP_STOP,ada57dece2f2637dbffe9c0b45d8ec3f8b60fc5193736e66db6d868bb274d82c,2023-03-02T07:20:00Z,FIRST_RETEST_FILLED,2023-03-02T07:20:00Z,2023-03-02T07:06:00Z,1834.46,True,True,INITIAL_CONFIRMATION_STOP,9b0997e1a2559694f594e2e2614efc3b40fea7fd175fa5973a9aa9a4a01fd15c,3d84426def6123e9330f14ef585bff847c2ae9f60f4a1c3d4b8d2e52b3e5bdf1,1833.8443928571428,0.5121428571428623,0.02560714285714312,,M5_LATEST_CONFIRMED_OPPOSING_SWING_ELSE_CONTROL,True,18ae95f647d180394deb8c14f8741f90c0a4e9d6bc8534cbfe416f110bbceb41,2023-03-02T07:05:00Z,1833.87,1844.56,a40c138fa6c71d52b5116cad6c5b9cabf2fbb499a62c7051dbceda22862cbfc9
a2c18ceb08c309d8ddb8537065171f713fa48fc4a9721fbc9230a9679efa3dea,1834.46,2023-03-02T07:05:00Z,174ab1ad179c3838758a327c6dfd880590c97257269824bddcc73680fb47d004,2023-03-02T07:05:00Z,1834.6,1831.06,2023-04-01T00:00:00Z,2023-03-02T06:00:00Z,0.0,LONG,0.5493543179983387,-50.0,M15_LATEST_CONFIRMED_OPPOSING_SWING_ELSE_CONTROL,2023-03-02T07:05:00Z,CONFIRMED_25_75_RETEST_SPLIT,1834.6,True,d3eff000e26b44785a2807f5c24095beb750f6b3c6d828e31de63f20b6189780,1.0192000804964558,0.17244864018761674,2023_03,-1.0,-1.0,STOP,2023-03-02T09:16:00Z,SPLIT_STOP_STOP,2696ce6d8844b91c5a2feb3dfa8bfa2ec70252dd16e232181ef93c45647e59c6,2023-03-02T07:29:00Z,FIRST_RETEST_FILLED,2023-03-02T07:20:00Z,2023-03-02T07:06:00Z,1834.46,True,True,INITIAL_CONFIRMATION_STOP,c0e893494e657ace1a57ba2dc884cff178be50fbc7d6545c7f4ff0d835816f30,3d84426def6123e9330f14ef585bff847c2ae9f60f4a1c3d4b8d2e52b3e5bdf1,1832.6552857142858,1.6942857142857162,0.08471428571428581,,M15_LATEST_CONFIRMED_OPPOSING_SWING_ELSE_CONTROL,True,2290ada56779b4c153cdd8053bff5ea1e81156ef8c99ec036bbb5d4d16b84ad9,2023-03-02T05:45:00Z,1832.74,1844.56,a40c138fa6c71d52b5116cad6c5b9cabf2fbb499a62c7051dbceda22862cbfc9
a2c18ceb08c309d8ddb8537065171f713fa48fc4a9721fbc9230a9679efa3dea,1834.46,2023-03-02T07:05:00Z,174ab1ad179c3838758a327c6dfd880590c97257269824bddcc73680fb47d004,2023-03-02T07:05:00Z,1834.6,1831.06,2023-04-01T00:00:00Z,2023-03-02T06:00:00Z,0.0,LONG,1.0,-50.0,CONTROL_V2_FILLED_STOP,2023-03-02T07:05:00Z,CONFIRMED_25_75_RETEST_SPLIT,1834.6,True,cc9b57d2d0ef8a3da38a65fcb9585c3d2077a59e589144360b5be3a27021e2cb,1.046593552675264,0.09203639082749804,2023_03,-1.0,-1.0,STOP,2023-03-02T09:16:00Z,SPLIT_STOP_STOP,31bfaa93ac48d8f76e5b933980efe96fd2e320fe039c9fbe5f1d714c33d73784,2023-03-02T09:16:00Z,FIRST_RETEST_FILLED,2023-03-02T07:20:00Z,2023-03-02T07:06:00Z,1834.46,True,True,INITIAL_CONFIRMATION_STOP,6967ed88340cd69dbcbbfe7d10ba0f10e7f1b44c4bd40855b3cd0b3e533273bd,3d84426def6123e9330f14ef585bff847c2ae9f60f4a1c3d4b8d2e52b3e5bdf1,1831.06,4.526428571428596,0.2263214285714298,NOT_STRICTLY_CLOSER_THAN_CONTROL,H1_SOURCE_SWING_BUFFERED_ELSE_CONTROL,False,3d84426def6123e9330f14ef585bff847c2ae9f60f4a1c3d4b8d2e52b3e5bdf1,2023-03-02T06:00:00Z,1831.06,1844.56,a40c138fa6c71d52b5116cad6c5b9cabf2fbb499a62c7051dbceda22862cbfc9
5b23eabdb13b764c520fc4e9ce59b3fad03554ec9fe440d77cfb0f93c2f198d8,1832.64,2023-03-02T13:10:00Z,148c7796443123703f3c704716da7515a6f3ce15e195e508abd62566db6b0d35,2023-03-02T13:10:00Z,1832.93,1829.98,2023-04-01T00:00:00Z,2023-03-02T13:00:00Z,0.0,LONG,1.0,197.11864406779156,CONTROL_V2_FILLED_STOP,2023-03-02T13:10:00Z,CONTROL_NEXT_M1_OPEN,1832.93,True,f5b61821fb0507763b486cf171acc72ada835e133b090f7ea23465d2e01e9d03,0.9661016949152856,4.0169491525422805,2023_03,3.942372881355831,3.942372881355831,TARGET,2023-03-03T09:05:00Z,TARGET,efd5dcae4de4df01093aaa3293a2172e3b55a299ccafd56ca42e390c4c3c4597,2023-03-03T09:05:00Z,FIRST_RETEST_FILLED,2023-03-02T13:25:00Z,2023-03-02T13:10:00Z,1832.64,True,False,INITIAL_CONFIRMATION_TARGET,cdd9852d565cc85c1ecffddc78dbf6be78e4263f82e7dfd8a17338397b3fe554,96e569acd717ccf912939054946e8174e98f279de4659c45ec12903d0d56a953,1829.98,,,,CONTROL_V2_FILLED_STOP,False,,2023-03-02T13:10:00Z,1829.98,1844.56,0c05b2c11d5dce35a2766879de43bf041d13018c1f86c8be5b06d15aeb59b156
5b23eabdb13b764c520fc4e9ce59b3fad03554ec9fe440d77cfb0f93c2f198d8,1832.64,2023-03-02T13:10:00Z,148c7796443123703f3c704716da7515a6f3ce15e195e508abd62566db6b0d35,2023-03-02T13:10:00Z,1832.93,1829.98,2023-04-01T00:00:00Z,2023-03-02T13:00:00Z,-4.942372881355832,LONG,0.564358353510931,-50.0,M5_LATEST_CONFIRMED_OPPOSING_SWING_ELSE_CONTROL,2023-03-02T13:10:00Z,CONTROL_NEXT_M1_OPEN,1832.93,True,8f094f6d4282176782a77b1cb31b7aa46ce597a9f66ef9b1f56361329edeb554,1.1652651450145295,2.8170585206792724,2023_03,-1.0,3.942372881355831,TARGET,2023-03-03T09:05:00Z,STOP,59ec4e5c8749cfd4ead9af82e7b9024512adda122a9ba5d152414323d60c9939,2023-03-02T14:43:00Z,FIRST_RETEST_FILLED,2023-03-02T13:25:00Z,2023-03-02T13:10:00Z,1832.64,True,False,INITIAL_CONFIRMATION_TARGET,9599a54824fdd504c4c0a2ae6a3ecbec4a4e23c447cd71362284d79c058df5ec,96e569acd717ccf912939054946e8174e98f279de4659c45ec12903d0d56a953,1831.2651428571428,1.0971428571428825,0.05485714285714413,,M5_LATEST_CONFIRMED_OPPOSING_SWING_ELSE_CONTROL,True,213ad70671df712b45f9d2c40e4eeaed4fea6667486aa3eb49dd8150d9a95342,2023-03-02T13:10:00Z,1831.32,1844.56,0c05b2c11d5dce35a2766879de43bf041d13018c1f86c8be5b06d15aeb59b156
5b23eabdb13b764c520fc4e9ce59b3fad03554ec9fe440d77cfb0f93c2f198d8,1832.64,2023-03-02T13:10:00Z,148c7796443123703f3c704716da7515a6f3ce15e195e508abd62566db6b0d35,2023-03-02T13:10:00Z,1832.93,1829.98,2023-04-01T00:00:00Z,2023-03-02T13:00:00Z,-4.942372881355832,LONG,0.8709806295399627,-50.0,M15_LATEST_CONFIRMED_OPPOSING_SWING_ELSE_CONTROL,2023-03-02T13:10:00Z,CONTROL_NEXT_M1_OPEN,1832.93,True,f11307472f235c0222f1a4c94aba33d979294f556e177941c6d3aeacb0ee81d2,1.109211459071787,1.8253339449285053,2023_03,-1.0,3.942372881355831,TARGET,2023-03-03T09:05:00Z,STOP,6c3156983d7f74c6d95196fb689e3f863dcf4f4cd71142a157a7e847ee37859c,2023-03-02T15:53:00Z,FIRST_RETEST_FILLED,2023-03-02T13:25:00Z,2023-03-02T13:10:00Z,1832.64,True,False,INITIAL_CONFIRMATION_TARGET,3ad2027f5c9fdf77a47a1a9bd285d66b31d477ddea7fdb2a3bee231f953e1e12,96e569acd717ccf912939054946e8174e98f279de4659c45ec12903d0d56a953,1830.3606071428571,1.98785714285717,0.0993928571428585,,M15_LATEST_CONFIRMED_OPPOSING_SWING_ELSE_CONTROL,True,2897bece92686c9892aed95e32291b2bbb603d497800571556a00275f2327034,2023-03-02T12:45:00Z,1830.46,1844.56,0c05b2c11d5dce35a2766879de43bf041d13018c1f86c8be5b06d15aeb59b156
5b23eabdb13b764c520fc4e9ce59b3fad03554ec9fe440d77cfb0f93c2f198d8,1832.64,2023-03-02T13:10:00Z,148c7796443123703f3c704716da7515a6f3ce15e195e508abd62566db6b0d35,2023-03-02T13:10:00Z,1832.93,1829.98,2023-04-01T00:00:00Z,2023-03-02T13:00:00Z,0.0,LONG,1.0,197.11864406779156,CONTROL_V2_FILLED_STOP,2023-03-02T13:10:00Z,CONTROL_NEXT_M1_OPEN,1832.93,True,a713a01513b3c6b0d8228e40f7b90268af01d4f194284d4733865f4104eee1b8,0.9661016949152856,4.0169491525422805,2023_03,3.942372881355831,3.942372881355831,TARGET,2023-03-03T09:05:00Z,TARGET,e7ecaa4ccd9a21f61136bb7a4fc8948b4cd50b96e3a9cfed6712bb30b0264ed0,2023-03-03T09:05:00Z,FIRST_RETEST_FILLED,2023-03-02T13:25:00Z,2023-03-02T13:10:00Z,1832.64,True,False,INITIAL_CONFIRMATION_TARGET,3a928e1294b609bf600d8ff7451ac9f5f7f7c1ff4925bd6190633ecf6d2f91ca,96e569acd717ccf912939054946e8174e98f279de4659c45ec12903d0d56a953,1829.98,2.8464285714285813,0.14232142857142907,NOT_STRICTLY_CLOSER_THAN_CONTROL,H1_SOURCE_SWING_BUFFERED_ELSE_CONTROL,False,96e569acd717ccf912939054946e8174e98f279de4659c45ec12903d0d56a953,2023-03-02T13:00:00Z,1829.98,1844.56,0c05b2c11d5dce35a2766879de43bf041d13018c1f86c8be5b06d15aeb59b156
5b23eabdb13b764c520fc4e9ce59b3fad03554ec9fe440d77cfb0f93c2f198d8,1832.64,2023-03-02T13:10:00Z,148c7796443123703f3c704716da7515a6f3ce15e195e508abd62566db6b0d35,2023-03-02T13:10:00Z,1832.93,1829.98,2023-04-01T00:00:00Z,2023-03-02T13:00:00Z,0.5388301261627695,LONG,1.0,224.06015037593002,CONTROL_V2_FILLED_STOP,2023-03-02T13:10:00Z,M5_BROKEN_CONTROL_FIRST_RETEST,1832.64,True,f5b61821fb0507763b486cf171acc72ada835e133b090f7ea23465d2e01e9d03,0.9624060150376293,4.563909774435902,2023_03,4.481203007518601,3.942372881355831,TARGET,2023-03-03T09:05:00Z,TARGET,e96699d31835e87a3cfa2487ddb4f34b1af2949622887c0daa5e876dc39de775,2023-03-03T09:05:00Z,FIRST_RETEST_FILLED,2023-03-02T13:25:00Z,2023-03-02T13:10:00Z,1832.64,True,True,INITIAL_CONFIRMATION_TARGET,1d471dfcce93c411206a464f0516b7a671e63e87e18e43db94406564d1544b0b,96e569acd717ccf912939054946e8174e98f279de4659c45ec12903d0d56a953,1829.98,,,,CONTROL_V2_FILLED_STOP,False,,2023-03-02T13:10:00Z,1829.98,1844.56,0c05b2c11d5dce35a2766879de43bf041d13018c1f86c8be5b06d15aeb59b156
5b23eabdb13b764c520fc4e9ce59b3fad03554ec9fe440d77cfb0f93c2f198d8,1832.64,2023-03-02T13:10:00Z,148c7796443123703f3c704716da7515a6f3ce15e195e508abd62566db6b0d35,2023-03-02T13:10:00Z,1832.93,1829.98,2023-04-01T00:00:00Z,2023-03-02T13:00:00Z,-4.942372881355832,LONG,0.564358353510931,-50.0,M5_LATEST_CONFIRMED_OPPOSING_SWING_ELSE_CONTROL,2023-03-02T13:10:00Z,M5_BROKEN_CONTROL_FIRST_RETEST,1832.64,True,8f094f6d4282176782a77b1cb31b7aa46ce597a9f66ef9b1f56361329edeb554,1.2001246882792231,3.622194513715122,2023_03,-1.0,3.942372881355831,TARGET,2023-03-03T09:05:00Z,STOP,aafd218fcb5720cad2debdfbbdb8d7c1f7ce78a9e45ab0ef36bc3c570d039eb4,2023-03-02T14:43:00Z,FIRST_RETEST_FILLED,2023-03-02T13:25:00Z,2023-03-02T13:10:00Z,1832.64,True,True,INITIAL_CONFIRMATION_TARGET,114d209bad54f7486bbc9b197a74ea9cbaff787d21b5295b632c0f46831fc707,96e569acd717ccf912939054946e8174e98f279de4659c45ec12903d0d56a953,1831.2651428571428,1.0971428571428825,0.05485714285714413,,M5_LATEST_CONFIRMED_OPPOSING_SWING_ELSE_CONTROL,True,213ad70671df712b45f9d2c40e4eeaed4fea6667486aa3eb49dd8150d9a95342,2023-03-02T13:10:00Z,1831.32,1844.56,0c05b2c11d5dce35a2766879de43bf041d13018c1f86c8be5b06d15aeb59b156
5b23eabdb13b764c520fc4e9ce59b3fad03554ec9fe440d77cfb0f93c2f198d8,1832.64,2023-03-02T13:10:00Z,148c7796443123703f3c704716da7515a6f3ce15e195e508abd62566db6b0d35,2023-03-02T13:10:00Z,1832.93,1829.98,2023-04-01T00:00:00Z,2023-03-02T13:00:00Z,-4.942372881355832,LONG,0.8709806295399627,-50.0,M15_LATEST_CONFIRMED_OPPOSING_SWING_ELSE_CONTROL,2023-03-02T13:10:00Z,M5_BROKEN_CONTROL_FIRST_RETEST,1832.64,True,f11307472f235c0222f1a4c94aba33d979294f556e177941c6d3aeacb0ee81d2,1.1231060902809553,2.184792316249432,2023_03,-1.0,3.942372881355831,TARGET,2023-03-03T09:05:00Z,STOP,c99117a0ba036b44454457b108e2f07ae4fb834525427ff832a3ded028e0c23d,2023-03-02T15:53:00Z,FIRST_RETEST_FILLED,2023-03-02T13:25:00Z,2023-03-02T13:10:00Z,1832.64,True,True,INITIAL_CONFIRMATION_TARGET,c8224662e7e8b4009b09de2ee6eff370fe3f512fbedce69eec10226e08660880,96e569acd717ccf912939054946e8174e98f279de4659c45ec12903d0d56a953,1830.3606071428571,1.98785714285717,0.0993928571428585,,M15_LATEST_CONFIRMED_OPPOSING_SWING_ELSE_CONTROL,True,2897bece92686c9892aed95e32291b2bbb603d497800571556a00275f2327034,2023-03-02T12:45:00Z,1830.46,1844.56,0c05b2c11d5dce35a2766879de43bf041d13018c1f86c8be5b06d15aeb59b156
5b23eabdb13b764c520fc4e9ce59b3fad03554ec9fe440d77cfb0f93c2f198d8,1832.64,2023-03-02T13:10:00Z,148c7796443123703f3c704716da7515a6f3ce15e195e508abd62566db6b0d35,2023-03-02T13:10:00Z,1832.93,1829.98,2023-04-01T00:00:00Z,2023-03-02T13:00:00Z,0.5388301261627695,LONG,1.0,224.06015037593002,CONTROL_V2_FILLED_STOP,2023-03-02T13:10:00Z,M5_BROKEN_CONTROL_FIRST_RETEST,1832.64,True,a713a01513b3c6b0d8228e40f7b90268af01d4f194284d4733865f4104eee1b8,0.9624060150376293,4.563909774435902,2023_03,4.481203007518601,3.942372881355831,TARGET,2023-03-03T09:05:00Z,TARGET,b494a52ba7fd14e0d7fee8e877d13b79cf59fa02bd1ff5471a41cc5e34b7d8ce,2023-03-03T09:05:00Z,FIRST_RETEST_FILLED,2023-03-02T13:25:00Z,2023-03-02T13:10:00Z,1832.64,True,True,INITIAL_CONFIRMATION_TARGET,d2d2d1149df5c2e08c4cad6910e414fb5f801b30f207dfb6d1afae45dd6c925e,96e569acd717ccf912939054946e8174e98f279de4659c45ec12903d0d56a953,1829.98,2.8464285714285813,0.14232142857142907,NOT_STRICTLY_CLOSER_THAN_CONTROL,H1_SOURCE_SWING_BUFFERED_ELSE_CONTROL,False,96e569acd717ccf912939054946e8174e98f279de4659c45ec12903d0d56a953,2023-03-02T13:00:00Z,1829.98,1844.56,0c05b2c11d5dce35a2766879de43bf041d13018c1f86c8be5b06d15aeb59b156
5b23eabdb13b764c520fc4e9ce59b3fad03554ec9fe440d77cfb0f93c2f198d8,1832.64,2023-03-02T13:10:00Z,148c7796443123703f3c704716da7515a6f3ce15e195e508abd62566db6b0d35,2023-03-02T13:10:00Z,1832.93,1829.98,2023-04-01T00:00:00Z,2023-03-02T13:00:00Z,0.40412259462207656,LONG,1.0,217.3247737988954,CONTROL_V2_FILLED_STOP,2023-03-02T13:10:00Z,CONFIRMED_25_75_RETEST_SPLIT,1832.93,True,f5b61821fb0507763b486cf171acc72ada835e133b090f7ea23465d2e01e9d03,0.9633299350070434,4.4271696189624965,2023_03,4.346495475977908,3.942372881355831,TARGET,2023-03-03T09:05:00Z,SPLIT_TARGET_TARGET,70ce214e540a9a3a65853cc10da36ded5c22bf5f0005168ee2fc5efb7cbb9d6c,2023-03-03T09:05:00Z,FIRST_RETEST_FILLED,2023-03-02T13:25:00Z,2023-03-02T13:10:00Z,1832.64,True,True,INITIAL_CONFIRMATION_TARGET,9278bf0e8a9f389b221b2939c2716a7498be1750143219799489a2e4e5184f29,96e569acd717ccf912939054946e8174e98f279de4659c45ec12903d0d56a953,1829.98,,,,CONTROL_V2_FILLED_STOP,False,,2023-03-02T13:10:00Z,1829.98,1844.56,0c05b2c11d5dce35a2766879de43bf041d13018c1f86c8be5b06d15aeb59b156
5b23eabdb13b764c520fc4e9ce59b3fad03554ec9fe440d77cfb0f93c2f198d8,1832.64,2023-03-02T13:10:00Z,148c7796443123703f3c704716da7515a6f3ce15e195e508abd62566db6b0d35,2023-03-02T13:10:00Z,1832.93,1829.98,2023-04-01T00:00:00Z,2023-03-02T13:00:00Z,-4.942372881355832,LONG,0.564358353510931,-50.0,M5_LATEST_CONFIRMED_OPPOSING_SWING_ELSE_CONTROL,2023-03-02T13:10:00Z,CONFIRMED_25_75_RETEST_SPLIT,1832.93,True,8f094f6d4282176782a77b1cb31b7aa46ce597a9f66ef9b1f56361329edeb554,1.1914098024630497,3.4209105154561597,2023_03,-1.0,3.942372881355831,TARGET,2023-03-03T09:05:00Z,SPLIT_STOP_STOP,cf773eafb0f36e1e7ce519469e6771980cb43a3221531afd0a715d09e0f90500,2023-03-02T14:43:00Z,FIRST_RETEST_FILLED,2023-03-02T13:25:00Z,2023-03-02T13:10:00Z,1832.64,True,True,INITIAL_CONFIRMATION_TARGET,a3e763b83ffbb9e7f1a8a34c5913b27e0fffbd921dc73dfc3b96804b40d44b1d,96e569acd717ccf912939054946e8174e98f279de4659c45ec12903d0d56a953,1831.2651428571428,1.0971428571428825,0.05485714285714413,,M5_LATEST_CONFIRMED_OPPOSING_SWING_ELSE_CONTROL,True,213ad70671df712b45f9d2c40e4eeaed4fea6667486aa3eb49dd8150d9a95342,2023-03-02T13:10:00Z,1831.32,1844.56,0c05b2c11d5dce35a2766879de43bf041d13018c1f86c8be5b06d15aeb59b156
5b23eabdb13b764c520fc4e9ce59b3fad03554ec9fe440d77cfb0f93c2f198d8,1832.64,2023-03-02T13:10:00Z,148c7796443123703f3c704716da7515a6f3ce15e195e508abd62566db6b0d35,2023-03-02T13:10:00Z,1832.93,1829.98,2023-04-01T00:00:00Z,2023-03-02T13:00:00Z,-4.942372881355832,LONG,0.8709806295399627,-50.0,M15_LATEST_CONFIRMED_OPPOSING_SWING_ELSE_CONTROL,2023-03-02T13:10:00Z,CONFIRMED_25_75_RETEST_SPLIT,1832.93,True,f11307472f235c0222f1a4c94aba33d979294f556e177941c6d3aeacb0ee81d2,1.1196324324786633,2.0949277234192003,2023_03,-1.0,3.942372881355831,TARGET,2023-03-03T09:05:00Z,SPLIT_STOP_STOP,8b84b4090029b24947f7b9ea97872dd7403ba582500d0ead87ed37f02e8d5fd4,2023-03-02T15:53:00Z,FIRST_RETEST_FILLED,2023-03-02T13:25:00Z,2023-03-02T13:10:00Z,1832.64,True,True,INITIAL_CONFIRMATION_TARGET,5dbe6ed3c8c7980885954e31ce8969d574c6fbb91a933ed50b58d91edc2ff42f,96e569acd717ccf912939054946e8174e98f279de4659c45ec12903d0d56a953,1830.3606071428571,1.98785714285717,0.0993928571428585,,M15_LATEST_CONFIRMED_OPPOSING_SWING_ELSE_CONTROL,True,2897bece92686c9892aed95e32291b2bbb603d497800571556a00275f2327034,2023-03-02T12:45:00Z,1830.46,1844.56,0c05b2c11d5dce35a2766879de43bf041d13018c1f86c8be5b06d15aeb59b156
5b23eabdb13b764c520fc4e9ce59b3fad03554ec9fe440d77cfb0f93c2f198d8,1832.64,2023-03-02T13:10:00Z,148c7796443123703f3c704716da7515a6f3ce15e195e508abd62566db6b0d35,2023-03-02T13:10:00Z,1832.93,1829.98,2023-04-01T00:00:00Z,2023-03-02T13:00:00Z,0.40412259462207656,LONG,1.0,217.3247737988954,CONTROL_V2_FILLED_STOP,2023-03-02T13:10:00Z,CONFIRMED_25_75_RETEST_SPLIT,1832.93,True,a713a01513b3c6b0d8228e40f7b90268af01d4f194284d4733865f4104eee1b8,0.9633299350070434,4.4271696189624965,2023_03,4.346495475977908,3.942372881355831,TARGET,2023-03-03T09:05:00Z,SPLIT_TARGET_TARGET,49f73f9402e69404680696586b264464b3c8c9363283a1482e14a23a83aab42e,2023-03-03T09:05:00Z,FIRST_RETEST_FILLED,2023-03-02T13:25:00Z,2023-03-02T13:10:00Z,1832.64,True,True,INITIAL_CONFIRMATION_TARGET,e96c153d375957dba68214a2914cb0aa67d1c36c23b4151cd4996fa7dc0c0fa0,96e569acd717ccf912939054946e8174e98f279de4659c45ec12903d0d56a953,1829.98,2.8464285714285813,0.14232142857142907,NOT_STRICTLY_CLOSER_THAN_CONTROL,H1_SOURCE_SWING_BUFFERED_ELSE_CONTROL,False,96e569acd717ccf912939054946e8174e98f279de4659c45ec12903d0d56a953,2023-03-02T13:00:00Z,1829.98,1844.56,0c05b2c11d5dce35a2766879de43bf041d13018c1f86c8be5b06d15aeb59b156
9dc302982ff8ba981919a76f0c02831a96fc36c8ce98f95d812570b95e9915f8,1836.85,2023-03-02T22:40:00Z,98e65c3f78da2eb4f8c521f8823275305c2fb79d1cd428b522791eaa3887e4e9,2023-03-02T22:40:00Z,1837.31,1832.3,2023-04-01T00:00:00Z,2023-03-02T22:00:00Z,0.0,LONG,1.0,16.367265469062904,CONTROL_V2_FILLED_STOP,2023-03-02T22:40:00Z,CONTROL_NEXT_M1_OPEN,1837.31,True,1c23518eafb4ab62d9f2249171558fe96d8828de6bf84af284ae102ed8a9db66,0.38323353293410156,0.6187624750499285,2023_03,0.3273453093812581,0.3273453093812581,TARGET,2023-03-03T02:00:00Z,TARGET,2654b4f5e51b9e842ce303d0f8ae834927193731286a8c32f4b87b0e56dec99e,2023-03-03T02:00:00Z,FIRST_RETEST_FILLED,2023-03-02T22:55:00Z,2023-03-02T22:40:00Z,1836.85,True,False,INITIAL_CONFIRMATION_TARGET,32d0e6847b3862e6b88e0dc768ee8d27acc8c495fcc3bb563b9ee5f97b5581fa,b2afdf49c0eb783518f62403c18790fc599d51dc1c95c830002e81fbb15ade60,1832.3,,,,CONTROL_V2_FILLED_STOP,False,,2023-03-02T22:40:00Z,1832.3,1838.95,c3f0e8c2e92d503c5f5c0b73e886d6922128b288eba2bdd823b234ed12c50692
9dc302982ff8ba981919a76f0c02831a96fc36c8ce98f95d812570b95e9915f8,1836.85,2023-03-02T22:40:00Z,98e65c3f78da2eb4f8c521f8823275305c2fb79d1cd428b522791eaa3887e4e9,2023-03-02T22:40:00Z,1837.31,1832.3,2023-04-01T00:00:00Z,2023-03-02T22:00:00Z,0.38891243110013957,LONG,0.45702167094382656,35.81288702406988,M5_LATEST_CONFIRMED_OPPOSING_SWING_ELSE_CONTROL,2023-03-02T22:40:00Z,CONTROL_NEXT_M1_OPEN,1837.31,True,040e9c9011f334f06f8c4f6c188876510fccd65a20ecf030bf82bac2c2251a64,0.8385456473927372,1.3539018265196923,2023_03,0.7162577404813977,0.3273453093812581,TARGET,2023-03-03T02:00:00Z,TARGET,98b26790379caecf7984669ed2bc54f6f6c0ff86e50e5d678915fc9406468db3,2023-03-03T02:00:00Z,FIRST_RETEST_FILLED,2023-03-02T22:55:00Z,2023-03-02T22:40:00Z,1836.85,True,False,INITIAL_CONFIRMATION_TARGET,086bc01dc3243a2f90f5a968c325ba187ec3a61be8e801817d78cac65359cf62,b2afdf49c0eb783518f62403c18790fc599d51dc1c95c830002e81fbb15ade60,1835.0203214285714,0.793571428571389,0.039678571428569454,,M5_LATEST_CONFIRMED_OPPOSING_SWING_ELSE_CONTROL,True,29ac69d6602035e0f3cf9be05184e7239b54d5d64e963d95f144985b676d00b0,2023-03-02T21:50:00Z,1835.06,1838.95,c3f0e8c2e92d503c5f5c0b73e886d6922128b288eba2bdd823b234ed12c50692
9dc302982ff8ba981919a76f0c02831a96fc36c8ce98f95d812570b95e9915f8,1836.85,2023-03-02T22:40:00Z,98e65c3f78da2eb4f8c521f8823275305c2fb79d1cd428b522791eaa3887e4e9,2023-03-02T22:40:00Z,1837.31,1832.3,2023-04-01T00:00:00Z,2023-03-02T22:00:00Z,0.0,LONG,1.0,16.367265469062904,CONTROL_V2_FILLED_STOP,2023-03-02T22:40:00Z,CONTROL_NEXT_M1_OPEN,1837.31,True,cce8b0b1bb3be8b7bd50ac1d1b4b25a3748f49d3e9cde9d1cad24a683202196f,0.38323353293410156,0.6187624750499285,2023_03,0.3273453093812581,0.3273453093812581,TARGET,2023-03-03T02:00:00Z,TARGET,939e3f12d45420f1244a65846f19d34926f1d80c36e053f1714c1947a2022e68,2023-03-03T02:00:00Z,FIRST_RETEST_FILLED,2023-03-02T22:55:00Z,2023-03-02T22:40:00Z,1836.85,True,False,INITIAL_CONFIRMATION_TARGET,7c6b1c948533a0f10175c644963765e2181d7377522fba36cb2bbcb635be2383,b2afdf49c0eb783518f62403c18790fc599d51dc1c95c830002e81fbb15ade60,1832.3,1.7085714285714175,0.08542857142857088,NOT_STRICTLY_CLOSER_THAN_CONTROL,M15_LATEST_CONFIRMED_OPPOSING_SWING_ELSE_CONTROL,False,59dd2a8ff95793b50fc088355df28249004c49389b24ecb6da015f42cee48ece,2023-03-02T20:00:00Z,1832.3,1838.95,c3f0e8c2e92d503c5f5c0b73e886d6922128b288eba2bdd823b234ed12c50692
9dc302982ff8ba981919a76f0c02831a96fc36c8ce98f95d812570b95e9915f8,1836.85,2023-03-02T22:40:00Z,98e65c3f78da2eb4f8c521f8823275305c2fb79d1cd428b522791eaa3887e4e9,2023-03-02T22:40:00Z,1837.31,1832.3,2023-04-01T00:00:00Z,2023-03-02T22:00:00Z,0.0,LONG,1.0,16.367265469062904,CONTROL_V2_FILLED_STOP,2023-03-02T22:40:00Z,CONTROL_NEXT_M1_OPEN,1837.31,True,adde99ed7fcd928d9b88519cd117d7e7ae6b447fb9ca0e8ab93fe7b6b6b1e56d,0.38323353293410156,0.6187624750499285,2023_03,0.3273453093812581,0.3273453093812581,TARGET,2023-03-03T02:00:00Z,TARGET,670c96bc65649243d454830dddb77c82bc584412b9a88cafbd0972082fd8ddf7,2023-03-03T02:00:00Z,FIRST_RETEST_FILLED,2023-03-02T22:55:00Z,2023-03-02T22:40:00Z,1836.85,True,False,INITIAL_CONFIRMATION_TARGET,df4f94602d87626eddd6aaecabe875b1cde005506a3ffa003e64b4a0067419f2,b2afdf49c0eb783518f62403c18790fc599d51dc1c95c830002e81fbb15ade60,1832.3,4.1185714285714345,0.20592857142857174,NOT_STRICTLY_CLOSER_THAN_CONTROL,H1_SOURCE_SWING_BUFFERED_ELSE_CONTROL,False,b2afdf49c0eb783518f62403c18790fc599d51dc1c95c830002e81fbb15ade60,2023-03-02T22:00:00Z,1832.3,1838.95,c3f0e8c2e92d503c5f5c0b73e886d6922128b288eba2bdd823b234ed12c50692
9dc302982ff8ba981919a76f0c02831a96fc36c8ce98f95d812570b95e9915f8,1836.85,2023-03-02T22:40:00Z,98e65c3f78da2eb4f8c521f8823275305c2fb79d1cd428b522791eaa3887e4e9,2023-03-02T22:40:00Z,1837.31,1832.3,2023-04-01T00:00:00Z,2023-03-02T22:00:00Z,0.13419315215723804,LONG,1.0,23.076923076924807,CONTROL_V2_FILLED_STOP,2023-03-02T22:40:00Z,M5_BROKEN_CONTROL_FIRST_RETEST,1836.85,True,1c23518eafb4ab62d9f2249171558fe96d8828de6bf84af284ae102ed8a9db66,0.3208791208790821,0.7824175824176283,2023_03,0.46153846153849615,0.3273453093812581,TARGET,2023-03-03T02:00:00Z,TARGET,e7cb6a4ce991297a14def3bf52d55d5f54e39bfa88c9b951e01e6b88e5805ef4,2023-03-03T02:00:00Z,FIRST_RETEST_FILLED,2023-03-02T22:55:00Z,2023-03-02T22:40:00Z,1836.85,True,True,INITIAL_CONFIRMATION_TARGET,bd05021335851bab861a72817377230aaf2fb62192ff4d463c8add8fac547186,b2afdf49c0eb783518f62403c18790fc599d51dc1c95c830002e81fbb15ade60,1832.3,,,,CONTROL_V2_FILLED_STOP,False,,2023-03-02T22:40:00Z,1832.3,1838.95,c3f0e8c2e92d503c5f5c0b73e886d6922128b288eba2bdd823b234ed12c50692
9dc302982ff8ba981919a76f0c02831a96fc36c8ce98f95d812570b95e9915f8,1836.85,2023-03-02T22:40:00Z,98e65c3f78da2eb4f8c521f8823275305c2fb79d1cd428b522791eaa3887e4e9,2023-03-02T22:40:00Z,1837.31,1832.3,2023-04-01T00:00:00Z,2023-03-02T22:00:00Z,0.8203972683549783,LONG,0.45702167094382656,57.38712888681182,M5_LATEST_CONFIRMED_OPPOSING_SWING_ELSE_CONTROL,2023-03-02T22:40:00Z,M5_BROKEN_CONTROL_FIRST_RETEST,1836.85,True,040e9c9011f334f06f8c4f6c188876510fccd65a20ecf030bf82bac2c2251a64,0.7979543635688463,1.945696941305207,2023_03,1.1477425777362364,0.3273453093812581,TARGET,2023-03-03T02:00:00Z,TARGET,d019c3c87326672abf3b1c05e313ef16524d970a7b5ae34994d1d32e4b16e19f,2023-03-03T02:00:00Z,FIRST_RETEST_FILLED,2023-03-02T22:55:00Z,2023-03-02T22:40:00Z,1836.85,True,True,INITIAL_CONFIRMATION_TARGET,f5098f3d40cda4311eedb5c34c127d2e75dbfeb4e5e68b94746c332e50b12ccf,b2afdf49c0eb783518f62403c18790fc599d51dc1c95c830002e81fbb15ade60,1835.0203214285714,0.793571428571389,0.039678571428569454,,M5_LATEST_CONFIRMED_OPPOSING_SWING_ELSE_CONTROL,True,29ac69d6602035e0f3cf9be05184e7239b54d5d64e963d95f144985b676d00b0,2023-03-02T21:50:00Z,1835.06,1838.95,c3f0e8c2e92d503c5f5c0b73e886d6922128b288eba2bdd823b234ed12c50692
9dc302982ff8ba981919a76f0c02831a96fc36c8ce98f95d812570b95e9915f8,1836.85,2023-03-02T22:40:00Z,98e65c3f78da2eb4f8c521f8823275305c2fb79d1cd428b522791eaa3887e4e9,2023-03-02T22:40:00Z,1837.31,1832.3,2023-04-01T00:00:00Z,2023-03-02T22:00:00Z,0.13419315215723804,LONG,1.0,23.076923076924807,CONTROL_V2_FILLED_STOP,2023-03-02T22:40:00Z,M5_BROKEN_CONTROL_FIRST_RETEST,1836.85,True,cce8b0b1bb3be8b7bd50ac1d1b4b25a3748f49d3e9cde9d1cad24a683202196f,0.3208791208790821,0.7824175824176283,2023_03,0.46153846153849615,0.3273453093812581,TARGET,2023-03-03T02:00:00Z,TARGET,44966b3121a90ff9a8330de44e4fe56b41fe1dc82ae6eb500d402c9057556840,2023-03-03T02:00:00Z,FIRST_RETEST_FILLED,2023-03-02T22:55:00Z,2023-03-02T22:40:00Z,1836.85,True,True,INITIAL_CONFIRMATION_TARGET,bd1f7571f6b69592886c5dce625355e6a8f5ed3cf18485334732a33a78108fdf,b2afdf49c0eb783518f62403c18790fc599d51dc1c95c830002e81fbb15ade60,1832.3,1.7085714285714175,0.08542857142857088,NOT_STRICTLY_CLOSER_THAN_CONTROL,M15_LATEST_CONFIRMED_OPPOSING_SWING_ELSE_CONTROL,False,59dd2a8ff95793b50fc088355df28249004c49389b24ecb6da015f42cee48ece,2023-03-02T20:00:00Z,1832.3,1838.95,c3f0e8c2e92d503c5f5c0b73e886d6922128b288eba2bdd823b234ed12c50692
9dc302982ff8ba981919a76f0c02831a96fc36c8ce98f95d812570b95e9915f8,1836.85,2023-03-02T22:40:00Z,98e65c3f78da2eb4f8c521f8823275305c2fb79d1cd428b522791eaa3887e4e9,2023-03-02T22:40:00Z,1837.31,1832.3,2023-04-01T00:00:00Z,2023-03-02T22:00:00Z,0.13419315215723804,LONG,1.0,23.076923076924807,CONTROL_V2_FILLED_STOP,2023-03-02T22:40:00Z,M5_BROKEN_CONTROL_FIRST_RETEST,1836.85,True,adde99ed7fcd928d9b88519cd117d7e7ae6b447fb9ca0e8ab93fe7b6b6b1e56d,0.3208791208790821,0.7824175824176283,2023_03,0.46153846153849615,0.3273453093812581,TARGET,2023-03-03T02:00:00Z,TARGET,d7974bd2bcb38bfa349d3e450f3af7c5b654d22ef1a611d599d15ea65b8bb6d5,2023-03-03T02:00:00Z,FIRST_RETEST_FILLED,2023-03-02T22:55:00Z,2023-03-02T22:40:00Z,1836.85,True,True,INITIAL_CONFIRMATION_TARGET,8459ac6acdd87c47f11dcc9ec08b9473bed5faec50ac28e8eb94c435227f83fa,b2afdf49c0eb783518f62403c18790fc599d51dc1c95c830002e81fbb15ade60,1832.3,4.1185714285714345,0.20592857142857174,NOT_STRICTLY_CLOSER_THAN_CONTROL,H1_SOURCE_SWING_BUFFERED_ELSE_CONTROL,False,b2afdf49c0eb783518f62403c18790fc599d51dc1c95c830002e81fbb15ade60,2023-03-02T22:00:00Z,1832.3,1838.95,c3f0e8c2e92d503c5f5c0b73e886d6922128b288eba2bdd823b234ed12c50692
9dc302982ff8ba981919a76f0c02831a96fc36c8ce98f95d812570b95e9915f8,1836.85,2023-03-02T22:40:00Z,98e65c3f78da2eb4f8c521f8823275305c2fb79d1cd428b522791eaa3887e4e9,2023-03-02T22:40:00Z,1837.31,1832.3,2023-04-01T00:00:00Z,2023-03-02T22:00:00Z,0.10064486411792856,LONG,1.0,21.399508674959332,CONTROL_V2_FILLED_STOP,2023-03-02T22:40:00Z,CONFIRMED_25_75_RETEST_SPLIT,1837.31,True,1c23518eafb4ab62d9f2249171558fe96d8828de6bf84af284ae102ed8a9db66,0.33646772389283697,0.7415038055757033,2023_03,0.42799017349918667,0.3273453093812581,TARGET,2023-03-03T02:00:00Z,SPLIT_TARGET_TARGET,5ad535ac0940de95f2383967e01c8d06d293919b93d83a880089718cbe2bb89e,2023-03-03T02:00:00Z,FIRST_RETEST_FILLED,2023-03-02T22:55:00Z,2023-03-02T22:40:00Z,1836.85,True,True,INITIAL_CONFIRMATION_TARGET,7fa8fd5165fd93bf574ba45186e75fa786b9e61418259eb4bf8d6e31ba5ee1ae,b2afdf49c0eb783518f62403c18790fc599d51dc1c95c830002e81fbb15ade60,1832.3,,,,CONTROL_V2_FILLED_STOP,False,,2023-03-02T22:40:00Z,1832.3,1838.95,c3f0e8c2e92d503c5f5c0b73e886d6922128b288eba2bdd823b234ed12c50692
9dc302982ff8ba981919a76f0c02831a96fc36c8ce98f95d812570b95e9915f8,1836.85,2023-03-02T22:40:00Z,98e65c3f78da2eb4f8c521f8823275305c2fb79d1cd428b522791eaa3887e4e9,2023-03-02T22:40:00Z,1837.31,1832.3,2023-04-01T00:00:00Z,2023-03-02T22:00:00Z,0.7125260590412685,LONG,0.45702167094382656,51.993568421126334,M5_LATEST_CONFIRMED_OPPOSING_SWING_ELSE_CONTROL,2023-03-02T22:40:00Z,CONFIRMED_25_75_RETEST_SPLIT,1837.31,True,040e9c9011f334f06f8c4f6c188876510fccd65a20ecf030bf82bac2c2251a64,0.808102184524819,1.7977481626088283,2023_03,1.0398713684225267,0.3273453093812581,TARGET,2023-03-03T02:00:00Z,SPLIT_TARGET_TARGET,6912f5498147c76bb176152099e93d97f5ff44b2470efb26f787acdda709e93e,2023-03-03T02:00:00Z,FIRST_RETEST_FILLED,2023-03-02T22:55:00Z,2023-03-02T22:40:00Z,1836.85,True,True,INITIAL_CONFIRMATION_TARGET,81f777e1e5edfa6c564e2dbf247f23f01dfa52f99340f4e3ae96419d99c5029b,b2afdf49c0eb783518f62403c18790fc599d51dc1c95c830002e81fbb15ade60,1835.0203214285714,0.793571428571389,0.039678571428569454,,M5_LATEST_CONFIRMED_OPPOSING_SWING_ELSE_CONTROL,True,29ac69d6602035e0f3cf9be05184e7239b54d5d64e963d95f144985b676d00b0,2023-03-02T21:50:00Z,1835.06,1838.95,c3f0e8c2e92d503c5f5c0b73e886d6922128b288eba2bdd823b234ed12c50692
9dc302982ff8ba981919a76f0c02831a96fc36c8ce98f95d812570b95e9915f8,1836.85,2023-03-02T22:40:00Z,98e65c3f78da2eb4f8c521f8823275305c2fb79d1cd428b522791eaa3887e4e9,2023-03-02T22:40:00Z,1837.31,1832.3,2023-04-01T00:00:00Z,2023-03-02T22:00:00Z,0.10064486411792856,LONG,1.0,21.399508674959332,CONTROL_V2_FILLED_STOP,2023-03-02T22:40:00Z,CONFIRMED_25_75_RETEST_SPLIT,1837.31,True,cce8b0b1bb3be8b7bd50ac1d1b4b25a3748f49d3e9cde9d1cad24a683202196f,0.33646772389283697,0.7415038055757033,2023_03,0.42799017349918667,0.3273453093812581,TARGET,2023-03-03T02:00:00Z,SPLIT_TARGET_TARGET,22af678fac9c55aa5dfe7b88930da4295d4a627a29b8529eafd8e8e16680bf46,2023-03-03T02:00:00Z,FIRST_RETEST_FILLED,2023-03-02T22:55:00Z,2023-03-02T22:40:00Z,1836.85,True,True,INITIAL_CONFIRMATION_TARGET,c317a6ba2f4fceb87373bbdabf61104baf2f056a2655c31b820775da92e04951,b2afdf49c0eb783518f62403c18790fc599d51dc1c95c830002e81fbb15ade60,1832.3,1.7085714285714175,0.08542857142857088,NOT_STRICTLY_CLOSER_THAN_CONTROL,M15_LATEST_CONFIRMED_OPPOSING_SWING_ELSE_CONTROL,False,59dd2a8ff95793b50fc088355df28249004c49389b24ecb6da015f42cee48ece,2023-03-02T20:00:00Z,1832.3,1838.95,c3f0e8c2e92d503c5f5c0b73e886d6922128b288eba2bdd823b234ed12c50692
9dc302982ff8ba981919a76f0c02831a96fc36c8ce98f95d812570b95e9915f8,1836.85,2023-03-02T22:40:00Z,98e65c3f78da2eb4f8c521f8823275305c2fb79d1cd428b522791eaa3887e4e9,2023-03-02T22:40:00Z,1837.31,1832.3,2023-04-01T00:00:00Z,2023-03-02T22:00:00Z,0.10064486411792856,LONG,1.0,21.399508674959332,CONTROL_V2_FILLED_STOP,2023-03-02T22:40:00Z,CONFIRMED_25_75_RETEST_SPLIT,1837.31,True,adde99ed7fcd928d9b88519cd117d7e7ae6b447fb9ca0e8ab93fe7b6b6b1e56d,0.33646772389283697,0.7415038055757033,2023_03,0.42799017349918667,0.3273453093812581,TARGET,2023-03-03T02:00:00Z,SPLIT_TARGET_TARGET,4b8057c61a1657265fa075c1d691aec88f7f8fb486b48a5f10d14da039eb93c1,2023-03-03T02:00:00Z,FIRST_RETEST_FILLED,2023-03-02T22:55:00Z,2023-03-02T22:40:00Z,1836.85,True,True,INITIAL_CONFIRMATION_TARGET,c8092ebfcc09fa4f0d84b2b6ebde8d92166e4bf331300430ed698db39024254f,b2afdf49c0eb783518f62403c18790fc599d51dc1c95c830002e81fbb15ade60,1832.3,4.1185714285714345,0.20592857142857174,NOT_STRICTLY_CLOSER_THAN_CONTROL,H1_SOURCE_SWING_BUFFERED_ELSE_CONTROL,False,b2afdf49c0eb783518f62403c18790fc599d51dc1c95c830002e81fbb15ade60,2023-03-02T22:00:00Z,1832.3,1838.95,c3f0e8c2e92d503c5f5c0b73e886d6922128b288eba2bdd823b234ed12c50692
7194d5cab1390dad150a54ec2417bbcca104bd94521142dae2a39778cce2dbca,1838.95,2023-03-03T02:05:00Z,f54ccd9a5dd92083cfcf7598aae383c2112276d45b230c8b8f50fb6c27f7ad80,2023-03-03T02:05:00Z,1839.33,1830.08,2023-04-01T00:00:00Z,2023-03-02T18:00:00Z,0.0,LONG,1.0,28.27027027027037,CONTROL_V2_FILLED_STOP,2023-03-03T02:05:00Z,CONTROL_NEXT_M1_OPEN,1839.33,True,26136916e3340484c40b459f8b6e6fddeeecbf5769bf6b5cd295ed54fc787b5d,0.15891891891892188,0.589189189189194,2023_03,0.5654054054054074,0.5654054054054074,TARGET,2023-03-03T09:05:00Z,TARGET,dd9ded76b7818a2c11ac17d603b0b8b2e12848d0236cf5d09117d0a689527211,2023-03-03T09:05:00Z,FIRST_RETEST_FILLED,2023-03-03T02:20:00Z,2023-03-03T02:18:00Z,1838.95,True,False,INITIAL_CONFIRMATION_TARGET,eb6c30db281f7d89c3bfb6048ec56cb1d06e35664590a3ec02fda8f9cbb243ae,e67f07dd378199c3a9c051a638ed905f9aed6ba9349abd71286ae98215b59856,1830.08,,,,CONTROL_V2_FILLED_STOP,False,,2023-03-03T02:05:00Z,1830.08,1844.56,c957d257c1ed24fe8558f40d1b73a370d933aeb91e50d7eef542618379c607a5
7194d5cab1390dad150a54ec2417bbcca104bd94521142dae2a39778cce2dbca,1838.95,2023-03-03T02:05:00Z,f54ccd9a5dd92083cfcf7598aae383c2112276d45b230c8b8f50fb6c27f7ad80,2023-03-03T02:05:00Z,1839.33,1830.08,2023-04-01T00:00:00Z,2023-03-02T18:00:00Z,1.6767209706606485,LONG,0.2521737451737421,112.1063188033028,M5_LATEST_CONFIRMED_OPPOSING_SWING_ELSE_CONTROL,2023-03-03T02:05:00Z,CONTROL_NEXT_M1_OPEN,1839.33,True,df5a51d9f44842059c19b42d644c8ea59c5c30cce39048a32b5b41be29c0cbac,0.6301961324698188,2.3364414435105285,2023_03,2.242126376066056,0.5654054054054074,TARGET,2023-03-03T09:05:00Z,TARGET,e85fb1364223e5bf52bb05657edc8f4365bef3255cd17c47fed979462830eabb,2023-03-03T09:05:00Z,FIRST_RETEST_FILLED,2023-03-03T02:20:00Z,2023-03-03T02:18:00Z,1838.95,True,False,INITIAL_CONFIRMATION_TARGET,434a7c236495d3d71a9206351fef807a2b895225308c5ad22ff062d10015a475,e67f07dd378199c3a9c051a638ed905f9aed6ba9349abd71286ae98215b59856,1836.9973928571428,0.6521428571428325,0.03260714285714163,,M5_LATEST_CONFIRMED_OPPOSING_SWING_ELSE_CONTROL,True,d183a0d3bb7ab072839dfd39a07a36e7f477dea198bfbe7791adb8331c414772,2023-03-03T01:55:00Z,1837.03,1844.56,c957d257c1ed24fe8558f40d1b73a370d933aeb91e50d7eef542618379c607a5
7194d5cab1390dad150a54ec2417bbcca104bd94521142dae2a39778cce2dbca,1838.95,2023-03-03T02:05:00Z,f54ccd9a5dd92083cfcf7598aae383c2112276d45b230c8b8f50fb6c27f7ad80,2023-03-03T02:05:00Z,1839.33,1830.08,2023-04-01T00:00:00Z,2023-03-02T18:00:00Z,0.7416161313535345,LONG,0.43259073359070965,65.35107683794709,M15_LATEST_CONFIRMED_OPPOSING_SWING_ELSE_CONTROL,2023-03-03T02:05:00Z,CONTROL_NEXT_M1_OPEN,1839.33,True,10207e2a0f527039b8a9b8ea093175354f69291ccb640a20afc58f9b5913a6bf,0.3673655179800523,1.3620014101981393,2023_03,1.307021536758942,0.5654054054054074,TARGET,2023-03-03T09:05:00Z,TARGET,87c08e4d81401c513499d88840fcb6cf634b689df8f708437d5aa372f3c1fc5f,2023-03-03T09:05:00Z,FIRST_RETEST_FILLED,2023-03-03T02:20:00Z,2023-03-03T02:18:00Z,1838.95,True,False,INITIAL_CONFIRMATION_TARGET,c728360d3a03cdd22b1157609914f31c680bc856774b565db0498538d1e0df8f,e67f07dd378199c3a9c051a638ed905f9aed6ba9349abd71286ae98215b59856,1835.3285357142859,1.2292857142856681,0.06146428571428341,,M15_LATEST_CONFIRMED_OPPOSING_SWING_ELSE_CONTROL,True,13df4adfd2e6e07c9dfc43e5697c1a95865687726e895900b5156d97bd75eefe,2023-03-03T01:30:00Z,1835.39,1844.56,c957d257c1ed24fe8558f40d1b73a370d933aeb91e50d7eef542618379c607a5
7194d5cab1390dad150a54ec2417bbcca104bd94521142dae2a39778cce2dbca,1838.95,2023-03-03T02:05:00Z,f54ccd9a5dd92083cfcf7598aae383c2112276d45b230c8b8f50fb6c27f7ad80,2023-03-03T02:05:00Z,1839.33,1830.08,2023-04-01T00:00:00Z,2023-03-02T18:00:00Z,0.0,LONG,1.0,28.27027027027037,CONTROL_V2_FILLED_STOP,2023-03-03T02:05:00Z,CONTROL_NEXT_M1_OPEN,1839.33,True,2c2e35b6747010d772480140f1ae0fb35d54c874de71d8339b4c21dff9d8d052,0.15891891891892188,0.589189189189194,2023_03,0.5654054054054074,0.5654054054054074,TARGET,2023-03-03T09:05:00Z,TARGET,9114014d5771849d79dd69ffaea81da44f376be68974518a658d0c090e87b5d2,2023-03-03T09:05:00Z,FIRST_RETEST_FILLED,2023-03-03T02:20:00Z,2023-03-03T02:18:00Z,1838.95,True,False,INITIAL_CONFIRMATION_TARGET,d4486298762c9da25a959eaa50f4e7754690f323cb2a3f02a81d4a5d88ce4e7e,e67f07dd378199c3a9c051a638ed905f9aed6ba9349abd71286ae98215b59856,1830.08,4.210714285714289,0.21053571428571446,NOT_STRICTLY_CLOSER_THAN_CONTROL,H1_SOURCE_SWING_BUFFERED_ELSE_CONTROL,False,e67f07dd378199c3a9c051a638ed905f9aed6ba9349abd71286ae98215b59856,2023-03-02T18:00:00Z,1830.08,1844.56,c957d257c1ed24fe8558f40d1b73a370d933aeb91e50d7eef542618379c607a5
7194d5cab1390dad150a54ec2417bbcca104bd94521142dae2a39778cce2dbca,1838.95,2023-03-03T02:05:00Z,f54ccd9a5dd92083cfcf7598aae383c2112276d45b230c8b8f50fb6c27f7ad80,2023-03-03T02:05:00Z,1839.33,1830.08,2023-04-01T00:00:00Z,2023-03-02T18:00:00Z,0.0670635912123857,LONG,1.0,31.623449830889655,CONTROL_V2_FILLED_STOP,2023-03-03T02:18:00Z,M5_BROKEN_CONTROL_FIRST_RETEST,1838.95,True,26136916e3340484c40b459f8b6e6fddeeecbf5769bf6b5cd295ed54fc787b5d,0.12288613303270925,0.6572717023675141,2023_03,0.6324689966177931,0.5654054054054074,TARGET,2023-03-03T09:05:00Z,TARGET,aa0592e6be7e077a18776080ea2aa03ed02643d4e300bddf7b4adda253bac8e8,2023-03-03T09:05:00Z,FIRST_RETEST_FILLED,2023-03-03T02:20:00Z,2023-03-03T02:18:00Z,1838.95,True,True,INITIAL_CONFIRMATION_TARGET,72189b1ba1ca2509c604894c9f40663856df0d9b9e74db6ba4d26dd44b240c1b,e67f07dd378199c3a9c051a638ed905f9aed6ba9349abd71286ae98215b59856,1830.08,,,,CONTROL_V2_FILLED_STOP,False,,2023-03-03T02:05:00Z,1830.08,1844.56,c957d257c1ed24fe8558f40d1b73a370d933aeb91e50d7eef542618379c607a5
7194d5cab1390dad150a54ec2417bbcca104bd94521142dae2a39778cce2dbca,1838.95,2023-03-03T02:05:00Z,f54ccd9a5dd92083cfcf7598aae383c2112276d45b230c8b8f50fb6c27f7ad80,2023-03-03T02:05:00Z,1839.33,1830.08,2023-04-01T00:00:00Z,2023-03-02T18:00:00Z,2.3076763717055986,LONG,0.2521737451737421,143.6540888555503,M5_LATEST_CONFIRMED_OPPOSING_SWING_ELSE_CONTROL,2023-03-03T02:18:00Z,M5_BROKEN_CONTROL_FIRST_RETEST,1838.95,True,df5a51d9f44842059c19b42d644c8ea59c5c30cce39048a32b5b41be29c0cbac,0.5582280101696026,2.985751650723218,2023_03,2.8730817771110058,0.5654054054054074,TARGET,2023-03-03T09:05:00Z,TARGET,f36251c4d507d100d957948bc1cdec1332c8ca865b3e8296725ee824804b3aff,2023-03-03T09:05:00Z,FIRST_RETEST_FILLED,2023-03-03T02:20:00Z,2023-03-03T02:18:00Z,1838.95,True,True,INITIAL_CONFIRMATION_TARGET,f725cda447fe4a08e2a5066539fe79a47ea484cba17975adf746e78ace5dcb65,e67f07dd378199c3a9c051a638ed905f9aed6ba9349abd71286ae98215b59856,1836.9973928571428,0.6521428571428325,0.03260714285714163,,M5_LATEST_CONFIRMED_OPPOSING_SWING_ELSE_CONTROL,True,d183a0d3bb7ab072839dfd39a07a36e7f477dea198bfbe7791adb8331c414772,2023-03-03T01:55:00Z,1837.03,1844.56,c957d257c1ed24fe8558f40d1b73a370d933aeb91e50d7eef542618379c607a5
7194d5cab1390dad150a54ec2417bbcca104bd94521142dae2a39778cce2dbca,1838.95,2023-03-03T02:05:00Z,f54ccd9a5dd92083cfcf7598aae383c2112276d45b230c8b8f50fb6c27f7ad80,2023-03-03T02:05:00Z,1839.33,1830.08,2023-04-01T00:00:00Z,2023-03-02T18:00:00Z,0.9836917435379133,LONG,0.43259073359070965,77.45485744716603,M15_LATEST_CONFIRMED_OPPOSING_SWING_ELSE_CONTROL,2023-03-03T02:18:00Z,M5_BROKEN_CONTROL_FIRST_RETEST,1838.95,True,10207e2a0f527039b8a9b8ea093175354f69291ccb640a20afc58f9b5913a6bf,0.30098322501755354,1.6098460567450283,2023_03,1.5490971489433207,0.5654054054054074,TARGET,2023-03-03T09:05:00Z,TARGET,18ffd2627da312e5bcea2dd281974eb7195056e036163df61a00e04d12bda5b8,2023-03-03T09:05:00Z,FIRST_RETEST_FILLED,2023-03-03T02:20:00Z,2023-03-03T02:18:00Z,1838.95,True,True,INITIAL_CONFIRMATION_TARGET,903bc1614c0ac3121c7823f0121c40fb35d9e2ab4b5ed23d9b84a2eb2d62026d,e67f07dd378199c3a9c051a638ed905f9aed6ba9349abd71286ae98215b59856,1835.3285357142859,1.2292857142856681,0.06146428571428341,,M15_LATEST_CONFIRMED_OPPOSING_SWING_ELSE_CONTROL,True,13df4adfd2e6e07c9dfc43e5697c1a95865687726e895900b5156d97bd75eefe,2023-03-03T01:30:00Z,1835.39,1844.56,c957d257c1ed24fe8558f40d1b73a370d933aeb91e50d7eef542618379c607a5
7194d5cab1390dad150a54ec2417bbcca104bd94521142dae2a39778cce2dbca,1838.95,2023-03-03T02:05:00Z,f54ccd9a5dd92083cfcf7598aae383c2112276d45b230c8b8f50fb6c27f7ad80,2023-03-03T02:05:00Z,1839.33,1830.08,2023-04-01T00:00:00Z,2023-03-02T18:00:00Z,0.0670635912123857,LONG,1.0,31.623449830889655,CONTROL_V2_FILLED_STOP,2023-03-03T02:18:00Z,M5_BROKEN_CONTROL_FIRST_RETEST,1838.95,True,2c2e35b6747010d772480140f1ae0fb35d54c874de71d8339b4c21dff9d8d052,0.12288613303270925,0.6572717023675141,2023_03,0.6324689966177931,0.5654054054054074,TARGET,2023-03-03T09:05:00Z,TARGET,f5d40e716e0c51bcdb1706e0cd6d351c90a22355ed14745c28219e152b89cace,2023-03-03T09:05:00Z,FIRST_RETEST_FILLED,2023-03-03T02:20:00Z,2023-03-03T02:18:00Z,1838.95,True,True,INITIAL_CONFIRMATION_TARGET,40aa30a5693cfa1684135816308f5b0aa30b5026fdf7fdefef09a3ad4b47395c,e67f07dd378199c3a9c051a638ed905f9aed6ba9349abd71286ae98215b59856,1830.08,4.210714285714289,0.21053571428571446,NOT_STRICTLY_CLOSER_THAN_CONTROL,H1_SOURCE_SWING_BUFFERED_ELSE_CONTROL,False,e67f07dd378199c3a9c051a638ed905f9aed6ba9349abd71286ae98215b59856,2023-03-02T18:00:00Z,1830.08,1844.56,c957d257c1ed24fe8558f40d1b73a370d933aeb91e50d7eef542618379c607a5
7194d5cab1390dad150a54ec2417bbcca104bd94521142dae2a39778cce2dbca,1838.95,2023-03-03T02:05:00Z,f54ccd9a5dd92083cfcf7598aae383c2112276d45b230c8b8f50fb6c27f7ad80,2023-03-03T02:05:00Z,1839.33,1830.08,2023-04-01T00:00:00Z,2023-03-02T18:00:00Z,0.05029769340928936,LONG,1.0,30.785154940734838,CONTROL_V2_FILLED_STOP,2023-03-03T02:05:00Z,CONFIRMED_25_75_RETEST_SPLIT,1839.33,True,26136916e3340484c40b459f8b6e6fddeeecbf5769bf6b5cd295ed54fc787b5d,0.13189432950426241,0.6402510740729341,2023_03,0.6157030988146968,0.5654054054054074,TARGET,2023-03-03T09:05:00Z,SPLIT_TARGET_TARGET,f6bbe871e1a443a6ea7ea228106461e7fa2cce3e251120c18d0a0d24cd15d158,2023-03-03T09:05:00Z,FIRST_RETEST_FILLED,2023-03-03T02:20:00Z,2023-03-03T02:18:00Z,1838.95,True,True,INITIAL_CONFIRMATION_TARGET,2a0d2676471e12b5fbf378044ab9661494e91ef470b99b9443eb064844824331,e67f07dd378199c3a9c051a638ed905f9aed6ba9349abd71286ae98215b59856,1830.08,,,,CONTROL_V2_FILLED_STOP,False,,2023-03-03T02:05:00Z,1830.08,1844.56,c957d257c1ed24fe8558f40d1b73a370d933aeb91e50d7eef542618379c607a5
7194d5cab1390dad150a54ec2417bbcca104bd94521142dae2a39778cce2dbca,1838.95,2023-03-03T02:05:00Z,f54ccd9a5dd92083cfcf7598aae383c2112276d45b230c8b8f50fb6c27f7ad80,2023-03-03T02:05:00Z,1839.33,1830.08,2023-04-01T00:00:00Z,2023-03-02T18:00:00Z,2.149937521444361,LONG,0.2521737451737421,135.76714634248842,M5_LATEST_CONFIRMED_OPPOSING_SWING_ELSE_CONTROL,2023-03-03T02:05:00Z,CONFIRMED_25_75_RETEST_SPLIT,1839.33,True,df5a51d9f44842059c19b42d644c8ea59c5c30cce39048a32b5b41be29c0cbac,0.5762200407446566,2.8234240989200456,2023_03,2.715342926849768,0.5654054054054074,TARGET,2023-03-03T09:05:00Z,SPLIT_TARGET_TARGET,2565564232727116b80869af856dd20ac816cf291784b0dc2eaa7efabf6c5c29,2023-03-03T09:05:00Z,FIRST_RETEST_FILLED,2023-03-03T02:20:00Z,2023-03-03T02:18:00Z,1838.95,True,True,INITIAL_CONFIRMATION_TARGET,277ed978a0f24784e90559f3d77b8e3005979324bd8a707016943280f182c4a1,e67f07dd378199c3a9c051a638ed905f9aed6ba9349abd71286ae98215b59856,1836.9973928571428,0.6521428571428325,0.03260714285714163,,M5_LATEST_CONFIRMED_OPPOSING_SWING_ELSE_CONTROL,True,d183a0d3bb7ab072839dfd39a07a36e7f477dea198bfbe7791adb8331c414772,2023-03-03T01:55:00Z,1837.03,1844.56,c957d257c1ed24fe8558f40d1b73a370d933aeb91e50d7eef542618379c607a5
7194d5cab1390dad150a54ec2417bbcca104bd94521142dae2a39778cce2dbca,1838.95,2023-03-03T02:05:00Z,f54ccd9a5dd92083cfcf7598aae383c2112276d45b230c8b8f50fb6c27f7ad80,2023-03-03T02:05:00Z,1839.33,1830.08,2023-04-01T00:00:00Z,2023-03-02T18:00:00Z,0.9231728404918187,LONG,0.43259073359070965,74.4289122948613,M15_LATEST_CONFIRMED_OPPOSING_SWING_ELSE_CONTROL,2023-03-03T02:05:00Z,CONFIRMED_25_75_RETEST_SPLIT,1839.33,True,10207e2a0f527039b8a9b8ea093175354f69291ccb640a20afc58f9b5913a6bf,0.31757879825817825,1.547884895108306,2023_03,1.488578245897226,0.5654054054054074,TARGET,2023-03-03T09:05:00Z,SPLIT_TARGET_TARGET,70a7d419bdfe8176303d248fdcdc0111b15e22a2f46e00092cc65024e17650e8,2023-03-03T09:05:00Z,FIRST_RETEST_FILLED,2023-03-03T02:20:00Z,2023-03-03T02:18:00Z,1838.95,True,True,INITIAL_CONFIRMATION_TARGET,2923538e65c190bdd162fd8f14da1c9606aefac3fd26d153c855d5e20df516b1,e67f07dd378199c3a9c051a638ed905f9aed6ba9349abd71286ae98215b59856,1835.3285357142859,1.2292857142856681,0.06146428571428341,,M15_LATEST_CONFIRMED_OPPOSING_SWING_ELSE_CONTROL,True,13df4adfd2e6e07c9dfc43e5697c1a95865687726e895900b5156d97bd75eefe,2023-03-03T01:30:00Z,1835.39,1844.56,c957d257c1ed24fe8558f40d1b73a370d933aeb91e50d7eef542618379c607a5
7194d5cab1390dad150a54ec2417bbcca104bd94521142dae2a39778cce2dbca,1838.95,2023-03-03T02:05:00Z,f54ccd9a5dd92083cfcf7598aae383c2112276d45b230c8b8f50fb6c27f7ad80,2023-03-03T02:05:00Z,1839.33,1830.08,2023-04-01T00:00:00Z,2023-03-02T18:00:00Z,0.05029769340928936,LONG,1.0,30.785154940734838,CONTROL_V2_FILLED_STOP,2023-03-03T02:05:00Z,CONFIRMED_25_75_RETEST_SPLIT,1839.33,True,2c2e35b6747010d772480140f1ae0fb35d54c874de71d8339b4c21dff9d8d052,0.13189432950426241,0.6402510740729341,2023_03,0.6157030988146968,0.5654054054054074,TARGET,2023-03-03T09:05:00Z,SPLIT_TARGET_TARGET,6e8d6ef4efb53790a7055ab74befdb62d8dabcee1ed26e8d4e4d5099906dc51b,2023-03-03T09:05:00Z,FIRST_RETEST_FILLED,2023-03-03T02:20:00Z,2023-03-03T02:18:00Z,1838.95,True,True,INITIAL_CONFIRMATION_TARGET,911b244e2ad55b19eb24f601f038ea61d31743732f121e3d04d3b0bbaa988c6b,e67f07dd378199c3a9c051a638ed905f9aed6ba9349abd71286ae98215b59856,1830.08,4.210714285714289,0.21053571428571446,NOT_STRICTLY_CLOSER_THAN_CONTROL,H1_SOURCE_SWING_BUFFERED_ELSE_CONTROL,False,e67f07dd378199c3a9c051a638ed905f9aed6ba9349abd71286ae98215b59856,2023-03-02T18:00:00Z,1830.08,1844.56,c957d257c1ed24fe8558f40d1b73a370d933aeb91e50d7eef542618379c607a5
f064a42cd6a47b19a3c8ab9b82cf8e5519e44779f5ded6de0438183c9e268bc5,1838.12,2023-03-03T06:40:00Z,26f4d5d826d8acbae1accda09499b8fa731108ebd704ad24c572b1b6c502243e,2023-03-03T06:40:00Z,1838.07,1841.53,2023-04-01T00:00:00Z,2023-03-03T06:00:00Z,0.0,SHORT,1.0,-50.0,CONTROL_V2_FILLED_STOP,2023-03-03T06:40:00Z,CONTROL_NEXT_M1_OPEN,1838.07,True,9d1bb3034052634a701628b76f4d3e4d07fd711e13f64e9c8bc54475a4c0f5f5,1.063583815028909,0.06069364161850699,2023_03,-1.0,-1.0,STOP,2023-03-03T08:17:00Z,STOP,5d4334736fc6f7ba19ce1c9a5173b7aefaa78de46a19628a374b1ccb4e42f49b,2023-03-03T08:17:00Z,FIRST_RETEST_FILLED,2023-03-03T06:55:00Z,2023-03-03T06:40:00Z,1838.12,True,False,INITIAL_CONFIRMATION_STOP,0c90e741dd0c09a7186a3da3f57523947addce99399b6e06c65c7b8fa82a77bd,6d8f8a6a5e85c71b1981ce78ffacf3d894133d9940d6ad73160e050efc409322,1841.53,,,,CONTROL_V2_FILLED_STOP,False,,2023-03-03T06:40:00Z,1841.53,1832.3,414d01e8f3b88ed71e4f3705f33a86888eba3abd7566b57d44d347cdaf2930a4
f064a42cd6a47b19a3c8ab9b82cf8e5519e44779f5ded6de0438183c9e268bc5,1838.12,2023-03-03T06:40:00Z,26f4d5d826d8acbae1accda09499b8fa731108ebd704ad24c572b1b6c502243e,2023-03-03T06:40:00Z,1838.07,1841.53,2023-04-01T00:00:00Z,2023-03-03T06:00:00Z,0.0,SHORT,0.4031791907515013,-50.0,M5_LATEST_CONFIRMED_OPPOSING_SWING_ELSE_CONTROL,2023-03-03T06:40:00Z,CONTROL_NEXT_M1_OPEN,1838.07,True,bfc11fd649a1a4355f90801fab0bdcbff3c8fb5f65135d0903264d2b56da5de6,1.0107526881719502,0.15053763440860565,2023_03,-1.0,-1.0,STOP,2023-03-03T08:17:00Z,STOP,18ac17a36570c5221ecd99bf06c87d79c562a898adfd512d5b95fa9aa99f05f2,2023-03-03T07:40:00Z,FIRST_RETEST_FILLED,2023-03-03T06:55:00Z,2023-03-03T06:40:00Z,1838.12,True,False,INITIAL_CONFIRMATION_STOP,ad4eb5614ccc4dfaa13ba7cdc1f1095989fddc298cfac202f4d9875227c80f27,6d8f8a6a5e85c71b1981ce78ffacf3d894133d9940d6ad73160e050efc409322,1839.4650000000001,0.5000000000000325,0.02500000000000163,,M5_LATEST_CONFIRMED_OPPOSING_SWING_ELSE_CONTROL,True,42ca73aea0e22766ffee2ac293c855946a71a7713d642f8a24b36d7848fc8239,2023-03-03T06:30:00Z,1839.44,1832.3,414d01e8f3b88ed71e4f3705f33a86888eba3abd7566b57d44d347cdaf2930a4
f064a42cd6a47b19a3c8ab9b82cf8e5519e44779f5ded6de0438183c9e268bc5,1838.12,2023-03-03T06:40:00Z,26f4d5d826d8acbae1accda09499b8fa731108ebd704ad24c572b1b6c502243e,2023-03-03T06:40:00Z,1838.07,1841.53,2023-04-01T00:00:00Z,2023-03-03T06:00:00Z,0.0,SHORT,0.59546862097437,-50.0,M15_LATEST_CONFIRMED_OPPOSING_SWING_ELSE_CONTROL,2023-03-03T06:40:00Z,CONTROL_NEXT_M1_OPEN,1838.07,True,d383d3ef342d4a13d27124d47e20e14534019e18b9ea457d65c0a9021836fb7d,1.160013174088745,0.10192584374839685,2023_03,-1.0,-1.0,STOP,2023-03-03T08:17:00Z,STOP,1c73264c226fab16b32a44da4a5d98da9427b14387374fecf86c91d684b79f6f,2023-03-03T08:06:00Z,FIRST_RETEST_FILLED,2023-03-03T06:55:00Z,2023-03-03T06:40:00Z,1838.12,True,False,INITIAL_CONFIRMATION_STOP,7f6f464450476e731b3e53398ff6acca5dd2bad32b39dd8f1118838081fd215a,6d8f8a6a5e85c71b1981ce78ffacf3d894133d9940d6ad73160e050efc409322,1840.1303214285713,1.406428571428543,0.07032142857142715,,M15_LATEST_CONFIRMED_OPPOSING_SWING_ELSE_CONTROL,True,da335f8ca0b64a0a2cb3d7056e507a6019296c89004352844307f4336b20550f,2023-03-03T06:00:00Z,1840.06,1832.3,414d01e8f3b88ed71e4f3705f33a86888eba3abd7566b57d44d347cdaf2930a4
f064a42cd6a47b19a3c8ab9b82cf8e5519e44779f5ded6de0438183c9e268bc5,1838.12,2023-03-03T06:40:00Z,26f4d5d826d8acbae1accda09499b8fa731108ebd704ad24c572b1b6c502243e,2023-03-03T06:40:00Z,1838.07,1841.53,2023-04-01T00:00:00Z,2023-03-03T06:00:00Z,0.0,SHORT,1.0,-50.0,CONTROL_V2_FILLED_STOP,2023-03-03T06:40:00Z,CONTROL_NEXT_M1_OPEN,1838.07,True,3997863a2d2214b4dab3448a660c99bfbff9e4b0d2e793ca5ecb6102fa4be909,1.063583815028909,0.06069364161850699,2023_03,-1.0,-1.0,STOP,2023-03-03T08:17:00Z,STOP,68cd287159866bde23622b335ad6938d6d6d54cb83f3e9ce85c3b6bed449e69a,2023-03-03T08:17:00Z,FIRST_RETEST_FILLED,2023-03-03T06:55:00Z,2023-03-03T06:40:00Z,1838.12,True,False,INITIAL_CONFIRMATION_STOP,49efa27d67bd14e2e5930efe4e8add581813776d742c775792ace74294a0a945,6d8f8a6a5e85c71b1981ce78ffacf3d894133d9940d6ad73160e050efc409322,1841.53,4.054999999999983,0.20274999999999915,NOT_STRICTLY_CLOSER_THAN_CONTROL,H1_SOURCE_SWING_BUFFERED_ELSE_CONTROL,False,6d8f8a6a5e85c71b1981ce78ffacf3d894133d9940d6ad73160e050efc409322,2023-03-03T06:00:00Z,1841.53,1832.3,414d01e8f3b88ed71e4f3705f33a86888eba3abd7566b57d44d347cdaf2930a4
f064a42cd6a47b19a3c8ab9b82cf8e5519e44779f5ded6de0438183c9e268bc5,1838.12,2023-03-03T06:40:00Z,26f4d5d826d8acbae1accda09499b8fa731108ebd704ad24c572b1b6c502243e,2023-03-03T06:40:00Z,1838.07,1841.53,2023-04-01T00:00:00Z,2023-03-03T06:00:00Z,0.0,SHORT,1.0,-50.0,CONTROL_V2_FILLED_STOP,2023-03-03T06:40:00Z,M5_BROKEN_CONTROL_FIRST_RETEST,1838.12,True,9d1bb3034052634a701628b76f4d3e4d07fd711e13f64e9c8bc54475a4c0f5f5,1.0645161290322644,0.07624633431084595,2023_03,-1.0,-1.0,STOP,2023-03-03T08:17:00Z,STOP,11d38290a82362359dc320d7c513ba29bac40e97369ab0cd3b101040ed0a06ec,2023-03-03T08:17:00Z,FIRST_RETEST_FILLED,2023-03-03T06:55:00Z,2023-03-03T06:40:00Z,1838.12,True,True,INITIAL_CONFIRMATION_STOP,829d9325a43194fa13a3e0e43ede6b36574c6dd8e88a3a95678887e3781aa409,6d8f8a6a5e85c71b1981ce78ffacf3d894133d9940d6ad73160e050efc409322,1841.53,,,,CONTROL_V2_FILLED_STOP,False,,2023-03-03T06:40:00Z,1841.53,1832.3,414d01e8f3b88ed71e4f3705f33a86888eba3abd7566b57d44d347cdaf2930a4
f064a42cd6a47b19a3c8ab9b82cf8e5519e44779f5ded6de0438183c9e268bc5,1838.12,2023-03-03T06:40:00Z,26f4d5d826d8acbae1accda09499b8fa731108ebd704ad24c572b1b6c502243e,2023-03-03T06:40:00Z,1838.07,1841.53,2023-04-01T00:00:00Z,2023-03-03T06:00:00Z,0.0,SHORT,0.4031791907515013,-50.0,M5_LATEST_CONFIRMED_OPPOSING_SWING_ELSE_CONTROL,2023-03-03T06:40:00Z,M5_BROKEN_CONTROL_FIRST_RETEST,1838.12,True,bfc11fd649a1a4355f90801fab0bdcbff3c8fb5f65135d0903264d2b56da5de6,1.0111524163567804,0.19330855018583024,2023_03,-1.0,-1.0,STOP,2023-03-03T08:17:00Z,STOP,a0a40bba6ba8349c0306e1f24a8f8973c6718909d2bbb808e6b8ca64f7bb5e4c,2023-03-03T07:40:00Z,FIRST_RETEST_FILLED,2023-03-03T06:55:00Z,2023-03-03T06:40:00Z,1838.12,True,True,INITIAL_CONFIRMATION_STOP,3d627b45ba306928fcc197a7d18ab49b0f3725d2ce04bfa05a24225b4134de91,6d8f8a6a5e85c71b1981ce78ffacf3d894133d9940d6ad73160e050efc409322,1839.4650000000001,0.5000000000000325,0.02500000000000163,,M5_LATEST_CONFIRMED_OPPOSING_SWING_ELSE_CONTROL,True,42ca73aea0e22766ffee2ac293c855946a71a7713d642f8a24b36d7848fc8239,2023-03-03T06:30:00Z,1839.44,1832.3,414d01e8f3b88ed71e4f3705f33a86888eba3abd7566b57d44d347cdaf2930a4
f064a42cd6a47b19a3c8ab9b82cf8e5519e44779f5ded6de0438183c9e268bc5,1838.12,2023-03-03T06:40:00Z,26f4d5d826d8acbae1accda09499b8fa731108ebd704ad24c572b1b6c502243e,2023-03-03T06:40:00Z,1838.07,1841.53,2023-04-01T00:00:00Z,2023-03-03T06:00:00Z,0.0,SHORT,0.59546862097437,-50.0,M15_LATEST_CONFIRMED_OPPOSING_SWING_ELSE_CONTROL,2023-03-03T06:40:00Z,M5_BROKEN_CONTROL_FIRST_RETEST,1838.12,True,d383d3ef342d4a13d27124d47e20e14534019e18b9ea457d65c0a9021836fb7d,1.163992964877781,0.1293325516530742,2023_03,-1.0,-1.0,STOP,2023-03-03T08:17:00Z,STOP,2ae0e4e978647e8938d6060224978d007c42282c5800a9499adf833fa3d9dbaa,2023-03-03T08:06:00Z,FIRST_RETEST_FILLED,2023-03-03T06:55:00Z,2023-03-03T06:40:00Z,1838.12,True,True,INITIAL_CONFIRMATION_STOP,f98a912bdc600864004791b8d213f940f1eb9fd3f6b573e6bf9ad80bc7338c37,6d8f8a6a5e85c71b1981ce78ffacf3d894133d9940d6ad73160e050efc409322,1840.1303214285713,1.406428571428543,0.07032142857142715,,M15_LATEST_CONFIRMED_OPPOSING_SWING_ELSE_CONTROL,True,da335f8ca0b64a0a2cb3d7056e507a6019296c89004352844307f4336b20550f,2023-03-03T06:00:00Z,1840.06,1832.3,414d01e8f3b88ed71e4f3705f33a86888eba3abd7566b57d44d347cdaf2930a4
f064a42cd6a47b19a3c8ab9b82cf8e5519e44779f5ded6de0438183c9e268bc5,1838.12,2023-03-03T06:40:00Z,26f4d5d826d8acbae1accda09499b8fa731108ebd704ad24c572b1b6c502243e,2023-03-03T06:40:00Z,1838.07,1841.53,2023-04-01T00:00:00Z,2023-03-03T06:00:00Z,0.0,SHORT,1.0,-50.0,CONTROL_V2_FILLED_STOP,2023-03-03T06:40:00Z,M5_BROKEN_CONTROL_FIRST_RETEST,1838.12,True,3997863a2d2214b4dab3448a660c99bfbff9e4b0d2e793ca5ecb6102fa4be909,1.0645161290322644,0.07624633431084595,2023_03,-1.0,-1.0,STOP,2023-03-03T08:17:00Z,STOP,e7546d3c279ead9a0aaf83507c01211f09e5bca70722b62191eefcff8f1f1fb1,2023-03-03T08:17:00Z,FIRST_RETEST_FILLED,2023-03-03T06:55:00Z,2023-03-03T06:40:00Z,1838.12,True,True,INITIAL_CONFIRMATION_STOP,f6d5c7f57d0be8e70c7aea9554a10a20c3c1938faef6c08e3eec364ae9dccc20,6d8f8a6a5e85c71b1981ce78ffacf3d894133d9940d6ad73160e050efc409322,1841.53,4.054999999999983,0.20274999999999915,NOT_STRICTLY_CLOSER_THAN_CONTROL,H1_SOURCE_SWING_BUFFERED_ELSE_CONTROL,False,6d8f8a6a5e85c71b1981ce78ffacf3d894133d9940d6ad73160e050efc409322,2023-03-03T06:00:00Z,1841.53,1832.3,414d01e8f3b88ed71e4f3705f33a86888eba3abd7566b57d44d347cdaf2930a4
f064a42cd6a47b19a3c8ab9b82cf8e5519e44779f5ded6de0438183c9e268bc5,1838.12,2023-03-03T06:40:00Z,26f4d5d826d8acbae1accda09499b8fa731108ebd704ad24c572b1b6c502243e,2023-03-03T06:40:00Z,1838.07,1841.53,2023-04-01T00:00:00Z,2023-03-03T06:00:00Z,0.0,SHORT,1.0,-50.0,CONTROL_V2_FILLED_STOP,2023-03-03T06:40:00Z,CONFIRMED_25_75_RETEST_SPLIT,1838.07,True,9d1bb3034052634a701628b76f4d3e4d07fd711e13f64e9c8bc54475a4c0f5f5,1.0642830505314256,0.07235816113776121,2023_03,-1.0,-1.0,STOP,2023-03-03T08:17:00Z,SPLIT_STOP_STOP,4fbe1dd04b2658683cedfbd785677b2b77a37c6bdcff2a177b32bc1e47931a18,2023-03-03T08:17:00Z,FIRST_RETEST_FILLED,2023-03-03T06:55:00Z,2023-03-03T06:40:00Z,1838.12,True,True,INITIAL_CONFIRMATION_STOP,93568bf7bfeee7229602d1d6ab09f68c05b38d69831e730a7ae45f75526d3717,6d8f8a6a5e85c71b1981ce78ffacf3d894133d9940d6ad73160e050efc409322,1841.53,,,,CONTROL_V2_FILLED_STOP,False,,2023-03-03T06:40:00Z,1841.53,1832.3,414d01e8f3b88ed71e4f3705f33a86888eba3abd7566b57d44d347cdaf2930a4
f064a42cd6a47b19a3c8ab9b82cf8e5519e44779f5ded6de0438183c9e268bc5,1838.12,2023-03-03T06:40:00Z,26f4d5d826d8acbae1accda09499b8fa731108ebd704ad24c572b1b6c502243e,2023-03-03T06:40:00Z,1838.07,1841.53,2023-04-01T00:00:00Z,2023-03-03T06:00:00Z,0.0,SHORT,0.4031791907515013,-50.0,M5_LATEST_CONFIRMED_OPPOSING_SWING_ELSE_CONTROL,2023-03-03T06:40:00Z,CONFIRMED_25_75_RETEST_SPLIT,1838.07,True,bfc11fd649a1a4355f90801fab0bdcbff3c8fb5f65135d0903264d2b56da5de6,1.0110524843105728,0.1826158212415241,2023_03,-1.0,-1.0,STOP,2023-03-03T08:17:00Z,SPLIT_STOP_STOP,335386c77f80abad6782c6300b60d53c20ecdcdcb8db12a62ecc3920dda0e2b6,2023-03-03T07:40:00Z,FIRST_RETEST_FILLED,2023-03-03T06:55:00Z,2023-03-03T06:40:00Z,1838.12,True,True,INITIAL_CONFIRMATION_STOP,d9415192070afd3efccd18ffee370e577117ddbd744296dae5e0eea6af5da41f,6d8f8a6a5e85c71b1981ce78ffacf3d894133d9940d6ad73160e050efc409322,1839.4650000000001,0.5000000000000325,0.02500000000000163,,M5_LATEST_CONFIRMED_OPPOSING_SWING_ELSE_CONTROL,True,42ca73aea0e22766ffee2ac293c855946a71a7713d642f8a24b36d7848fc8239,2023-03-03T06:30:00Z,1839.44,1832.3,414d01e8f3b88ed71e4f3705f33a86888eba3abd7566b57d44d347cdaf2930a4
f064a42cd6a47b19a3c8ab9b82cf8e5519e44779f5ded6de0438183c9e268bc5,1838.12,2023-03-03T06:40:00Z,26f4d5d826d8acbae1accda09499b8fa731108ebd704ad24c572b1b6c502243e,2023-03-03T06:40:00Z,1838.07,1841.53,2023-04-01T00:00:00Z,2023-03-03T06:00:00Z,0.0,SHORT,0.59546862097437,-50.0,M15_LATEST_CONFIRMED_OPPOSING_SWING_ELSE_CONTROL,2023-03-03T06:40:00Z,CONFIRMED_25_75_RETEST_SPLIT,1838.07,True,d383d3ef342d4a13d27124d47e20e14534019e18b9ea457d65c0a9021836fb7d,1.1629980171805219,0.12248087467690486,2023_03,-1.0,-1.0,STOP,2023-03-03T08:17:00Z,SPLIT_STOP_STOP,d527307f8bc820e2bf072ebf4e6fff0287a28700238ef8e4aa0b73d9c763d332,2023-03-03T08:06:00Z,FIRST_RETEST_FILLED,2023-03-03T06:55:00Z,2023-03-03T06:40:00Z,1838.12,True,True,INITIAL_CONFIRMATION_STOP,0cdffc760679ade7c0c2188111b75354d4ac59d7549895581bac1b8d9d847efa,6d8f8a6a5e85c71b1981ce78ffacf3d894133d9940d6ad73160e050efc409322,1840.1303214285713,1.406428571428543,0.07032142857142715,,M15_LATEST_CONFIRMED_OPPOSING_SWING_ELSE_CONTROL,True,da335f8ca0b64a0a2cb3d7056e507a6019296c89004352844307f4336b20550f,2023-03-03T06:00:00Z,1840.06,1832.3,414d01e8f3b88ed71e4f3705f33a86888eba3abd7566b57d44d347cdaf2930a4
f064a42cd6a47b19a3c8ab9b82cf8e5519e44779f5ded6de0438183c9e268bc5,1838.12,2023-03-03T06:40:00Z,26f4d5d826d8acbae1accda09499b8fa731108ebd704ad24c572b1b6c502243e,2023-03-03T06:40:00Z,1838.07,1841.53,2023-04-01T00:00:00Z,2023-03-03T06:00:00Z,0.0,SHORT,1.0,-50.0,CONTROL_V2_FILLED_STOP,2023-03-03T06:40:00Z,CONFIRMED_25_75_RETEST_SPLIT,1838.07,True,3997863a2d2214b4dab3448a660c99bfbff9e4b0d2e793ca5ecb6102fa4be909,1.0642830505314256,0.07235816113776121,2023_03,-1.0,-1.0,STOP,2023-03-03T08:17:00Z,SPLIT_STOP_STOP,69efbc6750791ef0f4234489487fdeca931322b14daca5cf3fb21bb73fb0d9e9,2023-03-03T08:17:00Z,FIRST_RETEST_FILLED,2023-03-03T06:55:00Z,2023-03-03T06:40:00Z,1838.12,True,True,INITIAL_CONFIRMATION_STOP,efa78fae51c4f587eb5ad347dfd5717fe383ba68483a664b68f9ab0f95fc11ec,6d8f8a6a5e85c71b1981ce78ffacf3d894133d9940d6ad73160e050efc409322,1841.53,4.054999999999983,0.20274999999999915,NOT_STRICTLY_CLOSER_THAN_CONTROL,H1_SOURCE_SWING_BUFFERED_ELSE_CONTROL,False,6d8f8a6a5e85c71b1981ce78ffacf3d894133d9940d6ad73160e050efc409322,2023-03-03T06:00:00Z,1841.53,1832.3,414d01e8f3b88ed71e4f3705f33a86888eba3abd7566b57d44d347cdaf2930a4
93eadb63bee9ece307bf60f2094874a159702c5267c284fbfa2c5f3ddd9c75ea,1845.97,2023-03-03T16:20:00Z,822d74bae518596c04c9c6024452ef3cb31c2e1c8b5553a4578007f5a49350ad,2023-03-03T16:20:00Z,1845.18,1849.24,2023-04-01T00:00:00Z,2023-03-03T16:00:00Z,0.0,SHORT,1.0,-50.0,CONTROL_V2_FILLED_STOP,2023-03-03T16:20:00Z,CONTROL_NEXT_M1_OPEN,1845.18,True,ab83265416210bb7fa5ef3e17083ecb4bf5f46df0a23d4e74c45c65165d7fb1d,1.0098522167487596,1.5172413793103854,2023_03,-1.0,-1.0,STOP,2023-03-03T20:54:00Z,STOP,5ead9c9563c4efdf19f1eb27a85ed086a85ff0b1c6ab04fdab8958aae548b8b2,2023-03-03T20:54:00Z,RETEST_EXPIRED,2023-03-03T16:35:00Z,,1845.97,False,False,INITIAL_CONFIRMATION_STOP,cc3dcd4528a738649e5e63f52152753c55ec7b6d6372fd130e7092c145effe81,c946601a36388c2af9ed9b2faa091f5616f191bc8d82ccc543e53eec48b3069b,1849.24,,,,CONTROL_V2_FILLED_STOP,False,,2023-03-03T16:20:00Z,1849.24,1837.86,3dc041a14960076b0c3deb28e825eb788e03e6def837424a0113f66f7dbcfd8e
93eadb63bee9ece307bf60f2094874a159702c5267c284fbfa2c5f3ddd9c75ea,1845.97,2023-03-03T16:20:00Z,822d74bae518596c04c9c6024452ef3cb31c2e1c8b5553a4578007f5a49350ad,2023-03-03T16:20:00Z,1845.18,1849.24,2023-04-01T00:00:00Z,2023-03-03T16:00:00Z,0.0,SHORT,0.7569669247009222,-50.0,M5_LATEST_CONFIRMED_OPPOSING_SWING_ELSE_CONTROL,2023-03-03T16:20:00Z,CONTROL_NEXT_M1_OPEN,1845.18,True,de467acec92dc5f7f0438e9514a27b8c90e4f1c58cbc3bbba9e79a2a27217e8a,1.0249616510946464,2.004369451029644,2023_03,-1.0,-1.0,STOP,2023-03-03T20:54:00Z,STOP,e7ee6c79ba5a63a2862afa37e5cea34aed1134053e5b1124f44eda7d9d9745a2,2023-03-03T18:58:00Z,RETEST_EXPIRED,2023-03-03T16:35:00Z,,1845.97,False,False,INITIAL_CONFIRMATION_STOP,223301d78d4af5aa8fc6a7a51d8bc521f4ac42360fe8286acea6479c34b459cf,c946601a36388c2af9ed9b2faa091f5616f191bc8d82ccc543e53eec48b3069b,1848.2532857142858,1.265714285714304,0.06328571428571521,,M5_LATEST_CONFIRMED_OPPOSING_SWING_ELSE_CONTROL,True,b9684240052cc17baeb7a5082a74886b54b49cf5587e1e6ec746e6898910777a,2023-03-03T16:20:00Z,1848.19,1837.86,3dc041a14960076b0c3deb28e825eb788e03e6def837424a0113f66f7dbcfd8e
93eadb63bee9ece307bf60f2094874a159702c5267c284fbfa2c5f3ddd9c75ea,1845.97,2023-03-03T16:20:00Z,822d74bae518596c04c9c6024452ef3cb31c2e1c8b5553a4578007f5a49350ad,2023-03-03T16:20:00Z,1845.18,1849.24,2023-04-01T00:00:00Z,2023-03-03T16:00:00Z,0.0,SHORT,1.0,-50.0,CONTROL_V2_FILLED_STOP,2023-03-03T16:20:00Z,CONTROL_NEXT_M1_OPEN,1845.18,True,52fdadcf5235e4d30490812e6d62855621b561c19a8597f1bc9c2e6227f7de45,1.0098522167487596,1.5172413793103854,2023_03,-1.0,-1.0,STOP,2023-03-03T20:54:00Z,STOP,1282c7f3c073416afec03b4d65c63e765879aa5ec833689c1433dbaef97c0010,2023-03-03T20:54:00Z,RETEST_EXPIRED,2023-03-03T16:35:00Z,,1845.97,False,False,INITIAL_CONFIRMATION_STOP,e73c31f7f708278a456dae6d677ee9fcad2ae2eea6f2c9862a9be6a83d6613ac,c946601a36388c2af9ed9b2faa091f5616f191bc8d82ccc543e53eec48b3069b,1849.24,1.7371428571429013,0.08685714285714508,NOT_STRICTLY_CLOSER_THAN_CONTROL,M15_LATEST_CONFIRMED_OPPOSING_SWING_ELSE_CONTROL,False,de1907502e0db865ac8e5fc86ddd9f715019fef6f44460a3f9d9bd670464fd79,2023-03-03T14:00:00Z,1849.24,1837.86,3dc041a14960076b0c3deb28e825eb788e03e6def837424a0113f66f7dbcfd8e
93eadb63bee9ece307bf60f2094874a159702c5267c284fbfa2c5f3ddd9c75ea,1845.97,2023-03-03T16:20:00Z,822d74bae518596c04c9c6024452ef3cb31c2e1c8b5553a4578007f5a49350ad,2023-03-03T16:20:00Z,1845.18,1849.24,2023-04-01T00:00:00Z,2023-03-03T16:00:00Z,0.0,SHORT,1.0,-50.0,CONTROL_V2_FILLED_STOP,2023-03-03T16:20:00Z,CONTROL_NEXT_M1_OPEN,1845.18,True,ff6dde58e7922759a24beab517da1660bdbd86552e521e11e9417cb0a9ee0428,1.0098522167487596,1.5172413793103854,2023_03,-1.0,-1.0,STOP,2023-03-03T20:54:00Z,STOP,ba23f09fc660ba2e6a60f7fe0005c3e9f95bdfb76daa093f7f688f5f6e358a2f,2023-03-03T20:54:00Z,RETEST_EXPIRED,2023-03-03T16:35:00Z,,1845.97,False,False,INITIAL_CONFIRMATION_STOP,ea45b52866cb202f24a7eea5ce1689a23eda840461cb1a7c5cb084d01cc25a25,c946601a36388c2af9ed9b2faa091f5616f191bc8d82ccc543e53eec48b3069b,1849.24,3.1007142857142918,0.1550357142857146,NOT_STRICTLY_CLOSER_THAN_CONTROL,H1_SOURCE_SWING_BUFFERED_ELSE_CONTROL,False,c946601a36388c2af9ed9b2faa091f5616f191bc8d82ccc543e53eec48b3069b,2023-03-03T16:00:00Z,1849.24,1837.86,3dc041a14960076b0c3deb28e825eb788e03e6def837424a0113f66f7dbcfd8e
93eadb63bee9ece307bf60f2094874a159702c5267c284fbfa2c5f3ddd9c75ea,1845.97,2023-03-03T16:20:00Z,822d74bae518596c04c9c6024452ef3cb31c2e1c8b5553a4578007f5a49350ad,2023-03-03T16:20:00Z,1845.18,1849.24,2023-04-01T00:00:00Z,2023-03-03T16:00:00Z,1.0,SHORT,1.0,0.0,CONTROL_V2_FILLED_STOP,,M5_BROKEN_CONTROL_FIRST_RETEST,,False,ab83265416210bb7fa5ef3e17083ecb4bf5f46df0a23d4e74c45c65165d7fb1d,,,2023_03,0.0,-1.0,STOP,2023-03-03T20:54:00Z,NO_FILL,7915dfb3a08f9436afa53adb0ad2dcf5ef78d27bd57c972409c26eb067463fa8,,RETEST_EXPIRED,2023-03-03T16:35:00Z,,1845.97,False,False,INITIAL_CONFIRMATION_STOP,55f2b9009f437b31d104ab8501e44de6fd9dc35a25c74fb25b192138efdc3292,c946601a36388c2af9ed9b2faa091f5616f191bc8d82ccc543e53eec48b3069b,1849.24,,,,CONTROL_V2_FILLED_STOP,False,,2023-03-03T16:20:00Z,1849.24,1837.86,3dc041a14960076b0c3deb28e825eb788e03e6def837424a0113f66f7dbcfd8e
93eadb63bee9ece307bf60f2094874a159702c5267c284fbfa2c5f3ddd9c75ea,1845.97,2023-03-03T16:20:00Z,822d74bae518596c04c9c6024452ef3cb31c2e1c8b5553a4578007f5a49350ad,2023-03-03T16:20:00Z,1845.18,1849.24,2023-04-01T00:00:00Z,2023-03-03T16:00:00Z,1.0,SHORT,0.7569669247009222,0.0,M5_LATEST_CONFIRMED_OPPOSING_SWING_ELSE_CONTROL,,M5_BROKEN_CONTROL_FIRST_RETEST,,False,de467acec92dc5f7f0438e9514a27b8c90e4f1c58cbc3bbba9e79a2a27217e8a,,,2023_03,0.0,-1.0,STOP,2023-03-03T20:54:00Z,NO_FILL,4160e4d8dfdb10f47539cc04fcaf5c2c6283637157b3a64717390ec6fd6c701a,,RETEST_EXPIRED,2023-03-03T16:35:00Z,,1845.97,False,False,INITIAL_CONFIRMATION_STOP,ff50dc2091979d89c314c24fdced656bf6b4107ef280a1939baf8a8b9099c23d,c946601a36388c2af9ed9b2faa091f5616f191bc8d82ccc543e53eec48b3069b,1848.2532857142858,1.265714285714304,0.06328571428571521,,M5_LATEST_CONFIRMED_OPPOSING_SWING_ELSE_CONTROL,True,b9684240052cc17baeb7a5082a74886b54b49cf5587e1e6ec746e6898910777a,2023-03-03T16:20:00Z,1848.19,1837.86,3dc041a14960076b0c3deb28e825eb788e03e6def837424a0113f66f7dbcfd8e
93eadb63bee9ece307bf60f2094874a159702c5267c284fbfa2c5f3ddd9c75ea,1845.97,2023-03-03T16:20:00Z,822d74bae518596c04c9c6024452ef3cb31c2e1c8b5553a4578007f5a49350ad,2023-03-03T16:20:00Z,1845.18,1849.24,2023-04-01T00:00:00Z,2023-03-03T16:00:00Z,1.0,SHORT,1.0,0.0,CONTROL_V2_FILLED_STOP,,M5_BROKEN_CONTROL_FIRST_RETEST,,False,52fdadcf5235e4d30490812e6d62855621b561c19a8597f1bc9c2e6227f7de45,,,2023_03,0.0,-1.0,STOP,2023-03-03T20:54:00Z,NO_FILL,a49a68bec58b9a5fb565c8b3f8401e6f958b20e4e1da8b7832247b0559be61a3,,RETEST_EXPIRED,2023-03-03T16:35:00Z,,1845.97,False,False,INITIAL_CONFIRMATION_STOP,d95d07788e4b66049b776c423127aeeb9c0de51e67645ebc512873f2cd376233,c946601a36388c2af9ed9b2faa091f5616f191bc8d82ccc543e53eec48b3069b,1849.24,1.7371428571429013,0.08685714285714508,NOT_STRICTLY_CLOSER_THAN_CONTROL,M15_LATEST_CONFIRMED_OPPOSING_SWING_ELSE_CONTROL,False,de1907502e0db865ac8e5fc86ddd9f715019fef6f44460a3f9d9bd670464fd79,2023-03-03T14:00:00Z,1849.24,1837.86,3dc041a14960076b0c3deb28e825eb788e03e6def837424a0113f66f7dbcfd8e
93eadb63bee9ece307bf60f2094874a159702c5267c284fbfa2c5f3ddd9c75ea,1845.97,2023-03-03T16:20:00Z,822d74bae518596c04c9c6024452ef3cb31c2e1c8b5553a4578007f5a49350ad,2023-03-03T16:20:00Z,1845.18,1849.24,2023-04-01T00:00:00Z,2023-03-03T16:00:00Z,1.0,SHORT,1.0,0.0,CONTROL_V2_FILLED_STOP,,M5_BROKEN_CONTROL_FIRST_RETEST,,False,ff6dde58e7922759a24beab517da1660bdbd86552e521e11e9417cb0a9ee0428,,,2023_03,0.0,-1.0,STOP,2023-03-03T20:54:00Z,NO_FILL,7bea609793ad02e4034c2e462babb11199ce60afbb727d0fac7253f59dbe7e8e,,RETEST_EXPIRED,2023-03-03T16:35:00Z,,1845.97,False,False,INITIAL_CONFIRMATION_STOP,8d53280114bb7d931ad9adf17c984a9262a92187553e44e0c19b0d931c5df868,c946601a36388c2af9ed9b2faa091f5616f191bc8d82ccc543e53eec48b3069b,1849.24,3.1007142857142918,0.1550357142857146,NOT_STRICTLY_CLOSER_THAN_CONTROL,H1_SOURCE_SWING_BUFFERED_ELSE_CONTROL,False,c946601a36388c2af9ed9b2faa091f5616f191bc8d82ccc543e53eec48b3069b,2023-03-03T16:00:00Z,1849.24,1837.86,3dc041a14960076b0c3deb28e825eb788e03e6def837424a0113f66f7dbcfd8e
93eadb63bee9ece307bf60f2094874a159702c5267c284fbfa2c5f3ddd9c75ea,1845.97,2023-03-03T16:20:00Z,822d74bae518596c04c9c6024452ef3cb31c2e1c8b5553a4578007f5a49350ad,2023-03-03T16:20:00Z,1845.18,1849.24,2023-04-01T00:00:00Z,2023-03-03T16:00:00Z,0.75,SHORT,1.0,-12.5,CONTROL_V2_FILLED_STOP,2023-03-03T16:20:00Z,CONFIRMED_25_75_RETEST_SPLIT,1845.18,True,ab83265416210bb7fa5ef3e17083ecb4bf5f46df0a23d4e74c45c65165d7fb1d,0.2524630541871899,0.37931034482759635,2023_03,-0.25,-1.0,STOP,2023-03-03T20:54:00Z,SPLIT_CONTROL_STOP_NO_RETEST,f2c9b4034b256231c15a2652fb5c04be9e373fd0afea910704370f46fa98225b,2023-03-03T20:54:00Z,RETEST_EXPIRED,2023-03-03T16:35:00Z,,1845.97,False,False,INITIAL_CONFIRMATION_STOP,1b6139391522e2f2b86882fd4ae2bdca8e3af98a51b1137de83ed06f182cf915,c946601a36388c2af9ed9b2faa091f5616f191bc8d82ccc543e53eec48b3069b,1849.24,,,,CONTROL_V2_FILLED_STOP,False,,2023-03-03T16:20:00Z,1849.24,1837.86,3dc041a14960076b0c3deb28e825eb788e03e6def837424a0113f66f7dbcfd8e
93eadb63bee9ece307bf60f2094874a159702c5267c284fbfa2c5f3ddd9c75ea,1845.97,2023-03-03T16:20:00Z,822d74bae518596c04c9c6024452ef3cb31c2e1c8b5553a4578007f5a49350ad,2023-03-03T16:20:00Z,1845.18,1849.24,2023-04-01T00:00:00Z,2023-03-03T16:00:00Z,0.75,SHORT,0.7569669247009222,-12.5,M5_LATEST_CONFIRMED_OPPOSING_SWING_ELSE_CONTROL,2023-03-03T16:20:00Z,CONFIRMED_25_75_RETEST_SPLIT,1845.18,True,de467acec92dc5f7f0438e9514a27b8c90e4f1c58cbc3bbba9e79a2a27217e8a,0.2562404127736616,0.501092362757411,2023_03,-0.25,-1.0,STOP,2023-03-03T20:54:00Z,SPLIT_CONTROL_STOP_NO_RETEST,abe27de5bceeacb5fe985dbff1d8aad9edc9af8ecb3e73fc3f986c456156d2bd,2023-03-03T18:58:00Z,RETEST_EXPIRED,2023-03-03T16:35:00Z,,1845.97,False,False,INITIAL_CONFIRMATION_STOP,88992a72432eb1434f31c9255684af195f87f7e10c9a51ab1cf66172fb3017e3,c946601a36388c2af9ed9b2faa091f5616f191bc8d82ccc543e53eec48b3069b,1848.2532857142858,1.265714285714304,0.06328571428571521,,M5_LATEST_CONFIRMED_OPPOSING_SWING_ELSE_CONTROL,True,b9684240052cc17baeb7a5082a74886b54b49cf5587e1e6ec746e6898910777a,2023-03-03T16:20:00Z,1848.19,1837.86,3dc041a14960076b0c3deb28e825eb788e03e6def837424a0113f66f7dbcfd8e
93eadb63bee9ece307bf60f2094874a159702c5267c284fbfa2c5f3ddd9c75ea,1845.97,2023-03-03T16:20:00Z,822d74bae518596c04c9c6024452ef3cb31c2e1c8b5553a4578007f5a49350ad,2023-03-03T16:20:00Z,1845.18,1849.24,2023-04-01T00:00:00Z,2023-03-03T16:00:00Z,0.75,SHORT,1.0,-12.5,CONTROL_V2_FILLED_STOP,2023-03-03T16:20:00Z,CONFIRMED_25_75_RETEST_SPLIT,1845.18,True,52fdadcf5235e4d30490812e6d62855621b561c19a8597f1bc9c2e6227f7de45,0.2524630541871899,0.37931034482759635,2023_03,-0.25,-1.0,STOP,2023-03-03T20:54:00Z,SPLIT_CONTROL_STOP_NO_RETEST,6df57cc5e6eb0ac847d6bf1b7873cbb10abc0d19ea712b02d67d75dbac8d4c4c,2023-03-03T20:54:00Z,RETEST_EXPIRED,2023-03-03T16:35:00Z,,1845.97,False,False,INITIAL_CONFIRMATION_STOP,14adb95211b9f7e9dd52b78861e3451740a5e20b594748877d221ccb8b0396f8,c946601a36388c2af9ed9b2faa091f5616f191bc8d82ccc543e53eec48b3069b,1849.24,1.7371428571429013,0.08685714285714508,NOT_STRICTLY_CLOSER_THAN_CONTROL,M15_LATEST_CONFIRMED_OPPOSING_SWING_ELSE_CONTROL,False,de1907502e0db865ac8e5fc86ddd9f715019fef6f44460a3f9d9bd670464fd79,2023-03-03T14:00:00Z,1849.24,1837.86,3dc041a14960076b0c3deb28e825eb788e03e6def837424a0113f66f7dbcfd8e
93eadb63bee9ece307bf60f2094874a159702c5267c284fbfa2c5f3ddd9c75ea,1845.97,2023-03-03T16:20:00Z,822d74bae518596c04c9c6024452ef3cb31c2e1c8b5553a4578007f5a49350ad,2023-03-03T16:20:00Z,1845.18,1849.24,2023-04-01T00:00:00Z,2023-03-03T16:00:00Z,0.75,SHORT,1.0,-12.5,CONTROL_V2_FILLED_STOP,2023-03-03T16:20:00Z,CONFIRMED_25_75_RETEST_SPLIT,1845.18,True,ff6dde58e7922759a24beab517da1660bdbd86552e521e11e9417cb0a9ee0428,0.2524630541871899,0.37931034482759635,2023_03,-0.25,-1.0,STOP,2023-03-03T20:54:00Z,SPLIT_CONTROL_STOP_NO_RETEST,4483055a6785c0e97428dac2002d41a91a4d5e2de3c5aa9c1687ff883ecab745,2023-03-03T20:54:00Z,RETEST_EXPIRED,2023-03-03T16:35:00Z,,1845.97,False,False,INITIAL_CONFIRMATION_STOP,c39c827b1aa2abb104516f4a034e1d02d194cb0118f73a958bb6f2a7d94a79e9,c946601a36388c2af9ed9b2faa091f5616f191bc8d82ccc543e53eec48b3069b,1849.24,3.1007142857142918,0.1550357142857146,NOT_STRICTLY_CLOSER_THAN_CONTROL,H1_SOURCE_SWING_BUFFERED_ELSE_CONTROL,False,c946601a36388c2af9ed9b2faa091f5616f191bc8d82ccc543e53eec48b3069b,2023-03-03T16:00:00Z,1849.24,1837.86,3dc041a14960076b0c3deb28e825eb788e03e6def837424a0113f66f7dbcfd8e
4a4e221d5842b348ac3ca7cf7cbac5039cf266e45dd3209a3195631a3f50fbca,1847.78,2023-03-03T20:10:00Z,c8f518c3425809a847ce6543c31109d83b73c299db43354694d5b9077740cb88,2023-03-03T20:10:00Z,1848.66,1839.02,2023-04-01T00:00:00Z,2023-03-03T20:00:00Z,0.0,LONG,1.0,3.0082987551863134,CONTROL_V2_FILLED_STOP,2023-03-03T20:10:00Z,CONTROL_NEXT_M1_OPEN,1848.66,True,d1d71b4c93eb32af5b50f408cad3d7f5cd7ab897738ca6152adb55ad4775bf2a,0.12240663900415472,0.06431535269708345,2023_03,0.06016597510372627,0.06016597510372627,TARGET,2023-03-03T20:54:00Z,TARGET,e26ea67ce9a0cd05d5b795aa57cd530deb9281c7137ba3e20a78630e60fbdc56,2023-03-03T20:54:00Z,RETEST_EXPIRED,2023-03-03T20:25:00Z,,1847.78,False,False,INITIAL_CONFIRMATION_TARGET,6645d2657d3c4605c0c87ecc34ffc13b6d45db4eee244009d001c9ec2a7d618a,3f9c4abbcf75b363ae60672d8c8d2d30eb1af20385c0985aabbf4bd4188387f2,1839.02,,,,CONTROL_V2_FILLED_STOP,False,,2023-03-03T20:10:00Z,1839.02,1849.24,07de89011aca728b885d84ef5b7a74f95494161c6b48a33cb7d41d4f58c652d7
4a4e221d5842b348ac3ca7cf7cbac5039cf266e45dd3209a3195631a3f50fbca,1847.78,2023-03-03T20:10:00Z,c8f518c3425809a847ce6543c31109d83b73c299db43354694d5b9077740cb88,2023-03-03T20:10:00Z,1848.66,1839.02,2023-04-01T00:00:00Z,2023-03-03T20:00:00Z,0.13771629469360697,LONG,0.3040493479549581,9.894113489866662,M5_LATEST_CONFIRMED_OPPOSING_SWING_ELSE_CONTROL,2023-03-03T20:10:00Z,CONTROL_NEXT_M1_OPEN,1848.66,True,d1055953b300054e90b3ed621c2191501b197ef2063b2267792960c43f2cb589,0.4025880661394743,0.2115293228867938,2023_03,0.19788226979733323,0.06016597510372627,TARGET,2023-03-03T20:54:00Z,TARGET,907f0a22a9643159893cc1422c02bfcef77895f609a0f47d3600f8aa6c529546,2023-03-03T20:54:00Z,RETEST_EXPIRED,2023-03-03T20:25:00Z,,1847.78,False,False,INITIAL_CONFIRMATION_TARGET,3e885065ef9a3da502193294d93189fd035343d61511a293eb19da0864fa7463,3f9c4abbcf75b363ae60672d8c8d2d30eb1af20385c0985aabbf4bd4188387f2,1845.7289642857143,1.0207142857142668,0.051035714285713345,,M5_LATEST_CONFIRMED_OPPOSING_SWING_ELSE_CONTROL,True,30fe5208fbe0cddd0b1ab7c20cb4bbc93a74e61280c2c710886be0b7f4fd0915,2023-03-03T20:00:00Z,1845.78,1849.24,07de89011aca728b885d84ef5b7a74f95494161c6b48a33cb7d41d4f58c652d7
4a4e221d5842b348ac3ca7cf7cbac5039cf266e45dd3209a3195631a3f50fbca,1847.78,2023-03-03T20:10:00Z,c8f518c3425809a847ce6543c31109d83b73c299db43354694d5b9077740cb88,2023-03-03T20:10:00Z,1848.66,1839.02,2023-04-01T00:00:00Z,2023-03-03T20:00:00Z,0.0,LONG,1.0,3.0082987551863134,CONTROL_V2_FILLED_STOP,2023-03-03T20:10:00Z,CONTROL_NEXT_M1_OPEN,1848.66,True,cf3458d911b1a4fa95241d14b328d7b8a772087c0f42b7a13a01513eaf91ec83,0.12240663900415472,0.06431535269708345,2023_03,0.06016597510372627,0.06016597510372627,TARGET,2023-03-03T20:54:00Z,TARGET,169d4be2a705cf8e54109037272b8008d81d155bcd9064ebef46db78ad1c1abd,2023-03-03T20:54:00Z,RETEST_EXPIRED,2023-03-03T20:25:00Z,,1847.78,False,False,INITIAL_CONFIRMATION_TARGET,803f1a8bf73871ff5cd184293cff99e02e54f136159d8400a5cbff302aaff8ae,3f9c4abbcf75b363ae60672d8c8d2d30eb1af20385c0985aabbf4bd4188387f2,1839.02,2.3964285714285682,0.11982142857142841,NOT_STRICTLY_CLOSER_THAN_CONTROL,M15_LATEST_CONFIRMED_OPPOSING_SWING_ELSE_CONTROL,False,e71bde3a5d8ec85f4704692f649032ba09316106a91403bd5a85b11587d11dfb,2023-03-03T17:45:00Z,1839.02,1849.24,07de89011aca728b885d84ef5b7a74f95494161c6b48a33cb7d41d4f58c652d7
4a4e221d5842b348ac3ca7cf7cbac5039cf266e45dd3209a3195631a3f50fbca,1847.78,2023-03-03T20:10:00Z,c8f518c3425809a847ce6543c31109d83b73c299db43354694d5b9077740cb88,2023-03-03T20:10:00Z,1848.66,1839.02,2023-04-01T00:00:00Z,2023-03-03T20:00:00Z,0.0,LONG,1.0,3.0082987551863134,CONTROL_V2_FILLED_STOP,2023-03-03T20:10:00Z,CONTROL_NEXT_M1_OPEN,1848.66,True,7d7f3e4e0e6cfc5e1482ed37adce501920ef33a8bf26ae40a33211645b8088ce,0.12240663900415472,0.06431535269708345,2023_03,0.06016597510372627,0.06016597510372627,TARGET,2023-03-03T20:54:00Z,TARGET,20b1f92d70b22e2f57d6b70f22e1b6c4ca80a42af610788f30df80172eee9735,2023-03-03T20:54:00Z,RETEST_EXPIRED,2023-03-03T20:25:00Z,,1847.78,False,False,INITIAL_CONFIRMATION_TARGET,396c523ed91df38abfd4a4b580c914dd88daf257e1e408edaae3a9823043d7e7,3f9c4abbcf75b363ae60672d8c8d2d30eb1af20385c0985aabbf4bd4188387f2,1839.02,3.6007142857143077,0.1800357142857154,NOT_STRICTLY_CLOSER_THAN_CONTROL,H1_SOURCE_SWING_BUFFERED_ELSE_CONTROL,False,3f9c4abbcf75b363ae60672d8c8d2d30eb1af20385c0985aabbf4bd4188387f2,2023-03-03T20:00:00Z,1839.02,1849.24,07de89011aca728b885d84ef5b7a74f95494161c6b48a33cb7d41d4f58c652d7
4a4e221d5842b348ac3ca7cf7cbac5039cf266e45dd3209a3195631a3f50fbca,1847.78,2023-03-03T20:10:00Z,c8f518c3425809a847ce6543c31109d83b73c299db43354694d5b9077740cb88,2023-03-03T20:10:00Z,1848.66,1839.02,2023-04-01T00:00:00Z,2023-03-03T20:00:00Z,-0.06016597510372627,LONG,1.0,0.0,CONTROL_V2_FILLED_STOP,,M5_BROKEN_CONTROL_FIRST_RETEST,,False,d1d71b4c93eb32af5b50f408cad3d7f5cd7ab897738ca6152adb55ad4775bf2a,,,2023_03,0.0,0.06016597510372627,TARGET,2023-03-03T20:54:00Z,NO_FILL,6f9d5e3ba59d343503e157b5a62759fde63c9e1f1819109589d470661a9945f4,,RETEST_EXPIRED,2023-03-03T20:25:00Z,,1847.78,False,False,INITIAL_CONFIRMATION_TARGET,5ce52afe271353342dd68eeb7b857ce3032af5c256d018e0e0098192bfc210bd,3f9c4abbcf75b363ae60672d8c8d2d30eb1af20385c0985aabbf4bd4188387f2,1839.02,,,,CONTROL_V2_FILLED_STOP,False,,2023-03-03T20:10:00Z,1839.02,1849.24,07de89011aca728b885d84ef5b7a74f95494161c6b48a33cb7d41d4f58c652d7
4a4e221d5842b348ac3ca7cf7cbac5039cf266e45dd3209a3195631a3f50fbca,1847.78,2023-03-03T20:10:00Z,c8f518c3425809a847ce6543c31109d83b73c299db43354694d5b9077740cb88,2023-03-03T20:10:00Z,1848.66,1839.02,2023-04-01T00:00:00Z,2023-03-03T20:00:00Z,-0.06016597510372627,LONG,0.3040493479549581,0.0,M5_LATEST_CONFIRMED_OPPOSING_SWING_ELSE_CONTROL,,M5_BROKEN_CONTROL_FIRST_RETEST,,False,d1055953b300054e90b3ed621c2191501b197ef2063b2267792960c43f2cb589,,,2023_03,0.0,0.06016597510372627,TARGET,2023-03-03T20:54:00Z,NO_FILL,fb2c00a07162935245515e69b7fa8e2458ab4896efda080fdf420f601f643c9b,,RETEST_EXPIRED,2023-03-03T20:25:00Z,,1847.78,False,False,INITIAL_CONFIRMATION_TARGET,5ee93f22fdbfee56f191ae743f233beb8cc10c25be0409f8382e0bcf21d16f5c,3f9c4abbcf75b363ae60672d8c8d2d30eb1af20385c0985aabbf4bd4188387f2,1845.7289642857143,1.0207142857142668,0.051035714285713345,,M5_LATEST_CONFIRMED_OPPOSING_SWING_ELSE_CONTROL,True,30fe5208fbe0cddd0b1ab7c20cb4bbc93a74e61280c2c710886be0b7f4fd0915,2023-03-03T20:00:00Z,1845.78,1849.24,07de89011aca728b885d84ef5b7a74f95494161c6b48a33cb7d41d4f58c652d7
4a4e221d5842b348ac3ca7cf7cbac5039cf266e45dd3209a3195631a3f50fbca,1847.78,2023-03-03T20:10:00Z,c8f518c3425809a847ce6543c31109d83b73c299db43354694d5b9077740cb88,2023-03-03T20:10:00Z,1848.66,1839.02,2023-04-01T00:00:00Z,2023-03-03T20:00:00Z,-0.06016597510372627,LONG,1.0,0.0,CONTROL_V2_FILLED_STOP,,M5_BROKEN_CONTROL_FIRST_RETEST,,False,cf3458d911b1a4fa95241d14b328d7b8a772087c0f42b7a13a01513eaf91ec83,,,2023_03,0.0,0.06016597510372627,TARGET,2023-03-03T20:54:00Z,NO_FILL,cbbbd30370afc465d745e46354934ef0ea53fa0ccbfe7d8eb532cc8256aa261b,,RETEST_EXPIRED,2023-03-03T20:25:00Z,,1847.78,False,False,INITIAL_CONFIRMATION_TARGET,a7de2ad831e860a73400efece2190479f2e8a50c22e926d260a959826e2c24b2,3f9c4abbcf75b363ae60672d8c8d2d30eb1af20385c0985aabbf4bd4188387f2,1839.02,2.3964285714285682,0.11982142857142841,NOT_STRICTLY_CLOSER_THAN_CONTROL,M15_LATEST_CONFIRMED_OPPOSING_SWING_ELSE_CONTROL,False,e71bde3a5d8ec85f4704692f649032ba09316106a91403bd5a85b11587d11dfb,2023-03-03T17:45:00Z,1839.02,1849.24,07de89011aca728b885d84ef5b7a74f95494161c6b48a33cb7d41d4f58c652d7
4a4e221d5842b348ac3ca7cf7cbac5039cf266e45dd3209a3195631a3f50fbca,1847.78,2023-03-03T20:10:00Z,c8f518c3425809a847ce6543c31109d83b73c299db43354694d5b9077740cb88,2023-03-03T20:10:00Z,1848.66,1839.02,2023-04-01T00:00:00Z,2023-03-03T20:00:00Z,-0.06016597510372627,LONG,1.0,0.0,CONTROL_V2_FILLED_STOP,,M5_BROKEN_CONTROL_FIRST_RETEST,,False,7d7f3e4e0e6cfc5e1482ed37adce501920ef33a8bf26ae40a33211645b8088ce,,,2023_03,0.0,0.06016597510372627,TARGET,2023-03-03T20:54:00Z,NO_FILL,9c4456fd3eea91f4de077236e9bcb9c9ce302e939c4cbfc4c86d0eddc1fd3912,,RETEST_EXPIRED,2023-03-03T20:25:00Z,,1847.78,False,False,INITIAL_CONFIRMATION_TARGET,9d8b1c5cb5cc363c664918e8b6158fcc39e628d5e7e8a10d78bc9ce4a771f25f,3f9c4abbcf75b363ae60672d8c8d2d30eb1af20385c0985aabbf4bd4188387f2,1839.02,3.6007142857143077,0.1800357142857154,NOT_STRICTLY_CLOSER_THAN_CONTROL,H1_SOURCE_SWING_BUFFERED_ELSE_CONTROL,False,3f9c4abbcf75b363ae60672d8c8d2d30eb1af20385c0985aabbf4bd4188387f2,2023-03-03T20:00:00Z,1839.02,1849.24,07de89011aca728b885d84ef5b7a74f95494161c6b48a33cb7d41d4f58c652d7
4a4e221d5842b348ac3ca7cf7cbac5039cf266e45dd3209a3195631a3f50fbca,1847.78,2023-03-03T20:10:00Z,c8f518c3425809a847ce6543c31109d83b73c299db43354694d5b9077740cb88,2023-03-03T20:10:00Z,1848.66,1839.02,2023-04-01T00:00:00Z,2023-03-03T20:00:00Z,-0.0451244813277947,LONG,1.0,0.7520746887965784,CONTROL_V2_FILLED_STOP,2023-03-03T20:10:00Z,CONFIRMED_25_75_RETEST_SPLIT,1848.66,True,d1d71b4c93eb32af5b50f408cad3d7f5cd7ab897738ca6152adb55ad4775bf2a,0.03060165975103868,0.016078838174270863,2023_03,0.015041493775931567,0.06016597510372627,TARGET,2023-03-03T20:54:00Z,SPLIT_CONTROL_TARGET_NO_RETEST,147111e1133821617b180aa227d5d08bf047059981eaa6ccf25fed7ee9f704c6,2023-03-03T20:54:00Z,RETEST_EXPIRED,2023-03-03T20:25:00Z,,1847.78,False,False,INITIAL_CONFIRMATION_TARGET,ead4431210edd841e5aea81fcc4285c544d0d6e8405207a0476ee79273a252a8,3f9c4abbcf75b363ae60672d8c8d2d30eb1af20385c0985aabbf4bd4188387f2,1839.02,,,,CONTROL_V2_FILLED_STOP,False,,2023-03-03T20:10:00Z,1839.02,1849.24,07de89011aca728b885d84ef5b7a74f95494161c6b48a33cb7d41d4f58c652d7
4a4e221d5842b348ac3ca7cf7cbac5039cf266e45dd3209a3195631a3f50fbca,1847.78,2023-03-03T20:10:00Z,c8f518c3425809a847ce6543c31109d83b73c299db43354694d5b9077740cb88,2023-03-03T20:10:00Z,1848.66,1839.02,2023-04-01T00:00:00Z,2023-03-03T20:00:00Z,-0.01069540765439296,LONG,0.3040493479549581,2.4735283724666655,M5_LATEST_CONFIRMED_OPPOSING_SWING_ELSE_CONTROL,2023-03-03T20:10:00Z,CONFIRMED_25_75_RETEST_SPLIT,1848.66,True,d1055953b300054e90b3ed621c2191501b197ef2063b2267792960c43f2cb589,0.10064701653486857,0.05288233072169845,2023_03,0.04947056744933331,0.06016597510372627,TARGET,2023-03-03T20:54:00Z,SPLIT_CONTROL_TARGET_NO_RETEST,6bffbd6db100f3c1f39ea8dda5f7d3fd8e7e42353cd9eb92808c53deb5deaa7b,2023-03-03T20:54:00Z,RETEST_EXPIRED,2023-03-03T20:25:00Z,,1847.78,False,False,INITIAL_CONFIRMATION_TARGET,b34291302b6963f96d48686adb1f1782a975d03a8ee2054f8c0c9c140862ebc4,3f9c4abbcf75b363ae60672d8c8d2d30eb1af20385c0985aabbf4bd4188387f2,1845.7289642857143,1.0207142857142668,0.051035714285713345,,M5_LATEST_CONFIRMED_OPPOSING_SWING_ELSE_CONTROL,True,30fe5208fbe0cddd0b1ab7c20cb4bbc93a74e61280c2c710886be0b7f4fd0915,2023-03-03T20:00:00Z,1845.78,1849.24,07de89011aca728b885d84ef5b7a74f95494161c6b48a33cb7d41d4f58c652d7
4a4e221d5842b348ac3ca7cf7cbac5039cf266e45dd3209a3195631a3f50fbca,1847.78,2023-03-03T20:10:00Z,c8f518c3425809a847ce6543c31109d83b73c299db43354694d5b9077740cb88,2023-03-03T20:10:00Z,1848.66,1839.02,2023-04-01T00:00:00Z,2023-03-03T20:00:00Z,-0.0451244813277947,LONG,1.0,0.7520746887965784,CONTROL_V2_FILLED_STOP,2023-03-03T20:10:00Z,CONFIRMED_25_75_RETEST_SPLIT,1848.66,True,cf3458d911b1a4fa95241d14b328d7b8a772087c0f42b7a13a01513eaf91ec83,0.03060165975103868,0.016078838174270863,2023_03,0.015041493775931567,0.06016597510372627,TARGET,2023-03-03T20:54:00Z,SPLIT_CONTROL_TARGET_NO_RETEST,dc6d0fc99544e222740e12cc972dad2444a6040906c470bac8bc480c4d7c1b66,2023-03-03T20:54:00Z,RETEST_EXPIRED,2023-03-03T20:25:00Z,,1847.78,False,False,INITIAL_CONFIRMATION_TARGET,6d6be7342feb6c816107843a87fd3e3d86fe44bc64fda09ee1abbfcb201864b5,3f9c4abbcf75b363ae60672d8c8d2d30eb1af20385c0985aabbf4bd4188387f2,1839.02,2.3964285714285682,0.11982142857142841,NOT_STRICTLY_CLOSER_THAN_CONTROL,M15_LATEST_CONFIRMED_OPPOSING_SWING_ELSE_CONTROL,False,e71bde3a5d8ec85f4704692f649032ba09316106a91403bd5a85b11587d11dfb,2023-03-03T17:45:00Z,1839.02,1849.24,07de89011aca728b885d84ef5b7a74f95494161c6b48a33cb7d41d4f58c652d7
4a4e221d5842b348ac3ca7cf7cbac5039cf266e45dd3209a3195631a3f50fbca,1847.78,2023-03-03T20:10:00Z,c8f518c3425809a847ce6543c31109d83b73c299db43354694d5b9077740cb88,2023-03-03T20:10:00Z,1848.66,1839.02,2023-04-01T00:00:00Z,2023-03-03T20:00:00Z,-0.0451244813277947,LONG,1.0,0.7520746887965784,CONTROL_V2_FILLED_STOP,2023-03-03T20:10:00Z,CONFIRMED_25_75_RETEST_SPLIT,1848.66,True,7d7f3e4e0e6cfc5e1482ed37adce501920ef33a8bf26ae40a33211645b8088ce,0.03060165975103868,0.016078838174270863,2023_03,0.015041493775931567,0.06016597510372627,TARGET,2023-03-03T20:54:00Z,SPLIT_CONTROL_TARGET_NO_RETEST,f365b617494721b6f24fd42c5c059463f313b1a294c1d992006a5efc4e8dd13b,2023-03-03T20:54:00Z,RETEST_EXPIRED,2023-03-03T20:25:00Z,,1847.78,False,False,INITIAL_CONFIRMATION_TARGET,cd78845cd63fd37ae8cfa646628838f0adfc9e892002a09f69301a57e2396478,3f9c4abbcf75b363ae60672d8c8d2d30eb1af20385c0985aabbf4bd4188387f2,1839.02,3.6007142857143077,0.1800357142857154,NOT_STRICTLY_CLOSER_THAN_CONTROL,H1_SOURCE_SWING_BUFFERED_ELSE_CONTROL,False,3f9c4abbcf75b363ae60672d8c8d2d30eb1af20385c0985aabbf4bd4188387f2,2023-03-03T20:00:00Z,1839.02,1849.24,07de89011aca728b885d84ef5b7a74f95494161c6b48a33cb7d41d4f58c652d7
c3dccf305e42d52b2392cc550863cd1799ce6bc1ef2e51e651d741ad7ccae240,1855.28,2023-03-06T06:10:00Z,a10c1f069a40875fad0acc98864defbab43650604ec034b280427a4ad754d481,2023-03-06T06:10:00Z,1855.44,1850.72,2023-04-01T00:00:00Z,2023-03-06T06:00:00Z,0.0,LONG,1.0,9.110169491524312,CONTROL_V2_FILLED_STOP,2023-03-06T06:10:00Z,CONTROL_NEXT_M1_OPEN,1855.44,True,254e29feb4127dc1582d2600528a5401f55d5fae80a620bc8d5d73c58859607c,0.04237288135594159,0.2245762711864278,2023_03,0.18220338983048623,0.18220338983048623,TARGET,2023-03-06T06:14:00Z,TARGET,ad86639ab79850032f121c7c0e47058ffcf77d84de374b7afb39c63859bbdc32,2023-03-06T06:14:00Z,FIRST_RETEST_FILLED,2023-03-06T06:25:00Z,2023-03-06T06:10:00Z,1855.28,True,False,INITIAL_CONFIRMATION_TARGET,bc05e311f00548f122d68618672abe8fc22f9e75eb611e2e3bd7529e50b62301,07dcf8ebc0e87fe2438aa7c42231eeb7d5e224050ff2861334433f2116a08c49,1850.72,,,,CONTROL_V2_FILLED_STOP,False,,2023-03-06T06:10:00Z,1850.72,1856.3,436ad72a1213efda8ddcbf69c1b318316029d7b6937c222805b8ea5a6ed735ad
c3dccf305e42d52b2392cc550863cd1799ce6bc1ef2e51e651d741ad7ccae240,1855.28,2023-03-06T06:10:00Z,a10c1f069a40875fad0acc98864defbab43650604ec034b280427a4ad754d481,2023-03-06T06:10:00Z,1855.44,1850.72,2023-04-01T00:00:00Z,2023-03-06T06:00:00Z,0.7801497394154577,LONG,0.18933111380149248,48.1176564622972,M5_LATEST_CONFIRMED_OPPOSING_SWING_ELSE_CONTROL,2023-03-06T06:10:00Z,CONTROL_NEXT_M1_OPEN,1855.44,True,b9910760a3f504b11b71d5e5a6e3f10bc0437fe4412d63a2c4a5f3ee1cc622c7,0.22380305331308714,1.1861561825590312,2023_03,0.962353129245944,0.18220338983048623,TARGET,2023-03-06T06:14:00Z,TARGET,73ef0d38bf4fc7107fcf85cb2c1d381fd45f55da8911e29aaa0d568ccf200bc8,2023-03-06T06:14:00Z,FIRST_RETEST_FILLED,2023-03-06T06:25:00Z,2023-03-06T06:10:00Z,1855.28,True,False,INITIAL_CONFIRMATION_TARGET,917c63e91383129a6f395c83ea735933d895e91352327416a73073f7c133c893,07dcf8ebc0e87fe2438aa7c42231eeb7d5e224050ff2861334433f2116a08c49,1854.546357142857,0.6728571428571318,0.03364285714285659,,M5_LATEST_CONFIRMED_OPPOSING_SWING_ELSE_CONTROL,True,882c9837ed564c248a5ef2ecd0b858cdc4c49c13d102e208d90d4d67b6af243c,2023-03-06T06:00:00Z,1854.58,1856.3,436ad72a1213efda8ddcbf69c1b318316029d7b6937c222805b8ea5a6ed735ad
c3dccf305e42d52b2392cc550863cd1799ce6bc1ef2e51e651d741ad7ccae240,1855.28,2023-03-06T06:10:00Z,a10c1f069a40875fad0acc98864defbab43650604ec034b280427a4ad754d481,2023-03-06T06:10:00Z,1855.44,1850.72,2023-04-01T00:00:00Z,2023-03-06T06:00:00Z,0.009493461660150776,LONG,0.9504766949152815,9.58484257453185,M15_LATEST_CONFIRMED_OPPOSING_SWING_ELSE_CONTROL,2023-03-06T06:10:00Z,CONTROL_NEXT_M1_OPEN,1855.44,True,51428797a66455cfeda43457cd9308a58f4fc3095a76d968449679d3955b99c8,0.044580663137372765,0.23627751462800978,2023_03,0.191696851490637,0.18220338983048623,TARGET,2023-03-06T06:14:00Z,TARGET,db7b82f247e5a7460eafe440543e1c54cf2270b51e10e170e1e0d11bf1df50e5,2023-03-06T06:14:00Z,FIRST_RETEST_FILLED,2023-03-06T06:25:00Z,2023-03-06T06:10:00Z,1855.28,True,False,INITIAL_CONFIRMATION_TARGET,144286c0651d4ab0f2b0ec103f0f4a0f3e4e0bfd32939668d9363280c0e8978c,07dcf8ebc0e87fe2438aa7c42231eeb7d5e224050ff2861334433f2116a08c49,1850.95375,1.5249999999999773,0.07624999999999887,,M15_LATEST_CONFIRMED_OPPOSING_SWING_ELSE_CONTROL,True,62ad7accd04276ac9accb343fbaf3b49ddc15e41af3ccce11012d4a011871b7f,2023-03-06T04:45:00Z,1851.03,1856.3,436ad72a1213efda8ddcbf69c1b318316029d7b6937c222805b8ea5a6ed735ad
c3dccf305e42d52b2392cc550863cd1799ce6bc1ef2e51e651d741ad7ccae240,1855.28,2023-03-06T06:10:00Z,a10c1f069a40875fad0acc98864defbab43650604ec034b280427a4ad754d481,2023-03-06T06:10:00Z,1855.44,1850.72,2023-04-01T00:00:00Z,2023-03-06T06:00:00Z,0.0,LONG,1.0,9.110169491524312,CONTROL_V2_FILLED_STOP,2023-03-06T06:10:00Z,CONTROL_NEXT_M1_OPEN,1855.44,True,965468db962fd1ceaac5fd64f284f9da1f1809be0fe6ceb0da0d18052e82ac9b,0.04237288135594159,0.2245762711864278,2023_03,0.18220338983048623,0.18220338983048623,TARGET,2023-03-06T06:14:00Z,TARGET,320675ee637f1fbec8e202da25a96891683e45a4ad0fb4ce0980dde0d48fa7a1,2023-03-06T06:14:00Z,FIRST_RETEST_FILLED,2023-03-06T06:25:00Z,2023-03-06T06:10:00Z,1855.28,True,False,INITIAL_CONFIRMATION_TARGET,dce2e55b52819383ba3c651bda670c7dcec7c932e5f066d80a4b505a7676a1f2,07dcf8ebc0e87fe2438aa7c42231eeb7d5e224050ff2861334433f2116a08c49,1850.72,3.881428571428598,0.1940714285714299,NOT_STRICTLY_CLOSER_THAN_CONTROL,H1_SOURCE_SWING_BUFFERED_ELSE_CONTROL,False,07dcf8ebc0e87fe2438aa7c42231eeb7d5e224050ff2861334433f2116a08c49,2023-03-06T06:00:00Z,1850.72,1856.3,436ad72a1213efda8ddcbf69c1b318316029d7b6937c222805b8ea5a6ed735ad
c3dccf305e42d52b2392cc550863cd1799ce6bc1ef2e51e651d741ad7ccae240,1855.28,2023-03-06T06:10:00Z,a10c1f069a40875fad0acc98864defbab43650604ec034b280427a4ad754d481,2023-03-06T06:10:00Z,1855.44,1850.72,2023-04-01T00:00:00Z,2023-03-06T06:00:00Z,0.04148082069582826,LONG,1.0,11.184210526315724,CONTROL_V2_FILLED_STOP,2023-03-06T06:10:00Z,M5_BROKEN_CONTROL_FIRST_RETEST,1855.28,True,254e29feb4127dc1582d2600528a5401f55d5fae80a620bc8d5d73c58859607c,0.00877192982455353,0.26754385964913197,2023_03,0.2236842105263145,0.18220338983048623,TARGET,2023-03-06T06:14:00Z,TARGET,ca397f516b77b5ca2d9cf53ced2dc863dae4e315d8fe776eeb92d5eb94c3090d,2023-03-06T06:14:00Z,FIRST_RETEST_FILLED,2023-03-06T06:25:00Z,2023-03-06T06:10:00Z,1855.28,True,True,INITIAL_CONFIRMATION_TARGET,f5728cce3a129d5e389d97506a43606ba8f85d92ac85e3fdb091e58f26037cd5,07dcf8ebc0e87fe2438aa7c42231eeb7d5e224050ff2861334433f2116a08c49,1850.72,,,,CONTROL_V2_FILLED_STOP,False,,2023-03-06T06:10:00Z,1850.72,1856.3,436ad72a1213efda8ddcbf69c1b318316029d7b6937c222805b8ea5a6ed735ad
c3dccf305e42d52b2392cc550863cd1799ce6bc1ef2e51e651d741ad7ccae240,1855.28,2023-03-06T06:10:00Z,a10c1f069a40875fad0acc98864defbab43650604ec034b280427a4ad754d481,2023-03-06T06:10:00Z,1855.44,1850.72,2023-04-01T00:00:00Z,2023-03-06T06:00:00Z,1.2081188767450752,LONG,0.18933111380149248,69.51611332877808,M5_LATEST_CONFIRMED_OPPOSING_SWING_ELSE_CONTROL,2023-03-06T06:10:00Z,M5_BROKEN_CONTROL_FIRST_RETEST,1855.28,True,b9910760a3f504b11b71d5e5a6e3f10bc0437fe4412d63a2c4a5f3ee1cc622c7,0.05452244182644399,1.6629344757080913,2023_03,1.3903222665755615,0.18220338983048623,TARGET,2023-03-06T06:14:00Z,TARGET,57e3a7210668878a8238073f3ff38b2c916d2d6cdd8d3554bedd26ca5a7c652a,2023-03-06T06:14:00Z,FIRST_RETEST_FILLED,2023-03-06T06:25:00Z,2023-03-06T06:10:00Z,1855.28,True,True,INITIAL_CONFIRMATION_TARGET,e520999ec5da343dc47322f0f81afe5aae687f76557de69dc7ea6d29181f1255,07dcf8ebc0e87fe2438aa7c42231eeb7d5e224050ff2861334433f2116a08c49,1854.546357142857,0.6728571428571318,0.03364285714285659,,M5_LATEST_CONFIRMED_OPPOSING_SWING_ELSE_CONTROL,True,882c9837ed564c248a5ef2ecd0b858cdc4c49c13d102e208d90d4d67b6af243c,2023-03-06T06:00:00Z,1854.58,1856.3,436ad72a1213efda8ddcbf69c1b318316029d7b6937c222805b8ea5a6ed735ad
c3dccf305e42d52b2392cc550863cd1799ce6bc1ef2e51e651d741ad7ccae240,1855.28,2023-03-06T06:10:00Z,a10c1f069a40875fad0acc98864defbab43650604ec034b280427a4ad754d481,2023-03-06T06:10:00Z,1855.44,1850.72,2023-04-01T00:00:00Z,2023-03-06T06:00:00Z,0.05356661883752062,LONG,0.9504766949152815,11.788500433400342,M15_LATEST_CONFIRMED_OPPOSING_SWING_ELSE_CONTROL,2023-03-06T06:10:00Z,M5_BROKEN_CONTROL_FIRST_RETEST,1855.28,True,51428797a66455cfeda43457cd9308a58f4fc3095a76d968449679d3955b99c8,0.00924588269285477,0.28199942213233326,2023_03,0.23577000866800685,0.18220338983048623,TARGET,2023-03-06T06:14:00Z,TARGET,19f8876c13b5a7af0318d6f4aa289618f46cb0f45a58f05a18b7bdf149eca04c,2023-03-06T06:14:00Z,FIRST_RETEST_FILLED,2023-03-06T06:25:00Z,2023-03-06T06:10:00Z,1855.28,True,True,INITIAL_CONFIRMATION_TARGET,0d27b22bdf4a3a23d2abb6c53025de84bba293b1694e7725c48e5cf3e4cd5df6,07dcf8ebc0e87fe2438aa7c42231eeb7d5e224050ff2861334433f2116a08c49,1850.95375,1.5249999999999773,0.07624999999999887,,M15_LATEST_CONFIRMED_OPPOSING_SWING_ELSE_CONTROL,True,62ad7accd04276ac9accb343fbaf3b49ddc15e41af3ccce11012d4a011871b7f,2023-03-06T04:45:00Z,1851.03,1856.3,436ad72a1213efda8ddcbf69c1b318316029d7b6937c222805b8ea5a6ed735ad
c3dccf305e42d52b2392cc550863cd1799ce6bc1ef2e51e651d741ad7ccae240,1855.28,2023-03-06T06:10:00Z,a10c1f069a40875fad0acc98864defbab43650604ec034b280427a4ad754d481,2023-03-06T06:10:00Z,1855.44,1850.72,2023-04-01T00:00:00Z,2023-03-06T06:00:00Z,0.04148082069582826,LONG,1.0,11.184210526315724,CONTROL_V2_FILLED_STOP,2023-03-06T06:10:00Z,M5_BROKEN_CONTROL_FIRST_RETEST,1855.28,True,965468db962fd1ceaac5fd64f284f9da1f1809be0fe6ceb0da0d18052e82ac9b,0.00877192982455353,0.26754385964913197,2023_03,0.2236842105263145,0.18220338983048623,TARGET,2023-03-06T06:14:00Z,TARGET,213a132877dde824dad93fb3b3e50117598de92bb7fc7ae9b17e887d2272920a,2023-03-06T06:14:00Z,FIRST_RETEST_FILLED,2023-03-06T06:25:00Z,2023-03-06T06:10:00Z,1855.28,True,True,INITIAL_CONFIRMATION_TARGET,7e2228bb9508cd6657068911c19a508094ae31e706f76cdd1825af6f33a42ae7,07dcf8ebc0e87fe2438aa7c42231eeb7d5e224050ff2861334433f2116a08c49,1850.72,3.881428571428598,0.1940714285714299,NOT_STRICTLY_CLOSER_THAN_CONTROL,H1_SOURCE_SWING_BUFFERED_ELSE_CONTROL,False,07dcf8ebc0e87fe2438aa7c42231eeb7d5e224050ff2861334433f2116a08c49,2023-03-06T06:00:00Z,1850.72,1856.3,436ad72a1213efda8ddcbf69c1b318316029d7b6937c222805b8ea5a6ed735ad
c3dccf305e42d52b2392cc550863cd1799ce6bc1ef2e51e651d741ad7ccae240,1855.28,2023-03-06T06:10:00Z,a10c1f069a40875fad0acc98864defbab43650604ec034b280427a4ad754d481,2023-03-06T06:10:00Z,1855.44,1850.72,2023-04-01T00:00:00Z,2023-03-06T06:00:00Z,0.031110615521871193,LONG,1.0,10.66570026761787,CONTROL_V2_FILLED_STOP,2023-03-06T06:10:00Z,CONFIRMED_25_75_RETEST_SPLIT,1855.44,True,254e29feb4127dc1582d2600528a5401f55d5fae80a620bc8d5d73c58859607c,0.017172167707400546,0.25680196253345594,2023_03,0.21331400535235742,0.18220338983048623,TARGET,2023-03-06T06:14:00Z,SPLIT_TARGET_TARGET,5e71f2514b9a2c311755ce971716e95c8d62ec90bc664e8556ec99d5843a2bda,2023-03-06T06:14:00Z,FIRST_RETEST_FILLED,2023-03-06T06:25:00Z,2023-03-06T06:10:00Z,1855.28,True,True,INITIAL_CONFIRMATION_TARGET,58889d06c63e2dc688cb807985883f1fd0fcecff9684841e7e31dd1546be38b5,07dcf8ebc0e87fe2438aa7c42231eeb7d5e224050ff2861334433f2116a08c49,1850.72,,,,CONTROL_V2_FILLED_STOP,False,,2023-03-06T06:10:00Z,1850.72,1856.3,436ad72a1213efda8ddcbf69c1b318316029d7b6937c222805b8ea5a6ed735ad
c3dccf305e42d52b2392cc550863cd1799ce6bc1ef2e51e651d741ad7ccae240,1855.28,2023-03-06T06:10:00Z,a10c1f069a40875fad0acc98864defbab43650604ec034b280427a4ad754d481,2023-03-06T06:10:00Z,1855.44,1850.72,2023-04-01T00:00:00Z,2023-03-06T06:00:00Z,1.101126592412671,LONG,0.18933111380149248,64.16649911215787,M5_LATEST_CONFIRMED_OPPOSING_SWING_ELSE_CONTROL,2023-03-06T06:10:00Z,CONFIRMED_25_75_RETEST_SPLIT,1855.44,True,b9910760a3f504b11b71d5e5a6e3f10bc0437fe4412d63a2c4a5f3ee1cc622c7,0.09684259469810477,1.5437399024208263,2023_03,1.2833299822431572,0.18220338983048623,TARGET,2023-03-06T06:14:00Z,SPLIT_TARGET_TARGET,72faa674167008fd939181cdcebccd05ee0ef59e875686f8ab7e4904e5a7b2b0,2023-03-06T06:14:00Z,FIRST_RETEST_FILLED,2023-03-06T06:25:00Z,2023-03-06T06:10:00Z,1855.28,True,True,INITIAL_CONFIRMATION_TARGET,6aef2f6c767c1983a0c698c0ba3d34f5b50fb7b787f1d4226653b7faf824ee9a,07dcf8ebc0e87fe2438aa7c42231eeb7d5e224050ff2861334433f2116a08c49,1854.546357142857,0.6728571428571318,0.03364285714285659,,M5_LATEST_CONFIRMED_OPPOSING_SWING_ELSE_CONTROL,True,882c9837ed564c248a5ef2ecd0b858cdc4c49c13d102e208d90d4d67b6af243c,2023-03-06T06:00:00Z,1854.58,1856.3,436ad72a1213efda8ddcbf69c1b318316029d7b6937c222805b8ea5a6ed735ad
c3dccf305e42d52b2392cc550863cd1799ce6bc1ef2e51e651d741ad7ccae240,1855.28,2023-03-06T06:10:00Z,a10c1f069a40875fad0acc98864defbab43650604ec034b280427a4ad754d481,2023-03-06T06:10:00Z,1855.44,1850.72,2023-04-01T00:00:00Z,2023-03-06T06:00:00Z,0.042548329543178165,LONG,0.9504766949152815,11.23758596868322,M15_LATEST_CONFIRMED_OPPOSING_SWING_ELSE_CONTROL,2023-03-06T06:10:00Z,CONFIRMED_25_75_RETEST_SPLIT,1855.44,True,51428797a66455cfeda43457cd9308a58f4fc3095a76d968449679d3955b99c8,0.018079577803984268,0.2705689452562524,2023_03,0.2247517193736644,0.18220338983048623,TARGET,2023-03-06T06:14:00Z,SPLIT_TARGET_TARGET,50a30b28a0d99ce308981ec21837d9eb32fcbf8fcc001505fd0c264d26c2e99c,2023-03-06T06:14:00Z,FIRST_RETEST_FILLED,2023-03-06T06:25:00Z,2023-03-06T06:10:00Z,1855.28,True,True,INITIAL_CONFIRMATION_TARGET,c2f9695b4db1d750ebf4edde309b465ba5758bc51004859feb862fb4f00596d1,07dcf8ebc0e87fe2438aa7c42231eeb7d5e224050ff2861334433f2116a08c49,1850.95375,1.5249999999999773,0.07624999999999887,,M15_LATEST_CONFIRMED_OPPOSING_SWING_ELSE_CONTROL,True,62ad7accd04276ac9accb343fbaf3b49ddc15e41af3ccce11012d4a011871b7f,2023-03-06T04:45:00Z,1851.03,1856.3,436ad72a1213efda8ddcbf69c1b318316029d7b6937c222805b8ea5a6ed735ad
c3dccf305e42d52b2392cc550863cd1799ce6bc1ef2e51e651d741ad7ccae240,1855.28,2023-03-06T06:10:00Z,a10c1f069a40875fad0acc98864defbab43650604ec034b280427a4ad754d481,2023-03-06T06:10:00Z,1855.44,1850.72,2023-04-01T00:00:00Z,2023-03-06T06:00:00Z,0.031110615521871193,LONG,1.0,10.66570026761787,CONTROL_V2_FILLED_STOP,2023-03-06T06:10:00Z,CONFIRMED_25_75_RETEST_SPLIT,1855.44,True,965468db962fd1ceaac5fd64f284f9da1f1809be0fe6ceb0da0d18052e82ac9b,0.017172167707400546,0.25680196253345594,2023_03,0.21331400535235742,0.18220338983048623,TARGET,2023-03-06T06:14:00Z,SPLIT_TARGET_TARGET,4a70e233045a3ed3169b5c9cd4ca012f5258d1c72b64a420ce81d2e13f8af853,2023-03-06T06:14:00Z,FIRST_RETEST_FILLED,2023-03-06T06:25:00Z,2023-03-06T06:10:00Z,1855.28,True,True,INITIAL_CONFIRMATION_TARGET,161a1b5cb0ca5aaf35dfac87715491b0255b65f8dbec74bc8f39f84ef176fcf8,07dcf8ebc0e87fe2438aa7c42231eeb7d5e224050ff2861334433f2116a08c49,1850.72,3.881428571428598,0.1940714285714299,NOT_STRICTLY_CLOSER_THAN_CONTROL,H1_SOURCE_SWING_BUFFERED_ELSE_CONTROL,False,07dcf8ebc0e87fe2438aa7c42231eeb7d5e224050ff2861334433f2116a08c49,2023-03-06T06:00:00Z,1850.72,1856.3,436ad72a1213efda8ddcbf69c1b318316029d7b6937c222805b8ea5a6ed735ad
be27307e48fd319fc37535c51b883213ec51618b26037740328db043a27967aa,1854.25,2023-03-06T07:05:00Z,090912fdb9bcad9c9dcb7143881581ef24818c731f5c0c9f8602a2e7b1eace07,2023-03-06T07:05:00Z,1854.22,1856.52,2023-04-01T00:00:00Z,2023-03-06T04:00:00Z,0.0,SHORT,1.0,-50.0,CONTROL_V2_FILLED_STOP,2023-03-06T07:05:00Z,CONTROL_NEXT_M1_OPEN,1854.22,True,766400e6eddcddaacb54669305a3ee8ce79204d9b2a4166fc7de76d8befee9f2,1.060869565217436,0.6260869565217753,2023_03,-1.0,-1.0,STOP,2023-03-06T09:23:00Z,STOP,5325120583003f16e06f967b4657f3b5898c3f761945703b10afad0db9f98503,2023-03-06T09:23:00Z,FIRST_RETEST_FILLED,2023-03-06T07:20:00Z,2023-03-06T07:05:00Z,1854.25,True,False,RECLAIM_CONFIRMATION_STOP,48b33955c8d0a2bffb0a7270969dfc7f8449d7d55ad2ee18a73b4251898d26c3,8b2bf21fe7c2ecf706faede576a1a78a2c7e25140824b9eabb309a57e02f1a09,1856.52,,,,CONTROL_V2_FILLED_STOP,False,,2023-03-06T07:05:00Z,1856.52,1839.02,5f17d737dba3b4d488546c4290398031c9ed4237b60d974863518d974d7e2736
be27307e48fd319fc37535c51b883213ec51618b26037740328db043a27967aa,1854.25,2023-03-06T07:05:00Z,090912fdb9bcad9c9dcb7143881581ef24818c731f5c0c9f8602a2e7b1eace07,2023-03-06T07:05:00Z,1854.22,1856.52,2023-04-01T00:00:00Z,2023-03-06T04:00:00Z,0.0,SHORT,0.39257763975150645,-50.0,M5_LATEST_CONFIRMED_OPPOSING_SWING_ELSE_CONTROL,2023-03-06T07:05:00Z,CONTROL_NEXT_M1_OPEN,1854.22,True,0072d7d44f21e8c128b06323b33bfaf194d026b3ee02573def35c6acf72358b5,1.0521319515863041,0.11075073174607254,2023_03,-1.0,-1.0,STOP,2023-03-06T09:23:00Z,STOP,4709a0561678bcf053246f3ee6a001d578539f0c0abf9f5a8895ffb14a189c16,2023-03-06T07:21:00Z,FIRST_RETEST_FILLED,2023-03-06T07:20:00Z,2023-03-06T07:05:00Z,1854.25,True,False,RECLAIM_CONFIRMATION_STOP,f8c29b2490799439bab07673472fafd3cbfb06c9c0543e61ee3089b2c0ddb1ab,8b2bf21fe7c2ecf706faede576a1a78a2c7e25140824b9eabb309a57e02f1a09,1855.1229285714285,0.6585714285714305,0.03292857142857152,,M5_LATEST_CONFIRMED_OPPOSING_SWING_ELSE_CONTROL,True,94148dfc12d7eec113cb138f3879b069a0064b23c0c4836cc0328ae97bfb650f,2023-03-06T07:00:00Z,1855.09,1839.02,5f17d737dba3b4d488546c4290398031c9ed4237b60d974863518d974d7e2736
be27307e48fd319fc37535c51b883213ec51618b26037740328db043a27967aa,1854.25,2023-03-06T07:05:00Z,090912fdb9bcad9c9dcb7143881581ef24818c731f5c0c9f8602a2e7b1eace07,2023-03-06T07:05:00Z,1854.22,1856.52,2023-04-01T00:00:00Z,2023-03-06T04:00:00Z,0.0,SHORT,1.0,-50.0,CONTROL_V2_FILLED_STOP,2023-03-06T07:05:00Z,CONTROL_NEXT_M1_OPEN,1854.22,True,1b2c3d9a335b0c67b980443145c11ad99960e83138b6eef087dc8147fbabe944,1.060869565217436,0.6260869565217753,2023_03,-1.0,-1.0,STOP,2023-03-06T09:23:00Z,STOP,ab30653df80f8722ddda5d8e824edf827e93c5b8ed4793320a2d5f75e2bbe0b2,2023-03-06T09:23:00Z,FIRST_RETEST_FILLED,2023-03-06T07:20:00Z,2023-03-06T07:05:00Z,1854.25,True,False,RECLAIM_CONFIRMATION_STOP,84db83736008be8fb8ca02caff8b93571f27729b7e1ac1971b011c875ca41a3a,8b2bf21fe7c2ecf706faede576a1a78a2c7e25140824b9eabb309a57e02f1a09,1856.52,1.4242857142856695,0.07121428571428348,NOT_STRICTLY_CLOSER_THAN_CONTROL,M15_LATEST_CONFIRMED_OPPOSING_SWING_ELSE_CONTROL,False,e3f58d9b51f6d686c91cf647c59e9991877bccf72c98b9fb22377907d0452cad,2023-03-06T06:45:00Z,1856.5,1839.02,5f17d737dba3b4d488546c4290398031c9ed4237b60d974863518d974d7e2736
be27307e48fd319fc37535c51b883213ec51618b26037740328db043a27967aa,1854.25,2023-03-06T07:05:00Z,090912fdb9bcad9c9dcb7143881581ef24818c731f5c0c9f8602a2e7b1eace07,2023-03-06T07:05:00Z,1854.22,1856.52,2023-04-01T00:00:00Z,2023-03-06T04:00:00Z,0.0,SHORT,0.988183229813686,-50.0,H1_SOURCE_SWING_BUFFERED_ELSE_CONTROL,2023-03-06T07:05:00Z,CONTROL_NEXT_M1_OPEN,1854.22,True,1bfb0e8a41840f521b037b35dc14cf11ef7f26f4b67010cb8b8d8cb1c6f825bd,1.0735555241283081,0.6335737519445851,2023_03,-1.0,-1.0,STOP,2023-03-06T09:23:00Z,STOP,0f64bbd4d66a07210b1bf1d7fffe269a3f4f0e775a8c149b70cee8d7568e2e98,2023-03-06T09:23:00Z,FIRST_RETEST_FILLED,2023-03-06T07:20:00Z,2023-03-06T07:05:00Z,1854.25,True,False,RECLAIM_CONFIRMATION_STOP,1615815c1b999f702cb40884544781253a66650841774fa3d90d9b947a951ab8,8b2bf21fe7c2ecf706faede576a1a78a2c7e25140824b9eabb309a57e02f1a09,1856.4928214285715,3.856428571428588,0.19282142857142942,,H1_SOURCE_SWING_BUFFERED_ELSE_CONTROL,True,8b2bf21fe7c2ecf706faede576a1a78a2c7e25140824b9eabb309a57e02f1a09,2023-03-06T04:00:00Z,1856.3,1839.02,5f17d737dba3b4d488546c4290398031c9ed4237b60d974863518d974d7e2736
be27307e48fd319fc37535c51b883213ec51618b26037740328db043a27967aa,1854.25,2023-03-06T07:05:00Z,090912fdb9bcad9c9dcb7143881581ef24818c731f5c0c9f8602a2e7b1eace07,2023-03-06T07:05:00Z,1854.22,1856.52,2023-04-01T00:00:00Z,2023-03-06T04:00:00Z,0.0,SHORT,1.0,-50.0,CONTROL_V2_FILLED_STOP,2023-03-06T07:05:00Z,M5_BROKEN_CONTROL_FIRST_RETEST,1854.25,True,766400e6eddcddaacb54669305a3ee8ce79204d9b2a4166fc7de76d8befee9f2,1.0616740088106174,0.6475770925110305,2023_03,-1.0,-1.0,STOP,2023-03-06T09:23:00Z,STOP,5a4967dba9947cbc8094b5d783c542526b543e9a80158ad251e5962928860576,2023-03-06T09:23:00Z,FIRST_RETEST_FILLED,2023-03-06T07:20:00Z,2023-03-06T07:05:00Z,1854.25,True,True,RECLAIM_CONFIRMATION_STOP,08af75878871d9e79d822888a00aa010119ed4b2b4d70013b24f9c1fcd652e3c,8b2bf21fe7c2ecf706faede576a1a78a2c7e25140824b9eabb309a57e02f1a09,1856.52,,,,CONTROL_V2_FILLED_STOP,False,,2023-03-06T07:05:00Z,1856.52,1839.02,5f17d737dba3b4d488546c4290398031c9ed4237b60d974863518d974d7e2736
be27307e48fd319fc37535c51b883213ec51618b26037740328db043a27967aa,1854.25,2023-03-06T07:05:00Z,090912fdb9bcad9c9dcb7143881581ef24818c731f5c0c9f8602a2e7b1eace07,2023-03-06T07:05:00Z,1854.22,1856.52,2023-04-01T00:00:00Z,2023-03-06T04:00:00Z,0.0,SHORT,0.39257763975150645,-50.0,M5_LATEST_CONFIRMED_OPPOSING_SWING_ELSE_CONTROL,2023-03-06T07:05:00Z,M5_BROKEN_CONTROL_FIRST_RETEST,1854.25,True,0072d7d44f21e8c128b06323b33bfaf194d026b3ee02573def35c6acf72358b5,1.0539235741758,0.14892398330756326,2023_03,-1.0,-1.0,STOP,2023-03-06T09:23:00Z,STOP,39b9a2c99263ec7026ed5c24d00f9ad079b72c65f33b3b2a706351b81f8ff5ee,2023-03-06T07:21:00Z,FIRST_RETEST_FILLED,2023-03-06T07:20:00Z,2023-03-06T07:05:00Z,1854.25,True,True,RECLAIM_CONFIRMATION_STOP,bcd2175020164820642cc70d1ae4da683e18d871edaec0e5e116d073849d5018,8b2bf21fe7c2ecf706faede576a1a78a2c7e25140824b9eabb309a57e02f1a09,1855.1229285714285,0.6585714285714305,0.03292857142857152,,M5_LATEST_CONFIRMED_OPPOSING_SWING_ELSE_CONTROL,True,94148dfc12d7eec113cb138f3879b069a0064b23c0c4836cc0328ae97bfb650f,2023-03-06T07:00:00Z,1855.09,1839.02,5f17d737dba3b4d488546c4290398031c9ed4237b60d974863518d974d7e2736
be27307e48fd319fc37535c51b883213ec51618b26037740328db043a27967aa,1854.25,2023-03-06T07:05:00Z,090912fdb9bcad9c9dcb7143881581ef24818c731f5c0c9f8602a2e7b1eace07,2023-03-06T07:05:00Z,1854.22,1856.52,2023-04-01T00:00:00Z,2023-03-06T04:00:00Z,0.0,SHORT,1.0,-50.0,CONTROL_V2_FILLED_STOP,2023-03-06T07:05:00Z,M5_BROKEN_CONTROL_FIRST_RETEST,1854.25,True,1b2c3d9a335b0c67b980443145c11ad99960e83138b6eef087dc8147fbabe944,1.0616740088106174,0.6475770925110305,2023_03,-1.0,-1.0,STOP,2023-03-06T09:23:00Z,STOP,604bb3dd9d88cbbe88440a58bdcbe6513d8784554bfe69973f25edee61988a67,2023-03-06T09:23:00Z,FIRST_RETEST_FILLED,2023-03-06T07:20:00Z,2023-03-06T07:05:00Z,1854.25,True,True,RECLAIM_CONFIRMATION_STOP,d83eb788b61427a33b368ba20aa8755b41a9194bcb63837ecf8d592091e78776,8b2bf21fe7c2ecf706faede576a1a78a2c7e25140824b9eabb309a57e02f1a09,1856.52,1.4242857142856695,0.07121428571428348,NOT_STRICTLY_CLOSER_THAN_CONTROL,M15_LATEST_CONFIRMED_OPPOSING_SWING_ELSE_CONTROL,False,e3f58d9b51f6d686c91cf647c59e9991877bccf72c98b9fb22377907d0452cad,2023-03-06T06:45:00Z,1856.5,1839.02,5f17d737dba3b4d488546c4290398031c9ed4237b60d974863518d974d7e2736
be27307e48fd319fc37535c51b883213ec51618b26037740328db043a27967aa,1854.25,2023-03-06T07:05:00Z,090912fdb9bcad9c9dcb7143881581ef24818c731f5c0c9f8602a2e7b1eace07,2023-03-06T07:05:00Z,1854.22,1856.52,2023-04-01T00:00:00Z,2023-03-06T04:00:00Z,0.0,SHORT,0.988183229813686,-50.0,H1_SOURCE_SWING_BUFFERED_ELSE_CONTROL,2023-03-06T07:05:00Z,M5_BROKEN_CONTROL_FIRST_RETEST,1854.25,True,1bfb0e8a41840f521b037b35dc14cf11ef7f26f4b67010cb8b8d8cb1c6f825bd,1.0745394034937075,0.6554244494339111,2023_03,-1.0,-1.0,STOP,2023-03-06T09:23:00Z,STOP,1fcce6ee868b1b64e3c1d076ab48992e326216c7ad4b5732b2ac5514140ba688,2023-03-06T09:23:00Z,FIRST_RETEST_FILLED,2023-03-06T07:20:00Z,2023-03-06T07:05:00Z,1854.25,True,True,RECLAIM_CONFIRMATION_STOP,945ffe682c0e1239cc2d6137b423599cc90eaf923f3b7b4572172b5ed9abc054,8b2bf21fe7c2ecf706faede576a1a78a2c7e25140824b9eabb309a57e02f1a09,1856.4928214285715,3.856428571428588,0.19282142857142942,,H1_SOURCE_SWING_BUFFERED_ELSE_CONTROL,True,8b2bf21fe7c2ecf706faede576a1a78a2c7e25140824b9eabb309a57e02f1a09,2023-03-06T04:00:00Z,1856.3,1839.02,5f17d737dba3b4d488546c4290398031c9ed4237b60d974863518d974d7e2736
be27307e48fd319fc37535c51b883213ec51618b26037740328db043a27967aa,1854.25,2023-03-06T07:05:00Z,090912fdb9bcad9c9dcb7143881581ef24818c731f5c0c9f8602a2e7b1eace07,2023-03-06T07:05:00Z,1854.22,1856.52,2023-04-01T00:00:00Z,2023-03-06T04:00:00Z,0.0,SHORT,1.0,-50.0,CONTROL_V2_FILLED_STOP,2023-03-06T07:05:00Z,CONFIRMED_25_75_RETEST_SPLIT,1854.22,True,766400e6eddcddaacb54669305a3ee8ce79204d9b2a4166fc7de76d8befee9f2,1.061472897912322,0.6422045585137166,2023_03,-1.0,-1.0,STOP,2023-03-06T09:23:00Z,SPLIT_STOP_STOP,e925cd4ba2fad4b718822e40a6604bcc93c0699c0e72366a6c4bc9dac366caa5,2023-03-06T09:23:00Z,FIRST_RETEST_FILLED,2023-03-06T07:20:00Z,2023-03-06T07:05:00Z,1854.25,True,True,RECLAIM_CONFIRMATION_STOP,bcb06cf9318bef264b57ee49de2d3ef8bff4649834d5070e1fe5405f8f371b33,8b2bf21fe7c2ecf706faede576a1a78a2c7e25140824b9eabb309a57e02f1a09,1856.52,,,,CONTROL_V2_FILLED_STOP,False,,2023-03-06T07:05:00Z,1856.52,1839.02,5f17d737dba3b4d488546c4290398031c9ed4237b60d974863518d974d7e2736
be27307e48fd319fc37535c51b883213ec51618b26037740328db043a27967aa,1854.25,2023-03-06T07:05:00Z,090912fdb9bcad9c9dcb7143881581ef24818c731f5c0c9f8602a2e7b1eace07,2023-03-06T07:05:00Z,1854.22,1856.52,2023-04-01T00:00:00Z,2023-03-06T04:00:00Z,0.0,SHORT,0.39257763975150645,-50.0,M5_LATEST_CONFIRMED_OPPOSING_SWING_ELSE_CONTROL,2023-03-06T07:05:00Z,CONFIRMED_25_75_RETEST_SPLIT,1854.22,True,0072d7d44f21e8c128b06323b33bfaf194d026b3ee02573def35c6acf72358b5,1.0534756685284261,0.13938067041719057,2023_03,-1.0,-1.0,STOP,2023-03-06T09:23:00Z,SPLIT_STOP_STOP,c49880fe2edff9c0d82daaec1bde6296ea18a5f1ea2b8670638d6f89ee814a72,2023-03-06T07:21:00Z,FIRST_RETEST_FILLED,2023-03-06T07:20:00Z,2023-03-06T07:05:00Z,1854.25,True,True,RECLAIM_CONFIRMATION_STOP,39b0e0ddbd3ddd30268d24090ea42724811400e4abdbc2a98be2f5210719ce62,8b2bf21fe7c2ecf706faede576a1a78a2c7e25140824b9eabb309a57e02f1a09,1855.1229285714285,0.6585714285714305,0.03292857142857152,,M5_LATEST_CONFIRMED_OPPOSING_SWING_ELSE_CONTROL,True,94148dfc12d7eec113cb138f3879b069a0064b23c0c4836cc0328ae97bfb650f,2023-03-06T07:00:00Z,1855.09,1839.02,5f17d737dba3b4d488546c4290398031c9ed4237b60d974863518d974d7e2736
be27307e48fd319fc37535c51b883213ec51618b26037740328db043a27967aa,1854.25,2023-03-06T07:05:00Z,090912fdb9bcad9c9dcb7143881581ef24818c731f5c0c9f8602a2e7b1eace07,2023-03-06T07:05:00Z,1854.22,1856.52,2023-04-01T00:00:00Z,2023-03-06T04:00:00Z,0.0,SHORT,1.0,-50.0,CONTROL_V2_FILLED_STOP,2023-03-06T07:05:00Z,CONFIRMED_25_75_RETEST_SPLIT,1854.22,True,1b2c3d9a335b0c67b980443145c11ad99960e83138b6eef087dc8147fbabe944,1.061472897912322,0.6422045585137166,2023_03,-1.0,-1.0,STOP,2023-03-06T09:23:00Z,SPLIT_STOP_STOP,6f63c440026dcc6336285a573f3d07e399f0012ca2f5c1dc2d0588c1ccc06c74,2023-03-06T09:23:00Z,FIRST_RETEST_FILLED,2023-03-06T07:20:00Z,2023-03-06T07:05:00Z,1854.25,True,True,RECLAIM_CONFIRMATION_STOP,d61bf319d1996602ecb9db50a07eff618278dc18067cb0965d27f90907a92118,8b2bf21fe7c2ecf706faede576a1a78a2c7e25140824b9eabb309a57e02f1a09,1856.52,1.4242857142856695,0.07121428571428348,NOT_STRICTLY_CLOSER_THAN_CONTROL,M15_LATEST_CONFIRMED_OPPOSING_SWING_ELSE_CONTROL,False,e3f58d9b51f6d686c91cf647c59e9991877bccf72c98b9fb22377907d0452cad,2023-03-06T06:45:00Z,1856.5,1839.02,5f17d737dba3b4d488546c4290398031c9ed4237b60d974863518d974d7e2736
be27307e48fd319fc37535c51b883213ec51618b26037740328db043a27967aa,1854.25,2023-03-06T07:05:00Z,090912fdb9bcad9c9dcb7143881581ef24818c731f5c0c9f8602a2e7b1eace07,2023-03-06T07:05:00Z,1854.22,1856.52,2023-04-01T00:00:00Z,2023-03-06T04:00:00Z,0.0,SHORT,0.988183229813686,-50.0,H1_SOURCE_SWING_BUFFERED_ELSE_CONTROL,2023-03-06T07:05:00Z,CONFIRMED_25_75_RETEST_SPLIT,1854.22,True,1bfb0e8a41840f521b037b35dc14cf11ef7f26f4b67010cb8b8d8cb1c6f825bd,1.0742934336523575,0.6499617750615796,2023_03,-1.0,-1.0,STOP,2023-03-06T09:23:00Z,SPLIT_STOP_STOP,86571096e9ebb5c0e1f6ae0b75daed53850bd1dfc012d8b9a40bad48ebe6f6b2,2023-03-06T09:23:00Z,FIRST_RETEST_FILLED,2023-03-06T07:20:00Z,2023-03-06T07:05:00Z,1854.25,True,True,RECLAIM_CONFIRMATION_STOP,0732497843e990532586b2da956d677ced43e47416a31041df127ef60b82e72f,8b2bf21fe7c2ecf706faede576a1a78a2c7e25140824b9eabb309a57e02f1a09,1856.4928214285715,3.856428571428588,0.19282142857142942,,H1_SOURCE_SWING_BUFFERED_ELSE_CONTROL,True,8b2bf21fe7c2ecf706faede576a1a78a2c7e25140824b9eabb309a57e02f1a09,2023-03-06T04:00:00Z,1856.3,1839.02,5f17d737dba3b4d488546c4290398031c9ed4237b60d974863518d974d7e2736
4f4203083e171a797b5f903852acd805c38e07f92099ee2b44e88def976defc2,1852.78,2023-03-06T11:30:00Z,1d00eec794164fc0989476590baae9ccf64911715a163ad62cb5967659dc4dd3,2023-03-06T11:30:00Z,1851.77,1858.26,2023-04-01T00:00:00Z,2023-03-06T09:00:00Z,0.0,SHORT,1.0,8.089368258859423,CONTROL_V2_FILLED_STOP,2023-03-06T11:30:00Z,CONTROL_NEXT_M1_OPEN,1851.77,True,03719450f98ed0bcd84fd50d91954af4b84de778a1e93a6353e00cac63e132ed,0.19260400616332793,0.18027734976888615,2023_03,0.16178736517718845,0.16178736517718845,TARGET,2023-03-06T11:55:00Z,TARGET,0762b0ae468ec481cb9d656c74d1190a2124db8a84f3edc9c7af172fd6aee960,2023-03-06T11:55:00Z,FIRST_RETEST_FILLED,2023-03-06T11:45:00Z,2023-03-06T11:40:00Z,1852.78,True,False,RECLAIM_CONFIRMATION_TARGET,8e51811fa78c1757714e70b924447f24d7529336e041bacca8b443554de0d19c,515d7c57d9bd8e91f019cb0e4836ccd43565304959f84c1a3cd6101e0f841a8f,1858.26,,,,CONTROL_V2_FILLED_STOP,False,,2023-03-06T11:30:00Z,1858.26,1850.72,e260abf0e0235b543f6dc9ce7e54647134c1dee32e4778b692b2dea62552226b
4f4203083e171a797b5f903852acd805c38e07f92099ee2b44e88def976defc2,1852.78,2023-03-06T11:30:00Z,1d00eec794164fc0989476590baae9ccf64911715a163ad62cb5967659dc4dd3,2023-03-06T11:30:00Z,1851.77,1858.26,2023-04-01T00:00:00Z,2023-03-06T09:00:00Z,0.15889676095855998,SHORT,0.5045069337442116,16.03420630678742,M5_LATEST_CONFIRMED_OPPOSING_SWING_ELSE_CONTROL,2023-03-06T11:30:00Z,CONTROL_NEXT_M1_OPEN,1851.77,True,71df9372c5b80d5d98108c9ad43cda8668951f205e76e9f9983c3ac79ffec771,0.3817668168282885,0.35733374055130024,2023_03,0.3206841261357484,0.16178736517718845,TARGET,2023-03-06T11:55:00Z,TARGET,bfc45c57792098ba8378e932bd3331af089c0ef3de9b22cee0b3e9e1669d48d5,2023-03-06T11:55:00Z,FIRST_RETEST_FILLED,2023-03-06T11:45:00Z,2023-03-06T11:40:00Z,1852.78,True,False,RECLAIM_CONFIRMATION_TARGET,6444e39aa5668dee350f8a41e21866bc83252d207936bba10f2fd3b5be3aecd7,515d7c57d9bd8e91f019cb0e4836ccd43565304959f84c1a3cd6101e0f841a8f,1855.04425,1.2849999999999682,0.0642499999999984,,M5_LATEST_CONFIRMED_OPPOSING_SWING_ELSE_CONTROL,True,1b30b10929679075dd7924b96dc3f363a564d7f81d8b12ead5c5f27699f955b1,2023-03-06T11:25:00Z,1854.98,1850.72,e260abf0e0235b543f6dc9ce7e54647134c1dee32e4778b692b2dea62552226b
4f4203083e171a797b5f903852acd805c38e07f92099ee2b44e88def976defc2,1852.78,2023-03-06T11:30:00Z,1d00eec794164fc0989476590baae9ccf64911715a163ad62cb5967659dc4dd3,2023-03-06T11:30:00Z,1851.77,1858.26,2023-04-01T00:00:00Z,2023-03-06T09:00:00Z,0.0,SHORT,1.0,8.089368258859423,CONTROL_V2_FILLED_STOP,2023-03-06T11:30:00Z,CONTROL_NEXT_M1_OPEN,1851.77,True,f529fea2801a8382d97e3ffab75c75541b0501082533a79b6289d8b7bcf7f19e,0.19260400616332793,0.18027734976888615,2023_03,0.16178736517718845,0.16178736517718845,TARGET,2023-03-06T11:55:00Z,TARGET,99479977b63aab6f0810e02d0d5f872db0a22a15995c5946c576a309fdc96821,2023-03-06T11:55:00Z,FIRST_RETEST_FILLED,2023-03-06T11:45:00Z,2023-03-06T11:40:00Z,1852.78,True,False,RECLAIM_CONFIRMATION_TARGET,631502c6828526cdd2dfc52f44aa5430de10a192969b8b384bcbf71bf3284f41,515d7c57d9bd8e91f019cb0e4836ccd43565304959f84c1a3cd6101e0f841a8f,1858.26,1.9214285714285455,0.09607142857142728,NOT_STRICTLY_CLOSER_THAN_CONTROL,M15_LATEST_CONFIRMED_OPPOSING_SWING_ELSE_CONTROL,False,c32a89ee8b242df5734b5c288d0f763e007a25c10f4728dd0e4f36c7831e9c64,2023-03-06T10:15:00Z,1858.24,1850.72,e260abf0e0235b543f6dc9ce7e54647134c1dee32e4778b692b2dea62552226b
4f4203083e171a797b5f903852acd805c38e07f92099ee2b44e88def976defc2,1852.78,2023-03-06T11:30:00Z,1d00eec794164fc0989476590baae9ccf64911715a163ad62cb5967659dc4dd3,2023-03-06T11:30:00Z,1851.77,1858.26,2023-04-01T00:00:00Z,2023-03-06T09:00:00Z,0.052306413723637146,SHORT,0.7556845696676362,10.70468894504128,H1_SOURCE_SWING_BUFFERED_ELSE_CONTROL,2023-03-06T11:30:00Z,CONTROL_NEXT_M1_OPEN,1851.77,True,e7fbe28a5fb57827c2a2732a72672fba4052ac95f3f0d5e2e431a7c50b1a4bc6,0.25487354631051773,0.23856163934665942,2023_03,0.2140937789008256,0.16178736517718845,TARGET,2023-03-06T11:55:00Z,TARGET,2871323190d631ee75d7f9c3c215e7d4321b140ae2b1ab90bbd2293943ae8812,2023-03-06T11:55:00Z,FIRST_RETEST_FILLED,2023-03-06T11:45:00Z,2023-03-06T11:40:00Z,1852.78,True,False,RECLAIM_CONFIRMATION_TARGET,5f993ef861c8ad0dcc81d2046f453c389937732d2da68ebc88ff3cef4fa10ba0,515d7c57d9bd8e91f019cb0e4836ccd43565304959f84c1a3cd6101e0f841a8f,1856.674392857143,3.487857142857154,0.1743928571428577,,H1_SOURCE_SWING_BUFFERED_ELSE_CONTROL,True,515d7c57d9bd8e91f019cb0e4836ccd43565304959f84c1a3cd6101e0f841a8f,2023-03-06T09:00:00Z,1856.5,1850.72,e260abf0e0235b543f6dc9ce7e54647134c1dee32e4778b692b2dea62552226b
4f4203083e171a797b5f903852acd805c38e07f92099ee2b44e88def976defc2,1852.78,2023-03-06T11:30:00Z,1d00eec794164fc0989476590baae9ccf64911715a163ad62cb5967659dc4dd3,2023-03-06T11:30:00Z,1851.77,1858.26,2023-04-01T00:00:00Z,2023-03-06T09:00:00Z,0.2141250435819244,SHORT,1.0,18.795620437955645,CONTROL_V2_FILLED_STOP,2023-03-06T11:40:00Z,M5_BROKEN_CONTROL_FIRST_RETEST,1852.78,True,03719450f98ed0bcd84fd50d91954af4b84de778a1e93a6353e00cac63e132ed,0.04379562043795772,0.3978102189781125,2023_03,0.37591240875911286,0.16178736517718845,TARGET,2023-03-06T11:55:00Z,TARGET,9ff1ca5ac9b08943a9bf07a326f55b45db190fc082a2158f2e0d4317d53d6ce7,2023-03-06T11:55:00Z,FIRST_RETEST_FILLED,2023-03-06T11:45:00Z,2023-03-06T11:40:00Z,1852.78,True,True,RECLAIM_CONFIRMATION_TARGET,04dec6379b50ec2f351998d7d44853e4ccb9034331f074f30178cf5dd66711ae,515d7c57d9bd8e91f019cb0e4836ccd43565304959f84c1a3cd6101e0f841a8f,1858.26,,,,CONTROL_V2_FILLED_STOP,False,,2023-03-06T11:30:00Z,1858.26,1850.72,e260abf0e0235b543f6dc9ce7e54647134c1dee32e4778b692b2dea62552226b
4f4203083e171a797b5f903852acd805c38e07f92099ee2b44e88def976defc2,1852.78,2023-03-06T11:30:00Z,1d00eec794164fc0989476590baae9ccf64911715a163ad62cb5967659dc4dd3,2023-03-06T11:30:00Z,1851.77,1858.26,2023-04-01T00:00:00Z,2023-03-06T09:00:00Z,0.7480061646892102,SHORT,0.5045069337442116,45.489676493319934,M5_LATEST_CONFIRMED_OPPOSING_SWING_ELSE_CONTROL,2023-03-06T11:40:00Z,M5_BROKEN_CONTROL_FIRST_RETEST,1852.78,True,71df9372c5b80d5d98108c9ad43cda8668951f205e76e9f9983c3ac79ffec771,0.10599536270288823,0.9627912112178931,2023_03,0.9097935298663987,0.16178736517718845,TARGET,2023-03-06T11:55:00Z,TARGET,f697ae5215ed4267293b03f95b25c7c22b16d736eac0497b7cde94019b0f043b,2023-03-06T11:55:00Z,FIRST_RETEST_FILLED,2023-03-06T11:45:00Z,2023-03-06T11:40:00Z,1852.78,True,True,RECLAIM_CONFIRMATION_TARGET,c0aba9113852d837c0b7edbc528e13d57e7aa072b2734b739bc0013a252fcffa,515d7c57d9bd8e91f019cb0e4836ccd43565304959f84c1a3cd6101e0f841a8f,1855.04425,1.2849999999999682,0.0642499999999984,,M5_LATEST_CONFIRMED_OPPOSING_SWING_ELSE_CONTROL,True,1b30b10929679075dd7924b96dc3f363a564d7f81d8b12ead5c5f27699f955b1,2023-03-06T11:25:00Z,1854.98,1850.72,e260abf0e0235b543f6dc9ce7e54647134c1dee32e4778b692b2dea62552226b
4f4203083e171a797b5f903852acd805c38e07f92099ee2b44e88def976defc2,1852.78,2023-03-06T11:30:00Z,1d00eec794164fc0989476590baae9ccf64911715a163ad62cb5967659dc4dd3,2023-03-06T11:30:00Z,1851.77,1858.26,2023-04-01T00:00:00Z,2023-03-06T09:00:00Z,0.2141250435819244,SHORT,1.0,18.795620437955645,CONTROL_V2_FILLED_STOP,2023-03-06T11:40:00Z,M5_BROKEN_CONTROL_FIRST_RETEST,1852.78,True,f529fea2801a8382d97e3ffab75c75541b0501082533a79b6289d8b7bcf7f19e,0.04379562043795772,0.3978102189781125,2023_03,0.37591240875911286,0.16178736517718845,TARGET,2023-03-06T11:55:00Z,TARGET,a1601248a1bd669fac3da02e601c4efd55efab5912b7da97eece0f286e9a1b77,2023-03-06T11:55:00Z,FIRST_RETEST_FILLED,2023-03-06T11:45:00Z,2023-03-06T11:40:00Z,1852.78,True,True,RECLAIM_CONFIRMATION_TARGET,ce11199528bc1b368711d4d27c9126c42f9694fd4216ba17d9631c76b0bc6600,515d7c57d9bd8e91f019cb0e4836ccd43565304959f84c1a3cd6101e0f841a8f,1858.26,1.9214285714285455,0.09607142857142728,NOT_STRICTLY_CLOSER_THAN_CONTROL,M15_LATEST_CONFIRMED_OPPOSING_SWING_ELSE_CONTROL,False,c32a89ee8b242df5734b5c288d0f763e007a25c10f4728dd0e4f36c7831e9c64,2023-03-06T10:15:00Z,1858.24,1850.72,e260abf0e0235b543f6dc9ce7e54647134c1dee32e4778b692b2dea62552226b
4f4203083e171a797b5f903852acd805c38e07f92099ee2b44e88def976defc2,1852.78,2023-03-06T11:30:00Z,1d00eec794164fc0989476590baae9ccf64911715a163ad62cb5967659dc4dd3,2023-03-06T11:30:00Z,1851.77,1858.26,2023-04-01T00:00:00Z,2023-03-06T09:00:00Z,0.367178272231877,SHORT,0.7556845696676362,26.448281870453272,H1_SOURCE_SWING_BUFFERED_ELSE_CONTROL,2023-03-06T11:40:00Z,M5_BROKEN_CONTROL_FIRST_RETEST,1852.78,True,e7fbe28a5fb57827c2a2732a72672fba4052ac95f3f0d5e2e431a7c50b1a4bc6,0.06162706455251645,0.5597791696853529,2023_03,0.5289656374090654,0.16178736517718845,TARGET,2023-03-06T11:55:00Z,TARGET,31861243c04e1a924b4643d4213f21aafea754b3251f32ed3c9b7b08d4c09a8f,2023-03-06T11:55:00Z,FIRST_RETEST_FILLED,2023-03-06T11:45:00Z,2023-03-06T11:40:00Z,1852.78,True,True,RECLAIM_CONFIRMATION_TARGET,442be2bf1f4b9562da9a62a0ec6d417922e13c3fc09ee76b038324d1c822a08f,515d7c57d9bd8e91f019cb0e4836ccd43565304959f84c1a3cd6101e0f841a8f,1856.674392857143,3.487857142857154,0.1743928571428577,,H1_SOURCE_SWING_BUFFERED_ELSE_CONTROL,True,515d7c57d9bd8e91f019cb0e4836ccd43565304959f84c1a3cd6101e0f841a8f,2023-03-06T09:00:00Z,1856.5,1850.72,e260abf0e0235b543f6dc9ce7e54647134c1dee32e4778b692b2dea62552226b
4f4203083e171a797b5f903852acd805c38e07f92099ee2b44e88def976defc2,1852.78,2023-03-06T11:30:00Z,1d00eec794164fc0989476590baae9ccf64911715a163ad62cb5967659dc4dd3,2023-03-06T11:30:00Z,1851.77,1858.26,2023-04-01T00:00:00Z,2023-03-06T09:00:00Z,0.1605937826864433,SHORT,1.0,16.11905739318159,CONTROL_V2_FILLED_STOP,2023-03-06T11:30:00Z,CONFIRMED_25_75_RETEST_SPLIT,1851.77,True,03719450f98ed0bcd84fd50d91954af4b84de778a1e93a6353e00cac63e132ed,0.08099771686930027,0.34342700167580587,2023_03,0.32238114786363176,0.16178736517718845,TARGET,2023-03-06T11:55:00Z,SPLIT_TARGET_TARGET,0e2f21ad49c69a8ed73576616cac8689659408c7547a314f4a9e42e06f974497,2023-03-06T11:55:00Z,FIRST_RETEST_FILLED,2023-03-06T11:45:00Z,2023-03-06T11:40:00Z,1852.78,True,True,RECLAIM_CONFIRMATION_TARGET,8007f44c84d64f1189a1e21921e065d931f86385a62dea6afe0d0574886b00a0,515d7c57d9bd8e91f019cb0e4836ccd43565304959f84c1a3cd6101e0f841a8f,1858.26,,,,CONTROL_V2_FILLED_STOP,False,,2023-03-06T11:30:00Z,1858.26,1850.72,e260abf0e0235b543f6dc9ce7e54647134c1dee32e4778b692b2dea62552226b
4f4203083e171a797b5f903852acd805c38e07f92099ee2b44e88def976defc2,1852.78,2023-03-06T11:30:00Z,1d00eec794164fc0989476590baae9ccf64911715a163ad62cb5967659dc4dd3,2023-03-06T11:30:00Z,1851.77,1858.26,2023-04-01T00:00:00Z,2023-03-06T09:00:00Z,0.6007288137565476,SHORT,0.5045069337442116,38.12580894668681,M5_LATEST_CONFIRMED_OPPOSING_SWING_ELSE_CONTROL,2023-03-06T11:30:00Z,CONFIRMED_25_75_RETEST_SPLIT,1851.77,True,71df9372c5b80d5d98108c9ad43cda8668951f205e76e9f9983c3ac79ffec771,0.1749382262342383,0.811426843551245,2023_03,0.7625161789337361,0.16178736517718845,TARGET,2023-03-06T11:55:00Z,SPLIT_TARGET_TARGET,08051b6d2617e5f651e378bd38842873f3547c0b38a8181035b39d5bc170bea1,2023-03-06T11:55:00Z,FIRST_RETEST_FILLED,2023-03-06T11:45:00Z,2023-03-06T11:40:00Z,1852.78,True,True,RECLAIM_CONFIRMATION_TARGET,51c91847dff87593e2a0a53a8f52788ab4ab02a625ceb3cd40d2606c3e09e881,515d7c57d9bd8e91f019cb0e4836ccd43565304959f84c1a3cd6101e0f841a8f,1855.04425,1.2849999999999682,0.0642499999999984,,M5_LATEST_CONFIRMED_OPPOSING_SWING_ELSE_CONTROL,True,1b30b10929679075dd7924b96dc3f363a564d7f81d8b12ead5c5f27699f955b1,2023-03-06T11:25:00Z,1854.98,1850.72,e260abf0e0235b543f6dc9ce7e54647134c1dee32e4778b692b2dea62552226b
4f4203083e171a797b5f903852acd805c38e07f92099ee2b44e88def976defc2,1852.78,2023-03-06T11:30:00Z,1d00eec794164fc0989476590baae9ccf64911715a163ad62cb5967659dc4dd3,2023-03-06T11:30:00Z,1851.77,1858.26,2023-04-01T00:00:00Z,2023-03-06T09:00:00Z,0.1605937826864433,SHORT,1.0,16.11905739318159,CONTROL_V2_FILLED_STOP,2023-03-06T11:30:00Z,CONFIRMED_25_75_RETEST_SPLIT,1851.77,True,f529fea2801a8382d97e3ffab75c75541b0501082533a79b6289d8b7bcf7f19e,0.08099771686930027,0.34342700167580587,2023_03,0.32238114786363176,0.16178736517718845,TARGET,2023-03-06T11:55:00Z,SPLIT_TARGET_TARGET,717ef80fb107e97e24962f0f247347e88bd9803e81c98078f8d8cbd96f562f72,2023-03-06T11:55:00Z,FIRST_RETEST_FILLED,2023-03-06T11:45:00Z,2023-03-06T11:40:00Z,1852.78,True,True,RECLAIM_CONFIRMATION_TARGET,7cb168465ca1cbdd656fd311198feb4f45c49711dde793c16329c84cb3c2dd02,515d7c57d9bd8e91f019cb0e4836ccd43565304959f84c1a3cd6101e0f841a8f,1858.26,1.9214285714285455,0.09607142857142728,NOT_STRICTLY_CLOSER_THAN_CONTROL,M15_LATEST_CONFIRMED_OPPOSING_SWING_ELSE_CONTROL,False,c32a89ee8b242df5734b5c288d0f763e007a25c10f4728dd0e4f36c7831e9c64,2023-03-06T10:15:00Z,1858.24,1850.72,e260abf0e0235b543f6dc9ce7e54647134c1dee32e4778b692b2dea62552226b
4f4203083e171a797b5f903852acd805c38e07f92099ee2b44e88def976defc2,1852.78,2023-03-06T11:30:00Z,1d00eec794164fc0989476590baae9ccf64911715a163ad62cb5967659dc4dd3,2023-03-06T11:30:00Z,1851.77,1858.26,2023-04-01T00:00:00Z,2023-03-06T09:00:00Z,0.28846030760481706,SHORT,0.7556845696676362,22.512383639100275,H1_SOURCE_SWING_BUFFERED_ELSE_CONTROL,2023-03-06T11:30:00Z,CONFIRMED_25_75_RETEST_SPLIT,1851.77,True,e7fbe28a5fb57827c2a2732a72672fba4052ac95f3f0d5e2e431a7c50b1a4bc6,0.10993868499201677,0.47947478710067953,2023_03,0.4502476727820055,0.16178736517718845,TARGET,2023-03-06T11:55:00Z,SPLIT_TARGET_TARGET,8a62d9be1a76690542b55f81e24c3f021460ac04608666f85b849dae9d708725,2023-03-06T11:55:00Z,FIRST_RETEST_FILLED,2023-03-06T11:45:00Z,2023-03-06T11:40:00Z,1852.78,True,True,RECLAIM_CONFIRMATION_TARGET,f9ae26a97772b89a7e295cec4e4ebd678698db280788cf1f5b55ba878ff68689,515d7c57d9bd8e91f019cb0e4836ccd43565304959f84c1a3cd6101e0f841a8f,1856.674392857143,3.487857142857154,0.1743928571428577,,H1_SOURCE_SWING_BUFFERED_ELSE_CONTROL,True,515d7c57d9bd8e91f019cb0e4836ccd43565304959f84c1a3cd6101e0f841a8f,2023-03-06T09:00:00Z,1856.5,1850.72,e260abf0e0235b543f6dc9ce7e54647134c1dee32e4778b692b2dea62552226b
62a7c41b4a742044ba0b5a69c5e0eebdf8f9db3ab65023ce553127fe7aaf367d,1853.29,2023-03-06T17:45:00Z,b69bab68a70275b7c92c3f30aa9740403cd0d266d0bcaf217e5ff3daea711209,2023-03-06T17:45:00Z,1853.35,1847.27,2023-04-01T00:00:00Z,2023-03-06T16:00:00Z,0.0,LONG,1.0,-50.0,CONTROL_V2_FILLED_STOP,2023-03-06T17:45:00Z,CONTROL_NEXT_M1_OPEN,1853.35,True,e3650f1e044c8a7198fcab813376049764a6d1a4e7baf3634f5540b13b00f5e3,1.0,0.07236842105264142,2023_03,-1.0,-1.0,STOP,2023-03-06T20:45:00Z,STOP,7218d50e2bea5f276ca272def3e8ea6c2ef5fbd8362da5e444c8fbd31c45d9e1,2023-03-06T20:45:00Z,FIRST_RETEST_FILLED,2023-03-06T18:00:00Z,2023-03-06T17:45:00Z,1853.29,True,False,INITIAL_CONFIRMATION_STOP,e7e2a66419d477375ab7cb98bc23b8d55791e1cd9490702b0e6e65d984a2ca88,89c73082b62f40cb528d2cf7cffa295f032f7f773826b379f0fdecf940ed9a05,1847.27,,,,CONTROL_V2_FILLED_STOP,False,,2023-03-06T17:45:00Z,1847.27,1858.24,750187f0cc77eff48b214ccbf0646e2cc7d92a7b559d41371608865becd19834
62a7c41b4a742044ba0b5a69c5e0eebdf8f9db3ab65023ce553127fe7aaf367d,1853.29,2023-03-06T17:45:00Z,b69bab68a70275b7c92c3f30aa9740403cd0d266d0bcaf217e5ff3daea711209,2023-03-06T17:45:00Z,1853.35,1847.27,2023-04-01T00:00:00Z,2023-03-06T16:00:00Z,0.0,LONG,0.6751116071428734,-50.0,M5_LATEST_CONFIRMED_OPPOSING_SWING_ELSE_CONTROL,2023-03-06T17:45:00Z,CONTROL_NEXT_M1_OPEN,1853.35,True,6987db0583ab0e34fcf15b45dcd18b9381a3a3decad721f8076ea2a2f5c03fd8,1.0086051630978154,0.10719475163360083,2023_03,-1.0,-1.0,STOP,2023-03-06T20:45:00Z,STOP,fc347c849b39c5f6dc404fff217012bc00d2994959c6315244e0b18d7e8cd658,2023-03-06T19:38:00Z,FIRST_RETEST_FILLED,2023-03-06T18:00:00Z,2023-03-06T17:45:00Z,1853.29,True,False,INITIAL_CONFIRMATION_STOP,a5790252b0bce472203209fde75972686f4a9735233b4fa9cbfc41298f9c7793,89c73082b62f40cb528d2cf7cffa295f032f7f773826b379f0fdecf940ed9a05,1849.2453214285713,1.6935714285714312,0.08467857142857156,,M5_LATEST_CONFIRMED_OPPOSING_SWING_ELSE_CONTROL,True,1cd1cb186deed2d0f9c45c8fffe6faa0f633d5996dbd5a782ffe1bef393f4efd,2023-03-06T17:20:00Z,1849.33,1858.24,750187f0cc77eff48b214ccbf0646e2cc7d92a7b559d41371608865becd19834
62a7c41b4a742044ba0b5a69c5e0eebdf8f9db3ab65023ce553127fe7aaf367d,1853.29,2023-03-06T17:45:00Z,b69bab68a70275b7c92c3f30aa9740403cd0d266d0bcaf217e5ff3daea711209,2023-03-06T17:45:00Z,1853.35,1847.27,2023-04-01T00:00:00Z,2023-03-06T16:00:00Z,0.0,LONG,0.6775023496240506,-50.0,M15_LATEST_CONFIRMED_OPPOSING_SWING_ELSE_CONTROL,2023-03-06T17:45:00Z,CONTROL_NEXT_M1_OPEN,1853.35,True,718a0e7253e78b8dc8deb55a123d4a175645e9f497263ddf367f75ef8fb7d3b4,1.0050460385995894,0.10681648719417579,2023_03,-1.0,-1.0,STOP,2023-03-06T20:45:00Z,STOP,eeff0439d0efb6f560ed890d6bb6e5b4d096ed67b720a692334b1f96c46a1018,2023-03-06T19:38:00Z,FIRST_RETEST_FILLED,2023-03-06T18:00:00Z,2023-03-06T17:45:00Z,1853.29,True,False,INITIAL_CONFIRMATION_STOP,d7f5c6b91664766a9facbf70cda830e7d0eb7843554663ca489fee31d9b1d8c3,89c73082b62f40cb528d2cf7cffa295f032f7f773826b379f0fdecf940ed9a05,1849.2307857142857,1.9842857142857286,0.09921428571428643,,M15_LATEST_CONFIRMED_OPPOSING_SWING_ELSE_CONTROL,True,5fc31b01bf5346c8cf7203ec7767162ded9df7671d7320d28ebc59936e5515fc,2023-03-06T17:45:00Z,1849.33,1858.24,750187f0cc77eff48b214ccbf0646e2cc7d92a7b559d41371608865becd19834
62a7c41b4a742044ba0b5a69c5e0eebdf8f9db3ab65023ce553127fe7aaf367d,1853.29,2023-03-06T17:45:00Z,b69bab68a70275b7c92c3f30aa9740403cd0d266d0bcaf217e5ff3daea711209,2023-03-06T17:45:00Z,1853.35,1847.27,2023-04-01T00:00:00Z,2023-03-06T16:00:00Z,0.0,LONG,1.0,-50.0,CONTROL_V2_FILLED_STOP,2023-03-06T17:45:00Z,CONTROL_NEXT_M1_OPEN,1853.35,True,05c8187643ebcc2a28585d844b4c94a68ce07d500d4423b7e10d01c76fbccdd7,1.0,0.07236842105264142,2023_03,-1.0,-1.0,STOP,2023-03-06T20:45:00Z,STOP,9727432c90b2144b27aff778d41cf2ece76d0b7ba840dbb2fd43cff844a8bed1,2023-03-06T20:45:00Z,FIRST_RETEST_FILLED,2023-03-06T18:00:00Z,2023-03-06T17:45:00Z,1853.29,True,False,INITIAL_CONFIRMATION_STOP,be6055f2a3ce4a79442bce1443703f6921ea652330af082c4caae6d66f44947a,89c73082b62f40cb528d2cf7cffa295f032f7f773826b379f0fdecf940ed9a05,1847.27,3.443571428571431,0.17217857142857157,NOT_STRICTLY_CLOSER_THAN_CONTROL,H1_SOURCE_SWING_BUFFERED_ELSE_CONTROL,False,89c73082b62f40cb528d2cf7cffa295f032f7f773826b379f0fdecf940ed9a05,2023-03-06T16:00:00Z,1847.27,1858.24,750187f0cc77eff48b214ccbf0646e2cc7d92a7b559d41371608865becd19834
62a7c41b4a742044ba0b5a69c5e0eebdf8f9db3ab65023ce553127fe7aaf367d,1853.29,2023-03-06T17:45:00Z,b69bab68a70275b7c92c3f30aa9740403cd0d266d0bcaf217e5ff3daea711209,2023-03-06T17:45:00Z,1853.35,1847.27,2023-04-01T00:00:00Z,2023-03-06T16:00:00Z,0.0,LONG,1.0,-50.0,CONTROL_V2_FILLED_STOP,2023-03-06T17:45:00Z,M5_BROKEN_CONTROL_FIRST_RETEST,1853.29,True,e3650f1e044c8a7198fcab813376049764a6d1a4e7baf3634f5540b13b00f5e3,1.0,0.08305647840531587,2023_03,-1.0,-1.0,STOP,2023-03-06T20:45:00Z,STOP,5068950c0b6914a1a6f15b7c6471716b491c609478a594a57233db32258e4e3c,2023-03-06T20:45:00Z,FIRST_RETEST_FILLED,2023-03-06T18:00:00Z,2023-03-06T17:45:00Z,1853.29,True,True,INITIAL_CONFIRMATION_STOP,ffdcee5e9ae03d6b8223703f9d2fdbf9aebd32db8abb4f610cb3dbc20120d1bc,89c73082b62f40cb528d2cf7cffa295f032f7f773826b379f0fdecf940ed9a05,1847.27,,,,CONTROL_V2_FILLED_STOP,False,,2023-03-06T17:45:00Z,1847.27,1858.24,750187f0cc77eff48b214ccbf0646e2cc7d92a7b559d41371608865becd19834
62a7c41b4a742044ba0b5a69c5e0eebdf8f9db3ab65023ce553127fe7aaf367d,1853.29,2023-03-06T17:45:00Z,b69bab68a70275b7c92c3f30aa9740403cd0d266d0bcaf217e5ff3daea711209,2023-03-06T17:45:00Z,1853.35,1847.27,2023-04-01T00:00:00Z,2023-03-06T16:00:00Z,0.0,LONG,0.6751116071428734,-50.0,M5_LATEST_CONFIRMED_OPPOSING_SWING_ELSE_CONTROL,2023-03-06T17:45:00Z,M5_BROKEN_CONTROL_FIRST_RETEST,1853.29,True,6987db0583ab0e34fcf15b45dcd18b9381a3a3decad721f8076ea2a2f5c03fd8,1.0087328147212387,0.12361921749035008,2023_03,-1.0,-1.0,STOP,2023-03-06T20:45:00Z,STOP,a9afe5cc7eeaa27f0c56ed4ae46cc019af4db89336509b8c2e4bd9ce535978bc,2023-03-06T19:38:00Z,FIRST_RETEST_FILLED,2023-03-06T18:00:00Z,2023-03-06T17:45:00Z,1853.29,True,True,INITIAL_CONFIRMATION_STOP,7569c1dad958ce20bea4ac36103350e4876782f949c360656307e6a4468c275e,89c73082b62f40cb528d2cf7cffa295f032f7f773826b379f0fdecf940ed9a05,1849.2453214285713,1.6935714285714312,0.08467857142857156,,M5_LATEST_CONFIRMED_OPPOSING_SWING_ELSE_CONTROL,True,1cd1cb186deed2d0f9c45c8fffe6faa0f633d5996dbd5a782ffe1bef393f4efd,2023-03-06T17:20:00Z,1849.33,1858.24,750187f0cc77eff48b214ccbf0646e2cc7d92a7b559d41371608865becd19834
62a7c41b4a742044ba0b5a69c5e0eebdf8f9db3ab65023ce553127fe7aaf367d,1853.29,2023-03-06T17:45:00Z,b69bab68a70275b7c92c3f30aa9740403cd0d266d0bcaf217e5ff3daea711209,2023-03-06T17:45:00Z,1853.35,1847.27,2023-04-01T00:00:00Z,2023-03-06T16:00:00Z,0.0,LONG,0.6775023496240506,-50.0,M15_LATEST_CONFIRMED_OPPOSING_SWING_ELSE_CONTROL,2023-03-06T17:45:00Z,M5_BROKEN_CONTROL_FIRST_RETEST,1853.29,True,718a0e7253e78b8dc8deb55a123d4a175645e9f497263ddf367f75ef8fb7d3b4,1.0051206250329887,0.12317654718541748,2023_03,-1.0,-1.0,STOP,2023-03-06T20:45:00Z,STOP,e5a6003f84f18715324c17ba6fa22cfc9363a3cafa3151509ce77a56b1f2a7f9,2023-03-06T19:38:00Z,FIRST_RETEST_FILLED,2023-03-06T18:00:00Z,2023-03-06T17:45:00Z,1853.29,True,True,INITIAL_CONFIRMATION_STOP,6c8f1d8d8c4b964942bea2b1e6bc5343ca131bfce7320d5ed7b6caa4f22dafdd,89c73082b62f40cb528d2cf7cffa295f032f7f773826b379f0fdecf940ed9a05,1849.2307857142857,1.9842857142857286,0.09921428571428643,,M15_LATEST_CONFIRMED_OPPOSING_SWING_ELSE_CONTROL,True,5fc31b01bf5346c8cf7203ec7767162ded9df7671d7320d28ebc59936e5515fc,2023-03-06T17:45:00Z,1849.33,1858.24,750187f0cc77eff48b214ccbf0646e2cc7d92a7b559d41371608865becd19834
62a7c41b4a742044ba0b5a69c5e0eebdf8f9db3ab65023ce553127fe7aaf367d,1853.29,2023-03-06T17:45:00Z,b69bab68a70275b7c92c3f30aa9740403cd0d266d0bcaf217e5ff3daea711209,2023-03-06T17:45:00Z,1853.35,1847.27,2023-04-01T00:00:00Z,2023-03-06T16:00:00Z,0.0,LONG,1.0,-50.0,CONTROL_V2_FILLED_STOP,2023-03-06T17:45:00Z,M5_BROKEN_CONTROL_FIRST_RETEST,1853.29,True,05c8187643ebcc2a28585d844b4c94a68ce07d500d4423b7e10d01c76fbccdd7,1.0,0.08305647840531587,2023_03,-1.0,-1.0,STOP,2023-03-06T20:45:00Z,STOP,462e48c6843fb36c52e815ae9c40b1c251328f0d6e48483e0938ce8097339e01,2023-03-06T20:45:00Z,FIRST_RETEST_FILLED,2023-03-06T18:00:00Z,2023-03-06T17:45:00Z,1853.29,True,True,INITIAL_CONFIRMATION_STOP,b7809aa4e6aae1c6a64cafc149c2769dd3d622c056403851b44ab6bcc5fba8e5,89c73082b62f40cb528d2cf7cffa295f032f7f773826b379f0fdecf940ed9a05,1847.27,3.443571428571431,0.17217857142857157,NOT_STRICTLY_CLOSER_THAN_CONTROL,H1_SOURCE_SWING_BUFFERED_ELSE_CONTROL,False,89c73082b62f40cb528d2cf7cffa295f032f7f773826b379f0fdecf940ed9a05,2023-03-06T16:00:00Z,1847.27,1858.24,750187f0cc77eff48b214ccbf0646e2cc7d92a7b559d41371608865becd19834
62a7c41b4a742044ba0b5a69c5e0eebdf8f9db3ab65023ce553127fe7aaf367d,1853.29,2023-03-06T17:45:00Z,b69bab68a70275b7c92c3f30aa9740403cd0d266d0bcaf217e5ff3daea711209,2023-03-06T17:45:00Z,1853.35,1847.27,2023-04-01T00:00:00Z,2023-03-06T16:00:00Z,0.0,LONG,1.0,-50.0,CONTROL_V2_FILLED_STOP,2023-03-06T17:45:00Z,CONFIRMED_25_75_RETEST_SPLIT,1853.35,True,e3650f1e044c8a7198fcab813376049764a6d1a4e7baf3634f5540b13b00f5e3,1.0,0.08038446406714725,2023_03,-1.0,-1.0,STOP,2023-03-06T20:45:00Z,SPLIT_STOP_STOP,eb6074c68d4e0f742cf546faf3650299ec1593e7276012fde112306f43d65683,2023-03-06T20:45:00Z,FIRST_RETEST_FILLED,2023-03-06T18:00:00Z,2023-03-06T17:45:00Z,1853.29,True,True,INITIAL_CONFIRMATION_STOP,bd787cb283a071f8f8fd70ee0ca92c382e58412b49cddd177a63c79e889e074c,89c73082b62f40cb528d2cf7cffa295f032f7f773826b379f0fdecf940ed9a05,1847.27,,,,CONTROL_V2_FILLED_STOP,False,,2023-03-06T17:45:00Z,1847.27,1858.24,750187f0cc77eff48b214ccbf0646e2cc7d92a7b559d41371608865becd19834
62a7c41b4a742044ba0b5a69c5e0eebdf8f9db3ab65023ce553127fe7aaf367d,1853.29,2023-03-06T17:45:00Z,b69bab68a70275b7c92c3f30aa9740403cd0d266d0bcaf217e5ff3daea711209,2023-03-06T17:45:00Z,1853.35,1847.27,2023-04-01T00:00:00Z,2023-03-06T16:00:00Z,0.0,LONG,0.6751116071428734,-50.0,M5_LATEST_CONFIRMED_OPPOSING_SWING_ELSE_CONTROL,2023-03-06T17:45:00Z,CONFIRMED_25_75_RETEST_SPLIT,1853.35,True,6987db0583ab0e34fcf15b45dcd18b9381a3a3decad721f8076ea2a2f5c03fd8,1.008700901815383,0.11951310102616276,2023_03,-1.0,-1.0,STOP,2023-03-06T20:45:00Z,SPLIT_STOP_STOP,f51d95df0f07b3e91b9640f336a3a031c8f857621d8f7dc5f8c08761cb5c1baf,2023-03-06T19:38:00Z,FIRST_RETEST_FILLED,2023-03-06T18:00:00Z,2023-03-06T17:45:00Z,1853.29,True,True,INITIAL_CONFIRMATION_STOP,6b42e624592d80ae11e4debba7c5eece604772d5aa4a19559f5ddba102927873,89c73082b62f40cb528d2cf7cffa295f032f7f773826b379f0fdecf940ed9a05,1849.2453214285713,1.6935714285714312,0.08467857142857156,,M5_LATEST_CONFIRMED_OPPOSING_SWING_ELSE_CONTROL,True,1cd1cb186deed2d0f9c45c8fffe6faa0f633d5996dbd5a782ffe1bef393f4efd,2023-03-06T17:20:00Z,1849.33,1858.24,750187f0cc77eff48b214ccbf0646e2cc7d92a7b559d41371608865becd19834
62a7c41b4a742044ba0b5a69c5e0eebdf8f9db3ab65023ce553127fe7aaf367d,1853.29,2023-03-06T17:45:00Z,b69bab68a70275b7c92c3f30aa9740403cd0d266d0bcaf217e5ff3daea711209,2023-03-06T17:45:00Z,1853.35,1847.27,2023-04-01T00:00:00Z,2023-03-06T16:00:00Z,0.0,LONG,0.6775023496240506,-50.0,M15_LATEST_CONFIRMED_OPPOSING_SWING_ELSE_CONTROL,2023-03-06T17:45:00Z,CONFIRMED_25_75_RETEST_SPLIT,1853.35,True,718a0e7253e78b8dc8deb55a123d4a175645e9f497263ddf367f75ef8fb7d3b4,1.0051019784246389,0.11908653218760706,2023_03,-1.0,-1.0,STOP,2023-03-06T20:45:00Z,SPLIT_STOP_STOP,4c9e36fac1b22110ff9448c8638e5f3a37d3e99a5b15749a3029076ccd3ac826,2023-03-06T19:38:00Z,FIRST_RETEST_FILLED,2023-03-06T18:00:00Z,2023-03-06T17:45:00Z,1853.29,True,True,INITIAL_CONFIRMATION_STOP,4d8ca7a13722655fc9beffedb1c9a59968bd16141948fa216d42d2214fb4dcc3,89c73082b62f40cb528d2cf7cffa295f032f7f773826b379f0fdecf940ed9a05,1849.2307857142857,1.9842857142857286,0.09921428571428643,,M15_LATEST_CONFIRMED_OPPOSING_SWING_ELSE_CONTROL,True,5fc31b01bf5346c8cf7203ec7767162ded9df7671d7320d28ebc59936e5515fc,2023-03-06T17:45:00Z,1849.33,1858.24,750187f0cc77eff48b214ccbf0646e2cc7d92a7b559d41371608865becd19834
62a7c41b4a742044ba0b5a69c5e0eebdf8f9db3ab65023ce553127fe7aaf367d,1853.29,2023-03-06T17:45:00Z,b69bab68a70275b7c92c3f30aa9740403cd0d266d0bcaf217e5ff3daea711209,2023-03-06T17:45:00Z,1853.35,1847.27,2023-04-01T00:00:00Z,2023-03-06T16:00:00Z,0.0,LONG,1.0,-50.0,CONTROL_V2_FILLED_STOP,2023-03-06T17:45:00Z,CONFIRMED_25_75_RETEST_SPLIT,1853.35,True,05c8187643ebcc2a28585d844b4c94a68ce07d500d4423b7e10d01c76fbccdd7,1.0,0.08038446406714725,2023_03,-1.0,-1.0,STOP,2023-03-06T20:45:00Z,SPLIT_STOP_STOP,98130ea3f44e604a3f4eef7359c29d66f2aedae5d54db866cab097060087f1fa,2023-03-06T20:45:00Z,FIRST_RETEST_FILLED,2023-03-06T18:00:00Z,2023-03-06T17:45:00Z,1853.29,True,True,INITIAL_CONFIRMATION_STOP,7d8da4d46b3bbc9d7205b55a7fd8a1af1cd52c1f7fb6102712ca622bff8e1f9d,89c73082b62f40cb528d2cf7cffa295f032f7f773826b379f0fdecf940ed9a05,1847.27,3.443571428571431,0.17217857142857157,NOT_STRICTLY_CLOSER_THAN_CONTROL,H1_SOURCE_SWING_BUFFERED_ELSE_CONTROL,False,89c73082b62f40cb528d2cf7cffa295f032f7f773826b379f0fdecf940ed9a05,2023-03-06T16:00:00Z,1847.27,1858.24,750187f0cc77eff48b214ccbf0646e2cc7d92a7b559d41371608865becd19834
06c2409612326296ae4809e84fd618422d997adc39e79c009c4fa686c4f00d25,1849.88,2023-03-06T20:05:00Z,7d4acee98db460e39a8557de54cc4c4fc8a5e178e4b02c94d6912259af69b9ab,2023-03-06T20:05:00Z,1849.76,1853.98,2023-04-01T00:00:00Z,2023-03-06T20:00:00Z,0.0,SHORT,1.0,29.502369668246363,CONTROL_V2_FILLED_STOP,2023-03-06T20:05:00Z,CONTROL_NEXT_M1_OPEN,1849.76,True,3d02a0ab202b302d6d49d6bef08fcc08b09eedf64d7ce893de2214114d31cd5c,0.03554502369670379,0.5900473933649273,2023_03,0.5900473933649273,0.5900473933649273,TARGET,2023-03-06T20:45:00Z,TARGET,39867d5935c961ae8de866462c748ac415e25139e57f2a4f052acb60bee5bf86,2023-03-06T20:45:00Z,FIRST_RETEST_FILLED,2023-03-06T20:20:00Z,2023-03-06T20:05:00Z,1849.88,True,False,INITIAL_CONFIRMATION_TARGET,7ac337635317d629c6a2346b4e4ae854fd597276607bfb5aa475de9a210bc619,61a21da5f3c891fc0fc7a2a3874f5a69c76df1f8749b928095609b2501c679a4,1853.98,,,,CONTROL_V2_FILLED_STOP,False,,2023-03-06T20:05:00Z,1853.98,1847.27,280007c8a73bd8dfacfe8fdfe83edcaaa982fcc4267cdb203d566fac22205f56
06c2409612326296ae4809e84fd618422d997adc39e79c009c4fa686c4f00d25,1849.88,2023-03-06T20:05:00Z,7d4acee98db460e39a8557de54cc4c4fc8a5e178e4b02c94d6912259af69b9ab,2023-03-06T20:05:00Z,1849.76,1853.98,2023-04-01T00:00:00Z,2023-03-06T20:00:00Z,0.2204994816351049,SHORT,0.7279620853080259,40.52734375000161,M5_LATEST_CONFIRMED_OPPOSING_SWING_ELSE_CONTROL,2023-03-06T20:05:00Z,CONTROL_NEXT_M1_OPEN,1849.76,True,8d5e3130163c1d12d92275a71a543cb40a5683293b1eb29e4eeafbd8a5d96d63,0.04882812500003137,0.8105468750000322,2023_03,0.8105468750000322,0.5900473933649273,TARGET,2023-03-06T20:45:00Z,TARGET,82d3fc6cc94f90d76833fd987bdd682246550fd5169a633bec2fb7c6e2b57be6,2023-03-06T20:45:00Z,FIRST_RETEST_FILLED,2023-03-06T20:20:00Z,2023-03-06T20:05:00Z,1849.88,True,False,INITIAL_CONFIRMATION_TARGET,1122f78818122d398a8fa99d68cd6c79ffeec727461c8f722133a6b43a6e1949,61a21da5f3c891fc0fc7a2a3874f5a69c76df1f8749b928095609b2501c679a4,1852.8319999999999,1.039999999999996,0.0519999999999998,,M5_LATEST_CONFIRMED_OPPOSING_SWING_ELSE_CONTROL,True,25fe1ecbc471d9f1091c57afc93baf4db4fb251f8ba863345bbbf504cb1b72db,2023-03-06T19:30:00Z,1852.78,1847.27,280007c8a73bd8dfacfe8fdfe83edcaaa982fcc4267cdb203d566fac22205f56
06c2409612326296ae4809e84fd618422d997adc39e79c009c4fa686c4f00d25,1849.88,2023-03-06T20:05:00Z,7d4acee98db460e39a8557de54cc4c4fc8a5e178e4b02c94d6912259af69b9ab,2023-03-06T20:05:00Z,1849.76,1853.98,2023-04-01T00:00:00Z,2023-03-06T20:00:00Z,0.20570675832145746,SHORT,0.741494583615407,39.787707584319236,M15_LATEST_CONFIRMED_OPPOSING_SWING_ELSE_CONTROL,2023-03-06T20:05:00Z,CONTROL_NEXT_M1_OPEN,1849.76,True,e6eec91bfd2f369268866b4bdd5d1036fa9aaa561e9f12e4a0668feba42fc447,0.04793699708957014,0.7957541516863847,2023_03,0.7957541516863847,0.5900473933649273,TARGET,2023-03-06T20:45:00Z,TARGET,693460253f14a3d881190b4991937ffbf51b65dfc69fb002f488578af4268a85,2023-03-06T20:45:00Z,FIRST_RETEST_FILLED,2023-03-06T20:20:00Z,2023-03-06T20:05:00Z,1849.88,True,False,INITIAL_CONFIRMATION_TARGET,323b8bdcd54545663100d6b134972b3d5099f91993db130d101dba5419a0b957,61a21da5f3c891fc0fc7a2a3874f5a69c76df1f8749b928095609b2501c679a4,1852.889107142857,2.182142857142854,0.1091071428571427,,M15_LATEST_CONFIRMED_OPPOSING_SWING_ELSE_CONTROL,True,98f2d4a4bbcb6e06cce3291214037c5a2ec73ec3b21ca988271651c445869598,2023-03-06T20:00:00Z,1852.78,1847.27,280007c8a73bd8dfacfe8fdfe83edcaaa982fcc4267cdb203d566fac22205f56
06c2409612326296ae4809e84fd618422d997adc39e79c009c4fa686c4f00d25,1849.88,2023-03-06T20:05:00Z,7d4acee98db460e39a8557de54cc4c4fc8a5e178e4b02c94d6912259af69b9ab,2023-03-06T20:05:00Z,1849.76,1853.98,2023-04-01T00:00:00Z,2023-03-06T20:00:00Z,0.0,SHORT,1.0,29.502369668246363,CONTROL_V2_FILLED_STOP,2023-03-06T20:05:00Z,CONTROL_NEXT_M1_OPEN,1849.76,True,6c17d46e404e471043ba7fcdd4b5216fcc666f97569ad70cb9c54180bb44fb41,0.03554502369670379,0.5900473933649273,2023_03,0.5900473933649273,0.5900473933649273,TARGET,2023-03-06T20:45:00Z,TARGET,e6c5a96c01c590fab0bf38123d1047531f435e7646e5dad205db98b47875ad11,2023-03-06T20:45:00Z,FIRST_RETEST_FILLED,2023-03-06T20:20:00Z,2023-03-06T20:05:00Z,1849.88,True,False,INITIAL_CONFIRMATION_TARGET,e61f3c060c1ff1e000601f5856a83f720e7aa8b6c8cf5f533cdcb97b384f0e0e,61a21da5f3c891fc0fc7a2a3874f5a69c76df1f8749b928095609b2501c679a4,1853.98,3.6585714285714306,0.18292857142857155,NOT_STRICTLY_CLOSER_THAN_CONTROL,H1_SOURCE_SWING_BUFFERED_ELSE_CONTROL,False,61a21da5f3c891fc0fc7a2a3874f5a69c76df1f8749b928095609b2501c679a4,2023-03-06T20:00:00Z,1853.98,1847.27,280007c8a73bd8dfacfe8fdfe83edcaaa982fcc4267cdb203d566fac22205f56
06c2409612326296ae4809e84fd618422d997adc39e79c009c4fa686c4f00d25,1849.88,2023-03-06T20:05:00Z,7d4acee98db460e39a8557de54cc4c4fc8a5e178e4b02c94d6912259af69b9ab,2023-03-06T20:05:00Z,1849.76,1853.98,2023-04-01T00:00:00Z,2023-03-06T20:00:00Z,0.04653797248877645,SHORT,1.0,31.829268292685185,CONTROL_V2_FILLED_STOP,2023-03-06T20:05:00Z,M5_BROKEN_CONTROL_FIRST_RETEST,1849.88,True,3d02a0ab202b302d6d49d6bef08fcc08b09eedf64d7ce893de2214114d31cd5c,0.007317073170725215,0.6365853658537037,2023_03,0.6365853658537037,0.5900473933649273,TARGET,2023-03-06T20:45:00Z,TARGET,c534b518a27ddb2d22ee14d3253e4c5c8ae022f57ca203b2f0af0972eeeee30d,2023-03-06T20:45:00Z,FIRST_RETEST_FILLED,2023-03-06T20:20:00Z,2023-03-06T20:05:00Z,1849.88,True,True,INITIAL_CONFIRMATION_TARGET,46ad2b25cef3c321383487ded692fecf7c8fbc61ff732b7ce0ef244170af8950,61a21da5f3c891fc0fc7a2a3874f5a69c76df1f8749b928095609b2501c679a4,1853.98,,,,CONTROL_V2_FILLED_STOP,False,,2023-03-06T20:05:00Z,1853.98,1847.27,280007c8a73bd8dfacfe8fdfe83edcaaa982fcc4267cdb203d566fac22205f56
06c2409612326296ae4809e84fd618422d997adc39e79c009c4fa686c4f00d25,1849.88,2023-03-06T20:05:00Z,7d4acee98db460e39a8557de54cc4c4fc8a5e178e4b02c94d6912259af69b9ab,2023-03-06T20:05:00Z,1849.76,1853.98,2023-04-01T00:00:00Z,2023-03-06T20:00:00Z,0.29409894809859916,SHORT,0.7279620853080259,44.20731707317632,M5_LATEST_CONFIRMED_OPPOSING_SWING_ELSE_CONTROL,2023-03-06T20:05:00Z,M5_BROKEN_CONTROL_FIRST_RETEST,1849.88,True,8d5e3130163c1d12d92275a71a543cb40a5683293b1eb29e4eeafbd8a5d96d63,0.010162601626007807,0.8841463414635264,2023_03,0.8841463414635264,0.5900473933649273,TARGET,2023-03-06T20:45:00Z,TARGET,f5b63cb106a910bc7b4429a684fcd8a07ad89c87dc24e430d1ab03437db97c79,2023-03-06T20:45:00Z,FIRST_RETEST_FILLED,2023-03-06T20:20:00Z,2023-03-06T20:05:00Z,1849.88,True,True,INITIAL_CONFIRMATION_TARGET,6a9c49fdf4289668936d8b4a368dd48e61f1ddac785b97602e3205b69345dac5,61a21da5f3c891fc0fc7a2a3874f5a69c76df1f8749b928095609b2501c679a4,1852.8319999999999,1.039999999999996,0.0519999999999998,,M5_LATEST_CONFIRMED_OPPOSING_SWING_ELSE_CONTROL,True,25fe1ecbc471d9f1091c57afc93baf4db4fb251f8ba863345bbbf504cb1b72db,2023-03-06T19:30:00Z,1852.78,1847.27,280007c8a73bd8dfacfe8fdfe83edcaaa982fcc4267cdb203d566fac22205f56
06c2409612326296ae4809e84fd618422d997adc39e79c009c4fa686c4f00d25,1849.88,2023-03-06T20:05:00Z,7d4acee98db460e39a8557de54cc4c4fc8a5e178e4b02c94d6912259af69b9ab,2023-03-06T20:05:00Z,1849.76,1853.98,2023-04-01T00:00:00Z,2023-03-06T20:00:00Z,0.2773195284795804,SHORT,0.741494583615407,43.36834609222539,M15_LATEST_CONFIRMED_OPPOSING_SWING_ELSE_CONTROL,2023-03-06T20:05:00Z,M5_BROKEN_CONTROL_FIRST_RETEST,1849.88,True,e6eec91bfd2f369268866b4bdd5d1036fa9aaa561e9f12e4a0668feba42fc447,0.009969734733835361,0.8673669218445077,2023_03,0.8673669218445077,0.5900473933649273,TARGET,2023-03-06T20:45:00Z,TARGET,769b383ebf204fd96583a85009c874d0d6c25f139e43cbde355dff483ff37166,2023-03-06T20:45:00Z,FIRST_RETEST_FILLED,2023-03-06T20:20:00Z,2023-03-06T20:05:00Z,1849.88,True,True,INITIAL_CONFIRMATION_TARGET,5cb48c9848019e5485138d79b949ecfc6161d026a210d6db378fba6df0bc3aec,61a21da5f3c891fc0fc7a2a3874f5a69c76df1f8749b928095609b2501c679a4,1852.889107142857,2.182142857142854,0.1091071428571427,,M15_LATEST_CONFIRMED_OPPOSING_SWING_ELSE_CONTROL,True,98f2d4a4bbcb6e06cce3291214037c5a2ec73ec3b21ca988271651c445869598,2023-03-06T20:00:00Z,1852.78,1847.27,280007c8a73bd8dfacfe8fdfe83edcaaa982fcc4267cdb203d566fac22205f56
06c2409612326296ae4809e84fd618422d997adc39e79c009c4fa686c4f00d25,1849.88,2023-03-06T20:05:00Z,7d4acee98db460e39a8557de54cc4c4fc8a5e178e4b02c94d6912259af69b9ab,2023-03-06T20:05:00Z,1849.76,1853.98,2023-04-01T00:00:00Z,2023-03-06T20:00:00Z,0.04653797248877645,SHORT,1.0,31.829268292685185,CONTROL_V2_FILLED_STOP,2023-03-06T20:05:00Z,M5_BROKEN_CONTROL_FIRST_RETEST,1849.88,True,6c17d46e404e471043ba7fcdd4b5216fcc666f97569ad70cb9c54180bb44fb41,0.007317073170725215,0.6365853658537037,2023_03,0.6365853658537037,0.5900473933649273,TARGET,2023-03-06T20:45:00Z,TARGET,9680471e2b0fa630c10f5c0757bd32eac224891508aeb8e190773e20ae4c942b,2023-03-06T20:45:00Z,FIRST_RETEST_FILLED,2023-03-06T20:20:00Z,2023-03-06T20:05:00Z,1849.88,True,True,INITIAL_CONFIRMATION_TARGET,5b7c64802ff369174ec6d82fbfcb3fbbe82ade9daf38348076cca970ee89aa03,61a21da5f3c891fc0fc7a2a3874f5a69c76df1f8749b928095609b2501c679a4,1853.98,3.6585714285714306,0.18292857142857155,NOT_STRICTLY_CLOSER_THAN_CONTROL,H1_SOURCE_SWING_BUFFERED_ELSE_CONTROL,False,61a21da5f3c891fc0fc7a2a3874f5a69c76df1f8749b928095609b2501c679a4,2023-03-06T20:00:00Z,1853.98,1847.27,280007c8a73bd8dfacfe8fdfe83edcaaa982fcc4267cdb203d566fac22205f56
06c2409612326296ae4809e84fd618422d997adc39e79c009c4fa686c4f00d25,1849.88,2023-03-06T20:05:00Z,7d4acee98db460e39a8557de54cc4c4fc8a5e178e4b02c94d6912259af69b9ab,2023-03-06T20:05:00Z,1849.76,1853.98,2023-04-01T00:00:00Z,2023-03-06T20:00:00Z,0.034903479366582335,SHORT,1.0,31.247543636575482,CONTROL_V2_FILLED_STOP,2023-03-06T20:05:00Z,CONFIRMED_25_75_RETEST_SPLIT,1849.76,True,3d02a0ab202b302d6d49d6bef08fcc08b09eedf64d7ce893de2214114d31cd5c,0.014374060802219858,0.6249508727315096,2023_03,0.6249508727315096,0.5900473933649273,TARGET,2023-03-06T20:45:00Z,SPLIT_TARGET_TARGET,253a8485eedf4963c6d5a859236e935a8a4856d30aabe590b578c8dc68044cbf,2023-03-06T20:45:00Z,FIRST_RETEST_FILLED,2023-03-06T20:20:00Z,2023-03-06T20:05:00Z,1849.88,True,True,INITIAL_CONFIRMATION_TARGET,4b4f0eab28f8ade885445c6fabc9c3536a2f89b537f2845acced6aaa9d9c2d83,61a21da5f3c891fc0fc7a2a3874f5a69c76df1f8749b928095609b2501c679a4,1853.98,,,,CONTROL_V2_FILLED_STOP,False,,2023-03-06T20:05:00Z,1853.98,1847.27,280007c8a73bd8dfacfe8fdfe83edcaaa982fcc4267cdb203d566fac22205f56
06c2409612326296ae4809e84fd618422d997adc39e79c009c4fa686c4f00d25,1849.88,2023-03-06T20:05:00Z,7d4acee98db460e39a8557de54cc4c4fc8a5e178e4b02c94d6912259af69b9ab,2023-03-06T20:05:00Z,1849.76,1853.98,2023-04-01T00:00:00Z,2023-03-06T20:00:00Z,0.2756990814827256,SHORT,0.7279620853080259,43.28732374238265,M5_LATEST_CONFIRMED_OPPOSING_SWING_ELSE_CONTROL,2023-03-06T20:05:00Z,CONFIRMED_25_75_RETEST_SPLIT,1849.76,True,8d5e3130163c1d12d92275a71a543cb40a5683293b1eb29e4eeafbd8a5d96d63,0.019828982469513697,0.8657464748476529,2023_03,0.8657464748476529,0.5900473933649273,TARGET,2023-03-06T20:45:00Z,SPLIT_TARGET_TARGET,396da6da8446816e5621463ec54112139714ec8a2205c17e6511b3fddad13cb0,2023-03-06T20:45:00Z,FIRST_RETEST_FILLED,2023-03-06T20:20:00Z,2023-03-06T20:05:00Z,1849.88,True,True,INITIAL_CONFIRMATION_TARGET,0662dd6257a1cfe6eda40410711382a71edbab5cfb6e25291c4f2c84b3a5877d,61a21da5f3c891fc0fc7a2a3874f5a69c76df1f8749b928095609b2501c679a4,1852.8319999999999,1.039999999999996,0.0519999999999998,,M5_LATEST_CONFIRMED_OPPOSING_SWING_ELSE_CONTROL,True,25fe1ecbc471d9f1091c57afc93baf4db4fb251f8ba863345bbbf504cb1b72db,2023-03-06T19:30:00Z,1852.78,1847.27,280007c8a73bd8dfacfe8fdfe83edcaaa982fcc4267cdb203d566fac22205f56
06c2409612326296ae4809e84fd618422d997adc39e79c009c4fa686c4f00d25,1849.88,2023-03-06T20:05:00Z,7d4acee98db460e39a8557de54cc4c4fc8a5e178e4b02c94d6912259af69b9ab,2023-03-06T20:05:00Z,1849.76,1853.98,2023-04-01T00:00:00Z,2023-03-06T20:00:00Z,0.25941633594004965,SHORT,0.741494583615407,42.473186465248844,M15_LATEST_CONFIRMED_OPPOSING_SWING_ELSE_CONTROL,2023-03-06T20:05:00Z,CONFIRMED_25_75_RETEST_SPLIT,1849.76,True,e6eec91bfd2f369268866b4bdd5d1036fa9aaa561e9f12e4a0668feba42fc447,0.019461550322769056,0.8494637293049769,2023_03,0.8494637293049769,0.5900473933649273,TARGET,2023-03-06T20:45:00Z,SPLIT_TARGET_TARGET,dbc504ccf6e91fb9a0a0a3cd43710def47832677ef3468fcbd00e140eea096c6,2023-03-06T20:45:00Z,FIRST_RETEST_FILLED,2023-03-06T20:20:00Z,2023-03-06T20:05:00Z,1849.88,True,True,INITIAL_CONFIRMATION_TARGET,87374065bba96de1ef4ccdddbb852cc01f5c43bbbb9a1a6e937359604e6f7258,61a21da5f3c891fc0fc7a2a3874f5a69c76df1f8749b928095609b2501c679a4,1852.889107142857,2.182142857142854,0.1091071428571427,,M15_LATEST_CONFIRMED_OPPOSING_SWING_ELSE_CONTROL,True,98f2d4a4bbcb6e06cce3291214037c5a2ec73ec3b21ca988271651c445869598,2023-03-06T20:00:00Z,1852.78,1847.27,280007c8a73bd8dfacfe8fdfe83edcaaa982fcc4267cdb203d566fac22205f56
06c2409612326296ae4809e84fd618422d997adc39e79c009c4fa686c4f00d25,1849.88,2023-03-06T20:05:00Z,7d4acee98db460e39a8557de54cc4c4fc8a5e178e4b02c94d6912259af69b9ab,2023-03-06T20:05:00Z,1849.76,1853.98,2023-04-01T00:00:00Z,2023-03-06T20:00:00Z,0.034903479366582335,SHORT,1.0,31.247543636575482,CONTROL_V2_FILLED_STOP,2023-03-06T20:05:00Z,CONFIRMED_25_75_RETEST_SPLIT,1849.76,True,6c17d46e404e471043ba7fcdd4b5216fcc666f97569ad70cb9c54180bb44fb41,0.014374060802219858,0.6249508727315096,2023_03,0.6249508727315096,0.5900473933649273,TARGET,2023-03-06T20:45:00Z,SPLIT_TARGET_TARGET,94f8ceeed70a2f2ae257d9fe30e5f094c1385ac9368062d9155391106e999536,2023-03-06T20:45:00Z,FIRST_RETEST_FILLED,2023-03-06T20:20:00Z,2023-03-06T20:05:00Z,1849.88,True,True,INITIAL_CONFIRMATION_TARGET,ff8a206eb652a54ce28de70c8c682137b7973bf83e685b89d2a89638cc543e1e,61a21da5f3c891fc0fc7a2a3874f5a69c76df1f8749b928095609b2501c679a4,1853.98,3.6585714285714306,0.18292857142857155,NOT_STRICTLY_CLOSER_THAN_CONTROL,H1_SOURCE_SWING_BUFFERED_ELSE_CONTROL,False,61a21da5f3c891fc0fc7a2a3874f5a69c76df1f8749b928095609b2501c679a4,2023-03-06T20:00:00Z,1853.98,1847.27,280007c8a73bd8dfacfe8fdfe83edcaaa982fcc4267cdb203d566fac22205f56
ba70822c673396c18c764b38d3f97a555f2aa9f6f8b40e24ba73be1f4cb30d46,1847.09,2023-03-07T07:05:00Z,735e98161eb5e6f24c87224ab2dea7c97e4d45f36e5f135532a17a891eefc577,2023-03-07T07:05:00Z,1847.05,1850.5,2023-04-01T00:00:00Z,2023-03-07T07:00:00Z,0.0,SHORT,1.0,-50.0,CONTROL_V2_FILLED_STOP,2023-03-07T07:05:00Z,CONTROL_NEXT_M1_OPEN,1847.05,True,87ba16950674787cab80700af7c9d4b9ae38667309bb814c6a22db036ba630ea,1.1159420289855322,0.47536231884053654,2023_03,-1.0,-1.0,STOP,2023-03-07T09:25:00Z,STOP,0336f9c2cdd8a5f64e133e58a2f528dad1d12c8011dea34ea6bcbbf9303795c1,2023-03-07T09:25:00Z,FIRST_RETEST_FILLED,2023-03-07T07:20:00Z,2023-03-07T07:05:00Z,1847.09,True,False,INITIAL_CONFIRMATION_STOP,f74e8701b6584326e197c760dd6eab5c4c4e8e2d0be8cfc15246874f6a900825,6b7fed79405507b6997da3619b2ea3cd0a73e65eb6dd9d819f47ba70ed8c72e9,1850.5,,,,CONTROL_V2_FILLED_STOP,False,,2023-03-07T07:05:00Z,1850.5,1844.15,6968666c5887eb4145401d578d462c40c40f16de9546a23900cbb5d30705cc32
ba70822c673396c18c764b38d3f97a555f2aa9f6f8b40e24ba73be1f4cb30d46,1847.09,2023-03-07T07:05:00Z,735e98161eb5e6f24c87224ab2dea7c97e4d45f36e5f135532a17a891eefc577,2023-03-07T07:05:00Z,1847.05,1850.5,2023-04-01T00:00:00Z,2023-03-07T07:00:00Z,0.0,SHORT,0.5224016563147017,-50.0,M5_LATEST_CONFIRMED_OPPOSING_SWING_ELSE_CONTROL,2023-03-07T07:05:00Z,CONTROL_NEXT_M1_OPEN,1847.05,True,0b0376cc3054c980c4c4c5c614136f44105fa0c5531e14d2239beb3d810d02ca,1.0098287888395165,0.027742549143918497,2023_03,-1.0,-1.0,STOP,2023-03-07T09:25:00Z,STOP,ae1e553de9f55d3b07f4c991554b39ef188197ec48c178b68ee31aa2c29ba120,2023-03-07T07:37:00Z,FIRST_RETEST_FILLED,2023-03-07T07:20:00Z,2023-03-07T07:05:00Z,1847.09,True,False,INITIAL_CONFIRMATION_STOP,7bbb8149e613c518754aee7d54c3175ad7f8c0a808718cb2857917f337213583,6b7fed79405507b6997da3619b2ea3cd0a73e65eb6dd9d819f47ba70ed8c72e9,1848.8522857142857,0.6457142857142506,0.03228571428571253,,M5_LATEST_CONFIRMED_OPPOSING_SWING_ELSE_CONTROL,True,4a6c17dda45d69832d1f9f28a7ce83f9e6a4e0fbc6f1c24365807ec06507b072,2023-03-07T07:00:00Z,1848.82,1844.15,6968666c5887eb4145401d578d462c40c40f16de9546a23900cbb5d30705cc32
ba70822c673396c18c764b38d3f97a555f2aa9f6f8b40e24ba73be1f4cb30d46,1847.09,2023-03-07T07:05:00Z,735e98161eb5e6f24c87224ab2dea7c97e4d45f36e5f135532a17a891eefc577,2023-03-07T07:05:00Z,1847.05,1850.5,2023-04-01T00:00:00Z,2023-03-07T07:00:00Z,0.0,SHORT,1.0,-50.0,CONTROL_V2_FILLED_STOP,2023-03-07T07:05:00Z,CONTROL_NEXT_M1_OPEN,1847.05,True,b5f2b605da5a966eb078cfcc04d37501f1f8951383680ddc0df3ff8351e006b1,1.1159420289855322,0.47536231884053654,2023_03,-1.0,-1.0,STOP,2023-03-07T09:25:00Z,STOP,a587d160b940cbe43c435518d9d4fe2a21367867a3483ea938feaf1b1a860641,2023-03-07T09:25:00Z,FIRST_RETEST_FILLED,2023-03-07T07:20:00Z,2023-03-07T07:05:00Z,1847.09,True,False,INITIAL_CONFIRMATION_STOP,fd466fdbc584be9bb6c7487a180f0752dc15c9bce2d34b39ebbcaf0de5ae6ab0,6b7fed79405507b6997da3619b2ea3cd0a73e65eb6dd9d819f47ba70ed8c72e9,1850.5,1.4221428571428305,0.07110714285714152,NOT_STRICTLY_CLOSER_THAN_CONTROL,M15_LATEST_CONFIRMED_OPPOSING_SWING_ELSE_CONTROL,False,3d878e4c5bc80d0697778f48dfbd0f9c31414a53b751d11a1a66c546113deaf3,2023-03-07T05:00:00Z,1850.5,1844.15,6968666c5887eb4145401d578d462c40c40f16de9546a23900cbb5d30705cc32
ba70822c673396c18c764b38d3f97a555f2aa9f6f8b40e24ba73be1f4cb30d46,1847.09,2023-03-07T07:05:00Z,735e98161eb5e6f24c87224ab2dea7c97e4d45f36e5f135532a17a891eefc577,2023-03-07T07:05:00Z,1847.05,1850.5,2023-04-01T00:00:00Z,2023-03-07T07:00:00Z,0.0,SHORT,1.0,-50.0,CONTROL_V2_FILLED_STOP,2023-03-07T07:05:00Z,CONTROL_NEXT_M1_OPEN,1847.05,True,bcd8d45ccbcac7596417079245049f91bb80dfdb6c9ffd072a7dd235558b3e42,1.1159420289855322,0.47536231884053654,2023_03,-1.0,-1.0,STOP,2023-03-07T09:25:00Z,STOP,8a95e0f8775fd418c2f89ea7a52277eed6a38502dd141d3d25585ad1dcb50ad8,2023-03-07T09:25:00Z,FIRST_RETEST_FILLED,2023-03-07T07:20:00Z,2023-03-07T07:05:00Z,1847.09,True,False,INITIAL_CONFIRMATION_STOP,8853b4cd2c83570d8b826c6675fbfb765ad2e0a799a53296fc82b5bc6fdc522f,6b7fed79405507b6997da3619b2ea3cd0a73e65eb6dd9d819f47ba70ed8c72e9,1850.5,3.143571428571412,0.1571785714285706,NOT_STRICTLY_CLOSER_THAN_CONTROL,H1_SOURCE_SWING_BUFFERED_ELSE_CONTROL,False,6b7fed79405507b6997da3619b2ea3cd0a73e65eb6dd9d819f47ba70ed8c72e9,2023-03-07T07:00:00Z,1850.5,1844.15,6968666c5887eb4145401d578d462c40c40f16de9546a23900cbb5d30705cc32
ba70822c673396c18c764b38d3f97a555f2aa9f6f8b40e24ba73be1f4cb30d46,1847.09,2023-03-07T07:05:00Z,735e98161eb5e6f24c87224ab2dea7c97e4d45f36e5f135532a17a891eefc577,2023-03-07T07:05:00Z,1847.05,1850.5,2023-04-01T00:00:00Z,2023-03-07T07:00:00Z,0.0,SHORT,1.0,-50.0,CONTROL_V2_FILLED_STOP,2023-03-07T07:05:00Z,M5_BROKEN_CONTROL_FIRST_RETEST,1847.09,True,87ba16950674787cab80700af7c9d4b9ae38667309bb814c6a22db036ba630ea,1.1173020527859476,0.49266862170081993,2023_03,-1.0,-1.0,STOP,2023-03-07T09:25:00Z,STOP,1424fb38cb5cbe5c647e6c1367382428cfed9e796fbe3f8b709a6a85a3927479,2023-03-07T09:25:00Z,FIRST_RETEST_FILLED,2023-03-07T07:20:00Z,2023-03-07T07:05:00Z,1847.09,True,True,INITIAL_CONFIRMATION_STOP,aa90b4acd7d55be1d6edafb438c40bf1d0e6313e9b687f41a1653b9117aa51e0,6b7fed79405507b6997da3619b2ea3cd0a73e65eb6dd9d819f47ba70ed8c72e9,1850.5,,,,CONTROL_V2_FILLED_STOP,False,,2023-03-07T07:05:00Z,1850.5,1844.15,6968666c5887eb4145401d578d462c40c40f16de9546a23900cbb5d30705cc32
ba70822c673396c18c764b38d3f97a555f2aa9f6f8b40e24ba73be1f4cb30d46,1847.09,2023-03-07T07:05:00Z,735e98161eb5e6f24c87224ab2dea7c97e4d45f36e5f135532a17a891eefc577,2023-03-07T07:05:00Z,1847.05,1850.5,2023-04-01T00:00:00Z,2023-03-07T07:00:00Z,0.0,SHORT,0.5224016563147017,-50.0,M5_LATEST_CONFIRMED_OPPOSING_SWING_ELSE_CONTROL,2023-03-07T07:05:00Z,M5_BROKEN_CONTROL_FIRST_RETEST,1847.09,True,0b0376cc3054c980c4c4c5c614136f44105fa0c5531e14d2239beb3d810d02ca,1.010051880674395,0.05107003891045745,2023_03,-1.0,-1.0,STOP,2023-03-07T09:25:00Z,STOP,d90a89200a20db85e8eb12ec7b3426cff5473229ff875ae6d5449ab2b3d6af1c,2023-03-07T07:37:00Z,FIRST_RETEST_FILLED,2023-03-07T07:20:00Z,2023-03-07T07:05:00Z,1847.09,True,True,INITIAL_CONFIRMATION_STOP,24b2d73795404fdaab877819a389e6fd33b5516d1a6f1240876b30a79ea05725,6b7fed79405507b6997da3619b2ea3cd0a73e65eb6dd9d819f47ba70ed8c72e9,1848.8522857142857,0.6457142857142506,0.03228571428571253,,M5_LATEST_CONFIRMED_OPPOSING_SWING_ELSE_CONTROL,True,4a6c17dda45d69832d1f9f28a7ce83f9e6a4e0fbc6f1c24365807ec06507b072,2023-03-07T07:00:00Z,1848.82,1844.15,6968666c5887eb4145401d578d462c40c40f16de9546a23900cbb5d30705cc32
ba70822c673396c18c764b38d3f97a555f2aa9f6f8b40e24ba73be1f4cb30d46,1847.09,2023-03-07T07:05:00Z,735e98161eb5e6f24c87224ab2dea7c97e4d45f36e5f135532a17a891eefc577,2023-03-07T07:05:00Z,1847.05,1850.5,2023-04-01T00:00:00Z,2023-03-07T07:00:00Z,0.0,SHORT,1.0,-50.0,CONTROL_V2_FILLED_STOP,2023-03-07T07:05:00Z,M5_BROKEN_CONTROL_FIRST_RETEST,1847.09,True,b5f2b605da5a966eb078cfcc04d37501f1f8951383680ddc0df3ff8351e006b1,1.1173020527859476,0.49266862170081993,2023_03,-1.0,-1.0,STOP,2023-03-07T09:25:00Z,STOP,2866b014bf48421ba2607d00d61573c9b2953a417049b137315cc2d48748948a,2023-03-07T09:25:00Z,FIRST_RETEST_FILLED,2023-03-07T07:20:00Z,2023-03-07T07:05:00Z,1847.09,True,True,INITIAL_CONFIRMATION_STOP,4e03f695168b959e77ed3dfcefed44fb0828910d47594bfe8f1b3b984bea9074,6b7fed79405507b6997da3619b2ea3cd0a73e65eb6dd9d819f47ba70ed8c72e9,1850.5,1.4221428571428305,0.07110714285714152,NOT_STRICTLY_CLOSER_THAN_CONTROL,M15_LATEST_CONFIRMED_OPPOSING_SWING_ELSE_CONTROL,False,3d878e4c5bc80d0697778f48dfbd0f9c31414a53b751d11a1a66c546113deaf3,2023-03-07T05:00:00Z,1850.5,1844.15,6968666c5887eb4145401d578d462c40c40f16de9546a23900cbb5d30705cc32
ba70822c673396c18c764b38d3f97a555f2aa9f6f8b40e24ba73be1f4cb30d46,1847.09,2023-03-07T07:05:00Z,735e98161eb5e6f24c87224ab2dea7c97e4d45f36e5f135532a17a891eefc577,2023-03-07T07:05:00Z,1847.05,1850.5,2023-04-01T00:00:00Z,2023-03-07T07:00:00Z,0.0,SHORT,1.0,-50.0,CONTROL_V2_FILLED_STOP,2023-03-07T07:05:00Z,M5_BROKEN_CONTROL_FIRST_RETEST,1847.09,True,bcd8d45ccbcac7596417079245049f91bb80dfdb6c9ffd072a7dd235558b3e42,1.1173020527859476,0.49266862170081993,2023_03,-1.0,-1.0,STOP,2023-03-07T09:25:00Z,STOP,d83d04695a69add17af2616e36dfff439940ee79c792a5d2821dc0354f26f2bc,2023-03-07T09:25:00Z,FIRST_RETEST_FILLED,2023-03-07T07:20:00Z,2023-03-07T07:05:00Z,1847.09,True,True,INITIAL_CONFIRMATION_STOP,60f6613491d0a0e4730f50d9c59d3277d30e0185f954f89a429140a1df014ade,6b7fed79405507b6997da3619b2ea3cd0a73e65eb6dd9d819f47ba70ed8c72e9,1850.5,3.143571428571412,0.1571785714285706,NOT_STRICTLY_CLOSER_THAN_CONTROL,H1_SOURCE_SWING_BUFFERED_ELSE_CONTROL,False,6b7fed79405507b6997da3619b2ea3cd0a73e65eb6dd9d819f47ba70ed8c72e9,2023-03-07T07:00:00Z,1850.5,1844.15,6968666c5887eb4145401d578d462c40c40f16de9546a23900cbb5d30705cc32
ba70822c673396c18c764b38d3f97a555f2aa9f6f8b40e24ba73be1f4cb30d46,1847.09,2023-03-07T07:05:00Z,735e98161eb5e6f24c87224ab2dea7c97e4d45f36e5f135532a17a891eefc577,2023-03-07T07:05:00Z,1847.05,1850.5,2023-04-01T00:00:00Z,2023-03-07T07:00:00Z,0.0,SHORT,1.0,-50.0,CONTROL_V2_FILLED_STOP,2023-03-07T07:05:00Z,CONFIRMED_25_75_RETEST_SPLIT,1847.05,True,87ba16950674787cab80700af7c9d4b9ae38667309bb814c6a22db036ba630ea,1.1169620468358437,0.4883420459857491,2023_03,-1.0,-1.0,STOP,2023-03-07T09:25:00Z,SPLIT_STOP_STOP,6bea4bb6de0348a9cac5737914485e0aa76e13452fbfed4a32def013279fc535,2023-03-07T09:25:00Z,FIRST_RETEST_FILLED,2023-03-07T07:20:00Z,2023-03-07T07:05:00Z,1847.09,True,True,INITIAL_CONFIRMATION_STOP,7547d4670dc9431baf6b07447c7aa18a3dcdd1445521ab6395b03100c176c00a,6b7fed79405507b6997da3619b2ea3cd0a73e65eb6dd9d819f47ba70ed8c72e9,1850.5,,,,CONTROL_V2_FILLED_STOP,False,,2023-03-07T07:05:00Z,1850.5,1844.15,6968666c5887eb4145401d578d462c40c40f16de9546a23900cbb5d30705cc32
ba70822c673396c18c764b38d3f97a555f2aa9f6f8b40e24ba73be1f4cb30d46,1847.09,2023-03-07T07:05:00Z,735e98161eb5e6f24c87224ab2dea7c97e4d45f36e5f135532a17a891eefc577,2023-03-07T07:05:00Z,1847.05,1850.5,2023-04-01T00:00:00Z,2023-03-07T07:00:00Z,0.0,SHORT,0.5224016563147017,-50.0,M5_LATEST_CONFIRMED_OPPOSING_SWING_ELSE_CONTROL,2023-03-07T07:05:00Z,CONFIRMED_25_75_RETEST_SPLIT,1847.05,True,0b0376cc3054c980c4c4c5c614136f44105fa0c5531e14d2239beb3d810d02ca,1.0099961077156754,0.04523816646882271,2023_03,-1.0,-1.0,STOP,2023-03-07T09:25:00Z,SPLIT_STOP_STOP,e93d4942a80315f93bb36cbc1106897b0190bb2ac22cade4c3d760c1b129d558,2023-03-07T07:37:00Z,FIRST_RETEST_FILLED,2023-03-07T07:20:00Z,2023-03-07T07:05:00Z,1847.09,True,True,INITIAL_CONFIRMATION_STOP,3fd528ef5e10ecd495142eb7dbafe557c2b522a918349d0cd4762b695c3e44e9,6b7fed79405507b6997da3619b2ea3cd0a73e65eb6dd9d819f47ba70ed8c72e9,1848.8522857142857,0.6457142857142506,0.03228571428571253,,M5_LATEST_CONFIRMED_OPPOSING_SWING_ELSE_CONTROL,True,4a6c17dda45d69832d1f9f28a7ce83f9e6a4e0fbc6f1c24365807ec06507b072,2023-03-07T07:00:00Z,1848.82,1844.15,6968666c5887eb4145401d578d462c40c40f16de9546a23900cbb5d30705cc32
ba70822c673396c18c764b38d3f97a555f2aa9f6f8b40e24ba73be1f4cb30d46,1847.09,2023-03-07T07:05:00Z,735e98161eb5e6f24c87224ab2dea7c97e4d45f36e5f135532a17a891eefc577,2023-03-07T07:05:00Z,1847.05,1850.5,2023-04-01T00:00:00Z,2023-03-07T07:00:00Z,0.0,SHORT,1.0,-50.0,CONTROL_V2_FILLED_STOP,2023-03-07T07:05:00Z,CONFIRMED_25_75_RETEST_SPLIT,1847.05,True,b5f2b605da5a966eb078cfcc04d37501f1f8951383680ddc0df3ff8351e006b1,1.1169620468358437,0.4883420459857491,2023_03,-1.0,-1.0,STOP,2023-03-07T09:25:00Z,SPLIT_STOP_STOP,21270bbaf7c790275a2d3724bd6ca8b5fdfb9156421972615fee52d0403927c8,2023-03-07T09:25:00Z,FIRST_RETEST_FILLED,2023-03-07T07:20:00Z,2023-03-07T07:05:00Z,1847.09,True,True,INITIAL_CONFIRMATION_STOP,61777aea432d70744904d2413fd4331c5434487347668fc0202fc496cbcd1774,6b7fed79405507b6997da3619b2ea3cd0a73e65eb6dd9d819f47ba70ed8c72e9,1850.5,1.4221428571428305,0.07110714285714152,NOT_STRICTLY_CLOSER_THAN_CONTROL,M15_LATEST_CONFIRMED_OPPOSING_SWING_ELSE_CONTROL,False,3d878e4c5bc80d0697778f48dfbd0f9c31414a53b751d11a1a66c546113deaf3,2023-03-07T05:00:00Z,1850.5,1844.15,6968666c5887eb4145401d578d462c40c40f16de9546a23900cbb5d30705cc32
ba70822c673396c18c764b38d3f97a555f2aa9f6f8b40e24ba73be1f4cb30d46,1847.09,2023-03-07T07:05:00Z,735e98161eb5e6f24c87224ab2dea7c97e4d45f36e5f135532a17a891eefc577,2023-03-07T07:05:00Z,1847.05,1850.5,2023-04-01T00:00:00Z,2023-03-07T07:00:00Z,0.0,SHORT,1.0,-50.0,CONTROL_V2_FILLED_STOP,2023-03-07T07:05:00Z,CONFIRMED_25_75_RETEST_SPLIT,1847.05,True,bcd8d45ccbcac7596417079245049f91bb80dfdb6c9ffd072a7dd235558b3e42,1.1169620468358437,0.4883420459857491,2023_03,-1.0,-1.0,STOP,2023-03-07T09:25:00Z,SPLIT_STOP_STOP,3a911f14ca1bd7ef62b9a14f4b16e3662738b4c0fa00417dd7b92affcc617899,2023-03-07T09:25:00Z,FIRST_RETEST_FILLED,2023-03-07T07:20:00Z,2023-03-07T07:05:00Z,1847.09,True,True,INITIAL_CONFIRMATION_STOP,c8037f3aea788d902aec1e16417164b57f4f4c4810c9cae266e7a75de62693c8,6b7fed79405507b6997da3619b2ea3cd0a73e65eb6dd9d819f47ba70ed8c72e9,1850.5,3.143571428571412,0.1571785714285706,NOT_STRICTLY_CLOSER_THAN_CONTROL,H1_SOURCE_SWING_BUFFERED_ELSE_CONTROL,False,6b7fed79405507b6997da3619b2ea3cd0a73e65eb6dd9d819f47ba70ed8c72e9,2023-03-07T07:00:00Z,1850.5,1844.15,6968666c5887eb4145401d578d462c40c40f16de9546a23900cbb5d30705cc32
458c5b6beb7e59ec31b15851442132d0d6261d02278daa020e7da03b9a8597f9,1850.16,2023-03-07T09:25:00Z,a0fda4befd50d7ed3dd7a7d2849eb81e65a9ab2348b41663f41b61b4d60484a5,2023-03-07T09:25:00Z,1850.23,1844.15,2023-04-01T00:00:00Z,2023-03-07T05:00:00Z,0.0,LONG,1.0,-50.0,CONTROL_V2_FILLED_STOP,2023-03-07T09:25:00Z,CONTROL_NEXT_M1_OPEN,1850.23,True,084e66e05c60bf2167120a9fac95333f05f85b7c6a2292abda0774bef35f433f,1.0032894736842075,0.23519736842106592,2023_03,-1.0,-1.0,STOP,2023-03-07T11:49:00Z,STOP,4e81ff9c0584c8923a2bc39f2a68f4967109765a0b6c92c1554ad54a9ba332b2,2023-03-07T11:49:00Z,FIRST_RETEST_FILLED,2023-03-07T09:40:00Z,2023-03-07T09:34:00Z,1850.16,True,False,INITIAL_CONFIRMATION_STOP,e4c759b9e6344a8333552206e06227fadcdd3eb96cd1f350aeba09dcba2bcb2a,fcf735167b43a52d78257db73b7c70daa48e953b4ef94d4def787397040a9248,1844.15,,,,CONTROL_V2_FILLED_STOP,False,,2023-03-07T09:25:00Z,1844.15,1853.98,9e2951094a4bbf3eddfc822a12f24a136fabcfc6d6370b06da4d3c457e84dbe2
458c5b6beb7e59ec31b15851442132d0d6261d02278daa020e7da03b9a8597f9,1850.16,2023-03-07T09:25:00Z,a0fda4befd50d7ed3dd7a7d2849eb81e65a9ab2348b41663f41b61b4d60484a5,2023-03-07T09:25:00Z,1850.23,1844.15,2023-04-01T00:00:00Z,2023-03-07T05:00:00Z,0.0,LONG,0.8014626409774254,-50.0,M5_LATEST_CONFIRMED_OPPOSING_SWING_ELSE_CONTROL,2023-03-07T09:25:00Z,CONTROL_NEXT_M1_OPEN,1850.23,True,53d70472c7325655a3cf1fabe7f26328d00bbe5ad06f3b331351af3e631e157c,1.0527627326097584,0.29346017692631376,2023_03,-1.0,-1.0,STOP,2023-03-07T11:49:00Z,STOP,f6882ec3e31bbc9075e0e920d2327d20cd93019187de65079329ca2e1c751134,2023-03-07T11:18:00Z,FIRST_RETEST_FILLED,2023-03-07T09:40:00Z,2023-03-07T09:34:00Z,1850.16,True,False,INITIAL_CONFIRMATION_STOP,e33b6e64f6f96cd3c14c3cb328e712a25a1032f02db1895f1ec957d79246508b,fcf735167b43a52d78257db73b7c70daa48e953b4ef94d4def787397040a9248,1845.3571071428573,1.0578571428571553,0.05289285714285777,,M5_LATEST_CONFIRMED_OPPOSING_SWING_ELSE_CONTROL,True,4dbfca60f706e4bd8fbad825aa059f807d47b572f13ad8fefb619729edf779cd,2023-03-07T09:20:00Z,1845.41,1853.98,9e2951094a4bbf3eddfc822a12f24a136fabcfc6d6370b06da4d3c457e84dbe2
458c5b6beb7e59ec31b15851442132d0d6261d02278daa020e7da03b9a8597f9,1850.16,2023-03-07T09:25:00Z,a0fda4befd50d7ed3dd7a7d2849eb81e65a9ab2348b41663f41b61b4d60484a5,2023-03-07T09:25:00Z,1850.23,1844.15,2023-04-01T00:00:00Z,2023-03-07T05:00:00Z,0.0,LONG,0.5422932330827276,-50.0,M15_LATEST_CONFIRMED_OPPOSING_SWING_ELSE_CONTROL,2023-03-07T09:25:00Z,CONTROL_NEXT_M1_OPEN,1850.23,True,2394b4c7e88c3535bac1658ca2f6a21a3f8efe64d29d7791d0ed861781dd2379,1.0766897746966648,0.4337088388214983,2023_03,-1.0,-1.0,STOP,2023-03-07T11:49:00Z,STOP,ea1a100e9810f1f97aa62ab504409c7b4fc6d6cdeeae1e054d8774deef1d57ac,2023-03-07T10:12:00Z,FIRST_RETEST_FILLED,2023-03-07T09:40:00Z,2023-03-07T09:34:00Z,1850.16,True,False,INITIAL_CONFIRMATION_STOP,98ecf8e5fac982a71e75c5dbab3c57154d3efc6920dabe84e99a101aed39e699,fcf735167b43a52d78257db73b7c70daa48e953b4ef94d4def787397040a9248,1846.932857142857,1.3428571428571558,0.0671428571428578,,M15_LATEST_CONFIRMED_OPPOSING_SWING_ELSE_CONTROL,True,3010ac88a350ee6db2fd9c7e4cecb46ac784e560b83409f35a8c1c9f32039339,2023-03-07T07:45:00Z,1847.0,1853.98,9e2951094a4bbf3eddfc822a12f24a136fabcfc6d6370b06da4d3c457e84dbe2
458c5b6beb7e59ec31b15851442132d0d6261d02278daa020e7da03b9a8597f9,1850.16,2023-03-07T09:25:00Z,a0fda4befd50d7ed3dd7a7d2849eb81e65a9ab2348b41663f41b61b4d60484a5,2023-03-07T09:25:00Z,1850.23,1844.15,2023-04-01T00:00:00Z,2023-03-07T05:00:00Z,0.0,LONG,1.0,-50.0,CONTROL_V2_FILLED_STOP,2023-03-07T09:25:00Z,CONTROL_NEXT_M1_OPEN,1850.23,True,f761f1035d95db261652faeb42ac0a0a7963fb32513c80c4faa7fb3f6333db3e,1.0032894736842075,0.23519736842106592,2023_03,-1.0,-1.0,STOP,2023-03-07T11:49:00Z,STOP,e1102c748e48e0d596a9ad8dbdd87eba28cdf346bb542033d7088ced04764af0,2023-03-07T11:49:00Z,FIRST_RETEST_FILLED,2023-03-07T09:40:00Z,2023-03-07T09:34:00Z,1850.16,True,False,INITIAL_CONFIRMATION_STOP,120555fb6d25777c6f5179d3eecc127b3d3aaf1112d11da3b376f4c0b9eee817,fcf735167b43a52d78257db73b7c70daa48e953b4ef94d4def787397040a9248,1844.15,2.904999999999989,0.14524999999999946,NOT_STRICTLY_CLOSER_THAN_CONTROL,H1_SOURCE_SWING_BUFFERED_ELSE_CONTROL,False,fcf735167b43a52d78257db73b7c70daa48e953b4ef94d4def787397040a9248,2023-03-07T05:00:00Z,1844.15,1853.98,9e2951094a4bbf3eddfc822a12f24a136fabcfc6d6370b06da4d3c457e84dbe2
458c5b6beb7e59ec31b15851442132d0d6261d02278daa020e7da03b9a8597f9,1850.16,2023-03-07T09:25:00Z,a0fda4befd50d7ed3dd7a7d2849eb81e65a9ab2348b41663f41b61b4d60484a5,2023-03-07T09:25:00Z,1850.23,1844.15,2023-04-01T00:00:00Z,2023-03-07T05:00:00Z,0.0,LONG,1.0,-50.0,CONTROL_V2_FILLED_STOP,2023-03-07T09:34:00Z,M5_BROKEN_CONTROL_FIRST_RETEST,1850.16,True,084e66e05c60bf2167120a9fac95333f05f85b7c6a2292abda0774bef35f433f,1.0033277870216275,0.10815307820297247,2023_03,-1.0,-1.0,STOP,2023-03-07T11:49:00Z,STOP,940d1dace11b3962a1ca0f121327ee3519f9307ee9bb8f06f263fc0f6e71b574,2023-03-07T11:49:00Z,FIRST_RETEST_FILLED,2023-03-07T09:40:00Z,2023-03-07T09:34:00Z,1850.16,True,True,INITIAL_CONFIRMATION_STOP,2333de5e66239816bb964ebe23e6ade7989c14be89e63d6f9217715fa73dd34d,fcf735167b43a52d78257db73b7c70daa48e953b4ef94d4def787397040a9248,1844.15,,,,CONTROL_V2_FILLED_STOP,False,,2023-03-07T09:25:00Z,1844.15,1853.98,9e2951094a4bbf3eddfc822a12f24a136fabcfc6d6370b06da4d3c457e84dbe2
458c5b6beb7e59ec31b15851442132d0d6261d02278daa020e7da03b9a8597f9,1850.16,2023-03-07T09:25:00Z,a0fda4befd50d7ed3dd7a7d2849eb81e65a9ab2348b41663f41b61b4d60484a5,2023-03-07T09:25:00Z,1850.23,1844.15,2023-04-01T00:00:00Z,2023-03-07T05:00:00Z,0.0,LONG,0.8014626409774254,-50.0,M5_LATEST_CONFIRMED_OPPOSING_SWING_ELSE_CONTROL,2023-03-07T09:34:00Z,M5_BROKEN_CONTROL_FIRST_RETEST,1850.16,True,53d70472c7325655a3cf1fabe7f26328d00bbe5ad06f3b331351af3e631e157c,1.0535317256713437,0.13533510310004077,2023_03,-1.0,-1.0,STOP,2023-03-07T11:49:00Z,STOP,e0b1ec71d6a66c3264d1dd0e518e670422c9a560707c7ba89515a13cfaafb806,2023-03-07T11:18:00Z,FIRST_RETEST_FILLED,2023-03-07T09:40:00Z,2023-03-07T09:34:00Z,1850.16,True,True,INITIAL_CONFIRMATION_STOP,6cb5788ee0ba04cd3229ba308ce5ed9ac2fbfbf6c29eabfc85fcff80363c0bad,fcf735167b43a52d78257db73b7c70daa48e953b4ef94d4def787397040a9248,1845.3571071428573,1.0578571428571553,0.05289285714285777,,M5_LATEST_CONFIRMED_OPPOSING_SWING_ELSE_CONTROL,True,4dbfca60f706e4bd8fbad825aa059f807d47b572f13ad8fefb619729edf779cd,2023-03-07T09:20:00Z,1845.41,1853.98,9e2951094a4bbf3eddfc822a12f24a136fabcfc6d6370b06da4d3c457e84dbe2
458c5b6beb7e59ec31b15851442132d0d6261d02278daa020e7da03b9a8597f9,1850.16,2023-03-07T09:25:00Z,a0fda4befd50d7ed3dd7a7d2849eb81e65a9ab2348b41663f41b61b4d60484a5,2023-03-07T09:25:00Z,1850.23,1844.15,2023-04-01T00:00:00Z,2023-03-07T05:00:00Z,0.0,LONG,0.5422932330827276,-50.0,M15_LATEST_CONFIRMED_OPPOSING_SWING_ELSE_CONTROL,2023-03-07T09:34:00Z,M5_BROKEN_CONTROL_FIRST_RETEST,1850.16,True,2394b4c7e88c3535bac1658ca2f6a21a3f8efe64d29d7791d0ed861781dd2379,1.0783532536520137,0.20141655599817762,2023_03,-1.0,-1.0,STOP,2023-03-07T11:49:00Z,STOP,3c4d90bdad2ab5788d4edeaf96ed044b01617f365bbcdead1cbf475c7252ac27,2023-03-07T10:12:00Z,FIRST_RETEST_FILLED,2023-03-07T09:40:00Z,2023-03-07T09:34:00Z,1850.16,True,True,INITIAL_CONFIRMATION_STOP,da9c3de7773bea09ef6fba81645ce4f7f41bbb721da54cc8b9e688b99aed17d7,fcf735167b43a52d78257db73b7c70daa48e953b4ef94d4def787397040a9248,1846.932857142857,1.3428571428571558,0.0671428571428578,,M15_LATEST_CONFIRMED_OPPOSING_SWING_ELSE_CONTROL,True,3010ac88a350ee6db2fd9c7e4cecb46ac784e560b83409f35a8c1c9f32039339,2023-03-07T07:45:00Z,1847.0,1853.98,9e2951094a4bbf3eddfc822a12f24a136fabcfc6d6370b06da4d3c457e84dbe2
458c5b6beb7e59ec31b15851442132d0d6261d02278daa020e7da03b9a8597f9,1850.16,2023-03-07T09:25:00Z,a0fda4befd50d7ed3dd7a7d2849eb81e65a9ab2348b41663f41b61b4d60484a5,2023-03-07T09:25:00Z,1850.23,1844.15,2023-04-01T00:00:00Z,2023-03-07T05:00:00Z,0.0,LONG,1.0,-50.0,CONTROL_V2_FILLED_STOP,2023-03-07T09:34:00Z,M5_BROKEN_CONTROL_FIRST_RETEST,1850.16,True,f761f1035d95db261652faeb42ac0a0a7963fb32513c80c4faa7fb3f6333db3e,1.0033277870216275,0.10815307820297247,2023_03,-1.0,-1.0,STOP,2023-03-07T11:49:00Z,STOP,5aafb22d06b88251ceea649f00cb4f26583fc575f594401ce4eb71b6805e80ee,2023-03-07T11:49:00Z,FIRST_RETEST_FILLED,2023-03-07T09:40:00Z,2023-03-07T09:34:00Z,1850.16,True,True,INITIAL_CONFIRMATION_STOP,533b867c4011d2f44e747e0458e519ba0e9d5b95c5e639bf7022426042ebb8b2,fcf735167b43a52d78257db73b7c70daa48e953b4ef94d4def787397040a9248,1844.15,2.904999999999989,0.14524999999999946,NOT_STRICTLY_CLOSER_THAN_CONTROL,H1_SOURCE_SWING_BUFFERED_ELSE_CONTROL,False,fcf735167b43a52d78257db73b7c70daa48e953b4ef94d4def787397040a9248,2023-03-07T05:00:00Z,1844.15,1853.98,9e2951094a4bbf3eddfc822a12f24a136fabcfc6d6370b06da4d3c457e84dbe2
458c5b6beb7e59ec31b15851442132d0d6261d02278daa020e7da03b9a8597f9,1850.16,2023-03-07T09:25:00Z,a0fda4befd50d7ed3dd7a7d2849eb81e65a9ab2348b41663f41b61b4d60484a5,2023-03-07T09:25:00Z,1850.23,1844.15,2023-04-01T00:00:00Z,2023-03-07T05:00:00Z,0.0,LONG,1.0,-50.0,CONTROL_V2_FILLED_STOP,2023-03-07T09:25:00Z,CONFIRMED_25_75_RETEST_SPLIT,1850.23,True,084e66e05c60bf2167120a9fac95333f05f85b7c6a2292abda0774bef35f433f,1.0033182086872725,0.13991415075749583,2023_03,-1.0,-1.0,STOP,2023-03-07T11:49:00Z,SPLIT_STOP_STOP,7e54ac1d7dd392b9fa998c6f13852a463303b5cdddd9b4d44365a39d8992fb89,2023-03-07T11:49:00Z,FIRST_RETEST_FILLED,2023-03-07T09:40:00Z,2023-03-07T09:34:00Z,1850.16,True,True,INITIAL_CONFIRMATION_STOP,15d8fc9b491c3d493a7108d3291e78e3228b787a26781e4c7eb8ba6e8ebc6eb3,fcf735167b43a52d78257db73b7c70daa48e953b4ef94d4def787397040a9248,1844.15,,,,CONTROL_V2_FILLED_STOP,False,,2023-03-07T09:25:00Z,1844.15,1853.98,9e2951094a4bbf3eddfc822a12f24a136fabcfc6d6370b06da4d3c457e84dbe2
458c5b6beb7e59ec31b15851442132d0d6261d02278daa020e7da03b9a8597f9,1850.16,2023-03-07T09:25:00Z,a0fda4befd50d7ed3dd7a7d2849eb81e65a9ab2348b41663f41b61b4d60484a5,2023-03-07T09:25:00Z,1850.23,1844.15,2023-04-01T00:00:00Z,2023-03-07T05:00:00Z,0.0,LONG,0.8014626409774254,-50.0,M5_LATEST_CONFIRMED_OPPOSING_SWING_ELSE_CONTROL,2023-03-07T09:25:00Z,CONFIRMED_25_75_RETEST_SPLIT,1850.23,True,53d70472c7325655a3cf1fabe7f26328d00bbe5ad06f3b331351af3e631e157c,1.0533394774059472,0.174866371556609,2023_03,-1.0,-1.0,STOP,2023-03-07T11:49:00Z,SPLIT_STOP_STOP,346868cc904c11585cd3b3cbe6d97d1d261a7c70bb7b2e57125b1538af8ba04f,2023-03-07T11:18:00Z,FIRST_RETEST_FILLED,2023-03-07T09:40:00Z,2023-03-07T09:34:00Z,1850.16,True,True,INITIAL_CONFIRMATION_STOP,36a56d99412ce1c0905c6e5b11c0efd27338218066898d8dcd7ba95476bb4b2c,fcf735167b43a52d78257db73b7c70daa48e953b4ef94d4def787397040a9248,1845.3571071428573,1.0578571428571553,0.05289285714285777,,M5_LATEST_CONFIRMED_OPPOSING_SWING_ELSE_CONTROL,True,4dbfca60f706e4bd8fbad825aa059f807d47b572f13ad8fefb619729edf779cd,2023-03-07T09:20:00Z,1845.41,1853.98,9e2951094a4bbf3eddfc822a12f24a136fabcfc6d6370b06da4d3c457e84dbe2
458c5b6beb7e59ec31b15851442132d0d6261d02278daa020e7da03b9a8597f9,1850.16,2023-03-07T09:25:00Z,a0fda4befd50d7ed3dd7a7d2849eb81e65a9ab2348b41663f41b61b4d60484a5,2023-03-07T09:25:00Z,1850.23,1844.15,2023-04-01T00:00:00Z,2023-03-07T05:00:00Z,0.0,LONG,0.5422932330827276,-50.0,M15_LATEST_CONFIRMED_OPPOSING_SWING_ELSE_CONTROL,2023-03-07T09:25:00Z,CONFIRMED_25_75_RETEST_SPLIT,1850.23,True,2394b4c7e88c3535bac1658ca2f6a21a3f8efe64d29d7791d0ed861781dd2379,1.0779373839131765,0.25948962670400777,2023_03,-1.0,-1.0,STOP,2023-03-07T11:49:00Z,SPLIT_STOP_STOP,b1c8ccf708bf43c4e0759823bbf3b2e9180c310f218027bcd964669b270be4e8,2023-03-07T10:12:00Z,FIRST_RETEST_FILLED,2023-03-07T09:40:00Z,2023-03-07T09:34:00Z,1850.16,True,True,INITIAL_CONFIRMATION_STOP,f52f48005ba7d2d57192c5250e78a985b3ae1dc744eca9f1d15e3d7923243bcd,fcf735167b43a52d78257db73b7c70daa48e953b4ef94d4def787397040a9248,1846.932857142857,1.3428571428571558,0.0671428571428578,,M15_LATEST_CONFIRMED_OPPOSING_SWING_ELSE_CONTROL,True,3010ac88a350ee6db2fd9c7e4cecb46ac784e560b83409f35a8c1c9f32039339,2023-03-07T07:45:00Z,1847.0,1853.98,9e2951094a4bbf3eddfc822a12f24a136fabcfc6d6370b06da4d3c457e84dbe2
458c5b6beb7e59ec31b15851442132d0d6261d02278daa020e7da03b9a8597f9,1850.16,2023-03-07T09:25:00Z,a0fda4befd50d7ed3dd7a7d2849eb81e65a9ab2348b41663f41b61b4d60484a5,2023-03-07T09:25:00Z,1850.23,1844.15,2023-04-01T00:00:00Z,2023-03-07T05:00:00Z,0.0,LONG,1.0,-50.0,CONTROL_V2_FILLED_STOP,2023-03-07T09:25:00Z,CONFIRMED_25_75_RETEST_SPLIT,1850.23,True,f761f1035d95db261652faeb42ac0a0a7963fb32513c80c4faa7fb3f6333db3e,1.0033182086872725,0.13991415075749583,2023_03,-1.0,-1.0,STOP,2023-03-07T11:49:00Z,SPLIT_STOP_STOP,510d8e976a420c74e9c9fb7cd09dbdf75e5a70a20d17fb796e3648855bd48054,2023-03-07T11:49:00Z,FIRST_RETEST_FILLED,2023-03-07T09:40:00Z,2023-03-07T09:34:00Z,1850.16,True,True,INITIAL_CONFIRMATION_STOP,6399a5ae55be3286d1be6dca1e4e46e6cdbd8d831076012c4a1c6329c47673d0,fcf735167b43a52d78257db73b7c70daa48e953b4ef94d4def787397040a9248,1844.15,2.904999999999989,0.14524999999999946,NOT_STRICTLY_CLOSER_THAN_CONTROL,H1_SOURCE_SWING_BUFFERED_ELSE_CONTROL,False,fcf735167b43a52d78257db73b7c70daa48e953b4ef94d4def787397040a9248,2023-03-07T05:00:00Z,1844.15,1853.98,9e2951094a4bbf3eddfc822a12f24a136fabcfc6d6370b06da4d3c457e84dbe2
0518896d9470c3bb93d92c9b04f1d2dfbde4dac523a68fb48ff8739604d0171c,1813.0,2023-03-08T08:55:00Z,b7a00decc9e479dab89e44f26c4b86c93d45c7aefd81700cd1394e16849e3409,2023-03-08T08:55:00Z,1813.46,1809.38,2023-04-01T00:00:00Z,2023-03-08T08:00:00Z,0.0,LONG,1.0,468.1372549019697,CONTROL_V2_FILLED_STOP,2023-03-08T08:55:00Z,CONTROL_NEXT_M1_OPEN,1813.46,True,8ac9e43f7a215d64bde72a3fa5d66e4cc7d138522ea057eba7cf5fd37f278e6a,0.382352941176464,9.50735294117663,2023_03,9.362745098039394,9.362745098039394,TARGET,2023-03-10T16:32:00Z,TARGET,5ae6014bf08aeb93c64d61a42e3c43fe85de13d41bba8dbaa124050acb5655dd,2023-03-10T16:32:00Z,RETEST_EXPIRED,2023-03-08T09:10:00Z,,1813.0,False,False,INITIAL_CONFIRMATION_TARGET,3dc61e84b47d89cde6c496cc73e12abc224741a495e90135fdac088bd9deee0d,9f78f252011c538aab383bae1d80da70c509c29dd3f8313865968fffae0d5e20,1809.38,,,,CONTROL_V2_FILLED_STOP,False,,2023-03-08T08:55:00Z,1809.38,1851.66,405b962d8785cc8da6916387934d524edd5365d95695289d5cd9ebb526dfb6f3
0518896d9470c3bb93d92c9b04f1d2dfbde4dac523a68fb48ff8739604d0171c,1813.0,2023-03-08T08:55:00Z,b7a00decc9e479dab89e44f26c4b86c93d45c7aefd81700cd1394e16849e3409,2023-03-08T08:55:00Z,1813.46,1809.38,2023-04-01T00:00:00Z,2023-03-08T08:00:00Z,9.823937593404555,LONG,0.487981442577074,959.3341345721974,M5_LATEST_CONFIRMED_OPPOSING_SWING_ELSE_CONTROL,2023-03-08T08:55:00Z,CONTROL_NEXT_M1_OPEN,1813.46,True,9296e6059a71c779410e0f768dc36a6dc1eb585acdfe302c8d81f61cfa8ba6e5,0.7835399214306669,19.483021507882437,2023_03,19.18668269144395,9.362745098039394,TARGET,2023-03-10T16:32:00Z,TARGET,5d5d2dd337ec927b833de29a940c6cb7136b877b755f2b776f4193a36062953e,2023-03-10T16:32:00Z,RETEST_EXPIRED,2023-03-08T09:10:00Z,,1813.0,False,False,INITIAL_CONFIRMATION_TARGET,64f20a39ed536d21b156ff72bf17690054a0db04893ffeb06154c7f92a3af4b8,9f78f252011c538aab383bae1d80da70c509c29dd3f8313865968fffae0d5e20,1811.4690357142856,0.8192857142856838,0.04096428571428419,,M5_LATEST_CONFIRMED_OPPOSING_SWING_ELSE_CONTROL,True,83b0125ff9ef568a21754be8a8060c7a087af2a26e3ee07be649aada71d37ae5,2023-03-08T08:40:00Z,1811.51,1851.66,405b962d8785cc8da6916387934d524edd5365d95695289d5cd9ebb526dfb6f3
0518896d9470c3bb93d92c9b04f1d2dfbde4dac523a68fb48ff8739604d0171c,1813.0,2023-03-08T08:55:00Z,b7a00decc9e479dab89e44f26c4b86c93d45c7aefd81700cd1394e16849e3409,2023-03-08T08:55:00Z,1813.46,1809.38,2023-04-01T00:00:00Z,2023-03-08T08:00:00Z,0.0,LONG,1.0,468.1372549019697,CONTROL_V2_FILLED_STOP,2023-03-08T08:55:00Z,CONTROL_NEXT_M1_OPEN,1813.46,True,dac13cefcefc4133ecc7e4e5628895696afe2c08e9e75fa2babe744add6bc6da,0.382352941176464,9.50735294117663,2023_03,9.362745098039394,9.362745098039394,TARGET,2023-03-10T16:32:00Z,TARGET,021210961b8c6e7da910275c2bcb1908837536b77353720392743621235496f5,2023-03-10T16:32:00Z,RETEST_EXPIRED,2023-03-08T09:10:00Z,,1813.0,False,False,INITIAL_CONFIRMATION_TARGET,55d6d0ac118995dad0c633c79e52aece188d301792b1b43765d7db73f0d04979,9f78f252011c538aab383bae1d80da70c509c29dd3f8313865968fffae0d5e20,1809.38,1.095000000000011,0.054750000000000555,NOT_STRICTLY_CLOSER_THAN_CONTROL,M15_LATEST_CONFIRMED_OPPOSING_SWING_ELSE_CONTROL,False,b699035fe72ffe56284654b6997c7afeacdb47ee784afb1f0dc846845658a906,2023-03-08T06:30:00Z,1809.38,1851.66,405b962d8785cc8da6916387934d524edd5365d95695289d5cd9ebb526dfb6f3
0518896d9470c3bb93d92c9b04f1d2dfbde4dac523a68fb48ff8739604d0171c,1813.0,2023-03-08T08:55:00Z,b7a00decc9e479dab89e44f26c4b86c93d45c7aefd81700cd1394e16849e3409,2023-03-08T08:55:00Z,1813.46,1809.38,2023-04-01T00:00:00Z,2023-03-08T08:00:00Z,0.0,LONG,1.0,468.1372549019697,CONTROL_V2_FILLED_STOP,2023-03-08T08:55:00Z,CONTROL_NEXT_M1_OPEN,1813.46,True,e30299bede2783a6f09141b51d9e9df96133f946bc2327fa0e0ee6ec4bd7c0e6,0.382352941176464,9.50735294117663,2023_03,9.362745098039394,9.362745098039394,TARGET,2023-03-10T16:32:00Z,TARGET,f5f4d5db86b84795f3b77f69213826c407ff880c4afd9c19b794c38fe37f5a00,2023-03-10T16:32:00Z,RETEST_EXPIRED,2023-03-08T09:10:00Z,,1813.0,False,False,INITIAL_CONFIRMATION_TARGET,c38d66cbac8da0cc418608338f41be8763f6ed776bfc97e7bf184cd9c31e535f,9f78f252011c538aab383bae1d80da70c509c29dd3f8313865968fffae0d5e20,1809.38,4.489285714285692,0.2244642857142846,NOT_STRICTLY_CLOSER_THAN_CONTROL,H1_SOURCE_SWING_BUFFERED_ELSE_CONTROL,False,9f78f252011c538aab383bae1d80da70c509c29dd3f8313865968fffae0d5e20,2023-03-08T08:00:00Z,1809.38,1851.66,405b962d8785cc8da6916387934d524edd5365d95695289d5cd9ebb526dfb6f3
0518896d9470c3bb93d92c9b04f1d2dfbde4dac523a68fb48ff8739604d0171c,1813.0,2023-03-08T08:55:00Z,b7a00decc9e479dab89e44f26c4b86c93d45c7aefd81700cd1394e16849e3409,2023-03-08T08:55:00Z,1813.46,1809.38,2023-04-01T00:00:00Z,2023-03-08T08:00:00Z,-9.362745098039394,LONG,1.0,0.0,CONTROL_V2_FILLED_STOP,,M5_BROKEN_CONTROL_FIRST_RETEST,,False,8ac9e43f7a215d64bde72a3fa5d66e4cc7d138522ea057eba7cf5fd37f278e6a,,,2023_03,0.0,9.362745098039394,TARGET,2023-03-10T16:32:00Z,NO_FILL,b91aaf1f6b86973026ea5eaba105c548a0fd8d2c6df0e8b5645c517eab8d6480,,RETEST_EXPIRED,2023-03-08T09:10:00Z,,1813.0,False,False,INITIAL_CONFIRMATION_TARGET,0868632790321986c391d478eb558ef89e20d923db0678f4df535b5e9b5eed96,9f78f252011c538aab383bae1d80da70c509c29dd3f8313865968fffae0d5e20,1809.38,,,,CONTROL_V2_FILLED_STOP,False,,2023-03-08T08:55:00Z,1809.38,1851.66,405b962d8785cc8da6916387934d524edd5365d95695289d5cd9ebb526dfb6f3
0518896d9470c3bb93d92c9b04f1d2dfbde4dac523a68fb48ff8739604d0171c,1813.0,2023-03-08T08:55:00Z,b7a00decc9e479dab89e44f26c4b86c93d45c7aefd81700cd1394e16849e3409,2023-03-08T08:55:00Z,1813.46,1809.38,2023-04-01T00:00:00Z,2023-03-08T08:00:00Z,-9.362745098039394,LONG,0.487981442577074,0.0,M5_LATEST_CONFIRMED_OPPOSING_SWING_ELSE_CONTROL,,M5_BROKEN_CONTROL_FIRST_RETEST,,False,9296e6059a71c779410e0f768dc36a6dc1eb585acdfe302c8d81f61cfa8ba6e5,,,2023_03,0.0,9.362745098039394,TARGET,2023-03-10T16:32:00Z,NO_FILL,501d97650b512c5961da9cc249b726a5bc12abc010a230cb38ebb3560e38cf20,,RETEST_EXPIRED,2023-03-08T09:10:00Z,,1813.0,False,False,INITIAL_CONFIRMATION_TARGET,96ca49caed2f41fd85a85a9add614254b4f5a40cc9522c4779d1640920cfa32f,9f78f252011c538aab383bae1d80da70c509c29dd3f8313865968fffae0d5e20,1811.4690357142856,0.8192857142856838,0.04096428571428419,,M5_LATEST_CONFIRMED_OPPOSING_SWING_ELSE_CONTROL,True,83b0125ff9ef568a21754be8a8060c7a087af2a26e3ee07be649aada71d37ae5,2023-03-08T08:40:00Z,1811.51,1851.66,405b962d8785cc8da6916387934d524edd5365d95695289d5cd9ebb526dfb6f3
0518896d9470c3bb93d92c9b04f1d2dfbde4dac523a68fb48ff8739604d0171c,1813.0,2023-03-08T08:55:00Z,b7a00decc9e479dab89e44f26c4b86c93d45c7aefd81700cd1394e16849e3409,2023-03-08T08:55:00Z,1813.46,1809.38,2023-04-01T00:00:00Z,2023-03-08T08:00:00Z,-9.362745098039394,LONG,1.0,0.0,CONTROL_V2_FILLED_STOP,,M5_BROKEN_CONTROL_FIRST_RETEST,,False,dac13cefcefc4133ecc7e4e5628895696afe2c08e9e75fa2babe744add6bc6da,,,2023_03,0.0,9.362745098039394,TARGET,2023-03-10T16:32:00Z,NO_FILL,c76e1d50f49a8672c914dd15a11e2af9cda4172794d5508488707754925a1a57,,RETEST_EXPIRED,2023-03-08T09:10:00Z,,1813.0,False,False,INITIAL_CONFIRMATION_TARGET,a914bc614df375e0d29d2665bbf28065337f3ae518629a623954d8139d36c1b4,9f78f252011c538aab383bae1d80da70c509c29dd3f8313865968fffae0d5e20,1809.38,1.095000000000011,0.054750000000000555,NOT_STRICTLY_CLOSER_THAN_CONTROL,M15_LATEST_CONFIRMED_OPPOSING_SWING_ELSE_CONTROL,False,b699035fe72ffe56284654b6997c7afeacdb47ee784afb1f0dc846845658a906,2023-03-08T06:30:00Z,1809.38,1851.66,405b962d8785cc8da6916387934d524edd5365d95695289d5cd9ebb526dfb6f3
0518896d9470c3bb93d92c9b04f1d2dfbde4dac523a68fb48ff8739604d0171c,1813.0,2023-03-08T08:55:00Z,b7a00decc9e479dab89e44f26c4b86c93d45c7aefd81700cd1394e16849e3409,2023-03-08T08:55:00Z,1813.46,1809.38,2023-04-01T00:00:00Z,2023-03-08T08:00:00Z,-9.362745098039394,LONG,1.0,0.0,CONTROL_V2_FILLED_STOP,,M5_BROKEN_CONTROL_FIRST_RETEST,,False,e30299bede2783a6f09141b51d9e9df96133f946bc2327fa0e0ee6ec4bd7c0e6,,,2023_03,0.0,9.362745098039394,TARGET,2023-03-10T16:32:00Z,NO_FILL,107f11f9e2fc9d394c50dd6ae7e69a2a90929094d58f58e77667887105e92171,,RETEST_EXPIRED,2023-03-08T09:10:00Z,,1813.0,False,False,INITIAL_CONFIRMATION_TARGET,ceba50070e5d661a6762b216c2b0bc3a31daf79dba5aa649056866db4ee59564,9f78f252011c538aab383bae1d80da70c509c29dd3f8313865968fffae0d5e20,1809.38,4.489285714285692,0.2244642857142846,NOT_STRICTLY_CLOSER_THAN_CONTROL,H1_SOURCE_SWING_BUFFERED_ELSE_CONTROL,False,9f78f252011c538aab383bae1d80da70c509c29dd3f8313865968fffae0d5e20,2023-03-08T08:00:00Z,1809.38,1851.66,405b962d8785cc8da6916387934d524edd5365d95695289d5cd9ebb526dfb6f3
0518896d9470c3bb93d92c9b04f1d2dfbde4dac523a68fb48ff8739604d0171c,1813.0,2023-03-08T08:55:00Z,b7a00decc9e479dab89e44f26c4b86c93d45c7aefd81700cd1394e16849e3409,2023-03-08T08:55:00Z,1813.46,1809.38,2023-04-01T00:00:00Z,2023-03-08T08:00:00Z,-7.022058823529545,LONG,1.0,117.03431372549242,CONTROL_V2_FILLED_STOP,2023-03-08T08:55:00Z,CONFIRMED_25_75_RETEST_SPLIT,1813.46,True,8ac9e43f7a215d64bde72a3fa5d66e4cc7d138522ea057eba7cf5fd37f278e6a,0.095588235294116,2.3768382352941577,2023_03,2.3406862745098485,9.362745098039394,TARGET,2023-03-10T16:32:00Z,SPLIT_CONTROL_TARGET_NO_RETEST,0742adef2bd2478d3eb6468245994077c0ec24e85643b44ff3fbf8ff5821306d,2023-03-10T16:32:00Z,RETEST_EXPIRED,2023-03-08T09:10:00Z,,1813.0,False,False,INITIAL_CONFIRMATION_TARGET,885d24c58a866266c5058046c5a979e8ba598c9d254ad51561373063e3cbb18a,9f78f252011c538aab383bae1d80da70c509c29dd3f8313865968fffae0d5e20,1809.38,,,,CONTROL_V2_FILLED_STOP,False,,2023-03-08T08:55:00Z,1809.38,1851.66,405b962d8785cc8da6916387934d524edd5365d95695289d5cd9ebb526dfb6f3
0518896d9470c3bb93d92c9b04f1d2dfbde4dac523a68fb48ff8739604d0171c,1813.0,2023-03-08T08:55:00Z,b7a00decc9e479dab89e44f26c4b86c93d45c7aefd81700cd1394e16849e3409,2023-03-08T08:55:00Z,1813.46,1809.38,2023-04-01T00:00:00Z,2023-03-08T08:00:00Z,-4.566074425178407,LONG,0.487981442577074,239.83353364304935,M5_LATEST_CONFIRMED_OPPOSING_SWING_ELSE_CONTROL,2023-03-08T08:55:00Z,CONFIRMED_25_75_RETEST_SPLIT,1813.46,True,9296e6059a71c779410e0f768dc36a6dc1eb585acdfe302c8d81f61cfa8ba6e5,0.19588498035766672,4.870755376970609,2023_03,4.796670672860987,9.362745098039394,TARGET,2023-03-10T16:32:00Z,SPLIT_CONTROL_TARGET_NO_RETEST,ec89cee4b394d357e85b92c1ec37cc58f0e0c68b856115c50f7ec871a5478bd5,2023-03-10T16:32:00Z,RETEST_EXPIRED,2023-03-08T09:10:00Z,,1813.0,False,False,INITIAL_CONFIRMATION_TARGET,7558c8c43f64f9ef44a22a710549f867a95618fa30637d84066d26f6c9b78cf9,9f78f252011c538aab383bae1d80da70c509c29dd3f8313865968fffae0d5e20,1811.4690357142856,0.8192857142856838,0.04096428571428419,,M5_LATEST_CONFIRMED_OPPOSING_SWING_ELSE_CONTROL,True,83b0125ff9ef568a21754be8a8060c7a087af2a26e3ee07be649aada71d37ae5,2023-03-08T08:40:00Z,1811.51,1851.66,405b962d8785cc8da6916387934d524edd5365d95695289d5cd9ebb526dfb6f3
0518896d9470c3bb93d92c9b04f1d2dfbde4dac523a68fb48ff8739604d0171c,1813.0,2023-03-08T08:55:00Z,b7a00decc9e479dab89e44f26c4b86c93d45c7aefd81700cd1394e16849e3409,2023-03-08T08:55:00Z,1813.46,1809.38,2023-04-01T00:00:00Z,2023-03-08T08:00:00Z,-7.022058823529545,LONG,1.0,117.03431372549242,CONTROL_V2_FILLED_STOP,2023-03-08T08:55:00Z,CONFIRMED_25_75_RETEST_SPLIT,1813.46,True,dac13cefcefc4133ecc7e4e5628895696afe2c08e9e75fa2babe744add6bc6da,0.095588235294116,2.3768382352941577,2023_03,2.3406862745098485,9.362745098039394,TARGET,2023-03-10T16:32:00Z,SPLIT_CONTROL_TARGET_NO_RETEST,87ad0cc960c58e1229686e154d4477d15d6946ad55d78de78dfaa3388ffa6382,2023-03-10T16:32:00Z,RETEST_EXPIRED,2023-03-08T09:10:00Z,,1813.0,False,False,INITIAL_CONFIRMATION_TARGET,8d923855586e8a71489ca92f273eb163f7962965a6f5ac66cddc784a2acf6763,9f78f252011c538aab383bae1d80da70c509c29dd3f8313865968fffae0d5e20,1809.38,1.095000000000011,0.054750000000000555,NOT_STRICTLY_CLOSER_THAN_CONTROL,M15_LATEST_CONFIRMED_OPPOSING_SWING_ELSE_CONTROL,False,b699035fe72ffe56284654b6997c7afeacdb47ee784afb1f0dc846845658a906,2023-03-08T06:30:00Z,1809.38,1851.66,405b962d8785cc8da6916387934d524edd5365d95695289d5cd9ebb526dfb6f3
0518896d9470c3bb93d92c9b04f1d2dfbde4dac523a68fb48ff8739604d0171c,1813.0,2023-03-08T08:55:00Z,b7a00decc9e479dab89e44f26c4b86c93d45c7aefd81700cd1394e16849e3409,2023-03-08T08:55:00Z,1813.46,1809.38,2023-04-01T00:00:00Z,2023-03-08T08:00:00Z,-7.022058823529545,LONG,1.0,117.03431372549242,CONTROL_V2_FILLED_STOP,2023-03-08T08:55:00Z,CONFIRMED_25_75_RETEST_SPLIT,1813.46,True,e30299bede2783a6f09141b51d9e9df96133f946bc2327fa0e0ee6ec4bd7c0e6,0.095588235294116,2.3768382352941577,2023_03,2.3406862745098485,9.362745098039394,TARGET,2023-03-10T16:32:00Z,SPLIT_CONTROL_TARGET_NO_RETEST,56c4a8e6a03eb5397db8860f4eb4032a5a07f113b3a72c7612909c6d00d2e809,2023-03-10T16:32:00Z,RETEST_EXPIRED,2023-03-08T09:10:00Z,,1813.0,False,False,INITIAL_CONFIRMATION_TARGET,2ea84bdf2c7e3f572ee3622af572fd3c914506e3dc74d747d0b77c207f1aac79,9f78f252011c538aab383bae1d80da70c509c29dd3f8313865968fffae0d5e20,1809.38,4.489285714285692,0.2244642857142846,NOT_STRICTLY_CLOSER_THAN_CONTROL,H1_SOURCE_SWING_BUFFERED_ELSE_CONTROL,False,9f78f252011c538aab383bae1d80da70c509c29dd3f8313865968fffae0d5e20,2023-03-08T08:00:00Z,1809.38,1851.66,405b962d8785cc8da6916387934d524edd5365d95695289d5cd9ebb526dfb6f3
8339f5e23d82263ce3e2818edd5a6f2ca7c4bd55c5a991dd5124a4281b396fc5,1814.99,2023-03-08T15:05:00Z,e3205ba8967e980dac41557e1bd4e4c2fa519a615aa47bb07f05a97ac679e91e,2023-03-08T15:05:00Z,1815.06,1812.44,2023-04-01T00:00:00Z,2023-03-08T15:00:00Z,0.0,LONG,1.0,-50.0,CONTROL_V2_FILLED_STOP,2023-03-08T15:05:00Z,CONTROL_NEXT_M1_OPEN,1815.06,True,278e993545f6770e841e11823ff522291618da4de82bb298a3bbb1bb8dd378d6,1.034351145038225,0.08015267175574242,2023_03,-1.0,-1.0,STOP,2023-03-08T15:30:00Z,STOP,ed53f96ebe53a4d686ca122276434541477924a76ba19d1af7faa32c324f3bcf,2023-03-08T15:30:00Z,FIRST_RETEST_FILLED,2023-03-08T15:20:00Z,2023-03-08T15:05:00Z,1814.99,True,False,INITIAL_CONFIRMATION_STOP,6a64e9dbff77014ddc9531e870cf4171d6a1fca79d0f1610e9337ca8f7b593c1,6536a82b2d141525806364bda599a7f256e37c8b48acd205eaf8923920bd2f02,1812.44,,,,CONTROL_V2_FILLED_STOP,False,,2023-03-08T15:05:00Z,1812.44,1851.66,94719f5b3d8da4036d0bcaa50fdc73bb1cd0eace906adc1611c4e0660e2436d6
8339f5e23d82263ce3e2818edd5a6f2ca7c4bd55c5a991dd5124a4281b396fc5,1814.99,2023-03-08T15:05:00Z,e3205ba8967e980dac41557e1bd4e4c2fa519a615aa47bb07f05a97ac679e91e,2023-03-08T15:05:00Z,1815.06,1812.44,2023-04-01T00:00:00Z,2023-03-08T15:00:00Z,0.0,LONG,0.6540212649945412,-50.0,M5_LATEST_CONFIRMED_OPPOSING_SWING_ELSE_CONTROL,2023-03-08T15:05:00Z,CONTROL_NEXT_M1_OPEN,1815.06,True,089012ae818ab2374e17192d48e0ac9021ad0a9fd63c54b68930cec79fb5d51e,1.4122845411534035,0.023343546134747258,2023_03,-1.0,-1.0,STOP,2023-03-08T15:30:00Z,STOP,359cd0628185344fcd70ab9a6a59069223d3b7e8ff407f27ff80dba4ab60eb76,2023-03-08T15:15:00Z,FIRST_RETEST_FILLED,2023-03-08T15:20:00Z,2023-03-08T15:05:00Z,1814.99,True,False,INITIAL_CONFIRMATION_STOP,7617fd9d2fe04d22fd758d6e6bba806edff2fdc46bc78fcedfe6f3007ccf145b,6536a82b2d141525806364bda599a7f256e37c8b48acd205eaf8923920bd2f02,1813.3464642857143,0.8707142857143221,0.04353571428571611,,M5_LATEST_CONFIRMED_OPPOSING_SWING_ELSE_CONTROL,True,72287cca1cfefe0de4be88557d2cdc3b73bb10467a1832879c236eac819bea96,2023-03-08T15:00:00Z,1813.39,1851.66,94719f5b3d8da4036d0bcaa50fdc73bb1cd0eace906adc1611c4e0660e2436d6
8339f5e23d82263ce3e2818edd5a6f2ca7c4bd55c5a991dd5124a4281b396fc5,1814.99,2023-03-08T15:05:00Z,e3205ba8967e980dac41557e1bd4e4c2fa519a615aa47bb07f05a97ac679e91e,2023-03-08T15:05:00Z,1815.06,1812.44,2023-04-01T00:00:00Z,2023-03-08T15:00:00Z,0.0,LONG,1.0,-50.0,CONTROL_V2_FILLED_STOP,2023-03-08T15:05:00Z,CONTROL_NEXT_M1_OPEN,1815.06,True,12dd3f1d1b4d0784e819bb8576c445c986f408391822d31ebbe87d2b02127263,1.034351145038225,0.08015267175574242,2023_03,-1.0,-1.0,STOP,2023-03-08T15:30:00Z,STOP,c348ca29de360923e39feb00815dd23cee3ca88504aa4915b632ee04d7678472,2023-03-08T15:30:00Z,FIRST_RETEST_FILLED,2023-03-08T15:20:00Z,2023-03-08T15:05:00Z,1814.99,True,False,INITIAL_CONFIRMATION_STOP,125141958bf58c8a42b471976121725ed6fc7c931510d5aa9b968c7e5fdab46e,6536a82b2d141525806364bda599a7f256e37c8b48acd205eaf8923920bd2f02,1812.44,1.487142857142885,0.07435714285714426,NOT_STRICTLY_CLOSER_THAN_CONTROL,M15_LATEST_CONFIRMED_OPPOSING_SWING_ELSE_CONTROL,False,d5ba24c59d563a40a54ca310d5e4e67cff02263c34ad406d174a0b87418b6013,2023-03-08T13:15:00Z,1812.44,1851.66,94719f5b3d8da4036d0bcaa50fdc73bb1cd0eace906adc1611c4e0660e2436d6
8339f5e23d82263ce3e2818edd5a6f2ca7c4bd55c5a991dd5124a4281b396fc5,1814.99,2023-03-08T15:05:00Z,e3205ba8967e980dac41557e1bd4e4c2fa519a615aa47bb07f05a97ac679e91e,2023-03-08T15:05:00Z,1815.06,1812.44,2023-04-01T00:00:00Z,2023-03-08T15:00:00Z,0.0,LONG,1.0,-50.0,CONTROL_V2_FILLED_STOP,2023-03-08T15:05:00Z,CONTROL_NEXT_M1_OPEN,1815.06,True,c539e14defa9c231c2749487b80ab5527176874f0bb6e4001e2c109340ed8c6d,1.034351145038225,0.08015267175574242,2023_03,-1.0,-1.0,STOP,2023-03-08T15:30:00Z,STOP,3e2ea7ceac6d21dacdbd61242e1a920025196b1417e964025fb79c8efc726c57,2023-03-08T15:30:00Z,FIRST_RETEST_FILLED,2023-03-08T15:20:00Z,2023-03-08T15:05:00Z,1814.99,True,False,INITIAL_CONFIRMATION_STOP,489d9a3626f42bdcf9ddf3c07e1e0896106620a5b73e21f7dd12430f8e7ffed1,6536a82b2d141525806364bda599a7f256e37c8b48acd205eaf8923920bd2f02,1812.44,2.3035714285714284,0.11517857142857142,NOT_STRICTLY_CLOSER_THAN_CONTROL,H1_SOURCE_SWING_BUFFERED_ELSE_CONTROL,False,6536a82b2d141525806364bda599a7f256e37c8b48acd205eaf8923920bd2f02,2023-03-08T15:00:00Z,1812.44,1851.66,94719f5b3d8da4036d0bcaa50fdc73bb1cd0eace906adc1611c4e0660e2436d6
8339f5e23d82263ce3e2818edd5a6f2ca7c4bd55c5a991dd5124a4281b396fc5,1814.99,2023-03-08T15:05:00Z,e3205ba8967e980dac41557e1bd4e4c2fa519a615aa47bb07f05a97ac679e91e,2023-03-08T15:05:00Z,1815.06,1812.44,2023-04-01T00:00:00Z,2023-03-08T15:00:00Z,0.0,LONG,1.0,-50.0,CONTROL_V2_FILLED_STOP,2023-03-08T15:05:00Z,M5_BROKEN_CONTROL_FIRST_RETEST,1814.99,True,278e993545f6770e841e11823ff522291618da4de82bb298a3bbb1bb8dd378d6,1.0352941176471164,0.1098039215686187,2023_03,-1.0,-1.0,STOP,2023-03-08T15:30:00Z,STOP,46419b674ad21451eceaa8010631392cc538cb9bac1463e36ced2d555a5e619f,2023-03-08T15:30:00Z,FIRST_RETEST_FILLED,2023-03-08T15:20:00Z,2023-03-08T15:05:00Z,1814.99,True,True,INITIAL_CONFIRMATION_STOP,9de06af4dfd5d764a7363792ac869659ab097cb8456deb4ccb5840e5f7e9a3d5,6536a82b2d141525806364bda599a7f256e37c8b48acd205eaf8923920bd2f02,1812.44,,,,CONTROL_V2_FILLED_STOP,False,,2023-03-08T15:05:00Z,1812.44,1851.66,94719f5b3d8da4036d0bcaa50fdc73bb1cd0eace906adc1611c4e0660e2436d6
8339f5e23d82263ce3e2818edd5a6f2ca7c4bd55c5a991dd5124a4281b396fc5,1814.99,2023-03-08T15:05:00Z,e3205ba8967e980dac41557e1bd4e4c2fa519a615aa47bb07f05a97ac679e91e,2023-03-08T15:05:00Z,1815.06,1812.44,2023-04-01T00:00:00Z,2023-03-08T15:00:00Z,0.0,LONG,0.6540212649945412,-50.0,M5_LATEST_CONFIRMED_OPPOSING_SWING_ELSE_CONTROL,2023-03-08T15:05:00Z,M5_BROKEN_CONTROL_FIRST_RETEST,1814.99,True,089012ae818ab2374e17192d48e0ac9021ad0a9fd63c54b68930cec79fb5d51e,1.4298441947890745,0.06692887720283457,2023_03,-1.0,-1.0,STOP,2023-03-08T15:30:00Z,STOP,3a15f0cc983ed591104038706beb0ad527342b47fe9b42f91c0763e773379937,2023-03-08T15:15:00Z,FIRST_RETEST_FILLED,2023-03-08T15:20:00Z,2023-03-08T15:05:00Z,1814.99,True,True,INITIAL_CONFIRMATION_STOP,e0d75c17711aadb9e1310c3519178bc2313d94dd9736af2169eb6a5202e13d45,6536a82b2d141525806364bda599a7f256e37c8b48acd205eaf8923920bd2f02,1813.3464642857143,0.8707142857143221,0.04353571428571611,,M5_LATEST_CONFIRMED_OPPOSING_SWING_ELSE_CONTROL,True,72287cca1cfefe0de4be88557d2cdc3b73bb10467a1832879c236eac819bea96,2023-03-08T15:00:00Z,1813.39,1851.66,94719f5b3d8da4036d0bcaa50fdc73bb1cd0eace906adc1611c4e0660e2436d6
8339f5e23d82263ce3e2818edd5a6f2ca7c4bd55c5a991dd5124a4281b396fc5,1814.99,2023-03-08T15:05:00Z,e3205ba8967e980dac41557e1bd4e4c2fa519a615aa47bb07f05a97ac679e91e,2023-03-08T15:05:00Z,1815.06,1812.44,2023-04-01T00:00:00Z,2023-03-08T15:00:00Z,0.0,LONG,1.0,-50.0,CONTROL_V2_FILLED_STOP,2023-03-08T15:05:00Z,M5_BROKEN_CONTROL_FIRST_RETEST,1814.99,True,12dd3f1d1b4d0784e819bb8576c445c986f408391822d31ebbe87d2b02127263,1.0352941176471164,0.1098039215686187,2023_03,-1.0,-1.0,STOP,2023-03-08T15:30:00Z,STOP,b838fc0a5ecc5019e9a9dfac03dd7cf66e1e27bd6b7db65d2db489599241d2f2,2023-03-08T15:30:00Z,FIRST_RETEST_FILLED,2023-03-08T15:20:00Z,2023-03-08T15:05:00Z,1814.99,True,True,INITIAL_CONFIRMATION_STOP,39b3865110c46101ba93834dfa7fc8b12daf6edc7ba6aed3562fc3f5e74ee5d2,6536a82b2d141525806364bda599a7f256e37c8b48acd205eaf8923920bd2f02,1812.44,1.487142857142885,0.07435714285714426,NOT_STRICTLY_CLOSER_THAN_CONTROL,M15_LATEST_CONFIRMED_OPPOSING_SWING_ELSE_CONTROL,False,d5ba24c59d563a40a54ca310d5e4e67cff02263c34ad406d174a0b87418b6013,2023-03-08T13:15:00Z,1812.44,1851.66,94719f5b3d8da4036d0bcaa50fdc73bb1cd0eace906adc1611c4e0660e2436d6
8339f5e23d82263ce3e2818edd5a6f2ca7c4bd55c5a991dd5124a4281b396fc5,1814.99,2023-03-08T15:05:00Z,e3205ba8967e980dac41557e1bd4e4c2fa519a615aa47bb07f05a97ac679e91e,2023-03-08T15:05:00Z,1815.06,1812.44,2023-04-01T00:00:00Z,2023-03-08T15:00:00Z,0.0,LONG,1.0,-50.0,CONTROL_V2_FILLED_STOP,2023-03-08T15:05:00Z,M5_BROKEN_CONTROL_FIRST_RETEST,1814.99,True,c539e14defa9c231c2749487b80ab5527176874f0bb6e4001e2c109340ed8c6d,1.0352941176471164,0.1098039215686187,2023_03,-1.0,-1.0,STOP,2023-03-08T15:30:00Z,STOP,f9b840affe83f44f9e8e4a36a04954d492edbdcd0ba62d4ff6cb5e8ef356c658,2023-03-08T15:30:00Z,FIRST_RETEST_FILLED,2023-03-08T15:20:00Z,2023-03-08T15:05:00Z,1814.99,True,True,INITIAL_CONFIRMATION_STOP,e0bcaccd1ac1c559c791674277165c33201fe2b0aca6467b9a6a3971cc429c86,6536a82b2d141525806364bda599a7f256e37c8b48acd205eaf8923920bd2f02,1812.44,2.3035714285714284,0.11517857142857142,NOT_STRICTLY_CLOSER_THAN_CONTROL,H1_SOURCE_SWING_BUFFERED_ELSE_CONTROL,False,6536a82b2d141525806364bda599a7f256e37c8b48acd205eaf8923920bd2f02,2023-03-08T15:00:00Z,1812.44,1851.66,94719f5b3d8da4036d0bcaa50fdc73bb1cd0eace906adc1611c4e0660e2436d6
8339f5e23d82263ce3e2818edd5a6f2ca7c4bd55c5a991dd5124a4281b396fc5,1814.99,2023-03-08T15:05:00Z,e3205ba8967e980dac41557e1bd4e4c2fa519a615aa47bb07f05a97ac679e91e,2023-03-08T15:05:00Z,1815.06,1812.44,2023-04-01T00:00:00Z,2023-03-08T15:00:00Z,0.0,LONG,1.0,-50.0,CONTROL_V2_FILLED_STOP,2023-03-08T15:05:00Z,CONFIRMED_25_75_RETEST_SPLIT,1815.06,True,278e993545f6770e841e11823ff522291618da4de82bb298a3bbb1bb8dd378d6,1.0350583744948936,0.10239110911539963,2023_03,-1.0,-1.0,STOP,2023-03-08T15:30:00Z,SPLIT_STOP_STOP,ec85ba655ccd069d4c4931b20d0619c1b39ed3741478adccf2a3248460815e51,2023-03-08T15:30:00Z,FIRST_RETEST_FILLED,2023-03-08T15:20:00Z,2023-03-08T15:05:00Z,1814.99,True,True,INITIAL_CONFIRMATION_STOP,3391ecda9ab860681eb992c58deff7337921a8f2ffea8f402568043ec1795531,6536a82b2d141525806364bda599a7f256e37c8b48acd205eaf8923920bd2f02,1812.44,,,,CONTROL_V2_FILLED_STOP,False,,2023-03-08T15:05:00Z,1812.44,1851.66,94719f5b3d8da4036d0bcaa50fdc73bb1cd0eace906adc1611c4e0660e2436d6
8339f5e23d82263ce3e2818edd5a6f2ca7c4bd55c5a991dd5124a4281b396fc5,1814.99,2023-03-08T15:05:00Z,e3205ba8967e980dac41557e1bd4e4c2fa519a615aa47bb07f05a97ac679e91e,2023-03-08T15:05:00Z,1815.06,1812.44,2023-04-01T00:00:00Z,2023-03-08T15:00:00Z,0.0,LONG,0.6540212649945412,-50.0,M5_LATEST_CONFIRMED_OPPOSING_SWING_ELSE_CONTROL,2023-03-08T15:05:00Z,CONFIRMED_25_75_RETEST_SPLIT,1815.06,True,089012ae818ab2374e17192d48e0ac9021ad0a9fd63c54b68930cec79fb5d51e,1.4254542813801567,0.05603254443581274,2023_03,-1.0,-1.0,STOP,2023-03-08T15:30:00Z,SPLIT_STOP_STOP,581241dea7fd8baa35835c2c4ae585f55e4d3652dbd57edc4b12051b0121609b,2023-03-08T15:15:00Z,FIRST_RETEST_FILLED,2023-03-08T15:20:00Z,2023-03-08T15:05:00Z,1814.99,True,True,INITIAL_CONFIRMATION_STOP,0d6aaeb099c031e6fc48ac26f706f061f02d1b9b52f0570672011842212ad275,6536a82b2d141525806364bda599a7f256e37c8b48acd205eaf8923920bd2f02,1813.3464642857143,0.8707142857143221,0.04353571428571611,,M5_LATEST_CONFIRMED_OPPOSING_SWING_ELSE_CONTROL,True,72287cca1cfefe0de4be88557d2cdc3b73bb10467a1832879c236eac819bea96,2023-03-08T15:00:00Z,1813.39,1851.66,94719f5b3d8da4036d0bcaa50fdc73bb1cd0eace906adc1611c4e0660e2436d6
8339f5e23d82263ce3e2818edd5a6f2ca7c4bd55c5a991dd5124a4281b396fc5,1814.99,2023-03-08T15:05:00Z,e3205ba8967e980dac41557e1bd4e4c2fa519a615aa47bb07f05a97ac679e91e,2023-03-08T15:05:00Z,1815.06,1812.44,2023-04-01T00:00:00Z,2023-03-08T15:00:00Z,0.0,LONG,1.0,-50.0,CONTROL_V2_FILLED_STOP,2023-03-08T15:05:00Z,CONFIRMED_25_75_RETEST_SPLIT,1815.06,True,12dd3f1d1b4d0784e819bb8576c445c986f408391822d31ebbe87d2b02127263,1.0350583744948936,0.10239110911539963,2023_03,-1.0,-1.0,STOP,2023-03-08T15:30:00Z,SPLIT_STOP_STOP,2217ff2cfdb1da56c2601f9af9fcc2e53dd431002ec7b28b46f0611365be3a6e,2023-03-08T15:30:00Z,FIRST_RETEST_FILLED,2023-03-08T15:20:00Z,2023-03-08T15:05:00Z,1814.99,True,True,INITIAL_CONFIRMATION_STOP,e6476a22533e5d4164bebcba544d37ddfd7be45047003c092cfddd2d235da0e9,6536a82b2d141525806364bda599a7f256e37c8b48acd205eaf8923920bd2f02,1812.44,1.487142857142885,0.07435714285714426,NOT_STRICTLY_CLOSER_THAN_CONTROL,M15_LATEST_CONFIRMED_OPPOSING_SWING_ELSE_CONTROL,False,d5ba24c59d563a40a54ca310d5e4e67cff02263c34ad406d174a0b87418b6013,2023-03-08T13:15:00Z,1812.44,1851.66,94719f5b3d8da4036d0bcaa50fdc73bb1cd0eace906adc1611c4e0660e2436d6
8339f5e23d82263ce3e2818edd5a6f2ca7c4bd55c5a991dd5124a4281b396fc5,1814.99,2023-03-08T15:05:00Z,e3205ba8967e980dac41557e1bd4e4c2fa519a615aa47bb07f05a97ac679e91e,2023-03-08T15:05:00Z,1815.06,1812.44,2023-04-01T00:00:00Z,2023-03-08T15:00:00Z,0.0,LONG,1.0,-50.0,CONTROL_V2_FILLED_STOP,2023-03-08T15:05:00Z,CONFIRMED_25_75_RETEST_SPLIT,1815.06,True,c539e14defa9c231c2749487b80ab5527176874f0bb6e4001e2c109340ed8c6d,1.0350583744948936,0.10239110911539963,2023_03,-1.0,-1.0,STOP,2023-03-08T15:30:00Z,SPLIT_STOP_STOP,68eec434a861ac1750a9295afd6a6a6ee3c362fe043601b07068002c4a2b48df,2023-03-08T15:30:00Z,FIRST_RETEST_FILLED,2023-03-08T15:20:00Z,2023-03-08T15:05:00Z,1814.99,True,True,INITIAL_CONFIRMATION_STOP,369c2995772c92dfcd7e92507387bc3b8ec38a023aa5b6ba69975c2e4add9c69,6536a82b2d141525806364bda599a7f256e37c8b48acd205eaf8923920bd2f02,1812.44,2.3035714285714284,0.11517857142857142,NOT_STRICTLY_CLOSER_THAN_CONTROL,H1_SOURCE_SWING_BUFFERED_ELSE_CONTROL,False,6536a82b2d141525806364bda599a7f256e37c8b48acd205eaf8923920bd2f02,2023-03-08T15:00:00Z,1812.44,1851.66,94719f5b3d8da4036d0bcaa50fdc73bb1cd0eace906adc1611c4e0660e2436d6
c448bd904fb92db7e785cb0567c87a51f5d455086683ee704cc77527308eea10,1815.54,2023-03-08T20:05:00Z,b9b6db9b330530adb870d2ab85bb06105176e13298f3bc7bed57a6c84d2db106,2023-03-08T20:05:00Z,1815.0,1824.26,2023-04-01T00:00:00Z,2023-03-08T20:00:00Z,0.0,SHORT,1.0,15.172786177105552,CONTROL_V2_FILLED_STOP,2023-03-08T20:05:00Z,CONTROL_NEXT_M1_OPEN,1815.0,True,127978fcde89e6aa4e1ea7760d1d887a5cc74ea857c201cb6f50c6e7fe171401,0.15658747300216488,0.30345572354211103,2023_03,0.30345572354211103,0.30345572354211103,TARGET,2023-03-09T03:59:00Z,TARGET,2c10059a3850129195d69f7154192bbbbde4193a9dff8ac5a706436efb9cb946,2023-03-09T03:59:00Z,FIRST_RETEST_FILLED,2023-03-08T20:20:00Z,2023-03-08T20:06:00Z,1815.54,True,False,INITIAL_CONFIRMATION_TARGET,697e6de6e0614ef9108996913635372891b1027d457f67cf103cdca4e3499a79,88d1fd093de16c53e829abab42c910577d07a960cb427804d3cca0a76f5f162f,1824.26,,,,CONTROL_V2_FILLED_STOP,False,,2023-03-08T20:05:00Z,1824.26,1812.19,c59c0e344c040b6d4b854d3645a6764f3153c8172cf34ee7b69519b16beaaa71
c448bd904fb92db7e785cb0567c87a51f5d455086683ee704cc77527308eea10,1815.54,2023-03-08T20:05:00Z,b9b6db9b330530adb870d2ab85bb06105176e13298f3bc7bed57a6c84d2db106,2023-03-08T20:05:00Z,1815.0,1824.26,2023-04-01T00:00:00Z,2023-03-08T20:00:00Z,0.5309204032050037,SHORT,0.363691761801909,41.71880633735574,M5_LATEST_CONFIRMED_OPPOSING_SWING_ELSE_CONTROL,2023-03-08T20:05:00Z,CONTROL_NEXT_M1_OPEN,1815.0,True,155ee8cb88c3e993220bfa6bd789315d86d2062bbdb7295bb8d1d7645cf12401,0.4305499586417714,0.8343761267471147,2023_03,0.8343761267471147,0.30345572354211103,TARGET,2023-03-09T03:59:00Z,TARGET,f24a49f5b61e4f7dae7e4aa483a9826fa5cb6761a974b00976b5e4eb66d00bd2,2023-03-09T03:59:00Z,FIRST_RETEST_FILLED,2023-03-08T20:20:00Z,2023-03-08T20:06:00Z,1815.54,True,False,INITIAL_CONFIRMATION_TARGET,031910a77f7e0f132f49423718bfc0a80fb79a6d2b216992d46615df0c8b290b,88d1fd093de16c53e829abab42c910577d07a960cb427804d3cca0a76f5f162f,1818.3677857142857,1.1557142857143066,0.05778571428571533,,M5_LATEST_CONFIRMED_OPPOSING_SWING_ELSE_CONTROL,True,c47a7fd5700368ff978c4e7d050b01f4580ec449df6ad8f7272fa69bfd144854,2023-03-08T19:50:00Z,1818.31,1812.19,c59c0e344c040b6d4b854d3645a6764f3153c8172cf34ee7b69519b16beaaa71
c448bd904fb92db7e785cb0567c87a51f5d455086683ee704cc77527308eea10,1815.54,2023-03-08T20:05:00Z,b9b6db9b330530adb870d2ab85bb06105176e13298f3bc7bed57a6c84d2db106,2023-03-08T20:05:00Z,1815.0,1824.26,2023-04-01T00:00:00Z,2023-03-08T20:00:00Z,0.0,SHORT,1.0,15.172786177105552,CONTROL_V2_FILLED_STOP,2023-03-08T20:05:00Z,CONTROL_NEXT_M1_OPEN,1815.0,True,df4c4355cb084ea207afcc64b3ec75f01aa1efbf89abb61993d86a9e32c7c49b,0.15658747300216488,0.30345572354211103,2023_03,0.30345572354211103,0.30345572354211103,TARGET,2023-03-09T03:59:00Z,TARGET,8020787f98386476877c0048de86106f7e000a7c51ce5ea88496b0826eae8c8e,2023-03-09T03:59:00Z,FIRST_RETEST_FILLED,2023-03-08T20:20:00Z,2023-03-08T20:06:00Z,1815.54,True,False,INITIAL_CONFIRMATION_TARGET,f3fcf38c5fe1118ef4aab6ee6d81868a1fc556d680a11e906f6660a01239c186,88d1fd093de16c53e829abab42c910577d07a960cb427804d3cca0a76f5f162f,1824.26,3.288571428571442,0.16442857142857212,NOT_STRICTLY_CLOSER_THAN_CONTROL,M15_LATEST_CONFIRMED_OPPOSING_SWING_ELSE_CONTROL,False,c421d8c88c9d66ed517003ca3fe09db8190e18d15509ae4ed49638a9b3f98052,2023-03-08T18:15:00Z,1824.26,1812.19,c59c0e344c040b6d4b854d3645a6764f3153c8172cf34ee7b69519b16beaaa71
c448bd904fb92db7e785cb0567c87a51f5d455086683ee704cc77527308eea10,1815.54,2023-03-08T20:05:00Z,b9b6db9b330530adb870d2ab85bb06105176e13298f3bc7bed57a6c84d2db106,2023-03-08T20:05:00Z,1815.0,1824.26,2023-04-01T00:00:00Z,2023-03-08T20:00:00Z,0.0,SHORT,1.0,15.172786177105552,CONTROL_V2_FILLED_STOP,2023-03-08T20:05:00Z,CONTROL_NEXT_M1_OPEN,1815.0,True,2f3be0e64a10e669c7bdf1bae80b5f714e0ab2e28ca0b6cf6a66f9a506ac1e75,0.15658747300216488,0.30345572354211103,2023_03,0.30345572354211103,0.30345572354211103,TARGET,2023-03-09T03:59:00Z,TARGET,ade4f0bb2434826e12c0acb874b028cef6f7e65e2a4b92ecc75fe326fe401792,2023-03-09T03:59:00Z,FIRST_RETEST_FILLED,2023-03-08T20:20:00Z,2023-03-08T20:06:00Z,1815.54,True,False,INITIAL_CONFIRMATION_TARGET,13454b1119a663eba806292d0d1b7f747fac57bd6a6fab398244735d08602e8b,88d1fd093de16c53e829abab42c910577d07a960cb427804d3cca0a76f5f162f,1824.26,3.4657142857142844,0.17328571428571424,NOT_STRICTLY_CLOSER_THAN_CONTROL,H1_SOURCE_SWING_BUFFERED_ELSE_CONTROL,False,88d1fd093de16c53e829abab42c910577d07a960cb427804d3cca0a76f5f162f,2023-03-08T20:00:00Z,1824.26,1812.19,c59c0e344c040b6d4b854d3645a6764f3153c8172cf34ee7b69519b16beaaa71
c448bd904fb92db7e785cb0567c87a51f5d455086683ee704cc77527308eea10,1815.54,2023-03-08T20:05:00Z,b9b6db9b330530adb870d2ab85bb06105176e13298f3bc7bed57a6c84d2db106,2023-03-08T20:05:00Z,1815.0,1824.26,2023-04-01T00:00:00Z,2023-03-08T20:00:00Z,0.08071858838448281,SHORT,1.0,19.208715596329693,CONTROL_V2_FILLED_STOP,2023-03-08T20:06:00Z,M5_BROKEN_CONTROL_FIRST_RETEST,1815.54,True,127978fcde89e6aa4e1ea7760d1d887a5cc74ea857c201cb6f50c6e7fe171401,0.10435779816514668,0.38417431192659385,2023_03,0.38417431192659385,0.30345572354211103,TARGET,2023-03-09T03:59:00Z,TARGET,0ff26b790a8153bf279de484d51d0fcc1126db79493e88dd47663ff4b09933d1,2023-03-09T03:59:00Z,FIRST_RETEST_FILLED,2023-03-08T20:20:00Z,2023-03-08T20:06:00Z,1815.54,True,True,INITIAL_CONFIRMATION_TARGET,f28b0d194790ce14028e4921688ce51d1179a359c5b6ab7074906283e00220fc,88d1fd093de16c53e829abab42c910577d07a960cb427804d3cca0a76f5f162f,1824.26,,,,CONTROL_V2_FILLED_STOP,False,,2023-03-08T20:05:00Z,1824.26,1812.19,c59c0e344c040b6d4b854d3645a6764f3153c8172cf34ee7b69519b16beaaa71
c448bd904fb92db7e785cb0567c87a51f5d455086683ee704cc77527308eea10,1815.54,2023-03-08T20:05:00Z,b9b6db9b330530adb870d2ab85bb06105176e13298f3bc7bed57a6c84d2db106,2023-03-08T20:05:00Z,1815.0,1824.26,2023-04-01T00:00:00Z,2023-03-08T20:00:00Z,0.8812167864985264,SHORT,0.363691761801909,59.23362550203187,M5_LATEST_CONFIRMED_OPPOSING_SWING_ELSE_CONTROL,2023-03-08T20:06:00Z,M5_BROKEN_CONTROL_FIRST_RETEST,1815.54,True,155ee8cb88c3e993220bfa6bd789315d86d2062bbdb7295bb8d1d7645cf12401,0.321806562428987,1.1846725100406374,2023_03,1.1846725100406374,0.30345572354211103,TARGET,2023-03-09T03:59:00Z,TARGET,60e77821961235c8b5ccf24723826ba42d351f3a941bb90d23a8a7cf57863b8e,2023-03-09T03:59:00Z,FIRST_RETEST_FILLED,2023-03-08T20:20:00Z,2023-03-08T20:06:00Z,1815.54,True,True,INITIAL_CONFIRMATION_TARGET,fef06ee90228afce6176a1089da1f6de43c3af5e07fe23f6b4bd915df3d99619,88d1fd093de16c53e829abab42c910577d07a960cb427804d3cca0a76f5f162f,1818.3677857142857,1.1557142857143066,0.05778571428571533,,M5_LATEST_CONFIRMED_OPPOSING_SWING_ELSE_CONTROL,True,c47a7fd5700368ff978c4e7d050b01f4580ec449df6ad8f7272fa69bfd144854,2023-03-08T19:50:00Z,1818.31,1812.19,c59c0e344c040b6d4b854d3645a6764f3153c8172cf34ee7b69519b16beaaa71
c448bd904fb92db7e785cb0567c87a51f5d455086683ee704cc77527308eea10,1815.54,2023-03-08T20:05:00Z,b9b6db9b330530adb870d2ab85bb06105176e13298f3bc7bed57a6c84d2db106,2023-03-08T20:05:00Z,1815.0,1824.26,2023-04-01T00:00:00Z,2023-03-08T20:00:00Z,0.08071858838448281,SHORT,1.0,19.208715596329693,CONTROL_V2_FILLED_STOP,2023-03-08T20:06:00Z,M5_BROKEN_CONTROL_FIRST_RETEST,1815.54,True,df4c4355cb084ea207afcc64b3ec75f01aa1efbf89abb61993d86a9e32c7c49b,0.10435779816514668,0.38417431192659385,2023_03,0.38417431192659385,0.30345572354211103,TARGET,2023-03-09T03:59:00Z,TARGET,52a497372f28511d73b465cfe7a6cb97058ff7223af5a22f945b00c27ed33ac5,2023-03-09T03:59:00Z,FIRST_RETEST_FILLED,2023-03-08T20:20:00Z,2023-03-08T20:06:00Z,1815.54,True,True,INITIAL_CONFIRMATION_TARGET,3d4a39a3cf2d035f700bc70da2300a4694960d599173a0e0008ce96ee3dcefc0,88d1fd093de16c53e829abab42c910577d07a960cb427804d3cca0a76f5f162f,1824.26,3.288571428571442,0.16442857142857212,NOT_STRICTLY_CLOSER_THAN_CONTROL,M15_LATEST_CONFIRMED_OPPOSING_SWING_ELSE_CONTROL,False,c421d8c88c9d66ed517003ca3fe09db8190e18d15509ae4ed49638a9b3f98052,2023-03-08T18:15:00Z,1824.26,1812.19,c59c0e344c040b6d4b854d3645a6764f3153c8172cf34ee7b69519b16beaaa71
c448bd904fb92db7e785cb0567c87a51f5d455086683ee704cc77527308eea10,1815.54,2023-03-08T20:05:00Z,b9b6db9b330530adb870d2ab85bb06105176e13298f3bc7bed57a6c84d2db106,2023-03-08T20:05:00Z,1815.0,1824.26,2023-04-01T00:00:00Z,2023-03-08T20:00:00Z,0.08071858838448281,SHORT,1.0,19.208715596329693,CONTROL_V2_FILLED_STOP,2023-03-08T20:06:00Z,M5_BROKEN_CONTROL_FIRST_RETEST,1815.54,True,2f3be0e64a10e669c7bdf1bae80b5f714e0ab2e28ca0b6cf6a66f9a506ac1e75,0.10435779816514668,0.38417431192659385,2023_03,0.38417431192659385,0.30345572354211103,TARGET,2023-03-09T03:59:00Z,TARGET,9d378f06b86a9c532ff35cb783c151b7581c28252b9d177e083d923c1c81bae8,2023-03-09T03:59:00Z,FIRST_RETEST_FILLED,2023-03-08T20:20:00Z,2023-03-08T20:06:00Z,1815.54,True,True,INITIAL_CONFIRMATION_TARGET,c2645d129092cae0d397875feb992553cde3e4cf3f0902586888df50590671fc,88d1fd093de16c53e829abab42c910577d07a960cb427804d3cca0a76f5f162f,1824.26,3.4657142857142844,0.17328571428571424,NOT_STRICTLY_CLOSER_THAN_CONTROL,H1_SOURCE_SWING_BUFFERED_ELSE_CONTROL,False,88d1fd093de16c53e829abab42c910577d07a960cb427804d3cca0a76f5f162f,2023-03-08T20:00:00Z,1824.26,1812.19,c59c0e344c040b6d4b854d3645a6764f3153c8172cf34ee7b69519b16beaaa71
c448bd904fb92db7e785cb0567c87a51f5d455086683ee704cc77527308eea10,1815.54,2023-03-08T20:05:00Z,b9b6db9b330530adb870d2ab85bb06105176e13298f3bc7bed57a6c84d2db106,2023-03-08T20:05:00Z,1815.0,1824.26,2023-04-01T00:00:00Z,2023-03-08T20:00:00Z,0.060538941288362125,SHORT,1.0,18.199733241523656,CONTROL_V2_FILLED_STOP,2023-03-08T20:05:00Z,CONFIRMED_25_75_RETEST_SPLIT,1815.0,True,127978fcde89e6aa4e1ea7760d1d887a5cc74ea857c201cb6f50c6e7fe171401,0.11741521687440123,0.36399466483047316,2023_03,0.36399466483047316,0.30345572354211103,TARGET,2023-03-09T03:59:00Z,SPLIT_TARGET_TARGET,4307dbc77e27a45eb136f499cb3dce0262f1eac5d68451dcc4134b2258c63b34,2023-03-09T03:59:00Z,FIRST_RETEST_FILLED,2023-03-08T20:20:00Z,2023-03-08T20:06:00Z,1815.54,True,True,INITIAL_CONFIRMATION_TARGET,9fbfea0e4d52ba9abc897d1457b2e41d22a5388b30f093c688cc34ca38d9bba5,88d1fd093de16c53e829abab42c910577d07a960cb427804d3cca0a76f5f162f,1824.26,,,,CONTROL_V2_FILLED_STOP,False,,2023-03-08T20:05:00Z,1824.26,1812.19,c59c0e344c040b6d4b854d3645a6764f3153c8172cf34ee7b69519b16beaaa71
c448bd904fb92db7e785cb0567c87a51f5d455086683ee704cc77527308eea10,1815.54,2023-03-08T20:05:00Z,b9b6db9b330530adb870d2ab85bb06105176e13298f3bc7bed57a6c84d2db106,2023-03-08T20:05:00Z,1815.0,1824.26,2023-04-01T00:00:00Z,2023-03-08T20:00:00Z,0.7936426906751458,SHORT,0.363691761801909,54.85492071086284,M5_LATEST_CONFIRMED_OPPOSING_SWING_ELSE_CONTROL,2023-03-08T20:05:00Z,CONFIRMED_25_75_RETEST_SPLIT,1815.0,True,155ee8cb88c3e993220bfa6bd789315d86d2062bbdb7295bb8d1d7645cf12401,0.3489924114821831,1.0970984142172568,2023_03,1.0970984142172568,0.30345572354211103,TARGET,2023-03-09T03:59:00Z,SPLIT_TARGET_TARGET,4e1ac05ed9bbfcf12c405ab93125129008f0ad8e50e2d45e6370c78aa1873a18,2023-03-09T03:59:00Z,FIRST_RETEST_FILLED,2023-03-08T20:20:00Z,2023-03-08T20:06:00Z,1815.54,True,True,INITIAL_CONFIRMATION_TARGET,2cf270eedb4bc5a58d4881eeef69157cdfc3743e47de19d17cc249b1aff60c15,88d1fd093de16c53e829abab42c910577d07a960cb427804d3cca0a76f5f162f,1818.3677857142857,1.1557142857143066,0.05778571428571533,,M5_LATEST_CONFIRMED_OPPOSING_SWING_ELSE_CONTROL,True,c47a7fd5700368ff978c4e7d050b01f4580ec449df6ad8f7272fa69bfd144854,2023-03-08T19:50:00Z,1818.31,1812.19,c59c0e344c040b6d4b854d3645a6764f3153c8172cf34ee7b69519b16beaaa71
c448bd904fb92db7e785cb0567c87a51f5d455086683ee704cc77527308eea10,1815.54,2023-03-08T20:05:00Z,b9b6db9b330530adb870d2ab85bb06105176e13298f3bc7bed57a6c84d2db106,2023-03-08T20:05:00Z,1815.0,1824.26,2023-04-01T00:00:00Z,2023-03-08T20:00:00Z,0.060538941288362125,SHORT,1.0,18.199733241523656,CONTROL_V2_FILLED_STOP,2023-03-08T20:05:00Z,CONFIRMED_25_75_RETEST_SPLIT,1815.0,True,df4c4355cb084ea207afcc64b3ec75f01aa1efbf89abb61993d86a9e32c7c49b,0.11741521687440123,0.36399466483047316,2023_03,0.36399466483047316,0.30345572354211103,TARGET,2023-03-09T03:59:00Z,SPLIT_TARGET_TARGET,e772f436e6c08d00395f811555138ab33cb76b06191b6f12033a28b1ed780df3,2023-03-09T03:59:00Z,FIRST_RETEST_FILLED,2023-03-08T20:20:00Z,2023-03-08T20:06:00Z,1815.54,True,True,INITIAL_CONFIRMATION_TARGET,9fb6c81eb36518327738f4c8dc03e9bb8f7117856cc813214a21742f6a7e8d79,88d1fd093de16c53e829abab42c910577d07a960cb427804d3cca0a76f5f162f,1824.26,3.288571428571442,0.16442857142857212,NOT_STRICTLY_CLOSER_THAN_CONTROL,M15_LATEST_CONFIRMED_OPPOSING_SWING_ELSE_CONTROL,False,c421d8c88c9d66ed517003ca3fe09db8190e18d15509ae4ed49638a9b3f98052,2023-03-08T18:15:00Z,1824.26,1812.19,c59c0e344c040b6d4b854d3645a6764f3153c8172cf34ee7b69519b16beaaa71
c448bd904fb92db7e785cb0567c87a51f5d455086683ee704cc77527308eea10,1815.54,2023-03-08T20:05:00Z,b9b6db9b330530adb870d2ab85bb06105176e13298f3bc7bed57a6c84d2db106,2023-03-08T20:05:00Z,1815.0,1824.26,2023-04-01T00:00:00Z,2023-03-08T20:00:00Z,0.060538941288362125,SHORT,1.0,18.199733241523656,CONTROL_V2_FILLED_STOP,2023-03-08T20:05:00Z,CONFIRMED_25_75_RETEST_SPLIT,1815.0,True,2f3be0e64a10e669c7bdf1bae80b5f714e0ab2e28ca0b6cf6a66f9a506ac1e75,0.11741521687440123,0.36399466483047316,2023_03,0.36399466483047316,0.30345572354211103,TARGET,2023-03-09T03:59:00Z,SPLIT_TARGET_TARGET,7ad8ac1b744b8ca0927396eab5155134e2b3bc54f6b2aa144af4d9c590020d0b,2023-03-09T03:59:00Z,FIRST_RETEST_FILLED,2023-03-08T20:20:00Z,2023-03-08T20:06:00Z,1815.54,True,True,INITIAL_CONFIRMATION_TARGET,653ba3ed18e01dbb2d00dde03607bd6aa1d189a7c56af720f9160a0e9ba075f2,88d1fd093de16c53e829abab42c910577d07a960cb427804d3cca0a76f5f162f,1824.26,3.4657142857142844,0.17328571428571424,NOT_STRICTLY_CLOSER_THAN_CONTROL,H1_SOURCE_SWING_BUFFERED_ELSE_CONTROL,False,88d1fd093de16c53e829abab42c910577d07a960cb427804d3cca0a76f5f162f,2023-03-08T20:00:00Z,1824.26,1812.19,c59c0e344c040b6d4b854d3645a6764f3153c8172cf34ee7b69519b16beaaa71
e2c5b55fb251c9c2f322874908f3b414b3e16e7b2c6c6fe7d7eec2b984f74eec,1813.49,2023-03-09T07:05:00Z,ea8bf3483320fed083291f5543aab5ab4eb8b6ea1ff9c47c33f77af0ac2eb4e1,2023-03-09T07:05:00Z,1814.32,1811.9,2023-04-01T00:00:00Z,2023-03-09T07:00:00Z,0.0,LONG,1.0,44.008264462814985,CONTROL_V2_FILLED_STOP,2023-03-09T07:05:00Z,CONTROL_NEXT_M1_OPEN,1814.32,True,e68da95f9b87894d391efff976ce7f86f92aa03b43bf1fcb42ac6f09bf1210f9,0.6528925619834827,0.979338842975318,2023_03,0.8801652892562997,0.8801652892562997,TARGET,2023-03-09T10:35:00Z,TARGET,57ab425d11dbe107154bc0ca45475da825f462cc06f48b212f9d3197b5505889,2023-03-09T10:35:00Z,RETEST_EXPIRED,2023-03-09T07:20:00Z,,1813.49,False,False,INITIAL_CONFIRMATION_TARGET,96202538731dbeaa63313d3cb64a3458fa561d390490f7b8c1d107c6f2d8e1e8,d937de34c30a268a5d7821c1de47f740f78f54e260ade636ae7581e3584f2d30,1811.9,,,,CONTROL_V2_FILLED_STOP,False,,2023-03-09T07:05:00Z,1811.9,1816.45,9fe2f0c6fc50968282bef7169392a8a16ab60d7abb42eac3903a1bb65bb28082
e2c5b55fb251c9c2f322874908f3b414b3e16e7b2c6c6fe7d7eec2b984f74eec,1813.49,2023-03-09T07:05:00Z,ea8bf3483320fed083291f5543aab5ab4eb8b6ea1ff9c47c33f77af0ac2eb4e1,2023-03-09T07:05:00Z,1814.32,1811.9,2023-04-01T00:00:00Z,2023-03-09T07:00:00Z,0.4099619063828981,LONG,0.6822314049586551,64.50635978195989,M5_LATEST_CONFIRMED_OPPOSING_SWING_ELSE_CONTROL,2023-03-09T07:05:00Z,CONTROL_NEXT_M1_OPEN,1814.32,True,571549cecca7caf858659d769b911ae8b9218ef8b547221a8fbf9d54be1af799,0.9569957601454152,1.4354936402182605,2023_03,1.2901271956391978,0.8801652892562997,TARGET,2023-03-09T10:35:00Z,TARGET,6015d68c8a14db597d095dad3781c5cc5d8992d5113b456735513eda83cade6e,2023-03-09T10:35:00Z,RETEST_EXPIRED,2023-03-09T07:20:00Z,,1813.49,False,False,INITIAL_CONFIRMATION_TARGET,85b26de8e77d00a6fee9f1206a0ab521d1654fe250bf04b134613926771e90ad,d937de34c30a268a5d7821c1de47f740f78f54e260ade636ae7581e3584f2d30,1812.669,0.4199999999999591,0.020999999999997954,,M5_LATEST_CONFIRMED_OPPOSING_SWING_ELSE_CONTROL,True,b318b6b2986fe8b1486056184797b03153d537c32dda4d4f7eb2002fb539ff3d,2023-03-09T06:55:00Z,1812.69,1816.45,9fe2f0c6fc50968282bef7169392a8a16ab60d7abb42eac3903a1bb65bb28082
e2c5b55fb251c9c2f322874908f3b414b3e16e7b2c6c6fe7d7eec2b984f74eec,1813.49,2023-03-09T07:05:00Z,ea8bf3483320fed083291f5543aab5ab4eb8b6ea1ff9c47c33f77af0ac2eb4e1,2023-03-09T07:05:00Z,1814.32,1811.9,2023-04-01T00:00:00Z,2023-03-09T07:00:00Z,0.3798435840457963,LONG,0.6985389610389465,63.0004436651048,M15_LATEST_CONFIRMED_OPPOSING_SWING_ELSE_CONTROL,2023-03-09T07:05:00Z,CONTROL_NEXT_M1_OPEN,1814.32,True,7f138950f43f812a1048a128c4547b5a9e014e4d3eb90fd3d16379ae51082744,0.9346544693977079,1.4019817040966964,2023_03,1.260008873302096,0.8801652892562997,TARGET,2023-03-09T10:35:00Z,TARGET,76c950de0904aecbfe8ff4fe99856f590973520a3f1660c3d04e50a34fd8ecd1,2023-03-09T10:35:00Z,RETEST_EXPIRED,2023-03-09T07:20:00Z,,1813.49,False,False,INITIAL_CONFIRMATION_TARGET,f7b25826839165093f5f1d5be6b779a9ba5bff038f53bb32114dc787303544d0,d937de34c30a268a5d7821c1de47f740f78f54e260ade636ae7581e3584f2d30,1812.6295357142858,1.0092857142856897,0.05046428571428449,,M15_LATEST_CONFIRMED_OPPOSING_SWING_ELSE_CONTROL,True,6d59b07839d0fde96edfdc0eac51be5223d73c2ca1d7da59dc249efb38d207f9,2023-03-09T05:45:00Z,1812.68,1816.45,9fe2f0c6fc50968282bef7169392a8a16ab60d7abb42eac3903a1bb65bb28082
e2c5b55fb251c9c2f322874908f3b414b3e16e7b2c6c6fe7d7eec2b984f74eec,1813.49,2023-03-09T07:05:00Z,ea8bf3483320fed083291f5543aab5ab4eb8b6ea1ff9c47c33f77af0ac2eb4e1,2023-03-09T07:05:00Z,1814.32,1811.9,2023-04-01T00:00:00Z,2023-03-09T07:00:00Z,0.0,LONG,1.0,44.008264462814985,CONTROL_V2_FILLED_STOP,2023-03-09T07:05:00Z,CONTROL_NEXT_M1_OPEN,1814.32,True,54b4186acb49366ca190e0c87e97510d664c0606fa98a5f20b107b364913f9f1,0.6528925619834827,0.979338842975318,2023_03,0.8801652892562997,0.8801652892562997,TARGET,2023-03-09T10:35:00Z,TARGET,752a331f24c8d749e338d9c1a0e41c4bd79ad5fc7dd25fb4e4d6163d424953a7,2023-03-09T10:35:00Z,RETEST_EXPIRED,2023-03-09T07:20:00Z,,1813.49,False,False,INITIAL_CONFIRMATION_TARGET,4a1ba7bc978d905e639d36bfab4e344a399e1e15c45c28f809434c11da4d35ee,d937de34c30a268a5d7821c1de47f740f78f54e260ade636ae7581e3584f2d30,1811.9,3.639285714285685,0.18196428571428425,NOT_STRICTLY_CLOSER_THAN_CONTROL,H1_SOURCE_SWING_BUFFERED_ELSE_CONTROL,False,d937de34c30a268a5d7821c1de47f740f78f54e260ade636ae7581e3584f2d30,2023-03-09T07:00:00Z,1811.9,1816.45,9fe2f0c6fc50968282bef7169392a8a16ab60d7abb42eac3903a1bb65bb28082
e2c5b55fb251c9c2f322874908f3b414b3e16e7b2c6c6fe7d7eec2b984f74eec,1813.49,2023-03-09T07:05:00Z,ea8bf3483320fed083291f5543aab5ab4eb8b6ea1ff9c47c33f77af0ac2eb4e1,2023-03-09T07:05:00Z,1814.32,1811.9,2023-04-01T00:00:00Z,2023-03-09T07:00:00Z,-0.8801652892562997,LONG,1.0,0.0,CONTROL_V2_FILLED_STOP,,M5_BROKEN_CONTROL_FIRST_RETEST,,False,e68da95f9b87894d391efff976ce7f86f92aa03b43bf1fcb42ac6f09bf1210f9,,,2023_03,0.0,0.8801652892562997,TARGET,2023-03-09T10:35:00Z,NO_FILL,cb836cb1a70fe763c2640ae3f2c2270420116b2e39d2984116cfa32534ea6d19,,RETEST_EXPIRED,2023-03-09T07:20:00Z,,1813.49,False,False,INITIAL_CONFIRMATION_TARGET,527742dea3631e0edf48d0cfae70d77539816441c8c5f1c14da8b302fce364c7,d937de34c30a268a5d7821c1de47f740f78f54e260ade636ae7581e3584f2d30,1811.9,,,,CONTROL_V2_FILLED_STOP,False,,2023-03-09T07:05:00Z,1811.9,1816.45,9fe2f0c6fc50968282bef7169392a8a16ab60d7abb42eac3903a1bb65bb28082
e2c5b55fb251c9c2f322874908f3b414b3e16e7b2c6c6fe7d7eec2b984f74eec,1813.49,2023-03-09T07:05:00Z,ea8bf3483320fed083291f5543aab5ab4eb8b6ea1ff9c47c33f77af0ac2eb4e1,2023-03-09T07:05:00Z,1814.32,1811.9,2023-04-01T00:00:00Z,2023-03-09T07:00:00Z,-0.8801652892562997,LONG,0.6822314049586551,0.0,M5_LATEST_CONFIRMED_OPPOSING_SWING_ELSE_CONTROL,,M5_BROKEN_CONTROL_FIRST_RETEST,,False,571549cecca7caf858659d769b911ae8b9218ef8b547221a8fbf9d54be1af799,,,2023_03,0.0,0.8801652892562997,TARGET,2023-03-09T10:35:00Z,NO_FILL,89ae61e272e24ad61003e8cc1056cdd17e594d7b667b6dcd147c8941b7b49d6f,,RETEST_EXPIRED,2023-03-09T07:20:00Z,,1813.49,False,False,INITIAL_CONFIRMATION_TARGET,eeef532b14aa3032b6b342d17867b90e587370d9bebaf73e6c34639226c7cd6c,d937de34c30a268a5d7821c1de47f740f78f54e260ade636ae7581e3584f2d30,1812.669,0.4199999999999591,0.020999999999997954,,M5_LATEST_CONFIRMED_OPPOSING_SWING_ELSE_CONTROL,True,b318b6b2986fe8b1486056184797b03153d537c32dda4d4f7eb2002fb539ff3d,2023-03-09T06:55:00Z,1812.69,1816.45,9fe2f0c6fc50968282bef7169392a8a16ab60d7abb42eac3903a1bb65bb28082
e2c5b55fb251c9c2f322874908f3b414b3e16e7b2c6c6fe7d7eec2b984f74eec,1813.49,2023-03-09T07:05:00Z,ea8bf3483320fed083291f5543aab5ab4eb8b6ea1ff9c47c33f77af0ac2eb4e1,2023-03-09T07:05:00Z,1814.32,1811.9,2023-04-01T00:00:00Z,2023-03-09T07:00:00Z,-0.8801652892562997,LONG,0.6985389610389465,0.0,M15_LATEST_CONFIRMED_OPPOSING_SWING_ELSE_CONTROL,,M5_BROKEN_CONTROL_FIRST_RETEST,,False,7f138950f43f812a1048a128c4547b5a9e014e4d3eb90fd3d16379ae51082744,,,2023_03,0.0,0.8801652892562997,TARGET,2023-03-09T10:35:00Z,NO_FILL,0cc7b5bcf021c302471a7bedd52112378dcb5bf745a2f5ee2e3eb259c2198728,,RETEST_EXPIRED,2023-03-09T07:20:00Z,,1813.49,False,False,INITIAL_CONFIRMATION_TARGET,c4b614114fd94f5054e9f037d3506c1cfdc607a71af304e9561ea9789fbf6841,d937de34c30a268a5d7821c1de47f740f78f54e260ade636ae7581e3584f2d30,1812.6295357142858,1.0092857142856897,0.05046428571428449,,M15_LATEST_CONFIRMED_OPPOSING_SWING_ELSE_CONTROL,True,6d59b07839d0fde96edfdc0eac51be5223d73c2ca1d7da59dc249efb38d207f9,2023-03-09T05:45:00Z,1812.68,1816.45,9fe2f0c6fc50968282bef7169392a8a16ab60d7abb42eac3903a1bb65bb28082
e2c5b55fb251c9c2f322874908f3b414b3e16e7b2c6c6fe7d7eec2b984f74eec,1813.49,2023-03-09T07:05:00Z,ea8bf3483320fed083291f5543aab5ab4eb8b6ea1ff9c47c33f77af0ac2eb4e1,2023-03-09T07:05:00Z,1814.32,1811.9,2023-04-01T00:00:00Z,2023-03-09T07:00:00Z,-0.8801652892562997,LONG,1.0,0.0,CONTROL_V2_FILLED_STOP,,M5_BROKEN_CONTROL_FIRST_RETEST,,False,54b4186acb49366ca190e0c87e97510d664c0606fa98a5f20b107b364913f9f1,,,2023_03,0.0,0.8801652892562997,TARGET,2023-03-09T10:35:00Z,NO_FILL,0b51ecab9923af0925658c02d94a04bd5569abcb070e933a4618f3001fdf3c03,,RETEST_EXPIRED,2023-03-09T07:20:00Z,,1813.49,False,False,INITIAL_CONFIRMATION_TARGET,01148c868f22617d9eb710f05ad0982423c9114922eb9c5b2ef9ed749f1364cc,d937de34c30a268a5d7821c1de47f740f78f54e260ade636ae7581e3584f2d30,1811.9,3.639285714285685,0.18196428571428425,NOT_STRICTLY_CLOSER_THAN_CONTROL,H1_SOURCE_SWING_BUFFERED_ELSE_CONTROL,False,d937de34c30a268a5d7821c1de47f740f78f54e260ade636ae7581e3584f2d30,2023-03-09T07:00:00Z,1811.9,1816.45,9fe2f0c6fc50968282bef7169392a8a16ab60d7abb42eac3903a1bb65bb28082
e2c5b55fb251c9c2f322874908f3b414b3e16e7b2c6c6fe7d7eec2b984f74eec,1813.49,2023-03-09T07:05:00Z,ea8bf3483320fed083291f5543aab5ab4eb8b6ea1ff9c47c33f77af0ac2eb4e1,2023-03-09T07:05:00Z,1814.32,1811.9,2023-04-01T00:00:00Z,2023-03-09T07:00:00Z,-0.6601239669422247,LONG,1.0,11.002066115703746,CONTROL_V2_FILLED_STOP,2023-03-09T07:05:00Z,CONFIRMED_25_75_RETEST_SPLIT,1814.32,True,e68da95f9b87894d391efff976ce7f86f92aa03b43bf1fcb42ac6f09bf1210f9,0.16322314049587067,0.2448347107438295,2023_03,0.22004132231407492,0.8801652892562997,TARGET,2023-03-09T10:35:00Z,SPLIT_CONTROL_TARGET_NO_RETEST,2d77b928fe802306dcaac5c365920e8aac4518681cecdbe0adf1cd3059426aa2,2023-03-09T10:35:00Z,RETEST_EXPIRED,2023-03-09T07:20:00Z,,1813.49,False,False,INITIAL_CONFIRMATION_TARGET,1a41957c12cc7da619d9d08fd1417374e59c09026572f184781df093c6186028,d937de34c30a268a5d7821c1de47f740f78f54e260ade636ae7581e3584f2d30,1811.9,,,,CONTROL_V2_FILLED_STOP,False,,2023-03-09T07:05:00Z,1811.9,1816.45,9fe2f0c6fc50968282bef7169392a8a16ab60d7abb42eac3903a1bb65bb28082
e2c5b55fb251c9c2f322874908f3b414b3e16e7b2c6c6fe7d7eec2b984f74eec,1813.49,2023-03-09T07:05:00Z,ea8bf3483320fed083291f5543aab5ab4eb8b6ea1ff9c47c33f77af0ac2eb4e1,2023-03-09T07:05:00Z,1814.32,1811.9,2023-04-01T00:00:00Z,2023-03-09T07:00:00Z,-0.5576334903465002,LONG,0.6822314049586551,16.12658994548997,M5_LATEST_CONFIRMED_OPPOSING_SWING_ELSE_CONTROL,2023-03-09T07:05:00Z,CONFIRMED_25_75_RETEST_SPLIT,1814.32,True,571549cecca7caf858659d769b911ae8b9218ef8b547221a8fbf9d54be1af799,0.2392489400363538,0.35887341005456513,2023_03,0.32253179890979944,0.8801652892562997,TARGET,2023-03-09T10:35:00Z,SPLIT_CONTROL_TARGET_NO_RETEST,01851406f4f0f9605ca2221f45e4ce1287e5a2eff7557f434957a951678eda9b,2023-03-09T10:35:00Z,RETEST_EXPIRED,2023-03-09T07:20:00Z,,1813.49,False,False,INITIAL_CONFIRMATION_TARGET,397dc05f66bcf40bb095299ad237a19ed099b5e57909efc3841cb76d9a1356c3,d937de34c30a268a5d7821c1de47f740f78f54e260ade636ae7581e3584f2d30,1812.669,0.4199999999999591,0.020999999999997954,,M5_LATEST_CONFIRMED_OPPOSING_SWING_ELSE_CONTROL,True,b318b6b2986fe8b1486056184797b03153d537c32dda4d4f7eb2002fb539ff3d,2023-03-09T06:55:00Z,1812.69,1816.45,9fe2f0c6fc50968282bef7169392a8a16ab60d7abb42eac3903a1bb65bb28082
e2c5b55fb251c9c2f322874908f3b414b3e16e7b2c6c6fe7d7eec2b984f74eec,1813.49,2023-03-09T07:05:00Z,ea8bf3483320fed083291f5543aab5ab4eb8b6ea1ff9c47c33f77af0ac2eb4e1,2023-03-09T07:05:00Z,1814.32,1811.9,2023-04-01T00:00:00Z,2023-03-09T07:00:00Z,-0.5651630709307757,LONG,0.6985389610389465,15.7501109162762,M15_LATEST_CONFIRMED_OPPOSING_SWING_ELSE_CONTROL,2023-03-09T07:05:00Z,CONFIRMED_25_75_RETEST_SPLIT,1814.32,True,7f138950f43f812a1048a128c4547b5a9e014e4d3eb90fd3d16379ae51082744,0.23366361734942698,0.3504954260241741,2023_03,0.315002218325524,0.8801652892562997,TARGET,2023-03-09T10:35:00Z,SPLIT_CONTROL_TARGET_NO_RETEST,a4c818fccf6151e60e69f1ed52b86e8db4390898fd9a244042986f696b6fe0d9,2023-03-09T10:35:00Z,RETEST_EXPIRED,2023-03-09T07:20:00Z,,1813.49,False,False,INITIAL_CONFIRMATION_TARGET,430ec41f6111065385473670d37dbd0a4ecb0b7d5d18290049a8c8130c0c69fb,d937de34c30a268a5d7821c1de47f740f78f54e260ade636ae7581e3584f2d30,1812.6295357142858,1.0092857142856897,0.05046428571428449,,M15_LATEST_CONFIRMED_OPPOSING_SWING_ELSE_CONTROL,True,6d59b07839d0fde96edfdc0eac51be5223d73c2ca1d7da59dc249efb38d207f9,2023-03-09T05:45:00Z,1812.68,1816.45,9fe2f0c6fc50968282bef7169392a8a16ab60d7abb42eac3903a1bb65bb28082
e2c5b55fb251c9c2f322874908f3b414b3e16e7b2c6c6fe7d7eec2b984f74eec,1813.49,2023-03-09T07:05:00Z,ea8bf3483320fed083291f5543aab5ab4eb8b6ea1ff9c47c33f77af0ac2eb4e1,2023-03-09T07:05:00Z,1814.32,1811.9,2023-04-01T00:00:00Z,2023-03-09T07:00:00Z,-0.6601239669422247,LONG,1.0,11.002066115703746,CONTROL_V2_FILLED_STOP,2023-03-09T07:05:00Z,CONFIRMED_25_75_RETEST_SPLIT,1814.32,True,54b4186acb49366ca190e0c87e97510d664c0606fa98a5f20b107b364913f9f1,0.16322314049587067,0.2448347107438295,2023_03,0.22004132231407492,0.8801652892562997,TARGET,2023-03-09T10:35:00Z,SPLIT_CONTROL_TARGET_NO_RETEST,0f78c6b1c9a6fd8324cc47df33b4e9351a5350764571e480ecfdb58fa5cf574a,2023-03-09T10:35:00Z,RETEST_EXPIRED,2023-03-09T07:20:00Z,,1813.49,False,False,INITIAL_CONFIRMATION_TARGET,58d15a7f4e3193f8e580564ef78a6695d0f278364b4a1129debbd0c7a4581c0f,d937de34c30a268a5d7821c1de47f740f78f54e260ade636ae7581e3584f2d30,1811.9,3.639285714285685,0.18196428571428425,NOT_STRICTLY_CLOSER_THAN_CONTROL,H1_SOURCE_SWING_BUFFERED_ELSE_CONTROL,False,d937de34c30a268a5d7821c1de47f740f78f54e260ade636ae7581e3584f2d30,2023-03-09T07:00:00Z,1811.9,1816.45,9fe2f0c6fc50968282bef7169392a8a16ab60d7abb42eac3903a1bb65bb28082
6b7c951c6df49be86e508581661c60fa5c3cd7df63c2f13de5f04423e8bf1af2,1833.92,2023-03-10T02:30:00Z,1ec3456b1b1c1afe900a52dd5e892f4285d9cdb783dd71a73306e36534ea0703,2023-03-10T02:30:00Z,1834.86,1825.62,2023-04-01T00:00:00Z,2023-03-09T22:00:00Z,0.0,LONG,1.0,4.11255411255406,CONTROL_V2_FILLED_STOP,2023-03-10T02:30:00Z,CONTROL_NEXT_M1_OPEN,1834.86,True,c9562a87000659c251b02eda4bde8a0fe996c64f3416747da15d2c794c22fbaa,0.7651515151515075,0.2770562770562955,2023_03,0.08225108225108119,0.08225108225108119,TARGET,2023-03-10T10:01:00Z,TARGET,bcc15f17811c9192ca0f1df4f3f86ac20d51a3423de817d45654be0da3c30e57,2023-03-10T10:01:00Z,FIRST_RETEST_FILLED,2023-03-10T02:45:00Z,2023-03-10T02:31:00Z,1833.92,True,False,INITIAL_CONFIRMATION_TARGET,4743275be21507e05f7c1e4b932f1b299496b36ac4e30dfef85f940d1b707164,41c9dede1cc7f33ae5693ec3e394abd0e1a154f25b62cee0b2ab59d1a7fea766,1825.62,,,,CONTROL_V2_FILLED_STOP,False,,2023-03-10T02:30:00Z,1825.62,1835.62,17a63975b65744739d19d4092026591c5664357cb4f8bfb0b05d01d851a252da
6b7c951c6df49be86e508581661c60fa5c3cd7df63c2f13de5f04423e8bf1af2,1833.92,2023-03-10T02:30:00Z,1ec3456b1b1c1afe900a52dd5e892f4285d9cdb783dd71a73306e36534ea0703,2023-03-10T02:30:00Z,1834.86,1825.62,2023-04-01T00:00:00Z,2023-03-09T22:00:00Z,-1.0822510822510811,LONG,0.3860466914038257,-50.0,M5_LATEST_CONFIRMED_OPPOSING_SWING_ELSE_CONTROL,2023-03-10T02:30:00Z,CONTROL_NEXT_M1_OPEN,1834.86,True,77a4a47efa0e6369d8090fd7a15eb12d402d2257df87d3d25cd8f691e5dd7d18,1.087727026972897,0.0028034201726080945,2023_03,-1.0,0.08225108225108119,TARGET,2023-03-10T10:01:00Z,STOP,191669ef193b57aafa01b04095f9150107e81febd2b31d43d92c19694718f10a,2023-03-10T03:06:00Z,FIRST_RETEST_FILLED,2023-03-10T02:45:00Z,2023-03-10T02:31:00Z,1833.92,True,False,INITIAL_CONFIRMATION_TARGET,b72fd5158ab0ae0df24753dd32f52a9714de7dd4fae380235da4a9c04150bf90,41c9dede1cc7f33ae5693ec3e394abd0e1a154f25b62cee0b2ab59d1a7fea766,1831.2929285714285,0.7414285714285468,0.03707142857142734,,M5_LATEST_CONFIRMED_OPPOSING_SWING_ELSE_CONTROL,True,d0399dab13547931ab701d66e1f55f6e654abfe79c0c42c3272af358764e4c27,2023-03-10T02:25:00Z,1831.33,1835.62,17a63975b65744739d19d4092026591c5664357cb4f8bfb0b05d01d851a252da
6b7c951c6df49be86e508581661c60fa5c3cd7df63c2f13de5f04423e8bf1af2,1833.92,2023-03-10T02:30:00Z,1ec3456b1b1c1afe900a52dd5e892f4285d9cdb783dd71a73306e36534ea0703,2023-03-10T02:30:00Z,1834.86,1825.62,2023-04-01T00:00:00Z,2023-03-09T22:00:00Z,-1.0822510822510811,LONG,0.6383155534941225,-50.0,M15_LATEST_CONFIRMED_OPPOSING_SWING_ELSE_CONTROL,2023-03-10T02:30:00Z,CONTROL_NEXT_M1_OPEN,1834.86,True,b3a29725837210b344c78b4ad2393e380aac2387f24792e38facb36c492ec893,1.0088104393108805,0.001695479729932763,2023_03,-1.0,0.08225108225108119,TARGET,2023-03-10T10:01:00Z,STOP,e1bb4ba194b2f05c6a590da7f2ec0b1ee48ba963d5341d85864db0106ea76402,2023-03-10T04:33:00Z,FIRST_RETEST_FILLED,2023-03-10T02:45:00Z,2023-03-10T02:31:00Z,1833.92,True,False,INITIAL_CONFIRMATION_TARGET,483eee49c4c72f5e4b0eef5d595dbabcd21f44d1e46e76170718580f534c8f08,41c9dede1cc7f33ae5693ec3e394abd0e1a154f25b62cee0b2ab59d1a7fea766,1828.9619642857142,1.3607142857142824,0.06803571428571413,,M15_LATEST_CONFIRMED_OPPOSING_SWING_ELSE_CONTROL,True,56e6119e47aa504c8d1257541004c6e28a8599a7213ff093af3b414e28ffae93,2023-03-09T23:00:00Z,1829.03,1835.62,17a63975b65744739d19d4092026591c5664357cb4f8bfb0b05d01d851a252da
6b7c951c6df49be86e508581661c60fa5c3cd7df63c2f13de5f04423e8bf1af2,1833.92,2023-03-10T02:30:00Z,1ec3456b1b1c1afe900a52dd5e892f4285d9cdb783dd71a73306e36534ea0703,2023-03-10T02:30:00Z,1834.86,1825.62,2023-04-01T00:00:00Z,2023-03-09T22:00:00Z,0.0,LONG,1.0,4.11255411255406,CONTROL_V2_FILLED_STOP,2023-03-10T02:30:00Z,CONTROL_NEXT_M1_OPEN,1834.86,True,6b954380b5912e859b4f0051d7eb2884000274937b447037715cfa0dd91bd005,0.7651515151515075,0.2770562770562955,2023_03,0.08225108225108119,0.08225108225108119,TARGET,2023-03-10T10:01:00Z,TARGET,466094fd94b3b1b7a2bc41d93d90729b5928a994b9caf060c685ee2de8dd5599,2023-03-10T10:01:00Z,FIRST_RETEST_FILLED,2023-03-10T02:45:00Z,2023-03-10T02:31:00Z,1833.92,True,False,INITIAL_CONFIRMATION_TARGET,c84519bb37f71381beccbe2943cdaa48b85cd0fc1f4a2e7f0591b09fc6889878,41c9dede1cc7f33ae5693ec3e394abd0e1a154f25b62cee0b2ab59d1a7fea766,1825.62,4.6707142857142765,0.23353571428571385,NOT_STRICTLY_CLOSER_THAN_CONTROL,H1_SOURCE_SWING_BUFFERED_ELSE_CONTROL,False,41c9dede1cc7f33ae5693ec3e394abd0e1a154f25b62cee0b2ab59d1a7fea766,2023-03-09T22:00:00Z,1825.62,1835.62,17a63975b65744739d19d4092026591c5664357cb4f8bfb0b05d01d851a252da
6b7c951c6df49be86e508581661c60fa5c3cd7df63c2f13de5f04423e8bf1af2,1833.92,2023-03-10T02:30:00Z,1ec3456b1b1c1afe900a52dd5e892f4285d9cdb783dd71a73306e36534ea0703,2023-03-10T02:30:00Z,1834.86,1825.62,2023-04-01T00:00:00Z,2023-03-09T22:00:00Z,0.12256819485732615,LONG,1.0,10.240963855420366,CONTROL_V2_FILLED_STOP,2023-03-10T02:31:00Z,M5_BROKEN_CONTROL_FIRST_RETEST,1833.92,True,c9562a87000659c251b02eda4bde8a0fe996c64f3416747da15d2c794c22fbaa,0.7385542168674668,0.42168674698794256,2023_03,0.20481927710840733,0.08225108225108119,TARGET,2023-03-10T10:01:00Z,TARGET,b17df12842f708ecce13e1e2148804e9945ec4a6c997dc338c984f7b2aa37b30,2023-03-10T10:01:00Z,FIRST_RETEST_FILLED,2023-03-10T02:45:00Z,2023-03-10T02:31:00Z,1833.92,True,True,INITIAL_CONFIRMATION_TARGET,341b50b0db606c4734e61cbc0ac77f141f580cfea25b8c53e8fe4e628053a5e7,41c9dede1cc7f33ae5693ec3e394abd0e1a154f25b62cee0b2ab59d1a7fea766,1825.62,,,,CONTROL_V2_FILLED_STOP,False,,2023-03-10T02:30:00Z,1825.62,1835.62,17a63975b65744739d19d4092026591c5664357cb4f8bfb0b05d01d851a252da
6b7c951c6df49be86e508581661c60fa5c3cd7df63c2f13de5f04423e8bf1af2,1833.92,2023-03-10T02:30:00Z,1ec3456b1b1c1afe900a52dd5e892f4285d9cdb783dd71a73306e36534ea0703,2023-03-10T02:30:00Z,1834.86,1825.62,2023-04-01T00:00:00Z,2023-03-09T22:00:00Z,-1.0822510822510811,LONG,0.3860466914038257,-50.0,M5_LATEST_CONFIRMED_OPPOSING_SWING_ELSE_CONTROL,2023-03-10T02:31:00Z,M5_BROKEN_CONTROL_FIRST_RETEST,1833.92,True,77a4a47efa0e6369d8090fd7a15eb12d402d2257df87d3d25cd8f691e5dd7d18,1.1191168873541761,0.2550368416758881,2023_03,-1.0,0.08225108225108119,TARGET,2023-03-10T10:01:00Z,STOP,d0fd573e88d54b5e82fa26122b351e98330815735169bb839bc9c5036301b47f,2023-03-10T03:06:00Z,FIRST_RETEST_FILLED,2023-03-10T02:45:00Z,2023-03-10T02:31:00Z,1833.92,True,True,INITIAL_CONFIRMATION_TARGET,f8aec816cce692ccd1a523a9aa3d79c0405a3a2dab805627967d54c0da86a79f,41c9dede1cc7f33ae5693ec3e394abd0e1a154f25b62cee0b2ab59d1a7fea766,1831.2929285714285,0.7414285714285468,0.03707142857142734,,M5_LATEST_CONFIRMED_OPPOSING_SWING_ELSE_CONTROL,True,d0399dab13547931ab701d66e1f55f6e654abfe79c0c42c3272af358764e4c27,2023-03-10T02:25:00Z,1831.33,1835.62,17a63975b65744739d19d4092026591c5664357cb4f8bfb0b05d01d851a252da
6b7c951c6df49be86e508581661c60fa5c3cd7df63c2f13de5f04423e8bf1af2,1833.92,2023-03-10T02:30:00Z,1ec3456b1b1c1afe900a52dd5e892f4285d9cdb783dd71a73306e36534ea0703,2023-03-10T02:30:00Z,1834.86,1825.62,2023-04-01T00:00:00Z,2023-03-09T22:00:00Z,-1.0822510822510811,LONG,0.6383155534941225,-50.0,M15_LATEST_CONFIRMED_OPPOSING_SWING_ELSE_CONTROL,2023-03-10T02:31:00Z,M5_BROKEN_CONTROL_FIRST_RETEST,1833.92,True,b3a29725837210b344c78b4ad2393e380aac2387f24792e38facb36c492ec893,1.010480821177708,0.1351341617143532,2023_03,-1.0,0.08225108225108119,TARGET,2023-03-10T10:01:00Z,STOP,96f885921367201ce3c4fb0c236e508f5d611834fc602a153e11fb2329c02faf,2023-03-10T04:33:00Z,FIRST_RETEST_FILLED,2023-03-10T02:45:00Z,2023-03-10T02:31:00Z,1833.92,True,True,INITIAL_CONFIRMATION_TARGET,23173db99c917af14efb9827d238847a619213d4d10725333f5d2535c8758440,41c9dede1cc7f33ae5693ec3e394abd0e1a154f25b62cee0b2ab59d1a7fea766,1828.9619642857142,1.3607142857142824,0.06803571428571413,,M15_LATEST_CONFIRMED_OPPOSING_SWING_ELSE_CONTROL,True,56e6119e47aa504c8d1257541004c6e28a8599a7213ff093af3b414e28ffae93,2023-03-09T23:00:00Z,1829.03,1835.62,17a63975b65744739d19d4092026591c5664357cb4f8bfb0b05d01d851a252da
6b7c951c6df49be86e508581661c60fa5c3cd7df63c2f13de5f04423e8bf1af2,1833.92,2023-03-10T02:30:00Z,1ec3456b1b1c1afe900a52dd5e892f4285d9cdb783dd71a73306e36534ea0703,2023-03-10T02:30:00Z,1834.86,1825.62,2023-04-01T00:00:00Z,2023-03-09T22:00:00Z,0.12256819485732615,LONG,1.0,10.240963855420366,CONTROL_V2_FILLED_STOP,2023-03-10T02:31:00Z,M5_BROKEN_CONTROL_FIRST_RETEST,1833.92,True,6b954380b5912e859b4f0051d7eb2884000274937b447037715cfa0dd91bd005,0.7385542168674668,0.42168674698794256,2023_03,0.20481927710840733,0.08225108225108119,TARGET,2023-03-10T10:01:00Z,TARGET,1f33704c4f19e05a458878e3e42991ed2754c22157a2a48436d9eaed5ccd6b97,2023-03-10T10:01:00Z,FIRST_RETEST_FILLED,2023-03-10T02:45:00Z,2023-03-10T02:31:00Z,1833.92,True,True,INITIAL_CONFIRMATION_TARGET,7aa5781662ba204ef6f8180f89ace1480d5408cf0e155b8259a45ae9b16aa4a5,41c9dede1cc7f33ae5693ec3e394abd0e1a154f25b62cee0b2ab59d1a7fea766,1825.62,4.6707142857142765,0.23353571428571385,NOT_STRICTLY_CLOSER_THAN_CONTROL,H1_SOURCE_SWING_BUFFERED_ELSE_CONTROL,False,41c9dede1cc7f33ae5693ec3e394abd0e1a154f25b62cee0b2ab59d1a7fea766,2023-03-09T22:00:00Z,1825.62,1835.62,17a63975b65744739d19d4092026591c5664357cb4f8bfb0b05d01d851a252da
6b7c951c6df49be86e508581661c60fa5c3cd7df63c2f13de5f04423e8bf1af2,1833.92,2023-03-10T02:30:00Z,1ec3456b1b1c1afe900a52dd5e892f4285d9cdb783dd71a73306e36534ea0703,2023-03-10T02:30:00Z,1834.86,1825.62,2023-04-01T00:00:00Z,2023-03-09T22:00:00Z,0.0919261461429946,LONG,1.0,8.708861419703789,CONTROL_V2_FILLED_STOP,2023-03-10T02:30:00Z,CONFIRMED_25_75_RETEST_SPLIT,1834.86,True,c9562a87000659c251b02eda4bde8a0fe996c64f3416747da15d2c794c22fbaa,0.745203541438477,0.38552912950503077,2023_03,0.1741772283940758,0.08225108225108119,TARGET,2023-03-10T10:01:00Z,SPLIT_TARGET_TARGET,2d582ccce9c1e87ac9214086d73cf3626002c5eca27c274ec741f396b512c31a,2023-03-10T10:01:00Z,FIRST_RETEST_FILLED,2023-03-10T02:45:00Z,2023-03-10T02:31:00Z,1833.92,True,True,INITIAL_CONFIRMATION_TARGET,c0ba7f3cf13ef8694bcc239c7131df4cd4c62207d35107ac117223ee1c904709,41c9dede1cc7f33ae5693ec3e394abd0e1a154f25b62cee0b2ab59d1a7fea766,1825.62,,,,CONTROL_V2_FILLED_STOP,False,,2023-03-10T02:30:00Z,1825.62,1835.62,17a63975b65744739d19d4092026591c5664357cb4f8bfb0b05d01d851a252da
6b7c951c6df49be86e508581661c60fa5c3cd7df63c2f13de5f04423e8bf1af2,1833.92,2023-03-10T02:30:00Z,1ec3456b1b1c1afe900a52dd5e892f4285d9cdb783dd71a73306e36534ea0703,2023-03-10T02:30:00Z,1834.86,1825.62,2023-04-01T00:00:00Z,2023-03-09T22:00:00Z,-1.0822510822510811,LONG,0.3860466914038257,-50.0,M5_LATEST_CONFIRMED_OPPOSING_SWING_ELSE_CONTROL,2023-03-10T02:30:00Z,CONFIRMED_25_75_RETEST_SPLIT,1834.86,True,77a4a47efa0e6369d8090fd7a15eb12d402d2257df87d3d25cd8f691e5dd7d18,1.1112694222588564,0.19197848630006806,2023_03,-1.0,0.08225108225108119,TARGET,2023-03-10T10:01:00Z,SPLIT_STOP_STOP,defe0c6946ac7612ae3dd6307cc5d38b1d8feb2b435ff71ed6184da55e662fdf,2023-03-10T03:06:00Z,FIRST_RETEST_FILLED,2023-03-10T02:45:00Z,2023-03-10T02:31:00Z,1833.92,True,True,INITIAL_CONFIRMATION_TARGET,1fc90044ad6f6a91278b0e6418ac4cc58b1fa33510aadc11ded0c4ae711067ba,41c9dede1cc7f33ae5693ec3e394abd0e1a154f25b62cee0b2ab59d1a7fea766,1831.2929285714285,0.7414285714285468,0.03707142857142734,,M5_LATEST_CONFIRMED_OPPOSING_SWING_ELSE_CONTROL,True,d0399dab13547931ab701d66e1f55f6e654abfe79c0c42c3272af358764e4c27,2023-03-10T02:25:00Z,1831.33,1835.62,17a63975b65744739d19d4092026591c5664357cb4f8bfb0b05d01d851a252da
6b7c951c6df49be86e508581661c60fa5c3cd7df63c2f13de5f04423e8bf1af2,1833.92,2023-03-10T02:30:00Z,1ec3456b1b1c1afe900a52dd5e892f4285d9cdb783dd71a73306e36534ea0703,2023-03-10T02:30:00Z,1834.86,1825.62,2023-04-01T00:00:00Z,2023-03-09T22:00:00Z,-1.0822510822510811,LONG,0.6383155534941225,-50.0,M15_LATEST_CONFIRMED_OPPOSING_SWING_ELSE_CONTROL,2023-03-10T02:30:00Z,CONFIRMED_25_75_RETEST_SPLIT,1834.86,True,b3a29725837210b344c78b4ad2393e380aac2387f24792e38facb36c492ec893,1.0100632257110012,0.10177449121824808,2023_03,-1.0,0.08225108225108119,TARGET,2023-03-10T10:01:00Z,SPLIT_STOP_STOP,34336823eaf9fc7a5ac1a494f159802fa27c3f061674c13f7e267a69bf4ce50d,2023-03-10T04:33:00Z,FIRST_RETEST_FILLED,2023-03-10T02:45:00Z,2023-03-10T02:31:00Z,1833.92,True,True,INITIAL_CONFIRMATION_TARGET,eb2759a732df0dffd9038bac64e1405a377c25d6506cfe5d16b7110d7957eeaa,41c9dede1cc7f33ae5693ec3e394abd0e1a154f25b62cee0b2ab59d1a7fea766,1828.9619642857142,1.3607142857142824,0.06803571428571413,,M15_LATEST_CONFIRMED_OPPOSING_SWING_ELSE_CONTROL,True,56e6119e47aa504c8d1257541004c6e28a8599a7213ff093af3b414e28ffae93,2023-03-09T23:00:00Z,1829.03,1835.62,17a63975b65744739d19d4092026591c5664357cb4f8bfb0b05d01d851a252da
6b7c951c6df49be86e508581661c60fa5c3cd7df63c2f13de5f04423e8bf1af2,1833.92,2023-03-10T02:30:00Z,1ec3456b1b1c1afe900a52dd5e892f4285d9cdb783dd71a73306e36534ea0703,2023-03-10T02:30:00Z,1834.86,1825.62,2023-04-01T00:00:00Z,2023-03-09T22:00:00Z,0.0919261461429946,LONG,1.0,8.708861419703789,CONTROL_V2_FILLED_STOP,2023-03-10T02:30:00Z,CONFIRMED_25_75_RETEST_SPLIT,1834.86,True,6b954380b5912e859b4f0051d7eb2884000274937b447037715cfa0dd91bd005,0.745203541438477,0.38552912950503077,2023_03,0.1741772283940758,0.08225108225108119,TARGET,2023-03-10T10:01:00Z,SPLIT_TARGET_TARGET,14ba423e958234983e7593c7cfb057ca059efc170cbbd3b49c2e856d96f3ccb6,2023-03-10T10:01:00Z,FIRST_RETEST_FILLED,2023-03-10T02:45:00Z,2023-03-10T02:31:00Z,1833.92,True,True,INITIAL_CONFIRMATION_TARGET,255bdfcb0fbbd0bc8fc8c941ed9dfd9bfa5b4a6e9e37e2ff7c9d3f69ae2337a2,41c9dede1cc7f33ae5693ec3e394abd0e1a154f25b62cee0b2ab59d1a7fea766,1825.62,4.6707142857142765,0.23353571428571385,NOT_STRICTLY_CLOSER_THAN_CONTROL,H1_SOURCE_SWING_BUFFERED_ELSE_CONTROL,False,41c9dede1cc7f33ae5693ec3e394abd0e1a154f25b62cee0b2ab59d1a7fea766,2023-03-09T22:00:00Z,1825.62,1835.62,17a63975b65744739d19d4092026591c5664357cb4f8bfb0b05d01d851a252da
a928d7cc4aa1166171fc0c7b296b34ffc2ef056fb6dae3a6b784f0293a3ef090,1830.27,2023-03-10T04:35:00Z,5aea8590819dcaf2bfbfca747dc063988f4c93edcab931b9951b4cdcfc331235,2023-03-10T04:35:00Z,1828.29,1835.02,2023-04-01T00:00:00Z,2023-03-09T23:00:00Z,0.0,SHORT,1.0,-50.0,CONTROL_V2_FILLED_STOP,2023-03-10T04:35:00Z,CONTROL_NEXT_M1_OPEN,1828.29,True,a0b3ed43d953403a3194cdff7e165545ee335cf3cbefb386bb63593d77a042f4,1.0416047548291192,0.07429420505200575,2023_03,-1.0,-1.0,STOP,2023-03-10T10:00:00Z,STOP,b75dd91c351f89c8bdddd51439735342768dfdcad7a5c518f36aa3b472c7c75a,2023-03-10T10:00:00Z,FIRST_RETEST_FILLED,2023-03-10T04:50:00Z,2023-03-10T04:42:00Z,1830.27,True,False,INITIAL_CONFIRMATION_STOP,10a68905a3fa816bb50c9c5e1a1ce4afecc7a0510a239e537f807e5f40d11eb4,b6fe695e9fbca9e32da83b30820b330021a79211f80fbebc36ff51dd9c264268,1835.02,,,,CONTROL_V2_FILLED_STOP,False,,2023-03-10T04:35:00Z,1835.02,1825.62,d8bc3bb81b909c6c7811a832429f4f74371e70c857c9918515bce90c4c367987
a928d7cc4aa1166171fc0c7b296b34ffc2ef056fb6dae3a6b784f0293a3ef090,1830.27,2023-03-10T04:35:00Z,5aea8590819dcaf2bfbfca747dc063988f4c93edcab931b9951b4cdcfc331235,2023-03-10T04:35:00Z,1828.29,1835.02,2023-04-01T00:00:00Z,2023-03-09T23:00:00Z,0.0,SHORT,0.7322118446189946,-50.0,M5_LATEST_CONFIRMED_OPPOSING_SWING_ELSE_CONTROL,2023-03-10T04:35:00Z,CONTROL_NEXT_M1_OPEN,1828.29,True,a155439bb9c75584491dab476201dccf8e7bfd8e90d3bdec9dda64dd3445d08d,1.0572699995651271,0.10146545101392704,2023_03,-1.0,-1.0,STOP,2023-03-10T10:00:00Z,STOP,c97fd726f1ac9bdf0be722bf721dccefe600aeb070c31588f2b2866ee3a5e365,2023-03-10T09:20:00Z,FIRST_RETEST_FILLED,2023-03-10T04:50:00Z,2023-03-10T04:42:00Z,1830.27,True,False,INITIAL_CONFIRMATION_STOP,0b9837ae69d9b916d9bbb0663db253d9b6d3c5e76a7ecbc0d94a79abcdb4fb59,b6fe695e9fbca9e32da83b30820b330021a79211f80fbebc36ff51dd9c264268,1833.2177857142858,1.1557142857143066,0.05778571428571533,,M5_LATEST_CONFIRMED_OPPOSING_SWING_ELSE_CONTROL,True,67fae207fd04701f63a300effd4c4f1f95d3cd3643ad7e258e0242e9c7c698b3,2023-03-10T04:25:00Z,1833.16,1825.62,d8bc3bb81b909c6c7811a832429f4f74371e70c857c9918515bce90c4c367987
a928d7cc4aa1166171fc0c7b296b34ffc2ef056fb6dae3a6b784f0293a3ef090,1830.27,2023-03-10T04:35:00Z,5aea8590819dcaf2bfbfca747dc063988f4c93edcab931b9951b4cdcfc331235,2023-03-10T04:35:00Z,1828.29,1835.02,2023-04-01T00:00:00Z,2023-03-09T23:00:00Z,0.0,SHORT,0.5965665463808257,-50.0,M15_LATEST_CONFIRMED_OPPOSING_SWING_ELSE_CONTROL,2023-03-10T04:35:00Z,CONTROL_NEXT_M1_OPEN,1828.29,True,a64943e2755b60755675df2f2c91fa6e0abc95b027a485914ce842b58e6afb64,1.1233176476867046,0.12453632457724022,2023_03,-1.0,-1.0,STOP,2023-03-10T10:00:00Z,STOP,88df64e924591baa69685008b817b1ba141073bf0cbe774ce3c70cef54a68c54,2023-03-10T08:03:00Z,FIRST_RETEST_FILLED,2023-03-10T04:50:00Z,2023-03-10T04:42:00Z,1830.27,True,False,INITIAL_CONFIRMATION_STOP,fe7ecbf19f029037f1a10c005d55d5583172a99e5f347f74d3acb75dc9d54d6d,b6fe695e9fbca9e32da83b30820b330021a79211f80fbebc36ff51dd9c264268,1832.304892857143,1.4978571428571772,0.07489285714285886,,M15_LATEST_CONFIRMED_OPPOSING_SWING_ELSE_CONTROL,True,dc47de8a12c4c7da7b0abfd6c07c34bf828e0ce2afbdbe7c6d5c56f0a9968426,2023-03-09T23:45:00Z,1832.23,1825.62,d8bc3bb81b909c6c7811a832429f4f74371e70c857c9918515bce90c4c367987
a928d7cc4aa1166171fc0c7b296b34ffc2ef056fb6dae3a6b784f0293a3ef090,1830.27,2023-03-10T04:35:00Z,5aea8590819dcaf2bfbfca747dc063988f4c93edcab931b9951b4cdcfc331235,2023-03-10T04:35:00Z,1828.29,1835.02,2023-04-01T00:00:00Z,2023-03-09T23:00:00Z,0.0,SHORT,1.0,-50.0,CONTROL_V2_FILLED_STOP,2023-03-10T04:35:00Z,CONTROL_NEXT_M1_OPEN,1828.29,True,7aeef489258ef2ab341675d12fe0a517fed16d92df4d69c3b6bb7bf04678fd84,1.0416047548291192,0.07429420505200575,2023_03,-1.0,-1.0,STOP,2023-03-10T10:00:00Z,STOP,835bd55e261e2f66ff4fc9a1ba463d1bed2073bd2deda936bfefb5a9283e60d4,2023-03-10T10:00:00Z,FIRST_RETEST_FILLED,2023-03-10T04:50:00Z,2023-03-10T04:42:00Z,1830.27,True,False,INITIAL_CONFIRMATION_STOP,e0d3848d2e674545a9aefa74315065a6b3f88ab2dc856417d1bc2d6897163e68,b6fe695e9fbca9e32da83b30820b330021a79211f80fbebc36ff51dd9c264268,1835.02,4.676428571428589,0.23382142857142948,NOT_STRICTLY_CLOSER_THAN_CONTROL,H1_SOURCE_SWING_BUFFERED_ELSE_CONTROL,False,b6fe695e9fbca9e32da83b30820b330021a79211f80fbebc36ff51dd9c264268,2023-03-09T23:00:00Z,1835.02,1825.62,d8bc3bb81b909c6c7811a832429f4f74371e70c857c9918515bce90c4c367987
a928d7cc4aa1166171fc0c7b296b34ffc2ef056fb6dae3a6b784f0293a3ef090,1830.27,2023-03-10T04:35:00Z,5aea8590819dcaf2bfbfca747dc063988f4c93edcab931b9951b4cdcfc331235,2023-03-10T04:35:00Z,1828.29,1835.02,2023-04-01T00:00:00Z,2023-03-09T23:00:00Z,0.0,SHORT,1.0,-50.0,CONTROL_V2_FILLED_STOP,2023-03-10T04:42:00Z,M5_BROKEN_CONTROL_FIRST_RETEST,1830.27,True,a0b3ed43d953403a3194cdff7e165545ee335cf3cbefb386bb63593d77a042f4,1.0589473684210469,0.5221052631578985,2023_03,-1.0,-1.0,STOP,2023-03-10T10:00:00Z,STOP,6223f2c9ef7091d931665e99faaa3bf86e9fccd8dbd0d72a6ccd0099e50a655a,2023-03-10T10:00:00Z,FIRST_RETEST_FILLED,2023-03-10T04:50:00Z,2023-03-10T04:42:00Z,1830.27,True,True,INITIAL_CONFIRMATION_STOP,af6639e56c2bdeb5c919dae6c89356837dfde6654cc28b15ca9be7ea2c8f5b32,b6fe695e9fbca9e32da83b30820b330021a79211f80fbebc36ff51dd9c264268,1835.02,,,,CONTROL_V2_FILLED_STOP,False,,2023-03-10T04:35:00Z,1835.02,1825.62,d8bc3bb81b909c6c7811a832429f4f74371e70c857c9918515bce90c4c367987
a928d7cc4aa1166171fc0c7b296b34ffc2ef056fb6dae3a6b784f0293a3ef090,1830.27,2023-03-10T04:35:00Z,5aea8590819dcaf2bfbfca747dc063988f4c93edcab931b9951b4cdcfc331235,2023-03-10T04:35:00Z,1828.29,1835.02,2023-04-01T00:00:00Z,2023-03-09T23:00:00Z,0.0,SHORT,0.7322118446189946,-50.0,M5_LATEST_CONFIRMED_OPPOSING_SWING_ELSE_CONTROL,2023-03-10T04:42:00Z,M5_BROKEN_CONTROL_FIRST_RETEST,1830.27,True,a155439bb9c75584491dab476201dccf8e7bfd8e90d3bdec9dda64dd3445d08d,1.0957377208073495,0.8413094574619912,2023_03,-1.0,-1.0,STOP,2023-03-10T10:00:00Z,STOP,d1949d663138cb7eb552da4af417f37072d4e5db9456d8aa265c28a928d248a9,2023-03-10T09:20:00Z,FIRST_RETEST_FILLED,2023-03-10T04:50:00Z,2023-03-10T04:42:00Z,1830.27,True,True,INITIAL_CONFIRMATION_STOP,19014153f3d93bf38418bf5d8529cec01b5e46563fb43893049d239900e3931b,b6fe695e9fbca9e32da83b30820b330021a79211f80fbebc36ff51dd9c264268,1833.2177857142858,1.1557142857143066,0.05778571428571533,,M5_LATEST_CONFIRMED_OPPOSING_SWING_ELSE_CONTROL,True,67fae207fd04701f63a300effd4c4f1f95d3cd3643ad7e258e0242e9c7c698b3,2023-03-10T04:25:00Z,1833.16,1825.62,d8bc3bb81b909c6c7811a832429f4f74371e70c857c9918515bce90c4c367987
a928d7cc4aa1166171fc0c7b296b34ffc2ef056fb6dae3a6b784f0293a3ef090,1830.27,2023-03-10T04:35:00Z,5aea8590819dcaf2bfbfca747dc063988f4c93edcab931b9951b4cdcfc331235,2023-03-10T04:35:00Z,1828.29,1835.02,2023-04-01T00:00:00Z,2023-03-09T23:00:00Z,0.0,SHORT,0.5965665463808257,-50.0,M15_LATEST_CONFIRMED_OPPOSING_SWING_ELSE_CONTROL,2023-03-10T04:42:00Z,M5_BROKEN_CONTROL_FIRST_RETEST,1830.27,True,a64943e2755b60755675df2f2c91fa6e0abc95b027a485914ce842b58e6afb64,1.2433087035118735,1.2187373852606729,2023_03,-1.0,-1.0,STOP,2023-03-10T10:00:00Z,STOP,1f2d19c3321d6687f5d54f54bd23a64596e9f95063b5918a8dcc6ab1b76c04a7,2023-03-10T08:03:00Z,FIRST_RETEST_FILLED,2023-03-10T04:50:00Z,2023-03-10T04:42:00Z,1830.27,True,True,INITIAL_CONFIRMATION_STOP,06a35c337f95333909fee64c7cafe2f5cf4003014582c294aff46aca548d5a58,b6fe695e9fbca9e32da83b30820b330021a79211f80fbebc36ff51dd9c264268,1832.304892857143,1.4978571428571772,0.07489285714285886,,M15_LATEST_CONFIRMED_OPPOSING_SWING_ELSE_CONTROL,True,dc47de8a12c4c7da7b0abfd6c07c34bf828e0ce2afbdbe7c6d5c56f0a9968426,2023-03-09T23:45:00Z,1832.23,1825.62,d8bc3bb81b909c6c7811a832429f4f74371e70c857c9918515bce90c4c367987
a928d7cc4aa1166171fc0c7b296b34ffc2ef056fb6dae3a6b784f0293a3ef090,1830.27,2023-03-10T04:35:00Z,5aea8590819dcaf2bfbfca747dc063988f4c93edcab931b9951b4cdcfc331235,2023-03-10T04:35:00Z,1828.29,1835.02,2023-04-01T00:00:00Z,2023-03-09T23:00:00Z,0.0,SHORT,1.0,-50.0,CONTROL_V2_FILLED_STOP,2023-03-10T04:42:00Z,M5_BROKEN_CONTROL_FIRST_RETEST,1830.27,True,7aeef489258ef2ab341675d12fe0a517fed16d92df4d69c3b6bb7bf04678fd84,1.0589473684210469,0.5221052631578985,2023_03,-1.0,-1.0,STOP,2023-03-10T10:00:00Z,STOP,2113f7f2c9becb94ea2a7d16e3be074e05c76429e0acb40093f37938dbd5306d,2023-03-10T10:00:00Z,FIRST_RETEST_FILLED,2023-03-10T04:50:00Z,2023-03-10T04:42:00Z,1830.27,True,True,INITIAL_CONFIRMATION_STOP,ee568ee2fa2995ecfc4352b196783c533ff27c853be7a72b83a9733831adef30,b6fe695e9fbca9e32da83b30820b330021a79211f80fbebc36ff51dd9c264268,1835.02,4.676428571428589,0.23382142857142948,NOT_STRICTLY_CLOSER_THAN_CONTROL,H1_SOURCE_SWING_BUFFERED_ELSE_CONTROL,False,b6fe695e9fbca9e32da83b30820b330021a79211f80fbebc36ff51dd9c264268,2023-03-09T23:00:00Z,1835.02,1825.62,d8bc3bb81b909c6c7811a832429f4f74371e70c857c9918515bce90c4c367987
a928d7cc4aa1166171fc0c7b296b34ffc2ef056fb6dae3a6b784f0293a3ef090,1830.27,2023-03-10T04:35:00Z,5aea8590819dcaf2bfbfca747dc063988f4c93edcab931b9951b4cdcfc331235,2023-03-10T04:35:00Z,1828.29,1835.02,2023-04-01T00:00:00Z,2023-03-09T23:00:00Z,0.0,SHORT,1.0,-50.0,CONTROL_V2_FILLED_STOP,2023-03-10T04:35:00Z,CONFIRMED_25_75_RETEST_SPLIT,1828.29,True,a0b3ed43d953403a3194cdff7e165545ee335cf3cbefb386bb63593d77a042f4,1.054611715023065,0.41015249863142533,2023_03,-1.0,-1.0,STOP,2023-03-10T10:00:00Z,SPLIT_STOP_STOP,209835b6622bb18cd6e301bcfda3978232a32a842f6178ede9b8d6886ffdb489,2023-03-10T10:00:00Z,FIRST_RETEST_FILLED,2023-03-10T04:50:00Z,2023-03-10T04:42:00Z,1830.27,True,True,INITIAL_CONFIRMATION_STOP,0d9ec29afa44ebf5e5ee7031f4cfd90cd990935c80a41edd6d7c333d84794a6e,b6fe695e9fbca9e32da83b30820b330021a79211f80fbebc36ff51dd9c264268,1835.02,,,,CONTROL_V2_FILLED_STOP,False,,2023-03-10T04:35:00Z,1835.02,1825.62,d8bc3bb81b909c6c7811a832429f4f74371e70c857c9918515bce90c4c367987
a928d7cc4aa1166171fc0c7b296b34ffc2ef056fb6dae3a6b784f0293a3ef090,1830.27,2023-03-10T04:35:00Z,5aea8590819dcaf2bfbfca747dc063988f4c93edcab931b9951b4cdcfc331235,2023-03-10T04:35:00Z,1828.29,1835.02,2023-04-01T00:00:00Z,2023-03-09T23:00:00Z,0.0,SHORT,0.7322118446189946,-50.0,M5_LATEST_CONFIRMED_OPPOSING_SWING_ELSE_CONTROL,2023-03-10T04:35:00Z,CONFIRMED_25_75_RETEST_SPLIT,1828.29,True,a155439bb9c75584491dab476201dccf8e7bfd8e90d3bdec9dda64dd3445d08d,1.086120790496794,0.6563484558499751,2023_03,-1.0,-1.0,STOP,2023-03-10T10:00:00Z,SPLIT_STOP_STOP,0b96b0231ed5ff6ef0cb12812c3a337a7d4c043efa1af9df6f7b618adae43c37,2023-03-10T09:20:00Z,FIRST_RETEST_FILLED,2023-03-10T04:50:00Z,2023-03-10T04:42:00Z,1830.27,True,True,INITIAL_CONFIRMATION_STOP,ce6887aeee256b7bf9678984e7ed2d94fbbb20d9af43d4736f4a06958acf451b,b6fe695e9fbca9e32da83b30820b330021a79211f80fbebc36ff51dd9c264268,1833.2177857142858,1.1557142857143066,0.05778571428571533,,M5_LATEST_CONFIRMED_OPPOSING_SWING_ELSE_CONTROL,True,67fae207fd04701f63a300effd4c4f1f95d3cd3643ad7e258e0242e9c7c698b3,2023-03-10T04:25:00Z,1833.16,1825.62,d8bc3bb81b909c6c7811a832429f4f74371e70c857c9918515bce90c4c367987
a928d7cc4aa1166171fc0c7b296b34ffc2ef056fb6dae3a6b784f0293a3ef090,1830.27,2023-03-10T04:35:00Z,5aea8590819dcaf2bfbfca747dc063988f4c93edcab931b9951b4cdcfc331235,2023-03-10T04:35:00Z,1828.29,1835.02,2023-04-01T00:00:00Z,2023-03-09T23:00:00Z,0.0,SHORT,0.5965665463808257,-50.0,M15_LATEST_CONFIRMED_OPPOSING_SWING_ELSE_CONTROL,2023-03-10T04:35:00Z,CONFIRMED_25_75_RETEST_SPLIT,1828.29,True,a64943e2755b60755675df2f2c91fa6e0abc95b027a485914ce842b58e6afb64,1.2133109395555812,0.9451871200898146,2023_03,-1.0,-1.0,STOP,2023-03-10T10:00:00Z,SPLIT_STOP_STOP,1b6265f2b40e6c7a3343d1c9cc83986e0d3fd37807f001f923f707853f11616c,2023-03-10T08:03:00Z,FIRST_RETEST_FILLED,2023-03-10T04:50:00Z,2023-03-10T04:42:00Z,1830.27,True,True,INITIAL_CONFIRMATION_STOP,15a6b8a767bf26a6f97e02b3a086c62e92f3f9995b38e1e65ace2399a44750d4,b6fe695e9fbca9e32da83b30820b330021a79211f80fbebc36ff51dd9c264268,1832.304892857143,1.4978571428571772,0.07489285714285886,,M15_LATEST_CONFIRMED_OPPOSING_SWING_ELSE_CONTROL,True,dc47de8a12c4c7da7b0abfd6c07c34bf828e0ce2afbdbe7c6d5c56f0a9968426,2023-03-09T23:45:00Z,1832.23,1825.62,d8bc3bb81b909c6c7811a832429f4f74371e70c857c9918515bce90c4c367987
a928d7cc4aa1166171fc0c7b296b34ffc2ef056fb6dae3a6b784f0293a3ef090,1830.27,2023-03-10T04:35:00Z,5aea8590819dcaf2bfbfca747dc063988f4c93edcab931b9951b4cdcfc331235,2023-03-10T04:35:00Z,1828.29,1835.02,2023-04-01T00:00:00Z,2023-03-09T23:00:00Z,0.0,SHORT,1.0,-50.0,CONTROL_V2_FILLED_STOP,2023-03-10T04:35:00Z,CONFIRMED_25_75_RETEST_SPLIT,1828.29,True,7aeef489258ef2ab341675d12fe0a517fed16d92df4d69c3b6bb7bf04678fd84,1.054611715023065,0.41015249863142533,2023_03,-1.0,-1.0,STOP,2023-03-10T10:00:00Z,SPLIT_STOP_STOP,566b0c8025d8a03b4b6febe4cd6227e65602a561a4227b8c86438ac124cddcf0,2023-03-10T10:00:00Z,FIRST_RETEST_FILLED,2023-03-10T04:50:00Z,2023-03-10T04:42:00Z,1830.27,True,True,INITIAL_CONFIRMATION_STOP,ecbf716a52b1d8298d902c7f043ce37dc79de19ee6de1199b6053052a2013ec1,b6fe695e9fbca9e32da83b30820b330021a79211f80fbebc36ff51dd9c264268,1835.02,4.676428571428589,0.23382142857142948,NOT_STRICTLY_CLOSER_THAN_CONTROL,H1_SOURCE_SWING_BUFFERED_ELSE_CONTROL,False,b6fe695e9fbca9e32da83b30820b330021a79211f80fbebc36ff51dd9c264268,2023-03-09T23:00:00Z,1835.02,1825.62,d8bc3bb81b909c6c7811a832429f4f74371e70c857c9918515bce90c4c367987
02b8bfcfa1da21354afe3b31e90068b44d97f4a75133048b044b17bede9fa900,1828.28,2023-03-10T06:20:00Z,43c1cba7985f4b3be5b75041c24472c94fd770f098f8b32622217f5313160fec,2023-03-10T06:20:00Z,1827.86,1835.62,2023-04-01T00:00:00Z,2023-03-09T20:00:00Z,0.0,SHORT,1.0,-50.0,CONTROL_V2_FILLED_STOP,2023-03-10T06:20:00Z,CONTROL_NEXT_M1_OPEN,1827.86,True,05752c36c44215b38833090307d02498c535630504daa90873083d107cb1335e,1.2319587628866218,0.009020618556692837,2023_03,-1.0,-1.0,STOP,2023-03-10T10:01:00Z,STOP,10729e0a72e6eae69ce6b53601518a89c6202f77bd912a6b0df575bdf214ec1c,2023-03-10T10:01:00Z,FIRST_RETEST_FILLED,2023-03-10T06:35:00Z,2023-03-10T06:21:00Z,1828.28,True,False,INITIAL_CONFIRMATION_STOP,6d0678b0e4ddf299b0259c6e85b204085a1aed9b116a396b05bc9d9eda41a8f9,98730b986a2b5ad4bede15fde20418be26b3e674c5b932a881fdeba42e88e77a,1835.62,,,,CONTROL_V2_FILLED_STOP,False,,2023-03-10T06:20:00Z,1835.62,1815.49,3b2b23b88d27d7ee7a4ca95c9d1759420ef968823763415af18cf537b39ff582
02b8bfcfa1da21354afe3b31e90068b44d97f4a75133048b044b17bede9fa900,1828.28,2023-03-10T06:20:00Z,43c1cba7985f4b3be5b75041c24472c94fd770f098f8b32622217f5313160fec,2023-03-10T06:20:00Z,1827.86,1835.62,2023-04-01T00:00:00Z,2023-03-09T20:00:00Z,0.0,SHORT,0.2979565537555473,-50.0,M5_LATEST_CONFIRMED_OPPOSING_SWING_ELSE_CONTROL,2023-03-10T06:20:00Z,CONTROL_NEXT_M1_OPEN,1827.86,True,92a9890d75470e188dd2e50a7fea4ff408549d6f34ef348b93cabc705c0ee771,1.0379981464318366,0.030274945937566557,2023_03,-1.0,-1.0,STOP,2023-03-10T10:01:00Z,STOP,2f4302dc148100f395ef1b63018e34c367c464f0c07c162dbff8c4cfcdcc6d30,2023-03-10T06:55:00Z,FIRST_RETEST_FILLED,2023-03-10T06:35:00Z,2023-03-10T06:21:00Z,1828.28,True,False,INITIAL_CONFIRMATION_STOP,c8797bf8d54010adf6177a5d165ace5cc81affdea41c5a19b0268d672726f55f,98730b986a2b5ad4bede15fde20418be26b3e674c5b932a881fdeba42e88e77a,1830.172142857143,0.8428571428571721,0.042142857142858606,,M5_LATEST_CONFIRMED_OPPOSING_SWING_ELSE_CONTROL,True,43863421403a2d008d9560c2b71b1881a1cdf27fe0a2848f08730b3c0058614a,2023-03-10T06:05:00Z,1830.13,1815.49,3b2b23b88d27d7ee7a4ca95c9d1759420ef968823763415af18cf537b39ff582
02b8bfcfa1da21354afe3b31e90068b44d97f4a75133048b044b17bede9fa900,1828.28,2023-03-10T06:20:00Z,43c1cba7985f4b3be5b75041c24472c94fd770f098f8b32622217f5313160fec,2023-03-10T06:20:00Z,1827.86,1835.62,2023-04-01T00:00:00Z,2023-03-09T20:00:00Z,0.0,SHORT,0.6938420471281589,-50.0,M15_LATEST_CONFIRMED_OPPOSING_SWING_ELSE_CONTROL,2023-03-10T06:20:00Z,CONTROL_NEXT_M1_OPEN,1827.86,True,ed55f42de37f2ad11feeff141ffc7bb018dfda6cd58d2f6affcf59e177a75856,1.0475065999814028,0.013000968439473442,2023_03,-1.0,-1.0,STOP,2023-03-10T10:01:00Z,STOP,be73e0fbb67277e9032dfa425e5250cf05fa266081c626ec3485eae5ff42d9f1,2023-03-10T09:20:00Z,FIRST_RETEST_FILLED,2023-03-10T06:35:00Z,2023-03-10T06:21:00Z,1828.28,True,False,INITIAL_CONFIRMATION_STOP,f3ca9642773f711640cdc23bab45edbdbb35241a469226e60cadd64fd3f2622c,98730b986a2b5ad4bede15fde20418be26b3e674c5b932a881fdeba42e88e77a,1833.2442142857144,1.6842857142857903,0.08421428571428952,,M15_LATEST_CONFIRMED_OPPOSING_SWING_ELSE_CONTROL,True,c4b19db143b3f839367dc0fd23e55df035296a015f032d700bc2db57de436635,2023-03-10T04:45:00Z,1833.16,1815.49,3b2b23b88d27d7ee7a4ca95c9d1759420ef968823763415af18cf537b39ff582
02b8bfcfa1da21354afe3b31e90068b44d97f4a75133048b044b17bede9fa900,1828.28,2023-03-10T06:20:00Z,43c1cba7985f4b3be5b75041c24472c94fd770f098f8b32622217f5313160fec,2023-03-10T06:20:00Z,1827.86,1835.62,2023-04-01T00:00:00Z,2023-03-09T20:00:00Z,0.0,SHORT,1.0,-50.0,CONTROL_V2_FILLED_STOP,2023-03-10T06:20:00Z,CONTROL_NEXT_M1_OPEN,1827.86,True,b8c49ec090fbb6163608698b737f6205c1f2cd731e81ae36fa4a3c77ab265c6c,1.2319587628866218,0.009020618556692837,2023_03,-1.0,-1.0,STOP,2023-03-10T10:01:00Z,STOP,261d3c499d9a63d20b2792bffe683848e4b4acfa018424db27d211d6333bdeaa,2023-03-10T10:01:00Z,FIRST_RETEST_FILLED,2023-03-10T06:35:00Z,2023-03-10T06:21:00Z,1828.28,True,False,INITIAL_CONFIRMATION_STOP,18c0382317820d557499779e57992b4b81d2036628e50121c4fbe42dae897c7b,98730b986a2b5ad4bede15fde20418be26b3e674c5b932a881fdeba42e88e77a,1835.62,4.840714285714317,0.24203571428571588,NOT_STRICTLY_CLOSER_THAN_CONTROL,H1_SOURCE_SWING_BUFFERED_ELSE_CONTROL,False,98730b986a2b5ad4bede15fde20418be26b3e674c5b932a881fdeba42e88e77a,2023-03-09T20:00:00Z,1835.62,1815.49,3b2b23b88d27d7ee7a4ca95c9d1759420ef968823763415af18cf537b39ff582
02b8bfcfa1da21354afe3b31e90068b44d97f4a75133048b044b17bede9fa900,1828.28,2023-03-10T06:20:00Z,43c1cba7985f4b3be5b75041c24472c94fd770f098f8b32622217f5313160fec,2023-03-10T06:20:00Z,1827.86,1835.62,2023-04-01T00:00:00Z,2023-03-09T20:00:00Z,0.0,SHORT,1.0,-50.0,CONTROL_V2_FILLED_STOP,2023-03-10T06:21:00Z,M5_BROKEN_CONTROL_FIRST_RETEST,1828.28,True,05752c36c44215b38833090307d02498c535630504daa90873083d107cb1335e,1.2452316076294554,0.05722070844687704,2023_03,-1.0,-1.0,STOP,2023-03-10T10:01:00Z,STOP,cffe17a71143ea854d7f6b3411c617781c58943e5cad95e66961de43d2f1a7f0,2023-03-10T10:01:00Z,FIRST_RETEST_FILLED,2023-03-10T06:35:00Z,2023-03-10T06:21:00Z,1828.28,True,True,INITIAL_CONFIRMATION_STOP,4f5765c30b437c4aabbf7385e716b8aad0d998dee6fdf1ccf46889e79eace54d,98730b986a2b5ad4bede15fde20418be26b3e674c5b932a881fdeba42e88e77a,1835.62,,,,CONTROL_V2_FILLED_STOP,False,,2023-03-10T06:20:00Z,1835.62,1815.49,3b2b23b88d27d7ee7a4ca95c9d1759420ef968823763415af18cf537b39ff582
02b8bfcfa1da21354afe3b31e90068b44d97f4a75133048b044b17bede9fa900,1828.28,2023-03-10T06:20:00Z,43c1cba7985f4b3be5b75041c24472c94fd770f098f8b32622217f5313160fec,2023-03-10T06:20:00Z,1827.86,1835.62,2023-04-01T00:00:00Z,2023-03-09T20:00:00Z,0.0,SHORT,0.2979565537555473,-50.0,M5_LATEST_CONFIRMED_OPPOSING_SWING_ELSE_CONTROL,2023-03-10T06:21:00Z,M5_BROKEN_CONTROL_FIRST_RETEST,1828.28,True,92a9890d75470e188dd2e50a7fea4ff408549d6f34ef348b93cabc705c0ee771,1.0464326160814865,0.22197055492641235,2023_03,-1.0,-1.0,STOP,2023-03-10T10:01:00Z,STOP,2656da2bd0c3b9d66ea75ce4ac97a4f2f573494a59b9985cb7b00e2e55a47da6,2023-03-10T06:55:00Z,FIRST_RETEST_FILLED,2023-03-10T06:35:00Z,2023-03-10T06:21:00Z,1828.28,True,True,INITIAL_CONFIRMATION_STOP,efa065ed3742116d5b2223fdd78629975046d4476bf260982f21d60322849b4d,98730b986a2b5ad4bede15fde20418be26b3e674c5b932a881fdeba42e88e77a,1830.172142857143,0.8428571428571721,0.042142857142858606,,M5_LATEST_CONFIRMED_OPPOSING_SWING_ELSE_CONTROL,True,43863421403a2d008d9560c2b71b1881a1cdf27fe0a2848f08730b3c0058614a,2023-03-10T06:05:00Z,1830.13,1815.49,3b2b23b88d27d7ee7a4ca95c9d1759420ef968823763415af18cf537b39ff582
02b8bfcfa1da21354afe3b31e90068b44d97f4a75133048b044b17bede9fa900,1828.28,2023-03-10T06:20:00Z,43c1cba7985f4b3be5b75041c24472c94fd770f098f8b32622217f5313160fec,2023-03-10T06:20:00Z,1827.86,1835.62,2023-04-01T00:00:00Z,2023-03-09T20:00:00Z,0.0,SHORT,0.6938420471281589,-50.0,M15_LATEST_CONFIRMED_OPPOSING_SWING_ELSE_CONTROL,2023-03-10T06:21:00Z,M5_BROKEN_CONTROL_FIRST_RETEST,1828.28,True,ed55f42de37f2ad11feeff141ffc7bb018dfda6cd58d2f6affcf59e177a75856,1.0515259212362509,0.08460553389258613,2023_03,-1.0,-1.0,STOP,2023-03-10T10:01:00Z,STOP,f90da38e8856b4967af65401568e526482cf1dacb62e99da8bf870c7f85da2d3,2023-03-10T09:20:00Z,FIRST_RETEST_FILLED,2023-03-10T06:35:00Z,2023-03-10T06:21:00Z,1828.28,True,True,INITIAL_CONFIRMATION_STOP,8b99572da80d4d98664c659a87ba7f30afa0912174ff82f31172a4e577bd9284,98730b986a2b5ad4bede15fde20418be26b3e674c5b932a881fdeba42e88e77a,1833.2442142857144,1.6842857142857903,0.08421428571428952,,M15_LATEST_CONFIRMED_OPPOSING_SWING_ELSE_CONTROL,True,c4b19db143b3f839367dc0fd23e55df035296a015f032d700bc2db57de436635,2023-03-10T04:45:00Z,1833.16,1815.49,3b2b23b88d27d7ee7a4ca95c9d1759420ef968823763415af18cf537b39ff582
02b8bfcfa1da21354afe3b31e90068b44d97f4a75133048b044b17bede9fa900,1828.28,2023-03-10T06:20:00Z,43c1cba7985f4b3be5b75041c24472c94fd770f098f8b32622217f5313160fec,2023-03-10T06:20:00Z,1827.86,1835.62,2023-04-01T00:00:00Z,2023-03-09T20:00:00Z,0.0,SHORT,1.0,-50.0,CONTROL_V2_FILLED_STOP,2023-03-10T06:21:00Z,M5_BROKEN_CONTROL_FIRST_RETEST,1828.28,True,b8c49ec090fbb6163608698b737f6205c1f2cd731e81ae36fa4a3c77ab265c6c,1.2452316076294554,0.05722070844687704,2023_03,-1.0,-1.0,STOP,2023-03-10T10:01:00Z,STOP,9bb5480b920cafc7dc9421b3160ad67467b9bf169dab66546e0dd1227b06f5fd,2023-03-10T10:01:00Z,FIRST_RETEST_FILLED,2023-03-10T06:35:00Z,2023-03-10T06:21:00Z,1828.28,True,True,INITIAL_CONFIRMATION_STOP,913dd6d35579de7f930303bf463f6fc26e36ea5c731c8dac41aca4f3b41fe37f,98730b986a2b5ad4bede15fde20418be26b3e674c5b932a881fdeba42e88e77a,1835.62,4.840714285714317,0.24203571428571588,NOT_STRICTLY_CLOSER_THAN_CONTROL,H1_SOURCE_SWING_BUFFERED_ELSE_CONTROL,False,98730b986a2b5ad4bede15fde20418be26b3e674c5b932a881fdeba42e88e77a,2023-03-09T20:00:00Z,1835.62,1815.49,3b2b23b88d27d7ee7a4ca95c9d1759420ef968823763415af18cf537b39ff582
02b8bfcfa1da21354afe3b31e90068b44d97f4a75133048b044b17bede9fa900,1828.28,2023-03-10T06:20:00Z,43c1cba7985f4b3be5b75041c24472c94fd770f098f8b32622217f5313160fec,2023-03-10T06:20:00Z,1827.86,1835.62,2023-04-01T00:00:00Z,2023-03-09T20:00:00Z,0.0,SHORT,1.0,-50.0,CONTROL_V2_FILLED_STOP,2023-03-10T06:20:00Z,CONFIRMED_25_75_RETEST_SPLIT,1827.86,True,05752c36c44215b38833090307d02498c535630504daa90873083d107cb1335e,1.241913396443747,0.045170685974330986,2023_03,-1.0,-1.0,STOP,2023-03-10T10:01:00Z,SPLIT_STOP_STOP,e7bb2d62a8f3250273568c3cd6a3ce520a299ffcab0b8e157b75ec78ef0fabf0,2023-03-10T10:01:00Z,FIRST_RETEST_FILLED,2023-03-10T06:35:00Z,2023-03-10T06:21:00Z,1828.28,True,True,INITIAL_CONFIRMATION_STOP,7d2b5f2ce55e17143ea81882d5cd25b99b3d9463d5a06a503dd63ee258d5665d,98730b986a2b5ad4bede15fde20418be26b3e674c5b932a881fdeba42e88e77a,1835.62,,,,CONTROL_V2_FILLED_STOP,False,,2023-03-10T06:20:00Z,1835.62,1815.49,3b2b23b88d27d7ee7a4ca95c9d1759420ef968823763415af18cf537b39ff582
02b8bfcfa1da21354afe3b31e90068b44d97f4a75133048b044b17bede9fa900,1828.28,2023-03-10T06:20:00Z,43c1cba7985f4b3be5b75041c24472c94fd770f098f8b32622217f5313160fec,2023-03-10T06:20:00Z,1827.86,1835.62,2023-04-01T00:00:00Z,2023-03-09T20:00:00Z,0.0,SHORT,0.2979565537555473,-50.0,M5_LATEST_CONFIRMED_OPPOSING_SWING_ELSE_CONTROL,2023-03-10T06:20:00Z,CONFIRMED_25_75_RETEST_SPLIT,1827.86,True,92a9890d75470e188dd2e50a7fea4ff408549d6f34ef348b93cabc705c0ee771,1.044323998669074,0.17404665267920089,2023_03,-1.0,-1.0,STOP,2023-03-10T10:01:00Z,SPLIT_STOP_STOP,ed68567761718d86f8556b894c80d9a2e4acfb1a10e6dfb84f9ccf7c6ba14dc3,2023-03-10T06:55:00Z,FIRST_RETEST_FILLED,2023-03-10T06:35:00Z,2023-03-10T06:21:00Z,1828.28,True,True,INITIAL_CONFIRMATION_STOP,03e932c6aff40f0186ad6248de29deb5900891a454849ae719d6e8a715758dcd,98730b986a2b5ad4bede15fde20418be26b3e674c5b932a881fdeba42e88e77a,1830.172142857143,0.8428571428571721,0.042142857142858606,,M5_LATEST_CONFIRMED_OPPOSING_SWING_ELSE_CONTROL,True,43863421403a2d008d9560c2b71b1881a1cdf27fe0a2848f08730b3c0058614a,2023-03-10T06:05:00Z,1830.13,1815.49,3b2b23b88d27d7ee7a4ca95c9d1759420ef968823763415af18cf537b39ff582
02b8bfcfa1da21354afe3b31e90068b44d97f4a75133048b044b17bede9fa900,1828.28,2023-03-10T06:20:00Z,43c1cba7985f4b3be5b75041c24472c94fd770f098f8b32622217f5313160fec,2023-03-10T06:20:00Z,1827.86,1835.62,2023-04-01T00:00:00Z,2023-03-09T20:00:00Z,0.0,SHORT,0.6938420471281589,-50.0,M15_LATEST_CONFIRMED_OPPOSING_SWING_ELSE_CONTROL,2023-03-10T06:20:00Z,CONFIRMED_25_75_RETEST_SPLIT,1827.86,True,ed55f42de37f2ad11feeff141ffc7bb018dfda6cd58d2f6affcf59e177a75856,1.0505210909225389,0.06670439252930796,2023_03,-1.0,-1.0,STOP,2023-03-10T10:01:00Z,SPLIT_STOP_STOP,1ccacfb6bced860f26bdf365e850f582c1e88515cd5b951f546f64e3816579e5,2023-03-10T09:20:00Z,FIRST_RETEST_FILLED,2023-03-10T06:35:00Z,2023-03-10T06:21:00Z,1828.28,True,True,INITIAL_CONFIRMATION_STOP,03ffaa995a4f363331bec09872a0e786b093bdaff3554a13309ac3834f557dbd,98730b986a2b5ad4bede15fde20418be26b3e674c5b932a881fdeba42e88e77a,1833.2442142857144,1.6842857142857903,0.08421428571428952,,M15_LATEST_CONFIRMED_OPPOSING_SWING_ELSE_CONTROL,True,c4b19db143b3f839367dc0fd23e55df035296a015f032d700bc2db57de436635,2023-03-10T04:45:00Z,1833.16,1815.49,3b2b23b88d27d7ee7a4ca95c9d1759420ef968823763415af18cf537b39ff582
02b8bfcfa1da21354afe3b31e90068b44d97f4a75133048b044b17bede9fa900,1828.28,2023-03-10T06:20:00Z,43c1cba7985f4b3be5b75041c24472c94fd770f098f8b32622217f5313160fec,2023-03-10T06:20:00Z,1827.86,1835.62,2023-04-01T00:00:00Z,2023-03-09T20:00:00Z,0.0,SHORT,1.0,-50.0,CONTROL_V2_FILLED_STOP,2023-03-10T06:20:00Z,CONFIRMED_25_75_RETEST_SPLIT,1827.86,True,b8c49ec090fbb6163608698b737f6205c1f2cd731e81ae36fa4a3c77ab265c6c,1.241913396443747,0.045170685974330986,2023_03,-1.0,-1.0,STOP,2023-03-10T10:01:00Z,SPLIT_STOP_STOP,810bf403c4fbcaef694b6c5b2469b56875dee514928bd13af09236a5e7a93c2d,2023-03-10T10:01:00Z,FIRST_RETEST_FILLED,2023-03-10T06:35:00Z,2023-03-10T06:21:00Z,1828.28,True,True,INITIAL_CONFIRMATION_STOP,c5c13c9967a2a04d8ca326f6e76fd6a136fdb15baf20c2cd6afdd26c5f921932,98730b986a2b5ad4bede15fde20418be26b3e674c5b932a881fdeba42e88e77a,1835.62,4.840714285714317,0.24203571428571588,NOT_STRICTLY_CLOSER_THAN_CONTROL,H1_SOURCE_SWING_BUFFERED_ELSE_CONTROL,False,98730b986a2b5ad4bede15fde20418be26b3e674c5b932a881fdeba42e88e77a,2023-03-09T20:00:00Z,1835.62,1815.49,3b2b23b88d27d7ee7a4ca95c9d1759420ef968823763415af18cf537b39ff582
ca5fe554aaa56d70653af6be491b6a1a11d35b46b1be6c1cb593fe80be18803f,1831.82,2023-03-10T09:05:00Z,f23dbe262b8f67049dda7c4d3a987720f6c3a5a9e43fb60e0fa913ceb5b58cdf,2023-03-10T09:05:00Z,1832.21,1827.79,2023-04-01T00:00:00Z,2023-03-10T09:00:00Z,0.0,LONG,1.0,31.787330316740942,CONTROL_V2_FILLED_STOP,2023-03-10T09:05:00Z,CONTROL_NEXT_M1_OPEN,1832.21,True,9c2d1efa1778dfe7e51cadaab749127993b76fe1c5fe3be37daa6b936efb0562,0.04977375565611395,0.6990950226244044,2023_03,0.6357466063348188,0.6357466063348188,TARGET,2023-03-10T10:00:00Z,TARGET,2eaeab5a154f59a9f01efae7115c7d160ce587454c7d291fe46eb2d51340f4b1,2023-03-10T10:00:00Z,RETEST_EXPIRED,2023-03-10T09:20:00Z,,1831.82,False,False,INITIAL_CONFIRMATION_TARGET,b3a8efa70a71d5996a8870504badd225a66f6998c95719f3e21c77519119f3c9,b4dca15cd70735e9dd4113ed6858a30b5182f9f2fb390debd7abf143dfd1fa58,1827.79,,,,CONTROL_V2_FILLED_STOP,False,,2023-03-10T09:05:00Z,1827.79,1835.02,c0ba75c5a196af0e5e06ab61b0de18b889d910777b9cc93b462c9a409983fc82
ca5fe554aaa56d70653af6be491b6a1a11d35b46b1be6c1cb593fe80be18803f,1831.82,2023-03-10T09:05:00Z,f23dbe262b8f67049dda7c4d3a987720f6c3a5a9e43fb60e0fa913ceb5b58cdf,2023-03-10T09:05:00Z,1832.21,1827.79,2023-04-01T00:00:00Z,2023-03-10T09:00:00Z,0.7587449040688855,LONG,0.4558985132514508,69.72457552018521,M5_LATEST_CONFIRMED_OPPOSING_SWING_ELSE_CONTROL,2023-03-10T09:05:00Z,CONTROL_NEXT_M1_OPEN,1832.21,True,be0fd7284819328078519896920e5d2e053326e0fd120af311c8c0a226e8761d,0.109177271277174,1.5334444011200767,2023_03,1.3944915104037043,0.6357466063348188,TARGET,2023-03-10T10:00:00Z,TARGET,6513df5becf63542e135920a51957ab272bd0cf4e898f6d942d871b7c32cc89b,2023-03-10T10:00:00Z,RETEST_EXPIRED,2023-03-10T09:20:00Z,,1831.82,False,False,INITIAL_CONFIRMATION_TARGET,b88ae069ca03bfb1be0f84465e17e1af10d292ca5b208efdb325d0b33ecd99b7,b4dca15cd70735e9dd4113ed6858a30b5182f9f2fb390debd7abf143dfd1fa58,1830.1949285714286,0.9014285714286123,0.04507142857143062,,M5_LATEST_CONFIRMED_OPPOSING_SWING_ELSE_CONTROL,True,5e35f3edc12caf060e51365a466410f7f165baf2ae0586ca4d9b82277407f8c5,2023-03-10T09:05:00Z,1830.24,1835.02,c0ba75c5a196af0e5e06ab61b0de18b889d910777b9cc93b462c9a409983fc82
ca5fe554aaa56d70653af6be491b6a1a11d35b46b1be6c1cb593fe80be18803f,1831.82,2023-03-10T09:05:00Z,f23dbe262b8f67049dda7c4d3a987720f6c3a5a9e43fb60e0fa913ceb5b58cdf,2023-03-10T09:05:00Z,1832.21,1827.79,2023-04-01T00:00:00Z,2023-03-10T09:00:00Z,0.11960073055697285,LONG,0.8416612798965802,37.76736684458958,M15_LATEST_CONFIRMED_OPPOSING_SWING_ELSE_CONTROL,2023-03-10T09:05:00Z,CONTROL_NEXT_M1_OPEN,1832.21,True,122b8fd0d1ccfe5245c0e66ad58ac051b485038d56ad0117c8ea0d4c28419fd1,0.05913751392036228,0.8306132636995088,2023_03,0.7553473368917917,0.6357466063348188,TARGET,2023-03-10T10:00:00Z,TARGET,fda5c24009fdd27cb6783bd3968882f3be4c84de66405c168be310ad52e485de,2023-03-10T10:00:00Z,RETEST_EXPIRED,2023-03-10T09:20:00Z,,1831.82,False,False,INITIAL_CONFIRMATION_TARGET,63bbc59adff67da86d6c74374ca180ea206d4e986dfcba1bafae200472f04177,b4dca15cd70735e9dd4113ed6858a30b5182f9f2fb390debd7abf143dfd1fa58,1828.489857142857,1.4028571428571337,0.07014285714285669,,M15_LATEST_CONFIRMED_OPPOSING_SWING_ELSE_CONTROL,True,fc5457a62de6cac768fe722319fc0c5c1d2665d6308bf765c1f88193e9eb002b,2023-03-10T08:00:00Z,1828.56,1835.02,c0ba75c5a196af0e5e06ab61b0de18b889d910777b9cc93b462c9a409983fc82
ca5fe554aaa56d70653af6be491b6a1a11d35b46b1be6c1cb593fe80be18803f,1831.82,2023-03-10T09:05:00Z,f23dbe262b8f67049dda7c4d3a987720f6c3a5a9e43fb60e0fa913ceb5b58cdf,2023-03-10T09:05:00Z,1832.21,1827.79,2023-04-01T00:00:00Z,2023-03-10T09:00:00Z,0.0,LONG,1.0,31.787330316740942,CONTROL_V2_FILLED_STOP,2023-03-10T09:05:00Z,CONTROL_NEXT_M1_OPEN,1832.21,True,c91f2f41f5e5629216735c2c415b2439a5c7f98277cb98343c7fe709b9a6e071,0.04977375565611395,0.6990950226244044,2023_03,0.6357466063348188,0.6357466063348188,TARGET,2023-03-10T10:00:00Z,TARGET,39eb5ebceabfb41ccf2b27a50b53d87b4659c205df6db146b63254a3715f2137,2023-03-10T10:00:00Z,RETEST_EXPIRED,2023-03-10T09:20:00Z,,1831.82,False,False,INITIAL_CONFIRMATION_TARGET,44f25564a52025f3811763e562e9a9f60943bdcee225c6d39420dc7901411434,b4dca15cd70735e9dd4113ed6858a30b5182f9f2fb390debd7abf143dfd1fa58,1827.79,4.350714285714324,0.21753571428571622,NOT_STRICTLY_CLOSER_THAN_CONTROL,H1_SOURCE_SWING_BUFFERED_ELSE_CONTROL,False,b4dca15cd70735e9dd4113ed6858a30b5182f9f2fb390debd7abf143dfd1fa58,2023-03-10T09:00:00Z,1827.79,1835.02,c0ba75c5a196af0e5e06ab61b0de18b889d910777b9cc93b462c9a409983fc82
ca5fe554aaa56d70653af6be491b6a1a11d35b46b1be6c1cb593fe80be18803f,1831.82,2023-03-10T09:05:00Z,f23dbe262b8f67049dda7c4d3a987720f6c3a5a9e43fb60e0fa913ceb5b58cdf,2023-03-10T09:05:00Z,1832.21,1827.79,2023-04-01T00:00:00Z,2023-03-10T09:00:00Z,-0.6357466063348188,LONG,1.0,0.0,CONTROL_V2_FILLED_STOP,,M5_BROKEN_CONTROL_FIRST_RETEST,,False,9c2d1efa1778dfe7e51cadaab749127993b76fe1c5fe3be37daa6b936efb0562,,,2023_03,0.0,0.6357466063348188,TARGET,2023-03-10T10:00:00Z,NO_FILL,41303a6a11a5e20f9f3f69ddb4b4e19b3a0a1906607c25440844a1a5dbfd57f2,,RETEST_EXPIRED,2023-03-10T09:20:00Z,,1831.82,False,False,INITIAL_CONFIRMATION_TARGET,e063d8c541cf99009b01cfd811f3c073688577cbc4bd2dc1c352298c8b8e1f46,b4dca15cd70735e9dd4113ed6858a30b5182f9f2fb390debd7abf143dfd1fa58,1827.79,,,,CONTROL_V2_FILLED_STOP,False,,2023-03-10T09:05:00Z,1827.79,1835.02,c0ba75c5a196af0e5e06ab61b0de18b889d910777b9cc93b462c9a409983fc82
ca5fe554aaa56d70653af6be491b6a1a11d35b46b1be6c1cb593fe80be18803f,1831.82,2023-03-10T09:05:00Z,f23dbe262b8f67049dda7c4d3a987720f6c3a5a9e43fb60e0fa913ceb5b58cdf,2023-03-10T09:05:00Z,1832.21,1827.79,2023-04-01T00:00:00Z,2023-03-10T09:00:00Z,-0.6357466063348188,LONG,0.4558985132514508,0.0,M5_LATEST_CONFIRMED_OPPOSING_SWING_ELSE_CONTROL,,M5_BROKEN_CONTROL_FIRST_RETEST,,False,be0fd7284819328078519896920e5d2e053326e0fd120af311c8c0a226e8761d,,,2023_03,0.0,0.6357466063348188,TARGET,2023-03-10T10:00:00Z,NO_FILL,27eb82d9ae7f8545a2069f77ccc19403abe4478fad9c0d769d5fb9784287f618,,RETEST_EXPIRED,2023-03-10T09:20:00Z,,1831.82,False,False,INITIAL_CONFIRMATION_TARGET,86c2e091124d77394d3c9786d8aa20ed8298b803ddf5c142b79d33d03f9c4d61,b4dca15cd70735e9dd4113ed6858a30b5182f9f2fb390debd7abf143dfd1fa58,1830.1949285714286,0.9014285714286123,0.04507142857143062,,M5_LATEST_CONFIRMED_OPPOSING_SWING_ELSE_CONTROL,True,5e35f3edc12caf060e51365a466410f7f165baf2ae0586ca4d9b82277407f8c5,2023-03-10T09:05:00Z,1830.24,1835.02,c0ba75c5a196af0e5e06ab61b0de18b889d910777b9cc93b462c9a409983fc82
ca5fe554aaa56d70653af6be491b6a1a11d35b46b1be6c1cb593fe80be18803f,1831.82,2023-03-10T09:05:00Z,f23dbe262b8f67049dda7c4d3a987720f6c3a5a9e43fb60e0fa913ceb5b58cdf,2023-03-10T09:05:00Z,1832.21,1827.79,2023-04-01T00:00:00Z,2023-03-10T09:00:00Z,-0.6357466063348188,LONG,0.8416612798965802,0.0,M15_LATEST_CONFIRMED_OPPOSING_SWING_ELSE_CONTROL,,M5_BROKEN_CONTROL_FIRST_RETEST,,False,122b8fd0d1ccfe5245c0e66ad58ac051b485038d56ad0117c8ea0d4c28419fd1,,,2023_03,0.0,0.6357466063348188,TARGET,2023-03-10T10:00:00Z,NO_FILL,91f693c267a4312e7386a31cde94364cf2746638183922e04e066c6b9399980c,,RETEST_EXPIRED,2023-03-10T09:20:00Z,,1831.82,False,False,INITIAL_CONFIRMATION_TARGET,34e6f81be5117f91f8550264a1c86b0dbdc857ecb0be6ff0ecca0433b89a2d18,b4dca15cd70735e9dd4113ed6858a30b5182f9f2fb390debd7abf143dfd1fa58,1828.489857142857,1.4028571428571337,0.07014285714285669,,M15_LATEST_CONFIRMED_OPPOSING_SWING_ELSE_CONTROL,True,fc5457a62de6cac768fe722319fc0c5c1d2665d6308bf765c1f88193e9eb002b,2023-03-10T08:00:00Z,1828.56,1835.02,c0ba75c5a196af0e5e06ab61b0de18b889d910777b9cc93b462c9a409983fc82
ca5fe554aaa56d70653af6be491b6a1a11d35b46b1be6c1cb593fe80be18803f,1831.82,2023-03-10T09:05:00Z,f23dbe262b8f67049dda7c4d3a987720f6c3a5a9e43fb60e0fa913ceb5b58cdf,2023-03-10T09:05:00Z,1832.21,1827.79,2023-04-01T00:00:00Z,2023-03-10T09:00:00Z,-0.6357466063348188,LONG,1.0,0.0,CONTROL_V2_FILLED_STOP,,M5_BROKEN_CONTROL_FIRST_RETEST,,False,c91f2f41f5e5629216735c2c415b2439a5c7f98277cb98343c7fe709b9a6e071,,,2023_03,0.0,0.6357466063348188,TARGET,2023-03-10T10:00:00Z,NO_FILL,3d0b7645f73b51d11c5586977f6c40e319ad8bce0099bf16b1676e78046a8189,,RETEST_EXPIRED,2023-03-10T09:20:00Z,,1831.82,False,False,INITIAL_CONFIRMATION_TARGET,bc46d70cd0b7692fc0cafba77cde72c9d34fe37914215f4da009df190b97b11e,b4dca15cd70735e9dd4113ed6858a30b5182f9f2fb390debd7abf143dfd1fa58,1827.79,4.350714285714324,0.21753571428571622,NOT_STRICTLY_CLOSER_THAN_CONTROL,H1_SOURCE_SWING_BUFFERED_ELSE_CONTROL,False,b4dca15cd70735e9dd4113ed6858a30b5182f9f2fb390debd7abf143dfd1fa58,2023-03-10T09:00:00Z,1827.79,1835.02,c0ba75c5a196af0e5e06ab61b0de18b889d910777b9cc93b462c9a409983fc82
ca5fe554aaa56d70653af6be491b6a1a11d35b46b1be6c1cb593fe80be18803f,1831.82,2023-03-10T09:05:00Z,f23dbe262b8f67049dda7c4d3a987720f6c3a5a9e43fb60e0fa913ceb5b58cdf,2023-03-10T09:05:00Z,1832.21,1827.79,2023-04-01T00:00:00Z,2023-03-10T09:00:00Z,-0.4768099547511141,LONG,1.0,7.9468325791852354,CONTROL_V2_FILLED_STOP,2023-03-10T09:05:00Z,CONFIRMED_25_75_RETEST_SPLIT,1832.21,True,9c2d1efa1778dfe7e51cadaab749127993b76fe1c5fe3be37daa6b936efb0562,0.012443438914028488,0.1747737556561011,2023_03,0.1589366515837047,0.6357466063348188,TARGET,2023-03-10T10:00:00Z,SPLIT_CONTROL_TARGET_NO_RETEST,bad23a4200adf6dc2527cccfcfd3f0086669109421db1044b3a980273ab8a055,2023-03-10T10:00:00Z,RETEST_EXPIRED,2023-03-10T09:20:00Z,,1831.82,False,False,INITIAL_CONFIRMATION_TARGET,1b7aa687de2a0232c9fa22645a3a3e66757d2531afb492edd33cb7331b529d93,b4dca15cd70735e9dd4113ed6858a30b5182f9f2fb390debd7abf143dfd1fa58,1827.79,,,,CONTROL_V2_FILLED_STOP,False,,2023-03-10T09:05:00Z,1827.79,1835.02,c0ba75c5a196af0e5e06ab61b0de18b889d910777b9cc93b462c9a409983fc82
ca5fe554aaa56d70653af6be491b6a1a11d35b46b1be6c1cb593fe80be18803f,1831.82,2023-03-10T09:05:00Z,f23dbe262b8f67049dda7c4d3a987720f6c3a5a9e43fb60e0fa913ceb5b58cdf,2023-03-10T09:05:00Z,1832.21,1827.79,2023-04-01T00:00:00Z,2023-03-10T09:00:00Z,-0.28712372873389275,LONG,0.4558985132514508,17.431143880046303,M5_LATEST_CONFIRMED_OPPOSING_SWING_ELSE_CONTROL,2023-03-10T09:05:00Z,CONFIRMED_25_75_RETEST_SPLIT,1832.21,True,be0fd7284819328078519896920e5d2e053326e0fd120af311c8c0a226e8761d,0.0272943178192935,0.3833611002800192,2023_03,0.3486228776009261,0.6357466063348188,TARGET,2023-03-10T10:00:00Z,SPLIT_CONTROL_TARGET_NO_RETEST,1cc9ff9a92c483b735686ed5ef092c4fef2b196494d757cb24f8045507d78652,2023-03-10T10:00:00Z,RETEST_EXPIRED,2023-03-10T09:20:00Z,,1831.82,False,False,INITIAL_CONFIRMATION_TARGET,b5b94fbaafd794f8ec08bed5bcedcc314e1244afbca34099510c71e7ef4ae1ef,b4dca15cd70735e9dd4113ed6858a30b5182f9f2fb390debd7abf143dfd1fa58,1830.1949285714286,0.9014285714286123,0.04507142857143062,,M5_LATEST_CONFIRMED_OPPOSING_SWING_ELSE_CONTROL,True,5e35f3edc12caf060e51365a466410f7f165baf2ae0586ca4d9b82277407f8c5,2023-03-10T09:05:00Z,1830.24,1835.02,c0ba75c5a196af0e5e06ab61b0de18b889d910777b9cc93b462c9a409983fc82
ca5fe554aaa56d70653af6be491b6a1a11d35b46b1be6c1cb593fe80be18803f,1831.82,2023-03-10T09:05:00Z,f23dbe262b8f67049dda7c4d3a987720f6c3a5a9e43fb60e0fa913ceb5b58cdf,2023-03-10T09:05:00Z,1832.21,1827.79,2023-04-01T00:00:00Z,2023-03-10T09:00:00Z,-0.4469097721118709,LONG,0.8416612798965802,9.441841711147395,M15_LATEST_CONFIRMED_OPPOSING_SWING_ELSE_CONTROL,2023-03-10T09:05:00Z,CONFIRMED_25_75_RETEST_SPLIT,1832.21,True,122b8fd0d1ccfe5245c0e66ad58ac051b485038d56ad0117c8ea0d4c28419fd1,0.01478437848009057,0.2076533159248772,2023_03,0.18883683422294792,0.6357466063348188,TARGET,2023-03-10T10:00:00Z,SPLIT_CONTROL_TARGET_NO_RETEST,76b53a7c05076cff0b67d9aa045d0a05fba7d57eaa5f1227fe162c781eb8cd37,2023-03-10T10:00:00Z,RETEST_EXPIRED,2023-03-10T09:20:00Z,,1831.82,False,False,INITIAL_CONFIRMATION_TARGET,a9366ad526e1f4a763e2b0d1b12af667f4ecc1a4521ce64a9061ea3dbe0b7e85,b4dca15cd70735e9dd4113ed6858a30b5182f9f2fb390debd7abf143dfd1fa58,1828.489857142857,1.4028571428571337,0.07014285714285669,,M15_LATEST_CONFIRMED_OPPOSING_SWING_ELSE_CONTROL,True,fc5457a62de6cac768fe722319fc0c5c1d2665d6308bf765c1f88193e9eb002b,2023-03-10T08:00:00Z,1828.56,1835.02,c0ba75c5a196af0e5e06ab61b0de18b889d910777b9cc93b462c9a409983fc82
ca5fe554aaa56d70653af6be491b6a1a11d35b46b1be6c1cb593fe80be18803f,1831.82,2023-03-10T09:05:00Z,f23dbe262b8f67049dda7c4d3a987720f6c3a5a9e43fb60e0fa913ceb5b58cdf,2023-03-10T09:05:00Z,1832.21,1827.79,2023-04-01T00:00:00Z,2023-03-10T09:00:00Z,-0.4768099547511141,LONG,1.0,7.9468325791852354,CONTROL_V2_FILLED_STOP,2023-03-10T09:05:00Z,CONFIRMED_25_75_RETEST_SPLIT,1832.21,True,c91f2f41f5e5629216735c2c415b2439a5c7f98277cb98343c7fe709b9a6e071,0.012443438914028488,0.1747737556561011,2023_03,0.1589366515837047,0.6357466063348188,TARGET,2023-03-10T10:00:00Z,SPLIT_CONTROL_TARGET_NO_RETEST,cac96570265e1a88f0c327a59d81d866dd7d50d74b9526a40a78c614e209d83a,2023-03-10T10:00:00Z,RETEST_EXPIRED,2023-03-10T09:20:00Z,,1831.82,False,False,INITIAL_CONFIRMATION_TARGET,9246d2082c79e8fbd3e5c3a32dc54ccce60364a7d9f5e30d1a0f3b11b1364db8,b4dca15cd70735e9dd4113ed6858a30b5182f9f2fb390debd7abf143dfd1fa58,1827.79,4.350714285714324,0.21753571428571622,NOT_STRICTLY_CLOSER_THAN_CONTROL,H1_SOURCE_SWING_BUFFERED_ELSE_CONTROL,False,b4dca15cd70735e9dd4113ed6858a30b5182f9f2fb390debd7abf143dfd1fa58,2023-03-10T09:00:00Z,1827.79,1835.02,c0ba75c5a196af0e5e06ab61b0de18b889d910777b9cc93b462c9a409983fc82
f5eebd547a4e1d0fe4cfa4258d609e9dc80843a81b8a63b74a2fd4e5a92e74f6,1833.63,2023-03-10T13:05:00Z,7125d9b261363b430e1e717e08f46525390969c0ea1029b7ddb8c7b05d81130b,2023-03-10T13:05:00Z,1832.37,1837.42,2023-04-01T00:00:00Z,2023-03-10T13:00:00Z,0.0,SHORT,1.0,-50.0,CONTROL_V2_FILLED_STOP,2023-03-10T13:05:00Z,CONTROL_NEXT_M1_OPEN,1832.37,True,4ad2f7e7c193e8ef365c8b1dbc3d8e8123b616f943821225872e2c94d11fea3b,1.6237623762375744,0.13069306930689717,2023_03,-1.0,-1.0,STOP,2023-03-10T15:30:00Z,STOP,6023080540bb113ff11fc4fa2ecfec1de4fe31d05408d6aa46347ed30fc4b0fb,2023-03-10T15:30:00Z,FIRST_RETEST_FILLED,2023-03-10T13:20:00Z,2023-03-10T13:08:00Z,1833.63,True,False,INITIAL_CONFIRMATION_STOP,b75551e4396a1722a7361e2e69084e5b7bf07f38fb57360a175c05ed720b7501,1c0da9966b740b4fb83c78b272abcc37701f64a166e1a9ac3539e2bd3a511ee2,1837.42,,,,CONTROL_V2_FILLED_STOP,False,,2023-03-10T13:05:00Z,1837.42,1827.79,e7f5f6e4c94d856104e52bc92e81cbf509d0c1404ee61fcb5fba28e66045e8d4
f5eebd547a4e1d0fe4cfa4258d609e9dc80843a81b8a63b74a2fd4e5a92e74f6,1833.63,2023-03-10T13:05:00Z,7125d9b261363b430e1e717e08f46525390969c0ea1029b7ddb8c7b05d81130b,2023-03-10T13:05:00Z,1832.37,1837.42,2023-04-01T00:00:00Z,2023-03-10T13:00:00Z,0.0,SHORT,0.5567892503536158,-50.0,M5_LATEST_CONFIRMED_OPPOSING_SWING_ELSE_CONTROL,2023-03-10T13:05:00Z,CONTROL_NEXT_M1_OPEN,1832.37,True,8ff39d9371c5bb6a4f3370dddb0082c003b2c9c9d8e15a42c170d814afdd5500,1.0776070113044731,0.056903340530873765,2023_03,-1.0,-1.0,STOP,2023-03-10T15:30:00Z,STOP,3f533df3693ba65f9820e1b0714607fd03f8bad96f3273b142e44afec994ddcb,2023-03-10T13:28:00Z,FIRST_RETEST_FILLED,2023-03-10T13:20:00Z,2023-03-10T13:08:00Z,1833.63,True,False,INITIAL_CONFIRMATION_STOP,45523f6fcfa6b09e02dd2f2a647d09aaf43429a3ca9e3b40ff19f1c369b8a9b2,1c0da9966b740b4fb83c78b272abcc37701f64a166e1a9ac3539e2bd3a511ee2,1835.1817857142858,1.0357142857142694,0.05178571428571347,,M5_LATEST_CONFIRMED_OPPOSING_SWING_ELSE_CONTROL,True,27a52387c28e1aa531c2c51e77cfdf4f7fd31fa5057112e7e9ff9273752d3cb1,2023-03-10T12:45:00Z,1835.13,1827.79,e7f5f6e4c94d856104e52bc92e81cbf509d0c1404ee61fcb5fba28e66045e8d4
f5eebd547a4e1d0fe4cfa4258d609e9dc80843a81b8a63b74a2fd4e5a92e74f6,1833.63,2023-03-10T13:05:00Z,7125d9b261363b430e1e717e08f46525390969c0ea1029b7ddb8c7b05d81130b,2023-03-10T13:05:00Z,1832.37,1837.42,2023-04-01T00:00:00Z,2023-03-10T13:00:00Z,0.0,SHORT,0.921336633663372,-50.0,M15_LATEST_CONFIRMED_OPPOSING_SWING_ELSE_CONTROL,2023-03-10T13:05:00Z,CONTROL_NEXT_M1_OPEN,1832.37,True,67aa7a0c6917901eef17f4cd6bd7eba0d8fab17b2b51b79d9b5c5f173f0c0527,1.0209016173230454,0.034388265004534464,2023_03,-1.0,-1.0,STOP,2023-03-10T15:30:00Z,STOP,59949bb4396917968f95a922948de03ed4fd48ea63452d79e31309ecba3295ee,2023-03-10T14:48:00Z,FIRST_RETEST_FILLED,2023-03-10T13:20:00Z,2023-03-10T13:08:00Z,1833.63,True,False,INITIAL_CONFIRMATION_STOP,d775ed716232955107d2ea0ddd0ca64c3902c520cc857c94535c2dfe645e4078,1c0da9966b740b4fb83c78b272abcc37701f64a166e1a9ac3539e2bd3a511ee2,1837.02275,2.4550000000000085,0.12275000000000043,,M15_LATEST_CONFIRMED_OPPOSING_SWING_ELSE_CONTROL,True,e1869b38d60805ccd8849d7fa83844f4aabbdb1ec615fa29367de9205d347cee,2023-03-10T12:15:00Z,1836.9,1827.79,e7f5f6e4c94d856104e52bc92e81cbf509d0c1404ee61fcb5fba28e66045e8d4
f5eebd547a4e1d0fe4cfa4258d609e9dc80843a81b8a63b74a2fd4e5a92e74f6,1833.63,2023-03-10T13:05:00Z,7125d9b261363b430e1e717e08f46525390969c0ea1029b7ddb8c7b05d81130b,2023-03-10T13:05:00Z,1832.37,1837.42,2023-04-01T00:00:00Z,2023-03-10T13:00:00Z,0.0,SHORT,1.0,-50.0,CONTROL_V2_FILLED_STOP,2023-03-10T13:05:00Z,CONTROL_NEXT_M1_OPEN,1832.37,True,c5135f5861186284c2dc1269aced024218c560c62faa3c88b7e6b188c6c57d2d,1.6237623762375744,0.13069306930689717,2023_03,-1.0,-1.0,STOP,2023-03-10T15:30:00Z,STOP,5da1203326cb01621ac29810c610fd9bb20e624f6aca37ac9c463a05bdb0469d,2023-03-10T15:30:00Z,FIRST_RETEST_FILLED,2023-03-10T13:20:00Z,2023-03-10T13:08:00Z,1833.63,True,False,INITIAL_CONFIRMATION_STOP,ad46d2b0a42419d0075b2cce4d9d97f1b8f1e5635f21563ce085c7fbc94ace9a,1c0da9966b740b4fb83c78b272abcc37701f64a166e1a9ac3539e2bd3a511ee2,1837.42,3.9685714285714733,0.19842857142857367,NOT_STRICTLY_CLOSER_THAN_CONTROL,H1_SOURCE_SWING_BUFFERED_ELSE_CONTROL,False,1c0da9966b740b4fb83c78b272abcc37701f64a166e1a9ac3539e2bd3a511ee2,2023-03-10T13:00:00Z,1837.42,1827.79,e7f5f6e4c94d856104e52bc92e81cbf509d0c1404ee61fcb5fba28e66045e8d4
f5eebd547a4e1d0fe4cfa4258d609e9dc80843a81b8a63b74a2fd4e5a92e74f6,1833.63,2023-03-10T13:05:00Z,7125d9b261363b430e1e717e08f46525390969c0ea1029b7ddb8c7b05d81130b,2023-03-10T13:05:00Z,1832.37,1837.42,2023-04-01T00:00:00Z,2023-03-10T13:00:00Z,0.0,SHORT,1.0,-50.0,CONTROL_V2_FILLED_STOP,2023-03-10T13:08:00Z,M5_BROKEN_CONTROL_FIRST_RETEST,1833.63,True,4ad2f7e7c193e8ef365c8b1dbc3d8e8123b616f943821225872e2c94d11fea3b,1.8311345646437716,0.5065963060686256,2023_03,-1.0,-1.0,STOP,2023-03-10T15:30:00Z,STOP,c2c8cbb85bdff3f399b29e39451240a091b83446f956c843effe3ab9bd6e9c06,2023-03-10T15:30:00Z,FIRST_RETEST_FILLED,2023-03-10T13:20:00Z,2023-03-10T13:08:00Z,1833.63,True,True,INITIAL_CONFIRMATION_STOP,b902dcfdf7a78f4d9b1241cac160d226759f6186710edc8f0e8cae62cf549ec0,1c0da9966b740b4fb83c78b272abcc37701f64a166e1a9ac3539e2bd3a511ee2,1837.42,,,,CONTROL_V2_FILLED_STOP,False,,2023-03-10T13:05:00Z,1837.42,1827.79,e7f5f6e4c94d856104e52bc92e81cbf509d0c1404ee61fcb5fba28e66045e8d4
f5eebd547a4e1d0fe4cfa4258d609e9dc80843a81b8a63b74a2fd4e5a92e74f6,1833.63,2023-03-10T13:05:00Z,7125d9b261363b430e1e717e08f46525390969c0ea1029b7ddb8c7b05d81130b,2023-03-10T13:05:00Z,1832.37,1837.42,2023-04-01T00:00:00Z,2023-03-10T13:00:00Z,0.0,SHORT,0.5567892503536158,-50.0,M5_LATEST_CONFIRMED_OPPOSING_SWING_ELSE_CONTROL,2023-03-10T13:08:00Z,M5_BROKEN_CONTROL_FIRST_RETEST,1833.63,True,8ff39d9371c5bb6a4f3370dddb0082c003b2c9c9d8e15a42c170d814afdd5500,1.140621403912584,0.31576524741083745,2023_03,-1.0,-1.0,STOP,2023-03-10T15:30:00Z,STOP,9bd1a41173e2d17c00ccc53d6baf8f603a84042ab00d83029e9e2055102e22ab,2023-03-10T13:28:00Z,FIRST_RETEST_FILLED,2023-03-10T13:20:00Z,2023-03-10T13:08:00Z,1833.63,True,True,INITIAL_CONFIRMATION_STOP,0fad3d0d572ff303d36d5a2933f95cfd3ef071d7638fec4112fced4a455207e7,1c0da9966b740b4fb83c78b272abcc37701f64a166e1a9ac3539e2bd3a511ee2,1835.1817857142858,1.0357142857142694,0.05178571428571347,,M5_LATEST_CONFIRMED_OPPOSING_SWING_ELSE_CONTROL,True,27a52387c28e1aa531c2c51e77cfdf4f7fd31fa5057112e7e9ff9273752d3cb1,2023-03-10T12:45:00Z,1835.13,1827.79,e7f5f6e4c94d856104e52bc92e81cbf509d0c1404ee61fcb5fba28e66045e8d4
f5eebd547a4e1d0fe4cfa4258d609e9dc80843a81b8a63b74a2fd4e5a92e74f6,1833.63,2023-03-10T13:05:00Z,7125d9b261363b430e1e717e08f46525390969c0ea1029b7ddb8c7b05d81130b,2023-03-10T13:05:00Z,1832.37,1837.42,2023-04-01T00:00:00Z,2023-03-10T13:00:00Z,0.0,SHORT,0.921336633663372,-50.0,M15_LATEST_CONFIRMED_OPPOSING_SWING_ELSE_CONTROL,2023-03-10T13:08:00Z,M5_BROKEN_CONTROL_FIRST_RETEST,1833.63,True,67aa7a0c6917901eef17f4cd6bd7eba0d8fab17b2b51b79d9b5c5f173f0c0527,1.0286640630756183,0.14442561344042804,2023_03,-1.0,-1.0,STOP,2023-03-10T15:30:00Z,STOP,ba3dd620adbc230ef845277f61f02d05524e7bcdccba42d6ce991803f37ab6d1,2023-03-10T14:48:00Z,FIRST_RETEST_FILLED,2023-03-10T13:20:00Z,2023-03-10T13:08:00Z,1833.63,True,True,INITIAL_CONFIRMATION_STOP,01cb50a89f3907dad09af7e8545b6bb8cf46e6d2bdbc7dd1e5d4db2af1dc0042,1c0da9966b740b4fb83c78b272abcc37701f64a166e1a9ac3539e2bd3a511ee2,1837.02275,2.4550000000000085,0.12275000000000043,,M15_LATEST_CONFIRMED_OPPOSING_SWING_ELSE_CONTROL,True,e1869b38d60805ccd8849d7fa83844f4aabbdb1ec615fa29367de9205d347cee,2023-03-10T12:15:00Z,1836.9,1827.79,e7f5f6e4c94d856104e52bc92e81cbf509d0c1404ee61fcb5fba28e66045e8d4
f5eebd547a4e1d0fe4cfa4258d609e9dc80843a81b8a63b74a2fd4e5a92e74f6,1833.63,2023-03-10T13:05:00Z,7125d9b261363b430e1e717e08f46525390969c0ea1029b7ddb8c7b05d81130b,2023-03-10T13:05:00Z,1832.37,1837.42,2023-04-01T00:00:00Z,2023-03-10T13:00:00Z,0.0,SHORT,1.0,-50.0,CONTROL_V2_FILLED_STOP,2023-03-10T13:08:00Z,M5_BROKEN_CONTROL_FIRST_RETEST,1833.63,True,c5135f5861186284c2dc1269aced024218c560c62faa3c88b7e6b188c6c57d2d,1.8311345646437716,0.5065963060686256,2023_03,-1.0,-1.0,STOP,2023-03-10T15:30:00Z,STOP,fc77699fc1e43979619f1445552247ce179684157ae8602b662e0220f9ed3b7f,2023-03-10T15:30:00Z,FIRST_RETEST_FILLED,2023-03-10T13:20:00Z,2023-03-10T13:08:00Z,1833.63,True,True,INITIAL_CONFIRMATION_STOP,86cc5008813d8be580ab5a078b64148aa6671c160766b264301b92d264369684,1c0da9966b740b4fb83c78b272abcc37701f64a166e1a9ac3539e2bd3a511ee2,1837.42,3.9685714285714733,0.19842857142857367,NOT_STRICTLY_CLOSER_THAN_CONTROL,H1_SOURCE_SWING_BUFFERED_ELSE_CONTROL,False,1c0da9966b740b4fb83c78b272abcc37701f64a166e1a9ac3539e2bd3a511ee2,2023-03-10T13:00:00Z,1837.42,1827.79,e7f5f6e4c94d856104e52bc92e81cbf509d0c1404ee61fcb5fba28e66045e8d4
f5eebd547a4e1d0fe4cfa4258d609e9dc80843a81b8a63b74a2fd4e5a92e74f6,1833.63,2023-03-10T13:05:00Z,7125d9b261363b430e1e717e08f46525390969c0ea1029b7ddb8c7b05d81130b,2023-03-10T13:05:00Z,1832.37,1837.42,2023-04-01T00:00:00Z,2023-03-10T13:00:00Z,0.0,SHORT,1.0,-50.0,CONTROL_V2_FILLED_STOP,2023-03-10T13:05:00Z,CONFIRMED_25_75_RETEST_SPLIT,1832.37,True,4ad2f7e7c193e8ef365c8b1dbc3d8e8123b616f943821225872e2c94d11fea3b,1.7792915175422224,0.41262049687819347,2023_03,-1.0,-1.0,STOP,2023-03-10T15:30:00Z,SPLIT_STOP_STOP,9721540bea0fcab914199191792b498ef6f9811338b2d2168a490bdbfd8281c6,2023-03-10T15:30:00Z,FIRST_RETEST_FILLED,2023-03-10T13:20:00Z,2023-03-10T13:08:00Z,1833.63,True,True,INITIAL_CONFIRMATION_STOP,30c381ba6eec35c2012058a5d91c05a66e059b4f801703c837483d487e5cf2fa,1c0da9966b740b4fb83c78b272abcc37701f64a166e1a9ac3539e2bd3a511ee2,1837.42,,,,CONTROL_V2_FILLED_STOP,False,,2023-03-10T13:05:00Z,1837.42,1827.79,e7f5f6e4c94d856104e52bc92e81cbf509d0c1404ee61fcb5fba28e66045e8d4
f5eebd547a4e1d0fe4cfa4258d609e9dc80843a81b8a63b74a2fd4e5a92e74f6,1833.63,2023-03-10T13:05:00Z,7125d9b261363b430e1e717e08f46525390969c0ea1029b7ddb8c7b05d81130b,2023-03-10T13:05:00Z,1832.37,1837.42,2023-04-01T00:00:00Z,2023-03-10T13:00:00Z,0.0,SHORT,0.5567892503536158,-50.0,M5_LATEST_CONFIRMED_OPPOSING_SWING_ELSE_CONTROL,2023-03-10T13:05:00Z,CONFIRMED_25_75_RETEST_SPLIT,1832.37,True,8ff39d9371c5bb6a4f3370dddb0082c003b2c9c9d8e15a42c170d814afdd5500,1.1248678057605563,0.25104977069084655,2023_03,-1.0,-1.0,STOP,2023-03-10T15:30:00Z,SPLIT_STOP_STOP,54b8e024feac97a3abf400caa45b76bb4c7ae4d94a52a716e652717380642663,2023-03-10T13:28:00Z,FIRST_RETEST_FILLED,2023-03-10T13:20:00Z,2023-03-10T13:08:00Z,1833.63,True,True,INITIAL_CONFIRMATION_STOP,23e423ef5b794141959c6025d3ea938c7db8406b2baeb59c2f956916b4760d35,1c0da9966b740b4fb83c78b272abcc37701f64a166e1a9ac3539e2bd3a511ee2,1835.1817857142858,1.0357142857142694,0.05178571428571347,,M5_LATEST_CONFIRMED_OPPOSING_SWING_ELSE_CONTROL,True,27a52387c28e1aa531c2c51e77cfdf4f7fd31fa5057112e7e9ff9273752d3cb1,2023-03-10T12:45:00Z,1835.13,1827.79,e7f5f6e4c94d856104e52bc92e81cbf509d0c1404ee61fcb5fba28e66045e8d4
f5eebd547a4e1d0fe4cfa4258d609e9dc80843a81b8a63b74a2fd4e5a92e74f6,1833.63,2023-03-10T13:05:00Z,7125d9b261363b430e1e717e08f46525390969c0ea1029b7ddb8c7b05d81130b,2023-03-10T13:05:00Z,1832.37,1837.42,2023-04-01T00:00:00Z,2023-03-10T13:00:00Z,0.0,SHORT,0.921336633663372,-50.0,M15_LATEST_CONFIRMED_OPPOSING_SWING_ELSE_CONTROL,2023-03-10T13:05:00Z,CONFIRMED_25_75_RETEST_SPLIT,1832.37,True,67aa7a0c6917901eef17f4cd6bd7eba0d8fab17b2b51b79d9b5c5f173f0c0527,1.026723451637475,0.11691627633145464,2023_03,-1.0,-1.0,STOP,2023-03-10T15:30:00Z,SPLIT_STOP_STOP,074114d5578d9dc1d1fe68c6bc2b48244482dc920c05a3953cf2ba186a4210f5,2023-03-10T14:48:00Z,FIRST_RETEST_FILLED,2023-03-10T13:20:00Z,2023-03-10T13:08:00Z,1833.63,True,True,INITIAL_CONFIRMATION_STOP,6504031be2bd3b45099d8dc3cbc1a8ace3e895542a7a4f1e3754f8c704338eda,1c0da9966b740b4fb83c78b272abcc37701f64a166e1a9ac3539e2bd3a511ee2,1837.02275,2.4550000000000085,0.12275000000000043,,M15_LATEST_CONFIRMED_OPPOSING_SWING_ELSE_CONTROL,True,e1869b38d60805ccd8849d7fa83844f4aabbdb1ec615fa29367de9205d347cee,2023-03-10T12:15:00Z,1836.9,1827.79,e7f5f6e4c94d856104e52bc92e81cbf509d0c1404ee61fcb5fba28e66045e8d4
f5eebd547a4e1d0fe4cfa4258d609e9dc80843a81b8a63b74a2fd4e5a92e74f6,1833.63,2023-03-10T13:05:00Z,7125d9b261363b430e1e717e08f46525390969c0ea1029b7ddb8c7b05d81130b,2023-03-10T13:05:00Z,1832.37,1837.42,2023-04-01T00:00:00Z,2023-03-10T13:00:00Z,0.0,SHORT,1.0,-50.0,CONTROL_V2_FILLED_STOP,2023-03-10T13:05:00Z,CONFIRMED_25_75_RETEST_SPLIT,1832.37,True,c5135f5861186284c2dc1269aced024218c560c62faa3c88b7e6b188c6c57d2d,1.7792915175422224,0.41262049687819347,2023_03,-1.0,-1.0,STOP,2023-03-10T15:30:00Z,SPLIT_STOP_STOP,826a9b8a9486db8d4390467e8fddfa4d68b98d4ad935a4560e532992100475b0,2023-03-10T15:30:00Z,FIRST_RETEST_FILLED,2023-03-10T13:20:00Z,2023-03-10T13:08:00Z,1833.63,True,True,INITIAL_CONFIRMATION_STOP,4a268ee07319b12c7c55cc34caa1c7caaa334a46a0260ef0c5ae6372cf21951c,1c0da9966b740b4fb83c78b272abcc37701f64a166e1a9ac3539e2bd3a511ee2,1837.42,3.9685714285714733,0.19842857142857367,NOT_STRICTLY_CLOSER_THAN_CONTROL,H1_SOURCE_SWING_BUFFERED_ELSE_CONTROL,False,1c0da9966b740b4fb83c78b272abcc37701f64a166e1a9ac3539e2bd3a511ee2,2023-03-10T13:00:00Z,1837.42,1827.79,e7f5f6e4c94d856104e52bc92e81cbf509d0c1404ee61fcb5fba28e66045e8d4
3fb88da382784a073f553b1262524e5fb9aaf433c587b0e029e54b3b8d59c22c,1874.74,2023-03-13T05:05:00Z,3801209965f1246017e975c09d02f761fc28b984eaf4b6e944f263b207e20d19,2023-03-13T05:05:00Z,1873.97,1889.38,2023-04-01T00:00:00Z,2023-03-13T05:00:00Z,0.0,SHORT,1.0,-50.0,CONTROL_V2_FILLED_STOP,2023-03-13T05:05:00Z,CONTROL_NEXT_M1_OPEN,1873.97,True,3cbfa25f691e7d668cbd9b41c985f0dd9300747501552fc0e67a0b4b49b7afd7,1.0285528877352255,0.15963659961064394,2023_03,-1.0,-1.0,STOP,2023-03-13T12:25:00Z,STOP,4e794348c52d284ca21f771019a3f15c3539cd52fbd1c8946d033badd2055690,2023-03-13T12:25:00Z,FIRST_RETEST_FILLED,2023-03-13T05:20:00Z,2023-03-13T05:06:00Z,1874.74,True,False,INITIAL_CONFIRMATION_STOP,411b7e3f5c6d1ae346f1dcc45490458984b11721b93715839fe04603b81f91b8,b8fa65e3f87b6b06495ba4cf723e3047e7adae4861d481db9be33b7784d1e05d,1889.38,,,,CONTROL_V2_FILLED_STOP,False,,2023-03-13T05:05:00Z,1889.38,1831.71,9e139c2fd1cfefca0592fd194083bb9f9f0469a0eea008b0825059af7214377d
3fb88da382784a073f553b1262524e5fb9aaf433c587b0e029e54b3b8d59c22c,1874.74,2023-03-13T05:05:00Z,3801209965f1246017e975c09d02f761fc28b984eaf4b6e944f263b207e20d19,2023-03-13T05:05:00Z,1873.97,1889.38,2023-04-01T00:00:00Z,2023-03-13T05:00:00Z,0.0,SHORT,0.3709511448966286,-50.0,M5_LATEST_CONFIRMED_OPPOSING_SWING_ELSE_CONTROL,2023-03-13T05:05:00Z,CONTROL_NEXT_M1_OPEN,1873.97,True,0991302da81559edaa0d1364d9216924db24041600bf894fc68c09dcc2cbf004,1.1563308300740938,0.0,2023_03,-1.0,-1.0,STOP,2023-03-13T12:25:00Z,STOP,787a35410cc07cb73c047661e64f6bfb1ecf5ff7a46221add483ebc3a22d5475,2023-03-13T05:26:00Z,FIRST_RETEST_FILLED,2023-03-13T05:20:00Z,2023-03-13T05:06:00Z,1874.74,True,False,INITIAL_CONFIRMATION_STOP,436701dc2c7ee5ff60a7f37e2c3dbb6a6f19e6aa8b38cc7e208d7931b13cc6a6,b8fa65e3f87b6b06495ba4cf723e3047e7adae4861d481db9be33b7784d1e05d,1879.686357142857,1.7271428571428291,0.08635714285714147,,M5_LATEST_CONFIRMED_OPPOSING_SWING_ELSE_CONTROL,True,f5ee2cedacb3380e3a7bb39b4b42bf32d5a7b968543bc125e1b97b824101fa45,2023-03-13T04:20:00Z,1879.6,1831.71,9e139c2fd1cfefca0592fd194083bb9f9f0469a0eea008b0825059af7214377d
3fb88da382784a073f553b1262524e5fb9aaf433c587b0e029e54b3b8d59c22c,1874.74,2023-03-13T05:05:00Z,3801209965f1246017e975c09d02f761fc28b984eaf4b6e944f263b207e20d19,2023-03-13T05:05:00Z,1873.97,1889.38,2023-04-01T00:00:00Z,2023-03-13T05:00:00Z,0.0,SHORT,0.5449499397422758,-50.0,M15_LATEST_CONFIRMED_OPPOSING_SWING_ELSE_CONTROL,2023-03-13T05:05:00Z,CONTROL_NEXT_M1_OPEN,1873.97,True,c75faf5390e9ce6722901d7b9c3da14b855f696f2249cb8c39f643cf15641647,1.026474153146059,0.0,2023_03,-1.0,-1.0,STOP,2023-03-13T12:25:00Z,STOP,0753cec394df5f69fb88dc07fb0a3ce95006282a0d2fe7424dd83ecc5b8a7354,2023-03-13T05:30:00Z,FIRST_RETEST_FILLED,2023-03-13T05:20:00Z,2023-03-13T05:06:00Z,1874.74,True,False,INITIAL_CONFIRMATION_STOP,274fc568ed0f9db1a17c0954c2adad80c8bfa4445bb8c5a831484276032a042a,b8fa65e3f87b6b06495ba4cf723e3047e7adae4861d481db9be33b7784d1e05d,1882.3676785714285,3.9535714285714385,0.19767857142857193,,M15_LATEST_CONFIRMED_OPPOSING_SWING_ELSE_CONTROL,True,4562a010fb7aa614cc25f33f7125e8432bfa4f69649ee5133c86736ced8a0838,2023-03-13T04:00:00Z,1882.17,1831.71,9e139c2fd1cfefca0592fd194083bb9f9f0469a0eea008b0825059af7214377d
3fb88da382784a073f553b1262524e5fb9aaf433c587b0e029e54b3b8d59c22c,1874.74,2023-03-13T05:05:00Z,3801209965f1246017e975c09d02f761fc28b984eaf4b6e944f263b207e20d19,2023-03-13T05:05:00Z,1873.97,1889.38,2023-04-01T00:00:00Z,2023-03-13T05:00:00Z,0.0,SHORT,1.0,-50.0,CONTROL_V2_FILLED_STOP,2023-03-13T05:05:00Z,CONTROL_NEXT_M1_OPEN,1873.97,True,786aa27b3c4546a6780d7071576dfe6dc01cfe4584a820f23442edf950590718,1.0285528877352255,0.15963659961064394,2023_03,-1.0,-1.0,STOP,2023-03-13T12:25:00Z,STOP,5bbe3815035924be85fa7905a77bcac2ff510d4a5111d3f452ee619f37f03f05,2023-03-13T12:25:00Z,FIRST_RETEST_FILLED,2023-03-13T05:20:00Z,2023-03-13T05:06:00Z,1874.74,True,False,INITIAL_CONFIRMATION_STOP,e71102cec65fdaa3ab4352faad81b8eb5d7d1db6eadd98171e597831a050151b,b8fa65e3f87b6b06495ba4cf723e3047e7adae4861d481db9be33b7784d1e05d,1889.38,8.90714285714286,0.445357142857143,NOT_STRICTLY_CLOSER_THAN_CONTROL,H1_SOURCE_SWING_BUFFERED_ELSE_CONTROL,False,b8fa65e3f87b6b06495ba4cf723e3047e7adae4861d481db9be33b7784d1e05d,2023-03-13T05:00:00Z,1889.38,1831.71,9e139c2fd1cfefca0592fd194083bb9f9f0469a0eea008b0825059af7214377d
3fb88da382784a073f553b1262524e5fb9aaf433c587b0e029e54b3b8d59c22c,1874.74,2023-03-13T05:05:00Z,3801209965f1246017e975c09d02f761fc28b984eaf4b6e944f263b207e20d19,2023-03-13T05:05:00Z,1873.97,1889.38,2023-04-01T00:00:00Z,2023-03-13T05:00:00Z,0.0,SHORT,1.0,-50.0,CONTROL_V2_FILLED_STOP,2023-03-13T05:06:00Z,M5_BROKEN_CONTROL_FIRST_RETEST,1874.74,True,3cbfa25f691e7d668cbd9b41c985f0dd9300747501552fc0e67a0b4b49b7afd7,1.030054644808731,0.2206284153005462,2023_03,-1.0,-1.0,STOP,2023-03-13T12:25:00Z,STOP,47edb81e43a7c380a2f9452ce76957be574b63f077bb8928d0a59aa62a24a233,2023-03-13T12:25:00Z,FIRST_RETEST_FILLED,2023-03-13T05:20:00Z,2023-03-13T05:06:00Z,1874.74,True,True,INITIAL_CONFIRMATION_STOP,860e68034cc0428030dffd63debf9ecc4eb68ceac53c6d1b3c42c90ce08be6b9,b8fa65e3f87b6b06495ba4cf723e3047e7adae4861d481db9be33b7784d1e05d,1889.38,,,,CONTROL_V2_FILLED_STOP,False,,2023-03-13T05:05:00Z,1889.38,1831.71,9e139c2fd1cfefca0592fd194083bb9f9f0469a0eea008b0825059af7214377d
3fb88da382784a073f553b1262524e5fb9aaf433c587b0e029e54b3b8d59c22c,1874.74,2023-03-13T05:05:00Z,3801209965f1246017e975c09d02f761fc28b984eaf4b6e944f263b207e20d19,2023-03-13T05:05:00Z,1873.97,1889.38,2023-04-01T00:00:00Z,2023-03-13T05:00:00Z,0.0,SHORT,0.3709511448966286,-50.0,M5_LATEST_CONFIRMED_OPPOSING_SWING_ELSE_CONTROL,2023-03-13T05:06:00Z,M5_BROKEN_CONTROL_FIRST_RETEST,1874.74,True,0991302da81559edaa0d1364d9216924db24041600bf894fc68c09dcc2cbf004,1.1806668688356456,0.11321463125820316,2023_03,-1.0,-1.0,STOP,2023-03-13T12:25:00Z,STOP,24985a348f3c7aed06527ed8a3a5d3fcd79c36096e8d467537d4819c2cd7600d,2023-03-13T05:26:00Z,FIRST_RETEST_FILLED,2023-03-13T05:20:00Z,2023-03-13T05:06:00Z,1874.74,True,True,INITIAL_CONFIRMATION_STOP,bbf4a3a8179b13c1f24b47791f33243b38c6625e41ef48738c580986cff0b824,b8fa65e3f87b6b06495ba4cf723e3047e7adae4861d481db9be33b7784d1e05d,1879.686357142857,1.7271428571428291,0.08635714285714147,,M5_LATEST_CONFIRMED_OPPOSING_SWING_ELSE_CONTROL,True,f5ee2cedacb3380e3a7bb39b4b42bf32d5a7b968543bc125e1b97b824101fa45,2023-03-13T04:20:00Z,1879.6,1831.71,9e139c2fd1cfefca0592fd194083bb9f9f0469a0eea008b0825059af7214377d
3fb88da382784a073f553b1262524e5fb9aaf433c587b0e029e54b3b8d59c22c,1874.74,2023-03-13T05:05:00Z,3801209965f1246017e975c09d02f761fc28b984eaf4b6e944f263b207e20d19,2023-03-13T05:05:00Z,1873.97,1889.38,2023-04-01T00:00:00Z,2023-03-13T05:00:00Z,0.0,SHORT,0.5449499397422758,-50.0,M15_LATEST_CONFIRMED_OPPOSING_SWING_ELSE_CONTROL,2023-03-13T05:06:00Z,M5_BROKEN_CONTROL_FIRST_RETEST,1874.74,True,c75faf5390e9ce6722901d7b9c3da14b855f696f2249cb8c39f643cf15641647,1.029146669788124,0.0734168324944331,2023_03,-1.0,-1.0,STOP,2023-03-13T12:25:00Z,STOP,568379ccd8b1e5ec119976b630db8453aad754883f10ca9c79c54dec457fc706,2023-03-13T05:30:00Z,FIRST_RETEST_FILLED,2023-03-13T05:20:00Z,2023-03-13T05:06:00Z,1874.74,True,True,INITIAL_CONFIRMATION_STOP,2c8e41a55ff8395cad1f678c847e29babd1e677f8816350f699e8fa058deb47a,b8fa65e3f87b6b06495ba4cf723e3047e7adae4861d481db9be33b7784d1e05d,1882.3676785714285,3.9535714285714385,0.19767857142857193,,M15_LATEST_CONFIRMED_OPPOSING_SWING_ELSE_CONTROL,True,4562a010fb7aa614cc25f33f7125e8432bfa4f69649ee5133c86736ced8a0838,2023-03-13T04:00:00Z,1882.17,1831.71,9e139c2fd1cfefca0592fd194083bb9f9f0469a0eea008b0825059af7214377d
3fb88da382784a073f553b1262524e5fb9aaf433c587b0e029e54b3b8d59c22c,1874.74,2023-03-13T05:05:00Z,3801209965f1246017e975c09d02f761fc28b984eaf4b6e944f263b207e20d19,2023-03-13T05:05:00Z,1873.97,1889.38,2023-04-01T00:00:00Z,2023-03-13T05:00:00Z,0.0,SHORT,1.0,-50.0,CONTROL_V2_FILLED_STOP,2023-03-13T05:06:00Z,M5_BROKEN_CONTROL_FIRST_RETEST,1874.74,True,786aa27b3c4546a6780d7071576dfe6dc01cfe4584a820f23442edf950590718,1.030054644808731,0.2206284153005462,2023_03,-1.0,-1.0,STOP,2023-03-13T12:25:00Z,STOP,5e8aa6a6b0720fed76f32415f0ef6847c8c591a65ef9932dd19d68f9290eb684,2023-03-13T12:25:00Z,FIRST_RETEST_FILLED,2023-03-13T05:20:00Z,2023-03-13T05:06:00Z,1874.74,True,True,INITIAL_CONFIRMATION_STOP,e78cc49b7a0ad62207d8b3d8e9a8345f203b549d69b93a8f0867c5899558e364,b8fa65e3f87b6b06495ba4cf723e3047e7adae4861d481db9be33b7784d1e05d,1889.38,8.90714285714286,0.445357142857143,NOT_STRICTLY_CLOSER_THAN_CONTROL,H1_SOURCE_SWING_BUFFERED_ELSE_CONTROL,False,b8fa65e3f87b6b06495ba4cf723e3047e7adae4861d481db9be33b7784d1e05d,2023-03-13T05:00:00Z,1889.38,1831.71,9e139c2fd1cfefca0592fd194083bb9f9f0469a0eea008b0825059af7214377d
3fb88da382784a073f553b1262524e5fb9aaf433c587b0e029e54b3b8d59c22c,1874.74,2023-03-13T05:05:00Z,3801209965f1246017e975c09d02f761fc28b984eaf4b6e944f263b207e20d19,2023-03-13T05:05:00Z,1873.97,1889.38,2023-04-01T00:00:00Z,2023-03-13T05:00:00Z,0.0,SHORT,1.0,-50.0,CONTROL_V2_FILLED_STOP,2023-03-13T05:05:00Z,CONFIRMED_25_75_RETEST_SPLIT,1873.97,True,3cbfa25f691e7d668cbd9b41c985f0dd9300747501552fc0e67a0b4b49b7afd7,1.0296792055403547,0.20538046137807062,2023_03,-1.0,-1.0,STOP,2023-03-13T12:25:00Z,SPLIT_STOP_STOP,9531fd0de525c4d478f06d2a7da09bf16522a6395668348ba48af1d006c1f197,2023-03-13T12:25:00Z,FIRST_RETEST_FILLED,2023-03-13T05:20:00Z,2023-03-13T05:06:00Z,1874.74,True,True,INITIAL_CONFIRMATION_STOP,516f20ac3c90aa3727c88d8a83b610e5747a1516004f0197ae822eadc607c920,b8fa65e3f87b6b06495ba4cf723e3047e7adae4861d481db9be33b7784d1e05d,1889.38,,,,CONTROL_V2_FILLED_STOP,False,,2023-03-13T05:05:00Z,1889.38,1831.71,9e139c2fd1cfefca0592fd194083bb9f9f0469a0eea008b0825059af7214377d
3fb88da382784a073f553b1262524e5fb9aaf433c587b0e029e54b3b8d59c22c,1874.74,2023-03-13T05:05:00Z,3801209965f1246017e975c09d02f761fc28b984eaf4b6e944f263b207e20d19,2023-03-13T05:05:00Z,1873.97,1889.38,2023-04-01T00:00:00Z,2023-03-13T05:00:00Z,0.0,SHORT,0.3709511448966286,-50.0,M5_LATEST_CONFIRMED_OPPOSING_SWING_ELSE_CONTROL,2023-03-13T05:05:00Z,CONFIRMED_25_75_RETEST_SPLIT,1873.97,True,0991302da81559edaa0d1364d9216924db24041600bf894fc68c09dcc2cbf004,1.1745828591452576,0.08491097344365237,2023_03,-1.0,-1.0,STOP,2023-03-13T12:25:00Z,SPLIT_STOP_STOP,66dde1e4510ef765d19e3b96baba331a90c66753b2127a6dc031cfc8c9c889ec,2023-03-13T05:26:00Z,FIRST_RETEST_FILLED,2023-03-13T05:20:00Z,2023-03-13T05:06:00Z,1874.74,True,True,INITIAL_CONFIRMATION_STOP,6d6a86cc6cb32545c9df14c5dd13fded5fe2f90f1cf2595857107e1f3444b8d2,b8fa65e3f87b6b06495ba4cf723e3047e7adae4861d481db9be33b7784d1e05d,1879.686357142857,1.7271428571428291,0.08635714285714147,,M5_LATEST_CONFIRMED_OPPOSING_SWING_ELSE_CONTROL,True,f5ee2cedacb3380e3a7bb39b4b42bf32d5a7b968543bc125e1b97b824101fa45,2023-03-13T04:20:00Z,1879.6,1831.71,9e139c2fd1cfefca0592fd194083bb9f9f0469a0eea008b0825059af7214377d
3fb88da382784a073f553b1262524e5fb9aaf433c587b0e029e54b3b8d59c22c,1874.74,2023-03-13T05:05:00Z,3801209965f1246017e975c09d02f761fc28b984eaf4b6e944f263b207e20d19,2023-03-13T05:05:00Z,1873.97,1889.38,2023-04-01T00:00:00Z,2023-03-13T05:00:00Z,0.0,SHORT,0.5449499397422758,-50.0,M15_LATEST_CONFIRMED_OPPOSING_SWING_ELSE_CONTROL,2023-03-13T05:05:00Z,CONFIRMED_25_75_RETEST_SPLIT,1873.97,True,c75faf5390e9ce6722901d7b9c3da14b855f696f2249cb8c39f643cf15641647,1.0284785406276078,0.055062624370824834,2023_03,-1.0,-1.0,STOP,2023-03-13T12:25:00Z,SPLIT_STOP_STOP,4362e66b52726f54e455a038afb116cf0bda11f82b07b05653073357a69fdc79,2023-03-13T05:30:00Z,FIRST_RETEST_FILLED,2023-03-13T05:20:00Z,2023-03-13T05:06:00Z,1874.74,True,True,INITIAL_CONFIRMATION_STOP,a522d52cbc260d190547cb835f929f97aafd192e8b904b54ed4a28cf48ab52e6,b8fa65e3f87b6b06495ba4cf723e3047e7adae4861d481db9be33b7784d1e05d,1882.3676785714285,3.9535714285714385,0.19767857142857193,,M15_LATEST_CONFIRMED_OPPOSING_SWING_ELSE_CONTROL,True,4562a010fb7aa614cc25f33f7125e8432bfa4f69649ee5133c86736ced8a0838,2023-03-13T04:00:00Z,1882.17,1831.71,9e139c2fd1cfefca0592fd194083bb9f9f0469a0eea008b0825059af7214377d
3fb88da382784a073f553b1262524e5fb9aaf433c587b0e029e54b3b8d59c22c,1874.74,2023-03-13T05:05:00Z,3801209965f1246017e975c09d02f761fc28b984eaf4b6e944f263b207e20d19,2023-03-13T05:05:00Z,1873.97,1889.38,2023-04-01T00:00:00Z,2023-03-13T05:00:00Z,0.0,SHORT,1.0,-50.0,CONTROL_V2_FILLED_STOP,2023-03-13T05:05:00Z,CONFIRMED_25_75_RETEST_SPLIT,1873.97,True,786aa27b3c4546a6780d7071576dfe6dc01cfe4584a820f23442edf950590718,1.0296792055403547,0.20538046137807062,2023_03,-1.0,-1.0,STOP,2023-03-13T12:25:00Z,SPLIT_STOP_STOP,189106aa50acb61ab30d242c663537de21f6e1964e5aa60fa161687db687265c,2023-03-13T12:25:00Z,FIRST_RETEST_FILLED,2023-03-13T05:20:00Z,2023-03-13T05:06:00Z,1874.74,True,True,INITIAL_CONFIRMATION_STOP,f0435904a6d153e750254c444e629062a64ef54c164cfaa8c8d8cc31a346f8c3,b8fa65e3f87b6b06495ba4cf723e3047e7adae4861d481db9be33b7784d1e05d,1889.38,8.90714285714286,0.445357142857143,NOT_STRICTLY_CLOSER_THAN_CONTROL,H1_SOURCE_SWING_BUFFERED_ELSE_CONTROL,False,b8fa65e3f87b6b06495ba4cf723e3047e7adae4861d481db9be33b7784d1e05d,2023-03-13T05:00:00Z,1889.38,1831.71,9e139c2fd1cfefca0592fd194083bb9f9f0469a0eea008b0825059af7214377d
d5f1e930d604e00e04107f388d8ca4b04cced7fa0b78d66875a4b4014daa2705,1882.01,2023-03-13T08:05:00Z,3eb405c5122a702f98d08cb5247cab848616469900eb423e07dd20888882abe4,2023-03-13T08:05:00Z,1880.86,1888.92,2023-04-01T00:00:00Z,2023-03-13T08:00:00Z,0.0,SHORT,1.0,54.21836228287731,CONTROL_V2_FILLED_STOP,2023-03-13T08:05:00Z,CONTROL_NEXT_M1_OPEN,1880.86,True,f8ef0a9fb4eca9f1a28cdf7c0124a1e3e3923ed021cc8212de801ed3dda21c5a,0.17741935483871377,1.160049627791527,2023_03,1.0843672456575462,1.0843672456575462,TARGET,2023-03-13T10:04:00Z,TARGET,e037c31b3b1afc538809de8bc8806b6f9dc979d399896aacd90ab005742f1a08,2023-03-13T10:04:00Z,RETEST_EXPIRED,2023-03-13T08:20:00Z,,1882.01,False,False,INITIAL_CONFIRMATION_TARGET,ed2b3aa2e8fcf9b17967419c3351eef41789307ab37560542455f19fa36d574d,6166ddb9385905e8279b6449abe983522a83bd69264c065f38ff5f1d83de0aa0,1888.92,,,,CONTROL_V2_FILLED_STOP,False,,2023-03-13T08:05:00Z,1888.92,1872.12,db2c922f80241d0e01a9d3c1a3217fd5e533a26b65dbe6d329542bf6a8c5faf9
d5f1e930d604e00e04107f388d8ca4b04cced7fa0b78d66875a4b4014daa2705,1882.01,2023-03-13T08:05:00Z,3eb405c5122a702f98d08cb5247cab848616469900eb423e07dd20888882abe4,2023-03-13T08:05:00Z,1880.86,1888.92,2023-04-01T00:00:00Z,2023-03-13T08:00:00Z,1.9002777850157266,SHORT,0.36331531371854153,149.23225153366363,M5_LATEST_CONFIRMED_OPPOSING_SWING_ELSE_CONTROL,2023-03-13T08:05:00Z,CONTROL_NEXT_M1_OPEN,1880.86,True,293010c59805dccb69075e02664781b4294edf5f5701a25cef9787fe4a0d6ed9,0.4883343700072043,3.192955496200778,2023_03,2.984645030673273,1.0843672456575462,TARGET,2023-03-13T10:04:00Z,TARGET,c12cca62006acbf14f63904273247949654b54d6dbb59beb5484b272b5b405d4,2023-03-13T10:04:00Z,RETEST_EXPIRED,2023-03-13T08:20:00Z,,1882.01,False,False,INITIAL_CONFIRMATION_TARGET,a6c3487d9b9c202088ffded52144f2d47de339355ec7914588128c2df71d8b91,6166ddb9385905e8279b6449abe983522a83bd69264c065f38ff5f1d83de0aa0,1883.7883214285714,0.9664285714285857,0.04832142857142929,,M5_LATEST_CONFIRMED_OPPOSING_SWING_ELSE_CONTROL,True,3c389dd41d1fb4fb49f931c7fbab874821a41ba03e291d220f4afa47490b77bb,2023-03-13T08:00:00Z,1883.74,1872.12,db2c922f80241d0e01a9d3c1a3217fd5e533a26b65dbe6d329542bf6a8c5faf9
d5f1e930d604e00e04107f388d8ca4b04cced7fa0b78d66875a4b4014daa2705,1882.01,2023-03-13T08:05:00Z,3eb405c5122a702f98d08cb5247cab848616469900eb423e07dd20888882abe4,2023-03-13T08:05:00Z,1880.86,1888.92,2023-04-01T00:00:00Z,2023-03-13T08:00:00Z,0.0,SHORT,1.0,54.21836228287731,CONTROL_V2_FILLED_STOP,2023-03-13T08:05:00Z,CONTROL_NEXT_M1_OPEN,1880.86,True,71e517c78843a458570cad92a75a17152fa7f1d981b0358a95c3d9c9b99c080b,0.17741935483871377,1.160049627791527,2023_03,1.0843672456575462,1.0843672456575462,TARGET,2023-03-13T10:04:00Z,TARGET,d1a084c355c8195dcadb44c48d3ee39a927dc5438fb376b373fd31ea9e252386,2023-03-13T10:04:00Z,RETEST_EXPIRED,2023-03-13T08:20:00Z,,1882.01,False,False,INITIAL_CONFIRMATION_TARGET,d215e6723a8eb3c5cf07254e3cfd39776c83e09587e23ef20e599eb3b48f2299,6166ddb9385905e8279b6449abe983522a83bd69264c065f38ff5f1d83de0aa0,1888.92,3.0200000000000142,0.15100000000000072,NOT_STRICTLY_CLOSER_THAN_CONTROL,M15_LATEST_CONFIRMED_OPPOSING_SWING_ELSE_CONTROL,False,393bcfbf56a9dd0d058f7fbdbc9143cb5a86e312fd9dd307553211626560ec47,2023-03-13T06:30:00Z,1888.92,1872.12,db2c922f80241d0e01a9d3c1a3217fd5e533a26b65dbe6d329542bf6a8c5faf9
d5f1e930d604e00e04107f388d8ca4b04cced7fa0b78d66875a4b4014daa2705,1882.01,2023-03-13T08:05:00Z,3eb405c5122a702f98d08cb5247cab848616469900eb423e07dd20888882abe4,2023-03-13T08:05:00Z,1880.86,1888.92,2023-04-01T00:00:00Z,2023-03-13T08:00:00Z,0.0,SHORT,1.0,54.21836228287731,CONTROL_V2_FILLED_STOP,2023-03-13T08:05:00Z,CONTROL_NEXT_M1_OPEN,1880.86,True,6bfe35d8bab4824fc2a042a06e682d6f9ebe20bb19dc61692fcd45d76670e1b4,0.17741935483871377,1.160049627791527,2023_03,1.0843672456575462,1.0843672456575462,TARGET,2023-03-13T10:04:00Z,TARGET,af71d37158bd97b1119c642ac51456f56efea09a5545ccd530879a0111dc8b76,2023-03-13T10:04:00Z,RETEST_EXPIRED,2023-03-13T08:20:00Z,,1882.01,False,False,INITIAL_CONFIRMATION_TARGET,4c9ddf3744cafcad9c28dd045ee82347e04080e724aa478c2217e3d40ff11b10,6166ddb9385905e8279b6449abe983522a83bd69264c065f38ff5f1d83de0aa0,1888.92,9.69214285714286,0.484607142857143,NOT_STRICTLY_CLOSER_THAN_CONTROL,H1_SOURCE_SWING_BUFFERED_ELSE_CONTROL,False,6166ddb9385905e8279b6449abe983522a83bd69264c065f38ff5f1d83de0aa0,2023-03-13T08:00:00Z,1888.92,1872.12,db2c922f80241d0e01a9d3c1a3217fd5e533a26b65dbe6d329542bf6a8c5faf9
d5f1e930d604e00e04107f388d8ca4b04cced7fa0b78d66875a4b4014daa2705,1882.01,2023-03-13T08:05:00Z,3eb405c5122a702f98d08cb5247cab848616469900eb423e07dd20888882abe4,2023-03-13T08:05:00Z,1880.86,1888.92,2023-04-01T00:00:00Z,2023-03-13T08:00:00Z,-1.0843672456575462,SHORT,1.0,0.0,CONTROL_V2_FILLED_STOP,,M5_BROKEN_CONTROL_FIRST_RETEST,,False,f8ef0a9fb4eca9f1a28cdf7c0124a1e3e3923ed021cc8212de801ed3dda21c5a,,,2023_03,0.0,1.0843672456575462,TARGET,2023-03-13T10:04:00Z,NO_FILL,8b33c9ceab6244796f1431d98ed2feacbc024002a176099c788904a356052adc,,RETEST_EXPIRED,2023-03-13T08:20:00Z,,1882.01,False,False,INITIAL_CONFIRMATION_TARGET,47cfe19de9ef083673d0f15e325d00c7634627dabc2cfeef1e451de99b87a13d,6166ddb9385905e8279b6449abe983522a83bd69264c065f38ff5f1d83de0aa0,1888.92,,,,CONTROL_V2_FILLED_STOP,False,,2023-03-13T08:05:00Z,1888.92,1872.12,db2c922f80241d0e01a9d3c1a3217fd5e533a26b65dbe6d329542bf6a8c5faf9
d5f1e930d604e00e04107f388d8ca4b04cced7fa0b78d66875a4b4014daa2705,1882.01,2023-03-13T08:05:00Z,3eb405c5122a702f98d08cb5247cab848616469900eb423e07dd20888882abe4,2023-03-13T08:05:00Z,1880.86,1888.92,2023-04-01T00:00:00Z,2023-03-13T08:00:00Z,-1.0843672456575462,SHORT,0.36331531371854153,0.0,M5_LATEST_CONFIRMED_OPPOSING_SWING_ELSE_CONTROL,,M5_BROKEN_CONTROL_FIRST_RETEST,,False,293010c59805dccb69075e02664781b4294edf5f5701a25cef9787fe4a0d6ed9,,,2023_03,0.0,1.0843672456575462,TARGET,2023-03-13T10:04:00Z,NO_FILL,51031bb4b2735f7aad7bea36fef001dcde593600611db42ae31dec858863707b,,RETEST_EXPIRED,2023-03-13T08:20:00Z,,1882.01,False,False,INITIAL_CONFIRMATION_TARGET,8c312781c1ee520bc8b5355376b9eb4a7e9cc0de3302b18076464b72ed104877,6166ddb9385905e8279b6449abe983522a83bd69264c065f38ff5f1d83de0aa0,1883.7883214285714,0.9664285714285857,0.04832142857142929,,M5_LATEST_CONFIRMED_OPPOSING_SWING_ELSE_CONTROL,True,3c389dd41d1fb4fb49f931c7fbab874821a41ba03e291d220f4afa47490b77bb,2023-03-13T08:00:00Z,1883.74,1872.12,db2c922f80241d0e01a9d3c1a3217fd5e533a26b65dbe6d329542bf6a8c5faf9
d5f1e930d604e00e04107f388d8ca4b04cced7fa0b78d66875a4b4014daa2705,1882.01,2023-03-13T08:05:00Z,3eb405c5122a702f98d08cb5247cab848616469900eb423e07dd20888882abe4,2023-03-13T08:05:00Z,1880.86,1888.92,2023-04-01T00:00:00Z,2023-03-13T08:00:00Z,-1.0843672456575462,SHORT,1.0,0.0,CONTROL_V2_FILLED_STOP,,M5_BROKEN_CONTROL_FIRST_RETEST,,False,71e517c78843a458570cad92a75a17152fa7f1d981b0358a95c3d9c9b99c080b,,,2023_03,0.0,1.0843672456575462,TARGET,2023-03-13T10:04:00Z,NO_FILL,321eebeb2c18877816efad2d2aa9612ba17ede7629d9126357b24b7007aa6516,,RETEST_EXPIRED,2023-03-13T08:20:00Z,,1882.01,False,False,INITIAL_CONFIRMATION_TARGET,670a799ce16c0e45e7fd32c997dddc3b7e175f8c6f43e779b274a23a63c88235,6166ddb9385905e8279b6449abe983522a83bd69264c065f38ff5f1d83de0aa0,1888.92,3.0200000000000142,0.15100000000000072,NOT_STRICTLY_CLOSER_THAN_CONTROL,M15_LATEST_CONFIRMED_OPPOSING_SWING_ELSE_CONTROL,False,393bcfbf56a9dd0d058f7fbdbc9143cb5a86e312fd9dd307553211626560ec47,2023-03-13T06:30:00Z,1888.92,1872.12,db2c922f80241d0e01a9d3c1a3217fd5e533a26b65dbe6d329542bf6a8c5faf9
d5f1e930d604e00e04107f388d8ca4b04cced7fa0b78d66875a4b4014daa2705,1882.01,2023-03-13T08:05:00Z,3eb405c5122a702f98d08cb5247cab848616469900eb423e07dd20888882abe4,2023-03-13T08:05:00Z,1880.86,1888.92,2023-04-01T00:00:00Z,2023-03-13T08:00:00Z,-1.0843672456575462,SHORT,1.0,0.0,CONTROL_V2_FILLED_STOP,,M5_BROKEN_CONTROL_FIRST_RETEST,,False,6bfe35d8bab4824fc2a042a06e682d6f9ebe20bb19dc61692fcd45d76670e1b4,,,2023_03,0.0,1.0843672456575462,TARGET,2023-03-13T10:04:00Z,NO_FILL,59736da539138a6326ef24ef519e9a48000d3b1e01183c062b3731ffc738a13b,,RETEST_EXPIRED,2023-03-13T08:20:00Z,,1882.01,False,False,INITIAL_CONFIRMATION_TARGET,269786bb718a90808f4466ea3fc372ab5d552b7347650cfce7c1e793a74ad033,6166ddb9385905e8279b6449abe983522a83bd69264c065f38ff5f1d83de0aa0,1888.92,9.69214285714286,0.484607142857143,NOT_STRICTLY_CLOSER_THAN_CONTROL,H1_SOURCE_SWING_BUFFERED_ELSE_CONTROL,False,6166ddb9385905e8279b6449abe983522a83bd69264c065f38ff5f1d83de0aa0,2023-03-13T08:00:00Z,1888.92,1872.12,db2c922f80241d0e01a9d3c1a3217fd5e533a26b65dbe6d329542bf6a8c5faf9
d5f1e930d604e00e04107f388d8ca4b04cced7fa0b78d66875a4b4014daa2705,1882.01,2023-03-13T08:05:00Z,3eb405c5122a702f98d08cb5247cab848616469900eb423e07dd20888882abe4,2023-03-13T08:05:00Z,1880.86,1888.92,2023-04-01T00:00:00Z,2023-03-13T08:00:00Z,-0.8132754342431596,SHORT,1.0,13.554590570719327,CONTROL_V2_FILLED_STOP,2023-03-13T08:05:00Z,CONFIRMED_25_75_RETEST_SPLIT,1880.86,True,f8ef0a9fb4eca9f1a28cdf7c0124a1e3e3923ed021cc8212de801ed3dda21c5a,0.04435483870967844,0.2900124069478818,2023_03,0.27109181141438654,1.0843672456575462,TARGET,2023-03-13T10:04:00Z,SPLIT_CONTROL_TARGET_NO_RETEST,ca8414f576277bf64b761e7e6eb34e087c4ae754592ddd88d34b92d8acc9084c,2023-03-13T10:04:00Z,RETEST_EXPIRED,2023-03-13T08:20:00Z,,1882.01,False,False,INITIAL_CONFIRMATION_TARGET,1f57137022648aeda8a6d6f817e9fa89d938d485bcc18ce54715d275ac2d44f8,6166ddb9385905e8279b6449abe983522a83bd69264c065f38ff5f1d83de0aa0,1888.92,,,,CONTROL_V2_FILLED_STOP,False,,2023-03-13T08:05:00Z,1888.92,1872.12,db2c922f80241d0e01a9d3c1a3217fd5e533a26b65dbe6d329542bf6a8c5faf9
d5f1e930d604e00e04107f388d8ca4b04cced7fa0b78d66875a4b4014daa2705,1882.01,2023-03-13T08:05:00Z,3eb405c5122a702f98d08cb5247cab848616469900eb423e07dd20888882abe4,2023-03-13T08:05:00Z,1880.86,1888.92,2023-04-01T00:00:00Z,2023-03-13T08:00:00Z,-0.33820598798922796,SHORT,0.36331531371854153,37.30806288341591,M5_LATEST_CONFIRMED_OPPOSING_SWING_ELSE_CONTROL,2023-03-13T08:05:00Z,CONFIRMED_25_75_RETEST_SPLIT,1880.86,True,293010c59805dccb69075e02664781b4294edf5f5701a25cef9787fe4a0d6ed9,0.12208359250180108,0.7982388740501944,2023_03,0.7461612576683182,1.0843672456575462,TARGET,2023-03-13T10:04:00Z,SPLIT_CONTROL_TARGET_NO_RETEST,c65442e58d102d993b59c152ca699f02f5d9920573fb0ff3ed9f5737ca6cd4be,2023-03-13T10:04:00Z,RETEST_EXPIRED,2023-03-13T08:20:00Z,,1882.01,False,False,INITIAL_CONFIRMATION_TARGET,46f890c81b4b4e732bf7f8531f16c3bd46e0650091f64acb1f19b180ae8964d9,6166ddb9385905e8279b6449abe983522a83bd69264c065f38ff5f1d83de0aa0,1883.7883214285714,0.9664285714285857,0.04832142857142929,,M5_LATEST_CONFIRMED_OPPOSING_SWING_ELSE_CONTROL,True,3c389dd41d1fb4fb49f931c7fbab874821a41ba03e291d220f4afa47490b77bb,2023-03-13T08:00:00Z,1883.74,1872.12,db2c922f80241d0e01a9d3c1a3217fd5e533a26b65dbe6d329542bf6a8c5faf9
d5f1e930d604e00e04107f388d8ca4b04cced7fa0b78d66875a4b4014daa2705,1882.01,2023-03-13T08:05:00Z,3eb405c5122a702f98d08cb5247cab848616469900eb423e07dd20888882abe4,2023-03-13T08:05:00Z,1880.86,1888.92,2023-04-01T00:00:00Z,2023-03-13T08:00:00Z,-0.8132754342431596,SHORT,1.0,13.554590570719327,CONTROL_V2_FILLED_STOP,2023-03-13T08:05:00Z,CONFIRMED_25_75_RETEST_SPLIT,1880.86,True,71e517c78843a458570cad92a75a17152fa7f1d981b0358a95c3d9c9b99c080b,0.04435483870967844,0.2900124069478818,2023_03,0.27109181141438654,1.0843672456575462,TARGET,2023-03-13T10:04:00Z,SPLIT_CONTROL_TARGET_NO_RETEST,26ba8b090b7d3ed5ac44e874d8a9e06dd8a493f86e39cf71a1a0341f732251a8,2023-03-13T10:04:00Z,RETEST_EXPIRED,2023-03-13T08:20:00Z,,1882.01,False,False,INITIAL_CONFIRMATION_TARGET,dcc4ad487adeba99eb349c6c5d6259bc34fe72163da295824b0d843aaa335279,6166ddb9385905e8279b6449abe983522a83bd69264c065f38ff5f1d83de0aa0,1888.92,3.0200000000000142,0.15100000000000072,NOT_STRICTLY_CLOSER_THAN_CONTROL,M15_LATEST_CONFIRMED_OPPOSING_SWING_ELSE_CONTROL,False,393bcfbf56a9dd0d058f7fbdbc9143cb5a86e312fd9dd307553211626560ec47,2023-03-13T06:30:00Z,1888.92,1872.12,db2c922f80241d0e01a9d3c1a3217fd5e533a26b65dbe6d329542bf6a8c5faf9
d5f1e930d604e00e04107f388d8ca4b04cced7fa0b78d66875a4b4014daa2705,1882.01,2023-03-13T08:05:00Z,3eb405c5122a702f98d08cb5247cab848616469900eb423e07dd20888882abe4,2023-03-13T08:05:00Z,1880.86,1888.92,2023-04-01T00:00:00Z,2023-03-13T08:00:00Z,-0.8132754342431596,SHORT,1.0,13.554590570719327,CONTROL_V2_FILLED_STOP,2023-03-13T08:05:00Z,CONFIRMED_25_75_RETEST_SPLIT,1880.86,True,6bfe35d8bab4824fc2a042a06e682d6f9ebe20bb19dc61692fcd45d76670e1b4,0.04435483870967844,0.2900124069478818,2023_03,0.27109181141438654,1.0843672456575462,TARGET,2023-03-13T10:04:00Z,SPLIT_CONTROL_TARGET_NO_RETEST,6e6fa6d17a43f49fd9dd878671084bd02795cba052bd2590c9b413895143bb76,2023-03-13T10:04:00Z,RETEST_EXPIRED,2023-03-13T08:20:00Z,,1882.01,False,False,INITIAL_CONFIRMATION_TARGET,87ae6bcf061121704e1b397a743468b2e08d81708856139ca2e7468a4c36bda4,6166ddb9385905e8279b6449abe983522a83bd69264c065f38ff5f1d83de0aa0,1888.92,9.69214285714286,0.484607142857143,NOT_STRICTLY_CLOSER_THAN_CONTROL,H1_SOURCE_SWING_BUFFERED_ELSE_CONTROL,False,6166ddb9385905e8279b6449abe983522a83bd69264c065f38ff5f1d83de0aa0,2023-03-13T08:00:00Z,1888.92,1872.12,db2c922f80241d0e01a9d3c1a3217fd5e533a26b65dbe6d329542bf6a8c5faf9
a27f353384be32cd0de43c70e5c4b54b927e6260e24817734ad0ee490f68fa7e,1878.06,2023-03-13T11:15:00Z,83146597c856cfe5c65e073361a9e362bd2f93fd4c6744acb4f8a383c589c7a7,2023-03-13T11:15:00Z,1878.65,1871.49,2023-04-01T00:00:00Z,2023-03-13T07:00:00Z,0.0,LONG,1.0,74.93016759776464,CONTROL_V2_FILLED_STOP,2023-03-13T11:15:00Z,CONTROL_NEXT_M1_OPEN,1878.65,True,cd4c71daf64221bfbe81c50f13032975c0635141c66024c7edacd0676f22f533,0.11592178770951747,1.5600558659217483,2023_03,1.4986033519552926,1.4986033519552926,TARGET,2023-03-13T12:25:00Z,TARGET,b3721e3a95caacd5476e40e8a4943b0bce3b67ac7a54d2267bafdcdad35d5281,2023-03-13T12:25:00Z,FIRST_RETEST_FILLED,2023-03-13T11:30:00Z,2023-03-13T11:15:00Z,1878.06,True,False,RECLAIM_CONFIRMATION_TARGET,ba287f13edff89be03832e25a02e340c9909e0066334801d1c6b6b903bf9a4ef,1b2c88a83e766b106f983a9955855da38cf4c3d9b9ed921f3c95ea91a2998dae,1871.49,,,,CONTROL_V2_FILLED_STOP,False,,2023-03-13T11:15:00Z,1871.49,1889.38,dd0acd4a27da4bb9e197b831a3c00fb638d8184beb5c8d11ba8daa56430059d1
a27f353384be32cd0de43c70e5c4b54b927e6260e24817734ad0ee490f68fa7e,1878.06,2023-03-13T11:15:00Z,83146597c856cfe5c65e073361a9e362bd2f93fd4c6744acb4f8a383c589c7a7,2023-03-13T11:15:00Z,1878.65,1871.49,2023-04-01T00:00:00Z,2023-03-13T07:00:00Z,0.9294104512917878,LONG,0.6172136871508516,121.40069016235402,M5_LATEST_CONFIRMED_OPPOSING_SWING_ELSE_CONTROL,2023-03-13T11:15:00Z,CONTROL_NEXT_M1_OPEN,1878.65,True,939bf5c942c17e75d5975a9ff77929c57aaae40b0c8daa872f2b584cbf89674e,0.18781467443573613,2.5275782089719914,2023_03,2.4280138032470804,1.4986033519552926,TARGET,2023-03-13T12:25:00Z,TARGET,836e7e8cc48ed5a42405a526c5cf7ee5dfc8b061766dac4ea7792d5c2ee69b5a,2023-03-13T12:25:00Z,FIRST_RETEST_FILLED,2023-03-13T11:30:00Z,2023-03-13T11:15:00Z,1878.06,True,False,RECLAIM_CONFIRMATION_TARGET,77905ff1fe86ec5e0a1e97bd9f7a5da59753979c7be3887acf1827626377f650,1b2c88a83e766b106f983a9955855da38cf4c3d9b9ed921f3c95ea91a2998dae,1874.23075,1.7850000000000006,0.08925000000000004,,M5_LATEST_CONFIRMED_OPPOSING_SWING_ELSE_CONTROL,True,b754ca2bcfb4968b88dc0abf24d16b37e99be015346934a8f33132e20fc567a2,2023-03-13T11:05:00Z,1874.32,1889.38,dd0acd4a27da4bb9e197b831a3c00fb638d8184beb5c8d11ba8daa56430059d1
a27f353384be32cd0de43c70e5c4b54b927e6260e24817734ad0ee490f68fa7e,1878.06,2023-03-13T11:15:00Z,83146597c856cfe5c65e073361a9e362bd2f93fd4c6744acb4f8a383c589c7a7,2023-03-13T11:15:00Z,1878.65,1871.49,2023-04-01T00:00:00Z,2023-03-13T07:00:00Z,0.0,LONG,1.0,74.93016759776464,CONTROL_V2_FILLED_STOP,2023-03-13T11:15:00Z,CONTROL_NEXT_M1_OPEN,1878.65,True,7f5ed2849e8780e1823ee3a44e378e2b81c35e4266f83dcb8e4acbe8a205b498,0.11592178770951747,1.5600558659217483,2023_03,1.4986033519552926,1.4986033519552926,TARGET,2023-03-13T12:25:00Z,TARGET,0f8e4c0c09d7e180d43e5d23933cd65786cc4883774b3372b54126b136cb0c49,2023-03-13T12:25:00Z,FIRST_RETEST_FILLED,2023-03-13T11:30:00Z,2023-03-13T11:15:00Z,1878.06,True,False,RECLAIM_CONFIRMATION_TARGET,4407db5889cc4bf1d68aa8a8201a95998448cfdf66e39242a6e622d879ed53b4,1b2c88a83e766b106f983a9955855da38cf4c3d9b9ed921f3c95ea91a2998dae,1871.49,3.132142857142867,0.15660714285714336,NOT_STRICTLY_CLOSER_THAN_CONTROL,M15_LATEST_CONFIRMED_OPPOSING_SWING_ELSE_CONTROL,False,f833e377fb1687a15e26b7cbab74dab7e9062e889b1e05c7c58b043c59de9f7e,2023-03-13T10:45:00Z,1871.51,1889.38,dd0acd4a27da4bb9e197b831a3c00fb638d8184beb5c8d11ba8daa56430059d1
a27f353384be32cd0de43c70e5c4b54b927e6260e24817734ad0ee490f68fa7e,1878.06,2023-03-13T11:15:00Z,83146597c856cfe5c65e073361a9e362bd2f93fd4c6744acb4f8a383c589c7a7,2023-03-13T11:15:00Z,1878.65,1871.49,2023-04-01T00:00:00Z,2023-03-13T07:00:00Z,0.04909112726122955,LONG,0.9682811252993029,77.38472396082611,H1_SOURCE_SWING_BUFFERED_ELSE_CONTROL,2023-03-13T11:15:00Z,CONTROL_NEXT_M1_OPEN,1878.65,True,55394775955f9f675fd51084fe6d4f25718751a5cb7d7f31d6141d06ef123b15,0.11971914424510256,1.6111600496596723,2023_03,1.5476944792165221,1.4986033519552926,TARGET,2023-03-13T12:25:00Z,TARGET,6942b3f6a180b43a35926c5eee5bafe156c9c6d565b7c67e54abb66bdb00c342,2023-03-13T12:25:00Z,FIRST_RETEST_FILLED,2023-03-13T11:30:00Z,2023-03-13T11:15:00Z,1878.06,True,False,RECLAIM_CONFIRMATION_TARGET,043c94a286ab8ad3a17109290eeb1e0e204c1eb4818680b42c8adce78dfcd6a9,1b2c88a83e766b106f983a9955855da38cf4c3d9b9ed921f3c95ea91a2998dae,1871.717107142857,8.057857142857156,0.40289285714285783,,H1_SOURCE_SWING_BUFFERED_ELSE_CONTROL,True,1b2c88a83e766b106f983a9955855da38cf4c3d9b9ed921f3c95ea91a2998dae,2023-03-13T07:00:00Z,1872.12,1889.38,dd0acd4a27da4bb9e197b831a3c00fb638d8184beb5c8d11ba8daa56430059d1
a27f353384be32cd0de43c70e5c4b54b927e6260e24817734ad0ee490f68fa7e,1878.06,2023-03-13T11:15:00Z,83146597c856cfe5c65e073361a9e362bd2f93fd4c6744acb4f8a383c589c7a7,2023-03-13T11:15:00Z,1878.65,1871.49,2023-04-01T00:00:00Z,2023-03-13T07:00:00Z,0.22437990527458163,LONG,1.0,86.1491628614937,CONTROL_V2_FILLED_STOP,2023-03-13T11:15:00Z,M5_BROKEN_CONTROL_FIRST_RETEST,1878.06,True,cd4c71daf64221bfbe81c50f13032975c0635141c66024c7edacd0676f22f533,0.03652968036529854,1.7899543378995593,2023_03,1.7229832572298742,1.4986033519552926,TARGET,2023-03-13T12:25:00Z,TARGET,01a1509ce569e843df9e8595bdbea5e30e3c85f8d8daf3b2ae4e4bec616b1d7f,2023-03-13T12:25:00Z,FIRST_RETEST_FILLED,2023-03-13T11:30:00Z,2023-03-13T11:15:00Z,1878.06,True,True,RECLAIM_CONFIRMATION_TARGET,ec1affdf018c8818fa4005aee92510715b11643680252148fbefdbe6f544112e,1b2c88a83e766b106f983a9955855da38cf4c3d9b9ed921f3c95ea91a2998dae,1871.49,,,,CONTROL_V2_FILLED_STOP,False,,2023-03-13T11:15:00Z,1871.49,1889.38,dd0acd4a27da4bb9e197b831a3c00fb638d8184beb5c8d11ba8daa56430059d1
a27f353384be32cd0de43c70e5c4b54b927e6260e24817734ad0ee490f68fa7e,1878.06,2023-03-13T11:15:00Z,83146597c856cfe5c65e073361a9e362bd2f93fd4c6744acb4f8a383c589c7a7,2023-03-13T11:15:00Z,1878.65,1871.49,2023-04-01T00:00:00Z,2023-03-13T07:00:00Z,1.4575891139323245,LONG,0.6172136871508516,147.80962329438086,M5_LATEST_CONFIRMED_OPPOSING_SWING_ELSE_CONTROL,2023-03-13T11:15:00Z,M5_BROKEN_CONTROL_FIRST_RETEST,1878.06,True,939bf5c942c17e75d5975a9ff77929c57aaae40b0c8daa872f2b584cbf89674e,0.06267545864072833,3.07109747339557,2023_03,2.956192465887617,1.4986033519552926,TARGET,2023-03-13T12:25:00Z,TARGET,5c26a8f1c48fb2389b0fe2184844074c8d099dd9325fa03d853bd360a06021fd,2023-03-13T12:25:00Z,FIRST_RETEST_FILLED,2023-03-13T11:30:00Z,2023-03-13T11:15:00Z,1878.06,True,True,RECLAIM_CONFIRMATION_TARGET,9acca52e57cca44267db3afdeee7d6bd9fef8cd2b5fa7b136bfb18593679d48d,1b2c88a83e766b106f983a9955855da38cf4c3d9b9ed921f3c95ea91a2998dae,1874.23075,1.7850000000000006,0.08925000000000004,,M5_LATEST_CONFIRMED_OPPOSING_SWING_ELSE_CONTROL,True,b754ca2bcfb4968b88dc0abf24d16b37e99be015346934a8f33132e20fc567a2,2023-03-13T11:05:00Z,1874.32,1889.38,dd0acd4a27da4bb9e197b831a3c00fb638d8184beb5c8d11ba8daa56430059d1
a27f353384be32cd0de43c70e5c4b54b927e6260e24817734ad0ee490f68fa7e,1878.06,2023-03-13T11:15:00Z,83146597c856cfe5c65e073361a9e362bd2f93fd4c6744acb4f8a383c589c7a7,2023-03-13T11:15:00Z,1878.65,1871.49,2023-04-01T00:00:00Z,2023-03-13T07:00:00Z,0.22437990527458163,LONG,1.0,86.1491628614937,CONTROL_V2_FILLED_STOP,2023-03-13T11:15:00Z,M5_BROKEN_CONTROL_FIRST_RETEST,1878.06,True,7f5ed2849e8780e1823ee3a44e378e2b81c35e4266f83dcb8e4acbe8a205b498,0.03652968036529854,1.7899543378995593,2023_03,1.7229832572298742,1.4986033519552926,TARGET,2023-03-13T12:25:00Z,TARGET,474cda45c58f8bd14e4dcaa99ab0700cee09d3543ece69cd336360f2034541cb,2023-03-13T12:25:00Z,FIRST_RETEST_FILLED,2023-03-13T11:30:00Z,2023-03-13T11:15:00Z,1878.06,True,True,RECLAIM_CONFIRMATION_TARGET,8a496148235c8ecfbfb6705970c384cfa5ac971386991ba3154162a60f3f465e,1b2c88a83e766b106f983a9955855da38cf4c3d9b9ed921f3c95ea91a2998dae,1871.49,3.132142857142867,0.15660714285714336,NOT_STRICTLY_CLOSER_THAN_CONTROL,M15_LATEST_CONFIRMED_OPPOSING_SWING_ELSE_CONTROL,False,f833e377fb1687a15e26b7cbab74dab7e9062e889b1e05c7c58b043c59de9f7e,2023-03-13T10:45:00Z,1871.51,1889.38,dd0acd4a27da4bb9e197b831a3c00fb638d8184beb5c8d11ba8daa56430059d1
a27f353384be32cd0de43c70e5c4b54b927e6260e24817734ad0ee490f68fa7e,1878.06,2023-03-13T11:15:00Z,83146597c856cfe5c65e073361a9e362bd2f93fd4c6744acb4f8a383c589c7a7,2023-03-13T11:15:00Z,1878.65,1871.49,2023-04-01T00:00:00Z,2023-03-13T07:00:00Z,0.28607128388572356,LONG,0.9682811252993029,89.2337317920508,H1_SOURCE_SWING_BUFFERED_ELSE_CONTROL,2023-03-13T11:15:00Z,M5_BROKEN_CONTROL_FIRST_RETEST,1878.06,True,55394775955f9f675fd51084fe6d4f25718751a5cb7d7f31d6141d06ef123b15,0.03783762478814964,1.8540436146192607,2023_03,1.7846746358410162,1.4986033519552926,TARGET,2023-03-13T12:25:00Z,TARGET,984d8aadbfccf9d08b223da095e1bc7ac731ab7e23e5652cb30a93bf03a3f748,2023-03-13T12:25:00Z,FIRST_RETEST_FILLED,2023-03-13T11:30:00Z,2023-03-13T11:15:00Z,1878.06,True,True,RECLAIM_CONFIRMATION_TARGET,dc9aac9d4017de9aa4285f72b14b58c911a91b2df1d49630ab57d71d049feb7f,1b2c88a83e766b106f983a9955855da38cf4c3d9b9ed921f3c95ea91a2998dae,1871.717107142857,8.057857142857156,0.40289285714285783,,H1_SOURCE_SWING_BUFFERED_ELSE_CONTROL,True,1b2c88a83e766b106f983a9955855da38cf4c3d9b9ed921f3c95ea91a2998dae,2023-03-13T07:00:00Z,1872.12,1889.38,dd0acd4a27da4bb9e197b831a3c00fb638d8184beb5c8d11ba8daa56430059d1
a27f353384be32cd0de43c70e5c4b54b927e6260e24817734ad0ee490f68fa7e,1878.06,2023-03-13T11:15:00Z,83146597c856cfe5c65e073361a9e362bd2f93fd4c6744acb4f8a383c589c7a7,2023-03-13T11:15:00Z,1878.65,1871.49,2023-04-01T00:00:00Z,2023-03-13T07:00:00Z,0.16828492895593627,LONG,1.0,83.34441404556145,CONTROL_V2_FILLED_STOP,2023-03-13T11:15:00Z,CONFIRMED_25_75_RETEST_SPLIT,1878.65,True,cd4c71daf64221bfbe81c50f13032975c0635141c66024c7edacd0676f22f533,0.05637770720135327,1.7324797199051067,2023_03,1.6668882809112289,1.4986033519552926,TARGET,2023-03-13T12:25:00Z,SPLIT_TARGET_TARGET,65a4bf9263ffcf759d5766a0117a053b8c4c3edf0be1060d336214980f0faf18,2023-03-13T12:25:00Z,FIRST_RETEST_FILLED,2023-03-13T11:30:00Z,2023-03-13T11:15:00Z,1878.06,True,True,RECLAIM_CONFIRMATION_TARGET,8a32211bf9010ac6fe174b59e597980e6cd54fd729f88c29c6f8cb482f08e779,1b2c88a83e766b106f983a9955855da38cf4c3d9b9ed921f3c95ea91a2998dae,1871.49,,,,CONTROL_V2_FILLED_STOP,False,,2023-03-13T11:15:00Z,1871.49,1889.38,dd0acd4a27da4bb9e197b831a3c00fb638d8184beb5c8d11ba8daa56430059d1
a27f353384be32cd0de43c70e5c4b54b927e6260e24817734ad0ee490f68fa7e,1878.06,2023-03-13T11:15:00Z,83146597c856cfe5c65e073361a9e362bd2f93fd4c6744acb4f8a383c589c7a7,2023-03-13T11:15:00Z,1878.65,1871.49,2023-04-01T00:00:00Z,2023-03-13T07:00:00Z,1.3255444482721899,LONG,0.6172136871508516,141.20739001137412,M5_LATEST_CONFIRMED_OPPOSING_SWING_ELSE_CONTROL,2023-03-13T11:15:00Z,CONFIRMED_25_75_RETEST_SPLIT,1878.65,True,939bf5c942c17e75d5975a9ff77929c57aaae40b0c8daa872f2b584cbf89674e,0.09396026258948029,2.9352176572896753,2023_03,2.8241478002274825,1.4986033519552926,TARGET,2023-03-13T12:25:00Z,SPLIT_TARGET_TARGET,65e795deeb0eb1c5b44055fd0b4d960a67828872e30ecb0a64ae21c09d192f28,2023-03-13T12:25:00Z,FIRST_RETEST_FILLED,2023-03-13T11:30:00Z,2023-03-13T11:15:00Z,1878.06,True,True,RECLAIM_CONFIRMATION_TARGET,13f1f4dbeca2d9a98506e2aa1efaf7e06a569324238680171248b77fae28a80b,1b2c88a83e766b106f983a9955855da38cf4c3d9b9ed921f3c95ea91a2998dae,1874.23075,1.7850000000000006,0.08925000000000004,,M5_LATEST_CONFIRMED_OPPOSING_SWING_ELSE_CONTROL,True,b754ca2bcfb4968b88dc0abf24d16b37e99be015346934a8f33132e20fc567a2,2023-03-13T11:05:00Z,1874.32,1889.38,dd0acd4a27da4bb9e197b831a3c00fb638d8184beb5c8d11ba8daa56430059d1
a27f353384be32cd0de43c70e5c4b54b927e6260e24817734ad0ee490f68fa7e,1878.06,2023-03-13T11:15:00Z,83146597c856cfe5c65e073361a9e362bd2f93fd4c6744acb4f8a383c589c7a7,2023-03-13T11:15:00Z,1878.65,1871.49,2023-04-01T00:00:00Z,2023-03-13T07:00:00Z,0.16828492895593627,LONG,1.0,83.34441404556145,CONTROL_V2_FILLED_STOP,2023-03-13T11:15:00Z,CONFIRMED_25_75_RETEST_SPLIT,1878.65,True,7f5ed2849e8780e1823ee3a44e378e2b81c35e4266f83dcb8e4acbe8a205b498,0.05637770720135327,1.7324797199051067,2023_03,1.6668882809112289,1.4986033519552926,TARGET,2023-03-13T12:25:00Z,SPLIT_TARGET_TARGET,e5357e009b7ff4e90a3b89f401a526a8db022e39c4688b48a7873d7d82299ab2,2023-03-13T12:25:00Z,FIRST_RETEST_FILLED,2023-03-13T11:30:00Z,2023-03-13T11:15:00Z,1878.06,True,True,RECLAIM_CONFIRMATION_TARGET,e2bad9bc8faf8056e6bd47ebe9e29a46a36848cfeb1fa55d9553e84734e01be2,1b2c88a83e766b106f983a9955855da38cf4c3d9b9ed921f3c95ea91a2998dae,1871.49,3.132142857142867,0.15660714285714336,NOT_STRICTLY_CLOSER_THAN_CONTROL,M15_LATEST_CONFIRMED_OPPOSING_SWING_ELSE_CONTROL,False,f833e377fb1687a15e26b7cbab74dab7e9062e889b1e05c7c58b043c59de9f7e,2023-03-13T10:45:00Z,1871.51,1889.38,dd0acd4a27da4bb9e197b831a3c00fb638d8184beb5c8d11ba8daa56430059d1
a27f353384be32cd0de43c70e5c4b54b927e6260e24817734ad0ee490f68fa7e,1878.06,2023-03-13T11:15:00Z,83146597c856cfe5c65e073361a9e362bd2f93fd4c6744acb4f8a383c589c7a7,2023-03-13T11:15:00Z,1878.65,1871.49,2023-04-01T00:00:00Z,2023-03-13T07:00:00Z,0.2268262447296001,LONG,0.9682811252993029,86.27147983424463,H1_SOURCE_SWING_BUFFERED_ELSE_CONTROL,2023-03-13T11:15:00Z,CONFIRMED_25_75_RETEST_SPLIT,1878.65,True,55394775955f9f675fd51084fe6d4f25718751a5cb7d7f31d6141d06ef123b15,0.058308004652387876,1.7933227233793634,2023_03,1.7254295966848927,1.4986033519552926,TARGET,2023-03-13T12:25:00Z,SPLIT_TARGET_TARGET,a073a6657f778b4360a16631b1e308698af5dbf283e1af537750d2586e5f2695,2023-03-13T12:25:00Z,FIRST_RETEST_FILLED,2023-03-13T11:30:00Z,2023-03-13T11:15:00Z,1878.06,True,True,RECLAIM_CONFIRMATION_TARGET,a6f96115f2ae9cab0321d572854a77029ee5e98babda5197753c49046ea2a0c5,1b2c88a83e766b106f983a9955855da38cf4c3d9b9ed921f3c95ea91a2998dae,1871.717107142857,8.057857142857156,0.40289285714285783,,H1_SOURCE_SWING_BUFFERED_ELSE_CONTROL,True,1b2c88a83e766b106f983a9955855da38cf4c3d9b9ed921f3c95ea91a2998dae,2023-03-13T07:00:00Z,1872.12,1889.38,dd0acd4a27da4bb9e197b831a3c00fb638d8184beb5c8d11ba8daa56430059d1
1bcfb3c1f18d1b792870ca2424d72c8e8afd68ac5eda74724bb4153639e09668,1910.41,2023-03-13T21:10:00Z,fc556d7e861a5994e0ef054ec546e94e2a353b2ba75fbd3f6ac0f98fe37a9797,2023-03-13T21:10:00Z,1909.54,1913.11,2023-04-01T00:00:00Z,2023-03-13T21:00:00Z,0.0,SHORT,1.0,-50.0,CONTROL_V2_FILLED_STOP,2023-03-13T21:10:00Z,CONTROL_NEXT_M1_OPEN,1909.54,True,676c9c0859948ec6620de670a3c35008028b76048b699da9c3d8840207abf590,1.008403361344594,0.4061624649860144,2023_03,-1.0,-1.0,STOP,2023-03-13T21:41:00Z,STOP,cbbdfa7f7d37574d027849c63c62319bcfddb858da12b46705fb1a4c06e3fe0c,2023-03-13T21:41:00Z,FIRST_RETEST_FILLED,2023-03-13T21:25:00Z,2023-03-13T21:23:00Z,1910.41,True,False,INITIAL_CONFIRMATION_STOP,d5f2281f275dc7f21901ab454044229214bbaf173290c116b4fec2700112a2bf,7f3c953d3af485372f33a2316ad8726d63e9d4ef284ec6b40841a6334dfc631f,1913.11,,,,CONTROL_V2_FILLED_STOP,False,,2023-03-13T21:10:00Z,1913.11,1880.92,ee0dca4c0a2e54ee21504172da52bdaf3d535b04ba3a16d8436c3dd44be084ca
1bcfb3c1f18d1b792870ca2424d72c8e8afd68ac5eda74724bb4153639e09668,1910.41,2023-03-13T21:10:00Z,fc556d7e861a5994e0ef054ec546e94e2a353b2ba75fbd3f6ac0f98fe37a9797,2023-03-13T21:10:00Z,1909.54,1913.11,2023-04-01T00:00:00Z,2023-03-13T21:00:00Z,0.0,SHORT,0.8264705882353501,-50.0,M5_LATEST_CONFIRMED_OPPOSING_SWING_ELSE_CONTROL,2023-03-13T21:10:00Z,CONTROL_NEXT_M1_OPEN,1909.54,True,ba5dbb863b0141fd58dff7fa9f75378de52d7c363a2226f6c558fc854a32ad7e,1.0167768174885106,0.4914421284527955,2023_03,-1.0,-1.0,STOP,2023-03-13T21:41:00Z,STOP,c2ea70ced3924f53fb2ff49892c670426138930a9dde2d2cf2132b26b97099ab,2023-03-13T21:37:00Z,FIRST_RETEST_FILLED,2023-03-13T21:25:00Z,2023-03-13T21:23:00Z,1910.41,True,False,INITIAL_CONFIRMATION_STOP,d20047f2bf5d18a757ce77f79e23b4053491038c2d4c71d62b85483acb294d90,7f3c953d3af485372f33a2316ad8726d63e9d4ef284ec6b40841a6334dfc631f,1912.4905,1.4100000000000006,0.07050000000000003,,M5_LATEST_CONFIRMED_OPPOSING_SWING_ELSE_CONTROL,True,9bff859f73a74733e01e72e865371bbaf189e51999af7830a65fa56dd8e082e5,2023-03-13T20:50:00Z,1912.42,1880.92,ee0dca4c0a2e54ee21504172da52bdaf3d535b04ba3a16d8436c3dd44be084ca
1bcfb3c1f18d1b792870ca2424d72c8e8afd68ac5eda74724bb4153639e09668,1910.41,2023-03-13T21:10:00Z,fc556d7e861a5994e0ef054ec546e94e2a353b2ba75fbd3f6ac0f98fe37a9797,2023-03-13T21:10:00Z,1909.54,1913.11,2023-04-01T00:00:00Z,2023-03-13T21:00:00Z,0.0,SHORT,0.8679171668667582,-50.0,M15_LATEST_CONFIRMED_OPPOSING_SWING_ELSE_CONTROL,2023-03-13T21:10:00Z,CONTROL_NEXT_M1_OPEN,1909.54,True,b91ad3670e1eb8eb97db1a76725e1954e36dad45feff713d576cc0fce2834848,1.0392245006166785,0.46797376580565786,2023_03,-1.0,-1.0,STOP,2023-03-13T21:41:00Z,STOP,aedc3654e3451bc66466973175c0038c86cf9e5902a6067a621dc5135ea39177,2023-03-13T21:40:00Z,FIRST_RETEST_FILLED,2023-03-13T21:25:00Z,2023-03-13T21:23:00Z,1910.41,True,False,INITIAL_CONFIRMATION_STOP,c649f65b54964178f5365051ccc4bc97335e34f2eaef6231b361babec3b76da9,7f3c953d3af485372f33a2316ad8726d63e9d4ef284ec6b40841a6334dfc631f,1912.6384642857142,3.7692857142857292,0.18846428571428647,,M15_LATEST_CONFIRMED_OPPOSING_SWING_ELSE_CONTROL,True,2a9622b2c049793e734125abc682104e119f176aee6ff4082a50b54571811553,2023-03-13T21:00:00Z,1912.45,1880.92,ee0dca4c0a2e54ee21504172da52bdaf3d535b04ba3a16d8436c3dd44be084ca
1bcfb3c1f18d1b792870ca2424d72c8e8afd68ac5eda74724bb4153639e09668,1910.41,2023-03-13T21:10:00Z,fc556d7e861a5994e0ef054ec546e94e2a353b2ba75fbd3f6ac0f98fe37a9797,2023-03-13T21:10:00Z,1909.54,1913.11,2023-04-01T00:00:00Z,2023-03-13T21:00:00Z,0.0,SHORT,1.0,-50.0,CONTROL_V2_FILLED_STOP,2023-03-13T21:10:00Z,CONTROL_NEXT_M1_OPEN,1909.54,True,1178d1e8f13b63db4a6517ceba4089c5b36afaed5e11010431b0a8c72aa12e87,1.008403361344594,0.4061624649860144,2023_03,-1.0,-1.0,STOP,2023-03-13T21:41:00Z,STOP,5c83e160edc093efcccbe0744d9f33466fc359fa172fd01d05f489abc1f34fe1,2023-03-13T21:41:00Z,FIRST_RETEST_FILLED,2023-03-13T21:25:00Z,2023-03-13T21:23:00Z,1910.41,True,False,INITIAL_CONFIRMATION_STOP,67a582e5b872ece67992ba180c754410dc456f28ec8f981acc04a2d603b3b07f,7f3c953d3af485372f33a2316ad8726d63e9d4ef284ec6b40841a6334dfc631f,1913.11,9.247142857142844,0.46235714285714224,NOT_STRICTLY_CLOSER_THAN_CONTROL,H1_SOURCE_SWING_BUFFERED_ELSE_CONTROL,False,7f3c953d3af485372f33a2316ad8726d63e9d4ef284ec6b40841a6334dfc631f,2023-03-13T21:00:00Z,1913.11,1880.92,ee0dca4c0a2e54ee21504172da52bdaf3d535b04ba3a16d8436c3dd44be084ca
1bcfb3c1f18d1b792870ca2424d72c8e8afd68ac5eda74724bb4153639e09668,1910.41,2023-03-13T21:10:00Z,fc556d7e861a5994e0ef054ec546e94e2a353b2ba75fbd3f6ac0f98fe37a9797,2023-03-13T21:10:00Z,1909.54,1913.11,2023-04-01T00:00:00Z,2023-03-13T21:00:00Z,0.0,SHORT,1.0,-50.0,CONTROL_V2_FILLED_STOP,2023-03-13T21:23:00Z,M5_BROKEN_CONTROL_FIRST_RETEST,1910.41,True,676c9c0859948ec6620de670a3c35008028b76048b699da9c3d8840207abf590,1.011111111111186,0.3851851851852819,2023_03,-1.0,-1.0,STOP,2023-03-13T21:41:00Z,STOP,ac38413e7924568a798a59d0fd2a731a8ef37f5dbad2c7ba5ffb3ad6d1108f17,2023-03-13T21:41:00Z,FIRST_RETEST_FILLED,2023-03-13T21:25:00Z,2023-03-13T21:23:00Z,1910.41,True,True,INITIAL_CONFIRMATION_STOP,726e0c157f76941ee46edd9f26169d9921b125b3f9f975857e46309c34ba961e,7f3c953d3af485372f33a2316ad8726d63e9d4ef284ec6b40841a6334dfc631f,1913.11,,,,CONTROL_V2_FILLED_STOP,False,,2023-03-13T21:10:00Z,1913.11,1880.92,ee0dca4c0a2e54ee21504172da52bdaf3d535b04ba3a16d8436c3dd44be084ca
1bcfb3c1f18d1b792870ca2424d72c8e8afd68ac5eda74724bb4153639e09668,1910.41,2023-03-13T21:10:00Z,fc556d7e861a5994e0ef054ec546e94e2a353b2ba75fbd3f6ac0f98fe37a9797,2023-03-13T21:10:00Z,1909.54,1913.11,2023-04-01T00:00:00Z,2023-03-13T21:00:00Z,0.0,SHORT,0.8264705882353501,-50.0,M5_LATEST_CONFIRMED_OPPOSING_SWING_ELSE_CONTROL,2023-03-13T21:23:00Z,M5_BROKEN_CONTROL_FIRST_RETEST,1910.41,True,ba5dbb863b0141fd58dff7fa9f75378de52d7c363a2226f6c558fc854a32ad7e,1.0237923576062735,0.4998798365778305,2023_03,-1.0,-1.0,STOP,2023-03-13T21:41:00Z,STOP,43297c76b8d439c18f034e26f90f294a9f71d373ca018c0b2c4a41f39c2b613e,2023-03-13T21:37:00Z,FIRST_RETEST_FILLED,2023-03-13T21:25:00Z,2023-03-13T21:23:00Z,1910.41,True,True,INITIAL_CONFIRMATION_STOP,730f2998b14cd50d7378e8bdb6a01e4f97a417cedea1fe06bdbd570152c05e23,7f3c953d3af485372f33a2316ad8726d63e9d4ef284ec6b40841a6334dfc631f,1912.4905,1.4100000000000006,0.07050000000000003,,M5_LATEST_CONFIRMED_OPPOSING_SWING_ELSE_CONTROL,True,9bff859f73a74733e01e72e865371bbaf189e51999af7830a65fa56dd8e082e5,2023-03-13T20:50:00Z,1912.42,1880.92,ee0dca4c0a2e54ee21504172da52bdaf3d535b04ba3a16d8436c3dd44be084ca
1bcfb3c1f18d1b792870ca2424d72c8e8afd68ac5eda74724bb4153639e09668,1910.41,2023-03-13T21:10:00Z,fc556d7e861a5994e0ef054ec546e94e2a353b2ba75fbd3f6ac0f98fe37a9797,2023-03-13T21:10:00Z,1909.54,1913.11,2023-04-01T00:00:00Z,2023-03-13T21:00:00Z,0.0,SHORT,0.8679171668667582,-50.0,M15_LATEST_CONFIRMED_OPPOSING_SWING_ELSE_CONTROL,2023-03-13T21:23:00Z,M5_BROKEN_CONTROL_FIRST_RETEST,1910.41,True,b91ad3670e1eb8eb97db1a76725e1954e36dad45feff713d576cc0fce2834848,1.0545378784236639,0.46668910364291677,2023_03,-1.0,-1.0,STOP,2023-03-13T21:41:00Z,STOP,874b6c3dadf53db9fcb122af6b73486c1f9dbcfcd7b98955574bd274eb8a2004,2023-03-13T21:40:00Z,FIRST_RETEST_FILLED,2023-03-13T21:25:00Z,2023-03-13T21:23:00Z,1910.41,True,True,INITIAL_CONFIRMATION_STOP,2e2f6c1437c80c458d0c259bb8d425d1ab54cb31aa1fa3dc6008c79fd77d2de4,7f3c953d3af485372f33a2316ad8726d63e9d4ef284ec6b40841a6334dfc631f,1912.6384642857142,3.7692857142857292,0.18846428571428647,,M15_LATEST_CONFIRMED_OPPOSING_SWING_ELSE_CONTROL,True,2a9622b2c049793e734125abc682104e119f176aee6ff4082a50b54571811553,2023-03-13T21:00:00Z,1912.45,1880.92,ee0dca4c0a2e54ee21504172da52bdaf3d535b04ba3a16d8436c3dd44be084ca
1bcfb3c1f18d1b792870ca2424d72c8e8afd68ac5eda74724bb4153639e09668,1910.41,2023-03-13T21:10:00Z,fc556d7e861a5994e0ef054ec546e94e2a353b2ba75fbd3f6ac0f98fe37a9797,2023-03-13T21:10:00Z,1909.54,1913.11,2023-04-01T00:00:00Z,2023-03-13T21:00:00Z,0.0,SHORT,1.0,-50.0,CONTROL_V2_FILLED_STOP,2023-03-13T21:23:00Z,M5_BROKEN_CONTROL_FIRST_RETEST,1910.41,True,1178d1e8f13b63db4a6517ceba4089c5b36afaed5e11010431b0a8c72aa12e87,1.011111111111186,0.3851851851852819,2023_03,-1.0,-1.0,STOP,2023-03-13T21:41:00Z,STOP,530005745b89af1a56b5fd164dc9c2553f61eb350cdddb90eaa70ca7e8ee7e5c,2023-03-13T21:41:00Z,FIRST_RETEST_FILLED,2023-03-13T21:25:00Z,2023-03-13T21:23:00Z,1910.41,True,True,INITIAL_CONFIRMATION_STOP,3d45473b66394fcc0d7e076099b96b0d7e10edb8c0b3d570f8f5b15f58fb1581,7f3c953d3af485372f33a2316ad8726d63e9d4ef284ec6b40841a6334dfc631f,1913.11,9.247142857142844,0.46235714285714224,NOT_STRICTLY_CLOSER_THAN_CONTROL,H1_SOURCE_SWING_BUFFERED_ELSE_CONTROL,False,7f3c953d3af485372f33a2316ad8726d63e9d4ef284ec6b40841a6334dfc631f,2023-03-13T21:00:00Z,1913.11,1880.92,ee0dca4c0a2e54ee21504172da52bdaf3d535b04ba3a16d8436c3dd44be084ca
1bcfb3c1f18d1b792870ca2424d72c8e8afd68ac5eda74724bb4153639e09668,1910.41,2023-03-13T21:10:00Z,fc556d7e861a5994e0ef054ec546e94e2a353b2ba75fbd3f6ac0f98fe37a9797,2023-03-13T21:10:00Z,1909.54,1913.11,2023-04-01T00:00:00Z,2023-03-13T21:00:00Z,0.0,SHORT,1.0,-50.0,CONTROL_V2_FILLED_STOP,2023-03-13T21:10:00Z,CONFIRMED_25_75_RETEST_SPLIT,1909.54,True,676c9c0859948ec6620de670a3c35008028b76048b699da9c3d8840207abf590,1.010434173669538,0.39042950513546504,2023_03,-1.0,-1.0,STOP,2023-03-13T21:41:00Z,SPLIT_STOP_STOP,b28a8a8fa89ac325a7cc92833bcb7383f5248700e52cf7d245841f171cb631a2,2023-03-13T21:41:00Z,FIRST_RETEST_FILLED,2023-03-13T21:25:00Z,2023-03-13T21:23:00Z,1910.41,True,True,INITIAL_CONFIRMATION_STOP,ef43d534871b395f16278694461af92cb5d080feaa50d6734d7be9b2621e3f49,7f3c953d3af485372f33a2316ad8726d63e9d4ef284ec6b40841a6334dfc631f,1913.11,,,,CONTROL_V2_FILLED_STOP,False,,2023-03-13T21:10:00Z,1913.11,1880.92,ee0dca4c0a2e54ee21504172da52bdaf3d535b04ba3a16d8436c3dd44be084ca
1bcfb3c1f18d1b792870ca2424d72c8e8afd68ac5eda74724bb4153639e09668,1910.41,2023-03-13T21:10:00Z,fc556d7e861a5994e0ef054ec546e94e2a353b2ba75fbd3f6ac0f98fe37a9797,2023-03-13T21:10:00Z,1909.54,1913.11,2023-04-01T00:00:00Z,2023-03-13T21:00:00Z,0.0,SHORT,0.8264705882353501,-50.0,M5_LATEST_CONFIRMED_OPPOSING_SWING_ELSE_CONTROL,2023-03-13T21:10:00Z,CONFIRMED_25_75_RETEST_SPLIT,1909.54,True,ba5dbb863b0141fd58dff7fa9f75378de52d7c363a2226f6c558fc854a32ad7e,1.0220384725768328,0.49777040954657176,2023_03,-1.0,-1.0,STOP,2023-03-13T21:41:00Z,SPLIT_STOP_STOP,eddb9f044cad0278b714da80b8beb7d50f50f6fefa81df8ed1ba8fe51cd854bf,2023-03-13T21:37:00Z,FIRST_RETEST_FILLED,2023-03-13T21:25:00Z,2023-03-13T21:23:00Z,1910.41,True,True,INITIAL_CONFIRMATION_STOP,fda51008ab69af30a6fee08a3bb12a0067cf33b15a61c8ae76257632d7f6baf6,7f3c953d3af485372f33a2316ad8726d63e9d4ef284ec6b40841a6334dfc631f,1912.4905,1.4100000000000006,0.07050000000000003,,M5_LATEST_CONFIRMED_OPPOSING_SWING_ELSE_CONTROL,True,9bff859f73a74733e01e72e865371bbaf189e51999af7830a65fa56dd8e082e5,2023-03-13T20:50:00Z,1912.42,1880.92,ee0dca4c0a2e54ee21504172da52bdaf3d535b04ba3a16d8436c3dd44be084ca
1bcfb3c1f18d1b792870ca2424d72c8e8afd68ac5eda74724bb4153639e09668,1910.41,2023-03-13T21:10:00Z,fc556d7e861a5994e0ef054ec546e94e2a353b2ba75fbd3f6ac0f98fe37a9797,2023-03-13T21:10:00Z,1909.54,1913.11,2023-04-01T00:00:00Z,2023-03-13T21:00:00Z,0.0,SHORT,0.8679171668667582,-50.0,M15_LATEST_CONFIRMED_OPPOSING_SWING_ELSE_CONTROL,2023-03-13T21:10:00Z,CONFIRMED_25_75_RETEST_SPLIT,1909.54,True,b91ad3670e1eb8eb97db1a76725e1954e36dad45feff713d576cc0fce2834848,1.0507095339719175,0.467010269183602,2023_03,-1.0,-1.0,STOP,2023-03-13T21:41:00Z,SPLIT_STOP_STOP,0444dd231620fa4933f37f7268b50e220a5d1cc8df2948590a3d1818075ddcc0,2023-03-13T21:40:00Z,FIRST_RETEST_FILLED,2023-03-13T21:25:00Z,2023-03-13T21:23:00Z,1910.41,True,True,INITIAL_CONFIRMATION_STOP,ac054f65ddb5cd6e54fd42171c93433cd13929ce21cfab2238cb44a52696d2e9,7f3c953d3af485372f33a2316ad8726d63e9d4ef284ec6b40841a6334dfc631f,1912.6384642857142,3.7692857142857292,0.18846428571428647,,M15_LATEST_CONFIRMED_OPPOSING_SWING_ELSE_CONTROL,True,2a9622b2c049793e734125abc682104e119f176aee6ff4082a50b54571811553,2023-03-13T21:00:00Z,1912.45,1880.92,ee0dca4c0a2e54ee21504172da52bdaf3d535b04ba3a16d8436c3dd44be084ca
1bcfb3c1f18d1b792870ca2424d72c8e8afd68ac5eda74724bb4153639e09668,1910.41,2023-03-13T21:10:00Z,fc556d7e861a5994e0ef054ec546e94e2a353b2ba75fbd3f6ac0f98fe37a9797,2023-03-13T21:10:00Z,1909.54,1913.11,2023-04-01T00:00:00Z,2023-03-13T21:00:00Z,0.0,SHORT,1.0,-50.0,CONTROL_V2_FILLED_STOP,2023-03-13T21:10:00Z,CONFIRMED_25_75_RETEST_SPLIT,1909.54,True,1178d1e8f13b63db4a6517ceba4089c5b36afaed5e11010431b0a8c72aa12e87,1.010434173669538,0.39042950513546504,2023_03,-1.0,-1.0,STOP,2023-03-13T21:41:00Z,SPLIT_STOP_STOP,334cccb48e8285875d8b9009aee1f05349185eba832d121f714a1ca096b21835,2023-03-13T21:41:00Z,FIRST_RETEST_FILLED,2023-03-13T21:25:00Z,2023-03-13T21:23:00Z,1910.41,True,True,INITIAL_CONFIRMATION_STOP,0483fd87edccd7856fcfe364f1ca84ba5f07813108bffe1b842fb5bbbdf26f70,7f3c953d3af485372f33a2316ad8726d63e9d4ef284ec6b40841a6334dfc631f,1913.11,9.247142857142844,0.46235714285714224,NOT_STRICTLY_CLOSER_THAN_CONTROL,H1_SOURCE_SWING_BUFFERED_ELSE_CONTROL,False,7f3c953d3af485372f33a2316ad8726d63e9d4ef284ec6b40841a6334dfc631f,2023-03-13T21:00:00Z,1913.11,1880.92,ee0dca4c0a2e54ee21504172da52bdaf3d535b04ba3a16d8436c3dd44be084ca
f45a2f66b5c81645b6e25c87bcbb591d06c18fbcd8d6eb07dfa306aa4f3ee917,1910.91,2023-03-14T04:05:00Z,fc5db2d8ecf2605d4f28a220d9c87d294f00efc0b2d97af236badd0d872fcd2f,2023-03-14T04:05:00Z,1910.3,1914.6,2023-04-01T00:00:00Z,2023-03-14T04:00:00Z,0.0,SHORT,1.0,-50.0,CONTROL_V2_FILLED_STOP,2023-03-14T04:05:00Z,CONTROL_NEXT_M1_OPEN,1910.3,True,28d29d20612caf0b2c5b4c1302f7feddbebe3dfb7a71cec27664a1e752bd1881,1.4372093023256114,5.720930232558179,2023_03,-1.0,-1.0,STOP,2023-03-15T14:31:00Z,STOP,20086ee74f83f7132e96f28d6b194043411fd00a8717333aa6139d45ea507c05,2023-03-15T14:31:00Z,FIRST_RETEST_FILLED,2023-03-14T04:20:00Z,2023-03-14T04:07:00Z,1910.91,True,False,INITIAL_CONFIRMATION_STOP,1afb24a1066f6ca893a35998f151a019d3bf73058c46f66f86bff861a4a266ff,dcbf56fdb49879d42c1877cb9e84681ec75d52e4f50d0a2c3acc4e3bdcdadef4,1914.6,,,,CONTROL_V2_FILLED_STOP,False,,2023-03-14T04:05:00Z,1914.6,1880.92,9c9bf67c30737414ede5d137af31ebacdd4d86397b9fbd3af44508083765b0ed
f45a2f66b5c81645b6e25c87bcbb591d06c18fbcd8d6eb07dfa306aa4f3ee917,1910.91,2023-03-14T04:05:00Z,fc5db2d8ecf2605d4f28a220d9c87d294f00efc0b2d97af236badd0d872fcd2f,2023-03-14T04:05:00Z,1910.3,1914.6,2023-04-01T00:00:00Z,2023-03-14T04:00:00Z,0.0,SHORT,0.8971179401993595,-50.0,M5_LATEST_CONFIRMED_OPPOSING_SWING_ELSE_CONTROL,2023-03-14T04:05:00Z,CONTROL_NEXT_M1_OPEN,1910.3,True,401a9121de5c456915e0ed0c764849672d298b38e88fc6129fc93badddedcf01,1.602029385351754,6.377010174701067,2023_03,-1.0,-1.0,STOP,2023-03-15T14:31:00Z,STOP,5101637b9e85b83d14cc357d145f2fd4ea16c6e4d5d36e8b3b2ea1e180d0eaab,2023-03-15T14:31:00Z,FIRST_RETEST_FILLED,2023-03-14T04:20:00Z,2023-03-14T04:07:00Z,1910.91,True,False,INITIAL_CONFIRMATION_STOP,907ec05b2c6611c9f4aa37ed67a29a0d9b37e030c4a35d92252c927cdd10fee4,dcbf56fdb49879d42c1877cb9e84681ec75d52e4f50d0a2c3acc4e3bdcdadef4,1914.1576071428572,1.152142857142865,0.057607142857143245,,M5_LATEST_CONFIRMED_OPPOSING_SWING_ELSE_CONTROL,True,a35da8833bec97181845cf387c3f099dc4e8e10e850269765f91b45ba818d091,2023-03-14T04:05:00Z,1914.1,1880.92,9c9bf67c30737414ede5d137af31ebacdd4d86397b9fbd3af44508083765b0ed
f45a2f66b5c81645b6e25c87bcbb591d06c18fbcd8d6eb07dfa306aa4f3ee917,1910.91,2023-03-14T04:05:00Z,fc5db2d8ecf2605d4f28a220d9c87d294f00efc0b2d97af236badd0d872fcd2f,2023-03-14T04:05:00Z,1910.3,1914.6,2023-04-01T00:00:00Z,2023-03-14T04:00:00Z,0.0,SHORT,0.5221013289036515,-50.0,M15_LATEST_CONFIRMED_OPPOSING_SWING_ELSE_CONTROL,2023-03-14T04:05:00Z,CONTROL_NEXT_M1_OPEN,1910.3,True,e5d1ee279676a7c856422afe06faee2df9fcabca79267c8f563780e1ccbe05b9,1.4387298961200425,3.9108509250569234,2023_03,-1.0,-1.0,STOP,2023-03-15T14:31:00Z,STOP,b405e9d8b8805e876995d890f824bc28a487297b0dc7844c40ef924161ff30e2,2023-03-14T09:17:00Z,FIRST_RETEST_FILLED,2023-03-14T04:20:00Z,2023-03-14T04:07:00Z,1910.91,True,False,INITIAL_CONFIRMATION_STOP,785df56fdd5ffcea1a072667aee766aca57efd1bc21aa53571fdafd8ef5cc1be,dcbf56fdb49879d42c1877cb9e84681ec75d52e4f50d0a2c3acc4e3bdcdadef4,1912.5450357142856,1.500714285714285,0.07503571428571426,,M15_LATEST_CONFIRMED_OPPOSING_SWING_ELSE_CONTROL,True,5a655102bc062026c401851f9f9eec5db6ded0f73399d1696295271da9350ba1,2023-03-14T03:30:00Z,1912.47,1880.92,9c9bf67c30737414ede5d137af31ebacdd4d86397b9fbd3af44508083765b0ed
f45a2f66b5c81645b6e25c87bcbb591d06c18fbcd8d6eb07dfa306aa4f3ee917,1910.91,2023-03-14T04:05:00Z,fc5db2d8ecf2605d4f28a220d9c87d294f00efc0b2d97af236badd0d872fcd2f,2023-03-14T04:05:00Z,1910.3,1914.6,2023-04-01T00:00:00Z,2023-03-14T04:00:00Z,0.0,SHORT,1.0,-50.0,CONTROL_V2_FILLED_STOP,2023-03-14T04:05:00Z,CONTROL_NEXT_M1_OPEN,1910.3,True,b983c3febe15820a196c57538c98c912bc4dddefc92e61e24ce3c559f35f2fe2,1.4372093023256114,5.720930232558179,2023_03,-1.0,-1.0,STOP,2023-03-15T14:31:00Z,STOP,e1828304f2296432e8c1a8ccacffeb3e537dfa77b35667728c5a17d5210d9d6e,2023-03-15T14:31:00Z,FIRST_RETEST_FILLED,2023-03-14T04:20:00Z,2023-03-14T04:07:00Z,1910.91,True,False,INITIAL_CONFIRMATION_STOP,5a2327d763aef19e7171597c8228d1d45e078902df1216c0b11d93e6d6ea4d72,dcbf56fdb49879d42c1877cb9e84681ec75d52e4f50d0a2c3acc4e3bdcdadef4,1914.6,8.985714285714266,0.44928571428571334,NOT_STRICTLY_CLOSER_THAN_CONTROL,H1_SOURCE_SWING_BUFFERED_ELSE_CONTROL,False,dcbf56fdb49879d42c1877cb9e84681ec75d52e4f50d0a2c3acc4e3bdcdadef4,2023-03-14T04:00:00Z,1914.6,1880.92,9c9bf67c30737414ede5d137af31ebacdd4d86397b9fbd3af44508083765b0ed
f45a2f66b5c81645b6e25c87bcbb591d06c18fbcd8d6eb07dfa306aa4f3ee917,1910.91,2023-03-14T04:05:00Z,fc5db2d8ecf2605d4f28a220d9c87d294f00efc0b2d97af236badd0d872fcd2f,2023-03-14T04:05:00Z,1910.3,1914.6,2023-04-01T00:00:00Z,2023-03-14T04:00:00Z,0.0,SHORT,1.0,-50.0,CONTROL_V2_FILLED_STOP,2023-03-14T04:07:00Z,M5_BROKEN_CONTROL_FIRST_RETEST,1910.91,True,28d29d20612caf0b2c5b4c1302f7feddbebe3dfb7a71cec27664a1e752bd1881,1.509485094851002,6.831978319783528,2023_03,-1.0,-1.0,STOP,2023-03-15T14:31:00Z,STOP,d98c2eb62fa7c0eaf0907f6353e9b0957b32ec00cc66cd9a59129feb4e43e98a,2023-03-15T14:31:00Z,FIRST_RETEST_FILLED,2023-03-14T04:20:00Z,2023-03-14T04:07:00Z,1910.91,True,True,INITIAL_CONFIRMATION_STOP,1d929563eed7eb687ed84c8275802eb3dae6e8787f051597eb4959189d87d392,dcbf56fdb49879d42c1877cb9e84681ec75d52e4f50d0a2c3acc4e3bdcdadef4,1914.6,,,,CONTROL_V2_FILLED_STOP,False,,2023-03-14T04:05:00Z,1914.6,1880.92,9c9bf67c30737414ede5d137af31ebacdd4d86397b9fbd3af44508083765b0ed
f45a2f66b5c81645b6e25c87bcbb591d06c18fbcd8d6eb07dfa306aa4f3ee917,1910.91,2023-03-14T04:05:00Z,fc5db2d8ecf2605d4f28a220d9c87d294f00efc0b2d97af236badd0d872fcd2f,2023-03-14T04:05:00Z,1910.3,1914.6,2023-04-01T00:00:00Z,2023-03-14T04:00:00Z,0.0,SHORT,0.8971179401993595,-50.0,M5_LATEST_CONFIRMED_OPPOSING_SWING_ELSE_CONTROL,2023-03-14T04:07:00Z,M5_BROKEN_CONTROL_FIRST_RETEST,1910.91,True,401a9121de5c456915e0ed0c764849672d298b38e88fc6129fc93badddedcf01,1.7151089263523842,7.762638426094105,2023_03,-1.0,-1.0,STOP,2023-03-15T14:31:00Z,STOP,8434d68e541ffc755788cfb8bb43a0f7ac084b7f66eefe4c403d4b9cf013ab4b,2023-03-15T14:31:00Z,FIRST_RETEST_FILLED,2023-03-14T04:20:00Z,2023-03-14T04:07:00Z,1910.91,True,True,INITIAL_CONFIRMATION_STOP,f9e9d0845ab45e61b5521b742609128bafac7df0d150f76b2c225f79daad99e4,dcbf56fdb49879d42c1877cb9e84681ec75d52e4f50d0a2c3acc4e3bdcdadef4,1914.1576071428572,1.152142857142865,0.057607142857143245,,M5_LATEST_CONFIRMED_OPPOSING_SWING_ELSE_CONTROL,True,a35da8833bec97181845cf387c3f099dc4e8e10e850269765f91b45ba818d091,2023-03-14T04:05:00Z,1914.1,1880.92,9c9bf67c30737414ede5d137af31ebacdd4d86397b9fbd3af44508083765b0ed
f45a2f66b5c81645b6e25c87bcbb591d06c18fbcd8d6eb07dfa306aa4f3ee917,1910.91,2023-03-14T04:05:00Z,fc5db2d8ecf2605d4f28a220d9c87d294f00efc0b2d97af236badd0d872fcd2f,2023-03-14T04:05:00Z,1910.3,1914.6,2023-04-01T00:00:00Z,2023-03-14T04:00:00Z,0.0,SHORT,0.5221013289036515,-50.0,M15_LATEST_CONFIRMED_OPPOSING_SWING_ELSE_CONTROL,2023-03-14T04:07:00Z,M5_BROKEN_CONTROL_FIRST_RETEST,1910.91,True,e5d1ee279676a7c856422afe06faee2df9fcabca79267c8f563780e1ccbe05b9,1.6024114807453815,5.742993818396916,2023_03,-1.0,-1.0,STOP,2023-03-15T14:31:00Z,STOP,daf7d27afae40841d27fe9a3e3371f719f410f9569e5b0139b9c8d539dcc63d2,2023-03-14T09:17:00Z,FIRST_RETEST_FILLED,2023-03-14T04:20:00Z,2023-03-14T04:07:00Z,1910.91,True,True,INITIAL_CONFIRMATION_STOP,db436df4df12b1e062f8f395562a2608157e3339e49cd6aa757fc008d7bbdf44,dcbf56fdb49879d42c1877cb9e84681ec75d52e4f50d0a2c3acc4e3bdcdadef4,1912.5450357142856,1.500714285714285,0.07503571428571426,,M15_LATEST_CONFIRMED_OPPOSING_SWING_ELSE_CONTROL,True,5a655102bc062026c401851f9f9eec5db6ded0f73399d1696295271da9350ba1,2023-03-14T03:30:00Z,1912.47,1880.92,9c9bf67c30737414ede5d137af31ebacdd4d86397b9fbd3af44508083765b0ed
f45a2f66b5c81645b6e25c87bcbb591d06c18fbcd8d6eb07dfa306aa4f3ee917,1910.91,2023-03-14T04:05:00Z,fc5db2d8ecf2605d4f28a220d9c87d294f00efc0b2d97af236badd0d872fcd2f,2023-03-14T04:05:00Z,1910.3,1914.6,2023-04-01T00:00:00Z,2023-03-14T04:00:00Z,0.0,SHORT,1.0,-50.0,CONTROL_V2_FILLED_STOP,2023-03-14T04:07:00Z,M5_BROKEN_CONTROL_FIRST_RETEST,1910.91,True,b983c3febe15820a196c57538c98c912bc4dddefc92e61e24ce3c559f35f2fe2,1.509485094851002,6.831978319783528,2023_03,-1.0,-1.0,STOP,2023-03-15T14:31:00Z,STOP,cc9206f31aba15435dcc3b6427708c5d48bf510f8158718368687ba4f06ed37e,2023-03-15T14:31:00Z,FIRST_RETEST_FILLED,2023-03-14T04:20:00Z,2023-03-14T04:07:00Z,1910.91,True,True,INITIAL_CONFIRMATION_STOP,2cb8f8b6fb8435e313a8a69e5a5e03792a9e7d6f87f21875d41a0e5389049266,dcbf56fdb49879d42c1877cb9e84681ec75d52e4f50d0a2c3acc4e3bdcdadef4,1914.6,8.985714285714266,0.44928571428571334,NOT_STRICTLY_CLOSER_THAN_CONTROL,H1_SOURCE_SWING_BUFFERED_ELSE_CONTROL,False,dcbf56fdb49879d42c1877cb9e84681ec75d52e4f50d0a2c3acc4e3bdcdadef4,2023-03-14T04:00:00Z,1914.6,1880.92,9c9bf67c30737414ede5d137af31ebacdd4d86397b9fbd3af44508083765b0ed
f45a2f66b5c81645b6e25c87bcbb591d06c18fbcd8d6eb07dfa306aa4f3ee917,1910.91,2023-03-14T04:05:00Z,fc5db2d8ecf2605d4f28a220d9c87d294f00efc0b2d97af236badd0d872fcd2f,2023-03-14T04:05:00Z,1910.3,1914.6,2023-04-01T00:00:00Z,2023-03-14T04:00:00Z,0.0,SHORT,1.0,-50.0,CONTROL_V2_FILLED_STOP,2023-03-14T04:05:00Z,CONFIRMED_25_75_RETEST_SPLIT,1910.3,True,28d29d20612caf0b2c5b4c1302f7feddbebe3dfb7a71cec27664a1e752bd1881,1.4914161467196543,6.554216297977191,2023_03,-1.0,-1.0,STOP,2023-03-15T14:31:00Z,SPLIT_STOP_STOP,4903571f935d86ebba95b8d6249686be98d6e21c94faef5062d0e0210ca5e9bd,2023-03-15T14:31:00Z,FIRST_RETEST_FILLED,2023-03-14T04:20:00Z,2023-03-14T04:07:00Z,1910.91,True,True,INITIAL_CONFIRMATION_STOP,3a0bd6350d877192a207f2c66b356d890d29560176dbf48101863301f924f8cb,dcbf56fdb49879d42c1877cb9e84681ec75d52e4f50d0a2c3acc4e3bdcdadef4,1914.6,,,,CONTROL_V2_FILLED_STOP,False,,2023-03-14T04:05:00Z,1914.6,1880.92,9c9bf67c30737414ede5d137af31ebacdd4d86397b9fbd3af44508083765b0ed
f45a2f66b5c81645b6e25c87bcbb591d06c18fbcd8d6eb07dfa306aa4f3ee917,1910.91,2023-03-14T04:05:00Z,fc5db2d8ecf2605d4f28a220d9c87d294f00efc0b2d97af236badd0d872fcd2f,2023-03-14T04:05:00Z,1910.3,1914.6,2023-04-01T00:00:00Z,2023-03-14T04:00:00Z,0.0,SHORT,0.8971179401993595,-50.0,M5_LATEST_CONFIRMED_OPPOSING_SWING_ELSE_CONTROL,2023-03-14T04:05:00Z,CONFIRMED_25_75_RETEST_SPLIT,1910.3,True,401a9121de5c456915e0ed0c764849672d298b38e88fc6129fc93badddedcf01,1.6868390411022267,7.416231363245845,2023_03,-1.0,-1.0,STOP,2023-03-15T14:31:00Z,SPLIT_STOP_STOP,25be15dc381faa70e5d1be7c63d539d25db2d1b5e6d6cda14e9b86bd14e9b79b,2023-03-15T14:31:00Z,FIRST_RETEST_FILLED,2023-03-14T04:20:00Z,2023-03-14T04:07:00Z,1910.91,True,True,INITIAL_CONFIRMATION_STOP,85343108fcda7b6928f2461758479b1c1ebf0344c9acc8405a0f241ebb5dc80b,dcbf56fdb49879d42c1877cb9e84681ec75d52e4f50d0a2c3acc4e3bdcdadef4,1914.1576071428572,1.152142857142865,0.057607142857143245,,M5_LATEST_CONFIRMED_OPPOSING_SWING_ELSE_CONTROL,True,a35da8833bec97181845cf387c3f099dc4e8e10e850269765f91b45ba818d091,2023-03-14T04:05:00Z,1914.1,1880.92,9c9bf67c30737414ede5d137af31ebacdd4d86397b9fbd3af44508083765b0ed
f45a2f66b5c81645b6e25c87bcbb591d06c18fbcd8d6eb07dfa306aa4f3ee917,1910.91,2023-03-14T04:05:00Z,fc5db2d8ecf2605d4f28a220d9c87d294f00efc0b2d97af236badd0d872fcd2f,2023-03-14T04:05:00Z,1910.3,1914.6,2023-04-01T00:00:00Z,2023-03-14T04:00:00Z,0.0,SHORT,0.5221013289036515,-50.0,M15_LATEST_CONFIRMED_OPPOSING_SWING_ELSE_CONTROL,2023-03-14T04:05:00Z,CONFIRMED_25_75_RETEST_SPLIT,1910.3,True,e5d1ee279676a7c856422afe06faee2df9fcabca79267c8f563780e1ccbe05b9,1.5614910845890468,5.284958095061918,2023_03,-1.0,-1.0,STOP,2023-03-15T14:31:00Z,SPLIT_STOP_STOP,0797ca3aacd269c991f255ea670c183056aa513d43e64a9ebb8ae8f850c995c0,2023-03-14T09:17:00Z,FIRST_RETEST_FILLED,2023-03-14T04:20:00Z,2023-03-14T04:07:00Z,1910.91,True,True,INITIAL_CONFIRMATION_STOP,3e02b3fce7596da9499d04d9ca6ff051ab3a410f789e3c83aa84bc28718d5fe6,dcbf56fdb49879d42c1877cb9e84681ec75d52e4f50d0a2c3acc4e3bdcdadef4,1912.5450357142856,1.500714285714285,0.07503571428571426,,M15_LATEST_CONFIRMED_OPPOSING_SWING_ELSE_CONTROL,True,5a655102bc062026c401851f9f9eec5db6ded0f73399d1696295271da9350ba1,2023-03-14T03:30:00Z,1912.47,1880.92,9c9bf67c30737414ede5d137af31ebacdd4d86397b9fbd3af44508083765b0ed
f45a2f66b5c81645b6e25c87bcbb591d06c18fbcd8d6eb07dfa306aa4f3ee917,1910.91,2023-03-14T04:05:00Z,fc5db2d8ecf2605d4f28a220d9c87d294f00efc0b2d97af236badd0d872fcd2f,2023-03-14T04:05:00Z,1910.3,1914.6,2023-04-01T00:00:00Z,2023-03-14T04:00:00Z,0.0,SHORT,1.0,-50.0,CONTROL_V2_FILLED_STOP,2023-03-14T04:05:00Z,CONFIRMED_25_75_RETEST_SPLIT,1910.3,True,b983c3febe15820a196c57538c98c912bc4dddefc92e61e24ce3c559f35f2fe2,1.4914161467196543,6.554216297977191,2023_03,-1.0,-1.0,STOP,2023-03-15T14:31:00Z,SPLIT_STOP_STOP,0880835233a92dfa3fb3302c3260f31151bd9f9a2919b80fc2630b3cb63074e3,2023-03-15T14:31:00Z,FIRST_RETEST_FILLED,2023-03-14T04:20:00Z,2023-03-14T04:07:00Z,1910.91,True,True,INITIAL_CONFIRMATION_STOP,ce2f49d3e43aa45cb35a11a7630f4719ef9cba376ebce3fdfe2ccaf28388145b,dcbf56fdb49879d42c1877cb9e84681ec75d52e4f50d0a2c3acc4e3bdcdadef4,1914.6,8.985714285714266,0.44928571428571334,NOT_STRICTLY_CLOSER_THAN_CONTROL,H1_SOURCE_SWING_BUFFERED_ELSE_CONTROL,False,dcbf56fdb49879d42c1877cb9e84681ec75d52e4f50d0a2c3acc4e3bdcdadef4,2023-03-14T04:00:00Z,1914.6,1880.92,9c9bf67c30737414ede5d137af31ebacdd4d86397b9fbd3af44508083765b0ed
c8bd9a40ecb8182ab99f7eef21c64dcf12f72a3a781b9610099df7f57f3b3b65,1904.6,2023-03-14T15:05:00Z,8c84dac355e05473b74c900505c5b221f29590d713ce4ff14d5ab1e9df119b4e,2023-03-14T15:05:00Z,1906.54,1900.81,2023-04-01T00:00:00Z,2023-03-14T14:00:00Z,0.0,LONG,1.0,-50.0,CONTROL_V2_FILLED_STOP,2023-03-14T15:05:00Z,CONTROL_NEXT_M1_OPEN,1906.54,True,4d414fd407455c8f48a5ecae47016d4525b6069394986cfb55fc0314528d0460,1.0610820244327936,0.5811518324607184,2023_03,-1.0,-1.0,STOP,2023-03-14T15:30:00Z,STOP,098dfb0b05f7c90fa252e64b3c4a10c17c79ac257cadb7efe4daed93a07fdabd,2023-03-14T15:30:00Z,RETEST_EXPIRED,2023-03-14T15:20:00Z,,1904.6,False,False,INITIAL_CONFIRMATION_STOP,26a167cc6a259ec812b26776bdb09e3b0af1fd39cb1579de7786dd115271ed17,2b049f534e6285fabb2300dc776aabf862ab713a95db23d137d49df79636988e,1900.81,,,,CONTROL_V2_FILLED_STOP,False,,2023-03-14T15:05:00Z,1900.81,1913.53,9eed67d78ea0890cc9be748a0a0c4e921d7bec3469fa5a3782c60e36f4fdbf63
c8bd9a40ecb8182ab99f7eef21c64dcf12f72a3a781b9610099df7f57f3b3b65,1904.6,2023-03-14T15:05:00Z,8c84dac355e05473b74c900505c5b221f29590d713ce4ff14d5ab1e9df119b4e,2023-03-14T15:05:00Z,1906.54,1900.81,2023-04-01T00:00:00Z,2023-03-14T14:00:00Z,0.0,LONG,0.6179070057342385,-50.0,M5_LATEST_CONFIRMED_OPPOSING_SWING_ELSE_CONTROL,2023-03-14T15:05:00Z,CONTROL_NEXT_M1_OPEN,1906.54,True,77a86d95f562a04fd83ea378b3e4bb353bab131f4db6786fd9538362ebf7e753,1.7172196051927668,0.940516658765108,2023_03,-1.0,-1.0,STOP,2023-03-14T15:30:00Z,STOP,4b90a353fc16c31c83c48e53c04cd63f77a15e438d8b2af4815c3b02857baa5d,2023-03-14T15:30:00Z,RETEST_EXPIRED,2023-03-14T15:20:00Z,,1904.6,False,False,INITIAL_CONFIRMATION_STOP,2676d7f4169e8b814dd34fde85374af5bd6123a98910654350352df7599daab0,2b049f534e6285fabb2300dc776aabf862ab713a95db23d137d49df79636988e,1902.9993928571428,1.2121428571428592,0.060607142857142964,,M5_LATEST_CONFIRMED_OPPOSING_SWING_ELSE_CONTROL,True,5b905859eddd35085c4df894a6aa6d20e4061100434d50eea10a8b2bd11183cc,2023-03-14T14:50:00Z,1903.06,1913.53,9eed67d78ea0890cc9be748a0a0c4e921d7bec3469fa5a3782c60e36f4fdbf63
c8bd9a40ecb8182ab99f7eef21c64dcf12f72a3a781b9610099df7f57f3b3b65,1904.6,2023-03-14T15:05:00Z,8c84dac355e05473b74c900505c5b221f29590d713ce4ff14d5ab1e9df119b4e,2023-03-14T15:05:00Z,1906.54,1900.81,2023-04-01T00:00:00Z,2023-03-14T14:00:00Z,0.0,LONG,1.0,-50.0,CONTROL_V2_FILLED_STOP,2023-03-14T15:05:00Z,CONTROL_NEXT_M1_OPEN,1906.54,True,c66bac091f43df4d1a94101a1dbca79dbb8153c115822e01aa9f25609e6273d2,1.0610820244327936,0.5811518324607184,2023_03,-1.0,-1.0,STOP,2023-03-14T15:30:00Z,STOP,63bfd960f11e19ff7d7524a1b2bf1ac3e10c67508932dc6c15419847ce6d5712,2023-03-14T15:30:00Z,RETEST_EXPIRED,2023-03-14T15:20:00Z,,1904.6,False,False,INITIAL_CONFIRMATION_STOP,c4dfbdec1c4042ca6c03eb676068d8c504fae2d17cad3ea1386f0a6582b847f7,2b049f534e6285fabb2300dc776aabf862ab713a95db23d137d49df79636988e,1900.81,2.524285714285741,0.12621428571428706,NOT_STRICTLY_CLOSER_THAN_CONTROL,M15_LATEST_CONFIRMED_OPPOSING_SWING_ELSE_CONTROL,False,0d945d06f4a6734222c7fc2f83b7f866928c2aeb12e538dc5ca23316ab30b450,2023-03-14T14:15:00Z,1900.9,1913.53,9eed67d78ea0890cc9be748a0a0c4e921d7bec3469fa5a3782c60e36f4fdbf63
c8bd9a40ecb8182ab99f7eef21c64dcf12f72a3a781b9610099df7f57f3b3b65,1904.6,2023-03-14T15:05:00Z,8c84dac355e05473b74c900505c5b221f29590d713ce4ff14d5ab1e9df119b4e,2023-03-14T15:05:00Z,1906.54,1900.81,2023-04-01T00:00:00Z,2023-03-14T14:00:00Z,0.0,LONG,1.0,-50.0,CONTROL_V2_FILLED_STOP,2023-03-14T15:05:00Z,CONTROL_NEXT_M1_OPEN,1906.54,True,8d8d460e23604b5b42bb92b17185166d0ca01b33714f04a1f49110f3a8a1f7da,1.0610820244327936,0.5811518324607184,2023_03,-1.0,-1.0,STOP,2023-03-14T15:30:00Z,STOP,a99141c19529049bda5543104431bfd9390cb946db5864f1d6ab7abc51b8efcf,2023-03-14T15:30:00Z,RETEST_EXPIRED,2023-03-14T15:20:00Z,,1904.6,False,False,INITIAL_CONFIRMATION_STOP,94e09192479684176404fa44ebaa7e9eceb5e60c2a704260d9e8d42a60861230,2b049f534e6285fabb2300dc776aabf862ab713a95db23d137d49df79636988e,1900.81,5.119999999999972,0.2559999999999986,NOT_STRICTLY_CLOSER_THAN_CONTROL,H1_SOURCE_SWING_BUFFERED_ELSE_CONTROL,False,2b049f534e6285fabb2300dc776aabf862ab713a95db23d137d49df79636988e,2023-03-14T14:00:00Z,1900.81,1913.53,9eed67d78ea0890cc9be748a0a0c4e921d7bec3469fa5a3782c60e36f4fdbf63
c8bd9a40ecb8182ab99f7eef21c64dcf12f72a3a781b9610099df7f57f3b3b65,1904.6,2023-03-14T15:05:00Z,8c84dac355e05473b74c900505c5b221f29590d713ce4ff14d5ab1e9df119b4e,2023-03-14T15:05:00Z,1906.54,1900.81,2023-04-01T00:00:00Z,2023-03-14T14:00:00Z,1.0,LONG,1.0,0.0,CONTROL_V2_FILLED_STOP,,M5_BROKEN_CONTROL_FIRST_RETEST,,False,4d414fd407455c8f48a5ecae47016d4525b6069394986cfb55fc0314528d0460,,,2023_03,0.0,-1.0,STOP,2023-03-14T15:30:00Z,NO_FILL,cde92f69393ef08c97aea410045382b3009f43d97a3a5067f7e71a52cfad203a,,RETEST_EXPIRED,2023-03-14T15:20:00Z,,1904.6,False,False,INITIAL_CONFIRMATION_STOP,5d855116f1c0714560776472dcb571916ade102d9725a847d0f316663dea29ea,2b049f534e6285fabb2300dc776aabf862ab713a95db23d137d49df79636988e,1900.81,,,,CONTROL_V2_FILLED_STOP,False,,2023-03-14T15:05:00Z,1900.81,1913.53,9eed67d78ea0890cc9be748a0a0c4e921d7bec3469fa5a3782c60e36f4fdbf63
c8bd9a40ecb8182ab99f7eef21c64dcf12f72a3a781b9610099df7f57f3b3b65,1904.6,2023-03-14T15:05:00Z,8c84dac355e05473b74c900505c5b221f29590d713ce4ff14d5ab1e9df119b4e,2023-03-14T15:05:00Z,1906.54,1900.81,2023-04-01T00:00:00Z,2023-03-14T14:00:00Z,1.0,LONG,0.6179070057342385,0.0,M5_LATEST_CONFIRMED_OPPOSING_SWING_ELSE_CONTROL,,M5_BROKEN_CONTROL_FIRST_RETEST,,False,77a86d95f562a04fd83ea378b3e4bb353bab131f4db6786fd9538362ebf7e753,,,2023_03,0.0,-1.0,STOP,2023-03-14T15:30:00Z,NO_FILL,5cce00722e2048cd49070f287e3ba031aa18f57f24384589c50b2dbc116d8321,,RETEST_EXPIRED,2023-03-14T15:20:00Z,,1904.6,False,False,INITIAL_CONFIRMATION_STOP,99099eba766e62198e41e30dbfc71c3bd084c8ff6aabbf1de3353c73d26e020a,2b049f534e6285fabb2300dc776aabf862ab713a95db23d137d49df79636988e,1902.9993928571428,1.2121428571428592,0.060607142857142964,,M5_LATEST_CONFIRMED_OPPOSING_SWING_ELSE_CONTROL,True,5b905859eddd35085c4df894a6aa6d20e4061100434d50eea10a8b2bd11183cc,2023-03-14T14:50:00Z,1903.06,1913.53,9eed67d78ea0890cc9be748a0a0c4e921d7bec3469fa5a3782c60e36f4fdbf63
c8bd9a40ecb8182ab99f7eef21c64dcf12f72a3a781b9610099df7f57f3b3b65,1904.6,2023-03-14T15:05:00Z,8c84dac355e05473b74c900505c5b221f29590d713ce4ff14d5ab1e9df119b4e,2023-03-14T15:05:00Z,1906.54,1900.81,2023-04-01T00:00:00Z,2023-03-14T14:00:00Z,1.0,LONG,1.0,0.0,CONTROL_V2_FILLED_STOP,,M5_BROKEN_CONTROL_FIRST_RETEST,,False,c66bac091f43df4d1a94101a1dbca79dbb8153c115822e01aa9f25609e6273d2,,,2023_03,0.0,-1.0,STOP,2023-03-14T15:30:00Z,NO_FILL,86e97ddefafa1088e5d27457bf77097adc1f6bae31342c5a9b95b3a1c274570b,,RETEST_EXPIRED,2023-03-14T15:20:00Z,,1904.6,False,False,INITIAL_CONFIRMATION_STOP,dd92c5351d7d8ba7398636d27196f414e88ebe718ba5ac02aeed5bbe8c89fd53,2b049f534e6285fabb2300dc776aabf862ab713a95db23d137d49df79636988e,1900.81,2.524285714285741,0.12621428571428706,NOT_STRICTLY_CLOSER_THAN_CONTROL,M15_LATEST_CONFIRMED_OPPOSING_SWING_ELSE_CONTROL,False,0d945d06f4a6734222c7fc2f83b7f866928c2aeb12e538dc5ca23316ab30b450,2023-03-14T14:15:00Z,1900.9,1913.53,9eed67d78ea0890cc9be748a0a0c4e921d7bec3469fa5a3782c60e36f4fdbf63
c8bd9a40ecb8182ab99f7eef21c64dcf12f72a3a781b9610099df7f57f3b3b65,1904.6,2023-03-14T15:05:00Z,8c84dac355e05473b74c900505c5b221f29590d713ce4ff14d5ab1e9df119b4e,2023-03-14T15:05:00Z,1906.54,1900.81,2023-04-01T00:00:00Z,2023-03-14T14:00:00Z,1.0,LONG,1.0,0.0,CONTROL_V2_FILLED_STOP,,M5_BROKEN_CONTROL_FIRST_RETEST,,False,8d8d460e23604b5b42bb92b17185166d0ca01b33714f04a1f49110f3a8a1f7da,,,2023_03,0.0,-1.0,STOP,2023-03-14T15:30:00Z,NO_FILL,49c0b89fb3409245bb6ebfe996c2fdd9f5b0590170cde2f2db7fc543812986b5,,RETEST_EXPIRED,2023-03-14T15:20:00Z,,1904.6,False,False,INITIAL_CONFIRMATION_STOP,18db0cec58d94057b0d49131d646a770008d323e3e1aa9edbdf34025fa1203ef,2b049f534e6285fabb2300dc776aabf862ab713a95db23d137d49df79636988e,1900.81,5.119999999999972,0.2559999999999986,NOT_STRICTLY_CLOSER_THAN_CONTROL,H1_SOURCE_SWING_BUFFERED_ELSE_CONTROL,False,2b049f534e6285fabb2300dc776aabf862ab713a95db23d137d49df79636988e,2023-03-14T14:00:00Z,1900.81,1913.53,9eed67d78ea0890cc9be748a0a0c4e921d7bec3469fa5a3782c60e36f4fdbf63
c8bd9a40ecb8182ab99f7eef21c64dcf12f72a3a781b9610099df7f57f3b3b65,1904.6,2023-03-14T15:05:00Z,8c84dac355e05473b74c900505c5b221f29590d713ce4ff14d5ab1e9df119b4e,2023-03-14T15:05:00Z,1906.54,1900.81,2023-04-01T00:00:00Z,2023-03-14T14:00:00Z,0.75,LONG,1.0,-12.5,CONTROL_V2_FILLED_STOP,2023-03-14T15:05:00Z,CONFIRMED_25_75_RETEST_SPLIT,1906.54,True,4d414fd407455c8f48a5ecae47016d4525b6069394986cfb55fc0314528d0460,0.2652705061081984,0.1452879581151796,2023_03,-0.25,-1.0,STOP,2023-03-14T15:30:00Z,SPLIT_CONTROL_STOP_NO_RETEST,cfdde84fca48f0b6dfc3cb92efd12eb0cd18ff3609b6432dccd5bb3f417b368a,2023-03-14T15:30:00Z,RETEST_EXPIRED,2023-03-14T15:20:00Z,,1904.6,False,False,INITIAL_CONFIRMATION_STOP,f18f0c4714672f7d828ffe5eb594d78be0ab909f374a46b0958df9391733b848,2b049f534e6285fabb2300dc776aabf862ab713a95db23d137d49df79636988e,1900.81,,,,CONTROL_V2_FILLED_STOP,False,,2023-03-14T15:05:00Z,1900.81,1913.53,9eed67d78ea0890cc9be748a0a0c4e921d7bec3469fa5a3782c60e36f4fdbf63
c8bd9a40ecb8182ab99f7eef21c64dcf12f72a3a781b9610099df7f57f3b3b65,1904.6,2023-03-14T15:05:00Z,8c84dac355e05473b74c900505c5b221f29590d713ce4ff14d5ab1e9df119b4e,2023-03-14T15:05:00Z,1906.54,1900.81,2023-04-01T00:00:00Z,2023-03-14T14:00:00Z,0.75,LONG,0.6179070057342385,-12.5,M5_LATEST_CONFIRMED_OPPOSING_SWING_ELSE_CONTROL,2023-03-14T15:05:00Z,CONFIRMED_25_75_RETEST_SPLIT,1906.54,True,77a86d95f562a04fd83ea378b3e4bb353bab131f4db6786fd9538362ebf7e753,0.4293049012981917,0.235129164691277,2023_03,-0.25,-1.0,STOP,2023-03-14T15:30:00Z,SPLIT_CONTROL_STOP_NO_RETEST,e80970da4b599a2095b36be2528f184c19405343c0dd4c5d51a959ecc65c0b42,2023-03-14T15:30:00Z,RETEST_EXPIRED,2023-03-14T15:20:00Z,,1904.6,False,False,INITIAL_CONFIRMATION_STOP,757482a474dbb88d5d7d8c6060b8b36840289299f4b450afe96fd2de36d520db,2b049f534e6285fabb2300dc776aabf862ab713a95db23d137d49df79636988e,1902.9993928571428,1.2121428571428592,0.060607142857142964,,M5_LATEST_CONFIRMED_OPPOSING_SWING_ELSE_CONTROL,True,5b905859eddd35085c4df894a6aa6d20e4061100434d50eea10a8b2bd11183cc,2023-03-14T14:50:00Z,1903.06,1913.53,9eed67d78ea0890cc9be748a0a0c4e921d7bec3469fa5a3782c60e36f4fdbf63
c8bd9a40ecb8182ab99f7eef21c64dcf12f72a3a781b9610099df7f57f3b3b65,1904.6,2023-03-14T15:05:00Z,8c84dac355e05473b74c900505c5b221f29590d713ce4ff14d5ab1e9df119b4e,2023-03-14T15:05:00Z,1906.54,1900.81,2023-04-01T00:00:00Z,2023-03-14T14:00:00Z,0.75,LONG,1.0,-12.5,CONTROL_V2_FILLED_STOP,2023-03-14T15:05:00Z,CONFIRMED_25_75_RETEST_SPLIT,1906.54,True,c66bac091f43df4d1a94101a1dbca79dbb8153c115822e01aa9f25609e6273d2,0.2652705061081984,0.1452879581151796,2023_03,-0.25,-1.0,STOP,2023-03-14T15:30:00Z,SPLIT_CONTROL_STOP_NO_RETEST,a5ff44d4bf442a862baec39a326483175e9842cca119797ed1c1315a2eb942c2,2023-03-14T15:30:00Z,RETEST_EXPIRED,2023-03-14T15:20:00Z,,1904.6,False,False,INITIAL_CONFIRMATION_STOP,8d4ecb3a4bfbabf7129f8e87e52b73d6a1d9ea4dc6950a0ff6300f5033a1150a,2b049f534e6285fabb2300dc776aabf862ab713a95db23d137d49df79636988e,1900.81,2.524285714285741,0.12621428571428706,NOT_STRICTLY_CLOSER_THAN_CONTROL,M15_LATEST_CONFIRMED_OPPOSING_SWING_ELSE_CONTROL,False,0d945d06f4a6734222c7fc2f83b7f866928c2aeb12e538dc5ca23316ab30b450,2023-03-14T14:15:00Z,1900.9,1913.53,9eed67d78ea0890cc9be748a0a0c4e921d7bec3469fa5a3782c60e36f4fdbf63
c8bd9a40ecb8182ab99f7eef21c64dcf12f72a3a781b9610099df7f57f3b3b65,1904.6,2023-03-14T15:05:00Z,8c84dac355e05473b74c900505c5b221f29590d713ce4ff14d5ab1e9df119b4e,2023-03-14T15:05:00Z,1906.54,1900.81,2023-04-01T00:00:00Z,2023-03-14T14:00:00Z,0.75,LONG,1.0,-12.5,CONTROL_V2_FILLED_STOP,2023-03-14T15:05:00Z,CONFIRMED_25_75_RETEST_SPLIT,1906.54,True,8d8d460e23604b5b42bb92b17185166d0ca01b33714f04a1f49110f3a8a1f7da,0.2652705061081984,0.1452879581151796,2023_03,-0.25,-1.0,STOP,2023-03-14T15:30:00Z,SPLIT_CONTROL_STOP_NO_RETEST,dfb5e278f03b740af71b82b658dc35ed31fddfdc0ef8ea240c60fff7bfbf3a1b,2023-03-14T15:30:00Z,RETEST_EXPIRED,2023-03-14T15:20:00Z,,1904.6,False,False,INITIAL_CONFIRMATION_STOP,c9dc7fd0df6a1c1279345532593d684e7e692783e122bb3b6095ab3647655303,2b049f534e6285fabb2300dc776aabf862ab713a95db23d137d49df79636988e,1900.81,5.119999999999972,0.2559999999999986,NOT_STRICTLY_CLOSER_THAN_CONTROL,H1_SOURCE_SWING_BUFFERED_ELSE_CONTROL,False,2b049f534e6285fabb2300dc776aabf862ab713a95db23d137d49df79636988e,2023-03-14T14:00:00Z,1900.81,1913.53,9eed67d78ea0890cc9be748a0a0c4e921d7bec3469fa5a3782c60e36f4fdbf63
eee3d8b82e6721d9a5389b7700f66d097119ee2403a0dfd37917e1592e1ecbb5,1908.78,2023-03-14T20:05:00Z,949101f7a394dd378a8ec5e921c178634cf3e1a7952f6e2825b0a27f7c01f6fe,2023-03-14T20:05:00Z,1908.96,1895.43,2023-04-01T00:00:00Z,2023-03-14T19:00:00Z,0.0,LONG,1.0,-50.0,CONTROL_V2_FILLED_STOP,2023-03-14T20:05:00Z,CONTROL_NEXT_M1_OPEN,1908.96,True,7992d3eee91c623e97facacd6cdc31ae54c6e3af074f188f0cf4a75317d56623,1.0561714708056167,0.08795269770879947,2023_03,-1.0,-1.0,STOP,2023-03-15T11:01:00Z,STOP,9a24e75e23bcfeaf6b9f2820911d7a7baf24753701ff969d7c0d499ef3f1b978,2023-03-15T11:01:00Z,FIRST_RETEST_FILLED,2023-03-14T20:20:00Z,2023-03-14T20:05:00Z,1908.78,True,False,INITIAL_CONFIRMATION_STOP,67e16ecc63e2e0fa885e0c9797ee1f49e2bdaeb6c3a1e2e5b6ceba58c02ef2cf,ef5be80f5817698c87ad8f13ef4f30d2a8c394430a6c425d15c501b90894d882,1895.43,,,,CONTROL_V2_FILLED_STOP,False,,2023-03-14T20:05:00Z,1895.43,1911.91,82cf6f78f49c1ef193db66371aae81e03df7345e09598436bb3d30d1c125c723
eee3d8b82e6721d9a5389b7700f66d097119ee2403a0dfd37917e1592e1ecbb5,1908.78,2023-03-14T20:05:00Z,949101f7a394dd378a8ec5e921c178634cf3e1a7952f6e2825b0a27f7c01f6fe,2023-03-14T20:05:00Z,1908.96,1895.43,2023-04-01T00:00:00Z,2023-03-14T19:00:00Z,0.0,LONG,0.500385386970751,-50.0,M5_LATEST_CONFIRMED_OPPOSING_SWING_ELSE_CONTROL,2023-03-14T20:05:00Z,CONTROL_NEXT_M1_OPEN,1908.96,True,bba750d0b0450b18d81cda8401548b00d09040d4e8b6df115201894ae4eaf854,1.0383718599326903,0.17576991654622517,2023_03,-1.0,-1.0,STOP,2023-03-15T11:01:00Z,STOP,d4fa63d52bf0e43d654babf477be023d025ea5e24d6a86014752d327f7323826,2023-03-15T03:00:00Z,FIRST_RETEST_FILLED,2023-03-14T20:20:00Z,2023-03-14T20:05:00Z,1908.78,True,False,INITIAL_CONFIRMATION_STOP,c643ea94e6d627622ff5cf070078a3c8b9a40a6d2129788dc7383ea8b5eaa5ae,ef5be80f5817698c87ad8f13ef4f30d2a8c394430a6c425d15c501b90894d882,1902.1897857142858,1.4042857142857526,0.07021428571428763,,M5_LATEST_CONFIRMED_OPPOSING_SWING_ELSE_CONTROL,True,fe6e1c337919045055e47772750058f29039c694d39141c3d19452f80f1a1f79,2023-03-14T19:40:00Z,1902.26,1911.91,82cf6f78f49c1ef193db66371aae81e03df7345e09598436bb3d30d1c125c723
eee3d8b82e6721d9a5389b7700f66d097119ee2403a0dfd37917e1592e1ecbb5,1908.78,2023-03-14T20:05:00Z,949101f7a394dd378a8ec5e921c178634cf3e1a7952f6e2825b0a27f7c01f6fe,2023-03-14T20:05:00Z,1908.96,1895.43,2023-04-01T00:00:00Z,2023-03-14T19:00:00Z,0.0,LONG,0.5099646288670657,-50.0,M15_LATEST_CONFIRMED_OPPOSING_SWING_ELSE_CONTROL,2023-03-14T20:05:00Z,CONTROL_NEXT_M1_OPEN,1908.96,True,cb9ab4ffceb4b12e731944aa822ecb273894f6b86ec04ebbad2098473048586d,1.0188669479023809,0.1724682315795012,2023_03,-1.0,-1.0,STOP,2023-03-15T11:01:00Z,STOP,9af531525512717a8c0d3520cf4a407200f63422e2cc6bed101befa3782975ea,2023-03-15T03:00:00Z,FIRST_RETEST_FILLED,2023-03-14T20:20:00Z,2023-03-14T20:05:00Z,1908.78,True,False,INITIAL_CONFIRMATION_STOP,962d8bb599106a6110c994801ab1242f73e205227ff063dd30f8f6fd7a5d331d,ef5be80f5817698c87ad8f13ef4f30d2a8c394430a6c425d15c501b90894d882,1902.0601785714287,3.9964285714285745,0.19982142857142873,,M15_LATEST_CONFIRMED_OPPOSING_SWING_ELSE_CONTROL,True,dbc4fd3a9d58c240449b5ba15a9f656ecd7a8f74f7d7f7e95ab8ea8c0cafcbd1,2023-03-14T20:00:00Z,1902.26,1911.91,82cf6f78f49c1ef193db66371aae81e03df7345e09598436bb3d30d1c125c723
eee3d8b82e6721d9a5389b7700f66d097119ee2403a0dfd37917e1592e1ecbb5,1908.78,2023-03-14T20:05:00Z,949101f7a394dd378a8ec5e921c178634cf3e1a7952f6e2825b0a27f7c01f6fe,2023-03-14T20:05:00Z,1908.96,1895.43,2023-04-01T00:00:00Z,2023-03-14T19:00:00Z,0.0,LONG,1.0,-50.0,CONTROL_V2_FILLED_STOP,2023-03-14T20:05:00Z,CONTROL_NEXT_M1_OPEN,1908.96,True,04a569431af455738e2619e48db2c9da12e5953c4cbc46015be5a1bbd24baad1,1.0561714708056167,0.08795269770879947,2023_03,-1.0,-1.0,STOP,2023-03-15T11:01:00Z,STOP,a60c64b84162ee0ef355506c669d320621ff8a1d236b64889a5c7a4ad2a348f2,2023-03-15T11:01:00Z,FIRST_RETEST_FILLED,2023-03-14T20:20:00Z,2023-03-14T20:05:00Z,1908.78,True,False,INITIAL_CONFIRMATION_STOP,bae21447383fb901c4121601bf5428ecae48a2b4dcbff0539064512c7a693702,ef5be80f5817698c87ad8f13ef4f30d2a8c394430a6c425d15c501b90894d882,1895.43,6.616428571428563,0.33082142857142816,NOT_STRICTLY_CLOSER_THAN_CONTROL,H1_SOURCE_SWING_BUFFERED_ELSE_CONTROL,False,ef5be80f5817698c87ad8f13ef4f30d2a8c394430a6c425d15c501b90894d882,2023-03-14T19:00:00Z,1895.43,1911.91,82cf6f78f49c1ef193db66371aae81e03df7345e09598436bb3d30d1c125c723
eee3d8b82e6721d9a5389b7700f66d097119ee2403a0dfd37917e1592e1ecbb5,1908.78,2023-03-14T20:05:00Z,949101f7a394dd378a8ec5e921c178634cf3e1a7952f6e2825b0a27f7c01f6fe,2023-03-14T20:05:00Z,1908.96,1895.43,2023-04-01T00:00:00Z,2023-03-14T19:00:00Z,0.0,LONG,1.0,-50.0,CONTROL_V2_FILLED_STOP,2023-03-14T20:05:00Z,M5_BROKEN_CONTROL_FIRST_RETEST,1908.78,True,7992d3eee91c623e97facacd6cdc31ae54c6e3af074f188f0cf4a75317d56623,1.0569288389513105,0.1026217228464515,2023_03,-1.0,-1.0,STOP,2023-03-15T11:01:00Z,STOP,a92b2ec23e822be9a1437768db2650d3be0479b4b15eb181bc4f809d33a8f6e3,2023-03-15T11:01:00Z,FIRST_RETEST_FILLED,2023-03-14T20:20:00Z,2023-03-14T20:05:00Z,1908.78,True,True,INITIAL_CONFIRMATION_STOP,37d66b69c2272b91ed1cc4a0545a842f9e26ee780258721ab2fb73e320027b6f,ef5be80f5817698c87ad8f13ef4f30d2a8c394430a6c425d15c501b90894d882,1895.43,,,,CONTROL_V2_FILLED_STOP,False,,2023-03-14T20:05:00Z,1895.43,1911.91,82cf6f78f49c1ef193db66371aae81e03df7345e09598436bb3d30d1c125c723
eee3d8b82e6721d9a5389b7700f66d097119ee2403a0dfd37917e1592e1ecbb5,1908.78,2023-03-14T20:05:00Z,949101f7a394dd378a8ec5e921c178634cf3e1a7952f6e2825b0a27f7c01f6fe,2023-03-14T20:05:00Z,1908.96,1895.43,2023-04-01T00:00:00Z,2023-03-14T19:00:00Z,0.0,LONG,0.500385386970751,-50.0,M5_LATEST_CONFIRMED_OPPOSING_SWING_ELSE_CONTROL,2023-03-14T20:05:00Z,M5_BROKEN_CONTROL_FIRST_RETEST,1908.78,True,bba750d0b0450b18d81cda8401548b00d09040d4e8b6df115201894ae4eaf854,1.0394199191441882,0.20788398382885834,2023_03,-1.0,-1.0,STOP,2023-03-15T11:01:00Z,STOP,f78d2ce1897b91068cca4f811772d9609151d84ff910a93c0d42030abfde12dc,2023-03-15T03:00:00Z,FIRST_RETEST_FILLED,2023-03-14T20:20:00Z,2023-03-14T20:05:00Z,1908.78,True,True,INITIAL_CONFIRMATION_STOP,461cfa80444c0b8581eaddecd4ba77b49de38568568f3cdb91f09e4da680e562,ef5be80f5817698c87ad8f13ef4f30d2a8c394430a6c425d15c501b90894d882,1902.1897857142858,1.4042857142857526,0.07021428571428763,,M5_LATEST_CONFIRMED_OPPOSING_SWING_ELSE_CONTROL,True,fe6e1c337919045055e47772750058f29039c694d39141c3d19452f80f1a1f79,2023-03-14T19:40:00Z,1902.26,1911.91,82cf6f78f49c1ef193db66371aae81e03df7345e09598436bb3d30d1c125c723
eee3d8b82e6721d9a5389b7700f66d097119ee2403a0dfd37917e1592e1ecbb5,1908.78,2023-03-14T20:05:00Z,949101f7a394dd378a8ec5e921c178634cf3e1a7952f6e2825b0a27f7c01f6fe,2023-03-14T20:05:00Z,1908.96,1895.43,2023-04-01T00:00:00Z,2023-03-14T19:00:00Z,0.0,LONG,0.5099646288670657,-50.0,M15_LATEST_CONFIRMED_OPPOSING_SWING_ELSE_CONTROL,2023-03-14T20:05:00Z,M5_BROKEN_CONTROL_FIRST_RETEST,1908.78,True,cb9ab4ffceb4b12e731944aa822ecb273894f6b86ec04ebbad2098473048586d,1.0193723260078154,0.20387446520158337,2023_03,-1.0,-1.0,STOP,2023-03-15T11:01:00Z,STOP,f067c930cbf9994417f5a7d1a7c9522d582c10b706cafd5418f6cc9d1650df46,2023-03-15T03:00:00Z,FIRST_RETEST_FILLED,2023-03-14T20:20:00Z,2023-03-14T20:05:00Z,1908.78,True,True,INITIAL_CONFIRMATION_STOP,e193cbbdac02aa561c3d9ae710d5dbb361e0080bbd6f01bd08135713f1c58ac7,ef5be80f5817698c87ad8f13ef4f30d2a8c394430a6c425d15c501b90894d882,1902.0601785714287,3.9964285714285745,0.19982142857142873,,M15_LATEST_CONFIRMED_OPPOSING_SWING_ELSE_CONTROL,True,dbc4fd3a9d58c240449b5ba15a9f656ecd7a8f74f7d7f7e95ab8ea8c0cafcbd1,2023-03-14T20:00:00Z,1902.26,1911.91,82cf6f78f49c1ef193db66371aae81e03df7345e09598436bb3d30d1c125c723
eee3d8b82e6721d9a5389b7700f66d097119ee2403a0dfd37917e1592e1ecbb5,1908.78,2023-03-14T20:05:00Z,949101f7a394dd378a8ec5e921c178634cf3e1a7952f6e2825b0a27f7c01f6fe,2023-03-14T20:05:00Z,1908.96,1895.43,2023-04-01T00:00:00Z,2023-03-14T19:00:00Z,0.0,LONG,1.0,-50.0,CONTROL_V2_FILLED_STOP,2023-03-14T20:05:00Z,M5_BROKEN_CONTROL_FIRST_RETEST,1908.78,True,04a569431af455738e2619e48db2c9da12e5953c4cbc46015be5a1bbd24baad1,1.0569288389513105,0.1026217228464515,2023_03,-1.0,-1.0,STOP,2023-03-15T11:01:00Z,STOP,3849a9de3e6a6953246e91e1c25194d5b5d388f783be85f5578bcd0927e82509,2023-03-15T11:01:00Z,FIRST_RETEST_FILLED,2023-03-14T20:20:00Z,2023-03-14T20:05:00Z,1908.78,True,True,INITIAL_CONFIRMATION_STOP,220ab3825c43425f265beafc0e39237ed37e0f3d8b875634a7d5d8b904d7971c,ef5be80f5817698c87ad8f13ef4f30d2a8c394430a6c425d15c501b90894d882,1895.43,6.616428571428563,0.33082142857142816,NOT_STRICTLY_CLOSER_THAN_CONTROL,H1_SOURCE_SWING_BUFFERED_ELSE_CONTROL,False,ef5be80f5817698c87ad8f13ef4f30d2a8c394430a6c425d15c501b90894d882,2023-03-14T19:00:00Z,1895.43,1911.91,82cf6f78f49c1ef193db66371aae81e03df7345e09598436bb3d30d1c125c723
eee3d8b82e6721d9a5389b7700f66d097119ee2403a0dfd37917e1592e1ecbb5,1908.78,2023-03-14T20:05:00Z,949101f7a394dd378a8ec5e921c178634cf3e1a7952f6e2825b0a27f7c01f6fe,2023-03-14T20:05:00Z,1908.96,1895.43,2023-04-01T00:00:00Z,2023-03-14T19:00:00Z,0.0,LONG,1.0,-50.0,CONTROL_V2_FILLED_STOP,2023-03-14T20:05:00Z,CONFIRMED_25_75_RETEST_SPLIT,1908.96,True,7992d3eee91c623e97facacd6cdc31ae54c6e3af074f188f0cf4a75317d56623,1.056739496914887,0.0989544665620385,2023_03,-1.0,-1.0,STOP,2023-03-15T11:01:00Z,SPLIT_STOP_STOP,e67f1ade50bd0ec79b3b1ecbd356bf54be370f788f3b6889a96cec5e0d2ba23b,2023-03-15T11:01:00Z,FIRST_RETEST_FILLED,2023-03-14T20:20:00Z,2023-03-14T20:05:00Z,1908.78,True,True,INITIAL_CONFIRMATION_STOP,d0f8157f7fa92543b51dcf229df0f6b6948c9344e6e5c20181e1b078d19ae822,ef5be80f5817698c87ad8f13ef4f30d2a8c394430a6c425d15c501b90894d882,1895.43,,,,CONTROL_V2_FILLED_STOP,False,,2023-03-14T20:05:00Z,1895.43,1911.91,82cf6f78f49c1ef193db66371aae81e03df7345e09598436bb3d30d1c125c723
eee3d8b82e6721d9a5389b7700f66d097119ee2403a0dfd37917e1592e1ecbb5,1908.78,2023-03-14T20:05:00Z,949101f7a394dd378a8ec5e921c178634cf3e1a7952f6e2825b0a27f7c01f6fe,2023-03-14T20:05:00Z,1908.96,1895.43,2023-04-01T00:00:00Z,2023-03-14T19:00:00Z,0.0,LONG,0.500385386970751,-50.0,M5_LATEST_CONFIRMED_OPPOSING_SWING_ELSE_CONTROL,2023-03-14T20:05:00Z,CONFIRMED_25_75_RETEST_SPLIT,1908.96,True,bba750d0b0450b18d81cda8401548b00d09040d4e8b6df115201894ae4eaf854,1.0391579043413137,0.19985546700820006,2023_03,-1.0,-1.0,STOP,2023-03-15T11:01:00Z,SPLIT_STOP_STOP,1b5a5221bb3d8162634f8c6356f25ad009c8684f700e4ad19629aec2448ee659,2023-03-15T03:00:00Z,FIRST_RETEST_FILLED,2023-03-14T20:20:00Z,2023-03-14T20:05:00Z,1908.78,True,True,INITIAL_CONFIRMATION_STOP,d347b4b0510a76950695f8864b71e2eb2c1fd3e9911cdfb758e2b0bb9428a969,ef5be80f5817698c87ad8f13ef4f30d2a8c394430a6c425d15c501b90894d882,1902.1897857142858,1.4042857142857526,0.07021428571428763,,M5_LATEST_CONFIRMED_OPPOSING_SWING_ELSE_CONTROL,True,fe6e1c337919045055e47772750058f29039c694d39141c3d19452f80f1a1f79,2023-03-14T19:40:00Z,1902.26,1911.91,82cf6f78f49c1ef193db66371aae81e03df7345e09598436bb3d30d1c125c723
eee3d8b82e6721d9a5389b7700f66d097119ee2403a0dfd37917e1592e1ecbb5,1908.78,2023-03-14T20:05:00Z,949101f7a394dd378a8ec5e921c178634cf3e1a7952f6e2825b0a27f7c01f6fe,2023-03-14T20:05:00Z,1908.96,1895.43,2023-04-01T00:00:00Z,2023-03-14T19:00:00Z,0.0,LONG,0.5099646288670657,-50.0,M15_LATEST_CONFIRMED_OPPOSING_SWING_ELSE_CONTROL,2023-03-14T20:05:00Z,CONFIRMED_25_75_RETEST_SPLIT,1908.96,True,cb9ab4ffceb4b12e731944aa822ecb273894f6b86ec04ebbad2098473048586d,1.0192459814814567,0.19602290679606282,2023_03,-1.0,-1.0,STOP,2023-03-15T11:01:00Z,SPLIT_STOP_STOP,e6b8623df249b6c75de252feaa1e0ab139f656650808f9037a5de47b0c640498,2023-03-15T03:00:00Z,FIRST_RETEST_FILLED,2023-03-14T20:20:00Z,2023-03-14T20:05:00Z,1908.78,True,True,INITIAL_CONFIRMATION_STOP,0b036437276abc49297b6225e1b07cca936078d31e68dbaba1c9f88df4390319,ef5be80f5817698c87ad8f13ef4f30d2a8c394430a6c425d15c501b90894d882,1902.0601785714287,3.9964285714285745,0.19982142857142873,,M15_LATEST_CONFIRMED_OPPOSING_SWING_ELSE_CONTROL,True,dbc4fd3a9d58c240449b5ba15a9f656ecd7a8f74f7d7f7e95ab8ea8c0cafcbd1,2023-03-14T20:00:00Z,1902.26,1911.91,82cf6f78f49c1ef193db66371aae81e03df7345e09598436bb3d30d1c125c723
eee3d8b82e6721d9a5389b7700f66d097119ee2403a0dfd37917e1592e1ecbb5,1908.78,2023-03-14T20:05:00Z,949101f7a394dd378a8ec5e921c178634cf3e1a7952f6e2825b0a27f7c01f6fe,2023-03-14T20:05:00Z,1908.96,1895.43,2023-04-01T00:00:00Z,2023-03-14T19:00:00Z,0.0,LONG,1.0,-50.0,CONTROL_V2_FILLED_STOP,2023-03-14T20:05:00Z,CONFIRMED_25_75_RETEST_SPLIT,1908.96,True,04a569431af455738e2619e48db2c9da12e5953c4cbc46015be5a1bbd24baad1,1.056739496914887,0.0989544665620385,2023_03,-1.0,-1.0,STOP,2023-03-15T11:01:00Z,SPLIT_STOP_STOP,adaf700c729f4418cc31f42a512c0367fed09355d4d93f3d365af4b44736f528,2023-03-15T11:01:00Z,FIRST_RETEST_FILLED,2023-03-14T20:20:00Z,2023-03-14T20:05:00Z,1908.78,True,True,INITIAL_CONFIRMATION_STOP,c0d9251f880e840db223821965e471a7bc680f0f8e1ef28a163777ab250c03de,ef5be80f5817698c87ad8f13ef4f30d2a8c394430a6c425d15c501b90894d882,1895.43,6.616428571428563,0.33082142857142816,NOT_STRICTLY_CLOSER_THAN_CONTROL,H1_SOURCE_SWING_BUFFERED_ELSE_CONTROL,False,ef5be80f5817698c87ad8f13ef4f30d2a8c394430a6c425d15c501b90894d882,2023-03-14T19:00:00Z,1895.43,1911.91,82cf6f78f49c1ef193db66371aae81e03df7345e09598436bb3d30d1c125c723
7f2b251991013b1a6113eaac64236802b8a57aa602b83c97ac0bd6af836fb9e3,1905.32,2023-03-14T23:05:00Z,05844b3f54a338d512c8dd0c09d502f20be41a354e3877d36c11bbd1aa0fdf9f,2023-03-14T23:05:00Z,1903.75,1910.15,2023-04-01T00:00:00Z,2023-03-14T23:00:00Z,0.0,SHORT,1.0,64.99999999999858,CONTROL_V2_FILLED_STOP,2023-03-14T23:05:00Z,CONTROL_NEXT_M1_OPEN,1903.75,True,eba139e2dcadffbb69a79128f837954135a29c155176c80143f5be9147e7271e,0.2953125000000114,1.4187499999999684,2023_03,1.2999999999999716,1.2999999999999716,TARGET,2023-03-15T11:01:00Z,TARGET,9c6388a311554f1ba6ef62de3e37f6a0183c5669d94d81eff40eacaa88f18912,2023-03-15T11:01:00Z,RETEST_EXPIRED,2023-03-14T23:20:00Z,,1905.32,False,False,INITIAL_CONFIRMATION_TARGET,219d8ef19754e1c7fc0cd11fed3f1e3da3d56ddbe02b907e3fa421001b9f938b,4a49af959a9016b101eabe5adc7c27886dc4da63edd858c2c16db5641e981a92,1910.15,,,,CONTROL_V2_FILLED_STOP,False,,2023-03-14T23:05:00Z,1910.15,1895.43,48cb3ab155c90be9c657dbf861e4ae931686741323d58cf7ba24e680e306389e
7f2b251991013b1a6113eaac64236802b8a57aa602b83c97ac0bd6af836fb9e3,1905.32,2023-03-14T23:05:00Z,05844b3f54a338d512c8dd0c09d502f20be41a354e3877d36c11bbd1aa0fdf9f,2023-03-14T23:05:00Z,1903.75,1910.15,2023-04-01T00:00:00Z,2023-03-14T23:00:00Z,0.6930530602468197,SHORT,0.6522656249999678,99.65265301233957,M5_LATEST_CONFIRMED_OPPOSING_SWING_ELSE_CONTROL,2023-03-14T23:05:00Z,CONTROL_NEXT_M1_OPEN,1903.75,True,20185cfc0837ef752df4f474e23fae59f662c06061d0470028148b5ea9bc72e0,0.45274883219551243,2.1751107917116417,2023_03,1.9930530602467913,1.2999999999999716,TARGET,2023-03-15T11:01:00Z,TARGET,0f98fe4b27aa47f37bc181912f3653284b5f376e01c7642aef2abc858184e264,2023-03-15T11:01:00Z,RETEST_EXPIRED,2023-03-14T23:20:00Z,,1905.32,False,False,INITIAL_CONFIRMATION_TARGET,79775cc77447339bd0e55603b2bbb7bf17a1a705cd8d3c62c32513ea03de5d50,4a49af959a9016b101eabe5adc7c27886dc4da63edd858c2c16db5641e981a92,1907.9244999999999,1.6899999999999733,0.08449999999999867,,M5_LATEST_CONFIRMED_OPPOSING_SWING_ELSE_CONTROL,True,e56f78ed4eef016b8d41691f0280186620ffc4d49fcd9e57bc7717c905fdd860,2023-03-14T22:35:00Z,1907.84,1895.43,48cb3ab155c90be9c657dbf861e4ae931686741323d58cf7ba24e680e306389e
7f2b251991013b1a6113eaac64236802b8a57aa602b83c97ac0bd6af836fb9e3,1905.32,2023-03-14T23:05:00Z,05844b3f54a338d512c8dd0c09d502f20be41a354e3877d36c11bbd1aa0fdf9f,2023-03-14T23:05:00Z,1903.75,1910.15,2023-04-01T00:00:00Z,2023-03-14T23:00:00Z,0.06395838334400561,SHORT,0.9531082589285453,68.19791916719886,M15_LATEST_CONFIRMED_OPPOSING_SWING_ELSE_CONTROL,2023-03-14T23:05:00Z,CONTROL_NEXT_M1_OPEN,1903.75,True,014943f2065605f7cca35757cb042c2256af0359b67be9ec99e183226b4f6ed9,0.30984150775484054,1.488550735668667,2023_03,1.3639583833439772,1.2999999999999716,TARGET,2023-03-15T11:01:00Z,TARGET,e0c345a7f3544fadb9d295ed002fb6e0b7ee2fc9dcba37643239c52e4708046b,2023-03-15T11:01:00Z,RETEST_EXPIRED,2023-03-14T23:20:00Z,,1905.32,False,False,INITIAL_CONFIRMATION_TARGET,8ac323a5e00c7777823273e8758b21b6f671f8f67c8cbd26d5c17df3eb548464,4a49af959a9016b101eabe5adc7c27886dc4da63edd858c2c16db5641e981a92,1909.8498928571428,2.5978571428571677,0.1298928571428584,,M15_LATEST_CONFIRMED_OPPOSING_SWING_ELSE_CONTROL,True,1ccc0d481e815507e32dfa60856a8cb5ecf629c01bd74cf05348598bdbc03be0,2023-03-14T22:00:00Z,1909.72,1895.43,48cb3ab155c90be9c657dbf861e4ae931686741323d58cf7ba24e680e306389e
7f2b251991013b1a6113eaac64236802b8a57aa602b83c97ac0bd6af836fb9e3,1905.32,2023-03-14T23:05:00Z,05844b3f54a338d512c8dd0c09d502f20be41a354e3877d36c11bbd1aa0fdf9f,2023-03-14T23:05:00Z,1903.75,1910.15,2023-04-01T00:00:00Z,2023-03-14T23:00:00Z,0.0,SHORT,1.0,64.99999999999858,CONTROL_V2_FILLED_STOP,2023-03-14T23:05:00Z,CONTROL_NEXT_M1_OPEN,1903.75,True,7f68297d682762d707eab8a3a985c2a8bf0eb1b01fd1c04ca4f8862397943a0c,0.2953125000000114,1.4187499999999684,2023_03,1.2999999999999716,1.2999999999999716,TARGET,2023-03-15T11:01:00Z,TARGET,4f902bd4ab3397175b8a47d7ce8da273afd6bb6f2fd8b2a0349dc6d6563ad64d,2023-03-15T11:01:00Z,RETEST_EXPIRED,2023-03-14T23:20:00Z,,1905.32,False,False,INITIAL_CONFIRMATION_TARGET,0f2050490a3cc067f4f158a3d533235def1c6cd71ad84cef296658c65fb40d46,4a49af959a9016b101eabe5adc7c27886dc4da63edd858c2c16db5641e981a92,1910.15,6.8785714285714255,0.3439285714285713,NOT_STRICTLY_CLOSER_THAN_CONTROL,H1_SOURCE_SWING_BUFFERED_ELSE_CONTROL,False,4a49af959a9016b101eabe5adc7c27886dc4da63edd858c2c16db5641e981a92,2023-03-14T23:00:00Z,1910.15,1895.43,48cb3ab155c90be9c657dbf861e4ae931686741323d58cf7ba24e680e306389e
7f2b251991013b1a6113eaac64236802b8a57aa602b83c97ac0bd6af836fb9e3,1905.32,2023-03-14T23:05:00Z,05844b3f54a338d512c8dd0c09d502f20be41a354e3877d36c11bbd1aa0fdf9f,2023-03-14T23:05:00Z,1903.75,1910.15,2023-04-01T00:00:00Z,2023-03-14T23:00:00Z,-1.2999999999999716,SHORT,1.0,0.0,CONTROL_V2_FILLED_STOP,,M5_BROKEN_CONTROL_FIRST_RETEST,,False,eba139e2dcadffbb69a79128f837954135a29c155176c80143f5be9147e7271e,,,2023_03,0.0,1.2999999999999716,TARGET,2023-03-15T11:01:00Z,NO_FILL,c8a39736367383d0e64723d21decfa8cafc6e6b49963afdadec96035f90616e5,,RETEST_EXPIRED,2023-03-14T23:20:00Z,,1905.32,False,False,INITIAL_CONFIRMATION_TARGET,5704820e367a5ccd9d4d885b7c04ca45e02a33017f66e2ff2b6d2fdcc84e811a,4a49af959a9016b101eabe5adc7c27886dc4da63edd858c2c16db5641e981a92,1910.15,,,,CONTROL_V2_FILLED_STOP,False,,2023-03-14T23:05:00Z,1910.15,1895.43,48cb3ab155c90be9c657dbf861e4ae931686741323d58cf7ba24e680e306389e
7f2b251991013b1a6113eaac64236802b8a57aa602b83c97ac0bd6af836fb9e3,1905.32,2023-03-14T23:05:00Z,05844b3f54a338d512c8dd0c09d502f20be41a354e3877d36c11bbd1aa0fdf9f,2023-03-14T23:05:00Z,1903.75,1910.15,2023-04-01T00:00:00Z,2023-03-14T23:00:00Z,-1.2999999999999716,SHORT,0.6522656249999678,0.0,M5_LATEST_CONFIRMED_OPPOSING_SWING_ELSE_CONTROL,,M5_BROKEN_CONTROL_FIRST_RETEST,,False,20185cfc0837ef752df4f474e23fae59f662c06061d0470028148b5ea9bc72e0,,,2023_03,0.0,1.2999999999999716,TARGET,2023-03-15T11:01:00Z,NO_FILL,7e54f633ba74746df1a9bc0205e7e73da6ecd2e775f0746b8e2f2051b5c07441,,RETEST_EXPIRED,2023-03-14T23:20:00Z,,1905.32,False,False,INITIAL_CONFIRMATION_TARGET,87f5f08a520db7211483eb0bfae642704c1d2a2ba9844a1c488f274159428494,4a49af959a9016b101eabe5adc7c27886dc4da63edd858c2c16db5641e981a92,1907.9244999999999,1.6899999999999733,0.08449999999999867,,M5_LATEST_CONFIRMED_OPPOSING_SWING_ELSE_CONTROL,True,e56f78ed4eef016b8d41691f0280186620ffc4d49fcd9e57bc7717c905fdd860,2023-03-14T22:35:00Z,1907.84,1895.43,48cb3ab155c90be9c657dbf861e4ae931686741323d58cf7ba24e680e306389e
7f2b251991013b1a6113eaac64236802b8a57aa602b83c97ac0bd6af836fb9e3,1905.32,2023-03-14T23:05:00Z,05844b3f54a338d512c8dd0c09d502f20be41a354e3877d36c11bbd1aa0fdf9f,2023-03-14T23:05:00Z,1903.75,1910.15,2023-04-01T00:00:00Z,2023-03-14T23:00:00Z,-1.2999999999999716,SHORT,0.9531082589285453,0.0,M15_LATEST_CONFIRMED_OPPOSING_SWING_ELSE_CONTROL,,M5_BROKEN_CONTROL_FIRST_RETEST,,False,014943f2065605f7cca35757cb042c2256af0359b67be9ec99e183226b4f6ed9,,,2023_03,0.0,1.2999999999999716,TARGET,2023-03-15T11:01:00Z,NO_FILL,090639fa402bebfc74d9970ca2317fe9f74fffc8b01c6afdc864e723a670967c,,RETEST_EXPIRED,2023-03-14T23:20:00Z,,1905.32,False,False,INITIAL_CONFIRMATION_TARGET,6109a819c085fa8fc4b3814b322b8138f1165788526f0798ed7c494da8fb6215,4a49af959a9016b101eabe5adc7c27886dc4da63edd858c2c16db5641e981a92,1909.8498928571428,2.5978571428571677,0.1298928571428584,,M15_LATEST_CONFIRMED_OPPOSING_SWING_ELSE_CONTROL,True,1ccc0d481e815507e32dfa60856a8cb5ecf629c01bd74cf05348598bdbc03be0,2023-03-14T22:00:00Z,1909.72,1895.43,48cb3ab155c90be9c657dbf861e4ae931686741323d58cf7ba24e680e306389e
7f2b251991013b1a6113eaac64236802b8a57aa602b83c97ac0bd6af836fb9e3,1905.32,2023-03-14T23:05:00Z,05844b3f54a338d512c8dd0c09d502f20be41a354e3877d36c11bbd1aa0fdf9f,2023-03-14T23:05:00Z,1903.75,1910.15,2023-04-01T00:00:00Z,2023-03-14T23:00:00Z,-1.2999999999999716,SHORT,1.0,0.0,CONTROL_V2_FILLED_STOP,,M5_BROKEN_CONTROL_FIRST_RETEST,,False,7f68297d682762d707eab8a3a985c2a8bf0eb1b01fd1c04ca4f8862397943a0c,,,2023_03,0.0,1.2999999999999716,TARGET,2023-03-15T11:01:00Z,NO_FILL,5cad5d0560e2f0d9a4503743cf1fa822f84d835f1e33dc1b67cab73fff687bd3,,RETEST_EXPIRED,2023-03-14T23:20:00Z,,1905.32,False,False,INITIAL_CONFIRMATION_TARGET,330f5b836a7abba15b53203ef2e14ad40f6af003253eb4df1133acc140fed6f8,4a49af959a9016b101eabe5adc7c27886dc4da63edd858c2c16db5641e981a92,1910.15,6.8785714285714255,0.3439285714285713,NOT_STRICTLY_CLOSER_THAN_CONTROL,H1_SOURCE_SWING_BUFFERED_ELSE_CONTROL,False,4a49af959a9016b101eabe5adc7c27886dc4da63edd858c2c16db5641e981a92,2023-03-14T23:00:00Z,1910.15,1895.43,48cb3ab155c90be9c657dbf861e4ae931686741323d58cf7ba24e680e306389e
7f2b251991013b1a6113eaac64236802b8a57aa602b83c97ac0bd6af836fb9e3,1905.32,2023-03-14T23:05:00Z,05844b3f54a338d512c8dd0c09d502f20be41a354e3877d36c11bbd1aa0fdf9f,2023-03-14T23:05:00Z,1903.75,1910.15,2023-04-01T00:00:00Z,2023-03-14T23:00:00Z,-0.9749999999999788,SHORT,1.0,16.249999999999645,CONTROL_V2_FILLED_STOP,2023-03-14T23:05:00Z,CONFIRMED_25_75_RETEST_SPLIT,1903.75,True,eba139e2dcadffbb69a79128f837954135a29c155176c80143f5be9147e7271e,0.07382812500000285,0.3546874999999921,2023_03,0.3249999999999929,1.2999999999999716,TARGET,2023-03-15T11:01:00Z,SPLIT_CONTROL_TARGET_NO_RETEST,797aa6c102866ccce0c61190f3b4b0f922ccbbf7e1c080025fadd252a524ad37,2023-03-15T11:01:00Z,RETEST_EXPIRED,2023-03-14T23:20:00Z,,1905.32,False,False,INITIAL_CONFIRMATION_TARGET,51bcfb429e561160d55af87f8dc61c244d2cb7b01f978a2f71fb9b47d487cad3,4a49af959a9016b101eabe5adc7c27886dc4da63edd858c2c16db5641e981a92,1910.15,,,,CONTROL_V2_FILLED_STOP,False,,2023-03-14T23:05:00Z,1910.15,1895.43,48cb3ab155c90be9c657dbf861e4ae931686741323d58cf7ba24e680e306389e
7f2b251991013b1a6113eaac64236802b8a57aa602b83c97ac0bd6af836fb9e3,1905.32,2023-03-14T23:05:00Z,05844b3f54a338d512c8dd0c09d502f20be41a354e3877d36c11bbd1aa0fdf9f,2023-03-14T23:05:00Z,1903.75,1910.15,2023-04-01T00:00:00Z,2023-03-14T23:00:00Z,-0.8017367349382738,SHORT,0.6522656249999678,24.913163253084893,M5_LATEST_CONFIRMED_OPPOSING_SWING_ELSE_CONTROL,2023-03-14T23:05:00Z,CONFIRMED_25_75_RETEST_SPLIT,1903.75,True,20185cfc0837ef752df4f474e23fae59f662c06061d0470028148b5ea9bc72e0,0.11318720804887811,0.5437776979279104,2023_03,0.4982632650616978,1.2999999999999716,TARGET,2023-03-15T11:01:00Z,SPLIT_CONTROL_TARGET_NO_RETEST,f15f057abfbc0486b7e5926dc76a1f4faa3e5b3fe147e640d31da8a5862c1e7e,2023-03-15T11:01:00Z,RETEST_EXPIRED,2023-03-14T23:20:00Z,,1905.32,False,False,INITIAL_CONFIRMATION_TARGET,0ecd5c311bc8b1fa2a9b256795104fdacb641abeb8a7bf368641fe9eeb704321,4a49af959a9016b101eabe5adc7c27886dc4da63edd858c2c16db5641e981a92,1907.9244999999999,1.6899999999999733,0.08449999999999867,,M5_LATEST_CONFIRMED_OPPOSING_SWING_ELSE_CONTROL,True,e56f78ed4eef016b8d41691f0280186620ffc4d49fcd9e57bc7717c905fdd860,2023-03-14T22:35:00Z,1907.84,1895.43,48cb3ab155c90be9c657dbf861e4ae931686741323d58cf7ba24e680e306389e
7f2b251991013b1a6113eaac64236802b8a57aa602b83c97ac0bd6af836fb9e3,1905.32,2023-03-14T23:05:00Z,05844b3f54a338d512c8dd0c09d502f20be41a354e3877d36c11bbd1aa0fdf9f,2023-03-14T23:05:00Z,1903.75,1910.15,2023-04-01T00:00:00Z,2023-03-14T23:00:00Z,-0.9590104041639773,SHORT,0.9531082589285453,17.049479791799715,M15_LATEST_CONFIRMED_OPPOSING_SWING_ELSE_CONTROL,2023-03-14T23:05:00Z,CONFIRMED_25_75_RETEST_SPLIT,1903.75,True,014943f2065605f7cca35757cb042c2256af0359b67be9ec99e183226b4f6ed9,0.07746037693871013,0.37213768391716673,2023_03,0.3409895958359943,1.2999999999999716,TARGET,2023-03-15T11:01:00Z,SPLIT_CONTROL_TARGET_NO_RETEST,12ce1b3d1119591952c94e5154e50ec244ea4c31652bd6d22ed96062eddd7899,2023-03-15T11:01:00Z,RETEST_EXPIRED,2023-03-14T23:20:00Z,,1905.32,False,False,INITIAL_CONFIRMATION_TARGET,0615e428fb188bc237e6d26c04330d31ae8f72d711599a27544f14df468c5cee,4a49af959a9016b101eabe5adc7c27886dc4da63edd858c2c16db5641e981a92,1909.8498928571428,2.5978571428571677,0.1298928571428584,,M15_LATEST_CONFIRMED_OPPOSING_SWING_ELSE_CONTROL,True,1ccc0d481e815507e32dfa60856a8cb5ecf629c01bd74cf05348598bdbc03be0,2023-03-14T22:00:00Z,1909.72,1895.43,48cb3ab155c90be9c657dbf861e4ae931686741323d58cf7ba24e680e306389e
7f2b251991013b1a6113eaac64236802b8a57aa602b83c97ac0bd6af836fb9e3,1905.32,2023-03-14T23:05:00Z,05844b3f54a338d512c8dd0c09d502f20be41a354e3877d36c11bbd1aa0fdf9f,2023-03-14T23:05:00Z,1903.75,1910.15,2023-04-01T00:00:00Z,2023-03-14T23:00:00Z,-0.9749999999999788,SHORT,1.0,16.249999999999645,CONTROL_V2_FILLED_STOP,2023-03-14T23:05:00Z,CONFIRMED_25_75_RETEST_SPLIT,1903.75,True,7f68297d682762d707eab8a3a985c2a8bf0eb1b01fd1c04ca4f8862397943a0c,0.07382812500000285,0.3546874999999921,2023_03,0.3249999999999929,1.2999999999999716,TARGET,2023-03-15T11:01:00Z,SPLIT_CONTROL_TARGET_NO_RETEST,8b597786486d18cb6a76e55b6204ab292803f39d1e086dbfb07dccd7d22102a1,2023-03-15T11:01:00Z,RETEST_EXPIRED,2023-03-14T23:20:00Z,,1905.32,False,False,INITIAL_CONFIRMATION_TARGET,5aeb3568f7160c3838022c37f7d53a2519ad77dd0088f1398d7e5d7bdbc574b4,4a49af959a9016b101eabe5adc7c27886dc4da63edd858c2c16db5641e981a92,1910.15,6.8785714285714255,0.3439285714285713,NOT_STRICTLY_CLOSER_THAN_CONTROL,H1_SOURCE_SWING_BUFFERED_ELSE_CONTROL,False,4a49af959a9016b101eabe5adc7c27886dc4da63edd858c2c16db5641e981a92,2023-03-14T23:00:00Z,1910.15,1895.43,48cb3ab155c90be9c657dbf861e4ae931686741323d58cf7ba24e680e306389e
ef05261abaa85d7c8b722f642d42d52381172ad39aa2dfe462b91141f3548e06,1900.92,2023-03-15T08:15:00Z,9ad1825de25668563895077cbb51e1c00bdda0c2dc189397d082db0380ec8c6b,2023-03-15T08:15:00Z,1900.71,1905.64,2023-04-01T00:00:00Z,2023-03-15T08:00:00Z,0.0,SHORT,1.0,7.6064908722108555,CONTROL_V2_FILLED_STOP,2023-03-15T08:15:00Z,CONTROL_NEXT_M1_OPEN,1900.71,True,eb3de43f93cb19cdf509472b4d8ad30fb4adf0779d3fa6f6b40fb77bf8919781,0.0162271805273684,0.1724137931034737,2023_03,0.1521298174442171,0.1521298174442171,TARGET,2023-03-15T08:19:00Z,TARGET,5291f2dbba49c15de6905b50ed112c4d7dd04f893f23d7f696c0dbd32aef5752,2023-03-15T08:19:00Z,TARGET_BEFORE_RETEST,2023-03-15T08:30:00Z,,1900.92,False,False,INITIAL_CONFIRMATION_TARGET,61304d9a7c548baf1e300445a9f9ebd77a4b293a9a2579a01b20e03dbc9ab06d,eb4a41b6c3702af93f3952b8fe3c559a215f5adceaed90268afde6488bd4cfb7,1905.64,,,,CONTROL_V2_FILLED_STOP,False,,2023-03-15T08:15:00Z,1905.64,1899.96,73fb77c99a0680399f87917a9b74019884235080e0d691b9fbdbfeec458b2a01
ef05261abaa85d7c8b722f642d42d52381172ad39aa2dfe462b91141f3548e06,1900.92,2023-03-15T08:15:00Z,9ad1825de25668563895077cbb51e1c00bdda0c2dc189397d082db0380ec8c6b,2023-03-15T08:15:00Z,1900.71,1905.64,2023-04-01T00:00:00Z,2023-03-15T08:00:00Z,0.11796317171348736,SHORT,0.5632497826716638,13.504649457885224,M5_LATEST_CONFIRMED_OPPOSING_SWING_ELSE_CONTROL,2023-03-15T08:15:00Z,CONTROL_NEXT_M1_OPEN,1900.71,True,8fc294d56fb3b6e1061030e71e628c98bdb094d71e9359ee7ec3ed0a53667213,0.028809918843462276,0.3061053877121142,2023_03,0.27009298915770447,0.1521298174442171,TARGET,2023-03-15T08:19:00Z,TARGET,8dc52f1c8bcb820a4ed570cd3d57289087544b0612478c531c566b912436819c,2023-03-15T08:19:00Z,TARGET_BEFORE_RETEST,2023-03-15T08:30:00Z,,1900.92,False,False,INITIAL_CONFIRMATION_TARGET,d7207e17a68ff38b5b80418f1b93c268bc00fdbd7b857b12ab88b0ccc7f2bf3e,eb4a41b6c3702af93f3952b8fe3c559a215f5adceaed90268afde6488bd4cfb7,1903.4868214285714,0.7364285714285513,0.03682142857142757,,M5_LATEST_CONFIRMED_OPPOSING_SWING_ELSE_CONTROL,True,265264501fb3c5fd6f59d676e241f38da02d20c9499a0fc55848fb256a6c116c,2023-03-15T07:35:00Z,1903.45,1899.96,73fb77c99a0680399f87917a9b74019884235080e0d691b9fbdbfeec458b2a01
ef05261abaa85d7c8b722f642d42d52381172ad39aa2dfe462b91141f3548e06,1900.92,2023-03-15T08:15:00Z,9ad1825de25668563895077cbb51e1c00bdda0c2dc189397d082db0380ec8c6b,2023-03-15T08:15:00Z,1900.71,1905.64,2023-04-01T00:00:00Z,2023-03-15T08:00:00Z,0.004418369578680192,SHORT,0.9717762967255957,7.8274093511448655,M15_LATEST_CONFIRMED_OPPOSING_SWING_ELSE_CONTROL,2023-03-15T08:15:00Z,CONTROL_NEXT_M1_OPEN,1900.71,True,0bb50b393497163804a1ac9f7b43d40353e66ca2b91dbb9258126d9bb41fe1f4,0.01669847328242719,0.17742127862597876,2023_03,0.1565481870228973,0.1521298174442171,TARGET,2023-03-15T08:19:00Z,TARGET,d7cdd246ce3bc946b6597a11a98dc757ec18eb46a61e5fbb6ad213f53b243083,2023-03-15T08:19:00Z,TARGET_BEFORE_RETEST,2023-03-15T08:30:00Z,,1900.92,False,False,INITIAL_CONFIRMATION_TARGET,453987f766d0ed5f5d637b0f78addd11c6db5b311dadb35de1bd01e3ed0ac241,eb4a41b6c3702af93f3952b8fe3c559a215f5adceaed90268afde6488bd4cfb7,1905.5008571428573,1.2171428571428546,0.060857142857142735,,M15_LATEST_CONFIRMED_OPPOSING_SWING_ELSE_CONTROL,True,f86bcbfddf0c98cd3ba7d689ec4f06a33313fa74936eb6c4176c6e0268bb97f7,2023-03-15T06:30:00Z,1905.44,1899.96,73fb77c99a0680399f87917a9b74019884235080e0d691b9fbdbfeec458b2a01
ef05261abaa85d7c8b722f642d42d52381172ad39aa2dfe462b91141f3548e06,1900.92,2023-03-15T08:15:00Z,9ad1825de25668563895077cbb51e1c00bdda0c2dc189397d082db0380ec8c6b,2023-03-15T08:15:00Z,1900.71,1905.64,2023-04-01T00:00:00Z,2023-03-15T08:00:00Z,0.0,SHORT,1.0,7.6064908722108555,CONTROL_V2_FILLED_STOP,2023-03-15T08:15:00Z,CONTROL_NEXT_M1_OPEN,1900.71,True,2bdbab548a19eb05eb936e7fa0c5f803de45bf01b2afab76b90e939520332019,0.0162271805273684,0.1724137931034737,2023_03,0.1521298174442171,0.1521298174442171,TARGET,2023-03-15T08:19:00Z,TARGET,4084da61921ab8c6eaa8bfa3a56528074e2206eed67782dba4b5d00286d800fd,2023-03-15T08:19:00Z,TARGET_BEFORE_RETEST,2023-03-15T08:30:00Z,,1900.92,False,False,INITIAL_CONFIRMATION_TARGET,5e08cb4739662314ec4cbeec4cbb9f142ed5b010d5e06f7f7e4dfdcb3af17d13,eb4a41b6c3702af93f3952b8fe3c559a215f5adceaed90268afde6488bd4cfb7,1905.64,5.471428571428565,0.2735714285714283,NOT_STRICTLY_CLOSER_THAN_CONTROL,H1_SOURCE_SWING_BUFFERED_ELSE_CONTROL,False,eb4a41b6c3702af93f3952b8fe3c559a215f5adceaed90268afde6488bd4cfb7,2023-03-15T08:00:00Z,1905.64,1899.96,73fb77c99a0680399f87917a9b74019884235080e0d691b9fbdbfeec458b2a01
ef05261abaa85d7c8b722f642d42d52381172ad39aa2dfe462b91141f3548e06,1900.92,2023-03-15T08:15:00Z,9ad1825de25668563895077cbb51e1c00bdda0c2dc189397d082db0380ec8c6b,2023-03-15T08:15:00Z,1900.71,1905.64,2023-04-01T00:00:00Z,2023-03-15T08:00:00Z,-0.1521298174442171,SHORT,1.0,0.0,CONTROL_V2_FILLED_STOP,,M5_BROKEN_CONTROL_FIRST_RETEST,,False,eb3de43f93cb19cdf509472b4d8ad30fb4adf0779d3fa6f6b40fb77bf8919781,,,2023_03,0.0,0.1521298174442171,TARGET,2023-03-15T08:19:00Z,NO_FILL,ae7532594e73a5281ca8e7355e733ed3377de0aa58a835de21f531c7e7e9f5da,,TARGET_BEFORE_RETEST,2023-03-15T08:30:00Z,,1900.92,False,False,INITIAL_CONFIRMATION_TARGET,103762cf709a14b7aa40ff4f4f524856bc8fe07100ea56e6831372584e3e5ecc,eb4a41b6c3702af93f3952b8fe3c559a215f5adceaed90268afde6488bd4cfb7,1905.64,,,,CONTROL_V2_FILLED_STOP,False,,2023-03-15T08:15:00Z,1905.64,1899.96,73fb77c99a0680399f87917a9b74019884235080e0d691b9fbdbfeec458b2a01
ef05261abaa85d7c8b722f642d42d52381172ad39aa2dfe462b91141f3548e06,1900.92,2023-03-15T08:15:00Z,9ad1825de25668563895077cbb51e1c00bdda0c2dc189397d082db0380ec8c6b,2023-03-15T08:15:00Z,1900.71,1905.64,2023-04-01T00:00:00Z,2023-03-15T08:00:00Z,-0.1521298174442171,SHORT,0.5632497826716638,0.0,M5_LATEST_CONFIRMED_OPPOSING_SWING_ELSE_CONTROL,,M5_BROKEN_CONTROL_FIRST_RETEST,,False,8fc294d56fb3b6e1061030e71e628c98bdb094d71e9359ee7ec3ed0a53667213,,,2023_03,0.0,0.1521298174442171,TARGET,2023-03-15T08:19:00Z,NO_FILL,9cd852a6848a39dbbab17bcc897d6626e197756f06603020fefd3b40bd8f6c9e,,TARGET_BEFORE_RETEST,2023-03-15T08:30:00Z,,1900.92,False,False,INITIAL_CONFIRMATION_TARGET,c278163e047dc8096055e096a0dec6a5d819f1eaaa8d995da16e5d09bd2f556e,eb4a41b6c3702af93f3952b8fe3c559a215f5adceaed90268afde6488bd4cfb7,1903.4868214285714,0.7364285714285513,0.03682142857142757,,M5_LATEST_CONFIRMED_OPPOSING_SWING_ELSE_CONTROL,True,265264501fb3c5fd6f59d676e241f38da02d20c9499a0fc55848fb256a6c116c,2023-03-15T07:35:00Z,1903.45,1899.96,73fb77c99a0680399f87917a9b74019884235080e0d691b9fbdbfeec458b2a01
ef05261abaa85d7c8b722f642d42d52381172ad39aa2dfe462b91141f3548e06,1900.92,2023-03-15T08:15:00Z,9ad1825de25668563895077cbb51e1c00bdda0c2dc189397d082db0380ec8c6b,2023-03-15T08:15:00Z,1900.71,1905.64,2023-04-01T00:00:00Z,2023-03-15T08:00:00Z,-0.1521298174442171,SHORT,0.9717762967255957,0.0,M15_LATEST_CONFIRMED_OPPOSING_SWING_ELSE_CONTROL,,M5_BROKEN_CONTROL_FIRST_RETEST,,False,0bb50b393497163804a1ac9f7b43d40353e66ca2b91dbb9258126d9bb41fe1f4,,,2023_03,0.0,0.1521298174442171,TARGET,2023-03-15T08:19:00Z,NO_FILL,416ed5f72f32d65c358702d4394018f80e776a68eba4524fc6695a54cc827f2f,,TARGET_BEFORE_RETEST,2023-03-15T08:30:00Z,,1900.92,False,False,INITIAL_CONFIRMATION_TARGET,df7f84a81d06462a387d40c4466b4c2e0994e8cac644c3803ae4b5003d667b85,eb4a41b6c3702af93f3952b8fe3c559a215f5adceaed90268afde6488bd4cfb7,1905.5008571428573,1.2171428571428546,0.060857142857142735,,M15_LATEST_CONFIRMED_OPPOSING_SWING_ELSE_CONTROL,True,f86bcbfddf0c98cd3ba7d689ec4f06a33313fa74936eb6c4176c6e0268bb97f7,2023-03-15T06:30:00Z,1905.44,1899.96,73fb77c99a0680399f87917a9b74019884235080e0d691b9fbdbfeec458b2a01
ef05261abaa85d7c8b722f642d42d52381172ad39aa2dfe462b91141f3548e06,1900.92,2023-03-15T08:15:00Z,9ad1825de25668563895077cbb51e1c00bdda0c2dc189397d082db0380ec8c6b,2023-03-15T08:15:00Z,1900.71,1905.64,2023-04-01T00:00:00Z,2023-03-15T08:00:00Z,-0.1521298174442171,SHORT,1.0,0.0,CONTROL_V2_FILLED_STOP,,M5_BROKEN_CONTROL_FIRST_RETEST,,False,2bdbab548a19eb05eb936e7fa0c5f803de45bf01b2afab76b90e939520332019,,,2023_03,0.0,0.1521298174442171,TARGET,2023-03-15T08:19:00Z,NO_FILL,e145741f07b5a87d69c785e5ce8c3ac5982141788ae82ecd5eb734fe63cebd85,,TARGET_BEFORE_RETEST,2023-03-15T08:30:00Z,,1900.92,False,False,INITIAL_CONFIRMATION_TARGET,03b8621445cf7239624aab9387466f3faecc4b2ef5c62826cf9e462dc3708832,eb4a41b6c3702af93f3952b8fe3c559a215f5adceaed90268afde6488bd4cfb7,1905.64,5.471428571428565,0.2735714285714283,NOT_STRICTLY_CLOSER_THAN_CONTROL,H1_SOURCE_SWING_BUFFERED_ELSE_CONTROL,False,eb4a41b6c3702af93f3952b8fe3c559a215f5adceaed90268afde6488bd4cfb7,2023-03-15T08:00:00Z,1905.64,1899.96,73fb77c99a0680399f87917a9b74019884235080e0d691b9fbdbfeec458b2a01
ef05261abaa85d7c8b722f642d42d52381172ad39aa2dfe462b91141f3548e06,1900.92,2023-03-15T08:15:00Z,9ad1825de25668563895077cbb51e1c00bdda0c2dc189397d082db0380ec8c6b,2023-03-15T08:15:00Z,1900.71,1905.64,2023-04-01T00:00:00Z,2023-03-15T08:00:00Z,-0.11409736308316283,SHORT,1.0,1.9016227180527139,CONTROL_V2_FILLED_STOP,2023-03-15T08:15:00Z,CONFIRMED_25_75_RETEST_SPLIT,1900.71,True,eb3de43f93cb19cdf509472b4d8ad30fb4adf0779d3fa6f6b40fb77bf8919781,0.0040567951318421,0.04310344827586843,2023_03,0.03803245436105428,0.1521298174442171,TARGET,2023-03-15T08:19:00Z,SPLIT_CONTROL_TARGET_NO_RETEST,6aab2dd5e7ce185a7474cd15e8f03180ecc56b92634477a8d95670ae1626134e,2023-03-15T08:19:00Z,TARGET_BEFORE_RETEST,2023-03-15T08:30:00Z,,1900.92,False,False,INITIAL_CONFIRMATION_TARGET,656cca5d86eb1cbc11567caa45e761eb4c904210ad04a4d2fc98e225ff3700a3,eb4a41b6c3702af93f3952b8fe3c559a215f5adceaed90268afde6488bd4cfb7,1905.64,,,,CONTROL_V2_FILLED_STOP,False,,2023-03-15T08:15:00Z,1905.64,1899.96,73fb77c99a0680399f87917a9b74019884235080e0d691b9fbdbfeec458b2a01
ef05261abaa85d7c8b722f642d42d52381172ad39aa2dfe462b91141f3548e06,1900.92,2023-03-15T08:15:00Z,9ad1825de25668563895077cbb51e1c00bdda0c2dc189397d082db0380ec8c6b,2023-03-15T08:15:00Z,1900.71,1905.64,2023-04-01T00:00:00Z,2023-03-15T08:00:00Z,-0.08460657015479099,SHORT,0.5632497826716638,3.376162364471306,M5_LATEST_CONFIRMED_OPPOSING_SWING_ELSE_CONTROL,2023-03-15T08:15:00Z,CONFIRMED_25_75_RETEST_SPLIT,1900.71,True,8fc294d56fb3b6e1061030e71e628c98bdb094d71e9359ee7ec3ed0a53667213,0.007202479710865569,0.07652634692802855,2023_03,0.06752324728942612,0.1521298174442171,TARGET,2023-03-15T08:19:00Z,SPLIT_CONTROL_TARGET_NO_RETEST,e600cbb13b2fcbea0af6a7ff622101ef4dffe4e300813cbb276d707ed53d3a85,2023-03-15T08:19:00Z,TARGET_BEFORE_RETEST,2023-03-15T08:30:00Z,,1900.92,False,False,INITIAL_CONFIRMATION_TARGET,27dbdf64684c5f2da0e011443575c9657d72b3d12ebc5bd3413886bf33365d18,eb4a41b6c3702af93f3952b8fe3c559a215f5adceaed90268afde6488bd4cfb7,1903.4868214285714,0.7364285714285513,0.03682142857142757,,M5_LATEST_CONFIRMED_OPPOSING_SWING_ELSE_CONTROL,True,265264501fb3c5fd6f59d676e241f38da02d20c9499a0fc55848fb256a6c116c,2023-03-15T07:35:00Z,1903.45,1899.96,73fb77c99a0680399f87917a9b74019884235080e0d691b9fbdbfeec458b2a01
ef05261abaa85d7c8b722f642d42d52381172ad39aa2dfe462b91141f3548e06,1900.92,2023-03-15T08:15:00Z,9ad1825de25668563895077cbb51e1c00bdda0c2dc189397d082db0380ec8c6b,2023-03-15T08:15:00Z,1900.71,1905.64,2023-04-01T00:00:00Z,2023-03-15T08:00:00Z,-0.11299277068849278,SHORT,0.9717762967255957,1.9568523377862164,M15_LATEST_CONFIRMED_OPPOSING_SWING_ELSE_CONTROL,2023-03-15T08:15:00Z,CONFIRMED_25_75_RETEST_SPLIT,1900.71,True,0bb50b393497163804a1ac9f7b43d40353e66ca2b91dbb9258126d9bb41fe1f4,0.004174618320606798,0.04435531965649469,2023_03,0.039137046755724325,0.1521298174442171,TARGET,2023-03-15T08:19:00Z,SPLIT_CONTROL_TARGET_NO_RETEST,0401aee7f6baff4096d1b891a2db4d6c2bb2f00ef6d684e96c6a65756b61feca,2023-03-15T08:19:00Z,TARGET_BEFORE_RETEST,2023-03-15T08:30:00Z,,1900.92,False,False,INITIAL_CONFIRMATION_TARGET,bb7d6d91fd2b620672fa852109346be0bc1c2745a96f09bd63979493c60a4224,eb4a41b6c3702af93f3952b8fe3c559a215f5adceaed90268afde6488bd4cfb7,1905.5008571428573,1.2171428571428546,0.060857142857142735,,M15_LATEST_CONFIRMED_OPPOSING_SWING_ELSE_CONTROL,True,f86bcbfddf0c98cd3ba7d689ec4f06a33313fa74936eb6c4176c6e0268bb97f7,2023-03-15T06:30:00Z,1905.44,1899.96,73fb77c99a0680399f87917a9b74019884235080e0d691b9fbdbfeec458b2a01
ef05261abaa85d7c8b722f642d42d52381172ad39aa2dfe462b91141f3548e06,1900.92,2023-03-15T08:15:00Z,9ad1825de25668563895077cbb51e1c00bdda0c2dc189397d082db0380ec8c6b,2023-03-15T08:15:00Z,1900.71,1905.64,2023-04-01T00:00:00Z,2023-03-15T08:00:00Z,-0.11409736308316283,SHORT,1.0,1.9016227180527139,CONTROL_V2_FILLED_STOP,2023-03-15T08:15:00Z,CONFIRMED_25_75_RETEST_SPLIT,1900.71,True,2bdbab548a19eb05eb936e7fa0c5f803de45bf01b2afab76b90e939520332019,0.0040567951318421,0.04310344827586843,2023_03,0.03803245436105428,0.1521298174442171,TARGET,2023-03-15T08:19:00Z,SPLIT_CONTROL_TARGET_NO_RETEST,e7734dbd617b77c375a5752fcb37b2148d3bc702971fd75c5046dba3cf4848ef,2023-03-15T08:19:00Z,TARGET_BEFORE_RETEST,2023-03-15T08:30:00Z,,1900.92,False,False,INITIAL_CONFIRMATION_TARGET,1b3e4f2ee9cd1559e8c37f79f58437858c484345c39dc9901433cda21d2d694e,eb4a41b6c3702af93f3952b8fe3c559a215f5adceaed90268afde6488bd4cfb7,1905.64,5.471428571428565,0.2735714285714283,NOT_STRICTLY_CLOSER_THAN_CONTROL,H1_SOURCE_SWING_BUFFERED_ELSE_CONTROL,False,eb4a41b6c3702af93f3952b8fe3c559a215f5adceaed90268afde6488bd4cfb7,2023-03-15T08:00:00Z,1905.64,1899.96,73fb77c99a0680399f87917a9b74019884235080e0d691b9fbdbfeec458b2a01
15e90b97cbc905927ee1de4cbdf383175df64e101c60950cbe487276be0d82ea,1901.32,2023-03-15T09:55:00Z,7c76f486bb0cd475f2a7a15f461bd8c172ee0d6207a89009d41aa45c4aec5831,2023-03-15T09:55:00Z,1902.22,1898.63,2023-04-01T00:00:00Z,2023-03-15T06:00:00Z,0.0,LONG,1.0,-50.0,CONTROL_V2_FILLED_STOP,2023-03-15T09:55:00Z,CONTROL_NEXT_M1_OPEN,1902.22,True,3974e7ff4855bbc1adb36717821554e8f43df706d9df7e3e084d10d5c88827bf,1.0083565459610586,0.05013927576603559,2023_03,-1.0,-1.0,STOP,2023-03-15T10:24:00Z,STOP,ceb0cbb651d553cd4a7993aa4096e0adbb91d2fd7403d84060e0ee7ac1e52bd8,2023-03-15T10:24:00Z,FIRST_RETEST_FILLED,2023-03-15T10:10:00Z,2023-03-15T09:57:00Z,1901.32,True,False,RECLAIM_CONFIRMATION_STOP,542a8dd7b3e4deb51d1bf109c81864521e085aaea9f7699bcf3b4de69207a8ca,54c758bf6c4f8705026bd84c7d9a8b30bfac16fe35f1747c2b1e25388d608307,1898.63,,,,CONTROL_V2_FILLED_STOP,False,,2023-03-15T09:55:00Z,1898.63,1910.15,2fa6191e7b7ddbab0d41e6f9fbc0914b6ad65f64d87eb0f59a1a6a620e7f2947
15e90b97cbc905927ee1de4cbdf383175df64e101c60950cbe487276be0d82ea,1901.32,2023-03-15T09:55:00Z,7c76f486bb0cd475f2a7a15f461bd8c172ee0d6207a89009d41aa45c4aec5831,2023-03-15T09:55:00Z,1902.22,1898.63,2023-04-01T00:00:00Z,2023-03-15T06:00:00Z,0.0,LONG,0.9662554715479698,-50.0,M5_LATEST_CONFIRMED_OPPOSING_SWING_ELSE_CONTROL,2023-03-15T09:55:00Z,CONTROL_NEXT_M1_OPEN,1902.22,True,acce4abfcc3cb93046b414a132503133f510369483292a2ea4938b2dd6b9bc7d,1.0435713697389386,0.0518902891030578,2023_03,-1.0,-1.0,STOP,2023-03-15T10:24:00Z,STOP,757a909afc563382d1679fa095e62a04ace192de99e18dbd3272303849f78334,2023-03-15T10:24:00Z,FIRST_RETEST_FILLED,2023-03-15T10:10:00Z,2023-03-15T09:57:00Z,1901.32,True,False,RECLAIM_CONFIRMATION_STOP,e5dd94840acd94cdd07313d3e7fb8c4653e0fbdc946116021dfe1024f96004f4,54c758bf6c4f8705026bd84c7d9a8b30bfac16fe35f1747c2b1e25388d608307,1898.751142857143,0.9771428571428454,0.04885714285714227,,M5_LATEST_CONFIRMED_OPPOSING_SWING_ELSE_CONTROL,True,8944adb8aab27d8dd97e20fb20d94c08e05dd13a6cdac570c59db66a1a7332a6,2023-03-15T09:50:00Z,1898.8,1910.15,2fa6191e7b7ddbab0d41e6f9fbc0914b6ad65f64d87eb0f59a1a6a620e7f2947
15e90b97cbc905927ee1de4cbdf383175df64e101c60950cbe487276be0d82ea,1901.32,2023-03-15T09:55:00Z,7c76f486bb0cd475f2a7a15f461bd8c172ee0d6207a89009d41aa45c4aec5831,2023-03-15T09:55:00Z,1902.22,1898.63,2023-04-01T00:00:00Z,2023-03-15T06:00:00Z,0.0,LONG,0.8762932749701665,-50.0,M15_LATEST_CONFIRMED_OPPOSING_SWING_ELSE_CONTROL,2023-03-15T09:55:00Z,CONTROL_NEXT_M1_OPEN,1902.22,True,14337066973546e9296c916735a2b32474ed38ff976e5b5de81c31c3e9949659,1.029914287336109,0.05721746040758168,2023_03,-1.0,-1.0,STOP,2023-03-15T10:24:00Z,STOP,c0a59200eb62d3e2297b9798734c60058d7b0df77b6bbea14966a844c85099ec,2023-03-15T10:23:00Z,FIRST_RETEST_FILLED,2023-03-15T10:10:00Z,2023-03-15T09:57:00Z,1901.32,True,False,RECLAIM_CONFIRMATION_STOP,9c7a8d61058b1926221b25e2a2d05d47cf991de32939551f05f0855d05524143,54c758bf6c4f8705026bd84c7d9a8b30bfac16fe35f1747c2b1e25388d608307,1899.0741071428572,1.3178571428571462,0.06589285714285731,,M15_LATEST_CONFIRMED_OPPOSING_SWING_ELSE_CONTROL,True,6da6bfeba4f28a9e9d398fec05c189f77ade814f1bed0b0821e23f540d6458f1,2023-03-15T09:15:00Z,1899.14,1910.15,2fa6191e7b7ddbab0d41e6f9fbc0914b6ad65f64d87eb0f59a1a6a620e7f2947
15e90b97cbc905927ee1de4cbdf383175df64e101c60950cbe487276be0d82ea,1901.32,2023-03-15T09:55:00Z,7c76f486bb0cd475f2a7a15f461bd8c172ee0d6207a89009d41aa45c4aec5831,2023-03-15T09:55:00Z,1902.22,1898.63,2023-04-01T00:00:00Z,2023-03-15T06:00:00Z,0.0,LONG,0.6972542777556838,-50.0,H1_SOURCE_SWING_BUFFERED_ELSE_CONTROL,2023-03-15T09:55:00Z,CONTROL_NEXT_M1_OPEN,1902.22,True,bc6fb43776d2e102d2651014816862101123c5235445e2c6f854b182884b98f5,1.0187193242780361,0.07190959936082926,2023_03,-1.0,-1.0,STOP,2023-03-15T10:24:00Z,STOP,d9abd9fc9b37691a856b68ff307c3e089deb716540f5ff6a39e82f06f84d56f1,2023-03-15T10:20:00Z,FIRST_RETEST_FILLED,2023-03-15T10:10:00Z,2023-03-15T09:57:00Z,1901.32,True,False,RECLAIM_CONFIRMATION_STOP,28b9cb94554b9f506c348dda9e9d6505b18363c65ff4be0044e4496161a8eada,54c758bf6c4f8705026bd84c7d9a8b30bfac16fe35f1747c2b1e25388d608307,1899.7168571428572,4.862857142857122,0.2431428571428561,,H1_SOURCE_SWING_BUFFERED_ELSE_CONTROL,True,54c758bf6c4f8705026bd84c7d9a8b30bfac16fe35f1747c2b1e25388d608307,2023-03-15T06:00:00Z,1899.96,1910.15,2fa6191e7b7ddbab0d41e6f9fbc0914b6ad65f64d87eb0f59a1a6a620e7f2947
15e90b97cbc905927ee1de4cbdf383175df64e101c60950cbe487276be0d82ea,1901.32,2023-03-15T09:55:00Z,7c76f486bb0cd475f2a7a15f461bd8c172ee0d6207a89009d41aa45c4aec5831,2023-03-15T09:55:00Z,1902.22,1898.63,2023-04-01T00:00:00Z,2023-03-15T06:00:00Z,0.0,LONG,1.0,-50.0,CONTROL_V2_FILLED_STOP,2023-03-15T09:57:00Z,M5_BROKEN_CONTROL_FIRST_RETEST,1901.32,True,3974e7ff4855bbc1adb36717821554e8f43df706d9df7e3e084d10d5c88827bf,1.0111524163569525,0.3866171003717585,2023_03,-1.0,-1.0,STOP,2023-03-15T10:24:00Z,STOP,ba2efdda34df380561232ed187924aea2f11c4082270feb23f73642afaa2b59e,2023-03-15T10:24:00Z,FIRST_RETEST_FILLED,2023-03-15T10:10:00Z,2023-03-15T09:57:00Z,1901.32,True,True,RECLAIM_CONFIRMATION_STOP,854fba80ddea656375b6ed4022261bc6f044bca1f8c87ce5faeb85ca3a1fdcb3,54c758bf6c4f8705026bd84c7d9a8b30bfac16fe35f1747c2b1e25388d608307,1898.63,,,,CONTROL_V2_FILLED_STOP,False,,2023-03-15T09:55:00Z,1898.63,1910.15,2fa6191e7b7ddbab0d41e6f9fbc0914b6ad65f64d87eb0f59a1a6a620e7f2947
15e90b97cbc905927ee1de4cbdf383175df64e101c60950cbe487276be0d82ea,1901.32,2023-03-15T09:55:00Z,7c76f486bb0cd475f2a7a15f461bd8c172ee0d6207a89009d41aa45c4aec5831,2023-03-15T09:55:00Z,1902.22,1898.63,2023-04-01T00:00:00Z,2023-03-15T06:00:00Z,0.0,LONG,0.9662554715479698,-50.0,M5_LATEST_CONFIRMED_OPPOSING_SWING_ELSE_CONTROL,2023-03-15T09:57:00Z,M5_BROKEN_CONTROL_FIRST_RETEST,1901.32,True,acce4abfcc3cb93046b414a132503133f510369483292a2ea4938b2dd6b9bc7d,1.0588366143922225,0.40484929373818446,2023_03,-1.0,-1.0,STOP,2023-03-15T10:24:00Z,STOP,c78f159a2eb088a78643a222b1cdb3c2eb607555c36f5c6db984e2c7cfc8e328,2023-03-15T10:24:00Z,FIRST_RETEST_FILLED,2023-03-15T10:10:00Z,2023-03-15T09:57:00Z,1901.32,True,True,RECLAIM_CONFIRMATION_STOP,2ad91d8098fd681c5ee1fc2bede56ad4d8ca7b917762a7d2ccf2481ac7ea86f5,54c758bf6c4f8705026bd84c7d9a8b30bfac16fe35f1747c2b1e25388d608307,1898.751142857143,0.9771428571428454,0.04885714285714227,,M5_LATEST_CONFIRMED_OPPOSING_SWING_ELSE_CONTROL,True,8944adb8aab27d8dd97e20fb20d94c08e05dd13a6cdac570c59db66a1a7332a6,2023-03-15T09:50:00Z,1898.8,1910.15,2fa6191e7b7ddbab0d41e6f9fbc0914b6ad65f64d87eb0f59a1a6a620e7f2947
15e90b97cbc905927ee1de4cbdf383175df64e101c60950cbe487276be0d82ea,1901.32,2023-03-15T09:55:00Z,7c76f486bb0cd475f2a7a15f461bd8c172ee0d6207a89009d41aa45c4aec5831,2023-03-15T09:55:00Z,1902.22,1898.63,2023-04-01T00:00:00Z,2023-03-15T06:00:00Z,0.0,LONG,0.8762932749701665,-50.0,M15_LATEST_CONFIRMED_OPPOSING_SWING_ELSE_CONTROL,2023-03-15T09:57:00Z,M5_BROKEN_CONTROL_FIRST_RETEST,1901.32,True,14337066973546e9296c916735a2b32474ed38ff976e5b5de81c31c3e9949659,1.0419018843921646,0.4630675041742954,2023_03,-1.0,-1.0,STOP,2023-03-15T10:24:00Z,STOP,3b47d2e076e1d791fa5e2ea9995a3700e8f056e22972157746e7860a2ccdef0e,2023-03-15T10:23:00Z,FIRST_RETEST_FILLED,2023-03-15T10:10:00Z,2023-03-15T09:57:00Z,1901.32,True,True,RECLAIM_CONFIRMATION_STOP,59506fdda812b357695211960e6e10ffe0a4474892a507ed350c9693b5da5aa5,54c758bf6c4f8705026bd84c7d9a8b30bfac16fe35f1747c2b1e25388d608307,1899.0741071428572,1.3178571428571462,0.06589285714285731,,M15_LATEST_CONFIRMED_OPPOSING_SWING_ELSE_CONTROL,True,6da6bfeba4f28a9e9d398fec05c189f77ade814f1bed0b0821e23f540d6458f1,2023-03-15T09:15:00Z,1899.14,1910.15,2fa6191e7b7ddbab0d41e6f9fbc0914b6ad65f64d87eb0f59a1a6a620e7f2947
15e90b97cbc905927ee1de4cbdf383175df64e101c60950cbe487276be0d82ea,1901.32,2023-03-15T09:55:00Z,7c76f486bb0cd475f2a7a15f461bd8c172ee0d6207a89009d41aa45c4aec5831,2023-03-15T09:55:00Z,1902.22,1898.63,2023-04-01T00:00:00Z,2023-03-15T06:00:00Z,0.0,LONG,0.6972542777556838,-50.0,H1_SOURCE_SWING_BUFFERED_ELSE_CONTROL,2023-03-15T09:57:00Z,M5_BROKEN_CONTROL_FIRST_RETEST,1901.32,True,bc6fb43776d2e102d2651014816862101123c5235445e2c6f854b182884b98f5,1.029228301550505,0.6487257173409553,2023_03,-1.0,-1.0,STOP,2023-03-15T10:24:00Z,STOP,30280ed7ac390945b253671ffca3ee3dbed10befc59dfd81650691236b6cd66e,2023-03-15T10:20:00Z,FIRST_RETEST_FILLED,2023-03-15T10:10:00Z,2023-03-15T09:57:00Z,1901.32,True,True,RECLAIM_CONFIRMATION_STOP,c64efeadf600bb92bd895aa8f1598e44bde9c01e911b10431f934ca3dfd3fbd7,54c758bf6c4f8705026bd84c7d9a8b30bfac16fe35f1747c2b1e25388d608307,1899.7168571428572,4.862857142857122,0.2431428571428561,,H1_SOURCE_SWING_BUFFERED_ELSE_CONTROL,True,54c758bf6c4f8705026bd84c7d9a8b30bfac16fe35f1747c2b1e25388d608307,2023-03-15T06:00:00Z,1899.96,1910.15,2fa6191e7b7ddbab0d41e6f9fbc0914b6ad65f64d87eb0f59a1a6a620e7f2947
15e90b97cbc905927ee1de4cbdf383175df64e101c60950cbe487276be0d82ea,1901.32,2023-03-15T09:55:00Z,7c76f486bb0cd475f2a7a15f461bd8c172ee0d6207a89009d41aa45c4aec5831,2023-03-15T09:55:00Z,1902.22,1898.63,2023-04-01T00:00:00Z,2023-03-15T06:00:00Z,0.0,LONG,1.0,-50.0,CONTROL_V2_FILLED_STOP,2023-03-15T09:55:00Z,CONFIRMED_25_75_RETEST_SPLIT,1902.22,True,3974e7ff4855bbc1adb36717821554e8f43df706d9df7e3e084d10d5c88827bf,1.010453448757979,0.30249764422032777,2023_03,-1.0,-1.0,STOP,2023-03-15T10:24:00Z,SPLIT_STOP_STOP,0984942e7e66f4861a883908d93d9f2a57c7c9ab60b4ed713958c243f00ea831,2023-03-15T10:24:00Z,FIRST_RETEST_FILLED,2023-03-15T10:10:00Z,2023-03-15T09:57:00Z,1901.32,True,True,RECLAIM_CONFIRMATION_STOP,11f25bff57261097ba86d01a764e54000a44a6c38d1e9311698b8dff5c873d05,54c758bf6c4f8705026bd84c7d9a8b30bfac16fe35f1747c2b1e25388d608307,1898.63,,,,CONTROL_V2_FILLED_STOP,False,,2023-03-15T09:55:00Z,1898.63,1910.15,2fa6191e7b7ddbab0d41e6f9fbc0914b6ad65f64d87eb0f59a1a6a620e7f2947
15e90b97cbc905927ee1de4cbdf383175df64e101c60950cbe487276be0d82ea,1901.32,2023-03-15T09:55:00Z,7c76f486bb0cd475f2a7a15f461bd8c172ee0d6207a89009d41aa45c4aec5831,2023-03-15T09:55:00Z,1902.22,1898.63,2023-04-01T00:00:00Z,2023-03-15T06:00:00Z,0.0,LONG,0.9662554715479698,-50.0,M5_LATEST_CONFIRMED_OPPOSING_SWING_ELSE_CONTROL,2023-03-15T09:55:00Z,CONFIRMED_25_75_RETEST_SPLIT,1902.22,True,acce4abfcc3cb93046b414a132503133f510369483292a2ea4938b2dd6b9bc7d,1.0550203032289014,0.31660954257940277,2023_03,-1.0,-1.0,STOP,2023-03-15T10:24:00Z,SPLIT_STOP_STOP,d4415fad2766376b38d8710ccde3e960e799fbc905b3af60410be6f0b4c7ded5,2023-03-15T10:24:00Z,FIRST_RETEST_FILLED,2023-03-15T10:10:00Z,2023-03-15T09:57:00Z,1901.32,True,True,RECLAIM_CONFIRMATION_STOP,b92901d2d299bffb758bbc555f96627f084f9895081eee969f50ccbb32b690de,54c758bf6c4f8705026bd84c7d9a8b30bfac16fe35f1747c2b1e25388d608307,1898.751142857143,0.9771428571428454,0.04885714285714227,,M5_LATEST_CONFIRMED_OPPOSING_SWING_ELSE_CONTROL,True,8944adb8aab27d8dd97e20fb20d94c08e05dd13a6cdac570c59db66a1a7332a6,2023-03-15T09:50:00Z,1898.8,1910.15,2fa6191e7b7ddbab0d41e6f9fbc0914b6ad65f64d87eb0f59a1a6a620e7f2947
15e90b97cbc905927ee1de4cbdf383175df64e101c60950cbe487276be0d82ea,1901.32,2023-03-15T09:55:00Z,7c76f486bb0cd475f2a7a15f461bd8c172ee0d6207a89009d41aa45c4aec5831,2023-03-15T09:55:00Z,1902.22,1898.63,2023-04-01T00:00:00Z,2023-03-15T06:00:00Z,0.0,LONG,0.8762932749701665,-50.0,M15_LATEST_CONFIRMED_OPPOSING_SWING_ELSE_CONTROL,2023-03-15T09:55:00Z,CONFIRMED_25_75_RETEST_SPLIT,1902.22,True,14337066973546e9296c916735a2b32474ed38ff976e5b5de81c31c3e9949659,1.0389049851281507,0.36160499323261697,2023_03,-1.0,-1.0,STOP,2023-03-15T10:24:00Z,SPLIT_STOP_STOP,47a2617caa4dc5b8ce53510dd89a4a0f64cd4d5ffb6f8e0f390d69163a2d28fb,2023-03-15T10:23:00Z,FIRST_RETEST_FILLED,2023-03-15T10:10:00Z,2023-03-15T09:57:00Z,1901.32,True,True,RECLAIM_CONFIRMATION_STOP,6d578d1d8527b45954244902f4b3de57e266bd6d74781a7979f497402b980688,54c758bf6c4f8705026bd84c7d9a8b30bfac16fe35f1747c2b1e25388d608307,1899.0741071428572,1.3178571428571462,0.06589285714285731,,M15_LATEST_CONFIRMED_OPPOSING_SWING_ELSE_CONTROL,True,6da6bfeba4f28a9e9d398fec05c189f77ade814f1bed0b0821e23f540d6458f1,2023-03-15T09:15:00Z,1899.14,1910.15,2fa6191e7b7ddbab0d41e6f9fbc0914b6ad65f64d87eb0f59a1a6a620e7f2947
15e90b97cbc905927ee1de4cbdf383175df64e101c60950cbe487276be0d82ea,1901.32,2023-03-15T09:55:00Z,7c76f486bb0cd475f2a7a15f461bd8c172ee0d6207a89009d41aa45c4aec5831,2023-03-15T09:55:00Z,1902.22,1898.63,2023-04-01T00:00:00Z,2023-03-15T06:00:00Z,0.0,LONG,0.6972542777556838,-50.0,H1_SOURCE_SWING_BUFFERED_ELSE_CONTROL,2023-03-15T09:55:00Z,CONFIRMED_25_75_RETEST_SPLIT,1902.22,True,bc6fb43776d2e102d2651014816862101123c5235445e2c6f854b182884b98f5,1.0266010572323878,0.5045216878459238,2023_03,-1.0,-1.0,STOP,2023-03-15T10:24:00Z,SPLIT_STOP_STOP,eb254bb9c8c582df6e82c02def5bc655eb1444f7c4644856c6d301bf75d745b4,2023-03-15T10:20:00Z,FIRST_RETEST_FILLED,2023-03-15T10:10:00Z,2023-03-15T09:57:00Z,1901.32,True,True,RECLAIM_CONFIRMATION_STOP,1c5e031d4a0720d4bbe0dcae79ab5ddff845cc8484f1190855dfbb706f2ef9f2,54c758bf6c4f8705026bd84c7d9a8b30bfac16fe35f1747c2b1e25388d608307,1899.7168571428572,4.862857142857122,0.2431428571428561,,H1_SOURCE_SWING_BUFFERED_ELSE_CONTROL,True,54c758bf6c4f8705026bd84c7d9a8b30bfac16fe35f1747c2b1e25388d608307,2023-03-15T06:00:00Z,1899.96,1910.15,2fa6191e7b7ddbab0d41e6f9fbc0914b6ad65f64d87eb0f59a1a6a620e7f2947
41d2163e4f73df05c01385006a0b8bb4632f1e7738c1a786c165aea9190c05e8,1921.84,2023-03-16T03:10:00Z,57556c99aef0cfb0d3f740183e49d976fa001c1f8c679cf1165b71321dc0531f,2023-03-16T03:10:00Z,1922.62,1909.14,2023-04-01T00:00:00Z,2023-03-16T03:00:00Z,0.0,LONG,1.0,-50.0,CONTROL_V2_FILLED_STOP,2023-03-16T03:10:00Z,CONTROL_NEXT_M1_OPEN,1922.62,True,18c5b8c8766dc627c329896a44960ea613f62e13ffa941a17a8b5b2426ab950d,1.1127596439169312,0.1305637982196028,2023_03,-1.0,-1.0,STOP,2023-03-16T04:07:00Z,STOP,b22f9c23a5338564be02860b4311871c4b5f801a40e47058af85bb90e16e7850,2023-03-16T04:07:00Z,RETEST_EXPIRED,2023-03-16T03:25:00Z,,1921.84,False,False,INITIAL_CONFIRMATION_STOP,4d371f3aebcb90e2b51503778dbf8bdf7e2fee7a1fc28a583f40823738d3fd60,b59c49fe9fb2c3e1d5980f73010759ae2e4543520b0a1792865643d41ee80d8c,1909.14,,,,CONTROL_V2_FILLED_STOP,False,,2023-03-16T03:10:00Z,1909.14,1937.39,b8b302bdc9ab0bf62b9eaca4cd5047f827072e847c0eac16f1da3599e5940d56
41d2163e4f73df05c01385006a0b8bb4632f1e7738c1a786c165aea9190c05e8,1921.84,2023-03-16T03:10:00Z,57556c99aef0cfb0d3f740183e49d976fa001c1f8c679cf1165b71321dc0531f,2023-03-16T03:10:00Z,1922.62,1909.14,2023-04-01T00:00:00Z,2023-03-16T03:00:00Z,0.0,LONG,0.19686042814750843,-50.0,M5_LATEST_CONFIRMED_OPPOSING_SWING_ELSE_CONTROL,2023-03-16T03:10:00Z,CONTROL_NEXT_M1_OPEN,1922.62,True,274f4374e8b6343883cd74ee0981c80cd9ec399b16d9edbcdd1e9028464761af,1.1192011089727283,0.6632302867987808,2023_03,-1.0,-1.0,STOP,2023-03-16T04:07:00Z,STOP,3e4b3dae412db8eb1d5183d7b4f30b7280f8b4cd40cd451c4339d764d5f642bc,2023-03-16T03:49:00Z,RETEST_EXPIRED,2023-03-16T03:25:00Z,,1921.84,False,False,INITIAL_CONFIRMATION_STOP,5a17c33ebee8a59cb8fd6faa8cd3b2fdb9933238b6c8267280b0fc6d9f9c5e9c,b59c49fe9fb2c3e1d5980f73010759ae2e4543520b0a1792865643d41ee80d8c,1919.9663214285715,1.0735714285714428,0.053678571428572144,,M5_LATEST_CONFIRMED_OPPOSING_SWING_ELSE_CONTROL,True,8ecf6303eeaeb350031bf37b16d1638ef8f0a7e1a23c115df3af893e4be4e83b,2023-03-16T02:45:00Z,1920.02,1937.39,b8b302bdc9ab0bf62b9eaca4cd5047f827072e847c0eac16f1da3599e5940d56
41d2163e4f73df05c01385006a0b8bb4632f1e7738c1a786c165aea9190c05e8,1921.84,2023-03-16T03:10:00Z,57556c99aef0cfb0d3f740183e49d976fa001c1f8c679cf1165b71321dc0531f,2023-03-16T03:10:00Z,1922.62,1909.14,2023-04-01T00:00:00Z,2023-03-16T03:00:00Z,0.0,LONG,0.24637823230181322,-50.0,M15_LATEST_CONFIRMED_OPPOSING_SWING_ELSE_CONTROL,2023-03-16T03:10:00Z,CONTROL_NEXT_M1_OPEN,1922.62,True,cd6741715cc8815096617e7e33c72d1c4e9e244718391a524d243e04704d39d1,1.0417988450743596,0.5299323605003473,2023_03,-1.0,-1.0,STOP,2023-03-16T04:07:00Z,STOP,f64d62f500bde1471709ba5f171cbd27c2bc3a3be00a300ab2bb2d4524663804,2023-03-16T03:50:00Z,RETEST_EXPIRED,2023-03-16T03:25:00Z,,1921.84,False,False,INITIAL_CONFIRMATION_STOP,bf9fd638cf20f76d9dc30cec627f416ff4592398e45dec2967af7d356da09acf,b59c49fe9fb2c3e1d5980f73010759ae2e4543520b0a1792865643d41ee80d8c,1919.2988214285715,2.4235714285714005,0.12117857142857003,,M15_LATEST_CONFIRMED_OPPOSING_SWING_ELSE_CONTROL,True,a0a7b25587d175610d8d45543c5e4ae8fb71730ceb713d9fe8b43ea83e32906e,2023-03-16T02:30:00Z,1919.42,1937.39,b8b302bdc9ab0bf62b9eaca4cd5047f827072e847c0eac16f1da3599e5940d56
41d2163e4f73df05c01385006a0b8bb4632f1e7738c1a786c165aea9190c05e8,1921.84,2023-03-16T03:10:00Z,57556c99aef0cfb0d3f740183e49d976fa001c1f8c679cf1165b71321dc0531f,2023-03-16T03:10:00Z,1922.62,1909.14,2023-04-01T00:00:00Z,2023-03-16T03:00:00Z,0.0,LONG,1.0,-50.0,CONTROL_V2_FILLED_STOP,2023-03-16T03:10:00Z,CONTROL_NEXT_M1_OPEN,1922.62,True,0ef4cde8ce596d56b0cd307dfb4d6ed33934e93a6a46a577441422d126d08a04,1.1127596439169312,0.1305637982196028,2023_03,-1.0,-1.0,STOP,2023-03-16T04:07:00Z,STOP,d04654f401fa5c208001891606357b1e94dc39c4af671bb3ecb387f8418693c0,2023-03-16T04:07:00Z,RETEST_EXPIRED,2023-03-16T03:25:00Z,,1921.84,False,False,INITIAL_CONFIRMATION_STOP,4a41dd375693b711d222c29fd72c031a0a25da8e87ef5e16a8131e2cdfaf544c,b59c49fe9fb2c3e1d5980f73010759ae2e4543520b0a1792865643d41ee80d8c,1909.14,11.007142857142851,0.5503571428571425,NOT_STRICTLY_CLOSER_THAN_CONTROL,H1_SOURCE_SWING_BUFFERED_ELSE_CONTROL,False,b59c49fe9fb2c3e1d5980f73010759ae2e4543520b0a1792865643d41ee80d8c,2023-03-16T03:00:00Z,1909.14,1937.39,b8b302bdc9ab0bf62b9eaca4cd5047f827072e847c0eac16f1da3599e5940d56
41d2163e4f73df05c01385006a0b8bb4632f1e7738c1a786c165aea9190c05e8,1921.84,2023-03-16T03:10:00Z,57556c99aef0cfb0d3f740183e49d976fa001c1f8c679cf1165b71321dc0531f,2023-03-16T03:10:00Z,1922.62,1909.14,2023-04-01T00:00:00Z,2023-03-16T03:00:00Z,1.0,LONG,1.0,0.0,CONTROL_V2_FILLED_STOP,,M5_BROKEN_CONTROL_FIRST_RETEST,,False,18c5b8c8766dc627c329896a44960ea613f62e13ffa941a17a8b5b2426ab950d,,,2023_03,0.0,-1.0,STOP,2023-03-16T04:07:00Z,NO_FILL,5191f8c744cc3522e32d580d84063f710dd7f1f6dda49faab9070c9c20a3a1c0,,RETEST_EXPIRED,2023-03-16T03:25:00Z,,1921.84,False,False,INITIAL_CONFIRMATION_STOP,59924e08d105840ddc8362e926a14e9013356ce9324e6bbceb52937734756b7b,b59c49fe9fb2c3e1d5980f73010759ae2e4543520b0a1792865643d41ee80d8c,1909.14,,,,CONTROL_V2_FILLED_STOP,False,,2023-03-16T03:10:00Z,1909.14,1937.39,b8b302bdc9ab0bf62b9eaca4cd5047f827072e847c0eac16f1da3599e5940d56
41d2163e4f73df05c01385006a0b8bb4632f1e7738c1a786c165aea9190c05e8,1921.84,2023-03-16T03:10:00Z,57556c99aef0cfb0d3f740183e49d976fa001c1f8c679cf1165b71321dc0531f,2023-03-16T03:10:00Z,1922.62,1909.14,2023-04-01T00:00:00Z,2023-03-16T03:00:00Z,1.0,LONG,0.19686042814750843,0.0,M5_LATEST_CONFIRMED_OPPOSING_SWING_ELSE_CONTROL,,M5_BROKEN_CONTROL_FIRST_RETEST,,False,274f4374e8b6343883cd74ee0981c80cd9ec399b16d9edbcdd1e9028464761af,,,2023_03,0.0,-1.0,STOP,2023-03-16T04:07:00Z,NO_FILL,59e4f53481a402d83131ce8a8f7623ff398db15ace15be775612f7c221644201,,RETEST_EXPIRED,2023-03-16T03:25:00Z,,1921.84,False,False,INITIAL_CONFIRMATION_STOP,e47efd1ba5281e84b5a6c212385b1f825e21280d2b3149d7d9e130e3f7edf57e,b59c49fe9fb2c3e1d5980f73010759ae2e4543520b0a1792865643d41ee80d8c,1919.9663214285715,1.0735714285714428,0.053678571428572144,,M5_LATEST_CONFIRMED_OPPOSING_SWING_ELSE_CONTROL,True,8ecf6303eeaeb350031bf37b16d1638ef8f0a7e1a23c115df3af893e4be4e83b,2023-03-16T02:45:00Z,1920.02,1937.39,b8b302bdc9ab0bf62b9eaca4cd5047f827072e847c0eac16f1da3599e5940d56
41d2163e4f73df05c01385006a0b8bb4632f1e7738c1a786c165aea9190c05e8,1921.84,2023-03-16T03:10:00Z,57556c99aef0cfb0d3f740183e49d976fa001c1f8c679cf1165b71321dc0531f,2023-03-16T03:10:00Z,1922.62,1909.14,2023-04-01T00:00:00Z,2023-03-16T03:00:00Z,1.0,LONG,0.24637823230181322,0.0,M15_LATEST_CONFIRMED_OPPOSING_SWING_ELSE_CONTROL,,M5_BROKEN_CONTROL_FIRST_RETEST,,False,cd6741715cc8815096617e7e33c72d1c4e9e244718391a524d243e04704d39d1,,,2023_03,0.0,-1.0,STOP,2023-03-16T04:07:00Z,NO_FILL,bff8d2c4b9b75b93801a935690377cbc7b3204499f207efc562ae9521f80fb42,,RETEST_EXPIRED,2023-03-16T03:25:00Z,,1921.84,False,False,INITIAL_CONFIRMATION_STOP,f4c3e30debcc3e4ad4987cf65fec459d64812d57e19436af2981c633724c3a83,b59c49fe9fb2c3e1d5980f73010759ae2e4543520b0a1792865643d41ee80d8c,1919.2988214285715,2.4235714285714005,0.12117857142857003,,M15_LATEST_CONFIRMED_OPPOSING_SWING_ELSE_CONTROL,True,a0a7b25587d175610d8d45543c5e4ae8fb71730ceb713d9fe8b43ea83e32906e,2023-03-16T02:30:00Z,1919.42,1937.39,b8b302bdc9ab0bf62b9eaca4cd5047f827072e847c0eac16f1da3599e5940d56
41d2163e4f73df05c01385006a0b8bb4632f1e7738c1a786c165aea9190c05e8,1921.84,2023-03-16T03:10:00Z,57556c99aef0cfb0d3f740183e49d976fa001c1f8c679cf1165b71321dc0531f,2023-03-16T03:10:00Z,1922.62,1909.14,2023-04-01T00:00:00Z,2023-03-16T03:00:00Z,1.0,LONG,1.0,0.0,CONTROL_V2_FILLED_STOP,,M5_BROKEN_CONTROL_FIRST_RETEST,,False,0ef4cde8ce596d56b0cd307dfb4d6ed33934e93a6a46a577441422d126d08a04,,,2023_03,0.0,-1.0,STOP,2023-03-16T04:07:00Z,NO_FILL,8e909157528f64f8e94b7361e897f3d199e229336b53a6e33797610774d0a9d0,,RETEST_EXPIRED,2023-03-16T03:25:00Z,,1921.84,False,False,INITIAL_CONFIRMATION_STOP,19c824a333e5618d20c16c11bd1e6da803e4251f6cc44b016ec25ff001cd2987,b59c49fe9fb2c3e1d5980f73010759ae2e4543520b0a1792865643d41ee80d8c,1909.14,11.007142857142851,0.5503571428571425,NOT_STRICTLY_CLOSER_THAN_CONTROL,H1_SOURCE_SWING_BUFFERED_ELSE_CONTROL,False,b59c49fe9fb2c3e1d5980f73010759ae2e4543520b0a1792865643d41ee80d8c,2023-03-16T03:00:00Z,1909.14,1937.39,b8b302bdc9ab0bf62b9eaca4cd5047f827072e847c0eac16f1da3599e5940d56
41d2163e4f73df05c01385006a0b8bb4632f1e7738c1a786c165aea9190c05e8,1921.84,2023-03-16T03:10:00Z,57556c99aef0cfb0d3f740183e49d976fa001c1f8c679cf1165b71321dc0531f,2023-03-16T03:10:00Z,1922.62,1909.14,2023-04-01T00:00:00Z,2023-03-16T03:00:00Z,0.75,LONG,1.0,-12.5,CONTROL_V2_FILLED_STOP,2023-03-16T03:10:00Z,CONFIRMED_25_75_RETEST_SPLIT,1922.62,True,18c5b8c8766dc627c329896a44960ea613f62e13ffa941a17a8b5b2426ab950d,0.2781899109792328,0.0326409495549007,2023_03,-0.25,-1.0,STOP,2023-03-16T04:07:00Z,SPLIT_CONTROL_STOP_NO_RETEST,2a8830192dc17dd43dbbff21eba7fc386b10b8d7a8d450ff5e8fb01b20df67c7,2023-03-16T04:07:00Z,RETEST_EXPIRED,2023-03-16T03:25:00Z,,1921.84,False,False,INITIAL_CONFIRMATION_STOP,932ca30db6b03e08abea24c7baa5558ece55bd3078f3d05695bb09fbf246a38c,b59c49fe9fb2c3e1d5980f73010759ae2e4543520b0a1792865643d41ee80d8c,1909.14,,,,CONTROL_V2_FILLED_STOP,False,,2023-03-16T03:10:00Z,1909.14,1937.39,b8b302bdc9ab0bf62b9eaca4cd5047f827072e847c0eac16f1da3599e5940d56
41d2163e4f73df05c01385006a0b8bb4632f1e7738c1a786c165aea9190c05e8,1921.84,2023-03-16T03:10:00Z,57556c99aef0cfb0d3f740183e49d976fa001c1f8c679cf1165b71321dc0531f,2023-03-16T03:10:00Z,1922.62,1909.14,2023-04-01T00:00:00Z,2023-03-16T03:00:00Z,0.75,LONG,0.19686042814750843,-12.5,M5_LATEST_CONFIRMED_OPPOSING_SWING_ELSE_CONTROL,2023-03-16T03:10:00Z,CONFIRMED_25_75_RETEST_SPLIT,1922.62,True,274f4374e8b6343883cd74ee0981c80cd9ec399b16d9edbcdd1e9028464761af,0.27980027724318207,0.1658075716996952,2023_03,-0.25,-1.0,STOP,2023-03-16T04:07:00Z,SPLIT_CONTROL_STOP_NO_RETEST,740f2f720b43180da14c53bb1558e0ce087583e849b825cbafa58ac209f84eac,2023-03-16T03:49:00Z,RETEST_EXPIRED,2023-03-16T03:25:00Z,,1921.84,False,False,INITIAL_CONFIRMATION_STOP,9c4f0a8bf96a2c89cd4c53053154a76d626c5dc598cd9e23962f31fa2fc844d4,b59c49fe9fb2c3e1d5980f73010759ae2e4543520b0a1792865643d41ee80d8c,1919.9663214285715,1.0735714285714428,0.053678571428572144,,M5_LATEST_CONFIRMED_OPPOSING_SWING_ELSE_CONTROL,True,8ecf6303eeaeb350031bf37b16d1638ef8f0a7e1a23c115df3af893e4be4e83b,2023-03-16T02:45:00Z,1920.02,1937.39,b8b302bdc9ab0bf62b9eaca4cd5047f827072e847c0eac16f1da3599e5940d56
41d2163e4f73df05c01385006a0b8bb4632f1e7738c1a786c165aea9190c05e8,1921.84,2023-03-16T03:10:00Z,57556c99aef0cfb0d3f740183e49d976fa001c1f8c679cf1165b71321dc0531f,2023-03-16T03:10:00Z,1922.62,1909.14,2023-04-01T00:00:00Z,2023-03-16T03:00:00Z,0.75,LONG,0.24637823230181322,-12.5,M15_LATEST_CONFIRMED_OPPOSING_SWING_ELSE_CONTROL,2023-03-16T03:10:00Z,CONFIRMED_25_75_RETEST_SPLIT,1922.62,True,cd6741715cc8815096617e7e33c72d1c4e9e244718391a524d243e04704d39d1,0.2604497112685899,0.13248309012508683,2023_03,-0.25,-1.0,STOP,2023-03-16T04:07:00Z,SPLIT_CONTROL_STOP_NO_RETEST,ab5853938a065e70afd9e9f0933f9e9451742619699c650d0c1cafb3fc0878c6,2023-03-16T03:50:00Z,RETEST_EXPIRED,2023-03-16T03:25:00Z,,1921.84,False,False,INITIAL_CONFIRMATION_STOP,04f127fd19fffd3cebd7335848fea5a2d379ae267c3c20353a0a8607e81413db,b59c49fe9fb2c3e1d5980f73010759ae2e4543520b0a1792865643d41ee80d8c,1919.2988214285715,2.4235714285714005,0.12117857142857003,,M15_LATEST_CONFIRMED_OPPOSING_SWING_ELSE_CONTROL,True,a0a7b25587d175610d8d45543c5e4ae8fb71730ceb713d9fe8b43ea83e32906e,2023-03-16T02:30:00Z,1919.42,1937.39,b8b302bdc9ab0bf62b9eaca4cd5047f827072e847c0eac16f1da3599e5940d56
41d2163e4f73df05c01385006a0b8bb4632f1e7738c1a786c165aea9190c05e8,1921.84,2023-03-16T03:10:00Z,57556c99aef0cfb0d3f740183e49d976fa001c1f8c679cf1165b71321dc0531f,2023-03-16T03:10:00Z,1922.62,1909.14,2023-04-01T00:00:00Z,2023-03-16T03:00:00Z,0.75,LONG,1.0,-12.5,CONTROL_V2_FILLED_STOP,2023-03-16T03:10:00Z,CONFIRMED_25_75_RETEST_SPLIT,1922.62,True,0ef4cde8ce596d56b0cd307dfb4d6ed33934e93a6a46a577441422d126d08a04,0.2781899109792328,0.0326409495549007,2023_03,-0.25,-1.0,STOP,2023-03-16T04:07:00Z,SPLIT_CONTROL_STOP_NO_RETEST,277ce24bf03eedad3cdad36d1a3c5efa9267093a5465cb8d6ffc6fb20a797a8c,2023-03-16T04:07:00Z,RETEST_EXPIRED,2023-03-16T03:25:00Z,,1921.84,False,False,INITIAL_CONFIRMATION_STOP,d6b6484adf5dc75156094aa8da019390cbb8de23af345316f58e4e2e00db224d,b59c49fe9fb2c3e1d5980f73010759ae2e4543520b0a1792865643d41ee80d8c,1909.14,11.007142857142851,0.5503571428571425,NOT_STRICTLY_CLOSER_THAN_CONTROL,H1_SOURCE_SWING_BUFFERED_ELSE_CONTROL,False,b59c49fe9fb2c3e1d5980f73010759ae2e4543520b0a1792865643d41ee80d8c,2023-03-16T03:00:00Z,1909.14,1937.39,b8b302bdc9ab0bf62b9eaca4cd5047f827072e847c0eac16f1da3599e5940d56
467ee9965ca4d58015e94b30b4b0c7a4c13c719e221e3c0f9ed46f098a9b89c9,1909.28,2023-03-16T04:45:00Z,16543a5c86b9a3485f83322f9b3076c506b54b1e79a50bf5a1065561a636445e,2023-03-16T04:45:00Z,1909.27,1937.39,2023-04-01T00:00:00Z,2023-03-15T22:00:00Z,0.0,SHORT,1.0,-50.0,CONTROL_V2_FILLED_STOP,2023-03-16T04:45:00Z,CONTROL_NEXT_M1_OPEN,1909.27,True,2026d5ee5753a680fabc405705aff7a926fb81f92405603a99b74c1e238558b5,1.0113798008534827,0.0007112375533421667,2023_03,-1.0,-1.0,STOP,2023-03-17T15:08:00Z,STOP,f09191d8e9f83c6b8369daae8a8fc7681dba94517a63dd30530b9f481370ed46,2023-03-17T15:08:00Z,FIRST_RETEST_FILLED,2023-03-16T05:00:00Z,2023-03-16T04:45:00Z,1909.28,True,False,INITIAL_CONFIRMATION_STOP,b12af464153a91893452c4562510ba2153702b6729a8082dc496ce188f02fa5d,0a175e9fa87acc4d98e542c1e998fcf43e09fc88b852f62b3f4a8fae739bd834,1937.39,,,,CONTROL_V2_FILLED_STOP,False,,2023-03-16T04:45:00Z,1937.39,1885.7,69812e07656e77cf0e2a1452d9d3909ea004ad7494fb0832f5b60f46614f0ca7
467ee9965ca4d58015e94b30b4b0c7a4c13c719e221e3c0f9ed46f098a9b89c9,1909.28,2023-03-16T04:45:00Z,16543a5c86b9a3485f83322f9b3076c506b54b1e79a50bf5a1065561a636445e,2023-03-16T04:45:00Z,1909.27,1937.39,2023-04-01T00:00:00Z,2023-03-15T22:00:00Z,0.0,SHORT,0.17939443202601432,-50.0,M5_LATEST_CONFIRMED_OPPOSING_SWING_ELSE_CONTROL,2023-03-16T04:45:00Z,CONTROL_NEXT_M1_OPEN,1909.27,True,59af6b1dae5bacd31987915cd3b0487903fd85c2d1ab287d53d1958bdef0a6b0,1.0169347530584487,0.003964657906656929,2023_03,-1.0,-1.0,STOP,2023-03-17T15:08:00Z,STOP,aaaa949e8f653738c3a243397fbd47d9e76843d98a816fbc896c57c4b4332b86,2023-03-16T06:47:00Z,FIRST_RETEST_FILLED,2023-03-16T05:00:00Z,2023-03-16T04:45:00Z,1909.28,True,False,INITIAL_CONFIRMATION_STOP,35555d7ac948308a9c2da4cbdce1ace9958de5f65f4393221e84f3d542042982,0a175e9fa87acc4d98e542c1e998fcf43e09fc88b852f62b3f4a8fae739bd834,1914.3145714285715,2.691428571428576,0.1345714285714288,,M5_LATEST_CONFIRMED_OPPOSING_SWING_ELSE_CONTROL,True,847fa5938b0b5f9c9c67b1d948bcc462249d8ba2c69fcc2882f1c8f937cfb9c3,2023-03-16T04:35:00Z,1914.18,1885.7,69812e07656e77cf0e2a1452d9d3909ea004ad7494fb0832f5b60f46614f0ca7
467ee9965ca4d58015e94b30b4b0c7a4c13c719e221e3c0f9ed46f098a9b89c9,1909.28,2023-03-16T04:45:00Z,16543a5c86b9a3485f83322f9b3076c506b54b1e79a50bf5a1065561a636445e,2023-03-16T04:45:00Z,1909.27,1937.39,2023-04-01T00:00:00Z,2023-03-15T22:00:00Z,0.0,SHORT,0.5428723836618593,-50.0,M15_LATEST_CONFIRMED_OPPOSING_SWING_ELSE_CONTROL,2023-03-16T04:45:00Z,CONTROL_NEXT_M1_OPEN,1909.27,True,035777dd3c5cc08653e26bafcc53fbfb7e22ddbe621e2e46ec368c894f9170bc,1.013391478490341,0.0013101376580341533,2023_03,-1.0,-1.0,STOP,2023-03-17T15:08:00Z,STOP,4f9d2ea8e36e17891a3ea4358da4e58b09f7cada45040dac0a40fcb7795791e8,2023-03-16T14:10:00Z,FIRST_RETEST_FILLED,2023-03-16T05:00:00Z,2023-03-16T04:45:00Z,1909.28,True,False,INITIAL_CONFIRMATION_STOP,e03997c20c3d00e97e08db521a527e2d047d92d72038763d8bfcbbfd8cd94039,0a175e9fa87acc4d98e542c1e998fcf43e09fc88b852f62b3f4a8fae739bd834,1924.5355714285715,3.1114285714285677,0.1555714285714284,,M15_LATEST_CONFIRMED_OPPOSING_SWING_ELSE_CONTROL,True,e30954d8770cbd4db055a5a8fbeefcb89356af710d7a124d97aaff7ef4bae3e3,2023-03-16T04:15:00Z,1924.38,1885.7,69812e07656e77cf0e2a1452d9d3909ea004ad7494fb0832f5b60f46614f0ca7
467ee9965ca4d58015e94b30b4b0c7a4c13c719e221e3c0f9ed46f098a9b89c9,1909.28,2023-03-16T04:45:00Z,16543a5c86b9a3485f83322f9b3076c506b54b1e79a50bf5a1065561a636445e,2023-03-16T04:45:00Z,1909.27,1937.39,2023-04-01T00:00:00Z,2023-03-15T22:00:00Z,0.0,SHORT,1.0,-50.0,CONTROL_V2_FILLED_STOP,2023-03-16T04:45:00Z,CONTROL_NEXT_M1_OPEN,1909.27,True,e7ea7b9eefa2fee3561e6892876a2237d50e338495e1660f44ab90eeec4dbde6,1.0113798008534827,0.0007112375533421667,2023_03,-1.0,-1.0,STOP,2023-03-17T15:08:00Z,STOP,39b339e9f264f105d73776e11471427f06e5a4fe8d34a22f6a39a9f7edafc93a,2023-03-17T15:08:00Z,FIRST_RETEST_FILLED,2023-03-16T05:00:00Z,2023-03-16T04:45:00Z,1909.28,True,False,INITIAL_CONFIRMATION_STOP,aad55f61f046edff0bd2a04b2a881dc8bd3c95be6873004aec7c66d7efac2279,0a175e9fa87acc4d98e542c1e998fcf43e09fc88b852f62b3f4a8fae739bd834,1937.39,11.535,0.57675,NOT_STRICTLY_CLOSER_THAN_CONTROL,H1_SOURCE_SWING_BUFFERED_ELSE_CONTROL,False,0a175e9fa87acc4d98e542c1e998fcf43e09fc88b852f62b3f4a8fae739bd834,2023-03-15T22:00:00Z,1937.39,1885.7,69812e07656e77cf0e2a1452d9d3909ea004ad7494fb0832f5b60f46614f0ca7
467ee9965ca4d58015e94b30b4b0c7a4c13c719e221e3c0f9ed46f098a9b89c9,1909.28,2023-03-16T04:45:00Z,16543a5c86b9a3485f83322f9b3076c506b54b1e79a50bf5a1065561a636445e,2023-03-16T04:45:00Z,1909.27,1937.39,2023-04-01T00:00:00Z,2023-03-15T22:00:00Z,0.0,SHORT,1.0,-50.0,CONTROL_V2_FILLED_STOP,2023-03-16T04:45:00Z,M5_BROKEN_CONTROL_FIRST_RETEST,1909.28,True,2026d5ee5753a680fabc405705aff7a926fb81f92405603a99b74c1e238558b5,1.0113838491639962,0.001067235859123891,2023_03,-1.0,-1.0,STOP,2023-03-17T15:08:00Z,STOP,21f67f3c5c0f0e17cab06933c09cbbea525fcbbbec4bf1d16afa5983436055e7,2023-03-17T15:08:00Z,FIRST_RETEST_FILLED,2023-03-16T05:00:00Z,2023-03-16T04:45:00Z,1909.28,True,True,INITIAL_CONFIRMATION_STOP,6af8111569cc678bc71eb0e5e3a4729b14813ac3536a5d2324b9d2ec7e37e51c,0a175e9fa87acc4d98e542c1e998fcf43e09fc88b852f62b3f4a8fae739bd834,1937.39,,,,CONTROL_V2_FILLED_STOP,False,,2023-03-16T04:45:00Z,1937.39,1885.7,69812e07656e77cf0e2a1452d9d3909ea004ad7494fb0832f5b60f46614f0ca7
467ee9965ca4d58015e94b30b4b0c7a4c13c719e221e3c0f9ed46f098a9b89c9,1909.28,2023-03-16T04:45:00Z,16543a5c86b9a3485f83322f9b3076c506b54b1e79a50bf5a1065561a636445e,2023-03-16T04:45:00Z,1909.27,1937.39,2023-04-01T00:00:00Z,2023-03-15T22:00:00Z,0.0,SHORT,0.17939443202601432,-50.0,M5_LATEST_CONFIRMED_OPPOSING_SWING_ELSE_CONTROL,2023-03-16T04:45:00Z,M5_BROKEN_CONTROL_FIRST_RETEST,1909.28,True,59af6b1dae5bacd31987915cd3b0487903fd85c2d1ab287d53d1958bdef0a6b0,1.0169683899892157,0.005958799160087504,2023_03,-1.0,-1.0,STOP,2023-03-17T15:08:00Z,STOP,8e8669584215ef58bc274d8c23112e086168ca8c946fd61d4aafaeeeb89313a6,2023-03-16T06:47:00Z,FIRST_RETEST_FILLED,2023-03-16T05:00:00Z,2023-03-16T04:45:00Z,1909.28,True,True,INITIAL_CONFIRMATION_STOP,9c27460491c6f8c1e1f9804f8b0a2cdb6fa1dda8274625ae631335f72430a881,0a175e9fa87acc4d98e542c1e998fcf43e09fc88b852f62b3f4a8fae739bd834,1914.3145714285715,2.691428571428576,0.1345714285714288,,M5_LATEST_CONFIRMED_OPPOSING_SWING_ELSE_CONTROL,True,847fa5938b0b5f9c9c67b1d948bcc462249d8ba2c69fcc2882f1c8f937cfb9c3,2023-03-16T04:35:00Z,1914.18,1885.7,69812e07656e77cf0e2a1452d9d3909ea004ad7494fb0832f5b60f46614f0ca7
467ee9965ca4d58015e94b30b4b0c7a4c13c719e221e3c0f9ed46f098a9b89c9,1909.28,2023-03-16T04:45:00Z,16543a5c86b9a3485f83322f9b3076c506b54b1e79a50bf5a1065561a636445e,2023-03-16T04:45:00Z,1909.27,1937.39,2023-04-01T00:00:00Z,2023-03-15T22:00:00Z,0.0,SHORT,0.5428723836618593,-50.0,M15_LATEST_CONFIRMED_OPPOSING_SWING_ELSE_CONTROL,2023-03-16T04:45:00Z,M5_BROKEN_CONTROL_FIRST_RETEST,1909.28,True,035777dd3c5cc08653e26bafcc53fbfb7e22ddbe621e2e46ec368c894f9170bc,1.0134002565807279,0.001966494676416178,2023_03,-1.0,-1.0,STOP,2023-03-17T15:08:00Z,STOP,5cdfe27660e48641346ca097a10550b4383c2a2afdedf49675e9ab324e8c81ae,2023-03-16T14:10:00Z,FIRST_RETEST_FILLED,2023-03-16T05:00:00Z,2023-03-16T04:45:00Z,1909.28,True,True,INITIAL_CONFIRMATION_STOP,03d6712b4bb88c1f76b0b724e61d2bbb20cbdf6b4195e6f5b78ce12fc8d277b2,0a175e9fa87acc4d98e542c1e998fcf43e09fc88b852f62b3f4a8fae739bd834,1924.5355714285715,3.1114285714285677,0.1555714285714284,,M15_LATEST_CONFIRMED_OPPOSING_SWING_ELSE_CONTROL,True,e30954d8770cbd4db055a5a8fbeefcb89356af710d7a124d97aaff7ef4bae3e3,2023-03-16T04:15:00Z,1924.38,1885.7,69812e07656e77cf0e2a1452d9d3909ea004ad7494fb0832f5b60f46614f0ca7
467ee9965ca4d58015e94b30b4b0c7a4c13c719e221e3c0f9ed46f098a9b89c9,1909.28,2023-03-16T04:45:00Z,16543a5c86b9a3485f83322f9b3076c506b54b1e79a50bf5a1065561a636445e,2023-03-16T04:45:00Z,1909.27,1937.39,2023-04-01T00:00:00Z,2023-03-15T22:00:00Z,0.0,SHORT,1.0,-50.0,CONTROL_V2_FILLED_STOP,2023-03-16T04:45:00Z,M5_BROKEN_CONTROL_FIRST_RETEST,1909.28,True,e7ea7b9eefa2fee3561e6892876a2237d50e338495e1660f44ab90eeec4dbde6,1.0113838491639962,0.001067235859123891,2023_03,-1.0,-1.0,STOP,2023-03-17T15:08:00Z,STOP,bd706371bb3c4a2e16de8d5c8937d3c4334288576b51391cdff48f8921c1f640,2023-03-17T15:08:00Z,FIRST_RETEST_FILLED,2023-03-16T05:00:00Z,2023-03-16T04:45:00Z,1909.28,True,True,INITIAL_CONFIRMATION_STOP,718e5c74a38939b65b7342b4d604fe1ae8fce665dd8428698a152003aa6783b9,0a175e9fa87acc4d98e542c1e998fcf43e09fc88b852f62b3f4a8fae739bd834,1937.39,11.535,0.57675,NOT_STRICTLY_CLOSER_THAN_CONTROL,H1_SOURCE_SWING_BUFFERED_ELSE_CONTROL,False,0a175e9fa87acc4d98e542c1e998fcf43e09fc88b852f62b3f4a8fae739bd834,2023-03-15T22:00:00Z,1937.39,1885.7,69812e07656e77cf0e2a1452d9d3909ea004ad7494fb0832f5b60f46614f0ca7
467ee9965ca4d58015e94b30b4b0c7a4c13c719e221e3c0f9ed46f098a9b89c9,1909.28,2023-03-16T04:45:00Z,16543a5c86b9a3485f83322f9b3076c506b54b1e79a50bf5a1065561a636445e,2023-03-16T04:45:00Z,1909.27,1937.39,2023-04-01T00:00:00Z,2023-03-15T22:00:00Z,0.0,SHORT,1.0,-50.0,CONTROL_V2_FILLED_STOP,2023-03-16T04:45:00Z,CONFIRMED_25_75_RETEST_SPLIT,1909.27,True,2026d5ee5753a680fabc405705aff7a926fb81f92405603a99b74c1e238558b5,1.0113828370863678,0.00097823628267846,2023_03,-1.0,-1.0,STOP,2023-03-17T15:08:00Z,SPLIT_STOP_STOP,3e350cbff4367a85eca74053835640f3d3d62a20bca791ef3982942fde8250d2,2023-03-17T15:08:00Z,FIRST_RETEST_FILLED,2023-03-16T05:00:00Z,2023-03-16T04:45:00Z,1909.28,True,True,INITIAL_CONFIRMATION_STOP,10ac2aa72c26f964cbd9e1b655d70ff3320fc926bc7206df51e2f70020b295f2,0a175e9fa87acc4d98e542c1e998fcf43e09fc88b852f62b3f4a8fae739bd834,1937.39,,,,CONTROL_V2_FILLED_STOP,False,,2023-03-16T04:45:00Z,1937.39,1885.7,69812e07656e77cf0e2a1452d9d3909ea004ad7494fb0832f5b60f46614f0ca7
467ee9965ca4d58015e94b30b4b0c7a4c13c719e221e3c0f9ed46f098a9b89c9,1909.28,2023-03-16T04:45:00Z,16543a5c86b9a3485f83322f9b3076c506b54b1e79a50bf5a1065561a636445e,2023-03-16T04:45:00Z,1909.27,1937.39,2023-04-01T00:00:00Z,2023-03-15T22:00:00Z,0.0,SHORT,0.17939443202601432,-50.0,M5_LATEST_CONFIRMED_OPPOSING_SWING_ELSE_CONTROL,2023-03-16T04:45:00Z,CONFIRMED_25_75_RETEST_SPLIT,1909.27,True,59af6b1dae5bacd31987915cd3b0487903fd85c2d1ab287d53d1958bdef0a6b0,1.016959980756524,0.005460263846729861,2023_03,-1.0,-1.0,STOP,2023-03-17T15:08:00Z,SPLIT_STOP_STOP,2b3626bfe0a18cea8b4bf99cf1c9308a667b575e3e1bb79028bae7530547f48c,2023-03-16T06:47:00Z,FIRST_RETEST_FILLED,2023-03-16T05:00:00Z,2023-03-16T04:45:00Z,1909.28,True,True,INITIAL_CONFIRMATION_STOP,e947cd9f6cc8b4663d21ce7faff5170e9dfb1fbf092fcf24febe239aa3e31712,0a175e9fa87acc4d98e542c1e998fcf43e09fc88b852f62b3f4a8fae739bd834,1914.3145714285715,2.691428571428576,0.1345714285714288,,M5_LATEST_CONFIRMED_OPPOSING_SWING_ELSE_CONTROL,True,847fa5938b0b5f9c9c67b1d948bcc462249d8ba2c69fcc2882f1c8f937cfb9c3,2023-03-16T04:35:00Z,1914.18,1885.7,69812e07656e77cf0e2a1452d9d3909ea004ad7494fb0832f5b60f46614f0ca7
467ee9965ca4d58015e94b30b4b0c7a4c13c719e221e3c0f9ed46f098a9b89c9,1909.28,2023-03-16T04:45:00Z,16543a5c86b9a3485f83322f9b3076c506b54b1e79a50bf5a1065561a636445e,2023-03-16T04:45:00Z,1909.27,1937.39,2023-04-01T00:00:00Z,2023-03-15T22:00:00Z,0.0,SHORT,0.5428723836618593,-50.0,M15_LATEST_CONFIRMED_OPPOSING_SWING_ELSE_CONTROL,2023-03-16T04:45:00Z,CONFIRMED_25_75_RETEST_SPLIT,1909.27,True,035777dd3c5cc08653e26bafcc53fbfb7e22ddbe621e2e46ec368c894f9170bc,1.013398062058131,0.001802405421820672,2023_03,-1.0,-1.0,STOP,2023-03-17T15:08:00Z,SPLIT_STOP_STOP,58ffd3823d8e2279c5b2afb26cc96e57d2b58e27613849f3e5574aad9065f7cb,2023-03-16T14:10:00Z,FIRST_RETEST_FILLED,2023-03-16T05:00:00Z,2023-03-16T04:45:00Z,1909.28,True,True,INITIAL_CONFIRMATION_STOP,ebbcddfd5736df068c1764fabea7f8350d900142cb3775348e73f19f45d0984d,0a175e9fa87acc4d98e542c1e998fcf43e09fc88b852f62b3f4a8fae739bd834,1924.5355714285715,3.1114285714285677,0.1555714285714284,,M15_LATEST_CONFIRMED_OPPOSING_SWING_ELSE_CONTROL,True,e30954d8770cbd4db055a5a8fbeefcb89356af710d7a124d97aaff7ef4bae3e3,2023-03-16T04:15:00Z,1924.38,1885.7,69812e07656e77cf0e2a1452d9d3909ea004ad7494fb0832f5b60f46614f0ca7
467ee9965ca4d58015e94b30b4b0c7a4c13c719e221e3c0f9ed46f098a9b89c9,1909.28,2023-03-16T04:45:00Z,16543a5c86b9a3485f83322f9b3076c506b54b1e79a50bf5a1065561a636445e,2023-03-16T04:45:00Z,1909.27,1937.39,2023-04-01T00:00:00Z,2023-03-15T22:00:00Z,0.0,SHORT,1.0,-50.0,CONTROL_V2_FILLED_STOP,2023-03-16T04:45:00Z,CONFIRMED_25_75_RETEST_SPLIT,1909.27,True,e7ea7b9eefa2fee3561e6892876a2237d50e338495e1660f44ab90eeec4dbde6,1.0113828370863678,0.00097823628267846,2023_03,-1.0,-1.0,STOP,2023-03-17T15:08:00Z,SPLIT_STOP_STOP,ab514ab4cfa35274b5ba80274f808b46dfdd49e25305d95f3b5ee2a24f49c9b5,2023-03-17T15:08:00Z,FIRST_RETEST_FILLED,2023-03-16T05:00:00Z,2023-03-16T04:45:00Z,1909.28,True,True,INITIAL_CONFIRMATION_STOP,ed1c61f56626205058f9cd279bbed0ee7b5e377e08d239b6fe0b7bd2ade25801,0a175e9fa87acc4d98e542c1e998fcf43e09fc88b852f62b3f4a8fae739bd834,1937.39,11.535,0.57675,NOT_STRICTLY_CLOSER_THAN_CONTROL,H1_SOURCE_SWING_BUFFERED_ELSE_CONTROL,False,0a175e9fa87acc4d98e542c1e998fcf43e09fc88b852f62b3f4a8fae739bd834,2023-03-15T22:00:00Z,1937.39,1885.7,69812e07656e77cf0e2a1452d9d3909ea004ad7494fb0832f5b60f46614f0ca7
935f8cc53a2aa4fc96d3eea08876e7ae5d344bae9a7cd68daaec982a81f148ed,1914.96,2023-03-16T08:25:00Z,c34f188dc2e0b29723199507237eeeb5f8ccb55507c7ecc9bc697b2adfd7ad12,2023-03-16T08:25:00Z,1915.34,1907.52,2023-04-01T00:00:00Z,2023-03-16T07:00:00Z,0.0,LONG,1.0,57.8005115089531,CONTROL_V2_FILLED_STOP,2023-03-16T08:25:00Z,CONTROL_NEXT_M1_OPEN,1915.34,True,bf01b40cd5077a9620b98e38dcdd9f218a11be62fcebd67c5c770df572f66108,0.372122762148322,1.161125319693124,2023_03,1.156010230179062,1.156010230179062,TARGET,2023-03-16T14:09:00Z,TARGET,6bab55f805b3e4526a2ad62cd8c5df350e867baaad625de0685c83e3c209726c,2023-03-16T14:09:00Z,RETEST_EXPIRED,2023-03-16T08:40:00Z,,1914.96,False,False,INITIAL_CONFIRMATION_TARGET,a79bc0d17cd53adb1588d5c8c376626548c92379d40dabc2be7bd18c2986ed88,3dcbfe012ee125156d194b03f4e910f4902938a623134bb1dfd3d69c79f93e14,1907.52,,,,CONTROL_V2_FILLED_STOP,False,,2023-03-16T08:25:00Z,1907.52,1924.38,c2dd3b697adfa552e631b466ccf266afa3115563a43286edfa2ac8690b902251
935f8cc53a2aa4fc96d3eea08876e7ae5d344bae9a7cd68daaec982a81f148ed,1914.96,2023-03-16T08:25:00Z,c34f188dc2e0b29723199507237eeeb5f8ccb55507c7ecc9bc697b2adfd7ad12,2023-03-16T08:25:00Z,1915.34,1907.52,2023-04-01T00:00:00Z,2023-03-16T07:00:00Z,-2.156010230179062,LONG,0.3355270369017059,-50.0,M5_LATEST_CONFIRMED_OPPOSING_SWING_ELSE_CONTROL,2023-03-16T08:25:00Z,CONTROL_NEXT_M1_OPEN,1915.34,True,d05decf821dca0d98ac7d3d2f129763ff5a3cdb04dfddb79f3d74ad2f99d083a,1.0366559135394662,1.9208624280290645,2023_03,-1.0,1.156010230179062,TARGET,2023-03-16T14:09:00Z,STOP,10db2f3f681830c474cda8eaf837a5b7cc4c91c0ac7125818ed928cb6012d732,2023-03-16T10:06:00Z,RETEST_EXPIRED,2023-03-16T08:40:00Z,,1914.96,False,False,INITIAL_CONFIRMATION_TARGET,631468a9e7ec6d3e2791083e6894dfe31a6d5cb41d37e53976138bfe040994cd,3dcbfe012ee125156d194b03f4e910f4902938a623134bb1dfd3d69c79f93e14,1912.7161785714286,1.0764285714286157,0.05382142857143079,,M5_LATEST_CONFIRMED_OPPOSING_SWING_ELSE_CONTROL,True,ed2fd56d1f208b9bc37bc568e49dbb3e5d0d28337e3fc855eac25fedd8f2e449,2023-03-16T07:55:00Z,1912.77,1924.38,c2dd3b697adfa552e631b466ccf266afa3115563a43286edfa2ac8690b902251
935f8cc53a2aa4fc96d3eea08876e7ae5d344bae9a7cd68daaec982a81f148ed,1914.96,2023-03-16T08:25:00Z,c34f188dc2e0b29723199507237eeeb5f8ccb55507c7ecc9bc697b2adfd7ad12,2023-03-16T08:25:00Z,1915.34,1907.52,2023-04-01T00:00:00Z,2023-03-16T07:00:00Z,0.0,LONG,1.0,57.8005115089531,CONTROL_V2_FILLED_STOP,2023-03-16T08:25:00Z,CONTROL_NEXT_M1_OPEN,1915.34,True,b15f04ca19a62d832b24b2d8d4bf957541b0bf4a216127e483485cb9bde0df15,0.372122762148322,1.161125319693124,2023_03,1.156010230179062,1.156010230179062,TARGET,2023-03-16T14:09:00Z,TARGET,65cc403ad8e1203a234290ac98dcd226cd68a7a77dc0770da6a6069f9b0bd621,2023-03-16T14:09:00Z,RETEST_EXPIRED,2023-03-16T08:40:00Z,,1914.96,False,False,INITIAL_CONFIRMATION_TARGET,36d16025fd045fc7762dcddcdf7e12e19431fe1e8f76c55b4ad375cebaee2118,3dcbfe012ee125156d194b03f4e910f4902938a623134bb1dfd3d69c79f93e14,1907.52,1.7342857142857449,0.08671428571428724,NOT_STRICTLY_CLOSER_THAN_CONTROL,M15_LATEST_CONFIRMED_OPPOSING_SWING_ELSE_CONTROL,False,6496e6783a527d5e6dfc879203efb6ed2295c35a981cffb318169ced9c5f91b3,2023-03-16T04:45:00Z,1907.52,1924.38,c2dd3b697adfa552e631b466ccf266afa3115563a43286edfa2ac8690b902251
935f8cc53a2aa4fc96d3eea08876e7ae5d344bae9a7cd68daaec982a81f148ed,1914.96,2023-03-16T08:25:00Z,c34f188dc2e0b29723199507237eeeb5f8ccb55507c7ecc9bc697b2adfd7ad12,2023-03-16T08:25:00Z,1915.34,1907.52,2023-04-01T00:00:00Z,2023-03-16T07:00:00Z,0.0,LONG,1.0,57.8005115089531,CONTROL_V2_FILLED_STOP,2023-03-16T08:25:00Z,CONTROL_NEXT_M1_OPEN,1915.34,True,45e90b97c2e09e8fe7076babb21691e1ca73aeab8e4a6281f469322c31e5fc08,0.372122762148322,1.161125319693124,2023_03,1.156010230179062,1.156010230179062,TARGET,2023-03-16T14:09:00Z,TARGET,6b855af2350f8173301ca4e993bca7d242a13961bb36a9efe027725b3569eb42,2023-03-16T14:09:00Z,RETEST_EXPIRED,2023-03-16T08:40:00Z,,1914.96,False,False,INITIAL_CONFIRMATION_TARGET,08a51adf92ec89a19e2549b05ca58d79a4b80d36efc9c9e65a6e524a04819fe0,3dcbfe012ee125156d194b03f4e910f4902938a623134bb1dfd3d69c79f93e14,1907.52,9.02642857142858,0.45132142857142904,NOT_STRICTLY_CLOSER_THAN_CONTROL,H1_SOURCE_SWING_BUFFERED_ELSE_CONTROL,False,3dcbfe012ee125156d194b03f4e910f4902938a623134bb1dfd3d69c79f93e14,2023-03-16T07:00:00Z,1907.52,1924.38,c2dd3b697adfa552e631b466ccf266afa3115563a43286edfa2ac8690b902251
935f8cc53a2aa4fc96d3eea08876e7ae5d344bae9a7cd68daaec982a81f148ed,1914.96,2023-03-16T08:25:00Z,c34f188dc2e0b29723199507237eeeb5f8ccb55507c7ecc9bc697b2adfd7ad12,2023-03-16T08:25:00Z,1915.34,1907.52,2023-04-01T00:00:00Z,2023-03-16T07:00:00Z,-1.156010230179062,LONG,1.0,0.0,CONTROL_V2_FILLED_STOP,,M5_BROKEN_CONTROL_FIRST_RETEST,,False,bf01b40cd5077a9620b98e38dcdd9f218a11be62fcebd67c5c770df572f66108,,,2023_03,0.0,1.156010230179062,TARGET,2023-03-16T14:09:00Z,NO_FILL,b4233013b9235168f32ae1f4a50c9d6c21b5ac49755147165af1774ebf0093b7,,RETEST_EXPIRED,2023-03-16T08:40:00Z,,1914.96,False,False,INITIAL_CONFIRMATION_TARGET,6cb3cec45c752504c9393b1a89719bdafe793bb298e70a8e44485e2863d62867,3dcbfe012ee125156d194b03f4e910f4902938a623134bb1dfd3d69c79f93e14,1907.52,,,,CONTROL_V2_FILLED_STOP,False,,2023-03-16T08:25:00Z,1907.52,1924.38,c2dd3b697adfa552e631b466ccf266afa3115563a43286edfa2ac8690b902251
935f8cc53a2aa4fc96d3eea08876e7ae5d344bae9a7cd68daaec982a81f148ed,1914.96,2023-03-16T08:25:00Z,c34f188dc2e0b29723199507237eeeb5f8ccb55507c7ecc9bc697b2adfd7ad12,2023-03-16T08:25:00Z,1915.34,1907.52,2023-04-01T00:00:00Z,2023-03-16T07:00:00Z,-1.156010230179062,LONG,0.3355270369017059,0.0,M5_LATEST_CONFIRMED_OPPOSING_SWING_ELSE_CONTROL,,M5_BROKEN_CONTROL_FIRST_RETEST,,False,d05decf821dca0d98ac7d3d2f129763ff5a3cdb04dfddb79f3d74ad2f99d083a,,,2023_03,0.0,1.156010230179062,TARGET,2023-03-16T14:09:00Z,NO_FILL,b096f326a5801284858dcf8261c156e7281af64acccb66040fb785be6e0acfa7,,RETEST_EXPIRED,2023-03-16T08:40:00Z,,1914.96,False,False,INITIAL_CONFIRMATION_TARGET,b955d47f8b95b6019917d9b00582c69c3802df65d15e95fd534dcf070b9e71ea,3dcbfe012ee125156d194b03f4e910f4902938a623134bb1dfd3d69c79f93e14,1912.7161785714286,1.0764285714286157,0.05382142857143079,,M5_LATEST_CONFIRMED_OPPOSING_SWING_ELSE_CONTROL,True,ed2fd56d1f208b9bc37bc568e49dbb3e5d0d28337e3fc855eac25fedd8f2e449,2023-03-16T07:55:00Z,1912.77,1924.38,c2dd3b697adfa552e631b466ccf266afa3115563a43286edfa2ac8690b902251
935f8cc53a2aa4fc96d3eea08876e7ae5d344bae9a7cd68daaec982a81f148ed,1914.96,2023-03-16T08:25:00Z,c34f188dc2e0b29723199507237eeeb5f8ccb55507c7ecc9bc697b2adfd7ad12,2023-03-16T08:25:00Z,1915.34,1907.52,2023-04-01T00:00:00Z,2023-03-16T07:00:00Z,-1.156010230179062,LONG,1.0,0.0,CONTROL_V2_FILLED_STOP,,M5_BROKEN_CONTROL_FIRST_RETEST,,False,b15f04ca19a62d832b24b2d8d4bf957541b0bf4a216127e483485cb9bde0df15,,,2023_03,0.0,1.156010230179062,TARGET,2023-03-16T14:09:00Z,NO_FILL,24a95cd6e90e197bfcb322898d4a23cbe5aeb1fba0c7775e781386c77fa20227,,RETEST_EXPIRED,2023-03-16T08:40:00Z,,1914.96,False,False,INITIAL_CONFIRMATION_TARGET,6e9815432442d0a9a79070648a0b4097f0b30695e94bdf784e30d67261f0bbe5,3dcbfe012ee125156d194b03f4e910f4902938a623134bb1dfd3d69c79f93e14,1907.52,1.7342857142857449,0.08671428571428724,NOT_STRICTLY_CLOSER_THAN_CONTROL,M15_LATEST_CONFIRMED_OPPOSING_SWING_ELSE_CONTROL,False,6496e6783a527d5e6dfc879203efb6ed2295c35a981cffb318169ced9c5f91b3,2023-03-16T04:45:00Z,1907.52,1924.38,c2dd3b697adfa552e631b466ccf266afa3115563a43286edfa2ac8690b902251
935f8cc53a2aa4fc96d3eea08876e7ae5d344bae9a7cd68daaec982a81f148ed,1914.96,2023-03-16T08:25:00Z,c34f188dc2e0b29723199507237eeeb5f8ccb55507c7ecc9bc697b2adfd7ad12,2023-03-16T08:25:00Z,1915.34,1907.52,2023-04-01T00:00:00Z,2023-03-16T07:00:00Z,-1.156010230179062,LONG,1.0,0.0,CONTROL_V2_FILLED_STOP,,M5_BROKEN_CONTROL_FIRST_RETEST,,False,45e90b97c2e09e8fe7076babb21691e1ca73aeab8e4a6281f469322c31e5fc08,,,2023_03,0.0,1.156010230179062,TARGET,2023-03-16T14:09:00Z,NO_FILL,f73ccd62118a36f29132032a71baf4f1c1b398e54f58e008083afd703308f363,,RETEST_EXPIRED,2023-03-16T08:40:00Z,,1914.96,False,False,INITIAL_CONFIRMATION_TARGET,30b0302d957f66fad12703f73e68e314d3dc6d5f0aa9b661882fcbc82839558d,3dcbfe012ee125156d194b03f4e910f4902938a623134bb1dfd3d69c79f93e14,1907.52,9.02642857142858,0.45132142857142904,NOT_STRICTLY_CLOSER_THAN_CONTROL,H1_SOURCE_SWING_BUFFERED_ELSE_CONTROL,False,3dcbfe012ee125156d194b03f4e910f4902938a623134bb1dfd3d69c79f93e14,2023-03-16T07:00:00Z,1907.52,1924.38,c2dd3b697adfa552e631b466ccf266afa3115563a43286edfa2ac8690b902251
935f8cc53a2aa4fc96d3eea08876e7ae5d344bae9a7cd68daaec982a81f148ed,1914.96,2023-03-16T08:25:00Z,c34f188dc2e0b29723199507237eeeb5f8ccb55507c7ecc9bc697b2adfd7ad12,2023-03-16T08:25:00Z,1915.34,1907.52,2023-04-01T00:00:00Z,2023-03-16T07:00:00Z,-0.8670076726342966,LONG,1.0,14.450127877238275,CONTROL_V2_FILLED_STOP,2023-03-16T08:25:00Z,CONFIRMED_25_75_RETEST_SPLIT,1915.34,True,bf01b40cd5077a9620b98e38dcdd9f218a11be62fcebd67c5c770df572f66108,0.0930306905370805,0.290281329923281,2023_03,0.2890025575447655,1.156010230179062,TARGET,2023-03-16T14:09:00Z,SPLIT_CONTROL_TARGET_NO_RETEST,4b37c4799e06dbec75dfc3f1fc70e48b473f0216daf5a61e681cd192aa9e36d9,2023-03-16T14:09:00Z,RETEST_EXPIRED,2023-03-16T08:40:00Z,,1914.96,False,False,INITIAL_CONFIRMATION_TARGET,010032fb6429777fed5d7b079fc1e1d4bc0581e9f6e53c628c75e6d03e20662c,3dcbfe012ee125156d194b03f4e910f4902938a623134bb1dfd3d69c79f93e14,1907.52,,,,CONTROL_V2_FILLED_STOP,False,,2023-03-16T08:25:00Z,1907.52,1924.38,c2dd3b697adfa552e631b466ccf266afa3115563a43286edfa2ac8690b902251
935f8cc53a2aa4fc96d3eea08876e7ae5d344bae9a7cd68daaec982a81f148ed,1914.96,2023-03-16T08:25:00Z,c34f188dc2e0b29723199507237eeeb5f8ccb55507c7ecc9bc697b2adfd7ad12,2023-03-16T08:25:00Z,1915.34,1907.52,2023-04-01T00:00:00Z,2023-03-16T07:00:00Z,-1.406010230179062,LONG,0.3355270369017059,-12.5,M5_LATEST_CONFIRMED_OPPOSING_SWING_ELSE_CONTROL,2023-03-16T08:25:00Z,CONFIRMED_25_75_RETEST_SPLIT,1915.34,True,d05decf821dca0d98ac7d3d2f129763ff5a3cdb04dfddb79f3d74ad2f99d083a,0.25916397838486654,0.4802156070072661,2023_03,-0.25,1.156010230179062,TARGET,2023-03-16T14:09:00Z,SPLIT_CONTROL_STOP_NO_RETEST,7959d57d3543616432b8d4c82b0478dbdd928890ea44079ea10732dad7885c5f,2023-03-16T10:06:00Z,RETEST_EXPIRED,2023-03-16T08:40:00Z,,1914.96,False,False,INITIAL_CONFIRMATION_TARGET,0efc7806e6a5c678f9fdffb4077c5438e746400dc00b98a602c56931614cbebb,3dcbfe012ee125156d194b03f4e910f4902938a623134bb1dfd3d69c79f93e14,1912.7161785714286,1.0764285714286157,0.05382142857143079,,M5_LATEST_CONFIRMED_OPPOSING_SWING_ELSE_CONTROL,True,ed2fd56d1f208b9bc37bc568e49dbb3e5d0d28337e3fc855eac25fedd8f2e449,2023-03-16T07:55:00Z,1912.77,1924.38,c2dd3b697adfa552e631b466ccf266afa3115563a43286edfa2ac8690b902251
935f8cc53a2aa4fc96d3eea08876e7ae5d344bae9a7cd68daaec982a81f148ed,1914.96,2023-03-16T08:25:00Z,c34f188dc2e0b29723199507237eeeb5f8ccb55507c7ecc9bc697b2adfd7ad12,2023-03-16T08:25:00Z,1915.34,1907.52,2023-04-01T00:00:00Z,2023-03-16T07:00:00Z,-0.8670076726342966,LONG,1.0,14.450127877238275,CONTROL_V2_FILLED_STOP,2023-03-16T08:25:00Z,CONFIRMED_25_75_RETEST_SPLIT,1915.34,True,b15f04ca19a62d832b24b2d8d4bf957541b0bf4a216127e483485cb9bde0df15,0.0930306905370805,0.290281329923281,2023_03,0.2890025575447655,1.156010230179062,TARGET,2023-03-16T14:09:00Z,SPLIT_CONTROL_TARGET_NO_RETEST,ccefb7b7a9975039d71ef6e75f984edb037e6634f15fd6a975b22a3c50a5ecfe,2023-03-16T14:09:00Z,RETEST_EXPIRED,2023-03-16T08:40:00Z,,1914.96,False,False,INITIAL_CONFIRMATION_TARGET,56227189c1bcdfbfcac91a5bd809009df592fb0b68120f1d80a387f468be3ce2,3dcbfe012ee125156d194b03f4e910f4902938a623134bb1dfd3d69c79f93e14,1907.52,1.7342857142857449,0.08671428571428724,NOT_STRICTLY_CLOSER_THAN_CONTROL,M15_LATEST_CONFIRMED_OPPOSING_SWING_ELSE_CONTROL,False,6496e6783a527d5e6dfc879203efb6ed2295c35a981cffb318169ced9c5f91b3,2023-03-16T04:45:00Z,1907.52,1924.38,c2dd3b697adfa552e631b466ccf266afa3115563a43286edfa2ac8690b902251
935f8cc53a2aa4fc96d3eea08876e7ae5d344bae9a7cd68daaec982a81f148ed,1914.96,2023-03-16T08:25:00Z,c34f188dc2e0b29723199507237eeeb5f8ccb55507c7ecc9bc697b2adfd7ad12,2023-03-16T08:25:00Z,1915.34,1907.52,2023-04-01T00:00:00Z,2023-03-16T07:00:00Z,-0.8670076726342966,LONG,1.0,14.450127877238275,CONTROL_V2_FILLED_STOP,2023-03-16T08:25:00Z,CONFIRMED_25_75_RETEST_SPLIT,1915.34,True,45e90b97c2e09e8fe7076babb21691e1ca73aeab8e4a6281f469322c31e5fc08,0.0930306905370805,0.290281329923281,2023_03,0.2890025575447655,1.156010230179062,TARGET,2023-03-16T14:09:00Z,SPLIT_CONTROL_TARGET_NO_RETEST,3ade6590c6806d644ce586fd0f5e0a9531ca8fa813f8ab328ebf265fea8069ca,2023-03-16T14:09:00Z,RETEST_EXPIRED,2023-03-16T08:40:00Z,,1914.96,False,False,INITIAL_CONFIRMATION_TARGET,f5c0fd3d2773e0155391eed69d7e7c88f26fd362557b2407990150002dd69076,3dcbfe012ee125156d194b03f4e910f4902938a623134bb1dfd3d69c79f93e14,1907.52,9.02642857142858,0.45132142857142904,NOT_STRICTLY_CLOSER_THAN_CONTROL,H1_SOURCE_SWING_BUFFERED_ELSE_CONTROL,False,3dcbfe012ee125156d194b03f4e910f4902938a623134bb1dfd3d69c79f93e14,2023-03-16T07:00:00Z,1907.52,1924.38,c2dd3b697adfa552e631b466ccf266afa3115563a43286edfa2ac8690b902251
b65186c6c88fa3980db4d2f74ba982d84ad8c5573c5d91a038422284c2c18cbd,1919.87,2023-03-16T21:50:00Z,f4d5126c2fd2e50fd4ec93dc8cdf86353bc02de7e5d5b256222a1975ed02a5b9,2023-03-16T21:50:00Z,1920.87,1913.36,2023-04-01T00:00:00Z,2023-03-16T21:00:00Z,0.0,LONG,1.0,83.6884154460731,CONTROL_V2_FILLED_STOP,2023-03-16T21:50:00Z,CONTROL_NEXT_M1_OPEN,1920.87,True,da374db94ca1a2a012a8853bf2bdaeb4c56e9a9e4368dcb44fa42104c74a001c,0.4061251664447348,1.6750998668442303,2023_03,1.673768308921462,1.673768308921462,TARGET,2023-03-17T09:55:00Z,TARGET,bf4928e4db914b50b13f477d7358bf354506f5947bd439bf77ccc62373003653,2023-03-17T09:55:00Z,FIRST_RETEST_FILLED,2023-03-16T22:05:00Z,2023-03-16T21:55:00Z,1919.87,True,False,INITIAL_CONFIRMATION_TARGET,159a07d7a3061ea34b736bc6aea7c86793db959c53ad1dd69e131a324d41a8a9,f54873fd9f641b1b0ef8bd8d86137c5948b25b8c068e0de46f5c20d7fc321aaa,1913.36,,,,CONTROL_V2_FILLED_STOP,False,,2023-03-16T21:50:00Z,1913.36,1933.44,00da033226587d914398246f3a74f54a1346b177102847d1363c50c4772a30b1
b65186c6c88fa3980db4d2f74ba982d84ad8c5573c5d91a038422284c2c18cbd,1919.87,2023-03-16T21:50:00Z,f4d5126c2fd2e50fd4ec93dc8cdf86353bc02de7e5d5b256222a1975ed02a5b9,2023-03-16T21:50:00Z,1920.87,1913.36,2023-04-01T00:00:00Z,2023-03-16T21:00:00Z,-2.6737683089214617,LONG,0.385576374357998,-50.0,M5_LATEST_CONFIRMED_OPPOSING_SWING_ELSE_CONTROL,2023-03-16T21:50:00Z,CONTROL_NEXT_M1_OPEN,1920.87,True,ff92f2fc8ff4f648b83ffa8cb3b335d636beb3da39e12ded7dfc46569a7920bb,1.0118526375509773,0.04489448562516889,2023_03,-1.0,1.673768308921462,TARGET,2023-03-17T09:55:00Z,STOP,f0584933657e8d4dc7ae9adcc8f706d7fbb2e64c8982608138e1759584f1ecf4,2023-03-16T21:57:00Z,FIRST_RETEST_FILLED,2023-03-16T22:05:00Z,2023-03-16T21:55:00Z,1919.87,True,False,INITIAL_CONFIRMATION_TARGET,961b5ead7372d740ca9547dcbb1a49a95135b5c20d2c7bcf24e60c0c4d407e8a,f54873fd9f641b1b0ef8bd8d86137c5948b25b8c068e0de46f5c20d7fc321aaa,1917.9743214285713,1.7135714285714454,0.08567857142857227,,M5_LATEST_CONFIRMED_OPPOSING_SWING_ELSE_CONTROL,True,bd7545bd2bb9aa220bc87edb715a90beb1df032bda65f164cecdf8d3d7458fcc,2023-03-16T21:40:00Z,1918.06,1933.44,00da033226587d914398246f3a74f54a1346b177102847d1363c50c4772a30b1
b65186c6c88fa3980db4d2f74ba982d84ad8c5573c5d91a038422284c2c18cbd,1919.87,2023-03-16T21:50:00Z,f4d5126c2fd2e50fd4ec93dc8cdf86353bc02de7e5d5b256222a1975ed02a5b9,2023-03-16T21:50:00Z,1920.87,1913.36,2023-04-01T00:00:00Z,2023-03-16T21:00:00Z,0.32111921084552364,LONG,0.8390289138291706,99.74437598834928,M15_LATEST_CONFIRMED_OPPOSING_SWING_ELSE_CONTROL,2023-03-16T21:50:00Z,CONTROL_NEXT_M1_OPEN,1920.87,True,417d6e7cbb1bec04602080744846b59dacb52027adfb30c35b24146c9cecdf62,0.48404192007073477,1.9964745424557406,2023_03,1.9948875197669855,1.673768308921462,TARGET,2023-03-17T09:55:00Z,TARGET,7e51e815f16db3d5b59fd97edd94ffc4a1b30880850b6089ad93142affe71f2c,2023-03-17T09:55:00Z,FIRST_RETEST_FILLED,2023-03-16T22:05:00Z,2023-03-16T21:55:00Z,1919.87,True,False,INITIAL_CONFIRMATION_TARGET,79b0eb94c11d72a3c8b7cdff7109b01bd2dc4a3ae47213c377fc5031802162e7,f54873fd9f641b1b0ef8bd8d86137c5948b25b8c068e0de46f5c20d7fc321aaa,1914.5688928571428,4.22214285714285,0.2111071428571425,,M15_LATEST_CONFIRMED_OPPOSING_SWING_ELSE_CONTROL,True,4e3158efdaff7ec45c85c78df684bb30dc390ef47e96e6c8f9cdb722a6378641,2023-03-16T21:30:00Z,1914.78,1933.44,00da033226587d914398246f3a74f54a1346b177102847d1363c50c4772a30b1
b65186c6c88fa3980db4d2f74ba982d84ad8c5573c5d91a038422284c2c18cbd,1919.87,2023-03-16T21:50:00Z,f4d5126c2fd2e50fd4ec93dc8cdf86353bc02de7e5d5b256222a1975ed02a5b9,2023-03-16T21:50:00Z,1920.87,1913.36,2023-04-01T00:00:00Z,2023-03-16T21:00:00Z,0.0,LONG,1.0,83.6884154460731,CONTROL_V2_FILLED_STOP,2023-03-16T21:50:00Z,CONTROL_NEXT_M1_OPEN,1920.87,True,f5b4f4060e4609826114aeab8d2cf2f2b40864b8e5f3ed37ed1aa7f1d7d848da,0.4061251664447348,1.6750998668442303,2023_03,1.673768308921462,1.673768308921462,TARGET,2023-03-17T09:55:00Z,TARGET,4de7ade6e8b41c19a588e8dc9bcf697fb17932cadc6c27ecb19e85137ed9114f,2023-03-17T09:55:00Z,FIRST_RETEST_FILLED,2023-03-16T22:05:00Z,2023-03-16T21:55:00Z,1919.87,True,False,INITIAL_CONFIRMATION_TARGET,0ede89c494952a9dc274d8fd57bfbdc266e388a807bd0ebffa19309f070ecdb8,f54873fd9f641b1b0ef8bd8d86137c5948b25b8c068e0de46f5c20d7fc321aaa,1913.36,6.934285714285709,0.3467142857142855,NOT_STRICTLY_CLOSER_THAN_CONTROL,H1_SOURCE_SWING_BUFFERED_ELSE_CONTROL,False,f54873fd9f641b1b0ef8bd8d86137c5948b25b8c068e0de46f5c20d7fc321aaa,2023-03-16T21:00:00Z,1913.36,1933.44,00da033226587d914398246f3a74f54a1346b177102847d1363c50c4772a30b1
b65186c6c88fa3980db4d2f74ba982d84ad8c5573c5d91a038422284c2c18cbd,1919.87,2023-03-16T21:50:00Z,f4d5126c2fd2e50fd4ec93dc8cdf86353bc02de7e5d5b256222a1975ed02a5b9,2023-03-16T21:50:00Z,1920.87,1913.36,2023-04-01T00:00:00Z,2023-03-16T21:00:00Z,0.41071709814461843,LONG,1.0,104.22427035330402,CONTROL_V2_FILLED_STOP,2023-03-16T21:55:00Z,M5_BROKEN_CONTROL_FIRST_RETEST,1919.87,True,da374db94ca1a2a012a8853bf2bdaeb4c56e9a9e4368dcb44fa42104c74a001c,0.3149001536098245,2.0860215053763707,2023_03,2.0844854070660803,1.673768308921462,TARGET,2023-03-17T09:55:00Z,TARGET,98e5244266f857e9e99cd4c3b6d047cc6e91fd54bd6926fd8f32b23118ab4042,2023-03-17T09:55:00Z,FIRST_RETEST_FILLED,2023-03-16T22:05:00Z,2023-03-16T21:55:00Z,1919.87,True,True,INITIAL_CONFIRMATION_TARGET,68556c1585e3a5b98e08cea208465378f4cb2263ef54ed9796d94968aa007eb2,f54873fd9f641b1b0ef8bd8d86137c5948b25b8c068e0de46f5c20d7fc321aaa,1913.36,,,,CONTROL_V2_FILLED_STOP,False,,2023-03-16T21:50:00Z,1913.36,1933.44,00da033226587d914398246f3a74f54a1346b177102847d1363c50c4772a30b1
b65186c6c88fa3980db4d2f74ba982d84ad8c5573c5d91a038422284c2c18cbd,1919.87,2023-03-16T21:50:00Z,f4d5126c2fd2e50fd4ec93dc8cdf86353bc02de7e5d5b256222a1975ed02a5b9,2023-03-16T21:50:00Z,1920.87,1913.36,2023-04-01T00:00:00Z,2023-03-16T21:00:00Z,-2.6737683089214617,LONG,0.385576374357998,-50.0,M5_LATEST_CONFIRMED_OPPOSING_SWING_ELSE_CONTROL,2023-03-16T21:55:00Z,M5_BROKEN_CONTROL_FIRST_RETEST,1919.87,True,ff92f2fc8ff4f648b83ffa8cb3b335d636beb3da39e12ded7dfc46569a7920bb,1.0181050886413778,0.4114621601764486,2023_03,-1.0,1.673768308921462,TARGET,2023-03-17T09:55:00Z,STOP,e590bcfd9d6b114a31a42c132ef6c40a7c0a108e1e60c018419776ae8b37c913,2023-03-16T21:57:00Z,FIRST_RETEST_FILLED,2023-03-16T22:05:00Z,2023-03-16T21:55:00Z,1919.87,True,True,INITIAL_CONFIRMATION_TARGET,0ba0c452cb83969e804fcff028dffeefe5d6a8f23d5e5141c6bcb65cad19a8d6,f54873fd9f641b1b0ef8bd8d86137c5948b25b8c068e0de46f5c20d7fc321aaa,1917.9743214285713,1.7135714285714454,0.08567857142857227,,M5_LATEST_CONFIRMED_OPPOSING_SWING_ELSE_CONTROL,True,bd7545bd2bb9aa220bc87edb715a90beb1df032bda65f164cecdf8d3d7458fcc,2023-03-16T21:40:00Z,1918.06,1933.44,00da033226587d914398246f3a74f54a1346b177102847d1363c50c4772a30b1
b65186c6c88fa3980db4d2f74ba982d84ad8c5573c5d91a038422284c2c18cbd,1919.87,2023-03-16T21:50:00Z,f4d5126c2fd2e50fd4ec93dc8cdf86353bc02de7e5d5b256222a1975ed02a5b9,2023-03-16T21:50:00Z,1920.87,1913.36,2023-04-01T00:00:00Z,2023-03-16T21:00:00Z,0.8860743115554619,LONG,0.8390289138291706,127.99213102384618,M15_LATEST_CONFIRMED_OPPOSING_SWING_ELSE_CONTROL,2023-03-16T21:55:00Z,M5_BROKEN_CONTROL_FIRST_RETEST,1919.87,True,417d6e7cbb1bec04602080744846b59dacb52027adfb30c35b24146c9cecdf62,0.38671167074263185,2.5617290188707886,2023_03,2.559842620476924,1.673768308921462,TARGET,2023-03-17T09:55:00Z,TARGET,217be51575abe019463cb8c760046f7c13f80f4cc24c01dd8c2f8b64fcff29c0,2023-03-17T09:55:00Z,FIRST_RETEST_FILLED,2023-03-16T22:05:00Z,2023-03-16T21:55:00Z,1919.87,True,True,INITIAL_CONFIRMATION_TARGET,d8c992f8b70ddde558943cf7f89a32c0e757f610bf0ce792f3327e17a15e06b0,f54873fd9f641b1b0ef8bd8d86137c5948b25b8c068e0de46f5c20d7fc321aaa,1914.5688928571428,4.22214285714285,0.2111071428571425,,M15_LATEST_CONFIRMED_OPPOSING_SWING_ELSE_CONTROL,True,4e3158efdaff7ec45c85c78df684bb30dc390ef47e96e6c8f9cdb722a6378641,2023-03-16T21:30:00Z,1914.78,1933.44,00da033226587d914398246f3a74f54a1346b177102847d1363c50c4772a30b1
b65186c6c88fa3980db4d2f74ba982d84ad8c5573c5d91a038422284c2c18cbd,1919.87,2023-03-16T21:50:00Z,f4d5126c2fd2e50fd4ec93dc8cdf86353bc02de7e5d5b256222a1975ed02a5b9,2023-03-16T21:50:00Z,1920.87,1913.36,2023-04-01T00:00:00Z,2023-03-16T21:00:00Z,0.41071709814461843,LONG,1.0,104.22427035330402,CONTROL_V2_FILLED_STOP,2023-03-16T21:55:00Z,M5_BROKEN_CONTROL_FIRST_RETEST,1919.87,True,f5b4f4060e4609826114aeab8d2cf2f2b40864b8e5f3ed37ed1aa7f1d7d848da,0.3149001536098245,2.0860215053763707,2023_03,2.0844854070660803,1.673768308921462,TARGET,2023-03-17T09:55:00Z,TARGET,81618bed0af00bcf28f0c00c305692a75f22e4708af672b3c9c05901e16231f4,2023-03-17T09:55:00Z,FIRST_RETEST_FILLED,2023-03-16T22:05:00Z,2023-03-16T21:55:00Z,1919.87,True,True,INITIAL_CONFIRMATION_TARGET,8813da299a9ef67f096b92151d3613bda0ffa5bcee2628e6fd73b36e6e9bfa78,f54873fd9f641b1b0ef8bd8d86137c5948b25b8c068e0de46f5c20d7fc321aaa,1913.36,6.934285714285709,0.3467142857142855,NOT_STRICTLY_CLOSER_THAN_CONTROL,H1_SOURCE_SWING_BUFFERED_ELSE_CONTROL,False,f54873fd9f641b1b0ef8bd8d86137c5948b25b8c068e0de46f5c20d7fc321aaa,2023-03-16T21:00:00Z,1913.36,1933.44,00da033226587d914398246f3a74f54a1346b177102847d1363c50c4772a30b1
b65186c6c88fa3980db4d2f74ba982d84ad8c5573c5d91a038422284c2c18cbd,1919.87,2023-03-16T21:50:00Z,f4d5126c2fd2e50fd4ec93dc8cdf86353bc02de7e5d5b256222a1975ed02a5b9,2023-03-16T21:50:00Z,1920.87,1913.36,2023-04-01T00:00:00Z,2023-03-16T21:00:00Z,0.30803782360846377,LONG,1.0,99.09030662649629,CONTROL_V2_FILLED_STOP,2023-03-16T21:50:00Z,CONFIRMED_25_75_RETEST_SPLIT,1920.87,True,da374db94ca1a2a012a8853bf2bdaeb4c56e9a9e4368dcb44fa42104c74a001c,0.3377064068185521,1.9832910957433356,2023_03,1.9818061325299257,1.673768308921462,TARGET,2023-03-17T09:55:00Z,SPLIT_TARGET_TARGET,78d23f3a583ea181a2a25dcf41589964dfb6e17098463fddfe4156ec4991ebde,2023-03-17T09:55:00Z,FIRST_RETEST_FILLED,2023-03-16T22:05:00Z,2023-03-16T21:55:00Z,1919.87,True,True,INITIAL_CONFIRMATION_TARGET,7b10c05003c39e8c5d8ab44614cca061e4ccf67525e7e2d7d57cb3e355990b6d,f54873fd9f641b1b0ef8bd8d86137c5948b25b8c068e0de46f5c20d7fc321aaa,1913.36,,,,CONTROL_V2_FILLED_STOP,False,,2023-03-16T21:50:00Z,1913.36,1933.44,00da033226587d914398246f3a74f54a1346b177102847d1363c50c4772a30b1
b65186c6c88fa3980db4d2f74ba982d84ad8c5573c5d91a038422284c2c18cbd,1919.87,2023-03-16T21:50:00Z,f4d5126c2fd2e50fd4ec93dc8cdf86353bc02de7e5d5b256222a1975ed02a5b9,2023-03-16T21:50:00Z,1920.87,1913.36,2023-04-01T00:00:00Z,2023-03-16T21:00:00Z,-2.6737683089214617,LONG,0.385576374357998,-50.0,M5_LATEST_CONFIRMED_OPPOSING_SWING_ELSE_CONTROL,2023-03-16T21:50:00Z,CONFIRMED_25_75_RETEST_SPLIT,1920.87,True,ff92f2fc8ff4f648b83ffa8cb3b335d636beb3da39e12ded7dfc46569a7920bb,1.0165419758687777,0.3198202415386287,2023_03,-1.0,1.673768308921462,TARGET,2023-03-17T09:55:00Z,SPLIT_STOP_STOP,f6127f8844f9ad3c78bbd5d70fd453a3f78883d551002ba8efe9a353dda05901,2023-03-16T21:57:00Z,FIRST_RETEST_FILLED,2023-03-16T22:05:00Z,2023-03-16T21:55:00Z,1919.87,True,True,INITIAL_CONFIRMATION_TARGET,5fed562e29d6b6a3ebb2a1198f507721385bf8053bc7f3d607e95508a16deeeb,f54873fd9f641b1b0ef8bd8d86137c5948b25b8c068e0de46f5c20d7fc321aaa,1917.9743214285713,1.7135714285714454,0.08567857142857227,,M5_LATEST_CONFIRMED_OPPOSING_SWING_ELSE_CONTROL,True,bd7545bd2bb9aa220bc87edb715a90beb1df032bda65f164cecdf8d3d7458fcc,2023-03-16T21:40:00Z,1918.06,1933.44,00da033226587d914398246f3a74f54a1346b177102847d1363c50c4772a30b1
b65186c6c88fa3980db4d2f74ba982d84ad8c5573c5d91a038422284c2c18cbd,1919.87,2023-03-16T21:50:00Z,f4d5126c2fd2e50fd4ec93dc8cdf86353bc02de7e5d5b256222a1975ed02a5b9,2023-03-16T21:50:00Z,1920.87,1913.36,2023-04-01T00:00:00Z,2023-03-16T21:00:00Z,0.7448355363779775,LONG,0.8390289138291706,120.93019226497196,M15_LATEST_CONFIRMED_OPPOSING_SWING_ELSE_CONTROL,2023-03-16T21:50:00Z,CONFIRMED_25_75_RETEST_SPLIT,1920.87,True,417d6e7cbb1bec04602080744846b59dacb52027adfb30c35b24146c9cecdf62,0.41104423307465754,2.4204153997670264,2023_03,2.4186038452994394,1.673768308921462,TARGET,2023-03-17T09:55:00Z,SPLIT_TARGET_TARGET,57dc2fc5c7bdfd96827e6a6d07c4b486845baabd8f94685962facc266d43f2dd,2023-03-17T09:55:00Z,FIRST_RETEST_FILLED,2023-03-16T22:05:00Z,2023-03-16T21:55:00Z,1919.87,True,True,INITIAL_CONFIRMATION_TARGET,a32c2f6fa7ad47474f3854154c75b5732557da0dd015c9f5c293af9383c354df,f54873fd9f641b1b0ef8bd8d86137c5948b25b8c068e0de46f5c20d7fc321aaa,1914.5688928571428,4.22214285714285,0.2111071428571425,,M15_LATEST_CONFIRMED_OPPOSING_SWING_ELSE_CONTROL,True,4e3158efdaff7ec45c85c78df684bb30dc390ef47e96e6c8f9cdb722a6378641,2023-03-16T21:30:00Z,1914.78,1933.44,00da033226587d914398246f3a74f54a1346b177102847d1363c50c4772a30b1
b65186c6c88fa3980db4d2f74ba982d84ad8c5573c5d91a038422284c2c18cbd,1919.87,2023-03-16T21:50:00Z,f4d5126c2fd2e50fd4ec93dc8cdf86353bc02de7e5d5b256222a1975ed02a5b9,2023-03-16T21:50:00Z,1920.87,1913.36,2023-04-01T00:00:00Z,2023-03-16T21:00:00Z,0.30803782360846377,LONG,1.0,99.09030662649629,CONTROL_V2_FILLED_STOP,2023-03-16T21:50:00Z,CONFIRMED_25_75_RETEST_SPLIT,1920.87,True,f5b4f4060e4609826114aeab8d2cf2f2b40864b8e5f3ed37ed1aa7f1d7d848da,0.3377064068185521,1.9832910957433356,2023_03,1.9818061325299257,1.673768308921462,TARGET,2023-03-17T09:55:00Z,SPLIT_TARGET_TARGET,58fecba1699ccd77ccd748bbb82b92543138945a342872fc9077e2713b86e297,2023-03-17T09:55:00Z,FIRST_RETEST_FILLED,2023-03-16T22:05:00Z,2023-03-16T21:55:00Z,1919.87,True,True,INITIAL_CONFIRMATION_TARGET,d452032fb7f30eb8da87094faea28625c4d48e02c3cfa03b88828e795010eaea,f54873fd9f641b1b0ef8bd8d86137c5948b25b8c068e0de46f5c20d7fc321aaa,1913.36,6.934285714285709,0.3467142857142855,NOT_STRICTLY_CLOSER_THAN_CONTROL,H1_SOURCE_SWING_BUFFERED_ELSE_CONTROL,False,f54873fd9f641b1b0ef8bd8d86137c5948b25b8c068e0de46f5c20d7fc321aaa,2023-03-16T21:00:00Z,1913.36,1933.44,00da033226587d914398246f3a74f54a1346b177102847d1363c50c4772a30b1
d9a0dfc9cdd1d094c30469f9c926c4357a352758e847a42c0fb333e0dbb0bd68,1929.36,2023-03-17T07:55:00Z,1292f7ef6b83d13b1f9d2a2e6a858b0d76031738056be6207746ffbba79db016,2023-03-17T07:55:00Z,1930.55,1918.23,2023-04-01T00:00:00Z,2023-03-17T07:00:00Z,0.0,LONG,1.0,11.72889610389657,CONTROL_V2_FILLED_STOP,2023-03-17T07:55:00Z,CONTROL_NEXT_M1_OPEN,1930.55,True,a6aeaae944ac97e762a248364760f0d0b949bdfef577c240ec707bd61292055b,0.2053571428571417,0.23538961038961898,2023_03,0.2345779220779314,0.2345779220779314,TARGET,2023-03-17T09:55:00Z,TARGET,24c0dc45034821373ae4982c5b2e20b6cb68745c737cd9e9bbc5891a60cece2b,2023-03-17T09:55:00Z,RETEST_EXPIRED,2023-03-17T08:10:00Z,,1929.36,False,False,INITIAL_CONFIRMATION_TARGET,73a809feff8d8adbad28fd8d899307a50a42c5c1e440047d1ae78160576bc02e,cb21c988f2c11697e55d86b30bb0b133aba3ed0924e9aaa4f83c570e569372a1,1918.23,,,,CONTROL_V2_FILLED_STOP,False,,2023-03-17T07:55:00Z,1918.23,1933.44,2a6a8c09ebee680e5841676f0098e8e6c36b5c50026fdafc739cc4d99783230f
d9a0dfc9cdd1d094c30469f9c926c4357a352758e847a42c0fb333e0dbb0bd68,1929.36,2023-03-17T07:55:00Z,1292f7ef6b83d13b1f9d2a2e6a858b0d76031738056be6207746ffbba79db016,2023-03-17T07:55:00Z,1930.55,1918.23,2023-04-01T00:00:00Z,2023-03-17T07:00:00Z,0.7543498026062433,LONG,0.23720431354358737,49.44638623420873,M5_LATEST_CONFIRMED_OPPOSING_SWING_ELSE_CONTROL,2023-03-17T07:55:00Z,CONTROL_NEXT_M1_OPEN,1930.55,True,8594fb0b3eb1b29cbe3b0884921f77068469fa6297aa90b1fd3e5ffa4c5567c0,0.8657394960037538,0.9923496199252931,2023_03,0.9889277246841747,0.2345779220779314,TARGET,2023-03-17T09:55:00Z,TARGET,cc1a08ec9c2538496c89abc6b3e411a2e42677f7f4e8f3c45f5a6d6b570b97a3,2023-03-17T09:55:00Z,RETEST_EXPIRED,2023-03-17T08:10:00Z,,1929.36,False,False,INITIAL_CONFIRMATION_TARGET,f8614ccd5566a5f083042810458ad014788f0845ab327a172d599088ef2c3e73,cb21c988f2c11697e55d86b30bb0b133aba3ed0924e9aaa4f83c570e569372a1,1927.627642857143,0.8471428571428338,0.04235714285714169,,M5_LATEST_CONFIRMED_OPPOSING_SWING_ELSE_CONTROL,True,44fa36a8e0c29e37c611131ee0f7d5291b27b6ac8dbc053cb976acfcb1b5b0ec,2023-03-17T07:45:00Z,1927.67,1933.44,2a6a8c09ebee680e5841676f0098e8e6c36b5c50026fdafc739cc4d99783230f
d9a0dfc9cdd1d094c30469f9c926c4357a352758e847a42c0fb333e0dbb0bd68,1929.36,2023-03-17T07:55:00Z,1292f7ef6b83d13b1f9d2a2e6a858b0d76031738056be6207746ffbba79db016,2023-03-17T07:55:00Z,1930.55,1918.23,2023-04-01T00:00:00Z,2023-03-17T07:00:00Z,0.5817239038072972,LONG,0.28736665120593874,40.81509129426143,M15_LATEST_CONFIRMED_OPPOSING_SWING_ELSE_CONTROL,2023-03-17T07:55:00Z,CONTROL_NEXT_M1_OPEN,1930.55,True,09b289b24bc3f6d68471c723977dc85ede33cf536c9a45b39866afdc8cbf334b,0.7146171693735414,0.8191263996772163,2023_03,0.8163018258852286,0.2345779220779314,TARGET,2023-03-17T09:55:00Z,TARGET,a442ff41f8b652bf72526d777b9fde023e8d675c839cfd4df7b0cc894cc728fd,2023-03-17T09:55:00Z,RETEST_EXPIRED,2023-03-17T08:10:00Z,,1929.36,False,False,INITIAL_CONFIRMATION_TARGET,3b90852a69123c8d2030ead0dd940c577d374261cb790ff23b92f790830c5a39,cb21c988f2c11697e55d86b30bb0b133aba3ed0924e9aaa4f83c570e569372a1,1927.0096428571428,1.8071428571428538,0.09035714285714269,,M15_LATEST_CONFIRMED_OPPOSING_SWING_ELSE_CONTROL,True,b3e43942d3ea7165921913146fd0870d529b2a9c1e497fb857fc7196d88aaf75,2023-03-17T07:30:00Z,1927.1,1933.44,2a6a8c09ebee680e5841676f0098e8e6c36b5c50026fdafc739cc4d99783230f
d9a0dfc9cdd1d094c30469f9c926c4357a352758e847a42c0fb333e0dbb0bd68,1929.36,2023-03-17T07:55:00Z,1292f7ef6b83d13b1f9d2a2e6a858b0d76031738056be6207746ffbba79db016,2023-03-17T07:55:00Z,1930.55,1918.23,2023-04-01T00:00:00Z,2023-03-17T07:00:00Z,0.0,LONG,1.0,11.72889610389657,CONTROL_V2_FILLED_STOP,2023-03-17T07:55:00Z,CONTROL_NEXT_M1_OPEN,1930.55,True,8cff9340239ac5a02a85235c4e4496cf61f7d719f528b4037faa7502e9766c62,0.2053571428571417,0.23538961038961898,2023_03,0.2345779220779314,0.2345779220779314,TARGET,2023-03-17T09:55:00Z,TARGET,d11942659209fd426aecaa2c7c04863bb99961c85a73f5b84b0f13f7a4ca3395,2023-03-17T09:55:00Z,RETEST_EXPIRED,2023-03-17T08:10:00Z,,1929.36,False,False,INITIAL_CONFIRMATION_TARGET,58a9ddbebbc2a737101d4d991ca4147f2775c046513c8901fb00c7895048f073,cb21c988f2c11697e55d86b30bb0b133aba3ed0924e9aaa4f83c570e569372a1,1918.23,6.105000000000002,0.30525000000000013,NOT_STRICTLY_CLOSER_THAN_CONTROL,H1_SOURCE_SWING_BUFFERED_ELSE_CONTROL,False,cb21c988f2c11697e55d86b30bb0b133aba3ed0924e9aaa4f83c570e569372a1,2023-03-17T07:00:00Z,1918.23,1933.44,2a6a8c09ebee680e5841676f0098e8e6c36b5c50026fdafc739cc4d99783230f
d9a0dfc9cdd1d094c30469f9c926c4357a352758e847a42c0fb333e0dbb0bd68,1929.36,2023-03-17T07:55:00Z,1292f7ef6b83d13b1f9d2a2e6a858b0d76031738056be6207746ffbba79db016,2023-03-17T07:55:00Z,1930.55,1918.23,2023-04-01T00:00:00Z,2023-03-17T07:00:00Z,-0.2345779220779314,LONG,1.0,0.0,CONTROL_V2_FILLED_STOP,,M5_BROKEN_CONTROL_FIRST_RETEST,,False,a6aeaae944ac97e762a248364760f0d0b949bdfef577c240ec707bd61292055b,,,2023_03,0.0,0.2345779220779314,TARGET,2023-03-17T09:55:00Z,NO_FILL,a0e9d8de13d8c942093869d9776dbd368827b09e292b10ceb5037f2ba4fe837f,,RETEST_EXPIRED,2023-03-17T08:10:00Z,,1929.36,False,False,INITIAL_CONFIRMATION_TARGET,e040c34fd59931c168f72ca45d65f71d397b4a8f50d6ef76fb88545579d90d0f,cb21c988f2c11697e55d86b30bb0b133aba3ed0924e9aaa4f83c570e569372a1,1918.23,,,,CONTROL_V2_FILLED_STOP,False,,2023-03-17T07:55:00Z,1918.23,1933.44,2a6a8c09ebee680e5841676f0098e8e6c36b5c50026fdafc739cc4d99783230f
d9a0dfc9cdd1d094c30469f9c926c4357a352758e847a42c0fb333e0dbb0bd68,1929.36,2023-03-17T07:55:00Z,1292f7ef6b83d13b1f9d2a2e6a858b0d76031738056be6207746ffbba79db016,2023-03-17T07:55:00Z,1930.55,1918.23,2023-04-01T00:00:00Z,2023-03-17T07:00:00Z,-0.2345779220779314,LONG,0.23720431354358737,0.0,M5_LATEST_CONFIRMED_OPPOSING_SWING_ELSE_CONTROL,,M5_BROKEN_CONTROL_FIRST_RETEST,,False,8594fb0b3eb1b29cbe3b0884921f77068469fa6297aa90b1fd3e5ffa4c5567c0,,,2023_03,0.0,0.2345779220779314,TARGET,2023-03-17T09:55:00Z,NO_FILL,7fad438d04afddea7236304848a048d179a7785933a0cc353c15b75ae139cfa2,,RETEST_EXPIRED,2023-03-17T08:10:00Z,,1929.36,False,False,INITIAL_CONFIRMATION_TARGET,52aa039263d56ceebfb1c2c9c9744dcf0145a0bc60efbdbd7037a3f6d4e21967,cb21c988f2c11697e55d86b30bb0b133aba3ed0924e9aaa4f83c570e569372a1,1927.627642857143,0.8471428571428338,0.04235714285714169,,M5_LATEST_CONFIRMED_OPPOSING_SWING_ELSE_CONTROL,True,44fa36a8e0c29e37c611131ee0f7d5291b27b6ac8dbc053cb976acfcb1b5b0ec,2023-03-17T07:45:00Z,1927.67,1933.44,2a6a8c09ebee680e5841676f0098e8e6c36b5c50026fdafc739cc4d99783230f
d9a0dfc9cdd1d094c30469f9c926c4357a352758e847a42c0fb333e0dbb0bd68,1929.36,2023-03-17T07:55:00Z,1292f7ef6b83d13b1f9d2a2e6a858b0d76031738056be6207746ffbba79db016,2023-03-17T07:55:00Z,1930.55,1918.23,2023-04-01T00:00:00Z,2023-03-17T07:00:00Z,-0.2345779220779314,LONG,0.28736665120593874,0.0,M15_LATEST_CONFIRMED_OPPOSING_SWING_ELSE_CONTROL,,M5_BROKEN_CONTROL_FIRST_RETEST,,False,09b289b24bc3f6d68471c723977dc85ede33cf536c9a45b39866afdc8cbf334b,,,2023_03,0.0,0.2345779220779314,TARGET,2023-03-17T09:55:00Z,NO_FILL,cb991b85277c36ba3482b59880b6cd04092a66238890add157b7a85266888926,,RETEST_EXPIRED,2023-03-17T08:10:00Z,,1929.36,False,False,INITIAL_CONFIRMATION_TARGET,2fdaf0dd826bef8b161287452f3f6de463bd9716394e38a5209b5686f0d7f306,cb21c988f2c11697e55d86b30bb0b133aba3ed0924e9aaa4f83c570e569372a1,1927.0096428571428,1.8071428571428538,0.09035714285714269,,M15_LATEST_CONFIRMED_OPPOSING_SWING_ELSE_CONTROL,True,b3e43942d3ea7165921913146fd0870d529b2a9c1e497fb857fc7196d88aaf75,2023-03-17T07:30:00Z,1927.1,1933.44,2a6a8c09ebee680e5841676f0098e8e6c36b5c50026fdafc739cc4d99783230f
d9a0dfc9cdd1d094c30469f9c926c4357a352758e847a42c0fb333e0dbb0bd68,1929.36,2023-03-17T07:55:00Z,1292f7ef6b83d13b1f9d2a2e6a858b0d76031738056be6207746ffbba79db016,2023-03-17T07:55:00Z,1930.55,1918.23,2023-04-01T00:00:00Z,2023-03-17T07:00:00Z,-0.2345779220779314,LONG,1.0,0.0,CONTROL_V2_FILLED_STOP,,M5_BROKEN_CONTROL_FIRST_RETEST,,False,8cff9340239ac5a02a85235c4e4496cf61f7d719f528b4037faa7502e9766c62,,,2023_03,0.0,0.2345779220779314,TARGET,2023-03-17T09:55:00Z,NO_FILL,6e43da86399cd83a1bfa056f2907687f641c4b0ce7713070bc9fdf5cefbc132b,,RETEST_EXPIRED,2023-03-17T08:10:00Z,,1929.36,False,False,INITIAL_CONFIRMATION_TARGET,e8439ebd5a9d78e34d05191851e05ed6a994e101afb41d6b24ae25869fe7a502,cb21c988f2c11697e55d86b30bb0b133aba3ed0924e9aaa4f83c570e569372a1,1918.23,6.105000000000002,0.30525000000000013,NOT_STRICTLY_CLOSER_THAN_CONTROL,H1_SOURCE_SWING_BUFFERED_ELSE_CONTROL,False,cb21c988f2c11697e55d86b30bb0b133aba3ed0924e9aaa4f83c570e569372a1,2023-03-17T07:00:00Z,1918.23,1933.44,2a6a8c09ebee680e5841676f0098e8e6c36b5c50026fdafc739cc4d99783230f
d9a0dfc9cdd1d094c30469f9c926c4357a352758e847a42c0fb333e0dbb0bd68,1929.36,2023-03-17T07:55:00Z,1292f7ef6b83d13b1f9d2a2e6a858b0d76031738056be6207746ffbba79db016,2023-03-17T07:55:00Z,1930.55,1918.23,2023-04-01T00:00:00Z,2023-03-17T07:00:00Z,-0.17593344155844856,LONG,1.0,2.9322240259741426,CONTROL_V2_FILLED_STOP,2023-03-17T07:55:00Z,CONFIRMED_25_75_RETEST_SPLIT,1930.55,True,a6aeaae944ac97e762a248364760f0d0b949bdfef577c240ec707bd61292055b,0.05133928571428543,0.058847402597404744,2023_03,0.05864448051948285,0.2345779220779314,TARGET,2023-03-17T09:55:00Z,SPLIT_CONTROL_TARGET_NO_RETEST,81593c586b103a77fe638b32a28508987955f7bfc8bf19d97af8e2e07daa812a,2023-03-17T09:55:00Z,RETEST_EXPIRED,2023-03-17T08:10:00Z,,1929.36,False,False,INITIAL_CONFIRMATION_TARGET,9781d3fda0d6b7560170b0e11962342ef5b8921c4a58fbeab1eaf75a4bd7af63,cb21c988f2c11697e55d86b30bb0b133aba3ed0924e9aaa4f83c570e569372a1,1918.23,,,,CONTROL_V2_FILLED_STOP,False,,2023-03-17T07:55:00Z,1918.23,1933.44,2a6a8c09ebee680e5841676f0098e8e6c36b5c50026fdafc739cc4d99783230f
d9a0dfc9cdd1d094c30469f9c926c4357a352758e847a42c0fb333e0dbb0bd68,1929.36,2023-03-17T07:55:00Z,1292f7ef6b83d13b1f9d2a2e6a858b0d76031738056be6207746ffbba79db016,2023-03-17T07:55:00Z,1930.55,1918.23,2023-04-01T00:00:00Z,2023-03-17T07:00:00Z,0.012654009093112262,LONG,0.23720431354358737,12.361596558552183,M5_LATEST_CONFIRMED_OPPOSING_SWING_ELSE_CONTROL,2023-03-17T07:55:00Z,CONFIRMED_25_75_RETEST_SPLIT,1930.55,True,8594fb0b3eb1b29cbe3b0884921f77068469fa6297aa90b1fd3e5ffa4c5567c0,0.21643487400093844,0.24808740498132328,2023_03,0.24723193117104367,0.2345779220779314,TARGET,2023-03-17T09:55:00Z,SPLIT_CONTROL_TARGET_NO_RETEST,4e93d039f2ed1c11cf556e8268f0c9f1d97772de74ce5b5a6ba79064fbaaccd2,2023-03-17T09:55:00Z,RETEST_EXPIRED,2023-03-17T08:10:00Z,,1929.36,False,False,INITIAL_CONFIRMATION_TARGET,26a1dc42493984b99b933cc2a8ce5a5285e5cc53e322dc45fa1c4a9f0b1a24ba,cb21c988f2c11697e55d86b30bb0b133aba3ed0924e9aaa4f83c570e569372a1,1927.627642857143,0.8471428571428338,0.04235714285714169,,M5_LATEST_CONFIRMED_OPPOSING_SWING_ELSE_CONTROL,True,44fa36a8e0c29e37c611131ee0f7d5291b27b6ac8dbc053cb976acfcb1b5b0ec,2023-03-17T07:45:00Z,1927.67,1933.44,2a6a8c09ebee680e5841676f0098e8e6c36b5c50026fdafc739cc4d99783230f
d9a0dfc9cdd1d094c30469f9c926c4357a352758e847a42c0fb333e0dbb0bd68,1929.36,2023-03-17T07:55:00Z,1292f7ef6b83d13b1f9d2a2e6a858b0d76031738056be6207746ffbba79db016,2023-03-17T07:55:00Z,1930.55,1918.23,2023-04-01T00:00:00Z,2023-03-17T07:00:00Z,-0.030502465606624257,LONG,0.28736665120593874,10.203772823565357,M15_LATEST_CONFIRMED_OPPOSING_SWING_ELSE_CONTROL,2023-03-17T07:55:00Z,CONFIRMED_25_75_RETEST_SPLIT,1930.55,True,09b289b24bc3f6d68471c723977dc85ede33cf536c9a45b39866afdc8cbf334b,0.17865429234338534,0.20478159991930409,2023_03,0.20407545647130715,0.2345779220779314,TARGET,2023-03-17T09:55:00Z,SPLIT_CONTROL_TARGET_NO_RETEST,a58c025cc7dcd68ec0893565291c3079ef0244613d2badf72d6e62b3e18569de,2023-03-17T09:55:00Z,RETEST_EXPIRED,2023-03-17T08:10:00Z,,1929.36,False,False,INITIAL_CONFIRMATION_TARGET,2161504062f791e81ab882410beecbb2e1f2b4ab5f339e9634ac8274820b77f1,cb21c988f2c11697e55d86b30bb0b133aba3ed0924e9aaa4f83c570e569372a1,1927.0096428571428,1.8071428571428538,0.09035714285714269,,M15_LATEST_CONFIRMED_OPPOSING_SWING_ELSE_CONTROL,True,b3e43942d3ea7165921913146fd0870d529b2a9c1e497fb857fc7196d88aaf75,2023-03-17T07:30:00Z,1927.1,1933.44,2a6a8c09ebee680e5841676f0098e8e6c36b5c50026fdafc739cc4d99783230f
d9a0dfc9cdd1d094c30469f9c926c4357a352758e847a42c0fb333e0dbb0bd68,1929.36,2023-03-17T07:55:00Z,1292f7ef6b83d13b1f9d2a2e6a858b0d76031738056be6207746ffbba79db016,2023-03-17T07:55:00Z,1930.55,1918.23,2023-04-01T00:00:00Z,2023-03-17T07:00:00Z,-0.17593344155844856,LONG,1.0,2.9322240259741426,CONTROL_V2_FILLED_STOP,2023-03-17T07:55:00Z,CONFIRMED_25_75_RETEST_SPLIT,1930.55,True,8cff9340239ac5a02a85235c4e4496cf61f7d719f528b4037faa7502e9766c62,0.05133928571428543,0.058847402597404744,2023_03,0.05864448051948285,0.2345779220779314,TARGET,2023-03-17T09:55:00Z,SPLIT_CONTROL_TARGET_NO_RETEST,510612904c756b11318d605970e7e01928a8dd9e048f67dd191d89655b800218,2023-03-17T09:55:00Z,RETEST_EXPIRED,2023-03-17T08:10:00Z,,1929.36,False,False,INITIAL_CONFIRMATION_TARGET,3246a615ae3148183c5bf800e5baad97bc640216dae0083becd54794ce9acd60,cb21c988f2c11697e55d86b30bb0b133aba3ed0924e9aaa4f83c570e569372a1,1918.23,6.105000000000002,0.30525000000000013,NOT_STRICTLY_CLOSER_THAN_CONTROL,H1_SOURCE_SWING_BUFFERED_ELSE_CONTROL,False,cb21c988f2c11697e55d86b30bb0b133aba3ed0924e9aaa4f83c570e569372a1,2023-03-17T07:00:00Z,1918.23,1933.44,2a6a8c09ebee680e5841676f0098e8e6c36b5c50026fdafc739cc4d99783230f
043ea6706fcf989a92a358b05b710a1647fa763beb9d2eca4bb5639ed81d64e2,1930.68,2023-03-17T10:15:00Z,3f549c4d3e1514a22158fa5fc6a07909c7205ef4efb1f8cd04c9f2206120d4d6,2023-03-17T10:15:00Z,1929.39,1934.37,2023-04-01T00:00:00Z,2023-03-16T19:00:00Z,0.0,SHORT,1.0,-50.0,CONTROL_V2_FILLED_STOP,2023-03-17T10:15:00Z,CONTROL_NEXT_M1_OPEN,1929.39,True,861cf29e7ad5ee4dc8ac41954dcb6e63735aec7c2bf444a60dffd69007eade69,1.0441767068273167,0.41566265060246,2023_03,-1.0,-1.0,STOP,2023-03-17T14:20:00Z,STOP,9ef29797c13362bcc17e64a8c583a96f7ba49b9c38b9df12acb0d24b3b56288a,2023-03-17T14:20:00Z,FIRST_RETEST_FILLED,2023-03-17T10:30:00Z,2023-03-17T10:16:00Z,1930.68,True,False,RECLAIM_CONFIRMATION_STOP,311d6fcababf80132a8496b0337f1f04def62c7e1abd930a5b433832fbc71bfe,0f4e09c263ef6e2767ecabc4c2c167a8973e01763c17da84ac429dc0aaad40e7,1934.37,,,,CONTROL_V2_FILLED_STOP,False,,2023-03-17T10:15:00Z,1934.37,1907.52,8ceed73b6a9d164f63f259ec440efdccc96fb1fafbd71b149be5b80330aef36d
043ea6706fcf989a92a358b05b710a1647fa763beb9d2eca4bb5639ed81d64e2,1930.68,2023-03-17T10:15:00Z,3f549c4d3e1514a22158fa5fc6a07909c7205ef4efb1f8cd04c9f2206120d4d6,2023-03-17T10:15:00Z,1929.39,1934.37,2023-04-01T00:00:00Z,2023-03-16T19:00:00Z,0.0,SHORT,1.0,-50.0,CONTROL_V2_FILLED_STOP,2023-03-17T10:15:00Z,CONTROL_NEXT_M1_OPEN,1929.39,True,59ee7710bac33391f10ec8fe7aa6c164f23f92889af9d837d1eaf1a35df94e60,1.0441767068273167,0.41566265060246,2023_03,-1.0,-1.0,STOP,2023-03-17T14:20:00Z,STOP,1858ab83262c3c067a4b3cd1a7f5be52b03643dc7cb0f6e90b7b623ab7fdb1dc,2023-03-17T14:20:00Z,FIRST_RETEST_FILLED,2023-03-17T10:30:00Z,2023-03-17T10:16:00Z,1930.68,True,False,RECLAIM_CONFIRMATION_STOP,a12c8d7e4ccc34980f25198dd0f095dc77a4961295582257e8a99b7306dc5f68,0f4e09c263ef6e2767ecabc4c2c167a8973e01763c17da84ac429dc0aaad40e7,1934.37,1.5114285714285773,0.07557142857142887,NOT_STRICTLY_CLOSER_THAN_CONTROL,M5_LATEST_CONFIRMED_OPPOSING_SWING_ELSE_CONTROL,False,6f50d787a2b49efadbd94178fdeb3b76b1cf2d0bdc6a7847f8bb0ecdb37b92fe,2023-03-17T10:10:00Z,1934.35,1907.52,8ceed73b6a9d164f63f259ec440efdccc96fb1fafbd71b149be5b80330aef36d
043ea6706fcf989a92a358b05b710a1647fa763beb9d2eca4bb5639ed81d64e2,1930.68,2023-03-17T10:15:00Z,3f549c4d3e1514a22158fa5fc6a07909c7205ef4efb1f8cd04c9f2206120d4d6,2023-03-17T10:15:00Z,1929.39,1934.37,2023-04-01T00:00:00Z,2023-03-16T19:00:00Z,0.0,SHORT,0.7105493402179907,-50.0,M15_LATEST_CONFIRMED_OPPOSING_SWING_ELSE_CONTROL,2023-03-17T10:15:00Z,CONTROL_NEXT_M1_OPEN,1929.39,True,868cd0435a5bb46377b973a29d46472725f8cfa7b623bd6189458ddaf41e8efb,1.0004138112012286,0.5849877370583979,2023_03,-1.0,-1.0,STOP,2023-03-17T14:20:00Z,STOP,b88d2779fa045b9f5cb7978db992d6dcc65e0dd0f802290a66d4b20dec617afd,2023-03-17T12:57:00Z,FIRST_RETEST_FILLED,2023-03-17T10:30:00Z,2023-03-17T10:16:00Z,1930.68,True,False,RECLAIM_CONFIRMATION_STOP,26255aa53361b6f96d1657f05d728df16ac5bfe2a8f489e2310112007686e077,0f4e09c263ef6e2767ecabc4c2c167a8973e01763c17da84ac429dc0aaad40e7,1932.9285357142855,2.1707142857142765,0.10853571428571383,,M15_LATEST_CONFIRMED_OPPOSING_SWING_ELSE_CONTROL,True,136e5b1ab78c6fe63c36941facdfd9b521a113502ac7a2971db52c823d6dd235,2023-03-17T09:15:00Z,1932.82,1907.52,8ceed73b6a9d164f63f259ec440efdccc96fb1fafbd71b149be5b80330aef36d
043ea6706fcf989a92a358b05b710a1647fa763beb9d2eca4bb5639ed81d64e2,1930.68,2023-03-17T10:15:00Z,3f549c4d3e1514a22158fa5fc6a07909c7205ef4efb1f8cd04c9f2206120d4d6,2023-03-17T10:15:00Z,1929.39,1934.37,2023-04-01T00:00:00Z,2023-03-16T19:00:00Z,0.0,SHORT,0.8684667240390443,-50.0,H1_SOURCE_SWING_BUFFERED_ELSE_CONTROL,2023-03-17T10:15:00Z,CONTROL_NEXT_M1_OPEN,1929.39,True,871f0767baf00ee6e10d6f5db6ce47e03671631df55ece0ac6a3ec22380c3528,1.045095335221598,0.478616669006391,2023_03,-1.0,-1.0,STOP,2023-03-17T14:20:00Z,STOP,6b526d3aa88d70e0c92b3a7cd51a9c55b320c71ead9e71e32aa97b99e87232dc,2023-03-17T14:19:00Z,FIRST_RETEST_FILLED,2023-03-17T10:30:00Z,2023-03-17T10:16:00Z,1930.68,True,False,RECLAIM_CONFIRMATION_STOP,8dd97feb99da3450c6813da73d76ecc5ae58f3df1a45f4a49a466d62bf04ae2a,0f4e09c263ef6e2767ecabc4c2c167a8973e01763c17da84ac429dc0aaad40e7,1933.7149642857144,5.4992857142857146,0.2749642857142857,,H1_SOURCE_SWING_BUFFERED_ELSE_CONTROL,True,0f4e09c263ef6e2767ecabc4c2c167a8973e01763c17da84ac429dc0aaad40e7,2023-03-16T19:00:00Z,1933.44,1907.52,8ceed73b6a9d164f63f259ec440efdccc96fb1fafbd71b149be5b80330aef36d
043ea6706fcf989a92a358b05b710a1647fa763beb9d2eca4bb5639ed81d64e2,1930.68,2023-03-17T10:15:00Z,3f549c4d3e1514a22158fa5fc6a07909c7205ef4efb1f8cd04c9f2206120d4d6,2023-03-17T10:15:00Z,1929.39,1934.37,2023-04-01T00:00:00Z,2023-03-16T19:00:00Z,0.0,SHORT,1.0,-50.0,CONTROL_V2_FILLED_STOP,2023-03-17T10:16:00Z,M5_BROKEN_CONTROL_FIRST_RETEST,1930.68,True,861cf29e7ad5ee4dc8ac41954dcb6e63735aec7c2bf444a60dffd69007eade69,1.0596205962059722,0.910569105691134,2023_03,-1.0,-1.0,STOP,2023-03-17T14:20:00Z,STOP,430e22325e3662bead95f10d43aab4b80bf3637630aab2832affa758726c5095,2023-03-17T14:20:00Z,FIRST_RETEST_FILLED,2023-03-17T10:30:00Z,2023-03-17T10:16:00Z,1930.68,True,True,RECLAIM_CONFIRMATION_STOP,9283488bc540826d449e3877f3dc2a8ee8016b4ec4fcd698f0779207d2661aac,0f4e09c263ef6e2767ecabc4c2c167a8973e01763c17da84ac429dc0aaad40e7,1934.37,,,,CONTROL_V2_FILLED_STOP,False,,2023-03-17T10:15:00Z,1934.37,1907.52,8ceed73b6a9d164f63f259ec440efdccc96fb1fafbd71b149be5b80330aef36d
043ea6706fcf989a92a358b05b710a1647fa763beb9d2eca4bb5639ed81d64e2,1930.68,2023-03-17T10:15:00Z,3f549c4d3e1514a22158fa5fc6a07909c7205ef4efb1f8cd04c9f2206120d4d6,2023-03-17T10:15:00Z,1929.39,1934.37,2023-04-01T00:00:00Z,2023-03-16T19:00:00Z,0.0,SHORT,1.0,-50.0,CONTROL_V2_FILLED_STOP,2023-03-17T10:16:00Z,M5_BROKEN_CONTROL_FIRST_RETEST,1930.68,True,59ee7710bac33391f10ec8fe7aa6c164f23f92889af9d837d1eaf1a35df94e60,1.0596205962059722,0.910569105691134,2023_03,-1.0,-1.0,STOP,2023-03-17T14:20:00Z,STOP,4a8f69a983c0ae4b9448ba8cb8210f5460956aed552f298e996f0ec5c5a905bc,2023-03-17T14:20:00Z,FIRST_RETEST_FILLED,2023-03-17T10:30:00Z,2023-03-17T10:16:00Z,1930.68,True,True,RECLAIM_CONFIRMATION_STOP,c695db47ca83aaf1a0770bf4959d29614b64e37e1826e68fdbcc4a8e6b7d0ac5,0f4e09c263ef6e2767ecabc4c2c167a8973e01763c17da84ac429dc0aaad40e7,1934.37,1.5114285714285773,0.07557142857142887,NOT_STRICTLY_CLOSER_THAN_CONTROL,M5_LATEST_CONFIRMED_OPPOSING_SWING_ELSE_CONTROL,False,6f50d787a2b49efadbd94178fdeb3b76b1cf2d0bdc6a7847f8bb0ecdb37b92fe,2023-03-17T10:10:00Z,1934.35,1907.52,8ceed73b6a9d164f63f259ec440efdccc96fb1fafbd71b149be5b80330aef36d
043ea6706fcf989a92a358b05b710a1647fa763beb9d2eca4bb5639ed81d64e2,1930.68,2023-03-17T10:15:00Z,3f549c4d3e1514a22158fa5fc6a07909c7205ef4efb1f8cd04c9f2206120d4d6,2023-03-17T10:15:00Z,1929.39,1934.37,2023-04-01T00:00:00Z,2023-03-16T19:00:00Z,0.0,SHORT,0.7105493402179907,-50.0,M15_LATEST_CONFIRMED_OPPOSING_SWING_ELSE_CONTROL,2023-03-17T10:16:00Z,M5_BROKEN_CONTROL_FIRST_RETEST,1930.68,True,868cd0435a5bb46377b973a29d46472725f8cfa7b623bd6189458ddaf41e8efb,1.0006512174590851,1.4943058180722903,2023_03,-1.0,-1.0,STOP,2023-03-17T14:20:00Z,STOP,36083f5dfc1aa5c706cc3118de264434353dc50ec0a0582c85091ba11c011cfc,2023-03-17T12:57:00Z,FIRST_RETEST_FILLED,2023-03-17T10:30:00Z,2023-03-17T10:16:00Z,1930.68,True,True,RECLAIM_CONFIRMATION_STOP,d721e5ea8966c6d0b1228cef30831a198ba50b9217e53c811bd511f7a5b97b1b,0f4e09c263ef6e2767ecabc4c2c167a8973e01763c17da84ac429dc0aaad40e7,1932.9285357142855,2.1707142857142765,0.10853571428571383,,M15_LATEST_CONFIRMED_OPPOSING_SWING_ELSE_CONTROL,True,136e5b1ab78c6fe63c36941facdfd9b521a113502ac7a2971db52c823d6dd235,2023-03-17T09:15:00Z,1932.82,1907.52,8ceed73b6a9d164f63f259ec440efdccc96fb1fafbd71b149be5b80330aef36d
043ea6706fcf989a92a358b05b710a1647fa763beb9d2eca4bb5639ed81d64e2,1930.68,2023-03-17T10:15:00Z,3f549c4d3e1514a22158fa5fc6a07909c7205ef4efb1f8cd04c9f2206120d4d6,2023-03-17T10:15:00Z,1929.39,1934.37,2023-04-01T00:00:00Z,2023-03-16T19:00:00Z,0.0,SHORT,0.8684667240390443,-50.0,H1_SOURCE_SWING_BUFFERED_ELSE_CONTROL,2023-03-17T10:16:00Z,M5_BROKEN_CONTROL_FIRST_RETEST,1930.68,True,871f0767baf00ee6e10d6f5db6ce47e03671631df55ece0ac6a3ec22380c3528,1.0642629355487854,1.1070970475058928,2023_03,-1.0,-1.0,STOP,2023-03-17T14:20:00Z,STOP,2d09a285b4569e1e9fc47ee885299c5e691d594a2fa5ce1d27ff367bed2fd547,2023-03-17T14:19:00Z,FIRST_RETEST_FILLED,2023-03-17T10:30:00Z,2023-03-17T10:16:00Z,1930.68,True,True,RECLAIM_CONFIRMATION_STOP,39ec9db6bda9a71982de2e82a07a375c9350d78068a1e4fd79f558130e2821b4,0f4e09c263ef6e2767ecabc4c2c167a8973e01763c17da84ac429dc0aaad40e7,1933.7149642857144,5.4992857142857146,0.2749642857142857,,H1_SOURCE_SWING_BUFFERED_ELSE_CONTROL,True,0f4e09c263ef6e2767ecabc4c2c167a8973e01763c17da84ac429dc0aaad40e7,2023-03-16T19:00:00Z,1933.44,1907.52,8ceed73b6a9d164f63f259ec440efdccc96fb1fafbd71b149be5b80330aef36d
043ea6706fcf989a92a358b05b710a1647fa763beb9d2eca4bb5639ed81d64e2,1930.68,2023-03-17T10:15:00Z,3f549c4d3e1514a22158fa5fc6a07909c7205ef4efb1f8cd04c9f2206120d4d6,2023-03-17T10:15:00Z,1929.39,1934.37,2023-04-01T00:00:00Z,2023-03-16T19:00:00Z,0.0,SHORT,1.0,-50.0,CONTROL_V2_FILLED_STOP,2023-03-17T10:15:00Z,CONFIRMED_25_75_RETEST_SPLIT,1929.39,True,861cf29e7ad5ee4dc8ac41954dcb6e63735aec7c2bf444a60dffd69007eade69,1.0557596238613083,0.7868424919189656,2023_03,-1.0,-1.0,STOP,2023-03-17T14:20:00Z,SPLIT_STOP_STOP,d2b353639b69115e3ee9e3430cd84163973aad37fbde00ef9696794b375bbbdc,2023-03-17T14:20:00Z,FIRST_RETEST_FILLED,2023-03-17T10:30:00Z,2023-03-17T10:16:00Z,1930.68,True,True,RECLAIM_CONFIRMATION_STOP,35b7d301185e03d3a8eb5973dab2d2bd0d6dd68de70991a01529c1e781065788,0f4e09c263ef6e2767ecabc4c2c167a8973e01763c17da84ac429dc0aaad40e7,1934.37,,,,CONTROL_V2_FILLED_STOP,False,,2023-03-17T10:15:00Z,1934.37,1907.52,8ceed73b6a9d164f63f259ec440efdccc96fb1fafbd71b149be5b80330aef36d
043ea6706fcf989a92a358b05b710a1647fa763beb9d2eca4bb5639ed81d64e2,1930.68,2023-03-17T10:15:00Z,3f549c4d3e1514a22158fa5fc6a07909c7205ef4efb1f8cd04c9f2206120d4d6,2023-03-17T10:15:00Z,1929.39,1934.37,2023-04-01T00:00:00Z,2023-03-16T19:00:00Z,0.0,SHORT,1.0,-50.0,CONTROL_V2_FILLED_STOP,2023-03-17T10:15:00Z,CONFIRMED_25_75_RETEST_SPLIT,1929.39,True,59ee7710bac33391f10ec8fe7aa6c164f23f92889af9d837d1eaf1a35df94e60,1.0557596238613083,0.7868424919189656,2023_03,-1.0,-1.0,STOP,2023-03-17T14:20:00Z,SPLIT_STOP_STOP,9915db21f559841972a22475442ad870882748fd4ad1146dbce73f0103111708,2023-03-17T14:20:00Z,FIRST_RETEST_FILLED,2023-03-17T10:30:00Z,2023-03-17T10:16:00Z,1930.68,True,True,RECLAIM_CONFIRMATION_STOP,ff98c47de723be4a02d982ba124aa35667762bf51732f70b25a4a74e44059f30,0f4e09c263ef6e2767ecabc4c2c167a8973e01763c17da84ac429dc0aaad40e7,1934.37,1.5114285714285773,0.07557142857142887,NOT_STRICTLY_CLOSER_THAN_CONTROL,M5_LATEST_CONFIRMED_OPPOSING_SWING_ELSE_CONTROL,False,6f50d787a2b49efadbd94178fdeb3b76b1cf2d0bdc6a7847f8bb0ecdb37b92fe,2023-03-17T10:10:00Z,1934.35,1907.52,8ceed73b6a9d164f63f259ec440efdccc96fb1fafbd71b149be5b80330aef36d
043ea6706fcf989a92a358b05b710a1647fa763beb9d2eca4bb5639ed81d64e2,1930.68,2023-03-17T10:15:00Z,3f549c4d3e1514a22158fa5fc6a07909c7205ef4efb1f8cd04c9f2206120d4d6,2023-03-17T10:15:00Z,1929.39,1934.37,2023-04-01T00:00:00Z,2023-03-16T19:00:00Z,0.0,SHORT,0.7105493402179907,-50.0,M15_LATEST_CONFIRMED_OPPOSING_SWING_ELSE_CONTROL,2023-03-17T10:15:00Z,CONFIRMED_25_75_RETEST_SPLIT,1929.39,True,868cd0435a5bb46377b973a29d46472725f8cfa7b623bd6189458ddaf41e8efb,1.0005918658946211,1.2669762978188173,2023_03,-1.0,-1.0,STOP,2023-03-17T14:20:00Z,SPLIT_STOP_STOP,70b5db80593d3580bc419a24c91278c87bdec38347beeb276aab3a4cd8800c36,2023-03-17T12:57:00Z,FIRST_RETEST_FILLED,2023-03-17T10:30:00Z,2023-03-17T10:16:00Z,1930.68,True,True,RECLAIM_CONFIRMATION_STOP,c51fc5807b1b9eb914a4dce2bf07e13ebc0070d0892c99a7b5c3577104da0821,0f4e09c263ef6e2767ecabc4c2c167a8973e01763c17da84ac429dc0aaad40e7,1932.9285357142855,2.1707142857142765,0.10853571428571383,,M15_LATEST_CONFIRMED_OPPOSING_SWING_ELSE_CONTROL,True,136e5b1ab78c6fe63c36941facdfd9b521a113502ac7a2971db52c823d6dd235,2023-03-17T09:15:00Z,1932.82,1907.52,8ceed73b6a9d164f63f259ec440efdccc96fb1fafbd71b149be5b80330aef36d
043ea6706fcf989a92a358b05b710a1647fa763beb9d2eca4bb5639ed81d64e2,1930.68,2023-03-17T10:15:00Z,3f549c4d3e1514a22158fa5fc6a07909c7205ef4efb1f8cd04c9f2206120d4d6,2023-03-17T10:15:00Z,1929.39,1934.37,2023-04-01T00:00:00Z,2023-03-16T19:00:00Z,0.0,SHORT,0.8684667240390443,-50.0,H1_SOURCE_SWING_BUFFERED_ELSE_CONTROL,2023-03-17T10:15:00Z,CONFIRMED_25_75_RETEST_SPLIT,1929.39,True,871f0767baf00ee6e10d6f5db6ce47e03671631df55ece0ac6a3ec22380c3528,1.0594710354669885,0.9499769528810172,2023_03,-1.0,-1.0,STOP,2023-03-17T14:20:00Z,SPLIT_STOP_STOP,4855ded9f279b9283babbbf6903dd5af9ba795387854e9220998268516ca7548,2023-03-17T14:19:00Z,FIRST_RETEST_FILLED,2023-03-17T10:30:00Z,2023-03-17T10:16:00Z,1930.68,True,True,RECLAIM_CONFIRMATION_STOP,cf0897be7478ea6849ad7e96dcf4332fc0eb3d074483895ceb3cc23193e2b622,0f4e09c263ef6e2767ecabc4c2c167a8973e01763c17da84ac429dc0aaad40e7,1933.7149642857144,5.4992857142857146,0.2749642857142857,,H1_SOURCE_SWING_BUFFERED_ELSE_CONTROL,True,0f4e09c263ef6e2767ecabc4c2c167a8973e01763c17da84ac429dc0aaad40e7,2023-03-16T19:00:00Z,1933.44,1907.52,8ceed73b6a9d164f63f259ec440efdccc96fb1fafbd71b149be5b80330aef36d
c87172275b3de220505e5e42b55435c92aa08e4a58a12181449ed0391a9afacc,1932.47,2023-03-17T14:20:00Z,6b468d6565533f0b66bc64a9b5c06418869f28e4c931245509fd7a58127033c2,2023-03-17T14:20:00Z,1933.86,1927.32,2023-04-01T00:00:00Z,2023-03-17T14:00:00Z,0.0,LONG,1.0,3.7461773700306713,CONTROL_V2_FILLED_STOP,2023-03-17T14:20:00Z,CONTROL_NEXT_M1_OPEN,1933.86,True,b4010f5c0d53a1128df90c5ceaadf5c134fdaeca4a8b00a26fff754677630282,0.003058103975532404,0.11162079510703704,2023_03,0.07492354740061342,0.07492354740061342,TARGET,2023-03-17T14:20:00Z,TARGET,79b673089885d25225e2c6f8b2bca8e9daa4dae39c024d03afe1f17f8ca22e35,2023-03-17T14:20:00Z,TARGET_BEFORE_RETEST,2023-03-17T14:35:00Z,,1932.47,False,False,INITIAL_CONFIRMATION_TARGET,a5558254bec041df159ddb4c588ac04bbbcf629e6596acaf70ccdd4a191989fd,36be61e262724f1c09cbd8066722e88644562817596c500f43a8fe3a33bf3451,1927.32,,,,CONTROL_V2_FILLED_STOP,False,,2023-03-17T14:20:00Z,1927.32,1934.35,5a1b546b22616213d1b6d8d1468b06184049a2747a4b437be22498b2c0e4b12a
c87172275b3de220505e5e42b55435c92aa08e4a58a12181449ed0391a9afacc,1932.47,2023-03-17T14:20:00Z,6b468d6565533f0b66bc64a9b5c06418869f28e4c931245509fd7a58127033c2,2023-03-17T14:20:00Z,1933.86,1927.32,2023-04-01T00:00:00Z,2023-03-17T14:00:00Z,0.030944734554709946,LONG,0.7077053298383676,5.293414097766169,M5_LATEST_CONFIRMED_OPPOSING_SWING_ELSE_CONTROL,2023-03-17T14:20:00Z,CONTROL_NEXT_M1_OPEN,1933.86,True,7f3463825ce5dcd7017bd00d219ba3c413ecec58a7ce9f293569127b76d8bf19,0.004321154365519392,0.1577221343416052,2023_03,0.10586828195532337,0.07492354740061342,TARGET,2023-03-17T14:20:00Z,TARGET,b7e89b5816d64d7a53903c34b65907377b89b12249f7d07bef240a4d8cf04e30,2023-03-17T14:20:00Z,TARGET_BEFORE_RETEST,2023-03-17T14:35:00Z,,1932.47,False,False,INITIAL_CONFIRMATION_TARGET,ddaa425be0fa961bfc6adc51e82436ced006998a0ff4df507a49cf5941b9c9b1,36be61e262724f1c09cbd8066722e88644562817596c500f43a8fe3a33bf3451,1929.231607142857,1.1678571428571363,0.058392857142856816,,M5_LATEST_CONFIRMED_OPPOSING_SWING_ELSE_CONTROL,True,1df338d5d1a3c8c299f70a81434c61807aea60b7da6b89cff64667515d4a7d4f,2023-03-17T14:15:00Z,1929.29,1934.35,5a1b546b22616213d1b6d8d1468b06184049a2747a4b437be22498b2c0e4b12a
c87172275b3de220505e5e42b55435c92aa08e4a58a12181449ed0391a9afacc,1932.47,2023-03-17T14:20:00Z,6b468d6565533f0b66bc64a9b5c06418869f28e4c931245509fd7a58127033c2,2023-03-17T14:20:00Z,1933.86,1927.32,2023-04-01T00:00:00Z,2023-03-17T14:00:00Z,0.008734479074834947,LONG,0.8955930537352765,4.182901323772419,M15_LATEST_CONFIRMED_OPPOSING_SWING_ELSE_CONTROL,2023-03-17T14:20:00Z,CONTROL_NEXT_M1_OPEN,1933.86,True,546fa953ce96a8e69b200f5d35b5530e5a9d7ff9a13defa2ef3474eb71165239,0.0034146133255253362,0.12463338638179124,2023_03,0.08365802647544837,0.07492354740061342,TARGET,2023-03-17T14:20:00Z,TARGET,363da3a36cbc0291464b5a06b63bfed3d38515b191a0f7c04767d1c93e2392c3,2023-03-17T14:20:00Z,TARGET_BEFORE_RETEST,2023-03-17T14:35:00Z,,1932.47,False,False,INITIAL_CONFIRMATION_TARGET,82ac327d7d71a946ca2be1a054a21ea23fd25b539fa7115bfee3c26b6a797daa,36be61e262724f1c09cbd8066722e88644562817596c500f43a8fe3a33bf3451,1928.0028214285712,2.343571428571441,0.11717857142857205,,M15_LATEST_CONFIRMED_OPPOSING_SWING_ELSE_CONTROL,True,a0c24d964c28410a825a74328050002b7c42ea63e5d5901d2125da2390d6a242,2023-03-17T12:45:00Z,1928.12,1934.35,5a1b546b22616213d1b6d8d1468b06184049a2747a4b437be22498b2c0e4b12a
c87172275b3de220505e5e42b55435c92aa08e4a58a12181449ed0391a9afacc,1932.47,2023-03-17T14:20:00Z,6b468d6565533f0b66bc64a9b5c06418869f28e4c931245509fd7a58127033c2,2023-03-17T14:20:00Z,1933.86,1927.32,2023-04-01T00:00:00Z,2023-03-17T14:00:00Z,0.0,LONG,1.0,3.7461773700306713,CONTROL_V2_FILLED_STOP,2023-03-17T14:20:00Z,CONTROL_NEXT_M1_OPEN,1933.86,True,4eb842d3d68fe110a3e6ca96aa4a778d1c0c6be0a30eb85bd1ae0bb0978a0012,0.003058103975532404,0.11162079510703704,2023_03,0.07492354740061342,0.07492354740061342,TARGET,2023-03-17T14:20:00Z,TARGET,3ef1353765aecbf6295dc6a8e0d73e4ed2b0db2195c32ac1a0ad3388994be16b,2023-03-17T14:20:00Z,TARGET_BEFORE_RETEST,2023-03-17T14:35:00Z,,1932.47,False,False,INITIAL_CONFIRMATION_TARGET,6f0adcaff96c1e6e9b33b3e338d8181c79de56bbed5de6d7e9c8f4d16627a1c4,36be61e262724f1c09cbd8066722e88644562817596c500f43a8fe3a33bf3451,1927.32,4.260000000000024,0.2130000000000012,NOT_STRICTLY_CLOSER_THAN_CONTROL,H1_SOURCE_SWING_BUFFERED_ELSE_CONTROL,False,36be61e262724f1c09cbd8066722e88644562817596c500f43a8fe3a33bf3451,2023-03-17T14:00:00Z,1927.32,1934.35,5a1b546b22616213d1b6d8d1468b06184049a2747a4b437be22498b2c0e4b12a
c87172275b3de220505e5e42b55435c92aa08e4a58a12181449ed0391a9afacc,1932.47,2023-03-17T14:20:00Z,6b468d6565533f0b66bc64a9b5c06418869f28e4c931245509fd7a58127033c2,2023-03-17T14:20:00Z,1933.86,1927.32,2023-04-01T00:00:00Z,2023-03-17T14:00:00Z,-0.07492354740061342,LONG,1.0,0.0,CONTROL_V2_FILLED_STOP,,M5_BROKEN_CONTROL_FIRST_RETEST,,False,b4010f5c0d53a1128df90c5ceaadf5c134fdaeca4a8b00a26fff754677630282,,,2023_03,0.0,0.07492354740061342,TARGET,2023-03-17T14:20:00Z,NO_FILL,d96e22972a6037c3888d0b89b0136aab226bfb49290ad2f63d7d4e6f3489288c,,TARGET_BEFORE_RETEST,2023-03-17T14:35:00Z,,1932.47,False,False,INITIAL_CONFIRMATION_TARGET,e429f8f05f3d8e35cbab9cc1f2a3b99e08c9327cb6c1212ddbdf37f3a45a0930,36be61e262724f1c09cbd8066722e88644562817596c500f43a8fe3a33bf3451,1927.32,,,,CONTROL_V2_FILLED_STOP,False,,2023-03-17T14:20:00Z,1927.32,1934.35,5a1b546b22616213d1b6d8d1468b06184049a2747a4b437be22498b2c0e4b12a
c87172275b3de220505e5e42b55435c92aa08e4a58a12181449ed0391a9afacc,1932.47,2023-03-17T14:20:00Z,6b468d6565533f0b66bc64a9b5c06418869f28e4c931245509fd7a58127033c2,2023-03-17T14:20:00Z,1933.86,1927.32,2023-04-01T00:00:00Z,2023-03-17T14:00:00Z,-0.07492354740061342,LONG,0.7077053298383676,0.0,M5_LATEST_CONFIRMED_OPPOSING_SWING_ELSE_CONTROL,,M5_BROKEN_CONTROL_FIRST_RETEST,,False,7f3463825ce5dcd7017bd00d219ba3c413ecec58a7ce9f293569127b76d8bf19,,,2023_03,0.0,0.07492354740061342,TARGET,2023-03-17T14:20:00Z,NO_FILL,afb2f92624671cb4494a0bdb11cd077e0b7958b5c831fc3df2a66c2d7cb953d4,,TARGET_BEFORE_RETEST,2023-03-17T14:35:00Z,,1932.47,False,False,INITIAL_CONFIRMATION_TARGET,ed198a64481aaef78ef0db5bc7d760b65598e6d532ad4232020b625af497b599,36be61e262724f1c09cbd8066722e88644562817596c500f43a8fe3a33bf3451,1929.231607142857,1.1678571428571363,0.058392857142856816,,M5_LATEST_CONFIRMED_OPPOSING_SWING_ELSE_CONTROL,True,1df338d5d1a3c8c299f70a81434c61807aea60b7da6b89cff64667515d4a7d4f,2023-03-17T14:15:00Z,1929.29,1934.35,5a1b546b22616213d1b6d8d1468b06184049a2747a4b437be22498b2c0e4b12a
c87172275b3de220505e5e42b55435c92aa08e4a58a12181449ed0391a9afacc,1932.47,2023-03-17T14:20:00Z,6b468d6565533f0b66bc64a9b5c06418869f28e4c931245509fd7a58127033c2,2023-03-17T14:20:00Z,1933.86,1927.32,2023-04-01T00:00:00Z,2023-03-17T14:00:00Z,-0.07492354740061342,LONG,0.8955930537352765,0.0,M15_LATEST_CONFIRMED_OPPOSING_SWING_ELSE_CONTROL,,M5_BROKEN_CONTROL_FIRST_RETEST,,False,546fa953ce96a8e69b200f5d35b5530e5a9d7ff9a13defa2ef3474eb71165239,,,2023_03,0.0,0.07492354740061342,TARGET,2023-03-17T14:20:00Z,NO_FILL,2f4cf44c243cddc781b50fccc68c5db67922b2e830e1ecea9c55de15e921404d,,TARGET_BEFORE_RETEST,2023-03-17T14:35:00Z,,1932.47,False,False,INITIAL_CONFIRMATION_TARGET,9fbb7d7d43a7b21c644a5e1d1068d8810e647208c1007be4a0cf644c5fe65ec7,36be61e262724f1c09cbd8066722e88644562817596c500f43a8fe3a33bf3451,1928.0028214285712,2.343571428571441,0.11717857142857205,,M15_LATEST_CONFIRMED_OPPOSING_SWING_ELSE_CONTROL,True,a0c24d964c28410a825a74328050002b7c42ea63e5d5901d2125da2390d6a242,2023-03-17T12:45:00Z,1928.12,1934.35,5a1b546b22616213d1b6d8d1468b06184049a2747a4b437be22498b2c0e4b12a
c87172275b3de220505e5e42b55435c92aa08e4a58a12181449ed0391a9afacc,1932.47,2023-03-17T14:20:00Z,6b468d6565533f0b66bc64a9b5c06418869f28e4c931245509fd7a58127033c2,2023-03-17T14:20:00Z,1933.86,1927.32,2023-04-01T00:00:00Z,2023-03-17T14:00:00Z,-0.07492354740061342,LONG,1.0,0.0,CONTROL_V2_FILLED_STOP,,M5_BROKEN_CONTROL_FIRST_RETEST,,False,4eb842d3d68fe110a3e6ca96aa4a778d1c0c6be0a30eb85bd1ae0bb0978a0012,,,2023_03,0.0,0.07492354740061342,TARGET,2023-03-17T14:20:00Z,NO_FILL,cc7552e37de9a5ca6693f04e43e154f8466cbc2e7b61018c79665598eaa795e6,,TARGET_BEFORE_RETEST,2023-03-17T14:35:00Z,,1932.47,False,False,INITIAL_CONFIRMATION_TARGET,14c47b32db6bddfe435fbf8718fa8fbd63b915c56bc28c58ab13018ca63aa2ad,36be61e262724f1c09cbd8066722e88644562817596c500f43a8fe3a33bf3451,1927.32,4.260000000000024,0.2130000000000012,NOT_STRICTLY_CLOSER_THAN_CONTROL,H1_SOURCE_SWING_BUFFERED_ELSE_CONTROL,False,36be61e262724f1c09cbd8066722e88644562817596c500f43a8fe3a33bf3451,2023-03-17T14:00:00Z,1927.32,1934.35,5a1b546b22616213d1b6d8d1468b06184049a2747a4b437be22498b2c0e4b12a
c87172275b3de220505e5e42b55435c92aa08e4a58a12181449ed0391a9afacc,1932.47,2023-03-17T14:20:00Z,6b468d6565533f0b66bc64a9b5c06418869f28e4c931245509fd7a58127033c2,2023-03-17T14:20:00Z,1933.86,1927.32,2023-04-01T00:00:00Z,2023-03-17T14:00:00Z,-0.05619266055046007,LONG,1.0,0.9365443425076678,CONTROL_V2_FILLED_STOP,2023-03-17T14:20:00Z,CONFIRMED_25_75_RETEST_SPLIT,1933.86,True,b4010f5c0d53a1128df90c5ceaadf5c134fdaeca4a8b00a26fff754677630282,0.000764525993883101,0.02790519877675926,2023_03,0.018730886850153356,0.07492354740061342,TARGET,2023-03-17T14:20:00Z,SPLIT_CONTROL_TARGET_NO_RETEST,74beb47ccec61b0e07b7532165c7194b668289328c10ffc6a89f7145e4085659,2023-03-17T14:20:00Z,TARGET_BEFORE_RETEST,2023-03-17T14:35:00Z,,1932.47,False,False,INITIAL_CONFIRMATION_TARGET,577fc5d4be0b67c6a4767ce1b01ca276755d39bd22c46146f3aef39bc0db4da6,36be61e262724f1c09cbd8066722e88644562817596c500f43a8fe3a33bf3451,1927.32,,,,CONTROL_V2_FILLED_STOP,False,,2023-03-17T14:20:00Z,1927.32,1934.35,5a1b546b22616213d1b6d8d1468b06184049a2747a4b437be22498b2c0e4b12a
c87172275b3de220505e5e42b55435c92aa08e4a58a12181449ed0391a9afacc,1932.47,2023-03-17T14:20:00Z,6b468d6565533f0b66bc64a9b5c06418869f28e4c931245509fd7a58127033c2,2023-03-17T14:20:00Z,1933.86,1927.32,2023-04-01T00:00:00Z,2023-03-17T14:00:00Z,-0.04845647691178258,LONG,0.7077053298383676,1.3233535244415422,M5_LATEST_CONFIRMED_OPPOSING_SWING_ELSE_CONTROL,2023-03-17T14:20:00Z,CONFIRMED_25_75_RETEST_SPLIT,1933.86,True,7f3463825ce5dcd7017bd00d219ba3c413ecec58a7ce9f293569127b76d8bf19,0.001080288591379848,0.0394305335854013,2023_03,0.026467070488830843,0.07492354740061342,TARGET,2023-03-17T14:20:00Z,SPLIT_CONTROL_TARGET_NO_RETEST,382c6d44a19e17f8a5185d3bdeec052b1f66f27a5da285d0d720fc280244e5ea,2023-03-17T14:20:00Z,TARGET_BEFORE_RETEST,2023-03-17T14:35:00Z,,1932.47,False,False,INITIAL_CONFIRMATION_TARGET,e3d465757b29c563d7aff588758d97d74905188c11f10576fb6ff4f692a98582,36be61e262724f1c09cbd8066722e88644562817596c500f43a8fe3a33bf3451,1929.231607142857,1.1678571428571363,0.058392857142856816,,M5_LATEST_CONFIRMED_OPPOSING_SWING_ELSE_CONTROL,True,1df338d5d1a3c8c299f70a81434c61807aea60b7da6b89cff64667515d4a7d4f,2023-03-17T14:15:00Z,1929.29,1934.35,5a1b546b22616213d1b6d8d1468b06184049a2747a4b437be22498b2c0e4b12a
c87172275b3de220505e5e42b55435c92aa08e4a58a12181449ed0391a9afacc,1932.47,2023-03-17T14:20:00Z,6b468d6565533f0b66bc64a9b5c06418869f28e4c931245509fd7a58127033c2,2023-03-17T14:20:00Z,1933.86,1927.32,2023-04-01T00:00:00Z,2023-03-17T14:00:00Z,-0.05400904078175133,LONG,0.8955930537352765,1.0457253309431047,M15_LATEST_CONFIRMED_OPPOSING_SWING_ELSE_CONTROL,2023-03-17T14:20:00Z,CONFIRMED_25_75_RETEST_SPLIT,1933.86,True,546fa953ce96a8e69b200f5d35b5530e5a9d7ff9a13defa2ef3474eb71165239,0.0008536533313813341,0.03115834659544781,2023_03,0.020914506618862093,0.07492354740061342,TARGET,2023-03-17T14:20:00Z,SPLIT_CONTROL_TARGET_NO_RETEST,fc46bdb8a55ee4092736f084d980fdfdf924030da776529fc25af97f8bc3ce55,2023-03-17T14:20:00Z,TARGET_BEFORE_RETEST,2023-03-17T14:35:00Z,,1932.47,False,False,INITIAL_CONFIRMATION_TARGET,426627bae867fb8cfac6e802df84b285485b86b34ba305ad7918333cc3f36886,36be61e262724f1c09cbd8066722e88644562817596c500f43a8fe3a33bf3451,1928.0028214285712,2.343571428571441,0.11717857142857205,,M15_LATEST_CONFIRMED_OPPOSING_SWING_ELSE_CONTROL,True,a0c24d964c28410a825a74328050002b7c42ea63e5d5901d2125da2390d6a242,2023-03-17T12:45:00Z,1928.12,1934.35,5a1b546b22616213d1b6d8d1468b06184049a2747a4b437be22498b2c0e4b12a
c87172275b3de220505e5e42b55435c92aa08e4a58a12181449ed0391a9afacc,1932.47,2023-03-17T14:20:00Z,6b468d6565533f0b66bc64a9b5c06418869f28e4c931245509fd7a58127033c2,2023-03-17T14:20:00Z,1933.86,1927.32,2023-04-01T00:00:00Z,2023-03-17T14:00:00Z,-0.05619266055046007,LONG,1.0,0.9365443425076678,CONTROL_V2_FILLED_STOP,2023-03-17T14:20:00Z,CONFIRMED_25_75_RETEST_SPLIT,1933.86,True,4eb842d3d68fe110a3e6ca96aa4a778d1c0c6be0a30eb85bd1ae0bb0978a0012,0.000764525993883101,0.02790519877675926,2023_03,0.018730886850153356,0.07492354740061342,TARGET,2023-03-17T14:20:00Z,SPLIT_CONTROL_TARGET_NO_RETEST,e5ff18556cf86912e07c0cf715edfc8e6621b61475b90863425e1ae39290b3f2,2023-03-17T14:20:00Z,TARGET_BEFORE_RETEST,2023-03-17T14:35:00Z,,1932.47,False,False,INITIAL_CONFIRMATION_TARGET,c483c5b3c92981ebe47e968da8602a3f51b41697c70c4c072688042c5ef758f9,36be61e262724f1c09cbd8066722e88644562817596c500f43a8fe3a33bf3451,1927.32,4.260000000000024,0.2130000000000012,NOT_STRICTLY_CLOSER_THAN_CONTROL,H1_SOURCE_SWING_BUFFERED_ELSE_CONTROL,False,36be61e262724f1c09cbd8066722e88644562817596c500f43a8fe3a33bf3451,2023-03-17T14:00:00Z,1927.32,1934.35,5a1b546b22616213d1b6d8d1468b06184049a2747a4b437be22498b2c0e4b12a
f062301617685d5f431d2b1ff7a42c064c980332fb84a11f0cb953ee62b23d42,1975.9,2023-03-20T03:40:00Z,a917f417f0be6c541db31779caf0fa7b33f3d655b11ee99495c21a8133b0ef7a,2023-03-20T03:40:00Z,1975.36,1987.79,2023-04-01T00:00:00Z,2023-03-20T03:00:00Z,0.0,SHORT,1.0,-50.0,CONTROL_V2_FILLED_STOP,2023-03-20T03:40:00Z,CONTROL_NEXT_M1_OPEN,1975.36,True,00a6b72431d71d0ccfc81ca7e54db175caf2dd1cce60d69e71305bf52901640e,1.0651649235719984,0.5792437650844554,2023_03,-1.0,-1.0,STOP,2023-03-20T08:59:00Z,STOP,0a99dc85401d53a7cc4a4956dc24ecea420379eb04f888ea17f57a7bcba6b8dd,2023-03-20T08:59:00Z,RETEST_EXPIRED,2023-03-20T03:55:00Z,,1975.9,False,False,INITIAL_CONFIRMATION_STOP,2b49033898f5a9dfdcb45b710770a726ec25aee77de841ed4050e50d5bf3bad3,632500d84157d54a6e5b313af3d4bd785a91a149a12bab37b64a0930901c3294,1987.79,,,,CONTROL_V2_FILLED_STOP,False,,2023-03-20T03:40:00Z,1987.79,1927.32,e10c3ca59794c8fe5aa9974d363cd841f9972a44b056e6cbd624e7465579f573
f062301617685d5f431d2b1ff7a42c064c980332fb84a11f0cb953ee62b23d42,1975.9,2023-03-20T03:40:00Z,a917f417f0be6c541db31779caf0fa7b33f3d655b11ee99495c21a8133b0ef7a,2023-03-20T03:40:00Z,1975.36,1987.79,2023-04-01T00:00:00Z,2023-03-20T03:00:00Z,0.0,SHORT,0.2563728307091311,-50.0,M5_LATEST_CONFIRMED_OPPOSING_SWING_ELSE_CONTROL,2023-03-20T03:40:00Z,CONTROL_NEXT_M1_OPEN,1975.36,True,c5bce090e3cb2f050889d39b69d70aa05858f53d76c33294e76cb754928a93a4,1.1014479759715858,2.2593804635314068,2023_03,-1.0,-1.0,STOP,2023-03-20T08:59:00Z,STOP,23eb972b1e665c736ff80382399e8fe3003279a8abc7b22904c3bb3e65692295,2023-03-20T08:46:00Z,RETEST_EXPIRED,2023-03-20T03:55:00Z,,1975.9,False,False,INITIAL_CONFIRMATION_STOP,4a803f5c02d41092eac8c77385f9e218ba05dc251dffa99a760497be5e07de96,632500d84157d54a6e5b313af3d4bd785a91a149a12bab37b64a0930901c3294,1978.5467142857144,1.3342857142857025,0.06671428571428513,,M5_LATEST_CONFIRMED_OPPOSING_SWING_ELSE_CONTROL,True,621325d99698c3f09269cd7d41c30e7eb2f0f5331ed920751120536e0efdb553,2023-03-20T03:15:00Z,1978.48,1927.32,e10c3ca59794c8fe5aa9974d363cd841f9972a44b056e6cbd624e7465579f573
f062301617685d5f431d2b1ff7a42c064c980332fb84a11f0cb953ee62b23d42,1975.9,2023-03-20T03:40:00Z,a917f417f0be6c541db31779caf0fa7b33f3d655b11ee99495c21a8133b0ef7a,2023-03-20T03:40:00Z,1975.36,1987.79,2023-04-01T00:00:00Z,2023-03-20T03:00:00Z,0.0,SHORT,0.35458567980691913,-50.0,M15_LATEST_CONFIRMED_OPPOSING_SWING_ELSE_CONTROL,2023-03-20T03:40:00Z,CONTROL_NEXT_M1_OPEN,1975.36,True,201312da24beb3807425af8a556a7e0374dc4340cc98d6a9ce8cdc3d900f91cd,1.0187180941576814,1.633579126488888,2023_03,-1.0,-1.0,STOP,2023-03-20T08:59:00Z,STOP,3450089ff6328ee995218569cd4029baa684cbaf8a8fa24b1fe017cbe457db0a,2023-03-20T08:48:00Z,RETEST_EXPIRED,2023-03-20T03:55:00Z,,1975.9,False,False,INITIAL_CONFIRMATION_STOP,22f972730a8952446b097b9604a674a6663690d4a466238a7ebad030e6277ca0,632500d84157d54a6e5b313af3d4bd785a91a149a12bab37b64a0930901c3294,1979.7675,3.549999999999971,0.17749999999999855,,M15_LATEST_CONFIRMED_OPPOSING_SWING_ELSE_CONTROL,True,81d8e04ef000c04e671a68f33aa48e3e1cf27e4ed4d58710df0f205645a7c5ba,2023-03-20T03:00:00Z,1979.59,1927.32,e10c3ca59794c8fe5aa9974d363cd841f9972a44b056e6cbd624e7465579f573
f062301617685d5f431d2b1ff7a42c064c980332fb84a11f0cb953ee62b23d42,1975.9,2023-03-20T03:40:00Z,a917f417f0be6c541db31779caf0fa7b33f3d655b11ee99495c21a8133b0ef7a,2023-03-20T03:40:00Z,1975.36,1987.79,2023-04-01T00:00:00Z,2023-03-20T03:00:00Z,0.0,SHORT,1.0,-50.0,CONTROL_V2_FILLED_STOP,2023-03-20T03:40:00Z,CONTROL_NEXT_M1_OPEN,1975.36,True,7484940996926830e163c8eb8abca75dfb73b49c297ec397f0a1ba28d52d583d,1.0651649235719984,0.5792437650844554,2023_03,-1.0,-1.0,STOP,2023-03-20T08:59:00Z,STOP,7a458d8286f49b4fbb79b9e322234d5dc240a7071ceb2c7f68306b17935c7292,2023-03-20T08:59:00Z,RETEST_EXPIRED,2023-03-20T03:55:00Z,,1975.9,False,False,INITIAL_CONFIRMATION_STOP,b646d62656d68c68cb35caf0af70dba40f0cc9e261b4a54b17ed166abc800d37,632500d84157d54a6e5b313af3d4bd785a91a149a12bab37b64a0930901c3294,1987.79,8.660714285714286,0.43303571428571436,NOT_STRICTLY_CLOSER_THAN_CONTROL,H1_SOURCE_SWING_BUFFERED_ELSE_CONTROL,False,632500d84157d54a6e5b313af3d4bd785a91a149a12bab37b64a0930901c3294,2023-03-20T03:00:00Z,1987.79,1927.32,e10c3ca59794c8fe5aa9974d363cd841f9972a44b056e6cbd624e7465579f573
f062301617685d5f431d2b1ff7a42c064c980332fb84a11f0cb953ee62b23d42,1975.9,2023-03-20T03:40:00Z,a917f417f0be6c541db31779caf0fa7b33f3d655b11ee99495c21a8133b0ef7a,2023-03-20T03:40:00Z,1975.36,1987.79,2023-04-01T00:00:00Z,2023-03-20T03:00:00Z,1.0,SHORT,1.0,0.0,CONTROL_V2_FILLED_STOP,,M5_BROKEN_CONTROL_FIRST_RETEST,,False,00a6b72431d71d0ccfc81ca7e54db175caf2dd1cce60d69e71305bf52901640e,,,2023_03,0.0,-1.0,STOP,2023-03-20T08:59:00Z,NO_FILL,c6d5056e8c1bb3e495d18c570c324c14700eb5c33e807b5204319c0cf826ade2,,RETEST_EXPIRED,2023-03-20T03:55:00Z,,1975.9,False,False,INITIAL_CONFIRMATION_STOP,b0f179816b8a08087d2aa9e9be92be48a70d32ef80a0d1dceedca38cb4735a2f,632500d84157d54a6e5b313af3d4bd785a91a149a12bab37b64a0930901c3294,1987.79,,,,CONTROL_V2_FILLED_STOP,False,,2023-03-20T03:40:00Z,1987.79,1927.32,e10c3ca59794c8fe5aa9974d363cd841f9972a44b056e6cbd624e7465579f573
f062301617685d5f431d2b1ff7a42c064c980332fb84a11f0cb953ee62b23d42,1975.9,2023-03-20T03:40:00Z,a917f417f0be6c541db31779caf0fa7b33f3d655b11ee99495c21a8133b0ef7a,2023-03-20T03:40:00Z,1975.36,1987.79,2023-04-01T00:00:00Z,2023-03-20T03:00:00Z,1.0,SHORT,0.2563728307091311,0.0,M5_LATEST_CONFIRMED_OPPOSING_SWING_ELSE_CONTROL,,M5_BROKEN_CONTROL_FIRST_RETEST,,False,c5bce090e3cb2f050889d39b69d70aa05858f53d76c33294e76cb754928a93a4,,,2023_03,0.0,-1.0,STOP,2023-03-20T08:59:00Z,NO_FILL,767c1e694b5f526b34aa2dc1426d9a2afec9c5a88a1e0bccb7fc8082157fcc6f,,RETEST_EXPIRED,2023-03-20T03:55:00Z,,1975.9,False,False,INITIAL_CONFIRMATION_STOP,41165803ecd8e7ed43f5254322939e395eacfe7686627a9d0578cb9667a6e43f,632500d84157d54a6e5b313af3d4bd785a91a149a12bab37b64a0930901c3294,1978.5467142857144,1.3342857142857025,0.06671428571428513,,M5_LATEST_CONFIRMED_OPPOSING_SWING_ELSE_CONTROL,True,621325d99698c3f09269cd7d41c30e7eb2f0f5331ed920751120536e0efdb553,2023-03-20T03:15:00Z,1978.48,1927.32,e10c3ca59794c8fe5aa9974d363cd841f9972a44b056e6cbd624e7465579f573
f062301617685d5f431d2b1ff7a42c064c980332fb84a11f0cb953ee62b23d42,1975.9,2023-03-20T03:40:00Z,a917f417f0be6c541db31779caf0fa7b33f3d655b11ee99495c21a8133b0ef7a,2023-03-20T03:40:00Z,1975.36,1987.79,2023-04-01T00:00:00Z,2023-03-20T03:00:00Z,1.0,SHORT,0.35458567980691913,0.0,M15_LATEST_CONFIRMED_OPPOSING_SWING_ELSE_CONTROL,,M5_BROKEN_CONTROL_FIRST_RETEST,,False,201312da24beb3807425af8a556a7e0374dc4340cc98d6a9ce8cdc3d900f91cd,,,2023_03,0.0,-1.0,STOP,2023-03-20T08:59:00Z,NO_FILL,bb25272a900cf06933a97bfa2452088471c402226f97b88c40a459694c12a0f0,,RETEST_EXPIRED,2023-03-20T03:55:00Z,,1975.9,False,False,INITIAL_CONFIRMATION_STOP,5081f401e3599b8e0e015448d04ed55ee0ccefbd2793a0ce223a179b3234f0eb,632500d84157d54a6e5b313af3d4bd785a91a149a12bab37b64a0930901c3294,1979.7675,3.549999999999971,0.17749999999999855,,M15_LATEST_CONFIRMED_OPPOSING_SWING_ELSE_CONTROL,True,81d8e04ef000c04e671a68f33aa48e3e1cf27e4ed4d58710df0f205645a7c5ba,2023-03-20T03:00:00Z,1979.59,1927.32,e10c3ca59794c8fe5aa9974d363cd841f9972a44b056e6cbd624e7465579f573
f062301617685d5f431d2b1ff7a42c064c980332fb84a11f0cb953ee62b23d42,1975.9,2023-03-20T03:40:00Z,a917f417f0be6c541db31779caf0fa7b33f3d655b11ee99495c21a8133b0ef7a,2023-03-20T03:40:00Z,1975.36,1987.79,2023-04-01T00:00:00Z,2023-03-20T03:00:00Z,1.0,SHORT,1.0,0.0,CONTROL_V2_FILLED_STOP,,M5_BROKEN_CONTROL_FIRST_RETEST,,False,7484940996926830e163c8eb8abca75dfb73b49c297ec397f0a1ba28d52d583d,,,2023_03,0.0,-1.0,STOP,2023-03-20T08:59:00Z,NO_FILL,8ed54160d2e6aca43299075743397c1707d54de2600b44974aceb512b958a639,,RETEST_EXPIRED,2023-03-20T03:55:00Z,,1975.9,False,False,INITIAL_CONFIRMATION_STOP,b0e41d4af7a7b892cbde5164e72ea7645bc2566a6c4d27fed14853af6cf1bc06,632500d84157d54a6e5b313af3d4bd785a91a149a12bab37b64a0930901c3294,1987.79,8.660714285714286,0.43303571428571436,NOT_STRICTLY_CLOSER_THAN_CONTROL,H1_SOURCE_SWING_BUFFERED_ELSE_CONTROL,False,632500d84157d54a6e5b313af3d4bd785a91a149a12bab37b64a0930901c3294,2023-03-20T03:00:00Z,1987.79,1927.32,e10c3ca59794c8fe5aa9974d363cd841f9972a44b056e6cbd624e7465579f573
f062301617685d5f431d2b1ff7a42c064c980332fb84a11f0cb953ee62b23d42,1975.9,2023-03-20T03:40:00Z,a917f417f0be6c541db31779caf0fa7b33f3d655b11ee99495c21a8133b0ef7a,2023-03-20T03:40:00Z,1975.36,1987.79,2023-04-01T00:00:00Z,2023-03-20T03:00:00Z,0.75,SHORT,1.0,-12.5,CONTROL_V2_FILLED_STOP,2023-03-20T03:40:00Z,CONFIRMED_25_75_RETEST_SPLIT,1975.36,True,00a6b72431d71d0ccfc81ca7e54db175caf2dd1cce60d69e71305bf52901640e,0.2662912308929996,0.14481094127111385,2023_03,-0.25,-1.0,STOP,2023-03-20T08:59:00Z,SPLIT_CONTROL_STOP_NO_RETEST,66032c469a117deacc8f1b9c883e70047bae07b7a60590b4ed8c345fb8152531,2023-03-20T08:59:00Z,RETEST_EXPIRED,2023-03-20T03:55:00Z,,1975.9,False,False,INITIAL_CONFIRMATION_STOP,e4df20bc35457a5a56a1736589afa555a09bf7fc543dc1edd698712cbdd84154,632500d84157d54a6e5b313af3d4bd785a91a149a12bab37b64a0930901c3294,1987.79,,,,CONTROL_V2_FILLED_STOP,False,,2023-03-20T03:40:00Z,1987.79,1927.32,e10c3ca59794c8fe5aa9974d363cd841f9972a44b056e6cbd624e7465579f573
f062301617685d5f431d2b1ff7a42c064c980332fb84a11f0cb953ee62b23d42,1975.9,2023-03-20T03:40:00Z,a917f417f0be6c541db31779caf0fa7b33f3d655b11ee99495c21a8133b0ef7a,2023-03-20T03:40:00Z,1975.36,1987.79,2023-04-01T00:00:00Z,2023-03-20T03:00:00Z,0.75,SHORT,0.2563728307091311,-12.5,M5_LATEST_CONFIRMED_OPPOSING_SWING_ELSE_CONTROL,2023-03-20T03:40:00Z,CONFIRMED_25_75_RETEST_SPLIT,1975.36,True,c5bce090e3cb2f050889d39b69d70aa05858f53d76c33294e76cb754928a93a4,0.27536199399289646,0.5648451158828517,2023_03,-0.25,-1.0,STOP,2023-03-20T08:59:00Z,SPLIT_CONTROL_STOP_NO_RETEST,cad8bb65ad28995456581caefed9eee39c2130469dd25b9f05d2f1f4fa66838e,2023-03-20T08:46:00Z,RETEST_EXPIRED,2023-03-20T03:55:00Z,,1975.9,False,False,INITIAL_CONFIRMATION_STOP,73155d5c1b6472327f9976046bb8b11ef18f9602ba7c2b33949eabf1502a2cac,632500d84157d54a6e5b313af3d4bd785a91a149a12bab37b64a0930901c3294,1978.5467142857144,1.3342857142857025,0.06671428571428513,,M5_LATEST_CONFIRMED_OPPOSING_SWING_ELSE_CONTROL,True,621325d99698c3f09269cd7d41c30e7eb2f0f5331ed920751120536e0efdb553,2023-03-20T03:15:00Z,1978.48,1927.32,e10c3ca59794c8fe5aa9974d363cd841f9972a44b056e6cbd624e7465579f573
f062301617685d5f431d2b1ff7a42c064c980332fb84a11f0cb953ee62b23d42,1975.9,2023-03-20T03:40:00Z,a917f417f0be6c541db31779caf0fa7b33f3d655b11ee99495c21a8133b0ef7a,2023-03-20T03:40:00Z,1975.36,1987.79,2023-04-01T00:00:00Z,2023-03-20T03:00:00Z,0.75,SHORT,0.35458567980691913,-12.5,M15_LATEST_CONFIRMED_OPPOSING_SWING_ELSE_CONTROL,2023-03-20T03:40:00Z,CONFIRMED_25_75_RETEST_SPLIT,1975.36,True,201312da24beb3807425af8a556a7e0374dc4340cc98d6a9ce8cdc3d900f91cd,0.25467952353942036,0.408394781622222,2023_03,-0.25,-1.0,STOP,2023-03-20T08:59:00Z,SPLIT_CONTROL_STOP_NO_RETEST,f12b8680fdeda48993c513b67f38ea0fa49be25cb4a71a27ed6cc1fde1028272,2023-03-20T08:48:00Z,RETEST_EXPIRED,2023-03-20T03:55:00Z,,1975.9,False,False,INITIAL_CONFIRMATION_STOP,ed8c1a0e702586bb009507c82186af4b703811bc0525f9193bd1406b07f14619,632500d84157d54a6e5b313af3d4bd785a91a149a12bab37b64a0930901c3294,1979.7675,3.549999999999971,0.17749999999999855,,M15_LATEST_CONFIRMED_OPPOSING_SWING_ELSE_CONTROL,True,81d8e04ef000c04e671a68f33aa48e3e1cf27e4ed4d58710df0f205645a7c5ba,2023-03-20T03:00:00Z,1979.59,1927.32,e10c3ca59794c8fe5aa9974d363cd841f9972a44b056e6cbd624e7465579f573
f062301617685d5f431d2b1ff7a42c064c980332fb84a11f0cb953ee62b23d42,1975.9,2023-03-20T03:40:00Z,a917f417f0be6c541db31779caf0fa7b33f3d655b11ee99495c21a8133b0ef7a,2023-03-20T03:40:00Z,1975.36,1987.79,2023-04-01T00:00:00Z,2023-03-20T03:00:00Z,0.75,SHORT,1.0,-12.5,CONTROL_V2_FILLED_STOP,2023-03-20T03:40:00Z,CONFIRMED_25_75_RETEST_SPLIT,1975.36,True,7484940996926830e163c8eb8abca75dfb73b49c297ec397f0a1ba28d52d583d,0.2662912308929996,0.14481094127111385,2023_03,-0.25,-1.0,STOP,2023-03-20T08:59:00Z,SPLIT_CONTROL_STOP_NO_RETEST,d3772fffc61c5e683278692701eeb6a6752add041fd273a60a2c5928d2c472bf,2023-03-20T08:59:00Z,RETEST_EXPIRED,2023-03-20T03:55:00Z,,1975.9,False,False,INITIAL_CONFIRMATION_STOP,6a60ed9621bb5821e78dd5bbbe4254668f4b7daee52321dbe41552bcf345ae7a,632500d84157d54a6e5b313af3d4bd785a91a149a12bab37b64a0930901c3294,1987.79,8.660714285714286,0.43303571428571436,NOT_STRICTLY_CLOSER_THAN_CONTROL,H1_SOURCE_SWING_BUFFERED_ELSE_CONTROL,False,632500d84157d54a6e5b313af3d4bd785a91a149a12bab37b64a0930901c3294,2023-03-20T03:00:00Z,1987.79,1927.32,e10c3ca59794c8fe5aa9974d363cd841f9972a44b056e6cbd624e7465579f573
ccb33f7affbc41f4aead14d5f87790874b0ca027e39ab5717d66686dcded6c0a,1975.44,2023-03-20T08:30:00Z,9140c74ef898deb5afe4f2f7f6c2208746b12e6df20499c029d8b72ad5202e57,2023-03-20T08:30:00Z,1975.78,1968.16,2023-04-01T00:00:00Z,2023-03-20T07:00:00Z,0.0,LONG,1.0,78.80577427821629,CONTROL_V2_FILLED_STOP,2023-03-20T08:30:00Z,CONTROL_NEXT_M1_OPEN,1975.78,True,290e2798efc03851133ea2e7def231ffd30e7f20e72cb65dbd29d0610dfc1464,0.11548556430444808,1.6824146981627455,2023_03,1.5761154855643258,1.5761154855643258,TARGET,2023-03-20T08:59:00Z,TARGET,aa044204bb183d29abc11e6ba23d59bf383b75d4a97dd881e5b1a53b0c2d3fa1,2023-03-20T08:59:00Z,FIRST_RETEST_FILLED,2023-03-20T08:45:00Z,2023-03-20T08:30:00Z,1975.44,True,False,INITIAL_CONFIRMATION_TARGET,d9dd1f013f6f993b2bb895181f616fb1a027279e625b58d1322dce661ddb7f55,f0afb9f1b0e14805a38ace1be117071eb82397e920c13e2f12f09d188509f838,1968.16,,,,CONTROL_V2_FILLED_STOP,False,,2023-03-20T08:30:00Z,1968.16,1987.79,8bf2dfa0cac7628995d57a14330e25eafd5c480523870499a2066994386d74b8
ccb33f7affbc41f4aead14d5f87790874b0ca027e39ab5717d66686dcded6c0a,1975.44,2023-03-20T08:30:00Z,9140c74ef898deb5afe4f2f7f6c2208746b12e6df20499c029d8b72ad5202e57,2023-03-20T08:30:00Z,1975.78,1968.16,2023-04-01T00:00:00Z,2023-03-20T07:00:00Z,7.099391454223138,LONG,0.1816741657292638,433.7753469893732,M5_LATEST_CONFIRMED_OPPOSING_SWING_ELSE_CONTROL,2023-03-20T08:30:00Z,CONTROL_NEXT_M1_OPEN,1975.78,True,1775e9cce82fb9bc66c04612a2192fe84e27de12d47296f846639581fe6f2ea8,0.63567411382281,9.260616067283499,2023_03,8.675506939787464,1.5761154855643258,TARGET,2023-03-20T08:59:00Z,TARGET,28ba730098316896cf5356f8df910ed420370032f30aa541d7ccacb27a3bdaf5,2023-03-20T08:59:00Z,FIRST_RETEST_FILLED,2023-03-20T08:45:00Z,2023-03-20T08:30:00Z,1975.44,True,False,INITIAL_CONFIRMATION_TARGET,2c1b5bc4c78bf42252b87b4dc64dfd96eb94f143e1431f6cd32b7b470bd5f863,f0afb9f1b0e14805a38ace1be117071eb82397e920c13e2f12f09d188509f838,1974.395642857143,0.8871428571429111,0.04435714285714556,,M5_LATEST_CONFIRMED_OPPOSING_SWING_ELSE_CONTROL,True,5173248c83856750f4312e8effec141f74012b9f673f4a6ca70df5bccf52f3b6,2023-03-20T08:30:00Z,1974.44,1987.79,8bf2dfa0cac7628995d57a14330e25eafd5c480523870499a2066994386d74b8
ccb33f7affbc41f4aead14d5f87790874b0ca027e39ab5717d66686dcded6c0a,1975.44,2023-03-20T08:30:00Z,9140c74ef898deb5afe4f2f7f6c2208746b12e6df20499c029d8b72ad5202e57,2023-03-20T08:30:00Z,1975.78,1968.16,2023-04-01T00:00:00Z,2023-03-20T07:00:00Z,2.7702158272014814,LONG,0.3626312335958019,217.31656563829037,M15_LATEST_CONFIRMED_OPPOSING_SWING_ELSE_CONTROL,2023-03-20T08:30:00Z,CONTROL_NEXT_M1_OPEN,1975.78,True,29c6f176937decbb761a1967f10afc43a1642a4e923cf4d2f654b18f7be6033a,0.3184655749569858,4.63946439880578,2023_03,4.346331312765807,1.5761154855643258,TARGET,2023-03-20T08:59:00Z,TARGET,aac6c5532d4943bc086aa8e069633820464ea0519b7b4a2cc125fb9122f754d3,2023-03-20T08:59:00Z,FIRST_RETEST_FILLED,2023-03-20T08:45:00Z,2023-03-20T08:30:00Z,1975.44,True,False,INITIAL_CONFIRMATION_TARGET,d7a688e68265388c88ccb0722a1079091678ab9d960a4d192fa332cf42ed87f2,f0afb9f1b0e14805a38ace1be117071eb82397e920c13e2f12f09d188509f838,1973.01675,1.8649999999999929,0.09324999999999965,,M15_LATEST_CONFIRMED_OPPOSING_SWING_ELSE_CONTROL,True,07194206955283dc58b6d189b8db0f0346235690de1cd0b632456f0a35ffb6e0,2023-03-20T08:15:00Z,1973.11,1987.79,8bf2dfa0cac7628995d57a14330e25eafd5c480523870499a2066994386d74b8
ccb33f7affbc41f4aead14d5f87790874b0ca027e39ab5717d66686dcded6c0a,1975.44,2023-03-20T08:30:00Z,9140c74ef898deb5afe4f2f7f6c2208746b12e6df20499c029d8b72ad5202e57,2023-03-20T08:30:00Z,1975.78,1968.16,2023-04-01T00:00:00Z,2023-03-20T07:00:00Z,0.0,LONG,1.0,78.80577427821629,CONTROL_V2_FILLED_STOP,2023-03-20T08:30:00Z,CONTROL_NEXT_M1_OPEN,1975.78,True,fca0a1cbd2b1f9f6d1a2c3bb4cb11e747735a1578cc8656796676c458c0c5dc6,0.11548556430444808,1.6824146981627455,2023_03,1.5761154855643258,1.5761154855643258,TARGET,2023-03-20T08:59:00Z,TARGET,e51a04bbda95c1c3ef843634998a28bf619c98e1504c3e871d7f1f4b06b9f73b,2023-03-20T08:59:00Z,FIRST_RETEST_FILLED,2023-03-20T08:45:00Z,2023-03-20T08:30:00Z,1975.44,True,False,INITIAL_CONFIRMATION_TARGET,1acc2d6fe4fada96d90487050829a61981835f3f68c80d6a14e4af37797eb135,f0afb9f1b0e14805a38ace1be117071eb82397e920c13e2f12f09d188509f838,1968.16,8.459285714285702,0.4229642857142851,NOT_STRICTLY_CLOSER_THAN_CONTROL,H1_SOURCE_SWING_BUFFERED_ELSE_CONTROL,False,f0afb9f1b0e14805a38ace1be117071eb82397e920c13e2f12f09d188509f838,2023-03-20T07:00:00Z,1968.16,1987.79,8bf2dfa0cac7628995d57a14330e25eafd5c480523870499a2066994386d74b8
ccb33f7affbc41f4aead14d5f87790874b0ca027e39ab5717d66686dcded6c0a,1975.44,2023-03-20T08:30:00Z,9140c74ef898deb5afe4f2f7f6c2208746b12e6df20499c029d8b72ad5202e57,2023-03-20T08:30:00Z,1975.78,1968.16,2023-04-01T00:00:00Z,2023-03-20T07:00:00Z,0.12031308586423961,LONG,1.0,84.82142857142827,CONTROL_V2_FILLED_STOP,2023-03-20T08:30:00Z,M5_BROKEN_CONTROL_FIRST_RETEST,1975.44,True,290e2798efc03851133ea2e7def231ffd30e7f20e72cb65dbd29d0610dfc1464,0.07417582417581946,1.8076923076922944,2023_03,1.6964285714285654,1.5761154855643258,TARGET,2023-03-20T08:59:00Z,TARGET,e175eef904e2e070ed8f8abd3930eff5dd7aa47cdf65dd7cf20b73b932690ede,2023-03-20T08:59:00Z,FIRST_RETEST_FILLED,2023-03-20T08:45:00Z,2023-03-20T08:30:00Z,1975.44,True,True,INITIAL_CONFIRMATION_TARGET,356e08f6a54aa46651640b45c7c68ae3a20ee446dfade706f976a849fa072d8b,f0afb9f1b0e14805a38ace1be117071eb82397e920c13e2f12f09d188509f838,1968.16,,,,CONTROL_V2_FILLED_STOP,False,,2023-03-20T08:30:00Z,1968.16,1987.79,8bf2dfa0cac7628995d57a14330e25eafd5c480523870499a2066994386d74b8
ccb33f7affbc41f4aead14d5f87790874b0ca027e39ab5717d66686dcded6c0a,1975.44,2023-03-20T08:30:00Z,9140c74ef898deb5afe4f2f7f6c2208746b12e6df20499c029d8b72ad5202e57,2023-03-20T08:30:00Z,1975.78,1968.16,2023-04-01T00:00:00Z,2023-03-20T07:00:00Z,10.24934104955733,LONG,0.1816741657292638,591.2728267560828,M5_LATEST_CONFIRMED_OPPOSING_SWING_ELSE_CONTROL,2023-03-20T08:30:00Z,M5_BROKEN_CONTROL_FIRST_RETEST,1975.44,True,1775e9cce82fb9bc66c04612a2192fe84e27de12d47296f846639581fe6f2ea8,0.5170644962724948,12.601053279530399,2023_03,11.825456535121656,1.5761154855643258,TARGET,2023-03-20T08:59:00Z,TARGET,bd96c994eb6d83307cd775cf391ad92738492ef2ce16fc1308b6c57570796528,2023-03-20T08:59:00Z,FIRST_RETEST_FILLED,2023-03-20T08:45:00Z,2023-03-20T08:30:00Z,1975.44,True,True,INITIAL_CONFIRMATION_TARGET,a1c4ab52e17c84331117bfb6c1a86b949e04a3cf2574c52dad491275d50464c8,f0afb9f1b0e14805a38ace1be117071eb82397e920c13e2f12f09d188509f838,1974.395642857143,0.8871428571429111,0.04435714285714556,,M5_LATEST_CONFIRMED_OPPOSING_SWING_ELSE_CONTROL,True,5173248c83856750f4312e8effec141f74012b9f673f4a6ca70df5bccf52f3b6,2023-03-20T08:30:00Z,1974.44,1987.79,8bf2dfa0cac7628995d57a14330e25eafd5c480523870499a2066994386d74b8
ccb33f7affbc41f4aead14d5f87790874b0ca027e39ab5717d66686dcded6c0a,1975.44,2023-03-20T08:30:00Z,9140c74ef898deb5afe4f2f7f6c2208746b12e6df20499c029d8b72ad5202e57,2023-03-20T08:30:00Z,1975.78,1968.16,2023-04-01T00:00:00Z,2023-03-20T07:00:00Z,3.5203458783063604,LONG,0.3626312335958019,254.8230681935343,M15_LATEST_CONFIRMED_OPPOSING_SWING_ELSE_CONTROL,2023-03-20T08:30:00Z,M5_BROKEN_CONTROL_FIRST_RETEST,1975.44,True,29c6f176937decbb761a1967f10afc43a1642a4e923cf4d2f654b18f7be6033a,0.2228412256267211,5.430723202310768,2023_03,5.096461363870686,1.5761154855643258,TARGET,2023-03-20T08:59:00Z,TARGET,3a5244760a87a36b9888f4f09fa013f88ed41bfd624f2d79512742bf60b3feae,2023-03-20T08:59:00Z,FIRST_RETEST_FILLED,2023-03-20T08:45:00Z,2023-03-20T08:30:00Z,1975.44,True,True,INITIAL_CONFIRMATION_TARGET,114bfabe9d38f87a7798bf1b6527da232af02cf08848748706da93a9d531df83,f0afb9f1b0e14805a38ace1be117071eb82397e920c13e2f12f09d188509f838,1973.01675,1.8649999999999929,0.09324999999999965,,M15_LATEST_CONFIRMED_OPPOSING_SWING_ELSE_CONTROL,True,07194206955283dc58b6d189b8db0f0346235690de1cd0b632456f0a35ffb6e0,2023-03-20T08:15:00Z,1973.11,1987.79,8bf2dfa0cac7628995d57a14330e25eafd5c480523870499a2066994386d74b8
ccb33f7affbc41f4aead14d5f87790874b0ca027e39ab5717d66686dcded6c0a,1975.44,2023-03-20T08:30:00Z,9140c74ef898deb5afe4f2f7f6c2208746b12e6df20499c029d8b72ad5202e57,2023-03-20T08:30:00Z,1975.78,1968.16,2023-04-01T00:00:00Z,2023-03-20T07:00:00Z,0.12031308586423961,LONG,1.0,84.82142857142827,CONTROL_V2_FILLED_STOP,2023-03-20T08:30:00Z,M5_BROKEN_CONTROL_FIRST_RETEST,1975.44,True,fca0a1cbd2b1f9f6d1a2c3bb4cb11e747735a1578cc8656796676c458c0c5dc6,0.07417582417581946,1.8076923076922944,2023_03,1.6964285714285654,1.5761154855643258,TARGET,2023-03-20T08:59:00Z,TARGET,eb9e6e111f2adb0a74f110614e8c304cdbe96be223d4de5683892c34706fa234,2023-03-20T08:59:00Z,FIRST_RETEST_FILLED,2023-03-20T08:45:00Z,2023-03-20T08:30:00Z,1975.44,True,True,INITIAL_CONFIRMATION_TARGET,0f7c52348a4357c72189a1806f126fe149207ada44250cfdde5d02eb71177c00,f0afb9f1b0e14805a38ace1be117071eb82397e920c13e2f12f09d188509f838,1968.16,8.459285714285702,0.4229642857142851,NOT_STRICTLY_CLOSER_THAN_CONTROL,H1_SOURCE_SWING_BUFFERED_ELSE_CONTROL,False,f0afb9f1b0e14805a38ace1be117071eb82397e920c13e2f12f09d188509f838,2023-03-20T07:00:00Z,1968.16,1987.79,8bf2dfa0cac7628995d57a14330e25eafd5c480523870499a2066994386d74b8
ccb33f7affbc41f4aead14d5f87790874b0ca027e39ab5717d66686dcded6c0a,1975.44,2023-03-20T08:30:00Z,9140c74ef898deb5afe4f2f7f6c2208746b12e6df20499c029d8b72ad5202e57,2023-03-20T08:30:00Z,1975.78,1968.16,2023-04-01T00:00:00Z,2023-03-20T07:00:00Z,0.09023481439817971,LONG,1.0,83.31751499812528,CONTROL_V2_FILLED_STOP,2023-03-20T08:30:00Z,CONFIRMED_25_75_RETEST_SPLIT,1975.78,True,290e2798efc03851133ea2e7def231ffd30e7f20e72cb65dbd29d0610dfc1464,0.0845032592079766,1.7763729053099073,2023_03,1.6663502999625055,1.5761154855643258,TARGET,2023-03-20T08:59:00Z,SPLIT_TARGET_TARGET,f6989b22026940f15d2874e63aa92398b3c3db34845dce0c9947fe73bb2a3a12,2023-03-20T08:59:00Z,FIRST_RETEST_FILLED,2023-03-20T08:45:00Z,2023-03-20T08:30:00Z,1975.44,True,True,INITIAL_CONFIRMATION_TARGET,d03d7d662f2ca6451df1fb235d408e5ba16a94e8c65fb0b753690bced4e229bc,f0afb9f1b0e14805a38ace1be117071eb82397e920c13e2f12f09d188509f838,1968.16,,,,CONTROL_V2_FILLED_STOP,False,,2023-03-20T08:30:00Z,1968.16,1987.79,8bf2dfa0cac7628995d57a14330e25eafd5c480523870499a2066994386d74b8
ccb33f7affbc41f4aead14d5f87790874b0ca027e39ab5717d66686dcded6c0a,1975.44,2023-03-20T08:30:00Z,9140c74ef898deb5afe4f2f7f6c2208746b12e6df20499c029d8b72ad5202e57,2023-03-20T08:30:00Z,1975.78,1968.16,2023-04-01T00:00:00Z,2023-03-20T07:00:00Z,9.461853650723782,LONG,0.1816741657292638,551.8984568144054,M5_LATEST_CONFIRMED_OPPOSING_SWING_ELSE_CONTROL,2023-03-20T08:30:00Z,CONFIRMED_25_75_RETEST_SPLIT,1975.78,True,1775e9cce82fb9bc66c04612a2192fe84e27de12d47296f846639581fe6f2ea8,0.5467169006600736,11.765943976468675,2023_03,11.037969136288108,1.5761154855643258,TARGET,2023-03-20T08:59:00Z,SPLIT_TARGET_TARGET,bc3fb1d5f61830b2b0d5e180dbcbfabfa65ac71ec04e0ced7e08ad6f496e54fa,2023-03-20T08:59:00Z,FIRST_RETEST_FILLED,2023-03-20T08:45:00Z,2023-03-20T08:30:00Z,1975.44,True,True,INITIAL_CONFIRMATION_TARGET,824310fffae4dc43f5e95bf52872528b09d01ee5b92a3640bb7cf5520b6eedc6,f0afb9f1b0e14805a38ace1be117071eb82397e920c13e2f12f09d188509f838,1974.395642857143,0.8871428571429111,0.04435714285714556,,M5_LATEST_CONFIRMED_OPPOSING_SWING_ELSE_CONTROL,True,5173248c83856750f4312e8effec141f74012b9f673f4a6ca70df5bccf52f3b6,2023-03-20T08:30:00Z,1974.44,1987.79,8bf2dfa0cac7628995d57a14330e25eafd5c480523870499a2066994386d74b8
ccb33f7affbc41f4aead14d5f87790874b0ca027e39ab5717d66686dcded6c0a,1975.44,2023-03-20T08:30:00Z,9140c74ef898deb5afe4f2f7f6c2208746b12e6df20499c029d8b72ad5202e57,2023-03-20T08:30:00Z,1975.78,1968.16,2023-04-01T00:00:00Z,2023-03-20T07:00:00Z,3.3328133655301406,LONG,0.3626312335958019,245.44644255472332,M15_LATEST_CONFIRMED_OPPOSING_SWING_ELSE_CONTROL,2023-03-20T08:30:00Z,CONFIRMED_25_75_RETEST_SPLIT,1975.78,True,29c6f176937decbb761a1967f10afc43a1642a4e923cf4d2f654b18f7be6033a,0.24674731295928726,5.232908501434521,2023_03,4.908928851094466,1.5761154855643258,TARGET,2023-03-20T08:59:00Z,SPLIT_TARGET_TARGET,a13d1cce122a034d0cc6c78a3f92b243bcad23c268f2977f4a51759c6f7755cd,2023-03-20T08:59:00Z,FIRST_RETEST_FILLED,2023-03-20T08:45:00Z,2023-03-20T08:30:00Z,1975.44,True,True,INITIAL_CONFIRMATION_TARGET,66f2f4279f051ed010b7c235f7572c07dde2b0a5d1be5a5c1d46b9f2c33a4de4,f0afb9f1b0e14805a38ace1be117071eb82397e920c13e2f12f09d188509f838,1973.01675,1.8649999999999929,0.09324999999999965,,M15_LATEST_CONFIRMED_OPPOSING_SWING_ELSE_CONTROL,True,07194206955283dc58b6d189b8db0f0346235690de1cd0b632456f0a35ffb6e0,2023-03-20T08:15:00Z,1973.11,1987.79,8bf2dfa0cac7628995d57a14330e25eafd5c480523870499a2066994386d74b8
ccb33f7affbc41f4aead14d5f87790874b0ca027e39ab5717d66686dcded6c0a,1975.44,2023-03-20T08:30:00Z,9140c74ef898deb5afe4f2f7f6c2208746b12e6df20499c029d8b72ad5202e57,2023-03-20T08:30:00Z,1975.78,1968.16,2023-04-01T00:00:00Z,2023-03-20T07:00:00Z,0.09023481439817971,LONG,1.0,83.31751499812528,CONTROL_V2_FILLED_STOP,2023-03-20T08:30:00Z,CONFIRMED_25_75_RETEST_SPLIT,1975.78,True,fca0a1cbd2b1f9f6d1a2c3bb4cb11e747735a1578cc8656796676c458c0c5dc6,0.0845032592079766,1.7763729053099073,2023_03,1.6663502999625055,1.5761154855643258,TARGET,2023-03-20T08:59:00Z,SPLIT_TARGET_TARGET,bc2f5197318bd96226eefb65d1f9e55d2a755ef680207ebdcda8e847e40fe08b,2023-03-20T08:59:00Z,FIRST_RETEST_FILLED,2023-03-20T08:45:00Z,2023-03-20T08:30:00Z,1975.44,True,True,INITIAL_CONFIRMATION_TARGET,e13928c87c859d41baddf3764d608fb327e4301bbfd40dce7b65c8ba5113b734,f0afb9f1b0e14805a38ace1be117071eb82397e920c13e2f12f09d188509f838,1968.16,8.459285714285702,0.4229642857142851,NOT_STRICTLY_CLOSER_THAN_CONTROL,H1_SOURCE_SWING_BUFFERED_ELSE_CONTROL,False,f0afb9f1b0e14805a38ace1be117071eb82397e920c13e2f12f09d188509f838,2023-03-20T07:00:00Z,1968.16,1987.79,8bf2dfa0cac7628995d57a14330e25eafd5c480523870499a2066994386d74b8
5ee369c9d95f1927bc7b7d0d3d9dede913eea0083e38a29373b4d927b49e286b,1993.4,2023-03-20T13:05:00Z,4b3456e76e8120e85ce0a0d67738e89b6793efe41ebc4bf1b3e8ee171abb4096,2023-03-20T13:05:00Z,1985.96,2009.8,2023-04-01T00:00:00Z,2023-03-20T13:00:00Z,0.0,SHORT,1.0,37.3322147651007,CONTROL_V2_FILLED_STOP,2023-03-20T13:05:00Z,CONTROL_NEXT_M1_OPEN,1985.96,True,b3428dc25fc21a138a3d1f984764a6a9ad7831efc37395fe8797724b49984e0f,0.07005033557047309,0.8422818791946307,2023_03,0.746644295302014,0.746644295302014,TARGET,2023-03-20T17:12:00Z,TARGET,4be352107780eded4581082bce3af73ef6e6997b97e3dc2f15fbe1ba9ffa8d22,2023-03-20T17:12:00Z,RETEST_EXPIRED,2023-03-20T13:20:00Z,,1993.4,False,False,INITIAL_CONFIRMATION_TARGET,c4f08114b18775d78d81f622d2d5082a9680eb8d747b19de97048226de7042c7,c04cb42c0eddc8c814f32b029928e14a00c2dbb99fe77dbf0f4e26977a67cf78,2009.8,,,,CONTROL_V2_FILLED_STOP,False,,2023-03-20T13:05:00Z,2009.8,1968.16,755c6cef004310fe8e2b1d7f5d2109407bf3ab3b8e5171579c6ee0bde9d7842a
5ee369c9d95f1927bc7b7d0d3d9dede913eea0083e38a29373b4d927b49e286b,1993.4,2023-03-20T13:05:00Z,4b3456e76e8120e85ce0a0d67738e89b6793efe41ebc4bf1b3e8ee171abb4096,2023-03-20T13:05:00Z,1985.96,2009.8,2023-04-01T00:00:00Z,2023-03-20T13:00:00Z,0.5537953597579386,SHORT,0.5741475910834113,65.02198275299763,M5_LATEST_CONFIRMED_OPPOSING_SWING_ELSE_CONTROL,2023-03-20T13:05:00Z,CONTROL_NEXT_M1_OPEN,1985.96,True,590efff1529d843e641b7f54a06c764ff65499942a442756c0e2939541767bbc,0.12200754067136073,1.467012824359765,2023_03,1.3004396550599526,0.746644295302014,TARGET,2023-03-20T17:12:00Z,TARGET,c307e6780b5c9be6e2272fa15f91359bebbdd7b93139805f540a2873fe206e9f,2023-03-20T17:12:00Z,RETEST_EXPIRED,2023-03-20T13:20:00Z,,1993.4,False,False,INITIAL_CONFIRMATION_TARGET,33a3b8bded05eb40d67030a8aa4c5a2a21293a1b58b8e0ea6e00c765d7eecfbc,c04cb42c0eddc8c814f32b029928e14a00c2dbb99fe77dbf0f4e26977a67cf78,1999.6476785714285,3.3535714285714318,0.1676785714285716,,M5_LATEST_CONFIRMED_OPPOSING_SWING_ELSE_CONTROL,True,9dd4fb97b92faacf4506192bccd4dee5179d6affaa790887a88fb3dafab13ae0,2023-03-20T12:25:00Z,1999.48,1968.16,755c6cef004310fe8e2b1d7f5d2109407bf3ab3b8e5171579c6ee0bde9d7842a
5ee369c9d95f1927bc7b7d0d3d9dede913eea0083e38a29373b4d927b49e286b,1993.4,2023-03-20T13:05:00Z,4b3456e76e8120e85ce0a0d67738e89b6793efe41ebc4bf1b3e8ee171abb4096,2023-03-20T13:05:00Z,1985.96,2009.8,2023-04-01T00:00:00Z,2023-03-20T13:00:00Z,0.12105883323434496,SHORT,0.8604835810163012,43.38515642681795,M15_LATEST_CONFIRMED_OPPOSING_SWING_ELSE_CONTROL,2023-03-20T13:05:00Z,CONTROL_NEXT_M1_OPEN,1985.96,True,0159e7f8f1b07bca20076c79f5dd8450914fd0cb5d4d23fa27c96a651346cc0e,0.08140810250875204,0.9788471247758466,2023_03,0.867703128536359,0.746644295302014,TARGET,2023-03-20T17:12:00Z,TARGET,a5f6bf7f874761933cf78160ac60691a0802242283f6c14fe7d76f39e18d1dd7,2023-03-20T17:12:00Z,RETEST_EXPIRED,2023-03-20T13:20:00Z,,1993.4,False,False,INITIAL_CONFIRMATION_TARGET,b6733acdc6a9deeafb904796f3c7de835f58412a455a888c7c7fa340d9adf71c,c04cb42c0eddc8c814f32b029928e14a00c2dbb99fe77dbf0f4e26977a67cf78,2006.4739285714286,6.678571428571445,0.33392857142857224,,M15_LATEST_CONFIRMED_OPPOSING_SWING_ELSE_CONTROL,True,e5a57f2b87410bb959705f4380ec2a20e70d4dc2ea0aff9a2af05b83784e18d2,2023-03-20T12:15:00Z,2006.14,1968.16,755c6cef004310fe8e2b1d7f5d2109407bf3ab3b8e5171579c6ee0bde9d7842a
5ee369c9d95f1927bc7b7d0d3d9dede913eea0083e38a29373b4d927b49e286b,1993.4,2023-03-20T13:05:00Z,4b3456e76e8120e85ce0a0d67738e89b6793efe41ebc4bf1b3e8ee171abb4096,2023-03-20T13:05:00Z,1985.96,2009.8,2023-04-01T00:00:00Z,2023-03-20T13:00:00Z,0.0,SHORT,1.0,37.3322147651007,CONTROL_V2_FILLED_STOP,2023-03-20T13:05:00Z,CONTROL_NEXT_M1_OPEN,1985.96,True,36612ecc54065db3e098558705338e4115dc9850239da8318bf4449c6a2b1216,0.07005033557047309,0.8422818791946307,2023_03,0.746644295302014,0.746644295302014,TARGET,2023-03-20T17:12:00Z,TARGET,c9ac58ed39e84f6e6b2d037b2db9fddd5b0f024e2e87b72726827addf6dea91a,2023-03-20T17:12:00Z,RETEST_EXPIRED,2023-03-20T13:20:00Z,,1993.4,False,False,INITIAL_CONFIRMATION_TARGET,0d270aa77efd1152c040d88ba3c597a17784d7e665ef4e62fd562b72730411f2,c04cb42c0eddc8c814f32b029928e14a00c2dbb99fe77dbf0f4e26977a67cf78,2009.8,10.07928571428569,0.5039642857142845,NOT_STRICTLY_CLOSER_THAN_CONTROL,H1_SOURCE_SWING_BUFFERED_ELSE_CONTROL,False,c04cb42c0eddc8c814f32b029928e14a00c2dbb99fe77dbf0f4e26977a67cf78,2023-03-20T13:00:00Z,2009.8,1968.16,755c6cef004310fe8e2b1d7f5d2109407bf3ab3b8e5171579c6ee0bde9d7842a
5ee369c9d95f1927bc7b7d0d3d9dede913eea0083e38a29373b4d927b49e286b,1993.4,2023-03-20T13:05:00Z,4b3456e76e8120e85ce0a0d67738e89b6793efe41ebc4bf1b3e8ee171abb4096,2023-03-20T13:05:00Z,1985.96,2009.8,2023-04-01T00:00:00Z,2023-03-20T13:00:00Z,-0.746644295302014,SHORT,1.0,0.0,CONTROL_V2_FILLED_STOP,,M5_BROKEN_CONTROL_FIRST_RETEST,,False,b3428dc25fc21a138a3d1f984764a6a9ad7831efc37395fe8797724b49984e0f,,,2023_03,0.0,0.746644295302014,TARGET,2023-03-20T17:12:00Z,NO_FILL,ccb84cd5d8fdc9b689c3e152ff07f6348d30ee9ea6631925669bbd774a12d416,,RETEST_EXPIRED,2023-03-20T13:20:00Z,,1993.4,False,False,INITIAL_CONFIRMATION_TARGET,dd3a16fa71a9ee2e54c5ffc344ca1a8e7869570c2257a04359144e37aace15e4,c04cb42c0eddc8c814f32b029928e14a00c2dbb99fe77dbf0f4e26977a67cf78,2009.8,,,,CONTROL_V2_FILLED_STOP,False,,2023-03-20T13:05:00Z,2009.8,1968.16,755c6cef004310fe8e2b1d7f5d2109407bf3ab3b8e5171579c6ee0bde9d7842a
5ee369c9d95f1927bc7b7d0d3d9dede913eea0083e38a29373b4d927b49e286b,1993.4,2023-03-20T13:05:00Z,4b3456e76e8120e85ce0a0d67738e89b6793efe41ebc4bf1b3e8ee171abb4096,2023-03-20T13:05:00Z,1985.96,2009.8,2023-04-01T00:00:00Z,2023-03-20T13:00:00Z,-0.746644295302014,SHORT,0.5741475910834113,0.0,M5_LATEST_CONFIRMED_OPPOSING_SWING_ELSE_CONTROL,,M5_BROKEN_CONTROL_FIRST_RETEST,,False,590efff1529d843e641b7f54a06c764ff65499942a442756c0e2939541767bbc,,,2023_03,0.0,0.746644295302014,TARGET,2023-03-20T17:12:00Z,NO_FILL,bfd52e7c9cd6f49a1b40dab16f9247049caeb836ab9f35a412920ca9e8bd4465,,RETEST_EXPIRED,2023-03-20T13:20:00Z,,1993.4,False,False,INITIAL_CONFIRMATION_TARGET,f642afd7df8c28ecfe2bde97fe12c99a3124678e8972e7567faf697442c29fcd,c04cb42c0eddc8c814f32b029928e14a00c2dbb99fe77dbf0f4e26977a67cf78,1999.6476785714285,3.3535714285714318,0.1676785714285716,,M5_LATEST_CONFIRMED_OPPOSING_SWING_ELSE_CONTROL,True,9dd4fb97b92faacf4506192bccd4dee5179d6affaa790887a88fb3dafab13ae0,2023-03-20T12:25:00Z,1999.48,1968.16,755c6cef004310fe8e2b1d7f5d2109407bf3ab3b8e5171579c6ee0bde9d7842a
5ee369c9d95f1927bc7b7d0d3d9dede913eea0083e38a29373b4d927b49e286b,1993.4,2023-03-20T13:05:00Z,4b3456e76e8120e85ce0a0d67738e89b6793efe41ebc4bf1b3e8ee171abb4096,2023-03-20T13:05:00Z,1985.96,2009.8,2023-04-01T00:00:00Z,2023-03-20T13:00:00Z,-0.746644295302014,SHORT,0.8604835810163012,0.0,M15_LATEST_CONFIRMED_OPPOSING_SWING_ELSE_CONTROL,,M5_BROKEN_CONTROL_FIRST_RETEST,,False,0159e7f8f1b07bca20076c79f5dd8450914fd0cb5d4d23fa27c96a651346cc0e,,,2023_03,0.0,0.746644295302014,TARGET,2023-03-20T17:12:00Z,NO_FILL,0da386bbdba696a12ff1defb5cb8bce803186bf8d491ff58e1702de75852c506,,RETEST_EXPIRED,2023-03-20T13:20:00Z,,1993.4,False,False,INITIAL_CONFIRMATION_TARGET,7d166db3f848decc8be3ffb6fb4a49dbf5bda861d1f5f0f80f1a402f50898544,c04cb42c0eddc8c814f32b029928e14a00c2dbb99fe77dbf0f4e26977a67cf78,2006.4739285714286,6.678571428571445,0.33392857142857224,,M15_LATEST_CONFIRMED_OPPOSING_SWING_ELSE_CONTROL,True,e5a57f2b87410bb959705f4380ec2a20e70d4dc2ea0aff9a2af05b83784e18d2,2023-03-20T12:15:00Z,2006.14,1968.16,755c6cef004310fe8e2b1d7f5d2109407bf3ab3b8e5171579c6ee0bde9d7842a
5ee369c9d95f1927bc7b7d0d3d9dede913eea0083e38a29373b4d927b49e286b,1993.4,2023-03-20T13:05:00Z,4b3456e76e8120e85ce0a0d67738e89b6793efe41ebc4bf1b3e8ee171abb4096,2023-03-20T13:05:00Z,1985.96,2009.8,2023-04-01T00:00:00Z,2023-03-20T13:00:00Z,-0.746644295302014,SHORT,1.0,0.0,CONTROL_V2_FILLED_STOP,,M5_BROKEN_CONTROL_FIRST_RETEST,,False,36612ecc54065db3e098558705338e4115dc9850239da8318bf4449c6a2b1216,,,2023_03,0.0,0.746644295302014,TARGET,2023-03-20T17:12:00Z,NO_FILL,6323c6a1310737f7a65a04b48ba9e88708d76b6a0b0381869b3a19311c5f759d,,RETEST_EXPIRED,2023-03-20T13:20:00Z,,1993.4,False,False,INITIAL_CONFIRMATION_TARGET,f2f439cc5f0e15d6452bbfc36028919dba7401e1db48fbec68c367ef13e4f4fd,c04cb42c0eddc8c814f32b029928e14a00c2dbb99fe77dbf0f4e26977a67cf78,2009.8,10.07928571428569,0.5039642857142845,NOT_STRICTLY_CLOSER_THAN_CONTROL,H1_SOURCE_SWING_BUFFERED_ELSE_CONTROL,False,c04cb42c0eddc8c814f32b029928e14a00c2dbb99fe77dbf0f4e26977a67cf78,2023-03-20T13:00:00Z,2009.8,1968.16,755c6cef004310fe8e2b1d7f5d2109407bf3ab3b8e5171579c6ee0bde9d7842a
5ee369c9d95f1927bc7b7d0d3d9dede913eea0083e38a29373b4d927b49e286b,1993.4,2023-03-20T13:05:00Z,4b3456e76e8120e85ce0a0d67738e89b6793efe41ebc4bf1b3e8ee171abb4096,2023-03-20T13:05:00Z,1985.96,2009.8,2023-04-01T00:00:00Z,2023-03-20T13:00:00Z,-0.5599832214765106,SHORT,1.0,9.333053691275175,CONTROL_V2_FILLED_STOP,2023-03-20T13:05:00Z,CONFIRMED_25_75_RETEST_SPLIT,1985.96,True,b3428dc25fc21a138a3d1f984764a6a9ad7831efc37395fe8797724b49984e0f,0.017512583892618273,0.21057046979865768,2023_03,0.1866610738255035,0.746644295302014,TARGET,2023-03-20T17:12:00Z,SPLIT_CONTROL_TARGET_NO_RETEST,3bfff724e8f5512e3041146c97b7256693eed321d5c03328f50233e22edb05a7,2023-03-20T17:12:00Z,RETEST_EXPIRED,2023-03-20T13:20:00Z,,1993.4,False,False,INITIAL_CONFIRMATION_TARGET,9574b92f24b01e43661fa6594b529b05383e23bb7b1c564d29d83f5d28c07129,c04cb42c0eddc8c814f32b029928e14a00c2dbb99fe77dbf0f4e26977a67cf78,2009.8,,,,CONTROL_V2_FILLED_STOP,False,,2023-03-20T13:05:00Z,2009.8,1968.16,755c6cef004310fe8e2b1d7f5d2109407bf3ab3b8e5171579c6ee0bde9d7842a
5ee369c9d95f1927bc7b7d0d3d9dede913eea0083e38a29373b4d927b49e286b,1993.4,2023-03-20T13:05:00Z,4b3456e76e8120e85ce0a0d67738e89b6793efe41ebc4bf1b3e8ee171abb4096,2023-03-20T13:05:00Z,1985.96,2009.8,2023-04-01T00:00:00Z,2023-03-20T13:00:00Z,-0.4215343815370259,SHORT,0.5741475910834113,16.255495688249407,M5_LATEST_CONFIRMED_OPPOSING_SWING_ELSE_CONTROL,2023-03-20T13:05:00Z,CONFIRMED_25_75_RETEST_SPLIT,1985.96,True,590efff1529d843e641b7f54a06c764ff65499942a442756c0e2939541767bbc,0.030501885167840182,0.3667532060899413,2023_03,0.32510991376498816,0.746644295302014,TARGET,2023-03-20T17:12:00Z,SPLIT_CONTROL_TARGET_NO_RETEST,9bf055cf4b5edb9406591e35d4d1dba08777b1d73646cf6ac4c97d5692cf44a1,2023-03-20T17:12:00Z,RETEST_EXPIRED,2023-03-20T13:20:00Z,,1993.4,False,False,INITIAL_CONFIRMATION_TARGET,94ebf4e53d7cc6136156e6b458e6390b859217c729779127e80d8f8584e816b3,c04cb42c0eddc8c814f32b029928e14a00c2dbb99fe77dbf0f4e26977a67cf78,1999.6476785714285,3.3535714285714318,0.1676785714285716,,M5_LATEST_CONFIRMED_OPPOSING_SWING_ELSE_CONTROL,True,9dd4fb97b92faacf4506192bccd4dee5179d6affaa790887a88fb3dafab13ae0,2023-03-20T12:25:00Z,1999.48,1968.16,755c6cef004310fe8e2b1d7f5d2109407bf3ab3b8e5171579c6ee0bde9d7842a
5ee369c9d95f1927bc7b7d0d3d9dede913eea0083e38a29373b4d927b49e286b,1993.4,2023-03-20T13:05:00Z,4b3456e76e8120e85ce0a0d67738e89b6793efe41ebc4bf1b3e8ee171abb4096,2023-03-20T13:05:00Z,1985.96,2009.8,2023-04-01T00:00:00Z,2023-03-20T13:00:00Z,-0.5297185131679243,SHORT,0.8604835810163012,10.846289106704488,M15_LATEST_CONFIRMED_OPPOSING_SWING_ELSE_CONTROL,2023-03-20T13:05:00Z,CONFIRMED_25_75_RETEST_SPLIT,1985.96,True,0159e7f8f1b07bca20076c79f5dd8450914fd0cb5d4d23fa27c96a651346cc0e,0.02035202562718801,0.24471178119396164,2023_03,0.21692578213408975,0.746644295302014,TARGET,2023-03-20T17:12:00Z,SPLIT_CONTROL_TARGET_NO_RETEST,807cb635350da7eb9d04bcabc715086ece916d74eb7193794da9a3a1fb3cd484,2023-03-20T17:12:00Z,RETEST_EXPIRED,2023-03-20T13:20:00Z,,1993.4,False,False,INITIAL_CONFIRMATION_TARGET,4a88db953f1076fb4fad48eaac23ea93d0830c2f189b4676609609ddf850cf21,c04cb42c0eddc8c814f32b029928e14a00c2dbb99fe77dbf0f4e26977a67cf78,2006.4739285714286,6.678571428571445,0.33392857142857224,,M15_LATEST_CONFIRMED_OPPOSING_SWING_ELSE_CONTROL,True,e5a57f2b87410bb959705f4380ec2a20e70d4dc2ea0aff9a2af05b83784e18d2,2023-03-20T12:15:00Z,2006.14,1968.16,755c6cef004310fe8e2b1d7f5d2109407bf3ab3b8e5171579c6ee0bde9d7842a
5ee369c9d95f1927bc7b7d0d3d9dede913eea0083e38a29373b4d927b49e286b,1993.4,2023-03-20T13:05:00Z,4b3456e76e8120e85ce0a0d67738e89b6793efe41ebc4bf1b3e8ee171abb4096,2023-03-20T13:05:00Z,1985.96,2009.8,2023-04-01T00:00:00Z,2023-03-20T13:00:00Z,-0.5599832214765106,SHORT,1.0,9.333053691275175,CONTROL_V2_FILLED_STOP,2023-03-20T13:05:00Z,CONFIRMED_25_75_RETEST_SPLIT,1985.96,True,36612ecc54065db3e098558705338e4115dc9850239da8318bf4449c6a2b1216,0.017512583892618273,0.21057046979865768,2023_03,0.1866610738255035,0.746644295302014,TARGET,2023-03-20T17:12:00Z,SPLIT_CONTROL_TARGET_NO_RETEST,9e8f843c1c3aa6a363e0ad76a62dfe4262548271fd0c971f68bcf715581d8c93,2023-03-20T17:12:00Z,RETEST_EXPIRED,2023-03-20T13:20:00Z,,1993.4,False,False,INITIAL_CONFIRMATION_TARGET,25f48c107bf5e2c4e90babdb7eacf96c5a8f995f6fa5b0323d452d239ba102ae,c04cb42c0eddc8c814f32b029928e14a00c2dbb99fe77dbf0f4e26977a67cf78,2009.8,10.07928571428569,0.5039642857142845,NOT_STRICTLY_CLOSER_THAN_CONTROL,H1_SOURCE_SWING_BUFFERED_ELSE_CONTROL,False,c04cb42c0eddc8c814f32b029928e14a00c2dbb99fe77dbf0f4e26977a67cf78,2023-03-20T13:00:00Z,2009.8,1968.16,755c6cef004310fe8e2b1d7f5d2109407bf3ab3b8e5171579c6ee0bde9d7842a
2925903a2ba95e8e2d9e9320b1b8c4314c2f2686981bb72a1ceb6eaa06c0e587,1977.68,2023-03-20T20:30:00Z,a832394ddc1f0edd42f8f2af0403346ef357e4e3cd6f2ae115d9e96594d3244f,2023-03-20T20:30:00Z,1978.36,1965.88,2023-04-01T00:00:00Z,2023-03-20T20:00:00Z,0.0,LONG,1.0,-50.0,CONTROL_V2_FILLED_STOP,2023-03-20T20:30:00Z,CONTROL_NEXT_M1_OPEN,1978.36,True,1d70548fa4687a24bf5f1921b9fa0717679958254e5f920c7e728d0f6793c8c5,1.1121794871794963,0.5440705128205372,2023_03,-1.0,-1.0,STOP,2023-03-21T11:06:00Z,STOP,68af3b3a116b665f30743017b3289356323033f81f52b23234575565b9a04c79,2023-03-21T11:06:00Z,FIRST_RETEST_FILLED,2023-03-20T20:45:00Z,2023-03-20T20:32:00Z,1977.68,True,False,INITIAL_CONFIRMATION_STOP,9c528e0d1c4c6c0ba2587a7a279e68515595b2a552f075fc10c4f35b69ff42ad,98d56788bb462472ed775a187a94a7e745426a5004cdc1167c62d179ddfaebe2,1965.88,,,,CONTROL_V2_FILLED_STOP,False,,2023-03-20T20:30:00Z,1965.88,2009.8,bc9782cde528ed0abd5d0801e9899cfad07f12e894fb36882def924dfde97349
2925903a2ba95e8e2d9e9320b1b8c4314c2f2686981bb72a1ceb6eaa06c0e587,1977.68,2023-03-20T20:30:00Z,a832394ddc1f0edd42f8f2af0403346ef357e4e3cd6f2ae115d9e96594d3244f,2023-03-20T20:30:00Z,1978.36,1965.88,2023-04-01T00:00:00Z,2023-03-20T20:00:00Z,0.0,LONG,0.3570570054944971,-50.0,M5_LATEST_CONFIRMED_OPPOSING_SWING_ELSE_CONTROL,2023-03-20T20:30:00Z,CONTROL_NEXT_M1_OPEN,1978.36,True,a84be2b43e71b2c7d87267420177477b4882f981bc516bb24b943fc36897113d,1.0973791776869595,1.5237637252545724,2023_03,-1.0,-1.0,STOP,2023-03-21T11:06:00Z,STOP,91e58b945173da91922237674a35280c66fdeee2ba10d197508ca8dc56818b53,2023-03-21T09:33:00Z,FIRST_RETEST_FILLED,2023-03-20T20:45:00Z,2023-03-20T20:32:00Z,1977.68,True,False,INITIAL_CONFIRMATION_STOP,4c591488b9b3eb487e5bcdd987900527e9f48ace11807c524f94c714a3d7dc0d,98d56788bb462472ed775a187a94a7e745426a5004cdc1167c62d179ddfaebe2,1973.9039285714287,2.1214285714285745,0.10607142857142873,,M5_LATEST_CONFIRMED_OPPOSING_SWING_ELSE_CONTROL,True,a2a5ac3d2880061529370f46c1d275f20f0b9dbcbde717908c7f84814ec80372,2023-03-20T20:10:00Z,1974.01,2009.8,bc9782cde528ed0abd5d0801e9899cfad07f12e894fb36882def924dfde97349
2925903a2ba95e8e2d9e9320b1b8c4314c2f2686981bb72a1ceb6eaa06c0e587,1977.68,2023-03-20T20:30:00Z,a832394ddc1f0edd42f8f2af0403346ef357e4e3cd6f2ae115d9e96594d3244f,2023-03-20T20:30:00Z,1978.36,1965.88,2023-04-01T00:00:00Z,2023-03-20T20:00:00Z,0.0,LONG,0.36772836538462095,-50.0,M15_LATEST_CONFIRMED_OPPOSING_SWING_ELSE_CONTROL,2023-03-20T20:30:00Z,CONTROL_NEXT_M1_OPEN,1978.36,True,5327cb6a19165313700d3c92a354623ddd6e05fcd41faf5e16324ac53c43e0e5,1.0655335839189148,1.4795445878956697,2023_03,-1.0,-1.0,STOP,2023-03-21T11:06:00Z,STOP,d3876dbc35efdf816108b29c973d98ee9940a9e5bdf083794e5b8c885f772e0e,2023-03-21T09:33:00Z,FIRST_RETEST_FILLED,2023-03-20T20:45:00Z,2023-03-20T20:32:00Z,1977.68,True,False,INITIAL_CONFIRMATION_STOP,facc5fc7c60fb90693ac6b52ff39a74d4f9d70179f52883422d7608e1cf95bae,98d56788bb462472ed775a187a94a7e745426a5004cdc1167c62d179ddfaebe2,1973.77075,4.785000000000001,0.23925000000000007,,M15_LATEST_CONFIRMED_OPPOSING_SWING_ELSE_CONTROL,True,a79113373719993718740714d4876958307a428380853b79493bc34da2447c01,2023-03-20T20:30:00Z,1974.01,2009.8,bc9782cde528ed0abd5d0801e9899cfad07f12e894fb36882def924dfde97349
2925903a2ba95e8e2d9e9320b1b8c4314c2f2686981bb72a1ceb6eaa06c0e587,1977.68,2023-03-20T20:30:00Z,a832394ddc1f0edd42f8f2af0403346ef357e4e3cd6f2ae115d9e96594d3244f,2023-03-20T20:30:00Z,1978.36,1965.88,2023-04-01T00:00:00Z,2023-03-20T20:00:00Z,0.0,LONG,1.0,-50.0,CONTROL_V2_FILLED_STOP,2023-03-20T20:30:00Z,CONTROL_NEXT_M1_OPEN,1978.36,True,879904bd1ba3fcfd0d3a16c7c103d8ce051f2b4f2d3af0bf4b90b0f8bafeff61,1.1121794871794963,0.5440705128205372,2023_03,-1.0,-1.0,STOP,2023-03-21T11:06:00Z,STOP,9b9f4493f74c3a0c5fd17e1444df0315ca0cd6c269ac298666a758b9ecd6c7df,2023-03-21T11:06:00Z,FIRST_RETEST_FILLED,2023-03-20T20:45:00Z,2023-03-20T20:32:00Z,1977.68,True,False,INITIAL_CONFIRMATION_STOP,2fb3c51b6577bc0b8d70b2e6018ce194e1ea5fc2e1e78766c950b37e56ee8be7,98d56788bb462472ed775a187a94a7e745426a5004cdc1167c62d179ddfaebe2,1965.88,10.786428571428555,0.5393214285714277,NOT_STRICTLY_CLOSER_THAN_CONTROL,H1_SOURCE_SWING_BUFFERED_ELSE_CONTROL,False,98d56788bb462472ed775a187a94a7e745426a5004cdc1167c62d179ddfaebe2,2023-03-20T20:00:00Z,1965.88,2009.8,bc9782cde528ed0abd5d0801e9899cfad07f12e894fb36882def924dfde97349
2925903a2ba95e8e2d9e9320b1b8c4314c2f2686981bb72a1ceb6eaa06c0e587,1977.68,2023-03-20T20:30:00Z,a832394ddc1f0edd42f8f2af0403346ef357e4e3cd6f2ae115d9e96594d3244f,2023-03-20T20:30:00Z,1978.36,1965.88,2023-04-01T00:00:00Z,2023-03-20T20:00:00Z,0.0,LONG,1.0,-50.0,CONTROL_V2_FILLED_STOP,2023-03-20T20:32:00Z,M5_BROKEN_CONTROL_FIRST_RETEST,1977.68,True,1d70548fa4687a24bf5f1921b9fa0717679958254e5f920c7e728d0f6793c8c5,1.1186440677966183,0.6330508474576318,2023_03,-1.0,-1.0,STOP,2023-03-21T11:06:00Z,STOP,19c51415e88c07e6e90b5d299203f9c9ed680579b5d3dc1ae92247f0bd777abe,2023-03-21T11:06:00Z,FIRST_RETEST_FILLED,2023-03-20T20:45:00Z,2023-03-20T20:32:00Z,1977.68,True,True,INITIAL_CONFIRMATION_STOP,ea15660c8072cea07b4e483002738453c9df91983c1f4a574e4724151fae4c3d,98d56788bb462472ed775a187a94a7e745426a5004cdc1167c62d179ddfaebe2,1965.88,,,,CONTROL_V2_FILLED_STOP,False,,2023-03-20T20:30:00Z,1965.88,2009.8,bc9782cde528ed0abd5d0801e9899cfad07f12e894fb36882def924dfde97349
2925903a2ba95e8e2d9e9320b1b8c4314c2f2686981bb72a1ceb6eaa06c0e587,1977.68,2023-03-20T20:30:00Z,a832394ddc1f0edd42f8f2af0403346ef357e4e3cd6f2ae115d9e96594d3244f,2023-03-20T20:30:00Z,1978.36,1965.88,2023-04-01T00:00:00Z,2023-03-20T20:00:00Z,0.0,LONG,0.3570570054944971,-50.0,M5_LATEST_CONFIRMED_OPPOSING_SWING_ELSE_CONTROL,2023-03-20T20:32:00Z,M5_BROKEN_CONTROL_FIRST_RETEST,1977.68,True,a84be2b43e71b2c7d87267420177477b4882f981bc516bb24b943fc36897113d,1.1149153504208975,1.9782464768750745,2023_03,-1.0,-1.0,STOP,2023-03-21T11:06:00Z,STOP,dde900fbe1f1196093e5d7ac77d015e6b2972b03a46cfcee2d0f67029d4e3a16,2023-03-21T09:33:00Z,FIRST_RETEST_FILLED,2023-03-20T20:45:00Z,2023-03-20T20:32:00Z,1977.68,True,True,INITIAL_CONFIRMATION_STOP,837cf4b86f06f725e3f15ca547a414261120428865182530035b8d6f61fabea2,98d56788bb462472ed775a187a94a7e745426a5004cdc1167c62d179ddfaebe2,1973.9039285714287,2.1214285714285745,0.10607142857142873,,M5_LATEST_CONFIRMED_OPPOSING_SWING_ELSE_CONTROL,True,a2a5ac3d2880061529370f46c1d275f20f0b9dbcbde717908c7f84814ec80372,2023-03-20T20:10:00Z,1974.01,2009.8,bc9782cde528ed0abd5d0801e9899cfad07f12e894fb36882def924dfde97349
2925903a2ba95e8e2d9e9320b1b8c4314c2f2686981bb72a1ceb6eaa06c0e587,1977.68,2023-03-20T20:30:00Z,a832394ddc1f0edd42f8f2af0403346ef357e4e3cd6f2ae115d9e96594d3244f,2023-03-20T20:30:00Z,1978.36,1965.88,2023-04-01T00:00:00Z,2023-03-20T20:00:00Z,0.0,LONG,0.36772836538462095,-50.0,M15_LATEST_CONFIRMED_OPPOSING_SWING_ELSE_CONTROL,2023-03-20T20:32:00Z,M5_BROKEN_CONTROL_FIRST_RETEST,1977.68,True,5327cb6a19165313700d3c92a354623ddd6e05fcd41faf5e16324ac53c43e0e5,1.0769329155208462,1.910852465306575,2023_03,-1.0,-1.0,STOP,2023-03-21T11:06:00Z,STOP,240cca99f7be8f97f467b2d07513fc838aa402696d7e74eeada602d56febd61d,2023-03-21T09:33:00Z,FIRST_RETEST_FILLED,2023-03-20T20:45:00Z,2023-03-20T20:32:00Z,1977.68,True,True,INITIAL_CONFIRMATION_STOP,f8f9e8c85112d4d4d1ee54fd2c3cbb6127e3985377063763567e83ca8a21eb92,98d56788bb462472ed775a187a94a7e745426a5004cdc1167c62d179ddfaebe2,1973.77075,4.785000000000001,0.23925000000000007,,M15_LATEST_CONFIRMED_OPPOSING_SWING_ELSE_CONTROL,True,a79113373719993718740714d4876958307a428380853b79493bc34da2447c01,2023-03-20T20:30:00Z,1974.01,2009.8,bc9782cde528ed0abd5d0801e9899cfad07f12e894fb36882def924dfde97349
2925903a2ba95e8e2d9e9320b1b8c4314c2f2686981bb72a1ceb6eaa06c0e587,1977.68,2023-03-20T20:30:00Z,a832394ddc1f0edd42f8f2af0403346ef357e4e3cd6f2ae115d9e96594d3244f,2023-03-20T20:30:00Z,1978.36,1965.88,2023-04-01T00:00:00Z,2023-03-20T20:00:00Z,0.0,LONG,1.0,-50.0,CONTROL_V2_FILLED_STOP,2023-03-20T20:32:00Z,M5_BROKEN_CONTROL_FIRST_RETEST,1977.68,True,879904bd1ba3fcfd0d3a16c7c103d8ce051f2b4f2d3af0bf4b90b0f8bafeff61,1.1186440677966183,0.6330508474576318,2023_03,-1.0,-1.0,STOP,2023-03-21T11:06:00Z,STOP,e1e629ec3216bc8b005f52a4437f7fd9e017bc086a97305b24392a97db6862fc,2023-03-21T11:06:00Z,FIRST_RETEST_FILLED,2023-03-20T20:45:00Z,2023-03-20T20:32:00Z,1977.68,True,True,INITIAL_CONFIRMATION_STOP,ef97aa9e9d999e99173b59b533b32da5308289d6c72a4b44ce5d48759df97207,98d56788bb462472ed775a187a94a7e745426a5004cdc1167c62d179ddfaebe2,1965.88,10.786428571428555,0.5393214285714277,NOT_STRICTLY_CLOSER_THAN_CONTROL,H1_SOURCE_SWING_BUFFERED_ELSE_CONTROL,False,98d56788bb462472ed775a187a94a7e745426a5004cdc1167c62d179ddfaebe2,2023-03-20T20:00:00Z,1965.88,2009.8,bc9782cde528ed0abd5d0801e9899cfad07f12e894fb36882def924dfde97349
2925903a2ba95e8e2d9e9320b1b8c4314c2f2686981bb72a1ceb6eaa06c0e587,1977.68,2023-03-20T20:30:00Z,a832394ddc1f0edd42f8f2af0403346ef357e4e3cd6f2ae115d9e96594d3244f,2023-03-20T20:30:00Z,1978.36,1965.88,2023-04-01T00:00:00Z,2023-03-20T20:00:00Z,0.0,LONG,1.0,-50.0,CONTROL_V2_FILLED_STOP,2023-03-20T20:30:00Z,CONFIRMED_25_75_RETEST_SPLIT,1978.36,True,1d70548fa4687a24bf5f1921b9fa0717679958254e5f920c7e728d0f6793c8c5,1.1170279226423379,0.6108057637983582,2023_03,-1.0,-1.0,STOP,2023-03-21T11:06:00Z,SPLIT_STOP_STOP,e6b892af684ff9a34e331982f64d6110efb547905f1cc567d6bac12cec82b73c,2023-03-21T11:06:00Z,FIRST_RETEST_FILLED,2023-03-20T20:45:00Z,2023-03-20T20:32:00Z,1977.68,True,True,INITIAL_CONFIRMATION_STOP,fcd27a33753c8815e00adeda95938445345cfabff910371f2d2cbf1c7469612e,98d56788bb462472ed775a187a94a7e745426a5004cdc1167c62d179ddfaebe2,1965.88,,,,CONTROL_V2_FILLED_STOP,False,,2023-03-20T20:30:00Z,1965.88,2009.8,bc9782cde528ed0abd5d0801e9899cfad07f12e894fb36882def924dfde97349
2925903a2ba95e8e2d9e9320b1b8c4314c2f2686981bb72a1ceb6eaa06c0e587,1977.68,2023-03-20T20:30:00Z,a832394ddc1f0edd42f8f2af0403346ef357e4e3cd6f2ae115d9e96594d3244f,2023-03-20T20:30:00Z,1978.36,1965.88,2023-04-01T00:00:00Z,2023-03-20T20:00:00Z,0.0,LONG,0.3570570054944971,-50.0,M5_LATEST_CONFIRMED_OPPOSING_SWING_ELSE_CONTROL,2023-03-20T20:30:00Z,CONFIRMED_25_75_RETEST_SPLIT,1978.36,True,a84be2b43e71b2c7d87267420177477b4882f981bc516bb24b943fc36897113d,1.110531307237413,1.864625788969949,2023_03,-1.0,-1.0,STOP,2023-03-21T11:06:00Z,SPLIT_STOP_STOP,70d40a55dd338419efeea50401fa12e222938e052f24087aa93504a8b98511d8,2023-03-21T09:33:00Z,FIRST_RETEST_FILLED,2023-03-20T20:45:00Z,2023-03-20T20:32:00Z,1977.68,True,True,INITIAL_CONFIRMATION_STOP,8b1bb4dea4ab7a36e933a2fb67bba42a7ac1fc906fec9ae7b39bef0acb0285f5,98d56788bb462472ed775a187a94a7e745426a5004cdc1167c62d179ddfaebe2,1973.9039285714287,2.1214285714285745,0.10607142857142873,,M5_LATEST_CONFIRMED_OPPOSING_SWING_ELSE_CONTROL,True,a2a5ac3d2880061529370f46c1d275f20f0b9dbcbde717908c7f84814ec80372,2023-03-20T20:10:00Z,1974.01,2009.8,bc9782cde528ed0abd5d0801e9899cfad07f12e894fb36882def924dfde97349
2925903a2ba95e8e2d9e9320b1b8c4314c2f2686981bb72a1ceb6eaa06c0e587,1977.68,2023-03-20T20:30:00Z,a832394ddc1f0edd42f8f2af0403346ef357e4e3cd6f2ae115d9e96594d3244f,2023-03-20T20:30:00Z,1978.36,1965.88,2023-04-01T00:00:00Z,2023-03-20T20:00:00Z,0.0,LONG,0.36772836538462095,-50.0,M15_LATEST_CONFIRMED_OPPOSING_SWING_ELSE_CONTROL,2023-03-20T20:30:00Z,CONFIRMED_25_75_RETEST_SPLIT,1978.36,True,5327cb6a19165313700d3c92a354623ddd6e05fcd41faf5e16324ac53c43e0e5,1.0740830826203633,1.8030254959538488,2023_03,-1.0,-1.0,STOP,2023-03-21T11:06:00Z,SPLIT_STOP_STOP,5c190eda7db14c9492d3dd8666a5b2eabfcaf2a46e0ef68179f0e052a9ddb5da,2023-03-21T09:33:00Z,FIRST_RETEST_FILLED,2023-03-20T20:45:00Z,2023-03-20T20:32:00Z,1977.68,True,True,INITIAL_CONFIRMATION_STOP,e2f3589e051b8985bc0a5572b941c75d83637cbb889893fa745d7c11eb2f098a,98d56788bb462472ed775a187a94a7e745426a5004cdc1167c62d179ddfaebe2,1973.77075,4.785000000000001,0.23925000000000007,,M15_LATEST_CONFIRMED_OPPOSING_SWING_ELSE_CONTROL,True,a79113373719993718740714d4876958307a428380853b79493bc34da2447c01,2023-03-20T20:30:00Z,1974.01,2009.8,bc9782cde528ed0abd5d0801e9899cfad07f12e894fb36882def924dfde97349
2925903a2ba95e8e2d9e9320b1b8c4314c2f2686981bb72a1ceb6eaa06c0e587,1977.68,2023-03-20T20:30:00Z,a832394ddc1f0edd42f8f2af0403346ef357e4e3cd6f2ae115d9e96594d3244f,2023-03-20T20:30:00Z,1978.36,1965.88,2023-04-01T00:00:00Z,2023-03-20T20:00:00Z,0.0,LONG,1.0,-50.0,CONTROL_V2_FILLED_STOP,2023-03-20T20:30:00Z,CONFIRMED_25_75_RETEST_SPLIT,1978.36,True,879904bd1ba3fcfd0d3a16c7c103d8ce051f2b4f2d3af0bf4b90b0f8bafeff61,1.1170279226423379,0.6108057637983582,2023_03,-1.0,-1.0,STOP,2023-03-21T11:06:00Z,SPLIT_STOP_STOP,2c67c0a2140c01547503151e1c5a8a5f73daf9be4cc284c81631988dc1bdcadc,2023-03-21T11:06:00Z,FIRST_RETEST_FILLED,2023-03-20T20:45:00Z,2023-03-20T20:32:00Z,1977.68,True,True,INITIAL_CONFIRMATION_STOP,85a604912f5fb619b44a8f5fe967d2e7c8fdbc5254d27443cd42439235ac5979,98d56788bb462472ed775a187a94a7e745426a5004cdc1167c62d179ddfaebe2,1965.88,10.786428571428555,0.5393214285714277,NOT_STRICTLY_CLOSER_THAN_CONTROL,H1_SOURCE_SWING_BUFFERED_ELSE_CONTROL,False,98d56788bb462472ed775a187a94a7e745426a5004cdc1167c62d179ddfaebe2,2023-03-20T20:00:00Z,1965.88,2009.8,bc9782cde528ed0abd5d0801e9899cfad07f12e894fb36882def924dfde97349
c7bb4525d30386b2fe4bfeae2e620bdb6d097178840a79bd9bce0bd02b0543cd,1982.18,2023-03-21T06:05:00Z,57f4ad338ed250d8fdd724771a0159f3aebc2509ab32d53c3268fa34fa09a02c,2023-03-21T06:05:00Z,1982.57,1975.42,2023-04-01T00:00:00Z,2023-03-21T06:00:00Z,0.0,LONG,1.0,12.377622377622487,CONTROL_V2_FILLED_STOP,2023-03-21T06:05:00Z,CONTROL_NEXT_M1_OPEN,1982.57,True,b99d0780f7b36a6670accb2a605373a950d4cb4a0b96837806b266ac4237320a,0.08811188811187326,0.2881118881119178,2023_03,0.24755244755244973,0.24755244755244973,TARGET,2023-03-21T06:33:00Z,TARGET,48982ccae2acac1e6299d352b8ad4068cb5e48069f0f20af1bc8b5afff94be77,2023-03-21T06:33:00Z,FIRST_RETEST_FILLED,2023-03-21T06:20:00Z,2023-03-21T06:12:00Z,1982.18,True,False,INITIAL_CONFIRMATION_TARGET,cb4a5030ec9f21d1ce247ca9dfd2c4bb7a6a9a7ad7bd433810032a0322db1e9d,977fbccb8d346c89d51c4365ca081851ad77b70b51a97d5b807027bafdc822ef,1975.42,,,,CONTROL_V2_FILLED_STOP,False,,2023-03-21T06:05:00Z,1975.42,1984.34,8ab0887e7db8241ff4d3650932e07710928e382808a1d6c6b64e546256dba1f2
c7bb4525d30386b2fe4bfeae2e620bdb6d097178840a79bd9bce0bd02b0543cd,1982.18,2023-03-21T06:05:00Z,57f4ad338ed250d8fdd724771a0159f3aebc2509ab32d53c3268fa34fa09a02c,2023-03-21T06:05:00Z,1982.57,1975.42,2023-04-01T00:00:00Z,2023-03-21T06:00:00Z,0.27015360070828554,LONG,0.47817182817183057,25.885302413036765,M5_LATEST_CONFIRMED_OPPOSING_SWING_ELSE_CONTROL,2023-03-21T06:05:00Z,CONTROL_NEXT_M1_OPEN,1982.57,True,a5bfc90cd7858876c68ecfc27e7e7699c1aec69dd247f1fa28f245ebbfdde64e,0.18426825446565276,0.6025279431735678,2023_03,0.5177060482607353,0.24755244755244973,TARGET,2023-03-21T06:33:00Z,TARGET,fae43d9a71456d7cc7c82369b4ae5c36eef1eb8106735c664d0e8e46f4ee950f,2023-03-21T06:33:00Z,FIRST_RETEST_FILLED,2023-03-21T06:20:00Z,2023-03-21T06:12:00Z,1982.18,True,False,INITIAL_CONFIRMATION_TARGET,ac9fa68c663491b15991082c125b45c4245b024e25f59ece97c32f0225d86416,977fbccb8d346c89d51c4365ca081851ad77b70b51a97d5b807027bafdc822ef,1979.1510714285714,0.9785714285714155,0.04892857142857078,,M5_LATEST_CONFIRMED_OPPOSING_SWING_ELSE_CONTROL,True,6432a2b197c7f58d21c0a4d55fb2eb924618dc1da323d93d6d36f5db4615ca67,2023-03-21T05:30:00Z,1979.2,1984.34,8ab0887e7db8241ff4d3650932e07710928e382808a1d6c6b64e546256dba1f2
c7bb4525d30386b2fe4bfeae2e620bdb6d097178840a79bd9bce0bd02b0543cd,1982.18,2023-03-21T06:05:00Z,57f4ad338ed250d8fdd724771a0159f3aebc2509ab32d53c3268fa34fa09a02c,2023-03-21T06:05:00Z,1982.57,1975.42,2023-04-01T00:00:00Z,2023-03-21T06:00:00Z,0.26022923501229833,LONG,0.4875174825174674,25.389084128237403,M15_LATEST_CONFIRMED_OPPOSING_SWING_ELSE_CONTROL,2023-03-21T06:05:00Z,CONTROL_NEXT_M1_OPEN,1982.57,True,194d852f0ae1ea9b80ba328e2c00a1258222a57b138f8c3f3ff5bccb16aee79b,0.1807358531162342,0.590977551459593,2023_03,0.5077816825647481,0.24755244755244973,TARGET,2023-03-21T06:33:00Z,TARGET,d410e294c2715023b7bcbc86897a960d364b98e4930f6803da56278d8da7779c,2023-03-21T06:33:00Z,FIRST_RETEST_FILLED,2023-03-21T06:20:00Z,2023-03-21T06:12:00Z,1982.18,True,False,INITIAL_CONFIRMATION_TARGET,0a5d3eca17804d0e481ae8e1ebfdb28379fd67891e2ced712ce77d20054e94ef,977fbccb8d346c89d51c4365ca081851ad77b70b51a97d5b807027bafdc822ef,1979.08425,2.315000000000022,0.11575000000000112,,M15_LATEST_CONFIRMED_OPPOSING_SWING_ELSE_CONTROL,True,abbd32dba9e6c132825d48fae305981539d0083f70dc12d1ba792de5e8b25707,2023-03-21T06:00:00Z,1979.2,1984.34,8ab0887e7db8241ff4d3650932e07710928e382808a1d6c6b64e546256dba1f2
c7bb4525d30386b2fe4bfeae2e620bdb6d097178840a79bd9bce0bd02b0543cd,1982.18,2023-03-21T06:05:00Z,57f4ad338ed250d8fdd724771a0159f3aebc2509ab32d53c3268fa34fa09a02c,2023-03-21T06:05:00Z,1982.57,1975.42,2023-04-01T00:00:00Z,2023-03-21T06:00:00Z,0.0,LONG,1.0,12.377622377622487,CONTROL_V2_FILLED_STOP,2023-03-21T06:05:00Z,CONTROL_NEXT_M1_OPEN,1982.57,True,ffbc4ea51935a87ae4be8eae273b1fcbdc941dc864c9b59373b27d76fd6f698d,0.08811188811187326,0.2881118881119178,2023_03,0.24755244755244973,0.24755244755244973,TARGET,2023-03-21T06:33:00Z,TARGET,8c1fcb5d9b34684c591148471317647128a02ce97fb49d366cc5c32b5d62c1d7,2023-03-21T06:33:00Z,FIRST_RETEST_FILLED,2023-03-21T06:20:00Z,2023-03-21T06:12:00Z,1982.18,True,False,INITIAL_CONFIRMATION_TARGET,dc66b0e266b1a7fedad00e80530be3e9b07e90b432fe24dd6a2f75918848415f,977fbccb8d346c89d51c4365ca081851ad77b70b51a97d5b807027bafdc822ef,1975.42,7.983571428571395,0.3991785714285698,NOT_STRICTLY_CLOSER_THAN_CONTROL,H1_SOURCE_SWING_BUFFERED_ELSE_CONTROL,False,977fbccb8d346c89d51c4365ca081851ad77b70b51a97d5b807027bafdc822ef,2023-03-21T06:00:00Z,1975.42,1984.34,8ab0887e7db8241ff4d3650932e07710928e382808a1d6c6b64e546256dba1f2
c7bb4525d30386b2fe4bfeae2e620bdb6d097178840a79bd9bce0bd02b0543cd,1982.18,2023-03-21T06:05:00Z,57f4ad338ed250d8fdd724771a0159f3aebc2509ab32d53c3268fa34fa09a02c,2023-03-21T06:05:00Z,1982.57,1975.42,2023-04-01T00:00:00Z,2023-03-21T06:00:00Z,0.0719741796664641,LONG,1.0,15.976331360945691,CONTROL_V2_FILLED_STOP,2023-03-21T06:12:00Z,M5_BROKEN_CONTROL_FIRST_RETEST,1982.18,True,b99d0780f7b36a6670accb2a605373a950d4cb4a0b96837806b266ac4237320a,0.03550295857988305,0.3624260355029658,2023_03,0.31952662721891384,0.24755244755244973,TARGET,2023-03-21T06:33:00Z,TARGET,55434407672497d968f3e38f0a11f3cc0a138791c89a62d66c7cecf626e0a25d,2023-03-21T06:33:00Z,FIRST_RETEST_FILLED,2023-03-21T06:20:00Z,2023-03-21T06:12:00Z,1982.18,True,True,INITIAL_CONFIRMATION_TARGET,c81176f964bf5c8f09dccf3f27c6eaf4e83ae3d86732f464752a1fe8dbedaab5,977fbccb8d346c89d51c4365ca081851ad77b70b51a97d5b807027bafdc822ef,1975.42,,,,CONTROL_V2_FILLED_STOP,False,,2023-03-21T06:05:00Z,1975.42,1984.34,8ab0887e7db8241ff4d3650932e07710928e382808a1d6c6b64e546256dba1f2
c7bb4525d30386b2fe4bfeae2e620bdb6d097178840a79bd9bce0bd02b0543cd,1982.18,2023-03-21T06:05:00Z,57f4ad338ed250d8fdd724771a0159f3aebc2509ab32d53c3268fa34fa09a02c,2023-03-21T06:05:00Z,1982.57,1975.42,2023-04-01T00:00:00Z,2023-03-21T06:00:00Z,0.4655710048705468,LONG,0.47817182817183057,35.65617262114983,M5_LATEST_CONFIRMED_OPPOSING_SWING_ELSE_CONTROL,2023-03-21T06:12:00Z,M5_BROKEN_CONTROL_FIRST_RETEST,1982.18,True,a5bfc90cd7858876c68ecfc27e7e7699c1aec69dd247f1fa28f245ebbfdde64e,0.07923593915811908,0.8088668789057832,2023_03,0.7131234524229966,0.24755244755244973,TARGET,2023-03-21T06:33:00Z,TARGET,6fc2a4af8f04d1d5a81b0133f32f644d5db55b5ef05ed7d497782f661c1de938,2023-03-21T06:33:00Z,FIRST_RETEST_FILLED,2023-03-21T06:20:00Z,2023-03-21T06:12:00Z,1982.18,True,True,INITIAL_CONFIRMATION_TARGET,ce46d4379eb63073ea9ac53ef86277e1ae29c406b03ff4870e9ea245e60f8e85,977fbccb8d346c89d51c4365ca081851ad77b70b51a97d5b807027bafdc822ef,1979.1510714285714,0.9785714285714155,0.04892857142857078,,M5_LATEST_CONFIRMED_OPPOSING_SWING_ELSE_CONTROL,True,6432a2b197c7f58d21c0a4d55fb2eb924618dc1da323d93d6d36f5db4615ca67,2023-03-21T05:30:00Z,1979.2,1984.34,8ab0887e7db8241ff4d3650932e07710928e382808a1d6c6b64e546256dba1f2
c7bb4525d30386b2fe4bfeae2e620bdb6d097178840a79bd9bce0bd02b0543cd,1982.18,2023-03-21T06:05:00Z,57f4ad338ed250d8fdd724771a0159f3aebc2509ab32d53c3268fa34fa09a02c,2023-03-21T06:05:00Z,1982.57,1975.42,2023-04-01T00:00:00Z,2023-03-21T06:00:00Z,0.4501783123602976,LONG,0.4875174825174674,34.88653799563737,M15_LATEST_CONFIRMED_OPPOSING_SWING_ELSE_CONTROL,2023-03-21T06:12:00Z,M5_BROKEN_CONTROL_FIRST_RETEST,1982.18,True,194d852f0ae1ea9b80ba328e2c00a1258222a57b138f8c3f3ff5bccb16aee79b,0.07752563999031342,0.7914075749011008,2023_03,0.6977307599127474,0.24755244755244973,TARGET,2023-03-21T06:33:00Z,TARGET,ba9606246fa971a9fc5c5994c5f299c6b9b604a31961a768d2f9e00600c4bd44,2023-03-21T06:33:00Z,FIRST_RETEST_FILLED,2023-03-21T06:20:00Z,2023-03-21T06:12:00Z,1982.18,True,True,INITIAL_CONFIRMATION_TARGET,1f445613ef6402e03a277ea517d8cdb3dc89a5ac7f812b5671d0719bddcfafe5,977fbccb8d346c89d51c4365ca081851ad77b70b51a97d5b807027bafdc822ef,1979.08425,2.315000000000022,0.11575000000000112,,M15_LATEST_CONFIRMED_OPPOSING_SWING_ELSE_CONTROL,True,abbd32dba9e6c132825d48fae305981539d0083f70dc12d1ba792de5e8b25707,2023-03-21T06:00:00Z,1979.2,1984.34,8ab0887e7db8241ff4d3650932e07710928e382808a1d6c6b64e546256dba1f2
c7bb4525d30386b2fe4bfeae2e620bdb6d097178840a79bd9bce0bd02b0543cd,1982.18,2023-03-21T06:05:00Z,57f4ad338ed250d8fdd724771a0159f3aebc2509ab32d53c3268fa34fa09a02c,2023-03-21T06:05:00Z,1982.57,1975.42,2023-04-01T00:00:00Z,2023-03-21T06:00:00Z,0.0719741796664641,LONG,1.0,15.976331360945691,CONTROL_V2_FILLED_STOP,2023-03-21T06:12:00Z,M5_BROKEN_CONTROL_FIRST_RETEST,1982.18,True,ffbc4ea51935a87ae4be8eae273b1fcbdc941dc864c9b59373b27d76fd6f698d,0.03550295857988305,0.3624260355029658,2023_03,0.31952662721891384,0.24755244755244973,TARGET,2023-03-21T06:33:00Z,TARGET,c8c449b324e26a0e11266e48d0b201bf9d2a598b7369e2283c98e2b89493923b,2023-03-21T06:33:00Z,FIRST_RETEST_FILLED,2023-03-21T06:20:00Z,2023-03-21T06:12:00Z,1982.18,True,True,INITIAL_CONFIRMATION_TARGET,5d84cea73c20fce356d823b8a30938e652ebe22cf047d59b6ace3f800eea98de,977fbccb8d346c89d51c4365ca081851ad77b70b51a97d5b807027bafdc822ef,1975.42,7.983571428571395,0.3991785714285698,NOT_STRICTLY_CLOSER_THAN_CONTROL,H1_SOURCE_SWING_BUFFERED_ELSE_CONTROL,False,977fbccb8d346c89d51c4365ca081851ad77b70b51a97d5b807027bafdc822ef,2023-03-21T06:00:00Z,1975.42,1984.34,8ab0887e7db8241ff4d3650932e07710928e382808a1d6c6b64e546256dba1f2
c7bb4525d30386b2fe4bfeae2e620bdb6d097178840a79bd9bce0bd02b0543cd,1982.18,2023-03-21T06:05:00Z,57f4ad338ed250d8fdd724771a0159f3aebc2509ab32d53c3268fa34fa09a02c,2023-03-21T06:05:00Z,1982.57,1975.42,2023-04-01T00:00:00Z,2023-03-21T06:00:00Z,0.05398063474984807,LONG,1.0,15.07665411511489,CONTROL_V2_FILLED_STOP,2023-03-21T06:05:00Z,CONFIRMED_25_75_RETEST_SPLIT,1982.57,True,b99d0780f7b36a6670accb2a605373a950d4cb4a0b96837806b266ac4237320a,0.0486551909628806,0.3438474986552038,2023_03,0.3015330823022978,0.24755244755244973,TARGET,2023-03-21T06:33:00Z,SPLIT_TARGET_TARGET,db79465f20cb049e18d197a8cb8b4b42850e9c7524bbd3c7782ca9727781f961,2023-03-21T06:33:00Z,FIRST_RETEST_FILLED,2023-03-21T06:20:00Z,2023-03-21T06:12:00Z,1982.18,True,True,INITIAL_CONFIRMATION_TARGET,30f775230cbab456279cab1d133730698cee0a6b97ea1ce2fc3525f951a7a8ee,977fbccb8d346c89d51c4365ca081851ad77b70b51a97d5b807027bafdc822ef,1975.42,,,,CONTROL_V2_FILLED_STOP,False,,2023-03-21T06:05:00Z,1975.42,1984.34,8ab0887e7db8241ff4d3650932e07710928e382808a1d6c6b64e546256dba1f2
c7bb4525d30386b2fe4bfeae2e620bdb6d097178840a79bd9bce0bd02b0543cd,1982.18,2023-03-21T06:05:00Z,57f4ad338ed250d8fdd724771a0159f3aebc2509ab32d53c3268fa34fa09a02c,2023-03-21T06:05:00Z,1982.57,1975.42,2023-04-01T00:00:00Z,2023-03-21T06:00:00Z,0.4167166538299816,LONG,0.47817182817183057,33.213455069121565,M5_LATEST_CONFIRMED_OPPOSING_SWING_ELSE_CONTROL,2023-03-21T06:05:00Z,CONFIRMED_25_75_RETEST_SPLIT,1982.57,True,a5bfc90cd7858876c68ecfc27e7e7699c1aec69dd247f1fa28f245ebbfdde64e,0.10549401798500249,0.7572821449727294,2023_03,0.6642691013824313,0.24755244755244973,TARGET,2023-03-21T06:33:00Z,SPLIT_TARGET_TARGET,fb96c5577932fab5e8a0b3c9b702873e34c2886177c9b5682df3f7977edb81b2,2023-03-21T06:33:00Z,FIRST_RETEST_FILLED,2023-03-21T06:20:00Z,2023-03-21T06:12:00Z,1982.18,True,True,INITIAL_CONFIRMATION_TARGET,bde8eb577084c323d0682aacaba867886a4d4e3a461c913053495a04130f681b,977fbccb8d346c89d51c4365ca081851ad77b70b51a97d5b807027bafdc822ef,1979.1510714285714,0.9785714285714155,0.04892857142857078,,M5_LATEST_CONFIRMED_OPPOSING_SWING_ELSE_CONTROL,True,6432a2b197c7f58d21c0a4d55fb2eb924618dc1da323d93d6d36f5db4615ca67,2023-03-21T05:30:00Z,1979.2,1984.34,8ab0887e7db8241ff4d3650932e07710928e382808a1d6c6b64e546256dba1f2
c7bb4525d30386b2fe4bfeae2e620bdb6d097178840a79bd9bce0bd02b0543cd,1982.18,2023-03-21T06:05:00Z,57f4ad338ed250d8fdd724771a0159f3aebc2509ab32d53c3268fa34fa09a02c,2023-03-21T06:05:00Z,1982.57,1975.42,2023-04-01T00:00:00Z,2023-03-21T06:00:00Z,0.4026910430232977,LONG,0.4875174825174674,32.51217452878738,M15_LATEST_CONFIRMED_OPPOSING_SWING_ELSE_CONTROL,2023-03-21T06:05:00Z,CONFIRMED_25_75_RETEST_SPLIT,1982.57,True,194d852f0ae1ea9b80ba328e2c00a1258222a57b138f8c3f3ff5bccb16aee79b,0.10332819327179361,0.7413000690407239,2023_03,0.6502434905757475,0.24755244755244973,TARGET,2023-03-21T06:33:00Z,SPLIT_TARGET_TARGET,13cb3c20c441bfc8f10176e37cc17dccd42a4bbe2e699eadbe22aa3cb8955a10,2023-03-21T06:33:00Z,FIRST_RETEST_FILLED,2023-03-21T06:20:00Z,2023-03-21T06:12:00Z,1982.18,True,True,INITIAL_CONFIRMATION_TARGET,03986b49b7c4755917933a609d2bac055fa56271b2ddc5508319d40dfb0083f0,977fbccb8d346c89d51c4365ca081851ad77b70b51a97d5b807027bafdc822ef,1979.08425,2.315000000000022,0.11575000000000112,,M15_LATEST_CONFIRMED_OPPOSING_SWING_ELSE_CONTROL,True,abbd32dba9e6c132825d48fae305981539d0083f70dc12d1ba792de5e8b25707,2023-03-21T06:00:00Z,1979.2,1984.34,8ab0887e7db8241ff4d3650932e07710928e382808a1d6c6b64e546256dba1f2
c7bb4525d30386b2fe4bfeae2e620bdb6d097178840a79bd9bce0bd02b0543cd,1982.18,2023-03-21T06:05:00Z,57f4ad338ed250d8fdd724771a0159f3aebc2509ab32d53c3268fa34fa09a02c,2023-03-21T06:05:00Z,1982.57,1975.42,2023-04-01T00:00:00Z,2023-03-21T06:00:00Z,0.05398063474984807,LONG,1.0,15.07665411511489,CONTROL_V2_FILLED_STOP,2023-03-21T06:05:00Z,CONFIRMED_25_75_RETEST_SPLIT,1982.57,True,ffbc4ea51935a87ae4be8eae273b1fcbdc941dc864c9b59373b27d76fd6f698d,0.0486551909628806,0.3438474986552038,2023_03,0.3015330823022978,0.24755244755244973,TARGET,2023-03-21T06:33:00Z,SPLIT_TARGET_TARGET,393eba4a01f480f739f16c93c1262e86c229ca12ebb827f36ce4c32376e919fc,2023-03-21T06:33:00Z,FIRST_RETEST_FILLED,2023-03-21T06:20:00Z,2023-03-21T06:12:00Z,1982.18,True,True,INITIAL_CONFIRMATION_TARGET,9a6d31877de0907a00b0f34b91557caf99a08e09000829497fe16a61a6b87e29,977fbccb8d346c89d51c4365ca081851ad77b70b51a97d5b807027bafdc822ef,1975.42,7.983571428571395,0.3991785714285698,NOT_STRICTLY_CLOSER_THAN_CONTROL,H1_SOURCE_SWING_BUFFERED_ELSE_CONTROL,False,977fbccb8d346c89d51c4365ca081851ad77b70b51a97d5b807027bafdc822ef,2023-03-21T06:00:00Z,1975.42,1984.34,8ab0887e7db8241ff4d3650932e07710928e382808a1d6c6b64e546256dba1f2
9675ec304f2ca9e76e7a231a42599f805d726cb68f3eeb9e721d6b8f18b40680,1980.02,2023-03-21T09:20:00Z,860b8391977bd5ff80ea1850ba9d458a691a7c2151dac2b8095b3c43a9fc6865,2023-03-21T09:20:00Z,1979.04,1985.15,2023-04-01T00:00:00Z,2023-03-21T09:00:00Z,0.0,SHORT,1.0,29.623567921438752,CONTROL_V2_FILLED_STOP,2023-03-21T09:20:00Z,CONTROL_NEXT_M1_OPEN,1979.04,True,d2a9201d94ebf552db56f9940f61e8670d3f9fb5deb9d31084b744a27e3da31b,0.1260229132569502,0.736497545008168,2023_03,0.5924713584287751,0.5924713584287751,TARGET,2023-03-21T09:31:00Z,TARGET,4c5aaa661a76331c95d9c9e71c1d923f7517121ea6d050a932d8e079cc1fd124,2023-03-21T09:31:00Z,TARGET_BEFORE_RETEST,2023-03-21T09:35:00Z,,1980.02,False,False,INITIAL_CONFIRMATION_TARGET,da2400dd4fd3eae44f24e215585337a3bf364975dbf36a365c1f05c875798c63,38051388a11e70cf96db19987b17610375b491ad619ce4085da03802eb2768e6,1985.15,,,,CONTROL_V2_FILLED_STOP,False,,2023-03-21T09:20:00Z,1985.15,1975.42,6d007c0e5b38b6936d0e1b2b327e703609f44107c0c42adfcfe613943832251f
9675ec304f2ca9e76e7a231a42599f805d726cb68f3eeb9e721d6b8f18b40680,1980.02,2023-03-21T09:20:00Z,860b8391977bd5ff80ea1850ba9d458a691a7c2151dac2b8095b3c43a9fc6865,2023-03-21T09:20:00Z,1979.04,1985.15,2023-04-01T00:00:00Z,2023-03-21T09:00:00Z,0.25142876562516836,SHORT,0.7020633621697434,42.19500620269717,M5_LATEST_CONFIRMED_OPPOSING_SWING_ELSE_CONTROL,2023-03-21T09:20:00Z,CONTROL_NEXT_M1_OPEN,1979.04,True,e8f3f4b7fafb8924aba508bb7de474f268bd389b6f5bb685746976c78e766d0c,0.17950361754738692,1.0490471155367016,2023_03,0.8439001240539434,0.5924713584287751,TARGET,2023-03-21T09:31:00Z,TARGET,6b225e60e3bfb2fdddff1796801ac9aca3ca65bdca213c23345410e26d0c8a63,2023-03-21T09:31:00Z,TARGET_BEFORE_RETEST,2023-03-21T09:35:00Z,,1980.02,False,False,INITIAL_CONFIRMATION_TARGET,a9cc73dbf258fe23b032b440fc3e462af2b59bb755945adb9e0ccdc6d666ad9c,38051388a11e70cf96db19987b17610375b491ad619ce4085da03802eb2768e6,1983.3296071428572,1.192142857142861,0.05960714285714305,,M5_LATEST_CONFIRMED_OPPOSING_SWING_ELSE_CONTROL,True,2370877da9d98ae16e9172a92568c5e7a930ce195a6b19e19b33f00a55e0766c,2023-03-21T09:15:00Z,1983.27,1975.42,6d007c0e5b38b6936d0e1b2b327e703609f44107c0c42adfcfe613943832251f
9675ec304f2ca9e76e7a231a42599f805d726cb68f3eeb9e721d6b8f18b40680,1980.02,2023-03-21T09:20:00Z,860b8391977bd5ff80ea1850ba9d458a691a7c2151dac2b8095b3c43a9fc6865,2023-03-21T09:20:00Z,1979.04,1985.15,2023-04-01T00:00:00Z,2023-03-21T09:00:00Z,0.4461915782327861,SHORT,0.5704173486088553,51.933146833078055,M15_LATEST_CONFIRMED_OPPOSING_SWING_ELSE_CONTROL,2023-03-21T09:20:00Z,CONTROL_NEXT_M1_OPEN,1979.04,True,76a268cae673c0140655e638337af7c9b5237c4e68beeb42a7031ec97fb565cb,0.2209310666379578,1.291155584247836,2023_03,1.0386629366615612,0.5924713584287751,TARGET,2023-03-21T09:31:00Z,TARGET,544dafb278bbad5df6bfc5ab32c6f08b9f7f377459e071ef54d49d00019648d2,2023-03-21T09:31:00Z,TARGET_BEFORE_RETEST,2023-03-21T09:35:00Z,,1980.02,False,False,INITIAL_CONFIRMATION_TARGET,0d4b475de04c679e310b2482a4c1dbb3d25b5396d5f8888fc7aebdb7b1b1f7b3,38051388a11e70cf96db19987b17610375b491ad619ce4085da03802eb2768e6,1982.5252500000001,1.7050000000000085,0.08525000000000044,,M15_LATEST_CONFIRMED_OPPOSING_SWING_ELSE_CONTROL,True,10bba228768ac5c7e229fbc4f2122e2f077c21e0d81bfc5ba5a7e4ce76070310,2023-03-21T08:45:00Z,1982.44,1975.42,6d007c0e5b38b6936d0e1b2b327e703609f44107c0c42adfcfe613943832251f
9675ec304f2ca9e76e7a231a42599f805d726cb68f3eeb9e721d6b8f18b40680,1980.02,2023-03-21T09:20:00Z,860b8391977bd5ff80ea1850ba9d458a691a7c2151dac2b8095b3c43a9fc6865,2023-03-21T09:20:00Z,1979.04,1985.15,2023-04-01T00:00:00Z,2023-03-21T09:00:00Z,0.0,SHORT,1.0,29.623567921438752,CONTROL_V2_FILLED_STOP,2023-03-21T09:20:00Z,CONTROL_NEXT_M1_OPEN,1979.04,True,f973a8c89e2f233de73ddf7fb9b03bfbe4b8a349f9c031bdc968522b7535f4fc,0.1260229132569502,0.736497545008168,2023_03,0.5924713584287751,0.5924713584287751,TARGET,2023-03-21T09:31:00Z,TARGET,0ac4e814f49fc9c717f64b360a709f4bb5db8798758a3bc43a531860af4f688d,2023-03-21T09:31:00Z,TARGET_BEFORE_RETEST,2023-03-21T09:35:00Z,,1980.02,False,False,INITIAL_CONFIRMATION_TARGET,a8b099141148801698ecdbd1857a85e4520d97d33ad3d90a51b8dec17bb40123,38051388a11e70cf96db19987b17610375b491ad619ce4085da03802eb2768e6,1985.15,6.074285714285695,0.30371428571428477,NOT_STRICTLY_CLOSER_THAN_CONTROL,H1_SOURCE_SWING_BUFFERED_ELSE_CONTROL,False,38051388a11e70cf96db19987b17610375b491ad619ce4085da03802eb2768e6,2023-03-21T09:00:00Z,1985.15,1975.42,6d007c0e5b38b6936d0e1b2b327e703609f44107c0c42adfcfe613943832251f
9675ec304f2ca9e76e7a231a42599f805d726cb68f3eeb9e721d6b8f18b40680,1980.02,2023-03-21T09:20:00Z,860b8391977bd5ff80ea1850ba9d458a691a7c2151dac2b8095b3c43a9fc6865,2023-03-21T09:20:00Z,1979.04,1985.15,2023-04-01T00:00:00Z,2023-03-21T09:00:00Z,-0.5924713584287751,SHORT,1.0,0.0,CONTROL_V2_FILLED_STOP,,M5_BROKEN_CONTROL_FIRST_RETEST,,False,d2a9201d94ebf552db56f9940f61e8670d3f9fb5deb9d31084b744a27e3da31b,,,2023_03,0.0,0.5924713584287751,TARGET,2023-03-21T09:31:00Z,NO_FILL,5b086b23d3f938bfd5bd5e1970821f45017e1519313f8e7ad1ebd60692ad967d,,TARGET_BEFORE_RETEST,2023-03-21T09:35:00Z,,1980.02,False,False,INITIAL_CONFIRMATION_TARGET,f49408e060a2f0304023e37db89d79eac13c3e11188a5d8cf22529e960056af4,38051388a11e70cf96db19987b17610375b491ad619ce4085da03802eb2768e6,1985.15,,,,CONTROL_V2_FILLED_STOP,False,,2023-03-21T09:20:00Z,1985.15,1975.42,6d007c0e5b38b6936d0e1b2b327e703609f44107c0c42adfcfe613943832251f
9675ec304f2ca9e76e7a231a42599f805d726cb68f3eeb9e721d6b8f18b40680,1980.02,2023-03-21T09:20:00Z,860b8391977bd5ff80ea1850ba9d458a691a7c2151dac2b8095b3c43a9fc6865,2023-03-21T09:20:00Z,1979.04,1985.15,2023-04-01T00:00:00Z,2023-03-21T09:00:00Z,-0.5924713584287751,SHORT,0.7020633621697434,0.0,M5_LATEST_CONFIRMED_OPPOSING_SWING_ELSE_CONTROL,,M5_BROKEN_CONTROL_FIRST_RETEST,,False,e8f3f4b7fafb8924aba508bb7de474f268bd389b6f5bb685746976c78e766d0c,,,2023_03,0.0,0.5924713584287751,TARGET,2023-03-21T09:31:00Z,NO_FILL,8bedbe2ac1d2a88d4a3564f022fb4c1bb879424a19450c5cec5eb7672b097734,,TARGET_BEFORE_RETEST,2023-03-21T09:35:00Z,,1980.02,False,False,INITIAL_CONFIRMATION_TARGET,71db4d759574306c79ed506b2407265a702f6e6277b707e1c12b27c275140fcb,38051388a11e70cf96db19987b17610375b491ad619ce4085da03802eb2768e6,1983.3296071428572,1.192142857142861,0.05960714285714305,,M5_LATEST_CONFIRMED_OPPOSING_SWING_ELSE_CONTROL,True,2370877da9d98ae16e9172a92568c5e7a930ce195a6b19e19b33f00a55e0766c,2023-03-21T09:15:00Z,1983.27,1975.42,6d007c0e5b38b6936d0e1b2b327e703609f44107c0c42adfcfe613943832251f
9675ec304f2ca9e76e7a231a42599f805d726cb68f3eeb9e721d6b8f18b40680,1980.02,2023-03-21T09:20:00Z,860b8391977bd5ff80ea1850ba9d458a691a7c2151dac2b8095b3c43a9fc6865,2023-03-21T09:20:00Z,1979.04,1985.15,2023-04-01T00:00:00Z,2023-03-21T09:00:00Z,-0.5924713584287751,SHORT,0.5704173486088553,0.0,M15_LATEST_CONFIRMED_OPPOSING_SWING_ELSE_CONTROL,,M5_BROKEN_CONTROL_FIRST_RETEST,,False,76a268cae673c0140655e638337af7c9b5237c4e68beeb42a7031ec97fb565cb,,,2023_03,0.0,0.5924713584287751,TARGET,2023-03-21T09:31:00Z,NO_FILL,2b226dda345ad1805f7ead1783eee619dc3aeb149ba2f5bc0f3c95f4d1b51cdc,,TARGET_BEFORE_RETEST,2023-03-21T09:35:00Z,,1980.02,False,False,INITIAL_CONFIRMATION_TARGET,4a78c968ff3714d351775b17b187e75e668224b72b781224371b46209e87f90e,38051388a11e70cf96db19987b17610375b491ad619ce4085da03802eb2768e6,1982.5252500000001,1.7050000000000085,0.08525000000000044,,M15_LATEST_CONFIRMED_OPPOSING_SWING_ELSE_CONTROL,True,10bba228768ac5c7e229fbc4f2122e2f077c21e0d81bfc5ba5a7e4ce76070310,2023-03-21T08:45:00Z,1982.44,1975.42,6d007c0e5b38b6936d0e1b2b327e703609f44107c0c42adfcfe613943832251f
9675ec304f2ca9e76e7a231a42599f805d726cb68f3eeb9e721d6b8f18b40680,1980.02,2023-03-21T09:20:00Z,860b8391977bd5ff80ea1850ba9d458a691a7c2151dac2b8095b3c43a9fc6865,2023-03-21T09:20:00Z,1979.04,1985.15,2023-04-01T00:00:00Z,2023-03-21T09:00:00Z,-0.5924713584287751,SHORT,1.0,0.0,CONTROL_V2_FILLED_STOP,,M5_BROKEN_CONTROL_FIRST_RETEST,,False,f973a8c89e2f233de73ddf7fb9b03bfbe4b8a349f9c031bdc968522b7535f4fc,,,2023_03,0.0,0.5924713584287751,TARGET,2023-03-21T09:31:00Z,NO_FILL,d4982bd1ba0995f26e4b46eb3e1b418e8aa06e86c590df796e55b1775dce117e,,TARGET_BEFORE_RETEST,2023-03-21T09:35:00Z,,1980.02,False,False,INITIAL_CONFIRMATION_TARGET,0c2b84717011ded6eca28da773c6dd99a990aa6ee866c14d6452aba75fdb33ca,38051388a11e70cf96db19987b17610375b491ad619ce4085da03802eb2768e6,1985.15,6.074285714285695,0.30371428571428477,NOT_STRICTLY_CLOSER_THAN_CONTROL,H1_SOURCE_SWING_BUFFERED_ELSE_CONTROL,False,38051388a11e70cf96db19987b17610375b491ad619ce4085da03802eb2768e6,2023-03-21T09:00:00Z,1985.15,1975.42,6d007c0e5b38b6936d0e1b2b327e703609f44107c0c42adfcfe613943832251f
9675ec304f2ca9e76e7a231a42599f805d726cb68f3eeb9e721d6b8f18b40680,1980.02,2023-03-21T09:20:00Z,860b8391977bd5ff80ea1850ba9d458a691a7c2151dac2b8095b3c43a9fc6865,2023-03-21T09:20:00Z,1979.04,1985.15,2023-04-01T00:00:00Z,2023-03-21T09:00:00Z,-0.4443535188215813,SHORT,1.0,7.405891980359688,CONTROL_V2_FILLED_STOP,2023-03-21T09:20:00Z,CONFIRMED_25_75_RETEST_SPLIT,1979.04,True,d2a9201d94ebf552db56f9940f61e8670d3f9fb5deb9d31084b744a27e3da31b,0.03150572831423755,0.184124386252042,2023_03,0.14811783960719377,0.5924713584287751,TARGET,2023-03-21T09:31:00Z,SPLIT_CONTROL_TARGET_NO_RETEST,540cff93be96ea53c7add11e27d65598e58104ed0edf7b73fa0a326ac169aa6e,2023-03-21T09:31:00Z,TARGET_BEFORE_RETEST,2023-03-21T09:35:00Z,,1980.02,False,False,INITIAL_CONFIRMATION_TARGET,db135df31c82c77713af87c9b0affdf26ebb1c04099a10a277e3448a6049d430,38051388a11e70cf96db19987b17610375b491ad619ce4085da03802eb2768e6,1985.15,,,,CONTROL_V2_FILLED_STOP,False,,2023-03-21T09:20:00Z,1985.15,1975.42,6d007c0e5b38b6936d0e1b2b327e703609f44107c0c42adfcfe613943832251f
9675ec304f2ca9e76e7a231a42599f805d726cb68f3eeb9e721d6b8f18b40680,1980.02,2023-03-21T09:20:00Z,860b8391977bd5ff80ea1850ba9d458a691a7c2151dac2b8095b3c43a9fc6865,2023-03-21T09:20:00Z,1979.04,1985.15,2023-04-01T00:00:00Z,2023-03-21T09:00:00Z,-0.3814963274152892,SHORT,0.7020633621697434,10.548751550674293,M5_LATEST_CONFIRMED_OPPOSING_SWING_ELSE_CONTROL,2023-03-21T09:20:00Z,CONFIRMED_25_75_RETEST_SPLIT,1979.04,True,e8f3f4b7fafb8924aba508bb7de474f268bd389b6f5bb685746976c78e766d0c,0.04487590438684673,0.2622617788841754,2023_03,0.21097503101348586,0.5924713584287751,TARGET,2023-03-21T09:31:00Z,SPLIT_CONTROL_TARGET_NO_RETEST,cc91a034062c6fc187bd19d6eb1c366e325aa17e7a3b43b5de042f488d1fff36,2023-03-21T09:31:00Z,TARGET_BEFORE_RETEST,2023-03-21T09:35:00Z,,1980.02,False,False,INITIAL_CONFIRMATION_TARGET,78821c8f317f48ed2d07ad3b381dd3ef614fb23fa18d202c6ad15d122aa395ae,38051388a11e70cf96db19987b17610375b491ad619ce4085da03802eb2768e6,1983.3296071428572,1.192142857142861,0.05960714285714305,,M5_LATEST_CONFIRMED_OPPOSING_SWING_ELSE_CONTROL,True,2370877da9d98ae16e9172a92568c5e7a930ce195a6b19e19b33f00a55e0766c,2023-03-21T09:15:00Z,1983.27,1975.42,6d007c0e5b38b6936d0e1b2b327e703609f44107c0c42adfcfe613943832251f
9675ec304f2ca9e76e7a231a42599f805d726cb68f3eeb9e721d6b8f18b40680,1980.02,2023-03-21T09:20:00Z,860b8391977bd5ff80ea1850ba9d458a691a7c2151dac2b8095b3c43a9fc6865,2023-03-21T09:20:00Z,1979.04,1985.15,2023-04-01T00:00:00Z,2023-03-21T09:00:00Z,-0.3328056242633848,SHORT,0.5704173486088553,12.983286708269514,M15_LATEST_CONFIRMED_OPPOSING_SWING_ELSE_CONTROL,2023-03-21T09:20:00Z,CONFIRMED_25_75_RETEST_SPLIT,1979.04,True,76a268cae673c0140655e638337af7c9b5237c4e68beeb42a7031ec97fb565cb,0.05523276665948945,0.322788896061959,2023_03,0.2596657341653903,0.5924713584287751,TARGET,2023-03-21T09:31:00Z,SPLIT_CONTROL_TARGET_NO_RETEST,6c0060ace6b0b89d0d005b2683276e3ff86a5903fbb4b2136201dff7170a64f3,2023-03-21T09:31:00Z,TARGET_BEFORE_RETEST,2023-03-21T09:35:00Z,,1980.02,False,False,INITIAL_CONFIRMATION_TARGET,a27157c260dfc474c5cd4fce4599b17899f42aa1a75c4490c3a4a76c78a55d58,38051388a11e70cf96db19987b17610375b491ad619ce4085da03802eb2768e6,1982.5252500000001,1.7050000000000085,0.08525000000000044,,M15_LATEST_CONFIRMED_OPPOSING_SWING_ELSE_CONTROL,True,10bba228768ac5c7e229fbc4f2122e2f077c21e0d81bfc5ba5a7e4ce76070310,2023-03-21T08:45:00Z,1982.44,1975.42,6d007c0e5b38b6936d0e1b2b327e703609f44107c0c42adfcfe613943832251f
9675ec304f2ca9e76e7a231a42599f805d726cb68f3eeb9e721d6b8f18b40680,1980.02,2023-03-21T09:20:00Z,860b8391977bd5ff80ea1850ba9d458a691a7c2151dac2b8095b3c43a9fc6865,2023-03-21T09:20:00Z,1979.04,1985.15,2023-04-01T00:00:00Z,2023-03-21T09:00:00Z,-0.4443535188215813,SHORT,1.0,7.405891980359688,CONTROL_V2_FILLED_STOP,2023-03-21T09:20:00Z,CONFIRMED_25_75_RETEST_SPLIT,1979.04,True,f973a8c89e2f233de73ddf7fb9b03bfbe4b8a349f9c031bdc968522b7535f4fc,0.03150572831423755,0.184124386252042,2023_03,0.14811783960719377,0.5924713584287751,TARGET,2023-03-21T09:31:00Z,SPLIT_CONTROL_TARGET_NO_RETEST,e57b31cb9c4e4849ead0b5b214c4657cab65403292691615070edf30680c9005,2023-03-21T09:31:00Z,TARGET_BEFORE_RETEST,2023-03-21T09:35:00Z,,1980.02,False,False,INITIAL_CONFIRMATION_TARGET,7e1bcefc7443e58f8934afc06de82ab99f3ad7bd924a30d56af3cf64bc79fe5c,38051388a11e70cf96db19987b17610375b491ad619ce4085da03802eb2768e6,1985.15,6.074285714285695,0.30371428571428477,NOT_STRICTLY_CLOSER_THAN_CONTROL,H1_SOURCE_SWING_BUFFERED_ELSE_CONTROL,False,38051388a11e70cf96db19987b17610375b491ad619ce4085da03802eb2768e6,2023-03-21T09:00:00Z,1985.15,1975.42,6d007c0e5b38b6936d0e1b2b327e703609f44107c0c42adfcfe613943832251f
6432a2b197c7f58d21c0a4d55fb2eb924618dc1da323d93d6d36f5db4615ca67,1979.2,2023-03-21T09:20:00Z,860b8391977bd5ff80ea1850ba9d458a691a7c2151dac2b8095b3c43a9fc6865,2023-03-21T09:20:00Z,1979.04,1985.17,2023-04-01T00:00:00Z,2023-03-21T04:00:00Z,0.0,SHORT,1.0,107.34094616639167,CONTROL_V2_FILLED_STOP,2023-03-21T09:20:00Z,CONTROL_NEXT_M1_OPEN,1979.04,True,ab19962c7969a46c9dcf318accb800296e58c59c24ada4988bcf4d230e7d264f,0.12561174551386103,2.3752039151712374,2023_03,2.1468189233278334,2.1468189233278334,TARGET,2023-03-21T11:06:00Z,TARGET,926be611d7eeb2c1116db079c67d2d835b2a63c6b6968e0784760a78ce22a734,2023-03-21T11:06:00Z,FIRST_RETEST_FILLED,2023-03-21T09:35:00Z,2023-03-21T09:24:00Z,1979.2,True,False,RECLAIM_CONFIRMATION_TARGET,1a4741051321de6384da3c9ece0e305067e1b70aa2890fd524c8e5be8c6b81e5,673b8587054db54b1089727d35100565e16cdfc61d774757ed3ab9c374f51b96,1985.17,,,,CONTROL_V2_FILLED_STOP,False,,2023-03-21T09:20:00Z,1985.17,1965.88,80716c4954ff36ddd1bf484278a45a468551015c8e4e50adc408e5dc19af7e7a
6432a2b197c7f58d21c0a4d55fb2eb924618dc1da323d93d6d36f5db4615ca67,1979.2,2023-03-21T09:20:00Z,860b8391977bd5ff80ea1850ba9d458a691a7c2151dac2b8095b3c43a9fc6865,2023-03-21T09:20:00Z,1979.04,1985.17,2023-04-01T00:00:00Z,2023-03-21T04:00:00Z,0.9210610856639088,SHORT,0.6997727802377072,153.3940004495871,M5_LATEST_CONFIRMED_OPPOSING_SWING_ELSE_CONTROL,2023-03-21T09:20:00Z,CONTROL_NEXT_M1_OPEN,1979.04,True,b2a9e91e4209e5740363ca5feb7e9cc5f6d0246b4878a379b18bc9d5a46ffba5,0.17950361754738692,3.3942502227142928,2023_03,3.067880008991742,2.1468189233278334,TARGET,2023-03-21T11:06:00Z,TARGET,269076f32b9c8212812e2f467f7a183da85875502fb87bd4b3af5431c29e9f60,2023-03-21T11:06:00Z,FIRST_RETEST_FILLED,2023-03-21T09:35:00Z,2023-03-21T09:24:00Z,1979.2,True,False,RECLAIM_CONFIRMATION_TARGET,a19014f71cf91ddca7c99642c9cfc515e06e8865b307856d10f7b3a2e3b4cacf,673b8587054db54b1089727d35100565e16cdfc61d774757ed3ab9c374f51b96,1983.3296071428572,1.192142857142861,0.05960714285714305,,M5_LATEST_CONFIRMED_OPPOSING_SWING_ELSE_CONTROL,True,2370877da9d98ae16e9172a92568c5e7a930ce195a6b19e19b33f00a55e0766c,2023-03-21T09:15:00Z,1983.27,1965.88,80716c4954ff36ddd1bf484278a45a468551015c8e4e50adc408e5dc19af7e7a
6432a2b197c7f58d21c0a4d55fb2eb924618dc1da323d93d6d36f5db4615ca67,1979.2,2023-03-21T09:20:00Z,860b8391977bd5ff80ea1850ba9d458a691a7c2151dac2b8095b3c43a9fc6865,2023-03-21T09:20:00Z,1979.04,1985.17,2023-04-01T00:00:00Z,2023-03-21T04:00:00Z,1.6290938519391291,SHORT,0.5685562805872947,188.79563876334814,M15_LATEST_CONFIRMED_OPPOSING_SWING_ELSE_CONTROL,2023-03-21T09:20:00Z,CONTROL_NEXT_M1_OPEN,1979.04,True,5b52a7f2590a030ec6c19e703d07f45405bbdf7cdaf0717f6ede393dd6d80311,0.2209310666379578,4.177605623699649,2023_03,3.7759127752669626,2.1468189233278334,TARGET,2023-03-21T11:06:00Z,TARGET,6c174ce3007e72cf0d3edbd1cff519b46526f279f4402f7a94723eb2dd8a082b,2023-03-21T11:06:00Z,FIRST_RETEST_FILLED,2023-03-21T09:35:00Z,2023-03-21T09:24:00Z,1979.2,True,False,RECLAIM_CONFIRMATION_TARGET,1c6f1c9cb49b560410d02cf5b4cd626fb372d915e1f1499f1733bddedc6764e8,673b8587054db54b1089727d35100565e16cdfc61d774757ed3ab9c374f51b96,1982.5252500000001,1.7050000000000085,0.08525000000000044,,M15_LATEST_CONFIRMED_OPPOSING_SWING_ELSE_CONTROL,True,10bba228768ac5c7e229fbc4f2122e2f077c21e0d81bfc5ba5a7e4ce76070310,2023-03-21T08:45:00Z,1982.44,1965.88,80716c4954ff36ddd1bf484278a45a468551015c8e4e50adc408e5dc19af7e7a
6432a2b197c7f58d21c0a4d55fb2eb924618dc1da323d93d6d36f5db4615ca67,1979.2,2023-03-21T09:20:00Z,860b8391977bd5ff80ea1850ba9d458a691a7c2151dac2b8095b3c43a9fc6865,2023-03-21T09:20:00Z,1979.04,1985.17,2023-04-01T00:00:00Z,2023-03-21T04:00:00Z,0.2016234363315843,SHORT,0.9141458867396581,117.42211798297089,H1_SOURCE_SWING_BUFFERED_ELSE_CONTROL,2023-03-21T09:20:00Z,CONTROL_NEXT_M1_OPEN,1979.04,True,982cf2777a1bbd07f2a4165e52f3a9705405287a8bdfcc4e8fd32eb9d0e5291f,0.1374088614694323,2.5982766532402257,2023_03,2.3484423596594177,2.1468189233278334,TARGET,2023-03-21T11:06:00Z,TARGET,be469255a9e09ddd2e24cf1850498688dfaeaa51bb498c146a77bc7a02c49c9b,2023-03-21T11:06:00Z,FIRST_RETEST_FILLED,2023-03-21T09:35:00Z,2023-03-21T09:24:00Z,1979.2,True,False,RECLAIM_CONFIRMATION_TARGET,29fd218ee78a6a05ea5da53a3c50a04452b413487bf34bede0b93b06b9e1a808,673b8587054db54b1089727d35100565e16cdfc61d774757ed3ab9c374f51b96,1984.6437142857142,6.074285714285695,0.30371428571428477,,H1_SOURCE_SWING_BUFFERED_ELSE_CONTROL,True,673b8587054db54b1089727d35100565e16cdfc61d774757ed3ab9c374f51b96,2023-03-21T04:00:00Z,1984.34,1965.88,80716c4954ff36ddd1bf484278a45a468551015c8e4e50adc408e5dc19af7e7a
6432a2b197c7f58d21c0a4d55fb2eb924618dc1da323d93d6d36f5db4615ca67,1979.2,2023-03-21T09:20:00Z,860b8391977bd5ff80ea1850ba9d458a691a7c2151dac2b8095b3c43a9fc6865,2023-03-21T09:20:00Z,1979.04,1985.17,2023-04-01T00:00:00Z,2023-03-21T04:00:00Z,0.08433685556661796,SHORT,1.0,111.55778894472257,CONTROL_V2_FILLED_STOP,2023-03-21T09:24:00Z,M5_BROKEN_CONTROL_FIRST_RETEST,1979.2,True,ab19962c7969a46c9dcf318accb800296e58c59c24ada4988bcf4d230e7d264f,0.10217755443884374,2.4656616415410317,2023_03,2.2311557788944514,2.1468189233278334,TARGET,2023-03-21T11:06:00Z,TARGET,181bfc72ed4efdb37b080edb81f5a8f87db6289cc111d2065af26f820e14293b,2023-03-21T11:06:00Z,FIRST_RETEST_FILLED,2023-03-21T09:35:00Z,2023-03-21T09:24:00Z,1979.2,True,True,RECLAIM_CONFIRMATION_TARGET,4e138427d2e3e1a2e385055bfc4a7a59f135194489fbdc30dd27eee4d62b77a1,673b8587054db54b1089727d35100565e16cdfc61d774757ed3ab9c374f51b96,1985.17,,,,CONTROL_V2_FILLED_STOP,False,,2023-03-21T09:20:00Z,1985.17,1965.88,80716c4954ff36ddd1bf484278a45a468551015c8e4e50adc408e5dc19af7e7a
6432a2b197c7f58d21c0a4d55fb2eb924618dc1da323d93d6d36f5db4615ca67,1979.2,2023-03-21T09:20:00Z,860b8391977bd5ff80ea1850ba9d458a691a7c2151dac2b8095b3c43a9fc6865,2023-03-21T09:20:00Z,1979.04,1985.17,2023-04-01T00:00:00Z,2023-03-21T04:00:00Z,1.0786694922080486,SHORT,0.6997727802377072,161.2744207767941,M5_LATEST_CONFIRMED_OPPOSING_SWING_ELSE_CONTROL,2023-03-21T09:24:00Z,M5_BROKEN_CONTROL_FIRST_RETEST,1979.2,True,b2a9e91e4209e5740363ca5feb7e9cc5f6d0246b4878a379b18bc9d5a46ffba5,0.14771380881956267,3.564503714466104,2023_03,3.225488415535882,2.1468189233278334,TARGET,2023-03-21T11:06:00Z,TARGET,8c8c3ead014d68c2f870a70e141dbffd08d7d79a7deefdcf686cfd6406c5381d,2023-03-21T11:06:00Z,FIRST_RETEST_FILLED,2023-03-21T09:35:00Z,2023-03-21T09:24:00Z,1979.2,True,True,RECLAIM_CONFIRMATION_TARGET,d51d03d25ccf56611eba100251aa22e3efca06f676227ff25453ec1532b02eb5,673b8587054db54b1089727d35100565e16cdfc61d774757ed3ab9c374f51b96,1983.3296071428572,1.192142857142861,0.05960714285714305,,M5_LATEST_CONFIRMED_OPPOSING_SWING_ELSE_CONTROL,True,2370877da9d98ae16e9172a92568c5e7a930ce195a6b19e19b33f00a55e0766c,2023-03-21T09:15:00Z,1983.27,1965.88,80716c4954ff36ddd1bf484278a45a468551015c8e4e50adc408e5dc19af7e7a
6432a2b197c7f58d21c0a4d55fb2eb924618dc1da323d93d6d36f5db4615ca67,1979.2,2023-03-21T09:20:00Z,860b8391977bd5ff80ea1850ba9d458a691a7c2151dac2b8095b3c43a9fc6865,2023-03-21T09:20:00Z,1979.04,1985.17,2023-04-01T00:00:00Z,2023-03-21T04:00:00Z,1.858894932773076,SHORT,0.5685562805872947,200.28569280504547,M15_LATEST_CONFIRMED_OPPOSING_SWING_ELSE_CONTROL,2023-03-21T09:24:00Z,M5_BROKEN_CONTROL_FIRST_RETEST,1979.2,True,5b52a7f2590a030ec6c19e703d07f45405bbdf7cdaf0717f6ede393dd6d80311,0.1834448537703578,4.426734831967401,2023_03,4.005713856100909,2.1468189233278334,TARGET,2023-03-21T11:06:00Z,TARGET,26834b5d4cf71613dc3ef629b20146419dcc66c5e46754db04e9089816733cb4,2023-03-21T11:06:00Z,FIRST_RETEST_FILLED,2023-03-21T09:35:00Z,2023-03-21T09:24:00Z,1979.2,True,True,RECLAIM_CONFIRMATION_TARGET,6a4c4f8450a34a6ab6ccf6a307cbcb92b578f7513b2bec79ee8ca99bf02e957f,673b8587054db54b1089727d35100565e16cdfc61d774757ed3ab9c374f51b96,1982.5252500000001,1.7050000000000085,0.08525000000000044,,M15_LATEST_CONFIRMED_OPPOSING_SWING_ELSE_CONTROL,True,10bba228768ac5c7e229fbc4f2122e2f077c21e0d81bfc5ba5a7e4ce76070310,2023-03-21T08:45:00Z,1982.44,1965.88,80716c4954ff36ddd1bf484278a45a468551015c8e4e50adc408e5dc19af7e7a
6432a2b197c7f58d21c0a4d55fb2eb924618dc1da323d93d6d36f5db4615ca67,1979.2,2023-03-21T09:20:00Z,860b8391977bd5ff80ea1850ba9d458a691a7c2151dac2b8095b3c43a9fc6865,2023-03-21T09:20:00Z,1979.04,1985.17,2023-04-01T00:00:00Z,2023-03-21T04:00:00Z,0.30003983907185017,SHORT,0.9141458867396581,122.34293811998418,H1_SOURCE_SWING_BUFFERED_ELSE_CONTROL,2023-03-21T09:24:00Z,M5_BROKEN_CONTROL_FIRST_RETEST,1979.2,True,982cf2777a1bbd07f2a4165e52f3a9705405287a8bdfcc4e8fd32eb9d0e5291f,0.1120558442239917,2.704036109799068,2023_03,2.4468587623996836,2.1468189233278334,TARGET,2023-03-21T11:06:00Z,TARGET,d41269e01a5072f09f93da4e265bad1310cb18311fdf3080336e582d16ad9cef,2023-03-21T11:06:00Z,FIRST_RETEST_FILLED,2023-03-21T09:35:00Z,2023-03-21T09:24:00Z,1979.2,True,True,RECLAIM_CONFIRMATION_TARGET,c3c4910e47c492ef3a9a44ce9742f462f23d50a759af35bc940fc1e571f9cff9,673b8587054db54b1089727d35100565e16cdfc61d774757ed3ab9c374f51b96,1984.6437142857142,6.074285714285695,0.30371428571428477,,H1_SOURCE_SWING_BUFFERED_ELSE_CONTROL,True,673b8587054db54b1089727d35100565e16cdfc61d774757ed3ab9c374f51b96,2023-03-21T04:00:00Z,1984.34,1965.88,80716c4954ff36ddd1bf484278a45a468551015c8e4e50adc408e5dc19af7e7a
6432a2b197c7f58d21c0a4d55fb2eb924618dc1da323d93d6d36f5db4615ca67,1979.2,2023-03-21T09:20:00Z,860b8391977bd5ff80ea1850ba9d458a691a7c2151dac2b8095b3c43a9fc6865,2023-03-21T09:20:00Z,1979.04,1985.17,2023-04-01T00:00:00Z,2023-03-21T04:00:00Z,0.06325264167496325,SHORT,1.0,110.50357825013984,CONTROL_V2_FILLED_STOP,2023-03-21T09:20:00Z,CONFIRMED_25_75_RETEST_SPLIT,1979.04,True,ab19962c7969a46c9dcf318accb800296e58c59c24ada4988bcf4d230e7d264f,0.10803610220759807,2.443047209948583,2023_03,2.2100715650027967,2.1468189233278334,TARGET,2023-03-21T11:06:00Z,SPLIT_TARGET_TARGET,2e54dc71d61a834c2eae2e8ccbef2d7de786be985d70e65e83d4eb3b706be989,2023-03-21T11:06:00Z,FIRST_RETEST_FILLED,2023-03-21T09:35:00Z,2023-03-21T09:24:00Z,1979.2,True,True,RECLAIM_CONFIRMATION_TARGET,d123203b2b9a120dc75f72c84277caba449d3e984ebc4c4b7e9dc4e2efacf942,673b8587054db54b1089727d35100565e16cdfc61d774757ed3ab9c374f51b96,1985.17,,,,CONTROL_V2_FILLED_STOP,False,,2023-03-21T09:20:00Z,1985.17,1965.88,80716c4954ff36ddd1bf484278a45a468551015c8e4e50adc408e5dc19af7e7a
6432a2b197c7f58d21c0a4d55fb2eb924618dc1da323d93d6d36f5db4615ca67,1979.2,2023-03-21T09:20:00Z,860b8391977bd5ff80ea1850ba9d458a691a7c2151dac2b8095b3c43a9fc6865,2023-03-21T09:20:00Z,1979.04,1985.17,2023-04-01T00:00:00Z,2023-03-21T04:00:00Z,1.0392673905720136,SHORT,0.6997727802377072,159.30431569499234,M5_LATEST_CONFIRMED_OPPOSING_SWING_ELSE_CONTROL,2023-03-21T09:20:00Z,CONFIRMED_25_75_RETEST_SPLIT,1979.04,True,b2a9e91e4209e5740363ca5feb7e9cc5f6d0246b4878a379b18bc9d5a46ffba5,0.15566126100151872,3.521940341528151,2023_03,3.186086313899847,2.1468189233278334,TARGET,2023-03-21T11:06:00Z,SPLIT_TARGET_TARGET,2965b1a97e4d4097501ca5a8d6414bc5cac661384cd4e04e72d9659757948ba5,2023-03-21T11:06:00Z,FIRST_RETEST_FILLED,2023-03-21T09:35:00Z,2023-03-21T09:24:00Z,1979.2,True,True,RECLAIM_CONFIRMATION_TARGET,dfed4e9575693e2471311ff0d6b991133968408ca99be0ceb44c01e2490b6298,673b8587054db54b1089727d35100565e16cdfc61d774757ed3ab9c374f51b96,1983.3296071428572,1.192142857142861,0.05960714285714305,,M5_LATEST_CONFIRMED_OPPOSING_SWING_ELSE_CONTROL,True,2370877da9d98ae16e9172a92568c5e7a930ce195a6b19e19b33f00a55e0766c,2023-03-21T09:15:00Z,1983.27,1965.88,80716c4954ff36ddd1bf484278a45a468551015c8e4e50adc408e5dc19af7e7a
6432a2b197c7f58d21c0a4d55fb2eb924618dc1da323d93d6d36f5db4615ca67,1979.2,2023-03-21T09:20:00Z,860b8391977bd5ff80ea1850ba9d458a691a7c2151dac2b8095b3c43a9fc6865,2023-03-21T09:20:00Z,1979.04,1985.17,2023-04-01T00:00:00Z,2023-03-21T04:00:00Z,1.801444662564589,SHORT,0.5685562805872947,197.41317929462113,M15_LATEST_CONFIRMED_OPPOSING_SWING_ELSE_CONTROL,2023-03-21T09:20:00Z,CONFIRMED_25_75_RETEST_SPLIT,1979.04,True,5b52a7f2590a030ec6c19e703d07f45405bbdf7cdaf0717f6ede393dd6d80311,0.1928164069872578,4.364452529900463,2023_03,3.9482635858924224,2.1468189233278334,TARGET,2023-03-21T11:06:00Z,SPLIT_TARGET_TARGET,1e65eb9772aed9e60ce84c67f59b0fd1c47ed34441fb1051c1e6e98b926ab2c7,2023-03-21T11:06:00Z,FIRST_RETEST_FILLED,2023-03-21T09:35:00Z,2023-03-21T09:24:00Z,1979.2,True,True,RECLAIM_CONFIRMATION_TARGET,aa66c70af5b5e974030cb35a16043b8cf7abb219ebd3d83b3c8921047b17bbcd,673b8587054db54b1089727d35100565e16cdfc61d774757ed3ab9c374f51b96,1982.5252500000001,1.7050000000000085,0.08525000000000044,,M15_LATEST_CONFIRMED_OPPOSING_SWING_ELSE_CONTROL,True,10bba228768ac5c7e229fbc4f2122e2f077c21e0d81bfc5ba5a7e4ce76070310,2023-03-21T08:45:00Z,1982.44,1965.88,80716c4954ff36ddd1bf484278a45a468551015c8e4e50adc408e5dc19af7e7a
6432a2b197c7f58d21c0a4d55fb2eb924618dc1da323d93d6d36f5db4615ca67,1979.2,2023-03-21T09:20:00Z,860b8391977bd5ff80ea1850ba9d458a691a7c2151dac2b8095b3c43a9fc6865,2023-03-21T09:20:00Z,1979.04,1985.17,2023-04-01T00:00:00Z,2023-03-21T04:00:00Z,0.2754357383867836,SHORT,0.9141458867396581,121.11273308573085,H1_SOURCE_SWING_BUFFERED_ELSE_CONTROL,2023-03-21T09:20:00Z,CONFIRMED_25_75_RETEST_SPLIT,1979.04,True,982cf2777a1bbd07f2a4165e52f3a9705405287a8bdfcc4e8fd32eb9d0e5291f,0.11839409853535185,2.677596245659357,2023_03,2.422254661714617,2.1468189233278334,TARGET,2023-03-21T11:06:00Z,SPLIT_TARGET_TARGET,c582a705f92a5daf3bdaab824eb19a1e48d9d9a8a47c7c318fc7300186b93925,2023-03-21T11:06:00Z,FIRST_RETEST_FILLED,2023-03-21T09:35:00Z,2023-03-21T09:24:00Z,1979.2,True,True,RECLAIM_CONFIRMATION_TARGET,9c79162298a3f00a78f0798ce94b1b1c8d27ea082752969b1646466c51c1fdc3,673b8587054db54b1089727d35100565e16cdfc61d774757ed3ab9c374f51b96,1984.6437142857142,6.074285714285695,0.30371428571428477,,H1_SOURCE_SWING_BUFFERED_ELSE_CONTROL,True,673b8587054db54b1089727d35100565e16cdfc61d774757ed3ab9c374f51b96,2023-03-21T04:00:00Z,1984.34,1965.88,80716c4954ff36ddd1bf484278a45a468551015c8e4e50adc408e5dc19af7e7a
a47bbca8ad430eb52caf870f68686073ad2b3379661d6bea7e3a3580e26829e3,1967.77,2023-03-21T14:05:00Z,d10d9d4aca398bbafdd183f3a2c8981857487866ef0cae08c837f7eb032922ea,2023-03-21T14:05:00Z,1968.26,1963.0,2023-04-01T00:00:00Z,2023-03-21T14:00:00Z,0.0,LONG,1.0,-50.0,CONTROL_V2_FILLED_STOP,2023-03-21T14:05:00Z,CONTROL_NEXT_M1_OPEN,1968.26,True,94acb327d81c667fa9686236f826c595cbdab09d13934eae99e9225d0572dd14,1.1007604562737592,0.21482889733842417,2023_03,-1.0,-1.0,STOP,2023-03-21T15:18:00Z,STOP,f095431de7ca501cdbb3c43d2e031349965fdcb18f146a17a32c2eec772724bb,2023-03-21T15:18:00Z,FIRST_RETEST_FILLED,2023-03-21T14:20:00Z,2023-03-21T14:05:00Z,1967.77,True,False,INITIAL_CONFIRMATION_STOP,8105513d64071fab016fdb997cfd8a25af1047db716153a4079ed51b7bbc7c29,b8481d929502a5eedd53671618e984a327df501ea5a13ba606d74e59c8902f7f,1963.0,,,,CONTROL_V2_FILLED_STOP,False,,2023-03-21T14:05:00Z,1963.0,1985.15,67c5aac4226bd6edfaa7feeaa4033de35a3db66d5c7edcd06b2c195c006abc5b
a47bbca8ad430eb52caf870f68686073ad2b3379661d6bea7e3a3580e26829e3,1967.77,2023-03-21T14:05:00Z,d10d9d4aca398bbafdd183f3a2c8981857487866ef0cae08c837f7eb032922ea,2023-03-21T14:05:00Z,1968.26,1963.0,2023-04-01T00:00:00Z,2023-03-21T14:00:00Z,0.0,LONG,0.7565860945138915,-50.0,M5_LATEST_CONFIRMED_OPPOSING_SWING_ELSE_CONTROL,2023-03-21T14:05:00Z,CONTROL_NEXT_M1_OPEN,1968.26,True,92f0424a5e30fef9b5650e1ba38a2948a724e5dc5f3313e47051eaa8364ecaee,1.070447814771548,0.2839450776272227,2023_03,-1.0,-1.0,STOP,2023-03-21T15:18:00Z,STOP,d8af8f3773ef7ab48d8f799097c53ce986bb92f5888969a2c9b4ee4e692a242a,2023-03-21T15:12:00Z,FIRST_RETEST_FILLED,2023-03-21T14:20:00Z,2023-03-21T14:05:00Z,1967.77,True,False,INITIAL_CONFIRMATION_STOP,6482bcdbbbb1615cfa8bbb2a38b8b8e5ef0438492218e52dccaa6a75722d1dd8,b8481d929502a5eedd53671618e984a327df501ea5a13ba606d74e59c8902f7f,1964.280357142857,1.592857142857172,0.07964285714285861,,M5_LATEST_CONFIRMED_OPPOSING_SWING_ELSE_CONTROL,True,575416a3b0f68d06a37eba99d548e566672d8cb7a365d3005e8e5115a229a783,2023-03-21T13:50:00Z,1964.36,1985.15,67c5aac4226bd6edfaa7feeaa4033de35a3db66d5c7edcd06b2c195c006abc5b
a47bbca8ad430eb52caf870f68686073ad2b3379661d6bea7e3a3580e26829e3,1967.77,2023-03-21T14:05:00Z,d10d9d4aca398bbafdd183f3a2c8981857487866ef0cae08c837f7eb032922ea,2023-03-21T14:05:00Z,1968.26,1963.0,2023-04-01T00:00:00Z,2023-03-21T14:00:00Z,0.0,LONG,0.7369160782183818,-50.0,M15_LATEST_CONFIRMED_OPPOSING_SWING_ELSE_CONTROL,2023-03-21T14:05:00Z,CONTROL_NEXT_M1_OPEN,1968.26,True,dec4b48cff25e49105745e3803d993d35d12d1ddccc218a4654f9ea2fbc6795b,1.09902057438748,0.2915242368680692,2023_03,-1.0,-1.0,STOP,2023-03-21T15:18:00Z,STOP,cccedfc9b435eda8bcb0fe06e5d87fe6ebb307c2fbee37ccc440af547b61fbdb,2023-03-21T15:12:00Z,FIRST_RETEST_FILLED,2023-03-21T14:20:00Z,2023-03-21T14:05:00Z,1967.77,True,False,INITIAL_CONFIRMATION_STOP,af9598f2f1a39ee7c37e67a505060672e3688c4d15393ec85d2e1e8e0e8d892d,b8481d929502a5eedd53671618e984a327df501ea5a13ba606d74e59c8902f7f,1964.3838214285713,3.323571428571443,0.16617857142857217,,M15_LATEST_CONFIRMED_OPPOSING_SWING_ELSE_CONTROL,True,4f30a9f7c8c9f4507157004cc3b44c397d7c00672f7b210fb5eb0653cf03111b,2023-03-21T12:30:00Z,1964.55,1985.15,67c5aac4226bd6edfaa7feeaa4033de35a3db66d5c7edcd06b2c195c006abc5b
a47bbca8ad430eb52caf870f68686073ad2b3379661d6bea7e3a3580e26829e3,1967.77,2023-03-21T14:05:00Z,d10d9d4aca398bbafdd183f3a2c8981857487866ef0cae08c837f7eb032922ea,2023-03-21T14:05:00Z,1968.26,1963.0,2023-04-01T00:00:00Z,2023-03-21T14:00:00Z,0.0,LONG,1.0,-50.0,CONTROL_V2_FILLED_STOP,2023-03-21T14:05:00Z,CONTROL_NEXT_M1_OPEN,1968.26,True,16a4d3cf1b5a7ef9cd283952512fa0555c5debdf5b8cccc48829ab87e6e37c1b,1.1007604562737592,0.21482889733842417,2023_03,-1.0,-1.0,STOP,2023-03-21T15:18:00Z,STOP,852b3b047d8cc1c1c1e72d1a4373975a385a0fe95ad69b0d2f104067e5c97d77,2023-03-21T15:18:00Z,FIRST_RETEST_FILLED,2023-03-21T14:20:00Z,2023-03-21T14:05:00Z,1967.77,True,False,INITIAL_CONFIRMATION_STOP,b61fe3d4a5ec73cfb5d7a74972165c26e22d208d302788515aac7ece71880ab2,b8481d929502a5eedd53671618e984a327df501ea5a13ba606d74e59c8902f7f,1963.0,5.715714285714268,0.2857857142857134,NOT_STRICTLY_CLOSER_THAN_CONTROL,H1_SOURCE_SWING_BUFFERED_ELSE_CONTROL,False,b8481d929502a5eedd53671618e984a327df501ea5a13ba606d74e59c8902f7f,2023-03-21T14:00:00Z,1963.0,1985.15,67c5aac4226bd6edfaa7feeaa4033de35a3db66d5c7edcd06b2c195c006abc5b
a47bbca8ad430eb52caf870f68686073ad2b3379661d6bea7e3a3580e26829e3,1967.77,2023-03-21T14:05:00Z,d10d9d4aca398bbafdd183f3a2c8981857487866ef0cae08c837f7eb032922ea,2023-03-21T14:05:00Z,1968.26,1963.0,2023-04-01T00:00:00Z,2023-03-21T14:00:00Z,0.0,LONG,1.0,-50.0,CONTROL_V2_FILLED_STOP,2023-03-21T14:05:00Z,M5_BROKEN_CONTROL_FIRST_RETEST,1967.77,True,94acb327d81c667fa9686236f826c595cbdab09d13934eae99e9225d0572dd14,1.1111111111111058,0.33962264150946003,2023_03,-1.0,-1.0,STOP,2023-03-21T15:18:00Z,STOP,b8dc5f6461b63bd6feb021c8aac4c6d14bf0796d8b6d5885e115ea7bd3e3a5bd,2023-03-21T15:18:00Z,FIRST_RETEST_FILLED,2023-03-21T14:20:00Z,2023-03-21T14:05:00Z,1967.77,True,True,INITIAL_CONFIRMATION_STOP,a4f4f98788ec5dabacc2f7630e9e158fd02277fd96a4f0218fcdc5a3926eea20,b8481d929502a5eedd53671618e984a327df501ea5a13ba606d74e59c8902f7f,1963.0,,,,CONTROL_V2_FILLED_STOP,False,,2023-03-21T14:05:00Z,1963.0,1985.15,67c5aac4226bd6edfaa7feeaa4033de35a3db66d5c7edcd06b2c195c006abc5b
a47bbca8ad430eb52caf870f68686073ad2b3379661d6bea7e3a3580e26829e3,1967.77,2023-03-21T14:05:00Z,d10d9d4aca398bbafdd183f3a2c8981857487866ef0cae08c837f7eb032922ea,2023-03-21T14:05:00Z,1968.26,1963.0,2023-04-01T00:00:00Z,2023-03-21T14:00:00Z,0.0,LONG,0.7565860945138915,-50.0,M5_LATEST_CONFIRMED_OPPOSING_SWING_ELSE_CONTROL,2023-03-21T14:05:00Z,M5_BROKEN_CONTROL_FIRST_RETEST,1967.77,True,92f0424a5e30fef9b5650e1ba38a2948a724e5dc5f3313e47051eaa8364ecaee,1.0803397809844801,0.4642308873196271,2023_03,-1.0,-1.0,STOP,2023-03-21T15:18:00Z,STOP,8cd0f6049019a00d78038347a87466686bcfe2f0b99a9165ef358bb1f25bb726,2023-03-21T15:12:00Z,FIRST_RETEST_FILLED,2023-03-21T14:20:00Z,2023-03-21T14:05:00Z,1967.77,True,True,INITIAL_CONFIRMATION_STOP,a85ab4db6b96152d4b9d8108aa2bb50d7c1a605c29471d7208cc443ee9f7cdf6,b8481d929502a5eedd53671618e984a327df501ea5a13ba606d74e59c8902f7f,1964.280357142857,1.592857142857172,0.07964285714285861,,M5_LATEST_CONFIRMED_OPPOSING_SWING_ELSE_CONTROL,True,575416a3b0f68d06a37eba99d548e566672d8cb7a365d3005e8e5115a229a783,2023-03-21T13:50:00Z,1964.36,1985.15,67c5aac4226bd6edfaa7feeaa4033de35a3db66d5c7edcd06b2c195c006abc5b
a47bbca8ad430eb52caf870f68686073ad2b3379661d6bea7e3a3580e26829e3,1967.77,2023-03-21T14:05:00Z,d10d9d4aca398bbafdd183f3a2c8981857487866ef0cae08c837f7eb032922ea,2023-03-21T14:05:00Z,1968.26,1963.0,2023-04-01T00:00:00Z,2023-03-21T14:00:00Z,0.0,LONG,0.7369160782183818,-50.0,M15_LATEST_CONFIRMED_OPPOSING_SWING_ELSE_CONTROL,2023-03-21T14:05:00Z,M5_BROKEN_CONTROL_FIRST_RETEST,1967.77,True,dec4b48cff25e49105745e3803d993d35d12d1ddccc218a4654f9ea2fbc6795b,1.1133494352039945,0.4784154071699235,2023_03,-1.0,-1.0,STOP,2023-03-21T15:18:00Z,STOP,bcdefe985b0f259b8307a2ed93afe7cb03c6a980820b4eda224ba01152f779fa,2023-03-21T15:12:00Z,FIRST_RETEST_FILLED,2023-03-21T14:20:00Z,2023-03-21T14:05:00Z,1967.77,True,True,INITIAL_CONFIRMATION_STOP,1b8012c973f7260e1e3eb175a43e55547cd1d47482ee75696d1856e06e16ef3e,b8481d929502a5eedd53671618e984a327df501ea5a13ba606d74e59c8902f7f,1964.3838214285713,3.323571428571443,0.16617857142857217,,M15_LATEST_CONFIRMED_OPPOSING_SWING_ELSE_CONTROL,True,4f30a9f7c8c9f4507157004cc3b44c397d7c00672f7b210fb5eb0653cf03111b,2023-03-21T12:30:00Z,1964.55,1985.15,67c5aac4226bd6edfaa7feeaa4033de35a3db66d5c7edcd06b2c195c006abc5b
a47bbca8ad430eb52caf870f68686073ad2b3379661d6bea7e3a3580e26829e3,1967.77,2023-03-21T14:05:00Z,d10d9d4aca398bbafdd183f3a2c8981857487866ef0cae08c837f7eb032922ea,2023-03-21T14:05:00Z,1968.26,1963.0,2023-04-01T00:00:00Z,2023-03-21T14:00:00Z,0.0,LONG,1.0,-50.0,CONTROL_V2_FILLED_STOP,2023-03-21T14:05:00Z,M5_BROKEN_CONTROL_FIRST_RETEST,1967.77,True,16a4d3cf1b5a7ef9cd283952512fa0555c5debdf5b8cccc48829ab87e6e37c1b,1.1111111111111058,0.33962264150946003,2023_03,-1.0,-1.0,STOP,2023-03-21T15:18:00Z,STOP,a715d4a59c855aed651ab2699472f586d5ca042289a1803763e2abaa31962f00,2023-03-21T15:18:00Z,FIRST_RETEST_FILLED,2023-03-21T14:20:00Z,2023-03-21T14:05:00Z,1967.77,True,True,INITIAL_CONFIRMATION_STOP,d8db427e0e2719c612421a224e43c7cf21d5d8a1fc1e2690e77a61ef3a7f4002,b8481d929502a5eedd53671618e984a327df501ea5a13ba606d74e59c8902f7f,1963.0,5.715714285714268,0.2857857142857134,NOT_STRICTLY_CLOSER_THAN_CONTROL,H1_SOURCE_SWING_BUFFERED_ELSE_CONTROL,False,b8481d929502a5eedd53671618e984a327df501ea5a13ba606d74e59c8902f7f,2023-03-21T14:00:00Z,1963.0,1985.15,67c5aac4226bd6edfaa7feeaa4033de35a3db66d5c7edcd06b2c195c006abc5b
a47bbca8ad430eb52caf870f68686073ad2b3379661d6bea7e3a3580e26829e3,1967.77,2023-03-21T14:05:00Z,d10d9d4aca398bbafdd183f3a2c8981857487866ef0cae08c837f7eb032922ea,2023-03-21T14:05:00Z,1968.26,1963.0,2023-04-01T00:00:00Z,2023-03-21T14:00:00Z,0.0,LONG,1.0,-50.0,CONTROL_V2_FILLED_STOP,2023-03-21T14:05:00Z,CONFIRMED_25_75_RETEST_SPLIT,1968.26,True,94acb327d81c667fa9686236f826c595cbdab09d13934eae99e9225d0572dd14,1.1085234474017691,0.3084242054667011,2023_03,-1.0,-1.0,STOP,2023-03-21T15:18:00Z,SPLIT_STOP_STOP,6d105bf0e9bceb896f9bf494578bfa284c5d69b059582617caddbdf36a259206,2023-03-21T15:18:00Z,FIRST_RETEST_FILLED,2023-03-21T14:20:00Z,2023-03-21T14:05:00Z,1967.77,True,True,INITIAL_CONFIRMATION_STOP,7d33c56264fb3e27fd9ee380c666ba10d87aed561365fb250551df1c55928620,b8481d929502a5eedd53671618e984a327df501ea5a13ba606d74e59c8902f7f,1963.0,,,,CONTROL_V2_FILLED_STOP,False,,2023-03-21T14:05:00Z,1963.0,1985.15,67c5aac4226bd6edfaa7feeaa4033de35a3db66d5c7edcd06b2c195c006abc5b
a47bbca8ad430eb52caf870f68686073ad2b3379661d6bea7e3a3580e26829e3,1967.77,2023-03-21T14:05:00Z,d10d9d4aca398bbafdd183f3a2c8981857487866ef0cae08c837f7eb032922ea,2023-03-21T14:05:00Z,1968.26,1963.0,2023-04-01T00:00:00Z,2023-03-21T14:00:00Z,0.0,LONG,0.7565860945138915,-50.0,M5_LATEST_CONFIRMED_OPPOSING_SWING_ELSE_CONTROL,2023-03-21T14:05:00Z,CONFIRMED_25_75_RETEST_SPLIT,1968.26,True,92f0424a5e30fef9b5650e1ba38a2948a724e5dc5f3313e47051eaa8364ecaee,1.077866789431247,0.419159434896526,2023_03,-1.0,-1.0,STOP,2023-03-21T15:18:00Z,SPLIT_STOP_STOP,319c0b07035676f98997e9ee3e1e04f96a9376a5d804f2e0f9c3929c93013ac1,2023-03-21T15:12:00Z,FIRST_RETEST_FILLED,2023-03-21T14:20:00Z,2023-03-21T14:05:00Z,1967.77,True,True,INITIAL_CONFIRMATION_STOP,543d20e2be76a5ba689340891dfd172d02a75ff50e41cf9e4618a710809f5dd9,b8481d929502a5eedd53671618e984a327df501ea5a13ba606d74e59c8902f7f,1964.280357142857,1.592857142857172,0.07964285714285861,,M5_LATEST_CONFIRMED_OPPOSING_SWING_ELSE_CONTROL,True,575416a3b0f68d06a37eba99d548e566672d8cb7a365d3005e8e5115a229a783,2023-03-21T13:50:00Z,1964.36,1985.15,67c5aac4226bd6edfaa7feeaa4033de35a3db66d5c7edcd06b2c195c006abc5b
a47bbca8ad430eb52caf870f68686073ad2b3379661d6bea7e3a3580e26829e3,1967.77,2023-03-21T14:05:00Z,d10d9d4aca398bbafdd183f3a2c8981857487866ef0cae08c837f7eb032922ea,2023-03-21T14:05:00Z,1968.26,1963.0,2023-04-01T00:00:00Z,2023-03-21T14:00:00Z,0.0,LONG,0.7369160782183818,-50.0,M15_LATEST_CONFIRMED_OPPOSING_SWING_ELSE_CONTROL,2023-03-21T14:05:00Z,CONFIRMED_25_75_RETEST_SPLIT,1968.26,True,dec4b48cff25e49105745e3803d993d35d12d1ddccc218a4654f9ea2fbc6795b,1.1097672199998658,0.4316926145944599,2023_03,-1.0,-1.0,STOP,2023-03-21T15:18:00Z,SPLIT_STOP_STOP,1192ec78418bc415fc11b43a1d5161960a605b617de7046105ae20a692bd6123,2023-03-21T15:12:00Z,FIRST_RETEST_FILLED,2023-03-21T14:20:00Z,2023-03-21T14:05:00Z,1967.77,True,True,INITIAL_CONFIRMATION_STOP,f5fb02c5a669d68572c5077f257733d43da441945a7529d6eaa81c18ee16b653,b8481d929502a5eedd53671618e984a327df501ea5a13ba606d74e59c8902f7f,1964.3838214285713,3.323571428571443,0.16617857142857217,,M15_LATEST_CONFIRMED_OPPOSING_SWING_ELSE_CONTROL,True,4f30a9f7c8c9f4507157004cc3b44c397d7c00672f7b210fb5eb0653cf03111b,2023-03-21T12:30:00Z,1964.55,1985.15,67c5aac4226bd6edfaa7feeaa4033de35a3db66d5c7edcd06b2c195c006abc5b
a47bbca8ad430eb52caf870f68686073ad2b3379661d6bea7e3a3580e26829e3,1967.77,2023-03-21T14:05:00Z,d10d9d4aca398bbafdd183f3a2c8981857487866ef0cae08c837f7eb032922ea,2023-03-21T14:05:00Z,1968.26,1963.0,2023-04-01T00:00:00Z,2023-03-21T14:00:00Z,0.0,LONG,1.0,-50.0,CONTROL_V2_FILLED_STOP,2023-03-21T14:05:00Z,CONFIRMED_25_75_RETEST_SPLIT,1968.26,True,16a4d3cf1b5a7ef9cd283952512fa0555c5debdf5b8cccc48829ab87e6e37c1b,1.1085234474017691,0.3084242054667011,2023_03,-1.0,-1.0,STOP,2023-03-21T15:18:00Z,SPLIT_STOP_STOP,4b8cfb3ddad64c03323f734871ff0dbf232df5045edce09fbeb127bc7503d981,2023-03-21T15:18:00Z,FIRST_RETEST_FILLED,2023-03-21T14:20:00Z,2023-03-21T14:05:00Z,1967.77,True,True,INITIAL_CONFIRMATION_STOP,8ef3ba1138d084612109dbef52cb4a349a0af51f44179a0cc81e12dff57cbe45,b8481d929502a5eedd53671618e984a327df501ea5a13ba606d74e59c8902f7f,1963.0,5.715714285714268,0.2857857142857134,NOT_STRICTLY_CLOSER_THAN_CONTROL,H1_SOURCE_SWING_BUFFERED_ELSE_CONTROL,False,b8481d929502a5eedd53671618e984a327df501ea5a13ba606d74e59c8902f7f,2023-03-21T14:00:00Z,1963.0,1985.15,67c5aac4226bd6edfaa7feeaa4033de35a3db66d5c7edcd06b2c195c006abc5b
cf68e8b82e7aa19b23747a69fb84f5ced27aef161d598ee680912c1986085c13,1943.8,2023-03-22T03:05:00Z,d84c2e6cc9edf3c0b98810f5730507242cfbd239502ca92d2b7819d075d46d2b,2023-03-22T03:05:00Z,1943.98,1935.45,2023-04-01T00:00:00Z,2023-03-22T03:00:00Z,0.0,LONG,1.0,-50.0,CONTROL_V2_FILLED_STOP,2023-03-22T03:05:00Z,CONTROL_NEXT_M1_OPEN,1943.98,True,00ff3950ee340d05916f3ec1c2e882289a8ad07cabc1eefe7e15dc3b9fbfb877,1.1383352872215788,0.267291910902694,2023_03,-1.0,-1.0,STOP,2023-03-22T10:27:00Z,STOP,4328e21e1b49b55ae164e1d5df62727e50565809f45f450945c28b36920d5c90,2023-03-22T10:27:00Z,FIRST_RETEST_FILLED,2023-03-22T03:20:00Z,2023-03-22T03:06:00Z,1943.8,True,False,INITIAL_CONFIRMATION_STOP,704abe2ff7e3d80856c9242bb74f344ef0ee6d2222ccaad26aa3729672190d1f,49bc86f264c6a16bb1740a0d7afb894d1c24816b09a0f98b3250ef8ad452a8aa,1935.45,,,,CONTROL_V2_FILLED_STOP,False,,2023-03-22T03:05:00Z,1935.45,1985.15,81813b2afa16675922350b5a93c6d82d9f5abea63644ff600fe7a50d5cc98a8d
cf68e8b82e7aa19b23747a69fb84f5ced27aef161d598ee680912c1986085c13,1943.8,2023-03-22T03:05:00Z,d84c2e6cc9edf3c0b98810f5730507242cfbd239502ca92d2b7819d075d46d2b,2023-03-22T03:05:00Z,1943.98,1935.45,2023-04-01T00:00:00Z,2023-03-22T03:00:00Z,0.0,LONG,0.35852453525372413,-50.0,M5_LATEST_CONFIRMED_OPPOSING_SWING_ELSE_CONTROL,2023-03-22T03:05:00Z,CONTROL_NEXT_M1_OPEN,1943.98,True,b8f4df1ae131172c96ce3b27c4f0e99475240cf6914b5307a791adbb7b505df7,1.0103935536610829,0.7455331075557612,2023_03,-1.0,-1.0,STOP,2023-03-22T10:27:00Z,STOP,dc7772f761dd0f5e9356d67dfbb6ed52d1e9fe0f740dffa886d88abbed3288c0,2023-03-22T05:03:00Z,FIRST_RETEST_FILLED,2023-03-22T03:20:00Z,2023-03-22T03:06:00Z,1943.8,True,False,INITIAL_CONFIRMATION_STOP,9dd5f0100fc12058a886f36e6c0178896c5e704460ebc0feb493d3da7b09c700,49bc86f264c6a16bb1740a0d7afb894d1c24816b09a0f98b3250ef8ad452a8aa,1940.9217857142858,0.764285714285685,0.03821428571428426,,M5_LATEST_CONFIRMED_OPPOSING_SWING_ELSE_CONTROL,True,65c317c5dd010dcc8f773af42efda6ad0d592864b16c5ffb7a964b840b7b578a,2023-03-22T02:00:00Z,1940.96,1985.15,81813b2afa16675922350b5a93c6d82d9f5abea63644ff600fe7a50d5cc98a8d
cf68e8b82e7aa19b23747a69fb84f5ced27aef161d598ee680912c1986085c13,1943.8,2023-03-22T03:05:00Z,d84c2e6cc9edf3c0b98810f5730507242cfbd239502ca92d2b7819d075d46d2b,2023-03-22T03:05:00Z,1943.98,1935.45,2023-04-01T00:00:00Z,2023-03-22T03:00:00Z,0.0,LONG,1.0,-50.0,CONTROL_V2_FILLED_STOP,2023-03-22T03:05:00Z,CONTROL_NEXT_M1_OPEN,1943.98,True,5e696720e5d58b2ce31493fd3dbfc27f0162418b868c73b4f5664c5c94f10706,1.1383352872215788,0.267291910902694,2023_03,-1.0,-1.0,STOP,2023-03-22T10:27:00Z,STOP,354b18f4f148488699b895b148ef6fc7dab4370806ad4b7b9db8da125a18f830,2023-03-22T10:27:00Z,FIRST_RETEST_FILLED,2023-03-22T03:20:00Z,2023-03-22T03:06:00Z,1943.8,True,False,INITIAL_CONFIRMATION_STOP,c9fb66c9202a9d2ab851c8af6b8d01d72e3c7a12fb483ef0a79c09d14a884fe9,49bc86f264c6a16bb1740a0d7afb894d1c24816b09a0f98b3250ef8ad452a8aa,1935.45,1.5364285714285708,0.07682142857142854,NOT_STRICTLY_CLOSER_THAN_CONTROL,M15_LATEST_CONFIRMED_OPPOSING_SWING_ELSE_CONTROL,False,116eced32dde8f08515a8d9ed83169eb07bde5e30710fb71b16a9ad4c3e5b10f,2023-03-21T22:30:00Z,1935.45,1985.15,81813b2afa16675922350b5a93c6d82d9f5abea63644ff600fe7a50d5cc98a8d
cf68e8b82e7aa19b23747a69fb84f5ced27aef161d598ee680912c1986085c13,1943.8,2023-03-22T03:05:00Z,d84c2e6cc9edf3c0b98810f5730507242cfbd239502ca92d2b7819d075d46d2b,2023-03-22T03:05:00Z,1943.98,1935.45,2023-04-01T00:00:00Z,2023-03-22T03:00:00Z,0.0,LONG,1.0,-50.0,CONTROL_V2_FILLED_STOP,2023-03-22T03:05:00Z,CONTROL_NEXT_M1_OPEN,1943.98,True,2b8ec30ce46b46d7a7bd6a69a4e7de0b981a30ab73e5086844e1fb45aaa87b3e,1.1383352872215788,0.267291910902694,2023_03,-1.0,-1.0,STOP,2023-03-22T10:27:00Z,STOP,c2643bba937d865e6d35be014f42ec9b7782afb49c545b86897a3993f5bca366,2023-03-22T10:27:00Z,FIRST_RETEST_FILLED,2023-03-22T03:20:00Z,2023-03-22T03:06:00Z,1943.8,True,False,INITIAL_CONFIRMATION_STOP,057f2891120dbf8336bda0e1a8d1d65fb56f975c65c997480b4b31a615b2b6a7,49bc86f264c6a16bb1740a0d7afb894d1c24816b09a0f98b3250ef8ad452a8aa,1935.45,7.24857142857143,0.36242857142857154,NOT_STRICTLY_CLOSER_THAN_CONTROL,H1_SOURCE_SWING_BUFFERED_ELSE_CONTROL,False,49bc86f264c6a16bb1740a0d7afb894d1c24816b09a0f98b3250ef8ad452a8aa,2023-03-22T03:00:00Z,1935.45,1985.15,81813b2afa16675922350b5a93c6d82d9f5abea63644ff600fe7a50d5cc98a8d
cf68e8b82e7aa19b23747a69fb84f5ced27aef161d598ee680912c1986085c13,1943.8,2023-03-22T03:05:00Z,d84c2e6cc9edf3c0b98810f5730507242cfbd239502ca92d2b7819d075d46d2b,2023-03-22T03:05:00Z,1943.98,1935.45,2023-04-01T00:00:00Z,2023-03-22T03:00:00Z,0.0,LONG,1.0,-50.0,CONTROL_V2_FILLED_STOP,2023-03-22T03:06:00Z,M5_BROKEN_CONTROL_FIRST_RETEST,1943.8,True,00ff3950ee340d05916f3ec1c2e882289a8ad07cabc1eefe7e15dc3b9fbfb877,1.1413173652694701,0.29461077844312134,2023_03,-1.0,-1.0,STOP,2023-03-22T10:27:00Z,STOP,4d202884833a858b5c581d8d145459012497f42534c8d7b12ce89c787bdcc302,2023-03-22T10:27:00Z,FIRST_RETEST_FILLED,2023-03-22T03:20:00Z,2023-03-22T03:06:00Z,1943.8,True,True,INITIAL_CONFIRMATION_STOP,1eea35b64c3896020473b05ba2eaacea621a36404cd30e8f6a9705098710c2de,49bc86f264c6a16bb1740a0d7afb894d1c24816b09a0f98b3250ef8ad452a8aa,1935.45,,,,CONTROL_V2_FILLED_STOP,False,,2023-03-22T03:05:00Z,1935.45,1985.15,81813b2afa16675922350b5a93c6d82d9f5abea63644ff600fe7a50d5cc98a8d
cf68e8b82e7aa19b23747a69fb84f5ced27aef161d598ee680912c1986085c13,1943.8,2023-03-22T03:05:00Z,d84c2e6cc9edf3c0b98810f5730507242cfbd239502ca92d2b7819d075d46d2b,2023-03-22T03:05:00Z,1943.98,1935.45,2023-04-01T00:00:00Z,2023-03-22T03:00:00Z,0.0,LONG,0.35852453525372413,-50.0,M5_LATEST_CONFIRMED_OPPOSING_SWING_ELSE_CONTROL,2023-03-22T03:06:00Z,M5_BROKEN_CONTROL_FIRST_RETEST,1943.8,True,b8f4df1ae131172c96ce3b27c4f0e99475240cf6914b5307a791adbb7b505df7,1.0110435537907747,0.8546966124829783,2023_03,-1.0,-1.0,STOP,2023-03-22T10:27:00Z,STOP,702cfd4dc58d67bc4e53aac2b8243e1ad374b3c91deeb4d50df6310199127eec,2023-03-22T05:03:00Z,FIRST_RETEST_FILLED,2023-03-22T03:20:00Z,2023-03-22T03:06:00Z,1943.8,True,True,INITIAL_CONFIRMATION_STOP,27aab979e58dee80197706560a8dcacf31fa21b43a83f489584257aa98af4255,49bc86f264c6a16bb1740a0d7afb894d1c24816b09a0f98b3250ef8ad452a8aa,1940.9217857142858,0.764285714285685,0.03821428571428426,,M5_LATEST_CONFIRMED_OPPOSING_SWING_ELSE_CONTROL,True,65c317c5dd010dcc8f773af42efda6ad0d592864b16c5ffb7a964b840b7b578a,2023-03-22T02:00:00Z,1940.96,1985.15,81813b2afa16675922350b5a93c6d82d9f5abea63644ff600fe7a50d5cc98a8d
cf68e8b82e7aa19b23747a69fb84f5ced27aef161d598ee680912c1986085c13,1943.8,2023-03-22T03:05:00Z,d84c2e6cc9edf3c0b98810f5730507242cfbd239502ca92d2b7819d075d46d2b,2023-03-22T03:05:00Z,1943.98,1935.45,2023-04-01T00:00:00Z,2023-03-22T03:00:00Z,0.0,LONG,1.0,-50.0,CONTROL_V2_FILLED_STOP,2023-03-22T03:06:00Z,M5_BROKEN_CONTROL_FIRST_RETEST,1943.8,True,5e696720e5d58b2ce31493fd3dbfc27f0162418b868c73b4f5664c5c94f10706,1.1413173652694701,0.29461077844312134,2023_03,-1.0,-1.0,STOP,2023-03-22T10:27:00Z,STOP,4cbc6b0b420765eabc966cb631f0a8afad59008102636861785f91bbfa8dd1ef,2023-03-22T10:27:00Z,FIRST_RETEST_FILLED,2023-03-22T03:20:00Z,2023-03-22T03:06:00Z,1943.8,True,True,INITIAL_CONFIRMATION_STOP,d10d718c1ea11877d98aac2694d07f22776db0f64cee0cefee5fc4dd0b1da7a2,49bc86f264c6a16bb1740a0d7afb894d1c24816b09a0f98b3250ef8ad452a8aa,1935.45,1.5364285714285708,0.07682142857142854,NOT_STRICTLY_CLOSER_THAN_CONTROL,M15_LATEST_CONFIRMED_OPPOSING_SWING_ELSE_CONTROL,False,116eced32dde8f08515a8d9ed83169eb07bde5e30710fb71b16a9ad4c3e5b10f,2023-03-21T22:30:00Z,1935.45,1985.15,81813b2afa16675922350b5a93c6d82d9f5abea63644ff600fe7a50d5cc98a8d
cf68e8b82e7aa19b23747a69fb84f5ced27aef161d598ee680912c1986085c13,1943.8,2023-03-22T03:05:00Z,d84c2e6cc9edf3c0b98810f5730507242cfbd239502ca92d2b7819d075d46d2b,2023-03-22T03:05:00Z,1943.98,1935.45,2023-04-01T00:00:00Z,2023-03-22T03:00:00Z,0.0,LONG,1.0,-50.0,CONTROL_V2_FILLED_STOP,2023-03-22T03:06:00Z,M5_BROKEN_CONTROL_FIRST_RETEST,1943.8,True,2b8ec30ce46b46d7a7bd6a69a4e7de0b981a30ab73e5086844e1fb45aaa87b3e,1.1413173652694701,0.29461077844312134,2023_03,-1.0,-1.0,STOP,2023-03-22T10:27:00Z,STOP,96bf1b20a3b4c26e3c73260309b67332a25189e41fa895ceef14b6cf7370c21a,2023-03-22T10:27:00Z,FIRST_RETEST_FILLED,2023-03-22T03:20:00Z,2023-03-22T03:06:00Z,1943.8,True,True,INITIAL_CONFIRMATION_STOP,f545946d1a6bd0eb7adfda0addac3a8c7a4ceacc856f0774d5de1082283c254f,49bc86f264c6a16bb1740a0d7afb894d1c24816b09a0f98b3250ef8ad452a8aa,1935.45,7.24857142857143,0.36242857142857154,NOT_STRICTLY_CLOSER_THAN_CONTROL,H1_SOURCE_SWING_BUFFERED_ELSE_CONTROL,False,49bc86f264c6a16bb1740a0d7afb894d1c24816b09a0f98b3250ef8ad452a8aa,2023-03-22T03:00:00Z,1935.45,1985.15,81813b2afa16675922350b5a93c6d82d9f5abea63644ff600fe7a50d5cc98a8d
cf68e8b82e7aa19b23747a69fb84f5ced27aef161d598ee680912c1986085c13,1943.8,2023-03-22T03:05:00Z,d84c2e6cc9edf3c0b98810f5730507242cfbd239502ca92d2b7819d075d46d2b,2023-03-22T03:05:00Z,1943.98,1935.45,2023-04-01T00:00:00Z,2023-03-22T03:00:00Z,0.0,LONG,1.0,-50.0,CONTROL_V2_FILLED_STOP,2023-03-22T03:05:00Z,CONFIRMED_25_75_RETEST_SPLIT,1943.98,True,00ff3950ee340d05916f3ec1c2e882289a8ad07cabc1eefe7e15dc3b9fbfb877,1.1405718457574974,0.28778106155801453,2023_03,-1.0,-1.0,STOP,2023-03-22T10:27:00Z,SPLIT_STOP_STOP,fe4955de212d6570c9e8c7dade3eadfbd8123996a3c7707d07bd39b4285fc8e5,2023-03-22T10:27:00Z,FIRST_RETEST_FILLED,2023-03-22T03:20:00Z,2023-03-22T03:06:00Z,1943.8,True,True,INITIAL_CONFIRMATION_STOP,e5f54b6154308d444fd732840703a186e8e0c9d326bda6e0c4221936e309f80e,49bc86f264c6a16bb1740a0d7afb894d1c24816b09a0f98b3250ef8ad452a8aa,1935.45,,,,CONTROL_V2_FILLED_STOP,False,,2023-03-22T03:05:00Z,1935.45,1985.15,81813b2afa16675922350b5a93c6d82d9f5abea63644ff600fe7a50d5cc98a8d
cf68e8b82e7aa19b23747a69fb84f5ced27aef161d598ee680912c1986085c13,1943.8,2023-03-22T03:05:00Z,d84c2e6cc9edf3c0b98810f5730507242cfbd239502ca92d2b7819d075d46d2b,2023-03-22T03:05:00Z,1943.98,1935.45,2023-04-01T00:00:00Z,2023-03-22T03:00:00Z,0.0,LONG,0.35852453525372413,-50.0,M5_LATEST_CONFIRMED_OPPOSING_SWING_ELSE_CONTROL,2023-03-22T03:05:00Z,CONFIRMED_25_75_RETEST_SPLIT,1943.98,True,b8f4df1ae131172c96ce3b27c4f0e99475240cf6914b5307a791adbb7b505df7,1.0108810537583517,0.8274057362511741,2023_03,-1.0,-1.0,STOP,2023-03-22T10:27:00Z,SPLIT_STOP_STOP,1f0b3d2c3f0e0783af708863fb5bfeac58e2d16ec3df3f6da55038dbd44ab826,2023-03-22T05:03:00Z,FIRST_RETEST_FILLED,2023-03-22T03:20:00Z,2023-03-22T03:06:00Z,1943.8,True,True,INITIAL_CONFIRMATION_STOP,adb9ae976de46a8b8f52737f59659bc4315e3cf52c487df322d109f00b85d1bb,49bc86f264c6a16bb1740a0d7afb894d1c24816b09a0f98b3250ef8ad452a8aa,1940.9217857142858,0.764285714285685,0.03821428571428426,,M5_LATEST_CONFIRMED_OPPOSING_SWING_ELSE_CONTROL,True,65c317c5dd010dcc8f773af42efda6ad0d592864b16c5ffb7a964b840b7b578a,2023-03-22T02:00:00Z,1940.96,1985.15,81813b2afa16675922350b5a93c6d82d9f5abea63644ff600fe7a50d5cc98a8d
cf68e8b82e7aa19b23747a69fb84f5ced27aef161d598ee680912c1986085c13,1943.8,2023-03-22T03:05:00Z,d84c2e6cc9edf3c0b98810f5730507242cfbd239502ca92d2b7819d075d46d2b,2023-03-22T03:05:00Z,1943.98,1935.45,2023-04-01T00:00:00Z,2023-03-22T03:00:00Z,0.0,LONG,1.0,-50.0,CONTROL_V2_FILLED_STOP,2023-03-22T03:05:00Z,CONFIRMED_25_75_RETEST_SPLIT,1943.98,True,5e696720e5d58b2ce31493fd3dbfc27f0162418b868c73b4f5664c5c94f10706,1.1405718457574974,0.28778106155801453,2023_03,-1.0,-1.0,STOP,2023-03-22T10:27:00Z,SPLIT_STOP_STOP,f4c2d3102428b33646027e9459437fb81808155b99e285ede4123eca2194ca27,2023-03-22T10:27:00Z,FIRST_RETEST_FILLED,2023-03-22T03:20:00Z,2023-03-22T03:06:00Z,1943.8,True,True,INITIAL_CONFIRMATION_STOP,34e55b2411281ad179fdae8bad384691b20e93283d4e0cfc9f97f0fb0b21fed2,49bc86f264c6a16bb1740a0d7afb894d1c24816b09a0f98b3250ef8ad452a8aa,1935.45,1.5364285714285708,0.07682142857142854,NOT_STRICTLY_CLOSER_THAN_CONTROL,M15_LATEST_CONFIRMED_OPPOSING_SWING_ELSE_CONTROL,False,116eced32dde8f08515a8d9ed83169eb07bde5e30710fb71b16a9ad4c3e5b10f,2023-03-21T22:30:00Z,1935.45,1985.15,81813b2afa16675922350b5a93c6d82d9f5abea63644ff600fe7a50d5cc98a8d
cf68e8b82e7aa19b23747a69fb84f5ced27aef161d598ee680912c1986085c13,1943.8,2023-03-22T03:05:00Z,d84c2e6cc9edf3c0b98810f5730507242cfbd239502ca92d2b7819d075d46d2b,2023-03-22T03:05:00Z,1943.98,1935.45,2023-04-01T00:00:00Z,2023-03-22T03:00:00Z,0.0,LONG,1.0,-50.0,CONTROL_V2_FILLED_STOP,2023-03-22T03:05:00Z,CONFIRMED_25_75_RETEST_SPLIT,1943.98,True,2b8ec30ce46b46d7a7bd6a69a4e7de0b981a30ab73e5086844e1fb45aaa87b3e,1.1405718457574974,0.28778106155801453,2023_03,-1.0,-1.0,STOP,2023-03-22T10:27:00Z,SPLIT_STOP_STOP,825b84da437a79bb2a1c416662ad7845cdfcf708cfbfb7d92f8b75135254296b,2023-03-22T10:27:00Z,FIRST_RETEST_FILLED,2023-03-22T03:20:00Z,2023-03-22T03:06:00Z,1943.8,True,True,INITIAL_CONFIRMATION_STOP,26e000e70b01178aba859d89f2cbcafd53dbb47bbaeca85ad2b8195d08903a84,49bc86f264c6a16bb1740a0d7afb894d1c24816b09a0f98b3250ef8ad452a8aa,1935.45,7.24857142857143,0.36242857142857154,NOT_STRICTLY_CLOSER_THAN_CONTROL,H1_SOURCE_SWING_BUFFERED_ELSE_CONTROL,False,49bc86f264c6a16bb1740a0d7afb894d1c24816b09a0f98b3250ef8ad452a8aa,2023-03-22T03:00:00Z,1935.45,1985.15,81813b2afa16675922350b5a93c6d82d9f5abea63644ff600fe7a50d5cc98a8d
d5101f59e7d26d55332418e772420b68d7c9d79d0c50301e44e0c441aa0b480a,1940.03,2023-03-22T07:05:00Z,e7f69183ab1c2c6f30ddad5b14c8d3867bb97090448fa914ff608302201aaf0e,2023-03-22T07:05:00Z,1938.56,1946.26,2023-04-01T00:00:00Z,2023-03-22T07:00:00Z,0.0,SHORT,1.0,20.194805194804427,CONTROL_V2_FILLED_STOP,2023-03-22T07:05:00Z,CONTROL_NEXT_M1_OPEN,1938.56,True,1c8c4f3fce08d864e32eba275507eef8adfa11e4d3b5cc5a05fc68c9c481293a,0.6532467532467459,0.5571428571428492,2023_03,0.40389610389608854,0.40389610389608854,TARGET,2023-03-22T10:27:00Z,TARGET,16f7479c16a85dd520e0875a2b4b271aa3cb3d7ea8ced31fee4facd24698a964,2023-03-22T10:27:00Z,RETEST_EXPIRED,2023-03-22T07:20:00Z,,1940.03,False,False,INITIAL_CONFIRMATION_TARGET,8c417a4687f551cf3b628967d295602285ef38cbb7974ad8f391940900d4a9b0,80cae2c9539657ef1b8340197af295e5e7218c9b233f3faa2d34069ee5a06078,1946.26,,,,CONTROL_V2_FILLED_STOP,False,,2023-03-22T07:05:00Z,1946.26,1935.45,aabccea170fd96fc0ecb67a98fb0fcf0925fb93ee6885879e0440247b1c8ca2f
d5101f59e7d26d55332418e772420b68d7c9d79d0c50301e44e0c441aa0b480a,1940.03,2023-03-22T07:05:00Z,e7f69183ab1c2c6f30ddad5b14c8d3867bb97090448fa914ff608302201aaf0e,2023-03-22T07:05:00Z,1938.56,1946.26,2023-04-01T00:00:00Z,2023-03-22T07:00:00Z,-1.4038961038960887,SHORT,0.44206400742117813,-50.0,M5_LATEST_CONFIRMED_OPPOSING_SWING_ELSE_CONTROL,2023-03-22T07:05:00Z,CONTROL_NEXT_M1_OPEN,1938.56,True,6eb8a0e6a6ba4819e96679c824295981cfa64bad9538bec5a83d42f90e20a508,1.0047319770430436,0.18802001909573285,2023_03,-1.0,0.40389610389608854,TARGET,2023-03-22T10:27:00Z,STOP,c53c6d5e2fb7c52992550582c940365a74c4d66f731bbfd2537162e948bdc3b3,2023-03-22T09:28:00Z,RETEST_EXPIRED,2023-03-22T07:20:00Z,,1940.03,False,False,INITIAL_CONFIRMATION_TARGET,2dba152957337da40da716984fe9319fbe4c5456cf35a90220f619dc5ee1e2bd,80cae2c9539657ef1b8340197af295e5e7218c9b233f3faa2d34069ee5a06078,1941.963892857143,1.2778571428571337,0.06389285714285668,,M5_LATEST_CONFIRMED_OPPOSING_SWING_ELSE_CONTROL,True,efd56ac01b2be2fb3e970945ea7cac1a5833d84b20e13998720c0901b07a8975,2023-03-22T07:00:00Z,1941.9,1935.45,aabccea170fd96fc0ecb67a98fb0fcf0925fb93ee6885879e0440247b1c8ca2f
d5101f59e7d26d55332418e772420b68d7c9d79d0c50301e44e0c441aa0b480a,1940.03,2023-03-22T07:05:00Z,e7f69183ab1c2c6f30ddad5b14c8d3867bb97090448fa914ff608302201aaf0e,2023-03-22T07:05:00Z,1938.56,1946.26,2023-04-01T00:00:00Z,2023-03-22T07:00:00Z,0.0,SHORT,1.0,20.194805194804427,CONTROL_V2_FILLED_STOP,2023-03-22T07:05:00Z,CONTROL_NEXT_M1_OPEN,1938.56,True,73e85d0c34ce6742f3ae998b4da6716e55aef39a50dba1334f790017de0218a6,0.6532467532467459,0.5571428571428492,2023_03,0.40389610389608854,0.40389610389608854,TARGET,2023-03-22T10:27:00Z,TARGET,ba576b8f6436b813a9516dfb399e3c532190a11ae46e4bc7a2833d332e6d7faa,2023-03-22T10:27:00Z,RETEST_EXPIRED,2023-03-22T07:20:00Z,,1940.03,False,False,INITIAL_CONFIRMATION_TARGET,c8375e11d783c35c9cc233e4de60ead38eb8187d3748abcec0cd2712177990e4,80cae2c9539657ef1b8340197af295e5e7218c9b233f3faa2d34069ee5a06078,1946.26,2.2757142857142623,0.11378571428571312,NOT_STRICTLY_CLOSER_THAN_CONTROL,M15_LATEST_CONFIRMED_OPPOSING_SWING_ELSE_CONTROL,False,b05af2d68b32098497033a96c0275c18b95503538c2fd5de03eba54f8e778be7,2023-03-22T04:45:00Z,1946.26,1935.45,aabccea170fd96fc0ecb67a98fb0fcf0925fb93ee6885879e0440247b1c8ca2f
d5101f59e7d26d55332418e772420b68d7c9d79d0c50301e44e0c441aa0b480a,1940.03,2023-03-22T07:05:00Z,e7f69183ab1c2c6f30ddad5b14c8d3867bb97090448fa914ff608302201aaf0e,2023-03-22T07:05:00Z,1938.56,1946.26,2023-04-01T00:00:00Z,2023-03-22T07:00:00Z,0.0,SHORT,1.0,20.194805194804427,CONTROL_V2_FILLED_STOP,2023-03-22T07:05:00Z,CONTROL_NEXT_M1_OPEN,1938.56,True,55dd8419b3e22698a9ff0113274b77be3148d8be99d8c904769153110bbb1f0d,0.6532467532467459,0.5571428571428492,2023_03,0.40389610389608854,0.40389610389608854,TARGET,2023-03-22T10:27:00Z,TARGET,04aa5488e4bda3db22053b687d1a825a13713d69749abfb4273025bb60396b60,2023-03-22T10:27:00Z,RETEST_EXPIRED,2023-03-22T07:20:00Z,,1940.03,False,False,INITIAL_CONFIRMATION_TARGET,2a0de996f016bb4829d918e880709660268c4e86a0a6755cc5635fac28e49c05,80cae2c9539657ef1b8340197af295e5e7218c9b233f3faa2d34069ee5a06078,1946.26,6.422857142857132,0.3211428571428566,NOT_STRICTLY_CLOSER_THAN_CONTROL,H1_SOURCE_SWING_BUFFERED_ELSE_CONTROL,False,80cae2c9539657ef1b8340197af295e5e7218c9b233f3faa2d34069ee5a06078,2023-03-22T07:00:00Z,1946.26,1935.45,aabccea170fd96fc0ecb67a98fb0fcf0925fb93ee6885879e0440247b1c8ca2f
d5101f59e7d26d55332418e772420b68d7c9d79d0c50301e44e0c441aa0b480a,1940.03,2023-03-22T07:05:00Z,e7f69183ab1c2c6f30ddad5b14c8d3867bb97090448fa914ff608302201aaf0e,2023-03-22T07:05:00Z,1938.56,1946.26,2023-04-01T00:00:00Z,2023-03-22T07:00:00Z,-0.40389610389608854,SHORT,1.0,0.0,CONTROL_V2_FILLED_STOP,,M5_BROKEN_CONTROL_FIRST_RETEST,,False,1c8c4f3fce08d864e32eba275507eef8adfa11e4d3b5cc5a05fc68c9c481293a,,,2023_03,0.0,0.40389610389608854,TARGET,2023-03-22T10:27:00Z,NO_FILL,dad2312dc49594d6c2aad54413ca01309b44e6f1d3bef92c2781bf63a6135c5f,,RETEST_EXPIRED,2023-03-22T07:20:00Z,,1940.03,False,False,INITIAL_CONFIRMATION_TARGET,727ee0bb24a0b5b93efcab88340e2fbb155c76bbb3f8ac6a848f2e4f5b05f33f,80cae2c9539657ef1b8340197af295e5e7218c9b233f3faa2d34069ee5a06078,1946.26,,,,CONTROL_V2_FILLED_STOP,False,,2023-03-22T07:05:00Z,1946.26,1935.45,aabccea170fd96fc0ecb67a98fb0fcf0925fb93ee6885879e0440247b1c8ca2f
d5101f59e7d26d55332418e772420b68d7c9d79d0c50301e44e0c441aa0b480a,1940.03,2023-03-22T07:05:00Z,e7f69183ab1c2c6f30ddad5b14c8d3867bb97090448fa914ff608302201aaf0e,2023-03-22T07:05:00Z,1938.56,1946.26,2023-04-01T00:00:00Z,2023-03-22T07:00:00Z,-0.40389610389608854,SHORT,0.44206400742117813,0.0,M5_LATEST_CONFIRMED_OPPOSING_SWING_ELSE_CONTROL,,M5_BROKEN_CONTROL_FIRST_RETEST,,False,6eb8a0e6a6ba4819e96679c824295981cfa64bad9538bec5a83d42f90e20a508,,,2023_03,0.0,0.40389610389608854,TARGET,2023-03-22T10:27:00Z,NO_FILL,0d6563499c2c6b87e27fc34bddb3e66243fcf96b868f53cd7325442fae3763fa,,RETEST_EXPIRED,2023-03-22T07:20:00Z,,1940.03,False,False,INITIAL_CONFIRMATION_TARGET,b9b9437cece5257c01d540695d64bc77a12dc430a2f5fbc14d136b82d34b6b1a,80cae2c9539657ef1b8340197af295e5e7218c9b233f3faa2d34069ee5a06078,1941.963892857143,1.2778571428571337,0.06389285714285668,,M5_LATEST_CONFIRMED_OPPOSING_SWING_ELSE_CONTROL,True,efd56ac01b2be2fb3e970945ea7cac1a5833d84b20e13998720c0901b07a8975,2023-03-22T07:00:00Z,1941.9,1935.45,aabccea170fd96fc0ecb67a98fb0fcf0925fb93ee6885879e0440247b1c8ca2f
d5101f59e7d26d55332418e772420b68d7c9d79d0c50301e44e0c441aa0b480a,1940.03,2023-03-22T07:05:00Z,e7f69183ab1c2c6f30ddad5b14c8d3867bb97090448fa914ff608302201aaf0e,2023-03-22T07:05:00Z,1938.56,1946.26,2023-04-01T00:00:00Z,2023-03-22T07:00:00Z,-0.40389610389608854,SHORT,1.0,0.0,CONTROL_V2_FILLED_STOP,,M5_BROKEN_CONTROL_FIRST_RETEST,,False,73e85d0c34ce6742f3ae998b4da6716e55aef39a50dba1334f790017de0218a6,,,2023_03,0.0,0.40389610389608854,TARGET,2023-03-22T10:27:00Z,NO_FILL,8e14629d0b8a685b3fc754c4d1eb5f655b2ae39d787dc7a144158c11202a2f9b,,RETEST_EXPIRED,2023-03-22T07:20:00Z,,1940.03,False,False,INITIAL_CONFIRMATION_TARGET,6654128355b700540d8f319d51e2efb0b9ec3a888dd56e7f92b577f5badd0658,80cae2c9539657ef1b8340197af295e5e7218c9b233f3faa2d34069ee5a06078,1946.26,2.2757142857142623,0.11378571428571312,NOT_STRICTLY_CLOSER_THAN_CONTROL,M15_LATEST_CONFIRMED_OPPOSING_SWING_ELSE_CONTROL,False,b05af2d68b32098497033a96c0275c18b95503538c2fd5de03eba54f8e778be7,2023-03-22T04:45:00Z,1946.26,1935.45,aabccea170fd96fc0ecb67a98fb0fcf0925fb93ee6885879e0440247b1c8ca2f
d5101f59e7d26d55332418e772420b68d7c9d79d0c50301e44e0c441aa0b480a,1940.03,2023-03-22T07:05:00Z,e7f69183ab1c2c6f30ddad5b14c8d3867bb97090448fa914ff608302201aaf0e,2023-03-22T07:05:00Z,1938.56,1946.26,2023-04-01T00:00:00Z,2023-03-22T07:00:00Z,-0.40389610389608854,SHORT,1.0,0.0,CONTROL_V2_FILLED_STOP,,M5_BROKEN_CONTROL_FIRST_RETEST,,False,55dd8419b3e22698a9ff0113274b77be3148d8be99d8c904769153110bbb1f0d,,,2023_03,0.0,0.40389610389608854,TARGET,2023-03-22T10:27:00Z,NO_FILL,26ec125bf835f4226bc272c0b183cf4b3557ad0f995fc6bdcbbc132faf801de3,,RETEST_EXPIRED,2023-03-22T07:20:00Z,,1940.03,False,False,INITIAL_CONFIRMATION_TARGET,e9ca8006cfc5ac8e39e61c0a65e5ab166e3eab1a7d19cd30e0197c09a1903803,80cae2c9539657ef1b8340197af295e5e7218c9b233f3faa2d34069ee5a06078,1946.26,6.422857142857132,0.3211428571428566,NOT_STRICTLY_CLOSER_THAN_CONTROL,H1_SOURCE_SWING_BUFFERED_ELSE_CONTROL,False,80cae2c9539657ef1b8340197af295e5e7218c9b233f3faa2d34069ee5a06078,2023-03-22T07:00:00Z,1946.26,1935.45,aabccea170fd96fc0ecb67a98fb0fcf0925fb93ee6885879e0440247b1c8ca2f
d5101f59e7d26d55332418e772420b68d7c9d79d0c50301e44e0c441aa0b480a,1940.03,2023-03-22T07:05:00Z,e7f69183ab1c2c6f30ddad5b14c8d3867bb97090448fa914ff608302201aaf0e,2023-03-22T07:05:00Z,1938.56,1946.26,2023-04-01T00:00:00Z,2023-03-22T07:00:00Z,-0.3029220779220664,SHORT,1.0,5.048701298701107,CONTROL_V2_FILLED_STOP,2023-03-22T07:05:00Z,CONFIRMED_25_75_RETEST_SPLIT,1938.56,True,1c8c4f3fce08d864e32eba275507eef8adfa11e4d3b5cc5a05fc68c9c481293a,0.16331168831168646,0.1392857142857123,2023_03,0.10097402597402214,0.40389610389608854,TARGET,2023-03-22T10:27:00Z,SPLIT_CONTROL_TARGET_NO_RETEST,2c6ec1c7131b218565dda57ebec51e916d8c9d6f4613282c1754035c9c626626,2023-03-22T10:27:00Z,RETEST_EXPIRED,2023-03-22T07:20:00Z,,1940.03,False,False,INITIAL_CONFIRMATION_TARGET,fdf482e53f5c47253acbcd40f2833e3b2a994026e4859c55298a512dc282a046,80cae2c9539657ef1b8340197af295e5e7218c9b233f3faa2d34069ee5a06078,1946.26,,,,CONTROL_V2_FILLED_STOP,False,,2023-03-22T07:05:00Z,1946.26,1935.45,aabccea170fd96fc0ecb67a98fb0fcf0925fb93ee6885879e0440247b1c8ca2f
d5101f59e7d26d55332418e772420b68d7c9d79d0c50301e44e0c441aa0b480a,1940.03,2023-03-22T07:05:00Z,e7f69183ab1c2c6f30ddad5b14c8d3867bb97090448fa914ff608302201aaf0e,2023-03-22T07:05:00Z,1938.56,1946.26,2023-04-01T00:00:00Z,2023-03-22T07:00:00Z,-0.6538961038960885,SHORT,0.44206400742117813,-12.5,M5_LATEST_CONFIRMED_OPPOSING_SWING_ELSE_CONTROL,2023-03-22T07:05:00Z,CONFIRMED_25_75_RETEST_SPLIT,1938.56,True,6eb8a0e6a6ba4819e96679c824295981cfa64bad9538bec5a83d42f90e20a508,0.2511829942607609,0.04700500477393321,2023_03,-0.25,0.40389610389608854,TARGET,2023-03-22T10:27:00Z,SPLIT_CONTROL_STOP_NO_RETEST,6f3b55fee50f5c3fe670e40ab71492dc437efc47662639e589b784d2539bb296,2023-03-22T09:28:00Z,RETEST_EXPIRED,2023-03-22T07:20:00Z,,1940.03,False,False,INITIAL_CONFIRMATION_TARGET,859c730c5447a21ab0bc93957d93a170a575c6d6307ff51f2cf547b0076db36f,80cae2c9539657ef1b8340197af295e5e7218c9b233f3faa2d34069ee5a06078,1941.963892857143,1.2778571428571337,0.06389285714285668,,M5_LATEST_CONFIRMED_OPPOSING_SWING_ELSE_CONTROL,True,efd56ac01b2be2fb3e970945ea7cac1a5833d84b20e13998720c0901b07a8975,2023-03-22T07:00:00Z,1941.9,1935.45,aabccea170fd96fc0ecb67a98fb0fcf0925fb93ee6885879e0440247b1c8ca2f
d5101f59e7d26d55332418e772420b68d7c9d79d0c50301e44e0c441aa0b480a,1940.03,2023-03-22T07:05:00Z,e7f69183ab1c2c6f30ddad5b14c8d3867bb97090448fa914ff608302201aaf0e,2023-03-22T07:05:00Z,1938.56,1946.26,2023-04-01T00:00:00Z,2023-03-22T07:00:00Z,-0.3029220779220664,SHORT,1.0,5.048701298701107,CONTROL_V2_FILLED_STOP,2023-03-22T07:05:00Z,CONFIRMED_25_75_RETEST_SPLIT,1938.56,True,73e85d0c34ce6742f3ae998b4da6716e55aef39a50dba1334f790017de0218a6,0.16331168831168646,0.1392857142857123,2023_03,0.10097402597402214,0.40389610389608854,TARGET,2023-03-22T10:27:00Z,SPLIT_CONTROL_TARGET_NO_RETEST,41b45ee1377ae308a4187c998a5c4f00a5d98d0e8bfc68247b0b9b36a56a6e80,2023-03-22T10:27:00Z,RETEST_EXPIRED,2023-03-22T07:20:00Z,,1940.03,False,False,INITIAL_CONFIRMATION_TARGET,943035b6e3e6c3d361ee4bb725f9b75d0bb58bad72b188891a18a2e0a6b5f0b6,80cae2c9539657ef1b8340197af295e5e7218c9b233f3faa2d34069ee5a06078,1946.26,2.2757142857142623,0.11378571428571312,NOT_STRICTLY_CLOSER_THAN_CONTROL,M15_LATEST_CONFIRMED_OPPOSING_SWING_ELSE_CONTROL,False,b05af2d68b32098497033a96c0275c18b95503538c2fd5de03eba54f8e778be7,2023-03-22T04:45:00Z,1946.26,1935.45,aabccea170fd96fc0ecb67a98fb0fcf0925fb93ee6885879e0440247b1c8ca2f
d5101f59e7d26d55332418e772420b68d7c9d79d0c50301e44e0c441aa0b480a,1940.03,2023-03-22T07:05:00Z,e7f69183ab1c2c6f30ddad5b14c8d3867bb97090448fa914ff608302201aaf0e,2023-03-22T07:05:00Z,1938.56,1946.26,2023-04-01T00:00:00Z,2023-03-22T07:00:00Z,-0.3029220779220664,SHORT,1.0,5.048701298701107,CONTROL_V2_FILLED_STOP,2023-03-22T07:05:00Z,CONFIRMED_25_75_RETEST_SPLIT,1938.56,True,55dd8419b3e22698a9ff0113274b77be3148d8be99d8c904769153110bbb1f0d,0.16331168831168646,0.1392857142857123,2023_03,0.10097402597402214,0.40389610389608854,TARGET,2023-03-22T10:27:00Z,SPLIT_CONTROL_TARGET_NO_RETEST,ace1bc18f2878a14797b22e6f9264bbac8ed747240d8fee5c213d08323682170,2023-03-22T10:27:00Z,RETEST_EXPIRED,2023-03-22T07:20:00Z,,1940.03,False,False,INITIAL_CONFIRMATION_TARGET,88c68edc2753191217f5e80a57942432b5ce0fe2d78eee0b5b8733121533150a,80cae2c9539657ef1b8340197af295e5e7218c9b233f3faa2d34069ee5a06078,1946.26,6.422857142857132,0.3211428571428566,NOT_STRICTLY_CLOSER_THAN_CONTROL,H1_SOURCE_SWING_BUFFERED_ELSE_CONTROL,False,80cae2c9539657ef1b8340197af295e5e7218c9b233f3faa2d34069ee5a06078,2023-03-22T07:00:00Z,1946.26,1935.45,aabccea170fd96fc0ecb67a98fb0fcf0925fb93ee6885879e0440247b1c8ca2f
96b7cc372cea49530bde3c9c401fd2ec9e3e7b1a3ab7a714c04050f912a5d77a,1941.25,2023-03-22T11:10:00Z,0636c31d399f249be7b8da06f722741ab3826a8c1a3674b500e442443e1082e7,2023-03-22T11:10:00Z,1941.38,1934.25,2023-04-01T00:00:00Z,2023-03-22T10:00:00Z,0.0,LONG,1.0,34.22159887797901,CONTROL_V2_FILLED_STOP,2023-03-22T11:10:00Z,CONTROL_NEXT_M1_OPEN,1941.38,True,4ba6303b30140c1c84aa7a896c01d9ca6753612b27c20a13994853e5f42eed0f,0.5974754558204983,1.0911640953716484,2023_03,0.6844319775595802,0.6844319775595802,TARGET,2023-03-22T17:47:00Z,TARGET,802ef0f79896ae52ffb7d97b7260dd99bacf18d16ccb54e40cd3f9e8ccd78f24,2023-03-22T17:47:00Z,FIRST_RETEST_FILLED,2023-03-22T11:25:00Z,2023-03-22T11:10:00Z,1941.25,True,False,RECLAIM_CONFIRMATION_TARGET,432d0c28314a7e4dabb41192b8c68d337f908890ceab51feb6ce498cb516ed75,15494e11bde55ec09bdb713cc547cdf35fc6b9a435d06143525321a9e5cb6ec2,1934.25,,,,CONTROL_V2_FILLED_STOP,False,,2023-03-22T11:10:00Z,1934.25,1946.26,676a54165c7604c5628c5d59a30c146bd960c4825e23d304759cd3c459f7109b
96b7cc372cea49530bde3c9c401fd2ec9e3e7b1a3ab7a714c04050f912a5d77a,1941.25,2023-03-22T11:10:00Z,0636c31d399f249be7b8da06f722741ab3826a8c1a3674b500e442443e1082e7,2023-03-22T11:10:00Z,1941.38,1934.25,2023-04-01T00:00:00Z,2023-03-22T10:00:00Z,0.0,LONG,1.0,34.22159887797901,CONTROL_V2_FILLED_STOP,2023-03-22T11:10:00Z,CONTROL_NEXT_M1_OPEN,1941.38,True,f845398b54646ff4fc1c1c61d44d4ebac69547cd7ef9889774b8c9e692a33840,0.5974754558204983,1.0911640953716484,2023_03,0.6844319775595802,0.6844319775595802,TARGET,2023-03-22T17:47:00Z,TARGET,e53f3fd5a6c8973ac7259cb1210f2e3eddd98c1dcba976252b0f5c24660061d2,2023-03-22T17:47:00Z,FIRST_RETEST_FILLED,2023-03-22T11:25:00Z,2023-03-22T11:10:00Z,1941.25,True,False,RECLAIM_CONFIRMATION_TARGET,714a300ee9b91d92434834120efa0c7f880a2b9a4c597a8184ff19111da6c1fa,15494e11bde55ec09bdb713cc547cdf35fc6b9a435d06143525321a9e5cb6ec2,1934.25,2.1385714285714,0.10692857142857,NOT_STRICTLY_CLOSER_THAN_CONTROL,M5_LATEST_CONFIRMED_OPPOSING_SWING_ELSE_CONTROL,False,6190516c2a21fb05e73f107a8fa1d98461512c9cd032701a9c7ddd381c09967c,2023-03-22T10:40:00Z,1934.27,1946.26,676a54165c7604c5628c5d59a30c146bd960c4825e23d304759cd3c459f7109b
96b7cc372cea49530bde3c9c401fd2ec9e3e7b1a3ab7a714c04050f912a5d77a,1941.25,2023-03-22T11:10:00Z,0636c31d399f249be7b8da06f722741ab3826a8c1a3674b500e442443e1082e7,2023-03-22T11:10:00Z,1941.38,1934.25,2023-04-01T00:00:00Z,2023-03-22T10:00:00Z,0.0,LONG,1.0,34.22159887797901,CONTROL_V2_FILLED_STOP,2023-03-22T11:10:00Z,CONTROL_NEXT_M1_OPEN,1941.38,True,1b14665f43e428037d8bb3018aab8d880b659ce5ec98d29d1827ea1a629628fb,0.5974754558204983,1.0911640953716484,2023_03,0.6844319775595802,0.6844319775595802,TARGET,2023-03-22T17:47:00Z,TARGET,6eb802a3d8f3ae2cc62c3ea7854a6f0e9aba4ecc85e2ad853b4d5f3d1195a40b,2023-03-22T17:47:00Z,FIRST_RETEST_FILLED,2023-03-22T11:25:00Z,2023-03-22T11:10:00Z,1941.25,True,False,RECLAIM_CONFIRMATION_TARGET,f3730ada01164af9b802cb4129e38a2deb4d8294da02e3a46ffd65b9f6bebd02,15494e11bde55ec09bdb713cc547cdf35fc6b9a435d06143525321a9e5cb6ec2,1934.25,2.5292857142856713,0.12646428571428356,NOT_STRICTLY_CLOSER_THAN_CONTROL,M15_LATEST_CONFIRMED_OPPOSING_SWING_ELSE_CONTROL,False,8db5c5af2304e80df67fb552997f4a4be7e4e754588e71ab625aebadf98ddcce,2023-03-22T11:00:00Z,1934.27,1946.26,676a54165c7604c5628c5d59a30c146bd960c4825e23d304759cd3c459f7109b
96b7cc372cea49530bde3c9c401fd2ec9e3e7b1a3ab7a714c04050f912a5d77a,1941.25,2023-03-22T11:10:00Z,0636c31d399f249be7b8da06f722741ab3826a8c1a3674b500e442443e1082e7,2023-03-22T11:10:00Z,1941.38,1934.25,2023-04-01T00:00:00Z,2023-03-22T10:00:00Z,-1.6844319775595802,LONG,0.5227559607293244,-50.0,H1_SOURCE_SWING_BUFFERED_ELSE_CONTROL,2023-03-22T11:10:00Z,CONTROL_NEXT_M1_OPEN,1941.38,True,517844240ad3b4f85e1a252ba46d6a99ddbcdd8ed1d57e93736fc6346fbf6917,1.0168354685089673,1.1456167415654495,2023_03,-1.0,0.6844319775595802,TARGET,2023-03-22T17:47:00Z,STOP,360e0abd1d439f80ca0a02b3100edbb453fcfe3ebee5bddbb1914ca1bdf78b93,2023-03-22T15:57:00Z,FIRST_RETEST_FILLED,2023-03-22T11:25:00Z,2023-03-22T11:10:00Z,1941.25,True,False,RECLAIM_CONFIRMATION_TARGET,aeab17bc150c32e8dc2c2358619678d2cdde14d7e0e04e88faf0d6477850f534,15494e11bde55ec09bdb713cc547cdf35fc6b9a435d06143525321a9e5cb6ec2,1937.65275,5.344999999999978,0.26724999999999893,,H1_SOURCE_SWING_BUFFERED_ELSE_CONTROL,True,15494e11bde55ec09bdb713cc547cdf35fc6b9a435d06143525321a9e5cb6ec2,2023-03-22T10:00:00Z,1937.92,1946.26,676a54165c7604c5628c5d59a30c146bd960c4825e23d304759cd3c459f7109b
96b7cc372cea49530bde3c9c401fd2ec9e3e7b1a3ab7a714c04050f912a5d77a,1941.25,2023-03-22T11:10:00Z,0636c31d399f249be7b8da06f722741ab3826a8c1a3674b500e442443e1082e7,2023-03-22T11:10:00Z,1941.38,1934.25,2023-04-01T00:00:00Z,2023-03-22T10:00:00Z,0.03128230815470423,LONG,1.0,35.78571428571422,CONTROL_V2_FILLED_STOP,2023-03-22T11:10:00Z,M5_BROKEN_CONTROL_FIRST_RETEST,1941.25,True,4ba6303b30140c1c84aa7a896c01d9ca6753612b27c20a13994853e5f42eed0f,0.5900000000000156,1.1300000000000117,2023_03,0.7157142857142844,0.6844319775595802,TARGET,2023-03-22T17:47:00Z,TARGET,40535b3063d54253633d8b2dbc907324bb23d7521c64ba549bc9cd033d44fd1c,2023-03-22T17:47:00Z,FIRST_RETEST_FILLED,2023-03-22T11:25:00Z,2023-03-22T11:10:00Z,1941.25,True,True,RECLAIM_CONFIRMATION_TARGET,a2ee36979a77f5f9e790ba845896aba4a06ad541c45a7dac59ae95509de7445c,15494e11bde55ec09bdb713cc547cdf35fc6b9a435d06143525321a9e5cb6ec2,1934.25,,,,CONTROL_V2_FILLED_STOP,False,,2023-03-22T11:10:00Z,1934.25,1946.26,676a54165c7604c5628c5d59a30c146bd960c4825e23d304759cd3c459f7109b
96b7cc372cea49530bde3c9c401fd2ec9e3e7b1a3ab7a714c04050f912a5d77a,1941.25,2023-03-22T11:10:00Z,0636c31d399f249be7b8da06f722741ab3826a8c1a3674b500e442443e1082e7,2023-03-22T11:10:00Z,1941.38,1934.25,2023-04-01T00:00:00Z,2023-03-22T10:00:00Z,0.03128230815470423,LONG,1.0,35.78571428571422,CONTROL_V2_FILLED_STOP,2023-03-22T11:10:00Z,M5_BROKEN_CONTROL_FIRST_RETEST,1941.25,True,f845398b54646ff4fc1c1c61d44d4ebac69547cd7ef9889774b8c9e692a33840,0.5900000000000156,1.1300000000000117,2023_03,0.7157142857142844,0.6844319775595802,TARGET,2023-03-22T17:47:00Z,TARGET,9f5b0cceb46bf3f45cc761d2e766642b460abd857807040120eb1faff84273cb,2023-03-22T17:47:00Z,FIRST_RETEST_FILLED,2023-03-22T11:25:00Z,2023-03-22T11:10:00Z,1941.25,True,True,RECLAIM_CONFIRMATION_TARGET,40ced2a4ad887a99a4005b2e9d7f87fa98e277b9bdc8f96d96a61b02b4ffb1b6,15494e11bde55ec09bdb713cc547cdf35fc6b9a435d06143525321a9e5cb6ec2,1934.25,2.1385714285714,0.10692857142857,NOT_STRICTLY_CLOSER_THAN_CONTROL,M5_LATEST_CONFIRMED_OPPOSING_SWING_ELSE_CONTROL,False,6190516c2a21fb05e73f107a8fa1d98461512c9cd032701a9c7ddd381c09967c,2023-03-22T10:40:00Z,1934.27,1946.26,676a54165c7604c5628c5d59a30c146bd960c4825e23d304759cd3c459f7109b
96b7cc372cea49530bde3c9c401fd2ec9e3e7b1a3ab7a714c04050f912a5d77a,1941.25,2023-03-22T11:10:00Z,0636c31d399f249be7b8da06f722741ab3826a8c1a3674b500e442443e1082e7,2023-03-22T11:10:00Z,1941.38,1934.25,2023-04-01T00:00:00Z,2023-03-22T10:00:00Z,0.03128230815470423,LONG,1.0,35.78571428571422,CONTROL_V2_FILLED_STOP,2023-03-22T11:10:00Z,M5_BROKEN_CONTROL_FIRST_RETEST,1941.25,True,1b14665f43e428037d8bb3018aab8d880b659ce5ec98d29d1827ea1a629628fb,0.5900000000000156,1.1300000000000117,2023_03,0.7157142857142844,0.6844319775595802,TARGET,2023-03-22T17:47:00Z,TARGET,08861093d14082da92e291d512bf47571dc847e94f3ed3a977157779d8cb5df9,2023-03-22T17:47:00Z,FIRST_RETEST_FILLED,2023-03-22T11:25:00Z,2023-03-22T11:10:00Z,1941.25,True,True,RECLAIM_CONFIRMATION_TARGET,280254c73f32675faa892bcc00513acde8865005732450d93f17cf456f07c79c,15494e11bde55ec09bdb713cc547cdf35fc6b9a435d06143525321a9e5cb6ec2,1934.25,2.5292857142856713,0.12646428571428356,NOT_STRICTLY_CLOSER_THAN_CONTROL,M15_LATEST_CONFIRMED_OPPOSING_SWING_ELSE_CONTROL,False,8db5c5af2304e80df67fb552997f4a4be7e4e754588e71ab625aebadf98ddcce,2023-03-22T11:00:00Z,1934.27,1946.26,676a54165c7604c5628c5d59a30c146bd960c4825e23d304759cd3c459f7109b
96b7cc372cea49530bde3c9c401fd2ec9e3e7b1a3ab7a714c04050f912a5d77a,1941.25,2023-03-22T11:10:00Z,0636c31d399f249be7b8da06f722741ab3826a8c1a3674b500e442443e1082e7,2023-03-22T11:10:00Z,1941.38,1934.25,2023-04-01T00:00:00Z,2023-03-22T10:00:00Z,-1.6844319775595802,LONG,0.5227559607293244,-50.0,H1_SOURCE_SWING_BUFFERED_ELSE_CONTROL,2023-03-22T11:10:00Z,M5_BROKEN_CONTROL_FIRST_RETEST,1941.25,True,517844240ad3b4f85e1a252ba46d6a99ddbcdd8ed1d57e93736fc6346fbf6917,1.0174438807422477,1.223156577941498,2023_03,-1.0,0.6844319775595802,TARGET,2023-03-22T17:47:00Z,STOP,b2a2009fb915d1343ec0d808374a30d94145110ad220f1067dbbef65d13335dc,2023-03-22T15:57:00Z,FIRST_RETEST_FILLED,2023-03-22T11:25:00Z,2023-03-22T11:10:00Z,1941.25,True,True,RECLAIM_CONFIRMATION_TARGET,8dbecbfb2ff011c03fd998e90baf869fa1864ed2a5f4d143988ff9ec0068a1bd,15494e11bde55ec09bdb713cc547cdf35fc6b9a435d06143525321a9e5cb6ec2,1937.65275,5.344999999999978,0.26724999999999893,,H1_SOURCE_SWING_BUFFERED_ELSE_CONTROL,True,15494e11bde55ec09bdb713cc547cdf35fc6b9a435d06143525321a9e5cb6ec2,2023-03-22T10:00:00Z,1937.92,1946.26,676a54165c7604c5628c5d59a30c146bd960c4825e23d304759cd3c459f7109b
96b7cc372cea49530bde3c9c401fd2ec9e3e7b1a3ab7a714c04050f912a5d77a,1941.25,2023-03-22T11:10:00Z,0636c31d399f249be7b8da06f722741ab3826a8c1a3674b500e442443e1082e7,2023-03-22T11:10:00Z,1941.38,1934.25,2023-04-01T00:00:00Z,2023-03-22T10:00:00Z,0.023461731116028117,LONG,1.0,35.39468543378042,CONTROL_V2_FILLED_STOP,2023-03-22T11:10:00Z,CONFIRMED_25_75_RETEST_SPLIT,1941.38,True,4ba6303b30140c1c84aa7a896c01d9ca6753612b27c20a13994853e5f42eed0f,0.5918688639551363,1.120291023842921,2023_03,0.7078937086756083,0.6844319775595802,TARGET,2023-03-22T17:47:00Z,SPLIT_TARGET_TARGET,26e50979ad3d1d3a6fe9fd4c352beaa266f7f0769b56306395f6af9b4b531966,2023-03-22T17:47:00Z,FIRST_RETEST_FILLED,2023-03-22T11:25:00Z,2023-03-22T11:10:00Z,1941.25,True,True,RECLAIM_CONFIRMATION_TARGET,1f391f01c4c59ce82427828697da6cd28488b54f6b91a5912434db5ae083fac9,15494e11bde55ec09bdb713cc547cdf35fc6b9a435d06143525321a9e5cb6ec2,1934.25,,,,CONTROL_V2_FILLED_STOP,False,,2023-03-22T11:10:00Z,1934.25,1946.26,676a54165c7604c5628c5d59a30c146bd960c4825e23d304759cd3c459f7109b
96b7cc372cea49530bde3c9c401fd2ec9e3e7b1a3ab7a714c04050f912a5d77a,1941.25,2023-03-22T11:10:00Z,0636c31d399f249be7b8da06f722741ab3826a8c1a3674b500e442443e1082e7,2023-03-22T11:10:00Z,1941.38,1934.25,2023-04-01T00:00:00Z,2023-03-22T10:00:00Z,0.023461731116028117,LONG,1.0,35.39468543378042,CONTROL_V2_FILLED_STOP,2023-03-22T11:10:00Z,CONFIRMED_25_75_RETEST_SPLIT,1941.38,True,f845398b54646ff4fc1c1c61d44d4ebac69547cd7ef9889774b8c9e692a33840,0.5918688639551363,1.120291023842921,2023_03,0.7078937086756083,0.6844319775595802,TARGET,2023-03-22T17:47:00Z,SPLIT_TARGET_TARGET,4990b88bbac3c75f2185d488d86379337489fdee170fa9300e5d614ca9b1c8e0,2023-03-22T17:47:00Z,FIRST_RETEST_FILLED,2023-03-22T11:25:00Z,2023-03-22T11:10:00Z,1941.25,True,True,RECLAIM_CONFIRMATION_TARGET,d1d6f1926eb6453e7ca3b80c79865f7a35a4776dee635a20274040591aa15e6e,15494e11bde55ec09bdb713cc547cdf35fc6b9a435d06143525321a9e5cb6ec2,1934.25,2.1385714285714,0.10692857142857,NOT_STRICTLY_CLOSER_THAN_CONTROL,M5_LATEST_CONFIRMED_OPPOSING_SWING_ELSE_CONTROL,False,6190516c2a21fb05e73f107a8fa1d98461512c9cd032701a9c7ddd381c09967c,2023-03-22T10:40:00Z,1934.27,1946.26,676a54165c7604c5628c5d59a30c146bd960c4825e23d304759cd3c459f7109b
96b7cc372cea49530bde3c9c401fd2ec9e3e7b1a3ab7a714c04050f912a5d77a,1941.25,2023-03-22T11:10:00Z,0636c31d399f249be7b8da06f722741ab3826a8c1a3674b500e442443e1082e7,2023-03-22T11:10:00Z,1941.38,1934.25,2023-04-01T00:00:00Z,2023-03-22T10:00:00Z,0.023461731116028117,LONG,1.0,35.39468543378042,CONTROL_V2_FILLED_STOP,2023-03-22T11:10:00Z,CONFIRMED_25_75_RETEST_SPLIT,1941.38,True,1b14665f43e428037d8bb3018aab8d880b659ce5ec98d29d1827ea1a629628fb,0.5918688639551363,1.120291023842921,2023_03,0.7078937086756083,0.6844319775595802,TARGET,2023-03-22T17:47:00Z,SPLIT_TARGET_TARGET,d9adf5c3e41a07d633a08843b0a3c759069358b3f28ec908651e1926a4a6778d,2023-03-22T17:47:00Z,FIRST_RETEST_FILLED,2023-03-22T11:25:00Z,2023-03-22T11:10:00Z,1941.25,True,True,RECLAIM_CONFIRMATION_TARGET,8f56aeca6505938724ab639060885de0965d19102fb6b600ab7db9cba0f4638b,15494e11bde55ec09bdb713cc547cdf35fc6b9a435d06143525321a9e5cb6ec2,1934.25,2.5292857142856713,0.12646428571428356,NOT_STRICTLY_CLOSER_THAN_CONTROL,M15_LATEST_CONFIRMED_OPPOSING_SWING_ELSE_CONTROL,False,8db5c5af2304e80df67fb552997f4a4be7e4e754588e71ab625aebadf98ddcce,2023-03-22T11:00:00Z,1934.27,1946.26,676a54165c7604c5628c5d59a30c146bd960c4825e23d304759cd3c459f7109b
96b7cc372cea49530bde3c9c401fd2ec9e3e7b1a3ab7a714c04050f912a5d77a,1941.25,2023-03-22T11:10:00Z,0636c31d399f249be7b8da06f722741ab3826a8c1a3674b500e442443e1082e7,2023-03-22T11:10:00Z,1941.38,1934.25,2023-04-01T00:00:00Z,2023-03-22T10:00:00Z,-1.6844319775595802,LONG,0.5227559607293244,-50.0,H1_SOURCE_SWING_BUFFERED_ELSE_CONTROL,2023-03-22T11:10:00Z,CONFIRMED_25_75_RETEST_SPLIT,1941.38,True,517844240ad3b4f85e1a252ba46d6a99ddbcdd8ed1d57e93736fc6346fbf6917,1.0172917776839276,1.2037716188474858,2023_03,-1.0,0.6844319775595802,TARGET,2023-03-22T17:47:00Z,SPLIT_STOP_STOP,baabc348ef19da9c784548732a32f31e3a8573639375547860ef9e4d80bc2a77,2023-03-22T15:57:00Z,FIRST_RETEST_FILLED,2023-03-22T11:25:00Z,2023-03-22T11:10:00Z,1941.25,True,True,RECLAIM_CONFIRMATION_TARGET,eec5a16584ccd9400d1ebbe29e42067a269a34ecc6eaf5e84b38eb02a5d6528c,15494e11bde55ec09bdb713cc547cdf35fc6b9a435d06143525321a9e5cb6ec2,1937.65275,5.344999999999978,0.26724999999999893,,H1_SOURCE_SWING_BUFFERED_ELSE_CONTROL,True,15494e11bde55ec09bdb713cc547cdf35fc6b9a435d06143525321a9e5cb6ec2,2023-03-22T10:00:00Z,1937.92,1946.26,676a54165c7604c5628c5d59a30c146bd960c4825e23d304759cd3c459f7109b
fa169abf0905a08fd4511af78a508441dcffcd8e8d4a2668e0e1c96d61739750,1939.78,2023-03-22T15:40:00Z,3a2c72802ee2237c45f1b05a063a9bc15fcc6bb0970e3dcfb11875280ead987f,2023-03-22T15:40:00Z,1939.24,1945.65,2023-04-01T00:00:00Z,2023-03-22T15:00:00Z,0.0,SHORT,1.0,-50.0,CONTROL_V2_FILLED_STOP,2023-03-22T15:40:00Z,CONTROL_NEXT_M1_OPEN,1939.24,True,b2ba82ecda8063622943cf6f7b810d6c304824934548613ba0f1d67ff08ea72f,1.0078003120124732,0.33073322932918736,2023_03,-1.0,-1.0,STOP,2023-03-22T17:14:00Z,STOP,d31b5a9acab9a5a65c3efa5fdba27ab6d753bc9cbaa9d4a4fc4100a81c16670d,2023-03-22T17:14:00Z,FIRST_RETEST_FILLED,2023-03-22T15:55:00Z,2023-03-22T15:45:00Z,1939.78,True,False,INITIAL_CONFIRMATION_STOP,63383b9a87ce8874a6551dd9b16f86264e3c27a06ffb51b85763ce53e0d97158,f7e4ed1c97d6913fe2b57f8d0e4abe94049aa1154f4e39db6faa35309ad9918c,1945.65,,,,CONTROL_V2_FILLED_STOP,False,,2023-03-22T15:40:00Z,1945.65,1934.27,d9696cd527fee23ca11936840386786a6dcb52ed0d3f1f52067409b65ccc323d
fa169abf0905a08fd4511af78a508441dcffcd8e8d4a2668e0e1c96d61739750,1939.78,2023-03-22T15:40:00Z,3a2c72802ee2237c45f1b05a063a9bc15fcc6bb0970e3dcfb11875280ead987f,2023-03-22T15:40:00Z,1939.24,1945.65,2023-04-01T00:00:00Z,2023-03-22T15:00:00Z,0.0,SHORT,0.5923334076220059,-50.0,M5_LATEST_CONFIRMED_OPPOSING_SWING_ELSE_CONTROL,2023-03-22T15:40:00Z,CONTROL_NEXT_M1_OPEN,1939.24,True,05ad092b9d9b75afad9f95fdfa6e5da4e1427e078b6e5602c168dc2a62e8abb1,1.0192640529761265,0.558356535480509,2023_03,-1.0,-1.0,STOP,2023-03-22T17:14:00Z,STOP,d30bcfdf3e007672db88876dadd693c467e416899d11c4617ab2b69c9f1d4ee7,2023-03-22T16:32:00Z,FIRST_RETEST_FILLED,2023-03-22T15:55:00Z,2023-03-22T15:45:00Z,1939.78,True,False,INITIAL_CONFIRMATION_STOP,11c0ea4ce783b9a50547d0d47a027920e5e885efac85821ed257ea28a8ecc0a6,f7e4ed1c97d6913fe2b57f8d0e4abe94049aa1154f4e39db6faa35309ad9918c,1943.0368571428571,1.7371428571428364,0.08685714285714183,,M5_LATEST_CONFIRMED_OPPOSING_SWING_ELSE_CONTROL,True,9beecd6bc7b39a62c1d8dab436dbdd83e46c39e31a383895a603c34c8c22477f,2023-03-22T15:35:00Z,1942.95,1934.27,d9696cd527fee23ca11936840386786a6dcb52ed0d3f1f52067409b65ccc323d
fa169abf0905a08fd4511af78a508441dcffcd8e8d4a2668e0e1c96d61739750,1939.78,2023-03-22T15:40:00Z,3a2c72802ee2237c45f1b05a063a9bc15fcc6bb0970e3dcfb11875280ead987f,2023-03-22T15:40:00Z,1939.24,1945.65,2023-04-01T00:00:00Z,2023-03-22T15:00:00Z,0.0,SHORT,1.0,-50.0,CONTROL_V2_FILLED_STOP,2023-03-22T15:40:00Z,CONTROL_NEXT_M1_OPEN,1939.24,True,d35e89d7a4d7a6c959a936f1a7606e5af4b3c24e45a8555c7134059a1f2309b7,1.0078003120124732,0.33073322932918736,2023_03,-1.0,-1.0,STOP,2023-03-22T17:14:00Z,STOP,42ad346b6cd4e6a97c9d0edbe78102fcbb5aa280bf0be1af7f356bbc9d8f3b47,2023-03-22T17:14:00Z,FIRST_RETEST_FILLED,2023-03-22T15:55:00Z,2023-03-22T15:45:00Z,1939.78,True,False,INITIAL_CONFIRMATION_STOP,8a46c838e629843fb3c174e556f0a4221a90ed5ec8892b56fca689d329267b6c,f7e4ed1c97d6913fe2b57f8d0e4abe94049aa1154f4e39db6faa35309ad9918c,1945.65,2.6728571428570995,0.13364285714285498,NOT_STRICTLY_CLOSER_THAN_CONTROL,M15_LATEST_CONFIRMED_OPPOSING_SWING_ELSE_CONTROL,False,ecf96bcf931a061738f2e032b905734213dd56727d76ea9a312e6fa043cb4bf0,2023-03-22T13:15:00Z,1945.65,1934.27,d9696cd527fee23ca11936840386786a6dcb52ed0d3f1f52067409b65ccc323d
fa169abf0905a08fd4511af78a508441dcffcd8e8d4a2668e0e1c96d61739750,1939.78,2023-03-22T15:40:00Z,3a2c72802ee2237c45f1b05a063a9bc15fcc6bb0970e3dcfb11875280ead987f,2023-03-22T15:40:00Z,1939.24,1945.65,2023-04-01T00:00:00Z,2023-03-22T15:00:00Z,0.0,SHORT,1.0,-50.0,CONTROL_V2_FILLED_STOP,2023-03-22T15:40:00Z,CONTROL_NEXT_M1_OPEN,1939.24,True,138bb31d71034d8d5821f5e58fb7e8064f3d1c488049fe5a263d690a8f9fe42c,1.0078003120124732,0.33073322932918736,2023_03,-1.0,-1.0,STOP,2023-03-22T17:14:00Z,STOP,7666fecec3bec5d01f2807b356c07c1716c90da082fded1b1a50046dd1858f35,2023-03-22T17:14:00Z,FIRST_RETEST_FILLED,2023-03-22T15:55:00Z,2023-03-22T15:45:00Z,1939.78,True,False,INITIAL_CONFIRMATION_STOP,60051db772d46b179562eb764bf54d4eb906d45b591006431508bfd1c63e628c,f7e4ed1c97d6913fe2b57f8d0e4abe94049aa1154f4e39db6faa35309ad9918c,1945.65,4.244999999999989,0.21224999999999944,NOT_STRICTLY_CLOSER_THAN_CONTROL,H1_SOURCE_SWING_BUFFERED_ELSE_CONTROL,False,f7e4ed1c97d6913fe2b57f8d0e4abe94049aa1154f4e39db6faa35309ad9918c,2023-03-22T15:00:00Z,1945.65,1934.27,d9696cd527fee23ca11936840386786a6dcb52ed0d3f1f52067409b65ccc323d
fa169abf0905a08fd4511af78a508441dcffcd8e8d4a2668e0e1c96d61739750,1939.78,2023-03-22T15:40:00Z,3a2c72802ee2237c45f1b05a063a9bc15fcc6bb0970e3dcfb11875280ead987f,2023-03-22T15:40:00Z,1939.24,1945.65,2023-04-01T00:00:00Z,2023-03-22T15:00:00Z,0.0,SHORT,1.0,-50.0,CONTROL_V2_FILLED_STOP,2023-03-22T15:45:00Z,M5_BROKEN_CONTROL_FIRST_RETEST,1939.78,True,b2ba82ecda8063622943cf6f7b810d6c304824934548613ba0f1d67ff08ea72f,1.0085178875638763,0.45315161839864193,2023_03,-1.0,-1.0,STOP,2023-03-22T17:14:00Z,STOP,95cdce70309031519bbc84aafd7ba1b84ad400073ff0bb1fd0e9811dd6c12a1b,2023-03-22T17:14:00Z,FIRST_RETEST_FILLED,2023-03-22T15:55:00Z,2023-03-22T15:45:00Z,1939.78,True,True,INITIAL_CONFIRMATION_STOP,a60cbc238952818cb8ba227a58d67292d78173c80e7ff7114fcac782cda0c942,f7e4ed1c97d6913fe2b57f8d0e4abe94049aa1154f4e39db6faa35309ad9918c,1945.65,,,,CONTROL_V2_FILLED_STOP,False,,2023-03-22T15:40:00Z,1945.65,1934.27,d9696cd527fee23ca11936840386786a6dcb52ed0d3f1f52067409b65ccc323d
fa169abf0905a08fd4511af78a508441dcffcd8e8d4a2668e0e1c96d61739750,1939.78,2023-03-22T15:40:00Z,3a2c72802ee2237c45f1b05a063a9bc15fcc6bb0970e3dcfb11875280ead987f,2023-03-22T15:40:00Z,1939.24,1945.65,2023-04-01T00:00:00Z,2023-03-22T15:00:00Z,0.0,SHORT,0.5923334076220059,-50.0,M5_LATEST_CONFIRMED_OPPOSING_SWING_ELSE_CONTROL,2023-03-22T15:45:00Z,M5_BROKEN_CONTROL_FIRST_RETEST,1939.78,True,05ad092b9d9b75afad9f95fdfa6e5da4e1427e078b6e5602c168dc2a62e8abb1,1.0224581103605355,0.8167383103781284,2023_03,-1.0,-1.0,STOP,2023-03-22T17:14:00Z,STOP,59686e6403bbdae9cbea8df86c7593b1a0b6ba1bdc0d1aa3824455088a082b1f,2023-03-22T16:32:00Z,FIRST_RETEST_FILLED,2023-03-22T15:55:00Z,2023-03-22T15:45:00Z,1939.78,True,True,INITIAL_CONFIRMATION_STOP,c9ab47fbf3831778ea42dbe55ef9c525d38839abea68a69570e268dd306a37fc,f7e4ed1c97d6913fe2b57f8d0e4abe94049aa1154f4e39db6faa35309ad9918c,1943.0368571428571,1.7371428571428364,0.08685714285714183,,M5_LATEST_CONFIRMED_OPPOSING_SWING_ELSE_CONTROL,True,9beecd6bc7b39a62c1d8dab436dbdd83e46c39e31a383895a603c34c8c22477f,2023-03-22T15:35:00Z,1942.95,1934.27,d9696cd527fee23ca11936840386786a6dcb52ed0d3f1f52067409b65ccc323d
fa169abf0905a08fd4511af78a508441dcffcd8e8d4a2668e0e1c96d61739750,1939.78,2023-03-22T15:40:00Z,3a2c72802ee2237c45f1b05a063a9bc15fcc6bb0970e3dcfb11875280ead987f,2023-03-22T15:40:00Z,1939.24,1945.65,2023-04-01T00:00:00Z,2023-03-22T15:00:00Z,0.0,SHORT,1.0,-50.0,CONTROL_V2_FILLED_STOP,2023-03-22T15:45:00Z,M5_BROKEN_CONTROL_FIRST_RETEST,1939.78,True,d35e89d7a4d7a6c959a936f1a7606e5af4b3c24e45a8555c7134059a1f2309b7,1.0085178875638763,0.45315161839864193,2023_03,-1.0,-1.0,STOP,2023-03-22T17:14:00Z,STOP,158ed72085edb475fb3ff69caf0f08e1f8a7afc84f2037e1e04c052ee6fb5a83,2023-03-22T17:14:00Z,FIRST_RETEST_FILLED,2023-03-22T15:55:00Z,2023-03-22T15:45:00Z,1939.78,True,True,INITIAL_CONFIRMATION_STOP,429534d282ab778f0a9b59c17f4d62460ec6759da9e7c4a01c4f133f4d51f5fe,f7e4ed1c97d6913fe2b57f8d0e4abe94049aa1154f4e39db6faa35309ad9918c,1945.65,2.6728571428570995,0.13364285714285498,NOT_STRICTLY_CLOSER_THAN_CONTROL,M15_LATEST_CONFIRMED_OPPOSING_SWING_ELSE_CONTROL,False,ecf96bcf931a061738f2e032b905734213dd56727d76ea9a312e6fa043cb4bf0,2023-03-22T13:15:00Z,1945.65,1934.27,d9696cd527fee23ca11936840386786a6dcb52ed0d3f1f52067409b65ccc323d
fa169abf0905a08fd4511af78a508441dcffcd8e8d4a2668e0e1c96d61739750,1939.78,2023-03-22T15:40:00Z,3a2c72802ee2237c45f1b05a063a9bc15fcc6bb0970e3dcfb11875280ead987f,2023-03-22T15:40:00Z,1939.24,1945.65,2023-04-01T00:00:00Z,2023-03-22T15:00:00Z,0.0,SHORT,1.0,-50.0,CONTROL_V2_FILLED_STOP,2023-03-22T15:45:00Z,M5_BROKEN_CONTROL_FIRST_RETEST,1939.78,True,138bb31d71034d8d5821f5e58fb7e8064f3d1c488049fe5a263d690a8f9fe42c,1.0085178875638763,0.45315161839864193,2023_03,-1.0,-1.0,STOP,2023-03-22T17:14:00Z,STOP,30594aa23248c841dc2925d6cbfdb72f8b513b9aabed300bd180d2eec218efd7,2023-03-22T17:14:00Z,FIRST_RETEST_FILLED,2023-03-22T15:55:00Z,2023-03-22T15:45:00Z,1939.78,True,True,INITIAL_CONFIRMATION_STOP,5000b36fecf9c6a5447e2202dc926fddebae82ef1859ffb218148485a596ed6d,f7e4ed1c97d6913fe2b57f8d0e4abe94049aa1154f4e39db6faa35309ad9918c,1945.65,4.244999999999989,0.21224999999999944,NOT_STRICTLY_CLOSER_THAN_CONTROL,H1_SOURCE_SWING_BUFFERED_ELSE_CONTROL,False,f7e4ed1c97d6913fe2b57f8d0e4abe94049aa1154f4e39db6faa35309ad9918c,2023-03-22T15:00:00Z,1945.65,1934.27,d9696cd527fee23ca11936840386786a6dcb52ed0d3f1f52067409b65ccc323d
fa169abf0905a08fd4511af78a508441dcffcd8e8d4a2668e0e1c96d61739750,1939.78,2023-03-22T15:40:00Z,3a2c72802ee2237c45f1b05a063a9bc15fcc6bb0970e3dcfb11875280ead987f,2023-03-22T15:40:00Z,1939.24,1945.65,2023-04-01T00:00:00Z,2023-03-22T15:00:00Z,0.0,SHORT,1.0,-50.0,CONTROL_V2_FILLED_STOP,2023-03-22T15:40:00Z,CONFIRMED_25_75_RETEST_SPLIT,1939.24,True,b2ba82ecda8063622943cf6f7b810d6c304824934548613ba0f1d67ff08ea72f,1.0083384936760256,0.4225470211312783,2023_03,-1.0,-1.0,STOP,2023-03-22T17:14:00Z,SPLIT_STOP_STOP,cf0a4607176a1f279520fc988bd7865030653d898220906691023b8a8f3149d2,2023-03-22T17:14:00Z,FIRST_RETEST_FILLED,2023-03-22T15:55:00Z,2023-03-22T15:45:00Z,1939.78,True,True,INITIAL_CONFIRMATION_STOP,1e1fa0d8c3915c909a20af4540eb785084250de5e62d8a2ad741054b2e81262a,f7e4ed1c97d6913fe2b57f8d0e4abe94049aa1154f4e39db6faa35309ad9918c,1945.65,,,,CONTROL_V2_FILLED_STOP,False,,2023-03-22T15:40:00Z,1945.65,1934.27,d9696cd527fee23ca11936840386786a6dcb52ed0d3f1f52067409b65ccc323d
fa169abf0905a08fd4511af78a508441dcffcd8e8d4a2668e0e1c96d61739750,1939.78,2023-03-22T15:40:00Z,3a2c72802ee2237c45f1b05a063a9bc15fcc6bb0970e3dcfb11875280ead987f,2023-03-22T15:40:00Z,1939.24,1945.65,2023-04-01T00:00:00Z,2023-03-22T15:00:00Z,0.0,SHORT,0.5923334076220059,-50.0,M5_LATEST_CONFIRMED_OPPOSING_SWING_ELSE_CONTROL,2023-03-22T15:40:00Z,CONFIRMED_25_75_RETEST_SPLIT,1939.24,True,05ad092b9d9b75afad9f95fdfa6e5da4e1427e078b6e5602c168dc2a62e8abb1,1.0216595960144332,0.7521428666537235,2023_03,-1.0,-1.0,STOP,2023-03-22T17:14:00Z,SPLIT_STOP_STOP,86bf1f019d75db33137836b20d8d3e2ce2628c8c57bac4174d9ec9e9eb1e9e4a,2023-03-22T16:32:00Z,FIRST_RETEST_FILLED,2023-03-22T15:55:00Z,2023-03-22T15:45:00Z,1939.78,True,True,INITIAL_CONFIRMATION_STOP,69e428b52520fa47752a5fac5b87d5dd112812bdb7f35c0c818928e354ec6eaa,f7e4ed1c97d6913fe2b57f8d0e4abe94049aa1154f4e39db6faa35309ad9918c,1943.0368571428571,1.7371428571428364,0.08685714285714183,,M5_LATEST_CONFIRMED_OPPOSING_SWING_ELSE_CONTROL,True,9beecd6bc7b39a62c1d8dab436dbdd83e46c39e31a383895a603c34c8c22477f,2023-03-22T15:35:00Z,1942.95,1934.27,d9696cd527fee23ca11936840386786a6dcb52ed0d3f1f52067409b65ccc323d
fa169abf0905a08fd4511af78a508441dcffcd8e8d4a2668e0e1c96d61739750,1939.78,2023-03-22T15:40:00Z,3a2c72802ee2237c45f1b05a063a9bc15fcc6bb0970e3dcfb11875280ead987f,2023-03-22T15:40:00Z,1939.24,1945.65,2023-04-01T00:00:00Z,2023-03-22T15:00:00Z,0.0,SHORT,1.0,-50.0,CONTROL_V2_FILLED_STOP,2023-03-22T15:40:00Z,CONFIRMED_25_75_RETEST_SPLIT,1939.24,True,d35e89d7a4d7a6c959a936f1a7606e5af4b3c24e45a8555c7134059a1f2309b7,1.0083384936760256,0.4225470211312783,2023_03,-1.0,-1.0,STOP,2023-03-22T17:14:00Z,SPLIT_STOP_STOP,0b54385d6c43894cd8fbb36468905058c0ac2831b5f240e0e48fdf5d07f6fd2a,2023-03-22T17:14:00Z,FIRST_RETEST_FILLED,2023-03-22T15:55:00Z,2023-03-22T15:45:00Z,1939.78,True,True,INITIAL_CONFIRMATION_STOP,85e74826979b2363ff4313d5a254d37e1cd106067596b9d018645a08dc9dd9bb,f7e4ed1c97d6913fe2b57f8d0e4abe94049aa1154f4e39db6faa35309ad9918c,1945.65,2.6728571428570995,0.13364285714285498,NOT_STRICTLY_CLOSER_THAN_CONTROL,M15_LATEST_CONFIRMED_OPPOSING_SWING_ELSE_CONTROL,False,ecf96bcf931a061738f2e032b905734213dd56727d76ea9a312e6fa043cb4bf0,2023-03-22T13:15:00Z,1945.65,1934.27,d9696cd527fee23ca11936840386786a6dcb52ed0d3f1f52067409b65ccc323d
fa169abf0905a08fd4511af78a508441dcffcd8e8d4a2668e0e1c96d61739750,1939.78,2023-03-22T15:40:00Z,3a2c72802ee2237c45f1b05a063a9bc15fcc6bb0970e3dcfb11875280ead987f,2023-03-22T15:40:00Z,1939.24,1945.65,2023-04-01T00:00:00Z,2023-03-22T15:00:00Z,0.0,SHORT,1.0,-50.0,CONTROL_V2_FILLED_STOP,2023-03-22T15:40:00Z,CONFIRMED_25_75_RETEST_SPLIT,1939.24,True,138bb31d71034d8d5821f5e58fb7e8064f3d1c488049fe5a263d690a8f9fe42c,1.0083384936760256,0.4225470211312783,2023_03,-1.0,-1.0,STOP,2023-03-22T17:14:00Z,SPLIT_STOP_STOP,3192484f155c144c9f422f64e82267bb3661702752fda72fbe7edf18b3976e2a,2023-03-22T17:14:00Z,FIRST_RETEST_FILLED,2023-03-22T15:55:00Z,2023-03-22T15:45:00Z,1939.78,True,True,INITIAL_CONFIRMATION_STOP,5b02b1feba5bf886e5573ebc9afea0cb1ab8a6a978ce058b2dea81970b85f804,f7e4ed1c97d6913fe2b57f8d0e4abe94049aa1154f4e39db6faa35309ad9918c,1945.65,4.244999999999989,0.21224999999999944,NOT_STRICTLY_CLOSER_THAN_CONTROL,H1_SOURCE_SWING_BUFFERED_ELSE_CONTROL,False,f7e4ed1c97d6913fe2b57f8d0e4abe94049aa1154f4e39db6faa35309ad9918c,2023-03-22T15:00:00Z,1945.65,1934.27,d9696cd527fee23ca11936840386786a6dcb52ed0d3f1f52067409b65ccc323d
ad3b8347d64eb37562a93bdee87bee3eb85f3e3290eefac3a995a876ff5809e5,1976.12,2023-03-23T11:25:00Z,a52b3c7bffe8f84bdeb7a68634db582429b0acb18ff5be99fab9574ec84ad3a8,2023-03-23T11:25:00Z,1975.86,1983.66,2023-04-01T00:00:00Z,2023-03-23T03:00:00Z,0.0,SHORT,1.0,-50.0,CONTROL_V2_FILLED_STOP,2023-03-23T11:25:00Z,CONTROL_NEXT_M1_OPEN,1975.86,True,97db0186f93dc8c61d4af4e2c15469860efb8c44adfeed4054f8c5b72543d2bd,1.0948717948717939,1.1794871794871287,2023_03,-1.0,-1.0,STOP,2023-03-23T16:56:00Z,STOP,4afd69574d29e6e142ba466a63bf1e77bb3710b9e3003af225d185b3b2b49a9a,2023-03-23T16:56:00Z,FIRST_RETEST_FILLED,2023-03-23T11:40:00Z,2023-03-23T11:30:00Z,1976.12,True,False,RECLAIM_CONFIRMATION_STOP,978591db360639834c170d69373aa168490d18aef5bb347994ef1fd39c0a851c,63230140f951dd97d24d24543055ba888e2ea3180d3e9fbfe669bb526a357257,1983.66,,,,CONTROL_V2_FILLED_STOP,False,,2023-03-23T11:25:00Z,1983.66,1944.87,f90838680f2b532e4cd4354af62d3535c6f664757b9db940eed0e47faaa7ed4e
ad3b8347d64eb37562a93bdee87bee3eb85f3e3290eefac3a995a876ff5809e5,1976.12,2023-03-23T11:25:00Z,a52b3c7bffe8f84bdeb7a68634db582429b0acb18ff5be99fab9574ec84ad3a8,2023-03-23T11:25:00Z,1975.86,1983.66,2023-04-01T00:00:00Z,2023-03-23T03:00:00Z,0.0,SHORT,0.4056410256410437,-50.0,M5_LATEST_CONFIRMED_OPPOSING_SWING_ELSE_CONTROL,2023-03-23T11:25:00Z,CONTROL_NEXT_M1_OPEN,1975.86,True,77fa953dbca34ecd39cf6251d7fd0dfbd1ac312632608d3f5412962a24d0ec22,1.0176991150441874,0.5056890012641595,2023_03,-1.0,-1.0,STOP,2023-03-23T16:56:00Z,STOP,cb7ca6a1feb4cfc1f093212316751d655dd5f1f5a34bad199600f72574a31002,2023-03-23T13:07:00Z,FIRST_RETEST_FILLED,2023-03-23T11:40:00Z,2023-03-23T11:30:00Z,1976.12,True,False,RECLAIM_CONFIRMATION_STOP,06926dc8d0891443b97cebf17e8a435aab033bbeb53c2d9d676704c97eb67e7d,63230140f951dd97d24d24543055ba888e2ea3180d3e9fbfe669bb526a357257,1979.0240000000001,2.4800000000000018,0.1240000000000001,,M5_LATEST_CONFIRMED_OPPOSING_SWING_ELSE_CONTROL,True,a79076ae6caecbac8cd3521e65d185132cbb29d591e3b7e385c33ec72b461a11,2023-03-23T11:15:00Z,1978.9,1944.87,f90838680f2b532e4cd4354af62d3535c6f664757b9db940eed0e47faaa7ed4e
ad3b8347d64eb37562a93bdee87bee3eb85f3e3290eefac3a995a876ff5809e5,1976.12,2023-03-23T11:25:00Z,a52b3c7bffe8f84bdeb7a68634db582429b0acb18ff5be99fab9574ec84ad3a8,2023-03-23T11:25:00Z,1975.86,1983.66,2023-04-01T00:00:00Z,2023-03-23T03:00:00Z,0.0,SHORT,1.0,-50.0,CONTROL_V2_FILLED_STOP,2023-03-23T11:25:00Z,CONTROL_NEXT_M1_OPEN,1975.86,True,883865a93e7050fb74ae735f82adbcd43da7980f4216c88b3f1b0e8d5477bdde,1.0948717948717939,1.1794871794871287,2023_03,-1.0,-1.0,STOP,2023-03-23T16:56:00Z,STOP,98193a5ebcae5d8e486b1975479107aab487c3754b479e38d6e7c257a333ff33,2023-03-23T16:56:00Z,FIRST_RETEST_FILLED,2023-03-23T11:40:00Z,2023-03-23T11:30:00Z,1976.12,True,False,RECLAIM_CONFIRMATION_STOP,706a4d8ef2f2f34a6750c4fc09fbc031b0a71658dae77f5ba1022d3ccb84f5a1,63230140f951dd97d24d24543055ba888e2ea3180d3e9fbfe669bb526a357257,1983.66,3.532857142857178,0.1766428571428589,NOT_STRICTLY_CLOSER_THAN_CONTROL,M15_LATEST_CONFIRMED_OPPOSING_SWING_ELSE_CONTROL,False,0d6199f18a89a01fad761b748220f3f2f8848d710fa321d6e24cb98a073c54ed,2023-03-23T11:00:00Z,1983.64,1944.87,f90838680f2b532e4cd4354af62d3535c6f664757b9db940eed0e47faaa7ed4e
ad3b8347d64eb37562a93bdee87bee3eb85f3e3290eefac3a995a876ff5809e5,1976.12,2023-03-23T11:25:00Z,a52b3c7bffe8f84bdeb7a68634db582429b0acb18ff5be99fab9574ec84ad3a8,2023-03-23T11:25:00Z,1975.86,1983.66,2023-04-01T00:00:00Z,2023-03-23T03:00:00Z,0.0,SHORT,0.44076465201464554,-50.0,H1_SOURCE_SWING_BUFFERED_ELSE_CONTROL,2023-03-23T11:25:00Z,CONTROL_NEXT_M1_OPEN,1975.86,True,b40a21455cdb3a9406aad7743e89125a452f7dc38a192a8292ed4f18d72fea9c,1.0151356180463875,0.4653916873564824,2023_03,-1.0,-1.0,STOP,2023-03-23T16:56:00Z,STOP,e1eded54d14e7a1f42569482793d6f1494b71d762ad145274bd6093cf2650afa,2023-03-23T13:08:00Z,FIRST_RETEST_FILLED,2023-03-23T11:40:00Z,2023-03-23T11:30:00Z,1976.12,True,False,RECLAIM_CONFIRMATION_STOP,fd3ef2ca9547883dbf56974e81ff5b68dc25187a932a1aa5b30cf0dcfe99f7f6,63230140f951dd97d24d24543055ba888e2ea3180d3e9fbfe669bb526a357257,1979.2979642857142,8.759285714285706,0.43796428571428536,,H1_SOURCE_SWING_BUFFERED_ELSE_CONTROL,True,63230140f951dd97d24d24543055ba888e2ea3180d3e9fbfe669bb526a357257,2023-03-23T03:00:00Z,1978.86,1944.87,f90838680f2b532e4cd4354af62d3535c6f664757b9db940eed0e47faaa7ed4e
ad3b8347d64eb37562a93bdee87bee3eb85f3e3290eefac3a995a876ff5809e5,1976.12,2023-03-23T11:25:00Z,a52b3c7bffe8f84bdeb7a68634db582429b0acb18ff5be99fab9574ec84ad3a8,2023-03-23T11:25:00Z,1975.86,1983.66,2023-04-01T00:00:00Z,2023-03-23T03:00:00Z,0.0,SHORT,1.0,-50.0,CONTROL_V2_FILLED_STOP,2023-03-23T11:30:00Z,M5_BROKEN_CONTROL_FIRST_RETEST,1976.12,True,97db0186f93dc8c61d4af4e2c15469860efb8c44adfeed4054f8c5b72543d2bd,1.0981432360742693,1.2546419098142665,2023_03,-1.0,-1.0,STOP,2023-03-23T16:56:00Z,STOP,a83f92e6c9deb0d617a4a9b66450ba16f22296d66e4e8658875d9de89fd8cd5e,2023-03-23T16:56:00Z,FIRST_RETEST_FILLED,2023-03-23T11:40:00Z,2023-03-23T11:30:00Z,1976.12,True,True,RECLAIM_CONFIRMATION_STOP,00bcae8b665b3267f949b637e7e62e447eefa70099593d31d832c46b085d59ee,63230140f951dd97d24d24543055ba888e2ea3180d3e9fbfe669bb526a357257,1983.66,,,,CONTROL_V2_FILLED_STOP,False,,2023-03-23T11:25:00Z,1983.66,1944.87,f90838680f2b532e4cd4354af62d3535c6f664757b9db940eed0e47faaa7ed4e
ad3b8347d64eb37562a93bdee87bee3eb85f3e3290eefac3a995a876ff5809e5,1976.12,2023-03-23T11:25:00Z,a52b3c7bffe8f84bdeb7a68634db582429b0acb18ff5be99fab9574ec84ad3a8,2023-03-23T11:25:00Z,1975.86,1983.66,2023-04-01T00:00:00Z,2023-03-23T03:00:00Z,0.0,SHORT,0.4056410256410437,-50.0,M5_LATEST_CONFIRMED_OPPOSING_SWING_ELSE_CONTROL,2023-03-23T11:30:00Z,M5_BROKEN_CONTROL_FIRST_RETEST,1976.12,True,77fa953dbca34ecd39cf6251d7fd0dfbd1ac312632608d3f5412962a24d0ec22,1.0192837465564077,0.4614325068869886,2023_03,-1.0,-1.0,STOP,2023-03-23T16:56:00Z,STOP,af53261733eaee7e9bb1950137ae9675e29b432e3fd6c90771b036ce1a8fbd55,2023-03-23T13:07:00Z,FIRST_RETEST_FILLED,2023-03-23T11:40:00Z,2023-03-23T11:30:00Z,1976.12,True,True,RECLAIM_CONFIRMATION_STOP,c29cbe4653c0c2d60b873826c449deb5a715fba80e34d35585a3edc2fef4c88c,63230140f951dd97d24d24543055ba888e2ea3180d3e9fbfe669bb526a357257,1979.0240000000001,2.4800000000000018,0.1240000000000001,,M5_LATEST_CONFIRMED_OPPOSING_SWING_ELSE_CONTROL,True,a79076ae6caecbac8cd3521e65d185132cbb29d591e3b7e385c33ec72b461a11,2023-03-23T11:15:00Z,1978.9,1944.87,f90838680f2b532e4cd4354af62d3535c6f664757b9db940eed0e47faaa7ed4e
ad3b8347d64eb37562a93bdee87bee3eb85f3e3290eefac3a995a876ff5809e5,1976.12,2023-03-23T11:25:00Z,a52b3c7bffe8f84bdeb7a68634db582429b0acb18ff5be99fab9574ec84ad3a8,2023-03-23T11:25:00Z,1975.86,1983.66,2023-04-01T00:00:00Z,2023-03-23T03:00:00Z,0.0,SHORT,1.0,-50.0,CONTROL_V2_FILLED_STOP,2023-03-23T11:30:00Z,M5_BROKEN_CONTROL_FIRST_RETEST,1976.12,True,883865a93e7050fb74ae735f82adbcd43da7980f4216c88b3f1b0e8d5477bdde,1.0981432360742693,1.2546419098142665,2023_03,-1.0,-1.0,STOP,2023-03-23T16:56:00Z,STOP,fce8c62057ab4c0bd811b42b1615e02fea4feb78957ecac9dd9d35eb59d05f6a,2023-03-23T16:56:00Z,FIRST_RETEST_FILLED,2023-03-23T11:40:00Z,2023-03-23T11:30:00Z,1976.12,True,True,RECLAIM_CONFIRMATION_STOP,e1c3096cb841b83dcf38985d47bb0099c92c8a9f6c0893baf7808869bccbd9d4,63230140f951dd97d24d24543055ba888e2ea3180d3e9fbfe669bb526a357257,1983.66,3.532857142857178,0.1766428571428589,NOT_STRICTLY_CLOSER_THAN_CONTROL,M15_LATEST_CONFIRMED_OPPOSING_SWING_ELSE_CONTROL,False,0d6199f18a89a01fad761b748220f3f2f8848d710fa321d6e24cb98a073c54ed,2023-03-23T11:00:00Z,1983.64,1944.87,f90838680f2b532e4cd4354af62d3535c6f664757b9db940eed0e47faaa7ed4e
ad3b8347d64eb37562a93bdee87bee3eb85f3e3290eefac3a995a876ff5809e5,1976.12,2023-03-23T11:25:00Z,a52b3c7bffe8f84bdeb7a68634db582429b0acb18ff5be99fab9574ec84ad3a8,2023-03-23T11:25:00Z,1975.86,1983.66,2023-04-01T00:00:00Z,2023-03-23T03:00:00Z,0.0,SHORT,0.44076465201464554,-50.0,H1_SOURCE_SWING_BUFFERED_ELSE_CONTROL,2023-03-23T11:30:00Z,M5_BROKEN_CONTROL_FIRST_RETEST,1976.12,True,b40a21455cdb3a9406aad7743e89125a452f7dc38a192a8292ed4f18d72fea9c,1.0163739141184205,0.42165357427820205,2023_03,-1.0,-1.0,STOP,2023-03-23T16:56:00Z,STOP,00205e9a68179ab016d966dd4a61c4d0a7502f53dfc43141ad761333dc8a1096,2023-03-23T13:08:00Z,FIRST_RETEST_FILLED,2023-03-23T11:40:00Z,2023-03-23T11:30:00Z,1976.12,True,True,RECLAIM_CONFIRMATION_STOP,5439df57e45ccd1288385e7910655fc486f026216a9b3e98e3d4bfbab2a32d1b,63230140f951dd97d24d24543055ba888e2ea3180d3e9fbfe669bb526a357257,1979.2979642857142,8.759285714285706,0.43796428571428536,,H1_SOURCE_SWING_BUFFERED_ELSE_CONTROL,True,63230140f951dd97d24d24543055ba888e2ea3180d3e9fbfe669bb526a357257,2023-03-23T03:00:00Z,1978.86,1944.87,f90838680f2b532e4cd4354af62d3535c6f664757b9db940eed0e47faaa7ed4e
ad3b8347d64eb37562a93bdee87bee3eb85f3e3290eefac3a995a876ff5809e5,1976.12,2023-03-23T11:25:00Z,a52b3c7bffe8f84bdeb7a68634db582429b0acb18ff5be99fab9574ec84ad3a8,2023-03-23T11:25:00Z,1975.86,1983.66,2023-04-01T00:00:00Z,2023-03-23T03:00:00Z,0.0,SHORT,1.0,-50.0,CONTROL_V2_FILLED_STOP,2023-03-23T11:25:00Z,CONFIRMED_25_75_RETEST_SPLIT,1975.86,True,97db0186f93dc8c61d4af4e2c15469860efb8c44adfeed4054f8c5b72543d2bd,1.0973253757736505,1.235853227232482,2023_03,-1.0,-1.0,STOP,2023-03-23T16:56:00Z,SPLIT_STOP_STOP,7b9c8bf81937b4e26cd4cd6d43a13b5c5b2e3391d9e7663a595a46684a26d49d,2023-03-23T16:56:00Z,FIRST_RETEST_FILLED,2023-03-23T11:40:00Z,2023-03-23T11:30:00Z,1976.12,True,True,RECLAIM_CONFIRMATION_STOP,72e1e363bd91a4578b2f766aeb0aa077e755404fae85be996eef4e37dee5488d,63230140f951dd97d24d24543055ba888e2ea3180d3e9fbfe669bb526a357257,1983.66,,,,CONTROL_V2_FILLED_STOP,False,,2023-03-23T11:25:00Z,1983.66,1944.87,f90838680f2b532e4cd4354af62d3535c6f664757b9db940eed0e47faaa7ed4e
ad3b8347d64eb37562a93bdee87bee3eb85f3e3290eefac3a995a876ff5809e5,1976.12,2023-03-23T11:25:00Z,a52b3c7bffe8f84bdeb7a68634db582429b0acb18ff5be99fab9574ec84ad3a8,2023-03-23T11:25:00Z,1975.86,1983.66,2023-04-01T00:00:00Z,2023-03-23T03:00:00Z,0.0,SHORT,0.4056410256410437,-50.0,M5_LATEST_CONFIRMED_OPPOSING_SWING_ELSE_CONTROL,2023-03-23T11:25:00Z,CONFIRMED_25_75_RETEST_SPLIT,1975.86,True,77fa953dbca34ecd39cf6251d7fd0dfbd1ac312632608d3f5412962a24d0ec22,1.0188875886783526,0.4724966304812813,2023_03,-1.0,-1.0,STOP,2023-03-23T16:56:00Z,SPLIT_STOP_STOP,1b24246dc9afcb976e460ee1a16685ba3124658e429a884c31f6d04a18b0f837,2023-03-23T13:07:00Z,FIRST_RETEST_FILLED,2023-03-23T11:40:00Z,2023-03-23T11:30:00Z,1976.12,True,True,RECLAIM_CONFIRMATION_STOP,4f4a8a0246bb29dd6ef2d61e72fea865d08b0168846f5b7c1de76148542d9c66,63230140f951dd97d24d24543055ba888e2ea3180d3e9fbfe669bb526a357257,1979.0240000000001,2.4800000000000018,0.1240000000000001,,M5_LATEST_CONFIRMED_OPPOSING_SWING_ELSE_CONTROL,True,a79076ae6caecbac8cd3521e65d185132cbb29d591e3b7e385c33ec72b461a11,2023-03-23T11:15:00Z,1978.9,1944.87,f90838680f2b532e4cd4354af62d3535c6f664757b9db940eed0e47faaa7ed4e
ad3b8347d64eb37562a93bdee87bee3eb85f3e3290eefac3a995a876ff5809e5,1976.12,2023-03-23T11:25:00Z,a52b3c7bffe8f84bdeb7a68634db582429b0acb18ff5be99fab9574ec84ad3a8,2023-03-23T11:25:00Z,1975.86,1983.66,2023-04-01T00:00:00Z,2023-03-23T03:00:00Z,0.0,SHORT,1.0,-50.0,CONTROL_V2_FILLED_STOP,2023-03-23T11:25:00Z,CONFIRMED_25_75_RETEST_SPLIT,1975.86,True,883865a93e7050fb74ae735f82adbcd43da7980f4216c88b3f1b0e8d5477bdde,1.0973253757736505,1.235853227232482,2023_03,-1.0,-1.0,STOP,2023-03-23T16:56:00Z,SPLIT_STOP_STOP,5e2753c7196db63411e56f6d84dc76c17c21d116b3d18d3453145fbffe7d0b77,2023-03-23T16:56:00Z,FIRST_RETEST_FILLED,2023-03-23T11:40:00Z,2023-03-23T11:30:00Z,1976.12,True,True,RECLAIM_CONFIRMATION_STOP,60199270f5fd36aa006b543748827bd3b717d5693c0e00fd4ea28893f2be0348,63230140f951dd97d24d24543055ba888e2ea3180d3e9fbfe669bb526a357257,1983.66,3.532857142857178,0.1766428571428589,NOT_STRICTLY_CLOSER_THAN_CONTROL,M15_LATEST_CONFIRMED_OPPOSING_SWING_ELSE_CONTROL,False,0d6199f18a89a01fad761b748220f3f2f8848d710fa321d6e24cb98a073c54ed,2023-03-23T11:00:00Z,1983.64,1944.87,f90838680f2b532e4cd4354af62d3535c6f664757b9db940eed0e47faaa7ed4e
ad3b8347d64eb37562a93bdee87bee3eb85f3e3290eefac3a995a876ff5809e5,1976.12,2023-03-23T11:25:00Z,a52b3c7bffe8f84bdeb7a68634db582429b0acb18ff5be99fab9574ec84ad3a8,2023-03-23T11:25:00Z,1975.86,1983.66,2023-04-01T00:00:00Z,2023-03-23T03:00:00Z,0.0,SHORT,0.44076465201464554,-50.0,H1_SOURCE_SWING_BUFFERED_ELSE_CONTROL,2023-03-23T11:25:00Z,CONFIRMED_25_75_RETEST_SPLIT,1975.86,True,b40a21455cdb3a9406aad7743e89125a452f7dc38a192a8292ed4f18d72fea9c,1.0160643401004121,0.43258810254777214,2023_03,-1.0,-1.0,STOP,2023-03-23T16:56:00Z,SPLIT_STOP_STOP,5fcb2090f46b989f70e1c6bb6c743c55810ca1d502a019f24d7e1be7e969f1e2,2023-03-23T13:08:00Z,FIRST_RETEST_FILLED,2023-03-23T11:40:00Z,2023-03-23T11:30:00Z,1976.12,True,True,RECLAIM_CONFIRMATION_STOP,6abba50378019febbc9ddf3d76aeb4574e40d014ba160e1b06ee02978512c42f,63230140f951dd97d24d24543055ba888e2ea3180d3e9fbfe669bb526a357257,1979.2979642857142,8.759285714285706,0.43796428571428536,,H1_SOURCE_SWING_BUFFERED_ELSE_CONTROL,True,63230140f951dd97d24d24543055ba888e2ea3180d3e9fbfe669bb526a357257,2023-03-23T03:00:00Z,1978.86,1944.87,f90838680f2b532e4cd4354af62d3535c6f664757b9db940eed0e47faaa7ed4e
11c3bdabf14305c18c92acba26c46f65d1d31cd4ee595c376e61567f887a50fe,1975.24,2023-03-23T15:35:00Z,2f9c4cb3dd20ff8f7f1d0ec4e22914d803866fed33bc9b7ff77e512ae3ca9dd0,2023-03-23T15:35:00Z,1975.1,1983.64,2023-04-01T00:00:00Z,2023-03-23T13:00:00Z,0.0,SHORT,1.0,-50.0,CONTROL_V2_FILLED_STOP,2023-03-23T15:35:00Z,CONTROL_NEXT_M1_OPEN,1975.1,True,857d54e315dd9971279e8c87ce2900ab21ffbd80a8a4c0e16304a2a449dbcbc8,1.0889929742388729,0.9882903981264214,2023_03,-1.0,-1.0,STOP,2023-03-23T16:56:00Z,STOP,ff217513ad7bf89c3d4d5ab84c11190f10243906836663cc675d13cec2049572,2023-03-23T16:56:00Z,FIRST_RETEST_FILLED,2023-03-23T15:50:00Z,2023-03-23T15:35:00Z,1975.24,True,False,INITIAL_CONFIRMATION_STOP,406cdd10db3e44d3507ac6166353c6288205f481e543b5bd6faf7e591b41110d,a941f9a47ef14e3d7dc2ab57d8520a91799e9aba25e0b36dbc0ac8b844d3e6ee,1983.64,,,,CONTROL_V2_FILLED_STOP,False,,2023-03-23T15:35:00Z,1983.64,1944.87,bd0838cdb88335d94ef0a234c5051093ce0030244215dce8b9aeef78d808849a
11c3bdabf14305c18c92acba26c46f65d1d31cd4ee595c376e61567f887a50fe,1975.24,2023-03-23T15:35:00Z,2f9c4cb3dd20ff8f7f1d0ec4e22914d803866fed33bc9b7ff77e512ae3ca9dd0,2023-03-23T15:35:00Z,1975.1,1983.64,2023-04-01T00:00:00Z,2023-03-23T13:00:00Z,0.0,SHORT,0.46810388089662947,-50.0,M5_LATEST_CONFIRMED_OPPOSING_SWING_ELSE_CONTROL,2023-03-23T15:35:00Z,CONTROL_NEXT_M1_OPEN,1975.1,True,44b5bea4a628ce9bcdb7d7ffcaf5d62c981edc0b85f828077e589a78a874e494,1.125673393905237,2.1112629876800013,2023_03,-1.0,-1.0,STOP,2023-03-23T16:56:00Z,STOP,608fbaa1e8f9f6f045b2c04162c09a789fb0fad6831d924761dfc17b64c63436,2023-03-23T16:41:00Z,FIRST_RETEST_FILLED,2023-03-23T15:50:00Z,2023-03-23T15:35:00Z,1975.24,True,False,INITIAL_CONFIRMATION_STOP,1421b628d440f1ee8f7f2a2b6b99d578e846d696e2bcdf7b27361e123646a251,a941f9a47ef14e3d7dc2ab57d8520a91799e9aba25e0b36dbc0ac8b844d3e6ee,1979.0976071428572,1.7521428571428228,0.08760714285714115,,M5_LATEST_CONFIRMED_OPPOSING_SWING_ELSE_CONTROL,True,22c616395a26a27a43a0ee7b79ad513563c2063a4a2978e2a3d8b1e2bd3efba3,2023-03-23T15:15:00Z,1979.01,1944.87,bd0838cdb88335d94ef0a234c5051093ce0030244215dce8b9aeef78d808849a
11c3bdabf14305c18c92acba26c46f65d1d31cd4ee595c376e61567f887a50fe,1975.24,2023-03-23T15:35:00Z,2f9c4cb3dd20ff8f7f1d0ec4e22914d803866fed33bc9b7ff77e512ae3ca9dd0,2023-03-23T15:35:00Z,1975.1,1983.64,2023-04-01T00:00:00Z,2023-03-23T13:00:00Z,0.0,SHORT,0.6686935429909753,-50.0,M15_LATEST_CONFIRMED_OPPOSING_SWING_ELSE_CONTROL,2023-03-23T15:35:00Z,CONTROL_NEXT_M1_OPEN,1975.1,True,cc26d76174b6d0d0cd362993746b39e51c36ee5885a1e14c9c74711ad57a65bf,1.0541720346720633,1.4779421881448604,2023_03,-1.0,-1.0,STOP,2023-03-23T16:56:00Z,STOP,1868694fa65e51407e1f5b1853fc668c208281e276e98b67af64c6fc20a402f0,2023-03-23T16:51:00Z,FIRST_RETEST_FILLED,2023-03-23T15:50:00Z,2023-03-23T15:35:00Z,1975.24,True,False,INITIAL_CONFIRMATION_STOP,4fba39688ce259fbcf6b6c13b3993820f99109ce09e0cd9ba1014e34b72e7be2,a941f9a47ef14e3d7dc2ab57d8520a91799e9aba25e0b36dbc0ac8b844d3e6ee,1980.810642857143,2.612857142857089,0.13064285714285445,,M15_LATEST_CONFIRMED_OPPOSING_SWING_ELSE_CONTROL,True,85db42816ab9efe6c4cb718b8623e0e19789568271941b9b5b8d4d95fa4b35f5,2023-03-23T14:15:00Z,1980.68,1944.87,bd0838cdb88335d94ef0a234c5051093ce0030244215dce8b9aeef78d808849a
11c3bdabf14305c18c92acba26c46f65d1d31cd4ee595c376e61567f887a50fe,1975.24,2023-03-23T15:35:00Z,2f9c4cb3dd20ff8f7f1d0ec4e22914d803866fed33bc9b7ff77e512ae3ca9dd0,2023-03-23T15:35:00Z,1975.1,1983.64,2023-04-01T00:00:00Z,2023-03-23T13:00:00Z,0.0,SHORT,1.0,-50.0,CONTROL_V2_FILLED_STOP,2023-03-23T15:35:00Z,CONTROL_NEXT_M1_OPEN,1975.1,True,169aa24a3d7c3fec20029ecaf5b71e9788f5e03cddbb4ae9de9df42b91104152,1.0889929742388729,0.9882903981264214,2023_03,-1.0,-1.0,STOP,2023-03-23T16:56:00Z,STOP,badd8a2f0cbb84ce4fb3bff4a6c6739560cc913db559af4b9e80338b1f8f1496,2023-03-23T16:56:00Z,FIRST_RETEST_FILLED,2023-03-23T15:50:00Z,2023-03-23T15:35:00Z,1975.24,True,False,INITIAL_CONFIRMATION_STOP,77ac1316de3eea19b3e56c3941faab0140e14cffd8625e62cec684fbf9baeef1,a941f9a47ef14e3d7dc2ab57d8520a91799e9aba25e0b36dbc0ac8b844d3e6ee,1983.64,6.440000000000022,0.3220000000000011,NOT_STRICTLY_CLOSER_THAN_CONTROL,H1_SOURCE_SWING_BUFFERED_ELSE_CONTROL,False,a941f9a47ef14e3d7dc2ab57d8520a91799e9aba25e0b36dbc0ac8b844d3e6ee,2023-03-23T13:00:00Z,1983.64,1944.87,bd0838cdb88335d94ef0a234c5051093ce0030244215dce8b9aeef78d808849a
11c3bdabf14305c18c92acba26c46f65d1d31cd4ee595c376e61567f887a50fe,1975.24,2023-03-23T15:35:00Z,2f9c4cb3dd20ff8f7f1d0ec4e22914d803866fed33bc9b7ff77e512ae3ca9dd0,2023-03-23T15:35:00Z,1975.1,1983.64,2023-04-01T00:00:00Z,2023-03-23T13:00:00Z,0.0,SHORT,1.0,-50.0,CONTROL_V2_FILLED_STOP,2023-03-23T15:35:00Z,M5_BROKEN_CONTROL_FIRST_RETEST,1975.24,True,857d54e315dd9971279e8c87ce2900ab21ffbd80a8a4c0e16304a2a449dbcbc8,1.0904761904761884,1.0214285714285518,2023_03,-1.0,-1.0,STOP,2023-03-23T16:56:00Z,STOP,a439b2e0a53249bfe0dac1a7c45ac1998665168f077dba7996483ce5d7c25379,2023-03-23T16:56:00Z,FIRST_RETEST_FILLED,2023-03-23T15:50:00Z,2023-03-23T15:35:00Z,1975.24,True,True,INITIAL_CONFIRMATION_STOP,50769fabcba6f3f9ad30fc4f43b59269d8858d6b379db4d76201275a8cd53638,a941f9a47ef14e3d7dc2ab57d8520a91799e9aba25e0b36dbc0ac8b844d3e6ee,1983.64,,,,CONTROL_V2_FILLED_STOP,False,,2023-03-23T15:35:00Z,1983.64,1944.87,bd0838cdb88335d94ef0a234c5051093ce0030244215dce8b9aeef78d808849a
11c3bdabf14305c18c92acba26c46f65d1d31cd4ee595c376e61567f887a50fe,1975.24,2023-03-23T15:35:00Z,2f9c4cb3dd20ff8f7f1d0ec4e22914d803866fed33bc9b7ff77e512ae3ca9dd0,2023-03-23T15:35:00Z,1975.1,1983.64,2023-04-01T00:00:00Z,2023-03-23T13:00:00Z,0.0,SHORT,0.46810388089662947,-50.0,M5_LATEST_CONFIRMED_OPPOSING_SWING_ELSE_CONTROL,2023-03-23T15:35:00Z,M5_BROKEN_CONTROL_FIRST_RETEST,1975.24,True,44b5bea4a628ce9bcdb7d7ffcaf5d62c981edc0b85f828077e589a78a874e494,1.1302343236461836,2.224176719468898,2023_03,-1.0,-1.0,STOP,2023-03-23T16:56:00Z,STOP,250d80468e2bb907dfe9ec24e7d433fa7cd825835c22fe8d42ad3d7cc0ae8da3,2023-03-23T16:41:00Z,FIRST_RETEST_FILLED,2023-03-23T15:50:00Z,2023-03-23T15:35:00Z,1975.24,True,True,INITIAL_CONFIRMATION_STOP,57c44f3476a67c7762a3c80fb77fa9e91b473d9f80585356a426a11827c9acf2,a941f9a47ef14e3d7dc2ab57d8520a91799e9aba25e0b36dbc0ac8b844d3e6ee,1979.0976071428572,1.7521428571428228,0.08760714285714115,,M5_LATEST_CONFIRMED_OPPOSING_SWING_ELSE_CONTROL,True,22c616395a26a27a43a0ee7b79ad513563c2063a4a2978e2a3d8b1e2bd3efba3,2023-03-23T15:15:00Z,1979.01,1944.87,bd0838cdb88335d94ef0a234c5051093ce0030244215dce8b9aeef78d808849a
11c3bdabf14305c18c92acba26c46f65d1d31cd4ee595c376e61567f887a50fe,1975.24,2023-03-23T15:35:00Z,2f9c4cb3dd20ff8f7f1d0ec4e22914d803866fed33bc9b7ff77e512ae3ca9dd0,2023-03-23T15:35:00Z,1975.1,1983.64,2023-04-01T00:00:00Z,2023-03-23T13:00:00Z,0.0,SHORT,0.6686935429909753,-50.0,M15_LATEST_CONFIRMED_OPPOSING_SWING_ELSE_CONTROL,2023-03-23T15:35:00Z,M5_BROKEN_CONTROL_FIRST_RETEST,1975.24,True,cc26d76174b6d0d0cd362993746b39e51c36ee5885a1e14c9c74711ad57a65bf,1.0555334726691825,1.5402172101193352,2023_03,-1.0,-1.0,STOP,2023-03-23T16:56:00Z,STOP,7415762f0f642f741789646794ea1d95f03c8de4632befa92449d8a2ffdae117,2023-03-23T16:51:00Z,FIRST_RETEST_FILLED,2023-03-23T15:50:00Z,2023-03-23T15:35:00Z,1975.24,True,True,INITIAL_CONFIRMATION_STOP,24e49e470ae4a12cefd9f51562d55d8c2ad8072ef53110b6ac2de118587fbf49,a941f9a47ef14e3d7dc2ab57d8520a91799e9aba25e0b36dbc0ac8b844d3e6ee,1980.810642857143,2.612857142857089,0.13064285714285445,,M15_LATEST_CONFIRMED_OPPOSING_SWING_ELSE_CONTROL,True,85db42816ab9efe6c4cb718b8623e0e19789568271941b9b5b8d4d95fa4b35f5,2023-03-23T14:15:00Z,1980.68,1944.87,bd0838cdb88335d94ef0a234c5051093ce0030244215dce8b9aeef78d808849a
11c3bdabf14305c18c92acba26c46f65d1d31cd4ee595c376e61567f887a50fe,1975.24,2023-03-23T15:35:00Z,2f9c4cb3dd20ff8f7f1d0ec4e22914d803866fed33bc9b7ff77e512ae3ca9dd0,2023-03-23T15:35:00Z,1975.1,1983.64,2023-04-01T00:00:00Z,2023-03-23T13:00:00Z,0.0,SHORT,1.0,-50.0,CONTROL_V2_FILLED_STOP,2023-03-23T15:35:00Z,M5_BROKEN_CONTROL_FIRST_RETEST,1975.24,True,169aa24a3d7c3fec20029ecaf5b71e9788f5e03cddbb4ae9de9df42b91104152,1.0904761904761884,1.0214285714285518,2023_03,-1.0,-1.0,STOP,2023-03-23T16:56:00Z,STOP,abf136cf129f6fe084668de6563cf8bc3a3262aaba1066badabc5f5beae68b11,2023-03-23T16:56:00Z,FIRST_RETEST_FILLED,2023-03-23T15:50:00Z,2023-03-23T15:35:00Z,1975.24,True,True,INITIAL_CONFIRMATION_STOP,448b7c1b94a6c9ebd212d787f97d754da0aaaecff500ece5f026314b6d5f8894,a941f9a47ef14e3d7dc2ab57d8520a91799e9aba25e0b36dbc0ac8b844d3e6ee,1983.64,6.440000000000022,0.3220000000000011,NOT_STRICTLY_CLOSER_THAN_CONTROL,H1_SOURCE_SWING_BUFFERED_ELSE_CONTROL,False,a941f9a47ef14e3d7dc2ab57d8520a91799e9aba25e0b36dbc0ac8b844d3e6ee,2023-03-23T13:00:00Z,1983.64,1944.87,bd0838cdb88335d94ef0a234c5051093ce0030244215dce8b9aeef78d808849a
11c3bdabf14305c18c92acba26c46f65d1d31cd4ee595c376e61567f887a50fe,1975.24,2023-03-23T15:35:00Z,2f9c4cb3dd20ff8f7f1d0ec4e22914d803866fed33bc9b7ff77e512ae3ca9dd0,2023-03-23T15:35:00Z,1975.1,1983.64,2023-04-01T00:00:00Z,2023-03-23T13:00:00Z,0.0,SHORT,1.0,-50.0,CONTROL_V2_FILLED_STOP,2023-03-23T15:35:00Z,CONFIRMED_25_75_RETEST_SPLIT,1975.1,True,857d54e315dd9971279e8c87ce2900ab21ffbd80a8a4c0e16304a2a449dbcbc8,1.0901053864168595,1.0131440281030193,2023_03,-1.0,-1.0,STOP,2023-03-23T16:56:00Z,SPLIT_STOP_STOP,5466c21446db9e6da1b9683e61988fb313a3b96ab89066f52e049f224ebb3a2e,2023-03-23T16:56:00Z,FIRST_RETEST_FILLED,2023-03-23T15:50:00Z,2023-03-23T15:35:00Z,1975.24,True,True,INITIAL_CONFIRMATION_STOP,83c660e2ee9a6014da6020822d50bdd4b6033bff8dfafd9afbd4b601d0cf2785,a941f9a47ef14e3d7dc2ab57d8520a91799e9aba25e0b36dbc0ac8b844d3e6ee,1983.64,,,,CONTROL_V2_FILLED_STOP,False,,2023-03-23T15:35:00Z,1983.64,1944.87,bd0838cdb88335d94ef0a234c5051093ce0030244215dce8b9aeef78d808849a
11c3bdabf14305c18c92acba26c46f65d1d31cd4ee595c376e61567f887a50fe,1975.24,2023-03-23T15:35:00Z,2f9c4cb3dd20ff8f7f1d0ec4e22914d803866fed33bc9b7ff77e512ae3ca9dd0,2023-03-23T15:35:00Z,1975.1,1983.64,2023-04-01T00:00:00Z,2023-03-23T13:00:00Z,0.0,SHORT,0.46810388089662947,-50.0,M5_LATEST_CONFIRMED_OPPOSING_SWING_ELSE_CONTROL,2023-03-23T15:35:00Z,CONFIRMED_25_75_RETEST_SPLIT,1975.1,True,44b5bea4a628ce9bcdb7d7ffcaf5d62c981edc0b85f828077e589a78a874e494,1.129094091210947,2.195948286521674,2023_03,-1.0,-1.0,STOP,2023-03-23T16:56:00Z,SPLIT_STOP_STOP,047e3684913ec9af0ca129e04bc50a6beedcdedb13e0bd12b264fe5664ce7db2,2023-03-23T16:41:00Z,FIRST_RETEST_FILLED,2023-03-23T15:50:00Z,2023-03-23T15:35:00Z,1975.24,True,True,INITIAL_CONFIRMATION_STOP,8198892541bbb224d9450c4e1a357ac452381a03deee5723928f077552cdeee7,a941f9a47ef14e3d7dc2ab57d8520a91799e9aba25e0b36dbc0ac8b844d3e6ee,1979.0976071428572,1.7521428571428228,0.08760714285714115,,M5_LATEST_CONFIRMED_OPPOSING_SWING_ELSE_CONTROL,True,22c616395a26a27a43a0ee7b79ad513563c2063a4a2978e2a3d8b1e2bd3efba3,2023-03-23T15:15:00Z,1979.01,1944.87,bd0838cdb88335d94ef0a234c5051093ce0030244215dce8b9aeef78d808849a
11c3bdabf14305c18c92acba26c46f65d1d31cd4ee595c376e61567f887a50fe,1975.24,2023-03-23T15:35:00Z,2f9c4cb3dd20ff8f7f1d0ec4e22914d803866fed33bc9b7ff77e512ae3ca9dd0,2023-03-23T15:35:00Z,1975.1,1983.64,2023-04-01T00:00:00Z,2023-03-23T13:00:00Z,0.0,SHORT,0.6686935429909753,-50.0,M15_LATEST_CONFIRMED_OPPOSING_SWING_ELSE_CONTROL,2023-03-23T15:35:00Z,CONFIRMED_25_75_RETEST_SPLIT,1975.1,True,cc26d76174b6d0d0cd362993746b39e51c36ee5885a1e14c9c74711ad57a65bf,1.0551931131699028,1.5246484546257164,2023_03,-1.0,-1.0,STOP,2023-03-23T16:56:00Z,SPLIT_STOP_STOP,ec05576ae3eefaa58ffa514b618499c5fece73029192d0660f0837462b0257f2,2023-03-23T16:51:00Z,FIRST_RETEST_FILLED,2023-03-23T15:50:00Z,2023-03-23T15:35:00Z,1975.24,True,True,INITIAL_CONFIRMATION_STOP,408a6f2b312c086179a62d5ad5ce9f4f0fa74e768beb49f5cda16a15a4180df2,a941f9a47ef14e3d7dc2ab57d8520a91799e9aba25e0b36dbc0ac8b844d3e6ee,1980.810642857143,2.612857142857089,0.13064285714285445,,M15_LATEST_CONFIRMED_OPPOSING_SWING_ELSE_CONTROL,True,85db42816ab9efe6c4cb718b8623e0e19789568271941b9b5b8d4d95fa4b35f5,2023-03-23T14:15:00Z,1980.68,1944.87,bd0838cdb88335d94ef0a234c5051093ce0030244215dce8b9aeef78d808849a
11c3bdabf14305c18c92acba26c46f65d1d31cd4ee595c376e61567f887a50fe,1975.24,2023-03-23T15:35:00Z,2f9c4cb3dd20ff8f7f1d0ec4e22914d803866fed33bc9b7ff77e512ae3ca9dd0,2023-03-23T15:35:00Z,1975.1,1983.64,2023-04-01T00:00:00Z,2023-03-23T13:00:00Z,0.0,SHORT,1.0,-50.0,CONTROL_V2_FILLED_STOP,2023-03-23T15:35:00Z,CONFIRMED_25_75_RETEST_SPLIT,1975.1,True,169aa24a3d7c3fec20029ecaf5b71e9788f5e03cddbb4ae9de9df42b91104152,1.0901053864168595,1.0131440281030193,2023_03,-1.0,-1.0,STOP,2023-03-23T16:56:00Z,SPLIT_STOP_STOP,69f754c3bcdcfb739fdda73bf5f649e0d8212770caae6dc53dbe223b07477609,2023-03-23T16:56:00Z,FIRST_RETEST_FILLED,2023-03-23T15:50:00Z,2023-03-23T15:35:00Z,1975.24,True,True,INITIAL_CONFIRMATION_STOP,5e9b4cff2df9cf7bd281c36231c7a13c2c075d354adb7cbca9f7e2b34c973451,a941f9a47ef14e3d7dc2ab57d8520a91799e9aba25e0b36dbc0ac8b844d3e6ee,1983.64,6.440000000000022,0.3220000000000011,NOT_STRICTLY_CLOSER_THAN_CONTROL,H1_SOURCE_SWING_BUFFERED_ELSE_CONTROL,False,a941f9a47ef14e3d7dc2ab57d8520a91799e9aba25e0b36dbc0ac8b844d3e6ee,2023-03-23T13:00:00Z,1983.64,1944.87,bd0838cdb88335d94ef0a234c5051093ce0030244215dce8b9aeef78d808849a
89023d43cd47fedf3365e04ea9d77c349e1e7fefbb16923ceaf67c001aab7f5a,1990.62,2023-03-24T03:10:00Z,668e7c9acdae75658a9b9dd37c97f10a2c32b896c9df60d079b9777beec33b31,2023-03-24T03:10:00Z,1990.36,2003.34,2023-04-01T00:00:00Z,2023-03-24T03:00:00Z,0.0,SHORT,1.0,91.29429892141674,CONTROL_V2_FILLED_STOP,2023-03-24T03:10:00Z,CONTROL_NEXT_M1_OPEN,1990.36,True,a7c3aa72a9a8d937dfc3627e8b520034ed06e3e3e3107ea9a79522944a0fa630,0.9768875192604042,1.8258859784283348,2023_03,1.8258859784283348,1.8258859784283348,TARGET,2023-03-27T09:23:00Z,TARGET,240432c927e797c766130d26c6b4ebdeadaadc620535f70532113a77822f65f8,2023-03-27T09:23:00Z,FIRST_RETEST_FILLED,2023-03-24T03:25:00Z,2023-03-24T03:14:00Z,1990.62,True,False,INITIAL_CONFIRMATION_TARGET,34676700d1347d7a2ab483c45d6f68f217ee743656844c8010f740585f68c3a1,59bb2784a8d5884d40c1508b39675aa595d61b07734a2e0388f00ae561d4c93d,2003.34,,,,CONTROL_V2_FILLED_STOP,False,,2023-03-24T03:10:00Z,2003.34,1966.66,262ec9a4beb26c0e9feb716555fde619df8f51c1d0bec4ae52a5a4c62e4f852a
89023d43cd47fedf3365e04ea9d77c349e1e7fefbb16923ceaf67c001aab7f5a,1990.62,2023-03-24T03:10:00Z,668e7c9acdae75658a9b9dd37c97f10a2c32b896c9df60d079b9777beec33b31,2023-03-24T03:10:00Z,1990.36,2003.34,2023-04-01T00:00:00Z,2023-03-24T03:00:00Z,-2.8258859784283348,SHORT,0.2198354611490275,-50.0,M5_LATEST_CONFIRMED_OPPOSING_SWING_ELSE_CONTROL,2023-03-24T03:10:00Z,CONTROL_NEXT_M1_OPEN,1990.36,True,accbdd14755281cee077cacba6ba7fc6ce2dcd047829848a55b949fc640f9f4f,1.0022904489530382,0.21377523561581324,2023_03,-1.0,1.8258859784283348,TARGET,2023-03-27T09:23:00Z,STOP,e5bac133ea53fb5eb6b3f640101907ffedf3689a9914aca4f0b85064c5c1b6ba,2023-03-24T03:21:00Z,FIRST_RETEST_FILLED,2023-03-24T03:25:00Z,2023-03-24T03:14:00Z,1990.62,True,False,INITIAL_CONFIRMATION_TARGET,70b9866d22db0dfd9e362f77cb762cb04463e4849378e962852ff62507140d8b,59bb2784a8d5884d40c1508b39675aa595d61b07734a2e0388f00ae561d4c93d,1993.2134642857143,0.8692857142857194,0.043464285714285976,,M5_LATEST_CONFIRMED_OPPOSING_SWING_ELSE_CONTROL,True,a71686dd2a7e68926da9e889e4474c671cf0ec6e0da25a291f3542a642339337,2023-03-24T02:40:00Z,1993.17,1966.66,262ec9a4beb26c0e9feb716555fde619df8f51c1d0bec4ae52a5a4c62e4f852a
89023d43cd47fedf3365e04ea9d77c349e1e7fefbb16923ceaf67c001aab7f5a,1990.62,2023-03-24T03:10:00Z,668e7c9acdae75658a9b9dd37c97f10a2c32b896c9df60d079b9777beec33b31,2023-03-24T03:10:00Z,1990.36,2003.34,2023-04-01T00:00:00Z,2023-03-24T03:00:00Z,-2.8258859784283348,SHORT,0.22842835130971814,-50.0,M15_LATEST_CONFIRMED_OPPOSING_SWING_ELSE_CONTROL,2023-03-24T03:10:00Z,CONTROL_NEXT_M1_OPEN,1990.36,True,3c37d527740fa1d698445f5833423be4b975caadd414d1714d136988265f69c8,1.1129848229342394,0.20573355817870828,2023_03,-1.0,1.8258859784283348,TARGET,2023-03-27T09:23:00Z,STOP,97eea5a5c347541aa536ed352cb115844940ec1d36df06914ce0bab9c9f174d5,2023-03-24T03:23:00Z,FIRST_RETEST_FILLED,2023-03-24T03:25:00Z,2023-03-24T03:14:00Z,1990.62,True,False,INITIAL_CONFIRMATION_TARGET,19fc62c7fd3c1dc33cdb42a40a4c38bf904982afd2bf7316324429cd8067c3de,59bb2784a8d5884d40c1508b39675aa595d61b07734a2e0388f00ae561d4c93d,1993.325,3.1000000000000227,0.15500000000000114,,M15_LATEST_CONFIRMED_OPPOSING_SWING_ELSE_CONTROL,True,2d4fb30e131cb55fa000c691ddae6ec1bdd6639cd31e1e9ab85abb4102140996,2023-03-24T03:00:00Z,1993.17,1966.66,262ec9a4beb26c0e9feb716555fde619df8f51c1d0bec4ae52a5a4c62e4f852a
89023d43cd47fedf3365e04ea9d77c349e1e7fefbb16923ceaf67c001aab7f5a,1990.62,2023-03-24T03:10:00Z,668e7c9acdae75658a9b9dd37c97f10a2c32b896c9df60d079b9777beec33b31,2023-03-24T03:10:00Z,1990.36,2003.34,2023-04-01T00:00:00Z,2023-03-24T03:00:00Z,0.0,SHORT,1.0,91.29429892141674,CONTROL_V2_FILLED_STOP,2023-03-24T03:10:00Z,CONTROL_NEXT_M1_OPEN,1990.36,True,e8ea744ef36d10839337fdf1516eb89ea15deab9141586349c3a30d778d5a67c,0.9768875192604042,1.8258859784283348,2023_03,1.8258859784283348,1.8258859784283348,TARGET,2023-03-27T09:23:00Z,TARGET,179491c3610780d6619c96ede8cbe16ec8c55b6ff9e30577f542efe55f8b7b66,2023-03-27T09:23:00Z,FIRST_RETEST_FILLED,2023-03-24T03:25:00Z,2023-03-24T03:14:00Z,1990.62,True,False,INITIAL_CONFIRMATION_TARGET,7c3a5b05d9b2292c8d2043cc89eba34caca4d16503cc22ade70416b6b72f40c8,59bb2784a8d5884d40c1508b39675aa595d61b07734a2e0388f00ae561d4c93d,2003.34,8.442142857142878,0.4221071428571439,NOT_STRICTLY_CLOSER_THAN_CONTROL,H1_SOURCE_SWING_BUFFERED_ELSE_CONTROL,False,59bb2784a8d5884d40c1508b39675aa595d61b07734a2e0388f00ae561d4c93d,2023-03-24T03:00:00Z,2003.34,1966.66,262ec9a4beb26c0e9feb716555fde619df8f51c1d0bec4ae52a5a4c62e4f852a
89023d43cd47fedf3365e04ea9d77c349e1e7fefbb16923ceaf67c001aab7f5a,1990.62,2023-03-24T03:10:00Z,668e7c9acdae75658a9b9dd37c97f10a2c32b896c9df60d079b9777beec33b31,2023-03-24T03:10:00Z,1990.36,2003.34,2023-04-01T00:00:00Z,2023-03-24T03:00:00Z,0.05776182031378463,SHORT,1.0,94.18238993710597,CONTROL_V2_FILLED_STOP,2023-03-24T03:14:00Z,M5_BROKEN_CONTROL_FIRST_RETEST,1990.62,True,a7c3aa72a9a8d937dfc3627e8b520034ed06e3e3e3107ea9a79522944a0fa630,0.9764150943396263,1.8836477987421194,2023_03,1.8836477987421194,1.8258859784283348,TARGET,2023-03-27T09:23:00Z,TARGET,23d838129dff4eacb432da7fb4367015e89fe964a556b5edb5e4809bebddde22,2023-03-27T09:23:00Z,FIRST_RETEST_FILLED,2023-03-24T03:25:00Z,2023-03-24T03:14:00Z,1990.62,True,True,INITIAL_CONFIRMATION_TARGET,368d74ab8830e1c79b95b860caad85dbc12a352766061ba5ef294a1bf66d0352,59bb2784a8d5884d40c1508b39675aa595d61b07734a2e0388f00ae561d4c93d,2003.34,,,,CONTROL_V2_FILLED_STOP,False,,2023-03-24T03:10:00Z,2003.34,1966.66,262ec9a4beb26c0e9feb716555fde619df8f51c1d0bec4ae52a5a4c62e4f852a
89023d43cd47fedf3365e04ea9d77c349e1e7fefbb16923ceaf67c001aab7f5a,1990.62,2023-03-24T03:10:00Z,668e7c9acdae75658a9b9dd37c97f10a2c32b896c9df60d079b9777beec33b31,2023-03-24T03:10:00Z,1990.36,2003.34,2023-04-01T00:00:00Z,2023-03-24T03:00:00Z,-2.8258859784283348,SHORT,0.2198354611490275,-50.0,M5_LATEST_CONFIRMED_OPPOSING_SWING_ELSE_CONTROL,2023-03-24T03:14:00Z,M5_BROKEN_CONTROL_FIRST_RETEST,1990.62,True,accbdd14755281cee077cacba6ba7fc6ce2dcd047829848a55b949fc640f9f4f,1.0025200710577535,0.08097277496997143,2023_03,-1.0,1.8258859784283348,TARGET,2023-03-27T09:23:00Z,STOP,219ef6634ca9d1e8e8d56c406f5cfec3a9685490edae871ea4080d00d257ce19,2023-03-24T03:21:00Z,FIRST_RETEST_FILLED,2023-03-24T03:25:00Z,2023-03-24T03:14:00Z,1990.62,True,True,INITIAL_CONFIRMATION_TARGET,42be8b7ab4a1c2b9250cb613d738208189f69093d0edc11b661c1dfe79fe9141,59bb2784a8d5884d40c1508b39675aa595d61b07734a2e0388f00ae561d4c93d,1993.2134642857143,0.8692857142857194,0.043464285714285976,,M5_LATEST_CONFIRMED_OPPOSING_SWING_ELSE_CONTROL,True,a71686dd2a7e68926da9e889e4474c671cf0ec6e0da25a291f3542a642339337,2023-03-24T02:40:00Z,1993.17,1966.66,262ec9a4beb26c0e9feb716555fde619df8f51c1d0bec4ae52a5a4c62e4f852a
89023d43cd47fedf3365e04ea9d77c349e1e7fefbb16923ceaf67c001aab7f5a,1990.62,2023-03-24T03:10:00Z,668e7c9acdae75658a9b9dd37c97f10a2c32b896c9df60d079b9777beec33b31,2023-03-24T03:10:00Z,1990.36,2003.34,2023-04-01T00:00:00Z,2023-03-24T03:00:00Z,-2.8258859784283348,SHORT,0.22842835130971814,-50.0,M15_LATEST_CONFIRMED_OPPOSING_SWING_ELSE_CONTROL,2023-03-24T03:14:00Z,M5_BROKEN_CONTROL_FIRST_RETEST,1990.62,True,3c37d527740fa1d698445f5833423be4b975caadd414d1714d136988265f69c8,1.1238447319778253,0.07763401109049797,2023_03,-1.0,1.8258859784283348,TARGET,2023-03-27T09:23:00Z,STOP,34276558a586ba730be259af3d5373529bb718c48562c8ac5ad57df87001f077,2023-03-24T03:23:00Z,FIRST_RETEST_FILLED,2023-03-24T03:25:00Z,2023-03-24T03:14:00Z,1990.62,True,True,INITIAL_CONFIRMATION_TARGET,3f398d05d87bf90e1d71441c021458ccb7614fa625d49b76eb82ac68f079e9ca,59bb2784a8d5884d40c1508b39675aa595d61b07734a2e0388f00ae561d4c93d,1993.325,3.1000000000000227,0.15500000000000114,,M15_LATEST_CONFIRMED_OPPOSING_SWING_ELSE_CONTROL,True,2d4fb30e131cb55fa000c691ddae6ec1bdd6639cd31e1e9ab85abb4102140996,2023-03-24T03:00:00Z,1993.17,1966.66,262ec9a4beb26c0e9feb716555fde619df8f51c1d0bec4ae52a5a4c62e4f852a
89023d43cd47fedf3365e04ea9d77c349e1e7fefbb16923ceaf67c001aab7f5a,1990.62,2023-03-24T03:10:00Z,668e7c9acdae75658a9b9dd37c97f10a2c32b896c9df60d079b9777beec33b31,2023-03-24T03:10:00Z,1990.36,2003.34,2023-04-01T00:00:00Z,2023-03-24T03:00:00Z,0.05776182031378463,SHORT,1.0,94.18238993710597,CONTROL_V2_FILLED_STOP,2023-03-24T03:14:00Z,M5_BROKEN_CONTROL_FIRST_RETEST,1990.62,True,e8ea744ef36d10839337fdf1516eb89ea15deab9141586349c3a30d778d5a67c,0.9764150943396263,1.8836477987421194,2023_03,1.8836477987421194,1.8258859784283348,TARGET,2023-03-27T09:23:00Z,TARGET,e438bfd44661e14d88d6cee97223343dd74b9d7daef26878e0829cd1676de6fc,2023-03-27T09:23:00Z,FIRST_RETEST_FILLED,2023-03-24T03:25:00Z,2023-03-24T03:14:00Z,1990.62,True,True,INITIAL_CONFIRMATION_TARGET,f6fa497ab4ed6add3e609396f299351bf55e1d245a78cbe1f2d0d2aac04f4c13,59bb2784a8d5884d40c1508b39675aa595d61b07734a2e0388f00ae561d4c93d,2003.34,8.442142857142878,0.4221071428571439,NOT_STRICTLY_CLOSER_THAN_CONTROL,H1_SOURCE_SWING_BUFFERED_ELSE_CONTROL,False,59bb2784a8d5884d40c1508b39675aa595d61b07734a2e0388f00ae561d4c93d,2023-03-24T03:00:00Z,2003.34,1966.66,262ec9a4beb26c0e9feb716555fde619df8f51c1d0bec4ae52a5a4c62e4f852a
89023d43cd47fedf3365e04ea9d77c349e1e7fefbb16923ceaf67c001aab7f5a,1990.62,2023-03-24T03:10:00Z,668e7c9acdae75658a9b9dd37c97f10a2c32b896c9df60d079b9777beec33b31,2023-03-24T03:10:00Z,1990.36,2003.34,2023-04-01T00:00:00Z,2023-03-24T03:00:00Z,0.04332136523533858,SHORT,1.0,93.46036718318366,CONTROL_V2_FILLED_STOP,2023-03-24T03:10:00Z,CONFIRMED_25_75_RETEST_SPLIT,1990.36,True,a7c3aa72a9a8d937dfc3627e8b520034ed06e3e3e3107ea9a79522944a0fa630,0.9765332005698207,1.8692073436636734,2023_03,1.8692073436636734,1.8258859784283348,TARGET,2023-03-27T09:23:00Z,SPLIT_TARGET_TARGET,a9993da4b69305398717f81b49f162b995924812f0223f23232eabf4a53db0d4,2023-03-27T09:23:00Z,FIRST_RETEST_FILLED,2023-03-24T03:25:00Z,2023-03-24T03:14:00Z,1990.62,True,True,INITIAL_CONFIRMATION_TARGET,0b618ec33fc9f8116486ee99fe45d1b48ff6812a2fe2382cfd6d4bb6fc38d9f4,59bb2784a8d5884d40c1508b39675aa595d61b07734a2e0388f00ae561d4c93d,2003.34,,,,CONTROL_V2_FILLED_STOP,False,,2023-03-24T03:10:00Z,2003.34,1966.66,262ec9a4beb26c0e9feb716555fde619df8f51c1d0bec4ae52a5a4c62e4f852a
89023d43cd47fedf3365e04ea9d77c349e1e7fefbb16923ceaf67c001aab7f5a,1990.62,2023-03-24T03:10:00Z,668e7c9acdae75658a9b9dd37c97f10a2c32b896c9df60d079b9777beec33b31,2023-03-24T03:10:00Z,1990.36,2003.34,2023-04-01T00:00:00Z,2023-03-24T03:00:00Z,-2.8258859784283348,SHORT,0.2198354611490275,-50.0,M5_LATEST_CONFIRMED_OPPOSING_SWING_ELSE_CONTROL,2023-03-24T03:10:00Z,CONFIRMED_25_75_RETEST_SPLIT,1990.36,True,accbdd14755281cee077cacba6ba7fc6ce2dcd047829848a55b949fc640f9f4f,1.0024626655315747,0.11417339013143188,2023_03,-1.0,1.8258859784283348,TARGET,2023-03-27T09:23:00Z,SPLIT_STOP_STOP,480f213855706e6b00578dde3c02971c9636e2c060ffb6006affe383aac0482a,2023-03-24T03:21:00Z,FIRST_RETEST_FILLED,2023-03-24T03:25:00Z,2023-03-24T03:14:00Z,1990.62,True,True,INITIAL_CONFIRMATION_TARGET,56423d3a9c064d11cce6b5b7b69a2cd8cbade4fcfaf072e53ce3adc0b6706259,59bb2784a8d5884d40c1508b39675aa595d61b07734a2e0388f00ae561d4c93d,1993.2134642857143,0.8692857142857194,0.043464285714285976,,M5_LATEST_CONFIRMED_OPPOSING_SWING_ELSE_CONTROL,True,a71686dd2a7e68926da9e889e4474c671cf0ec6e0da25a291f3542a642339337,2023-03-24T02:40:00Z,1993.17,1966.66,262ec9a4beb26c0e9feb716555fde619df8f51c1d0bec4ae52a5a4c62e4f852a
89023d43cd47fedf3365e04ea9d77c349e1e7fefbb16923ceaf67c001aab7f5a,1990.62,2023-03-24T03:10:00Z,668e7c9acdae75658a9b9dd37c97f10a2c32b896c9df60d079b9777beec33b31,2023-03-24T03:10:00Z,1990.36,2003.34,2023-04-01T00:00:00Z,2023-03-24T03:00:00Z,-2.8258859784283348,SHORT,0.22842835130971814,-50.0,M15_LATEST_CONFIRMED_OPPOSING_SWING_ELSE_CONTROL,2023-03-24T03:10:00Z,CONFIRMED_25_75_RETEST_SPLIT,1990.36,True,3c37d527740fa1d698445f5833423be4b975caadd414d1714d136988265f69c8,1.1211297547169288,0.10965889786255055,2023_03,-1.0,1.8258859784283348,TARGET,2023-03-27T09:23:00Z,SPLIT_STOP_STOP,49c41d311f0016431f3e06a69c3858a443179114b94ce5dde456e72231f2b719,2023-03-24T03:23:00Z,FIRST_RETEST_FILLED,2023-03-24T03:25:00Z,2023-03-24T03:14:00Z,1990.62,True,True,INITIAL_CONFIRMATION_TARGET,d84ff9258b4d55dd19524a4ea6c2fca5c8ae6da6e7fb8fb1c428324e35f6b949,59bb2784a8d5884d40c1508b39675aa595d61b07734a2e0388f00ae561d4c93d,1993.325,3.1000000000000227,0.15500000000000114,,M15_LATEST_CONFIRMED_OPPOSING_SWING_ELSE_CONTROL,True,2d4fb30e131cb55fa000c691ddae6ec1bdd6639cd31e1e9ab85abb4102140996,2023-03-24T03:00:00Z,1993.17,1966.66,262ec9a4beb26c0e9feb716555fde619df8f51c1d0bec4ae52a5a4c62e4f852a
89023d43cd47fedf3365e04ea9d77c349e1e7fefbb16923ceaf67c001aab7f5a,1990.62,2023-03-24T03:10:00Z,668e7c9acdae75658a9b9dd37c97f10a2c32b896c9df60d079b9777beec33b31,2023-03-24T03:10:00Z,1990.36,2003.34,2023-04-01T00:00:00Z,2023-03-24T03:00:00Z,0.04332136523533858,SHORT,1.0,93.46036718318366,CONTROL_V2_FILLED_STOP,2023-03-24T03:10:00Z,CONFIRMED_25_75_RETEST_SPLIT,1990.36,True,e8ea744ef36d10839337fdf1516eb89ea15deab9141586349c3a30d778d5a67c,0.9765332005698207,1.8692073436636734,2023_03,1.8692073436636734,1.8258859784283348,TARGET,2023-03-27T09:23:00Z,SPLIT_TARGET_TARGET,2756002b8c8de5da6b67cd57e5e19dc2ced32ebf03896f69e08972fc7912e6b8,2023-03-27T09:23:00Z,FIRST_RETEST_FILLED,2023-03-24T03:25:00Z,2023-03-24T03:14:00Z,1990.62,True,True,INITIAL_CONFIRMATION_TARGET,deac4ddf5a2202b055ff291eeb0233bbe26a4b6c7f0844ad802e7327315305a7,59bb2784a8d5884d40c1508b39675aa595d61b07734a2e0388f00ae561d4c93d,2003.34,8.442142857142878,0.4221071428571439,NOT_STRICTLY_CLOSER_THAN_CONTROL,H1_SOURCE_SWING_BUFFERED_ELSE_CONTROL,False,59bb2784a8d5884d40c1508b39675aa595d61b07734a2e0388f00ae561d4c93d,2023-03-24T03:00:00Z,2003.34,1966.66,262ec9a4beb26c0e9feb716555fde619df8f51c1d0bec4ae52a5a4c62e4f852a
2431c7af479fa3d4d0e4755dd4ab5d4e42cafa533429387d82781378ae27e03a,1994.0,2023-03-24T04:10:00Z,d578423d4c7d1a1ed2090de1d8fb181f2816b8357f32e12f755365a91fc350fb,2023-03-24T04:10:00Z,1994.28,1988.09,2023-04-01T00:00:00Z,2023-03-24T04:00:00Z,0.0,LONG,1.0,-50.0,CONTROL_V2_FILLED_STOP,2023-03-24T04:10:00Z,CONTROL_NEXT_M1_OPEN,1994.28,True,7312250a62ac3e9906fe9d255aff6132e1fa929afbefde620c38bad176537a3f,1.085621970920835,0.029079159935389672,2023_03,-1.0,-1.0,STOP,2023-03-24T09:21:00Z,STOP,c72e18206b943d0282f75d7bb7f39589c5bb399cb0eb99524ab740982f8e84b8,2023-03-24T09:21:00Z,FIRST_RETEST_FILLED,2023-03-24T04:25:00Z,2023-03-24T04:10:00Z,1994.0,True,False,INITIAL_CONFIRMATION_STOP,fc5b3a202cc26e6bb969cbc1778b21358090e40c621e625868790277c0da5e8d,0fea05147e01ff205c406b02144cf4782756ca7c841c79520275df6c17dad511,1988.09,,,,CONTROL_V2_FILLED_STOP,False,,2023-03-24T04:10:00Z,1988.09,2003.34,ea51acd5269d07fee47f18902091a01b232ea176ee8945f4a1be4574d3b73cf9
2431c7af479fa3d4d0e4755dd4ab5d4e42cafa533429387d82781378ae27e03a,1994.0,2023-03-24T04:10:00Z,d578423d4c7d1a1ed2090de1d8fb181f2816b8357f32e12f755365a91fc350fb,2023-03-24T04:10:00Z,1994.28,1988.09,2023-04-01T00:00:00Z,2023-03-24T04:00:00Z,0.0,LONG,0.39386106623584055,-50.0,M5_LATEST_CONFIRMED_OPPOSING_SWING_ELSE_CONTROL,2023-03-24T04:10:00Z,CONTROL_NEXT_M1_OPEN,1994.28,True,6d18ced8267b329e8fba7f8db205bbd2f3915a9076dc75658beac71ab10ccb92,1.0172272354389442,0.07383100902381991,2023_03,-1.0,-1.0,STOP,2023-03-24T09:21:00Z,STOP,981ebd599b5f7b1ab5a3321ab45fe7848c3d26c8f13dcde9c21850f0a79e58bc,2023-03-24T04:22:00Z,FIRST_RETEST_FILLED,2023-03-24T04:25:00Z,2023-03-24T04:10:00Z,1994.0,True,False,INITIAL_CONFIRMATION_STOP,69b934fa371206415f4efa10a1ed8993eea104785d67071c636fc6908bd26825,0fea05147e01ff205c406b02144cf4782756ca7c841c79520275df6c17dad511,1991.842,1.3599999999999812,0.06799999999999906,,M5_LATEST_CONFIRMED_OPPOSING_SWING_ELSE_CONTROL,True,61c5172b6a9c39d431b25ff149d1e7fa7b4bcbc2aa3dbe4e02c7c50204d6cc52,2023-03-24T03:55:00Z,1991.91,2003.34,ea51acd5269d07fee47f18902091a01b232ea176ee8945f4a1be4574d3b73cf9
2431c7af479fa3d4d0e4755dd4ab5d4e42cafa533429387d82781378ae27e03a,1994.0,2023-03-24T04:10:00Z,d578423d4c7d1a1ed2090de1d8fb181f2816b8357f32e12f755365a91fc350fb,2023-03-24T04:10:00Z,1994.28,1988.09,2023-04-01T00:00:00Z,2023-03-24T04:00:00Z,0.0,LONG,0.7480325409646955,-50.0,M15_LATEST_CONFIRMED_OPPOSING_SWING_ELSE_CONTROL,2023-03-24T04:10:00Z,CONTROL_NEXT_M1_OPEN,1994.28,True,a28d30721305ed6407a7e79961b581781bd561997cf23378fe1dbecda78f927d,1.0604015457118836,0.03887419108517381,2023_03,-1.0,-1.0,STOP,2023-03-24T09:21:00Z,STOP,ce3949319ecabb5a4e8878486b008422270b7f07ef57c9c14e056ae1aef6ac0e,2023-03-24T08:22:00Z,FIRST_RETEST_FILLED,2023-03-24T04:25:00Z,2023-03-24T04:10:00Z,1994.0,True,False,INITIAL_CONFIRMATION_STOP,39c23c85794d8b3e9b05818ab9edadfee4f90baea36865c5b997d0a6d6d9c823,0fea05147e01ff205c406b02144cf4782756ca7c841c79520275df6c17dad511,1989.6496785714285,2.006428571428582,0.1003214285714291,,M15_LATEST_CONFIRMED_OPPOSING_SWING_ELSE_CONTROL,True,813e1034707e6bd20a5023b8d0c3a5ab8b2dc2e243162f230de94c4ac38f8cc5,2023-03-24T03:45:00Z,1989.75,2003.34,ea51acd5269d07fee47f18902091a01b232ea176ee8945f4a1be4574d3b73cf9
2431c7af479fa3d4d0e4755dd4ab5d4e42cafa533429387d82781378ae27e03a,1994.0,2023-03-24T04:10:00Z,d578423d4c7d1a1ed2090de1d8fb181f2816b8357f32e12f755365a91fc350fb,2023-03-24T04:10:00Z,1994.28,1988.09,2023-04-01T00:00:00Z,2023-03-24T04:00:00Z,0.0,LONG,1.0,-50.0,CONTROL_V2_FILLED_STOP,2023-03-24T04:10:00Z,CONTROL_NEXT_M1_OPEN,1994.28,True,b0cc72aae9428c8a248f4a09bae9c6d5766647b6f05f59fbf5c302dfe23fd4c6,1.085621970920835,0.029079159935389672,2023_03,-1.0,-1.0,STOP,2023-03-24T09:21:00Z,STOP,d28485c3889659f6f5c1815464655d082bb1b33ae27035ca7289187282059f34,2023-03-24T09:21:00Z,FIRST_RETEST_FILLED,2023-03-24T04:25:00Z,2023-03-24T04:10:00Z,1994.0,True,False,INITIAL_CONFIRMATION_STOP,054d2fb6ccc9a947187c71df269417b9216b0f59ba66df19c24e8aa6dd77379e,0fea05147e01ff205c406b02144cf4782756ca7c841c79520275df6c17dad511,1988.09,8.29571428571431,0.4147857142857155,NOT_STRICTLY_CLOSER_THAN_CONTROL,H1_SOURCE_SWING_BUFFERED_ELSE_CONTROL,False,0fea05147e01ff205c406b02144cf4782756ca7c841c79520275df6c17dad511,2023-03-24T04:00:00Z,1988.09,2003.34,ea51acd5269d07fee47f18902091a01b232ea176ee8945f4a1be4574d3b73cf9
2431c7af479fa3d4d0e4755dd4ab5d4e42cafa533429387d82781378ae27e03a,1994.0,2023-03-24T04:10:00Z,d578423d4c7d1a1ed2090de1d8fb181f2816b8357f32e12f755365a91fc350fb,2023-03-24T04:10:00Z,1994.28,1988.09,2023-04-01T00:00:00Z,2023-03-24T04:00:00Z,0.0,LONG,1.0,-50.0,CONTROL_V2_FILLED_STOP,2023-03-24T04:10:00Z,M5_BROKEN_CONTROL_FIRST_RETEST,1994.0,True,7312250a62ac3e9906fe9d255aff6132e1fa929afbefde620c38bad176537a3f,1.089678510998302,0.07783417935702708,2023_03,-1.0,-1.0,STOP,2023-03-24T09:21:00Z,STOP,21871f69aac20c49c2c118467356d6e930cc1bee59c5c24e25ab27b7ac2afda4,2023-03-24T09:21:00Z,FIRST_RETEST_FILLED,2023-03-24T04:25:00Z,2023-03-24T04:10:00Z,1994.0,True,True,INITIAL_CONFIRMATION_STOP,06ec345297f84b7370caa0f0bf94da205d2526d2e83af00967e9ac07250accff,0fea05147e01ff205c406b02144cf4782756ca7c841c79520275df6c17dad511,1988.09,,,,CONTROL_V2_FILLED_STOP,False,,2023-03-24T04:10:00Z,1988.09,2003.34,ea51acd5269d07fee47f18902091a01b232ea176ee8945f4a1be4574d3b73cf9
2431c7af479fa3d4d0e4755dd4ab5d4e42cafa533429387d82781378ae27e03a,1994.0,2023-03-24T04:10:00Z,d578423d4c7d1a1ed2090de1d8fb181f2816b8357f32e12f755365a91fc350fb,2023-03-24T04:10:00Z,1994.28,1988.09,2023-04-01T00:00:00Z,2023-03-24T04:00:00Z,0.0,LONG,0.39386106623584055,-50.0,M5_LATEST_CONFIRMED_OPPOSING_SWING_ELSE_CONTROL,2023-03-24T04:10:00Z,M5_BROKEN_CONTROL_FIRST_RETEST,1994.0,True,6d18ced8267b329e8fba7f8db205bbd2f3915a9076dc75658beac71ab10ccb92,1.0194624652456652,0.21316033364228792,2023_03,-1.0,-1.0,STOP,2023-03-24T09:21:00Z,STOP,7115142e7ec31371f30fc51715fc0c7e29a2876e410635b81fb1a10aaf0220c1,2023-03-24T04:22:00Z,FIRST_RETEST_FILLED,2023-03-24T04:25:00Z,2023-03-24T04:10:00Z,1994.0,True,True,INITIAL_CONFIRMATION_STOP,efaf301bea6d90cc5d9387ef6f768b6715cec0b62eea97b31db71d2e70b969e4,0fea05147e01ff205c406b02144cf4782756ca7c841c79520275df6c17dad511,1991.842,1.3599999999999812,0.06799999999999906,,M5_LATEST_CONFIRMED_OPPOSING_SWING_ELSE_CONTROL,True,61c5172b6a9c39d431b25ff149d1e7fa7b4bcbc2aa3dbe4e02c7c50204d6cc52,2023-03-24T03:55:00Z,1991.91,2003.34,ea51acd5269d07fee47f18902091a01b232ea176ee8945f4a1be4574d3b73cf9
2431c7af479fa3d4d0e4755dd4ab5d4e42cafa533429387d82781378ae27e03a,1994.0,2023-03-24T04:10:00Z,d578423d4c7d1a1ed2090de1d8fb181f2816b8357f32e12f755365a91fc350fb,2023-03-24T04:10:00Z,1994.28,1988.09,2023-04-01T00:00:00Z,2023-03-24T04:00:00Z,0.0,LONG,0.7480325409646955,-50.0,M15_LATEST_CONFIRMED_OPPOSING_SWING_ELSE_CONTROL,2023-03-24T04:10:00Z,M5_BROKEN_CONTROL_FIRST_RETEST,1994.0,True,a28d30721305ed6407a7e79961b581781bd561997cf23378fe1dbecda78f927d,1.0642891740347589,0.10573931318704455,2023_03,-1.0,-1.0,STOP,2023-03-24T09:21:00Z,STOP,ec0cf41a6da30302b29e012875aa0c48a22fb62606aad7032925f16d22ace8fc,2023-03-24T08:22:00Z,FIRST_RETEST_FILLED,2023-03-24T04:25:00Z,2023-03-24T04:10:00Z,1994.0,True,True,INITIAL_CONFIRMATION_STOP,f195967f28f7a29a0196a720f463398592d7e8471636975797471115fc500f58,0fea05147e01ff205c406b02144cf4782756ca7c841c79520275df6c17dad511,1989.6496785714285,2.006428571428582,0.1003214285714291,,M15_LATEST_CONFIRMED_OPPOSING_SWING_ELSE_CONTROL,True,813e1034707e6bd20a5023b8d0c3a5ab8b2dc2e243162f230de94c4ac38f8cc5,2023-03-24T03:45:00Z,1989.75,2003.34,ea51acd5269d07fee47f18902091a01b232ea176ee8945f4a1be4574d3b73cf9
2431c7af479fa3d4d0e4755dd4ab5d4e42cafa533429387d82781378ae27e03a,1994.0,2023-03-24T04:10:00Z,d578423d4c7d1a1ed2090de1d8fb181f2816b8357f32e12f755365a91fc350fb,2023-03-24T04:10:00Z,1994.28,1988.09,2023-04-01T00:00:00Z,2023-03-24T04:00:00Z,0.0,LONG,1.0,-50.0,CONTROL_V2_FILLED_STOP,2023-03-24T04:10:00Z,M5_BROKEN_CONTROL_FIRST_RETEST,1994.0,True,b0cc72aae9428c8a248f4a09bae9c6d5766647b6f05f59fbf5c302dfe23fd4c6,1.089678510998302,0.07783417935702708,2023_03,-1.0,-1.0,STOP,2023-03-24T09:21:00Z,STOP,43485d4b61a2929e539499bc43b6e48e9790ce3a090525d1d449bef4665f4aaf,2023-03-24T09:21:00Z,FIRST_RETEST_FILLED,2023-03-24T04:25:00Z,2023-03-24T04:10:00Z,1994.0,True,True,INITIAL_CONFIRMATION_STOP,624426677a8c37d1663c8a763c2f687ca258ddc38844bd153b1f76363f9f0ff4,0fea05147e01ff205c406b02144cf4782756ca7c841c79520275df6c17dad511,1988.09,8.29571428571431,0.4147857142857155,NOT_STRICTLY_CLOSER_THAN_CONTROL,H1_SOURCE_SWING_BUFFERED_ELSE_CONTROL,False,0fea05147e01ff205c406b02144cf4782756ca7c841c79520275df6c17dad511,2023-03-24T04:00:00Z,1988.09,2003.34,ea51acd5269d07fee47f18902091a01b232ea176ee8945f4a1be4574d3b73cf9
2431c7af479fa3d4d0e4755dd4ab5d4e42cafa533429387d82781378ae27e03a,1994.0,2023-03-24T04:10:00Z,d578423d4c7d1a1ed2090de1d8fb181f2816b8357f32e12f755365a91fc350fb,2023-03-24T04:10:00Z,1994.28,1988.09,2023-04-01T00:00:00Z,2023-03-24T04:00:00Z,0.0,LONG,1.0,-50.0,CONTROL_V2_FILLED_STOP,2023-03-24T04:10:00Z,CONFIRMED_25_75_RETEST_SPLIT,1994.28,True,7312250a62ac3e9906fe9d255aff6132e1fa929afbefde620c38bad176537a3f,1.0886643759789352,0.06564542450161773,2023_03,-1.0,-1.0,STOP,2023-03-24T09:21:00Z,SPLIT_STOP_STOP,1768fcffc1c5cb960be9a7e1070a6a03b107ddd9130ee27d57329dcf121349e0,2023-03-24T09:21:00Z,FIRST_RETEST_FILLED,2023-03-24T04:25:00Z,2023-03-24T04:10:00Z,1994.0,True,True,INITIAL_CONFIRMATION_STOP,b090b9c4323b94f3f0670b720d72e3ce9f79cb06cb8ae090e75d5d8276adc3da,0fea05147e01ff205c406b02144cf4782756ca7c841c79520275df6c17dad511,1988.09,,,,CONTROL_V2_FILLED_STOP,False,,2023-03-24T04:10:00Z,1988.09,2003.34,ea51acd5269d07fee47f18902091a01b232ea176ee8945f4a1be4574d3b73cf9
2431c7af479fa3d4d0e4755dd4ab5d4e42cafa533429387d82781378ae27e03a,1994.0,2023-03-24T04:10:00Z,d578423d4c7d1a1ed2090de1d8fb181f2816b8357f32e12f755365a91fc350fb,2023-03-24T04:10:00Z,1994.28,1988.09,2023-04-01T00:00:00Z,2023-03-24T04:00:00Z,0.0,LONG,0.39386106623584055,-50.0,M5_LATEST_CONFIRMED_OPPOSING_SWING_ELSE_CONTROL,2023-03-24T04:10:00Z,CONFIRMED_25_75_RETEST_SPLIT,1994.28,True,6d18ced8267b329e8fba7f8db205bbd2f3915a9076dc75658beac71ab10ccb92,1.018903657793985,0.17832800248767092,2023_03,-1.0,-1.0,STOP,2023-03-24T09:21:00Z,SPLIT_STOP_STOP,5faa18451f332d8053416f4c0365a2cf779a58071e0329b1cf8374f17cd0f198,2023-03-24T04:22:00Z,FIRST_RETEST_FILLED,2023-03-24T04:25:00Z,2023-03-24T04:10:00Z,1994.0,True,True,INITIAL_CONFIRMATION_STOP,76741296664534aebce46abfd3d0dd7bbbeeed017f620d583f645bfb50ba5d8d,0fea05147e01ff205c406b02144cf4782756ca7c841c79520275df6c17dad511,1991.842,1.3599999999999812,0.06799999999999906,,M5_LATEST_CONFIRMED_OPPOSING_SWING_ELSE_CONTROL,True,61c5172b6a9c39d431b25ff149d1e7fa7b4bcbc2aa3dbe4e02c7c50204d6cc52,2023-03-24T03:55:00Z,1991.91,2003.34,ea51acd5269d07fee47f18902091a01b232ea176ee8945f4a1be4574d3b73cf9
2431c7af479fa3d4d0e4755dd4ab5d4e42cafa533429387d82781378ae27e03a,1994.0,2023-03-24T04:10:00Z,d578423d4c7d1a1ed2090de1d8fb181f2816b8357f32e12f755365a91fc350fb,2023-03-24T04:10:00Z,1994.28,1988.09,2023-04-01T00:00:00Z,2023-03-24T04:00:00Z,0.0,LONG,0.7480325409646955,-50.0,M15_LATEST_CONFIRMED_OPPOSING_SWING_ELSE_CONTROL,2023-03-24T04:10:00Z,CONFIRMED_25_75_RETEST_SPLIT,1994.28,True,a28d30721305ed6407a7e79961b581781bd561997cf23378fe1dbecda78f927d,1.06331726695404,0.08902303266157686,2023_03,-1.0,-1.0,STOP,2023-03-24T09:21:00Z,SPLIT_STOP_STOP,f9484c5e7c251e5d7d41d077de2f90b4e39f9b8249818a29f018bbd6fce05b18,2023-03-24T08:22:00Z,FIRST_RETEST_FILLED,2023-03-24T04:25:00Z,2023-03-24T04:10:00Z,1994.0,True,True,INITIAL_CONFIRMATION_STOP,c7df46a0a2c132f50c7e51897cadda15d237f13e263ff5f6fbaa7a712bbd0cc3,0fea05147e01ff205c406b02144cf4782756ca7c841c79520275df6c17dad511,1989.6496785714285,2.006428571428582,0.1003214285714291,,M15_LATEST_CONFIRMED_OPPOSING_SWING_ELSE_CONTROL,True,813e1034707e6bd20a5023b8d0c3a5ab8b2dc2e243162f230de94c4ac38f8cc5,2023-03-24T03:45:00Z,1989.75,2003.34,ea51acd5269d07fee47f18902091a01b232ea176ee8945f4a1be4574d3b73cf9
2431c7af479fa3d4d0e4755dd4ab5d4e42cafa533429387d82781378ae27e03a,1994.0,2023-03-24T04:10:00Z,d578423d4c7d1a1ed2090de1d8fb181f2816b8357f32e12f755365a91fc350fb,2023-03-24T04:10:00Z,1994.28,1988.09,2023-04-01T00:00:00Z,2023-03-24T04:00:00Z,0.0,LONG,1.0,-50.0,CONTROL_V2_FILLED_STOP,2023-03-24T04:10:00Z,CONFIRMED_25_75_RETEST_SPLIT,1994.28,True,b0cc72aae9428c8a248f4a09bae9c6d5766647b6f05f59fbf5c302dfe23fd4c6,1.0886643759789352,0.06564542450161773,2023_03,-1.0,-1.0,STOP,2023-03-24T09:21:00Z,SPLIT_STOP_STOP,ea37a449525463ea6aa2f34266720f97413d69e6c4d5e038f8dd7e1ab6b985d1,2023-03-24T09:21:00Z,FIRST_RETEST_FILLED,2023-03-24T04:25:00Z,2023-03-24T04:10:00Z,1994.0,True,True,INITIAL_CONFIRMATION_STOP,d9ac6733ed3fdecb7fe9b55ec19b15c43e653da65b5ab191aaba2d84d46fda21,0fea05147e01ff205c406b02144cf4782756ca7c841c79520275df6c17dad511,1988.09,8.29571428571431,0.4147857142857155,NOT_STRICTLY_CLOSER_THAN_CONTROL,H1_SOURCE_SWING_BUFFERED_ELSE_CONTROL,False,0fea05147e01ff205c406b02144cf4782756ca7c841c79520275df6c17dad511,2023-03-24T04:00:00Z,1988.09,2003.34,ea51acd5269d07fee47f18902091a01b232ea176ee8945f4a1be4574d3b73cf9
6ba92d414e4f022667370fc83f5a892ec892f91c4cda30716dc76d76f5a47310,1990.28,2023-03-24T09:10:00Z,8c720bf3a0da3bc60e2f76ee44d3f8abf402115813e59f5c397200ba42696a3c,2023-03-24T09:10:00Z,1990.08,1994.91,2023-04-01T00:00:00Z,2023-03-24T07:00:00Z,0.0,SHORT,1.0,20.600414078674383,CONTROL_V2_FILLED_STOP,2023-03-24T09:10:00Z,CONTROL_NEXT_M1_OPEN,1990.08,True,5f503a7c97395518301b2f5ff13cf6543de1382aa8f68b9e843f9fef433dc01a,0.07453416149070721,0.5217391304347622,2023_03,0.4120082815734877,0.4120082815734877,TARGET,2023-03-24T09:21:00Z,TARGET,98349fcf58d24775f503a22e77a9bb716e412cd7aef3688c01ef38d80523248f,2023-03-24T09:21:00Z,FIRST_RETEST_FILLED,2023-03-24T09:25:00Z,2023-03-24T09:14:00Z,1990.28,True,False,INITIAL_CONFIRMATION_TARGET,5ea4d50fb3df5e89ba81c602f1d63b4a474125ab20b951438f0051f6026dc8f3,858b92d02f41f130b7ed7203e53e489335730a57ce0598eb3e62a6fba8bf223a,1994.91,,,,CONTROL_V2_FILLED_STOP,False,,2023-03-24T09:10:00Z,1994.91,1988.09,d476a7d75e8ae6ebcddd4bdc9dcc8959dedf0120ea2218bc3503e734caf052d2
6ba92d414e4f022667370fc83f5a892ec892f91c4cda30716dc76d76f5a47310,1990.28,2023-03-24T09:10:00Z,8c720bf3a0da3bc60e2f76ee44d3f8abf402115813e59f5c397200ba42696a3c,2023-03-24T09:10:00Z,1990.08,1994.91,2023-04-01T00:00:00Z,2023-03-24T07:00:00Z,0.2292180119267867,SHORT,0.6425317953268106,32.06131467501372,M5_LATEST_CONFIRMED_OPPOSING_SWING_ELSE_CONTROL,2023-03-24T09:10:00Z,CONTROL_NEXT_M1_OPEN,1990.08,True,7ce9efd4a305ea0f0461f2bd857cfbafc3c2a0ce5b249ee5f74ed6f9d8e7f353,0.11600073651265295,0.8120051555882776,2023_03,0.6412262935002744,0.4120082815734877,TARGET,2023-03-24T09:21:00Z,TARGET,a40cf7f5235b921002e2928914f4d3d6cae3c3016f0403e8b90b8ee1d53a4833,2023-03-24T09:21:00Z,FIRST_RETEST_FILLED,2023-03-24T09:25:00Z,2023-03-24T09:14:00Z,1990.28,True,False,INITIAL_CONFIRMATION_TARGET,9de715f183dd39036273d8cf901d69c046d0eaf70cd1761cdcb9eeaea4880052,858b92d02f41f130b7ed7203e53e489335730a57ce0598eb3e62a6fba8bf223a,1993.1834285714285,1.268571428571428,0.0634285714285714,,M5_LATEST_CONFIRMED_OPPOSING_SWING_ELSE_CONTROL,True,4e0672afe6cfe3c52a0e28d4ef944f194b3add446ffdbb7462c7eb559cefe06d,2023-03-24T08:55:00Z,1993.12,1988.09,d476a7d75e8ae6ebcddd4bdc9dcc8959dedf0120ea2218bc3503e734caf052d2
6ba92d414e4f022667370fc83f5a892ec892f91c4cda30716dc76d76f5a47310,1990.28,2023-03-24T09:10:00Z,8c720bf3a0da3bc60e2f76ee44d3f8abf402115813e59f5c397200ba42696a3c,2023-03-24T09:10:00Z,1990.08,1994.91,2023-04-01T00:00:00Z,2023-03-24T07:00:00Z,0.18659083320456027,SHORT,0.6882874889085904,29.929955738902397,M15_LATEST_CONFIRMED_OPPOSING_SWING_ELSE_CONTROL,2023-03-24T09:10:00Z,CONTROL_NEXT_M1_OPEN,1990.08,True,8e645f09372f06d921eabb0e28c55693196cfb7c31e4d012aab7729a1a14a6dc,0.10828928709556405,0.7580250096686748,2023_03,0.598599114778048,0.4120082815734877,TARGET,2023-03-24T09:21:00Z,TARGET,a19f3c788a987848a3b0e44dfbb19323ff62b9d0cf77f3e28361b3ecff32383e,2023-03-24T09:21:00Z,FIRST_RETEST_FILLED,2023-03-24T09:25:00Z,2023-03-24T09:14:00Z,1990.28,True,False,INITIAL_CONFIRMATION_TARGET,f47c051ea073eb27b18071c64b1d13360e77935fc74f33fe9e516b436c66fb47,858b92d02f41f130b7ed7203e53e489335730a57ce0598eb3e62a6fba8bf223a,1993.4044285714285,1.8885714285714,0.09442857142857,,M15_LATEST_CONFIRMED_OPPOSING_SWING_ELSE_CONTROL,True,8c6ae3cfc276a5215d46189bfdd38e5cb88405855acd4e6158f042081a1e695b,2023-03-24T08:45:00Z,1993.31,1988.09,d476a7d75e8ae6ebcddd4bdc9dcc8959dedf0120ea2218bc3503e734caf052d2
6ba92d414e4f022667370fc83f5a892ec892f91c4cda30716dc76d76f5a47310,1990.28,2023-03-24T09:10:00Z,8c720bf3a0da3bc60e2f76ee44d3f8abf402115813e59f5c397200ba42696a3c,2023-03-24T09:10:00Z,1990.08,1994.91,2023-04-01T00:00:00Z,2023-03-24T07:00:00Z,0.0,SHORT,1.0,20.600414078674383,CONTROL_V2_FILLED_STOP,2023-03-24T09:10:00Z,CONTROL_NEXT_M1_OPEN,1990.08,True,df3ba628af759b2dfffb484c50d26d49284fb76ea009a1bd367c17fc4b1a7589,0.07453416149070721,0.5217391304347622,2023_03,0.4120082815734877,0.4120082815734877,TARGET,2023-03-24T09:21:00Z,TARGET,2651c91c8c17dd71cc56e68b927a77ac4c086b0eddbf898fafc7b68347ada2e4,2023-03-24T09:21:00Z,FIRST_RETEST_FILLED,2023-03-24T09:25:00Z,2023-03-24T09:14:00Z,1990.28,True,False,INITIAL_CONFIRMATION_TARGET,4c3749b0fa8026cda533347238b1a592b86f6630858607bfad43a4d03b1483e6,858b92d02f41f130b7ed7203e53e489335730a57ce0598eb3e62a6fba8bf223a,1994.91,7.761428571428594,0.38807142857142973,NOT_STRICTLY_CLOSER_THAN_CONTROL,H1_SOURCE_SWING_BUFFERED_ELSE_CONTROL,False,858b92d02f41f130b7ed7203e53e489335730a57ce0598eb3e62a6fba8bf223a,2023-03-24T07:00:00Z,1994.91,1988.09,d476a7d75e8ae6ebcddd4bdc9dcc8959dedf0120ea2218bc3503e734caf052d2
6ba92d414e4f022667370fc83f5a892ec892f91c4cda30716dc76d76f5a47310,1990.28,2023-03-24T09:10:00Z,8c720bf3a0da3bc60e2f76ee44d3f8abf402115813e59f5c397200ba42696a3c,2023-03-24T09:10:00Z,1990.08,1994.91,2023-04-01T00:00:00Z,2023-03-24T07:00:00Z,0.06099387825372676,SHORT,1.0,23.650107991360724,CONTROL_V2_FILLED_STOP,2023-03-24T09:14:00Z,M5_BROKEN_CONTROL_FIRST_RETEST,1990.28,True,5f503a7c97395518301b2f5ff13cf6543de1382aa8f68b9e843f9fef433dc01a,0.03455723542118317,0.5874730021598192,2023_03,0.47300215982721444,0.4120082815734877,TARGET,2023-03-24T09:21:00Z,TARGET,49c0b2a280a3c3303686a3db0137a556073538ba1a9f0e490c7c2cce03494554,2023-03-24T09:21:00Z,FIRST_RETEST_FILLED,2023-03-24T09:25:00Z,2023-03-24T09:14:00Z,1990.28,True,True,INITIAL_CONFIRMATION_TARGET,53bedf8e451b5f52f1ae3dd4494946a0e8e4630e845805e1bae833bc62e730dc,858b92d02f41f130b7ed7203e53e489335730a57ce0598eb3e62a6fba8bf223a,1994.91,,,,CONTROL_V2_FILLED_STOP,False,,2023-03-24T09:10:00Z,1994.91,1988.09,d476a7d75e8ae6ebcddd4bdc9dcc8959dedf0120ea2218bc3503e734caf052d2
6ba92d414e4f022667370fc83f5a892ec892f91c4cda30716dc76d76f5a47310,1990.28,2023-03-24T09:10:00Z,8c720bf3a0da3bc60e2f76ee44d3f8abf402115813e59f5c397200ba42696a3c,2023-03-24T09:10:00Z,1990.08,1994.91,2023-04-01T00:00:00Z,2023-03-24T07:00:00Z,0.34227237184121917,SHORT,0.6425317953268106,37.71403267073534,M5_LATEST_CONFIRMED_OPPOSING_SWING_ELSE_CONTROL,2023-03-24T09:14:00Z,M5_BROKEN_CONTROL_FIRST_RETEST,1990.28,True,7ce9efd4a305ea0f0461f2bd857cfbafc3c2a0ce5b249ee5f74ed6f9d8e7f353,0.05510726234995974,0.9368234599488456,2023_03,0.7542806534147068,0.4120082815734877,TARGET,2023-03-24T09:21:00Z,TARGET,14b8daf8ed62ea52f78a0cf8ba1c27b3ded05f66b4c8d0bdf413c02767697fed,2023-03-24T09:21:00Z,FIRST_RETEST_FILLED,2023-03-24T09:25:00Z,2023-03-24T09:14:00Z,1990.28,True,True,INITIAL_CONFIRMATION_TARGET,dd79a853829eaa7d0a96b358017bea6281070cc57f8f87ae00df04b12500b393,858b92d02f41f130b7ed7203e53e489335730a57ce0598eb3e62a6fba8bf223a,1993.1834285714285,1.268571428571428,0.0634285714285714,,M5_LATEST_CONFIRMED_OPPOSING_SWING_ELSE_CONTROL,True,4e0672afe6cfe3c52a0e28d4ef944f194b3add446ffdbb7462c7eb559cefe06d,2023-03-24T08:55:00Z,1993.12,1988.09,d476a7d75e8ae6ebcddd4bdc9dcc8959dedf0120ea2218bc3503e734caf052d2
6ba92d414e4f022667370fc83f5a892ec892f91c4cda30716dc76d76f5a47310,1990.28,2023-03-24T09:10:00Z,8c720bf3a0da3bc60e2f76ee44d3f8abf402115813e59f5c397200ba42696a3c,2023-03-24T09:10:00Z,1990.08,1994.91,2023-04-01T00:00:00Z,2023-03-24T07:00:00Z,0.2889198881489976,SHORT,0.6882874889085904,35.046408486124264,M15_LATEST_CONFIRMED_OPPOSING_SWING_ELSE_CONTROL,2023-03-24T09:14:00Z,M5_BROKEN_CONTROL_FIRST_RETEST,1990.28,True,8e645f09372f06d921eabb0e28c55693196cfb7c31e4d012aab7729a1a14a6dc,0.05120936399801471,0.8705591879658134,2023_03,0.7009281697224853,0.4120082815734877,TARGET,2023-03-24T09:21:00Z,TARGET,02ee20d2429001747341de2dd3a1ace160283d2b64e8d587287560cae67ded07,2023-03-24T09:21:00Z,FIRST_RETEST_FILLED,2023-03-24T09:25:00Z,2023-03-24T09:14:00Z,1990.28,True,True,INITIAL_CONFIRMATION_TARGET,44c7765f011b63df8ff7dce97012b8dc074c863f622427cec9a508c821fc465e,858b92d02f41f130b7ed7203e53e489335730a57ce0598eb3e62a6fba8bf223a,1993.4044285714285,1.8885714285714,0.09442857142857,,M15_LATEST_CONFIRMED_OPPOSING_SWING_ELSE_CONTROL,True,8c6ae3cfc276a5215d46189bfdd38e5cb88405855acd4e6158f042081a1e695b,2023-03-24T08:45:00Z,1993.31,1988.09,d476a7d75e8ae6ebcddd4bdc9dcc8959dedf0120ea2218bc3503e734caf052d2
6ba92d414e4f022667370fc83f5a892ec892f91c4cda30716dc76d76f5a47310,1990.28,2023-03-24T09:10:00Z,8c720bf3a0da3bc60e2f76ee44d3f8abf402115813e59f5c397200ba42696a3c,2023-03-24T09:10:00Z,1990.08,1994.91,2023-04-01T00:00:00Z,2023-03-24T07:00:00Z,0.06099387825372676,SHORT,1.0,23.650107991360724,CONTROL_V2_FILLED_STOP,2023-03-24T09:14:00Z,M5_BROKEN_CONTROL_FIRST_RETEST,1990.28,True,df3ba628af759b2dfffb484c50d26d49284fb76ea009a1bd367c17fc4b1a7589,0.03455723542118317,0.5874730021598192,2023_03,0.47300215982721444,0.4120082815734877,TARGET,2023-03-24T09:21:00Z,TARGET,3ebe912bb8f514cdfcc9d0192076120a3dd5e7fbf006fced9f685a39de608aa5,2023-03-24T09:21:00Z,FIRST_RETEST_FILLED,2023-03-24T09:25:00Z,2023-03-24T09:14:00Z,1990.28,True,True,INITIAL_CONFIRMATION_TARGET,1d529ddf9ade18e0bc6e2a9a1e6a90f73cad8b6a2323649c2488f2451050ca90,858b92d02f41f130b7ed7203e53e489335730a57ce0598eb3e62a6fba8bf223a,1994.91,7.761428571428594,0.38807142857142973,NOT_STRICTLY_CLOSER_THAN_CONTROL,H1_SOURCE_SWING_BUFFERED_ELSE_CONTROL,False,858b92d02f41f130b7ed7203e53e489335730a57ce0598eb3e62a6fba8bf223a,2023-03-24T07:00:00Z,1994.91,1988.09,d476a7d75e8ae6ebcddd4bdc9dcc8959dedf0120ea2218bc3503e734caf052d2
6ba92d414e4f022667370fc83f5a892ec892f91c4cda30716dc76d76f5a47310,1990.28,2023-03-24T09:10:00Z,8c720bf3a0da3bc60e2f76ee44d3f8abf402115813e59f5c397200ba42696a3c,2023-03-24T09:10:00Z,1990.08,1994.91,2023-04-01T00:00:00Z,2023-03-24T07:00:00Z,0.045745408690295086,SHORT,1.0,22.88768451318914,CONTROL_V2_FILLED_STOP,2023-03-24T09:10:00Z,CONFIRMED_25_75_RETEST_SPLIT,1990.08,True,5f503a7c97395518301b2f5ff13cf6543de1382aa8f68b9e843f9fef433dc01a,0.04455146693856418,0.571039534228555,2023_03,0.45775369026378276,0.4120082815734877,TARGET,2023-03-24T09:21:00Z,SPLIT_TARGET_TARGET,623ec8c63ec43f7952fc6bae14753b40817518f0e5f47c477300cefc841dae72,2023-03-24T09:21:00Z,FIRST_RETEST_FILLED,2023-03-24T09:25:00Z,2023-03-24T09:14:00Z,1990.28,True,True,INITIAL_CONFIRMATION_TARGET,47408e49410ee2dcd741ba686f2c0adcfae9a32a52cbf5c02c0eb12f42a071a4,858b92d02f41f130b7ed7203e53e489335730a57ce0598eb3e62a6fba8bf223a,1994.91,,,,CONTROL_V2_FILLED_STOP,False,,2023-03-24T09:10:00Z,1994.91,1988.09,d476a7d75e8ae6ebcddd4bdc9dcc8959dedf0120ea2218bc3503e734caf052d2
6ba92d414e4f022667370fc83f5a892ec892f91c4cda30716dc76d76f5a47310,1990.28,2023-03-24T09:10:00Z,8c720bf3a0da3bc60e2f76ee44d3f8abf402115813e59f5c397200ba42696a3c,2023-03-24T09:10:00Z,1990.08,1994.91,2023-04-01T00:00:00Z,2023-03-24T07:00:00Z,0.31400878186261105,SHORT,0.6425317953268106,36.30085317180494,M5_LATEST_CONFIRMED_OPPOSING_SWING_ELSE_CONTROL,2023-03-24T09:10:00Z,CONFIRMED_25_75_RETEST_SPLIT,1990.08,True,7ce9efd4a305ea0f0461f2bd857cfbafc3c2a0ce5b249ee5f74ed6f9d8e7f353,0.07033063089063304,0.9056188838587036,2023_03,0.7260170634360987,0.4120082815734877,TARGET,2023-03-24T09:21:00Z,SPLIT_TARGET_TARGET,6a3774799c13b6249afdc2e402c2f8024f3fd982168cd21e177d441a4fdf6d37,2023-03-24T09:21:00Z,FIRST_RETEST_FILLED,2023-03-24T09:25:00Z,2023-03-24T09:14:00Z,1990.28,True,True,INITIAL_CONFIRMATION_TARGET,0c26599a4f5e9b8fe3e465b3e1bef013f9187200a90c4aeb26377cf1d88791e8,858b92d02f41f130b7ed7203e53e489335730a57ce0598eb3e62a6fba8bf223a,1993.1834285714285,1.268571428571428,0.0634285714285714,,M5_LATEST_CONFIRMED_OPPOSING_SWING_ELSE_CONTROL,True,4e0672afe6cfe3c52a0e28d4ef944f194b3add446ffdbb7462c7eb559cefe06d,2023-03-24T08:55:00Z,1993.12,1988.09,d476a7d75e8ae6ebcddd4bdc9dcc8959dedf0120ea2218bc3503e734caf052d2
6ba92d414e4f022667370fc83f5a892ec892f91c4cda30716dc76d76f5a47310,1990.28,2023-03-24T09:10:00Z,8c720bf3a0da3bc60e2f76ee44d3f8abf402115813e59f5c397200ba42696a3c,2023-03-24T09:10:00Z,1990.08,1994.91,2023-04-01T00:00:00Z,2023-03-24T07:00:00Z,0.2633376244128883,SHORT,0.6882874889085904,33.7672952993188,M15_LATEST_CONFIRMED_OPPOSING_SWING_ELSE_CONTROL,2023-03-24T09:10:00Z,CONFIRMED_25_75_RETEST_SPLIT,1990.08,True,8e645f09372f06d921eabb0e28c55693196cfb7c31e4d012aab7729a1a14a6dc,0.06547934477240205,0.8424256433915287,2023_03,0.675345905986376,0.4120082815734877,TARGET,2023-03-24T09:21:00Z,SPLIT_TARGET_TARGET,589ae592c2b2465b33aec186912070a3874bd2a5a66bc17d977ba80bf04f4d52,2023-03-24T09:21:00Z,FIRST_RETEST_FILLED,2023-03-24T09:25:00Z,2023-03-24T09:14:00Z,1990.28,True,True,INITIAL_CONFIRMATION_TARGET,52c53c83822c1920136452d0bc4e5d1b93cac573b22d5df7200580c4a5c9000e,858b92d02f41f130b7ed7203e53e489335730a57ce0598eb3e62a6fba8bf223a,1993.4044285714285,1.8885714285714,0.09442857142857,,M15_LATEST_CONFIRMED_OPPOSING_SWING_ELSE_CONTROL,True,8c6ae3cfc276a5215d46189bfdd38e5cb88405855acd4e6158f042081a1e695b,2023-03-24T08:45:00Z,1993.31,1988.09,d476a7d75e8ae6ebcddd4bdc9dcc8959dedf0120ea2218bc3503e734caf052d2
6ba92d414e4f022667370fc83f5a892ec892f91c4cda30716dc76d76f5a47310,1990.28,2023-03-24T09:10:00Z,8c720bf3a0da3bc60e2f76ee44d3f8abf402115813e59f5c397200ba42696a3c,2023-03-24T09:10:00Z,1990.08,1994.91,2023-04-01T00:00:00Z,2023-03-24T07:00:00Z,0.045745408690295086,SHORT,1.0,22.88768451318914,CONTROL_V2_FILLED_STOP,2023-03-24T09:10:00Z,CONFIRMED_25_75_RETEST_SPLIT,1990.08,True,df3ba628af759b2dfffb484c50d26d49284fb76ea009a1bd367c17fc4b1a7589,0.04455146693856418,0.571039534228555,2023_03,0.45775369026378276,0.4120082815734877,TARGET,2023-03-24T09:21:00Z,SPLIT_TARGET_TARGET,c8db0268b779579208b93d6d9828cac0cfa4260379af82e2b36907dbd3d08c62,2023-03-24T09:21:00Z,FIRST_RETEST_FILLED,2023-03-24T09:25:00Z,2023-03-24T09:14:00Z,1990.28,True,True,INITIAL_CONFIRMATION_TARGET,5d510cc88bfa657eb120c02e7d7537c9ffa5e60d989e2fc86d283ddc23658f48,858b92d02f41f130b7ed7203e53e489335730a57ce0598eb3e62a6fba8bf223a,1994.91,7.761428571428594,0.38807142857142973,NOT_STRICTLY_CLOSER_THAN_CONTROL,H1_SOURCE_SWING_BUFFERED_ELSE_CONTROL,False,858b92d02f41f130b7ed7203e53e489335730a57ce0598eb3e62a6fba8bf223a,2023-03-24T07:00:00Z,1994.91,1988.09,d476a7d75e8ae6ebcddd4bdc9dcc8959dedf0120ea2218bc3503e734caf052d2
5c5d0bbd85a4f3d5a304a8798d70e4f5c1f26d3f8a62fd9fcbe165f4b16bf103,1992.2,2023-03-24T18:35:00Z,57f3780fd6e7d9f1418e1d6b95942b6e67d6178cd6aa405d90796bb3fdabe6b4,2023-03-24T18:35:00Z,1992.1,2003.04,2023-04-01T00:00:00Z,2023-03-24T18:00:00Z,0.0,SHORT,1.0,49.40585009140718,CONTROL_V2_FILLED_STOP,2023-03-24T18:35:00Z,CONTROL_NEXT_M1_OPEN,1992.1,True,697927a80f99c862e88a915bc65abc3b004975d87f1ed8e9ae33999336a669d5,0.04478976234003717,1.1060329067641543,2023_03,0.9881170018281437,0.9881170018281437,TARGET,2023-03-24T20:28:00Z,TARGET,e5466903045c63fe945241797a24a9613b31334ea4e6decc75a64433fdd6592e,2023-03-24T20:28:00Z,FIRST_RETEST_FILLED,2023-03-24T18:50:00Z,2023-03-24T18:35:00Z,1992.2,True,False,INITIAL_CONFIRMATION_TARGET,b918bbb3864dd2039963b8f228d58c88ebd5e14e4b26d3265ebef48ebfc030b6,ff2d6ed27dd2355b6cd7dd262ff6689a5e040f64213c5c712d6dd80f3f6cb066,2003.04,,,,CONTROL_V2_FILLED_STOP,False,,2023-03-24T18:35:00Z,2003.04,1981.29,fb022c5ed211074810fc056a4f209d90e6c82abf39a46e88209fdfedc8df5869
5c5d0bbd85a4f3d5a304a8798d70e4f5c1f26d3f8a62fd9fcbe165f4b16bf103,1992.2,2023-03-24T18:35:00Z,57f3780fd6e7d9f1418e1d6b95942b6e67d6178cd6aa405d90796bb3fdabe6b4,2023-03-24T18:35:00Z,1992.1,2003.04,2023-04-01T00:00:00Z,2023-03-24T18:00:00Z,1.8711850820954856,SHORT,0.34557978584487886,142.96510419618147,M5_LATEST_CONFIRMED_OPPOSING_SWING_ELSE_CONTROL,2023-03-24T18:35:00Z,CONTROL_NEXT_M1_OPEN,1992.1,True,39e47b81726c93d81d6ab3798467143fa2609bfd248cbfe110af69ad9ada1d9a,0.12960758752290577,3.2005138959737125,2023_03,2.8593020839236294,0.9881170018281437,TARGET,2023-03-24T20:28:00Z,TARGET,0c620c3fe4f7275cf175c1f7f3f942022e0bab44bfbf0b29c58f01d82685caef,2023-03-24T20:28:00Z,FIRST_RETEST_FILLED,2023-03-24T18:50:00Z,2023-03-24T18:35:00Z,1992.2,True,False,INITIAL_CONFIRMATION_TARGET,da8d1fdd590e957c7b9fc25e07240411832a4694adb5c0188c6aa5c08696403a,ff2d6ed27dd2355b6cd7dd262ff6689a5e040f64213c5c712d6dd80f3f6cb066,1995.880642857143,2.6128571428571377,0.1306428571428569,,M5_LATEST_CONFIRMED_OPPOSING_SWING_ELSE_CONTROL,True,a4aedd38a23a4af9144deda8edfb3742714012616b35a08868e968e23b924759,2023-03-24T18:25:00Z,1995.75,1981.29,fb022c5ed211074810fc056a4f209d90e6c82abf39a46e88209fdfedc8df5869
5c5d0bbd85a4f3d5a304a8798d70e4f5c1f26d3f8a62fd9fcbe165f4b16bf103,1992.2,2023-03-24T18:35:00Z,57f3780fd6e7d9f1418e1d6b95942b6e67d6178cd6aa405d90796bb3fdabe6b4,2023-03-24T18:35:00Z,1992.1,2003.04,2023-04-01T00:00:00Z,2023-03-24T18:00:00Z,0.6688782025864007,SHORT,0.5963306346304537,82.84976022072722,M15_LATEST_CONFIRMED_OPPOSING_SWING_ELSE_CONTROL,2023-03-24T18:35:00Z,CONTROL_NEXT_M1_OPEN,1992.1,True,33fd41596a7f4d37fd865c05d39deee409b0f821b0edadc68e1a09e48151719b,0.0751089408106518,1.8547309873650266,2023_03,1.6569952044145444,0.9881170018281437,TARGET,2023-03-24T20:28:00Z,TARGET,d9c838fdd7f5dea1f3f23156a2f93db6fc2681634f206724c38eab396687f757,2023-03-24T20:28:00Z,FIRST_RETEST_FILLED,2023-03-24T18:50:00Z,2023-03-24T18:35:00Z,1992.2,True,False,INITIAL_CONFIRMATION_TARGET,a7f117ad2012716b7b47528fe86a6966132615f82828c4fb24a4e19e8c836d09,ff2d6ed27dd2355b6cd7dd262ff6689a5e040f64213c5c712d6dd80f3f6cb066,1998.623857142857,5.277142857142849,0.26385714285714246,,M15_LATEST_CONFIRMED_OPPOSING_SWING_ELSE_CONTROL,True,035c8e632479ecb9d8d3d4322c1f453ea6fed51a949517876c0b611c23c27d5b,2023-03-24T18:00:00Z,1998.36,1981.29,fb022c5ed211074810fc056a4f209d90e6c82abf39a46e88209fdfedc8df5869
5c5d0bbd85a4f3d5a304a8798d70e4f5c1f26d3f8a62fd9fcbe165f4b16bf103,1992.2,2023-03-24T18:35:00Z,57f3780fd6e7d9f1418e1d6b95942b6e67d6178cd6aa405d90796bb3fdabe6b4,2023-03-24T18:35:00Z,1992.1,2003.04,2023-04-01T00:00:00Z,2023-03-24T18:00:00Z,0.0,SHORT,1.0,49.40585009140718,CONTROL_V2_FILLED_STOP,2023-03-24T18:35:00Z,CONTROL_NEXT_M1_OPEN,1992.1,True,558b592031de2d52a17dc803e12265c6d7c9a4bd156a9b9dde4167d19d66d26d,0.04478976234003717,1.1060329067641543,2023_03,0.9881170018281437,0.9881170018281437,TARGET,2023-03-24T20:28:00Z,TARGET,dc9d7e426b6b9e51c551189178173f175c739da88402eb0a576fed0bb4c3b661,2023-03-24T20:28:00Z,FIRST_RETEST_FILLED,2023-03-24T18:50:00Z,2023-03-24T18:35:00Z,1992.2,True,False,INITIAL_CONFIRMATION_TARGET,8f3c8eb9ee995652e165cd6710dd4c14bceef98b3db257adcab02a277cff59b0,ff2d6ed27dd2355b6cd7dd262ff6689a5e040f64213c5c712d6dd80f3f6cb066,2003.04,6.896428571428585,0.3448214285714293,NOT_STRICTLY_CLOSER_THAN_CONTROL,H1_SOURCE_SWING_BUFFERED_ELSE_CONTROL,False,ff2d6ed27dd2355b6cd7dd262ff6689a5e040f64213c5c712d6dd80f3f6cb066,2023-03-24T18:00:00Z,2003.04,1981.29,fb022c5ed211074810fc056a4f209d90e6c82abf39a46e88209fdfedc8df5869
5c5d0bbd85a4f3d5a304a8798d70e4f5c1f26d3f8a62fd9fcbe165f4b16bf103,1992.2,2023-03-24T18:35:00Z,57f3780fd6e7d9f1418e1d6b95942b6e67d6178cd6aa405d90796bb3fdabe6b4,2023-03-24T18:35:00Z,1992.1,2003.04,2023-04-01T00:00:00Z,2023-03-24T18:00:00Z,0.018340562747517164,SHORT,1.0,50.32287822878304,CONTROL_V2_FILLED_STOP,2023-03-24T18:35:00Z,M5_BROKEN_CONTROL_FIRST_RETEST,1992.2,True,697927a80f99c862e88a915bc65abc3b004975d87f1ed8e9ae33999336a669d5,0.035977859778586314,1.1254612546125589,2023_03,1.0064575645756608,0.9881170018281437,TARGET,2023-03-24T20:28:00Z,TARGET,a91338d59c7bde038610b68ee054bbda381ee9f2c57ffa5f15ffd7b4609e9f94,2023-03-24T20:28:00Z,FIRST_RETEST_FILLED,2023-03-24T18:50:00Z,2023-03-24T18:35:00Z,1992.2,True,True,INITIAL_CONFIRMATION_TARGET,5a951cc57b443f74f7727a1a2d8d88a34d4cf530ee6f924886c7c2098741cf01,ff2d6ed27dd2355b6cd7dd262ff6689a5e040f64213c5c712d6dd80f3f6cb066,2003.04,,,,CONTROL_V2_FILLED_STOP,False,,2023-03-24T18:35:00Z,2003.04,1981.29,fb022c5ed211074810fc056a4f209d90e6c82abf39a46e88209fdfedc8df5869
5c5d0bbd85a4f3d5a304a8798d70e4f5c1f26d3f8a62fd9fcbe165f4b16bf103,1992.2,2023-03-24T18:35:00Z,57f3780fd6e7d9f1418e1d6b95942b6e67d6178cd6aa405d90796bb3fdabe6b4,2023-03-24T18:35:00Z,1992.1,2003.04,2023-04-01T00:00:00Z,2023-03-24T18:00:00Z,1.9760391044421342,SHORT,0.34557978584487886,148.2078053135139,M5_LATEST_CONFIRMED_OPPOSING_SWING_ELSE_CONTROL,2023-03-24T18:35:00Z,M5_BROKEN_CONTROL_FIRST_RETEST,1992.2,True,39e47b81726c93d81d6ab3798467143fa2609bfd248cbfe110af69ad9ada1d9a,0.10595975081989206,3.314638358982333,2023_03,2.964156106270278,0.9881170018281437,TARGET,2023-03-24T20:28:00Z,TARGET,96f581a57c13d8fc3292c8627c1b86b1d4e463f7ebc1f8cbb13c8f7f10c7c90a,2023-03-24T20:28:00Z,FIRST_RETEST_FILLED,2023-03-24T18:50:00Z,2023-03-24T18:35:00Z,1992.2,True,True,INITIAL_CONFIRMATION_TARGET,23281a6ca215e5a324f659a40139f425d8170f1480c8c2dc17886bb78bc056f9,ff2d6ed27dd2355b6cd7dd262ff6689a5e040f64213c5c712d6dd80f3f6cb066,1995.880642857143,2.6128571428571377,0.1306428571428569,,M5_LATEST_CONFIRMED_OPPOSING_SWING_ELSE_CONTROL,True,a4aedd38a23a4af9144deda8edfb3742714012616b35a08868e968e23b924759,2023-03-24T18:25:00Z,1995.75,1981.29,fb022c5ed211074810fc056a4f209d90e6c82abf39a46e88209fdfedc8df5869
5c5d0bbd85a4f3d5a304a8798d70e4f5c1f26d3f8a62fd9fcbe165f4b16bf103,1992.2,2023-03-24T18:35:00Z,57f3780fd6e7d9f1418e1d6b95942b6e67d6178cd6aa405d90796bb3fdabe6b4,2023-03-24T18:35:00Z,1992.1,2003.04,2023-04-01T00:00:00Z,2023-03-24T18:00:00Z,0.7102395707695738,SHORT,0.5963306346304537,84.91782862988588,M15_LATEST_CONFIRMED_OPPOSING_SWING_ELSE_CONTROL,2023-03-24T18:35:00Z,M5_BROKEN_CONTROL_FIRST_RETEST,1992.2,True,33fd41596a7f4d37fd865c05d39deee409b0f821b0edadc68e1a09e48151719b,0.0607111882046644,1.8991705028132058,2023_03,1.6983565725977174,0.9881170018281437,TARGET,2023-03-24T20:28:00Z,TARGET,598dcee9ad70d0c4f0765dd0d345a8da08fa4cf124c104c70c14e7e68d5ad0ed,2023-03-24T20:28:00Z,FIRST_RETEST_FILLED,2023-03-24T18:50:00Z,2023-03-24T18:35:00Z,1992.2,True,True,INITIAL_CONFIRMATION_TARGET,75dc561e7a9d886730a96720ec131fcc6d3c5a6062eed0ee4688c66e0f10fdb0,ff2d6ed27dd2355b6cd7dd262ff6689a5e040f64213c5c712d6dd80f3f6cb066,1998.623857142857,5.277142857142849,0.26385714285714246,,M15_LATEST_CONFIRMED_OPPOSING_SWING_ELSE_CONTROL,True,035c8e632479ecb9d8d3d4322c1f453ea6fed51a949517876c0b611c23c27d5b,2023-03-24T18:00:00Z,1998.36,1981.29,fb022c5ed211074810fc056a4f209d90e6c82abf39a46e88209fdfedc8df5869
5c5d0bbd85a4f3d5a304a8798d70e4f5c1f26d3f8a62fd9fcbe165f4b16bf103,1992.2,2023-03-24T18:35:00Z,57f3780fd6e7d9f1418e1d6b95942b6e67d6178cd6aa405d90796bb3fdabe6b4,2023-03-24T18:35:00Z,1992.1,2003.04,2023-04-01T00:00:00Z,2023-03-24T18:00:00Z,0.018340562747517164,SHORT,1.0,50.32287822878304,CONTROL_V2_FILLED_STOP,2023-03-24T18:35:00Z,M5_BROKEN_CONTROL_FIRST_RETEST,1992.2,True,558b592031de2d52a17dc803e12265c6d7c9a4bd156a9b9dde4167d19d66d26d,0.035977859778586314,1.1254612546125589,2023_03,1.0064575645756608,0.9881170018281437,TARGET,2023-03-24T20:28:00Z,TARGET,fbcaa515da06049d773eee2d02eb3ddea370c65da412960d1f69d31f3edad737,2023-03-24T20:28:00Z,FIRST_RETEST_FILLED,2023-03-24T18:50:00Z,2023-03-24T18:35:00Z,1992.2,True,True,INITIAL_CONFIRMATION_TARGET,4fa163dd756f74da9cf65f4d5d52e5aa673cdc2c87cf7e99740488a9c547d989,ff2d6ed27dd2355b6cd7dd262ff6689a5e040f64213c5c712d6dd80f3f6cb066,2003.04,6.896428571428585,0.3448214285714293,NOT_STRICTLY_CLOSER_THAN_CONTROL,H1_SOURCE_SWING_BUFFERED_ELSE_CONTROL,False,ff2d6ed27dd2355b6cd7dd262ff6689a5e040f64213c5c712d6dd80f3f6cb066,2023-03-24T18:00:00Z,2003.04,1981.29,fb022c5ed211074810fc056a4f209d90e6c82abf39a46e88209fdfedc8df5869
5c5d0bbd85a4f3d5a304a8798d70e4f5c1f26d3f8a62fd9fcbe165f4b16bf103,1992.2,2023-03-24T18:35:00Z,57f3780fd6e7d9f1418e1d6b95942b6e67d6178cd6aa405d90796bb3fdabe6b4,2023-03-24T18:35:00Z,1992.1,2003.04,2023-04-01T00:00:00Z,2023-03-24T18:00:00Z,0.013755422060637845,SHORT,1.0,50.09362119443907,CONTROL_V2_FILLED_STOP,2023-03-24T18:35:00Z,CONFIRMED_25_75_RETEST_SPLIT,1992.1,True,697927a80f99c862e88a915bc65abc3b004975d87f1ed8e9ae33999336a669d5,0.03818083541894903,1.1206041676504577,2023_03,1.0018724238887815,0.9881170018281437,TARGET,2023-03-24T20:28:00Z,SPLIT_TARGET_TARGET,cebd44ca96a51680a7d063d7a33835004609670e81cc4b9c48e181ad80443047,2023-03-24T20:28:00Z,FIRST_RETEST_FILLED,2023-03-24T18:50:00Z,2023-03-24T18:35:00Z,1992.2,True,True,INITIAL_CONFIRMATION_TARGET,1837ce427fc4f9c0ce5c1db5f4443961513b266b35e7435cd371f222b01bd4cc,ff2d6ed27dd2355b6cd7dd262ff6689a5e040f64213c5c712d6dd80f3f6cb066,2003.04,,,,CONTROL_V2_FILLED_STOP,False,,2023-03-24T18:35:00Z,2003.04,1981.29,fb022c5ed211074810fc056a4f209d90e6c82abf39a46e88209fdfedc8df5869
5c5d0bbd85a4f3d5a304a8798d70e4f5c1f26d3f8a62fd9fcbe165f4b16bf103,1992.2,2023-03-24T18:35:00Z,57f3780fd6e7d9f1418e1d6b95942b6e67d6178cd6aa405d90796bb3fdabe6b4,2023-03-24T18:35:00Z,1992.1,2003.04,2023-04-01T00:00:00Z,2023-03-24T18:00:00Z,1.9498255988554725,SHORT,0.34557978584487886,146.8971300341808,M5_LATEST_CONFIRMED_OPPOSING_SWING_ELSE_CONTROL,2023-03-24T18:35:00Z,CONFIRMED_25_75_RETEST_SPLIT,1992.1,True,39e47b81726c93d81d6ab3798467143fa2609bfd248cbfe110af69ad9ada1d9a,0.1118717099956455,3.286107243230178,2023_03,2.9379426006836162,0.9881170018281437,TARGET,2023-03-24T20:28:00Z,SPLIT_TARGET_TARGET,d5052c24e84396118aba6a2591d74b5c3bfb601b3be6efbff1ee890c768ab520,2023-03-24T20:28:00Z,FIRST_RETEST_FILLED,2023-03-24T18:50:00Z,2023-03-24T18:35:00Z,1992.2,True,True,INITIAL_CONFIRMATION_TARGET,12f902dd02cc5b63d62dffab2efcbcb293ee037c910189ef6ae41fde45a6ea13,ff2d6ed27dd2355b6cd7dd262ff6689a5e040f64213c5c712d6dd80f3f6cb066,1995.880642857143,2.6128571428571377,0.1306428571428569,,M5_LATEST_CONFIRMED_OPPOSING_SWING_ELSE_CONTROL,True,a4aedd38a23a4af9144deda8edfb3742714012616b35a08868e968e23b924759,2023-03-24T18:25:00Z,1995.75,1981.29,fb022c5ed211074810fc056a4f209d90e6c82abf39a46e88209fdfedc8df5869
5c5d0bbd85a4f3d5a304a8798d70e4f5c1f26d3f8a62fd9fcbe165f4b16bf103,1992.2,2023-03-24T18:35:00Z,57f3780fd6e7d9f1418e1d6b95942b6e67d6178cd6aa405d90796bb3fdabe6b4,2023-03-24T18:35:00Z,1992.1,2003.04,2023-04-01T00:00:00Z,2023-03-24T18:00:00Z,0.6998992287237805,SHORT,0.5963306346304537,84.4008115275962,M15_LATEST_CONFIRMED_OPPOSING_SWING_ELSE_CONTROL,2023-03-24T18:35:00Z,CONFIRMED_25_75_RETEST_SPLIT,1992.1,True,33fd41596a7f4d37fd865c05d39deee409b0f821b0edadc68e1a09e48151719b,0.06431062635616125,1.8880606239511608,2023_03,1.6880162305519242,0.9881170018281437,TARGET,2023-03-24T20:28:00Z,SPLIT_TARGET_TARGET,24158931d84d0bb512be8e63a107e3874afe5cd0e4eff18a751d9d8e1adce60a,2023-03-24T20:28:00Z,FIRST_RETEST_FILLED,2023-03-24T18:50:00Z,2023-03-24T18:35:00Z,1992.2,True,True,INITIAL_CONFIRMATION_TARGET,c95dc1bbf4a4042577de2348cf6d93c9d34be9b7c49c8687de47c8f08f2a6e59,ff2d6ed27dd2355b6cd7dd262ff6689a5e040f64213c5c712d6dd80f3f6cb066,1998.623857142857,5.277142857142849,0.26385714285714246,,M15_LATEST_CONFIRMED_OPPOSING_SWING_ELSE_CONTROL,True,035c8e632479ecb9d8d3d4322c1f453ea6fed51a949517876c0b611c23c27d5b,2023-03-24T18:00:00Z,1998.36,1981.29,fb022c5ed211074810fc056a4f209d90e6c82abf39a46e88209fdfedc8df5869
5c5d0bbd85a4f3d5a304a8798d70e4f5c1f26d3f8a62fd9fcbe165f4b16bf103,1992.2,2023-03-24T18:35:00Z,57f3780fd6e7d9f1418e1d6b95942b6e67d6178cd6aa405d90796bb3fdabe6b4,2023-03-24T18:35:00Z,1992.1,2003.04,2023-04-01T00:00:00Z,2023-03-24T18:00:00Z,0.013755422060637845,SHORT,1.0,50.09362119443907,CONTROL_V2_FILLED_STOP,2023-03-24T18:35:00Z,CONFIRMED_25_75_RETEST_SPLIT,1992.1,True,558b592031de2d52a17dc803e12265c6d7c9a4bd156a9b9dde4167d19d66d26d,0.03818083541894903,1.1206041676504577,2023_03,1.0018724238887815,0.9881170018281437,TARGET,2023-03-24T20:28:00Z,SPLIT_TARGET_TARGET,e4f6d74159d95361def167163c4ec34a1fb876177fc89735f4e7d6c0d85a01e2,2023-03-24T20:28:00Z,FIRST_RETEST_FILLED,2023-03-24T18:50:00Z,2023-03-24T18:35:00Z,1992.2,True,True,INITIAL_CONFIRMATION_TARGET,3001a5c293c24d88d85c2b6c7d29179d67607ef9b4198b954bbb704f954368b5,ff2d6ed27dd2355b6cd7dd262ff6689a5e040f64213c5c712d6dd80f3f6cb066,2003.04,6.896428571428585,0.3448214285714293,NOT_STRICTLY_CLOSER_THAN_CONTROL,H1_SOURCE_SWING_BUFFERED_ELSE_CONTROL,False,ff2d6ed27dd2355b6cd7dd262ff6689a5e040f64213c5c712d6dd80f3f6cb066,2023-03-24T18:00:00Z,2003.04,1981.29,fb022c5ed211074810fc056a4f209d90e6c82abf39a46e88209fdfedc8df5869
e88e43a9ae6d4fd327514f258621dfb6520b01f2b2fd9f154e22222d8948c0aa,1957.64,2023-03-28T01:10:00Z,224f485abbacfe0467801153ab1c1a2e087589d74e818111d9c981dcdd9efa9e,2023-03-28T01:10:00Z,1957.89,1950.77,2023-04-01T00:00:00Z,2023-03-27T23:00:00Z,0.0,LONG,1.0,10.884831460673656,CONTROL_V2_FILLED_STOP,2023-03-28T01:10:00Z,CONTROL_NEXT_M1_OPEN,1957.89,True,5b69b1f99a70bab046bd47640e4e0034392f6e889a99f37bd75230ac3bb5265c,0.20646067415730376,0.2457865168539285,2023_03,0.21769662921347313,0.21769662921347313,TARGET,2023-03-28T03:12:00Z,TARGET,e7ec99162538c31396e4394bf86f11a3fbd9a02494e2626f3d2331cd13622151,2023-03-28T03:12:00Z,FIRST_RETEST_FILLED,2023-03-28T01:25:00Z,2023-03-28T01:10:00Z,1957.64,True,False,INITIAL_CONFIRMATION_TARGET,3e2e00251dacedf5813f0bec951cb0b6f90d117968ad24ab39e52e8e97484583,be940ef95ea5d240afef5c51373ee2162bbdd48984016f61a2bab674598fae20,1950.77,,,,CONTROL_V2_FILLED_STOP,False,,2023-03-28T01:10:00Z,1950.77,1959.44,c4b596ef1206f402ef730394e3fdf11a8f6ad4e563f939c479a56159e7f1c203
e88e43a9ae6d4fd327514f258621dfb6520b01f2b2fd9f154e22222d8948c0aa,1957.64,2023-03-28T01:10:00Z,224f485abbacfe0467801153ab1c1a2e087589d74e818111d9c981dcdd9efa9e,2023-03-28T01:10:00Z,1957.89,1950.77,2023-04-01T00:00:00Z,2023-03-27T23:00:00Z,-1.2176966292134732,LONG,0.12412219101126072,-50.0,M5_LATEST_CONFIRMED_OPPOSING_SWING_ELSE_CONTROL,2023-03-28T01:10:00Z,CONTROL_NEXT_M1_OPEN,1957.89,True,74e07b249dc93ac97e48e53d56280a13b6b95436f62714689c0213cdc4dd5ef1,1.1428571428568857,0.02263083451199716,2023_03,-1.0,0.21769662921347313,TARGET,2023-03-28T03:12:00Z,STOP,33272189d4ce41d8766b1832eec71e88f32113f9424a706fb7676218612a8ed0,2023-03-28T01:13:00Z,FIRST_RETEST_FILLED,2023-03-28T01:25:00Z,2023-03-28T01:10:00Z,1957.64,True,False,INITIAL_CONFIRMATION_TARGET,62ab9554fba164452c657ea21c9fc692e0b643867108f6e336cb96edee43f7fb,be940ef95ea5d240afef5c51373ee2162bbdd48984016f61a2bab674598fae20,1957.00625,0.6749999999999545,0.033749999999997726,,M5_LATEST_CONFIRMED_OPPOSING_SWING_ELSE_CONTROL,True,9bf0f96fc14c2c02409f2c4221812955b1adbfd939e19250ba3e857bb0ab1739,2023-03-27T23:35:00Z,1957.04,1959.44,c4b596ef1206f402ef730394e3fdf11a8f6ad4e563f939c479a56159e7f1c203
e88e43a9ae6d4fd327514f258621dfb6520b01f2b2fd9f154e22222d8948c0aa,1957.64,2023-03-28T01:10:00Z,224f485abbacfe0467801153ab1c1a2e087589d74e818111d9c981dcdd9efa9e,2023-03-28T01:10:00Z,1957.89,1950.77,2023-04-01T00:00:00Z,2023-03-27T23:00:00Z,0.0,LONG,1.0,10.884831460673656,CONTROL_V2_FILLED_STOP,2023-03-28T01:10:00Z,CONTROL_NEXT_M1_OPEN,1957.89,True,afc03941658835be6d7778544ffe992b32378cd3a631273c3b727ae46c9bad62,0.20646067415730376,0.2457865168539285,2023_03,0.21769662921347313,0.21769662921347313,TARGET,2023-03-28T03:12:00Z,TARGET,2f203ea78e555aaa6458eebb3ba472f61a9e4e966711bb18e1a4734b22e64cb9,2023-03-28T03:12:00Z,FIRST_RETEST_FILLED,2023-03-28T01:25:00Z,2023-03-28T01:10:00Z,1957.64,True,False,INITIAL_CONFIRMATION_TARGET,ecfb64d238a6d3a7418687832d4966252efd161686ace0b04d7813b61b42b192,be940ef95ea5d240afef5c51373ee2162bbdd48984016f61a2bab674598fae20,1950.77,1.5242857142857247,0.07621428571428623,NOT_STRICTLY_CLOSER_THAN_CONTROL,M15_LATEST_CONFIRMED_OPPOSING_SWING_ELSE_CONTROL,False,f55cb761eabaaf437672be3cc873bb80f34fe312b13878a1e1880413e7c4dc79,2023-03-27T21:15:00Z,1950.77,1959.44,c4b596ef1206f402ef730394e3fdf11a8f6ad4e563f939c479a56159e7f1c203
e88e43a9ae6d4fd327514f258621dfb6520b01f2b2fd9f154e22222d8948c0aa,1957.64,2023-03-28T01:10:00Z,224f485abbacfe0467801153ab1c1a2e087589d74e818111d9c981dcdd9efa9e,2023-03-28T01:10:00Z,1957.89,1950.77,2023-04-01T00:00:00Z,2023-03-27T23:00:00Z,0.0,LONG,1.0,10.884831460673656,CONTROL_V2_FILLED_STOP,2023-03-28T01:10:00Z,CONTROL_NEXT_M1_OPEN,1957.89,True,2ebb3eb5c351563935bcf3ea1d58ea39a596a2e87bb670601da2b857758aba76,0.20646067415730376,0.2457865168539285,2023_03,0.21769662921347313,0.21769662921347313,TARGET,2023-03-28T03:12:00Z,TARGET,4f8c82c5e855eb74e2a357f5d5aa8f95fc0705c3100399381686674006d4c68c,2023-03-28T03:12:00Z,FIRST_RETEST_FILLED,2023-03-28T01:25:00Z,2023-03-28T01:10:00Z,1957.64,True,False,INITIAL_CONFIRMATION_TARGET,aba6089f7d26b4d1ba56a2ddf6861814d890296fb7565f1dc8ce5c0b853b7e64,be940ef95ea5d240afef5c51373ee2162bbdd48984016f61a2bab674598fae20,1950.77,7.03071428571429,0.3515357142857145,NOT_STRICTLY_CLOSER_THAN_CONTROL,H1_SOURCE_SWING_BUFFERED_ELSE_CONTROL,False,be940ef95ea5d240afef5c51373ee2162bbdd48984016f61a2bab674598fae20,2023-03-27T23:00:00Z,1950.77,1959.44,c4b596ef1206f402ef730394e3fdf11a8f6ad4e563f939c479a56159e7f1c203
e88e43a9ae6d4fd327514f258621dfb6520b01f2b2fd9f154e22222d8948c0aa,1957.64,2023-03-28T01:10:00Z,224f485abbacfe0467801153ab1c1a2e087589d74e818111d9c981dcdd9efa9e,2023-03-28T01:10:00Z,1957.89,1950.77,2023-04-01T00:00:00Z,2023-03-27T23:00:00Z,0.044312104410969916,LONG,1.0,13.100436681222153,CONTROL_V2_FILLED_STOP,2023-03-28T01:10:00Z,M5_BROKEN_CONTROL_FIRST_RETEST,1957.64,True,5b69b1f99a70bab046bd47640e4e0034392f6e889a99f37bd75230ac3bb5265c,0.17758369723435316,0.29112081513827737,2023_03,0.26200873362444305,0.21769662921347313,TARGET,2023-03-28T03:12:00Z,TARGET,da1edf7c10338535b8cd917df5f50c886f1c4835466fae615fa9c9a5bacc6c05,2023-03-28T03:12:00Z,FIRST_RETEST_FILLED,2023-03-28T01:25:00Z,2023-03-28T01:10:00Z,1957.64,True,True,INITIAL_CONFIRMATION_TARGET,d46c5db007d23040853bd943c26c4702ab21562fb4e8dedfe0ad67b453407813,be940ef95ea5d240afef5c51373ee2162bbdd48984016f61a2bab674598fae20,1950.77,,,,CONTROL_V2_FILLED_STOP,False,,2023-03-28T01:10:00Z,1950.77,1959.44,c4b596ef1206f402ef730394e3fdf11a8f6ad4e563f939c479a56159e7f1c203
e88e43a9ae6d4fd327514f258621dfb6520b01f2b2fd9f154e22222d8948c0aa,1957.64,2023-03-28T01:10:00Z,224f485abbacfe0467801153ab1c1a2e087589d74e818111d9c981dcdd9efa9e,2023-03-28T01:10:00Z,1957.89,1950.77,2023-04-01T00:00:00Z,2023-03-27T23:00:00Z,-1.2176966292134732,LONG,0.12412219101126072,-50.0,M5_LATEST_CONFIRMED_OPPOSING_SWING_ELSE_CONTROL,2023-03-28T01:10:00Z,M5_BROKEN_CONTROL_FIRST_RETEST,1957.64,True,74e07b249dc93ac97e48e53d56280a13b6b95436f62714689c0213cdc4dd5ef1,1.1992110453645157,0.4260355029584228,2023_03,-1.0,0.21769662921347313,TARGET,2023-03-28T03:12:00Z,STOP,3af802dbc35539b39540b2a3c08ac4e5096c00485ec4a4b6cea47e41d50b2eef,2023-03-28T01:13:00Z,FIRST_RETEST_FILLED,2023-03-28T01:25:00Z,2023-03-28T01:10:00Z,1957.64,True,True,INITIAL_CONFIRMATION_TARGET,2ac47534897d7adcd506bbe899eea23ad3495c1f7d47c614cc4abb9f00095ca2,be940ef95ea5d240afef5c51373ee2162bbdd48984016f61a2bab674598fae20,1957.00625,0.6749999999999545,0.033749999999997726,,M5_LATEST_CONFIRMED_OPPOSING_SWING_ELSE_CONTROL,True,9bf0f96fc14c2c02409f2c4221812955b1adbfd939e19250ba3e857bb0ab1739,2023-03-27T23:35:00Z,1957.04,1959.44,c4b596ef1206f402ef730394e3fdf11a8f6ad4e563f939c479a56159e7f1c203
e88e43a9ae6d4fd327514f258621dfb6520b01f2b2fd9f154e22222d8948c0aa,1957.64,2023-03-28T01:10:00Z,224f485abbacfe0467801153ab1c1a2e087589d74e818111d9c981dcdd9efa9e,2023-03-28T01:10:00Z,1957.89,1950.77,2023-04-01T00:00:00Z,2023-03-27T23:00:00Z,0.044312104410969916,LONG,1.0,13.100436681222153,CONTROL_V2_FILLED_STOP,2023-03-28T01:10:00Z,M5_BROKEN_CONTROL_FIRST_RETEST,1957.64,True,afc03941658835be6d7778544ffe992b32378cd3a631273c3b727ae46c9bad62,0.17758369723435316,0.29112081513827737,2023_03,0.26200873362444305,0.21769662921347313,TARGET,2023-03-28T03:12:00Z,TARGET,d60034710d120008bff207b3be9f23e9feb875724e995949cff541a834b2d471,2023-03-28T03:12:00Z,FIRST_RETEST_FILLED,2023-03-28T01:25:00Z,2023-03-28T01:10:00Z,1957.64,True,True,INITIAL_CONFIRMATION_TARGET,4aea9c139ebeaa933c7af0772ce06bc3f15e2bfda2ffa91f936f279e0ea12fb9,be940ef95ea5d240afef5c51373ee2162bbdd48984016f61a2bab674598fae20,1950.77,1.5242857142857247,0.07621428571428623,NOT_STRICTLY_CLOSER_THAN_CONTROL,M15_LATEST_CONFIRMED_OPPOSING_SWING_ELSE_CONTROL,False,f55cb761eabaaf437672be3cc873bb80f34fe312b13878a1e1880413e7c4dc79,2023-03-27T21:15:00Z,1950.77,1959.44,c4b596ef1206f402ef730394e3fdf11a8f6ad4e563f939c479a56159e7f1c203
e88e43a9ae6d4fd327514f258621dfb6520b01f2b2fd9f154e22222d8948c0aa,1957.64,2023-03-28T01:10:00Z,224f485abbacfe0467801153ab1c1a2e087589d74e818111d9c981dcdd9efa9e,2023-03-28T01:10:00Z,1957.89,1950.77,2023-04-01T00:00:00Z,2023-03-27T23:00:00Z,0.044312104410969916,LONG,1.0,13.100436681222153,CONTROL_V2_FILLED_STOP,2023-03-28T01:10:00Z,M5_BROKEN_CONTROL_FIRST_RETEST,1957.64,True,2ebb3eb5c351563935bcf3ea1d58ea39a596a2e87bb670601da2b857758aba76,0.17758369723435316,0.29112081513827737,2023_03,0.26200873362444305,0.21769662921347313,TARGET,2023-03-28T03:12:00Z,TARGET,dcf164ef9c81bbab3a15e07c85899943e7a2297182aa543c7236e75f5d83aff1,2023-03-28T03:12:00Z,FIRST_RETEST_FILLED,2023-03-28T01:25:00Z,2023-03-28T01:10:00Z,1957.64,True,True,INITIAL_CONFIRMATION_TARGET,6f3afb2a0fd4dc1194ec456312b6b9245a60acf267e1fe441f29987adba3f1d3,be940ef95ea5d240afef5c51373ee2162bbdd48984016f61a2bab674598fae20,1950.77,7.03071428571429,0.3515357142857145,NOT_STRICTLY_CLOSER_THAN_CONTROL,H1_SOURCE_SWING_BUFFERED_ELSE_CONTROL,False,be940ef95ea5d240afef5c51373ee2162bbdd48984016f61a2bab674598fae20,2023-03-27T23:00:00Z,1950.77,1959.44,c4b596ef1206f402ef730394e3fdf11a8f6ad4e563f939c479a56159e7f1c203
e88e43a9ae6d4fd327514f258621dfb6520b01f2b2fd9f154e22222d8948c0aa,1957.64,2023-03-28T01:10:00Z,224f485abbacfe0467801153ab1c1a2e087589d74e818111d9c981dcdd9efa9e,2023-03-28T01:10:00Z,1957.89,1950.77,2023-04-01T00:00:00Z,2023-03-27T23:00:00Z,0.03323407830822747,LONG,1.0,12.54653537608503,CONTROL_V2_FILLED_STOP,2023-03-28T01:10:00Z,CONFIRMED_25_75_RETEST_SPLIT,1957.89,True,5b69b1f99a70bab046bd47640e4e0034392f6e889a99f37bd75230ac3bb5265c,0.1848029414650908,0.2797872405671902,2023_03,0.2509307075217006,0.21769662921347313,TARGET,2023-03-28T03:12:00Z,SPLIT_TARGET_TARGET,f1911a6824c0c28a5842818e8e9a32bcfa75e252451cc8f0744c43e2f99c311c,2023-03-28T03:12:00Z,FIRST_RETEST_FILLED,2023-03-28T01:25:00Z,2023-03-28T01:10:00Z,1957.64,True,True,INITIAL_CONFIRMATION_TARGET,15be0ce7148faaf9150b425ebcb2ae3d16a3be4ce9554df05f791cae9ba64e39,be940ef95ea5d240afef5c51373ee2162bbdd48984016f61a2bab674598fae20,1950.77,,,,CONTROL_V2_FILLED_STOP,False,,2023-03-28T01:10:00Z,1950.77,1959.44,c4b596ef1206f402ef730394e3fdf11a8f6ad4e563f939c479a56159e7f1c203
e88e43a9ae6d4fd327514f258621dfb6520b01f2b2fd9f154e22222d8948c0aa,1957.64,2023-03-28T01:10:00Z,224f485abbacfe0467801153ab1c1a2e087589d74e818111d9c981dcdd9efa9e,2023-03-28T01:10:00Z,1957.89,1950.77,2023-04-01T00:00:00Z,2023-03-27T23:00:00Z,-1.2176966292134732,LONG,0.12412219101126072,-50.0,M5_LATEST_CONFIRMED_OPPOSING_SWING_ELSE_CONTROL,2023-03-28T01:10:00Z,CONFIRMED_25_75_RETEST_SPLIT,1957.89,True,74e07b249dc93ac97e48e53d56280a13b6b95436f62714689c0213cdc4dd5ef1,1.1851225697376082,0.3251843358468164,2023_03,-1.0,0.21769662921347313,TARGET,2023-03-28T03:12:00Z,SPLIT_STOP_STOP,2afb40bdb2c3bce776e518ddfdf0589e71d2cc78531f861f3366e2c71d70ab7b,2023-03-28T01:13:00Z,FIRST_RETEST_FILLED,2023-03-28T01:25:00Z,2023-03-28T01:10:00Z,1957.64,True,True,INITIAL_CONFIRMATION_TARGET,31a4fb6ea08bc241b0c32c5adb70838de15b1167976c697c97a03374a5aed0a3,be940ef95ea5d240afef5c51373ee2162bbdd48984016f61a2bab674598fae20,1957.00625,0.6749999999999545,0.033749999999997726,,M5_LATEST_CONFIRMED_OPPOSING_SWING_ELSE_CONTROL,True,9bf0f96fc14c2c02409f2c4221812955b1adbfd939e19250ba3e857bb0ab1739,2023-03-27T23:35:00Z,1957.04,1959.44,c4b596ef1206f402ef730394e3fdf11a8f6ad4e563f939c479a56159e7f1c203
e88e43a9ae6d4fd327514f258621dfb6520b01f2b2fd9f154e22222d8948c0aa,1957.64,2023-03-28T01:10:00Z,224f485abbacfe0467801153ab1c1a2e087589d74e818111d9c981dcdd9efa9e,2023-03-28T01:10:00Z,1957.89,1950.77,2023-04-01T00:00:00Z,2023-03-27T23:00:00Z,0.03323407830822747,LONG,1.0,12.54653537608503,CONTROL_V2_FILLED_STOP,2023-03-28T01:10:00Z,CONFIRMED_25_75_RETEST_SPLIT,1957.89,True,afc03941658835be6d7778544ffe992b32378cd3a631273c3b727ae46c9bad62,0.1848029414650908,0.2797872405671902,2023_03,0.2509307075217006,0.21769662921347313,TARGET,2023-03-28T03:12:00Z,SPLIT_TARGET_TARGET,c7535efe7b7caef016c99d8f6c5721aea83d57a03babab9637dc35d6214693dd,2023-03-28T03:12:00Z,FIRST_RETEST_FILLED,2023-03-28T01:25:00Z,2023-03-28T01:10:00Z,1957.64,True,True,INITIAL_CONFIRMATION_TARGET,764bd25bd00afbccf621b7b843f86efcab34a43175bfc816bc199e15db808ac4,be940ef95ea5d240afef5c51373ee2162bbdd48984016f61a2bab674598fae20,1950.77,1.5242857142857247,0.07621428571428623,NOT_STRICTLY_CLOSER_THAN_CONTROL,M15_LATEST_CONFIRMED_OPPOSING_SWING_ELSE_CONTROL,False,f55cb761eabaaf437672be3cc873bb80f34fe312b13878a1e1880413e7c4dc79,2023-03-27T21:15:00Z,1950.77,1959.44,c4b596ef1206f402ef730394e3fdf11a8f6ad4e563f939c479a56159e7f1c203
e88e43a9ae6d4fd327514f258621dfb6520b01f2b2fd9f154e22222d8948c0aa,1957.64,2023-03-28T01:10:00Z,224f485abbacfe0467801153ab1c1a2e087589d74e818111d9c981dcdd9efa9e,2023-03-28T01:10:00Z,1957.89,1950.77,2023-04-01T00:00:00Z,2023-03-27T23:00:00Z,0.03323407830822747,LONG,1.0,12.54653537608503,CONTROL_V2_FILLED_STOP,2023-03-28T01:10:00Z,CONFIRMED_25_75_RETEST_SPLIT,1957.89,True,2ebb3eb5c351563935bcf3ea1d58ea39a596a2e87bb670601da2b857758aba76,0.1848029414650908,0.2797872405671902,2023_03,0.2509307075217006,0.21769662921347313,TARGET,2023-03-28T03:12:00Z,SPLIT_TARGET_TARGET,6bb984c1203f1b0ffcebd6d33f24dc31e44a4a9c1081b82ae4810c24f77e6cd2,2023-03-28T03:12:00Z,FIRST_RETEST_FILLED,2023-03-28T01:25:00Z,2023-03-28T01:10:00Z,1957.64,True,True,INITIAL_CONFIRMATION_TARGET,7c1e15cdbdd64b9790e7570484d60cf1509dd407a1787e77b705711f45c56f64,be940ef95ea5d240afef5c51373ee2162bbdd48984016f61a2bab674598fae20,1950.77,7.03071428571429,0.3515357142857145,NOT_STRICTLY_CLOSER_THAN_CONTROL,H1_SOURCE_SWING_BUFFERED_ELSE_CONTROL,False,be940ef95ea5d240afef5c51373ee2162bbdd48984016f61a2bab674598fae20,2023-03-27T23:00:00Z,1950.77,1959.44,c4b596ef1206f402ef730394e3fdf11a8f6ad4e563f939c479a56159e7f1c203
fee66d3a72512b335f0a5435bb6e9c15239a5413ac65bcf1f2e0a9382bef963a,1959.33,2023-03-28T07:05:00Z,9b009472781ac4e468a25870d38ff4352231768c3ae4c621b44154922447eb9c,2023-03-28T07:05:00Z,1959.32,1964.06,2023-04-01T00:00:00Z,2023-03-28T07:00:00Z,0.0,SHORT,1.0,90.18987341772086,CONTROL_V2_FILLED_STOP,2023-03-28T07:05:00Z,CONTROL_NEXT_M1_OPEN,1959.32,True,498e99498c60b7ab29488488d93f80d772c21432f6542e593fd83af29ce83965,0.3333333333333653,1.8797468354430036,2023_03,1.8037974683544173,1.8037974683544173,TARGET,2023-03-28T11:56:00Z,TARGET,1b1451c76fec44d844b6533d72042231b43814e3c5257c2391c065015ae3adfe,2023-03-28T11:56:00Z,FIRST_RETEST_FILLED,2023-03-28T07:20:00Z,2023-03-28T07:05:00Z,1959.33,True,False,INITIAL_CONFIRMATION_TARGET,4828e5309e777f9a51ec067ca749450e486310c081687bfaa4206fd627e8d654,2f9b110e7917939d734f5b3d65558e7ae47af2fc9f5e1028879d52d3eeed4546,1964.06,,,,CONTROL_V2_FILLED_STOP,False,,2023-03-28T07:05:00Z,1964.06,1950.77,0016af6b77c8efae4768029f6bdd9173bfd1693bd36d3ef55ec2147ea7c73382
fee66d3a72512b335f0a5435bb6e9c15239a5413ac65bcf1f2e0a9382bef963a,1959.33,2023-03-28T07:05:00Z,9b009472781ac4e468a25870d38ff4352231768c3ae4c621b44154922447eb9c,2023-03-28T07:05:00Z,1959.32,1964.06,2023-04-01T00:00:00Z,2023-03-28T07:00:00Z,-2.8037974683544173,SHORT,0.32169228450873055,-50.0,M5_LATEST_CONFIRMED_OPPOSING_SWING_ELSE_CONTROL,2023-03-28T07:05:00Z,CONTROL_NEXT_M1_OPEN,1959.32,True,d6671aaeb1bcc956bc46a6b539e9de8ada754d68604c43723abfad8dfe3509ad,1.0361869071321133,1.6788851153530973,2023_03,-1.0,1.8037974683544173,TARGET,2023-03-28T11:56:00Z,STOP,8ea7d37f09ee002432c59a2dd4ea44ca0e396430ee7a3c5597b030b7226413c3,2023-03-28T08:48:00Z,FIRST_RETEST_FILLED,2023-03-28T07:20:00Z,2023-03-28T07:05:00Z,1959.33,True,False,INITIAL_CONFIRMATION_TARGET,15ca761c6cadf7a451e28d2995bcc7d3944e7461576c4679e8239687275cbd10,2f9b110e7917939d734f5b3d65558e7ae47af2fc9f5e1028879d52d3eeed4546,1960.8448214285713,0.8964285714285681,0.04482142857142841,,M5_LATEST_CONFIRMED_OPPOSING_SWING_ELSE_CONTROL,True,4448b5126606093e168277b213705767454b1f72f4bcc88c74fc77c7ba6f2334,2023-03-28T06:50:00Z,1960.8,1950.77,0016af6b77c8efae4768029f6bdd9173bfd1693bd36d3ef55ec2147ea7c73382
fee66d3a72512b335f0a5435bb6e9c15239a5413ac65bcf1f2e0a9382bef963a,1959.33,2023-03-28T07:05:00Z,9b009472781ac4e468a25870d38ff4352231768c3ae4c621b44154922447eb9c,2023-03-28T07:05:00Z,1959.32,1964.06,2023-04-01T00:00:00Z,2023-03-28T07:00:00Z,0.0,SHORT,1.0,90.18987341772086,CONTROL_V2_FILLED_STOP,2023-03-28T07:05:00Z,CONTROL_NEXT_M1_OPEN,1959.32,True,c7ab18f244b24c95bc336d3afaea02d4394742b6b8019c18f79c6a5239cb0433,0.3333333333333653,1.8797468354430036,2023_03,1.8037974683544173,1.8037974683544173,TARGET,2023-03-28T11:56:00Z,TARGET,24be9a7e7188d3d8e7cf4f600160682e13378bdf961e2131ee3113ef577bd901,2023-03-28T11:56:00Z,FIRST_RETEST_FILLED,2023-03-28T07:20:00Z,2023-03-28T07:05:00Z,1959.33,True,False,INITIAL_CONFIRMATION_TARGET,efa6049417202556eac81cbd721bf2844e7dc6a41324a57cc182edb4da144458,2f9b110e7917939d734f5b3d65558e7ae47af2fc9f5e1028879d52d3eeed4546,1964.06,1.8621428571428364,0.09310714285714183,NOT_STRICTLY_CLOSER_THAN_CONTROL,M15_LATEST_CONFIRMED_OPPOSING_SWING_ELSE_CONTROL,False,28b4495d92b5fe13e58dc8c01831ead2a45ac56b0d0789c06b8e5b58cf4e2a1f,2023-03-28T05:15:00Z,1964.06,1950.77,0016af6b77c8efae4768029f6bdd9173bfd1693bd36d3ef55ec2147ea7c73382
fee66d3a72512b335f0a5435bb6e9c15239a5413ac65bcf1f2e0a9382bef963a,1959.33,2023-03-28T07:05:00Z,9b009472781ac4e468a25870d38ff4352231768c3ae4c621b44154922447eb9c,2023-03-28T07:05:00Z,1959.32,1964.06,2023-04-01T00:00:00Z,2023-03-28T07:00:00Z,0.0,SHORT,1.0,90.18987341772086,CONTROL_V2_FILLED_STOP,2023-03-28T07:05:00Z,CONTROL_NEXT_M1_OPEN,1959.32,True,73f627954dce9fe162e03aab8e7a65287659494b2805bb059c582b1c9a9bfca3,0.3333333333333653,1.8797468354430036,2023_03,1.8037974683544173,1.8037974683544173,TARGET,2023-03-28T11:56:00Z,TARGET,345a67ea6c5ccbad8b7ea961615a81ec4a8e4a563cab3af6aaa48f06cc9822d5,2023-03-28T11:56:00Z,FIRST_RETEST_FILLED,2023-03-28T07:20:00Z,2023-03-28T07:05:00Z,1959.33,True,False,INITIAL_CONFIRMATION_TARGET,10e2bb4a84126db37c9583908add24537b81321b21cacfe0e50ac43f1c0ae9ac,2f9b110e7917939d734f5b3d65558e7ae47af2fc9f5e1028879d52d3eeed4546,1964.06,5.357857142857142,0.2678928571428571,NOT_STRICTLY_CLOSER_THAN_CONTROL,H1_SOURCE_SWING_BUFFERED_ELSE_CONTROL,False,2f9b110e7917939d734f5b3d65558e7ae47af2fc9f5e1028879d52d3eeed4546,2023-03-28T07:00:00Z,1964.06,1950.77,0016af6b77c8efae4768029f6bdd9173bfd1693bd36d3ef55ec2147ea7c73382
fee66d3a72512b335f0a5435bb6e9c15239a5413ac65bcf1f2e0a9382bef963a,1959.33,2023-03-28T07:05:00Z,9b009472781ac4e468a25870d38ff4352231768c3ae4c621b44154922447eb9c,2023-03-28T07:05:00Z,1959.32,1964.06,2023-04-01T00:00:00Z,2023-03-28T07:00:00Z,0.005927690207931935,SHORT,1.0,90.48625792811747,CONTROL_V2_FILLED_STOP,2023-03-28T07:05:00Z,M5_BROKEN_CONTROL_FIRST_RETEST,1959.33,True,498e99498c60b7ab29488488d93f80d772c21432f6542e593fd83af29ce83965,0.3319238900634583,1.8858350951373808,2023_03,1.8097251585623493,1.8037974683544173,TARGET,2023-03-28T11:56:00Z,TARGET,99acb340b665b50834b239c789011f8dd2c89b605d3df172842200296de7dd1e,2023-03-28T11:56:00Z,FIRST_RETEST_FILLED,2023-03-28T07:20:00Z,2023-03-28T07:05:00Z,1959.33,True,True,INITIAL_CONFIRMATION_TARGET,fd1a6c6a00b7efb88bc15576916197b523de908f55189737555964165817c202,2f9b110e7917939d734f5b3d65558e7ae47af2fc9f5e1028879d52d3eeed4546,1964.06,,,,CONTROL_V2_FILLED_STOP,False,,2023-03-28T07:05:00Z,1964.06,1950.77,0016af6b77c8efae4768029f6bdd9173bfd1693bd36d3ef55ec2147ea7c73382
fee66d3a72512b335f0a5435bb6e9c15239a5413ac65bcf1f2e0a9382bef963a,1959.33,2023-03-28T07:05:00Z,9b009472781ac4e468a25870d38ff4352231768c3ae4c621b44154922447eb9c,2023-03-28T07:05:00Z,1959.32,1964.06,2023-04-01T00:00:00Z,2023-03-28T07:00:00Z,-2.8037974683544173,SHORT,0.32169228450873055,-50.0,M5_LATEST_CONFIRMED_OPPOSING_SWING_ELSE_CONTROL,2023-03-28T07:05:00Z,M5_BROKEN_CONTROL_FIRST_RETEST,1959.33,True,d6671aaeb1bcc956bc46a6b539e9de8ada754d68604c43723abfad8dfe3509ad,1.0364257927621257,1.6965696098078469,2023_03,-1.0,1.8037974683544173,TARGET,2023-03-28T11:56:00Z,STOP,29ae54f0add4400d68dcc74392dec371ce00a7a980058369e112ccf45054bc11,2023-03-28T08:48:00Z,FIRST_RETEST_FILLED,2023-03-28T07:20:00Z,2023-03-28T07:05:00Z,1959.33,True,True,INITIAL_CONFIRMATION_TARGET,8a2616d720947e9b1edc112cfa007b36763c85cdc2b39d0da9a9ccad83f543a7,2f9b110e7917939d734f5b3d65558e7ae47af2fc9f5e1028879d52d3eeed4546,1960.8448214285713,0.8964285714285681,0.04482142857142841,,M5_LATEST_CONFIRMED_OPPOSING_SWING_ELSE_CONTROL,True,4448b5126606093e168277b213705767454b1f72f4bcc88c74fc77c7ba6f2334,2023-03-28T06:50:00Z,1960.8,1950.77,0016af6b77c8efae4768029f6bdd9173bfd1693bd36d3ef55ec2147ea7c73382
fee66d3a72512b335f0a5435bb6e9c15239a5413ac65bcf1f2e0a9382bef963a,1959.33,2023-03-28T07:05:00Z,9b009472781ac4e468a25870d38ff4352231768c3ae4c621b44154922447eb9c,2023-03-28T07:05:00Z,1959.32,1964.06,2023-04-01T00:00:00Z,2023-03-28T07:00:00Z,0.005927690207931935,SHORT,1.0,90.48625792811747,CONTROL_V2_FILLED_STOP,2023-03-28T07:05:00Z,M5_BROKEN_CONTROL_FIRST_RETEST,1959.33,True,c7ab18f244b24c95bc336d3afaea02d4394742b6b8019c18f79c6a5239cb0433,0.3319238900634583,1.8858350951373808,2023_03,1.8097251585623493,1.8037974683544173,TARGET,2023-03-28T11:56:00Z,TARGET,de24138f1b7373f5658741321af7757d60a34add8ff433f68fdd627111b09843,2023-03-28T11:56:00Z,FIRST_RETEST_FILLED,2023-03-28T07:20:00Z,2023-03-28T07:05:00Z,1959.33,True,True,INITIAL_CONFIRMATION_TARGET,f6dea6ba699b01ff204fb5ebb0ff24f07842a9a8e6616eda3d39436bbc95de73,2f9b110e7917939d734f5b3d65558e7ae47af2fc9f5e1028879d52d3eeed4546,1964.06,1.8621428571428364,0.09310714285714183,NOT_STRICTLY_CLOSER_THAN_CONTROL,M15_LATEST_CONFIRMED_OPPOSING_SWING_ELSE_CONTROL,False,28b4495d92b5fe13e58dc8c01831ead2a45ac56b0d0789c06b8e5b58cf4e2a1f,2023-03-28T05:15:00Z,1964.06,1950.77,0016af6b77c8efae4768029f6bdd9173bfd1693bd36d3ef55ec2147ea7c73382
fee66d3a72512b335f0a5435bb6e9c15239a5413ac65bcf1f2e0a9382bef963a,1959.33,2023-03-28T07:05:00Z,9b009472781ac4e468a25870d38ff4352231768c3ae4c621b44154922447eb9c,2023-03-28T07:05:00Z,1959.32,1964.06,2023-04-01T00:00:00Z,2023-03-28T07:00:00Z,0.005927690207931935,SHORT,1.0,90.48625792811747,CONTROL_V2_FILLED_STOP,2023-03-28T07:05:00Z,M5_BROKEN_CONTROL_FIRST_RETEST,1959.33,True,73f627954dce9fe162e03aab8e7a65287659494b2805bb059c582b1c9a9bfca3,0.3319238900634583,1.8858350951373808,2023_03,1.8097251585623493,1.8037974683544173,TARGET,2023-03-28T11:56:00Z,TARGET,3680fbc7cbdec0192395034517dff825596cf6a2e6c996d07d063dc8409beec2,2023-03-28T11:56:00Z,FIRST_RETEST_FILLED,2023-03-28T07:20:00Z,2023-03-28T07:05:00Z,1959.33,True,True,INITIAL_CONFIRMATION_TARGET,2f702a9f5e154c21e84112c466c25ec0377d3903fa74f3bc3a45c344aaa31afe,2f9b110e7917939d734f5b3d65558e7ae47af2fc9f5e1028879d52d3eeed4546,1964.06,5.357857142857142,0.2678928571428571,NOT_STRICTLY_CLOSER_THAN_CONTROL,H1_SOURCE_SWING_BUFFERED_ELSE_CONTROL,False,2f9b110e7917939d734f5b3d65558e7ae47af2fc9f5e1028879d52d3eeed4546,2023-03-28T07:00:00Z,1964.06,1950.77,0016af6b77c8efae4768029f6bdd9173bfd1693bd36d3ef55ec2147ea7c73382
fee66d3a72512b335f0a5435bb6e9c15239a5413ac65bcf1f2e0a9382bef963a,1959.33,2023-03-28T07:05:00Z,9b009472781ac4e468a25870d38ff4352231768c3ae4c621b44154922447eb9c,2023-03-28T07:05:00Z,1959.32,1964.06,2023-04-01T00:00:00Z,2023-03-28T07:00:00Z,0.004445767655949062,SHORT,1.0,90.41216180051832,CONTROL_V2_FILLED_STOP,2023-03-28T07:05:00Z,CONFIRMED_25_75_RETEST_SPLIT,1959.32,True,498e99498c60b7ab29488488d93f80d772c21432f6542e593fd83af29ce83965,0.33227625088093504,1.8843130302137865,2023_03,1.8082432360103664,1.8037974683544173,TARGET,2023-03-28T11:56:00Z,SPLIT_TARGET_TARGET,b29873c290336d0348ce96fcf285ea74bb6e4a1749ff8ae1ccd3da4cf01aa995,2023-03-28T11:56:00Z,FIRST_RETEST_FILLED,2023-03-28T07:20:00Z,2023-03-28T07:05:00Z,1959.33,True,True,INITIAL_CONFIRMATION_TARGET,c99331bd052575b7c38a5c73397b47ab2f1d83016b5a876b5f2dc77e36885b10,2f9b110e7917939d734f5b3d65558e7ae47af2fc9f5e1028879d52d3eeed4546,1964.06,,,,CONTROL_V2_FILLED_STOP,False,,2023-03-28T07:05:00Z,1964.06,1950.77,0016af6b77c8efae4768029f6bdd9173bfd1693bd36d3ef55ec2147ea7c73382
fee66d3a72512b335f0a5435bb6e9c15239a5413ac65bcf1f2e0a9382bef963a,1959.33,2023-03-28T07:05:00Z,9b009472781ac4e468a25870d38ff4352231768c3ae4c621b44154922447eb9c,2023-03-28T07:05:00Z,1959.32,1964.06,2023-04-01T00:00:00Z,2023-03-28T07:00:00Z,-2.8037974683544173,SHORT,0.32169228450873055,-50.0,M5_LATEST_CONFIRMED_OPPOSING_SWING_ELSE_CONTROL,2023-03-28T07:05:00Z,CONFIRMED_25_75_RETEST_SPLIT,1959.32,True,d6671aaeb1bcc956bc46a6b539e9de8ada754d68604c43723abfad8dfe3509ad,1.0363660713546226,1.6921484861941594,2023_03,-1.0,1.8037974683544173,TARGET,2023-03-28T11:56:00Z,SPLIT_STOP_STOP,89d5dfc74a9341b85a9620e8a1bf18058f8eeae25846c730ee30adb103d30085,2023-03-28T08:48:00Z,FIRST_RETEST_FILLED,2023-03-28T07:20:00Z,2023-03-28T07:05:00Z,1959.33,True,True,INITIAL_CONFIRMATION_TARGET,3488162f73410fa4d2e835c2fab500fc065917cf6cc6ac11d4ae71c088e4d53d,2f9b110e7917939d734f5b3d65558e7ae47af2fc9f5e1028879d52d3eeed4546,1960.8448214285713,0.8964285714285681,0.04482142857142841,,M5_LATEST_CONFIRMED_OPPOSING_SWING_ELSE_CONTROL,True,4448b5126606093e168277b213705767454b1f72f4bcc88c74fc77c7ba6f2334,2023-03-28T06:50:00Z,1960.8,1950.77,0016af6b77c8efae4768029f6bdd9173bfd1693bd36d3ef55ec2147ea7c73382
fee66d3a72512b335f0a5435bb6e9c15239a5413ac65bcf1f2e0a9382bef963a,1959.33,2023-03-28T07:05:00Z,9b009472781ac4e468a25870d38ff4352231768c3ae4c621b44154922447eb9c,2023-03-28T07:05:00Z,1959.32,1964.06,2023-04-01T00:00:00Z,2023-03-28T07:00:00Z,0.004445767655949062,SHORT,1.0,90.41216180051832,CONTROL_V2_FILLED_STOP,2023-03-28T07:05:00Z,CONFIRMED_25_75_RETEST_SPLIT,1959.32,True,c7ab18f244b24c95bc336d3afaea02d4394742b6b8019c18f79c6a5239cb0433,0.33227625088093504,1.8843130302137865,2023_03,1.8082432360103664,1.8037974683544173,TARGET,2023-03-28T11:56:00Z,SPLIT_TARGET_TARGET,3bb18286884658018e27dafafedea7d658e3eb91596c0d10682d4f87bf1cb382,2023-03-28T11:56:00Z,FIRST_RETEST_FILLED,2023-03-28T07:20:00Z,2023-03-28T07:05:00Z,1959.33,True,True,INITIAL_CONFIRMATION_TARGET,a85f3a09d3b7141361aececa74febd6ce0cc4bff85c038ea6ee6124517cbc7a4,2f9b110e7917939d734f5b3d65558e7ae47af2fc9f5e1028879d52d3eeed4546,1964.06,1.8621428571428364,0.09310714285714183,NOT_STRICTLY_CLOSER_THAN_CONTROL,M15_LATEST_CONFIRMED_OPPOSING_SWING_ELSE_CONTROL,False,28b4495d92b5fe13e58dc8c01831ead2a45ac56b0d0789c06b8e5b58cf4e2a1f,2023-03-28T05:15:00Z,1964.06,1950.77,0016af6b77c8efae4768029f6bdd9173bfd1693bd36d3ef55ec2147ea7c73382
fee66d3a72512b335f0a5435bb6e9c15239a5413ac65bcf1f2e0a9382bef963a,1959.33,2023-03-28T07:05:00Z,9b009472781ac4e468a25870d38ff4352231768c3ae4c621b44154922447eb9c,2023-03-28T07:05:00Z,1959.32,1964.06,2023-04-01T00:00:00Z,2023-03-28T07:00:00Z,0.004445767655949062,SHORT,1.0,90.41216180051832,CONTROL_V2_FILLED_STOP,2023-03-28T07:05:00Z,CONFIRMED_25_75_RETEST_SPLIT,1959.32,True,73f627954dce9fe162e03aab8e7a65287659494b2805bb059c582b1c9a9bfca3,0.33227625088093504,1.8843130302137865,2023_03,1.8082432360103664,1.8037974683544173,TARGET,2023-03-28T11:56:00Z,SPLIT_TARGET_TARGET,f90e194ccf8b9204bce5b918d04e9b9202c4f2c9d7232e9c84552e5e226e91ec,2023-03-28T11:56:00Z,FIRST_RETEST_FILLED,2023-03-28T07:20:00Z,2023-03-28T07:05:00Z,1959.33,True,True,INITIAL_CONFIRMATION_TARGET,10ed4a9965881834a1c5d3851d08efe37d45e73dd90c9f008ab8b67681d9180b,2f9b110e7917939d734f5b3d65558e7ae47af2fc9f5e1028879d52d3eeed4546,1964.06,5.357857142857142,0.2678928571428571,NOT_STRICTLY_CLOSER_THAN_CONTROL,H1_SOURCE_SWING_BUFFERED_ELSE_CONTROL,False,2f9b110e7917939d734f5b3d65558e7ae47af2fc9f5e1028879d52d3eeed4546,2023-03-28T07:00:00Z,1964.06,1950.77,0016af6b77c8efae4768029f6bdd9173bfd1693bd36d3ef55ec2147ea7c73382
920d33142a20176d76d900cd9cd84c004eb026db9a3e6f798864d2b2450b3bae,1958.6,2023-03-28T15:05:00Z,e7e3931e913feb50cb27516f769d6aba6a7712975023f728f638a097a86adcb1,2023-03-28T15:05:00Z,1958.8,1949.16,2023-04-01T00:00:00Z,2023-03-28T15:00:00Z,0.0,LONG,1.0,27.282157676348863,CONTROL_V2_FILLED_STOP,2023-03-28T15:05:00Z,CONTROL_NEXT_M1_OPEN,1958.8,True,b6cee88dfcb04fd71841279951790f97e2ff17328b151acfc30cf722d7679946,0.04668049792531654,0.6047717842323892,2023_03,0.5456431535269772,0.5456431535269772,TARGET,2023-03-28T15:21:00Z,TARGET,e6d6a4f1f8d935a14d91ff3d95b27bee1436cb8c59d2061ca2cec16063aae0b0,2023-03-28T15:21:00Z,FIRST_RETEST_FILLED,2023-03-28T15:20:00Z,2023-03-28T15:06:00Z,1958.6,True,False,INITIAL_CONFIRMATION_TARGET,b8002e61ee9ea23863da6881c5a14f4af97f78410d27ac0860469b5f18c51393,0b4f4a8866310a89137f82ebab4b19ced999d60704d7eaa36a465291ba09202c,1949.16,,,,CONTROL_V2_FILLED_STOP,False,,2023-03-28T15:05:00Z,1949.16,1964.06,e63070fe0d02ffb0eed5ced4a19bb25034e1448b53ebca8f28d647488e12d2d9
920d33142a20176d76d900cd9cd84c004eb026db9a3e6f798864d2b2450b3bae,1958.6,2023-03-28T15:05:00Z,e7e3931e913feb50cb27516f769d6aba6a7712975023f728f638a097a86adcb1,2023-03-28T15:05:00Z,1958.8,1949.16,2023-04-01T00:00:00Z,2023-03-28T15:00:00Z,1.1456751744473508,LONG,0.3226141078838113,84.5659163987164,M5_LATEST_CONFIRMED_OPPOSING_SWING_ELSE_CONTROL,2023-03-28T15:05:00Z,CONTROL_NEXT_M1_OPEN,1958.8,True,ec21525ad24d6a0b3ed1602011e682a7d4a6bfacaa77f74f6310c537708fa032,0.14469453376207717,1.87459807073966,2023_03,1.691318327974328,0.5456431535269772,TARGET,2023-03-28T15:21:00Z,TARGET,d090a7dd39cb1250d157e26881961694d2bf655a6aa179a905b8433640ca070e,2023-03-28T15:21:00Z,FIRST_RETEST_FILLED,2023-03-28T15:20:00Z,2023-03-28T15:06:00Z,1958.6,True,False,INITIAL_CONFIRMATION_TARGET,a9bf22ce562170b0d7b32e897fd1bba7fa36697d088176b7abb9afdf710482b2,0b4f4a8866310a89137f82ebab4b19ced999d60704d7eaa36a465291ba09202c,1955.69,1.0,0.05,,M5_LATEST_CONFIRMED_OPPOSING_SWING_ELSE_CONTROL,True,13a22320610c34c65da94fbb8170ab5c69bed05fd5150720096cbefed4e5b8c7,2023-03-28T14:35:00Z,1955.74,1964.06,e63070fe0d02ffb0eed5ced4a19bb25034e1448b53ebca8f28d647488e12d2d9
920d33142a20176d76d900cd9cd84c004eb026db9a3e6f798864d2b2450b3bae,1958.6,2023-03-28T15:05:00Z,e7e3931e913feb50cb27516f769d6aba6a7712975023f728f638a097a86adcb1,2023-03-28T15:05:00Z,1958.8,1949.16,2023-04-01T00:00:00Z,2023-03-28T15:00:00Z,0.0,LONG,1.0,27.282157676348863,CONTROL_V2_FILLED_STOP,2023-03-28T15:05:00Z,CONTROL_NEXT_M1_OPEN,1958.8,True,f401dd15970a4d7b4b79a48559d1dcf10c440313fd73f79753dfa0b378d12155,0.04668049792531654,0.6047717842323892,2023_03,0.5456431535269772,0.5456431535269772,TARGET,2023-03-28T15:21:00Z,TARGET,7391c0c6e66d21d1d9a56065f06f044ff1a756e215a38a7096eca0bcfb03926e,2023-03-28T15:21:00Z,FIRST_RETEST_FILLED,2023-03-28T15:20:00Z,2023-03-28T15:06:00Z,1958.6,True,False,INITIAL_CONFIRMATION_TARGET,9de46a57fbeb58f60c368edae99004a0f56d49f82b2a6ae5505d5801e7331c3a,0b4f4a8866310a89137f82ebab4b19ced999d60704d7eaa36a465291ba09202c,1949.16,2.1092857142857286,0.10546428571428644,NOT_STRICTLY_CLOSER_THAN_CONTROL,M15_LATEST_CONFIRMED_OPPOSING_SWING_ELSE_CONTROL,False,a16530dff15e19f631139a2ab18c52794259c67ee44612cc3a405cb21141f0f5,2023-03-28T12:45:00Z,1949.16,1964.06,e63070fe0d02ffb0eed5ced4a19bb25034e1448b53ebca8f28d647488e12d2d9
920d33142a20176d76d900cd9cd84c004eb026db9a3e6f798864d2b2450b3bae,1958.6,2023-03-28T15:05:00Z,e7e3931e913feb50cb27516f769d6aba6a7712975023f728f638a097a86adcb1,2023-03-28T15:05:00Z,1958.8,1949.16,2023-04-01T00:00:00Z,2023-03-28T15:00:00Z,0.0,LONG,1.0,27.282157676348863,CONTROL_V2_FILLED_STOP,2023-03-28T15:05:00Z,CONTROL_NEXT_M1_OPEN,1958.8,True,68b55eae30c7691a8934da925f01e8554b004695075089b8647ed277d97c6ca0,0.04668049792531654,0.6047717842323892,2023_03,0.5456431535269772,0.5456431535269772,TARGET,2023-03-28T15:21:00Z,TARGET,7adb99af5cecae8958cb11d7cde4eb17bdf736c0fadc0e43ba034820c16705f4,2023-03-28T15:21:00Z,FIRST_RETEST_FILLED,2023-03-28T15:20:00Z,2023-03-28T15:06:00Z,1958.6,True,False,INITIAL_CONFIRMATION_TARGET,c84d81c666bb635ca7d02367be4794e78edc387d27894bdbb164bc90022eb6b3,0b4f4a8866310a89137f82ebab4b19ced999d60704d7eaa36a465291ba09202c,1949.16,3.826428571428534,0.19132142857142673,NOT_STRICTLY_CLOSER_THAN_CONTROL,H1_SOURCE_SWING_BUFFERED_ELSE_CONTROL,False,0b4f4a8866310a89137f82ebab4b19ced999d60704d7eaa36a465291ba09202c,2023-03-28T15:00:00Z,1949.16,1964.06,e63070fe0d02ffb0eed5ced4a19bb25034e1448b53ebca8f28d647488e12d2d9
920d33142a20176d76d900cd9cd84c004eb026db9a3e6f798864d2b2450b3bae,1958.6,2023-03-28T15:05:00Z,e7e3931e913feb50cb27516f769d6aba6a7712975023f728f638a097a86adcb1,2023-03-28T15:05:00Z,1958.8,1949.16,2023-04-01T00:00:00Z,2023-03-28T15:00:00Z,0.03274667698151179,LONG,1.0,28.91949152542445,CONTROL_V2_FILLED_STOP,2023-03-28T15:06:00Z,M5_BROKEN_CONTROL_FIRST_RETEST,1958.6,True,b6cee88dfcb04fd71841279951790f97e2ff17328b151acfc30cf722d7679946,0.02648305084745811,0.6387711864407108,2023_03,0.578389830508489,0.5456431535269772,TARGET,2023-03-28T15:21:00Z,TARGET,9a8bb7a5406d11c2fda89f156d9154bd4c42c431c9a5c4b546fbed7d22a20eaa,2023-03-28T15:21:00Z,FIRST_RETEST_FILLED,2023-03-28T15:20:00Z,2023-03-28T15:06:00Z,1958.6,True,True,INITIAL_CONFIRMATION_TARGET,877aaf84ff447151f37ba834135cbe7a7029628d81c0732a4aa0282ea8bb7f59,0b4f4a8866310a89137f82ebab4b19ced999d60704d7eaa36a465291ba09202c,1949.16,,,,CONTROL_V2_FILLED_STOP,False,,2023-03-28T15:05:00Z,1949.16,1964.06,e63070fe0d02ffb0eed5ced4a19bb25034e1448b53ebca8f28d647488e12d2d9
920d33142a20176d76d900cd9cd84c004eb026db9a3e6f798864d2b2450b3bae,1958.6,2023-03-28T15:05:00Z,e7e3931e913feb50cb27516f769d6aba6a7712975023f728f638a097a86adcb1,2023-03-28T15:05:00Z,1958.8,1949.16,2023-04-01T00:00:00Z,2023-03-28T15:00:00Z,1.3306455062669436,LONG,0.3226141078838113,93.81443298969604,M5_LATEST_CONFIRMED_OPPOSING_SWING_ELSE_CONTROL,2023-03-28T15:06:00Z,M5_BROKEN_CONTROL_FIRST_RETEST,1958.6,True,ec21525ad24d6a0b3ed1602011e682a7d4a6bfacaa77f74f6310c537708fa032,0.0859106529209665,2.0721649484537807,2023_03,1.8762886597939208,0.5456431535269772,TARGET,2023-03-28T15:21:00Z,TARGET,89401378d485668cb2c90dbfd7883ae50785f0e7c8f822318e03ca9a38328035,2023-03-28T15:21:00Z,FIRST_RETEST_FILLED,2023-03-28T15:20:00Z,2023-03-28T15:06:00Z,1958.6,True,True,INITIAL_CONFIRMATION_TARGET,f2939dc01dccfe8720da1470a9ef801ef283dff94e025a43c18951872592148f,0b4f4a8866310a89137f82ebab4b19ced999d60704d7eaa36a465291ba09202c,1955.69,1.0,0.05,,M5_LATEST_CONFIRMED_OPPOSING_SWING_ELSE_CONTROL,True,13a22320610c34c65da94fbb8170ab5c69bed05fd5150720096cbefed4e5b8c7,2023-03-28T14:35:00Z,1955.74,1964.06,e63070fe0d02ffb0eed5ced4a19bb25034e1448b53ebca8f28d647488e12d2d9
920d33142a20176d76d900cd9cd84c004eb026db9a3e6f798864d2b2450b3bae,1958.6,2023-03-28T15:05:00Z,e7e3931e913feb50cb27516f769d6aba6a7712975023f728f638a097a86adcb1,2023-03-28T15:05:00Z,1958.8,1949.16,2023-04-01T00:00:00Z,2023-03-28T15:00:00Z,0.03274667698151179,LONG,1.0,28.91949152542445,CONTROL_V2_FILLED_STOP,2023-03-28T15:06:00Z,M5_BROKEN_CONTROL_FIRST_RETEST,1958.6,True,f401dd15970a4d7b4b79a48559d1dcf10c440313fd73f79753dfa0b378d12155,0.02648305084745811,0.6387711864407108,2023_03,0.578389830508489,0.5456431535269772,TARGET,2023-03-28T15:21:00Z,TARGET,d613f0a60a6600bf7f729b3086de9ba4ce47359dafa40e849416b437ea1fb635,2023-03-28T15:21:00Z,FIRST_RETEST_FILLED,2023-03-28T15:20:00Z,2023-03-28T15:06:00Z,1958.6,True,True,INITIAL_CONFIRMATION_TARGET,fb0d7c874b2a3bb1a17aa1dc9d89b892668a8cda9d181ff5509448933f14d608,0b4f4a8866310a89137f82ebab4b19ced999d60704d7eaa36a465291ba09202c,1949.16,2.1092857142857286,0.10546428571428644,NOT_STRICTLY_CLOSER_THAN_CONTROL,M15_LATEST_CONFIRMED_OPPOSING_SWING_ELSE_CONTROL,False,a16530dff15e19f631139a2ab18c52794259c67ee44612cc3a405cb21141f0f5,2023-03-28T12:45:00Z,1949.16,1964.06,e63070fe0d02ffb0eed5ced4a19bb25034e1448b53ebca8f28d647488e12d2d9
920d33142a20176d76d900cd9cd84c004eb026db9a3e6f798864d2b2450b3bae,1958.6,2023-03-28T15:05:00Z,e7e3931e913feb50cb27516f769d6aba6a7712975023f728f638a097a86adcb1,2023-03-28T15:05:00Z,1958.8,1949.16,2023-04-01T00:00:00Z,2023-03-28T15:00:00Z,0.03274667698151179,LONG,1.0,28.91949152542445,CONTROL_V2_FILLED_STOP,2023-03-28T15:06:00Z,M5_BROKEN_CONTROL_FIRST_RETEST,1958.6,True,68b55eae30c7691a8934da925f01e8554b004695075089b8647ed277d97c6ca0,0.02648305084745811,0.6387711864407108,2023_03,0.578389830508489,0.5456431535269772,TARGET,2023-03-28T15:21:00Z,TARGET,5b69cc796ea2397d007fb4e03a8aa921f84de371a6036e653da398da1c407e70,2023-03-28T15:21:00Z,FIRST_RETEST_FILLED,2023-03-28T15:20:00Z,2023-03-28T15:06:00Z,1958.6,True,True,INITIAL_CONFIRMATION_TARGET,b283839afb11f5fc43a11b1116bf4bbea06eb1ab6ddf97785336c20d58e78458,0b4f4a8866310a89137f82ebab4b19ced999d60704d7eaa36a465291ba09202c,1949.16,3.826428571428534,0.19132142857142673,NOT_STRICTLY_CLOSER_THAN_CONTROL,H1_SOURCE_SWING_BUFFERED_ELSE_CONTROL,False,0b4f4a8866310a89137f82ebab4b19ced999d60704d7eaa36a465291ba09202c,2023-03-28T15:00:00Z,1949.16,1964.06,e63070fe0d02ffb0eed5ced4a19bb25034e1448b53ebca8f28d647488e12d2d9
920d33142a20176d76d900cd9cd84c004eb026db9a3e6f798864d2b2450b3bae,1958.6,2023-03-28T15:05:00Z,e7e3931e913feb50cb27516f769d6aba6a7712975023f728f638a097a86adcb1,2023-03-28T15:05:00Z,1958.8,1949.16,2023-04-01T00:00:00Z,2023-03-28T15:00:00Z,0.02456000773613387,LONG,1.0,28.510158063155554,CONTROL_V2_FILLED_STOP,2023-03-28T15:05:00Z,CONFIRMED_25_75_RETEST_SPLIT,1958.8,True,b6cee88dfcb04fd71841279951790f97e2ff17328b151acfc30cf722d7679946,0.03153241261692272,0.6302713358886305,2023_03,0.5702031612631111,0.5456431535269772,TARGET,2023-03-28T15:21:00Z,SPLIT_TARGET_TARGET,8cea7c90a630f8b89b7bdb67aea5808ed6cf154bbe194b19a79222dac697e774,2023-03-28T15:21:00Z,FIRST_RETEST_FILLED,2023-03-28T15:20:00Z,2023-03-28T15:06:00Z,1958.6,True,True,INITIAL_CONFIRMATION_TARGET,44c55e4617a419a437a5fd370694d3f4815a4967db0a9f0ad012a7e018ff96e8,0b4f4a8866310a89137f82ebab4b19ced999d60704d7eaa36a465291ba09202c,1949.16,,,,CONTROL_V2_FILLED_STOP,False,,2023-03-28T15:05:00Z,1949.16,1964.06,e63070fe0d02ffb0eed5ced4a19bb25034e1448b53ebca8f28d647488e12d2d9
920d33142a20176d76d900cd9cd84c004eb026db9a3e6f798864d2b2450b3bae,1958.6,2023-03-28T15:05:00Z,e7e3931e913feb50cb27516f769d6aba6a7712975023f728f638a097a86adcb1,2023-03-28T15:05:00Z,1958.8,1949.16,2023-04-01T00:00:00Z,2023-03-28T15:00:00Z,1.2844029233120453,LONG,0.3226141078838113,91.50230384195113,M5_LATEST_CONFIRMED_OPPOSING_SWING_ELSE_CONTROL,2023-03-28T15:05:00Z,CONFIRMED_25_75_RETEST_SPLIT,1958.8,True,ec21525ad24d6a0b3ed1602011e682a7d4a6bfacaa77f74f6310c537708fa032,0.10060662313124416,2.0227732290252507,2023_03,1.8300460768390225,0.5456431535269772,TARGET,2023-03-28T15:21:00Z,SPLIT_TARGET_TARGET,f9f4244165716f3e6538c7fc8ed3451142b532fff9465a398b84a713663a00c8,2023-03-28T15:21:00Z,FIRST_RETEST_FILLED,2023-03-28T15:20:00Z,2023-03-28T15:06:00Z,1958.6,True,True,INITIAL_CONFIRMATION_TARGET,63f282c11c1e0d631213c7542eaa82432236d038ed9de5b53b8484b205379b0d,0b4f4a8866310a89137f82ebab4b19ced999d60704d7eaa36a465291ba09202c,1955.69,1.0,0.05,,M5_LATEST_CONFIRMED_OPPOSING_SWING_ELSE_CONTROL,True,13a22320610c34c65da94fbb8170ab5c69bed05fd5150720096cbefed4e5b8c7,2023-03-28T14:35:00Z,1955.74,1964.06,e63070fe0d02ffb0eed5ced4a19bb25034e1448b53ebca8f28d647488e12d2d9
920d33142a20176d76d900cd9cd84c004eb026db9a3e6f798864d2b2450b3bae,1958.6,2023-03-28T15:05:00Z,e7e3931e913feb50cb27516f769d6aba6a7712975023f728f638a097a86adcb1,2023-03-28T15:05:00Z,1958.8,1949.16,2023-04-01T00:00:00Z,2023-03-28T15:00:00Z,0.02456000773613387,LONG,1.0,28.510158063155554,CONTROL_V2_FILLED_STOP,2023-03-28T15:05:00Z,CONFIRMED_25_75_RETEST_SPLIT,1958.8,True,f401dd15970a4d7b4b79a48559d1dcf10c440313fd73f79753dfa0b378d12155,0.03153241261692272,0.6302713358886305,2023_03,0.5702031612631111,0.5456431535269772,TARGET,2023-03-28T15:21:00Z,SPLIT_TARGET_TARGET,c324421ef7c26fbb248f2156e7acf0933b53a37460e6a987c1d0d70d3fbc734e,2023-03-28T15:21:00Z,FIRST_RETEST_FILLED,2023-03-28T15:20:00Z,2023-03-28T15:06:00Z,1958.6,True,True,INITIAL_CONFIRMATION_TARGET,80103f6e222d4ca5bf5d9f46295dfb4733da78ee0ff5a0f18b2fbdc405f5505e,0b4f4a8866310a89137f82ebab4b19ced999d60704d7eaa36a465291ba09202c,1949.16,2.1092857142857286,0.10546428571428644,NOT_STRICTLY_CLOSER_THAN_CONTROL,M15_LATEST_CONFIRMED_OPPOSING_SWING_ELSE_CONTROL,False,a16530dff15e19f631139a2ab18c52794259c67ee44612cc3a405cb21141f0f5,2023-03-28T12:45:00Z,1949.16,1964.06,e63070fe0d02ffb0eed5ced4a19bb25034e1448b53ebca8f28d647488e12d2d9
920d33142a20176d76d900cd9cd84c004eb026db9a3e6f798864d2b2450b3bae,1958.6,2023-03-28T15:05:00Z,e7e3931e913feb50cb27516f769d6aba6a7712975023f728f638a097a86adcb1,2023-03-28T15:05:00Z,1958.8,1949.16,2023-04-01T00:00:00Z,2023-03-28T15:00:00Z,0.02456000773613387,LONG,1.0,28.510158063155554,CONTROL_V2_FILLED_STOP,2023-03-28T15:05:00Z,CONFIRMED_25_75_RETEST_SPLIT,1958.8,True,68b55eae30c7691a8934da925f01e8554b004695075089b8647ed277d97c6ca0,0.03153241261692272,0.6302713358886305,2023_03,0.5702031612631111,0.5456431535269772,TARGET,2023-03-28T15:21:00Z,SPLIT_TARGET_TARGET,20c4912bb7166f9d1f95f48766f1653a57063fcffe1d3799dced343765d62236,2023-03-28T15:21:00Z,FIRST_RETEST_FILLED,2023-03-28T15:20:00Z,2023-03-28T15:06:00Z,1958.6,True,True,INITIAL_CONFIRMATION_TARGET,b5d44c5f2c574b5a76f46dc2cf2e54e2eb68ca464bcd6c4fd003556136407cbe,0b4f4a8866310a89137f82ebab4b19ced999d60704d7eaa36a465291ba09202c,1949.16,3.826428571428534,0.19132142857142673,NOT_STRICTLY_CLOSER_THAN_CONTROL,H1_SOURCE_SWING_BUFFERED_ELSE_CONTROL,False,0b4f4a8866310a89137f82ebab4b19ced999d60704d7eaa36a465291ba09202c,2023-03-28T15:00:00Z,1949.16,1964.06,e63070fe0d02ffb0eed5ced4a19bb25034e1448b53ebca8f28d647488e12d2d9
35f06cd6916b23dc0edd97e6ef03e0d6f1e9a4c2403b346b83b6d95c43ecb257,1969.99,2023-03-29T04:15:00Z,2aac0f591cb7da8177a3b958adaa027bb2c63d791f05ff9427781238f4a7b08d,2023-03-29T04:15:00Z,1969.78,1975.28,2023-04-01T00:00:00Z,2023-03-29T04:00:00Z,0.0,SHORT,1.0,-50.0,CONTROL_V2_FILLED_STOP,2023-03-29T04:15:00Z,CONTROL_NEXT_M1_OPEN,1969.78,True,06f2269a0556fc365f6d305b9e82a26833c01d0fc3e4f6779f9af57641fde006,1.0072727272727207,2.621818181818195,2023_03,-1.0,-1.0,STOP,2023-03-30T15:31:00Z,STOP,a0b44aba06b2e1dd1861aaf14aeefff186d1d8f002f6e9df3910cbd2eca6cd4b,2023-03-30T15:31:00Z,FIRST_RETEST_FILLED,2023-03-29T04:30:00Z,2023-03-29T04:15:00Z,1969.99,True,False,INITIAL_CONFIRMATION_STOP,fb820537d85b542930839383991d4307daa41d360f9f0b9d64f89aade97e08db,19e32f0563d581803fde59019ab3cfa626b349bf83f2ddfc98ea53e7a7009251,1975.28,,,,CONTROL_V2_FILLED_STOP,False,,2023-03-29T04:15:00Z,1975.28,1949.16,f18e83638bfe24a5f232c7a7ff934e0915c2961f5d37aeb7798d62b4fc19ce3a
35f06cd6916b23dc0edd97e6ef03e0d6f1e9a4c2403b346b83b6d95c43ecb257,1969.99,2023-03-29T04:15:00Z,2aac0f591cb7da8177a3b958adaa027bb2c63d791f05ff9427781238f4a7b08d,2023-03-29T04:15:00Z,1969.78,1975.28,2023-04-01T00:00:00Z,2023-03-29T04:00:00Z,0.0,SHORT,0.3949155844156022,-50.0,M5_LATEST_CONFIRMED_OPPOSING_SWING_ELSE_CONTROL,2023-03-29T04:15:00Z,CONTROL_NEXT_M1_OPEN,1969.78,True,b4fa47c0ed705c3eaa26e0e2c27df44d678940b5260693d30f130ef1c431c344,2.11782889652561,6.638933193021423,2023_03,-1.0,-1.0,STOP,2023-03-30T15:31:00Z,STOP,b65d78d485504907b3853e7ba820aa4b4614cce2782e2cff6e8a45bc70cbfba4,2023-03-30T15:26:00Z,FIRST_RETEST_FILLED,2023-03-29T04:30:00Z,2023-03-29T04:15:00Z,1969.99,True,False,INITIAL_CONFIRMATION_STOP,c760405051f58739006c72b9a51ee956be466e016b885e7427f900276ca80f5f,19e32f0563d581803fde59019ab3cfa626b349bf83f2ddfc98ea53e7a7009251,1971.9520357142858,1.04071428571433,0.052035714285716496,,M5_LATEST_CONFIRMED_OPPOSING_SWING_ELSE_CONTROL,True,e03c1fd204bf934292dfd6739e2282139b447b649bcec0e88024b722143fb766,2023-03-29T04:15:00Z,1971.9,1949.16,f18e83638bfe24a5f232c7a7ff934e0915c2961f5d37aeb7798d62b4fc19ce3a
35f06cd6916b23dc0edd97e6ef03e0d6f1e9a4c2403b346b83b6d95c43ecb257,1969.99,2023-03-29T04:15:00Z,2aac0f591cb7da8177a3b958adaa027bb2c63d791f05ff9427781238f4a7b08d,2023-03-29T04:15:00Z,1969.78,1975.28,2023-04-01T00:00:00Z,2023-03-29T04:00:00Z,0.0,SHORT,0.7362987012986857,-50.0,M15_LATEST_CONFIRMED_OPPOSING_SWING_ELSE_CONTROL,2023-03-29T04:15:00Z,CONTROL_NEXT_M1_OPEN,1969.78,True,9319ba82974b05cb74156b3664d5bfa1cd38e8ba6a5ce77895cf369d795e96bd,1.1359026369168934,3.5608078313785216,2023_03,-1.0,-1.0,STOP,2023-03-30T15:31:00Z,STOP,805d8f10333762df9b126363beb5060a2e7c547b2a4f17d78d349ac7c05a6a98,2023-03-30T15:26:00Z,FIRST_RETEST_FILLED,2023-03-29T04:30:00Z,2023-03-29T04:15:00Z,1969.99,True,False,INITIAL_CONFIRMATION_STOP,f4fabfb2e7203db14d119c8adaccfe287665c018727c51105247c5fada7ef2dd,19e32f0563d581803fde59019ab3cfa626b349bf83f2ddfc98ea53e7a7009251,1973.8296428571427,1.392857142857159,0.06964285714285795,,M15_LATEST_CONFIRMED_OPPOSING_SWING_ELSE_CONTROL,True,0d0d9fe70fc310de858474ab675e9856d8643fd5ed59c19c1357a1b2c191f268,2023-03-29T03:15:00Z,1973.76,1949.16,f18e83638bfe24a5f232c7a7ff934e0915c2961f5d37aeb7798d62b4fc19ce3a
35f06cd6916b23dc0edd97e6ef03e0d6f1e9a4c2403b346b83b6d95c43ecb257,1969.99,2023-03-29T04:15:00Z,2aac0f591cb7da8177a3b958adaa027bb2c63d791f05ff9427781238f4a7b08d,2023-03-29T04:15:00Z,1969.78,1975.28,2023-04-01T00:00:00Z,2023-03-29T04:00:00Z,0.0,SHORT,1.0,-50.0,CONTROL_V2_FILLED_STOP,2023-03-29T04:15:00Z,CONTROL_NEXT_M1_OPEN,1969.78,True,a59769635e462c57b820a8745241ea42de6e53946bcc3b46602fc93c503f7355,1.0072727272727207,2.621818181818195,2023_03,-1.0,-1.0,STOP,2023-03-30T15:31:00Z,STOP,5b726b0d612b116a7f089f3395246766124582ab5588048743e0910a6191cf06,2023-03-30T15:31:00Z,FIRST_RETEST_FILLED,2023-03-29T04:30:00Z,2023-03-29T04:15:00Z,1969.99,True,False,INITIAL_CONFIRMATION_STOP,b339b919193ab1eb55f1d107741e18db2965225ad81e439e254cb207cedf8968,19e32f0563d581803fde59019ab3cfa626b349bf83f2ddfc98ea53e7a7009251,1975.28,4.977857142857131,0.24889285714285656,NOT_STRICTLY_CLOSER_THAN_CONTROL,H1_SOURCE_SWING_BUFFERED_ELSE_CONTROL,False,19e32f0563d581803fde59019ab3cfa626b349bf83f2ddfc98ea53e7a7009251,2023-03-29T04:00:00Z,1975.28,1949.16,f18e83638bfe24a5f232c7a7ff934e0915c2961f5d37aeb7798d62b4fc19ce3a
35f06cd6916b23dc0edd97e6ef03e0d6f1e9a4c2403b346b83b6d95c43ecb257,1969.99,2023-03-29T04:15:00Z,2aac0f591cb7da8177a3b958adaa027bb2c63d791f05ff9427781238f4a7b08d,2023-03-29T04:15:00Z,1969.78,1975.28,2023-04-01T00:00:00Z,2023-03-29T04:00:00Z,0.0,SHORT,1.0,-50.0,CONTROL_V2_FILLED_STOP,2023-03-29T04:15:00Z,M5_BROKEN_CONTROL_FIRST_RETEST,1969.99,True,06f2269a0556fc365f6d305b9e82a26833c01d0fc3e4f6779f9af57641fde006,1.007561436672961,2.7655954631380357,2023_03,-1.0,-1.0,STOP,2023-03-30T15:31:00Z,STOP,6e3e89a5dbb6252045501371163cf31aaab8a6a3fb46ecf154ccd49210c2811a,2023-03-30T15:31:00Z,FIRST_RETEST_FILLED,2023-03-29T04:30:00Z,2023-03-29T04:15:00Z,1969.99,True,True,INITIAL_CONFIRMATION_STOP,a0a824a13f3489c5d2a582d61472400a54f8aea3f6567648c73662deabafcf23,19e32f0563d581803fde59019ab3cfa626b349bf83f2ddfc98ea53e7a7009251,1975.28,,,,CONTROL_V2_FILLED_STOP,False,,2023-03-29T04:15:00Z,1975.28,1949.16,f18e83638bfe24a5f232c7a7ff934e0915c2961f5d37aeb7798d62b4fc19ce3a
35f06cd6916b23dc0edd97e6ef03e0d6f1e9a4c2403b346b83b6d95c43ecb257,1969.99,2023-03-29T04:15:00Z,2aac0f591cb7da8177a3b958adaa027bb2c63d791f05ff9427781238f4a7b08d,2023-03-29T04:15:00Z,1969.78,1975.28,2023-04-01T00:00:00Z,2023-03-29T04:00:00Z,0.0,SHORT,0.3949155844156022,-50.0,M5_LATEST_CONFIRMED_OPPOSING_SWING_ELSE_CONTROL,2023-03-29T04:15:00Z,M5_BROKEN_CONTROL_FIRST_RETEST,1969.99,True,b4fa47c0ed705c3eaa26e0e2c27df44d678940b5260693d30f130ef1c431c344,2.237472013397145,7.456541128929324,2023_03,-1.0,-1.0,STOP,2023-03-30T15:31:00Z,STOP,19a250e6e7ba8791bc0b10b21597dc13da5cf5d65f43cc041198ef5d03798a8a,2023-03-30T15:26:00Z,FIRST_RETEST_FILLED,2023-03-29T04:30:00Z,2023-03-29T04:15:00Z,1969.99,True,True,INITIAL_CONFIRMATION_STOP,902c85085cb52e034733767fb2697bd1ebaaba74d8389ed9d724d3ea8a06ea8c,19e32f0563d581803fde59019ab3cfa626b349bf83f2ddfc98ea53e7a7009251,1971.9520357142858,1.04071428571433,0.052035714285716496,,M5_LATEST_CONFIRMED_OPPOSING_SWING_ELSE_CONTROL,True,e03c1fd204bf934292dfd6739e2282139b447b649bcec0e88024b722143fb766,2023-03-29T04:15:00Z,1971.9,1949.16,f18e83638bfe24a5f232c7a7ff934e0915c2961f5d37aeb7798d62b4fc19ce3a
35f06cd6916b23dc0edd97e6ef03e0d6f1e9a4c2403b346b83b6d95c43ecb257,1969.99,2023-03-29T04:15:00Z,2aac0f591cb7da8177a3b958adaa027bb2c63d791f05ff9427781238f4a7b08d,2023-03-29T04:15:00Z,1969.78,1975.28,2023-04-01T00:00:00Z,2023-03-29T04:00:00Z,0.0,SHORT,0.7362987012986857,-50.0,M15_LATEST_CONFIRMED_OPPOSING_SWING_ELSE_CONTROL,2023-03-29T04:15:00Z,M5_BROKEN_CONTROL_FIRST_RETEST,1969.99,True,9319ba82974b05cb74156b3664d5bfa1cd38e8ba6a5ce77895cf369d795e96bd,1.1433355036741393,3.810250209283007,2023_03,-1.0,-1.0,STOP,2023-03-30T15:31:00Z,STOP,22f6b31bac1b49cdec6e31ea73840e5bbb5e1d1456aedba35849e8615850cb5e,2023-03-30T15:26:00Z,FIRST_RETEST_FILLED,2023-03-29T04:30:00Z,2023-03-29T04:15:00Z,1969.99,True,True,INITIAL_CONFIRMATION_STOP,76011b194ec3690a4a71518d8d490cedb4dd5bec13825501976f1bccba7b8f24,19e32f0563d581803fde59019ab3cfa626b349bf83f2ddfc98ea53e7a7009251,1973.8296428571427,1.392857142857159,0.06964285714285795,,M15_LATEST_CONFIRMED_OPPOSING_SWING_ELSE_CONTROL,True,0d0d9fe70fc310de858474ab675e9856d8643fd5ed59c19c1357a1b2c191f268,2023-03-29T03:15:00Z,1973.76,1949.16,f18e83638bfe24a5f232c7a7ff934e0915c2961f5d37aeb7798d62b4fc19ce3a
35f06cd6916b23dc0edd97e6ef03e0d6f1e9a4c2403b346b83b6d95c43ecb257,1969.99,2023-03-29T04:15:00Z,2aac0f591cb7da8177a3b958adaa027bb2c63d791f05ff9427781238f4a7b08d,2023-03-29T04:15:00Z,1969.78,1975.28,2023-04-01T00:00:00Z,2023-03-29T04:00:00Z,0.0,SHORT,1.0,-50.0,CONTROL_V2_FILLED_STOP,2023-03-29T04:15:00Z,M5_BROKEN_CONTROL_FIRST_RETEST,1969.99,True,a59769635e462c57b820a8745241ea42de6e53946bcc3b46602fc93c503f7355,1.007561436672961,2.7655954631380357,2023_03,-1.0,-1.0,STOP,2023-03-30T15:31:00Z,STOP,b3a811d072736cd8b1dd815030527b121207a145b418d6a3b45c095beafe0b85,2023-03-30T15:31:00Z,FIRST_RETEST_FILLED,2023-03-29T04:30:00Z,2023-03-29T04:15:00Z,1969.99,True,True,INITIAL_CONFIRMATION_STOP,9ccd95944f3391a012f30da7a07246a1b52eb7c6db777bf377405ca4c939b090,19e32f0563d581803fde59019ab3cfa626b349bf83f2ddfc98ea53e7a7009251,1975.28,4.977857142857131,0.24889285714285656,NOT_STRICTLY_CLOSER_THAN_CONTROL,H1_SOURCE_SWING_BUFFERED_ELSE_CONTROL,False,19e32f0563d581803fde59019ab3cfa626b349bf83f2ddfc98ea53e7a7009251,2023-03-29T04:00:00Z,1975.28,1949.16,f18e83638bfe24a5f232c7a7ff934e0915c2961f5d37aeb7798d62b4fc19ce3a
35f06cd6916b23dc0edd97e6ef03e0d6f1e9a4c2403b346b83b6d95c43ecb257,1969.99,2023-03-29T04:15:00Z,2aac0f591cb7da8177a3b958adaa027bb2c63d791f05ff9427781238f4a7b08d,2023-03-29T04:15:00Z,1969.78,1975.28,2023-04-01T00:00:00Z,2023-03-29T04:00:00Z,0.0,SHORT,1.0,-50.0,CONTROL_V2_FILLED_STOP,2023-03-29T04:15:00Z,CONFIRMED_25_75_RETEST_SPLIT,1969.78,True,06f2269a0556fc365f6d305b9e82a26833c01d0fc3e4f6779f9af57641fde006,1.007489259322901,2.7296511428080756,2023_03,-1.0,-1.0,STOP,2023-03-30T15:31:00Z,SPLIT_STOP_STOP,464c9e2d78867aed727148cda1f9b6b52351b5acec45acb2d1649d32b62da923,2023-03-30T15:31:00Z,FIRST_RETEST_FILLED,2023-03-29T04:30:00Z,2023-03-29T04:15:00Z,1969.99,True,True,INITIAL_CONFIRMATION_STOP,a6b2984892dcb332451edb8782d1418f461d0c129ab34c02b38c231f3cfee40c,19e32f0563d581803fde59019ab3cfa626b349bf83f2ddfc98ea53e7a7009251,1975.28,,,,CONTROL_V2_FILLED_STOP,False,,2023-03-29T04:15:00Z,1975.28,1949.16,f18e83638bfe24a5f232c7a7ff934e0915c2961f5d37aeb7798d62b4fc19ce3a
35f06cd6916b23dc0edd97e6ef03e0d6f1e9a4c2403b346b83b6d95c43ecb257,1969.99,2023-03-29T04:15:00Z,2aac0f591cb7da8177a3b958adaa027bb2c63d791f05ff9427781238f4a7b08d,2023-03-29T04:15:00Z,1969.78,1975.28,2023-04-01T00:00:00Z,2023-03-29T04:00:00Z,0.0,SHORT,0.3949155844156022,-50.0,M5_LATEST_CONFIRMED_OPPOSING_SWING_ELSE_CONTROL,2023-03-29T04:15:00Z,CONFIRMED_25_75_RETEST_SPLIT,1969.78,True,b4fa47c0ed705c3eaa26e0e2c27df44d678940b5260693d30f130ef1c431c344,2.2075612341792614,7.2521391449523485,2023_03,-1.0,-1.0,STOP,2023-03-30T15:31:00Z,SPLIT_STOP_STOP,bb3690d0f7e9a594e0ddd690b0ef0760fe3ec4993a7aa4cbbfd9ccf9dcb562e6,2023-03-30T15:26:00Z,FIRST_RETEST_FILLED,2023-03-29T04:30:00Z,2023-03-29T04:15:00Z,1969.99,True,True,INITIAL_CONFIRMATION_STOP,5d6e05f66e9853b236f32bc3be892fcbd352469e179cab84c5a10d525c03ad96,19e32f0563d581803fde59019ab3cfa626b349bf83f2ddfc98ea53e7a7009251,1971.9520357142858,1.04071428571433,0.052035714285716496,,M5_LATEST_CONFIRMED_OPPOSING_SWING_ELSE_CONTROL,True,e03c1fd204bf934292dfd6739e2282139b447b649bcec0e88024b722143fb766,2023-03-29T04:15:00Z,1971.9,1949.16,f18e83638bfe24a5f232c7a7ff934e0915c2961f5d37aeb7798d62b4fc19ce3a
35f06cd6916b23dc0edd97e6ef03e0d6f1e9a4c2403b346b83b6d95c43ecb257,1969.99,2023-03-29T04:15:00Z,2aac0f591cb7da8177a3b958adaa027bb2c63d791f05ff9427781238f4a7b08d,2023-03-29T04:15:00Z,1969.78,1975.28,2023-04-01T00:00:00Z,2023-03-29T04:00:00Z,0.0,SHORT,0.7362987012986857,-50.0,M15_LATEST_CONFIRMED_OPPOSING_SWING_ELSE_CONTROL,2023-03-29T04:15:00Z,CONFIRMED_25_75_RETEST_SPLIT,1969.78,True,9319ba82974b05cb74156b3664d5bfa1cd38e8ba6a5ce77895cf369d795e96bd,1.1414772869848278,3.7478896148068856,2023_03,-1.0,-1.0,STOP,2023-03-30T15:31:00Z,SPLIT_STOP_STOP,dcf314f73a1d1d1147c3dbb1af7f1cb3936c3f1df6f8eaacade2b0e2988273f0,2023-03-30T15:26:00Z,FIRST_RETEST_FILLED,2023-03-29T04:30:00Z,2023-03-29T04:15:00Z,1969.99,True,True,INITIAL_CONFIRMATION_STOP,23a0144501a6f705a856edbcfacbd630229f26110b05c414efaacb6c88319cc9,19e32f0563d581803fde59019ab3cfa626b349bf83f2ddfc98ea53e7a7009251,1973.8296428571427,1.392857142857159,0.06964285714285795,,M15_LATEST_CONFIRMED_OPPOSING_SWING_ELSE_CONTROL,True,0d0d9fe70fc310de858474ab675e9856d8643fd5ed59c19c1357a1b2c191f268,2023-03-29T03:15:00Z,1973.76,1949.16,f18e83638bfe24a5f232c7a7ff934e0915c2961f5d37aeb7798d62b4fc19ce3a
35f06cd6916b23dc0edd97e6ef03e0d6f1e9a4c2403b346b83b6d95c43ecb257,1969.99,2023-03-29T04:15:00Z,2aac0f591cb7da8177a3b958adaa027bb2c63d791f05ff9427781238f4a7b08d,2023-03-29T04:15:00Z,1969.78,1975.28,2023-04-01T00:00:00Z,2023-03-29T04:00:00Z,0.0,SHORT,1.0,-50.0,CONTROL_V2_FILLED_STOP,2023-03-29T04:15:00Z,CONFIRMED_25_75_RETEST_SPLIT,1969.78,True,a59769635e462c57b820a8745241ea42de6e53946bcc3b46602fc93c503f7355,1.007489259322901,2.7296511428080756,2023_03,-1.0,-1.0,STOP,2023-03-30T15:31:00Z,SPLIT_STOP_STOP,27f9f2cc558e723620b25a9b7bbaf033e761231a0e515b3bbd51e1693cf6fd0e,2023-03-30T15:31:00Z,FIRST_RETEST_FILLED,2023-03-29T04:30:00Z,2023-03-29T04:15:00Z,1969.99,True,True,INITIAL_CONFIRMATION_STOP,8e9f3cd4d7e57155bc1ba045df5561d27ba0aea2828b36e136d7a5dbb557b165,19e32f0563d581803fde59019ab3cfa626b349bf83f2ddfc98ea53e7a7009251,1975.28,4.977857142857131,0.24889285714285656,NOT_STRICTLY_CLOSER_THAN_CONTROL,H1_SOURCE_SWING_BUFFERED_ELSE_CONTROL,False,19e32f0563d581803fde59019ab3cfa626b349bf83f2ddfc98ea53e7a7009251,2023-03-29T04:00:00Z,1975.28,1949.16,f18e83638bfe24a5f232c7a7ff934e0915c2961f5d37aeb7798d62b4fc19ce3a
e8cdbb93010fb363ea6b0a08ea30e43f197ccd7b5d219073f3c8f086d293f860,1967.99,2023-03-29T13:25:00Z,2354f8c0232d5deeda646a0f05fb62d2b4afff807d21c81db037981a8342d998,2023-03-29T13:25:00Z,1968.88,1958.73,2023-04-01T00:00:00Z,2023-03-29T13:00:00Z,0.0,LONG,1.0,-50.0,CONTROL_V2_FILLED_STOP,2023-03-29T13:25:00Z,CONTROL_NEXT_M1_OPEN,1968.88,True,051c3d8c92f3cab7fd7a2387f1639c1a20a0b75d063567c86ce1ffccc31d34c2,1.1477832512315258,0.28078817733989,2023_03,-1.0,-1.0,STOP,2023-03-30T04:09:00Z,STOP,02d46582506239aae389b51cf398729e3acd71697eb79dc35c646a72a21c6f8c,2023-03-30T04:09:00Z,FIRST_RETEST_FILLED,2023-03-29T13:40:00Z,2023-03-29T13:27:00Z,1967.99,True,False,INITIAL_CONFIRMATION_STOP,21268cfb60f0f90904afff49f6852245e2bee24d9e6a9d34fe0444062d9f9045,f5102464bda2077a9ba9e323d13013357c97632b5babd70813b363bd4fa96b08,1958.73,,,,CONTROL_V2_FILLED_STOP,False,,2023-03-29T13:25:00Z,1958.73,1975.28,13b7984078f9335d47b7d265b7915207035ccd89892dd323f381f0ed9a98667a
e8cdbb93010fb363ea6b0a08ea30e43f197ccd7b5d219073f3c8f086d293f860,1967.99,2023-03-29T13:25:00Z,2354f8c0232d5deeda646a0f05fb62d2b4afff807d21c81db037981a8342d998,2023-03-29T13:25:00Z,1968.88,1958.73,2023-04-01T00:00:00Z,2023-03-29T13:00:00Z,0.0,LONG,0.30584447572134366,-50.0,M5_LATEST_CONFIRMED_OPPOSING_SWING_ELSE_CONTROL,2023-03-29T13:25:00Z,CONTROL_NEXT_M1_OPEN,1968.88,True,bafcfd6ada17a867bf1a08b28415438614a82ad55736127195da48598c3443e8,1.09846872447389,0.09986079313397003,2023_03,-1.0,-1.0,STOP,2023-03-30T04:09:00Z,STOP,e86868f327018c86905d9ade5c9ed225fdb63b8b648f1c0391b4da243cb57030,2023-03-29T14:27:00Z,FIRST_RETEST_FILLED,2023-03-29T13:40:00Z,2023-03-29T13:27:00Z,1967.99,True,False,INITIAL_CONFIRMATION_STOP,275e4d81f2bac9c1dfa3825f97220d6996f85de00b72e76cdcaa7b852e712c90,f5102464bda2077a9ba9e323d13013357c97632b5babd70813b363bd4fa96b08,1965.7756785714284,1.286428571428587,0.06432142857142935,,M5_LATEST_CONFIRMED_OPPOSING_SWING_ELSE_CONTROL,True,84039a9d057e422fda649495bb59f882585f44f05b49f600795f86c1201fafa1,2023-03-29T13:25:00Z,1965.84,1975.28,13b7984078f9335d47b7d265b7915207035ccd89892dd323f381f0ed9a98667a
e8cdbb93010fb363ea6b0a08ea30e43f197ccd7b5d219073f3c8f086d293f860,1967.99,2023-03-29T13:25:00Z,2354f8c0232d5deeda646a0f05fb62d2b4afff807d21c81db037981a8342d998,2023-03-29T13:25:00Z,1968.88,1958.73,2023-04-01T00:00:00Z,2023-03-29T13:00:00Z,0.0,LONG,1.0,-50.0,CONTROL_V2_FILLED_STOP,2023-03-29T13:25:00Z,CONTROL_NEXT_M1_OPEN,1968.88,True,58f5c18c82016363b0839555f5b88bf1670470f86d42eff44d196b2e616fa5b0,1.1477832512315258,0.28078817733989,2023_03,-1.0,-1.0,STOP,2023-03-30T04:09:00Z,STOP,98e6de677f4d79065a53d60ac32dbae0a8785e68146ab966d1dfcf25569adc5e,2023-03-30T04:09:00Z,FIRST_RETEST_FILLED,2023-03-29T13:40:00Z,2023-03-29T13:27:00Z,1967.99,True,False,INITIAL_CONFIRMATION_STOP,ea5ef2ade3187736a559a5d6f613a5b64a9db86b574250d8b8acff4efbcba859,f5102464bda2077a9ba9e323d13013357c97632b5babd70813b363bd4fa96b08,1958.73,2.3778571428571564,0.11889285714285783,NOT_STRICTLY_CLOSER_THAN_CONTROL,M15_LATEST_CONFIRMED_OPPOSING_SWING_ELSE_CONTROL,False,772b9a10ffe25e0cc5e38929357d3dea69043bd26d939090048b31d85a603747,2023-03-29T10:45:00Z,1958.73,1975.28,13b7984078f9335d47b7d265b7915207035ccd89892dd323f381f0ed9a98667a
e8cdbb93010fb363ea6b0a08ea30e43f197ccd7b5d219073f3c8f086d293f860,1967.99,2023-03-29T13:25:00Z,2354f8c0232d5deeda646a0f05fb62d2b4afff807d21c81db037981a8342d998,2023-03-29T13:25:00Z,1968.88,1958.73,2023-04-01T00:00:00Z,2023-03-29T13:00:00Z,0.0,LONG,1.0,-50.0,CONTROL_V2_FILLED_STOP,2023-03-29T13:25:00Z,CONTROL_NEXT_M1_OPEN,1968.88,True,61ba16ec644d6d7ada9beff1bcfffa2e20386f3bf758e0775c1193ed8fd7e5c9,1.1477832512315258,0.28078817733989,2023_03,-1.0,-1.0,STOP,2023-03-30T04:09:00Z,STOP,1818ab2d1d72deb62bb3cc029a7dc533d11903285c46af9f33b17bb9d1be51aa,2023-03-30T04:09:00Z,FIRST_RETEST_FILLED,2023-03-29T13:40:00Z,2023-03-29T13:27:00Z,1967.99,True,False,INITIAL_CONFIRMATION_STOP,068cadab86a593d4f318963e0ab0f1dd95e2161d8de02934cf881caf46dd9e45,f5102464bda2077a9ba9e323d13013357c97632b5babd70813b363bd4fa96b08,1958.73,3.850714285714259,0.19253571428571295,NOT_STRICTLY_CLOSER_THAN_CONTROL,H1_SOURCE_SWING_BUFFERED_ELSE_CONTROL,False,f5102464bda2077a9ba9e323d13013357c97632b5babd70813b363bd4fa96b08,2023-03-29T13:00:00Z,1958.73,1975.28,13b7984078f9335d47b7d265b7915207035ccd89892dd323f381f0ed9a98667a
e8cdbb93010fb363ea6b0a08ea30e43f197ccd7b5d219073f3c8f086d293f860,1967.99,2023-03-29T13:25:00Z,2354f8c0232d5deeda646a0f05fb62d2b4afff807d21c81db037981a8342d998,2023-03-29T13:25:00Z,1968.88,1958.73,2023-04-01T00:00:00Z,2023-03-29T13:00:00Z,0.0,LONG,1.0,-50.0,CONTROL_V2_FILLED_STOP,2023-03-29T13:27:00Z,M5_BROKEN_CONTROL_FIRST_RETEST,1967.99,True,051c3d8c92f3cab7fd7a2387f1639c1a20a0b75d063567c86ce1ffccc31d34c2,1.1619870410367172,0.4038876889848826,2023_03,-1.0,-1.0,STOP,2023-03-30T04:09:00Z,STOP,290b01090811a07be3f2a626895b332f3dc6cf5903e6d379d754d433d27bfb37,2023-03-30T04:09:00Z,FIRST_RETEST_FILLED,2023-03-29T13:40:00Z,2023-03-29T13:27:00Z,1967.99,True,True,INITIAL_CONFIRMATION_STOP,c823dfeb57e129b89a87fa9dee25ccd93413970f9c17064bf7b37e5f7c21a1ae,f5102464bda2077a9ba9e323d13013357c97632b5babd70813b363bd4fa96b08,1958.73,,,,CONTROL_V2_FILLED_STOP,False,,2023-03-29T13:25:00Z,1958.73,1975.28,13b7984078f9335d47b7d265b7915207035ccd89892dd323f381f0ed9a98667a
e8cdbb93010fb363ea6b0a08ea30e43f197ccd7b5d219073f3c8f086d293f860,1967.99,2023-03-29T13:25:00Z,2354f8c0232d5deeda646a0f05fb62d2b4afff807d21c81db037981a8342d998,2023-03-29T13:25:00Z,1968.88,1958.73,2023-04-01T00:00:00Z,2023-03-29T13:00:00Z,0.0,LONG,0.30584447572134366,-50.0,M5_LATEST_CONFIRMED_OPPOSING_SWING_ELSE_CONTROL,2023-03-29T13:27:00Z,M5_BROKEN_CONTROL_FIRST_RETEST,1967.99,True,bafcfd6ada17a867bf1a08b28415438614a82ad55736127195da48598c3443e8,1.1380461605457188,0.5419267431170335,2023_03,-1.0,-1.0,STOP,2023-03-30T04:09:00Z,STOP,7f74e92405e7dd4054ff567d3981579654101128a46317099970dcad876a5c37,2023-03-29T14:27:00Z,FIRST_RETEST_FILLED,2023-03-29T13:40:00Z,2023-03-29T13:27:00Z,1967.99,True,True,INITIAL_CONFIRMATION_STOP,6abd688ca34bf8164e3bce5624049a795800aa8c97eadad590e86a58abdde92b,f5102464bda2077a9ba9e323d13013357c97632b5babd70813b363bd4fa96b08,1965.7756785714284,1.286428571428587,0.06432142857142935,,M5_LATEST_CONFIRMED_OPPOSING_SWING_ELSE_CONTROL,True,84039a9d057e422fda649495bb59f882585f44f05b49f600795f86c1201fafa1,2023-03-29T13:25:00Z,1965.84,1975.28,13b7984078f9335d47b7d265b7915207035ccd89892dd323f381f0ed9a98667a
e8cdbb93010fb363ea6b0a08ea30e43f197ccd7b5d219073f3c8f086d293f860,1967.99,2023-03-29T13:25:00Z,2354f8c0232d5deeda646a0f05fb62d2b4afff807d21c81db037981a8342d998,2023-03-29T13:25:00Z,1968.88,1958.73,2023-04-01T00:00:00Z,2023-03-29T13:00:00Z,0.0,LONG,1.0,-50.0,CONTROL_V2_FILLED_STOP,2023-03-29T13:27:00Z,M5_BROKEN_CONTROL_FIRST_RETEST,1967.99,True,58f5c18c82016363b0839555f5b88bf1670470f86d42eff44d196b2e616fa5b0,1.1619870410367172,0.4038876889848826,2023_03,-1.0,-1.0,STOP,2023-03-30T04:09:00Z,STOP,fea7f4c8c74cf5a946b437238914d1542a08cc0d6e24d394be05df30347452db,2023-03-30T04:09:00Z,FIRST_RETEST_FILLED,2023-03-29T13:40:00Z,2023-03-29T13:27:00Z,1967.99,True,True,INITIAL_CONFIRMATION_STOP,de61e44fd5ade3275f2d9f5826f9e8702a3ef33360d38fb7c6a94281d2171875,f5102464bda2077a9ba9e323d13013357c97632b5babd70813b363bd4fa96b08,1958.73,2.3778571428571564,0.11889285714285783,NOT_STRICTLY_CLOSER_THAN_CONTROL,M15_LATEST_CONFIRMED_OPPOSING_SWING_ELSE_CONTROL,False,772b9a10ffe25e0cc5e38929357d3dea69043bd26d939090048b31d85a603747,2023-03-29T10:45:00Z,1958.73,1975.28,13b7984078f9335d47b7d265b7915207035ccd89892dd323f381f0ed9a98667a
e8cdbb93010fb363ea6b0a08ea30e43f197ccd7b5d219073f3c8f086d293f860,1967.99,2023-03-29T13:25:00Z,2354f8c0232d5deeda646a0f05fb62d2b4afff807d21c81db037981a8342d998,2023-03-29T13:25:00Z,1968.88,1958.73,2023-04-01T00:00:00Z,2023-03-29T13:00:00Z,0.0,LONG,1.0,-50.0,CONTROL_V2_FILLED_STOP,2023-03-29T13:27:00Z,M5_BROKEN_CONTROL_FIRST_RETEST,1967.99,True,61ba16ec644d6d7ada9beff1bcfffa2e20386f3bf758e0775c1193ed8fd7e5c9,1.1619870410367172,0.4038876889848826,2023_03,-1.0,-1.0,STOP,2023-03-30T04:09:00Z,STOP,fb350d2c30cf119290afb5e33b147c7acbead633f05bca25e8faa2466403fd91,2023-03-30T04:09:00Z,FIRST_RETEST_FILLED,2023-03-29T13:40:00Z,2023-03-29T13:27:00Z,1967.99,True,True,INITIAL_CONFIRMATION_STOP,39117defd926c3d5904d2e1d5e213f6e69bf7b78c2b51172e16b04c19348e96d,f5102464bda2077a9ba9e323d13013357c97632b5babd70813b363bd4fa96b08,1958.73,3.850714285714259,0.19253571428571295,NOT_STRICTLY_CLOSER_THAN_CONTROL,H1_SOURCE_SWING_BUFFERED_ELSE_CONTROL,False,f5102464bda2077a9ba9e323d13013357c97632b5babd70813b363bd4fa96b08,2023-03-29T13:00:00Z,1958.73,1975.28,13b7984078f9335d47b7d265b7915207035ccd89892dd323f381f0ed9a98667a
e8cdbb93010fb363ea6b0a08ea30e43f197ccd7b5d219073f3c8f086d293f860,1967.99,2023-03-29T13:25:00Z,2354f8c0232d5deeda646a0f05fb62d2b4afff807d21c81db037981a8342d998,2023-03-29T13:25:00Z,1968.88,1958.73,2023-04-01T00:00:00Z,2023-03-29T13:00:00Z,0.0,LONG,1.0,-50.0,CONTROL_V2_FILLED_STOP,2023-03-29T13:25:00Z,CONFIRMED_25_75_RETEST_SPLIT,1968.88,True,051c3d8c92f3cab7fd7a2387f1639c1a20a0b75d063567c86ce1ffccc31d34c2,1.1584360935854194,0.3731128110736344,2023_03,-1.0,-1.0,STOP,2023-03-30T04:09:00Z,SPLIT_STOP_STOP,a94fdcb8513f72743570133a707f2ac4ec79ff637de58ce37111b05c55b5eb11,2023-03-30T04:09:00Z,FIRST_RETEST_FILLED,2023-03-29T13:40:00Z,2023-03-29T13:27:00Z,1967.99,True,True,INITIAL_CONFIRMATION_STOP,87742d355967000ee5b55eaa08eb32047bcf7c4c191ca9a5dc6a8327507ba28b,f5102464bda2077a9ba9e323d13013357c97632b5babd70813b363bd4fa96b08,1958.73,,,,CONTROL_V2_FILLED_STOP,False,,2023-03-29T13:25:00Z,1958.73,1975.28,13b7984078f9335d47b7d265b7915207035ccd89892dd323f381f0ed9a98667a
e8cdbb93010fb363ea6b0a08ea30e43f197ccd7b5d219073f3c8f086d293f860,1967.99,2023-03-29T13:25:00Z,2354f8c0232d5deeda646a0f05fb62d2b4afff807d21c81db037981a8342d998,2023-03-29T13:25:00Z,1968.88,1958.73,2023-04-01T00:00:00Z,2023-03-29T13:00:00Z,0.0,LONG,0.30584447572134366,-50.0,M5_LATEST_CONFIRMED_OPPOSING_SWING_ELSE_CONTROL,2023-03-29T13:25:00Z,CONFIRMED_25_75_RETEST_SPLIT,1968.88,True,bafcfd6ada17a867bf1a08b28415438614a82ad55736127195da48598c3443e8,1.1281518015277616,0.43141025562126767,2023_03,-1.0,-1.0,STOP,2023-03-30T04:09:00Z,SPLIT_STOP_STOP,12642ca92a999587de715a56b16b5b07717a1e53f48f1889efbc658a676b6df1,2023-03-29T14:27:00Z,FIRST_RETEST_FILLED,2023-03-29T13:40:00Z,2023-03-29T13:27:00Z,1967.99,True,True,INITIAL_CONFIRMATION_STOP,842d456706cf574d12be8501a5b2ba2a18bd5b1e70725217b0227ba9a06348b2,f5102464bda2077a9ba9e323d13013357c97632b5babd70813b363bd4fa96b08,1965.7756785714284,1.286428571428587,0.06432142857142935,,M5_LATEST_CONFIRMED_OPPOSING_SWING_ELSE_CONTROL,True,84039a9d057e422fda649495bb59f882585f44f05b49f600795f86c1201fafa1,2023-03-29T13:25:00Z,1965.84,1975.28,13b7984078f9335d47b7d265b7915207035ccd89892dd323f381f0ed9a98667a
e8cdbb93010fb363ea6b0a08ea30e43f197ccd7b5d219073f3c8f086d293f860,1967.99,2023-03-29T13:25:00Z,2354f8c0232d5deeda646a0f05fb62d2b4afff807d21c81db037981a8342d998,2023-03-29T13:25:00Z,1968.88,1958.73,2023-04-01T00:00:00Z,2023-03-29T13:00:00Z,0.0,LONG,1.0,-50.0,CONTROL_V2_FILLED_STOP,2023-03-29T13:25:00Z,CONFIRMED_25_75_RETEST_SPLIT,1968.88,True,58f5c18c82016363b0839555f5b88bf1670470f86d42eff44d196b2e616fa5b0,1.1584360935854194,0.3731128110736344,2023_03,-1.0,-1.0,STOP,2023-03-30T04:09:00Z,SPLIT_STOP_STOP,0d38d9809b13e59f2509a9abaffd4728a0991f7805b51f4d159aeac4e8e64ba8,2023-03-30T04:09:00Z,FIRST_RETEST_FILLED,2023-03-29T13:40:00Z,2023-03-29T13:27:00Z,1967.99,True,True,INITIAL_CONFIRMATION_STOP,401923996a81998c255b4366ac44a1a209c10cb04fce6bfe602615042973b303,f5102464bda2077a9ba9e323d13013357c97632b5babd70813b363bd4fa96b08,1958.73,2.3778571428571564,0.11889285714285783,NOT_STRICTLY_CLOSER_THAN_CONTROL,M15_LATEST_CONFIRMED_OPPOSING_SWING_ELSE_CONTROL,False,772b9a10ffe25e0cc5e38929357d3dea69043bd26d939090048b31d85a603747,2023-03-29T10:45:00Z,1958.73,1975.28,13b7984078f9335d47b7d265b7915207035ccd89892dd323f381f0ed9a98667a
e8cdbb93010fb363ea6b0a08ea30e43f197ccd7b5d219073f3c8f086d293f860,1967.99,2023-03-29T13:25:00Z,2354f8c0232d5deeda646a0f05fb62d2b4afff807d21c81db037981a8342d998,2023-03-29T13:25:00Z,1968.88,1958.73,2023-04-01T00:00:00Z,2023-03-29T13:00:00Z,0.0,LONG,1.0,-50.0,CONTROL_V2_FILLED_STOP,2023-03-29T13:25:00Z,CONFIRMED_25_75_RETEST_SPLIT,1968.88,True,61ba16ec644d6d7ada9beff1bcfffa2e20386f3bf758e0775c1193ed8fd7e5c9,1.1584360935854194,0.3731128110736344,2023_03,-1.0,-1.0,STOP,2023-03-30T04:09:00Z,SPLIT_STOP_STOP,144ff48b8626d32bcc0b6e3d591387d2b45d542398fac6c4cfebc44e1e4f7d68,2023-03-30T04:09:00Z,FIRST_RETEST_FILLED,2023-03-29T13:40:00Z,2023-03-29T13:27:00Z,1967.99,True,True,INITIAL_CONFIRMATION_STOP,d95c3af442e8a53812061df760bb6b5d74420e9de981b100931c697e3cdd7557,f5102464bda2077a9ba9e323d13013357c97632b5babd70813b363bd4fa96b08,1958.73,3.850714285714259,0.19253571428571295,NOT_STRICTLY_CLOSER_THAN_CONTROL,H1_SOURCE_SWING_BUFFERED_ELSE_CONTROL,False,f5102464bda2077a9ba9e323d13013357c97632b5babd70813b363bd4fa96b08,2023-03-29T13:00:00Z,1958.73,1975.28,13b7984078f9335d47b7d265b7915207035ccd89892dd323f381f0ed9a98667a
c2dc8f3b2d770231959f1497a1d7c55bcbe05cdd41e43571e4cce471df70d7e1,1962.53,2023-03-29T16:20:00Z,71306dc636e220012a30b0e23c5addff5c7b2e8e2efb21adbf8d682eaeafbe46,2023-03-29T16:20:00Z,1961.63,1969.23,2023-04-01T00:00:00Z,2023-03-29T16:00:00Z,0.0,SHORT,1.0,-50.0,CONTROL_V2_FILLED_STOP,2023-03-29T16:20:00Z,CONTROL_NEXT_M1_OPEN,1961.63,True,f1fd56c570f48fcb181d2161008cdfc69a9cc0eeba59b2388a1074ff89b022ba,1.0881578947368526,0.025000000000007478,2023_03,-1.0,-1.0,STOP,2023-03-29T17:35:00Z,STOP,2cf5cb75254e54e3395ef8a10b279076609023b52436275013173796f8b39197,2023-03-29T17:35:00Z,FIRST_RETEST_FILLED,2023-03-29T16:35:00Z,2023-03-29T16:25:00Z,1962.53,True,False,INITIAL_CONFIRMATION_STOP,c7f6865d61e671e8f2cd75e995c4cde460bfb39e6296049eb3dd6bf4da04256e,25472a7a9da3a72ed58f70d3a297414c2695d5436535bb0c7e74d7bae07d5924,1969.23,,,,CONTROL_V2_FILLED_STOP,False,,2023-03-29T16:20:00Z,1969.23,1958.73,182aa2cdf6673e0547312114086b22bd4a75e3921c4963cd1f2aaf0a4454beb5
c2dc8f3b2d770231959f1497a1d7c55bcbe05cdd41e43571e4cce471df70d7e1,1962.53,2023-03-29T16:20:00Z,71306dc636e220012a30b0e23c5addff5c7b2e8e2efb21adbf8d682eaeafbe46,2023-03-29T16:20:00Z,1961.63,1969.23,2023-04-01T00:00:00Z,2023-03-29T16:00:00Z,0.0,SHORT,0.4765883458646658,-50.0,M5_LATEST_CONFIRMED_OPPOSING_SWING_ELSE_CONTROL,2023-03-29T16:20:00Z,CONTROL_NEXT_M1_OPEN,1961.63,True,2e026beadda7a56063833a99b1c864f402461ecc997c1c488c5f2a7f4cc75f64,1.1098621546471028,0.0524561714883112,2023_03,-1.0,-1.0,STOP,2023-03-29T17:35:00Z,STOP,b5dc7838c7c6f60e7e5f146327a1a765846dc7398e2355fa0fcd473209c196fd,2023-03-29T16:39:00Z,FIRST_RETEST_FILLED,2023-03-29T16:35:00Z,2023-03-29T16:25:00Z,1962.53,True,False,INITIAL_CONFIRMATION_STOP,d6f651f2733214e7e6d224711df2a7703ea1105b453e1c76e81c959a4e8e529c,25472a7a9da3a72ed58f70d3a297414c2695d5436535bb0c7e74d7bae07d5924,1965.2520714285715,2.4414285714286086,0.12207142857143044,,M5_LATEST_CONFIRMED_OPPOSING_SWING_ELSE_CONTROL,True,88bacbe23fd442553c5e6cc1990b539896a8743995c6acdad5bb1e14e541342a,2023-03-29T16:10:00Z,1965.13,1958.73,182aa2cdf6673e0547312114086b22bd4a75e3921c4963cd1f2aaf0a4454beb5
c2dc8f3b2d770231959f1497a1d7c55bcbe05cdd41e43571e4cce471df70d7e1,1962.53,2023-03-29T16:20:00Z,71306dc636e220012a30b0e23c5addff5c7b2e8e2efb21adbf8d682eaeafbe46,2023-03-29T16:20:00Z,1961.63,1969.23,2023-04-01T00:00:00Z,2023-03-29T16:00:00Z,0.0,SHORT,0.9495112781955024,-50.0,M15_LATEST_CONFIRMED_OPPOSING_SWING_ELSE_CONTROL,2023-03-29T16:20:00Z,CONTROL_NEXT_M1_OPEN,1961.63,True,c7fd025442e8f7efc867017138ac3fd8cdbdd02128dfad1de53ccf03d3ea561d,1.1460189254464055,0.026329334441944387,2023_03,-1.0,-1.0,STOP,2023-03-29T17:35:00Z,STOP,712e6ded199fcc8f1663445d805f88f34c05cd36c9f8d82fa5075bad9e1ac86c,2023-03-29T17:35:00Z,FIRST_RETEST_FILLED,2023-03-29T16:35:00Z,2023-03-29T16:25:00Z,1962.53,True,False,INITIAL_CONFIRMATION_STOP,e98878d2c925e5225d254fdaad006531e6348724747ecf3871baa0010b13f575,25472a7a9da3a72ed58f70d3a297414c2695d5436535bb0c7e74d7bae07d5924,1968.8462857142858,2.9257142857143044,0.1462857142857152,,M15_LATEST_CONFIRMED_OPPOSING_SWING_ELSE_CONTROL,True,f47272a0f4674510bad7b18419b6508045ddd508f2055525823e9f464e7c3e38,2023-03-29T15:45:00Z,1968.7,1958.73,182aa2cdf6673e0547312114086b22bd4a75e3921c4963cd1f2aaf0a4454beb5
c2dc8f3b2d770231959f1497a1d7c55bcbe05cdd41e43571e4cce471df70d7e1,1962.53,2023-03-29T16:20:00Z,71306dc636e220012a30b0e23c5addff5c7b2e8e2efb21adbf8d682eaeafbe46,2023-03-29T16:20:00Z,1961.63,1969.23,2023-04-01T00:00:00Z,2023-03-29T16:00:00Z,0.0,SHORT,1.0,-50.0,CONTROL_V2_FILLED_STOP,2023-03-29T16:20:00Z,CONTROL_NEXT_M1_OPEN,1961.63,True,f9818252b02b6812c41eef2fe55e62389f58edd881287a791a2b8db610f27a2f,1.0881578947368526,0.025000000000007478,2023_03,-1.0,-1.0,STOP,2023-03-29T17:35:00Z,STOP,3c808a11c9f3a3dddd55781c0eb40139f34505286d62339d04a84c39e0972c29,2023-03-29T17:35:00Z,FIRST_RETEST_FILLED,2023-03-29T16:35:00Z,2023-03-29T16:25:00Z,1962.53,True,False,INITIAL_CONFIRMATION_STOP,77b2b107fa8f2fa1778602952706a1876bb69aaa04a737151e9652f892209c7c,25472a7a9da3a72ed58f70d3a297414c2695d5436535bb0c7e74d7bae07d5924,1969.23,3.982857142857142,0.19914285714285712,NOT_STRICTLY_CLOSER_THAN_CONTROL,H1_SOURCE_SWING_BUFFERED_ELSE_CONTROL,False,25472a7a9da3a72ed58f70d3a297414c2695d5436535bb0c7e74d7bae07d5924,2023-03-29T16:00:00Z,1969.23,1958.73,182aa2cdf6673e0547312114086b22bd4a75e3921c4963cd1f2aaf0a4454beb5
c2dc8f3b2d770231959f1497a1d7c55bcbe05cdd41e43571e4cce471df70d7e1,1962.53,2023-03-29T16:20:00Z,71306dc636e220012a30b0e23c5addff5c7b2e8e2efb21adbf8d682eaeafbe46,2023-03-29T16:20:00Z,1961.63,1969.23,2023-04-01T00:00:00Z,2023-03-29T16:00:00Z,0.0,SHORT,1.0,-50.0,CONTROL_V2_FILLED_STOP,2023-03-29T16:25:00Z,M5_BROKEN_CONTROL_FIRST_RETEST,1962.53,True,f1fd56c570f48fcb181d2161008cdfc69a9cc0eeba59b2388a1074ff89b022ba,1.10000000000001,0.14029850746269376,2023_03,-1.0,-1.0,STOP,2023-03-29T17:35:00Z,STOP,1f43030f17190eae95b7543f0b2197a6bb908e66ae8bbb044924d376788af0c4,2023-03-29T17:35:00Z,FIRST_RETEST_FILLED,2023-03-29T16:35:00Z,2023-03-29T16:25:00Z,1962.53,True,True,INITIAL_CONFIRMATION_STOP,6c6574d3fda91469d96371312920c775852672ac6b365b9c82e1adf119572ef5,25472a7a9da3a72ed58f70d3a297414c2695d5436535bb0c7e74d7bae07d5924,1969.23,,,,CONTROL_V2_FILLED_STOP,False,,2023-03-29T16:20:00Z,1969.23,1958.73,182aa2cdf6673e0547312114086b22bd4a75e3921c4963cd1f2aaf0a4454beb5
c2dc8f3b2d770231959f1497a1d7c55bcbe05cdd41e43571e4cce471df70d7e1,1962.53,2023-03-29T16:20:00Z,71306dc636e220012a30b0e23c5addff5c7b2e8e2efb21adbf8d682eaeafbe46,2023-03-29T16:20:00Z,1961.63,1969.23,2023-04-01T00:00:00Z,2023-03-29T16:00:00Z,0.0,SHORT,0.4765883458646658,-50.0,M5_LATEST_CONFIRMED_OPPOSING_SWING_ELSE_CONTROL,2023-03-29T16:25:00Z,M5_BROKEN_CONTROL_FIRST_RETEST,1962.53,True,2e026beadda7a56063833a99b1c864f402461ecc997c1c488c5f2a7f4cc75f64,1.146185940329047,0.34532525125298913,2023_03,-1.0,-1.0,STOP,2023-03-29T17:35:00Z,STOP,b5e4461436d99d63b23c8529d74bb2d3164243a937eb25b8b21e5f76988ed361,2023-03-29T16:39:00Z,FIRST_RETEST_FILLED,2023-03-29T16:35:00Z,2023-03-29T16:25:00Z,1962.53,True,True,INITIAL_CONFIRMATION_STOP,304335bc7e1b4432e9c066c5491e9d7d669d4241f3022601bff23d05f707329e,25472a7a9da3a72ed58f70d3a297414c2695d5436535bb0c7e74d7bae07d5924,1965.2520714285715,2.4414285714286086,0.12207142857143044,,M5_LATEST_CONFIRMED_OPPOSING_SWING_ELSE_CONTROL,True,88bacbe23fd442553c5e6cc1990b539896a8743995c6acdad5bb1e14e541342a,2023-03-29T16:10:00Z,1965.13,1958.73,182aa2cdf6673e0547312114086b22bd4a75e3921c4963cd1f2aaf0a4454beb5
c2dc8f3b2d770231959f1497a1d7c55bcbe05cdd41e43571e4cce471df70d7e1,1962.53,2023-03-29T16:20:00Z,71306dc636e220012a30b0e23c5addff5c7b2e8e2efb21adbf8d682eaeafbe46,2023-03-29T16:20:00Z,1961.63,1969.23,2023-04-01T00:00:00Z,2023-03-29T16:00:00Z,0.0,SHORT,0.9495112781955024,-50.0,M15_LATEST_CONFIRMED_OPPOSING_SWING_ELSE_CONTROL,2023-03-29T16:25:00Z,M5_BROKEN_CONTROL_FIRST_RETEST,1962.53,True,c7fd025442e8f7efc867017138ac3fd8cdbdd02128dfad1de53ccf03d3ea561d,1.1668249875604915,0.14882164020446514,2023_03,-1.0,-1.0,STOP,2023-03-29T17:35:00Z,STOP,66306288fefd4bce7a8abacbb8de08d28e1dcf702b69a522fe763939b3d7d06b,2023-03-29T17:35:00Z,FIRST_RETEST_FILLED,2023-03-29T16:35:00Z,2023-03-29T16:25:00Z,1962.53,True,True,INITIAL_CONFIRMATION_STOP,cfec8263a824717c3de60072b641a19fcb580220abed748a2461706cad62b1d1,25472a7a9da3a72ed58f70d3a297414c2695d5436535bb0c7e74d7bae07d5924,1968.8462857142858,2.9257142857143044,0.1462857142857152,,M15_LATEST_CONFIRMED_OPPOSING_SWING_ELSE_CONTROL,True,f47272a0f4674510bad7b18419b6508045ddd508f2055525823e9f464e7c3e38,2023-03-29T15:45:00Z,1968.7,1958.73,182aa2cdf6673e0547312114086b22bd4a75e3921c4963cd1f2aaf0a4454beb5
c2dc8f3b2d770231959f1497a1d7c55bcbe05cdd41e43571e4cce471df70d7e1,1962.53,2023-03-29T16:20:00Z,71306dc636e220012a30b0e23c5addff5c7b2e8e2efb21adbf8d682eaeafbe46,2023-03-29T16:20:00Z,1961.63,1969.23,2023-04-01T00:00:00Z,2023-03-29T16:00:00Z,0.0,SHORT,1.0,-50.0,CONTROL_V2_FILLED_STOP,2023-03-29T16:25:00Z,M5_BROKEN_CONTROL_FIRST_RETEST,1962.53,True,f9818252b02b6812c41eef2fe55e62389f58edd881287a791a2b8db610f27a2f,1.10000000000001,0.14029850746269376,2023_03,-1.0,-1.0,STOP,2023-03-29T17:35:00Z,STOP,b13007eec6d62f298af690533c5269bf7d5d68ea22b8be7862ee72629f9986c8,2023-03-29T17:35:00Z,FIRST_RETEST_FILLED,2023-03-29T16:35:00Z,2023-03-29T16:25:00Z,1962.53,True,True,INITIAL_CONFIRMATION_STOP,aa43f0e379b1c39d61d13cd3058e287bce9af35649fc65b61e8c6e392ecf7c85,25472a7a9da3a72ed58f70d3a297414c2695d5436535bb0c7e74d7bae07d5924,1969.23,3.982857142857142,0.19914285714285712,NOT_STRICTLY_CLOSER_THAN_CONTROL,H1_SOURCE_SWING_BUFFERED_ELSE_CONTROL,False,25472a7a9da3a72ed58f70d3a297414c2695d5436535bb0c7e74d7bae07d5924,2023-03-29T16:00:00Z,1969.23,1958.73,182aa2cdf6673e0547312114086b22bd4a75e3921c4963cd1f2aaf0a4454beb5
c2dc8f3b2d770231959f1497a1d7c55bcbe05cdd41e43571e4cce471df70d7e1,1962.53,2023-03-29T16:20:00Z,71306dc636e220012a30b0e23c5addff5c7b2e8e2efb21adbf8d682eaeafbe46,2023-03-29T16:20:00Z,1961.63,1969.23,2023-04-01T00:00:00Z,2023-03-29T16:00:00Z,0.0,SHORT,1.0,-50.0,CONTROL_V2_FILLED_STOP,2023-03-29T16:20:00Z,CONFIRMED_25_75_RETEST_SPLIT,1961.63,True,f1fd56c570f48fcb181d2161008cdfc69a9cc0eeba59b2388a1074ff89b022ba,1.0970394736842206,0.11147388059702218,2023_03,-1.0,-1.0,STOP,2023-03-29T17:35:00Z,SPLIT_STOP_STOP,f997524911a1a61bff7c994df3105127d2501da1e077e7affaf77577eb56cc4d,2023-03-29T17:35:00Z,FIRST_RETEST_FILLED,2023-03-29T16:35:00Z,2023-03-29T16:25:00Z,1962.53,True,True,INITIAL_CONFIRMATION_STOP,a09da87103f91baba209157c35da46bf48ac80e8bb0634041f193af08030b436,25472a7a9da3a72ed58f70d3a297414c2695d5436535bb0c7e74d7bae07d5924,1969.23,,,,CONTROL_V2_FILLED_STOP,False,,2023-03-29T16:20:00Z,1969.23,1958.73,182aa2cdf6673e0547312114086b22bd4a75e3921c4963cd1f2aaf0a4454beb5
c2dc8f3b2d770231959f1497a1d7c55bcbe05cdd41e43571e4cce471df70d7e1,1962.53,2023-03-29T16:20:00Z,71306dc636e220012a30b0e23c5addff5c7b2e8e2efb21adbf8d682eaeafbe46,2023-03-29T16:20:00Z,1961.63,1969.23,2023-04-01T00:00:00Z,2023-03-29T16:00:00Z,0.0,SHORT,0.4765883458646658,-50.0,M5_LATEST_CONFIRMED_OPPOSING_SWING_ELSE_CONTROL,2023-03-29T16:20:00Z,CONFIRMED_25_75_RETEST_SPLIT,1961.63,True,2e026beadda7a56063833a99b1c864f402461ecc997c1c488c5f2a7f4cc75f64,1.1371049939085611,0.2721079813118196,2023_03,-1.0,-1.0,STOP,2023-03-29T17:35:00Z,SPLIT_STOP_STOP,9adda9f945bbc138dbcef1ca14f6697963b0558699221ac9ae0657b933100f3f,2023-03-29T16:39:00Z,FIRST_RETEST_FILLED,2023-03-29T16:35:00Z,2023-03-29T16:25:00Z,1962.53,True,True,INITIAL_CONFIRMATION_STOP,ad2892c023a70dabefe01aeb5791490910589382a69d5c00a366f56e83b6be51,25472a7a9da3a72ed58f70d3a297414c2695d5436535bb0c7e74d7bae07d5924,1965.2520714285715,2.4414285714286086,0.12207142857143044,,M5_LATEST_CONFIRMED_OPPOSING_SWING_ELSE_CONTROL,True,88bacbe23fd442553c5e6cc1990b539896a8743995c6acdad5bb1e14e541342a,2023-03-29T16:10:00Z,1965.13,1958.73,182aa2cdf6673e0547312114086b22bd4a75e3921c4963cd1f2aaf0a4454beb5
c2dc8f3b2d770231959f1497a1d7c55bcbe05cdd41e43571e4cce471df70d7e1,1962.53,2023-03-29T16:20:00Z,71306dc636e220012a30b0e23c5addff5c7b2e8e2efb21adbf8d682eaeafbe46,2023-03-29T16:20:00Z,1961.63,1969.23,2023-04-01T00:00:00Z,2023-03-29T16:00:00Z,0.0,SHORT,0.9495112781955024,-50.0,M15_LATEST_CONFIRMED_OPPOSING_SWING_ELSE_CONTROL,2023-03-29T16:20:00Z,CONFIRMED_25_75_RETEST_SPLIT,1961.63,True,c7fd025442e8f7efc867017138ac3fd8cdbdd02128dfad1de53ccf03d3ea561d,1.16162347203197,0.11819856376383496,2023_03,-1.0,-1.0,STOP,2023-03-29T17:35:00Z,SPLIT_STOP_STOP,738a0eb7689d1429548c6f6bdbaeaa0df385a4bab9a80dfcdbf38af61c9589f9,2023-03-29T17:35:00Z,FIRST_RETEST_FILLED,2023-03-29T16:35:00Z,2023-03-29T16:25:00Z,1962.53,True,True,INITIAL_CONFIRMATION_STOP,d1b781bc8da550116a5b8dbe4422f99a96be8b1431e05ffb631d7497c8d090ed,25472a7a9da3a72ed58f70d3a297414c2695d5436535bb0c7e74d7bae07d5924,1968.8462857142858,2.9257142857143044,0.1462857142857152,,M15_LATEST_CONFIRMED_OPPOSING_SWING_ELSE_CONTROL,True,f47272a0f4674510bad7b18419b6508045ddd508f2055525823e9f464e7c3e38,2023-03-29T15:45:00Z,1968.7,1958.73,182aa2cdf6673e0547312114086b22bd4a75e3921c4963cd1f2aaf0a4454beb5
c2dc8f3b2d770231959f1497a1d7c55bcbe05cdd41e43571e4cce471df70d7e1,1962.53,2023-03-29T16:20:00Z,71306dc636e220012a30b0e23c5addff5c7b2e8e2efb21adbf8d682eaeafbe46,2023-03-29T16:20:00Z,1961.63,1969.23,2023-04-01T00:00:00Z,2023-03-29T16:00:00Z,0.0,SHORT,1.0,-50.0,CONTROL_V2_FILLED_STOP,2023-03-29T16:20:00Z,CONFIRMED_25_75_RETEST_SPLIT,1961.63,True,f9818252b02b6812c41eef2fe55e62389f58edd881287a791a2b8db610f27a2f,1.0970394736842206,0.11147388059702218,2023_03,-1.0,-1.0,STOP,2023-03-29T17:35:00Z,SPLIT_STOP_STOP,d1ad8089c769d81bc3120e9cbface3ff3e3e8480e4326f6d71525d8afc1e9692,2023-03-29T17:35:00Z,FIRST_RETEST_FILLED,2023-03-29T16:35:00Z,2023-03-29T16:25:00Z,1962.53,True,True,INITIAL_CONFIRMATION_STOP,1aac85eef8433abebff2e38b257e7e6d6a87a7b93a96de98513eeeb109ed86af,25472a7a9da3a72ed58f70d3a297414c2695d5436535bb0c7e74d7bae07d5924,1969.23,3.982857142857142,0.19914285714285712,NOT_STRICTLY_CLOSER_THAN_CONTROL,H1_SOURCE_SWING_BUFFERED_ELSE_CONTROL,False,25472a7a9da3a72ed58f70d3a297414c2695d5436535bb0c7e74d7bae07d5924,2023-03-29T16:00:00Z,1969.23,1958.73,182aa2cdf6673e0547312114086b22bd4a75e3921c4963cd1f2aaf0a4454beb5
f274097f458f2974c009eb5238f5f88591336568c6704f0d6e08871506dba63f,1961.63,2023-03-30T03:10:00Z,f3581ed9052ab76fec489c646e493f67b4ae819a5720ed022093951714021073,2023-03-30T03:10:00Z,1961.46,1971.73,2023-04-01T00:00:00Z,2023-03-29T20:00:00Z,0.0,SHORT,1.0,13.29113924050644,CONTROL_V2_FILLED_STOP,2023-03-30T03:10:00Z,CONTROL_NEXT_M1_OPEN,1961.46,True,7180ba67861120770895f61e04f4f3c62fbeef767c4dc4121d750e876f62b501,0.12463485881207156,0.4118792599805283,2023_03,0.26582278481012883,0.26582278481012883,TARGET,2023-03-30T04:09:00Z,TARGET,40d4b08e0dd5b2449dcb1b6df3ebb3793df583c03ed32a5ca02b1f6d0123a76a,2023-03-30T04:09:00Z,FIRST_RETEST_FILLED,2023-03-30T03:25:00Z,2023-03-30T03:11:00Z,1961.63,True,False,INITIAL_CONFIRMATION_TARGET,b569824d6d9c9978df529e52a6f6e315e6ba2e768db78738703546c098b0bd92,e411f13c642ce0c98e70aa38f676ec1203813b38232c4665f1b6d719f9dd6622,1971.73,,,,CONTROL_V2_FILLED_STOP,False,,2023-03-30T03:10:00Z,1971.73,1958.73,fc2c715c26822c18e69c0e8ebf58fa20edb17d414bd7886e6d8c68a1d16a5b45
f274097f458f2974c009eb5238f5f88591336568c6704f0d6e08871506dba63f,1961.63,2023-03-30T03:10:00Z,f3581ed9052ab76fec489c646e493f67b4ae819a5720ed022093951714021073,2023-03-30T03:10:00Z,1961.46,1971.73,2023-04-01T00:00:00Z,2023-03-29T20:00:00Z,0.7729053032453568,SHORT,0.2559118097092695,51.936404402774286,M5_LATEST_CONFIRMED_OPPOSING_SWING_ELSE_CONTROL,2023-03-30T03:10:00Z,CONTROL_NEXT_M1_OPEN,1961.46,True,d2e5a7262379f5a8bf0c832be7727d3bb799944b1fe7849a2757ef621e683c97,0.4870226933007269,1.6094578067672871,2023_03,1.0387280880554857,0.26582278481012883,TARGET,2023-03-30T04:09:00Z,TARGET,f970a26907d15b79cba6bf8f40bb5818d08166c9dee1b6a971b4049ce2613ec4,2023-03-30T04:09:00Z,FIRST_RETEST_FILLED,2023-03-30T03:25:00Z,2023-03-30T03:11:00Z,1961.63,True,False,INITIAL_CONFIRMATION_TARGET,c0876c935fc38277518331c4dfa5e74116e1a41ec763cf24db5fbdc5c340e7eb,e411f13c642ce0c98e70aa38f676ec1203813b38232c4665f1b6d719f9dd6622,1964.0882142857142,0.5642857142857208,0.028214285714286042,,M5_LATEST_CONFIRMED_OPPOSING_SWING_ELSE_CONTROL,True,542e18ff4705e69ec5369cce481a22f2beabecf90ef556eb971dadec0c633d78,2023-03-30T02:45:00Z,1964.06,1958.73,fc2c715c26822c18e69c0e8ebf58fa20edb17d414bd7886e6d8c68a1d16a5b45
f274097f458f2974c009eb5238f5f88591336568c6704f0d6e08871506dba63f,1961.63,2023-03-30T03:10:00Z,f3581ed9052ab76fec489c646e493f67b4ae819a5720ed022093951714021073,2023-03-30T03:10:00Z,1961.46,1971.73,2023-04-01T00:00:00Z,2023-03-29T20:00:00Z,0.4973942288187673,SHORT,0.348292530254549,38.160850681444806,M15_LATEST_CONFIRMED_OPPOSING_SWING_ELSE_CONTROL,2023-03-30T03:10:00Z,CONTROL_NEXT_M1_OPEN,1961.46,True,130c823322c0c9846897fbb280a35b28497e875a253d2f0aab74319d68fba073,0.35784533972342847,1.1825670211172978,2023_03,0.7632170136288962,0.26582278481012883,TARGET,2023-03-30T04:09:00Z,TARGET,56c64df2371c5bf0e4da22a6ab67c4cc864cf96d636cc85c47b158572cca7e10,2023-03-30T04:09:00Z,FIRST_RETEST_FILLED,2023-03-30T03:25:00Z,2023-03-30T03:11:00Z,1961.63,True,False,INITIAL_CONFIRMATION_TARGET,77a2fc65733fd71847dcd7df980e35229a0c552b8ce5cf218d9582a176387682,e411f13c642ce0c98e70aa38f676ec1203813b38232c4665f1b6d719f9dd6622,1965.0369642857142,1.339285714285763,0.06696428571428815,,M15_LATEST_CONFIRMED_OPPOSING_SWING_ELSE_CONTROL,True,ae6e4131e3805f7e7bf0636c08189e79c11c5cfaaef3ba850875206292976d58,2023-03-30T02:15:00Z,1964.97,1958.73,fc2c715c26822c18e69c0e8ebf58fa20edb17d414bd7886e6d8c68a1d16a5b45
f274097f458f2974c009eb5238f5f88591336568c6704f0d6e08871506dba63f,1961.63,2023-03-30T03:10:00Z,f3581ed9052ab76fec489c646e493f67b4ae819a5720ed022093951714021073,2023-03-30T03:10:00Z,1961.46,1971.73,2023-04-01T00:00:00Z,2023-03-29T20:00:00Z,0.0,SHORT,1.0,13.29113924050644,CONTROL_V2_FILLED_STOP,2023-03-30T03:10:00Z,CONTROL_NEXT_M1_OPEN,1961.46,True,de792d8e7f023e0cfb96a2c879e721617cb79cb0339aa07b99a70070c19066d3,0.12463485881207156,0.4118792599805283,2023_03,0.26582278481012883,0.26582278481012883,TARGET,2023-03-30T04:09:00Z,TARGET,464bfc6c025441eebc4e663d8091dc1e749f77f451a7964674760e42757b9fca,2023-03-30T04:09:00Z,FIRST_RETEST_FILLED,2023-03-30T03:25:00Z,2023-03-30T03:11:00Z,1961.63,True,False,INITIAL_CONFIRMATION_TARGET,0780cf125b240437286a49969dea9421802d6cabe0d0d5e5a37f379425ae595c,e411f13c642ce0c98e70aa38f676ec1203813b38232c4665f1b6d719f9dd6622,1971.73,5.144285714285762,0.2572142857142881,NOT_STRICTLY_CLOSER_THAN_CONTROL,H1_SOURCE_SWING_BUFFERED_ELSE_CONTROL,False,e411f13c642ce0c98e70aa38f676ec1203813b38232c4665f1b6d719f9dd6622,2023-03-29T20:00:00Z,1971.73,1958.73,fc2c715c26822c18e69c0e8ebf58fa20edb17d414bd7886e6d8c68a1d16a5b45
f274097f458f2974c009eb5238f5f88591336568c6704f0d6e08871506dba63f,1961.63,2023-03-30T03:10:00Z,f3581ed9052ab76fec489c646e493f67b4ae819a5720ed022093951714021073,2023-03-30T03:10:00Z,1961.46,1971.73,2023-04-01T00:00:00Z,2023-03-29T20:00:00Z,0.021305928061169876,SHORT,1.0,14.356435643564936,CONTROL_V2_FILLED_STOP,2023-03-30T03:11:00Z,M5_BROKEN_CONTROL_FIRST_RETEST,1961.63,True,7180ba67861120770895f61e04f4f3c62fbeef767c4dc4121d750e876f62b501,0.10990099009900099,0.4356435643564486,2023_03,0.2871287128712987,0.26582278481012883,TARGET,2023-03-30T04:09:00Z,TARGET,24593a0bf0efe6942c59e88f62f95993b20820e56e9de5f8fbe4cb94017794fa,2023-03-30T04:09:00Z,FIRST_RETEST_FILLED,2023-03-30T03:25:00Z,2023-03-30T03:11:00Z,1961.63,True,True,INITIAL_CONFIRMATION_TARGET,4ad3f04e95ed9278bf6c276992fcc0afaf39407a2538a330743e451c6810e0e5,e411f13c642ce0c98e70aa38f676ec1203813b38232c4665f1b6d719f9dd6622,1971.73,,,,CONTROL_V2_FILLED_STOP,False,,2023-03-30T03:10:00Z,1971.73,1958.73,fc2c715c26822c18e69c0e8ebf58fa20edb17d414bd7886e6d8c68a1d16a5b45
f274097f458f2974c009eb5238f5f88591336568c6704f0d6e08871506dba63f,1961.63,2023-03-30T03:10:00Z,f3581ed9052ab76fec489c646e493f67b4ae819a5720ed022093951714021073,2023-03-30T03:10:00Z,1961.46,1971.73,2023-04-01T00:00:00Z,2023-03-29T20:00:00Z,0.9138953613471863,SHORT,0.2559118097092695,58.98590730786576,M5_LATEST_CONFIRMED_OPPOSING_SWING_ELSE_CONTROL,2023-03-30T03:11:00Z,M5_BROKEN_CONTROL_FIRST_RETEST,1961.63,True,d2e5a7262379f5a8bf0c832be7727d3bb799944b1fe7849a2757ef621e683c97,0.4515472904256761,1.7899171872731485,2023_03,1.1797181461573152,0.26582278481012883,TARGET,2023-03-30T04:09:00Z,TARGET,ed91d9f33b4fd8e6bd839d827d332129649bdd067416ca06b89deed012e0bb1a,2023-03-30T04:09:00Z,FIRST_RETEST_FILLED,2023-03-30T03:25:00Z,2023-03-30T03:11:00Z,1961.63,True,True,INITIAL_CONFIRMATION_TARGET,1752d1bad62c25ff30023f5987eb5325e5b4bb28b9dae99c9fa9a238862cc8ac,e411f13c642ce0c98e70aa38f676ec1203813b38232c4665f1b6d719f9dd6622,1964.0882142857142,0.5642857142857208,0.028214285714286042,,M5_LATEST_CONFIRMED_OPPOSING_SWING_ELSE_CONTROL,True,542e18ff4705e69ec5369cce481a22f2beabecf90ef556eb971dadec0c633d78,2023-03-30T02:45:00Z,1964.06,1958.73,fc2c715c26822c18e69c0e8ebf58fa20edb17d414bd7886e6d8c68a1d16a5b45
f274097f458f2974c009eb5238f5f88591336568c6704f0d6e08871506dba63f,1961.63,2023-03-30T03:10:00Z,f3581ed9052ab76fec489c646e493f67b4ae819a5720ed022093951714021073,2023-03-30T03:10:00Z,1961.46,1971.73,2023-04-01T00:00:00Z,2023-03-29T20:00:00Z,0.5853748670584811,SHORT,0.348292530254549,42.5598825934305,M15_LATEST_CONFIRMED_OPPOSING_SWING_ELSE_CONTROL,2023-03-30T03:11:00Z,M5_BROKEN_CONTROL_FIRST_RETEST,1961.63,True,130c823322c0c9846897fbb280a35b28497e875a253d2f0aab74319d68fba073,0.3258032391634628,1.2914722993868426,2023_03,0.85119765186861,0.26582278481012883,TARGET,2023-03-30T04:09:00Z,TARGET,38c77f0cdda2646aade224d1cf5fdcb4819d0a832061cfb1f2fb34fbfbdf71e7,2023-03-30T04:09:00Z,FIRST_RETEST_FILLED,2023-03-30T03:25:00Z,2023-03-30T03:11:00Z,1961.63,True,True,INITIAL_CONFIRMATION_TARGET,fce3ca75de464e567c62fb9f895ef6785cdd0baf841b034071fa1b4afad1e3e2,e411f13c642ce0c98e70aa38f676ec1203813b38232c4665f1b6d719f9dd6622,1965.0369642857142,1.339285714285763,0.06696428571428815,,M15_LATEST_CONFIRMED_OPPOSING_SWING_ELSE_CONTROL,True,ae6e4131e3805f7e7bf0636c08189e79c11c5cfaaef3ba850875206292976d58,2023-03-30T02:15:00Z,1964.97,1958.73,fc2c715c26822c18e69c0e8ebf58fa20edb17d414bd7886e6d8c68a1d16a5b45
f274097f458f2974c009eb5238f5f88591336568c6704f0d6e08871506dba63f,1961.63,2023-03-30T03:10:00Z,f3581ed9052ab76fec489c646e493f67b4ae819a5720ed022093951714021073,2023-03-30T03:10:00Z,1961.46,1971.73,2023-04-01T00:00:00Z,2023-03-29T20:00:00Z,0.021305928061169876,SHORT,1.0,14.356435643564936,CONTROL_V2_FILLED_STOP,2023-03-30T03:11:00Z,M5_BROKEN_CONTROL_FIRST_RETEST,1961.63,True,de792d8e7f023e0cfb96a2c879e721617cb79cb0339aa07b99a70070c19066d3,0.10990099009900099,0.4356435643564486,2023_03,0.2871287128712987,0.26582278481012883,TARGET,2023-03-30T04:09:00Z,TARGET,8b2573e56ad1b35deb79e427e1032f979748d58b1dd381ccf64e0aee7809817d,2023-03-30T04:09:00Z,FIRST_RETEST_FILLED,2023-03-30T03:25:00Z,2023-03-30T03:11:00Z,1961.63,True,True,INITIAL_CONFIRMATION_TARGET,73de05d0ad3a43eb54aaddf5e32920c299ddacd5b51f3b920dc65ae5c964064f,e411f13c642ce0c98e70aa38f676ec1203813b38232c4665f1b6d719f9dd6622,1971.73,5.144285714285762,0.2572142857142881,NOT_STRICTLY_CLOSER_THAN_CONTROL,H1_SOURCE_SWING_BUFFERED_ELSE_CONTROL,False,e411f13c642ce0c98e70aa38f676ec1203813b38232c4665f1b6d719f9dd6622,2023-03-29T20:00:00Z,1971.73,1958.73,fc2c715c26822c18e69c0e8ebf58fa20edb17d414bd7886e6d8c68a1d16a5b45
f274097f458f2974c009eb5238f5f88591336568c6704f0d6e08871506dba63f,1961.63,2023-03-30T03:10:00Z,f3581ed9052ab76fec489c646e493f67b4ae819a5720ed022093951714021073,2023-03-30T03:10:00Z,1961.46,1971.73,2023-04-01T00:00:00Z,2023-03-29T20:00:00Z,0.01597944604587742,SHORT,1.0,14.090111542800313,CONTROL_V2_FILLED_STOP,2023-03-30T03:10:00Z,CONFIRMED_25_75_RETEST_SPLIT,1961.46,True,7180ba67861120770895f61e04f4f3c62fbeef767c4dc4121d750e876f62b501,0.11358445727726862,0.42970248826246854,2023_03,0.28180223085600625,0.26582278481012883,TARGET,2023-03-30T04:09:00Z,SPLIT_TARGET_TARGET,bd3cc20088b19faf5a23714e9522be70049a00939a36d866423d735df12a595f,2023-03-30T04:09:00Z,FIRST_RETEST_FILLED,2023-03-30T03:25:00Z,2023-03-30T03:11:00Z,1961.63,True,True,INITIAL_CONFIRMATION_TARGET,60bcd9fedfe3b77d6d091ab958a94ce70d07e2f72710277e49e959125d1a8b1c,e411f13c642ce0c98e70aa38f676ec1203813b38232c4665f1b6d719f9dd6622,1971.73,,,,CONTROL_V2_FILLED_STOP,False,,2023-03-30T03:10:00Z,1971.73,1958.73,fc2c715c26822c18e69c0e8ebf58fa20edb17d414bd7886e6d8c68a1d16a5b45
f274097f458f2974c009eb5238f5f88591336568c6704f0d6e08871506dba63f,1961.63,2023-03-30T03:10:00Z,f3581ed9052ab76fec489c646e493f67b4ae819a5720ed022093951714021073,2023-03-30T03:10:00Z,1961.46,1971.73,2023-04-01T00:00:00Z,2023-03-29T20:00:00Z,0.8786478468217289,SHORT,0.2559118097092695,57.22353158159289,M5_LATEST_CONFIRMED_OPPOSING_SWING_ELSE_CONTROL,2023-03-30T03:10:00Z,CONFIRMED_25_75_RETEST_SPLIT,1961.46,True,d2e5a7262379f5a8bf0c832be7727d3bb799944b1fe7849a2757ef621e683c97,0.4604161411444388,1.744802342146683,2023_03,1.1444706316318578,0.26582278481012883,TARGET,2023-03-30T04:09:00Z,SPLIT_TARGET_TARGET,cff037b101d33411724c26671d6f546ec253e5aa80744b14e8dc919d80468fa7,2023-03-30T04:09:00Z,FIRST_RETEST_FILLED,2023-03-30T03:25:00Z,2023-03-30T03:11:00Z,1961.63,True,True,INITIAL_CONFIRMATION_TARGET,f58e560a0e41bd507ee629016ee7536ef256ef5ca9a92dd5c86c55d1b8c00905,e411f13c642ce0c98e70aa38f676ec1203813b38232c4665f1b6d719f9dd6622,1964.0882142857142,0.5642857142857208,0.028214285714286042,,M5_LATEST_CONFIRMED_OPPOSING_SWING_ELSE_CONTROL,True,542e18ff4705e69ec5369cce481a22f2beabecf90ef556eb971dadec0c633d78,2023-03-30T02:45:00Z,1964.06,1958.73,fc2c715c26822c18e69c0e8ebf58fa20edb17d414bd7886e6d8c68a1d16a5b45
f274097f458f2974c009eb5238f5f88591336568c6704f0d6e08871506dba63f,1961.63,2023-03-30T03:10:00Z,f3581ed9052ab76fec489c646e493f67b4ae819a5720ed022093951714021073,2023-03-30T03:10:00Z,1961.46,1971.73,2023-04-01T00:00:00Z,2023-03-29T20:00:00Z,0.5633797074985527,SHORT,0.348292530254549,41.46012461543408,M15_LATEST_CONFIRMED_OPPOSING_SWING_ELSE_CONTROL,2023-03-30T03:10:00Z,CONFIRMED_25_75_RETEST_SPLIT,1961.46,True,130c823322c0c9846897fbb280a35b28497e875a253d2f0aab74319d68fba073,0.3338137643034542,1.2642459798194565,2023_03,0.8292024923086816,0.26582278481012883,TARGET,2023-03-30T04:09:00Z,SPLIT_TARGET_TARGET,28e668d094705372a084f3088695cec89650948084df111ed3961ce78aec73ba,2023-03-30T04:09:00Z,FIRST_RETEST_FILLED,2023-03-30T03:25:00Z,2023-03-30T03:11:00Z,1961.63,True,True,INITIAL_CONFIRMATION_TARGET,ef0f796a03266135efc569bef609d7f75b8b6b5284ad216b57c595bcdd0f4447,e411f13c642ce0c98e70aa38f676ec1203813b38232c4665f1b6d719f9dd6622,1965.0369642857142,1.339285714285763,0.06696428571428815,,M15_LATEST_CONFIRMED_OPPOSING_SWING_ELSE_CONTROL,True,ae6e4131e3805f7e7bf0636c08189e79c11c5cfaaef3ba850875206292976d58,2023-03-30T02:15:00Z,1964.97,1958.73,fc2c715c26822c18e69c0e8ebf58fa20edb17d414bd7886e6d8c68a1d16a5b45
f274097f458f2974c009eb5238f5f88591336568c6704f0d6e08871506dba63f,1961.63,2023-03-30T03:10:00Z,f3581ed9052ab76fec489c646e493f67b4ae819a5720ed022093951714021073,2023-03-30T03:10:00Z,1961.46,1971.73,2023-04-01T00:00:00Z,2023-03-29T20:00:00Z,0.01597944604587742,SHORT,1.0,14.090111542800313,CONTROL_V2_FILLED_STOP,2023-03-30T03:10:00Z,CONFIRMED_25_75_RETEST_SPLIT,1961.46,True,de792d8e7f023e0cfb96a2c879e721617cb79cb0339aa07b99a70070c19066d3,0.11358445727726862,0.42970248826246854,2023_03,0.28180223085600625,0.26582278481012883,TARGET,2023-03-30T04:09:00Z,SPLIT_TARGET_TARGET,3e39a3ad32a68d5253e5b3d6e80eeb956fac2c226c87805a5f37a786171d82bd,2023-03-30T04:09:00Z,FIRST_RETEST_FILLED,2023-03-30T03:25:00Z,2023-03-30T03:11:00Z,1961.63,True,True,INITIAL_CONFIRMATION_TARGET,f9cccb251f0215f8a5dcb37b1ae59375f948c25efa4754894b3eab3d0dd397c7,e411f13c642ce0c98e70aa38f676ec1203813b38232c4665f1b6d719f9dd6622,1971.73,5.144285714285762,0.2572142857142881,NOT_STRICTLY_CLOSER_THAN_CONTROL,H1_SOURCE_SWING_BUFFERED_ELSE_CONTROL,False,e411f13c642ce0c98e70aa38f676ec1203813b38232c4665f1b6d719f9dd6622,2023-03-29T20:00:00Z,1971.73,1958.73,fc2c715c26822c18e69c0e8ebf58fa20edb17d414bd7886e6d8c68a1d16a5b45
d2521707cfd39f591450203e57d01a227484ce24520c449724c3a34508f4d25f,1960.88,2023-03-30T07:40:00Z,27ef6f51729b2c9a86c4d95480c30c9b5bbc129d8adb0f150af3b5760fe359b3,2023-03-30T07:40:00Z,1961.02,1955.36,2023-04-01T00:00:00Z,2023-03-30T07:00:00Z,0.0,LONG,1.0,94.61130742049365,CONTROL_V2_FILLED_STOP,2023-03-30T07:40:00Z,CONTROL_NEXT_M1_OPEN,1961.02,True,a3f088479c854d16c18fe2d3c9657c136b79695de67fc59b8c8d648395ca9c6c,0.13074204946996437,2.3604240282685396,2023_03,1.892226148409873,1.892226148409873,TARGET,2023-03-30T15:26:00Z,TARGET,ec2a1f2f8024d16efcf911416236e38cc8c89f673fd26b3d338a52035b1badda,2023-03-30T15:26:00Z,FIRST_RETEST_FILLED,2023-03-30T07:55:00Z,2023-03-30T07:40:00Z,1960.88,True,False,INITIAL_CONFIRMATION_TARGET,62255a698a53b7772ef3deca706d212c9aa1bf8f22d50406d6b6b56be51ad5c7,abd0288093c1b5ac8497626b7df198c9ef235d9eb36388b75b9290941b5a3293,1955.36,,,,CONTROL_V2_FILLED_STOP,False,,2023-03-30T07:40:00Z,1955.36,1971.73,a130af20cd3d14148cdfe2357c6790fb2a71281dbc4da082f1c339d75e843b3d
d2521707cfd39f591450203e57d01a227484ce24520c449724c3a34508f4d25f,1960.88,2023-03-30T07:40:00Z,27ef6f51729b2c9a86c4d95480c30c9b5bbc129d8adb0f150af3b5760fe359b3,2023-03-30T07:40:00Z,1961.02,1955.36,2023-04-01T00:00:00Z,2023-03-30T07:00:00Z,3.1908303299955305,LONG,0.3722614840989294,254.15282392027018,M5_LATEST_CONFIRMED_OPPOSING_SWING_ELSE_CONTROL,2023-03-30T07:40:00Z,CONTROL_NEXT_M1_OPEN,1961.02,True,a2e40df8ec32ee7aec8a294c9bfa2172941c5e73cafa31fe4df8ad638eba7c7a,0.35121025154248664,6.340768865685957,2023_03,5.083056478405403,1.892226148409873,TARGET,2023-03-30T15:26:00Z,TARGET,bc3f7ffaf5e9d7c6bcaad05473c8aa565f774860ec9545a6f8b49fa83ae72fc2,2023-03-30T15:26:00Z,FIRST_RETEST_FILLED,2023-03-30T07:55:00Z,2023-03-30T07:40:00Z,1960.88,True,False,INITIAL_CONFIRMATION_TARGET,8ce9d07c0b6c17b06e4d16ee53b4d81c1a4790fe0fd28ebb5537bb697db10fd9,abd0288093c1b5ac8497626b7df198c9ef235d9eb36388b75b9290941b5a3293,1958.913,0.7399999999999766,0.03699999999999883,,M5_LATEST_CONFIRMED_OPPOSING_SWING_ELSE_CONTROL,True,a234bb5c21937b0225d6ac042e355a5a43053d3a3fcc9ffca6881fc6c05e1f43,2023-03-30T07:15:00Z,1958.95,1971.73,a130af20cd3d14148cdfe2357c6790fb2a71281dbc4da082f1c339d75e843b3d
d2521707cfd39f591450203e57d01a227484ce24520c449724c3a34508f4d25f,1960.88,2023-03-30T07:40:00Z,27ef6f51729b2c9a86c4d95480c30c9b5bbc129d8adb0f150af3b5760fe359b3,2023-03-30T07:40:00Z,1961.02,1955.36,2023-04-01T00:00:00Z,2023-03-30T07:00:00Z,1.1729972424707265,LONG,0.6173207975769299,153.26116954402997,M15_LATEST_CONFIRMED_OPPOSING_SWING_ELSE_CONTROL,2023-03-30T07:40:00Z,CONTROL_NEXT_M1_OPEN,1961.02,True,951c461e6adf9a0304c8d685dcac799ace1ca48c3ae852e39808f465864c67b2,0.21178947798801714,3.8236586836755424,2023_03,3.0652233908805995,1.892226148409873,TARGET,2023-03-30T15:26:00Z,TARGET,4974dc1270fa3f55220c3d22fce4dd8ef2b5403afee18a3f9d0cf4849f9e145a,2023-03-30T15:26:00Z,FIRST_RETEST_FILLED,2023-03-30T07:55:00Z,2023-03-30T07:40:00Z,1960.88,True,False,INITIAL_CONFIRMATION_TARGET,1e9080544001c840ce1763e53fc9e77d39a1f56fca18582c2bb8a70b86ba23a2,abd0288093c1b5ac8497626b7df198c9ef235d9eb36388b75b9290941b5a3293,1957.5259642857145,2.080714285714261,0.10403571428571307,,M15_LATEST_CONFIRMED_OPPOSING_SWING_ELSE_CONTROL,True,7ea680ba4e63bb6b9421855f2055e793ead7ba4afa56a585a59595c4c51597f4,2023-03-30T06:45:00Z,1957.63,1971.73,a130af20cd3d14148cdfe2357c6790fb2a71281dbc4da082f1c339d75e843b3d
d2521707cfd39f591450203e57d01a227484ce24520c449724c3a34508f4d25f,1960.88,2023-03-30T07:40:00Z,27ef6f51729b2c9a86c4d95480c30c9b5bbc129d8adb0f150af3b5760fe359b3,2023-03-30T07:40:00Z,1961.02,1955.36,2023-04-01T00:00:00Z,2023-03-30T07:00:00Z,0.0,LONG,1.0,94.61130742049365,CONTROL_V2_FILLED_STOP,2023-03-30T07:40:00Z,CONTROL_NEXT_M1_OPEN,1961.02,True,095f1fcbd05d145216279005f1ec5c842888df6d43a8da1da445c7af7971bcf2,0.13074204946996437,2.3604240282685396,2023_03,1.892226148409873,1.892226148409873,TARGET,2023-03-30T15:26:00Z,TARGET,9eefc47613919b6d9f31d290b92e489321357ff29f832a978c66b8825f5cbe02,2023-03-30T15:26:00Z,FIRST_RETEST_FILLED,2023-03-30T07:55:00Z,2023-03-30T07:40:00Z,1960.88,True,False,INITIAL_CONFIRMATION_TARGET,2d4d0659fda627c85d8972e5f86deb5820c9f41c392dc2801e4363e90346f88b,abd0288093c1b5ac8497626b7df198c9ef235d9eb36388b75b9290941b5a3293,1955.36,5.001428571428619,0.25007142857143094,NOT_STRICTLY_CLOSER_THAN_CONTROL,H1_SOURCE_SWING_BUFFERED_ELSE_CONTROL,False,abd0288093c1b5ac8497626b7df198c9ef235d9eb36388b75b9290941b5a3293,2023-03-30T07:00:00Z,1955.36,1971.73,a130af20cd3d14148cdfe2357c6790fb2a71281dbc4da082f1c339d75e843b3d
d2521707cfd39f591450203e57d01a227484ce24520c449724c3a34508f4d25f,1960.88,2023-03-30T07:40:00Z,27ef6f51729b2c9a86c4d95480c30c9b5bbc129d8adb0f150af3b5760fe359b3,2023-03-30T07:40:00Z,1961.02,1955.36,2023-04-01T00:00:00Z,2023-03-30T07:00:00Z,0.07335356173496366,LONG,1.0,98.27898550724183,CONTROL_V2_FILLED_STOP,2023-03-30T07:40:00Z,M5_BROKEN_CONTROL_FIRST_RETEST,1960.88,True,a3f088479c854d16c18fe2d3c9657c136b79695de67fc59b8c8d648395ca9c6c,0.10869565217393364,2.4456521739129506,2023_03,1.9655797101448367,1.892226148409873,TARGET,2023-03-30T15:26:00Z,TARGET,3eda5bd3027376d8bcebd04eecbde465b4b62a106f89cfd4cd01c1866c92a7c4,2023-03-30T15:26:00Z,FIRST_RETEST_FILLED,2023-03-30T07:55:00Z,2023-03-30T07:40:00Z,1960.88,True,True,INITIAL_CONFIRMATION_TARGET,10aa02e6c479f512fc67def656377c933bfb68f21cab38106b3dc2e64265ac9f,abd0288093c1b5ac8497626b7df198c9ef235d9eb36388b75b9290941b5a3293,1955.36,,,,CONTROL_V2_FILLED_STOP,False,,2023-03-30T07:40:00Z,1955.36,1971.73,a130af20cd3d14148cdfe2357c6790fb2a71281dbc4da082f1c339d75e843b3d
d2521707cfd39f591450203e57d01a227484ce24520c449724c3a34508f4d25f,1960.88,2023-03-30T07:40:00Z,27ef6f51729b2c9a86c4d95480c30c9b5bbc129d8adb0f150af3b5760fe359b3,2023-03-30T07:40:00Z,1961.02,1955.36,2023-04-01T00:00:00Z,2023-03-30T07:00:00Z,3.6237880864652503,LONG,0.3722614840989294,275.80071174375615,M5_LATEST_CONFIRMED_OPPOSING_SWING_ELSE_CONTROL,2023-03-30T07:40:00Z,M5_BROKEN_CONTROL_FIRST_RETEST,1960.88,True,a2e40df8ec32ee7aec8a294c9bfa2172941c5e73cafa31fe4df8ad638eba7c7a,0.3050330452466225,6.863243518047446,2023_03,5.516014234875123,1.892226148409873,TARGET,2023-03-30T15:26:00Z,TARGET,85dfcc85c61815cdb71279c7af2834b95da5fed7ae230a2b58ae1cab9814290d,2023-03-30T15:26:00Z,FIRST_RETEST_FILLED,2023-03-30T07:55:00Z,2023-03-30T07:40:00Z,1960.88,True,True,INITIAL_CONFIRMATION_TARGET,e2d51ed5b628ee532934673a5240258226ebe42dd767355a3d95efd4140f5eae,abd0288093c1b5ac8497626b7df198c9ef235d9eb36388b75b9290941b5a3293,1958.913,0.7399999999999766,0.03699999999999883,,M5_LATEST_CONFIRMED_OPPOSING_SWING_ELSE_CONTROL,True,a234bb5c21937b0225d6ac042e355a5a43053d3a3fcc9ffca6881fc6c05e1f43,2023-03-30T07:15:00Z,1958.95,1971.73,a130af20cd3d14148cdfe2357c6790fb2a71281dbc4da082f1c339d75e843b3d
d2521707cfd39f591450203e57d01a227484ce24520c449724c3a34508f4d25f,1960.88,2023-03-30T07:40:00Z,27ef6f51729b2c9a86c4d95480c30c9b5bbc129d8adb0f150af3b5760fe359b3,2023-03-30T07:40:00Z,1961.02,1955.36,2023-04-01T00:00:00Z,2023-03-30T07:00:00Z,1.342682756640628,LONG,0.6173207975769299,161.74544525252506,M15_LATEST_CONFIRMED_OPPOSING_SWING_ELSE_CONTROL,2023-03-30T07:40:00Z,M5_BROKEN_CONTROL_FIRST_RETEST,1960.88,True,951c461e6adf9a0304c8d685dcac799ace1ca48c3ae852e39808f465864c67b2,0.178888971707904,4.025001863426924,2023_03,3.234908905050501,1.892226148409873,TARGET,2023-03-30T15:26:00Z,TARGET,ac924c6dfe13263db5e382dbcad3f090b5c56ecddc5874b0d3260a67e917b634,2023-03-30T15:26:00Z,FIRST_RETEST_FILLED,2023-03-30T07:55:00Z,2023-03-30T07:40:00Z,1960.88,True,True,INITIAL_CONFIRMATION_TARGET,8d436c17870009b0dc09c390e281d72710733f8a776bea630dc954ba55701641,abd0288093c1b5ac8497626b7df198c9ef235d9eb36388b75b9290941b5a3293,1957.5259642857145,2.080714285714261,0.10403571428571307,,M15_LATEST_CONFIRMED_OPPOSING_SWING_ELSE_CONTROL,True,7ea680ba4e63bb6b9421855f2055e793ead7ba4afa56a585a59595c4c51597f4,2023-03-30T06:45:00Z,1957.63,1971.73,a130af20cd3d14148cdfe2357c6790fb2a71281dbc4da082f1c339d75e843b3d
d2521707cfd39f591450203e57d01a227484ce24520c449724c3a34508f4d25f,1960.88,2023-03-30T07:40:00Z,27ef6f51729b2c9a86c4d95480c30c9b5bbc129d8adb0f150af3b5760fe359b3,2023-03-30T07:40:00Z,1961.02,1955.36,2023-04-01T00:00:00Z,2023-03-30T07:00:00Z,0.07335356173496366,LONG,1.0,98.27898550724183,CONTROL_V2_FILLED_STOP,2023-03-30T07:40:00Z,M5_BROKEN_CONTROL_FIRST_RETEST,1960.88,True,095f1fcbd05d145216279005f1ec5c842888df6d43a8da1da445c7af7971bcf2,0.10869565217393364,2.4456521739129506,2023_03,1.9655797101448367,1.892226148409873,TARGET,2023-03-30T15:26:00Z,TARGET,12a46eb3c778c75eafbfb1b3d8b0dfd75f4efee894a626b51216552a0a285ff7,2023-03-30T15:26:00Z,FIRST_RETEST_FILLED,2023-03-30T07:55:00Z,2023-03-30T07:40:00Z,1960.88,True,True,INITIAL_CONFIRMATION_TARGET,3dd7007578c4998b8782b075c2b0a73044513a97d95b76083e534dba99d4a884,abd0288093c1b5ac8497626b7df198c9ef235d9eb36388b75b9290941b5a3293,1955.36,5.001428571428619,0.25007142857143094,NOT_STRICTLY_CLOSER_THAN_CONTROL,H1_SOURCE_SWING_BUFFERED_ELSE_CONTROL,False,abd0288093c1b5ac8497626b7df198c9ef235d9eb36388b75b9290941b5a3293,2023-03-30T07:00:00Z,1955.36,1971.73,a130af20cd3d14148cdfe2357c6790fb2a71281dbc4da082f1c339d75e843b3d
d2521707cfd39f591450203e57d01a227484ce24520c449724c3a34508f4d25f,1960.88,2023-03-30T07:40:00Z,27ef6f51729b2c9a86c4d95480c30c9b5bbc129d8adb0f150af3b5760fe359b3,2023-03-30T07:40:00Z,1961.02,1955.36,2023-04-01T00:00:00Z,2023-03-30T07:00:00Z,0.055015171301222576,LONG,1.0,97.36206598555478,CONTROL_V2_FILLED_STOP,2023-03-30T07:40:00Z,CONFIRMED_25_75_RETEST_SPLIT,1961.02,True,a3f088479c854d16c18fe2d3c9657c136b79695de67fc59b8c8d648395ca9c6c,0.11420725149794132,2.424345137501848,2023_03,1.9472413197110956,1.892226148409873,TARGET,2023-03-30T15:26:00Z,SPLIT_TARGET_TARGET,06129dc46a2c2dcf1382e4dda45fbacbd2ed90ce54ecaadf8c3f68593d6c8550,2023-03-30T15:26:00Z,FIRST_RETEST_FILLED,2023-03-30T07:55:00Z,2023-03-30T07:40:00Z,1960.88,True,True,INITIAL_CONFIRMATION_TARGET,7fb45cac0c0663bc8c23d3721fca2301999e18a0273e3052b7f3db6d2fd08ee3,abd0288093c1b5ac8497626b7df198c9ef235d9eb36388b75b9290941b5a3293,1955.36,,,,CONTROL_V2_FILLED_STOP,False,,2023-03-30T07:40:00Z,1955.36,1971.73,a130af20cd3d14148cdfe2357c6790fb2a71281dbc4da082f1c339d75e843b3d
d2521707cfd39f591450203e57d01a227484ce24520c449724c3a34508f4d25f,1960.88,2023-03-30T07:40:00Z,27ef6f51729b2c9a86c4d95480c30c9b5bbc129d8adb0f150af3b5760fe359b3,2023-03-30T07:40:00Z,1961.02,1955.36,2023-04-01T00:00:00Z,2023-03-30T07:00:00Z,3.5155486473478206,LONG,0.3722614840989294,270.3887397878847,M5_LATEST_CONFIRMED_OPPOSING_SWING_ELSE_CONTROL,2023-03-30T07:40:00Z,CONFIRMED_25_75_RETEST_SPLIT,1961.02,True,a2e40df8ec32ee7aec8a294c9bfa2172941c5e73cafa31fe4df8ad638eba7c7a,0.3165773468205885,6.7326248549570735,2023_03,5.407774795757693,1.892226148409873,TARGET,2023-03-30T15:26:00Z,SPLIT_TARGET_TARGET,8bde83495b33e1842f9a691414efed7c5d2b1d4d8ca90f6b8019ca356a3889cb,2023-03-30T15:26:00Z,FIRST_RETEST_FILLED,2023-03-30T07:55:00Z,2023-03-30T07:40:00Z,1960.88,True,True,INITIAL_CONFIRMATION_TARGET,ba8a49009dc53a51f834ae9ba6b52e1b6b177437931d4b0026d1a235ce866f16,abd0288093c1b5ac8497626b7df198c9ef235d9eb36388b75b9290941b5a3293,1958.913,0.7399999999999766,0.03699999999999883,,M5_LATEST_CONFIRMED_OPPOSING_SWING_ELSE_CONTROL,True,a234bb5c21937b0225d6ac042e355a5a43053d3a3fcc9ffca6881fc6c05e1f43,2023-03-30T07:15:00Z,1958.95,1971.73,a130af20cd3d14148cdfe2357c6790fb2a71281dbc4da082f1c339d75e843b3d
d2521707cfd39f591450203e57d01a227484ce24520c449724c3a34508f4d25f,1960.88,2023-03-30T07:40:00Z,27ef6f51729b2c9a86c4d95480c30c9b5bbc129d8adb0f150af3b5760fe359b3,2023-03-30T07:40:00Z,1961.02,1955.36,2023-04-01T00:00:00Z,2023-03-30T07:00:00Z,1.3002613780981525,LONG,0.6173207975769299,159.62437632540127,M15_LATEST_CONFIRMED_OPPOSING_SWING_ELSE_CONTROL,2023-03-30T07:40:00Z,CONFIRMED_25_75_RETEST_SPLIT,1961.02,True,951c461e6adf9a0304c8d685dcac799ace1ca48c3ae852e39808f465864c67b2,0.1871140982779323,3.974666068489079,2023_03,3.1924875265080255,1.892226148409873,TARGET,2023-03-30T15:26:00Z,SPLIT_TARGET_TARGET,e9cd404904737c9649cf91f5368580242e6e49dc7b150d3523cb585cf40b302a,2023-03-30T15:26:00Z,FIRST_RETEST_FILLED,2023-03-30T07:55:00Z,2023-03-30T07:40:00Z,1960.88,True,True,INITIAL_CONFIRMATION_TARGET,7d87f0fe50f7a01166b3a60cf2b119c8f44728aba7377afcf20602bda4658f93,abd0288093c1b5ac8497626b7df198c9ef235d9eb36388b75b9290941b5a3293,1957.5259642857145,2.080714285714261,0.10403571428571307,,M15_LATEST_CONFIRMED_OPPOSING_SWING_ELSE_CONTROL,True,7ea680ba4e63bb6b9421855f2055e793ead7ba4afa56a585a59595c4c51597f4,2023-03-30T06:45:00Z,1957.63,1971.73,a130af20cd3d14148cdfe2357c6790fb2a71281dbc4da082f1c339d75e843b3d
d2521707cfd39f591450203e57d01a227484ce24520c449724c3a34508f4d25f,1960.88,2023-03-30T07:40:00Z,27ef6f51729b2c9a86c4d95480c30c9b5bbc129d8adb0f150af3b5760fe359b3,2023-03-30T07:40:00Z,1961.02,1955.36,2023-04-01T00:00:00Z,2023-03-30T07:00:00Z,0.055015171301222576,LONG,1.0,97.36206598555478,CONTROL_V2_FILLED_STOP,2023-03-30T07:40:00Z,CONFIRMED_25_75_RETEST_SPLIT,1961.02,True,095f1fcbd05d145216279005f1ec5c842888df6d43a8da1da445c7af7971bcf2,0.11420725149794132,2.424345137501848,2023_03,1.9472413197110956,1.892226148409873,TARGET,2023-03-30T15:26:00Z,SPLIT_TARGET_TARGET,b3387b7d96ecd6c578ed645cc865b0565f56230e769fe00b79e275fbbabdb331,2023-03-30T15:26:00Z,FIRST_RETEST_FILLED,2023-03-30T07:55:00Z,2023-03-30T07:40:00Z,1960.88,True,True,INITIAL_CONFIRMATION_TARGET,93e9d0cef6622b0d60c0809a97a209c2136e96445e277f7d2bf5e2736c08661a,abd0288093c1b5ac8497626b7df198c9ef235d9eb36388b75b9290941b5a3293,1955.36,5.001428571428619,0.25007142857143094,NOT_STRICTLY_CLOSER_THAN_CONTROL,H1_SOURCE_SWING_BUFFERED_ELSE_CONTROL,False,abd0288093c1b5ac8497626b7df198c9ef235d9eb36388b75b9290941b5a3293,2023-03-30T07:00:00Z,1955.36,1971.73,a130af20cd3d14148cdfe2357c6790fb2a71281dbc4da082f1c339d75e843b3d
cc2436210255cc8972aea77ebd35fc55c3a673e99370eaf777680a5fb43be798,1967.83,2023-03-30T16:30:00Z,bbb40e9e8b7750b306e2996b6ea8f16f0ffd0852e82f6518ecdba350eb6827a4,2023-03-30T16:30:00Z,1965.96,1975.34,2023-04-01T00:00:00Z,2023-03-30T13:00:00Z,0.0,SHORT,1.0,-50.0,CONTROL_V2_FILLED_STOP,2023-03-30T16:30:00Z,CONTROL_NEXT_M1_OPEN,1965.96,True,09253c6089752ba6b5ceeceaa42acbc86817782037108d2087b629308ca4c810,1.0863539445629193,0.21108742004264852,2023_03,-1.0,-1.0,STOP,2023-03-30T19:00:00Z,STOP,05a4bda98c18f2844ce21ada89f30ad64ea29664e7abab6a5059168a79cf6284,2023-03-30T19:00:00Z,FIRST_RETEST_FILLED,2023-03-30T16:45:00Z,2023-03-30T16:35:00Z,1967.83,True,False,RECLAIM_CONFIRMATION_STOP,de547ca7336689dc2cb0905033d25321767f02c8192581525eed97ad8a123897,182ff3f061570ee4a63295f13c91a21c1d5f0d671ec5f29a5c209e67332c2d36,1975.34,,,,CONTROL_V2_FILLED_STOP,False,,2023-03-30T16:30:00Z,1975.34,1955.36,34a7d8f2caf50491fcbc8b12d47b1cdfc8b65bacee83b12f92ecbf6fb621a827
cc2436210255cc8972aea77ebd35fc55c3a673e99370eaf777680a5fb43be798,1967.83,2023-03-30T16:30:00Z,bbb40e9e8b7750b306e2996b6ea8f16f0ffd0852e82f6518ecdba350eb6827a4,2023-03-30T16:30:00Z,1965.96,1975.34,2023-04-01T00:00:00Z,2023-03-30T13:00:00Z,0.0,SHORT,0.6105277185500941,-50.0,M5_LATEST_CONFIRMED_OPPOSING_SWING_ELSE_CONTROL,2023-03-30T16:30:00Z,CONTROL_NEXT_M1_OPEN,1965.96,True,5fe7f419adf857843cc3519112c338ee2a489b496337e2e67cfd70dd2116e040,1.0075522765967035,0.34574584188240864,2023_03,-1.0,-1.0,STOP,2023-03-30T19:00:00Z,STOP,21c81afe977eb3ff0b981ce42c9a4f0ddefd5cc6949bd3a505899236ca3a9395,2023-03-30T17:41:00Z,FIRST_RETEST_FILLED,2023-03-30T16:45:00Z,2023-03-30T16:35:00Z,1967.83,True,False,RECLAIM_CONFIRMATION_STOP,382b4c0eeec03df8d73a8764b8787bf3870c3bbeea334b671a0fe7824a22a590,182ff3f061570ee4a63295f13c91a21c1d5f0d671ec5f29a5c209e67332c2d36,1971.6867499999998,2.535000000000017,0.12675000000000086,,M5_LATEST_CONFIRMED_OPPOSING_SWING_ELSE_CONTROL,True,be8e16d2a343405782211feeff64cdcdd98acdfe6ff4215044246be3a327b4ba,2023-03-30T16:10:00Z,1971.56,1955.36,34a7d8f2caf50491fcbc8b12d47b1cdfc8b65bacee83b12f92ecbf6fb621a827
cc2436210255cc8972aea77ebd35fc55c3a673e99370eaf777680a5fb43be798,1967.83,2023-03-30T16:30:00Z,bbb40e9e8b7750b306e2996b6ea8f16f0ffd0852e82f6518ecdba350eb6827a4,2023-03-30T16:30:00Z,1965.96,1975.34,2023-04-01T00:00:00Z,2023-03-30T13:00:00Z,0.0,SHORT,1.0,-50.0,CONTROL_V2_FILLED_STOP,2023-03-30T16:30:00Z,CONTROL_NEXT_M1_OPEN,1965.96,True,bf248dfab35ec46fe3d2342c311b347b996ddc3a3f4d7f05332873c4279c70ed,1.0863539445629193,0.21108742004264852,2023_03,-1.0,-1.0,STOP,2023-03-30T19:00:00Z,STOP,dd82064352719dc9ba5b9f9b3d0ce15af38a786267d13c48f076a02b249f9bc3,2023-03-30T19:00:00Z,FIRST_RETEST_FILLED,2023-03-30T16:45:00Z,2023-03-30T16:35:00Z,1967.83,True,False,RECLAIM_CONFIRMATION_STOP,0949e9863b11d67a97f6799c2b46505d493762cc3473714b90fbb05c45ad0347,182ff3f061570ee4a63295f13c91a21c1d5f0d671ec5f29a5c209e67332c2d36,1975.34,2.9071428571428277,0.14535714285714138,NOT_STRICTLY_CLOSER_THAN_CONTROL,M15_LATEST_CONFIRMED_OPPOSING_SWING_ELSE_CONTROL,False,a82461ceb4fd7828268669c9f2041720838a7b4a34de4e3b730216a0ff782bdd,2023-03-30T16:15:00Z,1975.32,1955.36,34a7d8f2caf50491fcbc8b12d47b1cdfc8b65bacee83b12f92ecbf6fb621a827
cc2436210255cc8972aea77ebd35fc55c3a673e99370eaf777680a5fb43be798,1967.83,2023-03-30T16:30:00Z,bbb40e9e8b7750b306e2996b6ea8f16f0ffd0852e82f6518ecdba350eb6827a4,2023-03-30T16:30:00Z,1965.96,1975.34,2023-04-01T00:00:00Z,2023-03-30T13:00:00Z,0.0,SHORT,0.6136155954919318,-50.0,H1_SOURCE_SWING_BUFFERED_ELSE_CONTROL,2023-03-30T16:30:00Z,CONTROL_NEXT_M1_OPEN,1965.96,True,026f3fe6811ec1616b9a841cdf16f59ea7dde86ff73f99059dcad5d246553ed7,1.0024820054604153,0.3440059568131104,2023_03,-1.0,-1.0,STOP,2023-03-30T19:00:00Z,STOP,a57056b4ec8c3a1e872b931481d86607981f4822dd6b7fa90f4876b128ebd8db,2023-03-30T17:41:00Z,FIRST_RETEST_FILLED,2023-03-30T16:45:00Z,2023-03-30T16:35:00Z,1967.83,True,False,RECLAIM_CONFIRMATION_STOP,2a9d9b053a201c3ed0c2d2c3fbeebcb349447a130d04fcdde1eb477cd0c03258,182ff3f061570ee4a63295f13c91a21c1d5f0d671ec5f29a5c209e67332c2d36,1971.7157142857143,3.9142857142857275,0.1957142857142864,,H1_SOURCE_SWING_BUFFERED_ELSE_CONTROL,True,182ff3f061570ee4a63295f13c91a21c1d5f0d671ec5f29a5c209e67332c2d36,2023-03-30T13:00:00Z,1971.52,1955.36,34a7d8f2caf50491fcbc8b12d47b1cdfc8b65bacee83b12f92ecbf6fb621a827
cc2436210255cc8972aea77ebd35fc55c3a673e99370eaf777680a5fb43be798,1967.83,2023-03-30T16:30:00Z,bbb40e9e8b7750b306e2996b6ea8f16f0ffd0852e82f6518ecdba350eb6827a4,2023-03-30T16:30:00Z,1965.96,1975.34,2023-04-01T00:00:00Z,2023-03-30T13:00:00Z,0.0,SHORT,1.0,-50.0,CONTROL_V2_FILLED_STOP,2023-03-30T16:35:00Z,M5_BROKEN_CONTROL_FIRST_RETEST,1967.83,True,09253c6089752ba6b5ceeceaa42acbc86817782037108d2087b629308ca4c810,1.1078561917443641,0.5126498002663001,2023_03,-1.0,-1.0,STOP,2023-03-30T19:00:00Z,STOP,922f36937c78e40f1dbd0aad9f18e6d3c3191006e6083559ca5e94b302f61533,2023-03-30T19:00:00Z,FIRST_RETEST_FILLED,2023-03-30T16:45:00Z,2023-03-30T16:35:00Z,1967.83,True,True,RECLAIM_CONFIRMATION_STOP,22a05c7213287f7266fb4f1f322f48b246214f1e1861697da5115036e93e8fee,182ff3f061570ee4a63295f13c91a21c1d5f0d671ec5f29a5c209e67332c2d36,1975.34,,,,CONTROL_V2_FILLED_STOP,False,,2023-03-30T16:30:00Z,1975.34,1955.36,34a7d8f2caf50491fcbc8b12d47b1cdfc8b65bacee83b12f92ecbf6fb621a827
cc2436210255cc8972aea77ebd35fc55c3a673e99370eaf777680a5fb43be798,1967.83,2023-03-30T16:30:00Z,bbb40e9e8b7750b306e2996b6ea8f16f0ffd0852e82f6518ecdba350eb6827a4,2023-03-30T16:30:00Z,1965.96,1975.34,2023-04-01T00:00:00Z,2023-03-30T13:00:00Z,0.0,SHORT,0.6105277185500941,-50.0,M5_LATEST_CONFIRMED_OPPOSING_SWING_ELSE_CONTROL,2023-03-30T16:35:00Z,M5_BROKEN_CONTROL_FIRST_RETEST,1967.83,True,5fe7f419adf857843cc3519112c338ee2a489b496337e2e67cfd70dd2116e040,1.011214105140383,0.9982498217411004,2023_03,-1.0,-1.0,STOP,2023-03-30T19:00:00Z,STOP,3926dfb83a3c5ce7a3bb0bb801b832731d38a1f7e4a9242caa8aa27618222539,2023-03-30T17:41:00Z,FIRST_RETEST_FILLED,2023-03-30T16:45:00Z,2023-03-30T16:35:00Z,1967.83,True,True,RECLAIM_CONFIRMATION_STOP,bb5e0255edac895437c9f9124a7c0530e4bcd30e3b72e2e16d47ecdbee5cc029,182ff3f061570ee4a63295f13c91a21c1d5f0d671ec5f29a5c209e67332c2d36,1971.6867499999998,2.535000000000017,0.12675000000000086,,M5_LATEST_CONFIRMED_OPPOSING_SWING_ELSE_CONTROL,True,be8e16d2a343405782211feeff64cdcdd98acdfe6ff4215044246be3a327b4ba,2023-03-30T16:10:00Z,1971.56,1955.36,34a7d8f2caf50491fcbc8b12d47b1cdfc8b65bacee83b12f92ecbf6fb621a827
cc2436210255cc8972aea77ebd35fc55c3a673e99370eaf777680a5fb43be798,1967.83,2023-03-30T16:30:00Z,bbb40e9e8b7750b306e2996b6ea8f16f0ffd0852e82f6518ecdba350eb6827a4,2023-03-30T16:30:00Z,1965.96,1975.34,2023-04-01T00:00:00Z,2023-03-30T13:00:00Z,0.0,SHORT,1.0,-50.0,CONTROL_V2_FILLED_STOP,2023-03-30T16:35:00Z,M5_BROKEN_CONTROL_FIRST_RETEST,1967.83,True,bf248dfab35ec46fe3d2342c311b347b996ddc3a3f4d7f05332873c4279c70ed,1.1078561917443641,0.5126498002663001,2023_03,-1.0,-1.0,STOP,2023-03-30T19:00:00Z,STOP,b822d3af9254a7b74d82acba903adcd0719f410e20d2c767718028079ffc2636,2023-03-30T19:00:00Z,FIRST_RETEST_FILLED,2023-03-30T16:45:00Z,2023-03-30T16:35:00Z,1967.83,True,True,RECLAIM_CONFIRMATION_STOP,c09d6cb0d07b9bd6fe2b625f6f167bb0518619d5c8bf36be4bfe36d8dbe0993f,182ff3f061570ee4a63295f13c91a21c1d5f0d671ec5f29a5c209e67332c2d36,1975.34,2.9071428571428277,0.14535714285714138,NOT_STRICTLY_CLOSER_THAN_CONTROL,M15_LATEST_CONFIRMED_OPPOSING_SWING_ELSE_CONTROL,False,a82461ceb4fd7828268669c9f2041720838a7b4a34de4e3b730216a0ff782bdd,2023-03-30T16:15:00Z,1975.32,1955.36,34a7d8f2caf50491fcbc8b12d47b1cdfc8b65bacee83b12f92ecbf6fb621a827
cc2436210255cc8972aea77ebd35fc55c3a673e99370eaf777680a5fb43be798,1967.83,2023-03-30T16:30:00Z,bbb40e9e8b7750b306e2996b6ea8f16f0ffd0852e82f6518ecdba350eb6827a4,2023-03-30T16:30:00Z,1965.96,1975.34,2023-04-01T00:00:00Z,2023-03-30T13:00:00Z,0.0,SHORT,0.6136155954919318,-50.0,H1_SOURCE_SWING_BUFFERED_ELSE_CONTROL,2023-03-30T16:35:00Z,M5_BROKEN_CONTROL_FIRST_RETEST,1967.83,True,026f3fe6811ec1616b9a841cdf16f59ea7dde86ff73f99059dcad5d246553ed7,1.0036764705882402,0.9908088235293702,2023_03,-1.0,-1.0,STOP,2023-03-30T19:00:00Z,STOP,e25651622eed82021c867b70e901696c57297d24fb9470a006a8fb585f03a050,2023-03-30T17:41:00Z,FIRST_RETEST_FILLED,2023-03-30T16:45:00Z,2023-03-30T16:35:00Z,1967.83,True,True,RECLAIM_CONFIRMATION_STOP,407c5c220eff000cc20850c5e4b9f765b6c98aea3c83ca6490d2664367ca1f11,182ff3f061570ee4a63295f13c91a21c1d5f0d671ec5f29a5c209e67332c2d36,1971.7157142857143,3.9142857142857275,0.1957142857142864,,H1_SOURCE_SWING_BUFFERED_ELSE_CONTROL,True,182ff3f061570ee4a63295f13c91a21c1d5f0d671ec5f29a5c209e67332c2d36,2023-03-30T13:00:00Z,1971.52,1955.36,34a7d8f2caf50491fcbc8b12d47b1cdfc8b65bacee83b12f92ecbf6fb621a827
cc2436210255cc8972aea77ebd35fc55c3a673e99370eaf777680a5fb43be798,1967.83,2023-03-30T16:30:00Z,bbb40e9e8b7750b306e2996b6ea8f16f0ffd0852e82f6518ecdba350eb6827a4,2023-03-30T16:30:00Z,1965.96,1975.34,2023-04-01T00:00:00Z,2023-03-30T13:00:00Z,0.0,SHORT,1.0,-50.0,CONTROL_V2_FILLED_STOP,2023-03-30T16:30:00Z,CONFIRMED_25_75_RETEST_SPLIT,1965.96,True,09253c6089752ba6b5ceeceaa42acbc86817782037108d2087b629308ca4c810,1.1024806299490029,0.43725920521038725,2023_03,-1.0,-1.0,STOP,2023-03-30T19:00:00Z,SPLIT_STOP_STOP,dc0ac5c0e10454e132f3b0bc5482b95f6d22238bd8ddac860a0dcc46132c3981,2023-03-30T19:00:00Z,FIRST_RETEST_FILLED,2023-03-30T16:45:00Z,2023-03-30T16:35:00Z,1967.83,True,True,RECLAIM_CONFIRMATION_STOP,d2f9fdd9a7641f3378cbb41f95e6ca4996d7fb25521769dd77109a38b7b7e095,182ff3f061570ee4a63295f13c91a21c1d5f0d671ec5f29a5c209e67332c2d36,1975.34,,,,CONTROL_V2_FILLED_STOP,False,,2023-03-30T16:30:00Z,1975.34,1955.36,34a7d8f2caf50491fcbc8b12d47b1cdfc8b65bacee83b12f92ecbf6fb621a827
cc2436210255cc8972aea77ebd35fc55c3a673e99370eaf777680a5fb43be798,1967.83,2023-03-30T16:30:00Z,bbb40e9e8b7750b306e2996b6ea8f16f0ffd0852e82f6518ecdba350eb6827a4,2023-03-30T16:30:00Z,1965.96,1975.34,2023-04-01T00:00:00Z,2023-03-30T13:00:00Z,0.0,SHORT,0.6105277185500941,-50.0,M5_LATEST_CONFIRMED_OPPOSING_SWING_ELSE_CONTROL,2023-03-30T16:30:00Z,CONFIRMED_25_75_RETEST_SPLIT,1965.96,True,5fe7f419adf857843cc3519112c338ee2a489b496337e2e67cfd70dd2116e040,1.0102986480044631,0.8351238267764275,2023_03,-1.0,-1.0,STOP,2023-03-30T19:00:00Z,SPLIT_STOP_STOP,83d1b4f89490caff6edd3cbfa6102092560c29561604d402a9c6b801a78f0c00,2023-03-30T17:41:00Z,FIRST_RETEST_FILLED,2023-03-30T16:45:00Z,2023-03-30T16:35:00Z,1967.83,True,True,RECLAIM_CONFIRMATION_STOP,29ed9a11041dbb8d7705db22b660fda6ac9597a853daa135abdb72d720844ed8,182ff3f061570ee4a63295f13c91a21c1d5f0d671ec5f29a5c209e67332c2d36,1971.6867499999998,2.535000000000017,0.12675000000000086,,M5_LATEST_CONFIRMED_OPPOSING_SWING_ELSE_CONTROL,True,be8e16d2a343405782211feeff64cdcdd98acdfe6ff4215044246be3a327b4ba,2023-03-30T16:10:00Z,1971.56,1955.36,34a7d8f2caf50491fcbc8b12d47b1cdfc8b65bacee83b12f92ecbf6fb621a827
cc2436210255cc8972aea77ebd35fc55c3a673e99370eaf777680a5fb43be798,1967.83,2023-03-30T16:30:00Z,bbb40e9e8b7750b306e2996b6ea8f16f0ffd0852e82f6518ecdba350eb6827a4,2023-03-30T16:30:00Z,1965.96,1975.34,2023-04-01T00:00:00Z,2023-03-30T13:00:00Z,0.0,SHORT,1.0,-50.0,CONTROL_V2_FILLED_STOP,2023-03-30T16:30:00Z,CONFIRMED_25_75_RETEST_SPLIT,1965.96,True,bf248dfab35ec46fe3d2342c311b347b996ddc3a3f4d7f05332873c4279c70ed,1.1024806299490029,0.43725920521038725,2023_03,-1.0,-1.0,STOP,2023-03-30T19:00:00Z,SPLIT_STOP_STOP,12009bb75b0ae2e93a6b1f7adc0a266d3c1a344b160a280d69c82b0134450378,2023-03-30T19:00:00Z,FIRST_RETEST_FILLED,2023-03-30T16:45:00Z,2023-03-30T16:35:00Z,1967.83,True,True,RECLAIM_CONFIRMATION_STOP,294a5948884162afe6df9c2a557a40d2e44d497ade75d067e1db1e5e138d0e6e,182ff3f061570ee4a63295f13c91a21c1d5f0d671ec5f29a5c209e67332c2d36,1975.34,2.9071428571428277,0.14535714285714138,NOT_STRICTLY_CLOSER_THAN_CONTROL,M15_LATEST_CONFIRMED_OPPOSING_SWING_ELSE_CONTROL,False,a82461ceb4fd7828268669c9f2041720838a7b4a34de4e3b730216a0ff782bdd,2023-03-30T16:15:00Z,1975.32,1955.36,34a7d8f2caf50491fcbc8b12d47b1cdfc8b65bacee83b12f92ecbf6fb621a827
cc2436210255cc8972aea77ebd35fc55c3a673e99370eaf777680a5fb43be798,1967.83,2023-03-30T16:30:00Z,bbb40e9e8b7750b306e2996b6ea8f16f0ffd0852e82f6518ecdba350eb6827a4,2023-03-30T16:30:00Z,1965.96,1975.34,2023-04-01T00:00:00Z,2023-03-30T13:00:00Z,0.0,SHORT,0.6136155954919318,-50.0,H1_SOURCE_SWING_BUFFERED_ELSE_CONTROL,2023-03-30T16:30:00Z,CONFIRMED_25_75_RETEST_SPLIT,1965.96,True,026f3fe6811ec1616b9a841cdf16f59ea7dde86ff73f99059dcad5d246553ed7,1.003377854306284,0.8291081068503052,2023_03,-1.0,-1.0,STOP,2023-03-30T19:00:00Z,SPLIT_STOP_STOP,779d2e83806c00f964c5e08dae04cdb95d519931650e9b3bb52f9c6ebe593191,2023-03-30T17:41:00Z,FIRST_RETEST_FILLED,2023-03-30T16:45:00Z,2023-03-30T16:35:00Z,1967.83,True,True,RECLAIM_CONFIRMATION_STOP,26a32752df7dd6dbfdb20a8da842c1e8142c9ea46bbb661a4650f26a0f3a5ee2,182ff3f061570ee4a63295f13c91a21c1d5f0d671ec5f29a5c209e67332c2d36,1971.7157142857143,3.9142857142857275,0.1957142857142864,,H1_SOURCE_SWING_BUFFERED_ELSE_CONTROL,True,182ff3f061570ee4a63295f13c91a21c1d5f0d671ec5f29a5c209e67332c2d36,2023-03-30T13:00:00Z,1971.52,1955.36,34a7d8f2caf50491fcbc8b12d47b1cdfc8b65bacee83b12f92ecbf6fb621a827
f79eccc391e5baf55dcc3049d27b4e77b36b78d7a894af8ff44874915ef605a3,1979.59,2023-03-31T01:55:00Z,3ab7ad3286f03d8b329eb7b8f68c89627261539c6e35651575e45e6b4111db67,2023-03-31T01:55:00Z,1979.58,1984.34,2023-04-01T00:00:00Z,2023-03-30T22:00:00Z,0.0,SHORT,1.0,-50.0,CONTROL_V2_FILLED_STOP,2023-03-31T01:55:00Z,CONTROL_NEXT_M1_OPEN,1979.58,True,217a4b90af1f6ede0edf0c5ce34282f56ae3b9a4372cef04ca6d37cd001c1091,1.1512605042016868,0.3991596638655183,2023_03,-1.0,-1.0,STOP,2023-03-31T09:58:00Z,STOP,68e06307ea3865dc9f711f39885d0604eaa55d6e42a290e54823bceb56e600ed,2023-03-31T09:58:00Z,FIRST_RETEST_FILLED,2023-03-31T02:10:00Z,2023-03-31T01:55:00Z,1979.59,True,False,INITIAL_CONFIRMATION_STOP,69d45f1257836f7ad871ec6cf00e21c95faddc74f16ca600313194446646fd5a,307fa1e531309a7036ae679e935393102678ea18394ec1fff052175fe7d278a0,1984.34,,,,CONTROL_V2_FILLED_STOP,False,,2023-03-31T01:55:00Z,1984.34,1963.98,8d74147ce76eaf439ea256edc30c494d28f23faa41fac84c360550823784e3a2
f79eccc391e5baf55dcc3049d27b4e77b36b78d7a894af8ff44874915ef605a3,1979.59,2023-03-31T01:55:00Z,3ab7ad3286f03d8b329eb7b8f68c89627261539c6e35651575e45e6b4111db67,2023-03-31T01:55:00Z,1979.58,1984.34,2023-04-01T00:00:00Z,2023-03-30T22:00:00Z,0.0,SHORT,0.2066251500600499,-50.0,M5_LATEST_CONFIRMED_OPPOSING_SWING_ELSE_CONTROL,2023-03-31T01:55:00Z,CONTROL_NEXT_M1_OPEN,1979.58,True,ecc7159d5375a7f1c89078083c5c991970bff41a57fe0ea7747f7764d5f3ff37,1.464105450451961,1.931805802679459,2023_03,-1.0,-1.0,STOP,2023-03-31T09:58:00Z,STOP,804490d7b8a7cd072357e04f2f43e634bd744d13fb44dbde84829e5c46cd7d70,2023-03-31T04:02:00Z,FIRST_RETEST_FILLED,2023-03-31T02:10:00Z,2023-03-31T01:55:00Z,1979.59,True,False,INITIAL_CONFIRMATION_STOP,640d321cb4d5ead3e1c968eab5e84cda4f2f097aa5f027f7faa3f6f1fe7205a5,307fa1e531309a7036ae679e935393102678ea18394ec1fff052175fe7d278a0,1980.5635357142858,0.4707142857142474,0.02353571428571237,,M5_LATEST_CONFIRMED_OPPOSING_SWING_ELSE_CONTROL,True,24f12447277aa6ca8a4e7548570d59a0b2317a8b828869ac73630fcfbed11219,2023-03-31T01:35:00Z,1980.54,1963.98,8d74147ce76eaf439ea256edc30c494d28f23faa41fac84c360550823784e3a2
f79eccc391e5baf55dcc3049d27b4e77b36b78d7a894af8ff44874915ef605a3,1979.59,2023-03-31T01:55:00Z,3ab7ad3286f03d8b329eb7b8f68c89627261539c6e35651575e45e6b4111db67,2023-03-31T01:55:00Z,1979.58,1984.34,2023-04-01T00:00:00Z,2023-03-30T22:00:00Z,0.0,SHORT,0.7499024609843756,-50.0,M15_LATEST_CONFIRMED_OPPOSING_SWING_ELSE_CONTROL,2023-03-31T01:55:00Z,CONTROL_NEXT_M1_OPEN,1979.58,True,2693239993d7f9575cdfce6ae98dfa6b3b8ca391582c684db4641c1eb7aa9a68,1.0897775821185793,0.5322821095180202,2023_03,-1.0,-1.0,STOP,2023-03-31T09:58:00Z,STOP,85c4195289e33d9964bd1b6fcb9c492eb0e18d1d64e08ae2a8ece8c29da978ed,2023-03-31T04:39:00Z,FIRST_RETEST_FILLED,2023-03-31T02:10:00Z,2023-03-31T01:55:00Z,1979.59,True,False,INITIAL_CONFIRMATION_STOP,7cf81279e9f6c8edb937e1ca6e44fe6081054cdecd5c4a1195585d597f8996a2,307fa1e531309a7036ae679e935393102678ea18394ec1fff052175fe7d278a0,1983.1495357142855,1.3907142857142876,0.06953571428571438,,M15_LATEST_CONFIRMED_OPPOSING_SWING_ELSE_CONTROL,True,816d3cfbc583d48a4e7de0a6b9718c7aeb093586d27ba9c62f275446f3529689,2023-03-30T23:15:00Z,1983.08,1963.98,8d74147ce76eaf439ea256edc30c494d28f23faa41fac84c360550823784e3a2
f79eccc391e5baf55dcc3049d27b4e77b36b78d7a894af8ff44874915ef605a3,1979.59,2023-03-31T01:55:00Z,3ab7ad3286f03d8b329eb7b8f68c89627261539c6e35651575e45e6b4111db67,2023-03-31T01:55:00Z,1979.58,1984.34,2023-04-01T00:00:00Z,2023-03-30T22:00:00Z,0.0,SHORT,1.0,-50.0,CONTROL_V2_FILLED_STOP,2023-03-31T01:55:00Z,CONTROL_NEXT_M1_OPEN,1979.58,True,13595b913eb91fddc26b74880d3617fd4db30575f1da99af5c58468d72e4f588,1.1512605042016868,0.3991596638655183,2023_03,-1.0,-1.0,STOP,2023-03-31T09:58:00Z,STOP,eb1b0a75f9a6a350e157a7692b79d471ffb3863aa243026b1234d3b07cb2cad0,2023-03-31T09:58:00Z,FIRST_RETEST_FILLED,2023-03-31T02:10:00Z,2023-03-31T01:55:00Z,1979.59,True,False,INITIAL_CONFIRMATION_STOP,863dbace1dac2e551767d0950798e433825ed152c69a6d3b0971f53144e2a0b4,307fa1e531309a7036ae679e935393102678ea18394ec1fff052175fe7d278a0,1984.34,4.919999999999992,0.2459999999999996,NOT_STRICTLY_CLOSER_THAN_CONTROL,H1_SOURCE_SWING_BUFFERED_ELSE_CONTROL,False,307fa1e531309a7036ae679e935393102678ea18394ec1fff052175fe7d278a0,2023-03-30T22:00:00Z,1984.34,1963.98,8d74147ce76eaf439ea256edc30c494d28f23faa41fac84c360550823784e3a2
f79eccc391e5baf55dcc3049d27b4e77b36b78d7a894af8ff44874915ef605a3,1979.59,2023-03-31T01:55:00Z,3ab7ad3286f03d8b329eb7b8f68c89627261539c6e35651575e45e6b4111db67,2023-03-31T01:55:00Z,1979.58,1984.34,2023-04-01T00:00:00Z,2023-03-30T22:00:00Z,0.0,SHORT,1.0,-50.0,CONTROL_V2_FILLED_STOP,2023-03-31T01:55:00Z,M5_BROKEN_CONTROL_FIRST_RETEST,1979.59,True,217a4b90af1f6ede0edf0c5ce34282f56ae3b9a4372cef04ca6d37cd001c1091,1.1515789473684268,0.4021052631578641,2023_03,-1.0,-1.0,STOP,2023-03-31T09:58:00Z,STOP,e69a85b95c8dde41842a56422935eb09b94a8cb4cc43194992f689bd224e2f5b,2023-03-31T09:58:00Z,FIRST_RETEST_FILLED,2023-03-31T02:10:00Z,2023-03-31T01:55:00Z,1979.59,True,True,INITIAL_CONFIRMATION_STOP,26b274c6a47c9e6b411ca3f96513722850757935739dabf454d202a9deec338f,307fa1e531309a7036ae679e935393102678ea18394ec1fff052175fe7d278a0,1984.34,,,,CONTROL_V2_FILLED_STOP,False,,2023-03-31T01:55:00Z,1984.34,1963.98,8d74147ce76eaf439ea256edc30c494d28f23faa41fac84c360550823784e3a2
f79eccc391e5baf55dcc3049d27b4e77b36b78d7a894af8ff44874915ef605a3,1979.59,2023-03-31T01:55:00Z,3ab7ad3286f03d8b329eb7b8f68c89627261539c6e35651575e45e6b4111db67,2023-03-31T01:55:00Z,1979.58,1984.34,2023-04-01T00:00:00Z,2023-03-30T22:00:00Z,0.0,SHORT,0.2066251500600499,-50.0,M5_LATEST_CONFIRMED_OPPOSING_SWING_ELSE_CONTROL,2023-03-31T01:55:00Z,M5_BROKEN_CONTROL_FIRST_RETEST,1979.59,True,ecc7159d5375a7f1c89078083c5c991970bff41a57fe0ea7747f7764d5f3ff37,1.468872665908376,1.9619208334857756,2023_03,-1.0,-1.0,STOP,2023-03-31T09:58:00Z,STOP,8a0df4a945694bf98b170a9e830b06daa2ea13b258219a56f6a12c6eb82020b9,2023-03-31T04:02:00Z,FIRST_RETEST_FILLED,2023-03-31T02:10:00Z,2023-03-31T01:55:00Z,1979.59,True,True,INITIAL_CONFIRMATION_STOP,93904c5f6c19b7e37b31e6e77b198573cdda926988244f0053dada04f5dcc414,307fa1e531309a7036ae679e935393102678ea18394ec1fff052175fe7d278a0,1980.5635357142858,0.4707142857142474,0.02353571428571237,,M5_LATEST_CONFIRMED_OPPOSING_SWING_ELSE_CONTROL,True,24f12447277aa6ca8a4e7548570d59a0b2317a8b828869ac73630fcfbed11219,2023-03-31T01:35:00Z,1980.54,1963.98,8d74147ce76eaf439ea256edc30c494d28f23faa41fac84c360550823784e3a2
f79eccc391e5baf55dcc3049d27b4e77b36b78d7a894af8ff44874915ef605a3,1979.59,2023-03-31T01:55:00Z,3ab7ad3286f03d8b329eb7b8f68c89627261539c6e35651575e45e6b4111db67,2023-03-31T01:55:00Z,1979.58,1984.34,2023-04-01T00:00:00Z,2023-03-30T22:00:00Z,0.0,SHORT,0.7499024609843756,-50.0,M15_LATEST_CONFIRMED_OPPOSING_SWING_ELSE_CONTROL,2023-03-31T01:55:00Z,M5_BROKEN_CONTROL_FIRST_RETEST,1979.59,True,2693239993d7f9575cdfce6ae98dfa6b3b8ca391582c684db4641c1eb7aa9a68,1.0900297992314971,0.5365868341577171,2023_03,-1.0,-1.0,STOP,2023-03-31T09:58:00Z,STOP,6f13b6364d65de04ae69305c1f46f994add7c4e2506c627933ba407053c14db1,2023-03-31T04:39:00Z,FIRST_RETEST_FILLED,2023-03-31T02:10:00Z,2023-03-31T01:55:00Z,1979.59,True,True,INITIAL_CONFIRMATION_STOP,5a7e1e53c249e92969e10e2a5b31a76c094b19ec517c5fc531f10e24464c5bdf,307fa1e531309a7036ae679e935393102678ea18394ec1fff052175fe7d278a0,1983.1495357142855,1.3907142857142876,0.06953571428571438,,M15_LATEST_CONFIRMED_OPPOSING_SWING_ELSE_CONTROL,True,816d3cfbc583d48a4e7de0a6b9718c7aeb093586d27ba9c62f275446f3529689,2023-03-30T23:15:00Z,1983.08,1963.98,8d74147ce76eaf439ea256edc30c494d28f23faa41fac84c360550823784e3a2
f79eccc391e5baf55dcc3049d27b4e77b36b78d7a894af8ff44874915ef605a3,1979.59,2023-03-31T01:55:00Z,3ab7ad3286f03d8b329eb7b8f68c89627261539c6e35651575e45e6b4111db67,2023-03-31T01:55:00Z,1979.58,1984.34,2023-04-01T00:00:00Z,2023-03-30T22:00:00Z,0.0,SHORT,1.0,-50.0,CONTROL_V2_FILLED_STOP,2023-03-31T01:55:00Z,M5_BROKEN_CONTROL_FIRST_RETEST,1979.59,True,13595b913eb91fddc26b74880d3617fd4db30575f1da99af5c58468d72e4f588,1.1515789473684268,0.4021052631578641,2023_03,-1.0,-1.0,STOP,2023-03-31T09:58:00Z,STOP,e517b25e4fd3750d4e335de3a93057384f39627c67762cb7155eecf91b089189,2023-03-31T09:58:00Z,FIRST_RETEST_FILLED,2023-03-31T02:10:00Z,2023-03-31T01:55:00Z,1979.59,True,True,INITIAL_CONFIRMATION_STOP,be67af0986088bc1c4eff304e385c67ff9b2c0a951457fe84c14adaec4aa41e0,307fa1e531309a7036ae679e935393102678ea18394ec1fff052175fe7d278a0,1984.34,4.919999999999992,0.2459999999999996,NOT_STRICTLY_CLOSER_THAN_CONTROL,H1_SOURCE_SWING_BUFFERED_ELSE_CONTROL,False,307fa1e531309a7036ae679e935393102678ea18394ec1fff052175fe7d278a0,2023-03-30T22:00:00Z,1984.34,1963.98,8d74147ce76eaf439ea256edc30c494d28f23faa41fac84c360550823784e3a2
f79eccc391e5baf55dcc3049d27b4e77b36b78d7a894af8ff44874915ef605a3,1979.59,2023-03-31T01:55:00Z,3ab7ad3286f03d8b329eb7b8f68c89627261539c6e35651575e45e6b4111db67,2023-03-31T01:55:00Z,1979.58,1984.34,2023-04-01T00:00:00Z,2023-03-30T22:00:00Z,0.0,SHORT,1.0,-50.0,CONTROL_V2_FILLED_STOP,2023-03-31T01:55:00Z,CONFIRMED_25_75_RETEST_SPLIT,1979.58,True,217a4b90af1f6ede0edf0c5ce34282f56ae3b9a4372cef04ca6d37cd001c1091,1.1514993365767419,0.40136886333477767,2023_03,-1.0,-1.0,STOP,2023-03-31T09:58:00Z,SPLIT_STOP_STOP,abeab9b0c658f6db8a008bfd197e3535f0bce93e3ad2ede957d08d3463d61cb5,2023-03-31T09:58:00Z,FIRST_RETEST_FILLED,2023-03-31T02:10:00Z,2023-03-31T01:55:00Z,1979.59,True,True,INITIAL_CONFIRMATION_STOP,a330a62302257a5efc69f4615b310ae04885d763b9095fd557f56e35813c4eeb,307fa1e531309a7036ae679e935393102678ea18394ec1fff052175fe7d278a0,1984.34,,,,CONTROL_V2_FILLED_STOP,False,,2023-03-31T01:55:00Z,1984.34,1963.98,8d74147ce76eaf439ea256edc30c494d28f23faa41fac84c360550823784e3a2
f79eccc391e5baf55dcc3049d27b4e77b36b78d7a894af8ff44874915ef605a3,1979.59,2023-03-31T01:55:00Z,3ab7ad3286f03d8b329eb7b8f68c89627261539c6e35651575e45e6b4111db67,2023-03-31T01:55:00Z,1979.58,1984.34,2023-04-01T00:00:00Z,2023-03-30T22:00:00Z,0.0,SHORT,0.2066251500600499,-50.0,M5_LATEST_CONFIRMED_OPPOSING_SWING_ELSE_CONTROL,2023-03-31T01:55:00Z,CONFIRMED_25_75_RETEST_SPLIT,1979.58,True,ecc7159d5375a7f1c89078083c5c991970bff41a57fe0ea7747f7764d5f3ff37,1.4676808620442723,1.9543920757841964,2023_03,-1.0,-1.0,STOP,2023-03-31T09:58:00Z,SPLIT_STOP_STOP,ab3382a0fb9e038808c77153eacc55d953102a881e3d863f56b181ddf831d534,2023-03-31T04:02:00Z,FIRST_RETEST_FILLED,2023-03-31T02:10:00Z,2023-03-31T01:55:00Z,1979.59,True,True,INITIAL_CONFIRMATION_STOP,d1ff7a96012913d2ac2a68537b5d6a10fa1c6cffe062fd9740b900b645a217b0,307fa1e531309a7036ae679e935393102678ea18394ec1fff052175fe7d278a0,1980.5635357142858,0.4707142857142474,0.02353571428571237,,M5_LATEST_CONFIRMED_OPPOSING_SWING_ELSE_CONTROL,True,24f12447277aa6ca8a4e7548570d59a0b2317a8b828869ac73630fcfbed11219,2023-03-31T01:35:00Z,1980.54,1963.98,8d74147ce76eaf439ea256edc30c494d28f23faa41fac84c360550823784e3a2
f79eccc391e5baf55dcc3049d27b4e77b36b78d7a894af8ff44874915ef605a3,1979.59,2023-03-31T01:55:00Z,3ab7ad3286f03d8b329eb7b8f68c89627261539c6e35651575e45e6b4111db67,2023-03-31T01:55:00Z,1979.58,1984.34,2023-04-01T00:00:00Z,2023-03-30T22:00:00Z,0.0,SHORT,0.7499024609843756,-50.0,M15_LATEST_CONFIRMED_OPPOSING_SWING_ELSE_CONTROL,2023-03-31T01:55:00Z,CONFIRMED_25_75_RETEST_SPLIT,1979.58,True,2693239993d7f9575cdfce6ae98dfa6b3b8ca391582c684db4641c1eb7aa9a68,1.0899667449532675,0.5355106529977929,2023_03,-1.0,-1.0,STOP,2023-03-31T09:58:00Z,SPLIT_STOP_STOP,2e678be73448feee1a05ecfdfafff1715a607ba9dfb867b65e726932d94060f6,2023-03-31T04:39:00Z,FIRST_RETEST_FILLED,2023-03-31T02:10:00Z,2023-03-31T01:55:00Z,1979.59,True,True,INITIAL_CONFIRMATION_STOP,0225b68eabb43052ffea97892f77f951d28fb34b5a567136975c5629475eba40,307fa1e531309a7036ae679e935393102678ea18394ec1fff052175fe7d278a0,1983.1495357142855,1.3907142857142876,0.06953571428571438,,M15_LATEST_CONFIRMED_OPPOSING_SWING_ELSE_CONTROL,True,816d3cfbc583d48a4e7de0a6b9718c7aeb093586d27ba9c62f275446f3529689,2023-03-30T23:15:00Z,1983.08,1963.98,8d74147ce76eaf439ea256edc30c494d28f23faa41fac84c360550823784e3a2
f79eccc391e5baf55dcc3049d27b4e77b36b78d7a894af8ff44874915ef605a3,1979.59,2023-03-31T01:55:00Z,3ab7ad3286f03d8b329eb7b8f68c89627261539c6e35651575e45e6b4111db67,2023-03-31T01:55:00Z,1979.58,1984.34,2023-04-01T00:00:00Z,2023-03-30T22:00:00Z,0.0,SHORT,1.0,-50.0,CONTROL_V2_FILLED_STOP,2023-03-31T01:55:00Z,CONFIRMED_25_75_RETEST_SPLIT,1979.58,True,13595b913eb91fddc26b74880d3617fd4db30575f1da99af5c58468d72e4f588,1.1514993365767419,0.40136886333477767,2023_03,-1.0,-1.0,STOP,2023-03-31T09:58:00Z,SPLIT_STOP_STOP,1ebd69892c681c4a7f6762515fef6bfad13118a2e9a0d525276ed4aefe3404e0,2023-03-31T09:58:00Z,FIRST_RETEST_FILLED,2023-03-31T02:10:00Z,2023-03-31T01:55:00Z,1979.59,True,True,INITIAL_CONFIRMATION_STOP,42c70de859f04e1639517fd8711d9e217f86655ba68f894d5775df9fb94a2706,307fa1e531309a7036ae679e935393102678ea18394ec1fff052175fe7d278a0,1984.34,4.919999999999992,0.2459999999999996,NOT_STRICTLY_CLOSER_THAN_CONTROL,H1_SOURCE_SWING_BUFFERED_ELSE_CONTROL,False,307fa1e531309a7036ae679e935393102678ea18394ec1fff052175fe7d278a0,2023-03-30T22:00:00Z,1984.34,1963.98,8d74147ce76eaf439ea256edc30c494d28f23faa41fac84c360550823784e3a2
9322501e7771b5d28bd96b0acab4ad5075978063ff213abc62698871b8b93336,1980.78,2023-03-31T07:30:00Z,04009a2875a6d54b302c5c14c6468dd05a0168b7b8a56c64e75561db80ec53e6,2023-03-31T07:30:00Z,1980.31,1983.66,2023-04-01T00:00:00Z,2023-03-31T07:00:00Z,0.0,SHORT,1.0,-50.0,CONTROL_V2_FILLED_STOP,2023-03-31T07:30:00Z,CONTROL_NEXT_M1_OPEN,1980.31,True,cc39aec6ebbf1b5dd334ba5ad8720a1da79a9474fb82d220a89b8c408c74c51d,1.1373134328357584,0.6597014925372974,2023_03,-1.0,-1.0,STOP,2023-03-31T09:55:00Z,STOP,b06d2eab8a6af93a708d18dc1bfa28fafa1f1ec16a60f865afd76ee0cbc2b803,2023-03-31T09:55:00Z,FIRST_RETEST_FILLED,2023-03-31T07:45:00Z,2023-03-31T07:32:00Z,1980.78,True,False,INITIAL_CONFIRMATION_STOP,82b9701075444096d1da12a4629e4162aa94ee461b32837e9b33f63ba342f941,a3b6c7a56233870875900811f761659fbd6419f772d9e529d0a5be0b79d1914a,1983.66,,,,CONTROL_V2_FILLED_STOP,False,,2023-03-31T07:30:00Z,1983.66,1977.68,d92f55ed1d064d9a1e3ba98a36c57ceb4f971dfa567c3316aceb8a7be451a03b
9322501e7771b5d28bd96b0acab4ad5075978063ff213abc62698871b8b93336,1980.78,2023-03-31T07:30:00Z,04009a2875a6d54b302c5c14c6468dd05a0168b7b8a56c64e75561db80ec53e6,2023-03-31T07:30:00Z,1980.31,1983.66,2023-04-01T00:00:00Z,2023-03-31T07:00:00Z,0.0,SHORT,0.4982515991471484,-50.0,M5_LATEST_CONFIRMED_OPPOSING_SWING_ELSE_CONTROL,2023-03-31T07:30:00Z,CONTROL_NEXT_M1_OPEN,1980.31,True,18e4f46920223537993c56d97ee346d7104941fa4f484e5b2d493bd3f40d512e,1.0364601163984064,1.3240328654569318,2023_03,-1.0,-1.0,STOP,2023-03-31T09:55:00Z,STOP,eeabd2ebb4cee068301199b16d890b20406db2169f69956ff4c184458d3585c6,2023-03-31T09:22:00Z,FIRST_RETEST_FILLED,2023-03-31T07:45:00Z,2023-03-31T07:32:00Z,1980.78,True,False,INITIAL_CONFIRMATION_STOP,b71a968e4fc7e221261373933e7a2ee1294996a7db5a06e6c14bd6211fed3eef,a3b6c7a56233870875900811f761659fbd6419f772d9e529d0a5be0b79d1914a,1981.979142857143,0.5828571428571324,0.029142857142856624,,M5_LATEST_CONFIRMED_OPPOSING_SWING_ELSE_CONTROL,True,3e4eed3da2d5db3381c776c3c7895c58d93ea867490ecda13cf9111ef6e4f13c,2023-03-31T06:35:00Z,1981.95,1977.68,d92f55ed1d064d9a1e3ba98a36c57ceb4f971dfa567c3316aceb8a7be451a03b
9322501e7771b5d28bd96b0acab4ad5075978063ff213abc62698871b8b93336,1980.78,2023-03-31T07:30:00Z,04009a2875a6d54b302c5c14c6468dd05a0168b7b8a56c64e75561db80ec53e6,2023-03-31T07:30:00Z,1980.31,1983.66,2023-04-01T00:00:00Z,2023-03-31T07:00:00Z,0.0,SHORT,0.9237313432835222,-50.0,M15_LATEST_CONFIRMED_OPPOSING_SWING_ELSE_CONTROL,2023-03-31T07:30:00Z,CONTROL_NEXT_M1_OPEN,1980.31,True,91cae987181d92962642d87638a9e5a708684aaad8f03ff7e90eac822ed132ef,1.2312166747455282,0.7141703021490029,2023_03,-1.0,-1.0,STOP,2023-03-31T09:55:00Z,STOP,7cebdd60d7929acee416314854d19e0d2b7cf794429d1d299fcf08a7c6d14664,2023-03-31T09:55:00Z,FIRST_RETEST_FILLED,2023-03-31T07:45:00Z,2023-03-31T07:32:00Z,1980.78,True,False,INITIAL_CONFIRMATION_STOP,b1061e4ce9f71b9364df945c39b2c8c7034b12711baf4dbea050f5652a06340b,a3b6c7a56233870875900811f761659fbd6419f772d9e529d0a5be0b79d1914a,1983.4044999999999,1.4900000000000415,0.07450000000000208,,M15_LATEST_CONFIRMED_OPPOSING_SWING_ELSE_CONTROL,True,29b332ce469036157acb393c4a6ae18f11245f7d8b3d81c060ab8b2bbc1bf8ab,2023-03-31T06:15:00Z,1983.33,1977.68,d92f55ed1d064d9a1e3ba98a36c57ceb4f971dfa567c3316aceb8a7be451a03b
9322501e7771b5d28bd96b0acab4ad5075978063ff213abc62698871b8b93336,1980.78,2023-03-31T07:30:00Z,04009a2875a6d54b302c5c14c6468dd05a0168b7b8a56c64e75561db80ec53e6,2023-03-31T07:30:00Z,1980.31,1983.66,2023-04-01T00:00:00Z,2023-03-31T07:00:00Z,0.0,SHORT,1.0,-50.0,CONTROL_V2_FILLED_STOP,2023-03-31T07:30:00Z,CONTROL_NEXT_M1_OPEN,1980.31,True,5bf650b1a0084c99128716704b91d04d0c79b7db5f09830f52044bc40630b966,1.1373134328357584,0.6597014925372974,2023_03,-1.0,-1.0,STOP,2023-03-31T09:55:00Z,STOP,efdd8b1e4bfb49100ed67e4bead04ecfb4ce4c5ee9689ca5b54390d87c2e7901,2023-03-31T09:55:00Z,FIRST_RETEST_FILLED,2023-03-31T07:45:00Z,2023-03-31T07:32:00Z,1980.78,True,False,INITIAL_CONFIRMATION_STOP,40361d48a432ae3f30aecbb342fee1d57bd9c0380df78999f1f8dbe671ac02d9,a3b6c7a56233870875900811f761659fbd6419f772d9e529d0a5be0b79d1914a,1983.66,4.4542857142857235,0.2227142857142862,NOT_STRICTLY_CLOSER_THAN_CONTROL,H1_SOURCE_SWING_BUFFERED_ELSE_CONTROL,False,a3b6c7a56233870875900811f761659fbd6419f772d9e529d0a5be0b79d1914a,2023-03-31T07:00:00Z,1983.66,1977.68,d92f55ed1d064d9a1e3ba98a36c57ceb4f971dfa567c3316aceb8a7be451a03b
9322501e7771b5d28bd96b0acab4ad5075978063ff213abc62698871b8b93336,1980.78,2023-03-31T07:30:00Z,04009a2875a6d54b302c5c14c6468dd05a0168b7b8a56c64e75561db80ec53e6,2023-03-31T07:30:00Z,1980.31,1983.66,2023-04-01T00:00:00Z,2023-03-31T07:00:00Z,0.0,SHORT,1.0,-50.0,CONTROL_V2_FILLED_STOP,2023-03-31T07:32:00Z,M5_BROKEN_CONTROL_FIRST_RETEST,1980.78,True,cc39aec6ebbf1b5dd334ba5ad8720a1da79a9474fb82d220a89b8c408c74c51d,1.15972222222215,0.9305555555555424,2023_03,-1.0,-1.0,STOP,2023-03-31T09:55:00Z,STOP,95080526c4416a474db6e4b3f2dbbecb655cefd34d684f1ab767e65a248384a7,2023-03-31T09:55:00Z,FIRST_RETEST_FILLED,2023-03-31T07:45:00Z,2023-03-31T07:32:00Z,1980.78,True,True,INITIAL_CONFIRMATION_STOP,f96074644dfd6bcf8967b743f802dfc3657bba65333d6e351df15f3b96d48072,a3b6c7a56233870875900811f761659fbd6419f772d9e529d0a5be0b79d1914a,1983.66,,,,CONTROL_V2_FILLED_STOP,False,,2023-03-31T07:30:00Z,1983.66,1977.68,d92f55ed1d064d9a1e3ba98a36c57ceb4f971dfa567c3316aceb8a7be451a03b
9322501e7771b5d28bd96b0acab4ad5075978063ff213abc62698871b8b93336,1980.78,2023-03-31T07:30:00Z,04009a2875a6d54b302c5c14c6468dd05a0168b7b8a56c64e75561db80ec53e6,2023-03-31T07:30:00Z,1980.31,1983.66,2023-04-01T00:00:00Z,2023-03-31T07:00:00Z,0.0,SHORT,0.4982515991471484,-50.0,M5_LATEST_CONFIRMED_OPPOSING_SWING_ELSE_CONTROL,2023-03-31T07:32:00Z,M5_BROKEN_CONTROL_FIRST_RETEST,1980.78,True,18e4f46920223537993c56d97ee346d7104941fa4f484e5b2d493bd3f40d512e,1.0507505360970901,2.234929711698642,2023_03,-1.0,-1.0,STOP,2023-03-31T09:55:00Z,STOP,9a587224ed3d3705f3ebada55741c32400b0bb689a1faca250445fd9dc9c9086,2023-03-31T09:22:00Z,FIRST_RETEST_FILLED,2023-03-31T07:45:00Z,2023-03-31T07:32:00Z,1980.78,True,True,INITIAL_CONFIRMATION_STOP,e0f6c122266e06d0bded84edc2a56700fc71ce995205017217a19d8c656bcfb3,a3b6c7a56233870875900811f761659fbd6419f772d9e529d0a5be0b79d1914a,1981.979142857143,0.5828571428571324,0.029142857142856624,,M5_LATEST_CONFIRMED_OPPOSING_SWING_ELSE_CONTROL,True,3e4eed3da2d5db3381c776c3c7895c58d93ea867490ecda13cf9111ef6e4f13c,2023-03-31T06:35:00Z,1981.95,1977.68,d92f55ed1d064d9a1e3ba98a36c57ceb4f971dfa567c3316aceb8a7be451a03b
9322501e7771b5d28bd96b0acab4ad5075978063ff213abc62698871b8b93336,1980.78,2023-03-31T07:30:00Z,04009a2875a6d54b302c5c14c6468dd05a0168b7b8a56c64e75561db80ec53e6,2023-03-31T07:30:00Z,1980.31,1983.66,2023-04-01T00:00:00Z,2023-03-31T07:00:00Z,0.0,SHORT,0.9237313432835222,-50.0,M15_LATEST_CONFIRMED_OPPOSING_SWING_ELSE_CONTROL,2023-03-31T07:32:00Z,M5_BROKEN_CONTROL_FIRST_RETEST,1980.78,True,91cae987181d92962642d87638a9e5a708684aaad8f03ff7e90eac822ed132ef,1.2726233568298906,1.0211468851210392,2023_03,-1.0,-1.0,STOP,2023-03-31T09:55:00Z,STOP,ba4698e02c0aeb9fc611e35bfca4345232c311d3f614fc144506b344ada38c1f,2023-03-31T09:55:00Z,FIRST_RETEST_FILLED,2023-03-31T07:45:00Z,2023-03-31T07:32:00Z,1980.78,True,True,INITIAL_CONFIRMATION_STOP,283142541af81ce8204ccf113fe0dd6f70ae98129245bd08b3843b6c1dad06b1,a3b6c7a56233870875900811f761659fbd6419f772d9e529d0a5be0b79d1914a,1983.4044999999999,1.4900000000000415,0.07450000000000208,,M15_LATEST_CONFIRMED_OPPOSING_SWING_ELSE_CONTROL,True,29b332ce469036157acb393c4a6ae18f11245f7d8b3d81c060ab8b2bbc1bf8ab,2023-03-31T06:15:00Z,1983.33,1977.68,d92f55ed1d064d9a1e3ba98a36c57ceb4f971dfa567c3316aceb8a7be451a03b
9322501e7771b5d28bd96b0acab4ad5075978063ff213abc62698871b8b93336,1980.78,2023-03-31T07:30:00Z,04009a2875a6d54b302c5c14c6468dd05a0168b7b8a56c64e75561db80ec53e6,2023-03-31T07:30:00Z,1980.31,1983.66,2023-04-01T00:00:00Z,2023-03-31T07:00:00Z,0.0,SHORT,1.0,-50.0,CONTROL_V2_FILLED_STOP,2023-03-31T07:32:00Z,M5_BROKEN_CONTROL_FIRST_RETEST,1980.78,True,5bf650b1a0084c99128716704b91d04d0c79b7db5f09830f52044bc40630b966,1.15972222222215,0.9305555555555424,2023_03,-1.0,-1.0,STOP,2023-03-31T09:55:00Z,STOP,6b7eb1cf5674bead64f379c1a4fc8644a5d2a4b2f9f6e478ddc70d01bde3b018,2023-03-31T09:55:00Z,FIRST_RETEST_FILLED,2023-03-31T07:45:00Z,2023-03-31T07:32:00Z,1980.78,True,True,INITIAL_CONFIRMATION_STOP,f87307233e30858c6866fa530e76779a71e123e7f72efc688450aa846a01aa34,a3b6c7a56233870875900811f761659fbd6419f772d9e529d0a5be0b79d1914a,1983.66,4.4542857142857235,0.2227142857142862,NOT_STRICTLY_CLOSER_THAN_CONTROL,H1_SOURCE_SWING_BUFFERED_ELSE_CONTROL,False,a3b6c7a56233870875900811f761659fbd6419f772d9e529d0a5be0b79d1914a,2023-03-31T07:00:00Z,1983.66,1977.68,d92f55ed1d064d9a1e3ba98a36c57ceb4f971dfa567c3316aceb8a7be451a03b
9322501e7771b5d28bd96b0acab4ad5075978063ff213abc62698871b8b93336,1980.78,2023-03-31T07:30:00Z,04009a2875a6d54b302c5c14c6468dd05a0168b7b8a56c64e75561db80ec53e6,2023-03-31T07:30:00Z,1980.31,1983.66,2023-04-01T00:00:00Z,2023-03-31T07:00:00Z,0.0,SHORT,1.0,-50.0,CONTROL_V2_FILLED_STOP,2023-03-31T07:30:00Z,CONFIRMED_25_75_RETEST_SPLIT,1980.31,True,cc39aec6ebbf1b5dd334ba5ad8720a1da79a9474fb82d220a89b8c408c74c51d,1.154120024875552,0.8628420398009811,2023_03,-1.0,-1.0,STOP,2023-03-31T09:55:00Z,SPLIT_STOP_STOP,83fbf4ed9cbef9484f10ed6f82dbe15f98f2a44091acca093596309be03b6392,2023-03-31T09:55:00Z,FIRST_RETEST_FILLED,2023-03-31T07:45:00Z,2023-03-31T07:32:00Z,1980.78,True,True,INITIAL_CONFIRMATION_STOP,c5574e1756f92305f3e26f155dd90a68972e6453029629abe7ce6de9348ad128,a3b6c7a56233870875900811f761659fbd6419f772d9e529d0a5be0b79d1914a,1983.66,,,,CONTROL_V2_FILLED_STOP,False,,2023-03-31T07:30:00Z,1983.66,1977.68,d92f55ed1d064d9a1e3ba98a36c57ceb4f971dfa567c3316aceb8a7be451a03b
9322501e7771b5d28bd96b0acab4ad5075978063ff213abc62698871b8b93336,1980.78,2023-03-31T07:30:00Z,04009a2875a6d54b302c5c14c6468dd05a0168b7b8a56c64e75561db80ec53e6,2023-03-31T07:30:00Z,1980.31,1983.66,2023-04-01T00:00:00Z,2023-03-31T07:00:00Z,0.0,SHORT,0.4982515991471484,-50.0,M5_LATEST_CONFIRMED_OPPOSING_SWING_ELSE_CONTROL,2023-03-31T07:30:00Z,CONFIRMED_25_75_RETEST_SPLIT,1980.31,True,18e4f46920223537993c56d97ee346d7104941fa4f484e5b2d493bd3f40d512e,1.0471779311724192,2.0072055001382143,2023_03,-1.0,-1.0,STOP,2023-03-31T09:55:00Z,SPLIT_STOP_STOP,0a73ed2b592e9293865d5b247df88e9bf68835f69075ccb54a29a9b1913f2b9a,2023-03-31T09:22:00Z,FIRST_RETEST_FILLED,2023-03-31T07:45:00Z,2023-03-31T07:32:00Z,1980.78,True,True,INITIAL_CONFIRMATION_STOP,022e000c2288be6c64b53619d79b3bdbad05f8b0703a34c05c30000df51b34d2,a3b6c7a56233870875900811f761659fbd6419f772d9e529d0a5be0b79d1914a,1981.979142857143,0.5828571428571324,0.029142857142856624,,M5_LATEST_CONFIRMED_OPPOSING_SWING_ELSE_CONTROL,True,3e4eed3da2d5db3381c776c3c7895c58d93ea867490ecda13cf9111ef6e4f13c,2023-03-31T06:35:00Z,1981.95,1977.68,d92f55ed1d064d9a1e3ba98a36c57ceb4f971dfa567c3316aceb8a7be451a03b
9322501e7771b5d28bd96b0acab4ad5075978063ff213abc62698871b8b93336,1980.78,2023-03-31T07:30:00Z,04009a2875a6d54b302c5c14c6468dd05a0168b7b8a56c64e75561db80ec53e6,2023-03-31T07:30:00Z,1980.31,1983.66,2023-04-01T00:00:00Z,2023-03-31T07:00:00Z,0.0,SHORT,0.9237313432835222,-50.0,M15_LATEST_CONFIRMED_OPPOSING_SWING_ELSE_CONTROL,2023-03-31T07:30:00Z,CONFIRMED_25_75_RETEST_SPLIT,1980.31,True,91cae987181d92962642d87638a9e5a708684aaad8f03ff7e90eac822ed132ef,1.2622716863088002,0.9444027393780301,2023_03,-1.0,-1.0,STOP,2023-03-31T09:55:00Z,SPLIT_STOP_STOP,4070b20e910cef811a69d9b51d6a6fb53fd85d7146e637664f0f7538dc301561,2023-03-31T09:55:00Z,FIRST_RETEST_FILLED,2023-03-31T07:45:00Z,2023-03-31T07:32:00Z,1980.78,True,True,INITIAL_CONFIRMATION_STOP,95a82242520d7b6e50c88b69172e47c57b981e010872507c47e0f0a47964beb4,a3b6c7a56233870875900811f761659fbd6419f772d9e529d0a5be0b79d1914a,1983.4044999999999,1.4900000000000415,0.07450000000000208,,M15_LATEST_CONFIRMED_OPPOSING_SWING_ELSE_CONTROL,True,29b332ce469036157acb393c4a6ae18f11245f7d8b3d81c060ab8b2bbc1bf8ab,2023-03-31T06:15:00Z,1983.33,1977.68,d92f55ed1d064d9a1e3ba98a36c57ceb4f971dfa567c3316aceb8a7be451a03b
9322501e7771b5d28bd96b0acab4ad5075978063ff213abc62698871b8b93336,1980.78,2023-03-31T07:30:00Z,04009a2875a6d54b302c5c14c6468dd05a0168b7b8a56c64e75561db80ec53e6,2023-03-31T07:30:00Z,1980.31,1983.66,2023-04-01T00:00:00Z,2023-03-31T07:00:00Z,0.0,SHORT,1.0,-50.0,CONTROL_V2_FILLED_STOP,2023-03-31T07:30:00Z,CONFIRMED_25_75_RETEST_SPLIT,1980.31,True,5bf650b1a0084c99128716704b91d04d0c79b7db5f09830f52044bc40630b966,1.154120024875552,0.8628420398009811,2023_03,-1.0,-1.0,STOP,2023-03-31T09:55:00Z,SPLIT_STOP_STOP,ab774b3a7e604c9e9db9693dc838053a00f2b2dae4c4d907f6f72b7bc6645ed7,2023-03-31T09:55:00Z,FIRST_RETEST_FILLED,2023-03-31T07:45:00Z,2023-03-31T07:32:00Z,1980.78,True,True,INITIAL_CONFIRMATION_STOP,06194ad0824cf814df4862a7210d3c16b3999d660f80549bc94b754c146ecd86,a3b6c7a56233870875900811f761659fbd6419f772d9e529d0a5be0b79d1914a,1983.66,4.4542857142857235,0.2227142857142862,NOT_STRICTLY_CLOSER_THAN_CONTROL,H1_SOURCE_SWING_BUFFERED_ELSE_CONTROL,False,a3b6c7a56233870875900811f761659fbd6419f772d9e529d0a5be0b79d1914a,2023-03-31T07:00:00Z,1983.66,1977.68,d92f55ed1d064d9a1e3ba98a36c57ceb4f971dfa567c3316aceb8a7be451a03b
5b35fef22aa9d9ce176cd30fcab127bdc0113454b5d960200a502da08c1dddef,1983.33,2023-03-31T09:55:00Z,00ff2eef7fa97f2ac4104ef59bf5b407e82888ca00a9403096ea917146a64f00,2023-03-31T09:55:00Z,1983.4,1977.68,2023-04-01T00:00:00Z,2023-03-31T06:00:00Z,0.0,LONG,1.0,8.216783216781668,CONTROL_V2_FILLED_STOP,2023-03-31T09:55:00Z,CONTROL_NEXT_M1_OPEN,1983.4,True,8b5e429bfb4e12c1a4daedbf2132045976b3547a64d23fc0d178c81dd992e2df,0.0,0.2902097902097634,2023_03,0.16433566433563335,0.16433566433563335,TARGET,2023-03-31T09:58:00Z,TARGET,ad20b84de1fb1f8b2b22a67a06fa3eb048d1db070788429cf0abb8c8988dc461,2023-03-31T09:58:00Z,TARGET_BEFORE_RETEST,2023-03-31T10:10:00Z,,1983.33,False,False,INITIAL_CONFIRMATION_TARGET,242ee05c1de58525664e35d2d6c5c078d959af852d14555e812be4fd4f509dfe,469016f1e37ecc129bcf4b54b2ad8b370b6dce32341d5e166a831ee2c28e03db,1977.68,,,,CONTROL_V2_FILLED_STOP,False,,2023-03-31T09:55:00Z,1977.68,1984.34,1d764f98865c339f9e7f5d0025fac51d7190e61b68e9489886efef2c441226ee
5b35fef22aa9d9ce176cd30fcab127bdc0113454b5d960200a502da08c1dddef,1983.33,2023-03-31T09:55:00Z,00ff2eef7fa97f2ac4104ef59bf5b407e82888ca00a9403096ea917146a64f00,2023-03-31T09:55:00Z,1983.4,1977.68,2023-04-01T00:00:00Z,2023-03-31T06:00:00Z,0.2470236029696562,LONG,0.3994942557442663,20.56796336526448,M5_LATEST_CONFIRMED_OPPOSING_SWING_ELSE_CONTROL,2023-03-31T09:55:00Z,CONTROL_NEXT_M1_OPEN,1983.4,True,1b772b3497f2ea584f53c2527cc8e99fdf01130acc6c787585d7fb16a3d2cb48,0.0,0.7264429614115386,2023_03,0.41135926730528954,0.16433566433563335,TARGET,2023-03-31T09:58:00Z,TARGET,32c963769a7d156f73bc4d17150a28b4c866454382a751e401eba399217a6694,2023-03-31T09:58:00Z,TARGET_BEFORE_RETEST,2023-03-31T10:10:00Z,,1983.33,False,False,INITIAL_CONFIRMATION_TARGET,94b3c1ee15299326c2916499fd27d598a30ffeac82b282865befe022712baf4d,469016f1e37ecc129bcf4b54b2ad8b370b6dce32341d5e166a831ee2c28e03db,1981.1148928571429,1.1021428571428455,0.05510714285714228,,M5_LATEST_CONFIRMED_OPPOSING_SWING_ELSE_CONTROL,True,e3e0a8ccf7f065ba10a94c4b350901870eefe5c5c88dc6f288df6f40dc784108,2023-03-31T09:45:00Z,1981.17,1984.34,1d764f98865c339f9e7f5d0025fac51d7190e61b68e9489886efef2c441226ee
5b35fef22aa9d9ce176cd30fcab127bdc0113454b5d960200a502da08c1dddef,1983.33,2023-03-31T09:55:00Z,00ff2eef7fa97f2ac4104ef59bf5b407e82888ca00a9403096ea917146a64f00,2023-03-31T09:55:00Z,1983.4,1977.68,2023-04-01T00:00:00Z,2023-03-31T06:00:00Z,0.01075979994671375,LONG,0.9385489510489933,8.754773214117355,M15_LATEST_CONFIRMED_OPPOSING_SWING_ELSE_CONTROL,2023-03-31T09:55:00Z,CONTROL_NEXT_M1_OPEN,1983.4,True,23d6594314296c1b102a487beb74f33783f2d7d79ed5493d8e390d3e467e139c,0.0,0.30921113905183417,2023_03,0.1750954642823471,0.16433566433563335,TARGET,2023-03-31T09:58:00Z,TARGET,8f7bc8ab7d166e94907e74b521b7e58a3d379a52a1153c80d204b9e5e55c62a5,2023-03-31T09:58:00Z,TARGET_BEFORE_RETEST,2023-03-31T10:10:00Z,,1983.33,False,False,INITIAL_CONFIRMATION_TARGET,bb83892a619bb15ae67fed54d147f6d41fde0984242007f40edc1d42128ac826,469016f1e37ecc129bcf4b54b2ad8b370b6dce32341d5e166a831ee2c28e03db,1978.0314999999998,1.3700000000000045,0.06850000000000023,,M15_LATEST_CONFIRMED_OPPOSING_SWING_ELSE_CONTROL,True,8c1ba01157fc1eec26fab65cf9cb00717686bb537931fe6f0ba6a01b13c86505,2023-03-31T09:15:00Z,1978.1,1984.34,1d764f98865c339f9e7f5d0025fac51d7190e61b68e9489886efef2c441226ee
5b35fef22aa9d9ce176cd30fcab127bdc0113454b5d960200a502da08c1dddef,1983.33,2023-03-31T09:55:00Z,00ff2eef7fa97f2ac4104ef59bf5b407e82888ca00a9403096ea917146a64f00,2023-03-31T09:55:00Z,1983.4,1977.68,2023-04-01T00:00:00Z,2023-03-31T06:00:00Z,0.0,LONG,1.0,8.216783216781668,CONTROL_V2_FILLED_STOP,2023-03-31T09:55:00Z,CONTROL_NEXT_M1_OPEN,1983.4,True,16e47d6d67eb184959f1c1488bb5a038d60d0c0187889f00ed88b91e4a0eb3aa,0.0,0.2902097902097634,2023_03,0.16433566433563335,0.16433566433563335,TARGET,2023-03-31T09:58:00Z,TARGET,e7ebe7b5ae902118a7600e2b63e17670a233f531cc800e8372ef5d7ee93866a7,2023-03-31T09:58:00Z,TARGET_BEFORE_RETEST,2023-03-31T10:10:00Z,,1983.33,False,False,INITIAL_CONFIRMATION_TARGET,5579016588055819651bc3c0eef3f831e62cbf8620424627c150576dce8a0c82,469016f1e37ecc129bcf4b54b2ad8b370b6dce32341d5e166a831ee2c28e03db,1977.68,4.040714285714297,0.20203571428571487,NOT_STRICTLY_CLOSER_THAN_CONTROL,H1_SOURCE_SWING_BUFFERED_ELSE_CONTROL,False,469016f1e37ecc129bcf4b54b2ad8b370b6dce32341d5e166a831ee2c28e03db,2023-03-31T06:00:00Z,1977.68,1984.34,1d764f98865c339f9e7f5d0025fac51d7190e61b68e9489886efef2c441226ee
5b35fef22aa9d9ce176cd30fcab127bdc0113454b5d960200a502da08c1dddef,1983.33,2023-03-31T09:55:00Z,00ff2eef7fa97f2ac4104ef59bf5b407e82888ca00a9403096ea917146a64f00,2023-03-31T09:55:00Z,1983.4,1977.68,2023-04-01T00:00:00Z,2023-03-31T06:00:00Z,-0.16433566433563335,LONG,1.0,0.0,CONTROL_V2_FILLED_STOP,,M5_BROKEN_CONTROL_FIRST_RETEST,,False,8b5e429bfb4e12c1a4daedbf2132045976b3547a64d23fc0d178c81dd992e2df,,,2023_03,0.0,0.16433566433563335,TARGET,2023-03-31T09:58:00Z,NO_FILL,aca77b56a17c89ba7db4718dfea0ee7962581cc6e1409acf1f133f62ee5daf2e,,TARGET_BEFORE_RETEST,2023-03-31T10:10:00Z,,1983.33,False,False,INITIAL_CONFIRMATION_TARGET,7da68f6c72ccaf8f0e4f1bb71a135167613943896b844773c7315ba852ae5c1d,469016f1e37ecc129bcf4b54b2ad8b370b6dce32341d5e166a831ee2c28e03db,1977.68,,,,CONTROL_V2_FILLED_STOP,False,,2023-03-31T09:55:00Z,1977.68,1984.34,1d764f98865c339f9e7f5d0025fac51d7190e61b68e9489886efef2c441226ee
5b35fef22aa9d9ce176cd30fcab127bdc0113454b5d960200a502da08c1dddef,1983.33,2023-03-31T09:55:00Z,00ff2eef7fa97f2ac4104ef59bf5b407e82888ca00a9403096ea917146a64f00,2023-03-31T09:55:00Z,1983.4,1977.68,2023-04-01T00:00:00Z,2023-03-31T06:00:00Z,-0.16433566433563335,LONG,0.3994942557442663,0.0,M5_LATEST_CONFIRMED_OPPOSING_SWING_ELSE_CONTROL,,M5_BROKEN_CONTROL_FIRST_RETEST,,False,1b772b3497f2ea584f53c2527cc8e99fdf01130acc6c787585d7fb16a3d2cb48,,,2023_03,0.0,0.16433566433563335,TARGET,2023-03-31T09:58:00Z,NO_FILL,40ed1e5af8ba1e91d9335710d0d8899135ad1b6498a0833cc14f14c180aa8693,,TARGET_BEFORE_RETEST,2023-03-31T10:10:00Z,,1983.33,False,False,INITIAL_CONFIRMATION_TARGET,6bcc1bad4f6d2b6d2d0d058334f735be3cd207f342e591bba3a6c9c3780ae89e,469016f1e37ecc129bcf4b54b2ad8b370b6dce32341d5e166a831ee2c28e03db,1981.1148928571429,1.1021428571428455,0.05510714285714228,,M5_LATEST_CONFIRMED_OPPOSING_SWING_ELSE_CONTROL,True,e3e0a8ccf7f065ba10a94c4b350901870eefe5c5c88dc6f288df6f40dc784108,2023-03-31T09:45:00Z,1981.17,1984.34,1d764f98865c339f9e7f5d0025fac51d7190e61b68e9489886efef2c441226ee
5b35fef22aa9d9ce176cd30fcab127bdc0113454b5d960200a502da08c1dddef,1983.33,2023-03-31T09:55:00Z,00ff2eef7fa97f2ac4104ef59bf5b407e82888ca00a9403096ea917146a64f00,2023-03-31T09:55:00Z,1983.4,1977.68,2023-04-01T00:00:00Z,2023-03-31T06:00:00Z,-0.16433566433563335,LONG,0.9385489510489933,0.0,M15_LATEST_CONFIRMED_OPPOSING_SWING_ELSE_CONTROL,,M5_BROKEN_CONTROL_FIRST_RETEST,,False,23d6594314296c1b102a487beb74f33783f2d7d79ed5493d8e390d3e467e139c,,,2023_03,0.0,0.16433566433563335,TARGET,2023-03-31T09:58:00Z,NO_FILL,0bfd844a78c7c571b65ceb4117964c29bdea54d912131c41b57b14eb3b2cbe3e,,TARGET_BEFORE_RETEST,2023-03-31T10:10:00Z,,1983.33,False,False,INITIAL_CONFIRMATION_TARGET,c341180b49cc2077590ba16c3c4d7504758733cc6ad541e90947673c033e2527,469016f1e37ecc129bcf4b54b2ad8b370b6dce32341d5e166a831ee2c28e03db,1978.0314999999998,1.3700000000000045,0.06850000000000023,,M15_LATEST_CONFIRMED_OPPOSING_SWING_ELSE_CONTROL,True,8c1ba01157fc1eec26fab65cf9cb00717686bb537931fe6f0ba6a01b13c86505,2023-03-31T09:15:00Z,1978.1,1984.34,1d764f98865c339f9e7f5d0025fac51d7190e61b68e9489886efef2c441226ee
5b35fef22aa9d9ce176cd30fcab127bdc0113454b5d960200a502da08c1dddef,1983.33,2023-03-31T09:55:00Z,00ff2eef7fa97f2ac4104ef59bf5b407e82888ca00a9403096ea917146a64f00,2023-03-31T09:55:00Z,1983.4,1977.68,2023-04-01T00:00:00Z,2023-03-31T06:00:00Z,-0.16433566433563335,LONG,1.0,0.0,CONTROL_V2_FILLED_STOP,,M5_BROKEN_CONTROL_FIRST_RETEST,,False,16e47d6d67eb184959f1c1488bb5a038d60d0c0187889f00ed88b91e4a0eb3aa,,,2023_03,0.0,0.16433566433563335,TARGET,2023-03-31T09:58:00Z,NO_FILL,dad9abd35ffbd8bbf81f1c5c2a05c7ee3522493484ebad968891a240d046770b,,TARGET_BEFORE_RETEST,2023-03-31T10:10:00Z,,1983.33,False,False,INITIAL_CONFIRMATION_TARGET,e0db2b064a39dbb84b14affdcd887cd84635e1ba27cbd35be9e821498a90be07,469016f1e37ecc129bcf4b54b2ad8b370b6dce32341d5e166a831ee2c28e03db,1977.68,4.040714285714297,0.20203571428571487,NOT_STRICTLY_CLOSER_THAN_CONTROL,H1_SOURCE_SWING_BUFFERED_ELSE_CONTROL,False,469016f1e37ecc129bcf4b54b2ad8b370b6dce32341d5e166a831ee2c28e03db,2023-03-31T06:00:00Z,1977.68,1984.34,1d764f98865c339f9e7f5d0025fac51d7190e61b68e9489886efef2c441226ee
5b35fef22aa9d9ce176cd30fcab127bdc0113454b5d960200a502da08c1dddef,1983.33,2023-03-31T09:55:00Z,00ff2eef7fa97f2ac4104ef59bf5b407e82888ca00a9403096ea917146a64f00,2023-03-31T09:55:00Z,1983.4,1977.68,2023-04-01T00:00:00Z,2023-03-31T06:00:00Z,-0.12325174825172501,LONG,1.0,2.054195804195417,CONTROL_V2_FILLED_STOP,2023-03-31T09:55:00Z,CONFIRMED_25_75_RETEST_SPLIT,1983.4,True,8b5e429bfb4e12c1a4daedbf2132045976b3547a64d23fc0d178c81dd992e2df,0.0,0.07255244755244085,2023_03,0.04108391608390834,0.16433566433563335,TARGET,2023-03-31T09:58:00Z,SPLIT_CONTROL_TARGET_NO_RETEST,904761eb828dd6453e05f765def763bc0fec332029465316b412ed8e83ef4f47,2023-03-31T09:58:00Z,TARGET_BEFORE_RETEST,2023-03-31T10:10:00Z,,1983.33,False,False,INITIAL_CONFIRMATION_TARGET,2122a30b8bffd5fff957fcc70424f54dc61d755b8cdf27bd11f1c5bad2ce151e,469016f1e37ecc129bcf4b54b2ad8b370b6dce32341d5e166a831ee2c28e03db,1977.68,,,,CONTROL_V2_FILLED_STOP,False,,2023-03-31T09:55:00Z,1977.68,1984.34,1d764f98865c339f9e7f5d0025fac51d7190e61b68e9489886efef2c441226ee
5b35fef22aa9d9ce176cd30fcab127bdc0113454b5d960200a502da08c1dddef,1983.33,2023-03-31T09:55:00Z,00ff2eef7fa97f2ac4104ef59bf5b407e82888ca00a9403096ea917146a64f00,2023-03-31T09:55:00Z,1983.4,1977.68,2023-04-01T00:00:00Z,2023-03-31T06:00:00Z,-0.06149584750931096,LONG,0.3994942557442663,5.14199084131612,M5_LATEST_CONFIRMED_OPPOSING_SWING_ELSE_CONTROL,2023-03-31T09:55:00Z,CONFIRMED_25_75_RETEST_SPLIT,1983.4,True,1b772b3497f2ea584f53c2527cc8e99fdf01130acc6c787585d7fb16a3d2cb48,0.0,0.18161074035288466,2023_03,0.10283981682632239,0.16433566433563335,TARGET,2023-03-31T09:58:00Z,SPLIT_CONTROL_TARGET_NO_RETEST,0e1787825d962f7dd7b2259debdbe7289c18fadc463b10a0675fdba1cf3d3dbc,2023-03-31T09:58:00Z,TARGET_BEFORE_RETEST,2023-03-31T10:10:00Z,,1983.33,False,False,INITIAL_CONFIRMATION_TARGET,82238c35ae96691e65cf45d31ebfbe6e090b09f2a710f415a912d892c1dd76b7,469016f1e37ecc129bcf4b54b2ad8b370b6dce32341d5e166a831ee2c28e03db,1981.1148928571429,1.1021428571428455,0.05510714285714228,,M5_LATEST_CONFIRMED_OPPOSING_SWING_ELSE_CONTROL,True,e3e0a8ccf7f065ba10a94c4b350901870eefe5c5c88dc6f288df6f40dc784108,2023-03-31T09:45:00Z,1981.17,1984.34,1d764f98865c339f9e7f5d0025fac51d7190e61b68e9489886efef2c441226ee
5b35fef22aa9d9ce176cd30fcab127bdc0113454b5d960200a502da08c1dddef,1983.33,2023-03-31T09:55:00Z,00ff2eef7fa97f2ac4104ef59bf5b407e82888ca00a9403096ea917146a64f00,2023-03-31T09:55:00Z,1983.4,1977.68,2023-04-01T00:00:00Z,2023-03-31T06:00:00Z,-0.12056179826504657,LONG,0.9385489510489933,2.1886933035293388,M15_LATEST_CONFIRMED_OPPOSING_SWING_ELSE_CONTROL,2023-03-31T09:55:00Z,CONFIRMED_25_75_RETEST_SPLIT,1983.4,True,23d6594314296c1b102a487beb74f33783f2d7d79ed5493d8e390d3e467e139c,0.0,0.07730278476295854,2023_03,0.043773866070586774,0.16433566433563335,TARGET,2023-03-31T09:58:00Z,SPLIT_CONTROL_TARGET_NO_RETEST,1bc627ceeb1078cc2b61f658be28a37e1897b666e68caf521471b69d0803f141,2023-03-31T09:58:00Z,TARGET_BEFORE_RETEST,2023-03-31T10:10:00Z,,1983.33,False,False,INITIAL_CONFIRMATION_TARGET,f15f9b59173307c056b8711931b800501913443deb8d663173d36ee12f86b73f,469016f1e37ecc129bcf4b54b2ad8b370b6dce32341d5e166a831ee2c28e03db,1978.0314999999998,1.3700000000000045,0.06850000000000023,,M15_LATEST_CONFIRMED_OPPOSING_SWING_ELSE_CONTROL,True,8c1ba01157fc1eec26fab65cf9cb00717686bb537931fe6f0ba6a01b13c86505,2023-03-31T09:15:00Z,1978.1,1984.34,1d764f98865c339f9e7f5d0025fac51d7190e61b68e9489886efef2c441226ee
5b35fef22aa9d9ce176cd30fcab127bdc0113454b5d960200a502da08c1dddef,1983.33,2023-03-31T09:55:00Z,00ff2eef7fa97f2ac4104ef59bf5b407e82888ca00a9403096ea917146a64f00,2023-03-31T09:55:00Z,1983.4,1977.68,2023-04-01T00:00:00Z,2023-03-31T06:00:00Z,-0.12325174825172501,LONG,1.0,2.054195804195417,CONTROL_V2_FILLED_STOP,2023-03-31T09:55:00Z,CONFIRMED_25_75_RETEST_SPLIT,1983.4,True,16e47d6d67eb184959f1c1488bb5a038d60d0c0187889f00ed88b91e4a0eb3aa,0.0,0.07255244755244085,2023_03,0.04108391608390834,0.16433566433563335,TARGET,2023-03-31T09:58:00Z,SPLIT_CONTROL_TARGET_NO_RETEST,2ff137c75176b36fd8d53f2b0db4e6245bd2336863be28a9589caec22f1d8e04,2023-03-31T09:58:00Z,TARGET_BEFORE_RETEST,2023-03-31T10:10:00Z,,1983.33,False,False,INITIAL_CONFIRMATION_TARGET,08527d6477d7a2d2608924172b1086f304696591f1b65863f9dca62cdd8ea7b6,469016f1e37ecc129bcf4b54b2ad8b370b6dce32341d5e166a831ee2c28e03db,1977.68,4.040714285714297,0.20203571428571487,NOT_STRICTLY_CLOSER_THAN_CONTROL,H1_SOURCE_SWING_BUFFERED_ELSE_CONTROL,False,469016f1e37ecc129bcf4b54b2ad8b370b6dce32341d5e166a831ee2c28e03db,2023-03-31T06:00:00Z,1977.68,1984.34,1d764f98865c339f9e7f5d0025fac51d7190e61b68e9489886efef2c441226ee
ae88ef3c209df73decaedd390fca70ddbcbcb7a1739c2dc8ea3c72024bac4bdd,1980.86,2023-03-31T14:15:00Z,e603f7f224707c2d11c8ed524768105c252c8ecbd8a57f7c0e9c50371dadce3c,2023-03-31T14:15:00Z,1980.99,1973.24,2023-04-01T00:00:00Z,2023-03-31T14:00:00Z,0.0,LONG,1.0,26.25806451612862,CONTROL_V2_FILLED_STOP,2023-03-31T14:15:00Z,CONTROL_NEXT_M1_OPEN,1980.99,True,c8483ced520ea14dd5288ff1404a132f8ca0e7f9b2799e90c7133e1f7e9876e1,0.6129032258064516,0.8425806451612868,2023_03,0.5251612903225724,0.5251612903225724,TARGET,2023-03-31T15:32:00Z,TARGET,2cdf6f0f935c79d02c01846a85e5e3028dd3b0de8a8392bb71ba2e0f5134f1b5,2023-03-31T15:32:00Z,FIRST_RETEST_FILLED,2023-03-31T14:30:00Z,2023-03-31T14:15:00Z,1980.86,True,False,INITIAL_CONFIRMATION_TARGET,ddd866b543c15e17ec214c4807f1912dc0e471c594bc374575ac1c4768685700,3bb4d0d37213684de4c24538cb7e66570b1554a5a2b360ff594076c02d9cab4c,1973.24,,,,CONTROL_V2_FILLED_STOP,False,,2023-03-31T14:15:00Z,1973.24,1985.06,4a29f48e22b1f05010d4157ce80c871459984487dd213fd5d6b56b4c6e4602cd
ae88ef3c209df73decaedd390fca70ddbcbcb7a1739c2dc8ea3c72024bac4bdd,1980.86,2023-03-31T14:15:00Z,e603f7f224707c2d11c8ed524768105c252c8ecbd8a57f7c0e9c50371dadce3c,2023-03-31T14:15:00Z,1980.99,1973.24,2023-04-01T00:00:00Z,2023-03-31T14:00:00Z,-1.5251612903225724,LONG,0.22862672811061202,-50.0,M5_LATEST_CONFIRMED_OPPOSING_SWING_ELSE_CONTROL,2023-03-31T14:15:00Z,CONTROL_NEXT_M1_OPEN,1980.99,True,4bb5d4e5d8e187ce804e4ddb5481d3d31bb9dcb5d7ef6744aeb30c8e178ccee4,1.015883254051356,0.5474481980165933,2023_03,-1.0,0.5251612903225724,TARGET,2023-03-31T15:32:00Z,STOP,eb7f9c379a4a10a71d774fcc3ff291e4968b0bdbc7c702b1d7551a5bc448ef14,2023-03-31T15:10:00Z,FIRST_RETEST_FILLED,2023-03-31T14:30:00Z,2023-03-31T14:15:00Z,1980.86,True,False,INITIAL_CONFIRMATION_TARGET,c52dd8ee97f9bd3d246974f7a2334f8747c9074f691861f5b75584f9ae19b8f8,3bb4d0d37213684de4c24538cb7e66570b1554a5a2b360ff594076c02d9cab4c,1979.2181428571428,1.037142857142872,0.0518571428571436,,M5_LATEST_CONFIRMED_OPPOSING_SWING_ELSE_CONTROL,True,6410f4e12128d40616186d811f58653a30daa262b85fca4a94fdda2e345c48ed,2023-03-31T14:10:00Z,1979.27,1985.06,4a29f48e22b1f05010d4157ce80c871459984487dd213fd5d6b56b4c6e4602cd
ae88ef3c209df73decaedd390fca70ddbcbcb7a1739c2dc8ea3c72024bac4bdd,1980.86,2023-03-31T14:15:00Z,e603f7f224707c2d11c8ed524768105c252c8ecbd8a57f7c0e9c50371dadce3c,2023-03-31T14:15:00Z,1980.99,1973.24,2023-04-01T00:00:00Z,2023-03-31T14:00:00Z,-1.5251612903225724,LONG,0.5264516129032164,-50.0,M15_LATEST_CONFIRMED_OPPOSING_SWING_ELSE_CONTROL,2023-03-31T14:15:00Z,CONTROL_NEXT_M1_OPEN,1980.99,True,1661ff251f5f5d934e84eb12cc1cbb06a1681c654b4d2e7745a2256881dca934,1.1151960784313812,0.2377450980392266,2023_03,-1.0,0.5251612903225724,TARGET,2023-03-31T15:32:00Z,STOP,3d00f64c0c1d1df8970e5f975d1d21524de4c26ed161342cfbb67dbc72d59a8f,2023-03-31T15:22:00Z,FIRST_RETEST_FILLED,2023-03-31T14:30:00Z,2023-03-31T14:15:00Z,1980.86,True,False,INITIAL_CONFIRMATION_TARGET,53fd274b234a131a8a67cfa934d9e71f3fd992adf7377c6d7b1eb3782d96b5b9,3bb4d0d37213684de4c24538cb7e66570b1554a5a2b360ff594076c02d9cab4c,1976.91,2.3999999999999284,0.11999999999999643,,M15_LATEST_CONFIRMED_OPPOSING_SWING_ELSE_CONTROL,True,c0ed408d9b9b03cfd495603613a65ae80ae77553f24a1a875a599603ccf2bca0,2023-03-31T13:45:00Z,1977.03,1985.06,4a29f48e22b1f05010d4157ce80c871459984487dd213fd5d6b56b4c6e4602cd
ae88ef3c209df73decaedd390fca70ddbcbcb7a1739c2dc8ea3c72024bac4bdd,1980.86,2023-03-31T14:15:00Z,e603f7f224707c2d11c8ed524768105c252c8ecbd8a57f7c0e9c50371dadce3c,2023-03-31T14:15:00Z,1980.99,1973.24,2023-04-01T00:00:00Z,2023-03-31T14:00:00Z,0.0,LONG,1.0,26.25806451612862,CONTROL_V2_FILLED_STOP,2023-03-31T14:15:00Z,CONTROL_NEXT_M1_OPEN,1980.99,True,0cb076741cd0c24c1e949ff09195b17af298400a4a2281e11c3c46ba71f32d1b,0.6129032258064516,0.8425806451612868,2023_03,0.5251612903225724,0.5251612903225724,TARGET,2023-03-31T15:32:00Z,TARGET,f00e99592218493d31262eda13621a857d29989f1a0139d5ee73d52cc888016b,2023-03-31T15:32:00Z,FIRST_RETEST_FILLED,2023-03-31T14:30:00Z,2023-03-31T14:15:00Z,1980.86,True,False,INITIAL_CONFIRMATION_TARGET,e4855f7645e35e401ce6ad14808dcae08040a4b127d535fdf5917f916881915a,3bb4d0d37213684de4c24538cb7e66570b1554a5a2b360ff594076c02d9cab4c,1973.24,3.8192857142857486,0.19096428571428745,NOT_STRICTLY_CLOSER_THAN_CONTROL,H1_SOURCE_SWING_BUFFERED_ELSE_CONTROL,False,3bb4d0d37213684de4c24538cb7e66570b1554a5a2b360ff594076c02d9cab4c,2023-03-31T14:00:00Z,1973.24,1985.06,4a29f48e22b1f05010d4157ce80c871459984487dd213fd5d6b56b4c6e4602cd
ae88ef3c209df73decaedd390fca70ddbcbcb7a1739c2dc8ea3c72024bac4bdd,1980.86,2023-03-31T14:15:00Z,e603f7f224707c2d11c8ed524768105c252c8ecbd8a57f7c0e9c50371dadce3c,2023-03-31T14:15:00Z,1980.99,1973.24,2023-04-01T00:00:00Z,2023-03-31T14:00:00Z,0.026019812039646206,LONG,1.0,27.55905511811093,CONTROL_V2_FILLED_STOP,2023-03-31T14:15:00Z,M5_BROKEN_CONTROL_FIRST_RETEST,1980.86,True,c8483ced520ea14dd5288ff1404a132f8ca0e7f9b2799e90c7133e1f7e9876e1,0.6062992125984196,0.8740157480315193,2023_03,0.5511811023622186,0.5251612903225724,TARGET,2023-03-31T15:32:00Z,TARGET,a0f73bc4729f5bee9c871cfa26afea25b2bd2d2d51b1742cdc1a8216ac523f63,2023-03-31T15:32:00Z,FIRST_RETEST_FILLED,2023-03-31T14:30:00Z,2023-03-31T14:15:00Z,1980.86,True,True,INITIAL_CONFIRMATION_TARGET,6367f6f93881b03dcf59ae86f1d195780dfa6aefc6b66084ebc81f82d880a9c8,3bb4d0d37213684de4c24538cb7e66570b1554a5a2b360ff594076c02d9cab4c,1973.24,,,,CONTROL_V2_FILLED_STOP,False,,2023-03-31T14:15:00Z,1973.24,1985.06,4a29f48e22b1f05010d4157ce80c871459984487dd213fd5d6b56b4c6e4602cd
ae88ef3c209df73decaedd390fca70ddbcbcb7a1739c2dc8ea3c72024bac4bdd,1980.86,2023-03-31T14:15:00Z,e603f7f224707c2d11c8ed524768105c252c8ecbd8a57f7c0e9c50371dadce3c,2023-03-31T14:15:00Z,1980.99,1973.24,2023-04-01T00:00:00Z,2023-03-31T14:00:00Z,-1.5251612903225724,LONG,0.22862672811061202,-50.0,M5_LATEST_CONFIRMED_OPPOSING_SWING_ELSE_CONTROL,2023-03-31T14:15:00Z,M5_BROKEN_CONTROL_FIRST_RETEST,1980.86,True,4bb5d4e5d8e187ce804e4ddb5481d3d31bb9dcb5d7ef6744aeb30c8e178ccee4,1.017140868354562,0.6699730270600363,2023_03,-1.0,0.5251612903225724,TARGET,2023-03-31T15:32:00Z,STOP,f3ac5b5006da3ef2dbd400ab929a6d0bbdf5c76a68b6a90d9103cee2b820c59a,2023-03-31T15:10:00Z,FIRST_RETEST_FILLED,2023-03-31T14:30:00Z,2023-03-31T14:15:00Z,1980.86,True,True,INITIAL_CONFIRMATION_TARGET,dfc852d17229242b2b221e9468b9d76a2ee3bea653f89d0745bae5b1d04fedcc,3bb4d0d37213684de4c24538cb7e66570b1554a5a2b360ff594076c02d9cab4c,1979.2181428571428,1.037142857142872,0.0518571428571436,,M5_LATEST_CONFIRMED_OPPOSING_SWING_ELSE_CONTROL,True,6410f4e12128d40616186d811f58653a30daa262b85fca4a94fdda2e345c48ed,2023-03-31T14:10:00Z,1979.27,1985.06,4a29f48e22b1f05010d4157ce80c871459984487dd213fd5d6b56b4c6e4602cd
ae88ef3c209df73decaedd390fca70ddbcbcb7a1739c2dc8ea3c72024bac4bdd,1980.86,2023-03-31T14:15:00Z,e603f7f224707c2d11c8ed524768105c252c8ecbd8a57f7c0e9c50371dadce3c,2023-03-31T14:15:00Z,1980.99,1973.24,2023-04-01T00:00:00Z,2023-03-31T14:00:00Z,-1.5251612903225724,LONG,0.5264516129032164,-50.0,M15_LATEST_CONFIRMED_OPPOSING_SWING_ELSE_CONTROL,2023-03-31T14:15:00Z,M5_BROKEN_CONTROL_FIRST_RETEST,1980.86,True,1661ff251f5f5d934e84eb12cc1cbb06a1681c654b4d2e7745a2256881dca934,1.1189873417721643,0.2784810126582752,2023_03,-1.0,0.5251612903225724,TARGET,2023-03-31T15:32:00Z,STOP,43a825db3c5975f53dbc784173bc24a1385b982f730b9b6eee089decdbc4b036,2023-03-31T15:22:00Z,FIRST_RETEST_FILLED,2023-03-31T14:30:00Z,2023-03-31T14:15:00Z,1980.86,True,True,INITIAL_CONFIRMATION_TARGET,747e3705724cb1d737a810cc1ff6c8a650cf2ec7c94f0a9b75789524de933ffb,3bb4d0d37213684de4c24538cb7e66570b1554a5a2b360ff594076c02d9cab4c,1976.91,2.3999999999999284,0.11999999999999643,,M15_LATEST_CONFIRMED_OPPOSING_SWING_ELSE_CONTROL,True,c0ed408d9b9b03cfd495603613a65ae80ae77553f24a1a875a599603ccf2bca0,2023-03-31T13:45:00Z,1977.03,1985.06,4a29f48e22b1f05010d4157ce80c871459984487dd213fd5d6b56b4c6e4602cd
ae88ef3c209df73decaedd390fca70ddbcbcb7a1739c2dc8ea3c72024bac4bdd,1980.86,2023-03-31T14:15:00Z,e603f7f224707c2d11c8ed524768105c252c8ecbd8a57f7c0e9c50371dadce3c,2023-03-31T14:15:00Z,1980.99,1973.24,2023-04-01T00:00:00Z,2023-03-31T14:00:00Z,0.026019812039646206,LONG,1.0,27.55905511811093,CONTROL_V2_FILLED_STOP,2023-03-31T14:15:00Z,M5_BROKEN_CONTROL_FIRST_RETEST,1980.86,True,0cb076741cd0c24c1e949ff09195b17af298400a4a2281e11c3c46ba71f32d1b,0.6062992125984196,0.8740157480315193,2023_03,0.5511811023622186,0.5251612903225724,TARGET,2023-03-31T15:32:00Z,TARGET,4ffaf470b5046c8e58ae9efcd207642d661bbd190f3fd29f00a12d43af3b1a2a,2023-03-31T15:32:00Z,FIRST_RETEST_FILLED,2023-03-31T14:30:00Z,2023-03-31T14:15:00Z,1980.86,True,True,INITIAL_CONFIRMATION_TARGET,1684c64e512394094faf2cec4055d707238f928c39466e714236d73603bd8b8b,3bb4d0d37213684de4c24538cb7e66570b1554a5a2b360ff594076c02d9cab4c,1973.24,3.8192857142857486,0.19096428571428745,NOT_STRICTLY_CLOSER_THAN_CONTROL,H1_SOURCE_SWING_BUFFERED_ELSE_CONTROL,False,3bb4d0d37213684de4c24538cb7e66570b1554a5a2b360ff594076c02d9cab4c,2023-03-31T14:00:00Z,1973.24,1985.06,4a29f48e22b1f05010d4157ce80c871459984487dd213fd5d6b56b4c6e4602cd
ae88ef3c209df73decaedd390fca70ddbcbcb7a1739c2dc8ea3c72024bac4bdd,1980.86,2023-03-31T14:15:00Z,e603f7f224707c2d11c8ed524768105c252c8ecbd8a57f7c0e9c50371dadce3c,2023-03-31T14:15:00Z,1980.99,1973.24,2023-04-01T00:00:00Z,2023-03-31T14:00:00Z,0.01951485902973471,LONG,1.0,27.233807467615357,CONTROL_V2_FILLED_STOP,2023-03-31T14:15:00Z,CONFIRMED_25_75_RETEST_SPLIT,1980.99,True,c8483ced520ea14dd5288ff1404a132f8ca0e7f9b2799e90c7133e1f7e9876e1,0.6079502159004275,0.8661569723139612,2023_03,0.5446761493523071,0.5251612903225724,TARGET,2023-03-31T15:32:00Z,SPLIT_TARGET_TARGET,8595f7df774de603753b409bb7d977f7daa5d75ed15aee321b4b08d634e6d62e,2023-03-31T15:32:00Z,FIRST_RETEST_FILLED,2023-03-31T14:30:00Z,2023-03-31T14:15:00Z,1980.86,True,True,INITIAL_CONFIRMATION_TARGET,7a0a222f0af6d3e8ea43b7224f4f9c772b53f24d506e4b52323caa9c9f685b5d,3bb4d0d37213684de4c24538cb7e66570b1554a5a2b360ff594076c02d9cab4c,1973.24,,,,CONTROL_V2_FILLED_STOP,False,,2023-03-31T14:15:00Z,1973.24,1985.06,4a29f48e22b1f05010d4157ce80c871459984487dd213fd5d6b56b4c6e4602cd
ae88ef3c209df73decaedd390fca70ddbcbcb7a1739c2dc8ea3c72024bac4bdd,1980.86,2023-03-31T14:15:00Z,e603f7f224707c2d11c8ed524768105c252c8ecbd8a57f7c0e9c50371dadce3c,2023-03-31T14:15:00Z,1980.99,1973.24,2023-04-01T00:00:00Z,2023-03-31T14:00:00Z,-1.5251612903225724,LONG,0.22862672811061202,-50.0,M5_LATEST_CONFIRMED_OPPOSING_SWING_ELSE_CONTROL,2023-03-31T14:15:00Z,CONFIRMED_25_75_RETEST_SPLIT,1980.99,True,4bb5d4e5d8e187ce804e4ddb5481d3d31bb9dcb5d7ef6744aeb30c8e178ccee4,1.0168264647787604,0.6393418197991756,2023_03,-1.0,0.5251612903225724,TARGET,2023-03-31T15:32:00Z,SPLIT_STOP_STOP,99d457b1f67f2002f783ee5905d79436bcb8fa3a0f3699ff3c9e954d74012b11,2023-03-31T15:10:00Z,FIRST_RETEST_FILLED,2023-03-31T14:30:00Z,2023-03-31T14:15:00Z,1980.86,True,True,INITIAL_CONFIRMATION_TARGET,4f6cadb2b00ec800a751c89e751d7f7380d452711a788a2b57bc1ee9e519c07e,3bb4d0d37213684de4c24538cb7e66570b1554a5a2b360ff594076c02d9cab4c,1979.2181428571428,1.037142857142872,0.0518571428571436,,M5_LATEST_CONFIRMED_OPPOSING_SWING_ELSE_CONTROL,True,6410f4e12128d40616186d811f58653a30daa262b85fca4a94fdda2e345c48ed,2023-03-31T14:10:00Z,1979.27,1985.06,4a29f48e22b1f05010d4157ce80c871459984487dd213fd5d6b56b4c6e4602cd
ae88ef3c209df73decaedd390fca70ddbcbcb7a1739c2dc8ea3c72024bac4bdd,1980.86,2023-03-31T14:15:00Z,e603f7f224707c2d11c8ed524768105c252c8ecbd8a57f7c0e9c50371dadce3c,2023-03-31T14:15:00Z,1980.99,1973.24,2023-04-01T00:00:00Z,2023-03-31T14:00:00Z,-1.5251612903225724,LONG,0.5264516129032164,-50.0,M15_LATEST_CONFIRMED_OPPOSING_SWING_ELSE_CONTROL,2023-03-31T14:15:00Z,CONFIRMED_25_75_RETEST_SPLIT,1980.99,True,1661ff251f5f5d934e84eb12cc1cbb06a1681c654b4d2e7745a2256881dca934,1.1180395259369686,0.268297034003513,2023_03,-1.0,0.5251612903225724,TARGET,2023-03-31T15:32:00Z,SPLIT_STOP_STOP,5bb3e11d66da28b30a42492d5b808d414b6841a995cced1c90306be00009f683,2023-03-31T15:22:00Z,FIRST_RETEST_FILLED,2023-03-31T14:30:00Z,2023-03-31T14:15:00Z,1980.86,True,True,INITIAL_CONFIRMATION_TARGET,1ef56bc66a5e06da5e38a2c2961705f55ca2ba7431d367fecb0f26a864e09414,3bb4d0d37213684de4c24538cb7e66570b1554a5a2b360ff594076c02d9cab4c,1976.91,2.3999999999999284,0.11999999999999643,,M15_LATEST_CONFIRMED_OPPOSING_SWING_ELSE_CONTROL,True,c0ed408d9b9b03cfd495603613a65ae80ae77553f24a1a875a599603ccf2bca0,2023-03-31T13:45:00Z,1977.03,1985.06,4a29f48e22b1f05010d4157ce80c871459984487dd213fd5d6b56b4c6e4602cd
ae88ef3c209df73decaedd390fca70ddbcbcb7a1739c2dc8ea3c72024bac4bdd,1980.86,2023-03-31T14:15:00Z,e603f7f224707c2d11c8ed524768105c252c8ecbd8a57f7c0e9c50371dadce3c,2023-03-31T14:15:00Z,1980.99,1973.24,2023-04-01T00:00:00Z,2023-03-31T14:00:00Z,0.01951485902973471,LONG,1.0,27.233807467615357,CONTROL_V2_FILLED_STOP,2023-03-31T14:15:00Z,CONFIRMED_25_75_RETEST_SPLIT,1980.99,True,0cb076741cd0c24c1e949ff09195b17af298400a4a2281e11c3c46ba71f32d1b,0.6079502159004275,0.8661569723139612,2023_03,0.5446761493523071,0.5251612903225724,TARGET,2023-03-31T15:32:00Z,SPLIT_TARGET_TARGET,e8472b16699ac1b3aff2662691107f764f43293dc9c615253c77120a31ba1017,2023-03-31T15:32:00Z,FIRST_RETEST_FILLED,2023-03-31T14:30:00Z,2023-03-31T14:15:00Z,1980.86,True,True,INITIAL_CONFIRMATION_TARGET,4b274e920ac22ee1515455f71665142bbffe93d2dd49bce04c0dd6e7c0100190,3bb4d0d37213684de4c24538cb7e66570b1554a5a2b360ff594076c02d9cab4c,1973.24,3.8192857142857486,0.19096428571428745,NOT_STRICTLY_CLOSER_THAN_CONTROL,H1_SOURCE_SWING_BUFFERED_ELSE_CONTROL,False,3bb4d0d37213684de4c24538cb7e66570b1554a5a2b360ff594076c02d9cab4c,2023-03-31T14:00:00Z,1973.24,1985.06,4a29f48e22b1f05010d4157ce80c871459984487dd213fd5d6b56b4c6e4602cd
19331810fc1ba56524f17de122e72df924adb67fdd87e247058195c12644f83b,1976.16,2023-03-31T18:10:00Z,fca3c62089a1ba35b56593986b229a8e8aa45ee542f4c4cf578683a7a3f581f5,2023-03-31T18:10:00Z,1975.3,1987.56,2023-04-01T00:00:00Z,2023-03-31T18:00:00Z,0.0,SHORT,1.0,8.401305057096032,CONTROL_V2_FILLED_STOP,2023-03-31T18:10:00Z,CONTROL_NEXT_M1_OPEN,1975.3,True,ad5b334ca6df22dee6d51b9729f1d9f4704911746cd1466f564062ced342dd99,0.4738988580750367,0.31158238172919567,2023_03,0.16802610114192063,0.16802610114192063,TARGET,2023-03-31T20:19:00Z,TARGET,2ec513ed851092757d13a94426ee0feb6868fb69a50a2152ea4102d9074df2d6,2023-03-31T20:19:00Z,FIRST_RETEST_FILLED,2023-03-31T18:25:00Z,2023-03-31T18:11:00Z,1976.16,True,False,INITIAL_CONFIRMATION_TARGET,f4ae17d75d37b83883891125daa218fcf4faa7ed7fa19266970e5c08f0888368,9e6d4ab768966240a91d2d18731ca8790c00bc25c1f8851385c7597d993f129d,1987.56,,,,CONTROL_V2_FILLED_STOP,False,,2023-03-31T18:10:00Z,1987.56,1973.24,f290306c0ad920eb8abd265798a0f3da1f67bac2cba69f1342077036a97a1635
19331810fc1ba56524f17de122e72df924adb67fdd87e247058195c12644f83b,1976.16,2023-03-31T18:10:00Z,fca3c62089a1ba35b56593986b229a8e8aa45ee542f4c4cf578683a7a3f581f5,2023-03-31T18:10:00Z,1975.3,1987.56,2023-04-01T00:00:00Z,2023-03-31T18:00:00Z,-1.1680261011419206,SHORT,0.38031927289675177,-50.0,M5_LATEST_CONFIRMED_OPPOSING_SWING_ELSE_CONTROL,2023-03-31T18:10:00Z,CONTROL_NEXT_M1_OPEN,1975.3,True,b9dba02934ff1b8cf19074b428374d9f67eb80e2985e5c74263626e9fa537cc5,1.0873494898740896,0.07291890070159883,2023_03,-1.0,0.16802610114192063,TARGET,2023-03-31T20:19:00Z,STOP,4ca2eff95161db9751ae9573633b74c1b00b2f1560e4e24972540d201aa36d00,2023-03-31T18:42:00Z,FIRST_RETEST_FILLED,2023-03-31T18:25:00Z,2023-03-31T18:11:00Z,1976.16,True,False,INITIAL_CONFIRMATION_TARGET,b9affd510f0490a6cf4a726ad15fa08ebab27dfd75efaeaa3f3e4dcffba2f664,9e6d4ab768966240a91d2d18731ca8790c00bc25c1f8851385c7597d993f129d,1979.9627142857141,2.054285714285665,0.10271428571428326,,M5_LATEST_CONFIRMED_OPPOSING_SWING_ELSE_CONTROL,True,f3a56fc58e4ba792aa4e083bb470ac085cf1e9d982b699cb5accfcfd7db110c4,2023-03-31T18:00:00Z,1979.86,1973.24,f290306c0ad920eb8abd265798a0f3da1f67bac2cba69f1342077036a97a1635
19331810fc1ba56524f17de122e72df924adb67fdd87e247058195c12644f83b,1976.16,2023-03-31T18:10:00Z,fca3c62089a1ba35b56593986b229a8e8aa45ee542f4c4cf578683a7a3f581f5,2023-03-31T18:10:00Z,1975.3,1987.56,2023-04-01T00:00:00Z,2023-03-31T18:00:00Z,0.06045026098201298,SHORT,0.7354200652528657,11.42381810619668,M15_LATEST_CONFIRMED_OPPOSING_SWING_ELSE_CONTROL,2023-03-31T18:10:00Z,CONTROL_NEXT_M1_OPEN,1975.3,True,d528300084e13e60d60290054458cb2fbf3d1b9e06daf6f5a6b13a7c8bf78fc9,0.6443920698738238,0.42367946762788106,2023_03,0.2284763621239336,0.16802610114192063,TARGET,2023-03-31T20:19:00Z,TARGET,3d75a3dec5f5158dcd96e62cdecea9d773c294a5de7e5034e47c73e0ce19c09f,2023-03-31T20:19:00Z,FIRST_RETEST_FILLED,2023-03-31T18:25:00Z,2023-03-31T18:11:00Z,1976.16,True,False,INITIAL_CONFIRMATION_TARGET,9527fcd8bdf42cc93a5440e68c0f8ea649e1cad0ceb7e773e938325644c2c291,9e6d4ab768966240a91d2d18731ca8790c00bc25c1f8851385c7597d993f129d,1984.31625,3.724999999999974,0.1862499999999987,,M15_LATEST_CONFIRMED_OPPOSING_SWING_ELSE_CONTROL,True,e3a7e86161070ceb2edb09bcdd634ce6e59813f0c892f81e7539ec29168387ce,2023-03-31T17:15:00Z,1984.13,1973.24,f290306c0ad920eb8abd265798a0f3da1f67bac2cba69f1342077036a97a1635
19331810fc1ba56524f17de122e72df924adb67fdd87e247058195c12644f83b,1976.16,2023-03-31T18:10:00Z,fca3c62089a1ba35b56593986b229a8e8aa45ee542f4c4cf578683a7a3f581f5,2023-03-31T18:10:00Z,1975.3,1987.56,2023-04-01T00:00:00Z,2023-03-31T18:00:00Z,0.0,SHORT,1.0,8.401305057096032,CONTROL_V2_FILLED_STOP,2023-03-31T18:10:00Z,CONTROL_NEXT_M1_OPEN,1975.3,True,a5b34fc27037fe45947fe9b4e01e8ea68d8f41d02bcf4e547aff5735bacd2c8a,0.4738988580750367,0.31158238172919567,2023_03,0.16802610114192063,0.16802610114192063,TARGET,2023-03-31T20:19:00Z,TARGET,3fc94b024f583f225b26a02cf128ad3271315e4a32e03869d777bc03b619b751,2023-03-31T20:19:00Z,FIRST_RETEST_FILLED,2023-03-31T18:25:00Z,2023-03-31T18:11:00Z,1976.16,True,False,INITIAL_CONFIRMATION_TARGET,1b1bd18a76fff00e015f8a7580131149635c7a4a2a116ae7ad61e31b4a8397a2,9e6d4ab768966240a91d2d18731ca8790c00bc25c1f8851385c7597d993f129d,1987.56,5.141428571428605,0.2570714285714303,NOT_STRICTLY_CLOSER_THAN_CONTROL,H1_SOURCE_SWING_BUFFERED_ELSE_CONTROL,False,9e6d4ab768966240a91d2d18731ca8790c00bc25c1f8851385c7597d993f129d,2023-03-31T18:00:00Z,1987.56,1973.24,f290306c0ad920eb8abd265798a0f3da1f67bac2cba69f1342077036a97a1635
19331810fc1ba56524f17de122e72df924adb67fdd87e247058195c12644f83b,1976.16,2023-03-31T18:10:00Z,fca3c62089a1ba35b56593986b229a8e8aa45ee542f4c4cf578683a7a3f581f5,2023-03-31T18:10:00Z,1975.3,1987.56,2023-04-01T00:00:00Z,2023-03-31T18:00:00Z,0.08811424973528181,SHORT,1.0,12.807017543860121,CONTROL_V2_FILLED_STOP,2023-03-31T18:11:00Z,M5_BROKEN_CONTROL_FIRST_RETEST,1976.16,True,ad5b334ca6df22dee6d51b9729f1d9f4704911746cd1466f564062ced342dd99,0.4342105263157787,0.4105263157894842,2023_03,0.25614035087720244,0.16802610114192063,TARGET,2023-03-31T20:19:00Z,TARGET,7758f49492111cd1040c5d624b4fd54e5669abbf3af6ef3439654d6dcae479db,2023-03-31T20:19:00Z,FIRST_RETEST_FILLED,2023-03-31T18:25:00Z,2023-03-31T18:11:00Z,1976.16,True,True,INITIAL_CONFIRMATION_TARGET,34a580a91ac922a77c052e5160baf2d5931cc82881f13e322f17b6a38368cb94,9e6d4ab768966240a91d2d18731ca8790c00bc25c1f8851385c7597d993f129d,1987.56,,,,CONTROL_V2_FILLED_STOP,False,,2023-03-31T18:10:00Z,1987.56,1973.24,f290306c0ad920eb8abd265798a0f3da1f67bac2cba69f1342077036a97a1635
19331810fc1ba56524f17de122e72df924adb67fdd87e247058195c12644f83b,1976.16,2023-03-31T18:10:00Z,fca3c62089a1ba35b56593986b229a8e8aa45ee542f4c4cf578683a7a3f581f5,2023-03-31T18:10:00Z,1975.3,1987.56,2023-04-01T00:00:00Z,2023-03-31T18:00:00Z,-1.1680261011419206,SHORT,0.38031927289675177,-50.0,M5_LATEST_CONFIRMED_OPPOSING_SWING_ELSE_CONTROL,2023-03-31T18:11:00Z,M5_BROKEN_CONTROL_FIRST_RETEST,1976.16,True,b9dba02934ff1b8cf19074b428374d9f67eb80e2985e5c74263626e9fa537cc5,1.1071039483076193,0.23141365190281948,2023_03,-1.0,0.16802610114192063,TARGET,2023-03-31T20:19:00Z,STOP,162e3c942dca5e276f56e31b0af27e89db4305a768d3ca111e56b248c0a8bca8,2023-03-31T18:42:00Z,FIRST_RETEST_FILLED,2023-03-31T18:25:00Z,2023-03-31T18:11:00Z,1976.16,True,True,INITIAL_CONFIRMATION_TARGET,2c6deae2bbadc844140df84a37d32aa474428784e0df489183806a017db6ae50,9e6d4ab768966240a91d2d18731ca8790c00bc25c1f8851385c7597d993f129d,1979.9627142857141,2.054285714285665,0.10271428571428326,,M5_LATEST_CONFIRMED_OPPOSING_SWING_ELSE_CONTROL,True,f3a56fc58e4ba792aa4e083bb470ac085cf1e9d982b699cb5accfcfd7db110c4,2023-03-31T18:00:00Z,1979.86,1973.24,f290306c0ad920eb8abd265798a0f3da1f67bac2cba69f1342077036a97a1635
19331810fc1ba56524f17de122e72df924adb67fdd87e247058195c12644f83b,1976.16,2023-03-31T18:10:00Z,fca3c62089a1ba35b56593986b229a8e8aa45ee542f4c4cf578683a7a3f581f5,2023-03-31T18:10:00Z,1975.3,1987.56,2023-04-01T00:00:00Z,2023-03-31T18:00:00Z,0.18998156169333735,SHORT,0.7354200652528657,17.900383141762898,M15_LATEST_CONFIRMED_OPPOSING_SWING_ELSE_CONTROL,2023-03-31T18:11:00Z,M5_BROKEN_CONTROL_FIRST_RETEST,1976.16,True,d528300084e13e60d60290054458cb2fbf3d1b9e06daf6f5a6b13a7c8bf78fc9,0.6068965517241156,0.5737931034482837,2023_03,0.358007662835258,0.16802610114192063,TARGET,2023-03-31T20:19:00Z,TARGET,f66de2538fa0de29dd45fca834c5387e3011ee14ba62965f0976c06e24ee8065,2023-03-31T20:19:00Z,FIRST_RETEST_FILLED,2023-03-31T18:25:00Z,2023-03-31T18:11:00Z,1976.16,True,True,INITIAL_CONFIRMATION_TARGET,c46d0dee595d0d489d92547acbb87eda7dd59476fa720089eb9f87f8f38b5ad9,9e6d4ab768966240a91d2d18731ca8790c00bc25c1f8851385c7597d993f129d,1984.31625,3.724999999999974,0.1862499999999987,,M15_LATEST_CONFIRMED_OPPOSING_SWING_ELSE_CONTROL,True,e3a7e86161070ceb2edb09bcdd634ce6e59813f0c892f81e7539ec29168387ce,2023-03-31T17:15:00Z,1984.13,1973.24,f290306c0ad920eb8abd265798a0f3da1f67bac2cba69f1342077036a97a1635
19331810fc1ba56524f17de122e72df924adb67fdd87e247058195c12644f83b,1976.16,2023-03-31T18:10:00Z,fca3c62089a1ba35b56593986b229a8e8aa45ee542f4c4cf578683a7a3f581f5,2023-03-31T18:10:00Z,1975.3,1987.56,2023-04-01T00:00:00Z,2023-03-31T18:00:00Z,0.08811424973528181,SHORT,1.0,12.807017543860121,CONTROL_V2_FILLED_STOP,2023-03-31T18:11:00Z,M5_BROKEN_CONTROL_FIRST_RETEST,1976.16,True,a5b34fc27037fe45947fe9b4e01e8ea68d8f41d02bcf4e547aff5735bacd2c8a,0.4342105263157787,0.4105263157894842,2023_03,0.25614035087720244,0.16802610114192063,TARGET,2023-03-31T20:19:00Z,TARGET,f6daaaeeadba6e57f8df0e306a4b43c34a3719ec748e1a7a9bdf3295165524c0,2023-03-31T20:19:00Z,FIRST_RETEST_FILLED,2023-03-31T18:25:00Z,2023-03-31T18:11:00Z,1976.16,True,True,INITIAL_CONFIRMATION_TARGET,f3e7f79e2e56d3b466247128024f1e0180ce7d1e8584978de32926723f15bd06,9e6d4ab768966240a91d2d18731ca8790c00bc25c1f8851385c7597d993f129d,1987.56,5.141428571428605,0.2570714285714303,NOT_STRICTLY_CLOSER_THAN_CONTROL,H1_SOURCE_SWING_BUFFERED_ELSE_CONTROL,False,9e6d4ab768966240a91d2d18731ca8790c00bc25c1f8851385c7597d993f129d,2023-03-31T18:00:00Z,1987.56,1973.24,f290306c0ad920eb8abd265798a0f3da1f67bac2cba69f1342077036a97a1635
19331810fc1ba56524f17de122e72df924adb67fdd87e247058195c12644f83b,1976.16,2023-03-31T18:10:00Z,fca3c62089a1ba35b56593986b229a8e8aa45ee542f4c4cf578683a7a3f581f5,2023-03-31T18:10:00Z,1975.3,1987.56,2023-04-01T00:00:00Z,2023-03-31T18:00:00Z,0.06608568730146136,SHORT,1.0,11.7055894221691,CONTROL_V2_FILLED_STOP,2023-03-31T18:10:00Z,CONFIRMED_25_75_RETEST_SPLIT,1975.3,True,ad5b334ca6df22dee6d51b9729f1d9f4704911746cd1466f564062ced342dd99,0.4441326092555932,0.385790332274412,2023_03,0.23411178844338199,0.16802610114192063,TARGET,2023-03-31T20:19:00Z,SPLIT_TARGET_TARGET,51dde83b5de17f17a0a4b2e5ac58d2e1c9fe72f83c88b9988abd065427d6ff90,2023-03-31T20:19:00Z,FIRST_RETEST_FILLED,2023-03-31T18:25:00Z,2023-03-31T18:11:00Z,1976.16,True,True,INITIAL_CONFIRMATION_TARGET,305c36321b0687ffe41a07b29b890407a1b50861226be5b60a0a1af58ab7863f,9e6d4ab768966240a91d2d18731ca8790c00bc25c1f8851385c7597d993f129d,1987.56,,,,CONTROL_V2_FILLED_STOP,False,,2023-03-31T18:10:00Z,1987.56,1973.24,f290306c0ad920eb8abd265798a0f3da1f67bac2cba69f1342077036a97a1635
19331810fc1ba56524f17de122e72df924adb67fdd87e247058195c12644f83b,1976.16,2023-03-31T18:10:00Z,fca3c62089a1ba35b56593986b229a8e8aa45ee542f4c4cf578683a7a3f581f5,2023-03-31T18:10:00Z,1975.3,1987.56,2023-04-01T00:00:00Z,2023-03-31T18:00:00Z,-1.1680261011419206,SHORT,0.38031927289675177,-50.0,M5_LATEST_CONFIRMED_OPPOSING_SWING_ELSE_CONTROL,2023-03-31T18:10:00Z,CONFIRMED_25_75_RETEST_SPLIT,1975.3,True,b9dba02934ff1b8cf19074b428374d9f67eb80e2985e5c74263626e9fa537cc5,1.1021653336992367,0.1917899641025143,2023_03,-1.0,0.16802610114192063,TARGET,2023-03-31T20:19:00Z,SPLIT_STOP_STOP,ad58b9832064288dcfecbbd8223d3544f877188de079294b69835956cf15162a,2023-03-31T18:42:00Z,FIRST_RETEST_FILLED,2023-03-31T18:25:00Z,2023-03-31T18:11:00Z,1976.16,True,True,INITIAL_CONFIRMATION_TARGET,2363971743e4e45ffc4f608a1bb0cca94cdb867a2ea62dde3afa080263ee7754,9e6d4ab768966240a91d2d18731ca8790c00bc25c1f8851385c7597d993f129d,1979.9627142857141,2.054285714285665,0.10271428571428326,,M5_LATEST_CONFIRMED_OPPOSING_SWING_ELSE_CONTROL,True,f3a56fc58e4ba792aa4e083bb470ac085cf1e9d982b699cb5accfcfd7db110c4,2023-03-31T18:00:00Z,1979.86,1973.24,f290306c0ad920eb8abd265798a0f3da1f67bac2cba69f1342077036a97a1635
19331810fc1ba56524f17de122e72df924adb67fdd87e247058195c12644f83b,1976.16,2023-03-31T18:10:00Z,fca3c62089a1ba35b56593986b229a8e8aa45ee542f4c4cf578683a7a3f581f5,2023-03-31T18:10:00Z,1975.3,1987.56,2023-04-01T00:00:00Z,2023-03-31T18:00:00Z,0.15759873651550627,SHORT,0.7354200652528657,16.281241882871345,M15_LATEST_CONFIRMED_OPPOSING_SWING_ELSE_CONTROL,2023-03-31T18:10:00Z,CONFIRMED_25_75_RETEST_SPLIT,1975.3,True,d528300084e13e60d60290054458cb2fbf3d1b9e06daf6f5a6b13a7c8bf78fc9,0.6162704312615427,0.536264694493183,2023_03,0.3256248376574269,0.16802610114192063,TARGET,2023-03-31T20:19:00Z,SPLIT_TARGET_TARGET,5cafcd7570f27a4b72eaa53dd2e8a4998345846646824a3cd568b47da627070f,2023-03-31T20:19:00Z,FIRST_RETEST_FILLED,2023-03-31T18:25:00Z,2023-03-31T18:11:00Z,1976.16,True,True,INITIAL_CONFIRMATION_TARGET,9eb337c99562a42d684326c9fc5e94bbcb0335f4e12b17b6b19aa6073ed75e1b,9e6d4ab768966240a91d2d18731ca8790c00bc25c1f8851385c7597d993f129d,1984.31625,3.724999999999974,0.1862499999999987,,M15_LATEST_CONFIRMED_OPPOSING_SWING_ELSE_CONTROL,True,e3a7e86161070ceb2edb09bcdd634ce6e59813f0c892f81e7539ec29168387ce,2023-03-31T17:15:00Z,1984.13,1973.24,f290306c0ad920eb8abd265798a0f3da1f67bac2cba69f1342077036a97a1635
19331810fc1ba56524f17de122e72df924adb67fdd87e247058195c12644f83b,1976.16,2023-03-31T18:10:00Z,fca3c62089a1ba35b56593986b229a8e8aa45ee542f4c4cf578683a7a3f581f5,2023-03-31T18:10:00Z,1975.3,1987.56,2023-04-01T00:00:00Z,2023-03-31T18:00:00Z,0.06608568730146136,SHORT,1.0,11.7055894221691,CONTROL_V2_FILLED_STOP,2023-03-31T18:10:00Z,CONFIRMED_25_75_RETEST_SPLIT,1975.3,True,a5b34fc27037fe45947fe9b4e01e8ea68d8f41d02bcf4e547aff5735bacd2c8a,0.4441326092555932,0.385790332274412,2023_03,0.23411178844338199,0.16802610114192063,TARGET,2023-03-31T20:19:00Z,SPLIT_TARGET_TARGET,d395a1b2fbc4bf50822055433523658a1cd581890ff50f82406a172ee1663d43,2023-03-31T20:19:00Z,FIRST_RETEST_FILLED,2023-03-31T18:25:00Z,2023-03-31T18:11:00Z,1976.16,True,True,INITIAL_CONFIRMATION_TARGET,85d3ec76ac3d298adf82f2ca6d6bfd4c703b316db980b6e0bef7a9e2302bcd25,9e6d4ab768966240a91d2d18731ca8790c00bc25c1f8851385c7597d993f129d,1987.56,5.141428571428605,0.2570714285714303,NOT_STRICTLY_CLOSER_THAN_CONTROL,H1_SOURCE_SWING_BUFFERED_ELSE_CONTROL,False,9e6d4ab768966240a91d2d18731ca8790c00bc25c1f8851385c7597d993f129d,2023-03-31T18:00:00Z,1987.56,1973.24,f290306c0ad920eb8abd265798a0f3da1f67bac2cba69f1342077036a97a1635
