broken_m5_control_identity,broken_m5_control_level,confirmation_at,confirmation_bar_identity,control_entry_at,control_entry_price,control_stop,deadline,decision_at,delta_vs_original_r,direction,distance_ratio_to_control,dollars_at_50_max_case_risk,effective_stop_policy,entry_at,entry_policy,entry_price,filled,geometry_sha256,mae_r,mfe_r,month,net_r,original_net_r,original_outcome,original_resolution_at,outcome,policy_result_sha256,resolution_at,retest_disposition,retest_expiry_at,retest_fill_at,retest_level,retest_opportunity,retest_used,route,row_sha256,source_h1_swing_identity,stop,stop_atr14,stop_buffer,stop_fallback_reason,stop_policy,stop_replaced_control,stop_source_identity,stop_source_known_at,stop_source_level,target,trade_identity
da281ce0cb09af91a5934d4e5e3f00428a6a928da5f1aad6615a76d18ec8ebd8,1840.54,2023-01-03T16:30:00Z,4ee3470540e6d9696d72c210d0af0f941f83380718f40f4c663a2d4b18d8402f,2023-01-03T16:30:00Z,1841.22,1830.89,2023-02-01T00:00:00Z,2023-01-03T16:00:00Z,0.0,LONG,1.0,-50.0,CONTROL_V2_FILLED_STOP,2023-01-03T16:30:00Z,CONTROL_NEXT_M1_OPEN,1841.22,True,be6c686a7b84f8bda6febf15d22138a023c3c2ccca162017fe984344f794794e,1.0319457889641972,0.8354307841239054,2023_01,-1.0,-1.0,STOP,2023-01-03T17:33:00Z,STOP,10a589f1d3520682635f88b0e05bc0c6067851558aa43fec858332b2c21b1dc3,2023-01-03T17:33:00Z,FIRST_RETEST_FILLED,2023-01-03T16:45:00Z,2023-01-03T16:30:00Z,1840.54,True,False,INITIAL_CONFIRMATION_STOP,2e0c93379df276fd85a5c220b432e2fe27aec56ce9c84af0de9fce837b8c5205,166291ee777fc01bd9995f8c695974a1740db89489d546c6d4dff2b08d746aca,1830.89,,,,CONTROL_V2_FILLED_STOP,False,,2023-01-03T16:30:00Z,1830.89,1849.98,dc16b6bb76d83e56bcf5e10c9719149c2fabf63aee349040003b69d18b69b560
da281ce0cb09af91a5934d4e5e3f00428a6a928da5f1aad6615a76d18ec8ebd8,1840.54,2023-01-03T16:30:00Z,4ee3470540e6d9696d72c210d0af0f941f83380718f40f4c663a2d4b18d8402f,2023-01-03T16:30:00Z,1841.22,1830.89,2023-02-01T00:00:00Z,2023-01-03T16:00:00Z,0.0,LONG,0.4459480016595179,-50.0,M5_LATEST_CONFIRMED_OPPOSING_SWING_ELSE_CONTROL,2023-01-03T16:30:00Z,CONTROL_NEXT_M1_OPEN,1841.22,True,356e979dd29c694e8bd5e9af7333965b2279bff10d3fe720557b4a09c2911a44,1.0940722248926327,1.8733816073062217,2023_01,-1.0,-1.0,STOP,2023-01-03T17:33:00Z,STOP,ab5951be60db346304bd89ee1308c6bbb8855b231de31963b49f17b9d19cec89,2023-01-03T17:22:00Z,FIRST_RETEST_FILLED,2023-01-03T16:45:00Z,2023-01-03T16:30:00Z,1840.54,True,False,INITIAL_CONFIRMATION_STOP,93945c944455865eacfd8e9d4dca53728bee82e0b5ddb4cfc5d24b889716d6d1,166291ee777fc01bd9995f8c695974a1740db89489d546c6d4dff2b08d746aca,1836.6133571428572,1.7328571428571098,0.0866428571428555,,M5_LATEST_CONFIRMED_OPPOSING_SWING_ELSE_CONTROL,True,9fd20398e50cf30d85579d73a39ae80cd9598e2ff3f56865850d54ffbd6b8bf8,2023-01-03T16:20:00Z,1836.7,1849.98,dc16b6bb76d83e56bcf5e10c9719149c2fabf63aee349040003b69d18b69b560
da281ce0cb09af91a5934d4e5e3f00428a6a928da5f1aad6615a76d18ec8ebd8,1840.54,2023-01-03T16:30:00Z,4ee3470540e6d9696d72c210d0af0f941f83380718f40f4c663a2d4b18d8402f,2023-01-03T16:30:00Z,1841.22,1830.89,2023-02-01T00:00:00Z,2023-01-03T16:00:00Z,0.0,LONG,1.0,-50.0,CONTROL_V2_FILLED_STOP,2023-01-03T16:30:00Z,CONTROL_NEXT_M1_OPEN,1841.22,True,33ed26606183364f1f582edcdae660e7df9221220445fe9f57bc96ad2fc325f3,1.0319457889641972,0.8354307841239054,2023_01,-1.0,-1.0,STOP,2023-01-03T17:33:00Z,STOP,85a9aad5ab99b7c77aeecda984aef12cd9818f81fd9bbcfe5bb7d8fe30c3b2c1,2023-01-03T17:33:00Z,FIRST_RETEST_FILLED,2023-01-03T16:45:00Z,2023-01-03T16:30:00Z,1840.54,True,False,INITIAL_CONFIRMATION_STOP,ae6a7367caffd9e8df81eeb9462ca5dc093bc466cfe52a9c416003b3ff3ec757,166291ee777fc01bd9995f8c695974a1740db89489d546c6d4dff2b08d746aca,1830.89,2.687142857142817,0.13435714285714084,NOT_STRICTLY_CLOSER_THAN_CONTROL,M15_LATEST_CONFIRMED_OPPOSING_SWING_ELSE_CONTROL,False,3f2ba6549e93777d77c37f97d3dc23b17580dde4e46d2ceec7322aab92ba1ffb,2023-01-03T14:15:00Z,1830.89,1849.98,dc16b6bb76d83e56bcf5e10c9719149c2fabf63aee349040003b69d18b69b560
da281ce0cb09af91a5934d4e5e3f00428a6a928da5f1aad6615a76d18ec8ebd8,1840.54,2023-01-03T16:30:00Z,4ee3470540e6d9696d72c210d0af0f941f83380718f40f4c663a2d4b18d8402f,2023-01-03T16:30:00Z,1841.22,1830.89,2023-02-01T00:00:00Z,2023-01-03T16:00:00Z,0.0,LONG,1.0,-50.0,CONTROL_V2_FILLED_STOP,2023-01-03T16:30:00Z,CONTROL_NEXT_M1_OPEN,1841.22,True,697bd7752ec21516c37d1c8264d590225dea70fa98b41748ade45c15276e62c0,1.0319457889641972,0.8354307841239054,2023_01,-1.0,-1.0,STOP,2023-01-03T17:33:00Z,STOP,6a2adbaab343d3d51c8375f910f5f1ee00ab3821ef2dc05c7ab1aee1393fe189,2023-01-03T17:33:00Z,FIRST_RETEST_FILLED,2023-01-03T16:45:00Z,2023-01-03T16:30:00Z,1840.54,True,False,INITIAL_CONFIRMATION_STOP,dce84591e40c428748ab930034e0cd8f18b8bdc751e098cde5132c7f534ad443,166291ee777fc01bd9995f8c695974a1740db89489d546c6d4dff2b08d746aca,1830.89,6.482857142857158,0.32414285714285795,NOT_STRICTLY_CLOSER_THAN_CONTROL,H1_SOURCE_SWING_BUFFERED_ELSE_CONTROL,False,166291ee777fc01bd9995f8c695974a1740db89489d546c6d4dff2b08d746aca,2023-01-03T16:00:00Z,1830.89,1849.98,dc16b6bb76d83e56bcf5e10c9719149c2fabf63aee349040003b69d18b69b560
da281ce0cb09af91a5934d4e5e3f00428a6a928da5f1aad6615a76d18ec8ebd8,1840.54,2023-01-03T16:30:00Z,4ee3470540e6d9696d72c210d0af0f941f83380718f40f4c663a2d4b18d8402f,2023-01-03T16:30:00Z,1841.22,1830.89,2023-02-01T00:00:00Z,2023-01-03T16:00:00Z,0.0,LONG,1.0,-50.0,CONTROL_V2_FILLED_STOP,2023-01-03T16:30:00Z,M5_BROKEN_CONTROL_FIRST_RETEST,1840.54,True,be6c686a7b84f8bda6febf15d22138a023c3c2ccca162017fe984344f794794e,1.0341968911917263,0.9647668393782464,2023_01,-1.0,-1.0,STOP,2023-01-03T17:33:00Z,STOP,a38c8b912e054eeeed62ec3cf0cf17ccf642f024a7ca5c5dfa77dd1ada841140,2023-01-03T17:33:00Z,FIRST_RETEST_FILLED,2023-01-03T16:45:00Z,2023-01-03T16:30:00Z,1840.54,True,True,INITIAL_CONFIRMATION_STOP,850ab05217dd45e728ca0baded63f52f27799ab2f597f942fb74bcd04f46bfc1,166291ee777fc01bd9995f8c695974a1740db89489d546c6d4dff2b08d746aca,1830.89,,,,CONTROL_V2_FILLED_STOP,False,,2023-01-03T16:30:00Z,1830.89,1849.98,dc16b6bb76d83e56bcf5e10c9719149c2fabf63aee349040003b69d18b69b560
da281ce0cb09af91a5934d4e5e3f00428a6a928da5f1aad6615a76d18ec8ebd8,1840.54,2023-01-03T16:30:00Z,4ee3470540e6d9696d72c210d0af0f941f83380718f40f4c663a2d4b18d8402f,2023-01-03T16:30:00Z,1841.22,1830.89,2023-02-01T00:00:00Z,2023-01-03T16:00:00Z,0.0,LONG,0.4459480016595179,-50.0,M5_LATEST_CONFIRMED_OPPOSING_SWING_ELSE_CONTROL,2023-01-03T16:30:00Z,M5_BROKEN_CONTROL_FIRST_RETEST,1840.54,True,356e979dd29c694e8bd5e9af7333965b2279bff10d3fe720557b4a09c2911a44,1.110363269241276,2.3709821184946,2023_01,-1.0,-1.0,STOP,2023-01-03T17:33:00Z,STOP,7ddcd7b281bdfbb757d567b0aec08d5e6d395123b2ea68c6c4d75613c6189797,2023-01-03T17:22:00Z,FIRST_RETEST_FILLED,2023-01-03T16:45:00Z,2023-01-03T16:30:00Z,1840.54,True,True,INITIAL_CONFIRMATION_STOP,7a3e2950176bb4abf29937a25c9a9fe4026939ef3b9b4a2fb0395d5b19abbe8a,166291ee777fc01bd9995f8c695974a1740db89489d546c6d4dff2b08d746aca,1836.6133571428572,1.7328571428571098,0.0866428571428555,,M5_LATEST_CONFIRMED_OPPOSING_SWING_ELSE_CONTROL,True,9fd20398e50cf30d85579d73a39ae80cd9598e2ff3f56865850d54ffbd6b8bf8,2023-01-03T16:20:00Z,1836.7,1849.98,dc16b6bb76d83e56bcf5e10c9719149c2fabf63aee349040003b69d18b69b560
da281ce0cb09af91a5934d4e5e3f00428a6a928da5f1aad6615a76d18ec8ebd8,1840.54,2023-01-03T16:30:00Z,4ee3470540e6d9696d72c210d0af0f941f83380718f40f4c663a2d4b18d8402f,2023-01-03T16:30:00Z,1841.22,1830.89,2023-02-01T00:00:00Z,2023-01-03T16:00:00Z,0.0,LONG,1.0,-50.0,CONTROL_V2_FILLED_STOP,2023-01-03T16:30:00Z,M5_BROKEN_CONTROL_FIRST_RETEST,1840.54,True,33ed26606183364f1f582edcdae660e7df9221220445fe9f57bc96ad2fc325f3,1.0341968911917263,0.9647668393782464,2023_01,-1.0,-1.0,STOP,2023-01-03T17:33:00Z,STOP,b8c964c766e7c340b09ee01658e127939f31e26355bec73b7654799449771dec,2023-01-03T17:33:00Z,FIRST_RETEST_FILLED,2023-01-03T16:45:00Z,2023-01-03T16:30:00Z,1840.54,True,True,INITIAL_CONFIRMATION_STOP,419296f56d4b2dc0a822e6b4a35c1b941ec79e9130b28d2e366434c12c1964e4,166291ee777fc01bd9995f8c695974a1740db89489d546c6d4dff2b08d746aca,1830.89,2.687142857142817,0.13435714285714084,NOT_STRICTLY_CLOSER_THAN_CONTROL,M15_LATEST_CONFIRMED_OPPOSING_SWING_ELSE_CONTROL,False,3f2ba6549e93777d77c37f97d3dc23b17580dde4e46d2ceec7322aab92ba1ffb,2023-01-03T14:15:00Z,1830.89,1849.98,dc16b6bb76d83e56bcf5e10c9719149c2fabf63aee349040003b69d18b69b560
da281ce0cb09af91a5934d4e5e3f00428a6a928da5f1aad6615a76d18ec8ebd8,1840.54,2023-01-03T16:30:00Z,4ee3470540e6d9696d72c210d0af0f941f83380718f40f4c663a2d4b18d8402f,2023-01-03T16:30:00Z,1841.22,1830.89,2023-02-01T00:00:00Z,2023-01-03T16:00:00Z,0.0,LONG,1.0,-50.0,CONTROL_V2_FILLED_STOP,2023-01-03T16:30:00Z,M5_BROKEN_CONTROL_FIRST_RETEST,1840.54,True,697bd7752ec21516c37d1c8264d590225dea70fa98b41748ade45c15276e62c0,1.0341968911917263,0.9647668393782464,2023_01,-1.0,-1.0,STOP,2023-01-03T17:33:00Z,STOP,ff5a0d5416129a19f7156a4fb30dbbe9e95469719cc3564395e58dbcf4b127ea,2023-01-03T17:33:00Z,FIRST_RETEST_FILLED,2023-01-03T16:45:00Z,2023-01-03T16:30:00Z,1840.54,True,True,INITIAL_CONFIRMATION_STOP,6fa16279d6cf3938ce74d20447985849f553609d65943305004b860813332173,166291ee777fc01bd9995f8c695974a1740db89489d546c6d4dff2b08d746aca,1830.89,6.482857142857158,0.32414285714285795,NOT_STRICTLY_CLOSER_THAN_CONTROL,H1_SOURCE_SWING_BUFFERED_ELSE_CONTROL,False,166291ee777fc01bd9995f8c695974a1740db89489d546c6d4dff2b08d746aca,2023-01-03T16:00:00Z,1830.89,1849.98,dc16b6bb76d83e56bcf5e10c9719149c2fabf63aee349040003b69d18b69b560
da281ce0cb09af91a5934d4e5e3f00428a6a928da5f1aad6615a76d18ec8ebd8,1840.54,2023-01-03T16:30:00Z,4ee3470540e6d9696d72c210d0af0f941f83380718f40f4c663a2d4b18d8402f,2023-01-03T16:30:00Z,1841.22,1830.89,2023-02-01T00:00:00Z,2023-01-03T16:00:00Z,0.0,LONG,1.0,-50.0,CONTROL_V2_FILLED_STOP,2023-01-03T16:30:00Z,CONFIRMED_25_75_RETEST_SPLIT,1841.22,True,be6c686a7b84f8bda6febf15d22138a023c3c2ccca162017fe984344f794794e,1.033634115634844,0.9324328255646611,2023_01,-1.0,-1.0,STOP,2023-01-03T17:33:00Z,SPLIT_STOP_STOP,df7c1bacc354e495d5bafcd5fd616521b4e10d3452639e3df4140ae825f4af75,2023-01-03T17:33:00Z,FIRST_RETEST_FILLED,2023-01-03T16:45:00Z,2023-01-03T16:30:00Z,1840.54,True,True,INITIAL_CONFIRMATION_STOP,a520109ec63b327d0e480550fab54b2d25dea4f58b963cfc40825ae204abbe57,166291ee777fc01bd9995f8c695974a1740db89489d546c6d4dff2b08d746aca,1830.89,,,,CONTROL_V2_FILLED_STOP,False,,2023-01-03T16:30:00Z,1830.89,1849.98,dc16b6bb76d83e56bcf5e10c9719149c2fabf63aee349040003b69d18b69b560
da281ce0cb09af91a5934d4e5e3f00428a6a928da5f1aad6615a76d18ec8ebd8,1840.54,2023-01-03T16:30:00Z,4ee3470540e6d9696d72c210d0af0f941f83380718f40f4c663a2d4b18d8402f,2023-01-03T16:30:00Z,1841.22,1830.89,2023-02-01T00:00:00Z,2023-01-03T16:00:00Z,0.0,LONG,0.4459480016595179,-50.0,M5_LATEST_CONFIRMED_OPPOSING_SWING_ELSE_CONTROL,2023-01-03T16:30:00Z,CONFIRMED_25_75_RETEST_SPLIT,1841.22,True,356e979dd29c694e8bd5e9af7333965b2279bff10d3fe720557b4a09c2911a44,1.1062905081541152,2.2465819906975053,2023_01,-1.0,-1.0,STOP,2023-01-03T17:33:00Z,SPLIT_STOP_STOP,f560fb01a2275c07918b7a5e1fb88b6dcb45ecd8eeaed0e72fdb1314e7a07767,2023-01-03T17:22:00Z,FIRST_RETEST_FILLED,2023-01-03T16:45:00Z,2023-01-03T16:30:00Z,1840.54,True,True,INITIAL_CONFIRMATION_STOP,082bedc18c76cff225f2cac46e88547c0f752cdc7872e5c694b09547f882a03b,166291ee777fc01bd9995f8c695974a1740db89489d546c6d4dff2b08d746aca,1836.6133571428572,1.7328571428571098,0.0866428571428555,,M5_LATEST_CONFIRMED_OPPOSING_SWING_ELSE_CONTROL,True,9fd20398e50cf30d85579d73a39ae80cd9598e2ff3f56865850d54ffbd6b8bf8,2023-01-03T16:20:00Z,1836.7,1849.98,dc16b6bb76d83e56bcf5e10c9719149c2fabf63aee349040003b69d18b69b560
da281ce0cb09af91a5934d4e5e3f00428a6a928da5f1aad6615a76d18ec8ebd8,1840.54,2023-01-03T16:30:00Z,4ee3470540e6d9696d72c210d0af0f941f83380718f40f4c663a2d4b18d8402f,2023-01-03T16:30:00Z,1841.22,1830.89,2023-02-01T00:00:00Z,2023-01-03T16:00:00Z,0.0,LONG,1.0,-50.0,CONTROL_V2_FILLED_STOP,2023-01-03T16:30:00Z,CONFIRMED_25_75_RETEST_SPLIT,1841.22,True,33ed26606183364f1f582edcdae660e7df9221220445fe9f57bc96ad2fc325f3,1.033634115634844,0.9324328255646611,2023_01,-1.0,-1.0,STOP,2023-01-03T17:33:00Z,SPLIT_STOP_STOP,8c04d2aa96356ce5de69673e1e34d6cb57f598bf91262f399d0d2b0a010789fd,2023-01-03T17:33:00Z,FIRST_RETEST_FILLED,2023-01-03T16:45:00Z,2023-01-03T16:30:00Z,1840.54,True,True,INITIAL_CONFIRMATION_STOP,a987b9d285022ca3ca950b34f4a207a234dedb9da1b321e6e2d39ca1bfafa94e,166291ee777fc01bd9995f8c695974a1740db89489d546c6d4dff2b08d746aca,1830.89,2.687142857142817,0.13435714285714084,NOT_STRICTLY_CLOSER_THAN_CONTROL,M15_LATEST_CONFIRMED_OPPOSING_SWING_ELSE_CONTROL,False,3f2ba6549e93777d77c37f97d3dc23b17580dde4e46d2ceec7322aab92ba1ffb,2023-01-03T14:15:00Z,1830.89,1849.98,dc16b6bb76d83e56bcf5e10c9719149c2fabf63aee349040003b69d18b69b560
da281ce0cb09af91a5934d4e5e3f00428a6a928da5f1aad6615a76d18ec8ebd8,1840.54,2023-01-03T16:30:00Z,4ee3470540e6d9696d72c210d0af0f941f83380718f40f4c663a2d4b18d8402f,2023-01-03T16:30:00Z,1841.22,1830.89,2023-02-01T00:00:00Z,2023-01-03T16:00:00Z,0.0,LONG,1.0,-50.0,CONTROL_V2_FILLED_STOP,2023-01-03T16:30:00Z,CONFIRMED_25_75_RETEST_SPLIT,1841.22,True,697bd7752ec21516c37d1c8264d590225dea70fa98b41748ade45c15276e62c0,1.033634115634844,0.9324328255646611,2023_01,-1.0,-1.0,STOP,2023-01-03T17:33:00Z,SPLIT_STOP_STOP,cf4d66c72c87f85455fc685557e2fdc77d92bd10991c8018084ae7d8e34e9e6f,2023-01-03T17:33:00Z,FIRST_RETEST_FILLED,2023-01-03T16:45:00Z,2023-01-03T16:30:00Z,1840.54,True,True,INITIAL_CONFIRMATION_STOP,340cd28d8f0bca7f5b8532cbe609669f9cdce806083d50fd2ac6e38e547e7ec9,166291ee777fc01bd9995f8c695974a1740db89489d546c6d4dff2b08d746aca,1830.89,6.482857142857158,0.32414285714285795,NOT_STRICTLY_CLOSER_THAN_CONTROL,H1_SOURCE_SWING_BUFFERED_ELSE_CONTROL,False,166291ee777fc01bd9995f8c695974a1740db89489d546c6d4dff2b08d746aca,2023-01-03T16:00:00Z,1830.89,1849.98,dc16b6bb76d83e56bcf5e10c9719149c2fabf63aee349040003b69d18b69b560
e5f628d163a987691b067332d079f5100493fe897329c4cb48c453ee3fdc8bb0,1834.23,2023-01-03T20:05:00Z,94b62cfb43eccee59852763d12637ee42a81d0dba9cf6460dffff587fe101668,2023-01-03T20:05:00Z,1838.52,1827.64,2023-02-01T00:00:00Z,2023-01-03T20:00:00Z,0.0,LONG,1.0,52.06801470588258,CONTROL_V2_FILLED_STOP,2023-01-03T20:05:00Z,CONTROL_NEXT_M1_OPEN,1838.52,True,506b90718c4fbd3f2f6a3b0804c4c86be700f92dbf0936cef2172af84af640bb,0.21599264705881752,1.2444852941176572,2023_01,1.0413602941176516,1.0413602941176516,TARGET,2023-01-04T09:11:00Z,TARGET,b53778fe27768a5433d01b770e5c68b69077b72c0d6c3dcf2658d0f06a5efee9,2023-01-04T09:11:00Z,RETEST_EXPIRED,2023-01-03T20:20:00Z,,1834.23,False,False,INITIAL_CONFIRMATION_TARGET,1cc5085e7672e01a6a6846ad5b40eee42eb831453f0b306be212b5483314a58a,ec54f140a6152a3413aa65693049d8c5adbe606d90bf316faecf3a64d9e7797c,1827.64,,,,CONTROL_V2_FILLED_STOP,False,,2023-01-03T20:05:00Z,1827.64,1849.85,6d2d5ac0afc986e66c8c722301a330fa22c8b3d325f161fd050464bb1754d89a
e5f628d163a987691b067332d079f5100493fe897329c4cb48c453ee3fdc8bb0,1834.23,2023-01-03T20:05:00Z,94b62cfb43eccee59852763d12637ee42a81d0dba9cf6460dffff587fe101668,2023-01-03T20:05:00Z,1838.52,1827.64,2023-02-01T00:00:00Z,2023-01-03T20:00:00Z,2.4230174632752393,LONG,0.30059086134455637,173.21888786964453,M5_LATEST_CONFIRMED_OPPOSING_SWING_ELSE_CONTROL,2023-01-03T20:05:00Z,CONTROL_NEXT_M1_OPEN,1838.52,True,d7953c96b26cf825290b76ccab4296be6f6f4cdb3930db4ee5395c6e4a5405cd,0.7185602585942658,4.140130170794344,2023_01,3.464377757392891,1.0413602941176516,TARGET,2023-01-04T09:11:00Z,TARGET,34f34ef681f7f99b82a02a840ce591f7ef68c1cf245b56f6c3cb7ce7daa3a856,2023-01-04T09:11:00Z,INVALID_OR_NONIMPROVING_RETEST_GEOMETRY,2023-01-03T20:20:00Z,,1834.23,False,False,INITIAL_CONFIRMATION_TARGET,b3995a1942d1565c4952af0a297766faf0764e0e272df521cd737a76f4bd90b2,ec54f140a6152a3413aa65693049d8c5adbe606d90bf316faecf3a64d9e7797c,1835.2495714285712,1.6085714285714434,0.08042857142857218,,M5_LATEST_CONFIRMED_OPPOSING_SWING_ELSE_CONTROL,True,a85bcdbae29121f7d47f4864b6fe5c5d086a99f68a2d5c47d6713968c2e570c0,2023-01-03T19:40:00Z,1835.33,1849.85,6d2d5ac0afc986e66c8c722301a330fa22c8b3d325f161fd050464bb1754d89a
e5f628d163a987691b067332d079f5100493fe897329c4cb48c453ee3fdc8bb0,1834.23,2023-01-03T20:05:00Z,94b62cfb43eccee59852763d12637ee42a81d0dba9cf6460dffff587fe101668,2023-01-03T20:05:00Z,1838.52,1827.64,2023-02-01T00:00:00Z,2023-01-03T20:00:00Z,0.0,LONG,1.0,52.06801470588258,CONTROL_V2_FILLED_STOP,2023-01-03T20:05:00Z,CONTROL_NEXT_M1_OPEN,1838.52,True,23ae94111288c2d90c3acacbf071dd215d44af9c43a69e0b849333e2d462e1d1,0.21599264705881752,1.2444852941176572,2023_01,1.0413602941176516,1.0413602941176516,TARGET,2023-01-04T09:11:00Z,TARGET,51ee9fb5ae90e4b719893426d0662e01a820c1707e4b8a3439dd60fd612fbaba,2023-01-04T09:11:00Z,RETEST_EXPIRED,2023-01-03T20:20:00Z,,1834.23,False,False,INITIAL_CONFIRMATION_TARGET,654820fd0d84ae8457819dae375f0adc81b8923dde9c3661d69f7994db0163a7,ec54f140a6152a3413aa65693049d8c5adbe606d90bf316faecf3a64d9e7797c,1827.64,4.765714285714272,0.2382857142857136,NOT_STRICTLY_CLOSER_THAN_CONTROL,M15_LATEST_CONFIRMED_OPPOSING_SWING_ELSE_CONTROL,False,67ec7e573b2da6775334cec624fac7d53d59b164270fbcabb25c3d72a64f3993,2023-01-03T18:15:00Z,1827.64,1849.85,6d2d5ac0afc986e66c8c722301a330fa22c8b3d325f161fd050464bb1754d89a
e5f628d163a987691b067332d079f5100493fe897329c4cb48c453ee3fdc8bb0,1834.23,2023-01-03T20:05:00Z,94b62cfb43eccee59852763d12637ee42a81d0dba9cf6460dffff587fe101668,2023-01-03T20:05:00Z,1838.52,1827.64,2023-02-01T00:00:00Z,2023-01-03T20:00:00Z,0.0,LONG,1.0,52.06801470588258,CONTROL_V2_FILLED_STOP,2023-01-03T20:05:00Z,CONTROL_NEXT_M1_OPEN,1838.52,True,8068bd37929d3beb1f30182af04819d9edb5eee216c0439e0054ac62d9696b57,0.21599264705881752,1.2444852941176572,2023_01,1.0413602941176516,1.0413602941176516,TARGET,2023-01-04T09:11:00Z,TARGET,0714cc7b7d5990164e9f5378e37d523f0166ae45805c9ebee729aec5836f97c1,2023-01-04T09:11:00Z,RETEST_EXPIRED,2023-01-03T20:20:00Z,,1834.23,False,False,INITIAL_CONFIRMATION_TARGET,0a97b663727cfc8427340b40de3e78dff0c3da6aa6a52eec6bc2feab2df4f8e0,ec54f140a6152a3413aa65693049d8c5adbe606d90bf316faecf3a64d9e7797c,1827.64,7.299999999999987,0.3649999999999994,NOT_STRICTLY_CLOSER_THAN_CONTROL,H1_SOURCE_SWING_BUFFERED_ELSE_CONTROL,False,ec54f140a6152a3413aa65693049d8c5adbe606d90bf316faecf3a64d9e7797c,2023-01-03T20:00:00Z,1827.64,1849.85,6d2d5ac0afc986e66c8c722301a330fa22c8b3d325f161fd050464bb1754d89a
e5f628d163a987691b067332d079f5100493fe897329c4cb48c453ee3fdc8bb0,1834.23,2023-01-03T20:05:00Z,94b62cfb43eccee59852763d12637ee42a81d0dba9cf6460dffff587fe101668,2023-01-03T20:05:00Z,1838.52,1827.64,2023-02-01T00:00:00Z,2023-01-03T20:00:00Z,-1.0413602941176516,LONG,1.0,0.0,CONTROL_V2_FILLED_STOP,,M5_BROKEN_CONTROL_FIRST_RETEST,,False,506b90718c4fbd3f2f6a3b0804c4c86be700f92dbf0936cef2172af84af640bb,,,2023_01,0.0,1.0413602941176516,TARGET,2023-01-04T09:11:00Z,NO_FILL,7d78545cd3f9eb14fa56bca403a45f24416c26ff8c8fbe61179125adb28393e1,,RETEST_EXPIRED,2023-01-03T20:20:00Z,,1834.23,False,False,INITIAL_CONFIRMATION_TARGET,f9bf5da8eb7fb5a25779c0b159a2d84c1c9f2df3fdecb5ed7ba31b4b30a4718e,ec54f140a6152a3413aa65693049d8c5adbe606d90bf316faecf3a64d9e7797c,1827.64,,,,CONTROL_V2_FILLED_STOP,False,,2023-01-03T20:05:00Z,1827.64,1849.85,6d2d5ac0afc986e66c8c722301a330fa22c8b3d325f161fd050464bb1754d89a
e5f628d163a987691b067332d079f5100493fe897329c4cb48c453ee3fdc8bb0,1834.23,2023-01-03T20:05:00Z,94b62cfb43eccee59852763d12637ee42a81d0dba9cf6460dffff587fe101668,2023-01-03T20:05:00Z,1838.52,1827.64,2023-02-01T00:00:00Z,2023-01-03T20:00:00Z,-1.0413602941176516,LONG,0.30059086134455637,0.0,M5_LATEST_CONFIRMED_OPPOSING_SWING_ELSE_CONTROL,,M5_BROKEN_CONTROL_FIRST_RETEST,,False,d7953c96b26cf825290b76ccab4296be6f6f4cdb3930db4ee5395c6e4a5405cd,,,2023_01,0.0,1.0413602941176516,TARGET,2023-01-04T09:11:00Z,NO_FILL,097db1c52bdfef62e2148c651d5b37709bdbe27322a7df4175acdcb7f1853fa8,,INVALID_OR_NONIMPROVING_RETEST_GEOMETRY,2023-01-03T20:20:00Z,,1834.23,False,False,INITIAL_CONFIRMATION_TARGET,c3d0ed8aa7a9cee958f7e8b68fe83ffcd5342726be7eddf7e5f77b2874aeeecd,ec54f140a6152a3413aa65693049d8c5adbe606d90bf316faecf3a64d9e7797c,1835.2495714285712,1.6085714285714434,0.08042857142857218,,M5_LATEST_CONFIRMED_OPPOSING_SWING_ELSE_CONTROL,True,a85bcdbae29121f7d47f4864b6fe5c5d086a99f68a2d5c47d6713968c2e570c0,2023-01-03T19:40:00Z,1835.33,1849.85,6d2d5ac0afc986e66c8c722301a330fa22c8b3d325f161fd050464bb1754d89a
e5f628d163a987691b067332d079f5100493fe897329c4cb48c453ee3fdc8bb0,1834.23,2023-01-03T20:05:00Z,94b62cfb43eccee59852763d12637ee42a81d0dba9cf6460dffff587fe101668,2023-01-03T20:05:00Z,1838.52,1827.64,2023-02-01T00:00:00Z,2023-01-03T20:00:00Z,-1.0413602941176516,LONG,1.0,0.0,CONTROL_V2_FILLED_STOP,,M5_BROKEN_CONTROL_FIRST_RETEST,,False,23ae94111288c2d90c3acacbf071dd215d44af9c43a69e0b849333e2d462e1d1,,,2023_01,0.0,1.0413602941176516,TARGET,2023-01-04T09:11:00Z,NO_FILL,b1b63cecd23d9f41f2cdd9c363fc58e397b9efa56382800b61d6244944b164bc,,RETEST_EXPIRED,2023-01-03T20:20:00Z,,1834.23,False,False,INITIAL_CONFIRMATION_TARGET,ba616c9aef7b39550dd4ddd5839a2443c9374c973f3ac3612e4a5dc173640879,ec54f140a6152a3413aa65693049d8c5adbe606d90bf316faecf3a64d9e7797c,1827.64,4.765714285714272,0.2382857142857136,NOT_STRICTLY_CLOSER_THAN_CONTROL,M15_LATEST_CONFIRMED_OPPOSING_SWING_ELSE_CONTROL,False,67ec7e573b2da6775334cec624fac7d53d59b164270fbcabb25c3d72a64f3993,2023-01-03T18:15:00Z,1827.64,1849.85,6d2d5ac0afc986e66c8c722301a330fa22c8b3d325f161fd050464bb1754d89a
e5f628d163a987691b067332d079f5100493fe897329c4cb48c453ee3fdc8bb0,1834.23,2023-01-03T20:05:00Z,94b62cfb43eccee59852763d12637ee42a81d0dba9cf6460dffff587fe101668,2023-01-03T20:05:00Z,1838.52,1827.64,2023-02-01T00:00:00Z,2023-01-03T20:00:00Z,-1.0413602941176516,LONG,1.0,0.0,CONTROL_V2_FILLED_STOP,,M5_BROKEN_CONTROL_FIRST_RETEST,,False,8068bd37929d3beb1f30182af04819d9edb5eee216c0439e0054ac62d9696b57,,,2023_01,0.0,1.0413602941176516,TARGET,2023-01-04T09:11:00Z,NO_FILL,ff9694a83c7a6d3d35f19b6f9685f458329b40099d4a9dd4f5ba82e032fb7e0c,,RETEST_EXPIRED,2023-01-03T20:20:00Z,,1834.23,False,False,INITIAL_CONFIRMATION_TARGET,b652147c2bacfa39367f86e538f2285906f0aeb66216b6c8b1f822f9e0eba022,ec54f140a6152a3413aa65693049d8c5adbe606d90bf316faecf3a64d9e7797c,1827.64,7.299999999999987,0.3649999999999994,NOT_STRICTLY_CLOSER_THAN_CONTROL,H1_SOURCE_SWING_BUFFERED_ELSE_CONTROL,False,ec54f140a6152a3413aa65693049d8c5adbe606d90bf316faecf3a64d9e7797c,2023-01-03T20:00:00Z,1827.64,1849.85,6d2d5ac0afc986e66c8c722301a330fa22c8b3d325f161fd050464bb1754d89a
e5f628d163a987691b067332d079f5100493fe897329c4cb48c453ee3fdc8bb0,1834.23,2023-01-03T20:05:00Z,94b62cfb43eccee59852763d12637ee42a81d0dba9cf6460dffff587fe101668,2023-01-03T20:05:00Z,1838.52,1827.64,2023-02-01T00:00:00Z,2023-01-03T20:00:00Z,-0.7810202205882387,LONG,1.0,13.017003676470646,CONTROL_V2_FILLED_STOP,2023-01-03T20:05:00Z,CONFIRMED_25_75_RETEST_SPLIT,1838.52,True,506b90718c4fbd3f2f6a3b0804c4c86be700f92dbf0936cef2172af84af640bb,0.05399816176470438,0.3111213235294143,2023_01,0.2603400735294129,1.0413602941176516,TARGET,2023-01-04T09:11:00Z,SPLIT_CONTROL_TARGET_NO_RETEST,13ce4c7bc1e5d1af485a083cb1ce91f13ec2c09787e5cfd9f095ea39c59adb20,2023-01-04T09:11:00Z,RETEST_EXPIRED,2023-01-03T20:20:00Z,,1834.23,False,False,INITIAL_CONFIRMATION_TARGET,1640b4b0c3c2026b9ddc24210e0d3d15e1069b753678eadb8f671aa50ad4fc53,ec54f140a6152a3413aa65693049d8c5adbe606d90bf316faecf3a64d9e7797c,1827.64,,,,CONTROL_V2_FILLED_STOP,False,,2023-01-03T20:05:00Z,1827.64,1849.85,6d2d5ac0afc986e66c8c722301a330fa22c8b3d325f161fd050464bb1754d89a
e5f628d163a987691b067332d079f5100493fe897329c4cb48c453ee3fdc8bb0,1834.23,2023-01-03T20:05:00Z,94b62cfb43eccee59852763d12637ee42a81d0dba9cf6460dffff587fe101668,2023-01-03T20:05:00Z,1838.52,1827.64,2023-02-01T00:00:00Z,2023-01-03T20:00:00Z,-0.1752658547694289,LONG,0.30059086134455637,43.30472196741113,M5_LATEST_CONFIRMED_OPPOSING_SWING_ELSE_CONTROL,2023-01-03T20:05:00Z,CONFIRMED_25_75_RETEST_SPLIT,1838.52,True,d7953c96b26cf825290b76ccab4296be6f6f4cdb3930db4ee5395c6e4a5405cd,0.17964006464856644,1.035032542698586,2023_01,0.8660944393482227,1.0413602941176516,TARGET,2023-01-04T09:11:00Z,SPLIT_CONTROL_TARGET_NO_RETEST,1ba753be1021af28ae799c5292ed772dad56a348dd2f5779375eb7d637bad538,2023-01-04T09:11:00Z,INVALID_OR_NONIMPROVING_RETEST_GEOMETRY,2023-01-03T20:20:00Z,,1834.23,False,False,INITIAL_CONFIRMATION_TARGET,cc6b3f9a99b165ff02bd67fd96f265ea67c680a4878d47ec053f34d9ca0c2896,ec54f140a6152a3413aa65693049d8c5adbe606d90bf316faecf3a64d9e7797c,1835.2495714285712,1.6085714285714434,0.08042857142857218,,M5_LATEST_CONFIRMED_OPPOSING_SWING_ELSE_CONTROL,True,a85bcdbae29121f7d47f4864b6fe5c5d086a99f68a2d5c47d6713968c2e570c0,2023-01-03T19:40:00Z,1835.33,1849.85,6d2d5ac0afc986e66c8c722301a330fa22c8b3d325f161fd050464bb1754d89a
e5f628d163a987691b067332d079f5100493fe897329c4cb48c453ee3fdc8bb0,1834.23,2023-01-03T20:05:00Z,94b62cfb43eccee59852763d12637ee42a81d0dba9cf6460dffff587fe101668,2023-01-03T20:05:00Z,1838.52,1827.64,2023-02-01T00:00:00Z,2023-01-03T20:00:00Z,-0.7810202205882387,LONG,1.0,13.017003676470646,CONTROL_V2_FILLED_STOP,2023-01-03T20:05:00Z,CONFIRMED_25_75_RETEST_SPLIT,1838.52,True,23ae94111288c2d90c3acacbf071dd215d44af9c43a69e0b849333e2d462e1d1,0.05399816176470438,0.3111213235294143,2023_01,0.2603400735294129,1.0413602941176516,TARGET,2023-01-04T09:11:00Z,SPLIT_CONTROL_TARGET_NO_RETEST,d968c3e4454a1a3e863b7316d51e2cdccd58aba64b4cfb0e41332cf0e0d3393a,2023-01-04T09:11:00Z,RETEST_EXPIRED,2023-01-03T20:20:00Z,,1834.23,False,False,INITIAL_CONFIRMATION_TARGET,6bf50fd9fbde48709e0edeff7536fa23de4fe732c48ceb3e1e85756a97148a5c,ec54f140a6152a3413aa65693049d8c5adbe606d90bf316faecf3a64d9e7797c,1827.64,4.765714285714272,0.2382857142857136,NOT_STRICTLY_CLOSER_THAN_CONTROL,M15_LATEST_CONFIRMED_OPPOSING_SWING_ELSE_CONTROL,False,67ec7e573b2da6775334cec624fac7d53d59b164270fbcabb25c3d72a64f3993,2023-01-03T18:15:00Z,1827.64,1849.85,6d2d5ac0afc986e66c8c722301a330fa22c8b3d325f161fd050464bb1754d89a
e5f628d163a987691b067332d079f5100493fe897329c4cb48c453ee3fdc8bb0,1834.23,2023-01-03T20:05:00Z,94b62cfb43eccee59852763d12637ee42a81d0dba9cf6460dffff587fe101668,2023-01-03T20:05:00Z,1838.52,1827.64,2023-02-01T00:00:00Z,2023-01-03T20:00:00Z,-0.7810202205882387,LONG,1.0,13.017003676470646,CONTROL_V2_FILLED_STOP,2023-01-03T20:05:00Z,CONFIRMED_25_75_RETEST_SPLIT,1838.52,True,8068bd37929d3beb1f30182af04819d9edb5eee216c0439e0054ac62d9696b57,0.05399816176470438,0.3111213235294143,2023_01,0.2603400735294129,1.0413602941176516,TARGET,2023-01-04T09:11:00Z,SPLIT_CONTROL_TARGET_NO_RETEST,015e25f84a5ff584e32a1ad5527517fb0bf62cd739497621c5732f6c5f863892,2023-01-04T09:11:00Z,RETEST_EXPIRED,2023-01-03T20:20:00Z,,1834.23,False,False,INITIAL_CONFIRMATION_TARGET,da1951d896564813effe0aedacb7b6fbf560cb7051b489c46650dd5951a5d145,ec54f140a6152a3413aa65693049d8c5adbe606d90bf316faecf3a64d9e7797c,1827.64,7.299999999999987,0.3649999999999994,NOT_STRICTLY_CLOSER_THAN_CONTROL,H1_SOURCE_SWING_BUFFERED_ELSE_CONTROL,False,ec54f140a6152a3413aa65693049d8c5adbe606d90bf316faecf3a64d9e7797c,2023-01-03T20:00:00Z,1827.64,1849.85,6d2d5ac0afc986e66c8c722301a330fa22c8b3d325f161fd050464bb1754d89a
d9d87714402b577955411b6f875c3362ce43f94977361d7c4f5a5842ae771181,1836.58,2023-01-04T02:00:00Z,6a79f9b4cd48856fbdeb623c6160f29feda00313cfc8706ddc23712939ef2f4d,2023-01-04T02:00:00Z,1836.47,1840.24,2023-02-01T00:00:00Z,2023-01-03T23:00:00Z,0.0,SHORT,1.0,-50.0,CONTROL_V2_FILLED_STOP,2023-01-04T02:00:00Z,CONTROL_NEXT_M1_OPEN,1836.47,True,fc4a75b50276d8e2424a35542f0321f6c5684ceee7040ee3c431ab3947ecf41f,1.0318302387267617,0.07957559681696445,2023_01,-1.0,-1.0,STOP,2023-01-04T03:20:00Z,STOP,be50eeb3302323a04bba870960c6ee0e19240c870051ee02d8952eaa72b7b380,2023-01-04T03:20:00Z,FIRST_RETEST_FILLED,2023-01-04T02:15:00Z,2023-01-04T02:00:00Z,1836.58,True,False,INITIAL_CONFIRMATION_STOP,6248e37971e3be3910717f1fed7065638ab5efd5c9d9998fe25fda026ba0df04,1ac613be7e3f85f733d4ddc18261ec9ebb71161ce7df03ebdcb9f101cb6e5aac,1840.24,,,,CONTROL_V2_FILLED_STOP,False,,2023-01-04T02:00:00Z,1840.24,1827.64,d6d4ae85fc5c351c69e5266b6a122ece080ed8bd0b856372b1753c583a61d8fd
d9d87714402b577955411b6f875c3362ce43f94977361d7c4f5a5842ae771181,1836.58,2023-01-04T02:00:00Z,6a79f9b4cd48856fbdeb623c6160f29feda00313cfc8706ddc23712939ef2f4d,2023-01-04T02:00:00Z,1836.47,1840.24,2023-02-01T00:00:00Z,2023-01-03T23:00:00Z,0.0,SHORT,0.7516767715043418,-50.0,M5_LATEST_CONFIRMED_OPPOSING_SWING_ELSE_CONTROL,2023-01-04T02:00:00Z,CONTROL_NEXT_M1_OPEN,1836.47,True,4ae2bc238af24f23ac7f0cc93ed8d2f7bb67494503074ee90488cfb257d6f1c7,1.0551123545944072,0.10586411584557634,2023_01,-1.0,-1.0,STOP,2023-01-04T03:20:00Z,STOP,565e2e9377ff6889213d055aa5d5d58c2af52af8d5792a85531ac39316dc5284,2023-01-04T03:02:00Z,FIRST_RETEST_FILLED,2023-01-04T02:15:00Z,2023-01-04T02:00:00Z,1836.58,True,False,INITIAL_CONFIRMATION_STOP,e2782d4187ef0d939c0b2b0f28a7fce06d787d9ae90f2e8cc3f6947afb8f7dd5,1ac613be7e3f85f733d4ddc18261ec9ebb71161ce7df03ebdcb9f101cb6e5aac,1839.3038214285714,0.6764285714286383,0.033821428571431916,,M5_LATEST_CONFIRMED_OPPOSING_SWING_ELSE_CONTROL,True,8c48d3ea18522dfee9e3b808cd691c6dfaef61ea1a4adce69591704cccca50c4,2023-01-04T01:30:00Z,1839.27,1827.64,d6d4ae85fc5c351c69e5266b6a122ece080ed8bd0b856372b1753c583a61d8fd
d9d87714402b577955411b6f875c3362ce43f94977361d7c4f5a5842ae771181,1836.58,2023-01-04T02:00:00Z,6a79f9b4cd48856fbdeb623c6160f29feda00313cfc8706ddc23712939ef2f4d,2023-01-04T02:00:00Z,1836.47,1840.24,2023-02-01T00:00:00Z,2023-01-03T23:00:00Z,0.0,SHORT,0.8681223948465382,-50.0,M15_LATEST_CONFIRMED_OPPOSING_SWING_ELSE_CONTROL,2023-01-04T02:00:00Z,CONTROL_NEXT_M1_OPEN,1836.47,True,8c2d31089b8c25d800ab9ae3df98b0b23eab89e816ec1a1534a6007670af6a16,1.0235816628291157,0.09166402950707357,2023_01,-1.0,-1.0,STOP,2023-01-04T03:20:00Z,STOP,deb89e6c3a462db8d0e24c060d9b063d41b9d9935fee0a976fea87faacd102d5,2023-01-04T03:08:00Z,FIRST_RETEST_FILLED,2023-01-04T02:15:00Z,2023-01-04T02:00:00Z,1836.58,True,False,INITIAL_CONFIRMATION_STOP,1346569c229c811a4accc199ddd2c6763635c86efe872228610082edf36af9b1,1ac613be7e3f85f733d4ddc18261ec9ebb71161ce7df03ebdcb9f101cb6e5aac,1839.7428214285715,1.4564285714285623,0.07282142857142812,,M15_LATEST_CONFIRMED_OPPOSING_SWING_ELSE_CONTROL,True,292dc66c597f1db9d8395115dc46ebbc56c4b26d01cf2ad28a4dff285757e4e0,2023-01-04T01:45:00Z,1839.67,1827.64,d6d4ae85fc5c351c69e5266b6a122ece080ed8bd0b856372b1753c583a61d8fd
d9d87714402b577955411b6f875c3362ce43f94977361d7c4f5a5842ae771181,1836.58,2023-01-04T02:00:00Z,6a79f9b4cd48856fbdeb623c6160f29feda00313cfc8706ddc23712939ef2f4d,2023-01-04T02:00:00Z,1836.47,1840.24,2023-02-01T00:00:00Z,2023-01-03T23:00:00Z,0.0,SHORT,1.0,-50.0,CONTROL_V2_FILLED_STOP,2023-01-04T02:00:00Z,CONTROL_NEXT_M1_OPEN,1836.47,True,3684e0865e27aa500c7bdd00df990edc6daa85b5e897c7cf18ad5bdf7fbc72f7,1.0318302387267617,0.07957559681696445,2023_01,-1.0,-1.0,STOP,2023-01-04T03:20:00Z,STOP,cc2f74ca18958a20ce9ee6a9a73256b111ad62ef6f0675abb8d7913af535dfc4,2023-01-04T03:20:00Z,FIRST_RETEST_FILLED,2023-01-04T02:15:00Z,2023-01-04T02:00:00Z,1836.58,True,False,INITIAL_CONFIRMATION_STOP,97fd91c008ff7afb299b0bb2730f1a726603c3d2382a20b4e0dfec280863a9e7,1ac613be7e3f85f733d4ddc18261ec9ebb71161ce7df03ebdcb9f101cb6e5aac,1840.24,7.247857142857113,0.36239285714285563,NOT_STRICTLY_CLOSER_THAN_CONTROL,H1_SOURCE_SWING_BUFFERED_ELSE_CONTROL,False,1ac613be7e3f85f733d4ddc18261ec9ebb71161ce7df03ebdcb9f101cb6e5aac,2023-01-03T23:00:00Z,1840.24,1827.64,d6d4ae85fc5c351c69e5266b6a122ece080ed8bd0b856372b1753c583a61d8fd
d9d87714402b577955411b6f875c3362ce43f94977361d7c4f5a5842ae771181,1836.58,2023-01-04T02:00:00Z,6a79f9b4cd48856fbdeb623c6160f29feda00313cfc8706ddc23712939ef2f4d,2023-01-04T02:00:00Z,1836.47,1840.24,2023-02-01T00:00:00Z,2023-01-03T23:00:00Z,0.0,SHORT,1.0,-50.0,CONTROL_V2_FILLED_STOP,2023-01-04T02:00:00Z,M5_BROKEN_CONTROL_FIRST_RETEST,1836.58,True,fc4a75b50276d8e2424a35542f0321f6c5684ceee7040ee3c431ab3947ecf41f,1.032786885245871,0.11202185792345501,2023_01,-1.0,-1.0,STOP,2023-01-04T03:20:00Z,STOP,5f875bf5a2fb23a7fae0581d31a3177beede73efcdad54609ef2fb4fcd5e6346,2023-01-04T03:20:00Z,FIRST_RETEST_FILLED,2023-01-04T02:15:00Z,2023-01-04T02:00:00Z,1836.58,True,True,INITIAL_CONFIRMATION_STOP,174754a6d15e6da1be10a4aeb68e86c3c3db38041cdd23bb8d8fa6f278de9167,1ac613be7e3f85f733d4ddc18261ec9ebb71161ce7df03ebdcb9f101cb6e5aac,1840.24,,,,CONTROL_V2_FILLED_STOP,False,,2023-01-04T02:00:00Z,1840.24,1827.64,d6d4ae85fc5c351c69e5266b6a122ece080ed8bd0b856372b1753c583a61d8fd
d9d87714402b577955411b6f875c3362ce43f94977361d7c4f5a5842ae771181,1836.58,2023-01-04T02:00:00Z,6a79f9b4cd48856fbdeb623c6160f29feda00313cfc8706ddc23712939ef2f4d,2023-01-04T02:00:00Z,1836.47,1840.24,2023-02-01T00:00:00Z,2023-01-03T23:00:00Z,0.0,SHORT,0.7516767715043418,-50.0,M5_LATEST_CONFIRMED_OPPOSING_SWING_ELSE_CONTROL,2023-01-04T02:00:00Z,M5_BROKEN_CONTROL_FIRST_RETEST,1836.58,True,4ae2bc238af24f23ac7f0cc93ed8d2f7bb67494503074ee90488cfb257d6f1c7,1.057338036110012,0.1505238176406023,2023_01,-1.0,-1.0,STOP,2023-01-04T03:20:00Z,STOP,b9be5832ca09e10b03b6c5562373712259cc46a2e00673b6e966bf345e77e409,2023-01-04T03:02:00Z,FIRST_RETEST_FILLED,2023-01-04T02:15:00Z,2023-01-04T02:00:00Z,1836.58,True,True,INITIAL_CONFIRMATION_STOP,ddf0a2c5f947893ce2e4db220586673774a87fb606aafd21417c8b104f05617d,1ac613be7e3f85f733d4ddc18261ec9ebb71161ce7df03ebdcb9f101cb6e5aac,1839.3038214285714,0.6764285714286383,0.033821428571431916,,M5_LATEST_CONFIRMED_OPPOSING_SWING_ELSE_CONTROL,True,8c48d3ea18522dfee9e3b808cd691c6dfaef61ea1a4adce69591704cccca50c4,2023-01-04T01:30:00Z,1839.27,1827.64,d6d4ae85fc5c351c69e5266b6a122ece080ed8bd0b856372b1753c583a61d8fd
d9d87714402b577955411b6f875c3362ce43f94977361d7c4f5a5842ae771181,1836.58,2023-01-04T02:00:00Z,6a79f9b4cd48856fbdeb623c6160f29feda00313cfc8706ddc23712939ef2f4d,2023-01-04T02:00:00Z,1836.47,1840.24,2023-02-01T00:00:00Z,2023-01-03T23:00:00Z,0.0,SHORT,0.8681223948465382,-50.0,M15_LATEST_CONFIRMED_OPPOSING_SWING_ELSE_CONTROL,2023-01-04T02:00:00Z,M5_BROKEN_CONTROL_FIRST_RETEST,1836.58,True,8c2d31089b8c25d800ab9ae3df98b0b23eab89e816ec1a1534a6007670af6a16,1.0244018112218662,0.12963109339531326,2023_01,-1.0,-1.0,STOP,2023-01-04T03:20:00Z,STOP,fb88bf71b7da6428c7cdc9b1cb5e5cc27d817e6f926be421cb3ff906a9d2bf75,2023-01-04T03:08:00Z,FIRST_RETEST_FILLED,2023-01-04T02:15:00Z,2023-01-04T02:00:00Z,1836.58,True,True,INITIAL_CONFIRMATION_STOP,b98e07f1fad3c1587961019049dea7a15b3523b2f989498191cd86bfef3537ad,1ac613be7e3f85f733d4ddc18261ec9ebb71161ce7df03ebdcb9f101cb6e5aac,1839.7428214285715,1.4564285714285623,0.07282142857142812,,M15_LATEST_CONFIRMED_OPPOSING_SWING_ELSE_CONTROL,True,292dc66c597f1db9d8395115dc46ebbc56c4b26d01cf2ad28a4dff285757e4e0,2023-01-04T01:45:00Z,1839.67,1827.64,d6d4ae85fc5c351c69e5266b6a122ece080ed8bd0b856372b1753c583a61d8fd
d9d87714402b577955411b6f875c3362ce43f94977361d7c4f5a5842ae771181,1836.58,2023-01-04T02:00:00Z,6a79f9b4cd48856fbdeb623c6160f29feda00313cfc8706ddc23712939ef2f4d,2023-01-04T02:00:00Z,1836.47,1840.24,2023-02-01T00:00:00Z,2023-01-03T23:00:00Z,0.0,SHORT,1.0,-50.0,CONTROL_V2_FILLED_STOP,2023-01-04T02:00:00Z,M5_BROKEN_CONTROL_FIRST_RETEST,1836.58,True,3684e0865e27aa500c7bdd00df990edc6daa85b5e897c7cf18ad5bdf7fbc72f7,1.032786885245871,0.11202185792345501,2023_01,-1.0,-1.0,STOP,2023-01-04T03:20:00Z,STOP,c55bf80a270b9c23d232cf302d41824237aaed7bf2135c001ac6e536e5fa1f48,2023-01-04T03:20:00Z,FIRST_RETEST_FILLED,2023-01-04T02:15:00Z,2023-01-04T02:00:00Z,1836.58,True,True,INITIAL_CONFIRMATION_STOP,387ac10c93bdbb1a40bac78c9b58fe6d09cff2fffbdcadbc8911e59d907b8f53,1ac613be7e3f85f733d4ddc18261ec9ebb71161ce7df03ebdcb9f101cb6e5aac,1840.24,7.247857142857113,0.36239285714285563,NOT_STRICTLY_CLOSER_THAN_CONTROL,H1_SOURCE_SWING_BUFFERED_ELSE_CONTROL,False,1ac613be7e3f85f733d4ddc18261ec9ebb71161ce7df03ebdcb9f101cb6e5aac,2023-01-03T23:00:00Z,1840.24,1827.64,d6d4ae85fc5c351c69e5266b6a122ece080ed8bd0b856372b1753c583a61d8fd
d9d87714402b577955411b6f875c3362ce43f94977361d7c4f5a5842ae771181,1836.58,2023-01-04T02:00:00Z,6a79f9b4cd48856fbdeb623c6160f29feda00313cfc8706ddc23712939ef2f4d,2023-01-04T02:00:00Z,1836.47,1840.24,2023-02-01T00:00:00Z,2023-01-03T23:00:00Z,0.0,SHORT,1.0,-50.0,CONTROL_V2_FILLED_STOP,2023-01-04T02:00:00Z,CONFIRMED_25_75_RETEST_SPLIT,1836.47,True,fc4a75b50276d8e2424a35542f0321f6c5684ceee7040ee3c431ab3947ecf41f,1.0325477236160938,0.10391029264683238,2023_01,-1.0,-1.0,STOP,2023-01-04T03:20:00Z,SPLIT_STOP_STOP,11831d151486e19f29c7129f966ccc50fd23f474a102d90cee46095b68c4a447,2023-01-04T03:20:00Z,FIRST_RETEST_FILLED,2023-01-04T02:15:00Z,2023-01-04T02:00:00Z,1836.58,True,True,INITIAL_CONFIRMATION_STOP,6b37c23fef7e4301fcb2aecec5fa23e37385d7d53736293c34113c01a1abbcfb,1ac613be7e3f85f733d4ddc18261ec9ebb71161ce7df03ebdcb9f101cb6e5aac,1840.24,,,,CONTROL_V2_FILLED_STOP,False,,2023-01-04T02:00:00Z,1840.24,1827.64,d6d4ae85fc5c351c69e5266b6a122ece080ed8bd0b856372b1753c583a61d8fd
d9d87714402b577955411b6f875c3362ce43f94977361d7c4f5a5842ae771181,1836.58,2023-01-04T02:00:00Z,6a79f9b4cd48856fbdeb623c6160f29feda00313cfc8706ddc23712939ef2f4d,2023-01-04T02:00:00Z,1836.47,1840.24,2023-02-01T00:00:00Z,2023-01-03T23:00:00Z,0.0,SHORT,0.7516767715043418,-50.0,M5_LATEST_CONFIRMED_OPPOSING_SWING_ELSE_CONTROL,2023-01-04T02:00:00Z,CONFIRMED_25_75_RETEST_SPLIT,1836.47,True,4ae2bc238af24f23ac7f0cc93ed8d2f7bb67494503074ee90488cfb257d6f1c7,1.0567816157311107,0.1393588921918458,2023_01,-1.0,-1.0,STOP,2023-01-04T03:20:00Z,SPLIT_STOP_STOP,9a0adf40dbee310eceb7c911072ca2c42dcc728ec2959eb16c27756b8f5431ce,2023-01-04T03:02:00Z,FIRST_RETEST_FILLED,2023-01-04T02:15:00Z,2023-01-04T02:00:00Z,1836.58,True,True,INITIAL_CONFIRMATION_STOP,5ad302edc3ab67f9c9eccbaed82c4ae282280d063335dedf6bda7aa6c3659755,1ac613be7e3f85f733d4ddc18261ec9ebb71161ce7df03ebdcb9f101cb6e5aac,1839.3038214285714,0.6764285714286383,0.033821428571431916,,M5_LATEST_CONFIRMED_OPPOSING_SWING_ELSE_CONTROL,True,8c48d3ea18522dfee9e3b808cd691c6dfaef61ea1a4adce69591704cccca50c4,2023-01-04T01:30:00Z,1839.27,1827.64,d6d4ae85fc5c351c69e5266b6a122ece080ed8bd0b856372b1753c583a61d8fd
d9d87714402b577955411b6f875c3362ce43f94977361d7c4f5a5842ae771181,1836.58,2023-01-04T02:00:00Z,6a79f9b4cd48856fbdeb623c6160f29feda00313cfc8706ddc23712939ef2f4d,2023-01-04T02:00:00Z,1836.47,1840.24,2023-02-01T00:00:00Z,2023-01-03T23:00:00Z,0.0,SHORT,0.8681223948465382,-50.0,M15_LATEST_CONFIRMED_OPPOSING_SWING_ELSE_CONTROL,2023-01-04T02:00:00Z,CONFIRMED_25_75_RETEST_SPLIT,1836.47,True,8c2d31089b8c25d800ab9ae3df98b0b23eab89e816ec1a1534a6007670af6a16,1.0241967741236786,0.12013932742325334,2023_01,-1.0,-1.0,STOP,2023-01-04T03:20:00Z,SPLIT_STOP_STOP,901dc0a25e1f0dc47446c85fafb5a9a8dc6b78bfbdcfcd31e9dfc655c82fa088,2023-01-04T03:08:00Z,FIRST_RETEST_FILLED,2023-01-04T02:15:00Z,2023-01-04T02:00:00Z,1836.58,True,True,INITIAL_CONFIRMATION_STOP,2383e7bfcdf9a3dca8cd97893d5b568b6e8c44184315caab68a0607ac5611341,1ac613be7e3f85f733d4ddc18261ec9ebb71161ce7df03ebdcb9f101cb6e5aac,1839.7428214285715,1.4564285714285623,0.07282142857142812,,M15_LATEST_CONFIRMED_OPPOSING_SWING_ELSE_CONTROL,True,292dc66c597f1db9d8395115dc46ebbc56c4b26d01cf2ad28a4dff285757e4e0,2023-01-04T01:45:00Z,1839.67,1827.64,d6d4ae85fc5c351c69e5266b6a122ece080ed8bd0b856372b1753c583a61d8fd
d9d87714402b577955411b6f875c3362ce43f94977361d7c4f5a5842ae771181,1836.58,2023-01-04T02:00:00Z,6a79f9b4cd48856fbdeb623c6160f29feda00313cfc8706ddc23712939ef2f4d,2023-01-04T02:00:00Z,1836.47,1840.24,2023-02-01T00:00:00Z,2023-01-03T23:00:00Z,0.0,SHORT,1.0,-50.0,CONTROL_V2_FILLED_STOP,2023-01-04T02:00:00Z,CONFIRMED_25_75_RETEST_SPLIT,1836.47,True,3684e0865e27aa500c7bdd00df990edc6daa85b5e897c7cf18ad5bdf7fbc72f7,1.0325477236160938,0.10391029264683238,2023_01,-1.0,-1.0,STOP,2023-01-04T03:20:00Z,SPLIT_STOP_STOP,f884dc88e50f1291e0a5cdf40851b13654bb962d80ece60c19d4344b7bd0d1b1,2023-01-04T03:20:00Z,FIRST_RETEST_FILLED,2023-01-04T02:15:00Z,2023-01-04T02:00:00Z,1836.58,True,True,INITIAL_CONFIRMATION_STOP,87366f2cc0e1083c769ea8004562bc68660676d0f4cf62a228b2eb109e9ebae2,1ac613be7e3f85f733d4ddc18261ec9ebb71161ce7df03ebdcb9f101cb6e5aac,1840.24,7.247857142857113,0.36239285714285563,NOT_STRICTLY_CLOSER_THAN_CONTROL,H1_SOURCE_SWING_BUFFERED_ELSE_CONTROL,False,1ac613be7e3f85f733d4ddc18261ec9ebb71161ce7df03ebdcb9f101cb6e5aac,2023-01-03T23:00:00Z,1840.24,1827.64,d6d4ae85fc5c351c69e5266b6a122ece080ed8bd0b856372b1753c583a61d8fd
be92b3fc1e10a2e2624f685a18719eae886c98de3a601f3eb3f436da866df487,1857.68,2023-01-04T14:25:00Z,380bc5e40dcfc0d94c5e514c79a31876b2f93f60c84f0e43a29ff69908f99eed,2023-01-04T14:25:00Z,1856.44,1865.15,2023-02-01T00:00:00Z,2023-01-04T13:00:00Z,0.0,SHORT,1.0,67.22158438576342,CONTROL_V2_FILLED_STOP,2023-01-04T14:25:00Z,CONTROL_NEXT_M1_OPEN,1856.44,True,5969469f41206f931a8c9edc94383ac6e4737659239f580f768d1fc32b06e87c,0.7244546498277749,1.3444316877152684,2023_01,1.3444316877152684,1.3444316877152684,TARGET,2023-01-05T10:44:00Z,TARGET,8dd92ac7aa197f7b056bda49bb036abf50dbf6ff1433e0ea00382a1db0163769,2023-01-05T10:44:00Z,RETEST_EXPIRED,2023-01-04T14:40:00Z,,1857.68,False,False,INITIAL_CONFIRMATION_TARGET,1f4db2c6c41b5fbc3b0a7c8fd15d0e500c0e2c476f48ed3483919e8216078447,9fdf687bf6ab9414a80eab9026a3fd40be0f16b6eee59cd933eb54c4027afd4e,1865.15,,,,CONTROL_V2_FILLED_STOP,False,,2023-01-04T14:25:00Z,1865.15,1844.73,04b09fe96411dfdf12f50d712ffed48bb8616327e20691b90e413f1aa2d73d8f
be92b3fc1e10a2e2624f685a18719eae886c98de3a601f3eb3f436da866df487,1857.68,2023-01-04T14:25:00Z,380bc5e40dcfc0d94c5e514c79a31876b2f93f60c84f0e43a29ff69908f99eed,2023-01-04T14:25:00Z,1856.44,1865.15,2023-02-01T00:00:00Z,2023-01-04T13:00:00Z,-2.3444316877152684,SHORT,0.5035837297031244,-50.0,M5_LATEST_CONFIRMED_OPPOSING_SWING_ELSE_CONTROL,2023-01-04T14:25:00Z,CONTROL_NEXT_M1_OPEN,1856.44,True,1708afe2327bb9630b49df20e2719a2bbc50901a63fb208f98a81fb8a470aeb6,1.0646994642304402,0.8230332046835444,2023_01,-1.0,1.3444316877152684,TARGET,2023-01-05T10:44:00Z,STOP,d74ce51ad6d9fc4cdf3528feef90cac4ca2b3dca9101737b9c2e457cf0b9c94f,2023-01-04T15:31:00Z,RETEST_EXPIRED,2023-01-04T14:40:00Z,,1857.68,False,False,INITIAL_CONFIRMATION_TARGET,61d26b7d3b5069525516e9587143b0b19024ea79314d152a1c38b9268a624130,9fdf687bf6ab9414a80eab9026a3fd40be0f16b6eee59cd933eb54c4027afd4e,1860.8262142857143,1.3242857142857116,0.06621428571428559,,M5_LATEST_CONFIRMED_OPPOSING_SWING_ELSE_CONTROL,True,cb406ac8fac2aae9f9c89fa623744ed34dcf8f640b5e769a84196a34140d7763,2023-01-04T14:10:00Z,1860.76,1844.73,04b09fe96411dfdf12f50d712ffed48bb8616327e20691b90e413f1aa2d73d8f
be92b3fc1e10a2e2624f685a18719eae886c98de3a601f3eb3f436da866df487,1857.68,2023-01-04T14:25:00Z,380bc5e40dcfc0d94c5e514c79a31876b2f93f60c84f0e43a29ff69908f99eed,2023-01-04T14:25:00Z,1856.44,1865.15,2023-02-01T00:00:00Z,2023-01-04T13:00:00Z,0.4398618706954902,SHORT,0.7534812202722583,89.21467792053794,M15_LATEST_CONFIRMED_OPPOSING_SWING_ELSE_CONTROL,2023-01-04T14:25:00Z,CONTROL_NEXT_M1_OPEN,1856.44,True,336af3b28aecfc7ff5d3da84cb6b81b9863baa756236fb50e4907bb306889d55,0.9614767167866571,1.7842935584107587,2023_01,1.7842935584107587,1.3444316877152684,TARGET,2023-01-05T10:44:00Z,TARGET,f5f43efbff546b801afae925c04a7f57ba60614a5d63dbb573647cb883f5b653,2023-01-05T10:44:00Z,RETEST_EXPIRED,2023-01-04T14:40:00Z,,1857.68,False,False,INITIAL_CONFIRMATION_TARGET,8e4ed34c014bad4053a4217f3258868f4e0cf147037b3e798be3c97b547f5a8d,9fdf687bf6ab9414a80eab9026a3fd40be0f16b6eee59cd933eb54c4027afd4e,1863.0028214285715,2.2564285714285495,0.11282142857142748,,M15_LATEST_CONFIRMED_OPPOSING_SWING_ELSE_CONTROL,True,55d6cee27a4a88f79b3161efd3123bf3c2d941470022df537ee12fefcd194838,2023-01-04T14:00:00Z,1862.89,1844.73,04b09fe96411dfdf12f50d712ffed48bb8616327e20691b90e413f1aa2d73d8f
be92b3fc1e10a2e2624f685a18719eae886c98de3a601f3eb3f436da866df487,1857.68,2023-01-04T14:25:00Z,380bc5e40dcfc0d94c5e514c79a31876b2f93f60c84f0e43a29ff69908f99eed,2023-01-04T14:25:00Z,1856.44,1865.15,2023-02-01T00:00:00Z,2023-01-04T13:00:00Z,0.0,SHORT,1.0,67.22158438576342,CONTROL_V2_FILLED_STOP,2023-01-04T14:25:00Z,CONTROL_NEXT_M1_OPEN,1856.44,True,71779864fe742efc4534098e3f763cbc29d6a2eeeae4df64beaf0ba35a5a878f,0.7244546498277749,1.3444316877152684,2023_01,1.3444316877152684,1.3444316877152684,TARGET,2023-01-05T10:44:00Z,TARGET,6197f6f3db5695a22e7f57b198e596fb151ddd5ea0adcbc24a7af53626b6bb02,2023-01-05T10:44:00Z,RETEST_EXPIRED,2023-01-04T14:40:00Z,,1857.68,False,False,INITIAL_CONFIRMATION_TARGET,e119d1cd4654dea7158120f5b25901213d52192ad1dc6e093a9de62abd6f7f44,9fdf687bf6ab9414a80eab9026a3fd40be0f16b6eee59cd933eb54c4027afd4e,1865.15,4.162857142857125,0.20814285714285627,NOT_STRICTLY_CLOSER_THAN_CONTROL,H1_SOURCE_SWING_BUFFERED_ELSE_CONTROL,False,9fdf687bf6ab9414a80eab9026a3fd40be0f16b6eee59cd933eb54c4027afd4e,2023-01-04T13:00:00Z,1865.15,1844.73,04b09fe96411dfdf12f50d712ffed48bb8616327e20691b90e413f1aa2d73d8f
be92b3fc1e10a2e2624f685a18719eae886c98de3a601f3eb3f436da866df487,1857.68,2023-01-04T14:25:00Z,380bc5e40dcfc0d94c5e514c79a31876b2f93f60c84f0e43a29ff69908f99eed,2023-01-04T14:25:00Z,1856.44,1865.15,2023-02-01T00:00:00Z,2023-01-04T13:00:00Z,-1.3444316877152684,SHORT,1.0,0.0,CONTROL_V2_FILLED_STOP,,M5_BROKEN_CONTROL_FIRST_RETEST,,False,5969469f41206f931a8c9edc94383ac6e4737659239f580f768d1fc32b06e87c,,,2023_01,0.0,1.3444316877152684,TARGET,2023-01-05T10:44:00Z,NO_FILL,7af42c7b506dead3e37ea0ac37fe90f25c7aff144e232f0454f16481959a1fff,,RETEST_EXPIRED,2023-01-04T14:40:00Z,,1857.68,False,False,INITIAL_CONFIRMATION_TARGET,5cd270e140bd15d852358cd9df64e711ec3ac91f9f3547b0e5d6a5e1f0a4bc17,9fdf687bf6ab9414a80eab9026a3fd40be0f16b6eee59cd933eb54c4027afd4e,1865.15,,,,CONTROL_V2_FILLED_STOP,False,,2023-01-04T14:25:00Z,1865.15,1844.73,04b09fe96411dfdf12f50d712ffed48bb8616327e20691b90e413f1aa2d73d8f
be92b3fc1e10a2e2624f685a18719eae886c98de3a601f3eb3f436da866df487,1857.68,2023-01-04T14:25:00Z,380bc5e40dcfc0d94c5e514c79a31876b2f93f60c84f0e43a29ff69908f99eed,2023-01-04T14:25:00Z,1856.44,1865.15,2023-02-01T00:00:00Z,2023-01-04T13:00:00Z,-1.3444316877152684,SHORT,0.5035837297031244,0.0,M5_LATEST_CONFIRMED_OPPOSING_SWING_ELSE_CONTROL,,M5_BROKEN_CONTROL_FIRST_RETEST,,False,1708afe2327bb9630b49df20e2719a2bbc50901a63fb208f98a81fb8a470aeb6,,,2023_01,0.0,1.3444316877152684,TARGET,2023-01-05T10:44:00Z,NO_FILL,e22d4435eb5f7749f42e25442445788050b24e0affd6873576673eb4216bbb8d,,RETEST_EXPIRED,2023-01-04T14:40:00Z,,1857.68,False,False,INITIAL_CONFIRMATION_TARGET,5abb947ed6a951bcdd701e97c3069f24f7b0cf22524b031908ec492f3518237d,9fdf687bf6ab9414a80eab9026a3fd40be0f16b6eee59cd933eb54c4027afd4e,1860.8262142857143,1.3242857142857116,0.06621428571428559,,M5_LATEST_CONFIRMED_OPPOSING_SWING_ELSE_CONTROL,True,cb406ac8fac2aae9f9c89fa623744ed34dcf8f640b5e769a84196a34140d7763,2023-01-04T14:10:00Z,1860.76,1844.73,04b09fe96411dfdf12f50d712ffed48bb8616327e20691b90e413f1aa2d73d8f
be92b3fc1e10a2e2624f685a18719eae886c98de3a601f3eb3f436da866df487,1857.68,2023-01-04T14:25:00Z,380bc5e40dcfc0d94c5e514c79a31876b2f93f60c84f0e43a29ff69908f99eed,2023-01-04T14:25:00Z,1856.44,1865.15,2023-02-01T00:00:00Z,2023-01-04T13:00:00Z,-1.3444316877152684,SHORT,0.7534812202722583,0.0,M15_LATEST_CONFIRMED_OPPOSING_SWING_ELSE_CONTROL,,M5_BROKEN_CONTROL_FIRST_RETEST,,False,336af3b28aecfc7ff5d3da84cb6b81b9863baa756236fb50e4907bb306889d55,,,2023_01,0.0,1.3444316877152684,TARGET,2023-01-05T10:44:00Z,NO_FILL,0cf62c7473b6b50ae5591c0c37607ae9739770c323ece878bacda4ab97ab8c82,,RETEST_EXPIRED,2023-01-04T14:40:00Z,,1857.68,False,False,INITIAL_CONFIRMATION_TARGET,6b6b0085de79442331344026cffb3feec3008b84ef1a95d64d76f10a02d4668b,9fdf687bf6ab9414a80eab9026a3fd40be0f16b6eee59cd933eb54c4027afd4e,1863.0028214285715,2.2564285714285495,0.11282142857142748,,M15_LATEST_CONFIRMED_OPPOSING_SWING_ELSE_CONTROL,True,55d6cee27a4a88f79b3161efd3123bf3c2d941470022df537ee12fefcd194838,2023-01-04T14:00:00Z,1862.89,1844.73,04b09fe96411dfdf12f50d712ffed48bb8616327e20691b90e413f1aa2d73d8f
be92b3fc1e10a2e2624f685a18719eae886c98de3a601f3eb3f436da866df487,1857.68,2023-01-04T14:25:00Z,380bc5e40dcfc0d94c5e514c79a31876b2f93f60c84f0e43a29ff69908f99eed,2023-01-04T14:25:00Z,1856.44,1865.15,2023-02-01T00:00:00Z,2023-01-04T13:00:00Z,-1.3444316877152684,SHORT,1.0,0.0,CONTROL_V2_FILLED_STOP,,M5_BROKEN_CONTROL_FIRST_RETEST,,False,71779864fe742efc4534098e3f763cbc29d6a2eeeae4df64beaf0ba35a5a878f,,,2023_01,0.0,1.3444316877152684,TARGET,2023-01-05T10:44:00Z,NO_FILL,1725461ce0f63fb5054e5400b0bff7a74c9efef0924bc309bc47aee08b09dfee,,RETEST_EXPIRED,2023-01-04T14:40:00Z,,1857.68,False,False,INITIAL_CONFIRMATION_TARGET,b38e7c558194d7272c4d8144844304747787241076838802605db72cde5689be,9fdf687bf6ab9414a80eab9026a3fd40be0f16b6eee59cd933eb54c4027afd4e,1865.15,4.162857142857125,0.20814285714285627,NOT_STRICTLY_CLOSER_THAN_CONTROL,H1_SOURCE_SWING_BUFFERED_ELSE_CONTROL,False,9fdf687bf6ab9414a80eab9026a3fd40be0f16b6eee59cd933eb54c4027afd4e,2023-01-04T13:00:00Z,1865.15,1844.73,04b09fe96411dfdf12f50d712ffed48bb8616327e20691b90e413f1aa2d73d8f
be92b3fc1e10a2e2624f685a18719eae886c98de3a601f3eb3f436da866df487,1857.68,2023-01-04T14:25:00Z,380bc5e40dcfc0d94c5e514c79a31876b2f93f60c84f0e43a29ff69908f99eed,2023-01-04T14:25:00Z,1856.44,1865.15,2023-02-01T00:00:00Z,2023-01-04T13:00:00Z,-1.0083237657864514,SHORT,1.0,16.805396096440855,CONTROL_V2_FILLED_STOP,2023-01-04T14:25:00Z,CONFIRMED_25_75_RETEST_SPLIT,1856.44,True,5969469f41206f931a8c9edc94383ac6e4737659239f580f768d1fc32b06e87c,0.1811136624569437,0.3361079219288171,2023_01,0.3361079219288171,1.3444316877152684,TARGET,2023-01-05T10:44:00Z,SPLIT_CONTROL_TARGET_NO_RETEST,c509c46437a158e840394edd7bd18b6bd0353dfad7fc060a89186a1708b67c3d,2023-01-05T10:44:00Z,RETEST_EXPIRED,2023-01-04T14:40:00Z,,1857.68,False,False,INITIAL_CONFIRMATION_TARGET,d690a33b5b57c99c89a3550915af09d550aaba54d3d6332f70831953a388588b,9fdf687bf6ab9414a80eab9026a3fd40be0f16b6eee59cd933eb54c4027afd4e,1865.15,,,,CONTROL_V2_FILLED_STOP,False,,2023-01-04T14:25:00Z,1865.15,1844.73,04b09fe96411dfdf12f50d712ffed48bb8616327e20691b90e413f1aa2d73d8f
be92b3fc1e10a2e2624f685a18719eae886c98de3a601f3eb3f436da866df487,1857.68,2023-01-04T14:25:00Z,380bc5e40dcfc0d94c5e514c79a31876b2f93f60c84f0e43a29ff69908f99eed,2023-01-04T14:25:00Z,1856.44,1865.15,2023-02-01T00:00:00Z,2023-01-04T13:00:00Z,-1.5944316877152684,SHORT,0.5035837297031244,-12.5,M5_LATEST_CONFIRMED_OPPOSING_SWING_ELSE_CONTROL,2023-01-04T14:25:00Z,CONFIRMED_25_75_RETEST_SPLIT,1856.44,True,1708afe2327bb9630b49df20e2719a2bbc50901a63fb208f98a81fb8a470aeb6,0.26617486605761004,0.2057583011708861,2023_01,-0.25,1.3444316877152684,TARGET,2023-01-05T10:44:00Z,SPLIT_CONTROL_STOP_NO_RETEST,6a2edc9b95852ace926e362b4ce3bdf73ab4dd1a6bb9856003f29b78c797f04c,2023-01-04T15:31:00Z,RETEST_EXPIRED,2023-01-04T14:40:00Z,,1857.68,False,False,INITIAL_CONFIRMATION_TARGET,7a6b952103e351fae7f7f386c2082d250d3dc896b008454deb42b4932e36ce1a,9fdf687bf6ab9414a80eab9026a3fd40be0f16b6eee59cd933eb54c4027afd4e,1860.8262142857143,1.3242857142857116,0.06621428571428559,,M5_LATEST_CONFIRMED_OPPOSING_SWING_ELSE_CONTROL,True,cb406ac8fac2aae9f9c89fa623744ed34dcf8f640b5e769a84196a34140d7763,2023-01-04T14:10:00Z,1860.76,1844.73,04b09fe96411dfdf12f50d712ffed48bb8616327e20691b90e413f1aa2d73d8f
be92b3fc1e10a2e2624f685a18719eae886c98de3a601f3eb3f436da866df487,1857.68,2023-01-04T14:25:00Z,380bc5e40dcfc0d94c5e514c79a31876b2f93f60c84f0e43a29ff69908f99eed,2023-01-04T14:25:00Z,1856.44,1865.15,2023-02-01T00:00:00Z,2023-01-04T13:00:00Z,-0.8983582981125788,SHORT,0.7534812202722583,22.303669480134484,M15_LATEST_CONFIRMED_OPPOSING_SWING_ELSE_CONTROL,2023-01-04T14:25:00Z,CONFIRMED_25_75_RETEST_SPLIT,1856.44,True,336af3b28aecfc7ff5d3da84cb6b81b9863baa756236fb50e4907bb306889d55,0.24036917919666428,0.44607338960268966,2023_01,0.44607338960268966,1.3444316877152684,TARGET,2023-01-05T10:44:00Z,SPLIT_CONTROL_TARGET_NO_RETEST,c972cba10f7afe6381af2953355f6475a9edac0b440d33c662a670cd5db6fdd3,2023-01-05T10:44:00Z,RETEST_EXPIRED,2023-01-04T14:40:00Z,,1857.68,False,False,INITIAL_CONFIRMATION_TARGET,7e0561de8a2d7d75b3243e577aec14a8406952a5313f352f364bb9fa87aaae98,9fdf687bf6ab9414a80eab9026a3fd40be0f16b6eee59cd933eb54c4027afd4e,1863.0028214285715,2.2564285714285495,0.11282142857142748,,M15_LATEST_CONFIRMED_OPPOSING_SWING_ELSE_CONTROL,True,55d6cee27a4a88f79b3161efd3123bf3c2d941470022df537ee12fefcd194838,2023-01-04T14:00:00Z,1862.89,1844.73,04b09fe96411dfdf12f50d712ffed48bb8616327e20691b90e413f1aa2d73d8f
be92b3fc1e10a2e2624f685a18719eae886c98de3a601f3eb3f436da866df487,1857.68,2023-01-04T14:25:00Z,380bc5e40dcfc0d94c5e514c79a31876b2f93f60c84f0e43a29ff69908f99eed,2023-01-04T14:25:00Z,1856.44,1865.15,2023-02-01T00:00:00Z,2023-01-04T13:00:00Z,-1.0083237657864514,SHORT,1.0,16.805396096440855,CONTROL_V2_FILLED_STOP,2023-01-04T14:25:00Z,CONFIRMED_25_75_RETEST_SPLIT,1856.44,True,71779864fe742efc4534098e3f763cbc29d6a2eeeae4df64beaf0ba35a5a878f,0.1811136624569437,0.3361079219288171,2023_01,0.3361079219288171,1.3444316877152684,TARGET,2023-01-05T10:44:00Z,SPLIT_CONTROL_TARGET_NO_RETEST,d315913fb42fce8e2f32d990359de2c6911f62b9893f9b070bb370aca8404f29,2023-01-05T10:44:00Z,RETEST_EXPIRED,2023-01-04T14:40:00Z,,1857.68,False,False,INITIAL_CONFIRMATION_TARGET,22d1870f80019063b1fcdbb53551f4ece28fec9ebe0ea600360e0e4f823e02a8,9fdf687bf6ab9414a80eab9026a3fd40be0f16b6eee59cd933eb54c4027afd4e,1865.15,4.162857142857125,0.20814285714285627,NOT_STRICTLY_CLOSER_THAN_CONTROL,H1_SOURCE_SWING_BUFFERED_ELSE_CONTROL,False,9fdf687bf6ab9414a80eab9026a3fd40be0f16b6eee59cd933eb54c4027afd4e,2023-01-04T13:00:00Z,1865.15,1844.73,04b09fe96411dfdf12f50d712ffed48bb8616327e20691b90e413f1aa2d73d8f
491ac90283ceb76ff4aafa74cd97eeb57c2031292287e5d04eec138d7e0c812e,1853.07,2023-01-04T17:10:00Z,9b605343c596b298ee534cace049c14282195e63061c21ababc203c7915a87a4,2023-01-04T17:10:00Z,1853.02,1862.89,2023-02-01T00:00:00Z,2023-01-04T16:00:00Z,0.0,SHORT,1.0,41.99594731509556,CONTROL_V2_FILLED_STOP,2023-01-04T17:10:00Z,CONTROL_NEXT_M1_OPEN,1853.02,True,ad6e22243fc778236e2e2a270d66a9e87f8fd593809c2edcc1de6e073c57a4a7,0.7558257345491335,0.8399189463019113,2023_01,0.8399189463019113,0.8399189463019113,TARGET,2023-01-05T10:44:00Z,TARGET,74ee755be8d78797cc0956c6956084d6f889b5bc4b888cae785edff2aeaaeb06,2023-01-05T10:44:00Z,FIRST_RETEST_FILLED,2023-01-04T17:25:00Z,2023-01-04T17:10:00Z,1853.07,True,False,INITIAL_CONFIRMATION_TARGET,f6e17f49e82e3ac12daa7ed6ea6f85a1bf01cf4645cd1fd6e46b98ba14eaf5f2,560458c902c2d1efab09b835bfbcd8dfd63a1c8168005076945d12b4d9521d12,1862.89,,,,CONTROL_V2_FILLED_STOP,False,,2023-01-04T17:10:00Z,1862.89,1844.73,e4b89ae1f09e92bd680cbc408a864376f1b76f573f8874d376db3433944ee22e
491ac90283ceb76ff4aafa74cd97eeb57c2031292287e5d04eec138d7e0c812e,1853.07,2023-01-04T17:10:00Z,9b605343c596b298ee534cace049c14282195e63061c21ababc203c7915a87a4,2023-01-04T17:10:00Z,1853.02,1862.89,2023-02-01T00:00:00Z,2023-01-04T16:00:00Z,-1.8399189463019114,SHORT,0.6979193805181513,-50.0,M5_LATEST_CONFIRMED_OPPOSING_SWING_ELSE_CONTROL,2023-01-04T17:10:00Z,CONTROL_NEXT_M1_OPEN,1853.02,True,e0e66a08f30ec7660574b658074cc10345ef06fb82390017f92596c65b59fcdd,1.067001249500972,0.573422440208019,2023_01,-1.0,0.8399189463019113,TARGET,2023-01-05T10:44:00Z,STOP,20c19a51c5b4f3174e72dc716858c422df4207aad835203930c53cefe5f94c2d,2023-01-04T18:46:00Z,FIRST_RETEST_FILLED,2023-01-04T17:25:00Z,2023-01-04T17:10:00Z,1853.07,True,False,INITIAL_CONFIRMATION_TARGET,42d9b889090dfe1f422010543c755eb9cfb28290f84f68f008cfe7d6911be5c6,560458c902c2d1efab09b835bfbcd8dfd63a1c8168005076945d12b4d9521d12,1859.9084642857142,2.5692857142857,0.128464285714285,,M5_LATEST_CONFIRMED_OPPOSING_SWING_ELSE_CONTROL,True,bbe036e03b38ca416ee12793c84c01a9c377bd38489e2c241eaad9c8b39496f1,2023-01-04T16:50:00Z,1859.78,1844.73,e4b89ae1f09e92bd680cbc408a864376f1b76f573f8874d376db3433944ee22e
491ac90283ceb76ff4aafa74cd97eeb57c2031292287e5d04eec138d7e0c812e,1853.07,2023-01-04T17:10:00Z,9b605343c596b298ee534cace049c14282195e63061c21ababc203c7915a87a4,2023-01-04T17:10:00Z,1853.02,1862.89,2023-02-01T00:00:00Z,2023-01-04T16:00:00Z,0.0,SHORT,1.0,41.99594731509556,CONTROL_V2_FILLED_STOP,2023-01-04T17:10:00Z,CONTROL_NEXT_M1_OPEN,1853.02,True,1cd72078e47d3e57b2f5da3a1e8ac42f991a9c973d1c16f469a7fb96db1d2cd0,0.7558257345491335,0.8399189463019113,2023_01,0.8399189463019113,0.8399189463019113,TARGET,2023-01-05T10:44:00Z,TARGET,06d5fd7d4dd0d67c0608fee7e7704ed1c7b81b895620644e344de3b0c00b9472,2023-01-05T10:44:00Z,FIRST_RETEST_FILLED,2023-01-04T17:25:00Z,2023-01-04T17:10:00Z,1853.07,True,False,INITIAL_CONFIRMATION_TARGET,dd8f99dc9504744d1551c8fe7a36a878152589854292d4d5c5ac81ca4cb0d053,560458c902c2d1efab09b835bfbcd8dfd63a1c8168005076945d12b4d9521d12,1862.89,3.2278571428571468,0.16139285714285734,NOT_STRICTLY_CLOSER_THAN_CONTROL,M15_LATEST_CONFIRMED_OPPOSING_SWING_ELSE_CONTROL,False,ca6dc06903c1ac6dad99a6a2d7d5af19eb4adc62fb22db5e0497a9e71a974e6e,2023-01-04T16:30:00Z,1862.75,1844.73,e4b89ae1f09e92bd680cbc408a864376f1b76f573f8874d376db3433944ee22e
491ac90283ceb76ff4aafa74cd97eeb57c2031292287e5d04eec138d7e0c812e,1853.07,2023-01-04T17:10:00Z,9b605343c596b298ee534cace049c14282195e63061c21ababc203c7915a87a4,2023-01-04T17:10:00Z,1853.02,1862.89,2023-02-01T00:00:00Z,2023-01-04T16:00:00Z,0.0,SHORT,1.0,41.99594731509556,CONTROL_V2_FILLED_STOP,2023-01-04T17:10:00Z,CONTROL_NEXT_M1_OPEN,1853.02,True,87d11f3680ef5c6d4be76c9a5debcb6ff6e394c624d7733e7895e84d90533cd9,0.7558257345491335,0.8399189463019113,2023_01,0.8399189463019113,0.8399189463019113,TARGET,2023-01-05T10:44:00Z,TARGET,b73d87c108abbe04bfe78bff4270b07d419a3691bc6651b9f91810c185373e95,2023-01-05T10:44:00Z,FIRST_RETEST_FILLED,2023-01-04T17:25:00Z,2023-01-04T17:10:00Z,1853.07,True,False,INITIAL_CONFIRMATION_TARGET,43c2562acfe7b0a5019a62d882f91a213b77db4c34562aea88a4ec8f1600677f,560458c902c2d1efab09b835bfbcd8dfd63a1c8168005076945d12b4d9521d12,1862.89,5.168571428571438,0.2584285714285719,NOT_STRICTLY_CLOSER_THAN_CONTROL,H1_SOURCE_SWING_BUFFERED_ELSE_CONTROL,False,560458c902c2d1efab09b835bfbcd8dfd63a1c8168005076945d12b4d9521d12,2023-01-04T16:00:00Z,1862.89,1844.73,e4b89ae1f09e92bd680cbc408a864376f1b76f573f8874d376db3433944ee22e
491ac90283ceb76ff4aafa74cd97eeb57c2031292287e5d04eec138d7e0c812e,1853.07,2023-01-04T17:10:00Z,9b605343c596b298ee534cace049c14282195e63061c21ababc203c7915a87a4,2023-01-04T17:10:00Z,1853.02,1862.89,2023-02-01T00:00:00Z,2023-01-04T16:00:00Z,0.00936822274083604,SHORT,1.0,42.46435845213737,CONTROL_V2_FILLED_STOP,2023-01-04T17:10:00Z,M5_BROKEN_CONTROL_FIRST_RETEST,1853.07,True,ad6e22243fc778236e2e2a270d66a9e87f8fd593809c2edcc1de6e073c57a4a7,0.7545824847250466,0.8492871690427474,2023_01,0.8492871690427474,0.8399189463019113,TARGET,2023-01-05T10:44:00Z,TARGET,d509220d7344c4d42be768d0e195a896f7f19d296fa0b9579b5d00a0a7177278,2023-01-05T10:44:00Z,FIRST_RETEST_FILLED,2023-01-04T17:25:00Z,2023-01-04T17:10:00Z,1853.07,True,True,INITIAL_CONFIRMATION_TARGET,d7f7c005b03f0e269c2146278b7fad3e4210cea85a717a1b99b8a4da0994c278,560458c902c2d1efab09b835bfbcd8dfd63a1c8168005076945d12b4d9521d12,1862.89,,,,CONTROL_V2_FILLED_STOP,False,,2023-01-04T17:10:00Z,1862.89,1844.73,e4b89ae1f09e92bd680cbc408a864376f1b76f573f8874d376db3433944ee22e
491ac90283ceb76ff4aafa74cd97eeb57c2031292287e5d04eec138d7e0c812e,1853.07,2023-01-04T17:10:00Z,9b605343c596b298ee534cace049c14282195e63061c21ababc203c7915a87a4,2023-01-04T17:10:00Z,1853.02,1862.89,2023-02-01T00:00:00Z,2023-01-04T16:00:00Z,-1.8399189463019114,SHORT,0.6979193805181513,-50.0,M5_LATEST_CONFIRMED_OPPOSING_SWING_ELSE_CONTROL,2023-01-04T17:10:00Z,M5_BROKEN_CONTROL_FIRST_RETEST,1853.07,True,e0e66a08f30ec7660574b658074cc10345ef06fb82390017f92596c65b59fcdd,1.0674911347054679,0.5849266491536846,2023_01,-1.0,0.8399189463019113,TARGET,2023-01-05T10:44:00Z,STOP,883505b3be87482f776cd96f765041e10c19aba9c5e7afbd7f6618d3a22bec07,2023-01-04T18:46:00Z,FIRST_RETEST_FILLED,2023-01-04T17:25:00Z,2023-01-04T17:10:00Z,1853.07,True,True,INITIAL_CONFIRMATION_TARGET,481f43d6cd8960deadd8f64cebbf648cfcb68b3ea4027a0b81ec402b9fc98ade,560458c902c2d1efab09b835bfbcd8dfd63a1c8168005076945d12b4d9521d12,1859.9084642857142,2.5692857142857,0.128464285714285,,M5_LATEST_CONFIRMED_OPPOSING_SWING_ELSE_CONTROL,True,bbe036e03b38ca416ee12793c84c01a9c377bd38489e2c241eaad9c8b39496f1,2023-01-04T16:50:00Z,1859.78,1844.73,e4b89ae1f09e92bd680cbc408a864376f1b76f573f8874d376db3433944ee22e
491ac90283ceb76ff4aafa74cd97eeb57c2031292287e5d04eec138d7e0c812e,1853.07,2023-01-04T17:10:00Z,9b605343c596b298ee534cace049c14282195e63061c21ababc203c7915a87a4,2023-01-04T17:10:00Z,1853.02,1862.89,2023-02-01T00:00:00Z,2023-01-04T16:00:00Z,0.00936822274083604,SHORT,1.0,42.46435845213737,CONTROL_V2_FILLED_STOP,2023-01-04T17:10:00Z,M5_BROKEN_CONTROL_FIRST_RETEST,1853.07,True,1cd72078e47d3e57b2f5da3a1e8ac42f991a9c973d1c16f469a7fb96db1d2cd0,0.7545824847250466,0.8492871690427474,2023_01,0.8492871690427474,0.8399189463019113,TARGET,2023-01-05T10:44:00Z,TARGET,3f295a855971ee557fc1d0c88727ae696a20e67f943d276b099340c596364a52,2023-01-05T10:44:00Z,FIRST_RETEST_FILLED,2023-01-04T17:25:00Z,2023-01-04T17:10:00Z,1853.07,True,True,INITIAL_CONFIRMATION_TARGET,b0b54e06bd8bd2adb72c5f1f47b67cd336e86174d6e9a2ea7ef458713b3f58c7,560458c902c2d1efab09b835bfbcd8dfd63a1c8168005076945d12b4d9521d12,1862.89,3.2278571428571468,0.16139285714285734,NOT_STRICTLY_CLOSER_THAN_CONTROL,M15_LATEST_CONFIRMED_OPPOSING_SWING_ELSE_CONTROL,False,ca6dc06903c1ac6dad99a6a2d7d5af19eb4adc62fb22db5e0497a9e71a974e6e,2023-01-04T16:30:00Z,1862.75,1844.73,e4b89ae1f09e92bd680cbc408a864376f1b76f573f8874d376db3433944ee22e
491ac90283ceb76ff4aafa74cd97eeb57c2031292287e5d04eec138d7e0c812e,1853.07,2023-01-04T17:10:00Z,9b605343c596b298ee534cace049c14282195e63061c21ababc203c7915a87a4,2023-01-04T17:10:00Z,1853.02,1862.89,2023-02-01T00:00:00Z,2023-01-04T16:00:00Z,0.00936822274083604,SHORT,1.0,42.46435845213737,CONTROL_V2_FILLED_STOP,2023-01-04T17:10:00Z,M5_BROKEN_CONTROL_FIRST_RETEST,1853.07,True,87d11f3680ef5c6d4be76c9a5debcb6ff6e394c624d7733e7895e84d90533cd9,0.7545824847250466,0.8492871690427474,2023_01,0.8492871690427474,0.8399189463019113,TARGET,2023-01-05T10:44:00Z,TARGET,1b240951dd74528e722f97bc6785427c5d83c0537d6ee0837e34ba9aa3aad1f1,2023-01-05T10:44:00Z,FIRST_RETEST_FILLED,2023-01-04T17:25:00Z,2023-01-04T17:10:00Z,1853.07,True,True,INITIAL_CONFIRMATION_TARGET,8f2b43891b161552be2d37e164e10266513f9ef4fb4d21c61c4beef2abc64ac4,560458c902c2d1efab09b835bfbcd8dfd63a1c8168005076945d12b4d9521d12,1862.89,5.168571428571438,0.2584285714285719,NOT_STRICTLY_CLOSER_THAN_CONTROL,H1_SOURCE_SWING_BUFFERED_ELSE_CONTROL,False,560458c902c2d1efab09b835bfbcd8dfd63a1c8168005076945d12b4d9521d12,2023-01-04T16:00:00Z,1862.89,1844.73,e4b89ae1f09e92bd680cbc408a864376f1b76f573f8874d376db3433944ee22e
491ac90283ceb76ff4aafa74cd97eeb57c2031292287e5d04eec138d7e0c812e,1853.07,2023-01-04T17:10:00Z,9b605343c596b298ee534cace049c14282195e63061c21ababc203c7915a87a4,2023-01-04T17:10:00Z,1853.02,1862.89,2023-02-01T00:00:00Z,2023-01-04T16:00:00Z,0.007026167055627086,SHORT,1.0,42.34725566787692,CONTROL_V2_FILLED_STOP,2023-01-04T17:10:00Z,CONFIRMED_25_75_RETEST_SPLIT,1853.02,True,ad6e22243fc778236e2e2a270d66a9e87f8fd593809c2edcc1de6e073c57a4a7,0.7548932971810682,0.8469451133575384,2023_01,0.8469451133575384,0.8399189463019113,TARGET,2023-01-05T10:44:00Z,SPLIT_TARGET_TARGET,56d686e32569b4cd50d2d943230d339aa1e3ca46726882a72c3fed7678ad9c78,2023-01-05T10:44:00Z,FIRST_RETEST_FILLED,2023-01-04T17:25:00Z,2023-01-04T17:10:00Z,1853.07,True,True,INITIAL_CONFIRMATION_TARGET,6c08c756083303b60f723ab47a7934d7ac028da28edc1f284be01f052c142456,560458c902c2d1efab09b835bfbcd8dfd63a1c8168005076945d12b4d9521d12,1862.89,,,,CONTROL_V2_FILLED_STOP,False,,2023-01-04T17:10:00Z,1862.89,1844.73,e4b89ae1f09e92bd680cbc408a864376f1b76f573f8874d376db3433944ee22e
491ac90283ceb76ff4aafa74cd97eeb57c2031292287e5d04eec138d7e0c812e,1853.07,2023-01-04T17:10:00Z,9b605343c596b298ee534cace049c14282195e63061c21ababc203c7915a87a4,2023-01-04T17:10:00Z,1853.02,1862.89,2023-02-01T00:00:00Z,2023-01-04T16:00:00Z,-1.8399189463019114,SHORT,0.6979193805181513,-50.0,M5_LATEST_CONFIRMED_OPPOSING_SWING_ELSE_CONTROL,2023-01-04T17:10:00Z,CONFIRMED_25_75_RETEST_SPLIT,1853.02,True,e0e66a08f30ec7660574b658074cc10345ef06fb82390017f92596c65b59fcdd,1.067368663404344,0.5820505969172682,2023_01,-1.0,0.8399189463019113,TARGET,2023-01-05T10:44:00Z,SPLIT_STOP_STOP,4d09aa1e2907870116c133db0b39e8db90e42f1caff214a79fe8362665fdfe89,2023-01-04T18:46:00Z,FIRST_RETEST_FILLED,2023-01-04T17:25:00Z,2023-01-04T17:10:00Z,1853.07,True,True,INITIAL_CONFIRMATION_TARGET,5562302260c278dcfe2720cdf9626156161a07e2464108845d713f67fb0faf0e,560458c902c2d1efab09b835bfbcd8dfd63a1c8168005076945d12b4d9521d12,1859.9084642857142,2.5692857142857,0.128464285714285,,M5_LATEST_CONFIRMED_OPPOSING_SWING_ELSE_CONTROL,True,bbe036e03b38ca416ee12793c84c01a9c377bd38489e2c241eaad9c8b39496f1,2023-01-04T16:50:00Z,1859.78,1844.73,e4b89ae1f09e92bd680cbc408a864376f1b76f573f8874d376db3433944ee22e
491ac90283ceb76ff4aafa74cd97eeb57c2031292287e5d04eec138d7e0c812e,1853.07,2023-01-04T17:10:00Z,9b605343c596b298ee534cace049c14282195e63061c21ababc203c7915a87a4,2023-01-04T17:10:00Z,1853.02,1862.89,2023-02-01T00:00:00Z,2023-01-04T16:00:00Z,0.007026167055627086,SHORT,1.0,42.34725566787692,CONTROL_V2_FILLED_STOP,2023-01-04T17:10:00Z,CONFIRMED_25_75_RETEST_SPLIT,1853.02,True,1cd72078e47d3e57b2f5da3a1e8ac42f991a9c973d1c16f469a7fb96db1d2cd0,0.7548932971810682,0.8469451133575384,2023_01,0.8469451133575384,0.8399189463019113,TARGET,2023-01-05T10:44:00Z,SPLIT_TARGET_TARGET,423737ece4e97ce72b471237efc2f05d3190d0f7fcf9311ffa29d0d7466c6021,2023-01-05T10:44:00Z,FIRST_RETEST_FILLED,2023-01-04T17:25:00Z,2023-01-04T17:10:00Z,1853.07,True,True,INITIAL_CONFIRMATION_TARGET,80645134058554ee542595a91392ce4725fbdccdf474309b4fc7e1ce2906c676,560458c902c2d1efab09b835bfbcd8dfd63a1c8168005076945d12b4d9521d12,1862.89,3.2278571428571468,0.16139285714285734,NOT_STRICTLY_CLOSER_THAN_CONTROL,M15_LATEST_CONFIRMED_OPPOSING_SWING_ELSE_CONTROL,False,ca6dc06903c1ac6dad99a6a2d7d5af19eb4adc62fb22db5e0497a9e71a974e6e,2023-01-04T16:30:00Z,1862.75,1844.73,e4b89ae1f09e92bd680cbc408a864376f1b76f573f8874d376db3433944ee22e
491ac90283ceb76ff4aafa74cd97eeb57c2031292287e5d04eec138d7e0c812e,1853.07,2023-01-04T17:10:00Z,9b605343c596b298ee534cace049c14282195e63061c21ababc203c7915a87a4,2023-01-04T17:10:00Z,1853.02,1862.89,2023-02-01T00:00:00Z,2023-01-04T16:00:00Z,0.007026167055627086,SHORT,1.0,42.34725566787692,CONTROL_V2_FILLED_STOP,2023-01-04T17:10:00Z,CONFIRMED_25_75_RETEST_SPLIT,1853.02,True,87d11f3680ef5c6d4be76c9a5debcb6ff6e394c624d7733e7895e84d90533cd9,0.7548932971810682,0.8469451133575384,2023_01,0.8469451133575384,0.8399189463019113,TARGET,2023-01-05T10:44:00Z,SPLIT_TARGET_TARGET,c5e4259090615328d157de071a693c88f331a659cf9890b3b31921602c8e6de9,2023-01-05T10:44:00Z,FIRST_RETEST_FILLED,2023-01-04T17:25:00Z,2023-01-04T17:10:00Z,1853.07,True,True,INITIAL_CONFIRMATION_TARGET,402e372eff71b8a87edf20141f2daa8a47b89d7fad88776b7f4b3f5c018e8ea5,560458c902c2d1efab09b835bfbcd8dfd63a1c8168005076945d12b4d9521d12,1862.89,5.168571428571438,0.2584285714285719,NOT_STRICTLY_CLOSER_THAN_CONTROL,H1_SOURCE_SWING_BUFFERED_ELSE_CONTROL,False,560458c902c2d1efab09b835bfbcd8dfd63a1c8168005076945d12b4d9521d12,2023-01-04T16:00:00Z,1862.89,1844.73,e4b89ae1f09e92bd680cbc408a864376f1b76f573f8874d376db3433944ee22e
f6e7252695bfcbf71fbc1795f81b9e0496e577554494cd7cb829b6f7df250418,1852.58,2023-01-04T22:25:00Z,7b5a8ad0b11cea021adb5e84a96bcfd6cdd0e235b19b9c9be770edf7892bef60,2023-01-04T22:25:00Z,1853.64,1847.06,2023-02-01T00:00:00Z,2023-01-04T20:00:00Z,0.0,LONG,1.0,-50.0,CONTROL_V2_FILLED_STOP,2023-01-04T22:25:00Z,CONTROL_NEXT_M1_OPEN,1853.64,True,157afc2e894b3d53e5655a6519f14398f5f0d4d72091f2d4125a72d89f6f9b24,1.133738601823687,0.8191489361701741,2023_01,-1.0,-1.0,STOP,2023-01-05T10:05:00Z,STOP,12a2e0d56b3c163c7de0d7409ac6309912c47587cb8b031285fb20a0b9001553,2023-01-05T10:05:00Z,FIRST_RETEST_FILLED,2023-01-04T22:40:00Z,2023-01-04T22:38:00Z,1852.58,True,False,RECLAIM_CONFIRMATION_STOP,fa771ad45e392e033bec350a2eb23aba1e38af4d1133d3458d83c126cc23e8c9,ebb93fee4aa2e19ff31cd5623243991d3dc8b906f772f1642529843c9deb6228,1847.06,,,,CONTROL_V2_FILLED_STOP,False,,2023-01-04T22:25:00Z,1847.06,1862.89,0a5dea5181cde883f2e5cbb9fe01d7d7650f6ae9baa56e3b35f19984a697c179
f6e7252695bfcbf71fbc1795f81b9e0496e577554494cd7cb829b6f7df250418,1852.58,2023-01-04T22:25:00Z,7b5a8ad0b11cea021adb5e84a96bcfd6cdd0e235b19b9c9be770edf7892bef60,2023-01-04T22:25:00Z,1853.64,1847.06,2023-02-01T00:00:00Z,2023-01-04T20:00:00Z,0.0,LONG,0.4472264437690108,-50.0,M5_LATEST_CONFIRMED_OPPOSING_SWING_ELSE_CONTROL,2023-01-04T22:25:00Z,CONTROL_NEXT_M1_OPEN,1853.64,True,9cdb180f68926520a120e9d9a3203e861a22c36fbe7e432c24f6bc20a56800ee,1.1112055050548064,1.8316200832553153,2023_01,-1.0,-1.0,STOP,2023-01-05T10:05:00Z,STOP,bbb7af754fe85d89c9c98eb4d1c117459294d82c04b3cc0df78c4801464681b4,2023-01-05T06:32:00Z,FIRST_RETEST_FILLED,2023-01-04T22:40:00Z,2023-01-04T22:38:00Z,1852.58,True,False,RECLAIM_CONFIRMATION_STOP,448f625bc5ebda67b9893d8e07a0fc19cb88d1d2e88bbfe1aff86bde713e1926,ebb93fee4aa2e19ff31cd5623243991d3dc8b906f772f1642529843c9deb6228,1850.69725,1.2549999999999955,0.06274999999999978,,M5_LATEST_CONFIRMED_OPPOSING_SWING_ELSE_CONTROL,True,c1dad1d5401a2e98459152e8536fbcc8c2cd717d673739077bfadb1cd74dbadb,2023-01-04T22:05:00Z,1850.76,1862.89,0a5dea5181cde883f2e5cbb9fe01d7d7650f6ae9baa56e3b35f19984a697c179
f6e7252695bfcbf71fbc1795f81b9e0496e577554494cd7cb829b6f7df250418,1852.58,2023-01-04T22:25:00Z,7b5a8ad0b11cea021adb5e84a96bcfd6cdd0e235b19b9c9be770edf7892bef60,2023-01-04T22:25:00Z,1853.64,1847.06,2023-02-01T00:00:00Z,2023-01-04T20:00:00Z,0.0,LONG,1.0,-50.0,CONTROL_V2_FILLED_STOP,2023-01-04T22:25:00Z,CONTROL_NEXT_M1_OPEN,1853.64,True,27b712c4f1f05f208e74704d91bfed508dc4d106740724059d4844c1890c0dc2,1.133738601823687,0.8191489361701741,2023_01,-1.0,-1.0,STOP,2023-01-05T10:05:00Z,STOP,23122f0e47f32c9b3db7766bb4955314f2482d042b4a7b4b7d7e579bba708490,2023-01-05T10:05:00Z,FIRST_RETEST_FILLED,2023-01-04T22:40:00Z,2023-01-04T22:38:00Z,1852.58,True,False,RECLAIM_CONFIRMATION_STOP,be20d87e915c21359453a357411c3319f60a5fae30acb457e9f3086ea3b45d05,ebb93fee4aa2e19ff31cd5623243991d3dc8b906f772f1642529843c9deb6228,1847.06,2.85071428571434,0.142535714285717,NOT_STRICTLY_CLOSER_THAN_CONTROL,M15_LATEST_CONFIRMED_OPPOSING_SWING_ELSE_CONTROL,False,8c174374d17a1de60f816e7176de0acff478aeefa76f1ca703331ef771cf2361,2023-01-04T21:45:00Z,1847.08,1862.89,0a5dea5181cde883f2e5cbb9fe01d7d7650f6ae9baa56e3b35f19984a697c179
f6e7252695bfcbf71fbc1795f81b9e0496e577554494cd7cb829b6f7df250418,1852.58,2023-01-04T22:25:00Z,7b5a8ad0b11cea021adb5e84a96bcfd6cdd0e235b19b9c9be770edf7892bef60,2023-01-04T22:25:00Z,1853.64,1847.06,2023-02-01T00:00:00Z,2023-01-04T20:00:00Z,0.0,LONG,0.7438232739904713,-50.0,H1_SOURCE_SWING_BUFFERED_ELSE_CONTROL,2023-01-04T22:25:00Z,CONTROL_NEXT_M1_OPEN,1853.64,True,03b5ccb0c8735b3e125c9a3f7082760c08cfe8215436ebf401b1c5ca71056973,1.062448008639637,1.101268224339896,2023_01,-1.0,-1.0,STOP,2023-01-05T10:05:00Z,STOP,62bfc365dc39ebc6414fad00ad1d4830ed8242223c61e4c5a3e5819247da4300,2023-01-05T09:57:00Z,FIRST_RETEST_FILLED,2023-01-04T22:40:00Z,2023-01-04T22:38:00Z,1852.58,True,False,RECLAIM_CONFIRMATION_STOP,00ac713eff221c3045bec5237e0990fe5460f0acacb74e3e3cbe58c76613fa2a,ebb93fee4aa2e19ff31cd5623243991d3dc8b906f772f1642529843c9deb6228,1848.7456428571427,6.487142857142885,0.3243571428571443,,H1_SOURCE_SWING_BUFFERED_ELSE_CONTROL,True,ebb93fee4aa2e19ff31cd5623243991d3dc8b906f772f1642529843c9deb6228,2023-01-04T20:00:00Z,1849.07,1862.89,0a5dea5181cde883f2e5cbb9fe01d7d7650f6ae9baa56e3b35f19984a697c179
f6e7252695bfcbf71fbc1795f81b9e0496e577554494cd7cb829b6f7df250418,1852.58,2023-01-04T22:25:00Z,7b5a8ad0b11cea021adb5e84a96bcfd6cdd0e235b19b9c9be770edf7892bef60,2023-01-04T22:25:00Z,1853.64,1847.06,2023-02-01T00:00:00Z,2023-01-04T20:00:00Z,0.0,LONG,1.0,-50.0,CONTROL_V2_FILLED_STOP,2023-01-04T22:38:00Z,M5_BROKEN_CONTROL_FIRST_RETEST,1852.58,True,157afc2e894b3d53e5655a6519f14398f5f0d4d72091f2d4125a72d89f6f9b24,1.1594202898550516,1.1684782608695774,2023_01,-1.0,-1.0,STOP,2023-01-05T10:05:00Z,STOP,82a81e6d1f67778648fec8642857313028907dc261e85911838effed3f8356f2,2023-01-05T10:05:00Z,FIRST_RETEST_FILLED,2023-01-04T22:40:00Z,2023-01-04T22:38:00Z,1852.58,True,True,RECLAIM_CONFIRMATION_STOP,1454a7d2207578437207aabd289113e753fd5fcc235f1d01f0199db5b71bd7bc,ebb93fee4aa2e19ff31cd5623243991d3dc8b906f772f1642529843c9deb6228,1847.06,,,,CONTROL_V2_FILLED_STOP,False,,2023-01-04T22:25:00Z,1847.06,1862.89,0a5dea5181cde883f2e5cbb9fe01d7d7650f6ae9baa56e3b35f19984a697c179
f6e7252695bfcbf71fbc1795f81b9e0496e577554494cd7cb829b6f7df250418,1852.58,2023-01-04T22:25:00Z,7b5a8ad0b11cea021adb5e84a96bcfd6cdd0e235b19b9c9be770edf7892bef60,2023-01-04T22:25:00Z,1853.64,1847.06,2023-02-01T00:00:00Z,2023-01-04T20:00:00Z,0.0,LONG,0.4472264437690108,-50.0,M5_LATEST_CONFIRMED_OPPOSING_SWING_ELSE_CONTROL,2023-01-04T22:38:00Z,M5_BROKEN_CONTROL_FIRST_RETEST,1852.58,True,9cdb180f68926520a120e9d9a3203e861a22c36fbe7e432c24f6bc20a56800ee,1.1738148984198917,3.4258398619041768,2023_01,-1.0,-1.0,STOP,2023-01-05T10:05:00Z,STOP,169c38b604388fba622d9b5cd5ea48e793780b836cb713f180858ac0d80b9ee6,2023-01-05T06:32:00Z,FIRST_RETEST_FILLED,2023-01-04T22:40:00Z,2023-01-04T22:38:00Z,1852.58,True,True,RECLAIM_CONFIRMATION_STOP,2df2419a393017d02cc214c033259c6d87ad0bd8b87b98db67cc80e03fa50b7c,ebb93fee4aa2e19ff31cd5623243991d3dc8b906f772f1642529843c9deb6228,1850.69725,1.2549999999999955,0.06274999999999978,,M5_LATEST_CONFIRMED_OPPOSING_SWING_ELSE_CONTROL,True,c1dad1d5401a2e98459152e8536fbcc8c2cd717d673739077bfadb1cd74dbadb,2023-01-04T22:05:00Z,1850.76,1862.89,0a5dea5181cde883f2e5cbb9fe01d7d7650f6ae9baa56e3b35f19984a697c179
f6e7252695bfcbf71fbc1795f81b9e0496e577554494cd7cb829b6f7df250418,1852.58,2023-01-04T22:25:00Z,7b5a8ad0b11cea021adb5e84a96bcfd6cdd0e235b19b9c9be770edf7892bef60,2023-01-04T22:25:00Z,1853.64,1847.06,2023-02-01T00:00:00Z,2023-01-04T20:00:00Z,0.0,LONG,1.0,-50.0,CONTROL_V2_FILLED_STOP,2023-01-04T22:38:00Z,M5_BROKEN_CONTROL_FIRST_RETEST,1852.58,True,27b712c4f1f05f208e74704d91bfed508dc4d106740724059d4844c1890c0dc2,1.1594202898550516,1.1684782608695774,2023_01,-1.0,-1.0,STOP,2023-01-05T10:05:00Z,STOP,cbf5d6116822ba0b0de09e9ef863e1529190385a678a95be7e3a4ddf7a741270,2023-01-05T10:05:00Z,FIRST_RETEST_FILLED,2023-01-04T22:40:00Z,2023-01-04T22:38:00Z,1852.58,True,True,RECLAIM_CONFIRMATION_STOP,66fc0b2838f27e3e3af704ebe101f97bf6d4ab7944d431849a94e7c9abd27bbd,ebb93fee4aa2e19ff31cd5623243991d3dc8b906f772f1642529843c9deb6228,1847.06,2.85071428571434,0.142535714285717,NOT_STRICTLY_CLOSER_THAN_CONTROL,M15_LATEST_CONFIRMED_OPPOSING_SWING_ELSE_CONTROL,False,8c174374d17a1de60f816e7176de0acff478aeefa76f1ca703331ef771cf2361,2023-01-04T21:45:00Z,1847.08,1862.89,0a5dea5181cde883f2e5cbb9fe01d7d7650f6ae9baa56e3b35f19984a697c179
f6e7252695bfcbf71fbc1795f81b9e0496e577554494cd7cb829b6f7df250418,1852.58,2023-01-04T22:25:00Z,7b5a8ad0b11cea021adb5e84a96bcfd6cdd0e235b19b9c9be770edf7892bef60,2023-01-04T22:25:00Z,1853.64,1847.06,2023-02-01T00:00:00Z,2023-01-04T20:00:00Z,0.0,LONG,0.7438232739904713,-50.0,H1_SOURCE_SWING_BUFFERED_ELSE_CONTROL,2023-01-04T22:38:00Z,M5_BROKEN_CONTROL_FIRST_RETEST,1852.58,True,03b5ccb0c8735b3e125c9a3f7082760c08cfe8215436ebf401b1c5ca71056973,1.079711629813094,1.6821594232595942,2023_01,-1.0,-1.0,STOP,2023-01-05T10:05:00Z,STOP,129e3934585559ea4ea9bc946789b97b2fc33d56b8bdf9eb3d3ac84ae63cc715,2023-01-05T09:57:00Z,FIRST_RETEST_FILLED,2023-01-04T22:40:00Z,2023-01-04T22:38:00Z,1852.58,True,True,RECLAIM_CONFIRMATION_STOP,e91a74ef0928db5d4396c432ada299ea12f9aabd634284be5a7e2a7ce05ac469,ebb93fee4aa2e19ff31cd5623243991d3dc8b906f772f1642529843c9deb6228,1848.7456428571427,6.487142857142885,0.3243571428571443,,H1_SOURCE_SWING_BUFFERED_ELSE_CONTROL,True,ebb93fee4aa2e19ff31cd5623243991d3dc8b906f772f1642529843c9deb6228,2023-01-04T20:00:00Z,1849.07,1862.89,0a5dea5181cde883f2e5cbb9fe01d7d7650f6ae9baa56e3b35f19984a697c179
f6e7252695bfcbf71fbc1795f81b9e0496e577554494cd7cb829b6f7df250418,1852.58,2023-01-04T22:25:00Z,7b5a8ad0b11cea021adb5e84a96bcfd6cdd0e235b19b9c9be770edf7892bef60,2023-01-04T22:25:00Z,1853.64,1847.06,2023-02-01T00:00:00Z,2023-01-04T20:00:00Z,0.0,LONG,1.0,-50.0,CONTROL_V2_FILLED_STOP,2023-01-04T22:25:00Z,CONFIRMED_25_75_RETEST_SPLIT,1853.64,True,157afc2e894b3d53e5655a6519f14398f5f0d4d72091f2d4125a72d89f6f9b24,1.1529998678472104,1.0811459296947266,2023_01,-1.0,-1.0,STOP,2023-01-05T10:05:00Z,SPLIT_STOP_STOP,2697ca4748c8b11c16dc6db5dca059a0b8c3035ff5cfbb707e093d6281e21cbb,2023-01-05T10:05:00Z,FIRST_RETEST_FILLED,2023-01-04T22:40:00Z,2023-01-04T22:38:00Z,1852.58,True,True,RECLAIM_CONFIRMATION_STOP,cb9aa19e6d7f75b584977cda926b6e14fff9f992429b0cd1ebeec164d0d96b82,ebb93fee4aa2e19ff31cd5623243991d3dc8b906f772f1642529843c9deb6228,1847.06,,,,CONTROL_V2_FILLED_STOP,False,,2023-01-04T22:25:00Z,1847.06,1862.89,0a5dea5181cde883f2e5cbb9fe01d7d7650f6ae9baa56e3b35f19984a697c179
f6e7252695bfcbf71fbc1795f81b9e0496e577554494cd7cb829b6f7df250418,1852.58,2023-01-04T22:25:00Z,7b5a8ad0b11cea021adb5e84a96bcfd6cdd0e235b19b9c9be770edf7892bef60,2023-01-04T22:25:00Z,1853.64,1847.06,2023-02-01T00:00:00Z,2023-01-04T20:00:00Z,0.0,LONG,0.4472264437690108,-50.0,M5_LATEST_CONFIRMED_OPPOSING_SWING_ELSE_CONTROL,2023-01-04T22:25:00Z,CONFIRMED_25_75_RETEST_SPLIT,1853.64,True,9cdb180f68926520a120e9d9a3203e861a22c36fbe7e432c24f6bc20a56800ee,1.1581625500786203,3.0272849172419614,2023_01,-1.0,-1.0,STOP,2023-01-05T10:05:00Z,SPLIT_STOP_STOP,d7e42304ee709a15e312faac3453eba84fd386cc51af7871512adda77a6708f0,2023-01-05T06:32:00Z,FIRST_RETEST_FILLED,2023-01-04T22:40:00Z,2023-01-04T22:38:00Z,1852.58,True,True,RECLAIM_CONFIRMATION_STOP,09136992babeca2c77a568d2af49e400d7dd98408c64127cde5e3f62ed5ac8e3,ebb93fee4aa2e19ff31cd5623243991d3dc8b906f772f1642529843c9deb6228,1850.69725,1.2549999999999955,0.06274999999999978,,M5_LATEST_CONFIRMED_OPPOSING_SWING_ELSE_CONTROL,True,c1dad1d5401a2e98459152e8536fbcc8c2cd717d673739077bfadb1cd74dbadb,2023-01-04T22:05:00Z,1850.76,1862.89,0a5dea5181cde883f2e5cbb9fe01d7d7650f6ae9baa56e3b35f19984a697c179
f6e7252695bfcbf71fbc1795f81b9e0496e577554494cd7cb829b6f7df250418,1852.58,2023-01-04T22:25:00Z,7b5a8ad0b11cea021adb5e84a96bcfd6cdd0e235b19b9c9be770edf7892bef60,2023-01-04T22:25:00Z,1853.64,1847.06,2023-02-01T00:00:00Z,2023-01-04T20:00:00Z,0.0,LONG,1.0,-50.0,CONTROL_V2_FILLED_STOP,2023-01-04T22:25:00Z,CONFIRMED_25_75_RETEST_SPLIT,1853.64,True,27b712c4f1f05f208e74704d91bfed508dc4d106740724059d4844c1890c0dc2,1.1529998678472104,1.0811459296947266,2023_01,-1.0,-1.0,STOP,2023-01-05T10:05:00Z,SPLIT_STOP_STOP,5521d96b2efa4a22525d3d05e940a1e353bb4c322ace890d8881cfbf08ee3ab5,2023-01-05T10:05:00Z,FIRST_RETEST_FILLED,2023-01-04T22:40:00Z,2023-01-04T22:38:00Z,1852.58,True,True,RECLAIM_CONFIRMATION_STOP,e35c193b5cfa5deaf1b5f2f3b59e138c2a3b31b235714aabb3a4a3f86402f1db,ebb93fee4aa2e19ff31cd5623243991d3dc8b906f772f1642529843c9deb6228,1847.06,2.85071428571434,0.142535714285717,NOT_STRICTLY_CLOSER_THAN_CONTROL,M15_LATEST_CONFIRMED_OPPOSING_SWING_ELSE_CONTROL,False,8c174374d17a1de60f816e7176de0acff478aeefa76f1ca703331ef771cf2361,2023-01-04T21:45:00Z,1847.08,1862.89,0a5dea5181cde883f2e5cbb9fe01d7d7650f6ae9baa56e3b35f19984a697c179
f6e7252695bfcbf71fbc1795f81b9e0496e577554494cd7cb829b6f7df250418,1852.58,2023-01-04T22:25:00Z,7b5a8ad0b11cea021adb5e84a96bcfd6cdd0e235b19b9c9be770edf7892bef60,2023-01-04T22:25:00Z,1853.64,1847.06,2023-02-01T00:00:00Z,2023-01-04T20:00:00Z,0.0,LONG,0.7438232739904713,-50.0,H1_SOURCE_SWING_BUFFERED_ELSE_CONTROL,2023-01-04T22:25:00Z,CONFIRMED_25_75_RETEST_SPLIT,1853.64,True,03b5ccb0c8735b3e125c9a3f7082760c08cfe8215436ebf401b1c5ca71056973,1.0753957245197299,1.5369366235296698,2023_01,-1.0,-1.0,STOP,2023-01-05T10:05:00Z,SPLIT_STOP_STOP,a979a9ea3cb875a9c375205e18a61e327de9afa23ec2df76a6c24107c6ea23f9,2023-01-05T09:57:00Z,FIRST_RETEST_FILLED,2023-01-04T22:40:00Z,2023-01-04T22:38:00Z,1852.58,True,True,RECLAIM_CONFIRMATION_STOP,3345e1bb3dc705e2e7158c6e87dfd849e3a0893fddddae9dc22b8d9f3591385a,ebb93fee4aa2e19ff31cd5623243991d3dc8b906f772f1642529843c9deb6228,1848.7456428571427,6.487142857142885,0.3243571428571443,,H1_SOURCE_SWING_BUFFERED_ELSE_CONTROL,True,ebb93fee4aa2e19ff31cd5623243991d3dc8b906f772f1642529843c9deb6228,2023-01-04T20:00:00Z,1849.07,1862.89,0a5dea5181cde883f2e5cbb9fe01d7d7650f6ae9baa56e3b35f19984a697c179
b25461af688ba0c3b60b214d57492bbdd40e3ad84fff0de761dfa09240be1c9e,1856.4,2023-01-05T03:10:00Z,b5665180f609659ce4cc5488ab495c98ed531bf91261cb97cc883a34ff612a8f,2023-01-05T03:10:00Z,1856.77,1847.08,2023-02-01T00:00:00Z,2023-01-05T03:00:00Z,0.0,LONG,1.0,-50.0,CONTROL_V2_FILLED_STOP,2023-01-05T03:10:00Z,CONTROL_NEXT_M1_OPEN,1856.77,True,77fbb5ef4f70307fb0c81332c2a56264624bb30d72b7cd040dd3cc6117c3ba11,1.0928792569659296,0.2332301341589245,2023_01,-1.0,-1.0,STOP,2023-01-05T10:05:00Z,STOP,f74ce2e29b385b29aaa4529d3e1e68e605a5b7399157cb9af9a1a08a91e0cfb4,2023-01-05T10:05:00Z,FIRST_RETEST_FILLED,2023-01-05T03:25:00Z,2023-01-05T03:10:00Z,1856.4,True,False,INITIAL_CONFIRMATION_STOP,c09c97061e4634ab19b643bb749008a1366465d19411e81e61c24887450567fb,d2d88c20e577e7b686f4c88037a11b3666eba548bfdc97ebaba157d61d70e89b,1847.08,,,,CONTROL_V2_FILLED_STOP,False,,2023-01-05T03:10:00Z,1847.08,1862.89,24075b4c868b9a8547584de392d0296ae41701a4a73bc9e0309ae32033c7559f
b25461af688ba0c3b60b214d57492bbdd40e3ad84fff0de761dfa09240be1c9e,1856.4,2023-01-05T03:10:00Z,b5665180f609659ce4cc5488ab495c98ed531bf91261cb97cc883a34ff612a8f,2023-01-05T03:10:00Z,1856.77,1847.08,2023-02-01T00:00:00Z,2023-01-05T03:00:00Z,0.0,LONG,0.23667993513195418,-50.0,M5_LATEST_CONFIRMED_OPPOSING_SWING_ELSE_CONTROL,2023-01-05T03:10:00Z,CONTROL_NEXT_M1_OPEN,1856.77,True,9ea90b85b97be7dbcbfa7a604e634c887ff356a4795fc433bb3f3effd99544d9,1.0639093060919276,0.9854241933474152,2023_01,-1.0,-1.0,STOP,2023-01-05T10:05:00Z,STOP,7565aec6dd6591892bf3ef2ec08cd10655edc3598e0187eec94da2e5da530648,2023-01-05T04:23:00Z,FIRST_RETEST_FILLED,2023-01-05T03:25:00Z,2023-01-05T03:10:00Z,1856.4,True,False,INITIAL_CONFIRMATION_STOP,30989e558f6fe74798aeb533a8dbf8e3986b0c8c30ee77716303a32330f83892,d2d88c20e577e7b686f4c88037a11b3666eba548bfdc97ebaba157d61d70e89b,1854.4765714285713,1.0685714285714312,0.05342857142857156,,M5_LATEST_CONFIRMED_OPPOSING_SWING_ELSE_CONTROL,True,4004ec5340d11ceff55ba786e522cbb66b2b6eb7cb0fcb3cc61fcf49cc06a724,2023-01-05T02:50:00Z,1854.53,1862.89,24075b4c868b9a8547584de392d0296ae41701a4a73bc9e0309ae32033c7559f
b25461af688ba0c3b60b214d57492bbdd40e3ad84fff0de761dfa09240be1c9e,1856.4,2023-01-05T03:10:00Z,b5665180f609659ce4cc5488ab495c98ed531bf91261cb97cc883a34ff612a8f,2023-01-05T03:10:00Z,1856.77,1847.08,2023-02-01T00:00:00Z,2023-01-05T03:00:00Z,0.0,LONG,0.293881763231613,-50.0,M15_LATEST_CONFIRMED_OPPOSING_SWING_ELSE_CONTROL,2023-01-05T03:10:00Z,CONTROL_NEXT_M1_OPEN,1856.77,True,5f75d65ab8f240f8b907773391ae5de9556c8188bd6dd5fd00a5fd24ec4f7de0,1.0043142369819842,0.7936189425102639,2023_01,-1.0,-1.0,STOP,2023-01-05T10:05:00Z,STOP,a821b00c63429c3e03d7e8b525349797b42ecc1f399df615be0a0e70c333ec7a,2023-01-05T04:25:00Z,FIRST_RETEST_FILLED,2023-01-05T03:25:00Z,2023-01-05T03:10:00Z,1856.4,True,False,INITIAL_CONFIRMATION_STOP,5a1eaeec062b6084aba6abf3140314ba72e3deec5a76544094289b540645aed5,d2d88c20e577e7b686f4c88037a11b3666eba548bfdc97ebaba157d61d70e89b,1853.9222857142856,1.9542857142857721,0.09771428571428861,,M15_LATEST_CONFIRMED_OPPOSING_SWING_ELSE_CONTROL,True,ac17dd9cf712a27d95a4d933339d625b0ec4a91e2abf288e614b7d19be505338,2023-01-05T02:45:00Z,1854.02,1862.89,24075b4c868b9a8547584de392d0296ae41701a4a73bc9e0309ae32033c7559f
b25461af688ba0c3b60b214d57492bbdd40e3ad84fff0de761dfa09240be1c9e,1856.4,2023-01-05T03:10:00Z,b5665180f609659ce4cc5488ab495c98ed531bf91261cb97cc883a34ff612a8f,2023-01-05T03:10:00Z,1856.77,1847.08,2023-02-01T00:00:00Z,2023-01-05T03:00:00Z,0.0,LONG,1.0,-50.0,CONTROL_V2_FILLED_STOP,2023-01-05T03:10:00Z,CONTROL_NEXT_M1_OPEN,1856.77,True,e99717ebfb2767e35824900862f54d42e5d3edab16b219d95f08bc48247ff311,1.0928792569659296,0.2332301341589245,2023_01,-1.0,-1.0,STOP,2023-01-05T10:05:00Z,STOP,f63a1a47009311f876557911c01457be1c5da44e792b959cf69c8dfa7f02f0b8,2023-01-05T10:05:00Z,FIRST_RETEST_FILLED,2023-01-05T03:25:00Z,2023-01-05T03:10:00Z,1856.4,True,False,INITIAL_CONFIRMATION_STOP,70d6a154c29c2629e59c332d52e2ce04924ee244f51fcbde4150824ad8021b7e,d2d88c20e577e7b686f4c88037a11b3666eba548bfdc97ebaba157d61d70e89b,1847.08,5.945000000000034,0.29725000000000174,NOT_STRICTLY_CLOSER_THAN_CONTROL,H1_SOURCE_SWING_BUFFERED_ELSE_CONTROL,False,d2d88c20e577e7b686f4c88037a11b3666eba548bfdc97ebaba157d61d70e89b,2023-01-05T03:00:00Z,1847.08,1862.89,24075b4c868b9a8547584de392d0296ae41701a4a73bc9e0309ae32033c7559f
b25461af688ba0c3b60b214d57492bbdd40e3ad84fff0de761dfa09240be1c9e,1856.4,2023-01-05T03:10:00Z,b5665180f609659ce4cc5488ab495c98ed531bf91261cb97cc883a34ff612a8f,2023-01-05T03:10:00Z,1856.77,1847.08,2023-02-01T00:00:00Z,2023-01-05T03:00:00Z,0.0,LONG,1.0,-50.0,CONTROL_V2_FILLED_STOP,2023-01-05T03:10:00Z,M5_BROKEN_CONTROL_FIRST_RETEST,1856.4,True,77fbb5ef4f70307fb0c81332c2a56264624bb30d72b7cd040dd3cc6117c3ba11,1.0965665236051338,0.28218884120169907,2023_01,-1.0,-1.0,STOP,2023-01-05T10:05:00Z,STOP,1d8c064b33b848ea7d150af283c4de6b00ad3c419ebb10fb62641645ce87b9ae,2023-01-05T10:05:00Z,FIRST_RETEST_FILLED,2023-01-05T03:25:00Z,2023-01-05T03:10:00Z,1856.4,True,True,INITIAL_CONFIRMATION_STOP,8df77378242870a8fe1eb9f504557bd924d850d8e8e9c7e39a5f8eb282db1ee9,d2d88c20e577e7b686f4c88037a11b3666eba548bfdc97ebaba157d61d70e89b,1847.08,,,,CONTROL_V2_FILLED_STOP,False,,2023-01-05T03:10:00Z,1847.08,1862.89,24075b4c868b9a8547584de392d0296ae41701a4a73bc9e0309ae32033c7559f
b25461af688ba0c3b60b214d57492bbdd40e3ad84fff0de761dfa09240be1c9e,1856.4,2023-01-05T03:10:00Z,b5665180f609659ce4cc5488ab495c98ed531bf91261cb97cc883a34ff612a8f,2023-01-05T03:10:00Z,1856.77,1847.08,2023-02-01T00:00:00Z,2023-01-05T03:00:00Z,0.0,LONG,0.23667993513195418,-50.0,M5_LATEST_CONFIRMED_OPPOSING_SWING_ELSE_CONTROL,2023-01-05T03:10:00Z,M5_BROKEN_CONTROL_FIRST_RETEST,1856.4,True,9ea90b85b97be7dbcbfa7a604e634c887ff356a4795fc433bb3f3effd99544d9,1.0762032085561304,1.3673499702909526,2023_01,-1.0,-1.0,STOP,2023-01-05T10:05:00Z,STOP,f1b3bda578d69e739435d6df11008d67363f6f1fac3bbdf414985b85395b1cd8,2023-01-05T04:23:00Z,FIRST_RETEST_FILLED,2023-01-05T03:25:00Z,2023-01-05T03:10:00Z,1856.4,True,True,INITIAL_CONFIRMATION_STOP,c5ac1d367823bf967ee9a1795b17605de2e277459ac8d7ccd026d264b76cebb4,d2d88c20e577e7b686f4c88037a11b3666eba548bfdc97ebaba157d61d70e89b,1854.4765714285713,1.0685714285714312,0.05342857142857156,,M5_LATEST_CONFIRMED_OPPOSING_SWING_ELSE_CONTROL,True,4004ec5340d11ceff55ba786e522cbb66b2b6eb7cb0fcb3cc61fcf49cc06a724,2023-01-05T02:50:00Z,1854.53,1862.89,24075b4c868b9a8547584de392d0296ae41701a4a73bc9e0309ae32033c7559f
b25461af688ba0c3b60b214d57492bbdd40e3ad84fff0de761dfa09240be1c9e,1856.4,2023-01-05T03:10:00Z,b5665180f609659ce4cc5488ab495c98ed531bf91261cb97cc883a34ff612a8f,2023-01-05T03:10:00Z,1856.77,1847.08,2023-02-01T00:00:00Z,2023-01-05T03:00:00Z,0.0,LONG,0.293881763231613,-50.0,M15_LATEST_CONFIRMED_OPPOSING_SWING_ELSE_CONTROL,2023-01-05T03:10:00Z,M5_BROKEN_CONTROL_FIRST_RETEST,1856.4,True,5f75d65ab8f240f8b907773391ae5de9556c8188bd6dd5fd00a5fd24ec4f7de0,1.0049584870848056,1.0614621771216508,2023_01,-1.0,-1.0,STOP,2023-01-05T10:05:00Z,STOP,e3269e75321ad8bd05b772d40b23370b6b19ecde972e1c07d209e4894e220ef6,2023-01-05T04:25:00Z,FIRST_RETEST_FILLED,2023-01-05T03:25:00Z,2023-01-05T03:10:00Z,1856.4,True,True,INITIAL_CONFIRMATION_STOP,0582c6cee2498dbe263c4b69e84addf0fd393acfa4716605f2617db0ecaf078f,d2d88c20e577e7b686f4c88037a11b3666eba548bfdc97ebaba157d61d70e89b,1853.9222857142856,1.9542857142857721,0.09771428571428861,,M15_LATEST_CONFIRMED_OPPOSING_SWING_ELSE_CONTROL,True,ac17dd9cf712a27d95a4d933339d625b0ec4a91e2abf288e614b7d19be505338,2023-01-05T02:45:00Z,1854.02,1862.89,24075b4c868b9a8547584de392d0296ae41701a4a73bc9e0309ae32033c7559f
b25461af688ba0c3b60b214d57492bbdd40e3ad84fff0de761dfa09240be1c9e,1856.4,2023-01-05T03:10:00Z,b5665180f609659ce4cc5488ab495c98ed531bf91261cb97cc883a34ff612a8f,2023-01-05T03:10:00Z,1856.77,1847.08,2023-02-01T00:00:00Z,2023-01-05T03:00:00Z,0.0,LONG,1.0,-50.0,CONTROL_V2_FILLED_STOP,2023-01-05T03:10:00Z,M5_BROKEN_CONTROL_FIRST_RETEST,1856.4,True,e99717ebfb2767e35824900862f54d42e5d3edab16b219d95f08bc48247ff311,1.0965665236051338,0.28218884120169907,2023_01,-1.0,-1.0,STOP,2023-01-05T10:05:00Z,STOP,1162c2c5e58de42e301dc25511cea888fb297302230c00c07a4904f80ff23db9,2023-01-05T10:05:00Z,FIRST_RETEST_FILLED,2023-01-05T03:25:00Z,2023-01-05T03:10:00Z,1856.4,True,True,INITIAL_CONFIRMATION_STOP,9e11e7f141227aa4a4d6b8b825ab3c72191289851a8e589c5cabfaf7b353969d,d2d88c20e577e7b686f4c88037a11b3666eba548bfdc97ebaba157d61d70e89b,1847.08,5.945000000000034,0.29725000000000174,NOT_STRICTLY_CLOSER_THAN_CONTROL,H1_SOURCE_SWING_BUFFERED_ELSE_CONTROL,False,d2d88c20e577e7b686f4c88037a11b3666eba548bfdc97ebaba157d61d70e89b,2023-01-05T03:00:00Z,1847.08,1862.89,24075b4c868b9a8547584de392d0296ae41701a4a73bc9e0309ae32033c7559f
b25461af688ba0c3b60b214d57492bbdd40e3ad84fff0de761dfa09240be1c9e,1856.4,2023-01-05T03:10:00Z,b5665180f609659ce4cc5488ab495c98ed531bf91261cb97cc883a34ff612a8f,2023-01-05T03:10:00Z,1856.77,1847.08,2023-02-01T00:00:00Z,2023-01-05T03:00:00Z,0.0,LONG,1.0,-50.0,CONTROL_V2_FILLED_STOP,2023-01-05T03:10:00Z,CONFIRMED_25_75_RETEST_SPLIT,1856.77,True,77fbb5ef4f70307fb0c81332c2a56264624bb30d72b7cd040dd3cc6117c3ba11,1.0956447069453328,0.2699491644410054,2023_01,-1.0,-1.0,STOP,2023-01-05T10:05:00Z,SPLIT_STOP_STOP,6951c12c14d5c122087eafcd3dd8e88947f5d0e6a3e4523dd935313865f34af9,2023-01-05T10:05:00Z,FIRST_RETEST_FILLED,2023-01-05T03:25:00Z,2023-01-05T03:10:00Z,1856.4,True,True,INITIAL_CONFIRMATION_STOP,5c43d7834d180245cfd3b4e0101a5b44617bb8594da02d474a278c9152b41221,d2d88c20e577e7b686f4c88037a11b3666eba548bfdc97ebaba157d61d70e89b,1847.08,,,,CONTROL_V2_FILLED_STOP,False,,2023-01-05T03:10:00Z,1847.08,1862.89,24075b4c868b9a8547584de392d0296ae41701a4a73bc9e0309ae32033c7559f
b25461af688ba0c3b60b214d57492bbdd40e3ad84fff0de761dfa09240be1c9e,1856.4,2023-01-05T03:10:00Z,b5665180f609659ce4cc5488ab495c98ed531bf91261cb97cc883a34ff612a8f,2023-01-05T03:10:00Z,1856.77,1847.08,2023-02-01T00:00:00Z,2023-01-05T03:00:00Z,0.0,LONG,0.23667993513195418,-50.0,M5_LATEST_CONFIRMED_OPPOSING_SWING_ELSE_CONTROL,2023-01-05T03:10:00Z,CONFIRMED_25_75_RETEST_SPLIT,1856.77,True,9ea90b85b97be7dbcbfa7a604e634c887ff356a4795fc433bb3f3effd99544d9,1.0731297329400797,1.2718685260550684,2023_01,-1.0,-1.0,STOP,2023-01-05T10:05:00Z,SPLIT_STOP_STOP,aae25d9d18a0fa22104d1ccce4f7f274245ebe2717b36f94c34718675b7c6225,2023-01-05T04:23:00Z,FIRST_RETEST_FILLED,2023-01-05T03:25:00Z,2023-01-05T03:10:00Z,1856.4,True,True,INITIAL_CONFIRMATION_STOP,d87e6ef1b8bb014b9787a305b40f531aa972f29d457842f8966b6a1f06bef05c,d2d88c20e577e7b686f4c88037a11b3666eba548bfdc97ebaba157d61d70e89b,1854.4765714285713,1.0685714285714312,0.05342857142857156,,M5_LATEST_CONFIRMED_OPPOSING_SWING_ELSE_CONTROL,True,4004ec5340d11ceff55ba786e522cbb66b2b6eb7cb0fcb3cc61fcf49cc06a724,2023-01-05T02:50:00Z,1854.53,1862.89,24075b4c868b9a8547584de392d0296ae41701a4a73bc9e0309ae32033c7559f
b25461af688ba0c3b60b214d57492bbdd40e3ad84fff0de761dfa09240be1c9e,1856.4,2023-01-05T03:10:00Z,b5665180f609659ce4cc5488ab495c98ed531bf91261cb97cc883a34ff612a8f,2023-01-05T03:10:00Z,1856.77,1847.08,2023-02-01T00:00:00Z,2023-01-05T03:00:00Z,0.0,LONG,0.293881763231613,-50.0,M15_LATEST_CONFIRMED_OPPOSING_SWING_ELSE_CONTROL,2023-01-05T03:10:00Z,CONFIRMED_25_75_RETEST_SPLIT,1856.77,True,5f75d65ab8f240f8b907773391ae5de9556c8188bd6dd5fd00a5fd24ec4f7de0,1.0047974245591003,0.9945013684688041,2023_01,-1.0,-1.0,STOP,2023-01-05T10:05:00Z,SPLIT_STOP_STOP,0fc1330b76ca7ddd764abad2b89374f9610900141114e922b5897c058ad8028d,2023-01-05T04:25:00Z,FIRST_RETEST_FILLED,2023-01-05T03:25:00Z,2023-01-05T03:10:00Z,1856.4,True,True,INITIAL_CONFIRMATION_STOP,1e1419c7b84655eb8689b04505d406745848b92bddac26eb60bd02454a7eabc2,d2d88c20e577e7b686f4c88037a11b3666eba548bfdc97ebaba157d61d70e89b,1853.9222857142856,1.9542857142857721,0.09771428571428861,,M15_LATEST_CONFIRMED_OPPOSING_SWING_ELSE_CONTROL,True,ac17dd9cf712a27d95a4d933339d625b0ec4a91e2abf288e614b7d19be505338,2023-01-05T02:45:00Z,1854.02,1862.89,24075b4c868b9a8547584de392d0296ae41701a4a73bc9e0309ae32033c7559f
b25461af688ba0c3b60b214d57492bbdd40e3ad84fff0de761dfa09240be1c9e,1856.4,2023-01-05T03:10:00Z,b5665180f609659ce4cc5488ab495c98ed531bf91261cb97cc883a34ff612a8f,2023-01-05T03:10:00Z,1856.77,1847.08,2023-02-01T00:00:00Z,2023-01-05T03:00:00Z,0.0,LONG,1.0,-50.0,CONTROL_V2_FILLED_STOP,2023-01-05T03:10:00Z,CONFIRMED_25_75_RETEST_SPLIT,1856.77,True,e99717ebfb2767e35824900862f54d42e5d3edab16b219d95f08bc48247ff311,1.0956447069453328,0.2699491644410054,2023_01,-1.0,-1.0,STOP,2023-01-05T10:05:00Z,SPLIT_STOP_STOP,1806941e9fa2adca3dedfe77209e400ece84ed6b43273e4c542f788c284dab36,2023-01-05T10:05:00Z,FIRST_RETEST_FILLED,2023-01-05T03:25:00Z,2023-01-05T03:10:00Z,1856.4,True,True,INITIAL_CONFIRMATION_STOP,11937d1ef10fc6d696c1e8bd2f4ccaae1f8c96170ae965cfb792119f9f6a4fcf,d2d88c20e577e7b686f4c88037a11b3666eba548bfdc97ebaba157d61d70e89b,1847.08,5.945000000000034,0.29725000000000174,NOT_STRICTLY_CLOSER_THAN_CONTROL,H1_SOURCE_SWING_BUFFERED_ELSE_CONTROL,False,d2d88c20e577e7b686f4c88037a11b3666eba548bfdc97ebaba157d61d70e89b,2023-01-05T03:00:00Z,1847.08,1862.89,24075b4c868b9a8547584de392d0296ae41701a4a73bc9e0309ae32033c7559f
ba3aea73055b0e4d2cd598d73b7d2e3bb837c49078ddad51e10ba9653ac5f9ce,1854.51,2023-01-05T06:05:00Z,71f75e8b75a39fb1be8392f418602004d2e2004fab0990452cf97f9a9f444183,2023-01-05T06:05:00Z,1852.98,1859.03,2023-02-01T00:00:00Z,2023-01-05T06:00:00Z,0.0,SHORT,1.0,48.76033057851352,CONTROL_V2_FILLED_STOP,2023-01-05T06:05:00Z,CONTROL_NEXT_M1_OPEN,1852.98,True,2626bc822952fda4e4e82983fd7fd586edd1bcab6d03994e4ccd0a452e6d12fa,0.452892561983476,1.1239669421487612,2023_01,0.9752066115702703,0.9752066115702703,TARGET,2023-01-05T10:05:00Z,TARGET,05d3011fae1d9600acd587c25286af54ef948a807507d417ae9f40a6165f47cd,2023-01-05T10:05:00Z,RETEST_EXPIRED,2023-01-05T06:20:00Z,,1854.51,False,False,INITIAL_CONFIRMATION_TARGET,1cf79303afdef7490b284acc0d5f3752be08225568643113a9bb987139a80fc6,d0299ba95689a220dbc9a8919ce287552d60aa8a278169f365536d379bdcdb00,1859.03,,,,CONTROL_V2_FILLED_STOP,False,,2023-01-05T06:05:00Z,1859.03,1847.08,aa989469194f981c43db932bb781dd122404d571e2918c1fdf41dac1c8bd0d23
ba3aea73055b0e4d2cd598d73b7d2e3bb837c49078ddad51e10ba9653ac5f9ce,1854.51,2023-01-05T06:05:00Z,71f75e8b75a39fb1be8392f418602004d2e2004fab0990452cf97f9a9f444183,2023-01-05T06:05:00Z,1852.98,1859.03,2023-02-01T00:00:00Z,2023-01-05T06:00:00Z,0.7079314424287743,SHORT,0.5793978748524118,84.15690269995223,M5_LATEST_CONFIRMED_OPPOSING_SWING_ELSE_CONTROL,2023-01-05T06:05:00Z,CONTROL_NEXT_M1_OPEN,1852.98,True,02b9ae192332fa06aac1518df0802936feeb584ff6a486d7b9b603f868e06499,0.7816607233825976,1.9398879266429236,2023_01,1.6831380539990446,0.9752066115702703,TARGET,2023-01-05T10:05:00Z,TARGET,ea391395706a0b04b0f13705d4eafa9821a933592363851f9d5fe65320f973f3,2023-01-05T10:05:00Z,RETEST_EXPIRED,2023-01-05T06:20:00Z,,1854.51,False,False,INITIAL_CONFIRMATION_TARGET,9c8d8e234330477bf79f5cdcefc6cc079ec87f5d638da5fbce7ab47b74ca8c7e,d0299ba95689a220dbc9a8919ce287552d60aa8a278169f365536d379bdcdb00,1856.485357142857,0.9071428571428442,0.04535714285714221,,M5_LATEST_CONFIRMED_OPPOSING_SWING_ELSE_CONTROL,True,41230b38febecbf0ee88dcbed07eb9397ad642afde0009f80269410615c18e7e,2023-01-05T05:55:00Z,1856.44,1847.08,aa989469194f981c43db932bb781dd122404d571e2918c1fdf41dac1c8bd0d23
ba3aea73055b0e4d2cd598d73b7d2e3bb837c49078ddad51e10ba9653ac5f9ce,1854.51,2023-01-05T06:05:00Z,71f75e8b75a39fb1be8392f418602004d2e2004fab0990452cf97f9a9f444183,2023-01-05T06:05:00Z,1852.98,1859.03,2023-02-01T00:00:00Z,2023-01-05T06:00:00Z,0.4496191663915211,SHORT,0.6844391971664775,71.24128889808958,M15_LATEST_CONFIRMED_OPPOSING_SWING_ELSE_CONTROL,2023-01-05T06:05:00Z,CONTROL_NEXT_M1_OPEN,1852.98,True,beaf75348d55d3cb7e33c2b7d6a885f3135decd37b2922acc394cfe4b5f884db,0.6616987511212308,1.642172083074571,2023_01,1.4248257779617914,0.9752066115702703,TARGET,2023-01-05T10:05:00Z,TARGET,e053e9ab02cf15c7e9d34c5643e698edba81cfca481da389c259733f557bb64b,2023-01-05T10:05:00Z,RETEST_EXPIRED,2023-01-05T06:20:00Z,,1854.51,False,False,INITIAL_CONFIRMATION_TARGET,d1fee9dc568043457147d8fe18fddcc1ff7b13844b21be9f95b2723f90064485,d0299ba95689a220dbc9a8919ce287552d60aa8a278169f365536d379bdcdb00,1857.1208571428572,2.01714285714289,0.10085714285714452,,M15_LATEST_CONFIRMED_OPPOSING_SWING_ELSE_CONTROL,True,b59130e398f1fdc7331eecb46379f9302d44d80e3414c48a9cf95188a060fb03,2023-01-05T05:45:00Z,1857.02,1847.08,aa989469194f981c43db932bb781dd122404d571e2918c1fdf41dac1c8bd0d23
ba3aea73055b0e4d2cd598d73b7d2e3bb837c49078ddad51e10ba9653ac5f9ce,1854.51,2023-01-05T06:05:00Z,71f75e8b75a39fb1be8392f418602004d2e2004fab0990452cf97f9a9f444183,2023-01-05T06:05:00Z,1852.98,1859.03,2023-02-01T00:00:00Z,2023-01-05T06:00:00Z,0.0,SHORT,1.0,48.76033057851352,CONTROL_V2_FILLED_STOP,2023-01-05T06:05:00Z,CONTROL_NEXT_M1_OPEN,1852.98,True,8fbec4cb98f33a186bfe61b83baadcf26b27983792a0ec1d455bd38164ace2cc,0.452892561983476,1.1239669421487612,2023_01,0.9752066115702703,0.9752066115702703,TARGET,2023-01-05T10:05:00Z,TARGET,9c077b527e71d083211a4d438a6ffc5cd2a729ce94842f28e9874a50ca19990c,2023-01-05T10:05:00Z,RETEST_EXPIRED,2023-01-05T06:20:00Z,,1854.51,False,False,INITIAL_CONFIRMATION_TARGET,d496ae3358aec499f21a707146382f81b7dce96012b6cd694c5069c7a8c572c0,d0299ba95689a220dbc9a8919ce287552d60aa8a278169f365536d379bdcdb00,1859.03,5.7771428571429135,0.2888571428571457,NOT_STRICTLY_CLOSER_THAN_CONTROL,H1_SOURCE_SWING_BUFFERED_ELSE_CONTROL,False,d0299ba95689a220dbc9a8919ce287552d60aa8a278169f365536d379bdcdb00,2023-01-05T06:00:00Z,1859.03,1847.08,aa989469194f981c43db932bb781dd122404d571e2918c1fdf41dac1c8bd0d23
ba3aea73055b0e4d2cd598d73b7d2e3bb837c49078ddad51e10ba9653ac5f9ce,1854.51,2023-01-05T06:05:00Z,71f75e8b75a39fb1be8392f418602004d2e2004fab0990452cf97f9a9f444183,2023-01-05T06:05:00Z,1852.98,1859.03,2023-02-01T00:00:00Z,2023-01-05T06:00:00Z,-0.9752066115702703,SHORT,1.0,0.0,CONTROL_V2_FILLED_STOP,,M5_BROKEN_CONTROL_FIRST_RETEST,,False,2626bc822952fda4e4e82983fd7fd586edd1bcab6d03994e4ccd0a452e6d12fa,,,2023_01,0.0,0.9752066115702703,TARGET,2023-01-05T10:05:00Z,NO_FILL,0a96a0a71d844d6bac560d5f0d424c0803361fbb3890c1c2f4ab071bbabd0352,,RETEST_EXPIRED,2023-01-05T06:20:00Z,,1854.51,False,False,INITIAL_CONFIRMATION_TARGET,6afa0a7e15b2ad0c24ec1c48c34633874ea4152cd48ab4ed1d59d04c933ca835,d0299ba95689a220dbc9a8919ce287552d60aa8a278169f365536d379bdcdb00,1859.03,,,,CONTROL_V2_FILLED_STOP,False,,2023-01-05T06:05:00Z,1859.03,1847.08,aa989469194f981c43db932bb781dd122404d571e2918c1fdf41dac1c8bd0d23
ba3aea73055b0e4d2cd598d73b7d2e3bb837c49078ddad51e10ba9653ac5f9ce,1854.51,2023-01-05T06:05:00Z,71f75e8b75a39fb1be8392f418602004d2e2004fab0990452cf97f9a9f444183,2023-01-05T06:05:00Z,1852.98,1859.03,2023-02-01T00:00:00Z,2023-01-05T06:00:00Z,-0.9752066115702703,SHORT,0.5793978748524118,0.0,M5_LATEST_CONFIRMED_OPPOSING_SWING_ELSE_CONTROL,,M5_BROKEN_CONTROL_FIRST_RETEST,,False,02b9ae192332fa06aac1518df0802936feeb584ff6a486d7b9b603f868e06499,,,2023_01,0.0,0.9752066115702703,TARGET,2023-01-05T10:05:00Z,NO_FILL,20c3879a2cf0c9bccd786121a5888640ac4e282bf4690f8b075a219826da2ede,,RETEST_EXPIRED,2023-01-05T06:20:00Z,,1854.51,False,False,INITIAL_CONFIRMATION_TARGET,c48e52c10644395708c0f53aeb31a1f4d9dd3d91d0376f653e140786b300c02e,d0299ba95689a220dbc9a8919ce287552d60aa8a278169f365536d379bdcdb00,1856.485357142857,0.9071428571428442,0.04535714285714221,,M5_LATEST_CONFIRMED_OPPOSING_SWING_ELSE_CONTROL,True,41230b38febecbf0ee88dcbed07eb9397ad642afde0009f80269410615c18e7e,2023-01-05T05:55:00Z,1856.44,1847.08,aa989469194f981c43db932bb781dd122404d571e2918c1fdf41dac1c8bd0d23
ba3aea73055b0e4d2cd598d73b7d2e3bb837c49078ddad51e10ba9653ac5f9ce,1854.51,2023-01-05T06:05:00Z,71f75e8b75a39fb1be8392f418602004d2e2004fab0990452cf97f9a9f444183,2023-01-05T06:05:00Z,1852.98,1859.03,2023-02-01T00:00:00Z,2023-01-05T06:00:00Z,-0.9752066115702703,SHORT,0.6844391971664775,0.0,M15_LATEST_CONFIRMED_OPPOSING_SWING_ELSE_CONTROL,,M5_BROKEN_CONTROL_FIRST_RETEST,,False,beaf75348d55d3cb7e33c2b7d6a885f3135decd37b2922acc394cfe4b5f884db,,,2023_01,0.0,0.9752066115702703,TARGET,2023-01-05T10:05:00Z,NO_FILL,e440b135f7686d97638427d60ecf01ae4fd1f38df9006af9369265910f012a2a,,RETEST_EXPIRED,2023-01-05T06:20:00Z,,1854.51,False,False,INITIAL_CONFIRMATION_TARGET,7a5114066cb1e8964ad4eaf063b89f29ecf970bfa760d7c6b64be6aeea654599,d0299ba95689a220dbc9a8919ce287552d60aa8a278169f365536d379bdcdb00,1857.1208571428572,2.01714285714289,0.10085714285714452,,M15_LATEST_CONFIRMED_OPPOSING_SWING_ELSE_CONTROL,True,b59130e398f1fdc7331eecb46379f9302d44d80e3414c48a9cf95188a060fb03,2023-01-05T05:45:00Z,1857.02,1847.08,aa989469194f981c43db932bb781dd122404d571e2918c1fdf41dac1c8bd0d23
ba3aea73055b0e4d2cd598d73b7d2e3bb837c49078ddad51e10ba9653ac5f9ce,1854.51,2023-01-05T06:05:00Z,71f75e8b75a39fb1be8392f418602004d2e2004fab0990452cf97f9a9f444183,2023-01-05T06:05:00Z,1852.98,1859.03,2023-02-01T00:00:00Z,2023-01-05T06:00:00Z,-0.9752066115702703,SHORT,1.0,0.0,CONTROL_V2_FILLED_STOP,,M5_BROKEN_CONTROL_FIRST_RETEST,,False,8fbec4cb98f33a186bfe61b83baadcf26b27983792a0ec1d455bd38164ace2cc,,,2023_01,0.0,0.9752066115702703,TARGET,2023-01-05T10:05:00Z,NO_FILL,bffdcb5bdf4eab02677f61ed865ce96f8fff5bb7681e27579f554f1d367bcba6,,RETEST_EXPIRED,2023-01-05T06:20:00Z,,1854.51,False,False,INITIAL_CONFIRMATION_TARGET,d836d63c35a7f395a2d5b291a0f3276c7f60e56e09521d109ead1bf865559f86,d0299ba95689a220dbc9a8919ce287552d60aa8a278169f365536d379bdcdb00,1859.03,5.7771428571429135,0.2888571428571457,NOT_STRICTLY_CLOSER_THAN_CONTROL,H1_SOURCE_SWING_BUFFERED_ELSE_CONTROL,False,d0299ba95689a220dbc9a8919ce287552d60aa8a278169f365536d379bdcdb00,2023-01-05T06:00:00Z,1859.03,1847.08,aa989469194f981c43db932bb781dd122404d571e2918c1fdf41dac1c8bd0d23
ba3aea73055b0e4d2cd598d73b7d2e3bb837c49078ddad51e10ba9653ac5f9ce,1854.51,2023-01-05T06:05:00Z,71f75e8b75a39fb1be8392f418602004d2e2004fab0990452cf97f9a9f444183,2023-01-05T06:05:00Z,1852.98,1859.03,2023-02-01T00:00:00Z,2023-01-05T06:00:00Z,-0.7314049586777027,SHORT,1.0,12.19008264462838,CONTROL_V2_FILLED_STOP,2023-01-05T06:05:00Z,CONFIRMED_25_75_RETEST_SPLIT,1852.98,True,2626bc822952fda4e4e82983fd7fd586edd1bcab6d03994e4ccd0a452e6d12fa,0.113223140495869,0.2809917355371903,2023_01,0.24380165289256758,0.9752066115702703,TARGET,2023-01-05T10:05:00Z,SPLIT_CONTROL_TARGET_NO_RETEST,9b0bf576ff10c4e14b0a931c78c85059e926425ffb0c5727b0c27653bdb5b4e7,2023-01-05T10:05:00Z,RETEST_EXPIRED,2023-01-05T06:20:00Z,,1854.51,False,False,INITIAL_CONFIRMATION_TARGET,3ba3f72432fe9533747ad2d0f60b6100a071e13453db15939aafe5f2d523551e,d0299ba95689a220dbc9a8919ce287552d60aa8a278169f365536d379bdcdb00,1859.03,,,,CONTROL_V2_FILLED_STOP,False,,2023-01-05T06:05:00Z,1859.03,1847.08,aa989469194f981c43db932bb781dd122404d571e2918c1fdf41dac1c8bd0d23
ba3aea73055b0e4d2cd598d73b7d2e3bb837c49078ddad51e10ba9653ac5f9ce,1854.51,2023-01-05T06:05:00Z,71f75e8b75a39fb1be8392f418602004d2e2004fab0990452cf97f9a9f444183,2023-01-05T06:05:00Z,1852.98,1859.03,2023-02-01T00:00:00Z,2023-01-05T06:00:00Z,-0.5544220980705092,SHORT,0.5793978748524118,21.039225674988057,M5_LATEST_CONFIRMED_OPPOSING_SWING_ELSE_CONTROL,2023-01-05T06:05:00Z,CONFIRMED_25_75_RETEST_SPLIT,1852.98,True,02b9ae192332fa06aac1518df0802936feeb584ff6a486d7b9b603f868e06499,0.1954151808456494,0.4849719816607309,2023_01,0.42078451349976115,0.9752066115702703,TARGET,2023-01-05T10:05:00Z,SPLIT_CONTROL_TARGET_NO_RETEST,16cef5bed68332404dd40c9c740dbfd68a850311f96129f6297a5cddd74523cf,2023-01-05T10:05:00Z,RETEST_EXPIRED,2023-01-05T06:20:00Z,,1854.51,False,False,INITIAL_CONFIRMATION_TARGET,875765a20a3260f04e6aae2cc14d59e3a3b7e96c9b06c26609c2df8c0eb0d295,d0299ba95689a220dbc9a8919ce287552d60aa8a278169f365536d379bdcdb00,1856.485357142857,0.9071428571428442,0.04535714285714221,,M5_LATEST_CONFIRMED_OPPOSING_SWING_ELSE_CONTROL,True,41230b38febecbf0ee88dcbed07eb9397ad642afde0009f80269410615c18e7e,2023-01-05T05:55:00Z,1856.44,1847.08,aa989469194f981c43db932bb781dd122404d571e2918c1fdf41dac1c8bd0d23
ba3aea73055b0e4d2cd598d73b7d2e3bb837c49078ddad51e10ba9653ac5f9ce,1854.51,2023-01-05T06:05:00Z,71f75e8b75a39fb1be8392f418602004d2e2004fab0990452cf97f9a9f444183,2023-01-05T06:05:00Z,1852.98,1859.03,2023-02-01T00:00:00Z,2023-01-05T06:00:00Z,-0.6190001670798224,SHORT,0.6844391971664775,17.810322224522395,M15_LATEST_CONFIRMED_OPPOSING_SWING_ELSE_CONTROL,2023-01-05T06:05:00Z,CONFIRMED_25_75_RETEST_SPLIT,1852.98,True,beaf75348d55d3cb7e33c2b7d6a885f3135decd37b2922acc394cfe4b5f884db,0.1654246877803077,0.41054302076864274,2023_01,0.35620644449044786,0.9752066115702703,TARGET,2023-01-05T10:05:00Z,SPLIT_CONTROL_TARGET_NO_RETEST,65148ffe6c1c198890a32284fa7f08bc029d6dbf764bf2922000a593c53e0193,2023-01-05T10:05:00Z,RETEST_EXPIRED,2023-01-05T06:20:00Z,,1854.51,False,False,INITIAL_CONFIRMATION_TARGET,aedbd03c1e55ea7b6d823455702589092c3e8fb338e2d244d889ae3e7595de11,d0299ba95689a220dbc9a8919ce287552d60aa8a278169f365536d379bdcdb00,1857.1208571428572,2.01714285714289,0.10085714285714452,,M15_LATEST_CONFIRMED_OPPOSING_SWING_ELSE_CONTROL,True,b59130e398f1fdc7331eecb46379f9302d44d80e3414c48a9cf95188a060fb03,2023-01-05T05:45:00Z,1857.02,1847.08,aa989469194f981c43db932bb781dd122404d571e2918c1fdf41dac1c8bd0d23
ba3aea73055b0e4d2cd598d73b7d2e3bb837c49078ddad51e10ba9653ac5f9ce,1854.51,2023-01-05T06:05:00Z,71f75e8b75a39fb1be8392f418602004d2e2004fab0990452cf97f9a9f444183,2023-01-05T06:05:00Z,1852.98,1859.03,2023-02-01T00:00:00Z,2023-01-05T06:00:00Z,-0.7314049586777027,SHORT,1.0,12.19008264462838,CONTROL_V2_FILLED_STOP,2023-01-05T06:05:00Z,CONFIRMED_25_75_RETEST_SPLIT,1852.98,True,8fbec4cb98f33a186bfe61b83baadcf26b27983792a0ec1d455bd38164ace2cc,0.113223140495869,0.2809917355371903,2023_01,0.24380165289256758,0.9752066115702703,TARGET,2023-01-05T10:05:00Z,SPLIT_CONTROL_TARGET_NO_RETEST,35e984e92e0ee70311fabad8368081fb610ad0fb2f0f4bec3d4f772103416f18,2023-01-05T10:05:00Z,RETEST_EXPIRED,2023-01-05T06:20:00Z,,1854.51,False,False,INITIAL_CONFIRMATION_TARGET,84f08de4e85379b23e30f021bd83992f3e8ff1a749ee295ae0bffe932982cbc4,d0299ba95689a220dbc9a8919ce287552d60aa8a278169f365536d379bdcdb00,1859.03,5.7771428571429135,0.2888571428571457,NOT_STRICTLY_CLOSER_THAN_CONTROL,H1_SOURCE_SWING_BUFFERED_ELSE_CONTROL,False,d0299ba95689a220dbc9a8919ce287552d60aa8a278169f365536d379bdcdb00,2023-01-05T06:00:00Z,1859.03,1847.08,aa989469194f981c43db932bb781dd122404d571e2918c1fdf41dac1c8bd0d23
eb0e63864dc00834c27eb4261d627c2800b183ee007032f4624357425ce4882d,1832.52,2023-01-05T20:05:00Z,e18a340c484e431e285fd66b84b36f0ceaed9da52b0c0247f1010755b8e6c0e5,2023-01-05T20:05:00Z,1834.29,1825.11,2023-02-01T00:00:00Z,2023-01-05T20:00:00Z,0.0,LONG,1.0,92.48366013071842,CONTROL_V2_FILLED_STOP,2023-01-05T20:05:00Z,CONTROL_NEXT_M1_OPEN,1834.29,True,ee6e9261e74e9a9fbb8b8e56709e6db64d79b7d43ae0f3d5de874e501cb4a76b,0.31045751633985724,1.8551198257080452,2023_01,1.8496732026143683,1.8496732026143683,TARGET,2023-01-06T15:51:00Z,TARGET,945ee99b131177a32524cefe78efdd7a9f82c7dafd08c69abee9fc7bd45b3ce9,2023-01-06T15:51:00Z,FIRST_RETEST_FILLED,2023-01-05T20:20:00Z,2023-01-05T20:17:00Z,1832.52,True,False,INITIAL_CONFIRMATION_TARGET,8d94e276170f55520e77f647f45955fc3a0c65af06066d0702c14f8ed8b7d8af,e685fbaff6476d6fc288979f275c848494785a741cc496fd0783a8a3616d08eb,1825.11,,,,CONTROL_V2_FILLED_STOP,False,,2023-01-05T20:05:00Z,1825.11,1851.27,3f52f213b3e11ec9eed3a9855794b891c431bf47241c7225f21af1a7de822f02
eb0e63864dc00834c27eb4261d627c2800b183ee007032f4624357425ce4882d,1832.52,2023-01-05T20:05:00Z,e18a340c484e431e285fd66b84b36f0ceaed9da52b0c0247f1010755b8e6c0e5,2023-01-05T20:05:00Z,1834.29,1825.11,2023-02-01T00:00:00Z,2023-01-05T20:00:00Z,-2.849673202614368,LONG,0.08612278244631723,-50.0,M5_LATEST_CONFIRMED_OPPOSING_SWING_ELSE_CONTROL,2023-01-05T20:05:00Z,CONTROL_NEXT_M1_OPEN,1834.29,True,d9e674ba1a40881650f0cd48008e4818486f6caf26b38506cf90b2cbd752dc05,1.4039842797124742,0.32886118263537245,2023_01,-1.0,1.8496732026143683,TARGET,2023-01-06T15:51:00Z,STOP,6f93f83d91006ca9faba99b0a1b249c07358d0f185fdbfe5b1ff22de2b8e2ed9,2023-01-05T20:08:00Z,INVALID_OR_NONIMPROVING_RETEST_GEOMETRY,2023-01-05T20:20:00Z,,1832.52,False,False,INITIAL_CONFIRMATION_TARGET,152fae4161af2b345525f8f1ac912de7fb59f480a8640de74191229727420eb1,e685fbaff6476d6fc288979f275c848494785a741cc496fd0783a8a3616d08eb,1833.4993928571428,1.2121428571429078,0.06060714285714539,,M5_LATEST_CONFIRMED_OPPOSING_SWING_ELSE_CONTROL,True,6a1330fb83807c22e6a8b598d585ee1f7788074ecddd1e21447b40bef86d1196,2023-01-05T20:05:00Z,1833.56,1851.27,3f52f213b3e11ec9eed3a9855794b891c431bf47241c7225f21af1a7de822f02
eb0e63864dc00834c27eb4261d627c2800b183ee007032f4624357425ce4882d,1832.52,2023-01-05T20:05:00Z,e18a340c484e431e285fd66b84b36f0ceaed9da52b0c0247f1010755b8e6c0e5,2023-01-05T20:05:00Z,1834.29,1825.11,2023-02-01T00:00:00Z,2023-01-05T20:00:00Z,0.0,LONG,1.0,92.48366013071842,CONTROL_V2_FILLED_STOP,2023-01-05T20:05:00Z,CONTROL_NEXT_M1_OPEN,1834.29,True,67bfe07f68ec6b2d382d3c6868d682181744c5877e8d2d3490762e022e2a3103,0.31045751633985724,1.8551198257080452,2023_01,1.8496732026143683,1.8496732026143683,TARGET,2023-01-06T15:51:00Z,TARGET,0bd2634bfb87b9a0760251dce44a0fd911f80669ac0d5d0f96daff48d485d3b2,2023-01-06T15:51:00Z,FIRST_RETEST_FILLED,2023-01-05T20:20:00Z,2023-01-05T20:17:00Z,1832.52,True,False,INITIAL_CONFIRMATION_TARGET,908807b91951f0fb4bfb8886cee5c13e49880333ef3db6921c642e0193892870,e685fbaff6476d6fc288979f275c848494785a741cc496fd0783a8a3616d08eb,1825.11,3.172857142857148,0.15864285714285742,NOT_STRICTLY_CLOSER_THAN_CONTROL,M15_LATEST_CONFIRMED_OPPOSING_SWING_ELSE_CONTROL,False,b23c2f3353f387aa5904ff135bb464244991f010633f7de8c5144df579a93658,2023-01-05T18:15:00Z,1825.11,1851.27,3f52f213b3e11ec9eed3a9855794b891c431bf47241c7225f21af1a7de822f02
eb0e63864dc00834c27eb4261d627c2800b183ee007032f4624357425ce4882d,1832.52,2023-01-05T20:05:00Z,e18a340c484e431e285fd66b84b36f0ceaed9da52b0c0247f1010755b8e6c0e5,2023-01-05T20:05:00Z,1834.29,1825.11,2023-02-01T00:00:00Z,2023-01-05T20:00:00Z,0.0,LONG,1.0,92.48366013071842,CONTROL_V2_FILLED_STOP,2023-01-05T20:05:00Z,CONTROL_NEXT_M1_OPEN,1834.29,True,35db7360383fcf4fac374edd423c79801648ca1548f35885814f0bd630025a0c,0.31045751633985724,1.8551198257080452,2023_01,1.8496732026143683,1.8496732026143683,TARGET,2023-01-06T15:51:00Z,TARGET,55bfa7fb8ecfe7d85d8ef9e2f97df673fa214f6288f6861a4f2e7db57e9769cb,2023-01-06T15:51:00Z,FIRST_RETEST_FILLED,2023-01-05T20:20:00Z,2023-01-05T20:17:00Z,1832.52,True,False,INITIAL_CONFIRMATION_TARGET,60e3d1f84d5602197a99e80cb1c071f59e4bd59546138a5cba46784b086ff133,e685fbaff6476d6fc288979f275c848494785a741cc496fd0783a8a3616d08eb,1825.11,6.227142857142878,0.31135714285714394,NOT_STRICTLY_CLOSER_THAN_CONTROL,H1_SOURCE_SWING_BUFFERED_ELSE_CONTROL,False,e685fbaff6476d6fc288979f275c848494785a741cc496fd0783a8a3616d08eb,2023-01-05T20:00:00Z,1825.11,1851.27,3f52f213b3e11ec9eed3a9855794b891c431bf47241c7225f21af1a7de822f02
eb0e63864dc00834c27eb4261d627c2800b183ee007032f4624357425ce4882d,1832.52,2023-01-05T20:05:00Z,e18a340c484e431e285fd66b84b36f0ceaed9da52b0c0247f1010755b8e6c0e5,2023-01-05T20:05:00Z,1834.29,1825.11,2023-02-01T00:00:00Z,2023-01-05T20:00:00Z,0.6806911698552394,LONG,1.0,126.51821862348038,CONTROL_V2_FILLED_STOP,2023-01-05T20:17:00Z,M5_BROKEN_CONTROL_FIRST_RETEST,1832.52,True,ee6e9261e74e9a9fbb8b8e56709e6db64d79b7d43ae0f3d5de874e501cb4a76b,0.1457489878542396,2.537112010796187,2023_01,2.5303643724696077,1.8496732026143683,TARGET,2023-01-06T15:51:00Z,TARGET,b9561d531444362a71b5ba77ce29e2c358b06666549e877158811b1619342a9a,2023-01-06T15:51:00Z,FIRST_RETEST_FILLED,2023-01-05T20:20:00Z,2023-01-05T20:17:00Z,1832.52,True,True,INITIAL_CONFIRMATION_TARGET,13b910b249ea91242f8c377ab1e1b6dc15d5293302f3402b9859e1156f2f9ff7,e685fbaff6476d6fc288979f275c848494785a741cc496fd0783a8a3616d08eb,1825.11,,,,CONTROL_V2_FILLED_STOP,False,,2023-01-05T20:05:00Z,1825.11,1851.27,3f52f213b3e11ec9eed3a9855794b891c431bf47241c7225f21af1a7de822f02
eb0e63864dc00834c27eb4261d627c2800b183ee007032f4624357425ce4882d,1832.52,2023-01-05T20:05:00Z,e18a340c484e431e285fd66b84b36f0ceaed9da52b0c0247f1010755b8e6c0e5,2023-01-05T20:05:00Z,1834.29,1825.11,2023-02-01T00:00:00Z,2023-01-05T20:00:00Z,-1.8496732026143683,LONG,0.08612278244631723,0.0,M5_LATEST_CONFIRMED_OPPOSING_SWING_ELSE_CONTROL,,M5_BROKEN_CONTROL_FIRST_RETEST,,False,d9e674ba1a40881650f0cd48008e4818486f6caf26b38506cf90b2cbd752dc05,,,2023_01,0.0,1.8496732026143683,TARGET,2023-01-06T15:51:00Z,NO_FILL,f717e9d226b2dce8e65d382ee78ccfa94ff5e3e5c092e7f5b693dce4d7a7d7fc,,INVALID_OR_NONIMPROVING_RETEST_GEOMETRY,2023-01-05T20:20:00Z,,1832.52,False,False,INITIAL_CONFIRMATION_TARGET,73aca27c2e1a1f4c47461b1c855daef4326f30a79a7b2ed5427099a3e28803a0,e685fbaff6476d6fc288979f275c848494785a741cc496fd0783a8a3616d08eb,1833.4993928571428,1.2121428571429078,0.06060714285714539,,M5_LATEST_CONFIRMED_OPPOSING_SWING_ELSE_CONTROL,True,6a1330fb83807c22e6a8b598d585ee1f7788074ecddd1e21447b40bef86d1196,2023-01-05T20:05:00Z,1833.56,1851.27,3f52f213b3e11ec9eed3a9855794b891c431bf47241c7225f21af1a7de822f02
eb0e63864dc00834c27eb4261d627c2800b183ee007032f4624357425ce4882d,1832.52,2023-01-05T20:05:00Z,e18a340c484e431e285fd66b84b36f0ceaed9da52b0c0247f1010755b8e6c0e5,2023-01-05T20:05:00Z,1834.29,1825.11,2023-02-01T00:00:00Z,2023-01-05T20:00:00Z,0.6806911698552394,LONG,1.0,126.51821862348038,CONTROL_V2_FILLED_STOP,2023-01-05T20:17:00Z,M5_BROKEN_CONTROL_FIRST_RETEST,1832.52,True,67bfe07f68ec6b2d382d3c6868d682181744c5877e8d2d3490762e022e2a3103,0.1457489878542396,2.537112010796187,2023_01,2.5303643724696077,1.8496732026143683,TARGET,2023-01-06T15:51:00Z,TARGET,fdb1c24574178341fce0daffb3acb84602c1997c3222a3a6f04b316aa305871b,2023-01-06T15:51:00Z,FIRST_RETEST_FILLED,2023-01-05T20:20:00Z,2023-01-05T20:17:00Z,1832.52,True,True,INITIAL_CONFIRMATION_TARGET,42a0fc0535fbffa3c72815536989f1d8c8f8504a01fd9aa23ce5e67d86fbc290,e685fbaff6476d6fc288979f275c848494785a741cc496fd0783a8a3616d08eb,1825.11,3.172857142857148,0.15864285714285742,NOT_STRICTLY_CLOSER_THAN_CONTROL,M15_LATEST_CONFIRMED_OPPOSING_SWING_ELSE_CONTROL,False,b23c2f3353f387aa5904ff135bb464244991f010633f7de8c5144df579a93658,2023-01-05T18:15:00Z,1825.11,1851.27,3f52f213b3e11ec9eed3a9855794b891c431bf47241c7225f21af1a7de822f02
eb0e63864dc00834c27eb4261d627c2800b183ee007032f4624357425ce4882d,1832.52,2023-01-05T20:05:00Z,e18a340c484e431e285fd66b84b36f0ceaed9da52b0c0247f1010755b8e6c0e5,2023-01-05T20:05:00Z,1834.29,1825.11,2023-02-01T00:00:00Z,2023-01-05T20:00:00Z,0.6806911698552394,LONG,1.0,126.51821862348038,CONTROL_V2_FILLED_STOP,2023-01-05T20:17:00Z,M5_BROKEN_CONTROL_FIRST_RETEST,1832.52,True,35db7360383fcf4fac374edd423c79801648ca1548f35885814f0bd630025a0c,0.1457489878542396,2.537112010796187,2023_01,2.5303643724696077,1.8496732026143683,TARGET,2023-01-06T15:51:00Z,TARGET,dc55fdad73be5c786d88581c50be5f3116236655dd2f98d44b306916d120bf46,2023-01-06T15:51:00Z,FIRST_RETEST_FILLED,2023-01-05T20:20:00Z,2023-01-05T20:17:00Z,1832.52,True,True,INITIAL_CONFIRMATION_TARGET,d36a5e12a929f4203a5cb765425d49c8dead51e5708dc6917885432a13467958,e685fbaff6476d6fc288979f275c848494785a741cc496fd0783a8a3616d08eb,1825.11,6.227142857142878,0.31135714285714394,NOT_STRICTLY_CLOSER_THAN_CONTROL,H1_SOURCE_SWING_BUFFERED_ELSE_CONTROL,False,e685fbaff6476d6fc288979f275c848494785a741cc496fd0783a8a3616d08eb,2023-01-05T20:00:00Z,1825.11,1851.27,3f52f213b3e11ec9eed3a9855794b891c431bf47241c7225f21af1a7de822f02
eb0e63864dc00834c27eb4261d627c2800b183ee007032f4624357425ce4882d,1832.52,2023-01-05T20:05:00Z,e18a340c484e431e285fd66b84b36f0ceaed9da52b0c0247f1010755b8e6c0e5,2023-01-05T20:05:00Z,1834.29,1825.11,2023-02-01T00:00:00Z,2023-01-05T20:00:00Z,0.5105183773914297,LONG,1.0,118.0095790002899,CONTROL_V2_FILLED_STOP,2023-01-05T20:05:00Z,CONFIRMED_25_75_RETEST_SPLIT,1834.29,True,ee6e9261e74e9a9fbb8b8e56709e6db64d79b7d43ae0f3d5de874e501cb4a76b,0.186926119975644,2.3666139645241513,2023_01,2.360191580005798,1.8496732026143683,TARGET,2023-01-06T15:51:00Z,SPLIT_TARGET_TARGET,d90865b1a2c56032826e9a5967c7365161521af1f61c4d69d5a0f7fc231db7b1,2023-01-06T15:51:00Z,FIRST_RETEST_FILLED,2023-01-05T20:20:00Z,2023-01-05T20:17:00Z,1832.52,True,True,INITIAL_CONFIRMATION_TARGET,ac71ef371d235c7fb43d57ab4416562d4d34ef3a5a69e6073fbe226a98d125dc,e685fbaff6476d6fc288979f275c848494785a741cc496fd0783a8a3616d08eb,1825.11,,,,CONTROL_V2_FILLED_STOP,False,,2023-01-05T20:05:00Z,1825.11,1851.27,3f52f213b3e11ec9eed3a9855794b891c431bf47241c7225f21af1a7de822f02
eb0e63864dc00834c27eb4261d627c2800b183ee007032f4624357425ce4882d,1832.52,2023-01-05T20:05:00Z,e18a340c484e431e285fd66b84b36f0ceaed9da52b0c0247f1010755b8e6c0e5,2023-01-05T20:05:00Z,1834.29,1825.11,2023-02-01T00:00:00Z,2023-01-05T20:00:00Z,-2.099673202614368,LONG,0.08612278244631723,-12.5,M5_LATEST_CONFIRMED_OPPOSING_SWING_ELSE_CONTROL,2023-01-05T20:05:00Z,CONFIRMED_25_75_RETEST_SPLIT,1834.29,True,d9e674ba1a40881650f0cd48008e4818486f6caf26b38506cf90b2cbd752dc05,0.35099606992811855,0.08221529565884311,2023_01,-0.25,1.8496732026143683,TARGET,2023-01-06T15:51:00Z,SPLIT_CONTROL_STOP_NO_RETEST,db66de60a633cebf0aab6b6bc9bbe601ebce7be43a9b9be071e19f2ca3d8dc67,2023-01-05T20:08:00Z,INVALID_OR_NONIMPROVING_RETEST_GEOMETRY,2023-01-05T20:20:00Z,,1832.52,False,False,INITIAL_CONFIRMATION_TARGET,047475888c5e4953062a85ea5df75d28d3e4874b5630e06ea6b44a1b95387bb4,e685fbaff6476d6fc288979f275c848494785a741cc496fd0783a8a3616d08eb,1833.4993928571428,1.2121428571429078,0.06060714285714539,,M5_LATEST_CONFIRMED_OPPOSING_SWING_ELSE_CONTROL,True,6a1330fb83807c22e6a8b598d585ee1f7788074ecddd1e21447b40bef86d1196,2023-01-05T20:05:00Z,1833.56,1851.27,3f52f213b3e11ec9eed3a9855794b891c431bf47241c7225f21af1a7de822f02
eb0e63864dc00834c27eb4261d627c2800b183ee007032f4624357425ce4882d,1832.52,2023-01-05T20:05:00Z,e18a340c484e431e285fd66b84b36f0ceaed9da52b0c0247f1010755b8e6c0e5,2023-01-05T20:05:00Z,1834.29,1825.11,2023-02-01T00:00:00Z,2023-01-05T20:00:00Z,0.5105183773914297,LONG,1.0,118.0095790002899,CONTROL_V2_FILLED_STOP,2023-01-05T20:05:00Z,CONFIRMED_25_75_RETEST_SPLIT,1834.29,True,67bfe07f68ec6b2d382d3c6868d682181744c5877e8d2d3490762e022e2a3103,0.186926119975644,2.3666139645241513,2023_01,2.360191580005798,1.8496732026143683,TARGET,2023-01-06T15:51:00Z,SPLIT_TARGET_TARGET,7eb8a424dc0eaf5197b426f2c300340cd9106aca8b7601072f62b792167f8a1b,2023-01-06T15:51:00Z,FIRST_RETEST_FILLED,2023-01-05T20:20:00Z,2023-01-05T20:17:00Z,1832.52,True,True,INITIAL_CONFIRMATION_TARGET,702b538e39d9a3eab2196929a5de847fce0ea2bd2557e3c384563ef0afecc812,e685fbaff6476d6fc288979f275c848494785a741cc496fd0783a8a3616d08eb,1825.11,3.172857142857148,0.15864285714285742,NOT_STRICTLY_CLOSER_THAN_CONTROL,M15_LATEST_CONFIRMED_OPPOSING_SWING_ELSE_CONTROL,False,b23c2f3353f387aa5904ff135bb464244991f010633f7de8c5144df579a93658,2023-01-05T18:15:00Z,1825.11,1851.27,3f52f213b3e11ec9eed3a9855794b891c431bf47241c7225f21af1a7de822f02
eb0e63864dc00834c27eb4261d627c2800b183ee007032f4624357425ce4882d,1832.52,2023-01-05T20:05:00Z,e18a340c484e431e285fd66b84b36f0ceaed9da52b0c0247f1010755b8e6c0e5,2023-01-05T20:05:00Z,1834.29,1825.11,2023-02-01T00:00:00Z,2023-01-05T20:00:00Z,0.5105183773914297,LONG,1.0,118.0095790002899,CONTROL_V2_FILLED_STOP,2023-01-05T20:05:00Z,CONFIRMED_25_75_RETEST_SPLIT,1834.29,True,35db7360383fcf4fac374edd423c79801648ca1548f35885814f0bd630025a0c,0.186926119975644,2.3666139645241513,2023_01,2.360191580005798,1.8496732026143683,TARGET,2023-01-06T15:51:00Z,SPLIT_TARGET_TARGET,bf5262addbe2044039581a929ea712779844ae8dcc2e008101ea0fc44c1f6ed4,2023-01-06T15:51:00Z,FIRST_RETEST_FILLED,2023-01-05T20:20:00Z,2023-01-05T20:17:00Z,1832.52,True,True,INITIAL_CONFIRMATION_TARGET,51528c47a5fffb2773f1496162aa10f4d24c0f107c00e9adcff28083f5931c92,e685fbaff6476d6fc288979f275c848494785a741cc496fd0783a8a3616d08eb,1825.11,6.227142857142878,0.31135714285714394,NOT_STRICTLY_CLOSER_THAN_CONTROL,H1_SOURCE_SWING_BUFFERED_ELSE_CONTROL,False,e685fbaff6476d6fc288979f275c848494785a741cc496fd0783a8a3616d08eb,2023-01-05T20:00:00Z,1825.11,1851.27,3f52f213b3e11ec9eed3a9855794b891c431bf47241c7225f21af1a7de822f02
e41d76ebe2891d4885a2ae5284f12337135372b8375f743e6f1817ded5d15f6e,1831.91,2023-01-06T02:15:00Z,946b8948f43c3ba7c75b1b05d2d7a437b7bdce966512c8c25ed9ff43b48ade7d,2023-01-06T02:15:00Z,1831.86,1837.5,2023-02-01T00:00:00Z,2023-01-05T23:00:00Z,0.0,SHORT,1.0,-50.0,CONTROL_V2_FILLED_STOP,2023-01-06T02:15:00Z,CONTROL_NEXT_M1_OPEN,1831.86,True,c50e8e9ba63f74326920edb7f56310813b7fc9e65a44ab800786831a522b6ddc,1.02304964539009,0.012411347517718989,2023_01,-1.0,-1.0,STOP,2023-01-06T04:04:00Z,STOP,085e930ee8ca02268be87fcaa1e970087ebe6268442790d92363fc35233fe12e,2023-01-06T04:04:00Z,FIRST_RETEST_FILLED,2023-01-06T02:30:00Z,2023-01-06T02:15:00Z,1831.91,True,False,INITIAL_CONFIRMATION_STOP,54453e30ba6fe268e8c97b89840463108f0eb9d0b26431d83922f3a176660f7f,58a63ebd394d3ca4f6a8c5d3031b9e8c4ea483a429dc8c4ca8e29cb64703bca4,1837.5,,,,CONTROL_V2_FILLED_STOP,False,,2023-01-06T02:15:00Z,1837.5,1825.11,803f2b4000674533d31ef0b6a2a615df598749b104ff7148de379d014267d955
e41d76ebe2891d4885a2ae5284f12337135372b8375f743e6f1817ded5d15f6e,1831.91,2023-01-06T02:15:00Z,946b8948f43c3ba7c75b1b05d2d7a437b7bdce966512c8c25ed9ff43b48ade7d,2023-01-06T02:15:00Z,1831.86,1837.5,2023-02-01T00:00:00Z,2023-01-05T23:00:00Z,0.0,SHORT,0.24668819655522134,-50.0,M5_LATEST_CONFIRMED_OPPOSING_SWING_ELSE_CONTROL,2023-01-06T02:15:00Z,CONTROL_NEXT_M1_OPEN,1831.86,True,9c290e79071592f411f8f3f8c26a09e599f09dab7d8983a61be5b70ce31c975d,1.0206124701594261,0.05031188233175436,2023_01,-1.0,-1.0,STOP,2023-01-06T04:04:00Z,STOP,d56d5575cbc51d44b4ed071262f9ce108300c7c08118373be2ee894f755ded49,2023-01-06T02:30:00Z,FIRST_RETEST_FILLED,2023-01-06T02:30:00Z,2023-01-06T02:15:00Z,1831.91,True,False,INITIAL_CONFIRMATION_STOP,4e7505e403fee4b85ff67c8d332cfa881e5ed625b73327d205bd7e71763b331d,58a63ebd394d3ca4f6a8c5d3031b9e8c4ea483a429dc8c4ca8e29cb64703bca4,1833.2513214285714,0.6264285714286026,0.03132142857143013,,M5_LATEST_CONFIRMED_OPPOSING_SWING_ELSE_CONTROL,True,553df707571b1b13e3920cf8d404d25a56ec8c3b2483d66b164ee203cadbcd57,2023-01-06T02:10:00Z,1833.22,1825.11,803f2b4000674533d31ef0b6a2a615df598749b104ff7148de379d014267d955
e41d76ebe2891d4885a2ae5284f12337135372b8375f743e6f1817ded5d15f6e,1831.91,2023-01-06T02:15:00Z,946b8948f43c3ba7c75b1b05d2d7a437b7bdce966512c8c25ed9ff43b48ade7d,2023-01-06T02:15:00Z,1831.86,1837.5,2023-02-01T00:00:00Z,2023-01-05T23:00:00Z,0.0,SHORT,0.41826241134753706,-50.0,M15_LATEST_CONFIRMED_OPPOSING_SWING_ELSE_CONTROL,2023-01-06T02:15:00Z,CONTROL_NEXT_M1_OPEN,1831.86,True,4aef10e33697c1bfdec49ba21b683d6f643a612bcbe438f6ac2246dcfa5493a6,1.148791860957975,0.029673590504422153,2023_01,-1.0,-1.0,STOP,2023-01-06T04:04:00Z,STOP,e5c4c9ef2de72669839c44b46b702d404486e18de3a26a98a32ea54a359367e7,2023-01-06T02:43:00Z,FIRST_RETEST_FILLED,2023-01-06T02:30:00Z,2023-01-06T02:15:00Z,1831.91,True,False,INITIAL_CONFIRMATION_STOP,e4b7a34da1236344f37b51f2407749b9b394e4940f7d8007b894f2b84f267bd1,58a63ebd394d3ca4f6a8c5d3031b9e8c4ea483a429dc8c4ca8e29cb64703bca4,1834.219,1.379999999999963,0.06899999999999816,,M15_LATEST_CONFIRMED_OPPOSING_SWING_ELSE_CONTROL,True,741290414c06922b702bc3b2de5531de4b1f58171b36462cb1594558cb1c8f51,2023-01-05T23:30:00Z,1834.15,1825.11,803f2b4000674533d31ef0b6a2a615df598749b104ff7148de379d014267d955
e41d76ebe2891d4885a2ae5284f12337135372b8375f743e6f1817ded5d15f6e,1831.91,2023-01-06T02:15:00Z,946b8948f43c3ba7c75b1b05d2d7a437b7bdce966512c8c25ed9ff43b48ade7d,2023-01-06T02:15:00Z,1831.86,1837.5,2023-02-01T00:00:00Z,2023-01-05T23:00:00Z,0.0,SHORT,1.0,-50.0,CONTROL_V2_FILLED_STOP,2023-01-06T02:15:00Z,CONTROL_NEXT_M1_OPEN,1831.86,True,55a6369f0a92d1c706aa20395542b373e131835c3a6c29725de32f01ec12dd38,1.02304964539009,0.012411347517718989,2023_01,-1.0,-1.0,STOP,2023-01-06T04:04:00Z,STOP,8d843ed4fc7fa99916b36b10b9f494fbd0175a8aa8db3c7631c45a82a0c64ab1,2023-01-06T04:04:00Z,FIRST_RETEST_FILLED,2023-01-06T02:30:00Z,2023-01-06T02:15:00Z,1831.91,True,False,INITIAL_CONFIRMATION_STOP,8cf6daa01eebc5ce7f33ff70c53356992f7dde8d5974cd5f1948847d9d1c9e0a,58a63ebd394d3ca4f6a8c5d3031b9e8c4ea483a429dc8c4ca8e29cb64703bca4,1837.5,6.258571428571421,0.31292857142857106,NOT_STRICTLY_CLOSER_THAN_CONTROL,H1_SOURCE_SWING_BUFFERED_ELSE_CONTROL,False,58a63ebd394d3ca4f6a8c5d3031b9e8c4ea483a429dc8c4ca8e29cb64703bca4,2023-01-05T23:00:00Z,1837.5,1825.11,803f2b4000674533d31ef0b6a2a615df598749b104ff7148de379d014267d955
e41d76ebe2891d4885a2ae5284f12337135372b8375f743e6f1817ded5d15f6e,1831.91,2023-01-06T02:15:00Z,946b8948f43c3ba7c75b1b05d2d7a437b7bdce966512c8c25ed9ff43b48ade7d,2023-01-06T02:15:00Z,1831.86,1837.5,2023-02-01T00:00:00Z,2023-01-05T23:00:00Z,0.0,SHORT,1.0,-50.0,CONTROL_V2_FILLED_STOP,2023-01-06T02:15:00Z,M5_BROKEN_CONTROL_FIRST_RETEST,1831.91,True,c50e8e9ba63f74326920edb7f56310813b7fc9e65a44ab800786831a522b6ddc,1.0232558139535082,0.021466905187856884,2023_01,-1.0,-1.0,STOP,2023-01-06T04:04:00Z,STOP,f06d9a8bb3be559b7bc0d0ef28217c6ffb5e9aa5381aa1c2dc9a96d9ddfe2d81,2023-01-06T04:04:00Z,FIRST_RETEST_FILLED,2023-01-06T02:30:00Z,2023-01-06T02:15:00Z,1831.91,True,True,INITIAL_CONFIRMATION_STOP,20067974d7c1239e33d34daed42adf583df66b72e3caa954de8e19cb19652ce2,58a63ebd394d3ca4f6a8c5d3031b9e8c4ea483a429dc8c4ca8e29cb64703bca4,1837.5,,,,CONTROL_V2_FILLED_STOP,False,,2023-01-06T02:15:00Z,1837.5,1825.11,803f2b4000674533d31ef0b6a2a615df598749b104ff7148de379d014267d955
e41d76ebe2891d4885a2ae5284f12337135372b8375f743e6f1817ded5d15f6e,1831.91,2023-01-06T02:15:00Z,946b8948f43c3ba7c75b1b05d2d7a437b7bdce966512c8c25ed9ff43b48ade7d,2023-01-06T02:15:00Z,1831.86,1837.5,2023-02-01T00:00:00Z,2023-01-05T23:00:00Z,0.0,SHORT,0.24668819655522134,-50.0,M5_LATEST_CONFIRMED_OPPOSING_SWING_ELSE_CONTROL,2023-01-06T02:15:00Z,M5_BROKEN_CONTROL_FIRST_RETEST,1831.91,True,9c290e79071592f411f8f3f8c26a09e599f09dab7d8983a61be5b70ce31c975d,1.02138083446497,0.08946401469775687,2023_01,-1.0,-1.0,STOP,2023-01-06T04:04:00Z,STOP,049fd0b0dc48ec868f508d3e64c8bc502207ae37a73dca1d3082229a2cceea74,2023-01-06T02:30:00Z,FIRST_RETEST_FILLED,2023-01-06T02:30:00Z,2023-01-06T02:15:00Z,1831.91,True,True,INITIAL_CONFIRMATION_STOP,a9916f62f72739eac4aa2e2060591e4f2774c0d9a7574582a40fddf377825c96,58a63ebd394d3ca4f6a8c5d3031b9e8c4ea483a429dc8c4ca8e29cb64703bca4,1833.2513214285714,0.6264285714286026,0.03132142857143013,,M5_LATEST_CONFIRMED_OPPOSING_SWING_ELSE_CONTROL,True,553df707571b1b13e3920cf8d404d25a56ec8c3b2483d66b164ee203cadbcd57,2023-01-06T02:10:00Z,1833.22,1825.11,803f2b4000674533d31ef0b6a2a615df598749b104ff7148de379d014267d955
e41d76ebe2891d4885a2ae5284f12337135372b8375f743e6f1817ded5d15f6e,1831.91,2023-01-06T02:15:00Z,946b8948f43c3ba7c75b1b05d2d7a437b7bdce966512c8c25ed9ff43b48ade7d,2023-01-06T02:15:00Z,1831.86,1837.5,2023-02-01T00:00:00Z,2023-01-05T23:00:00Z,0.0,SHORT,0.41826241134753706,-50.0,M15_LATEST_CONFIRMED_OPPOSING_SWING_ELSE_CONTROL,2023-01-06T02:15:00Z,M5_BROKEN_CONTROL_FIRST_RETEST,1831.91,True,4aef10e33697c1bfdec49ba21b683d6f643a612bcbe438f6ac2246dcfa5493a6,1.1520138588132915,0.0519705500217063,2023_01,-1.0,-1.0,STOP,2023-01-06T04:04:00Z,STOP,232e43af3e17ccd30a23c9beddfa78b7cfe6d4cfc2fcbbd8e297224f5117fcc5,2023-01-06T02:43:00Z,FIRST_RETEST_FILLED,2023-01-06T02:30:00Z,2023-01-06T02:15:00Z,1831.91,True,True,INITIAL_CONFIRMATION_STOP,98c7e8b7a37fcc11f874f46fbfa6b0d0f047b24b8f6bc69d1849682d127f936c,58a63ebd394d3ca4f6a8c5d3031b9e8c4ea483a429dc8c4ca8e29cb64703bca4,1834.219,1.379999999999963,0.06899999999999816,,M15_LATEST_CONFIRMED_OPPOSING_SWING_ELSE_CONTROL,True,741290414c06922b702bc3b2de5531de4b1f58171b36462cb1594558cb1c8f51,2023-01-05T23:30:00Z,1834.15,1825.11,803f2b4000674533d31ef0b6a2a615df598749b104ff7148de379d014267d955
e41d76ebe2891d4885a2ae5284f12337135372b8375f743e6f1817ded5d15f6e,1831.91,2023-01-06T02:15:00Z,946b8948f43c3ba7c75b1b05d2d7a437b7bdce966512c8c25ed9ff43b48ade7d,2023-01-06T02:15:00Z,1831.86,1837.5,2023-02-01T00:00:00Z,2023-01-05T23:00:00Z,0.0,SHORT,1.0,-50.0,CONTROL_V2_FILLED_STOP,2023-01-06T02:15:00Z,M5_BROKEN_CONTROL_FIRST_RETEST,1831.91,True,55a6369f0a92d1c706aa20395542b373e131835c3a6c29725de32f01ec12dd38,1.0232558139535082,0.021466905187856884,2023_01,-1.0,-1.0,STOP,2023-01-06T04:04:00Z,STOP,224fc421ac30f21a71be070145e50bd6176231f7512a9e8d6df84827ce0d6bac,2023-01-06T04:04:00Z,FIRST_RETEST_FILLED,2023-01-06T02:30:00Z,2023-01-06T02:15:00Z,1831.91,True,True,INITIAL_CONFIRMATION_STOP,4f115c4d133ba8cac7019af5326f1b4262fcad2f2516d09446f95c0b8c6217d6,58a63ebd394d3ca4f6a8c5d3031b9e8c4ea483a429dc8c4ca8e29cb64703bca4,1837.5,6.258571428571421,0.31292857142857106,NOT_STRICTLY_CLOSER_THAN_CONTROL,H1_SOURCE_SWING_BUFFERED_ELSE_CONTROL,False,58a63ebd394d3ca4f6a8c5d3031b9e8c4ea483a429dc8c4ca8e29cb64703bca4,2023-01-05T23:00:00Z,1837.5,1825.11,803f2b4000674533d31ef0b6a2a615df598749b104ff7148de379d014267d955
e41d76ebe2891d4885a2ae5284f12337135372b8375f743e6f1817ded5d15f6e,1831.91,2023-01-06T02:15:00Z,946b8948f43c3ba7c75b1b05d2d7a437b7bdce966512c8c25ed9ff43b48ade7d,2023-01-06T02:15:00Z,1831.86,1837.5,2023-02-01T00:00:00Z,2023-01-05T23:00:00Z,0.0,SHORT,1.0,-50.0,CONTROL_V2_FILLED_STOP,2023-01-06T02:15:00Z,CONFIRMED_25_75_RETEST_SPLIT,1831.86,True,c50e8e9ba63f74326920edb7f56310813b7fc9e65a44ab800786831a522b6ddc,1.0232042718126537,0.019203015770322414,2023_01,-1.0,-1.0,STOP,2023-01-06T04:04:00Z,SPLIT_STOP_STOP,60e9cf814d8f1a0f1f180ed8729c09b80f5ceef427decf29d8e701e655a4f08a,2023-01-06T04:04:00Z,FIRST_RETEST_FILLED,2023-01-06T02:30:00Z,2023-01-06T02:15:00Z,1831.91,True,True,INITIAL_CONFIRMATION_STOP,5236f32504189876a0bc8c5f299522f3bf159067e7892df4fcb64af1799090d5,58a63ebd394d3ca4f6a8c5d3031b9e8c4ea483a429dc8c4ca8e29cb64703bca4,1837.5,,,,CONTROL_V2_FILLED_STOP,False,,2023-01-06T02:15:00Z,1837.5,1825.11,803f2b4000674533d31ef0b6a2a615df598749b104ff7148de379d014267d955
e41d76ebe2891d4885a2ae5284f12337135372b8375f743e6f1817ded5d15f6e,1831.91,2023-01-06T02:15:00Z,946b8948f43c3ba7c75b1b05d2d7a437b7bdce966512c8c25ed9ff43b48ade7d,2023-01-06T02:15:00Z,1831.86,1837.5,2023-02-01T00:00:00Z,2023-01-05T23:00:00Z,0.0,SHORT,0.24668819655522134,-50.0,M5_LATEST_CONFIRMED_OPPOSING_SWING_ELSE_CONTROL,2023-01-06T02:15:00Z,CONFIRMED_25_75_RETEST_SPLIT,1831.86,True,9c290e79071592f411f8f3f8c26a09e599f09dab7d8983a61be5b70ce31c975d,1.021188743388584,0.07967598160625625,2023_01,-1.0,-1.0,STOP,2023-01-06T04:04:00Z,SPLIT_STOP_STOP,b73289281454c31b174653823abd74ab6a491ae98c2841e1ea6a9f7ec62ca709,2023-01-06T02:30:00Z,FIRST_RETEST_FILLED,2023-01-06T02:30:00Z,2023-01-06T02:15:00Z,1831.91,True,True,INITIAL_CONFIRMATION_STOP,96380c0db63200fd6eacda35a5dffe548be941de6d6727ed3e4f645fcada31d0,58a63ebd394d3ca4f6a8c5d3031b9e8c4ea483a429dc8c4ca8e29cb64703bca4,1833.2513214285714,0.6264285714286026,0.03132142857143013,,M5_LATEST_CONFIRMED_OPPOSING_SWING_ELSE_CONTROL,True,553df707571b1b13e3920cf8d404d25a56ec8c3b2483d66b164ee203cadbcd57,2023-01-06T02:10:00Z,1833.22,1825.11,803f2b4000674533d31ef0b6a2a615df598749b104ff7148de379d014267d955
e41d76ebe2891d4885a2ae5284f12337135372b8375f743e6f1817ded5d15f6e,1831.91,2023-01-06T02:15:00Z,946b8948f43c3ba7c75b1b05d2d7a437b7bdce966512c8c25ed9ff43b48ade7d,2023-01-06T02:15:00Z,1831.86,1837.5,2023-02-01T00:00:00Z,2023-01-05T23:00:00Z,0.0,SHORT,0.41826241134753706,-50.0,M15_LATEST_CONFIRMED_OPPOSING_SWING_ELSE_CONTROL,2023-01-06T02:15:00Z,CONFIRMED_25_75_RETEST_SPLIT,1831.86,True,4aef10e33697c1bfdec49ba21b683d6f643a612bcbe438f6ac2246dcfa5493a6,1.1512083593494624,0.04639631014238526,2023_01,-1.0,-1.0,STOP,2023-01-06T04:04:00Z,SPLIT_STOP_STOP,4c6f72bb2ebed9c73ec8e67846a2ed16afcf20b00b18d9e272854acfbaeebe18,2023-01-06T02:43:00Z,FIRST_RETEST_FILLED,2023-01-06T02:30:00Z,2023-01-06T02:15:00Z,1831.91,True,True,INITIAL_CONFIRMATION_STOP,3b1411f7f40f37f108d268c214dec2f4c1b67b55b9377ff5a11655e703940949,58a63ebd394d3ca4f6a8c5d3031b9e8c4ea483a429dc8c4ca8e29cb64703bca4,1834.219,1.379999999999963,0.06899999999999816,,M15_LATEST_CONFIRMED_OPPOSING_SWING_ELSE_CONTROL,True,741290414c06922b702bc3b2de5531de4b1f58171b36462cb1594558cb1c8f51,2023-01-05T23:30:00Z,1834.15,1825.11,803f2b4000674533d31ef0b6a2a615df598749b104ff7148de379d014267d955
e41d76ebe2891d4885a2ae5284f12337135372b8375f743e6f1817ded5d15f6e,1831.91,2023-01-06T02:15:00Z,946b8948f43c3ba7c75b1b05d2d7a437b7bdce966512c8c25ed9ff43b48ade7d,2023-01-06T02:15:00Z,1831.86,1837.5,2023-02-01T00:00:00Z,2023-01-05T23:00:00Z,0.0,SHORT,1.0,-50.0,CONTROL_V2_FILLED_STOP,2023-01-06T02:15:00Z,CONFIRMED_25_75_RETEST_SPLIT,1831.86,True,55a6369f0a92d1c706aa20395542b373e131835c3a6c29725de32f01ec12dd38,1.0232042718126537,0.019203015770322414,2023_01,-1.0,-1.0,STOP,2023-01-06T04:04:00Z,SPLIT_STOP_STOP,ee39c48b3a7768221ec36b583ec0a6df1012ab5b8a3dc2d2d4ea6793dfbb3776,2023-01-06T04:04:00Z,FIRST_RETEST_FILLED,2023-01-06T02:30:00Z,2023-01-06T02:15:00Z,1831.91,True,True,INITIAL_CONFIRMATION_STOP,45fc94d66bf26c714cea4168d66ca6f1090c790fb1041bd31561083831fccbe0,58a63ebd394d3ca4f6a8c5d3031b9e8c4ea483a429dc8c4ca8e29cb64703bca4,1837.5,6.258571428571421,0.31292857142857106,NOT_STRICTLY_CLOSER_THAN_CONTROL,H1_SOURCE_SWING_BUFFERED_ELSE_CONTROL,False,58a63ebd394d3ca4f6a8c5d3031b9e8c4ea483a429dc8c4ca8e29cb64703bca4,2023-01-05T23:00:00Z,1837.5,1825.11,803f2b4000674533d31ef0b6a2a615df598749b104ff7148de379d014267d955
312491e60dc714b2f8d3935786f592b0c9d35a813f53241ac886d35ae1e0ca14,1835.77,2023-01-06T11:20:00Z,8b26641ea6c5475184e948b0556ccf5a4eacd843fbcba983409e5b712a6d9857,2023-01-06T11:20:00Z,1835.1,1840.88,2023-02-01T00:00:00Z,2023-01-06T08:00:00Z,0.0,SHORT,1.0,-50.0,CONTROL_V2_FILLED_STOP,2023-01-06T11:20:00Z,CONTROL_NEXT_M1_OPEN,1835.1,True,c46ce290e303f628be8ce9c2ab1d16d8dfaaa9da825a7fd7e814875620086182,1.4532871972317993,0.31314878892731535,2023_01,-1.0,-1.0,STOP,2023-01-06T15:30:00Z,STOP,f71f5604f2c225fff068c9c006b922cf6fa073b5493c4ea2554449771c932e44,2023-01-06T15:30:00Z,FIRST_RETEST_FILLED,2023-01-06T11:35:00Z,2023-01-06T11:26:00Z,1835.77,True,False,INITIAL_CONFIRMATION_STOP,ed96c849f6d559eaad295b768a45d0bb5611a007f30d6721ca1ee8c661533ce8,8aa07f8564aa013787e24eb92ee305cd7ec5b771e31212d973a59ab3f32dd327,1840.88,,,,CONTROL_V2_FILLED_STOP,False,,2023-01-06T11:20:00Z,1840.88,1831.44,4acce44bbbe723722e4a45c37eee847943a88d45a4816db46d1e8326cb02216a
312491e60dc714b2f8d3935786f592b0c9d35a813f53241ac886d35ae1e0ca14,1835.77,2023-01-06T11:20:00Z,8b26641ea6c5475184e948b0556ccf5a4eacd843fbcba983409e5b712a6d9857,2023-01-06T11:20:00Z,1835.1,1840.88,2023-02-01T00:00:00Z,2023-01-06T08:00:00Z,0.0,SHORT,0.6587246663370957,-50.0,M5_LATEST_CONFIRMED_OPPOSING_SWING_ELSE_CONTROL,2023-01-06T11:20:00Z,CONTROL_NEXT_M1_OPEN,1835.1,True,bc586e36af084d38d4453a4f4d47a2e47030ca74f0cf334f6c61efaf0445619f,1.0689629296113365,0.4753864625543939,2023_01,-1.0,-1.0,STOP,2023-01-06T15:30:00Z,STOP,9e98b530e0a1a07b3ee2acb82cacd14231ccdb3184107e73b99c7f249f50b7b1,2023-01-06T13:19:00Z,FIRST_RETEST_FILLED,2023-01-06T11:35:00Z,2023-01-06T11:26:00Z,1835.77,True,False,INITIAL_CONFIRMATION_STOP,222806d21b471570f3e7f1409c1e30909ad94f94be395b159aee761b4ef67ff1,8aa07f8564aa013787e24eb92ee305cd7ec5b771e31212d973a59ab3f32dd327,1838.9074285714285,1.1485714285714559,0.0574285714285728,,M5_LATEST_CONFIRMED_OPPOSING_SWING_ELSE_CONTROL,True,fa2cdeca5b2adce431c1eb65e415872a112ec066d6c2746cd1a267f009e62703,2023-01-06T11:00:00Z,1838.85,1831.44,4acce44bbbe723722e4a45c37eee847943a88d45a4816db46d1e8326cb02216a
312491e60dc714b2f8d3935786f592b0c9d35a813f53241ac886d35ae1e0ca14,1835.77,2023-01-06T11:20:00Z,8b26641ea6c5475184e948b0556ccf5a4eacd843fbcba983409e5b712a6d9857,2023-01-06T11:20:00Z,1835.1,1840.88,2023-02-01T00:00:00Z,2023-01-06T08:00:00Z,0.0,SHORT,0.9605783489866149,-50.0,M15_LATEST_CONFIRMED_OPPOSING_SWING_ELSE_CONTROL,2023-01-06T11:20:00Z,CONTROL_NEXT_M1_OPEN,1835.1,True,2be5318f9d7bd3c79339ba93d01289adaba632aa2ae96211838e6468c48297c8,1.5129293708992915,0.3260002573009054,2023_01,-1.0,-1.0,STOP,2023-01-06T15:30:00Z,STOP,c80d41e8473b0aeccbb61aba505966efb5436fdc09ff8ffc4d216029826116d4,2023-01-06T15:30:00Z,FIRST_RETEST_FILLED,2023-01-06T11:35:00Z,2023-01-06T11:26:00Z,1835.77,True,False,INITIAL_CONFIRMATION_STOP,a434135ebe8c09e7e6f5d8da0aaacd31684359a7531e13ad4167c2cfe9d19d1e,8aa07f8564aa013787e24eb92ee305cd7ec5b771e31212d973a59ab3f32dd327,1840.6521428571427,1.8428571428571558,0.0921428571428578,,M15_LATEST_CONFIRMED_OPPOSING_SWING_ELSE_CONTROL,True,1ba753fcfad0070e87a24f2fe5378077f5435f7ef2debaeb5f14aeffb9f2cddc,2023-01-06T11:00:00Z,1840.56,1831.44,4acce44bbbe723722e4a45c37eee847943a88d45a4816db46d1e8326cb02216a
312491e60dc714b2f8d3935786f592b0c9d35a813f53241ac886d35ae1e0ca14,1835.77,2023-01-06T11:20:00Z,8b26641ea6c5475184e948b0556ccf5a4eacd843fbcba983409e5b712a6d9857,2023-01-06T11:20:00Z,1835.1,1840.88,2023-02-01T00:00:00Z,2023-01-06T08:00:00Z,0.0,SHORT,1.0,-50.0,CONTROL_V2_FILLED_STOP,2023-01-06T11:20:00Z,CONTROL_NEXT_M1_OPEN,1835.1,True,63cad5ddf2da3fdd5e0797671f92e62e1cfaafa5a19fe2194f7df84e54b784bf,1.4532871972317993,0.31314878892731535,2023_01,-1.0,-1.0,STOP,2023-01-06T15:30:00Z,STOP,7b542b87dd4f68ddc8e969942aff3f9d893e7055f42b0c9b2b7255b85a83dcb7,2023-01-06T15:30:00Z,FIRST_RETEST_FILLED,2023-01-06T11:35:00Z,2023-01-06T11:26:00Z,1835.77,True,False,INITIAL_CONFIRMATION_STOP,910a8f945a7f32ef42ead372543d52022ebcfc19b149dd3ed641d016b15cf013,8aa07f8564aa013787e24eb92ee305cd7ec5b771e31212d973a59ab3f32dd327,1840.88,3.7585714285714045,0.18792857142857022,NOT_STRICTLY_CLOSER_THAN_CONTROL,H1_SOURCE_SWING_BUFFERED_ELSE_CONTROL,False,8aa07f8564aa013787e24eb92ee305cd7ec5b771e31212d973a59ab3f32dd327,2023-01-06T08:00:00Z,1840.88,1831.44,4acce44bbbe723722e4a45c37eee847943a88d45a4816db46d1e8326cb02216a
312491e60dc714b2f8d3935786f592b0c9d35a813f53241ac886d35ae1e0ca14,1835.77,2023-01-06T11:20:00Z,8b26641ea6c5475184e948b0556ccf5a4eacd843fbcba983409e5b712a6d9857,2023-01-06T11:20:00Z,1835.1,1840.88,2023-02-01T00:00:00Z,2023-01-06T08:00:00Z,0.0,SHORT,1.0,-50.0,CONTROL_V2_FILLED_STOP,2023-01-06T11:26:00Z,M5_BROKEN_CONTROL_FIRST_RETEST,1835.77,True,c46ce290e303f628be8ce9c2ab1d16d8dfaaa9da825a7fd7e814875620086182,1.5127201565557389,0.342465753424649,2023_01,-1.0,-1.0,STOP,2023-01-06T15:30:00Z,STOP,3488c12df476316ce1e6b1c7703e19cc80baec3df11416dbe1ba852ac5f937e2,2023-01-06T15:30:00Z,FIRST_RETEST_FILLED,2023-01-06T11:35:00Z,2023-01-06T11:26:00Z,1835.77,True,True,INITIAL_CONFIRMATION_STOP,1d63dc3b258fb8c0900d99a4f7951a6a0f171eb0e0fe4a0edaa18da1a2efdec8,8aa07f8564aa013787e24eb92ee305cd7ec5b771e31212d973a59ab3f32dd327,1840.88,,,,CONTROL_V2_FILLED_STOP,False,,2023-01-06T11:20:00Z,1840.88,1831.44,4acce44bbbe723722e4a45c37eee847943a88d45a4816db46d1e8326cb02216a
312491e60dc714b2f8d3935786f592b0c9d35a813f53241ac886d35ae1e0ca14,1835.77,2023-01-06T11:20:00Z,8b26641ea6c5475184e948b0556ccf5a4eacd843fbcba983409e5b712a6d9857,2023-01-06T11:20:00Z,1835.1,1840.88,2023-02-01T00:00:00Z,2023-01-06T08:00:00Z,0.0,SHORT,0.6587246663370957,-50.0,M5_LATEST_CONFIRMED_OPPOSING_SWING_ELSE_CONTROL,2023-01-06T11:26:00Z,M5_BROKEN_CONTROL_FIRST_RETEST,1835.77,True,bc586e36af084d38d4453a4f4d47a2e47030ca74f0cf334f6c61efaf0445619f,1.0836900100173659,0.557781622803041,2023_01,-1.0,-1.0,STOP,2023-01-06T15:30:00Z,STOP,3ea38dbd71ffbdaf21cac8eab9f0bd824db4f8fab094717207be290fe23f5439,2023-01-06T13:19:00Z,FIRST_RETEST_FILLED,2023-01-06T11:35:00Z,2023-01-06T11:26:00Z,1835.77,True,True,INITIAL_CONFIRMATION_STOP,917406f1969c1d3247ae47d18ecd80e90288914f8f6af493d8605412a871f140,8aa07f8564aa013787e24eb92ee305cd7ec5b771e31212d973a59ab3f32dd327,1838.9074285714285,1.1485714285714559,0.0574285714285728,,M5_LATEST_CONFIRMED_OPPOSING_SWING_ELSE_CONTROL,True,fa2cdeca5b2adce431c1eb65e415872a112ec066d6c2746cd1a267f009e62703,2023-01-06T11:00:00Z,1838.85,1831.44,4acce44bbbe723722e4a45c37eee847943a88d45a4816db46d1e8326cb02216a
312491e60dc714b2f8d3935786f592b0c9d35a813f53241ac886d35ae1e0ca14,1835.77,2023-01-06T11:20:00Z,8b26641ea6c5475184e948b0556ccf5a4eacd843fbcba983409e5b712a6d9857,2023-01-06T11:20:00Z,1835.1,1840.88,2023-02-01T00:00:00Z,2023-01-06T08:00:00Z,0.0,SHORT,0.9605783489866149,-50.0,M15_LATEST_CONFIRMED_OPPOSING_SWING_ELSE_CONTROL,2023-01-06T11:26:00Z,M5_BROKEN_CONTROL_FIRST_RETEST,1835.77,True,2be5318f9d7bd3c79339ba93d01289adaba632aa2ae96211838e6468c48297c8,1.5833211411851142,0.3584491587417779,2023_01,-1.0,-1.0,STOP,2023-01-06T15:30:00Z,STOP,b7319b838284149149f3bf19a029c25707a184eed11a3171d28565495a4c6fc2,2023-01-06T15:30:00Z,FIRST_RETEST_FILLED,2023-01-06T11:35:00Z,2023-01-06T11:26:00Z,1835.77,True,True,INITIAL_CONFIRMATION_STOP,f624a45830793382f29afe7f6353ccbce8ab42cb50d8c9a5899db29ddec57fae,8aa07f8564aa013787e24eb92ee305cd7ec5b771e31212d973a59ab3f32dd327,1840.6521428571427,1.8428571428571558,0.0921428571428578,,M15_LATEST_CONFIRMED_OPPOSING_SWING_ELSE_CONTROL,True,1ba753fcfad0070e87a24f2fe5378077f5435f7ef2debaeb5f14aeffb9f2cddc,2023-01-06T11:00:00Z,1840.56,1831.44,4acce44bbbe723722e4a45c37eee847943a88d45a4816db46d1e8326cb02216a
312491e60dc714b2f8d3935786f592b0c9d35a813f53241ac886d35ae1e0ca14,1835.77,2023-01-06T11:20:00Z,8b26641ea6c5475184e948b0556ccf5a4eacd843fbcba983409e5b712a6d9857,2023-01-06T11:20:00Z,1835.1,1840.88,2023-02-01T00:00:00Z,2023-01-06T08:00:00Z,0.0,SHORT,1.0,-50.0,CONTROL_V2_FILLED_STOP,2023-01-06T11:26:00Z,M5_BROKEN_CONTROL_FIRST_RETEST,1835.77,True,63cad5ddf2da3fdd5e0797671f92e62e1cfaafa5a19fe2194f7df84e54b784bf,1.5127201565557389,0.342465753424649,2023_01,-1.0,-1.0,STOP,2023-01-06T15:30:00Z,STOP,a749fa423ac0246f61f6df62f594a3b55beeefa2411c7bb14c4230d3338b592d,2023-01-06T15:30:00Z,FIRST_RETEST_FILLED,2023-01-06T11:35:00Z,2023-01-06T11:26:00Z,1835.77,True,True,INITIAL_CONFIRMATION_STOP,63e507f797f4c267389d3c2a22a0f1d769e0848f3d6bffad62f5cfd251e85b95,8aa07f8564aa013787e24eb92ee305cd7ec5b771e31212d973a59ab3f32dd327,1840.88,3.7585714285714045,0.18792857142857022,NOT_STRICTLY_CLOSER_THAN_CONTROL,H1_SOURCE_SWING_BUFFERED_ELSE_CONTROL,False,8aa07f8564aa013787e24eb92ee305cd7ec5b771e31212d973a59ab3f32dd327,2023-01-06T08:00:00Z,1840.88,1831.44,4acce44bbbe723722e4a45c37eee847943a88d45a4816db46d1e8326cb02216a
312491e60dc714b2f8d3935786f592b0c9d35a813f53241ac886d35ae1e0ca14,1835.77,2023-01-06T11:20:00Z,8b26641ea6c5475184e948b0556ccf5a4eacd843fbcba983409e5b712a6d9857,2023-01-06T11:20:00Z,1835.1,1840.88,2023-02-01T00:00:00Z,2023-01-06T08:00:00Z,0.0,SHORT,1.0,-50.0,CONTROL_V2_FILLED_STOP,2023-01-06T11:20:00Z,CONFIRMED_25_75_RETEST_SPLIT,1835.1,True,c46ce290e303f628be8ce9c2ab1d16d8dfaaa9da825a7fd7e814875620086182,1.497861916724754,0.3351365123003156,2023_01,-1.0,-1.0,STOP,2023-01-06T15:30:00Z,SPLIT_STOP_STOP,4723be2b00e89696e01c5010d92be45492f65cca31068968b0a46b54f284f7ad,2023-01-06T15:30:00Z,FIRST_RETEST_FILLED,2023-01-06T11:35:00Z,2023-01-06T11:26:00Z,1835.77,True,True,INITIAL_CONFIRMATION_STOP,66b3c4ebe52df8c829c88522a014cd565711dc033471b6be4581a4e62413f0b6,8aa07f8564aa013787e24eb92ee305cd7ec5b771e31212d973a59ab3f32dd327,1840.88,,,,CONTROL_V2_FILLED_STOP,False,,2023-01-06T11:20:00Z,1840.88,1831.44,4acce44bbbe723722e4a45c37eee847943a88d45a4816db46d1e8326cb02216a
312491e60dc714b2f8d3935786f592b0c9d35a813f53241ac886d35ae1e0ca14,1835.77,2023-01-06T11:20:00Z,8b26641ea6c5475184e948b0556ccf5a4eacd843fbcba983409e5b712a6d9857,2023-01-06T11:20:00Z,1835.1,1840.88,2023-02-01T00:00:00Z,2023-01-06T08:00:00Z,0.0,SHORT,0.6587246663370957,-50.0,M5_LATEST_CONFIRMED_OPPOSING_SWING_ELSE_CONTROL,2023-01-06T11:20:00Z,CONFIRMED_25_75_RETEST_SPLIT,1835.1,True,bc586e36af084d38d4453a4f4d47a2e47030ca74f0cf334f6c61efaf0445619f,1.0800082399158586,0.5371828327408792,2023_01,-1.0,-1.0,STOP,2023-01-06T15:30:00Z,SPLIT_STOP_STOP,0fd85e8bae983b1f49322d81bd4cc4c4fe4bda46db85d7486692e7995f8f2d74,2023-01-06T13:19:00Z,FIRST_RETEST_FILLED,2023-01-06T11:35:00Z,2023-01-06T11:26:00Z,1835.77,True,True,INITIAL_CONFIRMATION_STOP,febabd69c0549e46c8569a7b7688fc6ab24c08d6aa3963139f45adefa4a8b347,8aa07f8564aa013787e24eb92ee305cd7ec5b771e31212d973a59ab3f32dd327,1838.9074285714285,1.1485714285714559,0.0574285714285728,,M5_LATEST_CONFIRMED_OPPOSING_SWING_ELSE_CONTROL,True,fa2cdeca5b2adce431c1eb65e415872a112ec066d6c2746cd1a267f009e62703,2023-01-06T11:00:00Z,1838.85,1831.44,4acce44bbbe723722e4a45c37eee847943a88d45a4816db46d1e8326cb02216a
312491e60dc714b2f8d3935786f592b0c9d35a813f53241ac886d35ae1e0ca14,1835.77,2023-01-06T11:20:00Z,8b26641ea6c5475184e948b0556ccf5a4eacd843fbcba983409e5b712a6d9857,2023-01-06T11:20:00Z,1835.1,1840.88,2023-02-01T00:00:00Z,2023-01-06T08:00:00Z,0.0,SHORT,0.9605783489866149,-50.0,M15_LATEST_CONFIRMED_OPPOSING_SWING_ELSE_CONTROL,2023-01-06T11:20:00Z,CONFIRMED_25_75_RETEST_SPLIT,1835.1,True,2be5318f9d7bd3c79339ba93d01289adaba632aa2ae96211838e6468c48297c8,1.5657231986136586,0.3503369333815598,2023_01,-1.0,-1.0,STOP,2023-01-06T15:30:00Z,SPLIT_STOP_STOP,8a7031228f11a6ec2e5f5defab74804e7528704cf065864c1f938e69e7a71c87,2023-01-06T15:30:00Z,FIRST_RETEST_FILLED,2023-01-06T11:35:00Z,2023-01-06T11:26:00Z,1835.77,True,True,INITIAL_CONFIRMATION_STOP,7fcb1e6efd50dc3394a021c6d1f682f0f08a6595903488093507a7751bde65b2,8aa07f8564aa013787e24eb92ee305cd7ec5b771e31212d973a59ab3f32dd327,1840.6521428571427,1.8428571428571558,0.0921428571428578,,M15_LATEST_CONFIRMED_OPPOSING_SWING_ELSE_CONTROL,True,1ba753fcfad0070e87a24f2fe5378077f5435f7ef2debaeb5f14aeffb9f2cddc,2023-01-06T11:00:00Z,1840.56,1831.44,4acce44bbbe723722e4a45c37eee847943a88d45a4816db46d1e8326cb02216a
312491e60dc714b2f8d3935786f592b0c9d35a813f53241ac886d35ae1e0ca14,1835.77,2023-01-06T11:20:00Z,8b26641ea6c5475184e948b0556ccf5a4eacd843fbcba983409e5b712a6d9857,2023-01-06T11:20:00Z,1835.1,1840.88,2023-02-01T00:00:00Z,2023-01-06T08:00:00Z,0.0,SHORT,1.0,-50.0,CONTROL_V2_FILLED_STOP,2023-01-06T11:20:00Z,CONFIRMED_25_75_RETEST_SPLIT,1835.1,True,63cad5ddf2da3fdd5e0797671f92e62e1cfaafa5a19fe2194f7df84e54b784bf,1.497861916724754,0.3351365123003156,2023_01,-1.0,-1.0,STOP,2023-01-06T15:30:00Z,SPLIT_STOP_STOP,b564edb3b694b60b8dc43e5a4c29af920eae05227c846b8149cd89c30f520f73,2023-01-06T15:30:00Z,FIRST_RETEST_FILLED,2023-01-06T11:35:00Z,2023-01-06T11:26:00Z,1835.77,True,True,INITIAL_CONFIRMATION_STOP,c77add9fd3ae142faefecaf39795bef66b689878c9da889c0927145b0d056686,8aa07f8564aa013787e24eb92ee305cd7ec5b771e31212d973a59ab3f32dd327,1840.88,3.7585714285714045,0.18792857142857022,NOT_STRICTLY_CLOSER_THAN_CONTROL,H1_SOURCE_SWING_BUFFERED_ELSE_CONTROL,False,8aa07f8564aa013787e24eb92ee305cd7ec5b771e31212d973a59ab3f32dd327,2023-01-06T08:00:00Z,1840.88,1831.44,4acce44bbbe723722e4a45c37eee847943a88d45a4816db46d1e8326cb02216a
4f60d1cc94e13fc3d58e327a7f00f938d2f46511de80e5fab0af863eab6f2326,1871.28,2023-01-09T13:40:00Z,b0e0ec04adeaff0c779e74f212e61d601a4984f5b6c0888ee368ccd4b5f9e4b2,2023-01-09T13:40:00Z,1870.88,1880.99,2023-02-01T00:00:00Z,2023-01-09T12:00:00Z,0.0,SHORT,1.0,-50.0,CONTROL_V2_FILLED_STOP,2023-01-09T13:40:00Z,CONTROL_NEXT_M1_OPEN,1870.88,True,a46692f55fdfd66789d050677f6ee5db93634c73b683d3ca301fec6478657539,1.0544015825914896,0.0276953511375077,2023_01,-1.0,-1.0,STOP,2023-01-09T16:48:00Z,STOP,47add06a99641397f06683b19a24c7fe273daf4cb9ec9b3c6e53662a31a01e34,2023-01-09T16:48:00Z,FIRST_RETEST_FILLED,2023-01-09T13:55:00Z,2023-01-09T13:40:00Z,1871.28,True,False,INITIAL_CONFIRMATION_STOP,adbc673d2332d1dadd2b19523730f88c7a23fa3660a66211ce71237908a711de,c64ba9e3f3723575ac684fdea2373532b5dc896bf6b619d5deab10488619df06,1880.99,,,,CONTROL_V2_FILLED_STOP,False,,2023-01-09T13:40:00Z,1880.99,1834.65,f30bf11b518aaeb842e2a0800b7249905b196d55c231dd475053e8b956a2d6b6
4f60d1cc94e13fc3d58e327a7f00f938d2f46511de80e5fab0af863eab6f2326,1871.28,2023-01-09T13:40:00Z,b0e0ec04adeaff0c779e74f212e61d601a4984f5b6c0888ee368ccd4b5f9e4b2,2023-01-09T13:40:00Z,1870.88,1880.99,2023-02-01T00:00:00Z,2023-01-09T12:00:00Z,0.0,SHORT,0.20749964674297716,-50.0,M5_LATEST_CONFIRMED_OPPOSING_SWING_ELSE_CONTROL,2023-01-09T13:40:00Z,CONTROL_NEXT_M1_OPEN,1870.88,True,642aab6f333b199e0229d638b4a33a51206f8750752e489c2506f9e34b112315,1.2203135906296798,0.13347179897521946,2023_01,-1.0,-1.0,STOP,2023-01-09T16:48:00Z,STOP,068b50a6a028fdd2f665b5a4fd06e41bcdae7651c42f480aede57cd9c38b5955,2023-01-09T13:56:00Z,FIRST_RETEST_FILLED,2023-01-09T13:55:00Z,2023-01-09T13:40:00Z,1871.28,True,False,INITIAL_CONFIRMATION_STOP,3a4e4d3a83710a544968e2ceea63555495f7f6f4976198324fa7483a0d977096,c64ba9e3f3723575ac684fdea2373532b5dc896bf6b619d5deab10488619df06,1872.9778214285716,0.9564285714285623,0.04782142857142812,,M5_LATEST_CONFIRMED_OPPOSING_SWING_ELSE_CONTROL,True,16fe8412d5979ccc379471ffdf5c311e19785246d973ff0f43400377c882332c,2023-01-09T13:25:00Z,1872.93,1834.65,f30bf11b518aaeb842e2a0800b7249905b196d55c231dd475053e8b956a2d6b6
4f60d1cc94e13fc3d58e327a7f00f938d2f46511de80e5fab0af863eab6f2326,1871.28,2023-01-09T13:40:00Z,b0e0ec04adeaff0c779e74f212e61d601a4984f5b6c0888ee368ccd4b5f9e4b2,2023-01-09T13:40:00Z,1870.88,1880.99,2023-02-01T00:00:00Z,2023-01-09T12:00:00Z,0.0,SHORT,0.4111982478451267,-50.0,M15_LATEST_CONFIRMED_OPPOSING_SWING_ELSE_CONTROL,2023-01-09T13:40:00Z,CONTROL_NEXT_M1_OPEN,1870.88,True,a66f3b12677c003dd754bc345854243eb6a7e51b65ace7b57b5007dd1ef978f8,1.00307554853008,0.06735279462557159,2023_01,-1.0,-1.0,STOP,2023-01-09T16:48:00Z,STOP,645364eef9a03b7ca37e4f93acc26b8a1ebd58ce75261d066aae52cc60860e8e,2023-01-09T14:13:00Z,FIRST_RETEST_FILLED,2023-01-09T13:55:00Z,2023-01-09T13:40:00Z,1871.28,True,False,INITIAL_CONFIRMATION_STOP,d27df08e1afbb7e3f8d83b18b6ac9df5a06dc1e5024bf77775978090f8fca6bb,c64ba9e3f3723575ac684fdea2373532b5dc896bf6b619d5deab10488619df06,1875.0372142857143,2.144285714285697,0.10721428571428485,,M15_LATEST_CONFIRMED_OPPOSING_SWING_ELSE_CONTROL,True,b57ba71aa3a24dd98939de60fe4a6d7d1c94f752b59b277ee16a1b5acf59a09a,2023-01-09T12:45:00Z,1874.93,1834.65,f30bf11b518aaeb842e2a0800b7249905b196d55c231dd475053e8b956a2d6b6
4f60d1cc94e13fc3d58e327a7f00f938d2f46511de80e5fab0af863eab6f2326,1871.28,2023-01-09T13:40:00Z,b0e0ec04adeaff0c779e74f212e61d601a4984f5b6c0888ee368ccd4b5f9e4b2,2023-01-09T13:40:00Z,1870.88,1880.99,2023-02-01T00:00:00Z,2023-01-09T12:00:00Z,0.0,SHORT,1.0,-50.0,CONTROL_V2_FILLED_STOP,2023-01-09T13:40:00Z,CONTROL_NEXT_M1_OPEN,1870.88,True,48e3e63490a4d28c39cbc1607814fdefe2222ed8c1264df0860b7900ff4ee471,1.0544015825914896,0.0276953511375077,2023_01,-1.0,-1.0,STOP,2023-01-09T16:48:00Z,STOP,f5161985ca11508557853c020457b3efba7c10a94b437b31f04e18cf4fa649b6,2023-01-09T16:48:00Z,FIRST_RETEST_FILLED,2023-01-09T13:55:00Z,2023-01-09T13:40:00Z,1871.28,True,False,INITIAL_CONFIRMATION_STOP,f2a2414512fb3e2e35416c8db454492aa8974ac9ae3f21af11ce5ac5a367e2c4,c64ba9e3f3723575ac684fdea2373532b5dc896bf6b619d5deab10488619df06,1880.99,4.0821428571428795,0.20410714285714399,NOT_STRICTLY_CLOSER_THAN_CONTROL,H1_SOURCE_SWING_BUFFERED_ELSE_CONTROL,False,c64ba9e3f3723575ac684fdea2373532b5dc896bf6b619d5deab10488619df06,2023-01-09T12:00:00Z,1880.99,1834.65,f30bf11b518aaeb842e2a0800b7249905b196d55c231dd475053e8b956a2d6b6
4f60d1cc94e13fc3d58e327a7f00f938d2f46511de80e5fab0af863eab6f2326,1871.28,2023-01-09T13:40:00Z,b0e0ec04adeaff0c779e74f212e61d601a4984f5b6c0888ee368ccd4b5f9e4b2,2023-01-09T13:40:00Z,1870.88,1880.99,2023-02-01T00:00:00Z,2023-01-09T12:00:00Z,0.0,SHORT,1.0,-50.0,CONTROL_V2_FILLED_STOP,2023-01-09T13:40:00Z,M5_BROKEN_CONTROL_FIRST_RETEST,1871.28,True,a46692f55fdfd66789d050677f6ee5db93634c73b683d3ca301fec6478657539,1.0566426364572556,0.07003089598352844,2023_01,-1.0,-1.0,STOP,2023-01-09T16:48:00Z,STOP,f5f65ea0323d17cf295e1a493c9f2dd8136cab41819376190d570a3777663e56,2023-01-09T16:48:00Z,FIRST_RETEST_FILLED,2023-01-09T13:55:00Z,2023-01-09T13:40:00Z,1871.28,True,True,INITIAL_CONFIRMATION_STOP,05b3920041048fd3aeef0fe8ba04dcb82b72d75aae24dcf2481bc145d8096538,c64ba9e3f3723575ac684fdea2373532b5dc896bf6b619d5deab10488619df06,1880.99,,,,CONTROL_V2_FILLED_STOP,False,,2023-01-09T13:40:00Z,1880.99,1834.65,f30bf11b518aaeb842e2a0800b7249905b196d55c231dd475053e8b956a2d6b6
4f60d1cc94e13fc3d58e327a7f00f938d2f46511de80e5fab0af863eab6f2326,1871.28,2023-01-09T13:40:00Z,b0e0ec04adeaff0c779e74f212e61d601a4984f5b6c0888ee368ccd4b5f9e4b2,2023-01-09T13:40:00Z,1870.88,1880.99,2023-02-01T00:00:00Z,2023-01-09T12:00:00Z,0.0,SHORT,0.20749964674297716,-50.0,M5_LATEST_CONFIRMED_OPPOSING_SWING_ELSE_CONTROL,2023-01-09T13:40:00Z,M5_BROKEN_CONTROL_FIRST_RETEST,1871.28,True,642aab6f333b199e0229d638b4a33a51206f8750752e489c2506f9e34b112315,1.2722185994656106,0.4005132627947515,2023_01,-1.0,-1.0,STOP,2023-01-09T16:48:00Z,STOP,f34d5cb51605bacf7c22fdf05182ae87b6303869b84333592fe12617efbd6aa3,2023-01-09T13:56:00Z,FIRST_RETEST_FILLED,2023-01-09T13:55:00Z,2023-01-09T13:40:00Z,1871.28,True,True,INITIAL_CONFIRMATION_STOP,d3e252f627919756aeab54b490d985bb7a179be11ba8e88fb98a66ddb58e5303,c64ba9e3f3723575ac684fdea2373532b5dc896bf6b619d5deab10488619df06,1872.9778214285716,0.9564285714285623,0.04782142857142812,,M5_LATEST_CONFIRMED_OPPOSING_SWING_ELSE_CONTROL,True,16fe8412d5979ccc379471ffdf5c311e19785246d973ff0f43400377c882332c,2023-01-09T13:25:00Z,1872.93,1834.65,f30bf11b518aaeb842e2a0800b7249905b196d55c231dd475053e8b956a2d6b6
4f60d1cc94e13fc3d58e327a7f00f938d2f46511de80e5fab0af863eab6f2326,1871.28,2023-01-09T13:40:00Z,b0e0ec04adeaff0c779e74f212e61d601a4984f5b6c0888ee368ccd4b5f9e4b2,2023-01-09T13:40:00Z,1870.88,1880.99,2023-02-01T00:00:00Z,2023-01-09T12:00:00Z,0.0,SHORT,0.4111982478451267,-50.0,M15_LATEST_CONFIRMED_OPPOSING_SWING_ELSE_CONTROL,2023-01-09T13:40:00Z,M5_BROKEN_CONTROL_FIRST_RETEST,1871.28,True,a66f3b12677c003dd754bc345854243eb6a7e51b65ace7b57b5007dd1ef978f8,1.0034029771296966,0.180985152373544,2023_01,-1.0,-1.0,STOP,2023-01-09T16:48:00Z,STOP,776f1706821095551ebff5010119649bd0816b3bc977d7c13502a640ab7c77ec,2023-01-09T14:13:00Z,FIRST_RETEST_FILLED,2023-01-09T13:55:00Z,2023-01-09T13:40:00Z,1871.28,True,True,INITIAL_CONFIRMATION_STOP,d556b4f0d50df58b8ad66fe2f2e1d06cb39905bda3127b07a78e3e3dda82158e,c64ba9e3f3723575ac684fdea2373532b5dc896bf6b619d5deab10488619df06,1875.0372142857143,2.144285714285697,0.10721428571428485,,M15_LATEST_CONFIRMED_OPPOSING_SWING_ELSE_CONTROL,True,b57ba71aa3a24dd98939de60fe4a6d7d1c94f752b59b277ee16a1b5acf59a09a,2023-01-09T12:45:00Z,1874.93,1834.65,f30bf11b518aaeb842e2a0800b7249905b196d55c231dd475053e8b956a2d6b6
4f60d1cc94e13fc3d58e327a7f00f938d2f46511de80e5fab0af863eab6f2326,1871.28,2023-01-09T13:40:00Z,b0e0ec04adeaff0c779e74f212e61d601a4984f5b6c0888ee368ccd4b5f9e4b2,2023-01-09T13:40:00Z,1870.88,1880.99,2023-02-01T00:00:00Z,2023-01-09T12:00:00Z,0.0,SHORT,1.0,-50.0,CONTROL_V2_FILLED_STOP,2023-01-09T13:40:00Z,M5_BROKEN_CONTROL_FIRST_RETEST,1871.28,True,48e3e63490a4d28c39cbc1607814fdefe2222ed8c1264df0860b7900ff4ee471,1.0566426364572556,0.07003089598352844,2023_01,-1.0,-1.0,STOP,2023-01-09T16:48:00Z,STOP,cec3c9e28efe94c898ba4140c7a6d400ab6dc3410c85e3ad0c170a36b98017f3,2023-01-09T16:48:00Z,FIRST_RETEST_FILLED,2023-01-09T13:55:00Z,2023-01-09T13:40:00Z,1871.28,True,True,INITIAL_CONFIRMATION_STOP,ba07439e127b6aafc18cddc8c9c8a663a3eb109880f80e853e8c745340367d39,c64ba9e3f3723575ac684fdea2373532b5dc896bf6b619d5deab10488619df06,1880.99,4.0821428571428795,0.20410714285714399,NOT_STRICTLY_CLOSER_THAN_CONTROL,H1_SOURCE_SWING_BUFFERED_ELSE_CONTROL,False,c64ba9e3f3723575ac684fdea2373532b5dc896bf6b619d5deab10488619df06,2023-01-09T12:00:00Z,1880.99,1834.65,f30bf11b518aaeb842e2a0800b7249905b196d55c231dd475053e8b956a2d6b6
4f60d1cc94e13fc3d58e327a7f00f938d2f46511de80e5fab0af863eab6f2326,1871.28,2023-01-09T13:40:00Z,b0e0ec04adeaff0c779e74f212e61d601a4984f5b6c0888ee368ccd4b5f9e4b2,2023-01-09T13:40:00Z,1870.88,1880.99,2023-02-01T00:00:00Z,2023-01-09T12:00:00Z,0.0,SHORT,1.0,-50.0,CONTROL_V2_FILLED_STOP,2023-01-09T13:40:00Z,CONFIRMED_25_75_RETEST_SPLIT,1870.88,True,a46692f55fdfd66789d050677f6ee5db93634c73b683d3ca301fec6478657539,1.0560823729908142,0.05944700977202325,2023_01,-1.0,-1.0,STOP,2023-01-09T16:48:00Z,SPLIT_STOP_STOP,e272003a6b1d75695bb5aa41b0ccee32b5f0debe792479bf6e2025c6883b0557,2023-01-09T16:48:00Z,FIRST_RETEST_FILLED,2023-01-09T13:55:00Z,2023-01-09T13:40:00Z,1871.28,True,True,INITIAL_CONFIRMATION_STOP,3e26f0aafd9301344075bc59024070361b77c594e63534c536c9e4b9e89e1fd3,c64ba9e3f3723575ac684fdea2373532b5dc896bf6b619d5deab10488619df06,1880.99,,,,CONTROL_V2_FILLED_STOP,False,,2023-01-09T13:40:00Z,1880.99,1834.65,f30bf11b518aaeb842e2a0800b7249905b196d55c231dd475053e8b956a2d6b6
4f60d1cc94e13fc3d58e327a7f00f938d2f46511de80e5fab0af863eab6f2326,1871.28,2023-01-09T13:40:00Z,b0e0ec04adeaff0c779e74f212e61d601a4984f5b6c0888ee368ccd4b5f9e4b2,2023-01-09T13:40:00Z,1870.88,1880.99,2023-02-01T00:00:00Z,2023-01-09T12:00:00Z,0.0,SHORT,0.20749964674297716,-50.0,M5_LATEST_CONFIRMED_OPPOSING_SWING_ELSE_CONTROL,2023-01-09T13:40:00Z,CONFIRMED_25_75_RETEST_SPLIT,1870.88,True,642aab6f333b199e0229d638b4a33a51206f8750752e489c2506f9e34b112315,1.2592423472566279,0.33375289683986853,2023_01,-1.0,-1.0,STOP,2023-01-09T16:48:00Z,SPLIT_STOP_STOP,dc9fefccdb0c0054e847f030d8edf5c77fa6be247f014f3a1b0013e2fe7975c7,2023-01-09T13:56:00Z,FIRST_RETEST_FILLED,2023-01-09T13:55:00Z,2023-01-09T13:40:00Z,1871.28,True,True,INITIAL_CONFIRMATION_STOP,aecac5c6c3279f1897e160f868ef42a90cccdc3ed4922d7eb683adafa1bf765f,c64ba9e3f3723575ac684fdea2373532b5dc896bf6b619d5deab10488619df06,1872.9778214285716,0.9564285714285623,0.04782142857142812,,M5_LATEST_CONFIRMED_OPPOSING_SWING_ELSE_CONTROL,True,16fe8412d5979ccc379471ffdf5c311e19785246d973ff0f43400377c882332c,2023-01-09T13:25:00Z,1872.93,1834.65,f30bf11b518aaeb842e2a0800b7249905b196d55c231dd475053e8b956a2d6b6
4f60d1cc94e13fc3d58e327a7f00f938d2f46511de80e5fab0af863eab6f2326,1871.28,2023-01-09T13:40:00Z,b0e0ec04adeaff0c779e74f212e61d601a4984f5b6c0888ee368ccd4b5f9e4b2,2023-01-09T13:40:00Z,1870.88,1880.99,2023-02-01T00:00:00Z,2023-01-09T12:00:00Z,0.0,SHORT,0.4111982478451267,-50.0,M15_LATEST_CONFIRMED_OPPOSING_SWING_ELSE_CONTROL,2023-01-09T13:40:00Z,CONFIRMED_25_75_RETEST_SPLIT,1870.88,True,a66f3b12677c003dd754bc345854243eb6a7e51b65ace7b57b5007dd1ef978f8,1.0033211199797925,0.15257706293655093,2023_01,-1.0,-1.0,STOP,2023-01-09T16:48:00Z,SPLIT_STOP_STOP,107121df0dd2ede1913c8f516f37f70cddb83b0e6c345b7f545947b2a15d282e,2023-01-09T14:13:00Z,FIRST_RETEST_FILLED,2023-01-09T13:55:00Z,2023-01-09T13:40:00Z,1871.28,True,True,INITIAL_CONFIRMATION_STOP,3795983b3c0fdbc31f947bb5ad5f1056bee720d7298b909cc7c7f451a9c63a06,c64ba9e3f3723575ac684fdea2373532b5dc896bf6b619d5deab10488619df06,1875.0372142857143,2.144285714285697,0.10721428571428485,,M15_LATEST_CONFIRMED_OPPOSING_SWING_ELSE_CONTROL,True,b57ba71aa3a24dd98939de60fe4a6d7d1c94f752b59b277ee16a1b5acf59a09a,2023-01-09T12:45:00Z,1874.93,1834.65,f30bf11b518aaeb842e2a0800b7249905b196d55c231dd475053e8b956a2d6b6
4f60d1cc94e13fc3d58e327a7f00f938d2f46511de80e5fab0af863eab6f2326,1871.28,2023-01-09T13:40:00Z,b0e0ec04adeaff0c779e74f212e61d601a4984f5b6c0888ee368ccd4b5f9e4b2,2023-01-09T13:40:00Z,1870.88,1880.99,2023-02-01T00:00:00Z,2023-01-09T12:00:00Z,0.0,SHORT,1.0,-50.0,CONTROL_V2_FILLED_STOP,2023-01-09T13:40:00Z,CONFIRMED_25_75_RETEST_SPLIT,1870.88,True,48e3e63490a4d28c39cbc1607814fdefe2222ed8c1264df0860b7900ff4ee471,1.0560823729908142,0.05944700977202325,2023_01,-1.0,-1.0,STOP,2023-01-09T16:48:00Z,SPLIT_STOP_STOP,c5a9d0a54eaf7388b2d8739da6a29bdb5941ab4bcaf7f8d0feb36ce624d0abe3,2023-01-09T16:48:00Z,FIRST_RETEST_FILLED,2023-01-09T13:55:00Z,2023-01-09T13:40:00Z,1871.28,True,True,INITIAL_CONFIRMATION_STOP,bd9797350de12d98df3871b060dcd468993062ab428947a73e0c3675013db0fe,c64ba9e3f3723575ac684fdea2373532b5dc896bf6b619d5deab10488619df06,1880.99,4.0821428571428795,0.20410714285714399,NOT_STRICTLY_CLOSER_THAN_CONTROL,H1_SOURCE_SWING_BUFFERED_ELSE_CONTROL,False,c64ba9e3f3723575ac684fdea2373532b5dc896bf6b619d5deab10488619df06,2023-01-09T12:00:00Z,1880.99,1834.65,f30bf11b518aaeb842e2a0800b7249905b196d55c231dd475053e8b956a2d6b6
9fe4216ba7ff77f9ed78153f19309f74d8366ec58d6948ede255c8dec3978255,1877.67,2023-01-09T16:05:00Z,3d894eec10748a3d341379fcaf4d8c4a24e41d81878ed5ec12145ddfed958f0b,2023-01-09T16:05:00Z,1878.26,1870.54,2023-02-01T00:00:00Z,2023-01-09T16:00:00Z,0.0,LONG,1.0,17.68134715025912,CONTROL_V2_FILLED_STOP,2023-01-09T16:05:00Z,CONTROL_NEXT_M1_OPEN,1878.26,True,546e4df1af75d44379acbd5149f00f87ee7a4ea0ba9084f2b0de3d37124f9ca1,0.5673575129533506,0.4248704663212385,2023_01,0.35362694300518244,0.35362694300518244,TARGET,2023-01-09T16:48:00Z,TARGET,09177957bc439e01e27658e670acb82b76ca5e1dace531eadf8a304eba050e31,2023-01-09T16:48:00Z,FIRST_RETEST_FILLED,2023-01-09T16:20:00Z,2023-01-09T16:10:00Z,1877.67,True,False,INITIAL_CONFIRMATION_TARGET,bb1dec23f2392206be1f6e5368e364a76c1899b73daf3aa319d2741cb0088745,ee92144f7106da236a5b3f028ac30213bed459be99dbbe75f9c503668e0dc6da,1870.54,,,,CONTROL_V2_FILLED_STOP,False,,2023-01-09T16:05:00Z,1870.54,1880.99,d106955db8ef7d8218274aaac84221be23e192e28d931458533b5243509d64bc
9fe4216ba7ff77f9ed78153f19309f74d8366ec58d6948ede255c8dec3978255,1877.67,2023-01-09T16:05:00Z,3d894eec10748a3d341379fcaf4d8c4a24e41d81878ed5ec12145ddfed958f0b,2023-01-09T16:05:00Z,1878.26,1870.54,2023-02-01T00:00:00Z,2023-01-09T16:00:00Z,-1.3536269430051824,LONG,0.5279746484085779,-50.0,M5_LATEST_CONFIRMED_OPPOSING_SWING_ELSE_CONTROL,2023-01-09T16:05:00Z,CONTROL_NEXT_M1_OPEN,1878.26,True,0b930302bdc93ba9dd2000c6aeb8a519b03ee0359f9c42ba0495b2414f75106a,1.0745923401123152,0.3238497463352114,2023_01,-1.0,0.35362694300518244,TARGET,2023-01-09T16:48:00Z,STOP,b532350be99ce93b18edd6118840d45adc16d3594944e907b78fc3ceaf85755e,2023-01-09T16:30:00Z,FIRST_RETEST_FILLED,2023-01-09T16:20:00Z,2023-01-09T16:10:00Z,1877.67,True,False,INITIAL_CONFIRMATION_TARGET,a81cc4f45048586518bfeb2144723246baaf101df2fd96ea237709a177951e05,ee92144f7106da236a5b3f028ac30213bed459be99dbbe75f9c503668e0dc6da,1874.1840357142858,1.7192857142857423,0.08596428571428712,,M5_LATEST_CONFIRMED_OPPOSING_SWING_ELSE_CONTROL,True,0b9e2a0813116e56dda25cc633fa843393db304e1281b2ccc7f4db733fdaa901,2023-01-09T15:50:00Z,1874.27,1880.99,d106955db8ef7d8218274aaac84221be23e192e28d931458533b5243509d64bc
9fe4216ba7ff77f9ed78153f19309f74d8366ec58d6948ede255c8dec3978255,1877.67,2023-01-09T16:05:00Z,3d894eec10748a3d341379fcaf4d8c4a24e41d81878ed5ec12145ddfed958f0b,2023-01-09T16:05:00Z,1878.26,1870.54,2023-02-01T00:00:00Z,2023-01-09T16:00:00Z,0.1369296500523245,LONG,0.7208688008882341,24.527829652875347,M15_LATEST_CONFIRMED_OPPOSING_SWING_ELSE_CONTROL,2023-01-09T16:05:00Z,CONTROL_NEXT_M1_OPEN,1878.26,True,1ccc835c19a9e827a130d6fb200c9ef72a8b1be14b4eb9a1752b465bb8f15b47,0.787046841608721,0.5893866759079116,2023_01,0.49055659305750693,0.35362694300518244,TARGET,2023-01-09T16:48:00Z,TARGET,6bd4b99f139dc4b5657242d9d710def28bfc5a6147bfad3b6a08b69f0b442039,2023-01-09T16:48:00Z,FIRST_RETEST_FILLED,2023-01-09T16:20:00Z,2023-01-09T16:10:00Z,1877.67,True,False,INITIAL_CONFIRMATION_TARGET,5b2663e8b28050e9ff277b93f19fdeef6d6248f6a62fcc5bdad256542b19b2b7,ee92144f7106da236a5b3f028ac30213bed459be99dbbe75f9c503668e0dc6da,1872.6948928571428,2.102142857142894,0.10510714285714472,,M15_LATEST_CONFIRMED_OPPOSING_SWING_ELSE_CONTROL,True,34a188de7ea5490cd6c3ca33c62852b9f518c826d0b24d160f4f75c73013b6c1,2023-01-09T15:45:00Z,1872.8,1880.99,d106955db8ef7d8218274aaac84221be23e192e28d931458533b5243509d64bc
9fe4216ba7ff77f9ed78153f19309f74d8366ec58d6948ede255c8dec3978255,1877.67,2023-01-09T16:05:00Z,3d894eec10748a3d341379fcaf4d8c4a24e41d81878ed5ec12145ddfed958f0b,2023-01-09T16:05:00Z,1878.26,1870.54,2023-02-01T00:00:00Z,2023-01-09T16:00:00Z,0.0,LONG,1.0,17.68134715025912,CONTROL_V2_FILLED_STOP,2023-01-09T16:05:00Z,CONTROL_NEXT_M1_OPEN,1878.26,True,d4b9dac98287870c3d55ca454d323b1013f092ae7a5e3cbeb2c95ecf04c5820f,0.5673575129533506,0.4248704663212385,2023_01,0.35362694300518244,0.35362694300518244,TARGET,2023-01-09T16:48:00Z,TARGET,eae50b08204842893a17ff596d5c2b79af2fbec22f16f065b8284c3d76410e0a,2023-01-09T16:48:00Z,FIRST_RETEST_FILLED,2023-01-09T16:20:00Z,2023-01-09T16:10:00Z,1877.67,True,False,INITIAL_CONFIRMATION_TARGET,1f08e11602abd0852068caecd3d93288992fbf02a48bf236ba54a81a7eaa5b18,ee92144f7106da236a5b3f028ac30213bed459be99dbbe75f9c503668e0dc6da,1870.54,4.017142857142891,0.20085714285714454,NOT_STRICTLY_CLOSER_THAN_CONTROL,H1_SOURCE_SWING_BUFFERED_ELSE_CONTROL,False,ee92144f7106da236a5b3f028ac30213bed459be99dbbe75f9c503668e0dc6da,2023-01-09T16:00:00Z,1870.54,1880.99,d106955db8ef7d8218274aaac84221be23e192e28d931458533b5243509d64bc
9fe4216ba7ff77f9ed78153f19309f74d8366ec58d6948ede255c8dec3978255,1877.67,2023-01-09T16:05:00Z,3d894eec10748a3d341379fcaf4d8c4a24e41d81878ed5ec12145ddfed958f0b,2023-01-09T16:05:00Z,1878.26,1870.54,2023-02-01T00:00:00Z,2023-01-09T16:00:00Z,0.11201120566240319,LONG,1.0,23.28190743337928,CONTROL_V2_FILLED_STOP,2023-01-09T16:10:00Z,M5_BROKEN_CONTROL_FIRST_RETEST,1877.67,True,546e4df1af75d44379acbd5149f00f87ee7a4ea0ba9084f2b0de3d37124f9ca1,0.531556802244026,0.5427769985974519,2023_01,0.4656381486675856,0.35362694300518244,TARGET,2023-01-09T16:48:00Z,TARGET,43fb792d4402327d02236aa7f34de0c6cdcee5bb6e6a9150b1e6f5a1bd13c14c,2023-01-09T16:48:00Z,FIRST_RETEST_FILLED,2023-01-09T16:20:00Z,2023-01-09T16:10:00Z,1877.67,True,True,INITIAL_CONFIRMATION_TARGET,ae9a8787698bc2c9b8344ab1a0e48a4027cda1eacddbc067883a63fe3be9898f,ee92144f7106da236a5b3f028ac30213bed459be99dbbe75f9c503668e0dc6da,1870.54,,,,CONTROL_V2_FILLED_STOP,False,,2023-01-09T16:05:00Z,1870.54,1880.99,d106955db8ef7d8218274aaac84221be23e192e28d931458533b5243509d64bc
9fe4216ba7ff77f9ed78153f19309f74d8366ec58d6948ede255c8dec3978255,1877.67,2023-01-09T16:05:00Z,3d894eec10748a3d341379fcaf4d8c4a24e41d81878ed5ec12145ddfed958f0b,2023-01-09T16:05:00Z,1878.26,1870.54,2023-02-01T00:00:00Z,2023-01-09T16:00:00Z,-1.3536269430051824,LONG,0.5279746484085779,-50.0,M5_LATEST_CONFIRMED_OPPOSING_SWING_ELSE_CONTROL,2023-01-09T16:10:00Z,M5_BROKEN_CONTROL_FIRST_RETEST,1877.67,True,0b930302bdc93ba9dd2000c6aeb8a519b03ee0359f9c42ba0495b2414f75106a,1.0872171053305402,0.19793662339786067,2023_01,-1.0,0.35362694300518244,TARGET,2023-01-09T16:48:00Z,STOP,9612e093a2a380d307bd54e148699f0d5ddf56ecb70d5b9333b3165cd8dcaf08,2023-01-09T16:30:00Z,FIRST_RETEST_FILLED,2023-01-09T16:20:00Z,2023-01-09T16:10:00Z,1877.67,True,True,INITIAL_CONFIRMATION_TARGET,0239f570a01ac87aa6efdea8529d2db11e986ba5174f7f1114ef0ad446bdec3f,ee92144f7106da236a5b3f028ac30213bed459be99dbbe75f9c503668e0dc6da,1874.1840357142858,1.7192857142857423,0.08596428571428712,,M5_LATEST_CONFIRMED_OPPOSING_SWING_ELSE_CONTROL,True,0b9e2a0813116e56dda25cc633fa843393db304e1281b2ccc7f4db733fdaa901,2023-01-09T15:50:00Z,1874.27,1880.99,d106955db8ef7d8218274aaac84221be23e192e28d931458533b5243509d64bc
9fe4216ba7ff77f9ed78153f19309f74d8366ec58d6948ede255c8dec3978255,1877.67,2023-01-09T16:05:00Z,3d894eec10748a3d341379fcaf4d8c4a24e41d81878ed5ec12145ddfed958f0b,2023-01-09T16:05:00Z,1878.26,1870.54,2023-02-01T00:00:00Z,2023-01-09T16:00:00Z,0.3136953687899395,LONG,0.7208688008882341,33.3661155897561,M15_LATEST_CONFIRMED_OPPOSING_SWING_ELSE_CONTROL,2023-01-09T16:10:00Z,M5_BROKEN_CONTROL_FIRST_RETEST,1877.67,True,1ccc835c19a9e827a130d6fb200c9ef72a8b1be14b4eb9a1752b465bb8f15b47,0.7617926390673302,0.7778726947732224,2023_01,0.6673223117951219,0.35362694300518244,TARGET,2023-01-09T16:48:00Z,TARGET,1e9f9992aa091d1b91892e15bb7e17ebc2529bfc6d667a21ab0282a72c4a52f6,2023-01-09T16:48:00Z,FIRST_RETEST_FILLED,2023-01-09T16:20:00Z,2023-01-09T16:10:00Z,1877.67,True,True,INITIAL_CONFIRMATION_TARGET,947cb06c8fe9c693ebd90621cf8768703de0868b29a5a855c4debdbfccb1c04a,ee92144f7106da236a5b3f028ac30213bed459be99dbbe75f9c503668e0dc6da,1872.6948928571428,2.102142857142894,0.10510714285714472,,M15_LATEST_CONFIRMED_OPPOSING_SWING_ELSE_CONTROL,True,34a188de7ea5490cd6c3ca33c62852b9f518c826d0b24d160f4f75c73013b6c1,2023-01-09T15:45:00Z,1872.8,1880.99,d106955db8ef7d8218274aaac84221be23e192e28d931458533b5243509d64bc
9fe4216ba7ff77f9ed78153f19309f74d8366ec58d6948ede255c8dec3978255,1877.67,2023-01-09T16:05:00Z,3d894eec10748a3d341379fcaf4d8c4a24e41d81878ed5ec12145ddfed958f0b,2023-01-09T16:05:00Z,1878.26,1870.54,2023-02-01T00:00:00Z,2023-01-09T16:00:00Z,0.11201120566240319,LONG,1.0,23.28190743337928,CONTROL_V2_FILLED_STOP,2023-01-09T16:10:00Z,M5_BROKEN_CONTROL_FIRST_RETEST,1877.67,True,d4b9dac98287870c3d55ca454d323b1013f092ae7a5e3cbeb2c95ecf04c5820f,0.531556802244026,0.5427769985974519,2023_01,0.4656381486675856,0.35362694300518244,TARGET,2023-01-09T16:48:00Z,TARGET,e03b702792fb6a41a76d6194f85ed8f65181cc7b26f5341bfec62e225d0929ec,2023-01-09T16:48:00Z,FIRST_RETEST_FILLED,2023-01-09T16:20:00Z,2023-01-09T16:10:00Z,1877.67,True,True,INITIAL_CONFIRMATION_TARGET,10ceec8e5478663a8ca592f2540eb96dcf19fc0a5672ef997797efe545f5323f,ee92144f7106da236a5b3f028ac30213bed459be99dbbe75f9c503668e0dc6da,1870.54,4.017142857142891,0.20085714285714454,NOT_STRICTLY_CLOSER_THAN_CONTROL,H1_SOURCE_SWING_BUFFERED_ELSE_CONTROL,False,ee92144f7106da236a5b3f028ac30213bed459be99dbbe75f9c503668e0dc6da,2023-01-09T16:00:00Z,1870.54,1880.99,d106955db8ef7d8218274aaac84221be23e192e28d931458533b5243509d64bc
9fe4216ba7ff77f9ed78153f19309f74d8366ec58d6948ede255c8dec3978255,1877.67,2023-01-09T16:05:00Z,3d894eec10748a3d341379fcaf4d8c4a24e41d81878ed5ec12145ddfed958f0b,2023-01-09T16:05:00Z,1878.26,1870.54,2023-02-01T00:00:00Z,2023-01-09T16:00:00Z,0.08400840424680239,LONG,1.0,21.88176736259924,CONTROL_V2_FILLED_STOP,2023-01-09T16:05:00Z,CONFIRMED_25_75_RETEST_SPLIT,1878.26,True,546e4df1af75d44379acbd5149f00f87ee7a4ea0ba9084f2b0de3d37124f9ca1,0.5405069799213571,0.5133003655283985,2023_01,0.43763534725198483,0.35362694300518244,TARGET,2023-01-09T16:48:00Z,SPLIT_TARGET_TARGET,98a83062d181d97eb3361350ef7f4a56a6d16f78c2655e9144781449e26fcc6f,2023-01-09T16:48:00Z,FIRST_RETEST_FILLED,2023-01-09T16:20:00Z,2023-01-09T16:10:00Z,1877.67,True,True,INITIAL_CONFIRMATION_TARGET,5e495538cac9941454503c243dd6896d8de447a64156474f87c1774c06040ca9,ee92144f7106da236a5b3f028ac30213bed459be99dbbe75f9c503668e0dc6da,1870.54,,,,CONTROL_V2_FILLED_STOP,False,,2023-01-09T16:05:00Z,1870.54,1880.99,d106955db8ef7d8218274aaac84221be23e192e28d931458533b5243509d64bc
9fe4216ba7ff77f9ed78153f19309f74d8366ec58d6948ede255c8dec3978255,1877.67,2023-01-09T16:05:00Z,3d894eec10748a3d341379fcaf4d8c4a24e41d81878ed5ec12145ddfed958f0b,2023-01-09T16:05:00Z,1878.26,1870.54,2023-02-01T00:00:00Z,2023-01-09T16:00:00Z,-1.3536269430051824,LONG,0.5279746484085779,-50.0,M5_LATEST_CONFIRMED_OPPOSING_SWING_ELSE_CONTROL,2023-01-09T16:05:00Z,CONFIRMED_25_75_RETEST_SPLIT,1878.26,True,0b930302bdc93ba9dd2000c6aeb8a519b03ee0359f9c42ba0495b2414f75106a,1.0840609140259838,0.22941490413219834,2023_01,-1.0,0.35362694300518244,TARGET,2023-01-09T16:48:00Z,SPLIT_STOP_STOP,566c402e686da021d08a1ba22405e62989d327c61cdcdb8aedd77af9dcd367ba,2023-01-09T16:30:00Z,FIRST_RETEST_FILLED,2023-01-09T16:20:00Z,2023-01-09T16:10:00Z,1877.67,True,True,INITIAL_CONFIRMATION_TARGET,eb0cf98e88963798fbb460b32be773db2e66f4ee6ed6456fdac35989c821e7e7,ee92144f7106da236a5b3f028ac30213bed459be99dbbe75f9c503668e0dc6da,1874.1840357142858,1.7192857142857423,0.08596428571428712,,M5_LATEST_CONFIRMED_OPPOSING_SWING_ELSE_CONTROL,True,0b9e2a0813116e56dda25cc633fa843393db304e1281b2ccc7f4db733fdaa901,2023-01-09T15:50:00Z,1874.27,1880.99,d106955db8ef7d8218274aaac84221be23e192e28d931458533b5243509d64bc
9fe4216ba7ff77f9ed78153f19309f74d8366ec58d6948ede255c8dec3978255,1877.67,2023-01-09T16:05:00Z,3d894eec10748a3d341379fcaf4d8c4a24e41d81878ed5ec12145ddfed958f0b,2023-01-09T16:05:00Z,1878.26,1870.54,2023-02-01T00:00:00Z,2023-01-09T16:00:00Z,0.2695039391055358,LONG,0.7208688008882341,31.15654410553591,M15_LATEST_CONFIRMED_OPPOSING_SWING_ELSE_CONTROL,2023-01-09T16:05:00Z,CONFIRMED_25_75_RETEST_SPLIT,1878.26,True,1ccc835c19a9e827a130d6fb200c9ef72a8b1be14b4eb9a1752b465bb8f15b47,0.7681061897026779,0.7307511900568947,2023_01,0.6231308821107182,0.35362694300518244,TARGET,2023-01-09T16:48:00Z,SPLIT_TARGET_TARGET,ddbec54bd3cf902dd8109e24414035807d75149c4e70ec7c2e8b5a25774aaf27,2023-01-09T16:48:00Z,FIRST_RETEST_FILLED,2023-01-09T16:20:00Z,2023-01-09T16:10:00Z,1877.67,True,True,INITIAL_CONFIRMATION_TARGET,c2b14925585388613506f6004842e8a76a0649cf82dff987ac6371dde25f6c67,ee92144f7106da236a5b3f028ac30213bed459be99dbbe75f9c503668e0dc6da,1872.6948928571428,2.102142857142894,0.10510714285714472,,M15_LATEST_CONFIRMED_OPPOSING_SWING_ELSE_CONTROL,True,34a188de7ea5490cd6c3ca33c62852b9f518c826d0b24d160f4f75c73013b6c1,2023-01-09T15:45:00Z,1872.8,1880.99,d106955db8ef7d8218274aaac84221be23e192e28d931458533b5243509d64bc
9fe4216ba7ff77f9ed78153f19309f74d8366ec58d6948ede255c8dec3978255,1877.67,2023-01-09T16:05:00Z,3d894eec10748a3d341379fcaf4d8c4a24e41d81878ed5ec12145ddfed958f0b,2023-01-09T16:05:00Z,1878.26,1870.54,2023-02-01T00:00:00Z,2023-01-09T16:00:00Z,0.08400840424680239,LONG,1.0,21.88176736259924,CONTROL_V2_FILLED_STOP,2023-01-09T16:05:00Z,CONFIRMED_25_75_RETEST_SPLIT,1878.26,True,d4b9dac98287870c3d55ca454d323b1013f092ae7a5e3cbeb2c95ecf04c5820f,0.5405069799213571,0.5133003655283985,2023_01,0.43763534725198483,0.35362694300518244,TARGET,2023-01-09T16:48:00Z,SPLIT_TARGET_TARGET,4f67d54892154f58e0b165cb469a8a1a0b058fab3d7a19219cd997015e81cda6,2023-01-09T16:48:00Z,FIRST_RETEST_FILLED,2023-01-09T16:20:00Z,2023-01-09T16:10:00Z,1877.67,True,True,INITIAL_CONFIRMATION_TARGET,0e716e1140b9e8c9a997f5dffa74950a8eba64b48e210df50cc8b20f335a30d3,ee92144f7106da236a5b3f028ac30213bed459be99dbbe75f9c503668e0dc6da,1870.54,4.017142857142891,0.20085714285714454,NOT_STRICTLY_CLOSER_THAN_CONTROL,H1_SOURCE_SWING_BUFFERED_ELSE_CONTROL,False,ee92144f7106da236a5b3f028ac30213bed459be99dbbe75f9c503668e0dc6da,2023-01-09T16:00:00Z,1870.54,1880.99,d106955db8ef7d8218274aaac84221be23e192e28d931458533b5243509d64bc
2a4394af2ee37d729d737aeac44aa4ef05375f8adc9fe06b48c4899c59feb147,1874.17,2023-01-09T19:10:00Z,83f7ad098291cb5a7db7ab4cdaae704c26741328a073f704ff8129014a8c4e1f,2023-01-09T19:10:00Z,1873.86,1881.54,2023-02-01T00:00:00Z,2023-01-09T19:00:00Z,0.0,SHORT,1.0,21.61458333333274,CONTROL_V2_FILLED_STOP,2023-01-09T19:10:00Z,CONTROL_NEXT_M1_OPEN,1873.86,True,ceac95eff75cf7b96091412d78a8552eb8dee745e1e24f1d406cb901da3641a4,0.01953125000001168,0.44010416666664764,2023_01,0.4322916666666548,0.4322916666666548,TARGET,2023-01-09T19:17:00Z,TARGET,fdafda3b649ae9f8ab36380b6bd02d2897dd7065a774fe21ac9395dc45c41446,2023-01-09T19:17:00Z,TARGET_BEFORE_RETEST,2023-01-09T19:25:00Z,,1874.17,False,False,INITIAL_CONFIRMATION_TARGET,1db2c532cef771e4fc142a7bb7d0202f6e93324bee17fe5f90b4d341d8268fb6,0575e60d8817c3712fa8049917f8d74e0ecee0c9669a614a9c434106111b031d,1881.54,,,,CONTROL_V2_FILLED_STOP,False,,2023-01-09T19:10:00Z,1881.54,1870.54,2396a6d394a8ef4714c5d9416bf2d45c5c399b784deff081e62628bfa8cef984
2a4394af2ee37d729d737aeac44aa4ef05375f8adc9fe06b48c4899c59feb147,1874.17,2023-01-09T19:10:00Z,83f7ad098291cb5a7db7ab4cdaae704c26741328a073f704ff8129014a8c4e1f,2023-01-09T19:10:00Z,1873.86,1881.54,2023-02-01T00:00:00Z,2023-01-09T19:00:00Z,0.27032728197472217,SHORT,0.6152576264880957,35.13094743206885,M5_LATEST_CONFIRMED_OPPOSING_SWING_ELSE_CONTROL,2023-01-09T19:10:00Z,CONTROL_NEXT_M1_OPEN,1873.86,True,497d71d300ed4b2f59a0535c6fbf49735b65c61e4d0cabadde662dfd2450c2a7,0.03174483201694954,0.7153168814481375,2023_01,0.702618948641377,0.4322916666666548,TARGET,2023-01-09T19:17:00Z,TARGET,43fe877e228e062e164a8e5ba64975fa0027c08cfdf3d5dd7db21846b60aa444,2023-01-09T19:17:00Z,TARGET_BEFORE_RETEST,2023-01-09T19:25:00Z,,1874.17,False,False,INITIAL_CONFIRMATION_TARGET,1bb0867696d1aa173dbdab7909eb9a8d64f0e4a6ad7966aafdf32e04400ca764,0575e60d8817c3712fa8049917f8d74e0ecee0c9669a614a9c434106111b031d,1878.5851785714285,1.7035714285714059,0.0851785714285703,,M5_LATEST_CONFIRMED_OPPOSING_SWING_ELSE_CONTROL,True,7ac091596de37ce7f1ce1fb1f6a18fadb946fd964f4cff446b540e41be5aeaa0,2023-01-09T19:05:00Z,1878.5,1870.54,2396a6d394a8ef4714c5d9416bf2d45c5c399b784deff081e62628bfa8cef984
2a4394af2ee37d729d737aeac44aa4ef05375f8adc9fe06b48c4899c59feb147,1874.17,2023-01-09T19:10:00Z,83f7ad098291cb5a7db7ab4cdaae704c26741328a073f704ff8129014a8c4e1f,2023-01-09T19:10:00Z,1873.86,1881.54,2023-02-01T00:00:00Z,2023-01-09T19:00:00Z,0.0,SHORT,1.0,21.61458333333274,CONTROL_V2_FILLED_STOP,2023-01-09T19:10:00Z,CONTROL_NEXT_M1_OPEN,1873.86,True,5bcb249bd1be616afae69f73862b1a4453349a14d9de8be139ecd8cf8482acc9,0.01953125000001168,0.44010416666664764,2023_01,0.4322916666666548,0.4322916666666548,TARGET,2023-01-09T19:17:00Z,TARGET,6f15db53b003a1b44e9637e0aba9b2b670e903558da9ab4e7fe7e879881af41f,2023-01-09T19:17:00Z,TARGET_BEFORE_RETEST,2023-01-09T19:25:00Z,,1874.17,False,False,INITIAL_CONFIRMATION_TARGET,a562621746a309a7204b62ecd5ae223c14edc35af820fda70f97eaa5aa27ca29,0575e60d8817c3712fa8049917f8d74e0ecee0c9669a614a9c434106111b031d,1881.54,2.9035714285714027,0.14517857142857013,NOT_STRICTLY_CLOSER_THAN_CONTROL,M15_LATEST_CONFIRMED_OPPOSING_SWING_ELSE_CONTROL,False,0335344b825372a512aaf5c55b2862d7cc78e893007bce908ba83faff1cd3e9e,2023-01-09T17:30:00Z,1881.54,1870.54,2396a6d394a8ef4714c5d9416bf2d45c5c399b784deff081e62628bfa8cef984
2a4394af2ee37d729d737aeac44aa4ef05375f8adc9fe06b48c4899c59feb147,1874.17,2023-01-09T19:10:00Z,83f7ad098291cb5a7db7ab4cdaae704c26741328a073f704ff8129014a8c4e1f,2023-01-09T19:10:00Z,1873.86,1881.54,2023-02-01T00:00:00Z,2023-01-09T19:00:00Z,0.0,SHORT,1.0,21.61458333333274,CONTROL_V2_FILLED_STOP,2023-01-09T19:10:00Z,CONTROL_NEXT_M1_OPEN,1873.86,True,d34d803bf09e6a371605389151f0723095ca0a4d5b86d6ad51a65d671b12661e,0.01953125000001168,0.44010416666664764,2023_01,0.4322916666666548,0.4322916666666548,TARGET,2023-01-09T19:17:00Z,TARGET,46b0915b3f3265b52138c6ba18f511ecd8f24114262463d640289647660c676e,2023-01-09T19:17:00Z,TARGET_BEFORE_RETEST,2023-01-09T19:25:00Z,,1874.17,False,False,INITIAL_CONFIRMATION_TARGET,f1629e7de3cc86d6fd28ea57e31fe22f63bdecfe94c582d9ba6fb7f7c8bac779,0575e60d8817c3712fa8049917f8d74e0ecee0c9669a614a9c434106111b031d,1881.54,4.280714285714306,0.21403571428571533,NOT_STRICTLY_CLOSER_THAN_CONTROL,H1_SOURCE_SWING_BUFFERED_ELSE_CONTROL,False,0575e60d8817c3712fa8049917f8d74e0ecee0c9669a614a9c434106111b031d,2023-01-09T19:00:00Z,1881.54,1870.54,2396a6d394a8ef4714c5d9416bf2d45c5c399b784deff081e62628bfa8cef984
2a4394af2ee37d729d737aeac44aa4ef05375f8adc9fe06b48c4899c59feb147,1874.17,2023-01-09T19:10:00Z,83f7ad098291cb5a7db7ab4cdaae704c26741328a073f704ff8129014a8c4e1f,2023-01-09T19:10:00Z,1873.86,1881.54,2023-02-01T00:00:00Z,2023-01-09T19:00:00Z,-0.4322916666666548,SHORT,1.0,0.0,CONTROL_V2_FILLED_STOP,,M5_BROKEN_CONTROL_FIRST_RETEST,,False,ceac95eff75cf7b96091412d78a8552eb8dee745e1e24f1d406cb901da3641a4,,,2023_01,0.0,0.4322916666666548,TARGET,2023-01-09T19:17:00Z,NO_FILL,c75c775191eb755202061f7763c6b57d9e3da1f6aeada5a0abbac1dc013f7e79,,TARGET_BEFORE_RETEST,2023-01-09T19:25:00Z,,1874.17,False,False,INITIAL_CONFIRMATION_TARGET,9334ca8ea62b18922160a347320a072efb7f5ee2e1527874438ad154dc6e5ab9,0575e60d8817c3712fa8049917f8d74e0ecee0c9669a614a9c434106111b031d,1881.54,,,,CONTROL_V2_FILLED_STOP,False,,2023-01-09T19:10:00Z,1881.54,1870.54,2396a6d394a8ef4714c5d9416bf2d45c5c399b784deff081e62628bfa8cef984
2a4394af2ee37d729d737aeac44aa4ef05375f8adc9fe06b48c4899c59feb147,1874.17,2023-01-09T19:10:00Z,83f7ad098291cb5a7db7ab4cdaae704c26741328a073f704ff8129014a8c4e1f,2023-01-09T19:10:00Z,1873.86,1881.54,2023-02-01T00:00:00Z,2023-01-09T19:00:00Z,-0.4322916666666548,SHORT,0.6152576264880957,0.0,M5_LATEST_CONFIRMED_OPPOSING_SWING_ELSE_CONTROL,,M5_BROKEN_CONTROL_FIRST_RETEST,,False,497d71d300ed4b2f59a0535c6fbf49735b65c61e4d0cabadde662dfd2450c2a7,,,2023_01,0.0,0.4322916666666548,TARGET,2023-01-09T19:17:00Z,NO_FILL,8a5a84d86f0a5bbf3dcfdb6040384be2cb954b3b3daf17b7475b0199994c2efe,,TARGET_BEFORE_RETEST,2023-01-09T19:25:00Z,,1874.17,False,False,INITIAL_CONFIRMATION_TARGET,6ada2b9b5ce90f21c2e1de2e62ead31d362947436a91f1bbe98e2f206b4d44a2,0575e60d8817c3712fa8049917f8d74e0ecee0c9669a614a9c434106111b031d,1878.5851785714285,1.7035714285714059,0.0851785714285703,,M5_LATEST_CONFIRMED_OPPOSING_SWING_ELSE_CONTROL,True,7ac091596de37ce7f1ce1fb1f6a18fadb946fd964f4cff446b540e41be5aeaa0,2023-01-09T19:05:00Z,1878.5,1870.54,2396a6d394a8ef4714c5d9416bf2d45c5c399b784deff081e62628bfa8cef984
2a4394af2ee37d729d737aeac44aa4ef05375f8adc9fe06b48c4899c59feb147,1874.17,2023-01-09T19:10:00Z,83f7ad098291cb5a7db7ab4cdaae704c26741328a073f704ff8129014a8c4e1f,2023-01-09T19:10:00Z,1873.86,1881.54,2023-02-01T00:00:00Z,2023-01-09T19:00:00Z,-0.4322916666666548,SHORT,1.0,0.0,CONTROL_V2_FILLED_STOP,,M5_BROKEN_CONTROL_FIRST_RETEST,,False,5bcb249bd1be616afae69f73862b1a4453349a14d9de8be139ecd8cf8482acc9,,,2023_01,0.0,0.4322916666666548,TARGET,2023-01-09T19:17:00Z,NO_FILL,29943cadb5f1914f87aed87337ff5a9e2935d7e7694dcaef4f368e831e59671a,,TARGET_BEFORE_RETEST,2023-01-09T19:25:00Z,,1874.17,False,False,INITIAL_CONFIRMATION_TARGET,bc162b1c5e8bf60a3148cb40805381d87ad0da95606f92684cff902fe6afa54b,0575e60d8817c3712fa8049917f8d74e0ecee0c9669a614a9c434106111b031d,1881.54,2.9035714285714027,0.14517857142857013,NOT_STRICTLY_CLOSER_THAN_CONTROL,M15_LATEST_CONFIRMED_OPPOSING_SWING_ELSE_CONTROL,False,0335344b825372a512aaf5c55b2862d7cc78e893007bce908ba83faff1cd3e9e,2023-01-09T17:30:00Z,1881.54,1870.54,2396a6d394a8ef4714c5d9416bf2d45c5c399b784deff081e62628bfa8cef984
2a4394af2ee37d729d737aeac44aa4ef05375f8adc9fe06b48c4899c59feb147,1874.17,2023-01-09T19:10:00Z,83f7ad098291cb5a7db7ab4cdaae704c26741328a073f704ff8129014a8c4e1f,2023-01-09T19:10:00Z,1873.86,1881.54,2023-02-01T00:00:00Z,2023-01-09T19:00:00Z,-0.4322916666666548,SHORT,1.0,0.0,CONTROL_V2_FILLED_STOP,,M5_BROKEN_CONTROL_FIRST_RETEST,,False,d34d803bf09e6a371605389151f0723095ca0a4d5b86d6ad51a65d671b12661e,,,2023_01,0.0,0.4322916666666548,TARGET,2023-01-09T19:17:00Z,NO_FILL,5d17f47c2a62b51508740b073a9cb532664260f81a6354b5c965c1b407f9fd43,,TARGET_BEFORE_RETEST,2023-01-09T19:25:00Z,,1874.17,False,False,INITIAL_CONFIRMATION_TARGET,c6fe0a23dfcd30c5289472c3429429f4f510f1b481a7180f50e54fce0d3ff5e2,0575e60d8817c3712fa8049917f8d74e0ecee0c9669a614a9c434106111b031d,1881.54,4.280714285714306,0.21403571428571533,NOT_STRICTLY_CLOSER_THAN_CONTROL,H1_SOURCE_SWING_BUFFERED_ELSE_CONTROL,False,0575e60d8817c3712fa8049917f8d74e0ecee0c9669a614a9c434106111b031d,2023-01-09T19:00:00Z,1881.54,1870.54,2396a6d394a8ef4714c5d9416bf2d45c5c399b784deff081e62628bfa8cef984
2a4394af2ee37d729d737aeac44aa4ef05375f8adc9fe06b48c4899c59feb147,1874.17,2023-01-09T19:10:00Z,83f7ad098291cb5a7db7ab4cdaae704c26741328a073f704ff8129014a8c4e1f,2023-01-09T19:10:00Z,1873.86,1881.54,2023-02-01T00:00:00Z,2023-01-09T19:00:00Z,-0.3242187499999911,SHORT,1.0,5.403645833333185,CONTROL_V2_FILLED_STOP,2023-01-09T19:10:00Z,CONFIRMED_25_75_RETEST_SPLIT,1873.86,True,ceac95eff75cf7b96091412d78a8552eb8dee745e1e24f1d406cb901da3641a4,0.00488281250000292,0.11002604166666191,2023_01,0.1080729166666637,0.4322916666666548,TARGET,2023-01-09T19:17:00Z,SPLIT_CONTROL_TARGET_NO_RETEST,b91f19ab6a5516bef728aae8ac21c4035b428d5c18d22403730a1fca6fba01d4,2023-01-09T19:17:00Z,TARGET_BEFORE_RETEST,2023-01-09T19:25:00Z,,1874.17,False,False,INITIAL_CONFIRMATION_TARGET,266ba9cf41929e563f54d94561863bdac877172e9101b9922cded3267d07728f,0575e60d8817c3712fa8049917f8d74e0ecee0c9669a614a9c434106111b031d,1881.54,,,,CONTROL_V2_FILLED_STOP,False,,2023-01-09T19:10:00Z,1881.54,1870.54,2396a6d394a8ef4714c5d9416bf2d45c5c399b784deff081e62628bfa8cef984
2a4394af2ee37d729d737aeac44aa4ef05375f8adc9fe06b48c4899c59feb147,1874.17,2023-01-09T19:10:00Z,83f7ad098291cb5a7db7ab4cdaae704c26741328a073f704ff8129014a8c4e1f,2023-01-09T19:10:00Z,1873.86,1881.54,2023-02-01T00:00:00Z,2023-01-09T19:00:00Z,-0.25663692950631056,SHORT,0.6152576264880957,8.782736858017213,M5_LATEST_CONFIRMED_OPPOSING_SWING_ELSE_CONTROL,2023-01-09T19:10:00Z,CONFIRMED_25_75_RETEST_SPLIT,1873.86,True,497d71d300ed4b2f59a0535c6fbf49735b65c61e4d0cabadde662dfd2450c2a7,0.007936208004237385,0.17882922036203439,2023_01,0.17565473716034424,0.4322916666666548,TARGET,2023-01-09T19:17:00Z,SPLIT_CONTROL_TARGET_NO_RETEST,d9e0db800a534c47b94a2e0e47fff25167ac8bad8c289a23915cc7385ba6d807,2023-01-09T19:17:00Z,TARGET_BEFORE_RETEST,2023-01-09T19:25:00Z,,1874.17,False,False,INITIAL_CONFIRMATION_TARGET,1817be23bed2c84dc9e7d559c9ce04bf4b54ca16d5c92965fd460373aafa459f,0575e60d8817c3712fa8049917f8d74e0ecee0c9669a614a9c434106111b031d,1878.5851785714285,1.7035714285714059,0.0851785714285703,,M5_LATEST_CONFIRMED_OPPOSING_SWING_ELSE_CONTROL,True,7ac091596de37ce7f1ce1fb1f6a18fadb946fd964f4cff446b540e41be5aeaa0,2023-01-09T19:05:00Z,1878.5,1870.54,2396a6d394a8ef4714c5d9416bf2d45c5c399b784deff081e62628bfa8cef984
2a4394af2ee37d729d737aeac44aa4ef05375f8adc9fe06b48c4899c59feb147,1874.17,2023-01-09T19:10:00Z,83f7ad098291cb5a7db7ab4cdaae704c26741328a073f704ff8129014a8c4e1f,2023-01-09T19:10:00Z,1873.86,1881.54,2023-02-01T00:00:00Z,2023-01-09T19:00:00Z,-0.3242187499999911,SHORT,1.0,5.403645833333185,CONTROL_V2_FILLED_STOP,2023-01-09T19:10:00Z,CONFIRMED_25_75_RETEST_SPLIT,1873.86,True,5bcb249bd1be616afae69f73862b1a4453349a14d9de8be139ecd8cf8482acc9,0.00488281250000292,0.11002604166666191,2023_01,0.1080729166666637,0.4322916666666548,TARGET,2023-01-09T19:17:00Z,SPLIT_CONTROL_TARGET_NO_RETEST,7e32dc449ca49500a52bc255f45e5093f4a1fd790b354af1c207210ff59ee0c2,2023-01-09T19:17:00Z,TARGET_BEFORE_RETEST,2023-01-09T19:25:00Z,,1874.17,False,False,INITIAL_CONFIRMATION_TARGET,859d15e53603b9fec0d5a243c2a09e506e7a8f40c3092fa267f9f9fcb01f374c,0575e60d8817c3712fa8049917f8d74e0ecee0c9669a614a9c434106111b031d,1881.54,2.9035714285714027,0.14517857142857013,NOT_STRICTLY_CLOSER_THAN_CONTROL,M15_LATEST_CONFIRMED_OPPOSING_SWING_ELSE_CONTROL,False,0335344b825372a512aaf5c55b2862d7cc78e893007bce908ba83faff1cd3e9e,2023-01-09T17:30:00Z,1881.54,1870.54,2396a6d394a8ef4714c5d9416bf2d45c5c399b784deff081e62628bfa8cef984
2a4394af2ee37d729d737aeac44aa4ef05375f8adc9fe06b48c4899c59feb147,1874.17,2023-01-09T19:10:00Z,83f7ad098291cb5a7db7ab4cdaae704c26741328a073f704ff8129014a8c4e1f,2023-01-09T19:10:00Z,1873.86,1881.54,2023-02-01T00:00:00Z,2023-01-09T19:00:00Z,-0.3242187499999911,SHORT,1.0,5.403645833333185,CONTROL_V2_FILLED_STOP,2023-01-09T19:10:00Z,CONFIRMED_25_75_RETEST_SPLIT,1873.86,True,d34d803bf09e6a371605389151f0723095ca0a4d5b86d6ad51a65d671b12661e,0.00488281250000292,0.11002604166666191,2023_01,0.1080729166666637,0.4322916666666548,TARGET,2023-01-09T19:17:00Z,SPLIT_CONTROL_TARGET_NO_RETEST,586a7874cc5409d0eb55fa60aa4df180a728ddde28f9b518c05c09ba1c5942f9,2023-01-09T19:17:00Z,TARGET_BEFORE_RETEST,2023-01-09T19:25:00Z,,1874.17,False,False,INITIAL_CONFIRMATION_TARGET,3b6c7c448e643f504d6e14c785fd82b6ebb4976441979fc4e74e1fe80c17d478,0575e60d8817c3712fa8049917f8d74e0ecee0c9669a614a9c434106111b031d,1881.54,4.280714285714306,0.21403571428571533,NOT_STRICTLY_CLOSER_THAN_CONTROL,H1_SOURCE_SWING_BUFFERED_ELSE_CONTROL,False,0575e60d8817c3712fa8049917f8d74e0ecee0c9669a614a9c434106111b031d,2023-01-09T19:00:00Z,1881.54,1870.54,2396a6d394a8ef4714c5d9416bf2d45c5c399b784deff081e62628bfa8cef984
ec4482aa282a0e1467050151012142f042b1b2fa0bd09bc109ed1cce5c0ce783,1869.76,2023-01-10T03:05:00Z,f9104431e499e39418202dfb66a315949807b85360d69f80bb9e3e2940bc7610,2023-01-10T03:05:00Z,1870.17,1867.85,2023-02-01T00:00:00Z,2023-01-09T22:00:00Z,0.0,LONG,1.0,245.0431034482562,CONTROL_V2_FILLED_STOP,2023-01-10T03:05:00Z,CONTROL_NEXT_M1_OPEN,1870.17,True,ebd5906db16253cb0a1c4ac5bdb728a45de275d3a5e810974e7180feca60e0d4,0.06896551724140973,5.198275862068575,2023_01,4.900862068965124,4.900862068965124,TARGET,2023-01-11T07:35:00Z,TARGET,9429b5a336b105d11134024c8d2ed9d2de17d6d6f7d871567fd545229b02152c,2023-01-11T07:35:00Z,RETEST_EXPIRED,2023-01-10T03:20:00Z,,1869.76,False,False,RECLAIM_CONFIRMATION_TARGET,48a2c30b49304ddf996b108377b14684322488f021d130346193ba8994c0b7a6,926830cdbd9eba5f722d64b7f21695d37535a9ed1cccbff2029a9abba85a78be,1867.85,,,,CONTROL_V2_FILLED_STOP,False,,2023-01-10T03:05:00Z,1867.85,1881.54,2bc063f880ae827135ec96810079223ed45a4e28fdf02ef76897dd4ab04ca2ba
ec4482aa282a0e1467050151012142f042b1b2fa0bd09bc109ed1cce5c0ce783,1869.76,2023-01-10T03:05:00Z,f9104431e499e39418202dfb66a315949807b85360d69f80bb9e3e2940bc7610,2023-01-10T03:05:00Z,1870.17,1867.85,2023-02-01T00:00:00Z,2023-01-09T22:00:00Z,0.7892183599891709,LONG,0.8612992610836943,284.50402144771476,M5_LATEST_CONFIRMED_OPPOSING_SWING_ELSE_CONTROL,2023-01-10T03:05:00Z,CONTROL_NEXT_M1_OPEN,1870.17,True,5f33b56f5225ee146b8d8b0af3f8b4089ba700e4ed148990883b9ab3f10dcb1c,0.080071492403972,6.035388739946275,2023_01,5.690080428954295,4.900862068965124,TARGET,2023-01-11T07:35:00Z,TARGET,f52e757a45b407ef718a59adecbb8d859fa19edbd7f4c894da7493fbffe3f330,2023-01-11T07:35:00Z,RETEST_EXPIRED,2023-01-10T03:20:00Z,,1869.76,False,False,RECLAIM_CONFIRMATION_TARGET,1d0978564af9a7468e798889400566dc8805a3308b28ce7ff15420a2ab59910a,926830cdbd9eba5f722d64b7f21695d37535a9ed1cccbff2029a9abba85a78be,1868.1717857142858,0.9642857142857143,0.048214285714285716,,M5_LATEST_CONFIRMED_OPPOSING_SWING_ELSE_CONTROL,True,b70f789b423cab1885b9b188e53ea8201fa4e78acd1c451b5843c1788792fec7,2023-01-10T02:55:00Z,1868.22,1881.54,2bc063f880ae827135ec96810079223ed45a4e28fdf02ef76897dd4ab04ca2ba
ec4482aa282a0e1467050151012142f042b1b2fa0bd09bc109ed1cce5c0ce783,1869.76,2023-01-10T03:05:00Z,f9104431e499e39418202dfb66a315949807b85360d69f80bb9e3e2940bc7610,2023-01-10T03:05:00Z,1870.17,1867.85,2023-02-01T00:00:00Z,2023-01-09T22:00:00Z,0.0,LONG,1.0,245.0431034482562,CONTROL_V2_FILLED_STOP,2023-01-10T03:05:00Z,CONTROL_NEXT_M1_OPEN,1870.17,True,de2971b400f30608d834b02dc5e256175122334c1bedf8aac116f63d65ca1ca8,0.06896551724140973,5.198275862068575,2023_01,4.900862068965124,4.900862068965124,TARGET,2023-01-11T07:35:00Z,TARGET,c5e8388c4fbee20d5fbed59e031d5e510ad9387cabe8547a1a2062f866e7a085,2023-01-11T07:35:00Z,RETEST_EXPIRED,2023-01-10T03:20:00Z,,1869.76,False,False,RECLAIM_CONFIRMATION_TARGET,d0816010d468363ada9c665f8c1bbe1ec3f7e91e572ecf0f6533838645c3babc,926830cdbd9eba5f722d64b7f21695d37535a9ed1cccbff2029a9abba85a78be,1867.85,1.5778571428571533,0.07889285714285767,NOT_STRICTLY_CLOSER_THAN_CONTROL,M15_LATEST_CONFIRMED_OPPOSING_SWING_ELSE_CONTROL,False,c2681d1a99bd7bed16ed319767dbe5e63a811bd003f9f3428998072e0d660d91,2023-01-10T03:00:00Z,1867.87,1881.54,2bc063f880ae827135ec96810079223ed45a4e28fdf02ef76897dd4ab04ca2ba
ec4482aa282a0e1467050151012142f042b1b2fa0bd09bc109ed1cce5c0ce783,1869.76,2023-01-10T03:05:00Z,f9104431e499e39418202dfb66a315949807b85360d69f80bb9e3e2940bc7610,2023-01-10T03:05:00Z,1870.17,1867.85,2023-02-01T00:00:00Z,2023-01-09T22:00:00Z,3.8072535797117917,LONG,0.5627924876847203,435.4057824338458,H1_SOURCE_SWING_BUFFERED_ELSE_CONTROL,2023-01-10T03:05:00Z,CONTROL_NEXT_M1_OPEN,1870.17,True,956d80ccf988fce53dba0d62ba0dd1e02ea3d3f88b8f1a5b73ee55f2dbb6214c,0.12254164501222804,9.236576492791922,2023_01,8.708115648676916,4.900862068965124,TARGET,2023-01-11T07:35:00Z,TARGET,1c4b2085e59670af0891fe8e3634fabaab9c5b603a37339e9a1d843140a01be7,2023-01-11T07:35:00Z,RETEST_EXPIRED,2023-01-10T03:20:00Z,,1869.76,False,False,RECLAIM_CONFIRMATION_TARGET,18094ff0ca8b66d9ee96998687d21aaa14a8fbfa6093971fbfb0d9a133c962a1,926830cdbd9eba5f722d64b7f21695d37535a9ed1cccbff2029a9abba85a78be,1868.8643214285714,4.913571428571474,0.24567857142857374,,H1_SOURCE_SWING_BUFFERED_ELSE_CONTROL,True,926830cdbd9eba5f722d64b7f21695d37535a9ed1cccbff2029a9abba85a78be,2023-01-09T22:00:00Z,1869.11,1881.54,2bc063f880ae827135ec96810079223ed45a4e28fdf02ef76897dd4ab04ca2ba
ec4482aa282a0e1467050151012142f042b1b2fa0bd09bc109ed1cce5c0ce783,1869.76,2023-01-10T03:05:00Z,f9104431e499e39418202dfb66a315949807b85360d69f80bb9e3e2940bc7610,2023-01-10T03:05:00Z,1870.17,1867.85,2023-02-01T00:00:00Z,2023-01-09T22:00:00Z,-4.900862068965124,LONG,1.0,0.0,CONTROL_V2_FILLED_STOP,,M5_BROKEN_CONTROL_FIRST_RETEST,,False,ebd5906db16253cb0a1c4ac5bdb728a45de275d3a5e810974e7180feca60e0d4,,,2023_01,0.0,4.900862068965124,TARGET,2023-01-11T07:35:00Z,NO_FILL,af77a5d68b1345c9e2a6a47bd33e412200f04922e3b4fdb54b645eba558b6bde,,RETEST_EXPIRED,2023-01-10T03:20:00Z,,1869.76,False,False,RECLAIM_CONFIRMATION_TARGET,8351e177b87c7d8fa2edcbfab51cffc6470bd61c5965c060939274cef4983d77,926830cdbd9eba5f722d64b7f21695d37535a9ed1cccbff2029a9abba85a78be,1867.85,,,,CONTROL_V2_FILLED_STOP,False,,2023-01-10T03:05:00Z,1867.85,1881.54,2bc063f880ae827135ec96810079223ed45a4e28fdf02ef76897dd4ab04ca2ba
ec4482aa282a0e1467050151012142f042b1b2fa0bd09bc109ed1cce5c0ce783,1869.76,2023-01-10T03:05:00Z,f9104431e499e39418202dfb66a315949807b85360d69f80bb9e3e2940bc7610,2023-01-10T03:05:00Z,1870.17,1867.85,2023-02-01T00:00:00Z,2023-01-09T22:00:00Z,-4.900862068965124,LONG,0.8612992610836943,0.0,M5_LATEST_CONFIRMED_OPPOSING_SWING_ELSE_CONTROL,,M5_BROKEN_CONTROL_FIRST_RETEST,,False,5f33b56f5225ee146b8d8b0af3f8b4089ba700e4ed148990883b9ab3f10dcb1c,,,2023_01,0.0,4.900862068965124,TARGET,2023-01-11T07:35:00Z,NO_FILL,506a34892489ae62286d9dd9ce136dc1501ae906defb52eb103100f2a80df843,,RETEST_EXPIRED,2023-01-10T03:20:00Z,,1869.76,False,False,RECLAIM_CONFIRMATION_TARGET,5732b60b2ae41552a9dc17010cd2c54ccb9b2301e6425c182acb9ef966ad814c,926830cdbd9eba5f722d64b7f21695d37535a9ed1cccbff2029a9abba85a78be,1868.1717857142858,0.9642857142857143,0.048214285714285716,,M5_LATEST_CONFIRMED_OPPOSING_SWING_ELSE_CONTROL,True,b70f789b423cab1885b9b188e53ea8201fa4e78acd1c451b5843c1788792fec7,2023-01-10T02:55:00Z,1868.22,1881.54,2bc063f880ae827135ec96810079223ed45a4e28fdf02ef76897dd4ab04ca2ba
ec4482aa282a0e1467050151012142f042b1b2fa0bd09bc109ed1cce5c0ce783,1869.76,2023-01-10T03:05:00Z,f9104431e499e39418202dfb66a315949807b85360d69f80bb9e3e2940bc7610,2023-01-10T03:05:00Z,1870.17,1867.85,2023-02-01T00:00:00Z,2023-01-09T22:00:00Z,-4.900862068965124,LONG,1.0,0.0,CONTROL_V2_FILLED_STOP,,M5_BROKEN_CONTROL_FIRST_RETEST,,False,de2971b400f30608d834b02dc5e256175122334c1bedf8aac116f63d65ca1ca8,,,2023_01,0.0,4.900862068965124,TARGET,2023-01-11T07:35:00Z,NO_FILL,c6e67909cef5d128a3d7378b79e96f2dc73226f5c4aa3155aebc8e729a52a943,,RETEST_EXPIRED,2023-01-10T03:20:00Z,,1869.76,False,False,RECLAIM_CONFIRMATION_TARGET,4f5974a6e2d1533e4cb3b0ac304cf1427a5e0947718def0299557142828ac09d,926830cdbd9eba5f722d64b7f21695d37535a9ed1cccbff2029a9abba85a78be,1867.85,1.5778571428571533,0.07889285714285767,NOT_STRICTLY_CLOSER_THAN_CONTROL,M15_LATEST_CONFIRMED_OPPOSING_SWING_ELSE_CONTROL,False,c2681d1a99bd7bed16ed319767dbe5e63a811bd003f9f3428998072e0d660d91,2023-01-10T03:00:00Z,1867.87,1881.54,2bc063f880ae827135ec96810079223ed45a4e28fdf02ef76897dd4ab04ca2ba
ec4482aa282a0e1467050151012142f042b1b2fa0bd09bc109ed1cce5c0ce783,1869.76,2023-01-10T03:05:00Z,f9104431e499e39418202dfb66a315949807b85360d69f80bb9e3e2940bc7610,2023-01-10T03:05:00Z,1870.17,1867.85,2023-02-01T00:00:00Z,2023-01-09T22:00:00Z,-4.900862068965124,LONG,0.5627924876847203,0.0,H1_SOURCE_SWING_BUFFERED_ELSE_CONTROL,,M5_BROKEN_CONTROL_FIRST_RETEST,,False,956d80ccf988fce53dba0d62ba0dd1e02ea3d3f88b8f1a5b73ee55f2dbb6214c,,,2023_01,0.0,4.900862068965124,TARGET,2023-01-11T07:35:00Z,NO_FILL,26ced9a3e4c1cc254bcce994998996dc823168ff4eeace967d03910b1ab23877,,RETEST_EXPIRED,2023-01-10T03:20:00Z,,1869.76,False,False,RECLAIM_CONFIRMATION_TARGET,330af4037622980f355cb9bf8a911f4b04dbd7a6a1f006d10d4d666699a0d2b7,926830cdbd9eba5f722d64b7f21695d37535a9ed1cccbff2029a9abba85a78be,1868.8643214285714,4.913571428571474,0.24567857142857374,,H1_SOURCE_SWING_BUFFERED_ELSE_CONTROL,True,926830cdbd9eba5f722d64b7f21695d37535a9ed1cccbff2029a9abba85a78be,2023-01-09T22:00:00Z,1869.11,1881.54,2bc063f880ae827135ec96810079223ed45a4e28fdf02ef76897dd4ab04ca2ba
ec4482aa282a0e1467050151012142f042b1b2fa0bd09bc109ed1cce5c0ce783,1869.76,2023-01-10T03:05:00Z,f9104431e499e39418202dfb66a315949807b85360d69f80bb9e3e2940bc7610,2023-01-10T03:05:00Z,1870.17,1867.85,2023-02-01T00:00:00Z,2023-01-09T22:00:00Z,-3.675646551723843,LONG,1.0,61.26077586206405,CONTROL_V2_FILLED_STOP,2023-01-10T03:05:00Z,CONFIRMED_25_75_RETEST_SPLIT,1870.17,True,ebd5906db16253cb0a1c4ac5bdb728a45de275d3a5e810974e7180feca60e0d4,0.017241379310352432,1.2995689655171438,2023_01,1.225215517241281,4.900862068965124,TARGET,2023-01-11T07:35:00Z,SPLIT_CONTROL_TARGET_NO_RETEST,ae537ef7f1e3e5498674896e4f29b8820d96eff88d11141b811410b5a9a2f416,2023-01-11T07:35:00Z,RETEST_EXPIRED,2023-01-10T03:20:00Z,,1869.76,False,False,RECLAIM_CONFIRMATION_TARGET,4b9f81c5b5d3904a014b228cf02531ffa6601c9da2e7867d0802dd22ae8982a9,926830cdbd9eba5f722d64b7f21695d37535a9ed1cccbff2029a9abba85a78be,1867.85,,,,CONTROL_V2_FILLED_STOP,False,,2023-01-10T03:05:00Z,1867.85,1881.54,2bc063f880ae827135ec96810079223ed45a4e28fdf02ef76897dd4ab04ca2ba
ec4482aa282a0e1467050151012142f042b1b2fa0bd09bc109ed1cce5c0ce783,1869.76,2023-01-10T03:05:00Z,f9104431e499e39418202dfb66a315949807b85360d69f80bb9e3e2940bc7610,2023-01-10T03:05:00Z,1870.17,1867.85,2023-02-01T00:00:00Z,2023-01-09T22:00:00Z,-3.4783419617265503,LONG,0.8612992610836943,71.12600536192869,M5_LATEST_CONFIRMED_OPPOSING_SWING_ELSE_CONTROL,2023-01-10T03:05:00Z,CONFIRMED_25_75_RETEST_SPLIT,1870.17,True,5f33b56f5225ee146b8d8b0af3f8b4089ba700e4ed148990883b9ab3f10dcb1c,0.020017873100993,1.5088471849865688,2023_01,1.4225201072385738,4.900862068965124,TARGET,2023-01-11T07:35:00Z,SPLIT_CONTROL_TARGET_NO_RETEST,284bc218ccf3c89462232762e18103937a30c9b35e03e332a71ed71886052047,2023-01-11T07:35:00Z,RETEST_EXPIRED,2023-01-10T03:20:00Z,,1869.76,False,False,RECLAIM_CONFIRMATION_TARGET,fd2e79acf420d8c5da8deb8bb527f247e3d73126696cf4667dd5601ec923b824,926830cdbd9eba5f722d64b7f21695d37535a9ed1cccbff2029a9abba85a78be,1868.1717857142858,0.9642857142857143,0.048214285714285716,,M5_LATEST_CONFIRMED_OPPOSING_SWING_ELSE_CONTROL,True,b70f789b423cab1885b9b188e53ea8201fa4e78acd1c451b5843c1788792fec7,2023-01-10T02:55:00Z,1868.22,1881.54,2bc063f880ae827135ec96810079223ed45a4e28fdf02ef76897dd4ab04ca2ba
ec4482aa282a0e1467050151012142f042b1b2fa0bd09bc109ed1cce5c0ce783,1869.76,2023-01-10T03:05:00Z,f9104431e499e39418202dfb66a315949807b85360d69f80bb9e3e2940bc7610,2023-01-10T03:05:00Z,1870.17,1867.85,2023-02-01T00:00:00Z,2023-01-09T22:00:00Z,-3.675646551723843,LONG,1.0,61.26077586206405,CONTROL_V2_FILLED_STOP,2023-01-10T03:05:00Z,CONFIRMED_25_75_RETEST_SPLIT,1870.17,True,de2971b400f30608d834b02dc5e256175122334c1bedf8aac116f63d65ca1ca8,0.017241379310352432,1.2995689655171438,2023_01,1.225215517241281,4.900862068965124,TARGET,2023-01-11T07:35:00Z,SPLIT_CONTROL_TARGET_NO_RETEST,8fec57e89d87d96a0335fa0050252642074a45043f2da7dc46b7416ed9e97a1f,2023-01-11T07:35:00Z,RETEST_EXPIRED,2023-01-10T03:20:00Z,,1869.76,False,False,RECLAIM_CONFIRMATION_TARGET,6f28eb53c57ccda2c081712aa3b99ef634383f23bf4593fd58adde0b22dd5e6d,926830cdbd9eba5f722d64b7f21695d37535a9ed1cccbff2029a9abba85a78be,1867.85,1.5778571428571533,0.07889285714285767,NOT_STRICTLY_CLOSER_THAN_CONTROL,M15_LATEST_CONFIRMED_OPPOSING_SWING_ELSE_CONTROL,False,c2681d1a99bd7bed16ed319767dbe5e63a811bd003f9f3428998072e0d660d91,2023-01-10T03:00:00Z,1867.87,1881.54,2bc063f880ae827135ec96810079223ed45a4e28fdf02ef76897dd4ab04ca2ba
ec4482aa282a0e1467050151012142f042b1b2fa0bd09bc109ed1cce5c0ce783,1869.76,2023-01-10T03:05:00Z,f9104431e499e39418202dfb66a315949807b85360d69f80bb9e3e2940bc7610,2023-01-10T03:05:00Z,1870.17,1867.85,2023-02-01T00:00:00Z,2023-01-09T22:00:00Z,-2.7238331567958953,LONG,0.5627924876847203,108.85144560846145,H1_SOURCE_SWING_BUFFERED_ELSE_CONTROL,2023-01-10T03:05:00Z,CONFIRMED_25_75_RETEST_SPLIT,1870.17,True,956d80ccf988fce53dba0d62ba0dd1e02ea3d3f88b8f1a5b73ee55f2dbb6214c,0.03063541125305701,2.3091441231979806,2023_01,2.177028912169229,4.900862068965124,TARGET,2023-01-11T07:35:00Z,SPLIT_CONTROL_TARGET_NO_RETEST,0a091e66605412123bdcc4d53573116478d7b465b0dd735a95d0c14de2365529,2023-01-11T07:35:00Z,RETEST_EXPIRED,2023-01-10T03:20:00Z,,1869.76,False,False,RECLAIM_CONFIRMATION_TARGET,d2b3aac64b6f06d53d12663f7429c3b2d06352fa352d66fddb35c8c0273292e6,926830cdbd9eba5f722d64b7f21695d37535a9ed1cccbff2029a9abba85a78be,1868.8643214285714,4.913571428571474,0.24567857142857374,,H1_SOURCE_SWING_BUFFERED_ELSE_CONTROL,True,926830cdbd9eba5f722d64b7f21695d37535a9ed1cccbff2029a9abba85a78be,2023-01-09T22:00:00Z,1869.11,1881.54,2bc063f880ae827135ec96810079223ed45a4e28fdf02ef76897dd4ab04ca2ba
4ad1ba26c44d29e8a2091e5ecfb28e32f5fc641b4692f2ce47d9478d6afaaf87,1871.8,2023-01-10T06:10:00Z,eb55ae79ac607bfc63ecde24c81375e2d3cf9a562b259581dbeeb78741424ca0,2023-01-10T06:10:00Z,1871.18,1876.02,2023-02-01T00:00:00Z,2023-01-10T06:00:00Z,0.0,SHORT,1.0,-50.0,CONTROL_V2_FILLED_STOP,2023-01-10T06:10:00Z,CONTROL_NEXT_M1_OPEN,1871.18,True,4b8e7f15ad3deb732bb696a2678d0b1bd3fce6c52a64f8f95ad2f01dd2f312c7,1.0537190082644619,0.11363636363635617,2023_01,-1.0,-1.0,STOP,2023-01-10T10:56:00Z,STOP,5b82a64da342040ae680fe4789ee345c5ed96a06903d671cb611fe0853ac0837,2023-01-10T10:56:00Z,RETEST_EXPIRED,2023-01-10T06:25:00Z,,1871.8,False,False,INITIAL_CONFIRMATION_STOP,31e041013d5d64af7578cf6c06440fbc090f45b941f616de57bb1ab3b70fdd94,1912c6d16ac265fdf96795db1cc202c29b5d0cdcb0925472345bc228d1e7b70e,1876.02,,,,CONTROL_V2_FILLED_STOP,False,,2023-01-10T06:10:00Z,1876.02,1867.87,6921877afdac730fc40e31d34ebf40df61644268c90260dd6efc2f2e54f305a8
4ad1ba26c44d29e8a2091e5ecfb28e32f5fc641b4692f2ce47d9478d6afaaf87,1871.8,2023-01-10T06:10:00Z,eb55ae79ac607bfc63ecde24c81375e2d3cf9a562b259581dbeeb78741424ca0,2023-01-10T06:10:00Z,1871.18,1876.02,2023-02-01T00:00:00Z,2023-01-10T06:00:00Z,0.0,SHORT,0.4736275088547806,-50.0,M5_LATEST_CONFIRMED_OPPOSING_SWING_ELSE_CONTROL,2023-01-10T06:10:00Z,CONTROL_NEXT_M1_OPEN,1871.18,True,55a42337ad041bc52232c616dae5b55aa90fdeb80a51ddb96af1086341cc69b2,1.0687688904122794,0.18321752407070482,2023_01,-1.0,-1.0,STOP,2023-01-10T10:56:00Z,STOP,9e8ec61920bfc7ee67eb02304b682c1e75d3af15704406a2619e981a0377c68d,2023-01-10T07:30:00Z,RETEST_EXPIRED,2023-01-10T06:25:00Z,,1871.8,False,False,INITIAL_CONFIRMATION_STOP,9a569a26066236a4bbcd1e8933a18c6434c07f361b89fd1d73fdece5c82abe7f,1912c6d16ac265fdf96795db1cc202c29b5d0cdcb0925472345bc228d1e7b70e,1873.4723571428572,0.8471428571428825,0.04235714285714413,,M5_LATEST_CONFIRMED_OPPOSING_SWING_ELSE_CONTROL,True,81b12ad3f8991b927ec2b0b6a5819e97995936936bc25b748d5dcdf2cf3e322e,2023-01-10T06:05:00Z,1873.43,1867.87,6921877afdac730fc40e31d34ebf40df61644268c90260dd6efc2f2e54f305a8
4ad1ba26c44d29e8a2091e5ecfb28e32f5fc641b4692f2ce47d9478d6afaaf87,1871.8,2023-01-10T06:10:00Z,eb55ae79ac607bfc63ecde24c81375e2d3cf9a562b259581dbeeb78741424ca0,2023-01-10T06:10:00Z,1871.18,1876.02,2023-02-01T00:00:00Z,2023-01-10T06:00:00Z,0.0,SHORT,0.5858840023612942,-50.0,M15_LATEST_CONFIRMED_OPPOSING_SWING_ELSE_CONTROL,2023-01-10T06:10:00Z,CONTROL_NEXT_M1_OPEN,1871.18,True,ef299796fed6d0e3d62d6c205f6dfe80646aec8610f61c89486355d67ea117e9,1.0438418619881826,0.14811269663348217,2023_01,-1.0,-1.0,STOP,2023-01-10T10:56:00Z,STOP,5170c1aae7b67916806cab3a5bee52c7635840ae00a13da119800ca42720a7c4,2023-01-10T07:33:00Z,RETEST_EXPIRED,2023-01-10T06:25:00Z,,1871.8,False,False,INITIAL_CONFIRMATION_STOP,3151e5d9ccddf894be7123a9dd4376427db943dd27e362bcb280d60345b4c9ec,1912c6d16ac265fdf96795db1cc202c29b5d0cdcb0925472345bc228d1e7b70e,1874.0156785714287,1.9135714285714585,0.09567857142857293,,M15_LATEST_CONFIRMED_OPPOSING_SWING_ELSE_CONTROL,True,086e064d41a79972fdc40e2e46de705ca148b1e7798f55bb2f542ca847f05e2e,2023-01-10T06:00:00Z,1873.92,1867.87,6921877afdac730fc40e31d34ebf40df61644268c90260dd6efc2f2e54f305a8
4ad1ba26c44d29e8a2091e5ecfb28e32f5fc641b4692f2ce47d9478d6afaaf87,1871.8,2023-01-10T06:10:00Z,eb55ae79ac607bfc63ecde24c81375e2d3cf9a562b259581dbeeb78741424ca0,2023-01-10T06:10:00Z,1871.18,1876.02,2023-02-01T00:00:00Z,2023-01-10T06:00:00Z,0.0,SHORT,1.0,-50.0,CONTROL_V2_FILLED_STOP,2023-01-10T06:10:00Z,CONTROL_NEXT_M1_OPEN,1871.18,True,6618912ae5ce1f5cc257286ab679479eda43d1d9a5784b7fd9af21e0581a0ef2,1.0537190082644619,0.11363636363635617,2023_01,-1.0,-1.0,STOP,2023-01-10T10:56:00Z,STOP,312d34c0b733d978a9764e18b169d155e430642fca6d430130210f788fa9cf54,2023-01-10T10:56:00Z,RETEST_EXPIRED,2023-01-10T06:25:00Z,,1871.8,False,False,INITIAL_CONFIRMATION_STOP,7cf601a218dd92c510bfe1a725382608ce292d7b73bcc02191919c6c27d94bbc,1912c6d16ac265fdf96795db1cc202c29b5d0cdcb0925472345bc228d1e7b70e,1876.02,5.104285714285766,0.2552142857142883,NOT_STRICTLY_CLOSER_THAN_CONTROL,H1_SOURCE_SWING_BUFFERED_ELSE_CONTROL,False,1912c6d16ac265fdf96795db1cc202c29b5d0cdcb0925472345bc228d1e7b70e,2023-01-10T06:00:00Z,1876.02,1867.87,6921877afdac730fc40e31d34ebf40df61644268c90260dd6efc2f2e54f305a8
4ad1ba26c44d29e8a2091e5ecfb28e32f5fc641b4692f2ce47d9478d6afaaf87,1871.8,2023-01-10T06:10:00Z,eb55ae79ac607bfc63ecde24c81375e2d3cf9a562b259581dbeeb78741424ca0,2023-01-10T06:10:00Z,1871.18,1876.02,2023-02-01T00:00:00Z,2023-01-10T06:00:00Z,1.0,SHORT,1.0,0.0,CONTROL_V2_FILLED_STOP,,M5_BROKEN_CONTROL_FIRST_RETEST,,False,4b8e7f15ad3deb732bb696a2678d0b1bd3fce6c52a64f8f95ad2f01dd2f312c7,,,2023_01,0.0,-1.0,STOP,2023-01-10T10:56:00Z,NO_FILL,4d7d10bc50ef5aeb1d72b2880162ab2fc657fe579e1fa5af20db82b99b1bff02,,RETEST_EXPIRED,2023-01-10T06:25:00Z,,1871.8,False,False,INITIAL_CONFIRMATION_STOP,3ceab86e96ef2c9db20e20e795d4e43ed50190443434713638cbf98a9f4ee018,1912c6d16ac265fdf96795db1cc202c29b5d0cdcb0925472345bc228d1e7b70e,1876.02,,,,CONTROL_V2_FILLED_STOP,False,,2023-01-10T06:10:00Z,1876.02,1867.87,6921877afdac730fc40e31d34ebf40df61644268c90260dd6efc2f2e54f305a8
4ad1ba26c44d29e8a2091e5ecfb28e32f5fc641b4692f2ce47d9478d6afaaf87,1871.8,2023-01-10T06:10:00Z,eb55ae79ac607bfc63ecde24c81375e2d3cf9a562b259581dbeeb78741424ca0,2023-01-10T06:10:00Z,1871.18,1876.02,2023-02-01T00:00:00Z,2023-01-10T06:00:00Z,1.0,SHORT,0.4736275088547806,0.0,M5_LATEST_CONFIRMED_OPPOSING_SWING_ELSE_CONTROL,,M5_BROKEN_CONTROL_FIRST_RETEST,,False,55a42337ad041bc52232c616dae5b55aa90fdeb80a51ddb96af1086341cc69b2,,,2023_01,0.0,-1.0,STOP,2023-01-10T10:56:00Z,NO_FILL,8b91a9b85898dc12e892ae7ce153503a7b10d7f881b3316ec3c26ad3edde7ffb,,RETEST_EXPIRED,2023-01-10T06:25:00Z,,1871.8,False,False,INITIAL_CONFIRMATION_STOP,ec653c9ace8c2571a91f16083a1e319494808b3eb2c07741f1a438921f0ad600,1912c6d16ac265fdf96795db1cc202c29b5d0cdcb0925472345bc228d1e7b70e,1873.4723571428572,0.8471428571428825,0.04235714285714413,,M5_LATEST_CONFIRMED_OPPOSING_SWING_ELSE_CONTROL,True,81b12ad3f8991b927ec2b0b6a5819e97995936936bc25b748d5dcdf2cf3e322e,2023-01-10T06:05:00Z,1873.43,1867.87,6921877afdac730fc40e31d34ebf40df61644268c90260dd6efc2f2e54f305a8
4ad1ba26c44d29e8a2091e5ecfb28e32f5fc641b4692f2ce47d9478d6afaaf87,1871.8,2023-01-10T06:10:00Z,eb55ae79ac607bfc63ecde24c81375e2d3cf9a562b259581dbeeb78741424ca0,2023-01-10T06:10:00Z,1871.18,1876.02,2023-02-01T00:00:00Z,2023-01-10T06:00:00Z,1.0,SHORT,0.5858840023612942,0.0,M15_LATEST_CONFIRMED_OPPOSING_SWING_ELSE_CONTROL,,M5_BROKEN_CONTROL_FIRST_RETEST,,False,ef299796fed6d0e3d62d6c205f6dfe80646aec8610f61c89486355d67ea117e9,,,2023_01,0.0,-1.0,STOP,2023-01-10T10:56:00Z,NO_FILL,f63d08a450594587465fb1e55e68caa1d2c05b0a14d024d9e5c91dc773bf31a8,,RETEST_EXPIRED,2023-01-10T06:25:00Z,,1871.8,False,False,INITIAL_CONFIRMATION_STOP,80c9007b6a63954abb50a7f173556691f16e3cd2fa2485457b867356eea1e0a5,1912c6d16ac265fdf96795db1cc202c29b5d0cdcb0925472345bc228d1e7b70e,1874.0156785714287,1.9135714285714585,0.09567857142857293,,M15_LATEST_CONFIRMED_OPPOSING_SWING_ELSE_CONTROL,True,086e064d41a79972fdc40e2e46de705ca148b1e7798f55bb2f542ca847f05e2e,2023-01-10T06:00:00Z,1873.92,1867.87,6921877afdac730fc40e31d34ebf40df61644268c90260dd6efc2f2e54f305a8
4ad1ba26c44d29e8a2091e5ecfb28e32f5fc641b4692f2ce47d9478d6afaaf87,1871.8,2023-01-10T06:10:00Z,eb55ae79ac607bfc63ecde24c81375e2d3cf9a562b259581dbeeb78741424ca0,2023-01-10T06:10:00Z,1871.18,1876.02,2023-02-01T00:00:00Z,2023-01-10T06:00:00Z,1.0,SHORT,1.0,0.0,CONTROL_V2_FILLED_STOP,,M5_BROKEN_CONTROL_FIRST_RETEST,,False,6618912ae5ce1f5cc257286ab679479eda43d1d9a5784b7fd9af21e0581a0ef2,,,2023_01,0.0,-1.0,STOP,2023-01-10T10:56:00Z,NO_FILL,d6192aa4b457c15d1d4d8dbaace0d841edc51fc84129623118ce66be74422cf7,,RETEST_EXPIRED,2023-01-10T06:25:00Z,,1871.8,False,False,INITIAL_CONFIRMATION_STOP,bdbfb9db8f177fef1ccf72ed6ee34e61f5c76b760c345d989f36d4345ce82458,1912c6d16ac265fdf96795db1cc202c29b5d0cdcb0925472345bc228d1e7b70e,1876.02,5.104285714285766,0.2552142857142883,NOT_STRICTLY_CLOSER_THAN_CONTROL,H1_SOURCE_SWING_BUFFERED_ELSE_CONTROL,False,1912c6d16ac265fdf96795db1cc202c29b5d0cdcb0925472345bc228d1e7b70e,2023-01-10T06:00:00Z,1876.02,1867.87,6921877afdac730fc40e31d34ebf40df61644268c90260dd6efc2f2e54f305a8
4ad1ba26c44d29e8a2091e5ecfb28e32f5fc641b4692f2ce47d9478d6afaaf87,1871.8,2023-01-10T06:10:00Z,eb55ae79ac607bfc63ecde24c81375e2d3cf9a562b259581dbeeb78741424ca0,2023-01-10T06:10:00Z,1871.18,1876.02,2023-02-01T00:00:00Z,2023-01-10T06:00:00Z,0.75,SHORT,1.0,-12.5,CONTROL_V2_FILLED_STOP,2023-01-10T06:10:00Z,CONFIRMED_25_75_RETEST_SPLIT,1871.18,True,4b8e7f15ad3deb732bb696a2678d0b1bd3fce6c52a64f8f95ad2f01dd2f312c7,0.26342975206611546,0.02840909090908904,2023_01,-0.25,-1.0,STOP,2023-01-10T10:56:00Z,SPLIT_CONTROL_STOP_NO_RETEST,57f70b3766fab2c1d716d0f8e9d417cb3b2795d1900783b0deaf8d72edf20e37,2023-01-10T10:56:00Z,RETEST_EXPIRED,2023-01-10T06:25:00Z,,1871.8,False,False,INITIAL_CONFIRMATION_STOP,43b629bfeb9076942d9b2b16798673dc9591fb0d0370295e8ff56703a24b0e1d,1912c6d16ac265fdf96795db1cc202c29b5d0cdcb0925472345bc228d1e7b70e,1876.02,,,,CONTROL_V2_FILLED_STOP,False,,2023-01-10T06:10:00Z,1876.02,1867.87,6921877afdac730fc40e31d34ebf40df61644268c90260dd6efc2f2e54f305a8
4ad1ba26c44d29e8a2091e5ecfb28e32f5fc641b4692f2ce47d9478d6afaaf87,1871.8,2023-01-10T06:10:00Z,eb55ae79ac607bfc63ecde24c81375e2d3cf9a562b259581dbeeb78741424ca0,2023-01-10T06:10:00Z,1871.18,1876.02,2023-02-01T00:00:00Z,2023-01-10T06:00:00Z,0.75,SHORT,0.4736275088547806,-12.5,M5_LATEST_CONFIRMED_OPPOSING_SWING_ELSE_CONTROL,2023-01-10T06:10:00Z,CONFIRMED_25_75_RETEST_SPLIT,1871.18,True,55a42337ad041bc52232c616dae5b55aa90fdeb80a51ddb96af1086341cc69b2,0.26719222260306985,0.045804381017676206,2023_01,-0.25,-1.0,STOP,2023-01-10T10:56:00Z,SPLIT_CONTROL_STOP_NO_RETEST,8a0e2073463a934d63b056438ff30f4d58625c5fe02001d07b8bc6f999107c8d,2023-01-10T07:30:00Z,RETEST_EXPIRED,2023-01-10T06:25:00Z,,1871.8,False,False,INITIAL_CONFIRMATION_STOP,a4dc3268292640a04a60b2927fcadaf7ffd9bdd807a55f60d562c2eacd5b9b9d,1912c6d16ac265fdf96795db1cc202c29b5d0cdcb0925472345bc228d1e7b70e,1873.4723571428572,0.8471428571428825,0.04235714285714413,,M5_LATEST_CONFIRMED_OPPOSING_SWING_ELSE_CONTROL,True,81b12ad3f8991b927ec2b0b6a5819e97995936936bc25b748d5dcdf2cf3e322e,2023-01-10T06:05:00Z,1873.43,1867.87,6921877afdac730fc40e31d34ebf40df61644268c90260dd6efc2f2e54f305a8
4ad1ba26c44d29e8a2091e5ecfb28e32f5fc641b4692f2ce47d9478d6afaaf87,1871.8,2023-01-10T06:10:00Z,eb55ae79ac607bfc63ecde24c81375e2d3cf9a562b259581dbeeb78741424ca0,2023-01-10T06:10:00Z,1871.18,1876.02,2023-02-01T00:00:00Z,2023-01-10T06:00:00Z,0.75,SHORT,0.5858840023612942,-12.5,M15_LATEST_CONFIRMED_OPPOSING_SWING_ELSE_CONTROL,2023-01-10T06:10:00Z,CONFIRMED_25_75_RETEST_SPLIT,1871.18,True,ef299796fed6d0e3d62d6c205f6dfe80646aec8610f61c89486355d67ea117e9,0.26096046549704566,0.03702817415837054,2023_01,-0.25,-1.0,STOP,2023-01-10T10:56:00Z,SPLIT_CONTROL_STOP_NO_RETEST,1550455c6a2c9cdaad3d3418a067a68cdcff42bc7013311d4239d7e389bfe1ee,2023-01-10T07:33:00Z,RETEST_EXPIRED,2023-01-10T06:25:00Z,,1871.8,False,False,INITIAL_CONFIRMATION_STOP,5f50c1527e06ccee377fc88a01d5a45a112619878b89385f4dabd35d2badc3d2,1912c6d16ac265fdf96795db1cc202c29b5d0cdcb0925472345bc228d1e7b70e,1874.0156785714287,1.9135714285714585,0.09567857142857293,,M15_LATEST_CONFIRMED_OPPOSING_SWING_ELSE_CONTROL,True,086e064d41a79972fdc40e2e46de705ca148b1e7798f55bb2f542ca847f05e2e,2023-01-10T06:00:00Z,1873.92,1867.87,6921877afdac730fc40e31d34ebf40df61644268c90260dd6efc2f2e54f305a8
4ad1ba26c44d29e8a2091e5ecfb28e32f5fc641b4692f2ce47d9478d6afaaf87,1871.8,2023-01-10T06:10:00Z,eb55ae79ac607bfc63ecde24c81375e2d3cf9a562b259581dbeeb78741424ca0,2023-01-10T06:10:00Z,1871.18,1876.02,2023-02-01T00:00:00Z,2023-01-10T06:00:00Z,0.75,SHORT,1.0,-12.5,CONTROL_V2_FILLED_STOP,2023-01-10T06:10:00Z,CONFIRMED_25_75_RETEST_SPLIT,1871.18,True,6618912ae5ce1f5cc257286ab679479eda43d1d9a5784b7fd9af21e0581a0ef2,0.26342975206611546,0.02840909090908904,2023_01,-0.25,-1.0,STOP,2023-01-10T10:56:00Z,SPLIT_CONTROL_STOP_NO_RETEST,44a9e7cf70a797e47fa642f7814f8931001e0089d557c697d7f1be514b27426e,2023-01-10T10:56:00Z,RETEST_EXPIRED,2023-01-10T06:25:00Z,,1871.8,False,False,INITIAL_CONFIRMATION_STOP,a06de1f73e2f17b97b677d72540b440d961d450d9a78d801a0586de84262dc74,1912c6d16ac265fdf96795db1cc202c29b5d0cdcb0925472345bc228d1e7b70e,1876.02,5.104285714285766,0.2552142857142883,NOT_STRICTLY_CLOSER_THAN_CONTROL,H1_SOURCE_SWING_BUFFERED_ELSE_CONTROL,False,1912c6d16ac265fdf96795db1cc202c29b5d0cdcb0925472345bc228d1e7b70e,2023-01-10T06:00:00Z,1876.02,1867.87,6921877afdac730fc40e31d34ebf40df61644268c90260dd6efc2f2e54f305a8
fcadcd04091c12b2a7ba037a4df02676498645be837ee759137fecda54411d14,1873.68,2023-01-10T10:25:00Z,e2cee1c15122774729bc0736c97b280a619e4f282ba1aa5f20a0fbb8db78a78d,2023-01-10T10:25:00Z,1874.29,1870.6100000000001,2023-02-01T00:00:00Z,2023-01-10T09:00:00Z,0.0,LONG,1.0,23.50543478260999,CONTROL_V2_FILLED_STOP,2023-01-10T10:25:00Z,CONTROL_NEXT_M1_OPEN,1874.29,True,98e40e514c0b28fbb92588fb31dbadfacc87104c24a716cbc7778fa8f4de5a5e,0.40760869565219204,0.5407608695652439,2023_01,0.47010869565219976,0.47010869565219976,TARGET,2023-01-10T10:56:00Z,TARGET,85696ffff2e165dbeb7d763e32d6f9b10aeaaaf1e15ea4b9561f84fb32db3dc3,2023-01-10T10:56:00Z,FIRST_RETEST_FILLED,2023-01-10T10:40:00Z,2023-01-10T10:27:00Z,1873.68,True,False,RECLAIM_CONFIRMATION_TARGET,e1b27a8da659bf51f070c12359751fece0e5c3a133dadebaa571c88e93a2d092,3ccaa3f2c696c6ae0624ba1a1970c2e84056bfba8eecece3f410dc817fcd33db,1870.6100000000001,,,,CONTROL_V2_FILLED_STOP,False,,2023-01-10T10:25:00Z,1870.6100000000001,1876.02,1b0b4e9261bf2fb6f68911a4ce191a744b5e19409c1f873d441947130e41ef18
fcadcd04091c12b2a7ba037a4df02676498645be837ee759137fecda54411d14,1873.68,2023-01-10T10:25:00Z,e2cee1c15122774729bc0736c97b280a619e4f282ba1aa5f20a0fbb8db78a78d,2023-01-10T10:25:00Z,1874.29,1870.6100000000001,2023-02-01T00:00:00Z,2023-01-10T09:00:00Z,0.0,LONG,1.0,23.50543478260999,CONTROL_V2_FILLED_STOP,2023-01-10T10:25:00Z,CONTROL_NEXT_M1_OPEN,1874.29,True,765e0b6ff9f029d3dff26ac9c8ceb10ce245edfe16345f1c6eebabee87d522a6,0.40760869565219204,0.5407608695652439,2023_01,0.47010869565219976,0.47010869565219976,TARGET,2023-01-10T10:56:00Z,TARGET,9292155cba2e14f5aed549354fa8bce2cde3d9a722ac2fb964f7aff60efd3218,2023-01-10T10:56:00Z,FIRST_RETEST_FILLED,2023-01-10T10:40:00Z,2023-01-10T10:27:00Z,1873.68,True,False,RECLAIM_CONFIRMATION_TARGET,b88d40730d48627b6c1c67246d51d1779ba1ba77e62247ec6a6af165cc54df61,3ccaa3f2c696c6ae0624ba1a1970c2e84056bfba8eecece3f410dc817fcd33db,1870.6100000000001,1.335000000000004,0.0667500000000002,NOT_STRICTLY_CLOSER_THAN_CONTROL,M5_LATEST_CONFIRMED_OPPOSING_SWING_ELSE_CONTROL,False,d21cbebb5ffac8ed57f740129950cbdfc32a2171cdcb4e3855d42a5416ea99c7,2023-01-10T10:10:00Z,1870.66,1876.02,1b0b4e9261bf2fb6f68911a4ce191a744b5e19409c1f873d441947130e41ef18
fcadcd04091c12b2a7ba037a4df02676498645be837ee759137fecda54411d14,1873.68,2023-01-10T10:25:00Z,e2cee1c15122774729bc0736c97b280a619e4f282ba1aa5f20a0fbb8db78a78d,2023-01-10T10:25:00Z,1874.29,1870.6100000000001,2023-02-01T00:00:00Z,2023-01-10T09:00:00Z,0.0,LONG,1.0,23.50543478260999,CONTROL_V2_FILLED_STOP,2023-01-10T10:25:00Z,CONTROL_NEXT_M1_OPEN,1874.29,True,bf5e4dd07a033da60c29c474d262d9268b8150d6c96ce54ac081e9d57a451f6a,0.40760869565219204,0.5407608695652439,2023_01,0.47010869565219976,0.47010869565219976,TARGET,2023-01-10T10:56:00Z,TARGET,92e7678fe40b8e3fad3f1cb8a121e76396559a5670a303a0e4230e19e2987fca,2023-01-10T10:56:00Z,FIRST_RETEST_FILLED,2023-01-10T10:40:00Z,2023-01-10T10:27:00Z,1873.68,True,False,RECLAIM_CONFIRMATION_TARGET,2a68b8a540b605e740855cd8e44d397902724ef9c611f4c8d01a31b37b6cf3d5,3ccaa3f2c696c6ae0624ba1a1970c2e84056bfba8eecece3f410dc817fcd33db,1870.6100000000001,1.674999999999987,0.08374999999999935,NOT_STRICTLY_CLOSER_THAN_CONTROL,M15_LATEST_CONFIRMED_OPPOSING_SWING_ELSE_CONTROL,False,aa519a251eba969ad68c539507ec3c2b6655b7bd35864596bf1a4e20370ab364,2023-01-10T10:15:00Z,1870.63,1876.02,1b0b4e9261bf2fb6f68911a4ce191a744b5e19409c1f873d441947130e41ef18
fcadcd04091c12b2a7ba037a4df02676498645be837ee759137fecda54411d14,1873.68,2023-01-10T10:25:00Z,e2cee1c15122774729bc0736c97b280a619e4f282ba1aa5f20a0fbb8db78a78d,2023-01-10T10:25:00Z,1874.29,1870.6100000000001,2023-02-01T00:00:00Z,2023-01-10T09:00:00Z,0.0,LONG,1.0,23.50543478260999,CONTROL_V2_FILLED_STOP,2023-01-10T10:25:00Z,CONTROL_NEXT_M1_OPEN,1874.29,True,f2051c0896b94db1422fa539949b03409b545ac7ce273d95ea20fe4ab1037c45,0.40760869565219204,0.5407608695652439,2023_01,0.47010869565219976,0.47010869565219976,TARGET,2023-01-10T10:56:00Z,TARGET,17b4ccf48b2a3ff507780d1e4d94764ec70e7362913e3df71b709acc9b536ad0,2023-01-10T10:56:00Z,FIRST_RETEST_FILLED,2023-01-10T10:40:00Z,2023-01-10T10:27:00Z,1873.68,True,False,RECLAIM_CONFIRMATION_TARGET,de40ec91a518fb21020bcc169f76b6eda387751a461c37cf1c99080826569cfd,3ccaa3f2c696c6ae0624ba1a1970c2e84056bfba8eecece3f410dc817fcd33db,1870.6100000000001,4.559285714285774,0.2279642857142887,NOT_STRICTLY_CLOSER_THAN_CONTROL,H1_SOURCE_SWING_BUFFERED_ELSE_CONTROL,False,3ccaa3f2c696c6ae0624ba1a1970c2e84056bfba8eecece3f410dc817fcd33db,2023-01-10T09:00:00Z,1870.76,1876.02,1b0b4e9261bf2fb6f68911a4ce191a744b5e19409c1f873d441947130e41ef18
fcadcd04091c12b2a7ba037a4df02676498645be837ee759137fecda54411d14,1873.68,2023-01-10T10:25:00Z,e2cee1c15122774729bc0736c97b280a619e4f282ba1aa5f20a0fbb8db78a78d,2023-01-10T10:25:00Z,1874.29,1870.6100000000001,2023-02-01T00:00:00Z,2023-01-10T09:00:00Z,0.2921062880611444,LONG,1.0,38.11074918566721,CONTROL_V2_FILLED_STOP,2023-01-10T10:27:00Z,M5_BROKEN_CONTROL_FIRST_RETEST,1873.68,True,98e40e514c0b28fbb92588fb31dbadfacc87104c24a716cbc7778fa8f4de5a5e,0.28990228013033176,0.8469055374592713,2023_01,0.7622149837133442,0.47010869565219976,TARGET,2023-01-10T10:56:00Z,TARGET,13fa8f7964f6ed4b1c28d82aef8f4d93709380d3b4cf608f4acc162dc0ab0d5e,2023-01-10T10:56:00Z,FIRST_RETEST_FILLED,2023-01-10T10:40:00Z,2023-01-10T10:27:00Z,1873.68,True,True,RECLAIM_CONFIRMATION_TARGET,6791227209fc31fb33b94331ffccf3eb66d0680e663d84663647626095acc01f,3ccaa3f2c696c6ae0624ba1a1970c2e84056bfba8eecece3f410dc817fcd33db,1870.6100000000001,,,,CONTROL_V2_FILLED_STOP,False,,2023-01-10T10:25:00Z,1870.6100000000001,1876.02,1b0b4e9261bf2fb6f68911a4ce191a744b5e19409c1f873d441947130e41ef18
fcadcd04091c12b2a7ba037a4df02676498645be837ee759137fecda54411d14,1873.68,2023-01-10T10:25:00Z,e2cee1c15122774729bc0736c97b280a619e4f282ba1aa5f20a0fbb8db78a78d,2023-01-10T10:25:00Z,1874.29,1870.6100000000001,2023-02-01T00:00:00Z,2023-01-10T09:00:00Z,0.2921062880611444,LONG,1.0,38.11074918566721,CONTROL_V2_FILLED_STOP,2023-01-10T10:27:00Z,M5_BROKEN_CONTROL_FIRST_RETEST,1873.68,True,765e0b6ff9f029d3dff26ac9c8ceb10ce245edfe16345f1c6eebabee87d522a6,0.28990228013033176,0.8469055374592713,2023_01,0.7622149837133442,0.47010869565219976,TARGET,2023-01-10T10:56:00Z,TARGET,af7bac8e1a2166e1f025cb8b1dbb7a0373c0761285eb1ac028a0d6175b92223d,2023-01-10T10:56:00Z,FIRST_RETEST_FILLED,2023-01-10T10:40:00Z,2023-01-10T10:27:00Z,1873.68,True,True,RECLAIM_CONFIRMATION_TARGET,8d08986c90f06002602908f82834e06c0f9d652cabb9a279a567e1848402272c,3ccaa3f2c696c6ae0624ba1a1970c2e84056bfba8eecece3f410dc817fcd33db,1870.6100000000001,1.335000000000004,0.0667500000000002,NOT_STRICTLY_CLOSER_THAN_CONTROL,M5_LATEST_CONFIRMED_OPPOSING_SWING_ELSE_CONTROL,False,d21cbebb5ffac8ed57f740129950cbdfc32a2171cdcb4e3855d42a5416ea99c7,2023-01-10T10:10:00Z,1870.66,1876.02,1b0b4e9261bf2fb6f68911a4ce191a744b5e19409c1f873d441947130e41ef18
fcadcd04091c12b2a7ba037a4df02676498645be837ee759137fecda54411d14,1873.68,2023-01-10T10:25:00Z,e2cee1c15122774729bc0736c97b280a619e4f282ba1aa5f20a0fbb8db78a78d,2023-01-10T10:25:00Z,1874.29,1870.6100000000001,2023-02-01T00:00:00Z,2023-01-10T09:00:00Z,0.2921062880611444,LONG,1.0,38.11074918566721,CONTROL_V2_FILLED_STOP,2023-01-10T10:27:00Z,M5_BROKEN_CONTROL_FIRST_RETEST,1873.68,True,bf5e4dd07a033da60c29c474d262d9268b8150d6c96ce54ac081e9d57a451f6a,0.28990228013033176,0.8469055374592713,2023_01,0.7622149837133442,0.47010869565219976,TARGET,2023-01-10T10:56:00Z,TARGET,0de3c47c589428fb5c5e53f692e260ec2f94f49d3f805f5a80145ca8563d03f9,2023-01-10T10:56:00Z,FIRST_RETEST_FILLED,2023-01-10T10:40:00Z,2023-01-10T10:27:00Z,1873.68,True,True,RECLAIM_CONFIRMATION_TARGET,e9a030442500de578c3eec59b87126e1be058f6ee21a5a6fe52e6fd99febcb95,3ccaa3f2c696c6ae0624ba1a1970c2e84056bfba8eecece3f410dc817fcd33db,1870.6100000000001,1.674999999999987,0.08374999999999935,NOT_STRICTLY_CLOSER_THAN_CONTROL,M15_LATEST_CONFIRMED_OPPOSING_SWING_ELSE_CONTROL,False,aa519a251eba969ad68c539507ec3c2b6655b7bd35864596bf1a4e20370ab364,2023-01-10T10:15:00Z,1870.63,1876.02,1b0b4e9261bf2fb6f68911a4ce191a744b5e19409c1f873d441947130e41ef18
fcadcd04091c12b2a7ba037a4df02676498645be837ee759137fecda54411d14,1873.68,2023-01-10T10:25:00Z,e2cee1c15122774729bc0736c97b280a619e4f282ba1aa5f20a0fbb8db78a78d,2023-01-10T10:25:00Z,1874.29,1870.6100000000001,2023-02-01T00:00:00Z,2023-01-10T09:00:00Z,0.2921062880611444,LONG,1.0,38.11074918566721,CONTROL_V2_FILLED_STOP,2023-01-10T10:27:00Z,M5_BROKEN_CONTROL_FIRST_RETEST,1873.68,True,f2051c0896b94db1422fa539949b03409b545ac7ce273d95ea20fe4ab1037c45,0.28990228013033176,0.8469055374592713,2023_01,0.7622149837133442,0.47010869565219976,TARGET,2023-01-10T10:56:00Z,TARGET,5598d73765305980c928fceee2594e15e3561ef7fa39b3bd2be142c5d1f7b220,2023-01-10T10:56:00Z,FIRST_RETEST_FILLED,2023-01-10T10:40:00Z,2023-01-10T10:27:00Z,1873.68,True,True,RECLAIM_CONFIRMATION_TARGET,6301dadcfa99c0a3ca563047abbc47efffca252cc73c9501bc6e6ffc11041cc3,3ccaa3f2c696c6ae0624ba1a1970c2e84056bfba8eecece3f410dc817fcd33db,1870.6100000000001,4.559285714285774,0.2279642857142887,NOT_STRICTLY_CLOSER_THAN_CONTROL,H1_SOURCE_SWING_BUFFERED_ELSE_CONTROL,False,3ccaa3f2c696c6ae0624ba1a1970c2e84056bfba8eecece3f410dc817fcd33db,2023-01-10T09:00:00Z,1870.76,1876.02,1b0b4e9261bf2fb6f68911a4ce191a744b5e19409c1f873d441947130e41ef18
fcadcd04091c12b2a7ba037a4df02676498645be837ee759137fecda54411d14,1873.68,2023-01-10T10:25:00Z,e2cee1c15122774729bc0736c97b280a619e4f282ba1aa5f20a0fbb8db78a78d,2023-01-10T10:25:00Z,1874.29,1870.6100000000001,2023-02-01T00:00:00Z,2023-01-10T09:00:00Z,0.21907971604585824,LONG,1.0,34.4594205849029,CONTROL_V2_FILLED_STOP,2023-01-10T10:25:00Z,CONFIRMED_25_75_RETEST_SPLIT,1874.29,True,98e40e514c0b28fbb92588fb31dbadfacc87104c24a716cbc7778fa8f4de5a5e,0.31932888401079684,0.7703693704857645,2023_01,0.689188411698058,0.47010869565219976,TARGET,2023-01-10T10:56:00Z,SPLIT_TARGET_TARGET,19c61511f0a43241a6337f5460a505d64911bdab30559dda95de74d54c03c530,2023-01-10T10:56:00Z,FIRST_RETEST_FILLED,2023-01-10T10:40:00Z,2023-01-10T10:27:00Z,1873.68,True,True,RECLAIM_CONFIRMATION_TARGET,927d3df346214dabf35be12eb8f62d8ee6dfab3693ec03585e05ea112d29ea90,3ccaa3f2c696c6ae0624ba1a1970c2e84056bfba8eecece3f410dc817fcd33db,1870.6100000000001,,,,CONTROL_V2_FILLED_STOP,False,,2023-01-10T10:25:00Z,1870.6100000000001,1876.02,1b0b4e9261bf2fb6f68911a4ce191a744b5e19409c1f873d441947130e41ef18
fcadcd04091c12b2a7ba037a4df02676498645be837ee759137fecda54411d14,1873.68,2023-01-10T10:25:00Z,e2cee1c15122774729bc0736c97b280a619e4f282ba1aa5f20a0fbb8db78a78d,2023-01-10T10:25:00Z,1874.29,1870.6100000000001,2023-02-01T00:00:00Z,2023-01-10T09:00:00Z,0.21907971604585824,LONG,1.0,34.4594205849029,CONTROL_V2_FILLED_STOP,2023-01-10T10:25:00Z,CONFIRMED_25_75_RETEST_SPLIT,1874.29,True,765e0b6ff9f029d3dff26ac9c8ceb10ce245edfe16345f1c6eebabee87d522a6,0.31932888401079684,0.7703693704857645,2023_01,0.689188411698058,0.47010869565219976,TARGET,2023-01-10T10:56:00Z,SPLIT_TARGET_TARGET,b2a73215d7b382bcba5be0074c58b497dd16de3ab5c4db5f36cb44952c1e7fff,2023-01-10T10:56:00Z,FIRST_RETEST_FILLED,2023-01-10T10:40:00Z,2023-01-10T10:27:00Z,1873.68,True,True,RECLAIM_CONFIRMATION_TARGET,56022a6a509f8ead95fed7e27e0d4eda81db85520957e3069b0e286c51dc61bb,3ccaa3f2c696c6ae0624ba1a1970c2e84056bfba8eecece3f410dc817fcd33db,1870.6100000000001,1.335000000000004,0.0667500000000002,NOT_STRICTLY_CLOSER_THAN_CONTROL,M5_LATEST_CONFIRMED_OPPOSING_SWING_ELSE_CONTROL,False,d21cbebb5ffac8ed57f740129950cbdfc32a2171cdcb4e3855d42a5416ea99c7,2023-01-10T10:10:00Z,1870.66,1876.02,1b0b4e9261bf2fb6f68911a4ce191a744b5e19409c1f873d441947130e41ef18
fcadcd04091c12b2a7ba037a4df02676498645be837ee759137fecda54411d14,1873.68,2023-01-10T10:25:00Z,e2cee1c15122774729bc0736c97b280a619e4f282ba1aa5f20a0fbb8db78a78d,2023-01-10T10:25:00Z,1874.29,1870.6100000000001,2023-02-01T00:00:00Z,2023-01-10T09:00:00Z,0.21907971604585824,LONG,1.0,34.4594205849029,CONTROL_V2_FILLED_STOP,2023-01-10T10:25:00Z,CONFIRMED_25_75_RETEST_SPLIT,1874.29,True,bf5e4dd07a033da60c29c474d262d9268b8150d6c96ce54ac081e9d57a451f6a,0.31932888401079684,0.7703693704857645,2023_01,0.689188411698058,0.47010869565219976,TARGET,2023-01-10T10:56:00Z,SPLIT_TARGET_TARGET,16744999843072378208c336c494cd81d3159c2c937af715325ce1cf9a711688,2023-01-10T10:56:00Z,FIRST_RETEST_FILLED,2023-01-10T10:40:00Z,2023-01-10T10:27:00Z,1873.68,True,True,RECLAIM_CONFIRMATION_TARGET,cb9524b0f0d314dea071e51487fb6964c0b52c440098898020294f00df915398,3ccaa3f2c696c6ae0624ba1a1970c2e84056bfba8eecece3f410dc817fcd33db,1870.6100000000001,1.674999999999987,0.08374999999999935,NOT_STRICTLY_CLOSER_THAN_CONTROL,M15_LATEST_CONFIRMED_OPPOSING_SWING_ELSE_CONTROL,False,aa519a251eba969ad68c539507ec3c2b6655b7bd35864596bf1a4e20370ab364,2023-01-10T10:15:00Z,1870.63,1876.02,1b0b4e9261bf2fb6f68911a4ce191a744b5e19409c1f873d441947130e41ef18
fcadcd04091c12b2a7ba037a4df02676498645be837ee759137fecda54411d14,1873.68,2023-01-10T10:25:00Z,e2cee1c15122774729bc0736c97b280a619e4f282ba1aa5f20a0fbb8db78a78d,2023-01-10T10:25:00Z,1874.29,1870.6100000000001,2023-02-01T00:00:00Z,2023-01-10T09:00:00Z,0.21907971604585824,LONG,1.0,34.4594205849029,CONTROL_V2_FILLED_STOP,2023-01-10T10:25:00Z,CONFIRMED_25_75_RETEST_SPLIT,1874.29,True,f2051c0896b94db1422fa539949b03409b545ac7ce273d95ea20fe4ab1037c45,0.31932888401079684,0.7703693704857645,2023_01,0.689188411698058,0.47010869565219976,TARGET,2023-01-10T10:56:00Z,SPLIT_TARGET_TARGET,96705ff99cddecc7d3ae01ad8af491eb070feb29ae1d016d66ab055d6876f793,2023-01-10T10:56:00Z,FIRST_RETEST_FILLED,2023-01-10T10:40:00Z,2023-01-10T10:27:00Z,1873.68,True,True,RECLAIM_CONFIRMATION_TARGET,9a7c82402c3517029cb66ced31ac61c7d87525c44e7b8df6e8e256f1de73c728,3ccaa3f2c696c6ae0624ba1a1970c2e84056bfba8eecece3f410dc817fcd33db,1870.6100000000001,4.559285714285774,0.2279642857142887,NOT_STRICTLY_CLOSER_THAN_CONTROL,H1_SOURCE_SWING_BUFFERED_ELSE_CONTROL,False,3ccaa3f2c696c6ae0624ba1a1970c2e84056bfba8eecece3f410dc817fcd33db,2023-01-10T09:00:00Z,1870.76,1876.02,1b0b4e9261bf2fb6f68911a4ce191a744b5e19409c1f873d441947130e41ef18
8f11d9f253ec89bf795bcf7d084701a5af4e793e2c28aec6fd21de768b76f202,1875.67,2023-01-10T11:20:00Z,4acdc3c2e762b0dca14c369fb998970b06fff607e0c700f0c815677ec0843525,2023-01-10T11:20:00Z,1875.83,1867.87,2023-02-01T00:00:00Z,2023-01-10T05:00:00Z,0.0,LONG,1.0,35.86683417085433,CONTROL_V2_FILLED_STOP,2023-01-10T11:20:00Z,CONTROL_NEXT_M1_OPEN,1875.83,True,b6f0e42583e91ea4cbc16c9b698e5b1769689027c28e44b91319ad47ad1bbb5f,0.6771356783919407,0.8040201005025203,2023_01,0.7173366834170867,0.7173366834170867,TARGET,2023-01-11T07:35:00Z,TARGET,0f5178db34e9c19d7a6233e50e851462a8d8b2aa342a0e9d94d5ce0237d81729,2023-01-11T07:35:00Z,FIRST_RETEST_FILLED,2023-01-10T11:35:00Z,2023-01-10T11:20:00Z,1875.67,True,False,INITIAL_CONFIRMATION_TARGET,d90e2b9562a3b18e15e5dd11cdef8cd867f57a94345e306e82a337a07148318e,d592c4e17858f8a551c7b5a5d28b7e782f9f920f6d867ddd6d402baa8a469aad,1867.87,,,,CONTROL_V2_FILLED_STOP,False,,2023-01-10T11:20:00Z,1867.87,1881.54,60573d9aa319072a6af62bb4cb0bcd775dc04a44d5a211423e5130b63953a4a8
8f11d9f253ec89bf795bcf7d084701a5af4e793e2c28aec6fd21de768b76f202,1875.67,2023-01-10T11:20:00Z,4acdc3c2e762b0dca14c369fb998970b06fff607e0c700f0c815677ec0843525,2023-01-10T11:20:00Z,1875.83,1867.87,2023-02-01T00:00:00Z,2023-01-10T05:00:00Z,-1.7173366834170867,LONG,0.5218592964824093,-50.0,M5_LATEST_CONFIRMED_OPPOSING_SWING_ELSE_CONTROL,2023-01-10T11:20:00Z,CONTROL_NEXT_M1_OPEN,1875.83,True,a96acd24a2dadae245fa851195246e2382d5fb000359bb8a4bf39206a0846c91,1.0447761194029663,0.35869041887337755,2023_01,-1.0,0.7173366834170867,TARGET,2023-01-11T07:35:00Z,STOP,813d53aaf356966f9cb8e42092e24ed250f56550dffda27c1cd1c31b5ee7ea95,2023-01-10T14:37:00Z,FIRST_RETEST_FILLED,2023-01-10T11:35:00Z,2023-01-10T11:20:00Z,1875.67,True,False,INITIAL_CONFIRMATION_TARGET,f9490f82a426507fe9932e6acb37d5f15355642cba4264fe464ee8700958822b,d592c4e17858f8a551c7b5a5d28b7e782f9f920f6d867ddd6d402baa8a469aad,1871.676,1.4800000000000182,0.07400000000000091,,M5_LATEST_CONFIRMED_OPPOSING_SWING_ELSE_CONTROL,True,dddeae553199fc37c8d431a42fa1ee6b7837eb69f91c8ff1a35a97899ffcef1e,2023-01-10T10:30:00Z,1871.75,1881.54,60573d9aa319072a6af62bb4cb0bcd775dc04a44d5a211423e5130b63953a4a8
8f11d9f253ec89bf795bcf7d084701a5af4e793e2c28aec6fd21de768b76f202,1875.67,2023-01-10T11:20:00Z,4acdc3c2e762b0dca14c369fb998970b06fff607e0c700f0c815677ec0843525,2023-01-10T11:20:00Z,1875.83,1867.87,2023-02-01T00:00:00Z,2023-01-10T05:00:00Z,-1.7173366834170867,LONG,0.6657663316582699,-50.0,M15_LATEST_CONFIRMED_OPPOSING_SWING_ELSE_CONTROL,2023-01-10T11:20:00Z,CONTROL_NEXT_M1_OPEN,1875.83,True,576a8285bdb0bfa3f613309fba728547b484cc0cbbe651e55226ed5583fb5632,1.0170770827436593,0.2811585998679216,2023_01,-1.0,0.7173366834170867,TARGET,2023-01-11T07:35:00Z,STOP,9b7b117a7586d47e296e36f7b1403f6047d223798bb2ef855858ab8f76c8caab,2023-01-10T14:49:00Z,FIRST_RETEST_FILLED,2023-01-10T11:35:00Z,2023-01-10T11:20:00Z,1875.67,True,False,INITIAL_CONFIRMATION_TARGET,c01616b02a65dc57c53ee82e75afd7556a9c2599a873c532bf78f9701e24834c,d592c4e17858f8a551c7b5a5d28b7e782f9f920f6d867ddd6d402baa8a469aad,1870.5305,1.9899999999999929,0.09949999999999964,,M15_LATEST_CONFIRMED_OPPOSING_SWING_ELSE_CONTROL,True,aa519a251eba969ad68c539507ec3c2b6655b7bd35864596bf1a4e20370ab364,2023-01-10T10:15:00Z,1870.63,1881.54,60573d9aa319072a6af62bb4cb0bcd775dc04a44d5a211423e5130b63953a4a8
8f11d9f253ec89bf795bcf7d084701a5af4e793e2c28aec6fd21de768b76f202,1875.67,2023-01-10T11:20:00Z,4acdc3c2e762b0dca14c369fb998970b06fff607e0c700f0c815677ec0843525,2023-01-10T11:20:00Z,1875.83,1867.87,2023-02-01T00:00:00Z,2023-01-10T05:00:00Z,0.0,LONG,1.0,35.86683417085433,CONTROL_V2_FILLED_STOP,2023-01-10T11:20:00Z,CONTROL_NEXT_M1_OPEN,1875.83,True,63e8a6100cf42561ddb4c6c653fc139c6bdb3afea3bf3590ec18b301aa1bc64c,0.6771356783919407,0.8040201005025203,2023_01,0.7173366834170867,0.7173366834170867,TARGET,2023-01-11T07:35:00Z,TARGET,181256ba78cce88cd8b4d6f08b4f88a744170aaa367b4774af2e3c18ab5cfc3c,2023-01-11T07:35:00Z,FIRST_RETEST_FILLED,2023-01-10T11:35:00Z,2023-01-10T11:20:00Z,1875.67,True,False,INITIAL_CONFIRMATION_TARGET,19d443aa6b98fdd91eed6835f407a493fc0166044fe1d6bd13064aa6b91abd43,d592c4e17858f8a551c7b5a5d28b7e782f9f920f6d867ddd6d402baa8a469aad,1867.87,4.376428571428635,0.21882142857143175,NOT_STRICTLY_CLOSER_THAN_CONTROL,H1_SOURCE_SWING_BUFFERED_ELSE_CONTROL,False,d592c4e17858f8a551c7b5a5d28b7e782f9f920f6d867ddd6d402baa8a469aad,2023-01-10T05:00:00Z,1867.87,1881.54,60573d9aa319072a6af62bb4cb0bcd775dc04a44d5a211423e5130b63953a4a8
8f11d9f253ec89bf795bcf7d084701a5af4e793e2c28aec6fd21de768b76f202,1875.67,2023-01-10T11:20:00Z,4acdc3c2e762b0dca14c369fb998970b06fff607e0c700f0c815677ec0843525,2023-01-10T11:20:00Z,1875.83,1867.87,2023-02-01T00:00:00Z,2023-01-10T05:00:00Z,0.03522741914698435,LONG,1.0,37.628205128203554,CONTROL_V2_FILLED_STOP,2023-01-10T11:20:00Z,M5_BROKEN_CONTROL_FIRST_RETEST,1875.67,True,b6f0e42583e91ea4cbc16c9b698e5b1769689027c28e44b91319ad47ad1bbb5f,0.6705128205128073,0.8410256410256144,2023_01,0.752564102564071,0.7173366834170867,TARGET,2023-01-11T07:35:00Z,TARGET,512cd978c69d1aa153a787911c6837e6dc176da17f384e42ee7feadf67a0b323,2023-01-11T07:35:00Z,FIRST_RETEST_FILLED,2023-01-10T11:35:00Z,2023-01-10T11:20:00Z,1875.67,True,True,INITIAL_CONFIRMATION_TARGET,3ffcb07b8415ec7f8fd0855373a64bfa77be457357cd2ab327ed13fe4cf72dd8,d592c4e17858f8a551c7b5a5d28b7e782f9f920f6d867ddd6d402baa8a469aad,1867.87,,,,CONTROL_V2_FILLED_STOP,False,,2023-01-10T11:20:00Z,1867.87,1881.54,60573d9aa319072a6af62bb4cb0bcd775dc04a44d5a211423e5130b63953a4a8
8f11d9f253ec89bf795bcf7d084701a5af4e793e2c28aec6fd21de768b76f202,1875.67,2023-01-10T11:20:00Z,4acdc3c2e762b0dca14c369fb998970b06fff607e0c700f0c815677ec0843525,2023-01-10T11:20:00Z,1875.83,1867.87,2023-02-01T00:00:00Z,2023-01-10T05:00:00Z,-1.7173366834170867,LONG,0.5218592964824093,-50.0,M5_LATEST_CONFIRMED_OPPOSING_SWING_ELSE_CONTROL,2023-01-10T11:20:00Z,M5_BROKEN_CONTROL_FIRST_RETEST,1875.67,True,a96acd24a2dadae245fa851195246e2382d5fb000359bb8a4bf39206a0846c91,1.046569854782152,0.41311967951923007,2023_01,-1.0,0.7173366834170867,TARGET,2023-01-11T07:35:00Z,STOP,0de51ba319446256de8b2177e46b08d3a41de31935d2be6feb37fe5daa4d429e,2023-01-10T14:37:00Z,FIRST_RETEST_FILLED,2023-01-10T11:35:00Z,2023-01-10T11:20:00Z,1875.67,True,True,INITIAL_CONFIRMATION_TARGET,4779155db523c31ada40bf1cfd102c6d7b72571efe25fde99d20b5db6ed85016,d592c4e17858f8a551c7b5a5d28b7e782f9f920f6d867ddd6d402baa8a469aad,1871.676,1.4800000000000182,0.07400000000000091,,M5_LATEST_CONFIRMED_OPPOSING_SWING_ELSE_CONTROL,True,dddeae553199fc37c8d431a42fa1ee6b7837eb69f91c8ff1a35a97899ffcef1e,2023-01-10T10:30:00Z,1871.75,1881.54,60573d9aa319072a6af62bb4cb0bcd775dc04a44d5a211423e5130b63953a4a8
8f11d9f253ec89bf795bcf7d084701a5af4e793e2c28aec6fd21de768b76f202,1875.67,2023-01-10T11:20:00Z,4acdc3c2e762b0dca14c369fb998970b06fff607e0c700f0c815677ec0843525,2023-01-10T11:20:00Z,1875.83,1867.87,2023-02-01T00:00:00Z,2023-01-10T05:00:00Z,-1.7173366834170867,LONG,0.6657663316582699,-50.0,M15_LATEST_CONFIRMED_OPPOSING_SWING_ELSE_CONTROL,2023-01-10T11:20:00Z,M5_BROKEN_CONTROL_FIRST_RETEST,1875.67,True,576a8285bdb0bfa3f613309fba728547b484cc0cbbe651e55226ed5583fb5632,1.017608716801249,0.32104290300610255,2023_01,-1.0,0.7173366834170867,TARGET,2023-01-11T07:35:00Z,STOP,5e513f4c8ce7ac4511b4fa394bb1439647000064f7b9462cfa909f72044fb9ec,2023-01-10T14:49:00Z,FIRST_RETEST_FILLED,2023-01-10T11:35:00Z,2023-01-10T11:20:00Z,1875.67,True,True,INITIAL_CONFIRMATION_TARGET,683dae293f2a272900d8a8abc5921aa10c57e9d486f171e13cebb34452fda17a,d592c4e17858f8a551c7b5a5d28b7e782f9f920f6d867ddd6d402baa8a469aad,1870.5305,1.9899999999999929,0.09949999999999964,,M15_LATEST_CONFIRMED_OPPOSING_SWING_ELSE_CONTROL,True,aa519a251eba969ad68c539507ec3c2b6655b7bd35864596bf1a4e20370ab364,2023-01-10T10:15:00Z,1870.63,1881.54,60573d9aa319072a6af62bb4cb0bcd775dc04a44d5a211423e5130b63953a4a8
8f11d9f253ec89bf795bcf7d084701a5af4e793e2c28aec6fd21de768b76f202,1875.67,2023-01-10T11:20:00Z,4acdc3c2e762b0dca14c369fb998970b06fff607e0c700f0c815677ec0843525,2023-01-10T11:20:00Z,1875.83,1867.87,2023-02-01T00:00:00Z,2023-01-10T05:00:00Z,0.03522741914698435,LONG,1.0,37.628205128203554,CONTROL_V2_FILLED_STOP,2023-01-10T11:20:00Z,M5_BROKEN_CONTROL_FIRST_RETEST,1875.67,True,63e8a6100cf42561ddb4c6c653fc139c6bdb3afea3bf3590ec18b301aa1bc64c,0.6705128205128073,0.8410256410256144,2023_01,0.752564102564071,0.7173366834170867,TARGET,2023-01-11T07:35:00Z,TARGET,77a4439f5dfe90fe2958bc356842b91e64050f775bc4de5fb6d5adb532041059,2023-01-11T07:35:00Z,FIRST_RETEST_FILLED,2023-01-10T11:35:00Z,2023-01-10T11:20:00Z,1875.67,True,True,INITIAL_CONFIRMATION_TARGET,cd8c51693826805aab677dad9bc3b3ba8827063cbbb7baec29637c58f9b5f971,d592c4e17858f8a551c7b5a5d28b7e782f9f920f6d867ddd6d402baa8a469aad,1867.87,4.376428571428635,0.21882142857143175,NOT_STRICTLY_CLOSER_THAN_CONTROL,H1_SOURCE_SWING_BUFFERED_ELSE_CONTROL,False,d592c4e17858f8a551c7b5a5d28b7e782f9f920f6d867ddd6d402baa8a469aad,2023-01-10T05:00:00Z,1867.87,1881.54,60573d9aa319072a6af62bb4cb0bcd775dc04a44d5a211423e5130b63953a4a8
8f11d9f253ec89bf795bcf7d084701a5af4e793e2c28aec6fd21de768b76f202,1875.67,2023-01-10T11:20:00Z,4acdc3c2e762b0dca14c369fb998970b06fff607e0c700f0c815677ec0843525,2023-01-10T11:20:00Z,1875.83,1867.87,2023-02-01T00:00:00Z,2023-01-10T05:00:00Z,0.026420564360238208,LONG,1.0,37.18786238886624,CONTROL_V2_FILLED_STOP,2023-01-10T11:20:00Z,CONFIRMED_25_75_RETEST_SPLIT,1875.83,True,b6f0e42583e91ea4cbc16c9b698e5b1769689027c28e44b91319ad47ad1bbb5f,0.6721685349825905,0.8317742558948409,2023_01,0.7437572477773249,0.7173366834170867,TARGET,2023-01-11T07:35:00Z,SPLIT_TARGET_TARGET,26ca80e2061d1d60281661dfc5fe98ac23419023f7588b7beb57e7e7a000eda8,2023-01-11T07:35:00Z,FIRST_RETEST_FILLED,2023-01-10T11:35:00Z,2023-01-10T11:20:00Z,1875.67,True,True,INITIAL_CONFIRMATION_TARGET,07cd6b3f991876c3b64a85317985b5d0c63f8b47a2fcfce2701edf78d78094e1,d592c4e17858f8a551c7b5a5d28b7e782f9f920f6d867ddd6d402baa8a469aad,1867.87,,,,CONTROL_V2_FILLED_STOP,False,,2023-01-10T11:20:00Z,1867.87,1881.54,60573d9aa319072a6af62bb4cb0bcd775dc04a44d5a211423e5130b63953a4a8
8f11d9f253ec89bf795bcf7d084701a5af4e793e2c28aec6fd21de768b76f202,1875.67,2023-01-10T11:20:00Z,4acdc3c2e762b0dca14c369fb998970b06fff607e0c700f0c815677ec0843525,2023-01-10T11:20:00Z,1875.83,1867.87,2023-02-01T00:00:00Z,2023-01-10T05:00:00Z,-1.7173366834170867,LONG,0.5218592964824093,-50.0,M5_LATEST_CONFIRMED_OPPOSING_SWING_ELSE_CONTROL,2023-01-10T11:20:00Z,CONFIRMED_25_75_RETEST_SPLIT,1875.83,True,a96acd24a2dadae245fa851195246e2382d5fb000359bb8a4bf39206a0846c91,1.0461214209373555,0.39951236435776694,2023_01,-1.0,0.7173366834170867,TARGET,2023-01-11T07:35:00Z,SPLIT_STOP_STOP,7344d3a2a34c2ba8032e4b22196f43f52edab70d6a7620fca583363c3d50dd79,2023-01-10T14:37:00Z,FIRST_RETEST_FILLED,2023-01-10T11:35:00Z,2023-01-10T11:20:00Z,1875.67,True,True,INITIAL_CONFIRMATION_TARGET,286f331ee2d638ea50fb754fd3fef4cffc5c6070d62836c97f66d4290c8e27b5,d592c4e17858f8a551c7b5a5d28b7e782f9f920f6d867ddd6d402baa8a469aad,1871.676,1.4800000000000182,0.07400000000000091,,M5_LATEST_CONFIRMED_OPPOSING_SWING_ELSE_CONTROL,True,dddeae553199fc37c8d431a42fa1ee6b7837eb69f91c8ff1a35a97899ffcef1e,2023-01-10T10:30:00Z,1871.75,1881.54,60573d9aa319072a6af62bb4cb0bcd775dc04a44d5a211423e5130b63953a4a8
8f11d9f253ec89bf795bcf7d084701a5af4e793e2c28aec6fd21de768b76f202,1875.67,2023-01-10T11:20:00Z,4acdc3c2e762b0dca14c369fb998970b06fff607e0c700f0c815677ec0843525,2023-01-10T11:20:00Z,1875.83,1867.87,2023-02-01T00:00:00Z,2023-01-10T05:00:00Z,-1.7173366834170867,LONG,0.6657663316582699,-50.0,M15_LATEST_CONFIRMED_OPPOSING_SWING_ELSE_CONTROL,2023-01-10T11:20:00Z,CONFIRMED_25_75_RETEST_SPLIT,1875.83,True,576a8285bdb0bfa3f613309fba728547b484cc0cbbe651e55226ed5583fb5632,1.0174758082868516,0.3110718272215573,2023_01,-1.0,0.7173366834170867,TARGET,2023-01-11T07:35:00Z,SPLIT_STOP_STOP,334b3f35f508423d2ce1a94c6b5329c972d049a69df8b6699875624dab620e0a,2023-01-10T14:49:00Z,FIRST_RETEST_FILLED,2023-01-10T11:35:00Z,2023-01-10T11:20:00Z,1875.67,True,True,INITIAL_CONFIRMATION_TARGET,76f65c32e49adb257462a11f8d2d690d2329d7f038e9b0f4d418516da471b2b2,d592c4e17858f8a551c7b5a5d28b7e782f9f920f6d867ddd6d402baa8a469aad,1870.5305,1.9899999999999929,0.09949999999999964,,M15_LATEST_CONFIRMED_OPPOSING_SWING_ELSE_CONTROL,True,aa519a251eba969ad68c539507ec3c2b6655b7bd35864596bf1a4e20370ab364,2023-01-10T10:15:00Z,1870.63,1881.54,60573d9aa319072a6af62bb4cb0bcd775dc04a44d5a211423e5130b63953a4a8
8f11d9f253ec89bf795bcf7d084701a5af4e793e2c28aec6fd21de768b76f202,1875.67,2023-01-10T11:20:00Z,4acdc3c2e762b0dca14c369fb998970b06fff607e0c700f0c815677ec0843525,2023-01-10T11:20:00Z,1875.83,1867.87,2023-02-01T00:00:00Z,2023-01-10T05:00:00Z,0.026420564360238208,LONG,1.0,37.18786238886624,CONTROL_V2_FILLED_STOP,2023-01-10T11:20:00Z,CONFIRMED_25_75_RETEST_SPLIT,1875.83,True,63e8a6100cf42561ddb4c6c653fc139c6bdb3afea3bf3590ec18b301aa1bc64c,0.6721685349825905,0.8317742558948409,2023_01,0.7437572477773249,0.7173366834170867,TARGET,2023-01-11T07:35:00Z,SPLIT_TARGET_TARGET,988c635b5583e5ac8142fa2490fbe3c9887f5065bb61c4145528708453bf78eb,2023-01-11T07:35:00Z,FIRST_RETEST_FILLED,2023-01-10T11:35:00Z,2023-01-10T11:20:00Z,1875.67,True,True,INITIAL_CONFIRMATION_TARGET,1be220100e491bd71ca45d1570b0531d61cb59f37f1303166b99d2cfe9e6b321,d592c4e17858f8a551c7b5a5d28b7e782f9f920f6d867ddd6d402baa8a469aad,1867.87,4.376428571428635,0.21882142857143175,NOT_STRICTLY_CLOSER_THAN_CONTROL,H1_SOURCE_SWING_BUFFERED_ELSE_CONTROL,False,d592c4e17858f8a551c7b5a5d28b7e782f9f920f6d867ddd6d402baa8a469aad,2023-01-10T05:00:00Z,1867.87,1881.54,60573d9aa319072a6af62bb4cb0bcd775dc04a44d5a211423e5130b63953a4a8
6a3d9845a9bdb91bf7bc7a8102a88a22280ac85b1024c5806b99f710740dfbca,1874.56,2023-01-10T14:10:00Z,4372ff9c6eab49eadd2897b8cf29c11b273644e636ad777bb6712845b2b56207,2023-01-10T14:10:00Z,1874.24,1877.32,2023-02-01T00:00:00Z,2023-01-10T14:00:00Z,0.0,SHORT,1.0,58.60389610389587,CONTROL_V2_FILLED_STOP,2023-01-10T14:10:00Z,CONTROL_NEXT_M1_OPEN,1874.24,True,b7d55edba2936f9a1fe321c00c2bd892bc11fd77616c4537ea6c96a5765de1f1,0.06493506493508124,1.233766233766248,2023_01,1.1720779220779174,1.1720779220779174,TARGET,2023-01-10T14:49:00Z,TARGET,ec8b6becab834eb139ea5d4dcb8a5087025eca60195d66733948e0f48e6141a1,2023-01-10T14:49:00Z,RETEST_EXPIRED,2023-01-10T14:25:00Z,,1874.56,False,False,INITIAL_CONFIRMATION_TARGET,7f8723d753cfc6a9f71367167de1d8f95ed803b25d8818980bdff20e0ffbe71c,d8d259ebb822c3513c6f4717a29795217c59653c71e778efe81ef26529e7bfa5,1877.32,,,,CONTROL_V2_FILLED_STOP,False,,2023-01-10T14:10:00Z,1877.32,1870.63,fb38a0a65eb273ec4ae864d39907126480daa3633cebd8ed66cf32b4ebc3b9f1
6a3d9845a9bdb91bf7bc7a8102a88a22280ac85b1024c5806b99f710740dfbca,1874.56,2023-01-10T14:10:00Z,4372ff9c6eab49eadd2897b8cf29c11b273644e636ad777bb6712845b2b56207,2023-01-10T14:10:00Z,1874.24,1877.32,2023-02-01T00:00:00Z,2023-01-10T14:00:00Z,0.34659751889090273,SHORT,0.7717764378478423,75.933772048441,M5_LATEST_CONFIRMED_OPPOSING_SWING_ELSE_CONTROL,2023-01-10T14:10:00Z,CONTROL_NEXT_M1_OPEN,1874.24,True,610ff773545db75e438d1f4bec65bb6651d9d437f79dd8e065f07f1c4eb1c1c7,0.08413714354400043,1.5986057273356253,2023_01,1.5186754409688201,1.1720779220779174,TARGET,2023-01-10T14:49:00Z,TARGET,74e0a2c81337cf37e9598dcd02929710c1e561ebac7468bc180cf33da3ea56a1,2023-01-10T14:49:00Z,RETEST_EXPIRED,2023-01-10T14:25:00Z,,1874.56,False,False,INITIAL_CONFIRMATION_TARGET,52a1ddb111612580e644d430c3577689b28eb018960502581f782f3bafef9455,d8d259ebb822c3513c6f4717a29795217c59653c71e778efe81ef26529e7bfa5,1876.6170714285713,1.1414285714286052,0.057071428571430265,,M5_LATEST_CONFIRMED_OPPOSING_SWING_ELSE_CONTROL,True,ed940ce1a01d0d09a08cbb04eb74208e5465593336d370e0e830d4f9142d3469,2023-01-10T14:05:00Z,1876.56,1870.63,fb38a0a65eb273ec4ae864d39907126480daa3633cebd8ed66cf32b4ebc3b9f1
6a3d9845a9bdb91bf7bc7a8102a88a22280ac85b1024c5806b99f710740dfbca,1874.56,2023-01-10T14:10:00Z,4372ff9c6eab49eadd2897b8cf29c11b273644e636ad777bb6712845b2b56207,2023-01-10T14:10:00Z,1874.24,1877.32,2023-02-01T00:00:00Z,2023-01-10T14:00:00Z,0.0,SHORT,1.0,58.60389610389587,CONTROL_V2_FILLED_STOP,2023-01-10T14:10:00Z,CONTROL_NEXT_M1_OPEN,1874.24,True,1497f16bc53725b29a95ee9ead6c23cf60fcaa284501afb4e4ad383026858733,0.06493506493508124,1.233766233766248,2023_01,1.1720779220779174,1.1720779220779174,TARGET,2023-01-10T14:49:00Z,TARGET,54ccedd0b191d874b9d5eddb4dd019421d48794d5947be76eaf4d34c760ba197,2023-01-10T14:49:00Z,RETEST_EXPIRED,2023-01-10T14:25:00Z,,1874.56,False,False,INITIAL_CONFIRMATION_TARGET,161a57e44974a99d36fe24aac13f8f175f424f8e4c1b8fe34b16cb845875ff99,d8d259ebb822c3513c6f4717a29795217c59653c71e778efe81ef26529e7bfa5,1877.32,2.0300000000000216,0.10150000000000109,NOT_STRICTLY_CLOSER_THAN_CONTROL,M15_LATEST_CONFIRMED_OPPOSING_SWING_ELSE_CONTROL,False,f86762e69ecef9b2ff923fbfa276af5e5f4fc255a9ca97226b6baa689d4e5273,2023-01-10T12:15:00Z,1877.32,1870.63,fb38a0a65eb273ec4ae864d39907126480daa3633cebd8ed66cf32b4ebc3b9f1
6a3d9845a9bdb91bf7bc7a8102a88a22280ac85b1024c5806b99f710740dfbca,1874.56,2023-01-10T14:10:00Z,4372ff9c6eab49eadd2897b8cf29c11b273644e636ad777bb6712845b2b56207,2023-01-10T14:10:00Z,1874.24,1877.32,2023-02-01T00:00:00Z,2023-01-10T14:00:00Z,0.0,SHORT,1.0,58.60389610389587,CONTROL_V2_FILLED_STOP,2023-01-10T14:10:00Z,CONTROL_NEXT_M1_OPEN,1874.24,True,7f6948b9961fc61737b6adc92431c4778aefa119300c41f47b84fd821a5fb4f9,0.06493506493508124,1.233766233766248,2023_01,1.1720779220779174,1.1720779220779174,TARGET,2023-01-10T14:49:00Z,TARGET,ba55c180034309fc1c455acfabdf9849503a0f64ee15e95913b24196e75e26a8,2023-01-10T14:49:00Z,RETEST_EXPIRED,2023-01-10T14:25:00Z,,1874.56,False,False,INITIAL_CONFIRMATION_TARGET,da38f762a156a0e282802d79dcd2def542812fc8225a9f7ee1a504553b3370a0,d8d259ebb822c3513c6f4717a29795217c59653c71e778efe81ef26529e7bfa5,1877.32,3.8064285714286177,0.1903214285714309,NOT_STRICTLY_CLOSER_THAN_CONTROL,H1_SOURCE_SWING_BUFFERED_ELSE_CONTROL,False,d8d259ebb822c3513c6f4717a29795217c59653c71e778efe81ef26529e7bfa5,2023-01-10T14:00:00Z,1877.32,1870.63,fb38a0a65eb273ec4ae864d39907126480daa3633cebd8ed66cf32b4ebc3b9f1
6a3d9845a9bdb91bf7bc7a8102a88a22280ac85b1024c5806b99f710740dfbca,1874.56,2023-01-10T14:10:00Z,4372ff9c6eab49eadd2897b8cf29c11b273644e636ad777bb6712845b2b56207,2023-01-10T14:10:00Z,1874.24,1877.32,2023-02-01T00:00:00Z,2023-01-10T14:00:00Z,-1.1720779220779174,SHORT,1.0,0.0,CONTROL_V2_FILLED_STOP,,M5_BROKEN_CONTROL_FIRST_RETEST,,False,b7d55edba2936f9a1fe321c00c2bd892bc11fd77616c4537ea6c96a5765de1f1,,,2023_01,0.0,1.1720779220779174,TARGET,2023-01-10T14:49:00Z,NO_FILL,221d04ff7b9ad94978bc733710104259ab301fd345f1fdb241450edecb0989a4,,RETEST_EXPIRED,2023-01-10T14:25:00Z,,1874.56,False,False,INITIAL_CONFIRMATION_TARGET,5ff7bdbd82e1f9deb44a44d67ba1ce622168d39b2c17a60a19c0bfebb5ba03a2,d8d259ebb822c3513c6f4717a29795217c59653c71e778efe81ef26529e7bfa5,1877.32,,,,CONTROL_V2_FILLED_STOP,False,,2023-01-10T14:10:00Z,1877.32,1870.63,fb38a0a65eb273ec4ae864d39907126480daa3633cebd8ed66cf32b4ebc3b9f1
6a3d9845a9bdb91bf7bc7a8102a88a22280ac85b1024c5806b99f710740dfbca,1874.56,2023-01-10T14:10:00Z,4372ff9c6eab49eadd2897b8cf29c11b273644e636ad777bb6712845b2b56207,2023-01-10T14:10:00Z,1874.24,1877.32,2023-02-01T00:00:00Z,2023-01-10T14:00:00Z,-1.1720779220779174,SHORT,0.7717764378478423,0.0,M5_LATEST_CONFIRMED_OPPOSING_SWING_ELSE_CONTROL,,M5_BROKEN_CONTROL_FIRST_RETEST,,False,610ff773545db75e438d1f4bec65bb6651d9d437f79dd8e065f07f1c4eb1c1c7,,,2023_01,0.0,1.1720779220779174,TARGET,2023-01-10T14:49:00Z,NO_FILL,74b6c731e6637a138f061471096db5efcbac087bc2a719d9052d9bbcff41957e,,RETEST_EXPIRED,2023-01-10T14:25:00Z,,1874.56,False,False,INITIAL_CONFIRMATION_TARGET,13052194a2428373f02318087d5b4d090498609ab569cf6a8abf96753a60893d,d8d259ebb822c3513c6f4717a29795217c59653c71e778efe81ef26529e7bfa5,1876.6170714285713,1.1414285714286052,0.057071428571430265,,M5_LATEST_CONFIRMED_OPPOSING_SWING_ELSE_CONTROL,True,ed940ce1a01d0d09a08cbb04eb74208e5465593336d370e0e830d4f9142d3469,2023-01-10T14:05:00Z,1876.56,1870.63,fb38a0a65eb273ec4ae864d39907126480daa3633cebd8ed66cf32b4ebc3b9f1
6a3d9845a9bdb91bf7bc7a8102a88a22280ac85b1024c5806b99f710740dfbca,1874.56,2023-01-10T14:10:00Z,4372ff9c6eab49eadd2897b8cf29c11b273644e636ad777bb6712845b2b56207,2023-01-10T14:10:00Z,1874.24,1877.32,2023-02-01T00:00:00Z,2023-01-10T14:00:00Z,-1.1720779220779174,SHORT,1.0,0.0,CONTROL_V2_FILLED_STOP,,M5_BROKEN_CONTROL_FIRST_RETEST,,False,1497f16bc53725b29a95ee9ead6c23cf60fcaa284501afb4e4ad383026858733,,,2023_01,0.0,1.1720779220779174,TARGET,2023-01-10T14:49:00Z,NO_FILL,ec0b61a555a786711fa43ee83e323e17d44037ef53eee873b1427323ca2d2e46,,RETEST_EXPIRED,2023-01-10T14:25:00Z,,1874.56,False,False,INITIAL_CONFIRMATION_TARGET,f34812e5f722d3d2a3b3603fcd1fc16505fee332d96cc2216de068972a64ed0e,d8d259ebb822c3513c6f4717a29795217c59653c71e778efe81ef26529e7bfa5,1877.32,2.0300000000000216,0.10150000000000109,NOT_STRICTLY_CLOSER_THAN_CONTROL,M15_LATEST_CONFIRMED_OPPOSING_SWING_ELSE_CONTROL,False,f86762e69ecef9b2ff923fbfa276af5e5f4fc255a9ca97226b6baa689d4e5273,2023-01-10T12:15:00Z,1877.32,1870.63,fb38a0a65eb273ec4ae864d39907126480daa3633cebd8ed66cf32b4ebc3b9f1
6a3d9845a9bdb91bf7bc7a8102a88a22280ac85b1024c5806b99f710740dfbca,1874.56,2023-01-10T14:10:00Z,4372ff9c6eab49eadd2897b8cf29c11b273644e636ad777bb6712845b2b56207,2023-01-10T14:10:00Z,1874.24,1877.32,2023-02-01T00:00:00Z,2023-01-10T14:00:00Z,-1.1720779220779174,SHORT,1.0,0.0,CONTROL_V2_FILLED_STOP,,M5_BROKEN_CONTROL_FIRST_RETEST,,False,7f6948b9961fc61737b6adc92431c4778aefa119300c41f47b84fd821a5fb4f9,,,2023_01,0.0,1.1720779220779174,TARGET,2023-01-10T14:49:00Z,NO_FILL,07c2027d7e052f25f0ae81e97ff7dcb27c92ac4f7b6bb59ef1db7b2e28d230d0,,RETEST_EXPIRED,2023-01-10T14:25:00Z,,1874.56,False,False,INITIAL_CONFIRMATION_TARGET,35f33c52a091a01663cc77064534edfd6a2eedb7935626f0ddd193298847ca7d,d8d259ebb822c3513c6f4717a29795217c59653c71e778efe81ef26529e7bfa5,1877.32,3.8064285714286177,0.1903214285714309,NOT_STRICTLY_CLOSER_THAN_CONTROL,H1_SOURCE_SWING_BUFFERED_ELSE_CONTROL,False,d8d259ebb822c3513c6f4717a29795217c59653c71e778efe81ef26529e7bfa5,2023-01-10T14:00:00Z,1877.32,1870.63,fb38a0a65eb273ec4ae864d39907126480daa3633cebd8ed66cf32b4ebc3b9f1
6a3d9845a9bdb91bf7bc7a8102a88a22280ac85b1024c5806b99f710740dfbca,1874.56,2023-01-10T14:10:00Z,4372ff9c6eab49eadd2897b8cf29c11b273644e636ad777bb6712845b2b56207,2023-01-10T14:10:00Z,1874.24,1877.32,2023-02-01T00:00:00Z,2023-01-10T14:00:00Z,-0.879058441558438,SHORT,1.0,14.650974025973968,CONTROL_V2_FILLED_STOP,2023-01-10T14:10:00Z,CONFIRMED_25_75_RETEST_SPLIT,1874.24,True,b7d55edba2936f9a1fe321c00c2bd892bc11fd77616c4537ea6c96a5765de1f1,0.01623376623377031,0.308441558441562,2023_01,0.29301948051947935,1.1720779220779174,TARGET,2023-01-10T14:49:00Z,SPLIT_CONTROL_TARGET_NO_RETEST,e5d9b30ac2eed3a456d52dc8eddbabf79e0f60e4af93a18362e64518e85ecfd6,2023-01-10T14:49:00Z,RETEST_EXPIRED,2023-01-10T14:25:00Z,,1874.56,False,False,INITIAL_CONFIRMATION_TARGET,adc2f6df11cd270fd496d28cce049f3607b74b240ead7144c4327c5a65436df6,d8d259ebb822c3513c6f4717a29795217c59653c71e778efe81ef26529e7bfa5,1877.32,,,,CONTROL_V2_FILLED_STOP,False,,2023-01-10T14:10:00Z,1877.32,1870.63,fb38a0a65eb273ec4ae864d39907126480daa3633cebd8ed66cf32b4ebc3b9f1
6a3d9845a9bdb91bf7bc7a8102a88a22280ac85b1024c5806b99f710740dfbca,1874.56,2023-01-10T14:10:00Z,4372ff9c6eab49eadd2897b8cf29c11b273644e636ad777bb6712845b2b56207,2023-01-10T14:10:00Z,1874.24,1877.32,2023-02-01T00:00:00Z,2023-01-10T14:00:00Z,-0.7924090618357124,SHORT,0.7717764378478423,18.98344301211025,M5_LATEST_CONFIRMED_OPPOSING_SWING_ELSE_CONTROL,2023-01-10T14:10:00Z,CONFIRMED_25_75_RETEST_SPLIT,1874.24,True,610ff773545db75e438d1f4bec65bb6651d9d437f79dd8e065f07f1c4eb1c1c7,0.021034285886000106,0.39965143183390633,2023_01,0.37966886024220503,1.1720779220779174,TARGET,2023-01-10T14:49:00Z,SPLIT_CONTROL_TARGET_NO_RETEST,c4cb2d157ed3758e87af8bbac46749b6af5edb20744bd39a13f6849148cd956b,2023-01-10T14:49:00Z,RETEST_EXPIRED,2023-01-10T14:25:00Z,,1874.56,False,False,INITIAL_CONFIRMATION_TARGET,dcfb5defa2b13c8b8631a7a5254e2623d8646686a30ebfb34e8e3eaad4d3c603,d8d259ebb822c3513c6f4717a29795217c59653c71e778efe81ef26529e7bfa5,1876.6170714285713,1.1414285714286052,0.057071428571430265,,M5_LATEST_CONFIRMED_OPPOSING_SWING_ELSE_CONTROL,True,ed940ce1a01d0d09a08cbb04eb74208e5465593336d370e0e830d4f9142d3469,2023-01-10T14:05:00Z,1876.56,1870.63,fb38a0a65eb273ec4ae864d39907126480daa3633cebd8ed66cf32b4ebc3b9f1
6a3d9845a9bdb91bf7bc7a8102a88a22280ac85b1024c5806b99f710740dfbca,1874.56,2023-01-10T14:10:00Z,4372ff9c6eab49eadd2897b8cf29c11b273644e636ad777bb6712845b2b56207,2023-01-10T14:10:00Z,1874.24,1877.32,2023-02-01T00:00:00Z,2023-01-10T14:00:00Z,-0.879058441558438,SHORT,1.0,14.650974025973968,CONTROL_V2_FILLED_STOP,2023-01-10T14:10:00Z,CONFIRMED_25_75_RETEST_SPLIT,1874.24,True,1497f16bc53725b29a95ee9ead6c23cf60fcaa284501afb4e4ad383026858733,0.01623376623377031,0.308441558441562,2023_01,0.29301948051947935,1.1720779220779174,TARGET,2023-01-10T14:49:00Z,SPLIT_CONTROL_TARGET_NO_RETEST,c5ca6292ee0b166d55ae9bf84fdd2c3c1a373eb5221c05a4894da4530262f62f,2023-01-10T14:49:00Z,RETEST_EXPIRED,2023-01-10T14:25:00Z,,1874.56,False,False,INITIAL_CONFIRMATION_TARGET,9d45f3e26c583194de2d2801f01d150ce303f23f88c1199db2dde50faf73d829,d8d259ebb822c3513c6f4717a29795217c59653c71e778efe81ef26529e7bfa5,1877.32,2.0300000000000216,0.10150000000000109,NOT_STRICTLY_CLOSER_THAN_CONTROL,M15_LATEST_CONFIRMED_OPPOSING_SWING_ELSE_CONTROL,False,f86762e69ecef9b2ff923fbfa276af5e5f4fc255a9ca97226b6baa689d4e5273,2023-01-10T12:15:00Z,1877.32,1870.63,fb38a0a65eb273ec4ae864d39907126480daa3633cebd8ed66cf32b4ebc3b9f1
6a3d9845a9bdb91bf7bc7a8102a88a22280ac85b1024c5806b99f710740dfbca,1874.56,2023-01-10T14:10:00Z,4372ff9c6eab49eadd2897b8cf29c11b273644e636ad777bb6712845b2b56207,2023-01-10T14:10:00Z,1874.24,1877.32,2023-02-01T00:00:00Z,2023-01-10T14:00:00Z,-0.879058441558438,SHORT,1.0,14.650974025973968,CONTROL_V2_FILLED_STOP,2023-01-10T14:10:00Z,CONFIRMED_25_75_RETEST_SPLIT,1874.24,True,7f6948b9961fc61737b6adc92431c4778aefa119300c41f47b84fd821a5fb4f9,0.01623376623377031,0.308441558441562,2023_01,0.29301948051947935,1.1720779220779174,TARGET,2023-01-10T14:49:00Z,SPLIT_CONTROL_TARGET_NO_RETEST,fccefa499fa5b1d917be21f771e3f364388b4144f93b859ea065d5d3606aa29f,2023-01-10T14:49:00Z,RETEST_EXPIRED,2023-01-10T14:25:00Z,,1874.56,False,False,INITIAL_CONFIRMATION_TARGET,8f090c02672a983d9fbd642cfac0ee13dda768eca9f39be66a195904a6419883,d8d259ebb822c3513c6f4717a29795217c59653c71e778efe81ef26529e7bfa5,1877.32,3.8064285714286177,0.1903214285714309,NOT_STRICTLY_CLOSER_THAN_CONTROL,H1_SOURCE_SWING_BUFFERED_ELSE_CONTROL,False,d8d259ebb822c3513c6f4717a29795217c59653c71e778efe81ef26529e7bfa5,2023-01-10T14:00:00Z,1877.32,1870.63,fb38a0a65eb273ec4ae864d39907126480daa3633cebd8ed66cf32b4ebc3b9f1
dfe61175ab0c0b2818597078e727a9e7d706c396f90074c533c8f97a089bf938,1875.23,2023-01-10T21:05:00Z,ef52c2085df04136392cb0067038890c053a680b68110d9c652dc408612a586b,2023-01-10T21:05:00Z,1876.36,1871.03,2023-02-01T00:00:00Z,2023-01-10T21:00:00Z,0.0,LONG,1.0,41.275797373359765,CONTROL_V2_FILLED_STOP,2023-01-10T21:05:00Z,CONTROL_NEXT_M1_OPEN,1876.36,True,0d8c1c24d3a19feb871ef2caf0803f0fdcf95b94803879871858a17bca9b04f3,0.8142589118198832,0.8893058161350983,2023_01,0.8255159474671954,0.8255159474671954,TARGET,2023-01-11T07:32:00Z,TARGET,feb98a5362e1bb841d4e29371d5d238120446801a23fd95c0e1fb13dcd0aa9f6,2023-01-11T07:32:00Z,RETEST_EXPIRED,2023-01-10T21:20:00Z,,1875.23,False,False,INITIAL_CONFIRMATION_TARGET,a2ddd88979d2eb3b2949dba98e2770b02eda0686e0d98d96507ede8047497b1e,5ac64e35e95f0658ce8ae064953476e40d8faa5bd3057dc5f727b0957d4845c2,1871.03,,,,CONTROL_V2_FILLED_STOP,False,,2023-01-10T21:05:00Z,1871.03,1880.76,f391b114e00611737c92aa2fc2585a5f5f3c34a546d52e8b22ae1df3aaf850a7
dfe61175ab0c0b2818597078e727a9e7d706c396f90074c533c8f97a089bf938,1875.23,2023-01-10T21:05:00Z,ef52c2085df04136392cb0067038890c053a680b68110d9c652dc408612a586b,2023-01-10T21:05:00Z,1876.36,1871.03,2023-02-01T00:00:00Z,2023-01-10T21:00:00Z,0.17151400389524396,LONG,0.8279750737067924,49.851497568121964,M5_LATEST_CONFIRMED_OPPOSING_SWING_ELSE_CONTROL,2023-01-10T21:05:00Z,CONTROL_NEXT_M1_OPEN,1876.36,True,50a1f6c8bd5148d43bc1b96742bb03cb8399ed44acd2432070709d3f72710d42,0.9834340883892763,1.0740731748767895,2023_01,0.9970299513624393,0.8255159474671954,TARGET,2023-01-11T07:32:00Z,TARGET,928f414de4b136f53ed93b877f3414bd4a7de970cf1287da4be134358b372823,2023-01-11T07:32:00Z,RETEST_EXPIRED,2023-01-10T21:20:00Z,,1875.23,False,False,INITIAL_CONFIRMATION_TARGET,19b68cd80072f7c48d518dbea2c5c71a3578d03249e0d8a42dc32aeede567519,5ac64e35e95f0658ce8ae064953476e40d8faa5bd3057dc5f727b0957d4845c2,1871.9468928571428,1.0621428571428655,0.053107142857143276,,M5_LATEST_CONFIRMED_OPPOSING_SWING_ELSE_CONTROL,True,04142e82b025c0338551a900ae9fa4977a0dfb81c322656fb2f223b38d09458e,2023-01-10T20:35:00Z,1872.0,1880.76,f391b114e00611737c92aa2fc2585a5f5f3c34a546d52e8b22ae1df3aaf850a7
dfe61175ab0c0b2818597078e727a9e7d706c396f90074c533c8f97a089bf938,1875.23,2023-01-10T21:05:00Z,ef52c2085df04136392cb0067038890c053a680b68110d9c652dc408612a586b,2023-01-10T21:05:00Z,1876.36,1871.03,2023-02-01T00:00:00Z,2023-01-10T21:00:00Z,0.15855677167272375,LONG,0.8388769766818629,49.20363595699595,M15_LATEST_CONFIRMED_OPPOSING_SWING_ELSE_CONTROL,2023-01-10T21:05:00Z,CONTROL_NEXT_M1_OPEN,1876.36,True,2c31209bf8c443efd87a09eca1e098e9e64aefd4c47601098e49e8a8d5bb4cde,0.9706535456970636,1.0601147019825294,2023_01,0.9840727191399191,0.8255159474671954,TARGET,2023-01-11T07:32:00Z,TARGET,20c43b395f6b38d21f86e051460c96bed4120fd3e2c13586a8b002af04fee077,2023-01-11T07:32:00Z,RETEST_EXPIRED,2023-01-10T21:20:00Z,,1875.23,False,False,INITIAL_CONFIRMATION_TARGET,68ed91c839949999b60e82fe6c338879730bdfb434c6431f05732f1f05078fb4,5ac64e35e95f0658ce8ae064953476e40d8faa5bd3057dc5f727b0957d4845c2,1871.8887857142856,2.2242857142857213,0.11121428571428607,,M15_LATEST_CONFIRMED_OPPOSING_SWING_ELSE_CONTROL,True,092f73e3a3d73dea6ea76778e8c247cd903073a47b3097ffc200af60c8769517,2023-01-10T21:00:00Z,1872.0,1880.76,f391b114e00611737c92aa2fc2585a5f5f3c34a546d52e8b22ae1df3aaf850a7
dfe61175ab0c0b2818597078e727a9e7d706c396f90074c533c8f97a089bf938,1875.23,2023-01-10T21:05:00Z,ef52c2085df04136392cb0067038890c053a680b68110d9c652dc408612a586b,2023-01-10T21:05:00Z,1876.36,1871.03,2023-02-01T00:00:00Z,2023-01-10T21:00:00Z,0.0,LONG,1.0,41.275797373359765,CONTROL_V2_FILLED_STOP,2023-01-10T21:05:00Z,CONTROL_NEXT_M1_OPEN,1876.36,True,34cf779494ae73a7bb6eefd4d1171fdd133f180264eeef69225c1c7e1f941073,0.8142589118198832,0.8893058161350983,2023_01,0.8255159474671954,0.8255159474671954,TARGET,2023-01-11T07:32:00Z,TARGET,75ef46207e7fa39334eb26d31591b6afdf82aa1ef777cbbf1f6c7ba9f05d4f6f,2023-01-11T07:32:00Z,RETEST_EXPIRED,2023-01-10T21:20:00Z,,1875.23,False,False,INITIAL_CONFIRMATION_TARGET,e3d114f9ae67cba677e3b9b5f5b975fbdb55361f8eac0b4196c59bc6872e0f72,5ac64e35e95f0658ce8ae064953476e40d8faa5bd3057dc5f727b0957d4845c2,1871.03,4.377142857142871,0.21885714285714358,NOT_STRICTLY_CLOSER_THAN_CONTROL,H1_SOURCE_SWING_BUFFERED_ELSE_CONTROL,False,5ac64e35e95f0658ce8ae064953476e40d8faa5bd3057dc5f727b0957d4845c2,2023-01-10T21:00:00Z,1871.03,1880.76,f391b114e00611737c92aa2fc2585a5f5f3c34a546d52e8b22ae1df3aaf850a7
dfe61175ab0c0b2818597078e727a9e7d706c396f90074c533c8f97a089bf938,1875.23,2023-01-10T21:05:00Z,ef52c2085df04136392cb0067038890c053a680b68110d9c652dc408612a586b,2023-01-10T21:05:00Z,1876.36,1871.03,2023-02-01T00:00:00Z,2023-01-10T21:00:00Z,-0.8255159474671954,LONG,1.0,0.0,CONTROL_V2_FILLED_STOP,,M5_BROKEN_CONTROL_FIRST_RETEST,,False,0d8c1c24d3a19feb871ef2caf0803f0fdcf95b94803879871858a17bca9b04f3,,,2023_01,0.0,0.8255159474671954,TARGET,2023-01-11T07:32:00Z,NO_FILL,31f98896bb7331ac2519c06a60a1ececb0a198be3044da1b2cd123a728cf2219,,RETEST_EXPIRED,2023-01-10T21:20:00Z,,1875.23,False,False,INITIAL_CONFIRMATION_TARGET,3fed6c28be71c5c10470d5593d359ea906131484919d5e00e8d8ea48e15a7dc1,5ac64e35e95f0658ce8ae064953476e40d8faa5bd3057dc5f727b0957d4845c2,1871.03,,,,CONTROL_V2_FILLED_STOP,False,,2023-01-10T21:05:00Z,1871.03,1880.76,f391b114e00611737c92aa2fc2585a5f5f3c34a546d52e8b22ae1df3aaf850a7
dfe61175ab0c0b2818597078e727a9e7d706c396f90074c533c8f97a089bf938,1875.23,2023-01-10T21:05:00Z,ef52c2085df04136392cb0067038890c053a680b68110d9c652dc408612a586b,2023-01-10T21:05:00Z,1876.36,1871.03,2023-02-01T00:00:00Z,2023-01-10T21:00:00Z,-0.8255159474671954,LONG,0.8279750737067924,0.0,M5_LATEST_CONFIRMED_OPPOSING_SWING_ELSE_CONTROL,,M5_BROKEN_CONTROL_FIRST_RETEST,,False,50a1f6c8bd5148d43bc1b96742bb03cb8399ed44acd2432070709d3f72710d42,,,2023_01,0.0,0.8255159474671954,TARGET,2023-01-11T07:32:00Z,NO_FILL,da01631aaa0b38e95ee27320075287c9ffd9f35d3bff582e43ac2ff71ae27e79,,RETEST_EXPIRED,2023-01-10T21:20:00Z,,1875.23,False,False,INITIAL_CONFIRMATION_TARGET,eca7b66b46cda4ece1a4251efccb77b65c2f96782dcb3056e6377766a7c16b6f,5ac64e35e95f0658ce8ae064953476e40d8faa5bd3057dc5f727b0957d4845c2,1871.9468928571428,1.0621428571428655,0.053107142857143276,,M5_LATEST_CONFIRMED_OPPOSING_SWING_ELSE_CONTROL,True,04142e82b025c0338551a900ae9fa4977a0dfb81c322656fb2f223b38d09458e,2023-01-10T20:35:00Z,1872.0,1880.76,f391b114e00611737c92aa2fc2585a5f5f3c34a546d52e8b22ae1df3aaf850a7
dfe61175ab0c0b2818597078e727a9e7d706c396f90074c533c8f97a089bf938,1875.23,2023-01-10T21:05:00Z,ef52c2085df04136392cb0067038890c053a680b68110d9c652dc408612a586b,2023-01-10T21:05:00Z,1876.36,1871.03,2023-02-01T00:00:00Z,2023-01-10T21:00:00Z,-0.8255159474671954,LONG,0.8388769766818629,0.0,M15_LATEST_CONFIRMED_OPPOSING_SWING_ELSE_CONTROL,,M5_BROKEN_CONTROL_FIRST_RETEST,,False,2c31209bf8c443efd87a09eca1e098e9e64aefd4c47601098e49e8a8d5bb4cde,,,2023_01,0.0,0.8255159474671954,TARGET,2023-01-11T07:32:00Z,NO_FILL,a0767c942060a67d2beadd689684f97894326ff6618534887033ba7af90fa84d,,RETEST_EXPIRED,2023-01-10T21:20:00Z,,1875.23,False,False,INITIAL_CONFIRMATION_TARGET,0ff4994e31a2c6a1a964c588f8572607d3b03da5da13eb84c878a3d71877bb99,5ac64e35e95f0658ce8ae064953476e40d8faa5bd3057dc5f727b0957d4845c2,1871.8887857142856,2.2242857142857213,0.11121428571428607,,M15_LATEST_CONFIRMED_OPPOSING_SWING_ELSE_CONTROL,True,092f73e3a3d73dea6ea76778e8c247cd903073a47b3097ffc200af60c8769517,2023-01-10T21:00:00Z,1872.0,1880.76,f391b114e00611737c92aa2fc2585a5f5f3c34a546d52e8b22ae1df3aaf850a7
dfe61175ab0c0b2818597078e727a9e7d706c396f90074c533c8f97a089bf938,1875.23,2023-01-10T21:05:00Z,ef52c2085df04136392cb0067038890c053a680b68110d9c652dc408612a586b,2023-01-10T21:05:00Z,1876.36,1871.03,2023-02-01T00:00:00Z,2023-01-10T21:00:00Z,-0.8255159474671954,LONG,1.0,0.0,CONTROL_V2_FILLED_STOP,,M5_BROKEN_CONTROL_FIRST_RETEST,,False,34cf779494ae73a7bb6eefd4d1171fdd133f180264eeef69225c1c7e1f941073,,,2023_01,0.0,0.8255159474671954,TARGET,2023-01-11T07:32:00Z,NO_FILL,f7cb6ccc2717caa50686f995d768e59eaaa0ce95b5e1a85f36c585b6c0736ec9,,RETEST_EXPIRED,2023-01-10T21:20:00Z,,1875.23,False,False,INITIAL_CONFIRMATION_TARGET,90049e9f405426f90a5902c36fdf1226272ddee62267d588c7185ac4923901f9,5ac64e35e95f0658ce8ae064953476e40d8faa5bd3057dc5f727b0957d4845c2,1871.03,4.377142857142871,0.21885714285714358,NOT_STRICTLY_CLOSER_THAN_CONTROL,H1_SOURCE_SWING_BUFFERED_ELSE_CONTROL,False,5ac64e35e95f0658ce8ae064953476e40d8faa5bd3057dc5f727b0957d4845c2,2023-01-10T21:00:00Z,1871.03,1880.76,f391b114e00611737c92aa2fc2585a5f5f3c34a546d52e8b22ae1df3aaf850a7
dfe61175ab0c0b2818597078e727a9e7d706c396f90074c533c8f97a089bf938,1875.23,2023-01-10T21:05:00Z,ef52c2085df04136392cb0067038890c053a680b68110d9c652dc408612a586b,2023-01-10T21:05:00Z,1876.36,1871.03,2023-02-01T00:00:00Z,2023-01-10T21:00:00Z,-0.6191369606003965,LONG,1.0,10.318949343339941,CONTROL_V2_FILLED_STOP,2023-01-10T21:05:00Z,CONFIRMED_25_75_RETEST_SPLIT,1876.36,True,0d8c1c24d3a19feb871ef2caf0803f0fdcf95b94803879871858a17bca9b04f3,0.2035647279549708,0.22232645403377457,2023_01,0.20637898686679884,0.8255159474671954,TARGET,2023-01-11T07:32:00Z,SPLIT_CONTROL_TARGET_NO_RETEST,f7489d718bf134f8f993108b3a9816a51ba360acd0b2ab6d5e96ec6b46179176,2023-01-11T07:32:00Z,RETEST_EXPIRED,2023-01-10T21:20:00Z,,1875.23,False,False,INITIAL_CONFIRMATION_TARGET,e27e8063151baad4c983344f23e9472faac88dbe4f964b252a952387e9ef1a79,5ac64e35e95f0658ce8ae064953476e40d8faa5bd3057dc5f727b0957d4845c2,1871.03,,,,CONTROL_V2_FILLED_STOP,False,,2023-01-10T21:05:00Z,1871.03,1880.76,f391b114e00611737c92aa2fc2585a5f5f3c34a546d52e8b22ae1df3aaf850a7
dfe61175ab0c0b2818597078e727a9e7d706c396f90074c533c8f97a089bf938,1875.23,2023-01-10T21:05:00Z,ef52c2085df04136392cb0067038890c053a680b68110d9c652dc408612a586b,2023-01-10T21:05:00Z,1876.36,1871.03,2023-02-01T00:00:00Z,2023-01-10T21:00:00Z,-0.5762584596265855,LONG,0.8279750737067924,12.462874392030491,M5_LATEST_CONFIRMED_OPPOSING_SWING_ELSE_CONTROL,2023-01-10T21:05:00Z,CONFIRMED_25_75_RETEST_SPLIT,1876.36,True,50a1f6c8bd5148d43bc1b96742bb03cb8399ed44acd2432070709d3f72710d42,0.24585852209731907,0.2685182937191974,2023_01,0.24925748784060983,0.8255159474671954,TARGET,2023-01-11T07:32:00Z,SPLIT_CONTROL_TARGET_NO_RETEST,a5a92ad6bd288d5ff204eb3303bc1232bd3c764c309912f637fd195a0df25146,2023-01-11T07:32:00Z,RETEST_EXPIRED,2023-01-10T21:20:00Z,,1875.23,False,False,INITIAL_CONFIRMATION_TARGET,93cf841aed2d1385b7355dc0069421efada2617cd2eb8f23ff87381e2993258f,5ac64e35e95f0658ce8ae064953476e40d8faa5bd3057dc5f727b0957d4845c2,1871.9468928571428,1.0621428571428655,0.053107142857143276,,M5_LATEST_CONFIRMED_OPPOSING_SWING_ELSE_CONTROL,True,04142e82b025c0338551a900ae9fa4977a0dfb81c322656fb2f223b38d09458e,2023-01-10T20:35:00Z,1872.0,1880.76,f391b114e00611737c92aa2fc2585a5f5f3c34a546d52e8b22ae1df3aaf850a7
dfe61175ab0c0b2818597078e727a9e7d706c396f90074c533c8f97a089bf938,1875.23,2023-01-10T21:05:00Z,ef52c2085df04136392cb0067038890c053a680b68110d9c652dc408612a586b,2023-01-10T21:05:00Z,1876.36,1871.03,2023-02-01T00:00:00Z,2023-01-10T21:00:00Z,-0.5794977676822156,LONG,0.8388769766818629,12.300908989248988,M15_LATEST_CONFIRMED_OPPOSING_SWING_ELSE_CONTROL,2023-01-10T21:05:00Z,CONFIRMED_25_75_RETEST_SPLIT,1876.36,True,2c31209bf8c443efd87a09eca1e098e9e64aefd4c47601098e49e8a8d5bb4cde,0.2426633864242659,0.26502867549563236,2023_01,0.24601817978497978,0.8255159474671954,TARGET,2023-01-11T07:32:00Z,SPLIT_CONTROL_TARGET_NO_RETEST,eeb52028dd7115148bf7791aac2161950cdda4d9d5470c5bbb3fa13d790efbad,2023-01-11T07:32:00Z,RETEST_EXPIRED,2023-01-10T21:20:00Z,,1875.23,False,False,INITIAL_CONFIRMATION_TARGET,4677717fa0b5a1ab73baf5c7d63740b3754d6f72bb5213e75fcbb8371d88a75b,5ac64e35e95f0658ce8ae064953476e40d8faa5bd3057dc5f727b0957d4845c2,1871.8887857142856,2.2242857142857213,0.11121428571428607,,M15_LATEST_CONFIRMED_OPPOSING_SWING_ELSE_CONTROL,True,092f73e3a3d73dea6ea76778e8c247cd903073a47b3097ffc200af60c8769517,2023-01-10T21:00:00Z,1872.0,1880.76,f391b114e00611737c92aa2fc2585a5f5f3c34a546d52e8b22ae1df3aaf850a7
dfe61175ab0c0b2818597078e727a9e7d706c396f90074c533c8f97a089bf938,1875.23,2023-01-10T21:05:00Z,ef52c2085df04136392cb0067038890c053a680b68110d9c652dc408612a586b,2023-01-10T21:05:00Z,1876.36,1871.03,2023-02-01T00:00:00Z,2023-01-10T21:00:00Z,-0.6191369606003965,LONG,1.0,10.318949343339941,CONTROL_V2_FILLED_STOP,2023-01-10T21:05:00Z,CONFIRMED_25_75_RETEST_SPLIT,1876.36,True,34cf779494ae73a7bb6eefd4d1171fdd133f180264eeef69225c1c7e1f941073,0.2035647279549708,0.22232645403377457,2023_01,0.20637898686679884,0.8255159474671954,TARGET,2023-01-11T07:32:00Z,SPLIT_CONTROL_TARGET_NO_RETEST,87c8e18c946a90615834c5e98d3496dad511cd650e345a9b29287b41d0c71f5f,2023-01-11T07:32:00Z,RETEST_EXPIRED,2023-01-10T21:20:00Z,,1875.23,False,False,INITIAL_CONFIRMATION_TARGET,89312813e945cec8c7ebd46a1898e583a8dd4d903ce348f6ba96fc8cb28649d0,5ac64e35e95f0658ce8ae064953476e40d8faa5bd3057dc5f727b0957d4845c2,1871.03,4.377142857142871,0.21885714285714358,NOT_STRICTLY_CLOSER_THAN_CONTROL,H1_SOURCE_SWING_BUFFERED_ELSE_CONTROL,False,5ac64e35e95f0658ce8ae064953476e40d8faa5bd3057dc5f727b0957d4845c2,2023-01-10T21:00:00Z,1871.03,1880.76,f391b114e00611737c92aa2fc2585a5f5f3c34a546d52e8b22ae1df3aaf850a7
5ce2e7b28c4746368a5e636daac086a95ef79b234824728820c894ac4bc0c14e,1877.15,2023-01-11T06:05:00Z,5678cf2b98af5445da18374014413912de4c86ce5df2849ef2638b5727d34f1e,2023-01-11T06:05:00Z,1877.45,1872.02,2023-02-01T00:00:00Z,2023-01-11T06:00:00Z,0.0,LONG,1.0,11.510128913443696,CONTROL_V2_FILLED_STOP,2023-01-11T06:05:00Z,CONTROL_NEXT_M1_OPEN,1877.45,True,47a8ae6216ce5c94c8569d0c8505c59812cdb969ed5dece8d82a996a051495a2,0.09392265193369888,0.24493554327806843,2023_01,0.23020257826887391,0.23020257826887391,TARGET,2023-01-11T07:07:00Z,TARGET,41150c152a0a6d808917600749310d90d19f96db44e043fe9c2c8fb4efa8030e,2023-01-11T07:07:00Z,FIRST_RETEST_FILLED,2023-01-11T06:20:00Z,2023-01-11T06:05:00Z,1877.15,True,False,INITIAL_CONFIRMATION_TARGET,a34f6bc95ff38fc77338678b7ecb5f8ca514866cdb6a6651d3fe4a2713dbf767,076dcc0d72b288abd405e37d6d01fa2ea24583417db1acc2dcd44587a558295b,1872.02,,,,CONTROL_V2_FILLED_STOP,False,,2023-01-11T06:05:00Z,1872.02,1878.7,1f5731191274ce9bcaf63417668cc58c8e7843e0b8e3479461541cb90173a4e5
5ce2e7b28c4746368a5e636daac086a95ef79b234824728820c894ac4bc0c14e,1877.15,2023-01-11T06:05:00Z,5678cf2b98af5445da18374014413912de4c86ce5df2849ef2638b5727d34f1e,2023-01-11T06:05:00Z,1877.45,1872.02,2023-02-01T00:00:00Z,2023-01-11T06:00:00Z,0.21216344802032294,LONG,0.5203893712180757,22.118301314459842,M5_LATEST_CONFIRMED_OPPOSING_SWING_ELSE_CONTROL,2023-01-11T06:05:00Z,CONTROL_NEXT_M1_OPEN,1877.45,True,c35e663d6f4c8b8f6738d7bad82540711d091af1bf1599cd1159c1c13efbf3d5,0.1804853387259891,0.4706774519716797,2023_01,0.44236602628919686,0.23020257826887391,TARGET,2023-01-11T07:07:00Z,TARGET,67de68da74375f71b0818214d0ee0decd99ab18cb4dbbe098fbfdbf82abe3833,2023-01-11T07:07:00Z,FIRST_RETEST_FILLED,2023-01-11T06:20:00Z,2023-01-11T06:05:00Z,1877.15,True,False,INITIAL_CONFIRMATION_TARGET,d08597f721db68a71dc422d5bdf650ee25244b7c7a3eaece9c4004854dcd0531,076dcc0d72b288abd405e37d6d01fa2ea24583417db1acc2dcd44587a558295b,1874.6242857142859,0.7142857142856818,0.03571428571428409,,M5_LATEST_CONFIRMED_OPPOSING_SWING_ELSE_CONTROL,True,94c078b225f524acf05b3d99d0accd67ebd04003142e16242f9aa71e799670f9,2023-01-11T05:25:00Z,1874.66,1878.7,1f5731191274ce9bcaf63417668cc58c8e7843e0b8e3479461541cb90173a4e5
5ce2e7b28c4746368a5e636daac086a95ef79b234824728820c894ac4bc0c14e,1877.15,2023-01-11T06:05:00Z,5678cf2b98af5445da18374014413912de4c86ce5df2849ef2638b5727d34f1e,2023-01-11T06:05:00Z,1877.45,1872.02,2023-02-01T00:00:00Z,2023-01-11T06:00:00Z,0.0,LONG,1.0,11.510128913443696,CONTROL_V2_FILLED_STOP,2023-01-11T06:05:00Z,CONTROL_NEXT_M1_OPEN,1877.45,True,26a4065876c6d0896a5602b2d87ddfabfb62979a026911192eb6fac4feea4074,0.09392265193369888,0.24493554327806843,2023_01,0.23020257826887391,0.23020257826887391,TARGET,2023-01-11T07:07:00Z,TARGET,3bdaac7f1d472b421bf31192d6f9c57b8bef6de06e0c82286ee5e31d7e4d83f8,2023-01-11T07:07:00Z,FIRST_RETEST_FILLED,2023-01-11T06:20:00Z,2023-01-11T06:05:00Z,1877.15,True,False,INITIAL_CONFIRMATION_TARGET,97477ae502f59fbc181dcb45ba198ca71cbba608de79ecd0d6b22c00392affbe,076dcc0d72b288abd405e37d6d01fa2ea24583417db1acc2dcd44587a558295b,1872.02,1.7071428571428637,0.08535714285714319,NOT_STRICTLY_CLOSER_THAN_CONTROL,M15_LATEST_CONFIRMED_OPPOSING_SWING_ELSE_CONTROL,False,162fe469ce190effce202f9dc9e9c84a5ff4cb130b382075f809581db8198cd3,2023-01-11T04:15:00Z,1872.02,1878.7,1f5731191274ce9bcaf63417668cc58c8e7843e0b8e3479461541cb90173a4e5
5ce2e7b28c4746368a5e636daac086a95ef79b234824728820c894ac4bc0c14e,1877.15,2023-01-11T06:05:00Z,5678cf2b98af5445da18374014413912de4c86ce5df2849ef2638b5727d34f1e,2023-01-11T06:05:00Z,1877.45,1872.02,2023-02-01T00:00:00Z,2023-01-11T06:00:00Z,0.0,LONG,1.0,11.510128913443696,CONTROL_V2_FILLED_STOP,2023-01-11T06:05:00Z,CONTROL_NEXT_M1_OPEN,1877.45,True,d85e17e653b5b3dedb54c3b6ae553ef0d01863f53edd5735bb29e946e34fdcdd,0.09392265193369888,0.24493554327806843,2023_01,0.23020257826887391,0.23020257826887391,TARGET,2023-01-11T07:07:00Z,TARGET,d92849425312a7d6c25567f6bab7a10b4f15c167e0d5ded866f43c658b80ff05,2023-01-11T07:07:00Z,FIRST_RETEST_FILLED,2023-01-11T06:20:00Z,2023-01-11T06:05:00Z,1877.15,True,False,INITIAL_CONFIRMATION_TARGET,640c72f184543718de4bc42ff0f1a006ddf6d32e1b393735983ee139ab1190e3,076dcc0d72b288abd405e37d6d01fa2ea24583417db1acc2dcd44587a558295b,1872.02,4.343571428571441,0.21717857142857208,NOT_STRICTLY_CLOSER_THAN_CONTROL,H1_SOURCE_SWING_BUFFERED_ELSE_CONTROL,False,076dcc0d72b288abd405e37d6d01fa2ea24583417db1acc2dcd44587a558295b,2023-01-11T06:00:00Z,1872.02,1878.7,1f5731191274ce9bcaf63417668cc58c8e7843e0b8e3479461541cb90173a4e5
5ce2e7b28c4746368a5e636daac086a95ef79b234824728820c894ac4bc0c14e,1877.15,2023-01-11T06:05:00Z,5678cf2b98af5445da18374014413912de4c86ce5df2849ef2638b5727d34f1e,2023-01-11T06:05:00Z,1877.45,1872.02,2023-02-01T00:00:00Z,2023-01-11T06:00:00Z,0.07194167124378137,LONG,1.0,15.107212475632764,CONTROL_V2_FILLED_STOP,2023-01-11T06:05:00Z,M5_BROKEN_CONTROL_FIRST_RETEST,1877.15,True,47a8ae6216ce5c94c8569d0c8505c59812cdb969ed5dece8d82a996a051495a2,0.040935672514626105,0.3177387914229721,2023_01,0.3021442495126553,0.23020257826887391,TARGET,2023-01-11T07:07:00Z,TARGET,e9b0e5ee0617872f02f669d1a542133b52b247ab9765424de7ba626d66f9d688,2023-01-11T07:07:00Z,FIRST_RETEST_FILLED,2023-01-11T06:20:00Z,2023-01-11T06:05:00Z,1877.15,True,True,INITIAL_CONFIRMATION_TARGET,e8ed5d132c11842b43d2168685c9bf3e76019dbd23ff91d20d8b38979a277586,076dcc0d72b288abd405e37d6d01fa2ea24583417db1acc2dcd44587a558295b,1872.02,,,,CONTROL_V2_FILLED_STOP,False,,2023-01-11T06:05:00Z,1872.02,1878.7,1f5731191274ce9bcaf63417668cc58c8e7843e0b8e3479461541cb90173a4e5
5ce2e7b28c4746368a5e636daac086a95ef79b234824728820c894ac4bc0c14e,1877.15,2023-01-11T06:05:00Z,5678cf2b98af5445da18374014413912de4c86ce5df2849ef2638b5727d34f1e,2023-01-11T06:05:00Z,1877.45,1872.02,2023-02-01T00:00:00Z,2023-01-11T06:00:00Z,0.38348520453655155,LONG,0.5203893712180757,30.68438914027127,M5_LATEST_CONFIRMED_OPPOSING_SWING_ELSE_CONTROL,2023-01-11T06:05:00Z,M5_BROKEN_CONTROL_FIRST_RETEST,1877.15,True,c35e663d6f4c8b8f6738d7bad82540711d091af1bf1599cd1159c1c13efbf3d5,0.08314479638010674,0.6453619909501938,2023_01,0.6136877828054255,0.23020257826887391,TARGET,2023-01-11T07:07:00Z,TARGET,72cc4448abc02e4af34a5938ecb4636450b9e8fe4de1c577cde3cbea3bfd2f72,2023-01-11T07:07:00Z,FIRST_RETEST_FILLED,2023-01-11T06:20:00Z,2023-01-11T06:05:00Z,1877.15,True,True,INITIAL_CONFIRMATION_TARGET,f7850ba52204e3ecedab0dbc42a875e5f9be8b3886a30276280394d72e013028,076dcc0d72b288abd405e37d6d01fa2ea24583417db1acc2dcd44587a558295b,1874.6242857142859,0.7142857142856818,0.03571428571428409,,M5_LATEST_CONFIRMED_OPPOSING_SWING_ELSE_CONTROL,True,94c078b225f524acf05b3d99d0accd67ebd04003142e16242f9aa71e799670f9,2023-01-11T05:25:00Z,1874.66,1878.7,1f5731191274ce9bcaf63417668cc58c8e7843e0b8e3479461541cb90173a4e5
5ce2e7b28c4746368a5e636daac086a95ef79b234824728820c894ac4bc0c14e,1877.15,2023-01-11T06:05:00Z,5678cf2b98af5445da18374014413912de4c86ce5df2849ef2638b5727d34f1e,2023-01-11T06:05:00Z,1877.45,1872.02,2023-02-01T00:00:00Z,2023-01-11T06:00:00Z,0.07194167124378137,LONG,1.0,15.107212475632764,CONTROL_V2_FILLED_STOP,2023-01-11T06:05:00Z,M5_BROKEN_CONTROL_FIRST_RETEST,1877.15,True,26a4065876c6d0896a5602b2d87ddfabfb62979a026911192eb6fac4feea4074,0.040935672514626105,0.3177387914229721,2023_01,0.3021442495126553,0.23020257826887391,TARGET,2023-01-11T07:07:00Z,TARGET,94d6f71473a8c58cd71b11f7d16803a537c916ccf3f62f182ea98ad0674585a3,2023-01-11T07:07:00Z,FIRST_RETEST_FILLED,2023-01-11T06:20:00Z,2023-01-11T06:05:00Z,1877.15,True,True,INITIAL_CONFIRMATION_TARGET,b8151375913acaec6f29c965498f742a91815c7bc7f47e6a268cf4cd32f8aeab,076dcc0d72b288abd405e37d6d01fa2ea24583417db1acc2dcd44587a558295b,1872.02,1.7071428571428637,0.08535714285714319,NOT_STRICTLY_CLOSER_THAN_CONTROL,M15_LATEST_CONFIRMED_OPPOSING_SWING_ELSE_CONTROL,False,162fe469ce190effce202f9dc9e9c84a5ff4cb130b382075f809581db8198cd3,2023-01-11T04:15:00Z,1872.02,1878.7,1f5731191274ce9bcaf63417668cc58c8e7843e0b8e3479461541cb90173a4e5
5ce2e7b28c4746368a5e636daac086a95ef79b234824728820c894ac4bc0c14e,1877.15,2023-01-11T06:05:00Z,5678cf2b98af5445da18374014413912de4c86ce5df2849ef2638b5727d34f1e,2023-01-11T06:05:00Z,1877.45,1872.02,2023-02-01T00:00:00Z,2023-01-11T06:00:00Z,0.07194167124378137,LONG,1.0,15.107212475632764,CONTROL_V2_FILLED_STOP,2023-01-11T06:05:00Z,M5_BROKEN_CONTROL_FIRST_RETEST,1877.15,True,d85e17e653b5b3dedb54c3b6ae553ef0d01863f53edd5735bb29e946e34fdcdd,0.040935672514626105,0.3177387914229721,2023_01,0.3021442495126553,0.23020257826887391,TARGET,2023-01-11T07:07:00Z,TARGET,2af353a611cd7f9678a6d6b169a485b325cd923fcb42a855c395f361ee9518f0,2023-01-11T07:07:00Z,FIRST_RETEST_FILLED,2023-01-11T06:20:00Z,2023-01-11T06:05:00Z,1877.15,True,True,INITIAL_CONFIRMATION_TARGET,fd7fd6a7298777218c9ae26121a22b1e3cab95e4bfa62b426ae13e278169faa1,076dcc0d72b288abd405e37d6d01fa2ea24583417db1acc2dcd44587a558295b,1872.02,4.343571428571441,0.21717857142857208,NOT_STRICTLY_CLOSER_THAN_CONTROL,H1_SOURCE_SWING_BUFFERED_ELSE_CONTROL,False,076dcc0d72b288abd405e37d6d01fa2ea24583417db1acc2dcd44587a558295b,2023-01-11T06:00:00Z,1872.02,1878.7,1f5731191274ce9bcaf63417668cc58c8e7843e0b8e3479461541cb90173a4e5
5ce2e7b28c4746368a5e636daac086a95ef79b234824728820c894ac4bc0c14e,1877.15,2023-01-11T06:05:00Z,5678cf2b98af5445da18374014413912de4c86ce5df2849ef2638b5727d34f1e,2023-01-11T06:05:00Z,1877.45,1872.02,2023-02-01T00:00:00Z,2023-01-11T06:00:00Z,0.053956253432836054,LONG,1.0,14.207941585085498,CONTROL_V2_FILLED_STOP,2023-01-11T06:05:00Z,CONFIRMED_25_75_RETEST_SPLIT,1877.45,True,47a8ae6216ce5c94c8569d0c8505c59812cdb969ed5dece8d82a996a051495a2,0.0541824173693943,0.2995379793867462,2023_01,0.28415883170170997,0.23020257826887391,TARGET,2023-01-11T07:07:00Z,SPLIT_TARGET_TARGET,efecd3e57a5d05b9991522b099e7808722becce1ff416cfa4cc1adf1bc8f35ea,2023-01-11T07:07:00Z,FIRST_RETEST_FILLED,2023-01-11T06:20:00Z,2023-01-11T06:05:00Z,1877.15,True,True,INITIAL_CONFIRMATION_TARGET,48e2a9b536a41ae23b26e9591f58caa5fec7b6e1efe29286a803787cc6c404d6,076dcc0d72b288abd405e37d6d01fa2ea24583417db1acc2dcd44587a558295b,1872.02,,,,CONTROL_V2_FILLED_STOP,False,,2023-01-11T06:05:00Z,1872.02,1878.7,1f5731191274ce9bcaf63417668cc58c8e7843e0b8e3479461541cb90173a4e5
5ce2e7b28c4746368a5e636daac086a95ef79b234824728820c894ac4bc0c14e,1877.15,2023-01-11T06:05:00Z,5678cf2b98af5445da18374014413912de4c86ce5df2849ef2638b5727d34f1e,2023-01-11T06:05:00Z,1877.45,1872.02,2023-02-01T00:00:00Z,2023-01-11T06:00:00Z,0.3406547654074944,LONG,0.5203893712180757,28.542867183818416,M5_LATEST_CONFIRMED_OPPOSING_SWING_ELSE_CONTROL,2023-01-11T06:05:00Z,CONFIRMED_25_75_RETEST_SPLIT,1877.45,True,c35e663d6f4c8b8f6738d7bad82540711d091af1bf1599cd1159c1c13efbf3d5,0.10747993196657733,0.6016908562055653,2023_01,0.5708573436763683,0.23020257826887391,TARGET,2023-01-11T07:07:00Z,SPLIT_TARGET_TARGET,4ee92e8c76898ad3871e39aef45aaa42e995861ed911ad189b6c22d9564e4f01,2023-01-11T07:07:00Z,FIRST_RETEST_FILLED,2023-01-11T06:20:00Z,2023-01-11T06:05:00Z,1877.15,True,True,INITIAL_CONFIRMATION_TARGET,6dee628c4e4843875021654feb27f937e2dc7093b11feff61288ce5d21c8a3d2,076dcc0d72b288abd405e37d6d01fa2ea24583417db1acc2dcd44587a558295b,1874.6242857142859,0.7142857142856818,0.03571428571428409,,M5_LATEST_CONFIRMED_OPPOSING_SWING_ELSE_CONTROL,True,94c078b225f524acf05b3d99d0accd67ebd04003142e16242f9aa71e799670f9,2023-01-11T05:25:00Z,1874.66,1878.7,1f5731191274ce9bcaf63417668cc58c8e7843e0b8e3479461541cb90173a4e5
5ce2e7b28c4746368a5e636daac086a95ef79b234824728820c894ac4bc0c14e,1877.15,2023-01-11T06:05:00Z,5678cf2b98af5445da18374014413912de4c86ce5df2849ef2638b5727d34f1e,2023-01-11T06:05:00Z,1877.45,1872.02,2023-02-01T00:00:00Z,2023-01-11T06:00:00Z,0.053956253432836054,LONG,1.0,14.207941585085498,CONTROL_V2_FILLED_STOP,2023-01-11T06:05:00Z,CONFIRMED_25_75_RETEST_SPLIT,1877.45,True,26a4065876c6d0896a5602b2d87ddfabfb62979a026911192eb6fac4feea4074,0.0541824173693943,0.2995379793867462,2023_01,0.28415883170170997,0.23020257826887391,TARGET,2023-01-11T07:07:00Z,SPLIT_TARGET_TARGET,31c20ae1b3a33e234e4e7096610e0d778e860fb6c733eef148eb241b65f8f37e,2023-01-11T07:07:00Z,FIRST_RETEST_FILLED,2023-01-11T06:20:00Z,2023-01-11T06:05:00Z,1877.15,True,True,INITIAL_CONFIRMATION_TARGET,9f09ba8bfcd0e2b69611b2a8acbfea8275e66a5f792b54d0f9331c9484f323f4,076dcc0d72b288abd405e37d6d01fa2ea24583417db1acc2dcd44587a558295b,1872.02,1.7071428571428637,0.08535714285714319,NOT_STRICTLY_CLOSER_THAN_CONTROL,M15_LATEST_CONFIRMED_OPPOSING_SWING_ELSE_CONTROL,False,162fe469ce190effce202f9dc9e9c84a5ff4cb130b382075f809581db8198cd3,2023-01-11T04:15:00Z,1872.02,1878.7,1f5731191274ce9bcaf63417668cc58c8e7843e0b8e3479461541cb90173a4e5
5ce2e7b28c4746368a5e636daac086a95ef79b234824728820c894ac4bc0c14e,1877.15,2023-01-11T06:05:00Z,5678cf2b98af5445da18374014413912de4c86ce5df2849ef2638b5727d34f1e,2023-01-11T06:05:00Z,1877.45,1872.02,2023-02-01T00:00:00Z,2023-01-11T06:00:00Z,0.053956253432836054,LONG,1.0,14.207941585085498,CONTROL_V2_FILLED_STOP,2023-01-11T06:05:00Z,CONFIRMED_25_75_RETEST_SPLIT,1877.45,True,d85e17e653b5b3dedb54c3b6ae553ef0d01863f53edd5735bb29e946e34fdcdd,0.0541824173693943,0.2995379793867462,2023_01,0.28415883170170997,0.23020257826887391,TARGET,2023-01-11T07:07:00Z,SPLIT_TARGET_TARGET,c869b4444a08ee2eda38ef3dcea37999cc6bd828b2c102cb3707d249e618599a,2023-01-11T07:07:00Z,FIRST_RETEST_FILLED,2023-01-11T06:20:00Z,2023-01-11T06:05:00Z,1877.15,True,True,INITIAL_CONFIRMATION_TARGET,ed8bfa8d1d81006e48338033cafa4c8905b0a0cd713d292e3dc6dd85378d64f8,076dcc0d72b288abd405e37d6d01fa2ea24583417db1acc2dcd44587a558295b,1872.02,4.343571428571441,0.21717857142857208,NOT_STRICTLY_CLOSER_THAN_CONTROL,H1_SOURCE_SWING_BUFFERED_ELSE_CONTROL,False,076dcc0d72b288abd405e37d6d01fa2ea24583417db1acc2dcd44587a558295b,2023-01-11T06:00:00Z,1872.02,1878.7,1f5731191274ce9bcaf63417668cc58c8e7843e0b8e3479461541cb90173a4e5
b04990aa17f6ca9173de2b4c7ddaa5e556b73e6f626e7a054d365c694a5013fd,1883.3,2023-01-11T14:05:00Z,75349d268e4b73c0da6602bc1bcdd7c6a68be1bb1a2b8a626c01178a12c95953,2023-01-11T14:05:00Z,1882.34,1886.58,2023-02-01T00:00:00Z,2023-01-11T14:00:00Z,0.0,SHORT,1.0,121.69811320754616,CONTROL_V2_FILLED_STOP,2023-01-11T14:05:00Z,CONTROL_NEXT_M1_OPEN,1882.34,True,20ddd288e963bcda24a41add82658550270a131d099110f79337d13fc6930629,0.13915094339626044,2.4433962264150657,2023_01,2.433962264150923,2.433962264150923,TARGET,2023-01-11T16:46:00Z,TARGET,c741031357f2f2a8906adebce9123ab721948f9a534700b8c518aa12c5703607,2023-01-11T16:46:00Z,RETEST_EXPIRED,2023-01-11T14:20:00Z,,1883.3,False,False,INITIAL_CONFIRMATION_TARGET,bdd6469c69b96a19a41c4ce4f9b3cd83a354224d50165e22535c3f01529efee7,a6cf6f4d3e12baa2636bd0ad5a2238c8c96ea2c54053a9ad153767b5ee9a007a,1886.58,,,,CONTROL_V2_FILLED_STOP,False,,2023-01-11T14:05:00Z,1886.58,1872.02,602683814905ddfcab40299fea2beb9bef1bbf3e0965206890f675cfe462a468
b04990aa17f6ca9173de2b4c7ddaa5e556b73e6f626e7a054d365c694a5013fd,1883.3,2023-01-11T14:05:00Z,75349d268e4b73c0da6602bc1bcdd7c6a68be1bb1a2b8a626c01178a12c95953,2023-01-11T14:05:00Z,1882.34,1886.58,2023-02-01T00:00:00Z,2023-01-11T14:00:00Z,0.2786913411737513,SHORT,0.8972624663072692,135.6326802662337,M5_LATEST_CONFIRMED_OPPOSING_SWING_ELSE_CONTROL,2023-01-11T14:05:00Z,CONTROL_NEXT_M1_OPEN,1882.34,True,f175215bfa50b3795c4e3aae348a6bea0ed8be816ff6e5ab7760fdf33a0c920c,0.1550838785990274,2.7231677665856133,2023_01,2.7126536053246744,2.433962264150923,TARGET,2023-01-11T16:46:00Z,TARGET,444e3c75a04ed817fe0c3b01c80c9c9901880be939807daca49039d8d67fc1b7,2023-01-11T16:46:00Z,RETEST_EXPIRED,2023-01-11T14:20:00Z,,1883.3,False,False,INITIAL_CONFIRMATION_TARGET,a663e5427beb063c6ea062b48f022735f46b39a5317f0a28c53de99fc29c7349,a6cf6f4d3e12baa2636bd0ad5a2238c8c96ea2c54053a9ad153767b5ee9a007a,1886.1443928571427,0.8878571428571311,0.04439285714285656,,M5_LATEST_CONFIRMED_OPPOSING_SWING_ELSE_CONTROL,True,f5f7ff00241a44bf7231f539be65a676889265ecf0af64bdee69e559b61349d0,2023-01-11T13:35:00Z,1886.1,1872.02,602683814905ddfcab40299fea2beb9bef1bbf3e0965206890f675cfe462a468
b04990aa17f6ca9173de2b4c7ddaa5e556b73e6f626e7a054d365c694a5013fd,1883.3,2023-01-11T14:05:00Z,75349d268e4b73c0da6602bc1bcdd7c6a68be1bb1a2b8a626c01178a12c95953,2023-01-11T14:05:00Z,1882.34,1886.58,2023-02-01T00:00:00Z,2023-01-11T14:00:00Z,0.24519030179406753,SHORT,0.9084821428571449,133.95762829724953,M15_LATEST_CONFIRMED_OPPOSING_SWING_ELSE_CONTROL,2023-01-11T14:05:00Z,CONTROL_NEXT_M1_OPEN,1882.34,True,0979de2673b9b12f8e8cd9a8496ef0fe46bacbea73ed05fd79bf7a1e2ecb404d,0.15316860599883178,2.6895368782160856,2023_01,2.6791525659449906,2.433962264150923,TARGET,2023-01-11T16:46:00Z,TARGET,d2865768d737cdf5acf99fd57c284ee3c940fdf34b710db03598b79d8f48f1bd,2023-01-11T16:46:00Z,RETEST_EXPIRED,2023-01-11T14:20:00Z,,1883.3,False,False,INITIAL_CONFIRMATION_TARGET,4bc3355e53501a2d0dffb9bdd68c44304344b5cc15ef6bcb3112bba4da0b469f,a6cf6f4d3e12baa2636bd0ad5a2238c8c96ea2c54053a9ad153767b5ee9a007a,1886.1919642857142,1.839285714285698,0.0919642857142849,,M15_LATEST_CONFIRMED_OPPOSING_SWING_ELSE_CONTROL,True,765ae298c95a974bfb46b193e860a82bf3ff79bb03319a3987fcf235430a88c6,2023-01-11T14:00:00Z,1886.1,1872.02,602683814905ddfcab40299fea2beb9bef1bbf3e0965206890f675cfe462a468
b04990aa17f6ca9173de2b4c7ddaa5e556b73e6f626e7a054d365c694a5013fd,1883.3,2023-01-11T14:05:00Z,75349d268e4b73c0da6602bc1bcdd7c6a68be1bb1a2b8a626c01178a12c95953,2023-01-11T14:05:00Z,1882.34,1886.58,2023-02-01T00:00:00Z,2023-01-11T14:00:00Z,0.0,SHORT,1.0,121.69811320754616,CONTROL_V2_FILLED_STOP,2023-01-11T14:05:00Z,CONTROL_NEXT_M1_OPEN,1882.34,True,cf9668b86350442a980e60543b6053b78502658dc145fc419e4ef9e0833f1f25,0.13915094339626044,2.4433962264150657,2023_01,2.433962264150923,2.433962264150923,TARGET,2023-01-11T16:46:00Z,TARGET,dcbc80fab390f99a50cbed105bf57a19101ee3a27a45fd4a3990448a7c418691,2023-01-11T16:46:00Z,RETEST_EXPIRED,2023-01-11T14:20:00Z,,1883.3,False,False,INITIAL_CONFIRMATION_TARGET,17b59f4b31ff43aa04b0e2bcf9b9cce1d372609fe11c08fd1f1f1af73c69dd49,a6cf6f4d3e12baa2636bd0ad5a2238c8c96ea2c54053a9ad153767b5ee9a007a,1886.58,3.657857142857129,0.18289285714285647,NOT_STRICTLY_CLOSER_THAN_CONTROL,H1_SOURCE_SWING_BUFFERED_ELSE_CONTROL,False,a6cf6f4d3e12baa2636bd0ad5a2238c8c96ea2c54053a9ad153767b5ee9a007a,2023-01-11T14:00:00Z,1886.58,1872.02,602683814905ddfcab40299fea2beb9bef1bbf3e0965206890f675cfe462a468
b04990aa17f6ca9173de2b4c7ddaa5e556b73e6f626e7a054d365c694a5013fd,1883.3,2023-01-11T14:05:00Z,75349d268e4b73c0da6602bc1bcdd7c6a68be1bb1a2b8a626c01178a12c95953,2023-01-11T14:05:00Z,1882.34,1886.58,2023-02-01T00:00:00Z,2023-01-11T14:00:00Z,-2.433962264150923,SHORT,1.0,0.0,CONTROL_V2_FILLED_STOP,,M5_BROKEN_CONTROL_FIRST_RETEST,,False,20ddd288e963bcda24a41add82658550270a131d099110f79337d13fc6930629,,,2023_01,0.0,2.433962264150923,TARGET,2023-01-11T16:46:00Z,NO_FILL,ee6ec0d947c6fd8692eee3346212ac93c23e3749261df5bad5bbfa2a485c7593,,RETEST_EXPIRED,2023-01-11T14:20:00Z,,1883.3,False,False,INITIAL_CONFIRMATION_TARGET,ec283955da3292252ea9e8506059baadfbb58cb0cffb9f730fb4b6130c5227d6,a6cf6f4d3e12baa2636bd0ad5a2238c8c96ea2c54053a9ad153767b5ee9a007a,1886.58,,,,CONTROL_V2_FILLED_STOP,False,,2023-01-11T14:05:00Z,1886.58,1872.02,602683814905ddfcab40299fea2beb9bef1bbf3e0965206890f675cfe462a468
b04990aa17f6ca9173de2b4c7ddaa5e556b73e6f626e7a054d365c694a5013fd,1883.3,2023-01-11T14:05:00Z,75349d268e4b73c0da6602bc1bcdd7c6a68be1bb1a2b8a626c01178a12c95953,2023-01-11T14:05:00Z,1882.34,1886.58,2023-02-01T00:00:00Z,2023-01-11T14:00:00Z,-2.433962264150923,SHORT,0.8972624663072692,0.0,M5_LATEST_CONFIRMED_OPPOSING_SWING_ELSE_CONTROL,,M5_BROKEN_CONTROL_FIRST_RETEST,,False,f175215bfa50b3795c4e3aae348a6bea0ed8be816ff6e5ab7760fdf33a0c920c,,,2023_01,0.0,2.433962264150923,TARGET,2023-01-11T16:46:00Z,NO_FILL,fbdaecb229f0a136f313d168248906afb594e527efc14abfb8e9cb5320e6f31e,,RETEST_EXPIRED,2023-01-11T14:20:00Z,,1883.3,False,False,INITIAL_CONFIRMATION_TARGET,d0172940ac9be540b6e444041dc99a56ef9453b3c6c322ad4149395bf9e9f34b,a6cf6f4d3e12baa2636bd0ad5a2238c8c96ea2c54053a9ad153767b5ee9a007a,1886.1443928571427,0.8878571428571311,0.04439285714285656,,M5_LATEST_CONFIRMED_OPPOSING_SWING_ELSE_CONTROL,True,f5f7ff00241a44bf7231f539be65a676889265ecf0af64bdee69e559b61349d0,2023-01-11T13:35:00Z,1886.1,1872.02,602683814905ddfcab40299fea2beb9bef1bbf3e0965206890f675cfe462a468
b04990aa17f6ca9173de2b4c7ddaa5e556b73e6f626e7a054d365c694a5013fd,1883.3,2023-01-11T14:05:00Z,75349d268e4b73c0da6602bc1bcdd7c6a68be1bb1a2b8a626c01178a12c95953,2023-01-11T14:05:00Z,1882.34,1886.58,2023-02-01T00:00:00Z,2023-01-11T14:00:00Z,-2.433962264150923,SHORT,0.9084821428571449,0.0,M15_LATEST_CONFIRMED_OPPOSING_SWING_ELSE_CONTROL,,M5_BROKEN_CONTROL_FIRST_RETEST,,False,0979de2673b9b12f8e8cd9a8496ef0fe46bacbea73ed05fd79bf7a1e2ecb404d,,,2023_01,0.0,2.433962264150923,TARGET,2023-01-11T16:46:00Z,NO_FILL,e08501fceffcae603d72a1fd343e222ce895738e6b5adee63e1f347d3951a47b,,RETEST_EXPIRED,2023-01-11T14:20:00Z,,1883.3,False,False,INITIAL_CONFIRMATION_TARGET,f8b670d741b5a8065a25e6f7c042c98fb1780891a1976d6c921fab242bf9297d,a6cf6f4d3e12baa2636bd0ad5a2238c8c96ea2c54053a9ad153767b5ee9a007a,1886.1919642857142,1.839285714285698,0.0919642857142849,,M15_LATEST_CONFIRMED_OPPOSING_SWING_ELSE_CONTROL,True,765ae298c95a974bfb46b193e860a82bf3ff79bb03319a3987fcf235430a88c6,2023-01-11T14:00:00Z,1886.1,1872.02,602683814905ddfcab40299fea2beb9bef1bbf3e0965206890f675cfe462a468
b04990aa17f6ca9173de2b4c7ddaa5e556b73e6f626e7a054d365c694a5013fd,1883.3,2023-01-11T14:05:00Z,75349d268e4b73c0da6602bc1bcdd7c6a68be1bb1a2b8a626c01178a12c95953,2023-01-11T14:05:00Z,1882.34,1886.58,2023-02-01T00:00:00Z,2023-01-11T14:00:00Z,-2.433962264150923,SHORT,1.0,0.0,CONTROL_V2_FILLED_STOP,,M5_BROKEN_CONTROL_FIRST_RETEST,,False,cf9668b86350442a980e60543b6053b78502658dc145fc419e4ef9e0833f1f25,,,2023_01,0.0,2.433962264150923,TARGET,2023-01-11T16:46:00Z,NO_FILL,7842060238844e2e2ecd753055a04dc47acc37e521a36a6244d3c06e7ddf412a,,RETEST_EXPIRED,2023-01-11T14:20:00Z,,1883.3,False,False,INITIAL_CONFIRMATION_TARGET,e0c24e88e9aa71e734e7c429b1dba1bbb851e91fde6eb76fb67b17fc0d955727,a6cf6f4d3e12baa2636bd0ad5a2238c8c96ea2c54053a9ad153767b5ee9a007a,1886.58,3.657857142857129,0.18289285714285647,NOT_STRICTLY_CLOSER_THAN_CONTROL,H1_SOURCE_SWING_BUFFERED_ELSE_CONTROL,False,a6cf6f4d3e12baa2636bd0ad5a2238c8c96ea2c54053a9ad153767b5ee9a007a,2023-01-11T14:00:00Z,1886.58,1872.02,602683814905ddfcab40299fea2beb9bef1bbf3e0965206890f675cfe462a468
b04990aa17f6ca9173de2b4c7ddaa5e556b73e6f626e7a054d365c694a5013fd,1883.3,2023-01-11T14:05:00Z,75349d268e4b73c0da6602bc1bcdd7c6a68be1bb1a2b8a626c01178a12c95953,2023-01-11T14:05:00Z,1882.34,1886.58,2023-02-01T00:00:00Z,2023-01-11T14:00:00Z,-1.8254716981131924,SHORT,1.0,30.42452830188654,CONTROL_V2_FILLED_STOP,2023-01-11T14:05:00Z,CONFIRMED_25_75_RETEST_SPLIT,1882.34,True,20ddd288e963bcda24a41add82658550270a131d099110f79337d13fc6930629,0.03478773584906511,0.6108490566037664,2023_01,0.6084905660377308,2.433962264150923,TARGET,2023-01-11T16:46:00Z,SPLIT_CONTROL_TARGET_NO_RETEST,cc8468596be336468e568404532e2e9768998ca7b27bf2f41e05f9f609681424,2023-01-11T16:46:00Z,RETEST_EXPIRED,2023-01-11T14:20:00Z,,1883.3,False,False,INITIAL_CONFIRMATION_TARGET,f05268c8b24a8fd846e88e9a34b793cc53e58a3b8a7e4f86d06693f33b3bf4c8,a6cf6f4d3e12baa2636bd0ad5a2238c8c96ea2c54053a9ad153767b5ee9a007a,1886.58,,,,CONTROL_V2_FILLED_STOP,False,,2023-01-11T14:05:00Z,1886.58,1872.02,602683814905ddfcab40299fea2beb9bef1bbf3e0965206890f675cfe462a468
b04990aa17f6ca9173de2b4c7ddaa5e556b73e6f626e7a054d365c694a5013fd,1883.3,2023-01-11T14:05:00Z,75349d268e4b73c0da6602bc1bcdd7c6a68be1bb1a2b8a626c01178a12c95953,2023-01-11T14:05:00Z,1882.34,1886.58,2023-02-01T00:00:00Z,2023-01-11T14:00:00Z,-1.7557988628197545,SHORT,0.8972624663072692,33.90817006655843,M5_LATEST_CONFIRMED_OPPOSING_SWING_ELSE_CONTROL,2023-01-11T14:05:00Z,CONFIRMED_25_75_RETEST_SPLIT,1882.34,True,f175215bfa50b3795c4e3aae348a6bea0ed8be816ff6e5ab7760fdf33a0c920c,0.03877096964975685,0.6807919416464033,2023_01,0.6781634013311686,2.433962264150923,TARGET,2023-01-11T16:46:00Z,SPLIT_CONTROL_TARGET_NO_RETEST,2857ba1be4432341256223a3fd3febc3c4e7aa9fe3557c924141c1504c33c99a,2023-01-11T16:46:00Z,RETEST_EXPIRED,2023-01-11T14:20:00Z,,1883.3,False,False,INITIAL_CONFIRMATION_TARGET,4565792c11fa0ea8672f1c9db7a91615f8d845e9b8f40761350684a355757343,a6cf6f4d3e12baa2636bd0ad5a2238c8c96ea2c54053a9ad153767b5ee9a007a,1886.1443928571427,0.8878571428571311,0.04439285714285656,,M5_LATEST_CONFIRMED_OPPOSING_SWING_ELSE_CONTROL,True,f5f7ff00241a44bf7231f539be65a676889265ecf0af64bdee69e559b61349d0,2023-01-11T13:35:00Z,1886.1,1872.02,602683814905ddfcab40299fea2beb9bef1bbf3e0965206890f675cfe462a468
b04990aa17f6ca9173de2b4c7ddaa5e556b73e6f626e7a054d365c694a5013fd,1883.3,2023-01-11T14:05:00Z,75349d268e4b73c0da6602bc1bcdd7c6a68be1bb1a2b8a626c01178a12c95953,2023-01-11T14:05:00Z,1882.34,1886.58,2023-02-01T00:00:00Z,2023-01-11T14:00:00Z,-1.7641741226646754,SHORT,0.9084821428571449,33.48940707431238,M15_LATEST_CONFIRMED_OPPOSING_SWING_ELSE_CONTROL,2023-01-11T14:05:00Z,CONFIRMED_25_75_RETEST_SPLIT,1882.34,True,0979de2673b9b12f8e8cd9a8496ef0fe46bacbea73ed05fd79bf7a1e2ecb404d,0.038292151499707945,0.6723842195540214,2023_01,0.6697881414862477,2.433962264150923,TARGET,2023-01-11T16:46:00Z,SPLIT_CONTROL_TARGET_NO_RETEST,6aefd6faab63e561190207ce683385bca10147401d529c41062dc863f4de8050,2023-01-11T16:46:00Z,RETEST_EXPIRED,2023-01-11T14:20:00Z,,1883.3,False,False,INITIAL_CONFIRMATION_TARGET,f4095a0218e0069e4b094e25389817d31b923bb47259d88e4aebd6874c447376,a6cf6f4d3e12baa2636bd0ad5a2238c8c96ea2c54053a9ad153767b5ee9a007a,1886.1919642857142,1.839285714285698,0.0919642857142849,,M15_LATEST_CONFIRMED_OPPOSING_SWING_ELSE_CONTROL,True,765ae298c95a974bfb46b193e860a82bf3ff79bb03319a3987fcf235430a88c6,2023-01-11T14:00:00Z,1886.1,1872.02,602683814905ddfcab40299fea2beb9bef1bbf3e0965206890f675cfe462a468
b04990aa17f6ca9173de2b4c7ddaa5e556b73e6f626e7a054d365c694a5013fd,1883.3,2023-01-11T14:05:00Z,75349d268e4b73c0da6602bc1bcdd7c6a68be1bb1a2b8a626c01178a12c95953,2023-01-11T14:05:00Z,1882.34,1886.58,2023-02-01T00:00:00Z,2023-01-11T14:00:00Z,-1.8254716981131924,SHORT,1.0,30.42452830188654,CONTROL_V2_FILLED_STOP,2023-01-11T14:05:00Z,CONFIRMED_25_75_RETEST_SPLIT,1882.34,True,cf9668b86350442a980e60543b6053b78502658dc145fc419e4ef9e0833f1f25,0.03478773584906511,0.6108490566037664,2023_01,0.6084905660377308,2.433962264150923,TARGET,2023-01-11T16:46:00Z,SPLIT_CONTROL_TARGET_NO_RETEST,a1ce0d1e0bbd32cf29718d02d7a527f829a2efc9d5aa55897885ce62407e7f5a,2023-01-11T16:46:00Z,RETEST_EXPIRED,2023-01-11T14:20:00Z,,1883.3,False,False,INITIAL_CONFIRMATION_TARGET,998a4ce5dcf127da43e7ce27f3328a515810d6edba6390e57d305a228546643a,a6cf6f4d3e12baa2636bd0ad5a2238c8c96ea2c54053a9ad153767b5ee9a007a,1886.58,3.657857142857129,0.18289285714285647,NOT_STRICTLY_CLOSER_THAN_CONTROL,H1_SOURCE_SWING_BUFFERED_ELSE_CONTROL,False,a6cf6f4d3e12baa2636bd0ad5a2238c8c96ea2c54053a9ad153767b5ee9a007a,2023-01-11T14:00:00Z,1886.58,1872.02,602683814905ddfcab40299fea2beb9bef1bbf3e0965206890f675cfe462a468
83c7dc42550c2661c88b084f025f89dbbcb6e88bb9c0957ee12134adcc6f08dc,1877.9,2023-01-11T21:05:00Z,72d4f9f9e9da57b1f05909e7a2870129008e5b8529a3bc0badb235cb9e0f668b,2023-01-11T21:05:00Z,1877.96,1867.14,2023-02-01T00:00:00Z,2023-01-11T21:00:00Z,0.0,LONG,1.0,39.83364140480565,CONTROL_V2_FILLED_STOP,2023-01-11T21:05:00Z,CONTROL_NEXT_M1_OPEN,1877.96,True,f53c999f8f743a86d650b9b157de3e110feff9017689cee31a4fc9abda5220af,0.303142329020332,1.1146025878003711,2023_01,0.796672828096113,0.796672828096113,TARGET,2023-01-12T14:21:00Z,TARGET,cdf0fb128804839d400dfa4dbb428130ab9e669d7457be0fc663b737ddbfcaff,2023-01-12T14:21:00Z,FIRST_RETEST_FILLED,2023-01-11T21:20:00Z,2023-01-11T21:05:00Z,1877.9,True,False,INITIAL_CONFIRMATION_TARGET,d79532d6661a20a12eec4ebebdd05d05a0543a0effb0b1ea1809bc40e705f47e,5a3e0596815fc6b2e89d5b63be39d48458330ca7591d8b690e1439648d871c2f,1867.14,,,,CONTROL_V2_FILLED_STOP,False,,2023-01-11T21:05:00Z,1867.14,1886.58,74ee14a60b0596bed5380c950bae3ed18c938cdeae782d467c4ccea24ce5429b
83c7dc42550c2661c88b084f025f89dbbcb6e88bb9c0957ee12134adcc6f08dc,1877.9,2023-01-11T21:05:00Z,72d4f9f9e9da57b1f05909e7a2870129008e5b8529a3bc0badb235cb9e0f668b,2023-01-11T21:05:00Z,1877.96,1867.14,2023-02-01T00:00:00Z,2023-01-11T21:00:00Z,-1.796672828096113,LONG,0.10387179825719946,-50.0,M5_LATEST_CONFIRMED_OPPOSING_SWING_ELSE_CONTROL,2023-01-11T21:05:00Z,CONTROL_NEXT_M1_OPEN,1877.96,True,6cbb14afd32bb8c266f39d7bda025880a552f667ef943f89d46f87e8af88ccce,1.414725602974442,0.48047284629313036,2023_01,-1.0,0.796672828096113,TARGET,2023-01-12T14:21:00Z,STOP,455e81ff944b2d46c2a3dc0d82fbbaf15dcd383b3332e8b0c1128684d03770ee,2023-01-11T22:03:00Z,FIRST_RETEST_FILLED,2023-01-11T21:20:00Z,2023-01-11T21:05:00Z,1877.9,True,False,INITIAL_CONFIRMATION_TARGET,61bfe3fee4355acb2803e9100c33fd113ec3d9ff7c54d066f59bc67144663b73,5a3e0596815fc6b2e89d5b63be39d48458330ca7591d8b690e1439648d871c2f,1876.8361071428571,1.4778571428571468,0.07389285714285734,,M5_LATEST_CONFIRMED_OPPOSING_SWING_ELSE_CONTROL,True,396e018a0b156ea04600ba3d83f6ed206d0a5f31588dbeefecf7254068de175a,2023-01-11T21:05:00Z,1876.91,1886.58,74ee14a60b0596bed5380c950bae3ed18c938cdeae782d467c4ccea24ce5429b
83c7dc42550c2661c88b084f025f89dbbcb6e88bb9c0957ee12134adcc6f08dc,1877.9,2023-01-11T21:05:00Z,72d4f9f9e9da57b1f05909e7a2870129008e5b8529a3bc0badb235cb9e0f668b,2023-01-11T21:05:00Z,1877.96,1867.14,2023-02-01T00:00:00Z,2023-01-11T21:00:00Z,0.8589613080395978,LONG,0.48118893583310995,82.78170680678554,M15_LATEST_CONFIRMED_OPPOSING_SWING_ELSE_CONTROL,2023-01-11T21:05:00Z,CONTROL_NEXT_M1_OPEN,1877.96,True,89e441c51035371bdc14d6050ab6344f5ae80a630c7d2f3e672eb8bca44e78b5,0.6299860750029181,2.3163512391875676,2023_01,1.6556341361357108,0.796672828096113,TARGET,2023-01-12T14:21:00Z,TARGET,18c33d7869ebd4b0eba52092bef4b48fb47d77b658148be6d80020e48ee1bf6a,2023-01-12T14:21:00Z,FIRST_RETEST_FILLED,2023-01-11T21:20:00Z,2023-01-11T21:05:00Z,1877.9,True,False,INITIAL_CONFIRMATION_TARGET,4c7ecab4840020b8fcaae647d3547cadca6c475d7192bb1e409338d5606e309c,5a3e0596815fc6b2e89d5b63be39d48458330ca7591d8b690e1439648d871c2f,1872.7535357142858,2.7292857142856684,0.13646428571428343,,M15_LATEST_CONFIRMED_OPPOSING_SWING_ELSE_CONTROL,True,cf9de61494afc2b6ce57dfd1f8cf4ee2c7a428a1beb21b228138780e09cdcbad,2023-01-11T20:30:00Z,1872.89,1886.58,74ee14a60b0596bed5380c950bae3ed18c938cdeae782d467c4ccea24ce5429b
83c7dc42550c2661c88b084f025f89dbbcb6e88bb9c0957ee12134adcc6f08dc,1877.9,2023-01-11T21:05:00Z,72d4f9f9e9da57b1f05909e7a2870129008e5b8529a3bc0badb235cb9e0f668b,2023-01-11T21:05:00Z,1877.96,1867.14,2023-02-01T00:00:00Z,2023-01-11T21:00:00Z,0.0,LONG,1.0,39.83364140480565,CONTROL_V2_FILLED_STOP,2023-01-11T21:05:00Z,CONTROL_NEXT_M1_OPEN,1877.96,True,502b4e9eff9efa7bef5054533daec801acb5d9bfd7e73f4cd9d30f17a155eba0,0.303142329020332,1.1146025878003711,2023_01,0.796672828096113,0.796672828096113,TARGET,2023-01-12T14:21:00Z,TARGET,9c7a258f4b65aafdbb321c719cdf741290ec9ffa52ef0e36cc2e4410075ce547,2023-01-12T14:21:00Z,FIRST_RETEST_FILLED,2023-01-11T21:20:00Z,2023-01-11T21:05:00Z,1877.9,True,False,INITIAL_CONFIRMATION_TARGET,04602967938f817c7f59ddc324c2d3ceab43ffd108e4318828a831ff13610e50,5a3e0596815fc6b2e89d5b63be39d48458330ca7591d8b690e1439648d871c2f,1867.14,4.918571428571421,0.24592857142857105,NOT_STRICTLY_CLOSER_THAN_CONTROL,H1_SOURCE_SWING_BUFFERED_ELSE_CONTROL,False,5a3e0596815fc6b2e89d5b63be39d48458330ca7591d8b690e1439648d871c2f,2023-01-11T21:00:00Z,1867.14,1886.58,74ee14a60b0596bed5380c950bae3ed18c938cdeae782d467c4ccea24ce5429b
83c7dc42550c2661c88b084f025f89dbbcb6e88bb9c0957ee12134adcc6f08dc,1877.9,2023-01-11T21:05:00Z,72d4f9f9e9da57b1f05909e7a2870129008e5b8529a3bc0badb235cb9e0f668b,2023-01-11T21:05:00Z,1877.96,1867.14,2023-02-01T00:00:00Z,2023-01-11T21:00:00Z,0.010018621717998943,LONG,1.0,40.3345724907056,CONTROL_V2_FILLED_STOP,2023-01-11T21:05:00Z,M5_BROKEN_CONTROL_FIRST_RETEST,1877.9,True,f53c999f8f743a86d650b9b157de3e110feff9017689cee31a4fc9abda5220af,0.299256505576211,1.1263940520446005,2023_01,0.8066914498141119,0.796672828096113,TARGET,2023-01-12T14:21:00Z,TARGET,f59db84a4d0da5f09dd25b6b52db16ee3442e4289e452b931d02d95d8caa9a3b,2023-01-12T14:21:00Z,FIRST_RETEST_FILLED,2023-01-11T21:20:00Z,2023-01-11T21:05:00Z,1877.9,True,True,INITIAL_CONFIRMATION_TARGET,29a1f9c82b48d852256d69f20731ded643c48ce6343f11b5ba34a8a9f4d8b2d3,5a3e0596815fc6b2e89d5b63be39d48458330ca7591d8b690e1439648d871c2f,1867.14,,,,CONTROL_V2_FILLED_STOP,False,,2023-01-11T21:05:00Z,1867.14,1886.58,74ee14a60b0596bed5380c950bae3ed18c938cdeae782d467c4ccea24ce5429b
83c7dc42550c2661c88b084f025f89dbbcb6e88bb9c0957ee12134adcc6f08dc,1877.9,2023-01-11T21:05:00Z,72d4f9f9e9da57b1f05909e7a2870129008e5b8529a3bc0badb235cb9e0f668b,2023-01-11T21:05:00Z,1877.96,1867.14,2023-02-01T00:00:00Z,2023-01-11T21:00:00Z,-1.796672828096113,LONG,0.10387179825719946,-50.0,M5_LATEST_CONFIRMED_OPPOSING_SWING_ELSE_CONTROL,2023-01-11T21:05:00Z,M5_BROKEN_CONTROL_FIRST_RETEST,1877.9,True,6cbb14afd32bb8c266f39d7bda025880a552f667ef943f89d46f87e8af88ccce,1.438114740340462,0.5639665648392377,2023_01,-1.0,0.796672828096113,TARGET,2023-01-12T14:21:00Z,STOP,93951672b0e17d15cf1497764fe6e57955562ae5b1f8d89e68565c1f3f14f562,2023-01-11T22:03:00Z,FIRST_RETEST_FILLED,2023-01-11T21:20:00Z,2023-01-11T21:05:00Z,1877.9,True,True,INITIAL_CONFIRMATION_TARGET,09328f471deb6c93edeeabbc76664af6ae74db17837e3007ebf75b70bc38ba47,5a3e0596815fc6b2e89d5b63be39d48458330ca7591d8b690e1439648d871c2f,1876.8361071428571,1.4778571428571468,0.07389285714285734,,M5_LATEST_CONFIRMED_OPPOSING_SWING_ELSE_CONTROL,True,396e018a0b156ea04600ba3d83f6ed206d0a5f31588dbeefecf7254068de175a,2023-01-11T21:05:00Z,1876.91,1886.58,74ee14a60b0596bed5380c950bae3ed18c938cdeae782d467c4ccea24ce5429b
83c7dc42550c2661c88b084f025f89dbbcb6e88bb9c0957ee12134adcc6f08dc,1877.9,2023-01-11T21:05:00Z,72d4f9f9e9da57b1f05909e7a2870129008e5b8529a3bc0badb235cb9e0f668b,2023-01-11T21:05:00Z,1877.96,1867.14,2023-02-01T00:00:00Z,2023-01-11T21:00:00Z,0.8899219908155948,LONG,0.48118893583310995,84.32974094558539,M15_LATEST_CONFIRMED_OPPOSING_SWING_ELSE_CONTROL,2023-01-11T21:05:00Z,M5_BROKEN_CONTROL_FIRST_RETEST,1877.9,True,89e441c51035371bdc14d6050ab6344f5ae80a630c7d2f3e672eb8bca44e78b5,0.6256722715317796,2.3550148853928685,2023_01,1.6865948189117077,0.796672828096113,TARGET,2023-01-12T14:21:00Z,TARGET,5cfe816138dc8a1916f0d060e00789094a91320eb97f0b57f2d96971be6f320b,2023-01-12T14:21:00Z,FIRST_RETEST_FILLED,2023-01-11T21:20:00Z,2023-01-11T21:05:00Z,1877.9,True,True,INITIAL_CONFIRMATION_TARGET,149ddf568ff2fb96f7e8ea46957f363c3c57a0b12d6a9144938f3812055eab69,5a3e0596815fc6b2e89d5b63be39d48458330ca7591d8b690e1439648d871c2f,1872.7535357142858,2.7292857142856684,0.13646428571428343,,M15_LATEST_CONFIRMED_OPPOSING_SWING_ELSE_CONTROL,True,cf9de61494afc2b6ce57dfd1f8cf4ee2c7a428a1beb21b228138780e09cdcbad,2023-01-11T20:30:00Z,1872.89,1886.58,74ee14a60b0596bed5380c950bae3ed18c938cdeae782d467c4ccea24ce5429b
83c7dc42550c2661c88b084f025f89dbbcb6e88bb9c0957ee12134adcc6f08dc,1877.9,2023-01-11T21:05:00Z,72d4f9f9e9da57b1f05909e7a2870129008e5b8529a3bc0badb235cb9e0f668b,2023-01-11T21:05:00Z,1877.96,1867.14,2023-02-01T00:00:00Z,2023-01-11T21:00:00Z,0.010018621717998943,LONG,1.0,40.3345724907056,CONTROL_V2_FILLED_STOP,2023-01-11T21:05:00Z,M5_BROKEN_CONTROL_FIRST_RETEST,1877.9,True,502b4e9eff9efa7bef5054533daec801acb5d9bfd7e73f4cd9d30f17a155eba0,0.299256505576211,1.1263940520446005,2023_01,0.8066914498141119,0.796672828096113,TARGET,2023-01-12T14:21:00Z,TARGET,a37ca9c012b2184e8fd14b6b4bf5c142d10db40c392247404738171b00a841ba,2023-01-12T14:21:00Z,FIRST_RETEST_FILLED,2023-01-11T21:20:00Z,2023-01-11T21:05:00Z,1877.9,True,True,INITIAL_CONFIRMATION_TARGET,28248eb8e857a4214d905efce6c1e8ff7c3f43cb3adf5f65e47c825da3b83604,5a3e0596815fc6b2e89d5b63be39d48458330ca7591d8b690e1439648d871c2f,1867.14,4.918571428571421,0.24592857142857105,NOT_STRICTLY_CLOSER_THAN_CONTROL,H1_SOURCE_SWING_BUFFERED_ELSE_CONTROL,False,5a3e0596815fc6b2e89d5b63be39d48458330ca7591d8b690e1439648d871c2f,2023-01-11T21:00:00Z,1867.14,1886.58,74ee14a60b0596bed5380c950bae3ed18c938cdeae782d467c4ccea24ce5429b
83c7dc42550c2661c88b084f025f89dbbcb6e88bb9c0957ee12134adcc6f08dc,1877.9,2023-01-11T21:05:00Z,72d4f9f9e9da57b1f05909e7a2870129008e5b8529a3bc0badb235cb9e0f668b,2023-01-11T21:05:00Z,1877.96,1867.14,2023-02-01T00:00:00Z,2023-01-11T21:00:00Z,0.0075139662884992076,LONG,1.0,40.209339719230606,CONTROL_V2_FILLED_STOP,2023-01-11T21:05:00Z,CONFIRMED_25_75_RETEST_SPLIT,1877.96,True,f53c999f8f743a86d650b9b157de3e110feff9017689cee31a4fc9abda5220af,0.30022796143724123,1.1234461859835432,2023_01,0.8041867943846122,0.796672828096113,TARGET,2023-01-12T14:21:00Z,SPLIT_TARGET_TARGET,521559db1179ae47219e3f9e83733e6e930f6b476ae714b68a712557df4c4a81,2023-01-12T14:21:00Z,FIRST_RETEST_FILLED,2023-01-11T21:20:00Z,2023-01-11T21:05:00Z,1877.9,True,True,INITIAL_CONFIRMATION_TARGET,4dbf057857dab760fa674f5a2b57396124034e2407814a61c1d4bd71a9a8f7a1,5a3e0596815fc6b2e89d5b63be39d48458330ca7591d8b690e1439648d871c2f,1867.14,,,,CONTROL_V2_FILLED_STOP,False,,2023-01-11T21:05:00Z,1867.14,1886.58,74ee14a60b0596bed5380c950bae3ed18c938cdeae782d467c4ccea24ce5429b
83c7dc42550c2661c88b084f025f89dbbcb6e88bb9c0957ee12134adcc6f08dc,1877.9,2023-01-11T21:05:00Z,72d4f9f9e9da57b1f05909e7a2870129008e5b8529a3bc0badb235cb9e0f668b,2023-01-11T21:05:00Z,1877.96,1867.14,2023-02-01T00:00:00Z,2023-01-11T21:00:00Z,-1.796672828096113,LONG,0.10387179825719946,-50.0,M5_LATEST_CONFIRMED_OPPOSING_SWING_ELSE_CONTROL,2023-01-11T21:05:00Z,CONFIRMED_25_75_RETEST_SPLIT,1877.96,True,6cbb14afd32bb8c266f39d7bda025880a552f667ef943f89d46f87e8af88ccce,1.432267455998957,0.5430931352027109,2023_01,-1.0,0.796672828096113,TARGET,2023-01-12T14:21:00Z,SPLIT_STOP_STOP,25254601e804463c1147231aa34a3fc6ba7bc1ff169d3c0cd57f558821269729,2023-01-11T22:03:00Z,FIRST_RETEST_FILLED,2023-01-11T21:20:00Z,2023-01-11T21:05:00Z,1877.9,True,True,INITIAL_CONFIRMATION_TARGET,98dcecea4bdba2cb42ca9f40dc04288cea9f3cac4fc6051d696297c066fc73f7,5a3e0596815fc6b2e89d5b63be39d48458330ca7591d8b690e1439648d871c2f,1876.8361071428571,1.4778571428571468,0.07389285714285734,,M5_LATEST_CONFIRMED_OPPOSING_SWING_ELSE_CONTROL,True,396e018a0b156ea04600ba3d83f6ed206d0a5f31588dbeefecf7254068de175a,2023-01-11T21:05:00Z,1876.91,1886.58,74ee14a60b0596bed5380c950bae3ed18c938cdeae782d467c4ccea24ce5429b
83c7dc42550c2661c88b084f025f89dbbcb6e88bb9c0957ee12134adcc6f08dc,1877.9,2023-01-11T21:05:00Z,72d4f9f9e9da57b1f05909e7a2870129008e5b8529a3bc0badb235cb9e0f668b,2023-01-11T21:05:00Z,1877.96,1867.14,2023-02-01T00:00:00Z,2023-01-11T21:00:00Z,0.8821818201215955,LONG,0.48118893583310995,83.94273241088543,M15_LATEST_CONFIRMED_OPPOSING_SWING_ELSE_CONTROL,2023-01-11T21:05:00Z,CONFIRMED_25_75_RETEST_SPLIT,1877.96,True,89e441c51035371bdc14d6050ab6344f5ae80a630c7d2f3e672eb8bca44e78b5,0.6267507223995643,2.345348973841543,2023_01,1.6788546482177085,0.796672828096113,TARGET,2023-01-12T14:21:00Z,SPLIT_TARGET_TARGET,f2fc9fb7e1f6e3465528cd9a5411f6c30a760d9f7200d15ec1e1384977df7fc9,2023-01-12T14:21:00Z,FIRST_RETEST_FILLED,2023-01-11T21:20:00Z,2023-01-11T21:05:00Z,1877.9,True,True,INITIAL_CONFIRMATION_TARGET,27bd7d1770bc32bbf584c97773f670c9e64e2a9f525132b645732fd35613d7f3,5a3e0596815fc6b2e89d5b63be39d48458330ca7591d8b690e1439648d871c2f,1872.7535357142858,2.7292857142856684,0.13646428571428343,,M15_LATEST_CONFIRMED_OPPOSING_SWING_ELSE_CONTROL,True,cf9de61494afc2b6ce57dfd1f8cf4ee2c7a428a1beb21b228138780e09cdcbad,2023-01-11T20:30:00Z,1872.89,1886.58,74ee14a60b0596bed5380c950bae3ed18c938cdeae782d467c4ccea24ce5429b
83c7dc42550c2661c88b084f025f89dbbcb6e88bb9c0957ee12134adcc6f08dc,1877.9,2023-01-11T21:05:00Z,72d4f9f9e9da57b1f05909e7a2870129008e5b8529a3bc0badb235cb9e0f668b,2023-01-11T21:05:00Z,1877.96,1867.14,2023-02-01T00:00:00Z,2023-01-11T21:00:00Z,0.0075139662884992076,LONG,1.0,40.209339719230606,CONTROL_V2_FILLED_STOP,2023-01-11T21:05:00Z,CONFIRMED_25_75_RETEST_SPLIT,1877.96,True,502b4e9eff9efa7bef5054533daec801acb5d9bfd7e73f4cd9d30f17a155eba0,0.30022796143724123,1.1234461859835432,2023_01,0.8041867943846122,0.796672828096113,TARGET,2023-01-12T14:21:00Z,SPLIT_TARGET_TARGET,5c5961983f6e1279749734cc7eaa4d1ed63c24299b783f26f4e8be2ddad53196,2023-01-12T14:21:00Z,FIRST_RETEST_FILLED,2023-01-11T21:20:00Z,2023-01-11T21:05:00Z,1877.9,True,True,INITIAL_CONFIRMATION_TARGET,6a31000fe37b2b24a91a249fa8b664148bcf92c09ba13f256d0b0b088ba3e7f7,5a3e0596815fc6b2e89d5b63be39d48458330ca7591d8b690e1439648d871c2f,1867.14,4.918571428571421,0.24592857142857105,NOT_STRICTLY_CLOSER_THAN_CONTROL,H1_SOURCE_SWING_BUFFERED_ELSE_CONTROL,False,5a3e0596815fc6b2e89d5b63be39d48458330ca7591d8b690e1439648d871c2f,2023-01-11T21:00:00Z,1867.14,1886.58,74ee14a60b0596bed5380c950bae3ed18c938cdeae782d467c4ccea24ce5429b
de2f8eb7a94df68c979771c3faa7457105011bae0d620bba96ce6ecb4518f93e,1883.02,2023-01-12T08:55:00Z,ee1aead72b7334c2cec64dc2107a803f2254cc49ca963473a5308b88ef449ab2,2023-01-12T08:55:00Z,1882.68,1885.03,2023-02-01T00:00:00Z,2023-01-12T07:00:00Z,0.0,SHORT,1.0,-50.0,CONTROL_V2_FILLED_STOP,2023-01-12T08:55:00Z,CONTROL_NEXT_M1_OPEN,1882.68,True,10d5e67dde3818ecb3d08a5a3006574f9b8d50bc9a5eadc377deea686f3de878,1.1829787234042894,1.1489361702128298,2023_01,-1.0,-1.0,STOP,2023-01-12T11:42:00Z,STOP,828095b43b4904f71730666e732f5df9071b4342b018ac3cd725be9ecfe0ae56,2023-01-12T11:42:00Z,FIRST_RETEST_FILLED,2023-01-12T09:10:00Z,2023-01-12T08:57:00Z,1883.02,True,False,RECLAIM_CONFIRMATION_STOP,ef7fe4d953eea1ff1579e6119abf53cd20beeb826ac9432cb9b46db52fb7e957,0131bf82215f0ca4e8a442284b6a784e9266826b2b4ee0687e0ebd94816a29d4,1885.03,,,,CONTROL_V2_FILLED_STOP,False,,2023-01-12T08:55:00Z,1885.03,1867.14,f00aec612798a31ee551567698b5a377f84d74bd6859c19eaffb85d8fe9258dc
de2f8eb7a94df68c979771c3faa7457105011bae0d620bba96ce6ecb4518f93e,1883.02,2023-01-12T08:55:00Z,ee1aead72b7334c2cec64dc2107a803f2254cc49ca963473a5308b88ef449ab2,2023-01-12T08:55:00Z,1882.68,1885.03,2023-02-01T00:00:00Z,2023-01-12T07:00:00Z,0.0,SHORT,0.5856838905775373,-50.0,M5_LATEST_CONFIRMED_OPPOSING_SWING_ELSE_CONTROL,2023-01-12T08:55:00Z,CONTROL_NEXT_M1_OPEN,1882.68,True,f86144d9fc2f2a61b9d1257cf1d8ed93f942fbe23eeb56a5bdd9f68f32230be0,1.1188956354766324,0.04359333644726811,2023_01,-1.0,-1.0,STOP,2023-01-12T11:42:00Z,STOP,5df497a10ae24301e5b24e0023d1b1a64f367606e66fd7859925dad0f2a2a7a4,2023-01-12T09:08:00Z,FIRST_RETEST_FILLED,2023-01-12T09:10:00Z,2023-01-12T08:57:00Z,1883.02,True,False,RECLAIM_CONFIRMATION_STOP,5cba9f433dc0ec48a7604348ce9ded3b8244c744614e708b50613c2d67744b12,0131bf82215f0ca4e8a442284b6a784e9266826b2b4ee0687e0ebd94816a29d4,1884.0563571428572,0.7271428571428454,0.036357142857142276,,M5_LATEST_CONFIRMED_OPPOSING_SWING_ELSE_CONTROL,True,bb19c295466774bdadf23edcab5f4928f707f6d5d546433c4496e317943ba645,2023-01-12T08:45:00Z,1884.02,1867.14,f00aec612798a31ee551567698b5a377f84d74bd6859c19eaffb85d8fe9258dc
de2f8eb7a94df68c979771c3faa7457105011bae0d620bba96ce6ecb4518f93e,1883.02,2023-01-12T08:55:00Z,ee1aead72b7334c2cec64dc2107a803f2254cc49ca963473a5308b88ef449ab2,2023-01-12T08:55:00Z,1882.68,1885.03,2023-02-01T00:00:00Z,2023-01-12T07:00:00Z,0.0,SHORT,1.0,-50.0,CONTROL_V2_FILLED_STOP,2023-01-12T08:55:00Z,CONTROL_NEXT_M1_OPEN,1882.68,True,9cdc33e166bd962aeeaf8ad2dc7f6613438a1af645e66a71593bd3052a4ec163,1.1829787234042894,1.1489361702128298,2023_01,-1.0,-1.0,STOP,2023-01-12T11:42:00Z,STOP,c51b2b9bbcb4597433abecf21f8f8a3d4d9ca527271d9163295a06548da70388,2023-01-12T11:42:00Z,FIRST_RETEST_FILLED,2023-01-12T09:10:00Z,2023-01-12T08:57:00Z,1883.02,True,False,RECLAIM_CONFIRMATION_STOP,f3a6c1670b34c0d1b0493511bb41eae3961e985a5616021350c5f0dd0eacc3ff,0131bf82215f0ca4e8a442284b6a784e9266826b2b4ee0687e0ebd94816a29d4,1885.03,1.0578571428571553,0.05289285714285777,NOT_STRICTLY_CLOSER_THAN_CONTROL,M15_LATEST_CONFIRMED_OPPOSING_SWING_ELSE_CONTROL,False,38abdc4e1a8ae3c4f14129e3c596428bb7e4812d82fb1e392845b75770d17052,2023-01-12T08:00:00Z,1885.01,1867.14,f00aec612798a31ee551567698b5a377f84d74bd6859c19eaffb85d8fe9258dc
de2f8eb7a94df68c979771c3faa7457105011bae0d620bba96ce6ecb4518f93e,1883.02,2023-01-12T08:55:00Z,ee1aead72b7334c2cec64dc2107a803f2254cc49ca963473a5308b88ef449ab2,2023-01-12T08:55:00Z,1882.68,1885.03,2023-02-01T00:00:00Z,2023-01-12T07:00:00Z,0.0,SHORT,1.0,-50.0,CONTROL_V2_FILLED_STOP,2023-01-12T08:55:00Z,CONTROL_NEXT_M1_OPEN,1882.68,True,6e0063370d88dcd78f9acf269aa9a5a6a64a4d17cbd9d5468d2e86670f8f1693,1.1829787234042894,1.1489361702128298,2023_01,-1.0,-1.0,STOP,2023-01-12T11:42:00Z,STOP,69d212ee6f8099fc97ff6697cb9160d101f9b52da9dee39b793e6c635362556e,2023-01-12T11:42:00Z,FIRST_RETEST_FILLED,2023-01-12T09:10:00Z,2023-01-12T08:57:00Z,1883.02,True,False,RECLAIM_CONFIRMATION_STOP,405679a1a97c92d90e35fdcb816b15e510e1323cfaecd4921ec66f054e261b71,0131bf82215f0ca4e8a442284b6a784e9266826b2b4ee0687e0ebd94816a29d4,1885.03,3.8264285714286155,0.19132142857143078,NOT_STRICTLY_CLOSER_THAN_CONTROL,H1_SOURCE_SWING_BUFFERED_ELSE_CONTROL,False,0131bf82215f0ca4e8a442284b6a784e9266826b2b4ee0687e0ebd94816a29d4,2023-01-12T07:00:00Z,1884.94,1867.14,f00aec612798a31ee551567698b5a377f84d74bd6859c19eaffb85d8fe9258dc
de2f8eb7a94df68c979771c3faa7457105011bae0d620bba96ce6ecb4518f93e,1883.02,2023-01-12T08:55:00Z,ee1aead72b7334c2cec64dc2107a803f2254cc49ca963473a5308b88ef449ab2,2023-01-12T08:55:00Z,1882.68,1885.03,2023-02-01T00:00:00Z,2023-01-12T07:00:00Z,0.0,SHORT,1.0,-50.0,CONTROL_V2_FILLED_STOP,2023-01-12T08:57:00Z,M5_BROKEN_CONTROL_FIRST_RETEST,1883.02,True,10d5e67dde3818ecb3d08a5a3006574f9b8d50bc9a5eadc377deea686f3de878,1.2139303482587391,1.5124378109452623,2023_01,-1.0,-1.0,STOP,2023-01-12T11:42:00Z,STOP,6c464062558faa3fb9dae7c1f38c80083bf7f2270aaeffdea7e8541b16d2b28b,2023-01-12T11:42:00Z,FIRST_RETEST_FILLED,2023-01-12T09:10:00Z,2023-01-12T08:57:00Z,1883.02,True,True,RECLAIM_CONFIRMATION_STOP,a24e6d9414247ac360ef94349493bf6a8c8aec08001ff05fa72b6f4473e8f174,0131bf82215f0ca4e8a442284b6a784e9266826b2b4ee0687e0ebd94816a29d4,1885.03,,,,CONTROL_V2_FILLED_STOP,False,,2023-01-12T08:55:00Z,1885.03,1867.14,f00aec612798a31ee551567698b5a377f84d74bd6859c19eaffb85d8fe9258dc
de2f8eb7a94df68c979771c3faa7457105011bae0d620bba96ce6ecb4518f93e,1883.02,2023-01-12T08:55:00Z,ee1aead72b7334c2cec64dc2107a803f2254cc49ca963473a5308b88ef449ab2,2023-01-12T08:55:00Z,1882.68,1885.03,2023-02-01T00:00:00Z,2023-01-12T07:00:00Z,0.0,SHORT,0.5856838905775373,-50.0,M5_LATEST_CONFIRMED_OPPOSING_SWING_ELSE_CONTROL,2023-01-12T08:57:00Z,M5_BROKEN_CONTROL_FIRST_RETEST,1883.02,True,f86144d9fc2f2a61b9d1257cf1d8ed93f942fbe23eeb56a5bdd9f68f32230be0,1.1579019918670508,0.2701771314356086,2023_01,-1.0,-1.0,STOP,2023-01-12T11:42:00Z,STOP,0423adb7dd9be17f168cdcefa6bf9f9c9bb8f3b0ce65e8affe98081ec5627c3f,2023-01-12T09:08:00Z,FIRST_RETEST_FILLED,2023-01-12T09:10:00Z,2023-01-12T08:57:00Z,1883.02,True,True,RECLAIM_CONFIRMATION_STOP,3fb45e2d59b97ddd33f12f1976f45764b85304cfa828e214f55dbb233c162bb5,0131bf82215f0ca4e8a442284b6a784e9266826b2b4ee0687e0ebd94816a29d4,1884.0563571428572,0.7271428571428454,0.036357142857142276,,M5_LATEST_CONFIRMED_OPPOSING_SWING_ELSE_CONTROL,True,bb19c295466774bdadf23edcab5f4928f707f6d5d546433c4496e317943ba645,2023-01-12T08:45:00Z,1884.02,1867.14,f00aec612798a31ee551567698b5a377f84d74bd6859c19eaffb85d8fe9258dc
de2f8eb7a94df68c979771c3faa7457105011bae0d620bba96ce6ecb4518f93e,1883.02,2023-01-12T08:55:00Z,ee1aead72b7334c2cec64dc2107a803f2254cc49ca963473a5308b88ef449ab2,2023-01-12T08:55:00Z,1882.68,1885.03,2023-02-01T00:00:00Z,2023-01-12T07:00:00Z,0.0,SHORT,1.0,-50.0,CONTROL_V2_FILLED_STOP,2023-01-12T08:57:00Z,M5_BROKEN_CONTROL_FIRST_RETEST,1883.02,True,9cdc33e166bd962aeeaf8ad2dc7f6613438a1af645e66a71593bd3052a4ec163,1.2139303482587391,1.5124378109452623,2023_01,-1.0,-1.0,STOP,2023-01-12T11:42:00Z,STOP,eb08e38ca1d55a213b06f80db3db3b777664343716bd3b0e6c18208bc264a0af,2023-01-12T11:42:00Z,FIRST_RETEST_FILLED,2023-01-12T09:10:00Z,2023-01-12T08:57:00Z,1883.02,True,True,RECLAIM_CONFIRMATION_STOP,082f7ffc19a26aec0ace8779b7433f8cdb463b0ebfde19623e837a9a92c90cad,0131bf82215f0ca4e8a442284b6a784e9266826b2b4ee0687e0ebd94816a29d4,1885.03,1.0578571428571553,0.05289285714285777,NOT_STRICTLY_CLOSER_THAN_CONTROL,M15_LATEST_CONFIRMED_OPPOSING_SWING_ELSE_CONTROL,False,38abdc4e1a8ae3c4f14129e3c596428bb7e4812d82fb1e392845b75770d17052,2023-01-12T08:00:00Z,1885.01,1867.14,f00aec612798a31ee551567698b5a377f84d74bd6859c19eaffb85d8fe9258dc
de2f8eb7a94df68c979771c3faa7457105011bae0d620bba96ce6ecb4518f93e,1883.02,2023-01-12T08:55:00Z,ee1aead72b7334c2cec64dc2107a803f2254cc49ca963473a5308b88ef449ab2,2023-01-12T08:55:00Z,1882.68,1885.03,2023-02-01T00:00:00Z,2023-01-12T07:00:00Z,0.0,SHORT,1.0,-50.0,CONTROL_V2_FILLED_STOP,2023-01-12T08:57:00Z,M5_BROKEN_CONTROL_FIRST_RETEST,1883.02,True,6e0063370d88dcd78f9acf269aa9a5a6a64a4d17cbd9d5468d2e86670f8f1693,1.2139303482587391,1.5124378109452623,2023_01,-1.0,-1.0,STOP,2023-01-12T11:42:00Z,STOP,79c0b46fc61c96bfb4cf9d1c97fc4411e3ea5192c4bac1c35dbdcd72d1e6057c,2023-01-12T11:42:00Z,FIRST_RETEST_FILLED,2023-01-12T09:10:00Z,2023-01-12T08:57:00Z,1883.02,True,True,RECLAIM_CONFIRMATION_STOP,f657612b821f4df03b5e597ac370180077d1e0b9a6fae01fcd9e9547d9c19878,0131bf82215f0ca4e8a442284b6a784e9266826b2b4ee0687e0ebd94816a29d4,1885.03,3.8264285714286155,0.19132142857143078,NOT_STRICTLY_CLOSER_THAN_CONTROL,H1_SOURCE_SWING_BUFFERED_ELSE_CONTROL,False,0131bf82215f0ca4e8a442284b6a784e9266826b2b4ee0687e0ebd94816a29d4,2023-01-12T07:00:00Z,1884.94,1867.14,f00aec612798a31ee551567698b5a377f84d74bd6859c19eaffb85d8fe9258dc
de2f8eb7a94df68c979771c3faa7457105011bae0d620bba96ce6ecb4518f93e,1883.02,2023-01-12T08:55:00Z,ee1aead72b7334c2cec64dc2107a803f2254cc49ca963473a5308b88ef449ab2,2023-01-12T08:55:00Z,1882.68,1885.03,2023-02-01T00:00:00Z,2023-01-12T07:00:00Z,0.0,SHORT,1.0,-50.0,CONTROL_V2_FILLED_STOP,2023-01-12T08:55:00Z,CONFIRMED_25_75_RETEST_SPLIT,1882.68,True,10d5e67dde3818ecb3d08a5a3006574f9b8d50bc9a5eadc377deea686f3de878,1.2061924420451267,1.4215624007621541,2023_01,-1.0,-1.0,STOP,2023-01-12T11:42:00Z,SPLIT_STOP_STOP,e55e9e7782a029cda7d8ef8caf09f5bfc633be6be61c539d5290d4acafd12c7a,2023-01-12T11:42:00Z,FIRST_RETEST_FILLED,2023-01-12T09:10:00Z,2023-01-12T08:57:00Z,1883.02,True,True,RECLAIM_CONFIRMATION_STOP,89f9cffba952ccbe20891259c6e7ff8dd08043eb7bd823aa8b83d1e5cdf33749,0131bf82215f0ca4e8a442284b6a784e9266826b2b4ee0687e0ebd94816a29d4,1885.03,,,,CONTROL_V2_FILLED_STOP,False,,2023-01-12T08:55:00Z,1885.03,1867.14,f00aec612798a31ee551567698b5a377f84d74bd6859c19eaffb85d8fe9258dc
de2f8eb7a94df68c979771c3faa7457105011bae0d620bba96ce6ecb4518f93e,1883.02,2023-01-12T08:55:00Z,ee1aead72b7334c2cec64dc2107a803f2254cc49ca963473a5308b88ef449ab2,2023-01-12T08:55:00Z,1882.68,1885.03,2023-02-01T00:00:00Z,2023-01-12T07:00:00Z,0.0,SHORT,0.5856838905775373,-50.0,M5_LATEST_CONFIRMED_OPPOSING_SWING_ELSE_CONTROL,2023-01-12T08:55:00Z,CONFIRMED_25_75_RETEST_SPLIT,1882.68,True,f86144d9fc2f2a61b9d1257cf1d8ed93f942fbe23eeb56a5bdd9f68f32230be0,1.1481504027694462,0.2135311826885235,2023_01,-1.0,-1.0,STOP,2023-01-12T11:42:00Z,SPLIT_STOP_STOP,b6f20f705c2e8703d0dc2ccf72679dcc1167ce87a6bfcac3f8b5bb45fed92287,2023-01-12T09:08:00Z,FIRST_RETEST_FILLED,2023-01-12T09:10:00Z,2023-01-12T08:57:00Z,1883.02,True,True,RECLAIM_CONFIRMATION_STOP,0dab52d59166bfedd31b2a548942d68b88118dfc06ab5f6c0bd908ceda890d22,0131bf82215f0ca4e8a442284b6a784e9266826b2b4ee0687e0ebd94816a29d4,1884.0563571428572,0.7271428571428454,0.036357142857142276,,M5_LATEST_CONFIRMED_OPPOSING_SWING_ELSE_CONTROL,True,bb19c295466774bdadf23edcab5f4928f707f6d5d546433c4496e317943ba645,2023-01-12T08:45:00Z,1884.02,1867.14,f00aec612798a31ee551567698b5a377f84d74bd6859c19eaffb85d8fe9258dc
de2f8eb7a94df68c979771c3faa7457105011bae0d620bba96ce6ecb4518f93e,1883.02,2023-01-12T08:55:00Z,ee1aead72b7334c2cec64dc2107a803f2254cc49ca963473a5308b88ef449ab2,2023-01-12T08:55:00Z,1882.68,1885.03,2023-02-01T00:00:00Z,2023-01-12T07:00:00Z,0.0,SHORT,1.0,-50.0,CONTROL_V2_FILLED_STOP,2023-01-12T08:55:00Z,CONFIRMED_25_75_RETEST_SPLIT,1882.68,True,9cdc33e166bd962aeeaf8ad2dc7f6613438a1af645e66a71593bd3052a4ec163,1.2061924420451267,1.4215624007621541,2023_01,-1.0,-1.0,STOP,2023-01-12T11:42:00Z,SPLIT_STOP_STOP,0ed57dfde63038ad344cc9377aa0dd763b263b280d955bce2d413cf6f716be1e,2023-01-12T11:42:00Z,FIRST_RETEST_FILLED,2023-01-12T09:10:00Z,2023-01-12T08:57:00Z,1883.02,True,True,RECLAIM_CONFIRMATION_STOP,79274bb1abe5feb0fed735b1c26797b142e6c16acb370b26b53829b21c2a297e,0131bf82215f0ca4e8a442284b6a784e9266826b2b4ee0687e0ebd94816a29d4,1885.03,1.0578571428571553,0.05289285714285777,NOT_STRICTLY_CLOSER_THAN_CONTROL,M15_LATEST_CONFIRMED_OPPOSING_SWING_ELSE_CONTROL,False,38abdc4e1a8ae3c4f14129e3c596428bb7e4812d82fb1e392845b75770d17052,2023-01-12T08:00:00Z,1885.01,1867.14,f00aec612798a31ee551567698b5a377f84d74bd6859c19eaffb85d8fe9258dc
de2f8eb7a94df68c979771c3faa7457105011bae0d620bba96ce6ecb4518f93e,1883.02,2023-01-12T08:55:00Z,ee1aead72b7334c2cec64dc2107a803f2254cc49ca963473a5308b88ef449ab2,2023-01-12T08:55:00Z,1882.68,1885.03,2023-02-01T00:00:00Z,2023-01-12T07:00:00Z,0.0,SHORT,1.0,-50.0,CONTROL_V2_FILLED_STOP,2023-01-12T08:55:00Z,CONFIRMED_25_75_RETEST_SPLIT,1882.68,True,6e0063370d88dcd78f9acf269aa9a5a6a64a4d17cbd9d5468d2e86670f8f1693,1.2061924420451267,1.4215624007621541,2023_01,-1.0,-1.0,STOP,2023-01-12T11:42:00Z,SPLIT_STOP_STOP,c239339e6f31415dc05f4bce5d71367602b05ba13058ade7b98c73932f53d50f,2023-01-12T11:42:00Z,FIRST_RETEST_FILLED,2023-01-12T09:10:00Z,2023-01-12T08:57:00Z,1883.02,True,True,RECLAIM_CONFIRMATION_STOP,49426765d3bf85498bf7eaed236e142f2cf3a2e8c9e924178981425cb1210562,0131bf82215f0ca4e8a442284b6a784e9266826b2b4ee0687e0ebd94816a29d4,1885.03,3.8264285714286155,0.19132142857143078,NOT_STRICTLY_CLOSER_THAN_CONTROL,H1_SOURCE_SWING_BUFFERED_ELSE_CONTROL,False,0131bf82215f0ca4e8a442284b6a784e9266826b2b4ee0687e0ebd94816a29d4,2023-01-12T07:00:00Z,1884.94,1867.14,f00aec612798a31ee551567698b5a377f84d74bd6859c19eaffb85d8fe9258dc
2d8fe70bbede539edf92e6472bfa45ccaeeee350bece9f78422d3ecf05d3bd41,1896.0,2023-01-13T07:00:00Z,4fef608e954ee87f40b85e22ef598bbe0186e4ff948bf4500737f4dd28621541,2023-01-13T07:00:00Z,1895.94,1900.94,2023-02-01T00:00:00Z,2023-01-13T05:00:00Z,0.0,SHORT,1.0,-50.0,CONTROL_V2_FILLED_STOP,2023-01-13T07:00:00Z,CONTROL_NEXT_M1_OPEN,1895.94,True,0da550e306441e5ca3cefb2d66181d00aecfa2ca4aa08c2dbd1b565de7d0f38a,1.1659999999999855,0.7180000000000291,2023_01,-1.0,-1.0,STOP,2023-01-13T10:07:00Z,STOP,3c77e0ae629df693b8c9535b6a4cc5c553fa99b870ef893b00e4ba2fabee1595,2023-01-13T10:07:00Z,FIRST_RETEST_FILLED,2023-01-13T07:15:00Z,2023-01-13T07:00:00Z,1896.0,True,False,INITIAL_CONFIRMATION_STOP,63c5bfd02effb06b450c193d6956a4b443ad98b252e71d0289038d2e235e507e,cf755e65a88be6816d41fe00a63e3bc01da37b801852bd5f68369bab8d324bb5,1900.94,,,,CONTROL_V2_FILLED_STOP,False,,2023-01-13T07:00:00Z,1900.94,1875.14,04a2ca3b8eb28ea1f7d3430dbab2eff33ed5fc5583c7bc484fcdbc6b90f664ef
2d8fe70bbede539edf92e6472bfa45ccaeeee350bece9f78422d3ecf05d3bd41,1896.0,2023-01-13T07:00:00Z,4fef608e954ee87f40b85e22ef598bbe0186e4ff948bf4500737f4dd28621541,2023-01-13T07:00:00Z,1895.94,1900.94,2023-02-01T00:00:00Z,2023-01-13T05:00:00Z,0.0,SHORT,0.37037142857143407,-50.0,M5_LATEST_CONFIRMED_OPPOSING_SWING_ELSE_CONTROL,2023-01-13T07:00:00Z,CONTROL_NEXT_M1_OPEN,1895.94,True,bd0d899d144a1cd8d3cc2f9599312f19d97cd2996126533b7eaa6ff92cd7b322,1.663195248013513,1.9385944611587322,2023_01,-1.0,-1.0,STOP,2023-01-13T10:07:00Z,STOP,2e36c485ec904d42eb24d3042aa4fecdb291d3a0b34fdc7f21a2f484af074efd,2023-01-13T09:45:00Z,FIRST_RETEST_FILLED,2023-01-13T07:15:00Z,2023-01-13T07:00:00Z,1896.0,True,False,INITIAL_CONFIRMATION_STOP,0ee68b9aca83a177e6957caabad0345fd7f06a378fdcd65c7050bd22b37b9512,cf755e65a88be6816d41fe00a63e3bc01da37b801852bd5f68369bab8d324bb5,1897.7918571428572,0.6371428571428461,0.03185714285714231,,M5_LATEST_CONFIRMED_OPPOSING_SWING_ELSE_CONTROL,True,7a442817a2848f70edfa44dba94da457a6c5a085c2ed68b2697d2d4741cb621e,2023-01-13T06:45:00Z,1897.76,1875.14,04a2ca3b8eb28ea1f7d3430dbab2eff33ed5fc5583c7bc484fcdbc6b90f664ef
2d8fe70bbede539edf92e6472bfa45ccaeeee350bece9f78422d3ecf05d3bd41,1896.0,2023-01-13T07:00:00Z,4fef608e954ee87f40b85e22ef598bbe0186e4ff948bf4500737f4dd28621541,2023-01-13T07:00:00Z,1895.94,1900.94,2023-02-01T00:00:00Z,2023-01-13T05:00:00Z,0.0,SHORT,0.5140499999999975,-50.0,M15_LATEST_CONFIRMED_OPPOSING_SWING_ELSE_CONTROL,2023-01-13T07:00:00Z,CONTROL_NEXT_M1_OPEN,1895.94,True,a810ab1a020b7bcf468c52f36d224d9e59381074e2dbd165e16003ffc5ba493b,1.1983270109911264,1.3967512887852012,2023_01,-1.0,-1.0,STOP,2023-01-13T10:07:00Z,STOP,0871f36e24798333c2a802b8696669f03633355f34bb331b862e1b1be54466ac,2023-01-13T09:45:00Z,FIRST_RETEST_FILLED,2023-01-13T07:15:00Z,2023-01-13T07:00:00Z,1896.0,True,False,INITIAL_CONFIRMATION_STOP,1f6e1a7df416da5fce7a64958c739e814713e73c27e7e3e60ce6dabaad5dae3b,cf755e65a88be6816d41fe00a63e3bc01da37b801852bd5f68369bab8d324bb5,1898.51025,1.4049999999999565,0.07024999999999783,,M15_LATEST_CONFIRMED_OPPOSING_SWING_ELSE_CONTROL,True,1f35fc61adf964f3377f218c55141fc02bb6baab582c8a35db93198906260b35,2023-01-13T06:45:00Z,1898.44,1875.14,04a2ca3b8eb28ea1f7d3430dbab2eff33ed5fc5583c7bc484fcdbc6b90f664ef
2d8fe70bbede539edf92e6472bfa45ccaeeee350bece9f78422d3ecf05d3bd41,1896.0,2023-01-13T07:00:00Z,4fef608e954ee87f40b85e22ef598bbe0186e4ff948bf4500737f4dd28621541,2023-01-13T07:00:00Z,1895.94,1900.94,2023-02-01T00:00:00Z,2023-01-13T05:00:00Z,0.0,SHORT,1.0,-50.0,CONTROL_V2_FILLED_STOP,2023-01-13T07:00:00Z,CONTROL_NEXT_M1_OPEN,1895.94,True,2ede4d1bb2ffa8a106127e7ac9813b39849eca7dcb1b4a318c6862a4bcc65e24,1.1659999999999855,0.7180000000000291,2023_01,-1.0,-1.0,STOP,2023-01-13T10:07:00Z,STOP,7f0c21e8f4d8f3c65fdabed9d8e6ac7cfa070d4398e2e21d06f1fc31d10ba667,2023-01-13T10:07:00Z,FIRST_RETEST_FILLED,2023-01-13T07:15:00Z,2023-01-13T07:00:00Z,1896.0,True,False,INITIAL_CONFIRMATION_STOP,200aedec089a80b157de322619449081340d1b2540933a0155d122daba668896,cf755e65a88be6816d41fe00a63e3bc01da37b801852bd5f68369bab8d324bb5,1900.94,7.440714285714274,0.37203571428571375,NOT_STRICTLY_CLOSER_THAN_CONTROL,H1_SOURCE_SWING_BUFFERED_ELSE_CONTROL,False,cf755e65a88be6816d41fe00a63e3bc01da37b801852bd5f68369bab8d324bb5,2023-01-13T05:00:00Z,1900.94,1875.14,04a2ca3b8eb28ea1f7d3430dbab2eff33ed5fc5583c7bc484fcdbc6b90f664ef
2d8fe70bbede539edf92e6472bfa45ccaeeee350bece9f78422d3ecf05d3bd41,1896.0,2023-01-13T07:00:00Z,4fef608e954ee87f40b85e22ef598bbe0186e4ff948bf4500737f4dd28621541,2023-01-13T07:00:00Z,1895.94,1900.94,2023-02-01T00:00:00Z,2023-01-13T05:00:00Z,0.0,SHORT,1.0,-50.0,CONTROL_V2_FILLED_STOP,2023-01-13T07:00:00Z,M5_BROKEN_CONTROL_FIRST_RETEST,1896.0,True,0da550e306441e5ca3cefb2d66181d00aecfa2ca4aa08c2dbd1b565de7d0f38a,1.1680161943319671,0.7388663967611439,2023_01,-1.0,-1.0,STOP,2023-01-13T10:07:00Z,STOP,a5c217046b35f0cf5f9a807eb4ac125e95cb367edc9707c9249c9029ce02ed8c,2023-01-13T10:07:00Z,FIRST_RETEST_FILLED,2023-01-13T07:15:00Z,2023-01-13T07:00:00Z,1896.0,True,True,INITIAL_CONFIRMATION_STOP,363766811e1121d6eea46afe38247157f7023c2a633712ccff6ed8ce54220c9b,cf755e65a88be6816d41fe00a63e3bc01da37b801852bd5f68369bab8d324bb5,1900.94,,,,CONTROL_V2_FILLED_STOP,False,,2023-01-13T07:00:00Z,1900.94,1875.14,04a2ca3b8eb28ea1f7d3430dbab2eff33ed5fc5583c7bc484fcdbc6b90f664ef
2d8fe70bbede539edf92e6472bfa45ccaeeee350bece9f78422d3ecf05d3bd41,1896.0,2023-01-13T07:00:00Z,4fef608e954ee87f40b85e22ef598bbe0186e4ff948bf4500737f4dd28621541,2023-01-13T07:00:00Z,1895.94,1900.94,2023-02-01T00:00:00Z,2023-01-13T05:00:00Z,0.0,SHORT,0.37037142857143407,-50.0,M5_LATEST_CONFIRMED_OPPOSING_SWING_ELSE_CONTROL,2023-01-13T07:00:00Z,M5_BROKEN_CONTROL_FIRST_RETEST,1896.0,True,bd0d899d144a1cd8d3cc2f9599312f19d97cd2996126533b7eaa6ff92cd7b322,1.6854022163755804,2.036992744957304,2023_01,-1.0,-1.0,STOP,2023-01-13T10:07:00Z,STOP,a7081dde654b78ac2bbebe70ac03b2b86c21cde6523e4714507fa1da4b5f4cb8,2023-01-13T09:45:00Z,FIRST_RETEST_FILLED,2023-01-13T07:15:00Z,2023-01-13T07:00:00Z,1896.0,True,True,INITIAL_CONFIRMATION_STOP,3541fdd5f68af6ece15bb2b0cc2a369bbf3c866d6e2960d10c97954ceede6478,cf755e65a88be6816d41fe00a63e3bc01da37b801852bd5f68369bab8d324bb5,1897.7918571428572,0.6371428571428461,0.03185714285714231,,M5_LATEST_CONFIRMED_OPPOSING_SWING_ELSE_CONTROL,True,7a442817a2848f70edfa44dba94da457a6c5a085c2ed68b2697d2d4741cb621e,2023-01-13T06:45:00Z,1897.76,1875.14,04a2ca3b8eb28ea1f7d3430dbab2eff33ed5fc5583c7bc484fcdbc6b90f664ef
2d8fe70bbede539edf92e6472bfa45ccaeeee350bece9f78422d3ecf05d3bd41,1896.0,2023-01-13T07:00:00Z,4fef608e954ee87f40b85e22ef598bbe0186e4ff948bf4500737f4dd28621541,2023-01-13T07:00:00Z,1895.94,1900.94,2023-02-01T00:00:00Z,2023-01-13T05:00:00Z,0.0,SHORT,0.5140499999999975,-50.0,M15_LATEST_CONFIRMED_OPPOSING_SWING_ELSE_CONTROL,2023-01-13T07:00:00Z,M5_BROKEN_CONTROL_FIRST_RETEST,1896.0,True,a810ab1a020b7bcf468c52f36d224d9e59381074e2dbd165e16003ffc5ba493b,1.2030674235633627,1.4540384423862285,2023_01,-1.0,-1.0,STOP,2023-01-13T10:07:00Z,STOP,a8dc3b9d5faba9fd54232cc07058eb81890fae65cc15f36f3411683f1b8571ab,2023-01-13T09:45:00Z,FIRST_RETEST_FILLED,2023-01-13T07:15:00Z,2023-01-13T07:00:00Z,1896.0,True,True,INITIAL_CONFIRMATION_STOP,b8842c339dcdb8824a85e5e54200c332199f70f9fa4b96994a5985beabd4212c,cf755e65a88be6816d41fe00a63e3bc01da37b801852bd5f68369bab8d324bb5,1898.51025,1.4049999999999565,0.07024999999999783,,M15_LATEST_CONFIRMED_OPPOSING_SWING_ELSE_CONTROL,True,1f35fc61adf964f3377f218c55141fc02bb6baab582c8a35db93198906260b35,2023-01-13T06:45:00Z,1898.44,1875.14,04a2ca3b8eb28ea1f7d3430dbab2eff33ed5fc5583c7bc484fcdbc6b90f664ef
2d8fe70bbede539edf92e6472bfa45ccaeeee350bece9f78422d3ecf05d3bd41,1896.0,2023-01-13T07:00:00Z,4fef608e954ee87f40b85e22ef598bbe0186e4ff948bf4500737f4dd28621541,2023-01-13T07:00:00Z,1895.94,1900.94,2023-02-01T00:00:00Z,2023-01-13T05:00:00Z,0.0,SHORT,1.0,-50.0,CONTROL_V2_FILLED_STOP,2023-01-13T07:00:00Z,M5_BROKEN_CONTROL_FIRST_RETEST,1896.0,True,2ede4d1bb2ffa8a106127e7ac9813b39849eca7dcb1b4a318c6862a4bcc65e24,1.1680161943319671,0.7388663967611439,2023_01,-1.0,-1.0,STOP,2023-01-13T10:07:00Z,STOP,1d0e712885d122c302bffee433eefb3d48f53db311b0bda145406142c85836d2,2023-01-13T10:07:00Z,FIRST_RETEST_FILLED,2023-01-13T07:15:00Z,2023-01-13T07:00:00Z,1896.0,True,True,INITIAL_CONFIRMATION_STOP,a5ae5819c3161b2e64ddc00140fc0832a31db73c68f433d2c07a6ec72caadf6e,cf755e65a88be6816d41fe00a63e3bc01da37b801852bd5f68369bab8d324bb5,1900.94,7.440714285714274,0.37203571428571375,NOT_STRICTLY_CLOSER_THAN_CONTROL,H1_SOURCE_SWING_BUFFERED_ELSE_CONTROL,False,cf755e65a88be6816d41fe00a63e3bc01da37b801852bd5f68369bab8d324bb5,2023-01-13T05:00:00Z,1900.94,1875.14,04a2ca3b8eb28ea1f7d3430dbab2eff33ed5fc5583c7bc484fcdbc6b90f664ef
2d8fe70bbede539edf92e6472bfa45ccaeeee350bece9f78422d3ecf05d3bd41,1896.0,2023-01-13T07:00:00Z,4fef608e954ee87f40b85e22ef598bbe0186e4ff948bf4500737f4dd28621541,2023-01-13T07:00:00Z,1895.94,1900.94,2023-02-01T00:00:00Z,2023-01-13T05:00:00Z,0.0,SHORT,1.0,-50.0,CONTROL_V2_FILLED_STOP,2023-01-13T07:00:00Z,CONFIRMED_25_75_RETEST_SPLIT,1895.94,True,0da550e306441e5ca3cefb2d66181d00aecfa2ca4aa08c2dbd1b565de7d0f38a,1.1675121457489717,0.7336497975708651,2023_01,-1.0,-1.0,STOP,2023-01-13T10:07:00Z,SPLIT_STOP_STOP,68cf0fcaf6867a6d6728bbf84e19bec6adf0d4b3b6ed547403f47a1dfe3ba04c,2023-01-13T10:07:00Z,FIRST_RETEST_FILLED,2023-01-13T07:15:00Z,2023-01-13T07:00:00Z,1896.0,True,True,INITIAL_CONFIRMATION_STOP,06561b65f59ac2b0bd010b08e6f52bcf25feb3914b1082cde090c1f85bf408be,cf755e65a88be6816d41fe00a63e3bc01da37b801852bd5f68369bab8d324bb5,1900.94,,,,CONTROL_V2_FILLED_STOP,False,,2023-01-13T07:00:00Z,1900.94,1875.14,04a2ca3b8eb28ea1f7d3430dbab2eff33ed5fc5583c7bc484fcdbc6b90f664ef
2d8fe70bbede539edf92e6472bfa45ccaeeee350bece9f78422d3ecf05d3bd41,1896.0,2023-01-13T07:00:00Z,4fef608e954ee87f40b85e22ef598bbe0186e4ff948bf4500737f4dd28621541,2023-01-13T07:00:00Z,1895.94,1900.94,2023-02-01T00:00:00Z,2023-01-13T05:00:00Z,0.0,SHORT,0.37037142857143407,-50.0,M5_LATEST_CONFIRMED_OPPOSING_SWING_ELSE_CONTROL,2023-01-13T07:00:00Z,CONFIRMED_25_75_RETEST_SPLIT,1895.94,True,bd0d899d144a1cd8d3cc2f9599312f19d97cd2996126533b7eaa6ff92cd7b322,1.6798504742850635,2.012393174007661,2023_01,-1.0,-1.0,STOP,2023-01-13T10:07:00Z,SPLIT_STOP_STOP,56abebd772e39c9fcd9ec9a42cd42a36c920b27e8d19d0c65ce16e4bc67788c2,2023-01-13T09:45:00Z,FIRST_RETEST_FILLED,2023-01-13T07:15:00Z,2023-01-13T07:00:00Z,1896.0,True,True,INITIAL_CONFIRMATION_STOP,89680e5fcb43c661851a6acc6ad3e90c0bd30c9a6ba34bfe27bc678d38bb7c99,cf755e65a88be6816d41fe00a63e3bc01da37b801852bd5f68369bab8d324bb5,1897.7918571428572,0.6371428571428461,0.03185714285714231,,M5_LATEST_CONFIRMED_OPPOSING_SWING_ELSE_CONTROL,True,7a442817a2848f70edfa44dba94da457a6c5a085c2ed68b2697d2d4741cb621e,2023-01-13T06:45:00Z,1897.76,1875.14,04a2ca3b8eb28ea1f7d3430dbab2eff33ed5fc5583c7bc484fcdbc6b90f664ef
2d8fe70bbede539edf92e6472bfa45ccaeeee350bece9f78422d3ecf05d3bd41,1896.0,2023-01-13T07:00:00Z,4fef608e954ee87f40b85e22ef598bbe0186e4ff948bf4500737f4dd28621541,2023-01-13T07:00:00Z,1895.94,1900.94,2023-02-01T00:00:00Z,2023-01-13T05:00:00Z,0.0,SHORT,0.5140499999999975,-50.0,M15_LATEST_CONFIRMED_OPPOSING_SWING_ELSE_CONTROL,2023-01-13T07:00:00Z,CONFIRMED_25_75_RETEST_SPLIT,1895.94,True,a810ab1a020b7bcf468c52f36d224d9e59381074e2dbd165e16003ffc5ba493b,1.2018823204203035,1.4397166539859716,2023_01,-1.0,-1.0,STOP,2023-01-13T10:07:00Z,SPLIT_STOP_STOP,a47c4af49a57505a0e99f37bd99543e2f578bdce3eb517c9d78aa9a6d703ad5b,2023-01-13T09:45:00Z,FIRST_RETEST_FILLED,2023-01-13T07:15:00Z,2023-01-13T07:00:00Z,1896.0,True,True,INITIAL_CONFIRMATION_STOP,695899d14c3c91caa75cc5e94152c26944b62739a5fd3a83b3bcd5d101326cb0,cf755e65a88be6816d41fe00a63e3bc01da37b801852bd5f68369bab8d324bb5,1898.51025,1.4049999999999565,0.07024999999999783,,M15_LATEST_CONFIRMED_OPPOSING_SWING_ELSE_CONTROL,True,1f35fc61adf964f3377f218c55141fc02bb6baab582c8a35db93198906260b35,2023-01-13T06:45:00Z,1898.44,1875.14,04a2ca3b8eb28ea1f7d3430dbab2eff33ed5fc5583c7bc484fcdbc6b90f664ef
2d8fe70bbede539edf92e6472bfa45ccaeeee350bece9f78422d3ecf05d3bd41,1896.0,2023-01-13T07:00:00Z,4fef608e954ee87f40b85e22ef598bbe0186e4ff948bf4500737f4dd28621541,2023-01-13T07:00:00Z,1895.94,1900.94,2023-02-01T00:00:00Z,2023-01-13T05:00:00Z,0.0,SHORT,1.0,-50.0,CONTROL_V2_FILLED_STOP,2023-01-13T07:00:00Z,CONFIRMED_25_75_RETEST_SPLIT,1895.94,True,2ede4d1bb2ffa8a106127e7ac9813b39849eca7dcb1b4a318c6862a4bcc65e24,1.1675121457489717,0.7336497975708651,2023_01,-1.0,-1.0,STOP,2023-01-13T10:07:00Z,SPLIT_STOP_STOP,2e6d94873195facc19bedb612b99ad0374bdd845cc03eadab58609e258303d31,2023-01-13T10:07:00Z,FIRST_RETEST_FILLED,2023-01-13T07:15:00Z,2023-01-13T07:00:00Z,1896.0,True,True,INITIAL_CONFIRMATION_STOP,e9bcdd879d748a1cac0fa8be70b04f3af76ef9beebd2b3d458f14752ca5f8956,cf755e65a88be6816d41fe00a63e3bc01da37b801852bd5f68369bab8d324bb5,1900.94,7.440714285714274,0.37203571428571375,NOT_STRICTLY_CLOSER_THAN_CONTROL,H1_SOURCE_SWING_BUFFERED_ELSE_CONTROL,False,cf755e65a88be6816d41fe00a63e3bc01da37b801852bd5f68369bab8d324bb5,2023-01-13T05:00:00Z,1900.94,1875.14,04a2ca3b8eb28ea1f7d3430dbab2eff33ed5fc5583c7bc484fcdbc6b90f664ef
9119e18267af31b936e25d7c4e7e38bbf680bb50ac9b501d2ca1b08c2350ea9c,1897.02,2023-01-13T10:05:00Z,d8aca68abeb5067b5af823e7c668b4d1b3d15dbb4cc43121f9addee04958e7ed,2023-01-13T10:05:00Z,1898.27,1892.35,2023-02-01T00:00:00Z,2023-01-13T10:00:00Z,0.0,LONG,1.0,22.55067567567601,CONTROL_V2_FILLED_STOP,2023-01-13T10:05:00Z,CONTROL_NEXT_M1_OPEN,1898.27,True,3c06eb91f8b74560df68a001c29c9bc7da0f0e56d09bd3aa516287e3b23e3283,0.018581081081063953,0.5912162162162089,2023_01,0.45101351351352026,0.45101351351352026,TARGET,2023-01-13T10:07:00Z,TARGET,f56678e1a9d8947fca002ebe4f00950c615a0f1e6bb8883a9d13680e547418b3,2023-01-13T10:07:00Z,TARGET_BEFORE_RETEST,2023-01-13T10:20:00Z,,1897.02,False,False,INITIAL_CONFIRMATION_TARGET,13ba76ccc652e331b990922aaed60ca5126a149e6c3f20f2ad93a1f36613ced8,d618a20d4d016f6df2c0a977e0e682720f8ae789113b4c8227090158dfc0ec45,1892.35,,,,CONTROL_V2_FILLED_STOP,False,,2023-01-13T10:05:00Z,1892.35,1900.94,5ff1bb35e33df271aed2dcc74ca388b0f64eecdae11ea491c01c24c884300bcc
9119e18267af31b936e25d7c4e7e38bbf680bb50ac9b501d2ca1b08c2350ea9c,1897.02,2023-01-13T10:05:00Z,d8aca68abeb5067b5af823e7c668b4d1b3d15dbb4cc43121f9addee04958e7ed,2023-01-13T10:05:00Z,1898.27,1892.35,2023-02-01T00:00:00Z,2023-01-13T10:00:00Z,0.3133020682598553,LONG,0.5900880791505945,38.215779088668775,M5_LATEST_CONFIRMED_OPPOSING_SWING_ELSE_CONTROL,2023-01-13T10:05:00Z,CONTROL_NEXT_M1_OPEN,1898.27,True,70da46172284c8d4fd006506fd5a3e58dd0dbe677be5933f7151576e1cd4f002,0.0314886569269635,1.0019118113133862,2023_01,0.7643155817733756,0.45101351351352026,TARGET,2023-01-13T10:07:00Z,TARGET,0d066f6a520d4b263441902e62ad60c4c89cddb40223d253985979aa47665d84,2023-01-13T10:07:00Z,TARGET_BEFORE_RETEST,2023-01-13T10:20:00Z,,1897.02,False,False,INITIAL_CONFIRMATION_TARGET,982ff980d5944851f510aae85c2fa85632ba4ccbab47bec8f48881061f3c83c7,d618a20d4d016f6df2c0a977e0e682720f8ae789113b4c8227090158dfc0ec45,1894.7766785714284,1.4664285714285694,0.07332142857142847,,M5_LATEST_CONFIRMED_OPPOSING_SWING_ELSE_CONTROL,True,082d4d7e1086df316c7fc01a03cc9c631be39d949de92ddb8fe58cbc1c9f1aa1,2023-01-13T09:40:00Z,1894.85,1900.94,5ff1bb35e33df271aed2dcc74ca388b0f64eecdae11ea491c01c24c884300bcc
9119e18267af31b936e25d7c4e7e38bbf680bb50ac9b501d2ca1b08c2350ea9c,1897.02,2023-01-13T10:05:00Z,d8aca68abeb5067b5af823e7c668b4d1b3d15dbb4cc43121f9addee04958e7ed,2023-01-13T10:05:00Z,1898.27,1892.35,2023-02-01T00:00:00Z,2023-01-13T10:00:00Z,0.3094458543978734,LONG,0.5930803571428566,38.022968395569684,M15_LATEST_CONFIRMED_OPPOSING_SWING_ELSE_CONTROL,2023-01-13T10:05:00Z,CONTROL_NEXT_M1_OPEN,1898.27,True,f2ba1d06bdc2d09c0844061122b007d7418f9151c4e2698cf1831cc2a0f123fe,0.03132978669294942,0.9968568493220245,2023_01,0.7604593679113937,0.45101351351352026,TARGET,2023-01-13T10:07:00Z,TARGET,d8179103fea48dff9cc498c96b806dd35049a973b9547eda2f3d1ddd0262f259,2023-01-13T10:07:00Z,TARGET_BEFORE_RETEST,2023-01-13T10:20:00Z,,1897.02,False,False,INITIAL_CONFIRMATION_TARGET,eb559ead2c5437dabbc653e0661306141928cfec12e16ec923d4e7c96173dca4,d618a20d4d016f6df2c0a977e0e682720f8ae789113b4c8227090158dfc0ec45,1894.7589642857142,1.8207142857143188,0.09103571428571594,,M15_LATEST_CONFIRMED_OPPOSING_SWING_ELSE_CONTROL,True,f966df96a6f6fc57bceb60a7d3c936398cf78de80c52b2b3db749711a0dff7ea,2023-01-13T10:00:00Z,1894.85,1900.94,5ff1bb35e33df271aed2dcc74ca388b0f64eecdae11ea491c01c24c884300bcc
9119e18267af31b936e25d7c4e7e38bbf680bb50ac9b501d2ca1b08c2350ea9c,1897.02,2023-01-13T10:05:00Z,d8aca68abeb5067b5af823e7c668b4d1b3d15dbb4cc43121f9addee04958e7ed,2023-01-13T10:05:00Z,1898.27,1892.35,2023-02-01T00:00:00Z,2023-01-13T10:00:00Z,0.0,LONG,1.0,22.55067567567601,CONTROL_V2_FILLED_STOP,2023-01-13T10:05:00Z,CONTROL_NEXT_M1_OPEN,1898.27,True,ce3691b157f7dc27ba55b938e0a4dff6b7e3ddbe0df48e7d57c616e4762d26a1,0.018581081081063953,0.5912162162162089,2023_01,0.45101351351352026,0.45101351351352026,TARGET,2023-01-13T10:07:00Z,TARGET,3f75f68e31c6d59dd1b777c3553aa0b32052416342c41530c8336c9c096449aa,2023-01-13T10:07:00Z,TARGET_BEFORE_RETEST,2023-01-13T10:20:00Z,,1897.02,False,False,INITIAL_CONFIRMATION_TARGET,366197203bcf8423e8f158f2888bb382a9479e57f96b3591ba67c6100212b108,d618a20d4d016f6df2c0a977e0e682720f8ae789113b4c8227090158dfc0ec45,1892.35,4.565714285714291,0.22828571428571456,NOT_STRICTLY_CLOSER_THAN_CONTROL,H1_SOURCE_SWING_BUFFERED_ELSE_CONTROL,False,d618a20d4d016f6df2c0a977e0e682720f8ae789113b4c8227090158dfc0ec45,2023-01-13T10:00:00Z,1892.35,1900.94,5ff1bb35e33df271aed2dcc74ca388b0f64eecdae11ea491c01c24c884300bcc
9119e18267af31b936e25d7c4e7e38bbf680bb50ac9b501d2ca1b08c2350ea9c,1897.02,2023-01-13T10:05:00Z,d8aca68abeb5067b5af823e7c668b4d1b3d15dbb4cc43121f9addee04958e7ed,2023-01-13T10:05:00Z,1898.27,1892.35,2023-02-01T00:00:00Z,2023-01-13T10:00:00Z,-0.45101351351352026,LONG,1.0,0.0,CONTROL_V2_FILLED_STOP,,M5_BROKEN_CONTROL_FIRST_RETEST,,False,3c06eb91f8b74560df68a001c29c9bc7da0f0e56d09bd3aa516287e3b23e3283,,,2023_01,0.0,0.45101351351352026,TARGET,2023-01-13T10:07:00Z,NO_FILL,a1ecca9cb0c93c6f3266e1a0f79a49489016dea8a9456a193f7767bcb7f1fab5,,TARGET_BEFORE_RETEST,2023-01-13T10:20:00Z,,1897.02,False,False,INITIAL_CONFIRMATION_TARGET,39e336d7fbedd51ae165c1ad46e49c887e6583e63127a4b72dbaf5c72c4db8a2,d618a20d4d016f6df2c0a977e0e682720f8ae789113b4c8227090158dfc0ec45,1892.35,,,,CONTROL_V2_FILLED_STOP,False,,2023-01-13T10:05:00Z,1892.35,1900.94,5ff1bb35e33df271aed2dcc74ca388b0f64eecdae11ea491c01c24c884300bcc
9119e18267af31b936e25d7c4e7e38bbf680bb50ac9b501d2ca1b08c2350ea9c,1897.02,2023-01-13T10:05:00Z,d8aca68abeb5067b5af823e7c668b4d1b3d15dbb4cc43121f9addee04958e7ed,2023-01-13T10:05:00Z,1898.27,1892.35,2023-02-01T00:00:00Z,2023-01-13T10:00:00Z,-0.45101351351352026,LONG,0.5900880791505945,0.0,M5_LATEST_CONFIRMED_OPPOSING_SWING_ELSE_CONTROL,,M5_BROKEN_CONTROL_FIRST_RETEST,,False,70da46172284c8d4fd006506fd5a3e58dd0dbe677be5933f7151576e1cd4f002,,,2023_01,0.0,0.45101351351352026,TARGET,2023-01-13T10:07:00Z,NO_FILL,7f217de9c8541499ee06be8ef67cff559a4c147c11499d2793d9edf6a69333c0,,TARGET_BEFORE_RETEST,2023-01-13T10:20:00Z,,1897.02,False,False,INITIAL_CONFIRMATION_TARGET,2d2aa4032557215254c04fb839595a11c4cbb87b51794ef4e317b61988ef3624,d618a20d4d016f6df2c0a977e0e682720f8ae789113b4c8227090158dfc0ec45,1894.7766785714284,1.4664285714285694,0.07332142857142847,,M5_LATEST_CONFIRMED_OPPOSING_SWING_ELSE_CONTROL,True,082d4d7e1086df316c7fc01a03cc9c631be39d949de92ddb8fe58cbc1c9f1aa1,2023-01-13T09:40:00Z,1894.85,1900.94,5ff1bb35e33df271aed2dcc74ca388b0f64eecdae11ea491c01c24c884300bcc
9119e18267af31b936e25d7c4e7e38bbf680bb50ac9b501d2ca1b08c2350ea9c,1897.02,2023-01-13T10:05:00Z,d8aca68abeb5067b5af823e7c668b4d1b3d15dbb4cc43121f9addee04958e7ed,2023-01-13T10:05:00Z,1898.27,1892.35,2023-02-01T00:00:00Z,2023-01-13T10:00:00Z,-0.45101351351352026,LONG,0.5930803571428566,0.0,M15_LATEST_CONFIRMED_OPPOSING_SWING_ELSE_CONTROL,,M5_BROKEN_CONTROL_FIRST_RETEST,,False,f2ba1d06bdc2d09c0844061122b007d7418f9151c4e2698cf1831cc2a0f123fe,,,2023_01,0.0,0.45101351351352026,TARGET,2023-01-13T10:07:00Z,NO_FILL,46beaabb3d4f7e13df9057ea8bc2ed49f5d04a178d7b9deaa2ac5c11c95f47b2,,TARGET_BEFORE_RETEST,2023-01-13T10:20:00Z,,1897.02,False,False,INITIAL_CONFIRMATION_TARGET,9c26ddb6a059b723433eef947b2133ae2d65804c06a8198787d6d0e92fd2dcec,d618a20d4d016f6df2c0a977e0e682720f8ae789113b4c8227090158dfc0ec45,1894.7589642857142,1.8207142857143188,0.09103571428571594,,M15_LATEST_CONFIRMED_OPPOSING_SWING_ELSE_CONTROL,True,f966df96a6f6fc57bceb60a7d3c936398cf78de80c52b2b3db749711a0dff7ea,2023-01-13T10:00:00Z,1894.85,1900.94,5ff1bb35e33df271aed2dcc74ca388b0f64eecdae11ea491c01c24c884300bcc
9119e18267af31b936e25d7c4e7e38bbf680bb50ac9b501d2ca1b08c2350ea9c,1897.02,2023-01-13T10:05:00Z,d8aca68abeb5067b5af823e7c668b4d1b3d15dbb4cc43121f9addee04958e7ed,2023-01-13T10:05:00Z,1898.27,1892.35,2023-02-01T00:00:00Z,2023-01-13T10:00:00Z,-0.45101351351352026,LONG,1.0,0.0,CONTROL_V2_FILLED_STOP,,M5_BROKEN_CONTROL_FIRST_RETEST,,False,ce3691b157f7dc27ba55b938e0a4dff6b7e3ddbe0df48e7d57c616e4762d26a1,,,2023_01,0.0,0.45101351351352026,TARGET,2023-01-13T10:07:00Z,NO_FILL,d7f6fbaf5c28383e6bf4b15bc883121c4e82d67c1f85969043f1b5afcbc9147a,,TARGET_BEFORE_RETEST,2023-01-13T10:20:00Z,,1897.02,False,False,INITIAL_CONFIRMATION_TARGET,a97f7d4f74d76241954b8fe5f80d8fcd6566664b95cf5dff3b7df6a6495bbaf0,d618a20d4d016f6df2c0a977e0e682720f8ae789113b4c8227090158dfc0ec45,1892.35,4.565714285714291,0.22828571428571456,NOT_STRICTLY_CLOSER_THAN_CONTROL,H1_SOURCE_SWING_BUFFERED_ELSE_CONTROL,False,d618a20d4d016f6df2c0a977e0e682720f8ae789113b4c8227090158dfc0ec45,2023-01-13T10:00:00Z,1892.35,1900.94,5ff1bb35e33df271aed2dcc74ca388b0f64eecdae11ea491c01c24c884300bcc
9119e18267af31b936e25d7c4e7e38bbf680bb50ac9b501d2ca1b08c2350ea9c,1897.02,2023-01-13T10:05:00Z,d8aca68abeb5067b5af823e7c668b4d1b3d15dbb4cc43121f9addee04958e7ed,2023-01-13T10:05:00Z,1898.27,1892.35,2023-02-01T00:00:00Z,2023-01-13T10:00:00Z,-0.3382601351351402,LONG,1.0,5.637668918919003,CONTROL_V2_FILLED_STOP,2023-01-13T10:05:00Z,CONFIRMED_25_75_RETEST_SPLIT,1898.27,True,3c06eb91f8b74560df68a001c29c9bc7da0f0e56d09bd3aa516287e3b23e3283,0.004645270270265988,0.14780405405405223,2023_01,0.11275337837838006,0.45101351351352026,TARGET,2023-01-13T10:07:00Z,SPLIT_CONTROL_TARGET_NO_RETEST,97748a273232b54ae28eec8e76450bcc0c1b6b2a4562d5ba3b2c9c1b12524df6,2023-01-13T10:07:00Z,TARGET_BEFORE_RETEST,2023-01-13T10:20:00Z,,1897.02,False,False,INITIAL_CONFIRMATION_TARGET,d9069f7de80caca0961bec81dc302191cd373b06278b2f8075fc7156d2da3aa8,d618a20d4d016f6df2c0a977e0e682720f8ae789113b4c8227090158dfc0ec45,1892.35,,,,CONTROL_V2_FILLED_STOP,False,,2023-01-13T10:05:00Z,1892.35,1900.94,5ff1bb35e33df271aed2dcc74ca388b0f64eecdae11ea491c01c24c884300bcc
9119e18267af31b936e25d7c4e7e38bbf680bb50ac9b501d2ca1b08c2350ea9c,1897.02,2023-01-13T10:05:00Z,d8aca68abeb5067b5af823e7c668b4d1b3d15dbb4cc43121f9addee04958e7ed,2023-01-13T10:05:00Z,1898.27,1892.35,2023-02-01T00:00:00Z,2023-01-13T10:00:00Z,-0.25993461807017637,LONG,0.5900880791505945,9.553944772167194,M5_LATEST_CONFIRMED_OPPOSING_SWING_ELSE_CONTROL,2023-01-13T10:05:00Z,CONFIRMED_25_75_RETEST_SPLIT,1898.27,True,70da46172284c8d4fd006506fd5a3e58dd0dbe677be5933f7151576e1cd4f002,0.007872164231740876,0.25047795282834656,2023_01,0.1910788954433439,0.45101351351352026,TARGET,2023-01-13T10:07:00Z,SPLIT_CONTROL_TARGET_NO_RETEST,03e1491d3590da3e990b0b1cf536f7ed145e62c74416b343c2c26d84aff57ad5,2023-01-13T10:07:00Z,TARGET_BEFORE_RETEST,2023-01-13T10:20:00Z,,1897.02,False,False,INITIAL_CONFIRMATION_TARGET,656ebc4e0c90afafe3310a86fdf0c2827474fee35221091755e508745080bac6,d618a20d4d016f6df2c0a977e0e682720f8ae789113b4c8227090158dfc0ec45,1894.7766785714284,1.4664285714285694,0.07332142857142847,,M5_LATEST_CONFIRMED_OPPOSING_SWING_ELSE_CONTROL,True,082d4d7e1086df316c7fc01a03cc9c631be39d949de92ddb8fe58cbc1c9f1aa1,2023-01-13T09:40:00Z,1894.85,1900.94,5ff1bb35e33df271aed2dcc74ca388b0f64eecdae11ea491c01c24c884300bcc
9119e18267af31b936e25d7c4e7e38bbf680bb50ac9b501d2ca1b08c2350ea9c,1897.02,2023-01-13T10:05:00Z,d8aca68abeb5067b5af823e7c668b4d1b3d15dbb4cc43121f9addee04958e7ed,2023-01-13T10:05:00Z,1898.27,1892.35,2023-02-01T00:00:00Z,2023-01-13T10:00:00Z,-0.2608986715356718,LONG,0.5930803571428566,9.505742098892421,M15_LATEST_CONFIRMED_OPPOSING_SWING_ELSE_CONTROL,2023-01-13T10:05:00Z,CONFIRMED_25_75_RETEST_SPLIT,1898.27,True,f2ba1d06bdc2d09c0844061122b007d7418f9151c4e2698cf1831cc2a0f123fe,0.007832446673237355,0.2492142123305061,2023_01,0.19011484197784842,0.45101351351352026,TARGET,2023-01-13T10:07:00Z,SPLIT_CONTROL_TARGET_NO_RETEST,036bcc2fb714357e5afe16f0f8803f6bd3efdddd9a0405dd50275f068e797463,2023-01-13T10:07:00Z,TARGET_BEFORE_RETEST,2023-01-13T10:20:00Z,,1897.02,False,False,INITIAL_CONFIRMATION_TARGET,0c1f61b928df682f5ddbeca2cbefaabc93e6d76f20a452013321f44e5299d2f8,d618a20d4d016f6df2c0a977e0e682720f8ae789113b4c8227090158dfc0ec45,1894.7589642857142,1.8207142857143188,0.09103571428571594,,M15_LATEST_CONFIRMED_OPPOSING_SWING_ELSE_CONTROL,True,f966df96a6f6fc57bceb60a7d3c936398cf78de80c52b2b3db749711a0dff7ea,2023-01-13T10:00:00Z,1894.85,1900.94,5ff1bb35e33df271aed2dcc74ca388b0f64eecdae11ea491c01c24c884300bcc
9119e18267af31b936e25d7c4e7e38bbf680bb50ac9b501d2ca1b08c2350ea9c,1897.02,2023-01-13T10:05:00Z,d8aca68abeb5067b5af823e7c668b4d1b3d15dbb4cc43121f9addee04958e7ed,2023-01-13T10:05:00Z,1898.27,1892.35,2023-02-01T00:00:00Z,2023-01-13T10:00:00Z,-0.3382601351351402,LONG,1.0,5.637668918919003,CONTROL_V2_FILLED_STOP,2023-01-13T10:05:00Z,CONFIRMED_25_75_RETEST_SPLIT,1898.27,True,ce3691b157f7dc27ba55b938e0a4dff6b7e3ddbe0df48e7d57c616e4762d26a1,0.004645270270265988,0.14780405405405223,2023_01,0.11275337837838006,0.45101351351352026,TARGET,2023-01-13T10:07:00Z,SPLIT_CONTROL_TARGET_NO_RETEST,cc49d55997b50e36bf4f829839b87a4c0fe8eb49cdf751f51a385c330cee6ab6,2023-01-13T10:07:00Z,TARGET_BEFORE_RETEST,2023-01-13T10:20:00Z,,1897.02,False,False,INITIAL_CONFIRMATION_TARGET,a550a21fc849805f630fe2cea89488d294dfb41a99f5c1b5c3d072e4fd5c7a4b,d618a20d4d016f6df2c0a977e0e682720f8ae789113b4c8227090158dfc0ec45,1892.35,4.565714285714291,0.22828571428571456,NOT_STRICTLY_CLOSER_THAN_CONTROL,H1_SOURCE_SWING_BUFFERED_ELSE_CONTROL,False,d618a20d4d016f6df2c0a977e0e682720f8ae789113b4c8227090158dfc0ec45,2023-01-13T10:00:00Z,1892.35,1900.94,5ff1bb35e33df271aed2dcc74ca388b0f64eecdae11ea491c01c24c884300bcc
ca0bb740de874944264a07f01d4e7c28375bd1c0af9391373d52406b5c1c5fb6,1904.03,2023-01-13T13:25:00Z,aafefae5653fe5c2b3adfcd3f82d5831bdce0fb875624e9a3d8b75681da650a5,2023-01-13T13:25:00Z,1903.69,1909.65,2023-02-01T00:00:00Z,2023-01-13T13:00:00Z,0.0,SHORT,1.0,-50.0,CONTROL_V2_FILLED_STOP,2023-01-13T13:25:00Z,CONTROL_NEXT_M1_OPEN,1903.69,True,d75f15b8cc9807eaed724e21ea8d118811ee76bf2786fc1be2bd25332136d33a,1.4479865771811793,1.6728187919463031,2023_01,-1.0,-1.0,STOP,2023-01-13T16:50:00Z,STOP,688f280938b4f889386756a002ace18b29b48db5fce56a09bc52a9228c070c9a,2023-01-13T16:50:00Z,FIRST_RETEST_FILLED,2023-01-13T13:40:00Z,2023-01-13T13:26:00Z,1904.03,True,False,INITIAL_CONFIRMATION_STOP,db43b6610a74a12ff74a73944592406bbc41805574600110657c6a4e13a86f60,5033dafb7e093e803863ab569d3fbe5e98c6b6a6aabc0f1a8749b0dae2d3859c,1909.65,,,,CONTROL_V2_FILLED_STOP,False,,2023-01-13T13:25:00Z,1909.65,1892.35,c17862bac16b84422db24c8d2b9e37ad3bf467f3f42dd45a41639ed5eb727ac5
ca0bb740de874944264a07f01d4e7c28375bd1c0af9391373d52406b5c1c5fb6,1904.03,2023-01-13T13:25:00Z,aafefae5653fe5c2b3adfcd3f82d5831bdce0fb875624e9a3d8b75681da650a5,2023-01-13T13:25:00Z,1903.69,1909.65,2023-02-01T00:00:00Z,2023-01-13T13:00:00Z,0.0,SHORT,0.5616610738254755,-50.0,M5_LATEST_CONFIRMED_OPPOSING_SWING_ELSE_CONTROL,2023-01-13T13:25:00Z,CONTROL_NEXT_M1_OPEN,1903.69,True,43b9da95c0da58b9dfa537fb8d819958920de438e44deb462ff6532142f8b743,1.081404032860358,2.9783420463033488,2023_01,-1.0,-1.0,STOP,2023-01-13T16:50:00Z,STOP,9034f37ad8de1ff4e9fe936eaedf351730384a2bfb4d2d9506eadd24e82f0992,2023-01-13T16:40:00Z,FIRST_RETEST_FILLED,2023-01-13T13:40:00Z,2023-01-13T13:26:00Z,1904.03,True,False,INITIAL_CONFIRMATION_STOP,2a12edfc5be403f968ac37b0fbc7b986bdecc2bc0e42c7c51be4c06f603e75ca,5033dafb7e093e803863ab569d3fbe5e98c6b6a6aabc0f1a8749b0dae2d3859c,1907.0375,1.1500000000000097,0.05750000000000049,,M5_LATEST_CONFIRMED_OPPOSING_SWING_ELSE_CONTROL,True,cc23ee6197d8d70a4c89993d04a358633e6a39f580d39a1955352791672c427e,2023-01-13T13:20:00Z,1906.98,1892.35,c17862bac16b84422db24c8d2b9e37ad3bf467f3f42dd45a41639ed5eb727ac5
ca0bb740de874944264a07f01d4e7c28375bd1c0af9391373d52406b5c1c5fb6,1904.03,2023-01-13T13:25:00Z,aafefae5653fe5c2b3adfcd3f82d5831bdce0fb875624e9a3d8b75681da650a5,2023-01-13T13:25:00Z,1903.69,1909.65,2023-02-01T00:00:00Z,2023-01-13T13:00:00Z,0.0,SHORT,0.4672339405560784,-50.0,M15_LATEST_CONFIRMED_OPPOSING_SWING_ELSE_CONTROL,2023-01-13T13:25:00Z,CONTROL_NEXT_M1_OPEN,1903.69,True,124aab60b712ebca20d7b56ec71a5d01fee826d985c2c1e4f987ccefe113367a,1.2999538295798292,3.5802595803622443,2023_01,-1.0,-1.0,STOP,2023-01-13T16:50:00Z,STOP,61e207ee1f1fb5f7da82bf46195cad85e2444af2bfe11660bd6b812fe3f009b2,2023-01-13T16:40:00Z,FIRST_RETEST_FILLED,2023-01-13T13:40:00Z,2023-01-13T13:26:00Z,1904.03,True,False,INITIAL_CONFIRMATION_STOP,21600b43320b82e2387546fe71244521afba7d06fb31cda9c2bd227065948a3f,5033dafb7e093e803863ab569d3fbe5e98c6b6a6aabc0f1a8749b0dae2d3859c,1906.4747142857143,2.8942857142857292,0.14471428571428646,,M15_LATEST_CONFIRMED_OPPOSING_SWING_ELSE_CONTROL,True,e35295f0dc0b2f743346f94aff0b0c7e5d97f75a198fbb64ed5204d20bedff40,2023-01-13T13:00:00Z,1906.33,1892.35,c17862bac16b84422db24c8d2b9e37ad3bf467f3f42dd45a41639ed5eb727ac5
ca0bb740de874944264a07f01d4e7c28375bd1c0af9391373d52406b5c1c5fb6,1904.03,2023-01-13T13:25:00Z,aafefae5653fe5c2b3adfcd3f82d5831bdce0fb875624e9a3d8b75681da650a5,2023-01-13T13:25:00Z,1903.69,1909.65,2023-02-01T00:00:00Z,2023-01-13T13:00:00Z,0.0,SHORT,1.0,-50.0,CONTROL_V2_FILLED_STOP,2023-01-13T13:25:00Z,CONTROL_NEXT_M1_OPEN,1903.69,True,afaedbcbd09f915f53572c634b6b4b0db43b5104679fee421bbf8cecf1fadb92,1.4479865771811793,1.6728187919463031,2023_01,-1.0,-1.0,STOP,2023-01-13T16:50:00Z,STOP,ffcc59604f43e4c662f1ab5821421710d9040243a3521cf38a5c539864efb51e,2023-01-13T16:50:00Z,FIRST_RETEST_FILLED,2023-01-13T13:40:00Z,2023-01-13T13:26:00Z,1904.03,True,False,INITIAL_CONFIRMATION_STOP,31d4311fc88bd0e96aebd903ff7865c93cf2c932302f1601f2b64f1a2e21ba23,5033dafb7e093e803863ab569d3fbe5e98c6b6a6aabc0f1a8749b0dae2d3859c,1909.65,4.349285714285721,0.21746428571428608,NOT_STRICTLY_CLOSER_THAN_CONTROL,H1_SOURCE_SWING_BUFFERED_ELSE_CONTROL,False,5033dafb7e093e803863ab569d3fbe5e98c6b6a6aabc0f1a8749b0dae2d3859c,2023-01-13T13:00:00Z,1909.65,1892.35,c17862bac16b84422db24c8d2b9e37ad3bf467f3f42dd45a41639ed5eb727ac5
ca0bb740de874944264a07f01d4e7c28375bd1c0af9391373d52406b5c1c5fb6,1904.03,2023-01-13T13:25:00Z,aafefae5653fe5c2b3adfcd3f82d5831bdce0fb875624e9a3d8b75681da650a5,2023-01-13T13:25:00Z,1903.69,1909.65,2023-02-01T00:00:00Z,2023-01-13T13:00:00Z,0.0,SHORT,1.0,-50.0,CONTROL_V2_FILLED_STOP,2023-01-13T13:26:00Z,M5_BROKEN_CONTROL_FIRST_RETEST,1904.03,True,d75f15b8cc9807eaed724e21ea8d118811ee76bf2786fc1be2bd25332136d33a,1.4750889679714927,1.8345195729536883,2023_01,-1.0,-1.0,STOP,2023-01-13T16:50:00Z,STOP,a8c3c094f1d3a5934e96a95f45c169a201d55628d7434cc2f8853aa64dfba544,2023-01-13T16:50:00Z,FIRST_RETEST_FILLED,2023-01-13T13:40:00Z,2023-01-13T13:26:00Z,1904.03,True,True,INITIAL_CONFIRMATION_STOP,73fa2e2cc7a55d81c0e65115ed453febe5229ae1470136d2e0e1229bcacab97c,5033dafb7e093e803863ab569d3fbe5e98c6b6a6aabc0f1a8749b0dae2d3859c,1909.65,,,,CONTROL_V2_FILLED_STOP,False,,2023-01-13T13:25:00Z,1909.65,1892.35,c17862bac16b84422db24c8d2b9e37ad3bf467f3f42dd45a41639ed5eb727ac5
ca0bb740de874944264a07f01d4e7c28375bd1c0af9391373d52406b5c1c5fb6,1904.03,2023-01-13T13:25:00Z,aafefae5653fe5c2b3adfcd3f82d5831bdce0fb875624e9a3d8b75681da650a5,2023-01-13T13:25:00Z,1903.69,1909.65,2023-02-01T00:00:00Z,2023-01-13T13:00:00Z,0.0,SHORT,0.5616610738254755,-50.0,M5_LATEST_CONFIRMED_OPPOSING_SWING_ELSE_CONTROL,2023-01-13T13:26:00Z,M5_BROKEN_CONTROL_FIRST_RETEST,1904.03,True,43b9da95c0da58b9dfa537fb8d819958920de438e44deb462ff6532142f8b743,1.090606816292616,3.4280964256027144,2023_01,-1.0,-1.0,STOP,2023-01-13T16:50:00Z,STOP,8e04942a2b1390a87b3de327c9081b56d7988663ff848405f1ef62ec036e0e60,2023-01-13T16:40:00Z,FIRST_RETEST_FILLED,2023-01-13T13:40:00Z,2023-01-13T13:26:00Z,1904.03,True,True,INITIAL_CONFIRMATION_STOP,96d23ead151156b27dcaee34d5cc061f6f209137c830ec5375255c624a83ca2b,5033dafb7e093e803863ab569d3fbe5e98c6b6a6aabc0f1a8749b0dae2d3859c,1907.0375,1.1500000000000097,0.05750000000000049,,M5_LATEST_CONFIRMED_OPPOSING_SWING_ELSE_CONTROL,True,cc23ee6197d8d70a4c89993d04a358633e6a39f580d39a1955352791672c427e,2023-01-13T13:20:00Z,1906.98,1892.35,c17862bac16b84422db24c8d2b9e37ad3bf467f3f42dd45a41639ed5eb727ac5
ca0bb740de874944264a07f01d4e7c28375bd1c0af9391373d52406b5c1c5fb6,1904.03,2023-01-13T13:25:00Z,aafefae5653fe5c2b3adfcd3f82d5831bdce0fb875624e9a3d8b75681da650a5,2023-01-13T13:25:00Z,1903.69,1909.65,2023-02-01T00:00:00Z,2023-01-13T13:00:00Z,0.0,SHORT,0.4672339405560784,-50.0,M15_LATEST_CONFIRMED_OPPOSING_SWING_ELSE_CONTROL,2023-01-13T13:26:00Z,M5_BROKEN_CONTROL_FIRST_RETEST,1904.03,True,124aab60b712ebca20d7b56ec71a5d01fee826d985c2c1e4f987ccefe113367a,1.3416700753812556,4.2172617308478015,2023_01,-1.0,-1.0,STOP,2023-01-13T16:50:00Z,STOP,551171fd710e3e7ea65eec2152c9e8880fae09969af68b5a0ecc6ff06b493f2e,2023-01-13T16:40:00Z,FIRST_RETEST_FILLED,2023-01-13T13:40:00Z,2023-01-13T13:26:00Z,1904.03,True,True,INITIAL_CONFIRMATION_STOP,4c5e18c0ab603df1e9a9f8e2ffe7eaab76b0f1aef458dde00cc78a2c46e678c8,5033dafb7e093e803863ab569d3fbe5e98c6b6a6aabc0f1a8749b0dae2d3859c,1906.4747142857143,2.8942857142857292,0.14471428571428646,,M15_LATEST_CONFIRMED_OPPOSING_SWING_ELSE_CONTROL,True,e35295f0dc0b2f743346f94aff0b0c7e5d97f75a198fbb64ed5204d20bedff40,2023-01-13T13:00:00Z,1906.33,1892.35,c17862bac16b84422db24c8d2b9e37ad3bf467f3f42dd45a41639ed5eb727ac5
ca0bb740de874944264a07f01d4e7c28375bd1c0af9391373d52406b5c1c5fb6,1904.03,2023-01-13T13:25:00Z,aafefae5653fe5c2b3adfcd3f82d5831bdce0fb875624e9a3d8b75681da650a5,2023-01-13T13:25:00Z,1903.69,1909.65,2023-02-01T00:00:00Z,2023-01-13T13:00:00Z,0.0,SHORT,1.0,-50.0,CONTROL_V2_FILLED_STOP,2023-01-13T13:26:00Z,M5_BROKEN_CONTROL_FIRST_RETEST,1904.03,True,afaedbcbd09f915f53572c634b6b4b0db43b5104679fee421bbf8cecf1fadb92,1.4750889679714927,1.8345195729536883,2023_01,-1.0,-1.0,STOP,2023-01-13T16:50:00Z,STOP,f4beaeaee734e6fa1ba9b3aa4858fc8b38afa77133d1711ff43b30e450980669,2023-01-13T16:50:00Z,FIRST_RETEST_FILLED,2023-01-13T13:40:00Z,2023-01-13T13:26:00Z,1904.03,True,True,INITIAL_CONFIRMATION_STOP,3814839635ee97094ed3d52e135e577a96fb8b0dba49aa9280c0af4bfe24f199,5033dafb7e093e803863ab569d3fbe5e98c6b6a6aabc0f1a8749b0dae2d3859c,1909.65,4.349285714285721,0.21746428571428608,NOT_STRICTLY_CLOSER_THAN_CONTROL,H1_SOURCE_SWING_BUFFERED_ELSE_CONTROL,False,5033dafb7e093e803863ab569d3fbe5e98c6b6a6aabc0f1a8749b0dae2d3859c,2023-01-13T13:00:00Z,1909.65,1892.35,c17862bac16b84422db24c8d2b9e37ad3bf467f3f42dd45a41639ed5eb727ac5
ca0bb740de874944264a07f01d4e7c28375bd1c0af9391373d52406b5c1c5fb6,1904.03,2023-01-13T13:25:00Z,aafefae5653fe5c2b3adfcd3f82d5831bdce0fb875624e9a3d8b75681da650a5,2023-01-13T13:25:00Z,1903.69,1909.65,2023-02-01T00:00:00Z,2023-01-13T13:00:00Z,0.0,SHORT,1.0,-50.0,CONTROL_V2_FILLED_STOP,2023-01-13T13:25:00Z,CONFIRMED_25_75_RETEST_SPLIT,1903.69,True,d75f15b8cc9807eaed724e21ea8d118811ee76bf2786fc1be2bd25332136d33a,1.4683133702739144,1.794094377701842,2023_01,-1.0,-1.0,STOP,2023-01-13T16:50:00Z,SPLIT_STOP_STOP,e8df687d2170c791c0cdefb8561121614270929c8d29b5a5aedd1a73618a9f36,2023-01-13T16:50:00Z,FIRST_RETEST_FILLED,2023-01-13T13:40:00Z,2023-01-13T13:26:00Z,1904.03,True,True,INITIAL_CONFIRMATION_STOP,bb0a082babf623ff9f6df41e1b6349302cf2c77f5eea538744995d45614b63d2,5033dafb7e093e803863ab569d3fbe5e98c6b6a6aabc0f1a8749b0dae2d3859c,1909.65,,,,CONTROL_V2_FILLED_STOP,False,,2023-01-13T13:25:00Z,1909.65,1892.35,c17862bac16b84422db24c8d2b9e37ad3bf467f3f42dd45a41639ed5eb727ac5
ca0bb740de874944264a07f01d4e7c28375bd1c0af9391373d52406b5c1c5fb6,1904.03,2023-01-13T13:25:00Z,aafefae5653fe5c2b3adfcd3f82d5831bdce0fb875624e9a3d8b75681da650a5,2023-01-13T13:25:00Z,1903.69,1909.65,2023-02-01T00:00:00Z,2023-01-13T13:00:00Z,0.0,SHORT,0.5616610738254755,-50.0,M5_LATEST_CONFIRMED_OPPOSING_SWING_ELSE_CONTROL,2023-01-13T13:25:00Z,CONFIRMED_25_75_RETEST_SPLIT,1903.69,True,43b9da95c0da58b9dfa537fb8d819958920de438e44deb462ff6532142f8b743,1.0883061204345514,3.315657830777873,2023_01,-1.0,-1.0,STOP,2023-01-13T16:50:00Z,SPLIT_STOP_STOP,044f91afd12c05e7a2e99e7439455311904350c83a0f3f4d27a7b6ca5578b2f1,2023-01-13T16:40:00Z,FIRST_RETEST_FILLED,2023-01-13T13:40:00Z,2023-01-13T13:26:00Z,1904.03,True,True,INITIAL_CONFIRMATION_STOP,c809759cef065c5e3bf452a6147a5b489aa78d3b8fdb408e650f18aa2d2acc11,5033dafb7e093e803863ab569d3fbe5e98c6b6a6aabc0f1a8749b0dae2d3859c,1907.0375,1.1500000000000097,0.05750000000000049,,M5_LATEST_CONFIRMED_OPPOSING_SWING_ELSE_CONTROL,True,cc23ee6197d8d70a4c89993d04a358633e6a39f580d39a1955352791672c427e,2023-01-13T13:20:00Z,1906.98,1892.35,c17862bac16b84422db24c8d2b9e37ad3bf467f3f42dd45a41639ed5eb727ac5
ca0bb740de874944264a07f01d4e7c28375bd1c0af9391373d52406b5c1c5fb6,1904.03,2023-01-13T13:25:00Z,aafefae5653fe5c2b3adfcd3f82d5831bdce0fb875624e9a3d8b75681da650a5,2023-01-13T13:25:00Z,1903.69,1909.65,2023-02-01T00:00:00Z,2023-01-13T13:00:00Z,0.0,SHORT,0.4672339405560784,-50.0,M15_LATEST_CONFIRMED_OPPOSING_SWING_ELSE_CONTROL,2023-01-13T13:25:00Z,CONFIRMED_25_75_RETEST_SPLIT,1903.69,True,124aab60b712ebca20d7b56ec71a5d01fee826d985c2c1e4f987ccefe113367a,1.331241013930899,4.058011193226412,2023_01,-1.0,-1.0,STOP,2023-01-13T16:50:00Z,SPLIT_STOP_STOP,17640ad0ab2b80c59d9f1736608a675348a81c84318b09977cd07e4a8d69f78c,2023-01-13T16:40:00Z,FIRST_RETEST_FILLED,2023-01-13T13:40:00Z,2023-01-13T13:26:00Z,1904.03,True,True,INITIAL_CONFIRMATION_STOP,0c922f803d11e267c2b45ffee06208bb93fe24464d6aad48b374d19eaa16f388,5033dafb7e093e803863ab569d3fbe5e98c6b6a6aabc0f1a8749b0dae2d3859c,1906.4747142857143,2.8942857142857292,0.14471428571428646,,M15_LATEST_CONFIRMED_OPPOSING_SWING_ELSE_CONTROL,True,e35295f0dc0b2f743346f94aff0b0c7e5d97f75a198fbb64ed5204d20bedff40,2023-01-13T13:00:00Z,1906.33,1892.35,c17862bac16b84422db24c8d2b9e37ad3bf467f3f42dd45a41639ed5eb727ac5
ca0bb740de874944264a07f01d4e7c28375bd1c0af9391373d52406b5c1c5fb6,1904.03,2023-01-13T13:25:00Z,aafefae5653fe5c2b3adfcd3f82d5831bdce0fb875624e9a3d8b75681da650a5,2023-01-13T13:25:00Z,1903.69,1909.65,2023-02-01T00:00:00Z,2023-01-13T13:00:00Z,0.0,SHORT,1.0,-50.0,CONTROL_V2_FILLED_STOP,2023-01-13T13:25:00Z,CONFIRMED_25_75_RETEST_SPLIT,1903.69,True,afaedbcbd09f915f53572c634b6b4b0db43b5104679fee421bbf8cecf1fadb92,1.4683133702739144,1.794094377701842,2023_01,-1.0,-1.0,STOP,2023-01-13T16:50:00Z,SPLIT_STOP_STOP,a8d6a17c8164a3f46304a008987215c702356aad6cc90c0d5dd38cf49054008c,2023-01-13T16:50:00Z,FIRST_RETEST_FILLED,2023-01-13T13:40:00Z,2023-01-13T13:26:00Z,1904.03,True,True,INITIAL_CONFIRMATION_STOP,1db9814715e095118eb7fd451cf6a6597332645e5bf299301dd3f622c7be0753,5033dafb7e093e803863ab569d3fbe5e98c6b6a6aabc0f1a8749b0dae2d3859c,1909.65,4.349285714285721,0.21746428571428608,NOT_STRICTLY_CLOSER_THAN_CONTROL,H1_SOURCE_SWING_BUFFERED_ELSE_CONTROL,False,5033dafb7e093e803863ab569d3fbe5e98c6b6a6aabc0f1a8749b0dae2d3859c,2023-01-13T13:00:00Z,1909.65,1892.35,c17862bac16b84422db24c8d2b9e37ad3bf467f3f42dd45a41639ed5eb727ac5
159e3f667ab288c59d4217a1f8bf68f2ad8ad7a46281df659637d1246240113e,1919.04,2023-01-13T23:20:00Z,5dfdb5093bfea04b78550ea643ed409379a3a3e07c5928d34c24d424cdfe0ca8,2023-01-13T23:20:00Z,1918.62,1921.91,2023-02-01T00:00:00Z,2023-01-13T23:00:00Z,0.0,SHORT,1.0,-50.0,CONTROL_V2_FILLED_STOP,2023-01-13T23:20:00Z,CONTROL_NEXT_M1_OPEN,1918.62,True,a272e99a9f7d91837b8b5a1b0e9591c9552e28e17429f32346e34f11e3b31511,1.1003039513677533,0.5471124620060335,2023_01,-1.0,-1.0,STOP,2023-01-16T03:24:00Z,STOP,6c3cc75e25cf38fcffabd2e5244f3a6a02439866c644e1dbefd271eb5877a593,2023-01-16T03:24:00Z,FIRST_RETEST_FILLED,2023-01-13T23:35:00Z,2023-01-13T23:21:00Z,1919.04,True,False,INITIAL_CONFIRMATION_STOP,18d497a52a1628c7c253d8f3e22eecd05b80c915098ab1492143ccda0b96c6f7,8257f1d171f86d0b7dd873cd003cf3b0de378a97ba2e9e1e8091180a4956e676,1921.91,,,,CONTROL_V2_FILLED_STOP,False,,2023-01-13T23:20:00Z,1921.91,1893.72,8930be06fda489bc1ddb7bc29bcb1081c7ba65ffad1f2d2741bf9d9942592bcf
159e3f667ab288c59d4217a1f8bf68f2ad8ad7a46281df659637d1246240113e,1919.04,2023-01-13T23:20:00Z,5dfdb5093bfea04b78550ea643ed409379a3a3e07c5928d34c24d424cdfe0ca8,2023-01-13T23:20:00Z,1918.62,1921.91,2023-02-01T00:00:00Z,2023-01-13T23:00:00Z,0.0,SHORT,0.9025618758141056,-50.0,M5_LATEST_CONFIRMED_OPPOSING_SWING_ELSE_CONTROL,2023-01-13T23:20:00Z,CONTROL_NEXT_M1_OPEN,1918.62,True,a5c7574a12aeb4853596e2050be8f78f82683c136f5029e45988191a53034cbd,1.2190897719619338,0.6061772346771696,2023_01,-1.0,-1.0,STOP,2023-01-16T03:24:00Z,STOP,69e527f77b507a5fde3d0d9b36255a4038a6385b1b1da9c1f3f74261fc58f570,2023-01-16T03:24:00Z,FIRST_RETEST_FILLED,2023-01-13T23:35:00Z,2023-01-13T23:21:00Z,1919.04,True,False,INITIAL_CONFIRMATION_STOP,daeca046ae6958a91a0ad61cfea50e9f6e3c507ad694ce7ed65e2391c63582e5,8257f1d171f86d0b7dd873cd003cf3b0de378a97ba2e9e1e8091180a4956e676,1921.5894285714285,0.7885714285714097,0.03942857142857049,,M5_LATEST_CONFIRMED_OPPOSING_SWING_ELSE_CONTROL,True,ff2ce99acc53f48bffb8e9db74e493802797df3cd2cf7f2c570887b420b089f5,2023-01-13T21:45:00Z,1921.55,1893.72,8930be06fda489bc1ddb7bc29bcb1081c7ba65ffad1f2d2741bf9d9942592bcf
159e3f667ab288c59d4217a1f8bf68f2ad8ad7a46281df659637d1246240113e,1919.04,2023-01-13T23:20:00Z,5dfdb5093bfea04b78550ea643ed409379a3a3e07c5928d34c24d424cdfe0ca8,2023-01-13T23:20:00Z,1918.62,1921.91,2023-02-01T00:00:00Z,2023-01-13T23:00:00Z,0.0,SHORT,0.9188775510203936,-50.0,M15_LATEST_CONFIRMED_OPPOSING_SWING_ELSE_CONTROL,2023-01-13T23:20:00Z,CONTROL_NEXT_M1_OPEN,1918.62,True,7a197f78b11d9751baff6ab60246946b38b1ad8c016c6475bcb52207e42f6340,1.1974435006556527,0.595413895353605,2023_01,-1.0,-1.0,STOP,2023-01-16T03:24:00Z,STOP,2dd5c692a52eb31232435235a1553fe4c2f9e119ecd3fdffc31554e67217ab65,2023-01-16T03:24:00Z,FIRST_RETEST_FILLED,2023-01-13T23:35:00Z,2023-01-13T23:21:00Z,1919.04,True,False,INITIAL_CONFIRMATION_STOP,935caa0262b658a2dea92e6c6dba323da0da874205f3f85e7ae60b30b12456aa,8257f1d171f86d0b7dd873cd003cf3b0de378a97ba2e9e1e8091180a4956e676,1921.6431071428572,1.8621428571428527,0.09310714285714264,,M15_LATEST_CONFIRMED_OPPOSING_SWING_ELSE_CONTROL,True,62c1de589d7d6db7dfbd8d4abae8575325c9d0ef33897012f9221f1740c4d161,2023-01-13T22:15:00Z,1921.55,1893.72,8930be06fda489bc1ddb7bc29bcb1081c7ba65ffad1f2d2741bf9d9942592bcf
159e3f667ab288c59d4217a1f8bf68f2ad8ad7a46281df659637d1246240113e,1919.04,2023-01-13T23:20:00Z,5dfdb5093bfea04b78550ea643ed409379a3a3e07c5928d34c24d424cdfe0ca8,2023-01-13T23:20:00Z,1918.62,1921.91,2023-02-01T00:00:00Z,2023-01-13T23:00:00Z,0.0,SHORT,1.0,-50.0,CONTROL_V2_FILLED_STOP,2023-01-13T23:20:00Z,CONTROL_NEXT_M1_OPEN,1918.62,True,049e4f7d465db70cbe961ec8f9ea7a6ca1ab978b792edd5cfa96323693d30f75,1.1003039513677533,0.5471124620060335,2023_01,-1.0,-1.0,STOP,2023-01-16T03:24:00Z,STOP,96642e418c7f78bb695b7abb8fb0f28c7c64f680c1cbb9e7d9b67d079578dbb1,2023-01-16T03:24:00Z,FIRST_RETEST_FILLED,2023-01-13T23:35:00Z,2023-01-13T23:21:00Z,1919.04,True,False,INITIAL_CONFIRMATION_STOP,ffe818ed93f9e12926b9136df134463c624cb6e17ee1c84cf491e0fa8e469e7c,8257f1d171f86d0b7dd873cd003cf3b0de378a97ba2e9e1e8091180a4956e676,1921.91,6.537142857142856,0.3268571428571428,NOT_STRICTLY_CLOSER_THAN_CONTROL,H1_SOURCE_SWING_BUFFERED_ELSE_CONTROL,False,8257f1d171f86d0b7dd873cd003cf3b0de378a97ba2e9e1e8091180a4956e676,2023-01-13T23:00:00Z,1921.91,1893.72,8930be06fda489bc1ddb7bc29bcb1081c7ba65ffad1f2d2741bf9d9942592bcf
159e3f667ab288c59d4217a1f8bf68f2ad8ad7a46281df659637d1246240113e,1919.04,2023-01-13T23:20:00Z,5dfdb5093bfea04b78550ea643ed409379a3a3e07c5928d34c24d424cdfe0ca8,2023-01-13T23:20:00Z,1918.62,1921.91,2023-02-01T00:00:00Z,2023-01-13T23:00:00Z,0.0,SHORT,1.0,-50.0,CONTROL_V2_FILLED_STOP,2023-01-13T23:21:00Z,M5_BROKEN_CONTROL_FIRST_RETEST,1919.04,True,a272e99a9f7d91837b8b5a1b0e9591c9552e28e17429f32346e34f11e3b31511,1.1149825783971825,0.7735191637630439,2023_01,-1.0,-1.0,STOP,2023-01-16T03:24:00Z,STOP,ebc5f01226b2d2c6ebb2064f49ccad998a10d033139fb71728591c3dfd224c32,2023-01-16T03:24:00Z,FIRST_RETEST_FILLED,2023-01-13T23:35:00Z,2023-01-13T23:21:00Z,1919.04,True,True,INITIAL_CONFIRMATION_STOP,cbe9aaa49a22cbaed1e5d8a6575c3ff19fc688d2157143f70928871126d3ae23,8257f1d171f86d0b7dd873cd003cf3b0de378a97ba2e9e1e8091180a4956e676,1921.91,,,,CONTROL_V2_FILLED_STOP,False,,2023-01-13T23:20:00Z,1921.91,1893.72,8930be06fda489bc1ddb7bc29bcb1081c7ba65ffad1f2d2741bf9d9942592bcf
159e3f667ab288c59d4217a1f8bf68f2ad8ad7a46281df659637d1246240113e,1919.04,2023-01-13T23:20:00Z,5dfdb5093bfea04b78550ea643ed409379a3a3e07c5928d34c24d424cdfe0ca8,2023-01-13T23:20:00Z,1918.62,1921.91,2023-02-01T00:00:00Z,2023-01-13T23:00:00Z,0.0,SHORT,0.9025618758141056,-50.0,M5_LATEST_CONFIRMED_OPPOSING_SWING_ELSE_CONTROL,2023-01-13T23:21:00Z,M5_BROKEN_CONTROL_FIRST_RETEST,1919.04,True,a5c7574a12aeb4853596e2050be8f78f82683c136f5029e45988191a53034cbd,1.2551832343382767,0.8707833688221778,2023_01,-1.0,-1.0,STOP,2023-01-16T03:24:00Z,STOP,92f92fc4f701429ee6a73753d4a94a7bb09ab23fc84c055bcf053abbccce1b41,2023-01-16T03:24:00Z,FIRST_RETEST_FILLED,2023-01-13T23:35:00Z,2023-01-13T23:21:00Z,1919.04,True,True,INITIAL_CONFIRMATION_STOP,31e5e530f0bf083c6424fca338bdda06493913caff0241e64acc57dfe765507c,8257f1d171f86d0b7dd873cd003cf3b0de378a97ba2e9e1e8091180a4956e676,1921.5894285714285,0.7885714285714097,0.03942857142857049,,M5_LATEST_CONFIRMED_OPPOSING_SWING_ELSE_CONTROL,True,ff2ce99acc53f48bffb8e9db74e493802797df3cd2cf7f2c570887b420b089f5,2023-01-13T21:45:00Z,1921.55,1893.72,8930be06fda489bc1ddb7bc29bcb1081c7ba65ffad1f2d2741bf9d9942592bcf
159e3f667ab288c59d4217a1f8bf68f2ad8ad7a46281df659637d1246240113e,1919.04,2023-01-13T23:20:00Z,5dfdb5093bfea04b78550ea643ed409379a3a3e07c5928d34c24d424cdfe0ca8,2023-01-13T23:20:00Z,1918.62,1921.91,2023-02-01T00:00:00Z,2023-01-13T23:00:00Z,0.0,SHORT,0.9188775510203936,-50.0,M15_LATEST_CONFIRMED_OPPOSING_SWING_ELSE_CONTROL,2023-01-13T23:21:00Z,M5_BROKEN_CONTROL_FIRST_RETEST,1919.04,True,7a197f78b11d9751baff6ab60246946b38b1ad8c016c6475bcb52207e42f6340,1.2293001495465499,0.8528269787479174,2023_01,-1.0,-1.0,STOP,2023-01-16T03:24:00Z,STOP,7160d5f48ef5e2484c8035477197afc06fdcba3da92fd7ee8f89f3d03417a481,2023-01-16T03:24:00Z,FIRST_RETEST_FILLED,2023-01-13T23:35:00Z,2023-01-13T23:21:00Z,1919.04,True,True,INITIAL_CONFIRMATION_STOP,ff57eeacdb0b7613131bb2d7c5072c43ca2aab99e236286fd3bc95a5ef9dc076,8257f1d171f86d0b7dd873cd003cf3b0de378a97ba2e9e1e8091180a4956e676,1921.6431071428572,1.8621428571428527,0.09310714285714264,,M15_LATEST_CONFIRMED_OPPOSING_SWING_ELSE_CONTROL,True,62c1de589d7d6db7dfbd8d4abae8575325c9d0ef33897012f9221f1740c4d161,2023-01-13T22:15:00Z,1921.55,1893.72,8930be06fda489bc1ddb7bc29bcb1081c7ba65ffad1f2d2741bf9d9942592bcf
159e3f667ab288c59d4217a1f8bf68f2ad8ad7a46281df659637d1246240113e,1919.04,2023-01-13T23:20:00Z,5dfdb5093bfea04b78550ea643ed409379a3a3e07c5928d34c24d424cdfe0ca8,2023-01-13T23:20:00Z,1918.62,1921.91,2023-02-01T00:00:00Z,2023-01-13T23:00:00Z,0.0,SHORT,1.0,-50.0,CONTROL_V2_FILLED_STOP,2023-01-13T23:21:00Z,M5_BROKEN_CONTROL_FIRST_RETEST,1919.04,True,049e4f7d465db70cbe961ec8f9ea7a6ca1ab978b792edd5cfa96323693d30f75,1.1149825783971825,0.7735191637630439,2023_01,-1.0,-1.0,STOP,2023-01-16T03:24:00Z,STOP,d8b50ca7e9476a3a506f02b8dccd8f875c07285338a0ef7409d6145d00fac95d,2023-01-16T03:24:00Z,FIRST_RETEST_FILLED,2023-01-13T23:35:00Z,2023-01-13T23:21:00Z,1919.04,True,True,INITIAL_CONFIRMATION_STOP,da50d64dc11ab9606dd82dfe9667b08cccad418c7fea65ecae5ce7b22a97eb15,8257f1d171f86d0b7dd873cd003cf3b0de378a97ba2e9e1e8091180a4956e676,1921.91,6.537142857142856,0.3268571428571428,NOT_STRICTLY_CLOSER_THAN_CONTROL,H1_SOURCE_SWING_BUFFERED_ELSE_CONTROL,False,8257f1d171f86d0b7dd873cd003cf3b0de378a97ba2e9e1e8091180a4956e676,2023-01-13T23:00:00Z,1921.91,1893.72,8930be06fda489bc1ddb7bc29bcb1081c7ba65ffad1f2d2741bf9d9942592bcf
159e3f667ab288c59d4217a1f8bf68f2ad8ad7a46281df659637d1246240113e,1919.04,2023-01-13T23:20:00Z,5dfdb5093bfea04b78550ea643ed409379a3a3e07c5928d34c24d424cdfe0ca8,2023-01-13T23:20:00Z,1918.62,1921.91,2023-02-01T00:00:00Z,2023-01-13T23:00:00Z,0.0,SHORT,1.0,-50.0,CONTROL_V2_FILLED_STOP,2023-01-13T23:20:00Z,CONFIRMED_25_75_RETEST_SPLIT,1918.62,True,a272e99a9f7d91837b8b5a1b0e9591c9552e28e17429f32346e34f11e3b31511,1.1113129216398252,0.7169174883237912,2023_01,-1.0,-1.0,STOP,2023-01-16T03:24:00Z,SPLIT_STOP_STOP,cc83bb12fd4dacfc960369da055aa249e8bb31856e55a572ce3d3a10bfca0434,2023-01-16T03:24:00Z,FIRST_RETEST_FILLED,2023-01-13T23:35:00Z,2023-01-13T23:21:00Z,1919.04,True,True,INITIAL_CONFIRMATION_STOP,5bb590c01b6930ed0e67ab23881b39f284d179906a1cac362ffb5e2f877d8b79,8257f1d171f86d0b7dd873cd003cf3b0de378a97ba2e9e1e8091180a4956e676,1921.91,,,,CONTROL_V2_FILLED_STOP,False,,2023-01-13T23:20:00Z,1921.91,1893.72,8930be06fda489bc1ddb7bc29bcb1081c7ba65ffad1f2d2741bf9d9942592bcf
159e3f667ab288c59d4217a1f8bf68f2ad8ad7a46281df659637d1246240113e,1919.04,2023-01-13T23:20:00Z,5dfdb5093bfea04b78550ea643ed409379a3a3e07c5928d34c24d424cdfe0ca8,2023-01-13T23:20:00Z,1918.62,1921.91,2023-02-01T00:00:00Z,2023-01-13T23:00:00Z,0.0,SHORT,0.9025618758141056,-50.0,M5_LATEST_CONFIRMED_OPPOSING_SWING_ELSE_CONTROL,2023-01-13T23:20:00Z,CONFIRMED_25_75_RETEST_SPLIT,1918.62,True,a5c7574a12aeb4853596e2050be8f78f82683c136f5029e45988191a53034cbd,1.246159868744191,0.8046318352859257,2023_01,-1.0,-1.0,STOP,2023-01-16T03:24:00Z,SPLIT_STOP_STOP,2d99b8bd55930796d57efbbb04d56691d501fdab8296d5d4757734a2f63f749b,2023-01-16T03:24:00Z,FIRST_RETEST_FILLED,2023-01-13T23:35:00Z,2023-01-13T23:21:00Z,1919.04,True,True,INITIAL_CONFIRMATION_STOP,9630fa755e939e0f10feb0e820bb08c02695af7091e856cf9c6666d89daa863b,8257f1d171f86d0b7dd873cd003cf3b0de378a97ba2e9e1e8091180a4956e676,1921.5894285714285,0.7885714285714097,0.03942857142857049,,M5_LATEST_CONFIRMED_OPPOSING_SWING_ELSE_CONTROL,True,ff2ce99acc53f48bffb8e9db74e493802797df3cd2cf7f2c570887b420b089f5,2023-01-13T21:45:00Z,1921.55,1893.72,8930be06fda489bc1ddb7bc29bcb1081c7ba65ffad1f2d2741bf9d9942592bcf
159e3f667ab288c59d4217a1f8bf68f2ad8ad7a46281df659637d1246240113e,1919.04,2023-01-13T23:20:00Z,5dfdb5093bfea04b78550ea643ed409379a3a3e07c5928d34c24d424cdfe0ca8,2023-01-13T23:20:00Z,1918.62,1921.91,2023-02-01T00:00:00Z,2023-01-13T23:00:00Z,0.0,SHORT,0.9188775510203936,-50.0,M15_LATEST_CONFIRMED_OPPOSING_SWING_ELSE_CONTROL,2023-01-13T23:20:00Z,CONFIRMED_25_75_RETEST_SPLIT,1918.62,True,7a197f78b11d9751baff6ab60246946b38b1ad8c016c6475bcb52207e42f6340,1.2213359873238256,0.7884737078993393,2023_01,-1.0,-1.0,STOP,2023-01-16T03:24:00Z,SPLIT_STOP_STOP,7f367b842e999cdd12684a3cce8737b4ba81fc05f55151d9f0101d7a472864f7,2023-01-16T03:24:00Z,FIRST_RETEST_FILLED,2023-01-13T23:35:00Z,2023-01-13T23:21:00Z,1919.04,True,True,INITIAL_CONFIRMATION_STOP,b82a72fa8a0fcca1f2d087bb36cbd3a53dd3cc13ecbdcee866d7d09aea1a981b,8257f1d171f86d0b7dd873cd003cf3b0de378a97ba2e9e1e8091180a4956e676,1921.6431071428572,1.8621428571428527,0.09310714285714264,,M15_LATEST_CONFIRMED_OPPOSING_SWING_ELSE_CONTROL,True,62c1de589d7d6db7dfbd8d4abae8575325c9d0ef33897012f9221f1740c4d161,2023-01-13T22:15:00Z,1921.55,1893.72,8930be06fda489bc1ddb7bc29bcb1081c7ba65ffad1f2d2741bf9d9942592bcf
159e3f667ab288c59d4217a1f8bf68f2ad8ad7a46281df659637d1246240113e,1919.04,2023-01-13T23:20:00Z,5dfdb5093bfea04b78550ea643ed409379a3a3e07c5928d34c24d424cdfe0ca8,2023-01-13T23:20:00Z,1918.62,1921.91,2023-02-01T00:00:00Z,2023-01-13T23:00:00Z,0.0,SHORT,1.0,-50.0,CONTROL_V2_FILLED_STOP,2023-01-13T23:20:00Z,CONFIRMED_25_75_RETEST_SPLIT,1918.62,True,049e4f7d465db70cbe961ec8f9ea7a6ca1ab978b792edd5cfa96323693d30f75,1.1113129216398252,0.7169174883237912,2023_01,-1.0,-1.0,STOP,2023-01-16T03:24:00Z,SPLIT_STOP_STOP,11a8bc51bc3c79646a66a31c18d4f67aae9ff27b4059c7cb65b1bb77eb2d4436,2023-01-16T03:24:00Z,FIRST_RETEST_FILLED,2023-01-13T23:35:00Z,2023-01-13T23:21:00Z,1919.04,True,True,INITIAL_CONFIRMATION_STOP,5dde6ee2f27aeccbc59aa43478db515c24078e8ef9181b6189f262a56b805557,8257f1d171f86d0b7dd873cd003cf3b0de378a97ba2e9e1e8091180a4956e676,1921.91,6.537142857142856,0.3268571428571428,NOT_STRICTLY_CLOSER_THAN_CONTROL,H1_SOURCE_SWING_BUFFERED_ELSE_CONTROL,False,8257f1d171f86d0b7dd873cd003cf3b0de378a97ba2e9e1e8091180a4956e676,2023-01-13T23:00:00Z,1921.91,1893.72,8930be06fda489bc1ddb7bc29bcb1081c7ba65ffad1f2d2741bf9d9942592bcf
f8bbc889cb1ae02b006b48c89a7f8cd005df13fc53c888b04da009da45ae4404,1917.96,2023-01-16T13:35:00Z,7ca764f2bdc484b12264cc5463e6ba08bb460cf7a847d9c6ae4008b99e5f4493,2023-01-16T13:35:00Z,1918.4,1910.85,2023-02-01T00:00:00Z,2023-01-16T13:00:00Z,0.0,LONG,1.0,-50.0,CONTROL_V2_FILLED_STOP,2023-01-16T13:35:00Z,CONTROL_NEXT_M1_OPEN,1918.4,True,9d8c41fb02e5af582f689c2e5ffc9abb9b9ff3ef4f40382b66fb8afdbefcd793,1.1761589403973371,0.12185430463573818,2023_01,-1.0,-1.0,STOP,2023-01-17T04:32:00Z,STOP,65044d729a38be4040a72d31f6b4ef9bca75ce108652301516bd617f52b83446,2023-01-17T04:32:00Z,FIRST_RETEST_FILLED,2023-01-16T13:50:00Z,2023-01-16T13:37:00Z,1917.96,True,False,INITIAL_CONFIRMATION_STOP,a2ef6f4c3fd8970dbda0cfa1fc97da8682705967dc661c47a9c5be66d19734db,768e76d8d7711de4b353bd7bcf73878e0d9537455f41cc588eb5ae90f322ae0b,1910.85,,,,CONTROL_V2_FILLED_STOP,False,,2023-01-16T13:35:00Z,1910.85,1928.98,4fdeee16d711aecc7d039a76edf4b29c5b4545d715d23ca2868aa67d0170f1f3
f8bbc889cb1ae02b006b48c89a7f8cd005df13fc53c888b04da009da45ae4404,1917.96,2023-01-16T13:35:00Z,7ca764f2bdc484b12264cc5463e6ba08bb460cf7a847d9c6ae4008b99e5f4493,2023-01-16T13:35:00Z,1918.4,1910.85,2023-02-01T00:00:00Z,2023-01-16T13:00:00Z,0.0,LONG,0.38320719016085447,-50.0,M5_LATEST_CONFIRMED_OPPOSING_SWING_ELSE_CONTROL,2023-01-16T13:35:00Z,CONTROL_NEXT_M1_OPEN,1918.4,True,f482bde61572d74a33cb32b31cf3e153cf9e390b632689bce2c2e2361b99e80a,1.0161708431057257,0.3179854338969705,2023_01,-1.0,-1.0,STOP,2023-01-17T04:32:00Z,STOP,efd61ab6a52d8f20baa797e7e87498db212f585ed480ea6773c21472b3550458,2023-01-16T14:11:00Z,FIRST_RETEST_FILLED,2023-01-16T13:50:00Z,2023-01-16T13:37:00Z,1917.96,True,False,INITIAL_CONFIRMATION_STOP,05f2c526fe4e9ec14872f29c20f7d05592e354e9be617dd8c9adb7b3a0c6b774,768e76d8d7711de4b353bd7bcf73878e0d9537455f41cc588eb5ae90f322ae0b,1915.5067857142856,1.0642857142857207,0.05321428571428604,,M5_LATEST_CONFIRMED_OPPOSING_SWING_ELSE_CONTROL,True,371d5deba12439b6cdbcfb3d1f2194743868948223aaa027ff411760283a2ac4,2023-01-16T13:10:00Z,1915.56,1928.98,4fdeee16d711aecc7d039a76edf4b29c5b4545d715d23ca2868aa67d0170f1f3
f8bbc889cb1ae02b006b48c89a7f8cd005df13fc53c888b04da009da45ae4404,1917.96,2023-01-16T13:35:00Z,7ca764f2bdc484b12264cc5463e6ba08bb460cf7a847d9c6ae4008b99e5f4493,2023-01-16T13:35:00Z,1918.4,1910.85,2023-02-01T00:00:00Z,2023-01-16T13:00:00Z,0.0,LONG,0.48594134342481016,-50.0,M15_LATEST_CONFIRMED_OPPOSING_SWING_ELSE_CONTROL,2023-01-16T13:35:00Z,CONTROL_NEXT_M1_OPEN,1918.4,True,3825eaa2a9e538895fee003839b8ddbafa575de45f7c9822294c766f64b0b582,1.0084884354800432,0.2507592866598574,2023_01,-1.0,-1.0,STOP,2023-01-17T04:32:00Z,STOP,2661c352e48810c9ae3ddf8ad194ece1e7c066262f8dc88dfed39db2b12af247,2023-01-16T14:40:00Z,FIRST_RETEST_FILLED,2023-01-16T13:50:00Z,2023-01-16T13:37:00Z,1917.96,True,False,INITIAL_CONFIRMATION_STOP,359841704bd12a80f93cf918f6acf1e78422e2087fa170f8236c6ebb8627562a,768e76d8d7711de4b353bd7bcf73878e0d9537455f41cc588eb5ae90f322ae0b,1914.7311428571427,1.9771428571428618,0.09885714285714309,,M15_LATEST_CONFIRMED_OPPOSING_SWING_ELSE_CONTROL,True,e83b55e8f59bae2998c834dbf397b880ef50095b7efafd00f64ef4ec95ad0be7,2023-01-16T13:15:00Z,1914.83,1928.98,4fdeee16d711aecc7d039a76edf4b29c5b4545d715d23ca2868aa67d0170f1f3
f8bbc889cb1ae02b006b48c89a7f8cd005df13fc53c888b04da009da45ae4404,1917.96,2023-01-16T13:35:00Z,7ca764f2bdc484b12264cc5463e6ba08bb460cf7a847d9c6ae4008b99e5f4493,2023-01-16T13:35:00Z,1918.4,1910.85,2023-02-01T00:00:00Z,2023-01-16T13:00:00Z,0.0,LONG,1.0,-50.0,CONTROL_V2_FILLED_STOP,2023-01-16T13:35:00Z,CONTROL_NEXT_M1_OPEN,1918.4,True,64ee3011c0ba181be85caa5135e53ef1911d1e25936045b978b059e67dc36795,1.1761589403973371,0.12185430463573818,2023_01,-1.0,-1.0,STOP,2023-01-17T04:32:00Z,STOP,156b4d1705bc0dab6a6a8f2684d505e83040caa8fefb1650ea40de8a8d529270,2023-01-17T04:32:00Z,FIRST_RETEST_FILLED,2023-01-16T13:50:00Z,2023-01-16T13:37:00Z,1917.96,True,False,INITIAL_CONFIRMATION_STOP,40f02961a40ec6236901eb31c6b3cfeebb5ffde40ef267c1a8e54ac332bbdd68,768e76d8d7711de4b353bd7bcf73878e0d9537455f41cc588eb5ae90f322ae0b,1910.85,4.84999999999999,0.2424999999999995,NOT_STRICTLY_CLOSER_THAN_CONTROL,H1_SOURCE_SWING_BUFFERED_ELSE_CONTROL,False,768e76d8d7711de4b353bd7bcf73878e0d9537455f41cc588eb5ae90f322ae0b,2023-01-16T13:00:00Z,1910.85,1928.98,4fdeee16d711aecc7d039a76edf4b29c5b4545d715d23ca2868aa67d0170f1f3
f8bbc889cb1ae02b006b48c89a7f8cd005df13fc53c888b04da009da45ae4404,1917.96,2023-01-16T13:35:00Z,7ca764f2bdc484b12264cc5463e6ba08bb460cf7a847d9c6ae4008b99e5f4493,2023-01-16T13:35:00Z,1918.4,1910.85,2023-02-01T00:00:00Z,2023-01-16T13:00:00Z,0.0,LONG,1.0,-50.0,CONTROL_V2_FILLED_STOP,2023-01-16T13:37:00Z,M5_BROKEN_CONTROL_FIRST_RETEST,1917.96,True,9d8c41fb02e5af582f689c2e5ffc9abb9b9ff3ef4f40382b66fb8afdbefcd793,1.1870604781997052,0.19127988748240163,2023_01,-1.0,-1.0,STOP,2023-01-17T04:32:00Z,STOP,2085d8682190620797a5cde41611fbb809988b1046cb2f060f3b48eb699c920a,2023-01-17T04:32:00Z,FIRST_RETEST_FILLED,2023-01-16T13:50:00Z,2023-01-16T13:37:00Z,1917.96,True,True,INITIAL_CONFIRMATION_STOP,b5f4a0feffeee5eb864e63f08d946afa47f017ae05b22772daf551674db8c220,768e76d8d7711de4b353bd7bcf73878e0d9537455f41cc588eb5ae90f322ae0b,1910.85,,,,CONTROL_V2_FILLED_STOP,False,,2023-01-16T13:35:00Z,1910.85,1928.98,4fdeee16d711aecc7d039a76edf4b29c5b4545d715d23ca2868aa67d0170f1f3
f8bbc889cb1ae02b006b48c89a7f8cd005df13fc53c888b04da009da45ae4404,1917.96,2023-01-16T13:35:00Z,7ca764f2bdc484b12264cc5463e6ba08bb460cf7a847d9c6ae4008b99e5f4493,2023-01-16T13:35:00Z,1918.4,1910.85,2023-02-01T00:00:00Z,2023-01-16T13:00:00Z,0.0,LONG,0.38320719016085447,-50.0,M5_LATEST_CONFIRMED_OPPOSING_SWING_ELSE_CONTROL,2023-01-16T13:37:00Z,M5_BROKEN_CONTROL_FIRST_RETEST,1917.96,True,f482bde61572d74a33cb32b31cf3e153cf9e390b632689bce2c2e2361b99e80a,1.0190711894015847,0.5543747270344213,2023_01,-1.0,-1.0,STOP,2023-01-17T04:32:00Z,STOP,7547430b005be4b5acc7af22d8539a6648dd24a1c3be237bd3e05d99b182d645,2023-01-16T14:11:00Z,FIRST_RETEST_FILLED,2023-01-16T13:50:00Z,2023-01-16T13:37:00Z,1917.96,True,True,INITIAL_CONFIRMATION_STOP,c13eb5ace98ee728a13e282a581ad96b48730ef707e0e929f5ac528bdb43a4a7,768e76d8d7711de4b353bd7bcf73878e0d9537455f41cc588eb5ae90f322ae0b,1915.5067857142856,1.0642857142857207,0.05321428571428604,,M5_LATEST_CONFIRMED_OPPOSING_SWING_ELSE_CONTROL,True,371d5deba12439b6cdbcfb3d1f2194743868948223aaa027ff411760283a2ac4,2023-01-16T13:10:00Z,1915.56,1928.98,4fdeee16d711aecc7d039a76edf4b29c5b4545d715d23ca2868aa67d0170f1f3
f8bbc889cb1ae02b006b48c89a7f8cd005df13fc53c888b04da009da45ae4404,1917.96,2023-01-16T13:35:00Z,7ca764f2bdc484b12264cc5463e6ba08bb460cf7a847d9c6ae4008b99e5f4493,2023-01-16T13:35:00Z,1918.4,1910.85,2023-02-01T00:00:00Z,2023-01-16T13:00:00Z,0.0,LONG,0.48594134342481016,-50.0,M15_LATEST_CONFIRMED_OPPOSING_SWING_ELSE_CONTROL,2023-01-16T13:37:00Z,M5_BROKEN_CONTROL_FIRST_RETEST,1917.96,True,3825eaa2a9e538895fee003839b8ddbafa575de45f7c9822294c766f64b0b582,1.0096451641446982,0.42120166356953753,2023_01,-1.0,-1.0,STOP,2023-01-17T04:32:00Z,STOP,885a123ec621308f5fbb37d05114ee0746fc03ce3f429439d061b0d75a9ce332,2023-01-16T14:40:00Z,FIRST_RETEST_FILLED,2023-01-16T13:50:00Z,2023-01-16T13:37:00Z,1917.96,True,True,INITIAL_CONFIRMATION_STOP,faa8251e03f23fb3485a6284e4fbd91d9b4c83fb6c8de88849bbd40d027a25c2,768e76d8d7711de4b353bd7bcf73878e0d9537455f41cc588eb5ae90f322ae0b,1914.7311428571427,1.9771428571428618,0.09885714285714309,,M15_LATEST_CONFIRMED_OPPOSING_SWING_ELSE_CONTROL,True,e83b55e8f59bae2998c834dbf397b880ef50095b7efafd00f64ef4ec95ad0be7,2023-01-16T13:15:00Z,1914.83,1928.98,4fdeee16d711aecc7d039a76edf4b29c5b4545d715d23ca2868aa67d0170f1f3
f8bbc889cb1ae02b006b48c89a7f8cd005df13fc53c888b04da009da45ae4404,1917.96,2023-01-16T13:35:00Z,7ca764f2bdc484b12264cc5463e6ba08bb460cf7a847d9c6ae4008b99e5f4493,2023-01-16T13:35:00Z,1918.4,1910.85,2023-02-01T00:00:00Z,2023-01-16T13:00:00Z,0.0,LONG,1.0,-50.0,CONTROL_V2_FILLED_STOP,2023-01-16T13:37:00Z,M5_BROKEN_CONTROL_FIRST_RETEST,1917.96,True,64ee3011c0ba181be85caa5135e53ef1911d1e25936045b978b059e67dc36795,1.1870604781997052,0.19127988748240163,2023_01,-1.0,-1.0,STOP,2023-01-17T04:32:00Z,STOP,2005eb25faab7d67c99c5c21f485186eefc57c3d6aab14600e60f965dc871322,2023-01-17T04:32:00Z,FIRST_RETEST_FILLED,2023-01-16T13:50:00Z,2023-01-16T13:37:00Z,1917.96,True,True,INITIAL_CONFIRMATION_STOP,85e840086d3af4d80d9e3068c9ed6ca3b8a01b25c21e97f316e0dcda453dd265,768e76d8d7711de4b353bd7bcf73878e0d9537455f41cc588eb5ae90f322ae0b,1910.85,4.84999999999999,0.2424999999999995,NOT_STRICTLY_CLOSER_THAN_CONTROL,H1_SOURCE_SWING_BUFFERED_ELSE_CONTROL,False,768e76d8d7711de4b353bd7bcf73878e0d9537455f41cc588eb5ae90f322ae0b,2023-01-16T13:00:00Z,1910.85,1928.98,4fdeee16d711aecc7d039a76edf4b29c5b4545d715d23ca2868aa67d0170f1f3
f8bbc889cb1ae02b006b48c89a7f8cd005df13fc53c888b04da009da45ae4404,1917.96,2023-01-16T13:35:00Z,7ca764f2bdc484b12264cc5463e6ba08bb460cf7a847d9c6ae4008b99e5f4493,2023-01-16T13:35:00Z,1918.4,1910.85,2023-02-01T00:00:00Z,2023-01-16T13:00:00Z,0.0,LONG,1.0,-50.0,CONTROL_V2_FILLED_STOP,2023-01-16T13:35:00Z,CONFIRMED_25_75_RETEST_SPLIT,1918.4,True,9d8c41fb02e5af582f689c2e5ffc9abb9b9ff3ef4f40382b66fb8afdbefcd793,1.184335093749113,0.17392349177073577,2023_01,-1.0,-1.0,STOP,2023-01-17T04:32:00Z,SPLIT_STOP_STOP,84284541116ba3242f44d578dfbdc357c1813bdef3c46de1ccdcaac891679a09,2023-01-17T04:32:00Z,FIRST_RETEST_FILLED,2023-01-16T13:50:00Z,2023-01-16T13:37:00Z,1917.96,True,True,INITIAL_CONFIRMATION_STOP,b274fb9c7788d95d4aae097e4cad745d0e6bf744f600041e8b9968acd70494c8,768e76d8d7711de4b353bd7bcf73878e0d9537455f41cc588eb5ae90f322ae0b,1910.85,,,,CONTROL_V2_FILLED_STOP,False,,2023-01-16T13:35:00Z,1910.85,1928.98,4fdeee16d711aecc7d039a76edf4b29c5b4545d715d23ca2868aa67d0170f1f3
f8bbc889cb1ae02b006b48c89a7f8cd005df13fc53c888b04da009da45ae4404,1917.96,2023-01-16T13:35:00Z,7ca764f2bdc484b12264cc5463e6ba08bb460cf7a847d9c6ae4008b99e5f4493,2023-01-16T13:35:00Z,1918.4,1910.85,2023-02-01T00:00:00Z,2023-01-16T13:00:00Z,0.0,LONG,0.38320719016085447,-50.0,M5_LATEST_CONFIRMED_OPPOSING_SWING_ELSE_CONTROL,2023-01-16T13:35:00Z,CONFIRMED_25_75_RETEST_SPLIT,1918.4,True,f482bde61572d74a33cb32b31cf3e153cf9e390b632689bce2c2e2361b99e80a,1.01834610282762,0.4952774037500586,2023_01,-1.0,-1.0,STOP,2023-01-17T04:32:00Z,SPLIT_STOP_STOP,6d66a9b799c962a2ac0840aa828a60d98057f7df2383b2ecd555aaa7bc9c40fe,2023-01-16T14:11:00Z,FIRST_RETEST_FILLED,2023-01-16T13:50:00Z,2023-01-16T13:37:00Z,1917.96,True,True,INITIAL_CONFIRMATION_STOP,67827d6b2a40db78a70bfb24787a8655667d83fd0254ca62f81db36923eac2f6,768e76d8d7711de4b353bd7bcf73878e0d9537455f41cc588eb5ae90f322ae0b,1915.5067857142856,1.0642857142857207,0.05321428571428604,,M5_LATEST_CONFIRMED_OPPOSING_SWING_ELSE_CONTROL,True,371d5deba12439b6cdbcfb3d1f2194743868948223aaa027ff411760283a2ac4,2023-01-16T13:10:00Z,1915.56,1928.98,4fdeee16d711aecc7d039a76edf4b29c5b4545d715d23ca2868aa67d0170f1f3
f8bbc889cb1ae02b006b48c89a7f8cd005df13fc53c888b04da009da45ae4404,1917.96,2023-01-16T13:35:00Z,7ca764f2bdc484b12264cc5463e6ba08bb460cf7a847d9c6ae4008b99e5f4493,2023-01-16T13:35:00Z,1918.4,1910.85,2023-02-01T00:00:00Z,2023-01-16T13:00:00Z,0.0,LONG,0.48594134342481016,-50.0,M15_LATEST_CONFIRMED_OPPOSING_SWING_ELSE_CONTROL,2023-01-16T13:35:00Z,CONFIRMED_25_75_RETEST_SPLIT,1918.4,True,3825eaa2a9e538895fee003839b8ddbafa575de45f7c9822294c766f64b0b582,1.0093559819785345,0.3785910693421175,2023_01,-1.0,-1.0,STOP,2023-01-17T04:32:00Z,SPLIT_STOP_STOP,9b0f8fbd9bbe75246d61e20f03490083b7e4480e483b3fe5f08ab10047729e8e,2023-01-16T14:40:00Z,FIRST_RETEST_FILLED,2023-01-16T13:50:00Z,2023-01-16T13:37:00Z,1917.96,True,True,INITIAL_CONFIRMATION_STOP,bba73a2e14a50dcdab9f8732b62e162e049ffe0ba323e6506960914e9832d6d8,768e76d8d7711de4b353bd7bcf73878e0d9537455f41cc588eb5ae90f322ae0b,1914.7311428571427,1.9771428571428618,0.09885714285714309,,M15_LATEST_CONFIRMED_OPPOSING_SWING_ELSE_CONTROL,True,e83b55e8f59bae2998c834dbf397b880ef50095b7efafd00f64ef4ec95ad0be7,2023-01-16T13:15:00Z,1914.83,1928.98,4fdeee16d711aecc7d039a76edf4b29c5b4545d715d23ca2868aa67d0170f1f3
f8bbc889cb1ae02b006b48c89a7f8cd005df13fc53c888b04da009da45ae4404,1917.96,2023-01-16T13:35:00Z,7ca764f2bdc484b12264cc5463e6ba08bb460cf7a847d9c6ae4008b99e5f4493,2023-01-16T13:35:00Z,1918.4,1910.85,2023-02-01T00:00:00Z,2023-01-16T13:00:00Z,0.0,LONG,1.0,-50.0,CONTROL_V2_FILLED_STOP,2023-01-16T13:35:00Z,CONFIRMED_25_75_RETEST_SPLIT,1918.4,True,64ee3011c0ba181be85caa5135e53ef1911d1e25936045b978b059e67dc36795,1.184335093749113,0.17392349177073577,2023_01,-1.0,-1.0,STOP,2023-01-17T04:32:00Z,SPLIT_STOP_STOP,5a5b3d286e0db8db6b4d2b1e52ab6623ab8cfaddf3a9aa6ea398ba3c964c3cd1,2023-01-17T04:32:00Z,FIRST_RETEST_FILLED,2023-01-16T13:50:00Z,2023-01-16T13:37:00Z,1917.96,True,True,INITIAL_CONFIRMATION_STOP,028ed85f20e683d27582306048f92857fcdae38d3c1d2ec68d77232b74625cc4,768e76d8d7711de4b353bd7bcf73878e0d9537455f41cc588eb5ae90f322ae0b,1910.85,4.84999999999999,0.2424999999999995,NOT_STRICTLY_CLOSER_THAN_CONTROL,H1_SOURCE_SWING_BUFFERED_ELSE_CONTROL,False,768e76d8d7711de4b353bd7bcf73878e0d9537455f41cc588eb5ae90f322ae0b,2023-01-16T13:00:00Z,1910.85,1928.98,4fdeee16d711aecc7d039a76edf4b29c5b4545d715d23ca2868aa67d0170f1f3
8d7cdd6a07cf62b9b721fa1578718fd10d5135912eb39aaf2974d9a734a455ab,1916.34,2023-01-17T01:10:00Z,ec0521a2377b77a0854768c842fdf2f525685d7799dfbb50cb31da0044a65902,2023-01-17T01:10:00Z,1916.36,1911.43,2023-02-01T00:00:00Z,2023-01-16T18:00:00Z,0.0,LONG,1.0,-50.0,CONTROL_V2_FILLED_STOP,2023-01-17T01:10:00Z,CONTROL_NEXT_M1_OPEN,1916.36,True,66704ebed4d1b410ab3287ccddb6497e0c12ea00a248153d5a1542d0b768ff85,1.1034482758620705,0.5456389452332949,2023_01,-1.0,-1.0,STOP,2023-01-17T04:31:00Z,STOP,bdae79aac2dcc540245f8c1f46d9c70a2bbc01fe1360d54c1632aeddf6fd56b7,2023-01-17T04:31:00Z,FIRST_RETEST_FILLED,2023-01-17T01:25:00Z,2023-01-17T01:10:00Z,1916.34,True,False,INITIAL_CONFIRMATION_STOP,062f1907b5477c9e16a7be5d8d79234f4f3f3236a5da750bcc152bfb42ed1dec,bf292736be69cff7388394bb281fb91f6be565338919c0095ead4610c19b0c1c,1911.43,,,,CONTROL_V2_FILLED_STOP,False,,2023-01-17T01:10:00Z,1911.43,1919.32,5ba21722834770c18deafd9ce28414169c4ae160d00cad7424c074b00b85dd47
8d7cdd6a07cf62b9b721fa1578718fd10d5135912eb39aaf2974d9a734a455ab,1916.34,2023-01-17T01:10:00Z,ec0521a2377b77a0854768c842fdf2f525685d7799dfbb50cb31da0044a65902,2023-01-17T01:10:00Z,1916.36,1911.43,2023-02-01T00:00:00Z,2023-01-16T18:00:00Z,0.0,LONG,0.4178498985801245,-50.0,M5_LATEST_CONFIRMED_OPPOSING_SWING_ELSE_CONTROL,2023-01-17T01:10:00Z,CONTROL_NEXT_M1_OPEN,1916.36,True,5fec8d4fbaa9d752158e3bec1b49e8de6d7596dc3889205a500ee9ba8e319ec2,1.0194174757281382,1.3058252427185078,2023_01,-1.0,-1.0,STOP,2023-01-17T04:31:00Z,STOP,42d03b98acca60f3ca2ce2995720897ac20fcb5a382b634ce722dd38db8facd6,2023-01-17T03:14:00Z,FIRST_RETEST_FILLED,2023-01-17T01:25:00Z,2023-01-17T01:10:00Z,1916.34,True,False,INITIAL_CONFIRMATION_STOP,e4fa638c62523c93a6e5f873bacb8970b862d9f14c751fb1a90f1a6e822722fe,bf292736be69cff7388394bb281fb91f6be565338919c0095ead4610c19b0c1c,1914.3,0.3564285714285721,0.02,,M5_LATEST_CONFIRMED_OPPOSING_SWING_ELSE_CONTROL,True,b1d8e891e7330226cc41782d49184707352feb49aa4865682ef04e470b396515,2023-01-16T21:20:00Z,1914.32,1919.32,5ba21722834770c18deafd9ce28414169c4ae160d00cad7424c074b00b85dd47
8d7cdd6a07cf62b9b721fa1578718fd10d5135912eb39aaf2974d9a734a455ab,1916.34,2023-01-17T01:10:00Z,ec0521a2377b77a0854768c842fdf2f525685d7799dfbb50cb31da0044a65902,2023-01-17T01:10:00Z,1916.36,1911.43,2023-02-01T00:00:00Z,2023-01-16T18:00:00Z,0.0,LONG,0.7185598377282223,-50.0,M15_LATEST_CONFIRMED_OPPOSING_SWING_ELSE_CONTROL,2023-01-17T01:10:00Z,CONTROL_NEXT_M1_OPEN,1916.36,True,d1b7704fb4e7bf0ff0dfd9f7553a7e22ce32900bbd492b8e4e754d3571cd81a9,1.010585744530673,0.7593507410021286,2023_01,-1.0,-1.0,STOP,2023-01-17T04:31:00Z,STOP,52aa3618e55020e28c197df139ef36a1a5df454ed552c628494a52ead9714c04,2023-01-17T04:28:00Z,FIRST_RETEST_FILLED,2023-01-17T01:25:00Z,2023-01-17T01:10:00Z,1916.34,True,False,INITIAL_CONFIRMATION_STOP,b7f11028b59605e3b5d153b6e9fb729d71d7bddf96445f243c06af6a046928ca,bf292736be69cff7388394bb281fb91f6be565338919c0095ead4610c19b0c1c,1912.8174999999999,0.8500000000000065,0.04250000000000033,,M15_LATEST_CONFIRMED_OPPOSING_SWING_ELSE_CONTROL,True,de4e378e3814366c264862b19881cfbdc30bc15e0249f45e7a43c6e817d718bb,2023-01-16T20:00:00Z,1912.86,1919.32,5ba21722834770c18deafd9ce28414169c4ae160d00cad7424c074b00b85dd47
8d7cdd6a07cf62b9b721fa1578718fd10d5135912eb39aaf2974d9a734a455ab,1916.34,2023-01-17T01:10:00Z,ec0521a2377b77a0854768c842fdf2f525685d7799dfbb50cb31da0044a65902,2023-01-17T01:10:00Z,1916.36,1911.43,2023-02-01T00:00:00Z,2023-01-16T18:00:00Z,0.0,LONG,1.0,-50.0,CONTROL_V2_FILLED_STOP,2023-01-17T01:10:00Z,CONTROL_NEXT_M1_OPEN,1916.36,True,41d273f7eb2de77eab067e6bb384716b945c74eda5ac1d30e58cd2d500407ec1,1.1034482758620705,0.5456389452332949,2023_01,-1.0,-1.0,STOP,2023-01-17T04:31:00Z,STOP,fb8d22d678b9ffb6ec3ad816cdedece210d078964fdc3509317fcd0311540a0e,2023-01-17T04:31:00Z,FIRST_RETEST_FILLED,2023-01-17T01:25:00Z,2023-01-17T01:10:00Z,1916.34,True,False,INITIAL_CONFIRMATION_STOP,475e74d1da745b8fc6978374849be4709b880cd5766a63b4362d8262ef10a59f,bf292736be69cff7388394bb281fb91f6be565338919c0095ead4610c19b0c1c,1911.43,3.7721428571428532,0.18860714285714267,NOT_STRICTLY_CLOSER_THAN_CONTROL,H1_SOURCE_SWING_BUFFERED_ELSE_CONTROL,False,bf292736be69cff7388394bb281fb91f6be565338919c0095ead4610c19b0c1c,2023-01-16T18:00:00Z,1911.43,1919.32,5ba21722834770c18deafd9ce28414169c4ae160d00cad7424c074b00b85dd47
8d7cdd6a07cf62b9b721fa1578718fd10d5135912eb39aaf2974d9a734a455ab,1916.34,2023-01-17T01:10:00Z,ec0521a2377b77a0854768c842fdf2f525685d7799dfbb50cb31da0044a65902,2023-01-17T01:10:00Z,1916.36,1911.43,2023-02-01T00:00:00Z,2023-01-16T18:00:00Z,0.0,LONG,1.0,-50.0,CONTROL_V2_FILLED_STOP,2023-01-17T01:10:00Z,M5_BROKEN_CONTROL_FIRST_RETEST,1916.34,True,66704ebed4d1b410ab3287ccddb6497e0c12ea00a248153d5a1542d0b768ff85,1.103869653767822,0.5519348268839341,2023_01,-1.0,-1.0,STOP,2023-01-17T04:31:00Z,STOP,5d9d67ad4a8cc01fd16b5db82c835ba90b1ecf708e3ec2eba17602668db44b34,2023-01-17T04:31:00Z,FIRST_RETEST_FILLED,2023-01-17T01:25:00Z,2023-01-17T01:10:00Z,1916.34,True,True,INITIAL_CONFIRMATION_STOP,471d66011e81dcbaaeb3ebfaab7879e026fb64488ed0c7281cc7cd319d77ae44,bf292736be69cff7388394bb281fb91f6be565338919c0095ead4610c19b0c1c,1911.43,,,,CONTROL_V2_FILLED_STOP,False,,2023-01-17T01:10:00Z,1911.43,1919.32,5ba21722834770c18deafd9ce28414169c4ae160d00cad7424c074b00b85dd47
8d7cdd6a07cf62b9b721fa1578718fd10d5135912eb39aaf2974d9a734a455ab,1916.34,2023-01-17T01:10:00Z,ec0521a2377b77a0854768c842fdf2f525685d7799dfbb50cb31da0044a65902,2023-01-17T01:10:00Z,1916.36,1911.43,2023-02-01T00:00:00Z,2023-01-16T18:00:00Z,0.0,LONG,0.4178498985801245,-50.0,M5_LATEST_CONFIRMED_OPPOSING_SWING_ELSE_CONTROL,2023-01-17T01:10:00Z,M5_BROKEN_CONTROL_FIRST_RETEST,1916.34,True,5fec8d4fbaa9d752158e3bec1b49e8de6d7596dc3889205a500ee9ba8e319ec2,1.0196078431372375,1.328431372549061,2023_01,-1.0,-1.0,STOP,2023-01-17T04:31:00Z,STOP,18b4ae3a7b7cf9fb2884b0b23322434c9419e287a4bccd985087c21e3eda3faf,2023-01-17T03:14:00Z,FIRST_RETEST_FILLED,2023-01-17T01:25:00Z,2023-01-17T01:10:00Z,1916.34,True,True,INITIAL_CONFIRMATION_STOP,a6fed638fef263a9d9e1997124da36f65a84a992f25febdc8cfac57cf34489d8,bf292736be69cff7388394bb281fb91f6be565338919c0095ead4610c19b0c1c,1914.3,0.3564285714285721,0.02,,M5_LATEST_CONFIRMED_OPPOSING_SWING_ELSE_CONTROL,True,b1d8e891e7330226cc41782d49184707352feb49aa4865682ef04e470b396515,2023-01-16T21:20:00Z,1914.32,1919.32,5ba21722834770c18deafd9ce28414169c4ae160d00cad7424c074b00b85dd47
8d7cdd6a07cf62b9b721fa1578718fd10d5135912eb39aaf2974d9a734a455ab,1916.34,2023-01-17T01:10:00Z,ec0521a2377b77a0854768c842fdf2f525685d7799dfbb50cb31da0044a65902,2023-01-17T01:10:00Z,1916.36,1911.43,2023-02-01T00:00:00Z,2023-01-16T18:00:00Z,0.0,LONG,0.7185598377282223,-50.0,M15_LATEST_CONFIRMED_OPPOSING_SWING_ELSE_CONTROL,2023-01-17T01:10:00Z,M5_BROKEN_CONTROL_FIRST_RETEST,1916.34,True,d1b7704fb4e7bf0ff0dfd9f7553a7e22ce32900bbd492b8e4e754d3571cd81a9,1.0106458481192075,0.7693399574166099,2023_01,-1.0,-1.0,STOP,2023-01-17T04:31:00Z,STOP,f50ac39aaca556be58a99ce6f3f51ec0093e66f451d7cc76f84b737cc10c0d21,2023-01-17T04:28:00Z,FIRST_RETEST_FILLED,2023-01-17T01:25:00Z,2023-01-17T01:10:00Z,1916.34,True,True,INITIAL_CONFIRMATION_STOP,3c712a63bb9f8b18ecc3adc79b57838c8aefce5675e5c0a8627b0f19521a3b90,bf292736be69cff7388394bb281fb91f6be565338919c0095ead4610c19b0c1c,1912.8174999999999,0.8500000000000065,0.04250000000000033,,M15_LATEST_CONFIRMED_OPPOSING_SWING_ELSE_CONTROL,True,de4e378e3814366c264862b19881cfbdc30bc15e0249f45e7a43c6e817d718bb,2023-01-16T20:00:00Z,1912.86,1919.32,5ba21722834770c18deafd9ce28414169c4ae160d00cad7424c074b00b85dd47
8d7cdd6a07cf62b9b721fa1578718fd10d5135912eb39aaf2974d9a734a455ab,1916.34,2023-01-17T01:10:00Z,ec0521a2377b77a0854768c842fdf2f525685d7799dfbb50cb31da0044a65902,2023-01-17T01:10:00Z,1916.36,1911.43,2023-02-01T00:00:00Z,2023-01-16T18:00:00Z,0.0,LONG,1.0,-50.0,CONTROL_V2_FILLED_STOP,2023-01-17T01:10:00Z,M5_BROKEN_CONTROL_FIRST_RETEST,1916.34,True,41d273f7eb2de77eab067e6bb384716b945c74eda5ac1d30e58cd2d500407ec1,1.103869653767822,0.5519348268839341,2023_01,-1.0,-1.0,STOP,2023-01-17T04:31:00Z,STOP,203d3847d5ba957d19515f26cd7481621e73b3ba8c11bebff13e829f986d35ec,2023-01-17T04:31:00Z,FIRST_RETEST_FILLED,2023-01-17T01:25:00Z,2023-01-17T01:10:00Z,1916.34,True,True,INITIAL_CONFIRMATION_STOP,0b6acdd851a6fc445d0c03e3682f513652be2b898b45b252a3c2c81e3157fd90,bf292736be69cff7388394bb281fb91f6be565338919c0095ead4610c19b0c1c,1911.43,3.7721428571428532,0.18860714285714267,NOT_STRICTLY_CLOSER_THAN_CONTROL,H1_SOURCE_SWING_BUFFERED_ELSE_CONTROL,False,bf292736be69cff7388394bb281fb91f6be565338919c0095ead4610c19b0c1c,2023-01-16T18:00:00Z,1911.43,1919.32,5ba21722834770c18deafd9ce28414169c4ae160d00cad7424c074b00b85dd47
8d7cdd6a07cf62b9b721fa1578718fd10d5135912eb39aaf2974d9a734a455ab,1916.34,2023-01-17T01:10:00Z,ec0521a2377b77a0854768c842fdf2f525685d7799dfbb50cb31da0044a65902,2023-01-17T01:10:00Z,1916.36,1911.43,2023-02-01T00:00:00Z,2023-01-16T18:00:00Z,0.0,LONG,1.0,-50.0,CONTROL_V2_FILLED_STOP,2023-01-17T01:10:00Z,CONFIRMED_25_75_RETEST_SPLIT,1916.36,True,66704ebed4d1b410ab3287ccddb6497e0c12ea00a248153d5a1542d0b768ff85,1.1037643092913842,0.5503608564712743,2023_01,-1.0,-1.0,STOP,2023-01-17T04:31:00Z,SPLIT_STOP_STOP,8153d4209192ffb7bd621ed05debea4c7047dbbf005c488afca867031121ed61,2023-01-17T04:31:00Z,FIRST_RETEST_FILLED,2023-01-17T01:25:00Z,2023-01-17T01:10:00Z,1916.34,True,True,INITIAL_CONFIRMATION_STOP,fc2656fdc5b1f1953fc72d60adccc1ff318c19da5d50e7165dbe2f0e369958d4,bf292736be69cff7388394bb281fb91f6be565338919c0095ead4610c19b0c1c,1911.43,,,,CONTROL_V2_FILLED_STOP,False,,2023-01-17T01:10:00Z,1911.43,1919.32,5ba21722834770c18deafd9ce28414169c4ae160d00cad7424c074b00b85dd47
8d7cdd6a07cf62b9b721fa1578718fd10d5135912eb39aaf2974d9a734a455ab,1916.34,2023-01-17T01:10:00Z,ec0521a2377b77a0854768c842fdf2f525685d7799dfbb50cb31da0044a65902,2023-01-17T01:10:00Z,1916.36,1911.43,2023-02-01T00:00:00Z,2023-01-16T18:00:00Z,0.0,LONG,0.4178498985801245,-50.0,M5_LATEST_CONFIRMED_OPPOSING_SWING_ELSE_CONTROL,2023-01-17T01:10:00Z,CONFIRMED_25_75_RETEST_SPLIT,1916.36,True,5fec8d4fbaa9d752158e3bec1b49e8de6d7596dc3889205a500ee9ba8e319ec2,1.0195602512849626,1.3227798400914228,2023_01,-1.0,-1.0,STOP,2023-01-17T04:31:00Z,SPLIT_STOP_STOP,868d827b27c869324b0d3c1dda57cc7a842a3489edaf3677853a9dc1ab3dde9f,2023-01-17T03:14:00Z,FIRST_RETEST_FILLED,2023-01-17T01:25:00Z,2023-01-17T01:10:00Z,1916.34,True,True,INITIAL_CONFIRMATION_STOP,a9ff0b39d7ec17187312ed906ff3d23232bf6350c1cf3f8b24bcf380d75bd545,bf292736be69cff7388394bb281fb91f6be565338919c0095ead4610c19b0c1c,1914.3,0.3564285714285721,0.02,,M5_LATEST_CONFIRMED_OPPOSING_SWING_ELSE_CONTROL,True,b1d8e891e7330226cc41782d49184707352feb49aa4865682ef04e470b396515,2023-01-16T21:20:00Z,1914.32,1919.32,5ba21722834770c18deafd9ce28414169c4ae160d00cad7424c074b00b85dd47
8d7cdd6a07cf62b9b721fa1578718fd10d5135912eb39aaf2974d9a734a455ab,1916.34,2023-01-17T01:10:00Z,ec0521a2377b77a0854768c842fdf2f525685d7799dfbb50cb31da0044a65902,2023-01-17T01:10:00Z,1916.36,1911.43,2023-02-01T00:00:00Z,2023-01-16T18:00:00Z,0.0,LONG,0.7185598377282223,-50.0,M15_LATEST_CONFIRMED_OPPOSING_SWING_ELSE_CONTROL,2023-01-17T01:10:00Z,CONFIRMED_25_75_RETEST_SPLIT,1916.36,True,d1b7704fb4e7bf0ff0dfd9f7553a7e22ce32900bbd492b8e4e754d3571cd81a9,1.010630822222074,0.7668426533129895,2023_01,-1.0,-1.0,STOP,2023-01-17T04:31:00Z,SPLIT_STOP_STOP,4c1de29c1e170e4920c2e502b45bf6a62ad0ee745eb950b597bde79605fd01fe,2023-01-17T04:28:00Z,FIRST_RETEST_FILLED,2023-01-17T01:25:00Z,2023-01-17T01:10:00Z,1916.34,True,True,INITIAL_CONFIRMATION_STOP,2ac4719f95003005e3f3b335d18db978eddc818b0b7a44d72bc6d4ea2576eea1,bf292736be69cff7388394bb281fb91f6be565338919c0095ead4610c19b0c1c,1912.8174999999999,0.8500000000000065,0.04250000000000033,,M15_LATEST_CONFIRMED_OPPOSING_SWING_ELSE_CONTROL,True,de4e378e3814366c264862b19881cfbdc30bc15e0249f45e7a43c6e817d718bb,2023-01-16T20:00:00Z,1912.86,1919.32,5ba21722834770c18deafd9ce28414169c4ae160d00cad7424c074b00b85dd47
8d7cdd6a07cf62b9b721fa1578718fd10d5135912eb39aaf2974d9a734a455ab,1916.34,2023-01-17T01:10:00Z,ec0521a2377b77a0854768c842fdf2f525685d7799dfbb50cb31da0044a65902,2023-01-17T01:10:00Z,1916.36,1911.43,2023-02-01T00:00:00Z,2023-01-16T18:00:00Z,0.0,LONG,1.0,-50.0,CONTROL_V2_FILLED_STOP,2023-01-17T01:10:00Z,CONFIRMED_25_75_RETEST_SPLIT,1916.36,True,41d273f7eb2de77eab067e6bb384716b945c74eda5ac1d30e58cd2d500407ec1,1.1037643092913842,0.5503608564712743,2023_01,-1.0,-1.0,STOP,2023-01-17T04:31:00Z,SPLIT_STOP_STOP,022bf4a3e3dd96fd056fc647898d23c8adcfb67af391e6b3399ddf7d3f90c248,2023-01-17T04:31:00Z,FIRST_RETEST_FILLED,2023-01-17T01:25:00Z,2023-01-17T01:10:00Z,1916.34,True,True,INITIAL_CONFIRMATION_STOP,f069d07df9661ea11c4894922e8e8db08d9ce0419b731b483cb6ebc9b4d210c1,bf292736be69cff7388394bb281fb91f6be565338919c0095ead4610c19b0c1c,1911.43,3.7721428571428532,0.18860714285714267,NOT_STRICTLY_CLOSER_THAN_CONTROL,H1_SOURCE_SWING_BUFFERED_ELSE_CONTROL,False,bf292736be69cff7388394bb281fb91f6be565338919c0095ead4610c19b0c1c,2023-01-16T18:00:00Z,1911.43,1919.32,5ba21722834770c18deafd9ce28414169c4ae160d00cad7424c074b00b85dd47
39f1c76f33af0eb2957ab1e1e1e5f16fc84e4a38ca76490f25fbc8b6c4917dc5,1910.36,2023-01-17T19:20:00Z,ea35ec15fcd050517f62f1e0c9c9a4be468411e01adc810b1876ab84b446367c,2023-01-17T19:20:00Z,1909.62,1916.62,2023-02-01T00:00:00Z,2023-01-17T19:00:00Z,0.0,SHORT,1.0,38.142857142856556,CONTROL_V2_FILLED_STOP,2023-01-17T19:20:00Z,CONTROL_NEXT_M1_OPEN,1909.62,True,cae536fcb754343131075d20b69d01381db0d20566d5bbc028a0d6224a0d752f,0.0457142857143091,0.8185714285713986,2023_01,0.7628571428571311,0.7628571428571311,TARGET,2023-01-17T21:14:00Z,TARGET,f864ddddffca8f2a4fa8084387ce055ea588bf78fd35a8807d1c748b800829ca,2023-01-17T21:14:00Z,RETEST_EXPIRED,2023-01-17T19:35:00Z,,1910.36,False,False,INITIAL_CONFIRMATION_TARGET,24240bbe3cf20078f08270478c51403491b1ad10f008407be9f5b6007fddb96d,aefb8c8e6ea3dffadb4180ee78c13354cf29d09d08a2bdde7fb62cfd7cf2f129,1916.62,,,,CONTROL_V2_FILLED_STOP,False,,2023-01-17T19:20:00Z,1916.62,1904.28,c8390fa09c01e332f72766c8fa8bd723de022e421344090f1a076ca41fa405a8
39f1c76f33af0eb2957ab1e1e1e5f16fc84e4a38ca76490f25fbc8b6c4917dc5,1910.36,2023-01-17T19:20:00Z,ea35ec15fcd050517f62f1e0c9c9a4be468411e01adc810b1876ab84b446367c,2023-01-17T19:20:00Z,1909.62,1916.62,2023-02-01T00:00:00Z,2023-01-17T19:00:00Z,0.6388227731470288,SHORT,0.5442448979591907,70.083995800208,M5_LATEST_CONFIRMED_OPPOSING_SWING_ELSE_CONTROL,2023-01-17T19:20:00Z,CONTROL_NEXT_M1_OPEN,1909.62,True,f0d4c35460b41f0ff59fbd9b56a905950d6d795f322c7d6821b71d447cfff725,0.08399580021003138,1.50404979751005,2023_01,1.40167991600416,0.7628571428571311,TARGET,2023-01-17T21:14:00Z,TARGET,958aacf828bd436e56542d899d55cce29e93eec38bcd3229d4451e107a5e4f4b,2023-01-17T21:14:00Z,RETEST_EXPIRED,2023-01-17T19:35:00Z,,1910.36,False,False,INITIAL_CONFIRMATION_TARGET,a94eba58da5d2fc5b0b3a25ee52f81f72c7b5de0a292452eecc0b4b596ad3c3e,aefb8c8e6ea3dffadb4180ee78c13354cf29d09d08a2bdde7fb62cfd7cf2f129,1913.4297142857142,1.394285714285713,0.06971428571428566,,M5_LATEST_CONFIRMED_OPPOSING_SWING_ELSE_CONTROL,True,5f0ac0b685201c07ba8f0031ee142f1a0baebde4084eec97554a2c73abd9694f,2023-01-17T19:00:00Z,1913.36,1904.28,c8390fa09c01e332f72766c8fa8bd723de022e421344090f1a076ca41fa405a8
39f1c76f33af0eb2957ab1e1e1e5f16fc84e4a38ca76490f25fbc8b6c4917dc5,1910.36,2023-01-17T19:20:00Z,ea35ec15fcd050517f62f1e0c9c9a4be468411e01adc810b1876ab84b446367c,2023-01-17T19:20:00Z,1909.62,1916.62,2023-02-01T00:00:00Z,2023-01-17T19:00:00Z,0.0,SHORT,1.0,38.142857142856556,CONTROL_V2_FILLED_STOP,2023-01-17T19:20:00Z,CONTROL_NEXT_M1_OPEN,1909.62,True,c58f7f34a6db3aff7be9250fd054070bc56af9fe8350f1a561bcea4ac774a643,0.0457142857143091,0.8185714285713986,2023_01,0.7628571428571311,0.7628571428571311,TARGET,2023-01-17T21:14:00Z,TARGET,647e1c208a5198c5dffa9e81d87ff520db863176949120ab7f11422c9659c693,2023-01-17T21:14:00Z,RETEST_EXPIRED,2023-01-17T19:35:00Z,,1910.36,False,False,INITIAL_CONFIRMATION_TARGET,c72fe8f1aef246694ca429303365cd81778b49aaf3618f4b628d92c2320afc12,aefb8c8e6ea3dffadb4180ee78c13354cf29d09d08a2bdde7fb62cfd7cf2f129,1916.62,2.97071428571428,0.148535714285714,NOT_STRICTLY_CLOSER_THAN_CONTROL,M15_LATEST_CONFIRMED_OPPOSING_SWING_ELSE_CONTROL,False,e9331d6b819fcebc4ea73773a1b1ed10a6596f8b592924e0106f2ab7a3116700,2023-01-17T17:00:00Z,1916.62,1904.28,c8390fa09c01e332f72766c8fa8bd723de022e421344090f1a076ca41fa405a8
39f1c76f33af0eb2957ab1e1e1e5f16fc84e4a38ca76490f25fbc8b6c4917dc5,1910.36,2023-01-17T19:20:00Z,ea35ec15fcd050517f62f1e0c9c9a4be468411e01adc810b1876ab84b446367c,2023-01-17T19:20:00Z,1909.62,1916.62,2023-02-01T00:00:00Z,2023-01-17T19:00:00Z,0.0,SHORT,1.0,38.142857142856556,CONTROL_V2_FILLED_STOP,2023-01-17T19:20:00Z,CONTROL_NEXT_M1_OPEN,1909.62,True,3c75a5e4c685ea0bbe4f21f42c98d608522abef6fd5656487d67c85cdb00ff87,0.0457142857143091,0.8185714285713986,2023_01,0.7628571428571311,0.7628571428571311,TARGET,2023-01-17T21:14:00Z,TARGET,86204da7930133abed81111c56bf55e455f330927ba4504ad1dea7d264385af4,2023-01-17T21:14:00Z,RETEST_EXPIRED,2023-01-17T19:35:00Z,,1910.36,False,False,INITIAL_CONFIRMATION_TARGET,d3111840835bfb96c2c805f9b7f5e2c0259d29296d2ded668a78c940b9db0eee,aefb8c8e6ea3dffadb4180ee78c13354cf29d09d08a2bdde7fb62cfd7cf2f129,1916.62,4.639285714285734,0.2319642857142867,NOT_STRICTLY_CLOSER_THAN_CONTROL,H1_SOURCE_SWING_BUFFERED_ELSE_CONTROL,False,aefb8c8e6ea3dffadb4180ee78c13354cf29d09d08a2bdde7fb62cfd7cf2f129,2023-01-17T19:00:00Z,1916.62,1904.28,c8390fa09c01e332f72766c8fa8bd723de022e421344090f1a076ca41fa405a8
39f1c76f33af0eb2957ab1e1e1e5f16fc84e4a38ca76490f25fbc8b6c4917dc5,1910.36,2023-01-17T19:20:00Z,ea35ec15fcd050517f62f1e0c9c9a4be468411e01adc810b1876ab84b446367c,2023-01-17T19:20:00Z,1909.62,1916.62,2023-02-01T00:00:00Z,2023-01-17T19:00:00Z,-0.7628571428571311,SHORT,1.0,0.0,CONTROL_V2_FILLED_STOP,,M5_BROKEN_CONTROL_FIRST_RETEST,,False,cae536fcb754343131075d20b69d01381db0d20566d5bbc028a0d6224a0d752f,,,2023_01,0.0,0.7628571428571311,TARGET,2023-01-17T21:14:00Z,NO_FILL,70bf64d4a91936581522ad6ecd0dcd8606b9772db58cca495bd02835c9346e7c,,RETEST_EXPIRED,2023-01-17T19:35:00Z,,1910.36,False,False,INITIAL_CONFIRMATION_TARGET,b59b2ac44e7b83d317559e99e0f0cbafa7271334c0ff15354413f8a1b8201a9a,aefb8c8e6ea3dffadb4180ee78c13354cf29d09d08a2bdde7fb62cfd7cf2f129,1916.62,,,,CONTROL_V2_FILLED_STOP,False,,2023-01-17T19:20:00Z,1916.62,1904.28,c8390fa09c01e332f72766c8fa8bd723de022e421344090f1a076ca41fa405a8
39f1c76f33af0eb2957ab1e1e1e5f16fc84e4a38ca76490f25fbc8b6c4917dc5,1910.36,2023-01-17T19:20:00Z,ea35ec15fcd050517f62f1e0c9c9a4be468411e01adc810b1876ab84b446367c,2023-01-17T19:20:00Z,1909.62,1916.62,2023-02-01T00:00:00Z,2023-01-17T19:00:00Z,-0.7628571428571311,SHORT,0.5442448979591907,0.0,M5_LATEST_CONFIRMED_OPPOSING_SWING_ELSE_CONTROL,,M5_BROKEN_CONTROL_FIRST_RETEST,,False,f0d4c35460b41f0ff59fbd9b56a905950d6d795f322c7d6821b71d447cfff725,,,2023_01,0.0,0.7628571428571311,TARGET,2023-01-17T21:14:00Z,NO_FILL,f56d6db92258cf6413cbabd284a952dcbd505ff5fdd1ff51ac7dfed4264a7790,,RETEST_EXPIRED,2023-01-17T19:35:00Z,,1910.36,False,False,INITIAL_CONFIRMATION_TARGET,50b4fb151089ffec6a79986058e4a2011725e6ec125cb2ea34a1d4169628e26f,aefb8c8e6ea3dffadb4180ee78c13354cf29d09d08a2bdde7fb62cfd7cf2f129,1913.4297142857142,1.394285714285713,0.06971428571428566,,M5_LATEST_CONFIRMED_OPPOSING_SWING_ELSE_CONTROL,True,5f0ac0b685201c07ba8f0031ee142f1a0baebde4084eec97554a2c73abd9694f,2023-01-17T19:00:00Z,1913.36,1904.28,c8390fa09c01e332f72766c8fa8bd723de022e421344090f1a076ca41fa405a8
39f1c76f33af0eb2957ab1e1e1e5f16fc84e4a38ca76490f25fbc8b6c4917dc5,1910.36,2023-01-17T19:20:00Z,ea35ec15fcd050517f62f1e0c9c9a4be468411e01adc810b1876ab84b446367c,2023-01-17T19:20:00Z,1909.62,1916.62,2023-02-01T00:00:00Z,2023-01-17T19:00:00Z,-0.7628571428571311,SHORT,1.0,0.0,CONTROL_V2_FILLED_STOP,,M5_BROKEN_CONTROL_FIRST_RETEST,,False,c58f7f34a6db3aff7be9250fd054070bc56af9fe8350f1a561bcea4ac774a643,,,2023_01,0.0,0.7628571428571311,TARGET,2023-01-17T21:14:00Z,NO_FILL,238c5ce6bf2a1f2f65df51af404ac019d08d6041f512d039d0ced0794ca58402,,RETEST_EXPIRED,2023-01-17T19:35:00Z,,1910.36,False,False,INITIAL_CONFIRMATION_TARGET,811de63c2b8e9d8638998461025916f3d3faaf201005e1c5498a11f0192f8374,aefb8c8e6ea3dffadb4180ee78c13354cf29d09d08a2bdde7fb62cfd7cf2f129,1916.62,2.97071428571428,0.148535714285714,NOT_STRICTLY_CLOSER_THAN_CONTROL,M15_LATEST_CONFIRMED_OPPOSING_SWING_ELSE_CONTROL,False,e9331d6b819fcebc4ea73773a1b1ed10a6596f8b592924e0106f2ab7a3116700,2023-01-17T17:00:00Z,1916.62,1904.28,c8390fa09c01e332f72766c8fa8bd723de022e421344090f1a076ca41fa405a8
39f1c76f33af0eb2957ab1e1e1e5f16fc84e4a38ca76490f25fbc8b6c4917dc5,1910.36,2023-01-17T19:20:00Z,ea35ec15fcd050517f62f1e0c9c9a4be468411e01adc810b1876ab84b446367c,2023-01-17T19:20:00Z,1909.62,1916.62,2023-02-01T00:00:00Z,2023-01-17T19:00:00Z,-0.7628571428571311,SHORT,1.0,0.0,CONTROL_V2_FILLED_STOP,,M5_BROKEN_CONTROL_FIRST_RETEST,,False,3c75a5e4c685ea0bbe4f21f42c98d608522abef6fd5656487d67c85cdb00ff87,,,2023_01,0.0,0.7628571428571311,TARGET,2023-01-17T21:14:00Z,NO_FILL,55b9adf6846afcfd56780e74e47cfa7d20a61c1b2e624ae8651e9ba254da160c,,RETEST_EXPIRED,2023-01-17T19:35:00Z,,1910.36,False,False,INITIAL_CONFIRMATION_TARGET,b6573b084dcd602e40f4e85a06cf2d7fdfeaa7655f8c656213bff701dac647e5,aefb8c8e6ea3dffadb4180ee78c13354cf29d09d08a2bdde7fb62cfd7cf2f129,1916.62,4.639285714285734,0.2319642857142867,NOT_STRICTLY_CLOSER_THAN_CONTROL,H1_SOURCE_SWING_BUFFERED_ELSE_CONTROL,False,aefb8c8e6ea3dffadb4180ee78c13354cf29d09d08a2bdde7fb62cfd7cf2f129,2023-01-17T19:00:00Z,1916.62,1904.28,c8390fa09c01e332f72766c8fa8bd723de022e421344090f1a076ca41fa405a8
39f1c76f33af0eb2957ab1e1e1e5f16fc84e4a38ca76490f25fbc8b6c4917dc5,1910.36,2023-01-17T19:20:00Z,ea35ec15fcd050517f62f1e0c9c9a4be468411e01adc810b1876ab84b446367c,2023-01-17T19:20:00Z,1909.62,1916.62,2023-02-01T00:00:00Z,2023-01-17T19:00:00Z,-0.5721428571428484,SHORT,1.0,9.535714285714139,CONTROL_V2_FILLED_STOP,2023-01-17T19:20:00Z,CONFIRMED_25_75_RETEST_SPLIT,1909.62,True,cae536fcb754343131075d20b69d01381db0d20566d5bbc028a0d6224a0d752f,0.011428571428577275,0.20464285714284966,2023_01,0.19071428571428278,0.7628571428571311,TARGET,2023-01-17T21:14:00Z,SPLIT_CONTROL_TARGET_NO_RETEST,f0e8e615d6049bb6ef94ef80ebbb431f8af77f0bc50b86497884e594d89fbeda,2023-01-17T21:14:00Z,RETEST_EXPIRED,2023-01-17T19:35:00Z,,1910.36,False,False,INITIAL_CONFIRMATION_TARGET,7b1b37be54a2817ed268924f0701a89ae6f5b782c1f1b9fe01244d63a5cbf08a,aefb8c8e6ea3dffadb4180ee78c13354cf29d09d08a2bdde7fb62cfd7cf2f129,1916.62,,,,CONTROL_V2_FILLED_STOP,False,,2023-01-17T19:20:00Z,1916.62,1904.28,c8390fa09c01e332f72766c8fa8bd723de022e421344090f1a076ca41fa405a8
39f1c76f33af0eb2957ab1e1e1e5f16fc84e4a38ca76490f25fbc8b6c4917dc5,1910.36,2023-01-17T19:20:00Z,ea35ec15fcd050517f62f1e0c9c9a4be468411e01adc810b1876ab84b446367c,2023-01-17T19:20:00Z,1909.62,1916.62,2023-02-01T00:00:00Z,2023-01-17T19:00:00Z,-0.41243716385609114,SHORT,0.5442448979591907,17.520998950052,M5_LATEST_CONFIRMED_OPPOSING_SWING_ELSE_CONTROL,2023-01-17T19:20:00Z,CONFIRMED_25_75_RETEST_SPLIT,1909.62,True,f0d4c35460b41f0ff59fbd9b56a905950d6d795f322c7d6821b71d447cfff725,0.020998950052507844,0.3760124493775125,2023_01,0.35041997900104,0.7628571428571311,TARGET,2023-01-17T21:14:00Z,SPLIT_CONTROL_TARGET_NO_RETEST,37b591d53039bd95d1715cf2d1515b6de597e90dc05a3493a17be96d7a977d8a,2023-01-17T21:14:00Z,RETEST_EXPIRED,2023-01-17T19:35:00Z,,1910.36,False,False,INITIAL_CONFIRMATION_TARGET,1dcf542b119d4009a0bdc25404dc989660bf3a087e0722f2ea923f41f50e1187,aefb8c8e6ea3dffadb4180ee78c13354cf29d09d08a2bdde7fb62cfd7cf2f129,1913.4297142857142,1.394285714285713,0.06971428571428566,,M5_LATEST_CONFIRMED_OPPOSING_SWING_ELSE_CONTROL,True,5f0ac0b685201c07ba8f0031ee142f1a0baebde4084eec97554a2c73abd9694f,2023-01-17T19:00:00Z,1913.36,1904.28,c8390fa09c01e332f72766c8fa8bd723de022e421344090f1a076ca41fa405a8
39f1c76f33af0eb2957ab1e1e1e5f16fc84e4a38ca76490f25fbc8b6c4917dc5,1910.36,2023-01-17T19:20:00Z,ea35ec15fcd050517f62f1e0c9c9a4be468411e01adc810b1876ab84b446367c,2023-01-17T19:20:00Z,1909.62,1916.62,2023-02-01T00:00:00Z,2023-01-17T19:00:00Z,-0.5721428571428484,SHORT,1.0,9.535714285714139,CONTROL_V2_FILLED_STOP,2023-01-17T19:20:00Z,CONFIRMED_25_75_RETEST_SPLIT,1909.62,True,c58f7f34a6db3aff7be9250fd054070bc56af9fe8350f1a561bcea4ac774a643,0.011428571428577275,0.20464285714284966,2023_01,0.19071428571428278,0.7628571428571311,TARGET,2023-01-17T21:14:00Z,SPLIT_CONTROL_TARGET_NO_RETEST,8a7ca5aaa22058ac1996704fa5368c0d05e4d2e63a9b7430bac78433446c58b6,2023-01-17T21:14:00Z,RETEST_EXPIRED,2023-01-17T19:35:00Z,,1910.36,False,False,INITIAL_CONFIRMATION_TARGET,ef694e05e3d82eab7172b4e64f24d7d7bf8a716b34f7f2085ec905ac79aa0227,aefb8c8e6ea3dffadb4180ee78c13354cf29d09d08a2bdde7fb62cfd7cf2f129,1916.62,2.97071428571428,0.148535714285714,NOT_STRICTLY_CLOSER_THAN_CONTROL,M15_LATEST_CONFIRMED_OPPOSING_SWING_ELSE_CONTROL,False,e9331d6b819fcebc4ea73773a1b1ed10a6596f8b592924e0106f2ab7a3116700,2023-01-17T17:00:00Z,1916.62,1904.28,c8390fa09c01e332f72766c8fa8bd723de022e421344090f1a076ca41fa405a8
39f1c76f33af0eb2957ab1e1e1e5f16fc84e4a38ca76490f25fbc8b6c4917dc5,1910.36,2023-01-17T19:20:00Z,ea35ec15fcd050517f62f1e0c9c9a4be468411e01adc810b1876ab84b446367c,2023-01-17T19:20:00Z,1909.62,1916.62,2023-02-01T00:00:00Z,2023-01-17T19:00:00Z,-0.5721428571428484,SHORT,1.0,9.535714285714139,CONTROL_V2_FILLED_STOP,2023-01-17T19:20:00Z,CONFIRMED_25_75_RETEST_SPLIT,1909.62,True,3c75a5e4c685ea0bbe4f21f42c98d608522abef6fd5656487d67c85cdb00ff87,0.011428571428577275,0.20464285714284966,2023_01,0.19071428571428278,0.7628571428571311,TARGET,2023-01-17T21:14:00Z,SPLIT_CONTROL_TARGET_NO_RETEST,a18f4acd2f9528c8ae845dea32f7ce3a8437fec68e8cd779cf7ad037f5c8f959,2023-01-17T21:14:00Z,RETEST_EXPIRED,2023-01-17T19:35:00Z,,1910.36,False,False,INITIAL_CONFIRMATION_TARGET,088691f685a641cebd7aac45996e89e6d76b07468edcc3b0a08b64ecd468629a,aefb8c8e6ea3dffadb4180ee78c13354cf29d09d08a2bdde7fb62cfd7cf2f129,1916.62,4.639285714285734,0.2319642857142867,NOT_STRICTLY_CLOSER_THAN_CONTROL,H1_SOURCE_SWING_BUFFERED_ELSE_CONTROL,False,aefb8c8e6ea3dffadb4180ee78c13354cf29d09d08a2bdde7fb62cfd7cf2f129,2023-01-17T19:00:00Z,1916.62,1904.28,c8390fa09c01e332f72766c8fa8bd723de022e421344090f1a076ca41fa405a8
ecba589ac6113d570438e7d441d5b81d97c3e9fc8ea5083d3b79ca61eff702dc,1908.89,2023-01-18T04:05:00Z,faf72bde0e21d8af1bc3de082a6bd32d98bec23cdea57b343bcbfdeffa2c1102,2023-01-18T04:05:00Z,1909.95,1903.8,2023-02-01T00:00:00Z,2023-01-18T03:00:00Z,0.0,LONG,1.0,-50.0,CONTROL_V2_FILLED_STOP,2023-01-18T04:05:00Z,CONTROL_NEXT_M1_OPEN,1909.95,True,55565de65c90cc2ba433e6fdb3c4827150d9775c9372dcc51afa415621bcd428,1.3967479674796779,0.045528455284547735,2023_01,-1.0,-1.0,STOP,2023-01-18T04:40:00Z,STOP,c63c870abee650ec0c211e79381ccfd4d97914fcb4b838611a971f251b5bfaee,2023-01-18T04:40:00Z,RETEST_EXPIRED,2023-01-18T04:20:00Z,,1908.89,False,False,INITIAL_CONFIRMATION_STOP,445cef61b4cbfec1955738150f1fce964394f35f62e8a73176dba2f301e9a606,a350ecd0793b2fd96d46e0b08fb58ab9c444de9b6612c7dfd0fbfda5881d46c3,1903.8,,,,CONTROL_V2_FILLED_STOP,False,,2023-01-18T04:05:00Z,1903.8,1916.62,184adfe8d0a9b10a1875d015a2bed735a85c45dfe93205c45adf4f21f9c58562
ecba589ac6113d570438e7d441d5b81d97c3e9fc8ea5083d3b79ca61eff702dc,1908.89,2023-01-18T04:05:00Z,faf72bde0e21d8af1bc3de082a6bd32d98bec23cdea57b343bcbfdeffa2c1102,2023-01-18T04:05:00Z,1909.95,1903.8,2023-02-01T00:00:00Z,2023-01-18T03:00:00Z,0.0,LONG,0.5898722415795553,-50.0,M5_LATEST_CONFIRMED_OPPOSING_SWING_ELSE_CONTROL,2023-01-18T04:05:00Z,CONTROL_NEXT_M1_OPEN,1909.95,True,fda32fd06088719a7efd1e0794f3037d6a0726c7a851fdd60a29be48aef37789,2.3678821768921976,0.07718358667400925,2023_01,-1.0,-1.0,STOP,2023-01-18T04:40:00Z,STOP,384b3e23e50a3cdbb60af9c13c2e3ff96475acbd131bb6b22d1ed48cc30be44d,2023-01-18T04:40:00Z,RETEST_EXPIRED,2023-01-18T04:20:00Z,,1908.89,False,False,INITIAL_CONFIRMATION_STOP,1a7d042fc1d4aa000469b5324999229f8f81afca9594ee40463d2218d06dec7c,a350ecd0793b2fd96d46e0b08fb58ab9c444de9b6612c7dfd0fbfda5881d46c3,1906.3222857142857,1.1542857142856877,0.057714285714284386,,M5_LATEST_CONFIRMED_OPPOSING_SWING_ELSE_CONTROL,True,166649ef93456bce0d5ec58de72bd726e4f5d2a832e530947efd9b0379890c4e,2023-01-18T03:50:00Z,1906.38,1916.62,184adfe8d0a9b10a1875d015a2bed735a85c45dfe93205c45adf4f21f9c58562
ecba589ac6113d570438e7d441d5b81d97c3e9fc8ea5083d3b79ca61eff702dc,1908.89,2023-01-18T04:05:00Z,faf72bde0e21d8af1bc3de082a6bd32d98bec23cdea57b343bcbfdeffa2c1102,2023-01-18T04:05:00Z,1909.95,1903.8,2023-02-01T00:00:00Z,2023-01-18T03:00:00Z,0.0,LONG,0.3881184668989533,-50.0,M15_LATEST_CONFIRMED_OPPOSING_SWING_ELSE_CONTROL,2023-01-18T04:05:00Z,CONTROL_NEXT_M1_OPEN,1909.95,True,330b63c38d2b088f15e553d9be453267e7211f860d3102af73b3bcb3cff96342,3.598767094592594,0.11730556303676495,2023_01,-1.0,-1.0,STOP,2023-01-18T04:40:00Z,STOP,aba590f394e988f51db8ed2c2db094de85a4e2cd4d22343406681a592e23f7cf,2023-01-18T04:40:00Z,RETEST_EXPIRED,2023-01-18T04:20:00Z,,1908.89,False,False,INITIAL_CONFIRMATION_STOP,9dda4d644327a64320e2653849e78aa159d90391f358d6942fdec6b3b28d8474,a350ecd0793b2fd96d46e0b08fb58ab9c444de9b6612c7dfd0fbfda5881d46c3,1907.5630714285714,1.3385714285713806,0.06692857142856903,,M15_LATEST_CONFIRMED_OPPOSING_SWING_ELSE_CONTROL,True,708f130d9bd1667654a9520f07b7c4130057f6ff680068cb92a3646b8eea6265,2023-01-18T02:45:00Z,1907.63,1916.62,184adfe8d0a9b10a1875d015a2bed735a85c45dfe93205c45adf4f21f9c58562
ecba589ac6113d570438e7d441d5b81d97c3e9fc8ea5083d3b79ca61eff702dc,1908.89,2023-01-18T04:05:00Z,faf72bde0e21d8af1bc3de082a6bd32d98bec23cdea57b343bcbfdeffa2c1102,2023-01-18T04:05:00Z,1909.95,1903.8,2023-02-01T00:00:00Z,2023-01-18T03:00:00Z,0.0,LONG,1.0,-50.0,CONTROL_V2_FILLED_STOP,2023-01-18T04:05:00Z,CONTROL_NEXT_M1_OPEN,1909.95,True,0dae36b980cbbf0978d4b9fd8ae205f2426cc47284d8a33ccf64a60af1b72326,1.3967479674796779,0.045528455284547735,2023_01,-1.0,-1.0,STOP,2023-01-18T04:40:00Z,STOP,1f90ccc133cbb851dbeac211fcfba40d51454d314f04a845705afcd5e7f035d4,2023-01-18T04:40:00Z,RETEST_EXPIRED,2023-01-18T04:20:00Z,,1908.89,False,False,INITIAL_CONFIRMATION_STOP,1d5acb8e0145e2c4ea8ab323146286156d827cf6820c22e3e061126a78fd855a,a350ecd0793b2fd96d46e0b08fb58ab9c444de9b6612c7dfd0fbfda5881d46c3,1903.8,4.872142857142843,0.24360714285714216,NOT_STRICTLY_CLOSER_THAN_CONTROL,H1_SOURCE_SWING_BUFFERED_ELSE_CONTROL,False,a350ecd0793b2fd96d46e0b08fb58ab9c444de9b6612c7dfd0fbfda5881d46c3,2023-01-18T03:00:00Z,1903.8,1916.62,184adfe8d0a9b10a1875d015a2bed735a85c45dfe93205c45adf4f21f9c58562
ecba589ac6113d570438e7d441d5b81d97c3e9fc8ea5083d3b79ca61eff702dc,1908.89,2023-01-18T04:05:00Z,faf72bde0e21d8af1bc3de082a6bd32d98bec23cdea57b343bcbfdeffa2c1102,2023-01-18T04:05:00Z,1909.95,1903.8,2023-02-01T00:00:00Z,2023-01-18T03:00:00Z,1.0,LONG,1.0,0.0,CONTROL_V2_FILLED_STOP,,M5_BROKEN_CONTROL_FIRST_RETEST,,False,55565de65c90cc2ba433e6fdb3c4827150d9775c9372dcc51afa415621bcd428,,,2023_01,0.0,-1.0,STOP,2023-01-18T04:40:00Z,NO_FILL,6f913d75029a36154fd50a5ed9e70e4d152cc0775dedfcb5905e73bff8f7462c,,RETEST_EXPIRED,2023-01-18T04:20:00Z,,1908.89,False,False,INITIAL_CONFIRMATION_STOP,d33bc0b0e35e73cc02aa94879601d90de770dc490628b97b357019cd95bd86fa,a350ecd0793b2fd96d46e0b08fb58ab9c444de9b6612c7dfd0fbfda5881d46c3,1903.8,,,,CONTROL_V2_FILLED_STOP,False,,2023-01-18T04:05:00Z,1903.8,1916.62,184adfe8d0a9b10a1875d015a2bed735a85c45dfe93205c45adf4f21f9c58562
ecba589ac6113d570438e7d441d5b81d97c3e9fc8ea5083d3b79ca61eff702dc,1908.89,2023-01-18T04:05:00Z,faf72bde0e21d8af1bc3de082a6bd32d98bec23cdea57b343bcbfdeffa2c1102,2023-01-18T04:05:00Z,1909.95,1903.8,2023-02-01T00:00:00Z,2023-01-18T03:00:00Z,1.0,LONG,0.5898722415795553,0.0,M5_LATEST_CONFIRMED_OPPOSING_SWING_ELSE_CONTROL,,M5_BROKEN_CONTROL_FIRST_RETEST,,False,fda32fd06088719a7efd1e0794f3037d6a0726c7a851fdd60a29be48aef37789,,,2023_01,0.0,-1.0,STOP,2023-01-18T04:40:00Z,NO_FILL,f55c73dc64d197b65ac158d849c346ca3e33053d5aa3a4b79f980b6c46d9507d,,RETEST_EXPIRED,2023-01-18T04:20:00Z,,1908.89,False,False,INITIAL_CONFIRMATION_STOP,9df32081488db93f29ab3159507ea63d38c92b99276046ab80503220e6385b68,a350ecd0793b2fd96d46e0b08fb58ab9c444de9b6612c7dfd0fbfda5881d46c3,1906.3222857142857,1.1542857142856877,0.057714285714284386,,M5_LATEST_CONFIRMED_OPPOSING_SWING_ELSE_CONTROL,True,166649ef93456bce0d5ec58de72bd726e4f5d2a832e530947efd9b0379890c4e,2023-01-18T03:50:00Z,1906.38,1916.62,184adfe8d0a9b10a1875d015a2bed735a85c45dfe93205c45adf4f21f9c58562
ecba589ac6113d570438e7d441d5b81d97c3e9fc8ea5083d3b79ca61eff702dc,1908.89,2023-01-18T04:05:00Z,faf72bde0e21d8af1bc3de082a6bd32d98bec23cdea57b343bcbfdeffa2c1102,2023-01-18T04:05:00Z,1909.95,1903.8,2023-02-01T00:00:00Z,2023-01-18T03:00:00Z,1.0,LONG,0.3881184668989533,0.0,M15_LATEST_CONFIRMED_OPPOSING_SWING_ELSE_CONTROL,,M5_BROKEN_CONTROL_FIRST_RETEST,,False,330b63c38d2b088f15e553d9be453267e7211f860d3102af73b3bcb3cff96342,,,2023_01,0.0,-1.0,STOP,2023-01-18T04:40:00Z,NO_FILL,1fe012f512e6bc63c93a13ba1f4241400a7e8ad82f1055dc2fdaf94a16f2da77,,RETEST_EXPIRED,2023-01-18T04:20:00Z,,1908.89,False,False,INITIAL_CONFIRMATION_STOP,97faf4ddcb7dcc4c7bfba1af3fd27a0b4af4994927a93dc85e106bb5b53a67a1,a350ecd0793b2fd96d46e0b08fb58ab9c444de9b6612c7dfd0fbfda5881d46c3,1907.5630714285714,1.3385714285713806,0.06692857142856903,,M15_LATEST_CONFIRMED_OPPOSING_SWING_ELSE_CONTROL,True,708f130d9bd1667654a9520f07b7c4130057f6ff680068cb92a3646b8eea6265,2023-01-18T02:45:00Z,1907.63,1916.62,184adfe8d0a9b10a1875d015a2bed735a85c45dfe93205c45adf4f21f9c58562
ecba589ac6113d570438e7d441d5b81d97c3e9fc8ea5083d3b79ca61eff702dc,1908.89,2023-01-18T04:05:00Z,faf72bde0e21d8af1bc3de082a6bd32d98bec23cdea57b343bcbfdeffa2c1102,2023-01-18T04:05:00Z,1909.95,1903.8,2023-02-01T00:00:00Z,2023-01-18T03:00:00Z,1.0,LONG,1.0,0.0,CONTROL_V2_FILLED_STOP,,M5_BROKEN_CONTROL_FIRST_RETEST,,False,0dae36b980cbbf0978d4b9fd8ae205f2426cc47284d8a33ccf64a60af1b72326,,,2023_01,0.0,-1.0,STOP,2023-01-18T04:40:00Z,NO_FILL,4938ebfc03c217a16636a485e3886b8d07205368ba317b586d07846718f063fd,,RETEST_EXPIRED,2023-01-18T04:20:00Z,,1908.89,False,False,INITIAL_CONFIRMATION_STOP,e6fa4e1450754152df0510f324ffaaf0c61a85cb2579287a856c38b5daf13b30,a350ecd0793b2fd96d46e0b08fb58ab9c444de9b6612c7dfd0fbfda5881d46c3,1903.8,4.872142857142843,0.24360714285714216,NOT_STRICTLY_CLOSER_THAN_CONTROL,H1_SOURCE_SWING_BUFFERED_ELSE_CONTROL,False,a350ecd0793b2fd96d46e0b08fb58ab9c444de9b6612c7dfd0fbfda5881d46c3,2023-01-18T03:00:00Z,1903.8,1916.62,184adfe8d0a9b10a1875d015a2bed735a85c45dfe93205c45adf4f21f9c58562
ecba589ac6113d570438e7d441d5b81d97c3e9fc8ea5083d3b79ca61eff702dc,1908.89,2023-01-18T04:05:00Z,faf72bde0e21d8af1bc3de082a6bd32d98bec23cdea57b343bcbfdeffa2c1102,2023-01-18T04:05:00Z,1909.95,1903.8,2023-02-01T00:00:00Z,2023-01-18T03:00:00Z,0.75,LONG,1.0,-12.5,CONTROL_V2_FILLED_STOP,2023-01-18T04:05:00Z,CONFIRMED_25_75_RETEST_SPLIT,1909.95,True,55565de65c90cc2ba433e6fdb3c4827150d9775c9372dcc51afa415621bcd428,0.34918699186991947,0.011382113821136934,2023_01,-0.25,-1.0,STOP,2023-01-18T04:40:00Z,SPLIT_CONTROL_STOP_NO_RETEST,1450d2f3a0e68d35823a07e61afb1a059f97756ab7d5c28ad75421760f727ae5,2023-01-18T04:40:00Z,RETEST_EXPIRED,2023-01-18T04:20:00Z,,1908.89,False,False,INITIAL_CONFIRMATION_STOP,8a7ce3340cc1fbeeca0ced6a2697b6fbfa250c5a74193f8694013b633f89676e,a350ecd0793b2fd96d46e0b08fb58ab9c444de9b6612c7dfd0fbfda5881d46c3,1903.8,,,,CONTROL_V2_FILLED_STOP,False,,2023-01-18T04:05:00Z,1903.8,1916.62,184adfe8d0a9b10a1875d015a2bed735a85c45dfe93205c45adf4f21f9c58562
ecba589ac6113d570438e7d441d5b81d97c3e9fc8ea5083d3b79ca61eff702dc,1908.89,2023-01-18T04:05:00Z,faf72bde0e21d8af1bc3de082a6bd32d98bec23cdea57b343bcbfdeffa2c1102,2023-01-18T04:05:00Z,1909.95,1903.8,2023-02-01T00:00:00Z,2023-01-18T03:00:00Z,0.75,LONG,0.5898722415795553,-12.5,M5_LATEST_CONFIRMED_OPPOSING_SWING_ELSE_CONTROL,2023-01-18T04:05:00Z,CONFIRMED_25_75_RETEST_SPLIT,1909.95,True,fda32fd06088719a7efd1e0794f3037d6a0726c7a851fdd60a29be48aef37789,0.5919705442230494,0.019295896668502312,2023_01,-0.25,-1.0,STOP,2023-01-18T04:40:00Z,SPLIT_CONTROL_STOP_NO_RETEST,62e42d23fc469703ec9ec0b698d2c6822ebb80e391389b1153be1d8ecea3679d,2023-01-18T04:40:00Z,RETEST_EXPIRED,2023-01-18T04:20:00Z,,1908.89,False,False,INITIAL_CONFIRMATION_STOP,1f5ef20aac17c502576512e845413dbf866aa0bc6d3fdf8e05f85f59e08f45bc,a350ecd0793b2fd96d46e0b08fb58ab9c444de9b6612c7dfd0fbfda5881d46c3,1906.3222857142857,1.1542857142856877,0.057714285714284386,,M5_LATEST_CONFIRMED_OPPOSING_SWING_ELSE_CONTROL,True,166649ef93456bce0d5ec58de72bd726e4f5d2a832e530947efd9b0379890c4e,2023-01-18T03:50:00Z,1906.38,1916.62,184adfe8d0a9b10a1875d015a2bed735a85c45dfe93205c45adf4f21f9c58562
ecba589ac6113d570438e7d441d5b81d97c3e9fc8ea5083d3b79ca61eff702dc,1908.89,2023-01-18T04:05:00Z,faf72bde0e21d8af1bc3de082a6bd32d98bec23cdea57b343bcbfdeffa2c1102,2023-01-18T04:05:00Z,1909.95,1903.8,2023-02-01T00:00:00Z,2023-01-18T03:00:00Z,0.75,LONG,0.3881184668989533,-12.5,M15_LATEST_CONFIRMED_OPPOSING_SWING_ELSE_CONTROL,2023-01-18T04:05:00Z,CONFIRMED_25_75_RETEST_SPLIT,1909.95,True,330b63c38d2b088f15e553d9be453267e7211f860d3102af73b3bcb3cff96342,0.8996917736481485,0.02932639075919124,2023_01,-0.25,-1.0,STOP,2023-01-18T04:40:00Z,SPLIT_CONTROL_STOP_NO_RETEST,851df43211a951f4b58bff93f45b8fdb6c274ae60c81aaa90de10db50ab4216f,2023-01-18T04:40:00Z,RETEST_EXPIRED,2023-01-18T04:20:00Z,,1908.89,False,False,INITIAL_CONFIRMATION_STOP,dfc014a749aa2c5296bfd3eee4580ad68003f1e62fa59e42a1a452427db47e58,a350ecd0793b2fd96d46e0b08fb58ab9c444de9b6612c7dfd0fbfda5881d46c3,1907.5630714285714,1.3385714285713806,0.06692857142856903,,M15_LATEST_CONFIRMED_OPPOSING_SWING_ELSE_CONTROL,True,708f130d9bd1667654a9520f07b7c4130057f6ff680068cb92a3646b8eea6265,2023-01-18T02:45:00Z,1907.63,1916.62,184adfe8d0a9b10a1875d015a2bed735a85c45dfe93205c45adf4f21f9c58562
ecba589ac6113d570438e7d441d5b81d97c3e9fc8ea5083d3b79ca61eff702dc,1908.89,2023-01-18T04:05:00Z,faf72bde0e21d8af1bc3de082a6bd32d98bec23cdea57b343bcbfdeffa2c1102,2023-01-18T04:05:00Z,1909.95,1903.8,2023-02-01T00:00:00Z,2023-01-18T03:00:00Z,0.75,LONG,1.0,-12.5,CONTROL_V2_FILLED_STOP,2023-01-18T04:05:00Z,CONFIRMED_25_75_RETEST_SPLIT,1909.95,True,0dae36b980cbbf0978d4b9fd8ae205f2426cc47284d8a33ccf64a60af1b72326,0.34918699186991947,0.011382113821136934,2023_01,-0.25,-1.0,STOP,2023-01-18T04:40:00Z,SPLIT_CONTROL_STOP_NO_RETEST,c0d58a4a1795dfca956237f16b4525c57025e36b26432bbbab589af8ca037d83,2023-01-18T04:40:00Z,RETEST_EXPIRED,2023-01-18T04:20:00Z,,1908.89,False,False,INITIAL_CONFIRMATION_STOP,1f47b95cf5b3abd02c84357642d85dfb0a35dd63263ce9ebac22ae58890b768d,a350ecd0793b2fd96d46e0b08fb58ab9c444de9b6612c7dfd0fbfda5881d46c3,1903.8,4.872142857142843,0.24360714285714216,NOT_STRICTLY_CLOSER_THAN_CONTROL,H1_SOURCE_SWING_BUFFERED_ELSE_CONTROL,False,a350ecd0793b2fd96d46e0b08fb58ab9c444de9b6612c7dfd0fbfda5881d46c3,2023-01-18T03:00:00Z,1903.8,1916.62,184adfe8d0a9b10a1875d015a2bed735a85c45dfe93205c45adf4f21f9c58562
fe92e721dfbd7beafd9c09ca68e5aed490ef43b99536f9ec0ea50be8f07ecce3,1905.96,2023-01-18T19:05:00Z,781b634020f0ed703caf0bdac5b5b524549b7ee000bf36544286b4f7406827a4,2023-01-18T19:05:00Z,1905.25,1925.95,2023-02-01T00:00:00Z,2023-01-18T19:00:00Z,0.0,SHORT,1.0,-50.0,CONTROL_V2_FILLED_STOP,2023-01-18T19:05:00Z,CONTROL_NEXT_M1_OPEN,1905.25,True,9d8d4fe558ef93bbe72f74c5dca2bb3eb54bc19b5802e773409c81c7f14c6d83,1.0173913043478213,0.2033816425120786,2023_01,-1.0,-1.0,STOP,2023-01-19T21:24:00Z,STOP,203c92c69d1775d889bc5fabd4e0ca695f7ebba308906f06911bac9eb050e170,2023-01-19T21:24:00Z,FIRST_RETEST_FILLED,2023-01-18T19:20:00Z,2023-01-18T19:06:00Z,1905.96,True,False,INITIAL_CONFIRMATION_STOP,bd4cc8be867223d511af72bd68ada6af30879942fb8e2152c8047a0761a2d5a7,8a48a745a0428504bc9c8f74052c3555e4f37b6b34ab08e462c7fe0c5d26e26c,1925.95,,,,CONTROL_V2_FILLED_STOP,False,,2023-01-18T19:05:00Z,1925.95,1896.64,9643c3e32efce55979a441538485b523f01ab97811bb004763a0ccd28cda9e6f
fe92e721dfbd7beafd9c09ca68e5aed490ef43b99536f9ec0ea50be8f07ecce3,1905.96,2023-01-18T19:05:00Z,781b634020f0ed703caf0bdac5b5b524549b7ee000bf36544286b4f7406827a4,2023-01-18T19:05:00Z,1905.25,1925.95,2023-02-01T00:00:00Z,2023-01-18T19:00:00Z,0.0,SHORT,0.36483609385783816,-50.0,M5_LATEST_CONFIRMED_OPPOSING_SWING_ELSE_CONTROL,2023-01-18T19:05:00Z,CONTROL_NEXT_M1_OPEN,1905.25,True,766223d2dd1fb2b2f699dd5c072159912fcb5008e759c8c2c794caf146fa1f4d,1.0222312599605465,0.5574603114551714,2023_01,-1.0,-1.0,STOP,2023-01-19T21:24:00Z,STOP,77bdcdfd2c624a35a50e31a5f01e2217b58d4ff7942b49e12fef972d4971910a,2023-01-19T09:51:00Z,FIRST_RETEST_FILLED,2023-01-18T19:20:00Z,2023-01-18T19:06:00Z,1905.96,True,False,INITIAL_CONFIRMATION_STOP,b755e5d0c2fea8073c6b0fff6c6a29fb1410a89890170b5f18f64b4941e42a64,8a48a745a0428504bc9c8f74052c3555e4f37b6b34ab08e462c7fe0c5d26e26c,1912.8021071428573,2.042142857142884,0.1021071428571442,,M5_LATEST_CONFIRMED_OPPOSING_SWING_ELSE_CONTROL,True,966c8dda9aeb462d37ab042dcc3551561a79583f106dd0526fbdd3e9ed46e1b7,2023-01-18T18:30:00Z,1912.7,1896.64,9643c3e32efce55979a441538485b523f01ab97811bb004763a0ccd28cda9e6f
fe92e721dfbd7beafd9c09ca68e5aed490ef43b99536f9ec0ea50be8f07ecce3,1905.96,2023-01-18T19:05:00Z,781b634020f0ed703caf0bdac5b5b524549b7ee000bf36544286b4f7406827a4,2023-01-18T19:05:00Z,1905.25,1925.95,2023-02-01T00:00:00Z,2023-01-18T19:00:00Z,0.0,SHORT,1.0,-50.0,CONTROL_V2_FILLED_STOP,2023-01-18T19:05:00Z,CONTROL_NEXT_M1_OPEN,1905.25,True,15197a6b65841639a2779fe7d709032655792c909cd74c1bfab28e2d235d267c,1.0173913043478213,0.2033816425120786,2023_01,-1.0,-1.0,STOP,2023-01-19T21:24:00Z,STOP,aabd6638863f8cd1b98d7d3791e20a9176328bc2ccdfb1043ff5f0736ffe5612,2023-01-19T21:24:00Z,FIRST_RETEST_FILLED,2023-01-18T19:20:00Z,2023-01-18T19:06:00Z,1905.96,True,False,INITIAL_CONFIRMATION_STOP,d09a6ea3fd067b9df5afe83f462de53fdcd2c4e193671f4dc76f4278fec752b6,8a48a745a0428504bc9c8f74052c3555e4f37b6b34ab08e462c7fe0c5d26e26c,1925.95,4.482857142857093,0.22414285714285467,NOT_STRICTLY_CLOSER_THAN_CONTROL,M15_LATEST_CONFIRMED_OPPOSING_SWING_ELSE_CONTROL,False,f463f074a2693b4683dcbe46d8d14bdf649167499dce5bfa6290e0488dda5859,2023-01-18T17:15:00Z,1925.95,1896.64,9643c3e32efce55979a441538485b523f01ab97811bb004763a0ccd28cda9e6f
fe92e721dfbd7beafd9c09ca68e5aed490ef43b99536f9ec0ea50be8f07ecce3,1905.96,2023-01-18T19:05:00Z,781b634020f0ed703caf0bdac5b5b524549b7ee000bf36544286b4f7406827a4,2023-01-18T19:05:00Z,1905.25,1925.95,2023-02-01T00:00:00Z,2023-01-18T19:00:00Z,0.0,SHORT,1.0,-50.0,CONTROL_V2_FILLED_STOP,2023-01-18T19:05:00Z,CONTROL_NEXT_M1_OPEN,1905.25,True,1a591ed0c2ae4b6735f8b70c08be662b09f3adfd8ec4dcd41058e0d9212663dd,1.0173913043478213,0.2033816425120786,2023_01,-1.0,-1.0,STOP,2023-01-19T21:24:00Z,STOP,70b1e3fc50ba0ffebb3c9fd95961eef4aea3f99b0fa843cc22bbe515c23341e7,2023-01-19T21:24:00Z,FIRST_RETEST_FILLED,2023-01-18T19:20:00Z,2023-01-18T19:06:00Z,1905.96,True,False,INITIAL_CONFIRMATION_STOP,65392649b7ecceb0b86043b01676c9361ce4e257b25c1488775cdca6d47d7ba0,8a48a745a0428504bc9c8f74052c3555e4f37b6b34ab08e462c7fe0c5d26e26c,1925.95,5.7114285714285575,0.28557142857142787,NOT_STRICTLY_CLOSER_THAN_CONTROL,H1_SOURCE_SWING_BUFFERED_ELSE_CONTROL,False,8a48a745a0428504bc9c8f74052c3555e4f37b6b34ab08e462c7fe0c5d26e26c,2023-01-18T19:00:00Z,1925.95,1896.64,9643c3e32efce55979a441538485b523f01ab97811bb004763a0ccd28cda9e6f
fe92e721dfbd7beafd9c09ca68e5aed490ef43b99536f9ec0ea50be8f07ecce3,1905.96,2023-01-18T19:05:00Z,781b634020f0ed703caf0bdac5b5b524549b7ee000bf36544286b4f7406827a4,2023-01-18T19:05:00Z,1905.25,1925.95,2023-02-01T00:00:00Z,2023-01-18T19:00:00Z,0.0,SHORT,1.0,-50.0,CONTROL_V2_FILLED_STOP,2023-01-18T19:06:00Z,M5_BROKEN_CONTROL_FIRST_RETEST,1905.96,True,9d8d4fe558ef93bbe72f74c5dca2bb3eb54bc19b5802e773409c81c7f14c6d83,1.018009004502246,0.2461230615307689,2023_01,-1.0,-1.0,STOP,2023-01-19T21:24:00Z,STOP,e9b5bbdf0ad51e368d2e8389e9b9c1b5ec166683d73c2195e08d00fed2dbc1e6,2023-01-19T21:24:00Z,FIRST_RETEST_FILLED,2023-01-18T19:20:00Z,2023-01-18T19:06:00Z,1905.96,True,True,INITIAL_CONFIRMATION_STOP,34da864b1fbc67cf8dc614b55c00be1eae1c6469bc694eda956f5e87b6e2b6b5,8a48a745a0428504bc9c8f74052c3555e4f37b6b34ab08e462c7fe0c5d26e26c,1925.95,,,,CONTROL_V2_FILLED_STOP,False,,2023-01-18T19:05:00Z,1925.95,1896.64,9643c3e32efce55979a441538485b523f01ab97811bb004763a0ccd28cda9e6f
fe92e721dfbd7beafd9c09ca68e5aed490ef43b99536f9ec0ea50be8f07ecce3,1905.96,2023-01-18T19:05:00Z,781b634020f0ed703caf0bdac5b5b524549b7ee000bf36544286b4f7406827a4,2023-01-18T19:05:00Z,1905.25,1925.95,2023-02-01T00:00:00Z,2023-01-18T19:00:00Z,0.0,SHORT,0.36483609385783816,-50.0,M5_LATEST_CONFIRMED_OPPOSING_SWING_ELSE_CONTROL,2023-01-18T19:06:00Z,M5_BROKEN_CONTROL_FIRST_RETEST,1905.96,True,766223d2dd1fb2b2f699dd5c072159912fcb5008e759c8c2c794caf146fa1f4d,1.0245381800719142,0.7190767255283735,2023_01,-1.0,-1.0,STOP,2023-01-19T21:24:00Z,STOP,65bf349554c68840b0a39df4514ed8a94aef2758910c3165855dd450bf0eb805,2023-01-19T09:51:00Z,FIRST_RETEST_FILLED,2023-01-18T19:20:00Z,2023-01-18T19:06:00Z,1905.96,True,True,INITIAL_CONFIRMATION_STOP,6d67a334de4f60269678f833f112cd0fa438e82e90218257555928c5c3ba4425,8a48a745a0428504bc9c8f74052c3555e4f37b6b34ab08e462c7fe0c5d26e26c,1912.8021071428573,2.042142857142884,0.1021071428571442,,M5_LATEST_CONFIRMED_OPPOSING_SWING_ELSE_CONTROL,True,966c8dda9aeb462d37ab042dcc3551561a79583f106dd0526fbdd3e9ed46e1b7,2023-01-18T18:30:00Z,1912.7,1896.64,9643c3e32efce55979a441538485b523f01ab97811bb004763a0ccd28cda9e6f
fe92e721dfbd7beafd9c09ca68e5aed490ef43b99536f9ec0ea50be8f07ecce3,1905.96,2023-01-18T19:05:00Z,781b634020f0ed703caf0bdac5b5b524549b7ee000bf36544286b4f7406827a4,2023-01-18T19:05:00Z,1905.25,1925.95,2023-02-01T00:00:00Z,2023-01-18T19:00:00Z,0.0,SHORT,1.0,-50.0,CONTROL_V2_FILLED_STOP,2023-01-18T19:06:00Z,M5_BROKEN_CONTROL_FIRST_RETEST,1905.96,True,15197a6b65841639a2779fe7d709032655792c909cd74c1bfab28e2d235d267c,1.018009004502246,0.2461230615307689,2023_01,-1.0,-1.0,STOP,2023-01-19T21:24:00Z,STOP,019a53a256385a188562aba7f54284bd7a60bf6e65fc8995a7f90f1dec911e1e,2023-01-19T21:24:00Z,FIRST_RETEST_FILLED,2023-01-18T19:20:00Z,2023-01-18T19:06:00Z,1905.96,True,True,INITIAL_CONFIRMATION_STOP,7ace062e64154eff852adfe5426f1e2d02ea0df5b2e2a6b4ca94c464ea5d4c76,8a48a745a0428504bc9c8f74052c3555e4f37b6b34ab08e462c7fe0c5d26e26c,1925.95,4.482857142857093,0.22414285714285467,NOT_STRICTLY_CLOSER_THAN_CONTROL,M15_LATEST_CONFIRMED_OPPOSING_SWING_ELSE_CONTROL,False,f463f074a2693b4683dcbe46d8d14bdf649167499dce5bfa6290e0488dda5859,2023-01-18T17:15:00Z,1925.95,1896.64,9643c3e32efce55979a441538485b523f01ab97811bb004763a0ccd28cda9e6f
fe92e721dfbd7beafd9c09ca68e5aed490ef43b99536f9ec0ea50be8f07ecce3,1905.96,2023-01-18T19:05:00Z,781b634020f0ed703caf0bdac5b5b524549b7ee000bf36544286b4f7406827a4,2023-01-18T19:05:00Z,1905.25,1925.95,2023-02-01T00:00:00Z,2023-01-18T19:00:00Z,0.0,SHORT,1.0,-50.0,CONTROL_V2_FILLED_STOP,2023-01-18T19:06:00Z,M5_BROKEN_CONTROL_FIRST_RETEST,1905.96,True,1a591ed0c2ae4b6735f8b70c08be662b09f3adfd8ec4dcd41058e0d9212663dd,1.018009004502246,0.2461230615307689,2023_01,-1.0,-1.0,STOP,2023-01-19T21:24:00Z,STOP,2041d075ee41d1d13fe5fdae87d02b89d9e7d83591bc3d3c5c5b0d206db1ccc2,2023-01-19T21:24:00Z,FIRST_RETEST_FILLED,2023-01-18T19:20:00Z,2023-01-18T19:06:00Z,1905.96,True,True,INITIAL_CONFIRMATION_STOP,9a66f71709afb75aab3942e30bff3ac5df94b1379dd0090a63841496535e5b81,8a48a745a0428504bc9c8f74052c3555e4f37b6b34ab08e462c7fe0c5d26e26c,1925.95,5.7114285714285575,0.28557142857142787,NOT_STRICTLY_CLOSER_THAN_CONTROL,H1_SOURCE_SWING_BUFFERED_ELSE_CONTROL,False,8a48a745a0428504bc9c8f74052c3555e4f37b6b34ab08e462c7fe0c5d26e26c,2023-01-18T19:00:00Z,1925.95,1896.64,9643c3e32efce55979a441538485b523f01ab97811bb004763a0ccd28cda9e6f
fe92e721dfbd7beafd9c09ca68e5aed490ef43b99536f9ec0ea50be8f07ecce3,1905.96,2023-01-18T19:05:00Z,781b634020f0ed703caf0bdac5b5b524549b7ee000bf36544286b4f7406827a4,2023-01-18T19:05:00Z,1905.25,1925.95,2023-02-01T00:00:00Z,2023-01-18T19:00:00Z,0.0,SHORT,1.0,-50.0,CONTROL_V2_FILLED_STOP,2023-01-18T19:05:00Z,CONFIRMED_25_75_RETEST_SPLIT,1905.25,True,9d8d4fe558ef93bbe72f74c5dca2bb3eb54bc19b5802e773409c81c7f14c6d83,1.01785457946364,0.23543770677609632,2023_01,-1.0,-1.0,STOP,2023-01-19T21:24:00Z,SPLIT_STOP_STOP,2383c618dd8d9e61f8f44b9475b8e49b23e27eead999c22331f99b25e9b78405,2023-01-19T21:24:00Z,FIRST_RETEST_FILLED,2023-01-18T19:20:00Z,2023-01-18T19:06:00Z,1905.96,True,True,INITIAL_CONFIRMATION_STOP,f6720bca74d86762785a96ed93af16a25ed2892c5926b11c5e97a801a654bded,8a48a745a0428504bc9c8f74052c3555e4f37b6b34ab08e462c7fe0c5d26e26c,1925.95,,,,CONTROL_V2_FILLED_STOP,False,,2023-01-18T19:05:00Z,1925.95,1896.64,9643c3e32efce55979a441538485b523f01ab97811bb004763a0ccd28cda9e6f
fe92e721dfbd7beafd9c09ca68e5aed490ef43b99536f9ec0ea50be8f07ecce3,1905.96,2023-01-18T19:05:00Z,781b634020f0ed703caf0bdac5b5b524549b7ee000bf36544286b4f7406827a4,2023-01-18T19:05:00Z,1905.25,1925.95,2023-02-01T00:00:00Z,2023-01-18T19:00:00Z,0.0,SHORT,0.36483609385783816,-50.0,M5_LATEST_CONFIRMED_OPPOSING_SWING_ELSE_CONTROL,2023-01-18T19:05:00Z,CONFIRMED_25_75_RETEST_SPLIT,1905.25,True,766223d2dd1fb2b2f699dd5c072159912fcb5008e759c8c2c794caf146fa1f4d,1.0239614500440721,0.678672622010073,2023_01,-1.0,-1.0,STOP,2023-01-19T21:24:00Z,SPLIT_STOP_STOP,b6fbb62f602a8e1942aaa539f52452a2f38b1a7e2ac94c3bdfb4b3d9501d2e41,2023-01-19T09:51:00Z,FIRST_RETEST_FILLED,2023-01-18T19:20:00Z,2023-01-18T19:06:00Z,1905.96,True,True,INITIAL_CONFIRMATION_STOP,66419e133abf1ab77c215943a3e6540ce694165662a2d4c50b4e80847fb3ea12,8a48a745a0428504bc9c8f74052c3555e4f37b6b34ab08e462c7fe0c5d26e26c,1912.8021071428573,2.042142857142884,0.1021071428571442,,M5_LATEST_CONFIRMED_OPPOSING_SWING_ELSE_CONTROL,True,966c8dda9aeb462d37ab042dcc3551561a79583f106dd0526fbdd3e9ed46e1b7,2023-01-18T18:30:00Z,1912.7,1896.64,9643c3e32efce55979a441538485b523f01ab97811bb004763a0ccd28cda9e6f
fe92e721dfbd7beafd9c09ca68e5aed490ef43b99536f9ec0ea50be8f07ecce3,1905.96,2023-01-18T19:05:00Z,781b634020f0ed703caf0bdac5b5b524549b7ee000bf36544286b4f7406827a4,2023-01-18T19:05:00Z,1905.25,1925.95,2023-02-01T00:00:00Z,2023-01-18T19:00:00Z,0.0,SHORT,1.0,-50.0,CONTROL_V2_FILLED_STOP,2023-01-18T19:05:00Z,CONFIRMED_25_75_RETEST_SPLIT,1905.25,True,15197a6b65841639a2779fe7d709032655792c909cd74c1bfab28e2d235d267c,1.01785457946364,0.23543770677609632,2023_01,-1.0,-1.0,STOP,2023-01-19T21:24:00Z,SPLIT_STOP_STOP,2881905225855f91e097d751d0e00dff20e8cacf3502c52fea93c73831ed3d6a,2023-01-19T21:24:00Z,FIRST_RETEST_FILLED,2023-01-18T19:20:00Z,2023-01-18T19:06:00Z,1905.96,True,True,INITIAL_CONFIRMATION_STOP,51d9cdfd565f68358bac21099b75da0fa872738af863a5be98a7b6c4b96bf0e8,8a48a745a0428504bc9c8f74052c3555e4f37b6b34ab08e462c7fe0c5d26e26c,1925.95,4.482857142857093,0.22414285714285467,NOT_STRICTLY_CLOSER_THAN_CONTROL,M15_LATEST_CONFIRMED_OPPOSING_SWING_ELSE_CONTROL,False,f463f074a2693b4683dcbe46d8d14bdf649167499dce5bfa6290e0488dda5859,2023-01-18T17:15:00Z,1925.95,1896.64,9643c3e32efce55979a441538485b523f01ab97811bb004763a0ccd28cda9e6f
fe92e721dfbd7beafd9c09ca68e5aed490ef43b99536f9ec0ea50be8f07ecce3,1905.96,2023-01-18T19:05:00Z,781b634020f0ed703caf0bdac5b5b524549b7ee000bf36544286b4f7406827a4,2023-01-18T19:05:00Z,1905.25,1925.95,2023-02-01T00:00:00Z,2023-01-18T19:00:00Z,0.0,SHORT,1.0,-50.0,CONTROL_V2_FILLED_STOP,2023-01-18T19:05:00Z,CONFIRMED_25_75_RETEST_SPLIT,1905.25,True,1a591ed0c2ae4b6735f8b70c08be662b09f3adfd8ec4dcd41058e0d9212663dd,1.01785457946364,0.23543770677609632,2023_01,-1.0,-1.0,STOP,2023-01-19T21:24:00Z,SPLIT_STOP_STOP,a92177c9c9731e8d77469d7918525060e9b5eb8b987371cf8778cc8cc5c95bc4,2023-01-19T21:24:00Z,FIRST_RETEST_FILLED,2023-01-18T19:20:00Z,2023-01-18T19:06:00Z,1905.96,True,True,INITIAL_CONFIRMATION_STOP,56add900a641fcb8947732d9a339e8a3f45aef5c7a9dc9b7bfbf479f1b100d2c,8a48a745a0428504bc9c8f74052c3555e4f37b6b34ab08e462c7fe0c5d26e26c,1925.95,5.7114285714285575,0.28557142857142787,NOT_STRICTLY_CLOSER_THAN_CONTROL,H1_SOURCE_SWING_BUFFERED_ELSE_CONTROL,False,8a48a745a0428504bc9c8f74052c3555e4f37b6b34ab08e462c7fe0c5d26e26c,2023-01-18T19:00:00Z,1925.95,1896.64,9643c3e32efce55979a441538485b523f01ab97811bb004763a0ccd28cda9e6f
c6cc09a146729f860752140531374311a1275262b812aacb0961c86be3a60162,1904.97,2023-01-19T01:25:00Z,3e090057771c42269e781bdd3746dd28d1826419744003e85985763279a710eb,2023-01-19T01:25:00Z,1905.1,1901.64,2023-02-01T00:00:00Z,2023-01-18T22:00:00Z,0.0,LONG,1.0,-50.0,CONTROL_V2_FILLED_STOP,2023-01-19T01:25:00Z,CONTROL_NEXT_M1_OPEN,1905.1,True,b9edd4d780342969a66080742bd3ec1c3d5919f523e2cfec33772049dd78f61f,1.0,1.289017341040544,2023_01,-1.0,-1.0,STOP,2023-01-19T03:24:00Z,STOP,4e8f5eccbbdecdc994e2716faccd2f4e77ae6d1b05a8936644444b4c66795d92,2023-01-19T03:24:00Z,RETEST_EXPIRED,2023-01-19T01:40:00Z,,1904.97,False,False,INITIAL_CONFIRMATION_STOP,faa61795e2a60dc06cdaa5667520e6e61dd996d1162d732f5adc8f9024b15027,4159e05a70075e24e7f949c978d52dd11cb48b961f2da374f2485d0b18c518ee,1901.64,,,,CONTROL_V2_FILLED_STOP,False,,2023-01-19T01:25:00Z,1901.64,1925.95,637a801bbdf536c7384739a37c5b146663a1099c388f316f784afd0af8bbacf3
c6cc09a146729f860752140531374311a1275262b812aacb0961c86be3a60162,1904.97,2023-01-19T01:25:00Z,3e090057771c42269e781bdd3746dd28d1826419744003e85985763279a710eb,2023-01-19T01:25:00Z,1905.1,1901.64,2023-02-01T00:00:00Z,2023-01-18T22:00:00Z,0.0,LONG,0.5206337737407515,-50.0,M5_LATEST_CONFIRMED_OPPOSING_SWING_ELSE_CONTROL,2023-01-19T01:25:00Z,CONTROL_NEXT_M1_OPEN,1905.1,True,ecd95a58f58824c036d429a630b9d2f61cb1d706daf7e86e15a579cd08f2621d,1.0880469477981984,2.4758619322349373,2023_01,-1.0,-1.0,STOP,2023-01-19T03:24:00Z,STOP,f175b2780ddcedd977bad32cfc4c431c09a32e4628cd36aa7caa73c8ac8120cb,2023-01-19T03:20:00Z,RETEST_EXPIRED,2023-01-19T01:40:00Z,,1904.97,False,False,INITIAL_CONFIRMATION_STOP,73d066b5be6318aa03b04a3d78d5db07ea8346718840bac5ca47a94d64c79df3,4159e05a70075e24e7f949c978d52dd11cb48b961f2da374f2485d0b18c518ee,1903.298607142857,0.6278571428571078,0.03139285714285539,,M5_LATEST_CONFIRMED_OPPOSING_SWING_ELSE_CONTROL,True,96cc59686dbf2899c98667074c148bf3700c0893512f5d89befe640d4d36f2a2,2023-01-19T01:20:00Z,1903.33,1925.95,637a801bbdf536c7384739a37c5b146663a1099c388f316f784afd0af8bbacf3
c6cc09a146729f860752140531374311a1275262b812aacb0961c86be3a60162,1904.97,2023-01-19T01:25:00Z,3e090057771c42269e781bdd3746dd28d1826419744003e85985763279a710eb,2023-01-19T01:25:00Z,1905.1,1901.64,2023-02-01T00:00:00Z,2023-01-18T22:00:00Z,0.0,LONG,0.8169900908340721,-50.0,M15_LATEST_CONFIRMED_OPPOSING_SWING_ELSE_CONTROL,2023-01-19T01:25:00Z,CONTROL_NEXT_M1_OPEN,1905.1,True,880a37e87eb87ac197a23241d98ee7924b0c9247d7b65c86290574d3284cc92f,1.1284902084648711,1.5777637397346829,2023_01,-1.0,-1.0,STOP,2023-01-19T03:24:00Z,STOP,209792012b43a16e696ef80a33127eed349aa4edefeeb9a1b98ce3a231b70b27,2023-01-19T03:22:00Z,RETEST_EXPIRED,2023-01-19T01:40:00Z,,1904.97,False,False,INITIAL_CONFIRMATION_STOP,38f6cbb9b2e613c3deb7a5e36bf4f54361f25b6384cc7a6b2cc7a5d14e913751,4159e05a70075e24e7f949c978d52dd11cb48b961f2da374f2485d0b18c518ee,1902.2732142857142,1.5357142857142694,0.07678571428571347,,M15_LATEST_CONFIRMED_OPPOSING_SWING_ELSE_CONTROL,True,4c1e1cb0757a5131716f1b39a8749c4e3b01f2e62595e4c985d7a177967e7ab2,2023-01-18T23:15:00Z,1902.35,1925.95,637a801bbdf536c7384739a37c5b146663a1099c388f316f784afd0af8bbacf3
c6cc09a146729f860752140531374311a1275262b812aacb0961c86be3a60162,1904.97,2023-01-19T01:25:00Z,3e090057771c42269e781bdd3746dd28d1826419744003e85985763279a710eb,2023-01-19T01:25:00Z,1905.1,1901.64,2023-02-01T00:00:00Z,2023-01-18T22:00:00Z,0.0,LONG,1.0,-50.0,CONTROL_V2_FILLED_STOP,2023-01-19T01:25:00Z,CONTROL_NEXT_M1_OPEN,1905.1,True,232c6d71655870153b6bfaa65a2fe7811def6a7c8b93cc494ca208ccb81ba111,1.0,1.289017341040544,2023_01,-1.0,-1.0,STOP,2023-01-19T03:24:00Z,STOP,e3658aeed0f3a1c5c22586e172e836ee65449f44bf7963851eca9cc0ad603daf,2023-01-19T03:24:00Z,RETEST_EXPIRED,2023-01-19T01:40:00Z,,1904.97,False,False,INITIAL_CONFIRMATION_STOP,d61572e929adac9f9f56d64408ce6d1f10b07cced78b8a2f8bc5db5db81c6a8d,4159e05a70075e24e7f949c978d52dd11cb48b961f2da374f2485d0b18c518ee,1901.64,5.429285714285681,0.2714642857142841,NOT_STRICTLY_CLOSER_THAN_CONTROL,H1_SOURCE_SWING_BUFFERED_ELSE_CONTROL,False,4159e05a70075e24e7f949c978d52dd11cb48b961f2da374f2485d0b18c518ee,2023-01-18T22:00:00Z,1901.64,1925.95,637a801bbdf536c7384739a37c5b146663a1099c388f316f784afd0af8bbacf3
c6cc09a146729f860752140531374311a1275262b812aacb0961c86be3a60162,1904.97,2023-01-19T01:25:00Z,3e090057771c42269e781bdd3746dd28d1826419744003e85985763279a710eb,2023-01-19T01:25:00Z,1905.1,1901.64,2023-02-01T00:00:00Z,2023-01-18T22:00:00Z,1.0,LONG,1.0,0.0,CONTROL_V2_FILLED_STOP,,M5_BROKEN_CONTROL_FIRST_RETEST,,False,b9edd4d780342969a66080742bd3ec1c3d5919f523e2cfec33772049dd78f61f,,,2023_01,0.0,-1.0,STOP,2023-01-19T03:24:00Z,NO_FILL,4b33e48c6c9aa6a4c54821ac4f731175cc0791e0dde3527689e92eab1e32ba95,,RETEST_EXPIRED,2023-01-19T01:40:00Z,,1904.97,False,False,INITIAL_CONFIRMATION_STOP,84725233ac615f6c1de5d3f00d765480feb8f95ec93856c8e3f60d209f88f4d2,4159e05a70075e24e7f949c978d52dd11cb48b961f2da374f2485d0b18c518ee,1901.64,,,,CONTROL_V2_FILLED_STOP,False,,2023-01-19T01:25:00Z,1901.64,1925.95,637a801bbdf536c7384739a37c5b146663a1099c388f316f784afd0af8bbacf3
c6cc09a146729f860752140531374311a1275262b812aacb0961c86be3a60162,1904.97,2023-01-19T01:25:00Z,3e090057771c42269e781bdd3746dd28d1826419744003e85985763279a710eb,2023-01-19T01:25:00Z,1905.1,1901.64,2023-02-01T00:00:00Z,2023-01-18T22:00:00Z,1.0,LONG,0.5206337737407515,0.0,M5_LATEST_CONFIRMED_OPPOSING_SWING_ELSE_CONTROL,,M5_BROKEN_CONTROL_FIRST_RETEST,,False,ecd95a58f58824c036d429a630b9d2f61cb1d706daf7e86e15a579cd08f2621d,,,2023_01,0.0,-1.0,STOP,2023-01-19T03:24:00Z,NO_FILL,e0897c32d89eb5064232d28affb3f8219680de7f74a4d649b5dfd3c0b75b9669,,RETEST_EXPIRED,2023-01-19T01:40:00Z,,1904.97,False,False,INITIAL_CONFIRMATION_STOP,ca324d2105e5bc2f934cba2f63b1a33fbb5d87466573fec0bd38dbbfbb959306,4159e05a70075e24e7f949c978d52dd11cb48b961f2da374f2485d0b18c518ee,1903.298607142857,0.6278571428571078,0.03139285714285539,,M5_LATEST_CONFIRMED_OPPOSING_SWING_ELSE_CONTROL,True,96cc59686dbf2899c98667074c148bf3700c0893512f5d89befe640d4d36f2a2,2023-01-19T01:20:00Z,1903.33,1925.95,637a801bbdf536c7384739a37c5b146663a1099c388f316f784afd0af8bbacf3
c6cc09a146729f860752140531374311a1275262b812aacb0961c86be3a60162,1904.97,2023-01-19T01:25:00Z,3e090057771c42269e781bdd3746dd28d1826419744003e85985763279a710eb,2023-01-19T01:25:00Z,1905.1,1901.64,2023-02-01T00:00:00Z,2023-01-18T22:00:00Z,1.0,LONG,0.8169900908340721,0.0,M15_LATEST_CONFIRMED_OPPOSING_SWING_ELSE_CONTROL,,M5_BROKEN_CONTROL_FIRST_RETEST,,False,880a37e87eb87ac197a23241d98ee7924b0c9247d7b65c86290574d3284cc92f,,,2023_01,0.0,-1.0,STOP,2023-01-19T03:24:00Z,NO_FILL,628037be7e11796416e3a8afb89e7f79bd516c1efa7f3f242d65537e0d41cbdf,,RETEST_EXPIRED,2023-01-19T01:40:00Z,,1904.97,False,False,INITIAL_CONFIRMATION_STOP,a449d55acf628c24c78b4ad7c6537885e933672d95a599dbf26fa17ad987799f,4159e05a70075e24e7f949c978d52dd11cb48b961f2da374f2485d0b18c518ee,1902.2732142857142,1.5357142857142694,0.07678571428571347,,M15_LATEST_CONFIRMED_OPPOSING_SWING_ELSE_CONTROL,True,4c1e1cb0757a5131716f1b39a8749c4e3b01f2e62595e4c985d7a177967e7ab2,2023-01-18T23:15:00Z,1902.35,1925.95,637a801bbdf536c7384739a37c5b146663a1099c388f316f784afd0af8bbacf3
c6cc09a146729f860752140531374311a1275262b812aacb0961c86be3a60162,1904.97,2023-01-19T01:25:00Z,3e090057771c42269e781bdd3746dd28d1826419744003e85985763279a710eb,2023-01-19T01:25:00Z,1905.1,1901.64,2023-02-01T00:00:00Z,2023-01-18T22:00:00Z,1.0,LONG,1.0,0.0,CONTROL_V2_FILLED_STOP,,M5_BROKEN_CONTROL_FIRST_RETEST,,False,232c6d71655870153b6bfaa65a2fe7811def6a7c8b93cc494ca208ccb81ba111,,,2023_01,0.0,-1.0,STOP,2023-01-19T03:24:00Z,NO_FILL,a95a9508b9987193bc6dda1e43ca2fb16a48eac444d4c461cc457277d36d1e46,,RETEST_EXPIRED,2023-01-19T01:40:00Z,,1904.97,False,False,INITIAL_CONFIRMATION_STOP,f265c5f356b57c61a195786467dc73b415d46e84adfe2bee8a4ff3c66a64cb86,4159e05a70075e24e7f949c978d52dd11cb48b961f2da374f2485d0b18c518ee,1901.64,5.429285714285681,0.2714642857142841,NOT_STRICTLY_CLOSER_THAN_CONTROL,H1_SOURCE_SWING_BUFFERED_ELSE_CONTROL,False,4159e05a70075e24e7f949c978d52dd11cb48b961f2da374f2485d0b18c518ee,2023-01-18T22:00:00Z,1901.64,1925.95,637a801bbdf536c7384739a37c5b146663a1099c388f316f784afd0af8bbacf3
c6cc09a146729f860752140531374311a1275262b812aacb0961c86be3a60162,1904.97,2023-01-19T01:25:00Z,3e090057771c42269e781bdd3746dd28d1826419744003e85985763279a710eb,2023-01-19T01:25:00Z,1905.1,1901.64,2023-02-01T00:00:00Z,2023-01-18T22:00:00Z,0.75,LONG,1.0,-12.5,CONTROL_V2_FILLED_STOP,2023-01-19T01:25:00Z,CONFIRMED_25_75_RETEST_SPLIT,1905.1,True,b9edd4d780342969a66080742bd3ec1c3d5919f523e2cfec33772049dd78f61f,0.25,0.322254335260136,2023_01,-0.25,-1.0,STOP,2023-01-19T03:24:00Z,SPLIT_CONTROL_STOP_NO_RETEST,f118bf25a9c4555e220bf109f4b35c4d3b145e5ed49bbd1672c093b32554790d,2023-01-19T03:24:00Z,RETEST_EXPIRED,2023-01-19T01:40:00Z,,1904.97,False,False,INITIAL_CONFIRMATION_STOP,00f04b81d91ec320ba9053d71b2eda5ab948dc96a058526128a8b0c1e6e7b58e,4159e05a70075e24e7f949c978d52dd11cb48b961f2da374f2485d0b18c518ee,1901.64,,,,CONTROL_V2_FILLED_STOP,False,,2023-01-19T01:25:00Z,1901.64,1925.95,637a801bbdf536c7384739a37c5b146663a1099c388f316f784afd0af8bbacf3
c6cc09a146729f860752140531374311a1275262b812aacb0961c86be3a60162,1904.97,2023-01-19T01:25:00Z,3e090057771c42269e781bdd3746dd28d1826419744003e85985763279a710eb,2023-01-19T01:25:00Z,1905.1,1901.64,2023-02-01T00:00:00Z,2023-01-18T22:00:00Z,0.75,LONG,0.5206337737407515,-12.5,M5_LATEST_CONFIRMED_OPPOSING_SWING_ELSE_CONTROL,2023-01-19T01:25:00Z,CONFIRMED_25_75_RETEST_SPLIT,1905.1,True,ecd95a58f58824c036d429a630b9d2f61cb1d706daf7e86e15a579cd08f2621d,0.2720117369495496,0.6189654830587343,2023_01,-0.25,-1.0,STOP,2023-01-19T03:24:00Z,SPLIT_CONTROL_STOP_NO_RETEST,4a0b146911d3d6a1dc96aa7c3893fed0885b288e57b4c2fc429c02b84a7e7444,2023-01-19T03:20:00Z,RETEST_EXPIRED,2023-01-19T01:40:00Z,,1904.97,False,False,INITIAL_CONFIRMATION_STOP,23a90eb7ed963e5e0d6a73a9e25ef0018fae0d9c79e5c8976ca96687a297fb5b,4159e05a70075e24e7f949c978d52dd11cb48b961f2da374f2485d0b18c518ee,1903.298607142857,0.6278571428571078,0.03139285714285539,,M5_LATEST_CONFIRMED_OPPOSING_SWING_ELSE_CONTROL,True,96cc59686dbf2899c98667074c148bf3700c0893512f5d89befe640d4d36f2a2,2023-01-19T01:20:00Z,1903.33,1925.95,637a801bbdf536c7384739a37c5b146663a1099c388f316f784afd0af8bbacf3
c6cc09a146729f860752140531374311a1275262b812aacb0961c86be3a60162,1904.97,2023-01-19T01:25:00Z,3e090057771c42269e781bdd3746dd28d1826419744003e85985763279a710eb,2023-01-19T01:25:00Z,1905.1,1901.64,2023-02-01T00:00:00Z,2023-01-18T22:00:00Z,0.75,LONG,0.8169900908340721,-12.5,M15_LATEST_CONFIRMED_OPPOSING_SWING_ELSE_CONTROL,2023-01-19T01:25:00Z,CONFIRMED_25_75_RETEST_SPLIT,1905.1,True,880a37e87eb87ac197a23241d98ee7924b0c9247d7b65c86290574d3284cc92f,0.2821225521162178,0.3944409349336707,2023_01,-0.25,-1.0,STOP,2023-01-19T03:24:00Z,SPLIT_CONTROL_STOP_NO_RETEST,9478d24e80d80fcc6001427f7019525d6563d098096bea1b9b5fef008e84d455,2023-01-19T03:22:00Z,RETEST_EXPIRED,2023-01-19T01:40:00Z,,1904.97,False,False,INITIAL_CONFIRMATION_STOP,ad34dcd17b4b68d1e267eab8c8bd91c4aa56e9b7f0e4d88d13216416fabdeef2,4159e05a70075e24e7f949c978d52dd11cb48b961f2da374f2485d0b18c518ee,1902.2732142857142,1.5357142857142694,0.07678571428571347,,M15_LATEST_CONFIRMED_OPPOSING_SWING_ELSE_CONTROL,True,4c1e1cb0757a5131716f1b39a8749c4e3b01f2e62595e4c985d7a177967e7ab2,2023-01-18T23:15:00Z,1902.35,1925.95,637a801bbdf536c7384739a37c5b146663a1099c388f316f784afd0af8bbacf3
c6cc09a146729f860752140531374311a1275262b812aacb0961c86be3a60162,1904.97,2023-01-19T01:25:00Z,3e090057771c42269e781bdd3746dd28d1826419744003e85985763279a710eb,2023-01-19T01:25:00Z,1905.1,1901.64,2023-02-01T00:00:00Z,2023-01-18T22:00:00Z,0.75,LONG,1.0,-12.5,CONTROL_V2_FILLED_STOP,2023-01-19T01:25:00Z,CONFIRMED_25_75_RETEST_SPLIT,1905.1,True,232c6d71655870153b6bfaa65a2fe7811def6a7c8b93cc494ca208ccb81ba111,0.25,0.322254335260136,2023_01,-0.25,-1.0,STOP,2023-01-19T03:24:00Z,SPLIT_CONTROL_STOP_NO_RETEST,886e7bd5485f722deaf2a4389203a21d633ae024272fd4797936b3347ad56f1f,2023-01-19T03:24:00Z,RETEST_EXPIRED,2023-01-19T01:40:00Z,,1904.97,False,False,INITIAL_CONFIRMATION_STOP,e264bdfd87ad5192ab3783c11d848fceb4cdc6792fc3052256d08bb322d4cfb4,4159e05a70075e24e7f949c978d52dd11cb48b961f2da374f2485d0b18c518ee,1901.64,5.429285714285681,0.2714642857142841,NOT_STRICTLY_CLOSER_THAN_CONTROL,H1_SOURCE_SWING_BUFFERED_ELSE_CONTROL,False,4159e05a70075e24e7f949c978d52dd11cb48b961f2da374f2485d0b18c518ee,2023-01-18T22:00:00Z,1901.64,1925.95,637a801bbdf536c7384739a37c5b146663a1099c388f316f784afd0af8bbacf3
47e18f985e3a918bb7c25922eb273aab4924ce0283fed3cde4c076a80db6f459,1913.21,2023-01-19T16:05:00Z,b3c7540e57effae4c28b6259df4319e6c0aee37503733aab3dc38126d4f13046,2023-01-19T16:05:00Z,1913.61,1906.7,2023-02-01T00:00:00Z,2023-01-19T16:00:00Z,0.0,LONG,1.0,22.8654124457319,CONTROL_V2_FILLED_STOP,2023-01-19T16:05:00Z,CONTROL_NEXT_M1_OPEN,1913.61,True,0385ff3645bbc0abf11325cbb513a70bfce4b595fe5bc58be40d56073a69644c,0.011577424023144562,0.4616497829233172,2023_01,0.45730824891463795,0.45730824891463795,TARGET,2023-01-19T16:18:00Z,TARGET,3ff462b83ad957f72dbb4e014b832015e440eaf673acd54d79f18d8db9092d4d,2023-01-19T16:18:00Z,TARGET_BEFORE_RETEST,2023-01-19T16:20:00Z,,1913.21,False,False,INITIAL_CONFIRMATION_TARGET,a1fc7c16034a6a5a0eecb6a9b14067d5baa312fba562a1f69316aa31bfb3766d,996f65452fe3232ef4d70e1a54aedbcce7b6b570238c3a65dd00dc38fa6dd166,1906.7,,,,CONTROL_V2_FILLED_STOP,False,,2023-01-19T16:05:00Z,1906.7,1916.77,21fb3f00f6311caa693abbc9d0e02f4bb2651a81c6bfabb1b3e3ec15b0d80759
47e18f985e3a918bb7c25922eb273aab4924ce0283fed3cde4c076a80db6f459,1913.21,2023-01-19T16:05:00Z,b3c7540e57effae4c28b6259df4319e6c0aee37503733aab3dc38126d4f13046,2023-01-19T16:05:00Z,1913.61,1906.7,2023-02-01T00:00:00Z,2023-01-19T16:00:00Z,0.21759125604721397,LONG,0.677594583419478,33.744975248092594,M5_LATEST_CONFIRMED_OPPOSING_SWING_ELSE_CONTROL,2023-01-19T16:05:00Z,CONTROL_NEXT_M1_OPEN,1913.61,True,b4dcac67b35d423621b0c6ab4645f5d7dd17ebbe04cd8f9e730108f84e248efb,0.017086063416739763,0.6813067787431294,2023_01,0.6748995049618519,0.45730824891463795,TARGET,2023-01-19T16:18:00Z,TARGET,63bb9f5d49db3831f01c78508f63c66d687a35048319b0ac497f594fab3fe99e,2023-01-19T16:18:00Z,TARGET_BEFORE_RETEST,2023-01-19T16:20:00Z,,1913.21,False,False,INITIAL_CONFIRMATION_TARGET,d99a69cf56315f78ea1f2dff9238322e2ac4d5e0c7e245f1262134a846b21aac,996f65452fe3232ef4d70e1a54aedbcce7b6b570238c3a65dd00dc38fa6dd166,1908.9278214285714,2.243571428571467,0.11217857142857335,,M5_LATEST_CONFIRMED_OPPOSING_SWING_ELSE_CONTROL,True,87ed04f2cb071d109971e6026e4d495349760ddc98e6db25414ad0c015954b67,2023-01-19T16:05:00Z,1909.04,1916.77,21fb3f00f6311caa693abbc9d0e02f4bb2651a81c6bfabb1b3e3ec15b0d80759
47e18f985e3a918bb7c25922eb273aab4924ce0283fed3cde4c076a80db6f459,1913.21,2023-01-19T16:05:00Z,b3c7540e57effae4c28b6259df4319e6c0aee37503733aab3dc38126d4f13046,2023-01-19T16:05:00Z,1913.61,1906.7,2023-02-01T00:00:00Z,2023-01-19T16:00:00Z,0.0007670891540788594,LONG,0.9983254083109714,22.90376690343584,M15_LATEST_CONFIRMED_OPPOSING_SWING_ELSE_CONTROL,2023-01-19T16:05:00Z,CONTROL_NEXT_M1_OPEN,1913.61,True,465dea2d8b67bc0898932deae13926eb4d7c8a86fd9b54a674575f5eea41b132,0.011596844001728819,0.46242415456936514,2023_01,0.4580753380687168,0.45730824891463795,TARGET,2023-01-19T16:18:00Z,TARGET,c6548965094511808a766649a0ea112aa44fd5ffad37537808e082541c7a2622,2023-01-19T16:18:00Z,TARGET_BEFORE_RETEST,2023-01-19T16:20:00Z,,1913.21,False,False,INITIAL_CONFIRMATION_TARGET,ea6ebfca4fbc85939be29fd04d3ad62e139b82b411ae73c10a446bd231f36956,996f65452fe3232ef4d70e1a54aedbcce7b6b570238c3a65dd00dc38fa6dd166,1906.7115714285712,2.768571428571493,0.13842857142857465,,M15_LATEST_CONFIRMED_OPPOSING_SWING_ELSE_CONTROL,True,b338774a34823bdbb64ee6cd664f3f5387f8f469cb7ae47b838c5dedb25c77ff,2023-01-19T15:45:00Z,1906.85,1916.77,21fb3f00f6311caa693abbc9d0e02f4bb2651a81c6bfabb1b3e3ec15b0d80759
47e18f985e3a918bb7c25922eb273aab4924ce0283fed3cde4c076a80db6f459,1913.21,2023-01-19T16:05:00Z,b3c7540e57effae4c28b6259df4319e6c0aee37503733aab3dc38126d4f13046,2023-01-19T16:05:00Z,1913.61,1906.7,2023-02-01T00:00:00Z,2023-01-19T16:00:00Z,0.0,LONG,1.0,22.8654124457319,CONTROL_V2_FILLED_STOP,2023-01-19T16:05:00Z,CONTROL_NEXT_M1_OPEN,1913.61,True,2fd1dfd13d454df14f8f0b53212cf876221b95cc66939e88776a5bb084261c28,0.011577424023144562,0.4616497829233172,2023_01,0.45730824891463795,0.45730824891463795,TARGET,2023-01-19T16:18:00Z,TARGET,c04a59a4d74dc11ac332e439e96d976e1febee9a976d41fc048f475320f67a1d,2023-01-19T16:18:00Z,TARGET_BEFORE_RETEST,2023-01-19T16:20:00Z,,1913.21,False,False,INITIAL_CONFIRMATION_TARGET,155b663380b18535da4695164af1157c01ff2d49abb36f772076348e5c4ad6c4,996f65452fe3232ef4d70e1a54aedbcce7b6b570238c3a65dd00dc38fa6dd166,1906.7,4.584285714285719,0.22921428571428595,NOT_STRICTLY_CLOSER_THAN_CONTROL,H1_SOURCE_SWING_BUFFERED_ELSE_CONTROL,False,996f65452fe3232ef4d70e1a54aedbcce7b6b570238c3a65dd00dc38fa6dd166,2023-01-19T16:00:00Z,1906.7,1916.77,21fb3f00f6311caa693abbc9d0e02f4bb2651a81c6bfabb1b3e3ec15b0d80759
47e18f985e3a918bb7c25922eb273aab4924ce0283fed3cde4c076a80db6f459,1913.21,2023-01-19T16:05:00Z,b3c7540e57effae4c28b6259df4319e6c0aee37503733aab3dc38126d4f13046,2023-01-19T16:05:00Z,1913.61,1906.7,2023-02-01T00:00:00Z,2023-01-19T16:00:00Z,-0.45730824891463795,LONG,1.0,0.0,CONTROL_V2_FILLED_STOP,,M5_BROKEN_CONTROL_FIRST_RETEST,,False,0385ff3645bbc0abf11325cbb513a70bfce4b595fe5bc58be40d56073a69644c,,,2023_01,0.0,0.45730824891463795,TARGET,2023-01-19T16:18:00Z,NO_FILL,4d92b6d77fade0c80a64d6e84a94ca47110f64ab870306aca1e9655946af8a01,,TARGET_BEFORE_RETEST,2023-01-19T16:20:00Z,,1913.21,False,False,INITIAL_CONFIRMATION_TARGET,cdab1c161b3049ac4c9b270c37d487d419560a0b52eae48a46e64fd6aee1f963,996f65452fe3232ef4d70e1a54aedbcce7b6b570238c3a65dd00dc38fa6dd166,1906.7,,,,CONTROL_V2_FILLED_STOP,False,,2023-01-19T16:05:00Z,1906.7,1916.77,21fb3f00f6311caa693abbc9d0e02f4bb2651a81c6bfabb1b3e3ec15b0d80759
47e18f985e3a918bb7c25922eb273aab4924ce0283fed3cde4c076a80db6f459,1913.21,2023-01-19T16:05:00Z,b3c7540e57effae4c28b6259df4319e6c0aee37503733aab3dc38126d4f13046,2023-01-19T16:05:00Z,1913.61,1906.7,2023-02-01T00:00:00Z,2023-01-19T16:00:00Z,-0.45730824891463795,LONG,0.677594583419478,0.0,M5_LATEST_CONFIRMED_OPPOSING_SWING_ELSE_CONTROL,,M5_BROKEN_CONTROL_FIRST_RETEST,,False,b4dcac67b35d423621b0c6ab4645f5d7dd17ebbe04cd8f9e730108f84e248efb,,,2023_01,0.0,0.45730824891463795,TARGET,2023-01-19T16:18:00Z,NO_FILL,8918b61db3cb0e4210043d9e9c3048d7ddfbe11bb79eb1e717e1f4bc51021379,,TARGET_BEFORE_RETEST,2023-01-19T16:20:00Z,,1913.21,False,False,INITIAL_CONFIRMATION_TARGET,8a92b90806a044d2163be9e45e6af2b80f30651a8fda33256a761ea19586b734,996f65452fe3232ef4d70e1a54aedbcce7b6b570238c3a65dd00dc38fa6dd166,1908.9278214285714,2.243571428571467,0.11217857142857335,,M5_LATEST_CONFIRMED_OPPOSING_SWING_ELSE_CONTROL,True,87ed04f2cb071d109971e6026e4d495349760ddc98e6db25414ad0c015954b67,2023-01-19T16:05:00Z,1909.04,1916.77,21fb3f00f6311caa693abbc9d0e02f4bb2651a81c6bfabb1b3e3ec15b0d80759
47e18f985e3a918bb7c25922eb273aab4924ce0283fed3cde4c076a80db6f459,1913.21,2023-01-19T16:05:00Z,b3c7540e57effae4c28b6259df4319e6c0aee37503733aab3dc38126d4f13046,2023-01-19T16:05:00Z,1913.61,1906.7,2023-02-01T00:00:00Z,2023-01-19T16:00:00Z,-0.45730824891463795,LONG,0.9983254083109714,0.0,M15_LATEST_CONFIRMED_OPPOSING_SWING_ELSE_CONTROL,,M5_BROKEN_CONTROL_FIRST_RETEST,,False,465dea2d8b67bc0898932deae13926eb4d7c8a86fd9b54a674575f5eea41b132,,,2023_01,0.0,0.45730824891463795,TARGET,2023-01-19T16:18:00Z,NO_FILL,f9531453d06c34dfac1b31ad67b552ab27ba5ff9df06de5836fd2631c1724a5e,,TARGET_BEFORE_RETEST,2023-01-19T16:20:00Z,,1913.21,False,False,INITIAL_CONFIRMATION_TARGET,1532af61cc7ae0419477ef0db3d863ec675e8c6dd276de525fbf56cbb1421fac,996f65452fe3232ef4d70e1a54aedbcce7b6b570238c3a65dd00dc38fa6dd166,1906.7115714285712,2.768571428571493,0.13842857142857465,,M15_LATEST_CONFIRMED_OPPOSING_SWING_ELSE_CONTROL,True,b338774a34823bdbb64ee6cd664f3f5387f8f469cb7ae47b838c5dedb25c77ff,2023-01-19T15:45:00Z,1906.85,1916.77,21fb3f00f6311caa693abbc9d0e02f4bb2651a81c6bfabb1b3e3ec15b0d80759
47e18f985e3a918bb7c25922eb273aab4924ce0283fed3cde4c076a80db6f459,1913.21,2023-01-19T16:05:00Z,b3c7540e57effae4c28b6259df4319e6c0aee37503733aab3dc38126d4f13046,2023-01-19T16:05:00Z,1913.61,1906.7,2023-02-01T00:00:00Z,2023-01-19T16:00:00Z,-0.45730824891463795,LONG,1.0,0.0,CONTROL_V2_FILLED_STOP,,M5_BROKEN_CONTROL_FIRST_RETEST,,False,2fd1dfd13d454df14f8f0b53212cf876221b95cc66939e88776a5bb084261c28,,,2023_01,0.0,0.45730824891463795,TARGET,2023-01-19T16:18:00Z,NO_FILL,c840b9bc43ff2f0f7ecc4c468d1b91a7270ae91be05c8910a247cd6b47655add,,TARGET_BEFORE_RETEST,2023-01-19T16:20:00Z,,1913.21,False,False,INITIAL_CONFIRMATION_TARGET,b985e1fb8575ebffa94a3896a1fc0072f7f2fc323c764316820c2ab5983d75e6,996f65452fe3232ef4d70e1a54aedbcce7b6b570238c3a65dd00dc38fa6dd166,1906.7,4.584285714285719,0.22921428571428595,NOT_STRICTLY_CLOSER_THAN_CONTROL,H1_SOURCE_SWING_BUFFERED_ELSE_CONTROL,False,996f65452fe3232ef4d70e1a54aedbcce7b6b570238c3a65dd00dc38fa6dd166,2023-01-19T16:00:00Z,1906.7,1916.77,21fb3f00f6311caa693abbc9d0e02f4bb2651a81c6bfabb1b3e3ec15b0d80759
47e18f985e3a918bb7c25922eb273aab4924ce0283fed3cde4c076a80db6f459,1913.21,2023-01-19T16:05:00Z,b3c7540e57effae4c28b6259df4319e6c0aee37503733aab3dc38126d4f13046,2023-01-19T16:05:00Z,1913.61,1906.7,2023-02-01T00:00:00Z,2023-01-19T16:00:00Z,-0.34298118668597843,LONG,1.0,5.716353111432975,CONTROL_V2_FILLED_STOP,2023-01-19T16:05:00Z,CONFIRMED_25_75_RETEST_SPLIT,1913.61,True,0385ff3645bbc0abf11325cbb513a70bfce4b595fe5bc58be40d56073a69644c,0.0028943560057861405,0.1154124457308293,2023_01,0.11432706222865949,0.45730824891463795,TARGET,2023-01-19T16:18:00Z,SPLIT_CONTROL_TARGET_NO_RETEST,88ceb3bccae0c387c15ded623a5d72ca38408172076c81cd678a72d22bc9f0ec,2023-01-19T16:18:00Z,TARGET_BEFORE_RETEST,2023-01-19T16:20:00Z,,1913.21,False,False,INITIAL_CONFIRMATION_TARGET,8dd95e33af51c434a29d86bf834acad8c3947f63a6cf801771d55cea664f935e,996f65452fe3232ef4d70e1a54aedbcce7b6b570238c3a65dd00dc38fa6dd166,1906.7,,,,CONTROL_V2_FILLED_STOP,False,,2023-01-19T16:05:00Z,1906.7,1916.77,21fb3f00f6311caa693abbc9d0e02f4bb2651a81c6bfabb1b3e3ec15b0d80759
47e18f985e3a918bb7c25922eb273aab4924ce0283fed3cde4c076a80db6f459,1913.21,2023-01-19T16:05:00Z,b3c7540e57effae4c28b6259df4319e6c0aee37503733aab3dc38126d4f13046,2023-01-19T16:05:00Z,1913.61,1906.7,2023-02-01T00:00:00Z,2023-01-19T16:00:00Z,-0.288583372674175,LONG,0.677594583419478,8.436243812023148,M5_LATEST_CONFIRMED_OPPOSING_SWING_ELSE_CONTROL,2023-01-19T16:05:00Z,CONFIRMED_25_75_RETEST_SPLIT,1913.61,True,b4dcac67b35d423621b0c6ab4645f5d7dd17ebbe04cd8f9e730108f84e248efb,0.004271515854184941,0.17032669468578235,2023_01,0.16872487624046298,0.45730824891463795,TARGET,2023-01-19T16:18:00Z,SPLIT_CONTROL_TARGET_NO_RETEST,3966cd62f93f911b3c86f05263278c1479a42ee1fb93ce1668eb702d5b1dd7b6,2023-01-19T16:18:00Z,TARGET_BEFORE_RETEST,2023-01-19T16:20:00Z,,1913.21,False,False,INITIAL_CONFIRMATION_TARGET,f5324c75c019f0108e6fb1f1bf8b50918e9fad859780b751b2d54f6680a51481,996f65452fe3232ef4d70e1a54aedbcce7b6b570238c3a65dd00dc38fa6dd166,1908.9278214285714,2.243571428571467,0.11217857142857335,,M5_LATEST_CONFIRMED_OPPOSING_SWING_ELSE_CONTROL,True,87ed04f2cb071d109971e6026e4d495349760ddc98e6db25414ad0c015954b67,2023-01-19T16:05:00Z,1909.04,1916.77,21fb3f00f6311caa693abbc9d0e02f4bb2651a81c6bfabb1b3e3ec15b0d80759
47e18f985e3a918bb7c25922eb273aab4924ce0283fed3cde4c076a80db6f459,1913.21,2023-01-19T16:05:00Z,b3c7540e57effae4c28b6259df4319e6c0aee37503733aab3dc38126d4f13046,2023-01-19T16:05:00Z,1913.61,1906.7,2023-02-01T00:00:00Z,2023-01-19T16:00:00Z,-0.34278941439745875,LONG,0.9983254083109714,5.72594172585896,M15_LATEST_CONFIRMED_OPPOSING_SWING_ELSE_CONTROL,2023-01-19T16:05:00Z,CONFIRMED_25_75_RETEST_SPLIT,1913.61,True,465dea2d8b67bc0898932deae13926eb4d7c8a86fd9b54a674575f5eea41b132,0.0028992110004322047,0.11560603864234129,2023_01,0.1145188345171792,0.45730824891463795,TARGET,2023-01-19T16:18:00Z,SPLIT_CONTROL_TARGET_NO_RETEST,e3c203eae61eba77c424376df6eb86908d2a85ffd06516b21f9ba7e4addbe561,2023-01-19T16:18:00Z,TARGET_BEFORE_RETEST,2023-01-19T16:20:00Z,,1913.21,False,False,INITIAL_CONFIRMATION_TARGET,87177f70d1dda5124a21fcf1276a9e97847193f0282b65be025d9715aeed4f04,996f65452fe3232ef4d70e1a54aedbcce7b6b570238c3a65dd00dc38fa6dd166,1906.7115714285712,2.768571428571493,0.13842857142857465,,M15_LATEST_CONFIRMED_OPPOSING_SWING_ELSE_CONTROL,True,b338774a34823bdbb64ee6cd664f3f5387f8f469cb7ae47b838c5dedb25c77ff,2023-01-19T15:45:00Z,1906.85,1916.77,21fb3f00f6311caa693abbc9d0e02f4bb2651a81c6bfabb1b3e3ec15b0d80759
47e18f985e3a918bb7c25922eb273aab4924ce0283fed3cde4c076a80db6f459,1913.21,2023-01-19T16:05:00Z,b3c7540e57effae4c28b6259df4319e6c0aee37503733aab3dc38126d4f13046,2023-01-19T16:05:00Z,1913.61,1906.7,2023-02-01T00:00:00Z,2023-01-19T16:00:00Z,-0.34298118668597843,LONG,1.0,5.716353111432975,CONTROL_V2_FILLED_STOP,2023-01-19T16:05:00Z,CONFIRMED_25_75_RETEST_SPLIT,1913.61,True,2fd1dfd13d454df14f8f0b53212cf876221b95cc66939e88776a5bb084261c28,0.0028943560057861405,0.1154124457308293,2023_01,0.11432706222865949,0.45730824891463795,TARGET,2023-01-19T16:18:00Z,SPLIT_CONTROL_TARGET_NO_RETEST,6ecbcbe01ee80bac69362e45b2e93b30e3caa4ca3f333cf18166138cbca2a900,2023-01-19T16:18:00Z,TARGET_BEFORE_RETEST,2023-01-19T16:20:00Z,,1913.21,False,False,INITIAL_CONFIRMATION_TARGET,a69b019e335dcd496ea8f86d946d2bd57ed65dddc97d82dcebbbd4b9dad2ad53,996f65452fe3232ef4d70e1a54aedbcce7b6b570238c3a65dd00dc38fa6dd166,1906.7,4.584285714285719,0.22921428571428595,NOT_STRICTLY_CLOSER_THAN_CONTROL,H1_SOURCE_SWING_BUFFERED_ELSE_CONTROL,False,996f65452fe3232ef4d70e1a54aedbcce7b6b570238c3a65dd00dc38fa6dd166,2023-01-19T16:00:00Z,1906.7,1916.77,21fb3f00f6311caa693abbc9d0e02f4bb2651a81c6bfabb1b3e3ec15b0d80759
38d642dc15be6fa7ba3e533f4a876fa5ea35708172fd036adddd84766eed23c3,1931.3,2023-01-20T04:15:00Z,84050539fd11ef006372fc30197da8522083141b05ef8635b10b426bc35f91c3,2023-01-20T04:15:00Z,1930.84,1935.17,2023-02-01T00:00:00Z,2023-01-20T04:00:00Z,0.0,SHORT,1.0,-50.0,CONTROL_V2_FILLED_STOP,2023-01-20T04:15:00Z,CONTROL_NEXT_M1_OPEN,1930.84,True,a8aabe1ef9ac535d746dfe1d6d9906b6396a32f7c10fcf172407fafc5a708214,1.5196304849884341,1.7736720554271506,2023_01,-1.0,-1.0,STOP,2023-01-20T10:09:00Z,STOP,7e92180096274280690c1b85ed06e3e6467f103feb6b2a7affd9c26110804f5f,2023-01-20T10:09:00Z,FIRST_RETEST_FILLED,2023-01-20T04:30:00Z,2023-01-20T04:20:00Z,1931.3,True,False,INITIAL_CONFIRMATION_STOP,442b2e72b14de09c135b01db183bbdc9617becb57f9ce9e18adaba687b2902cd,9e043d92069f5e1919bc0c160c412a79e84c5c335171a0a01342fcddc00a67a7,1935.17,,,,CONTROL_V2_FILLED_STOP,False,,2023-01-20T04:15:00Z,1935.17,1906.7,255abf9d2aabb27654a82a1a284c239534d4b653bd134e0ddb8af0586b491710
38d642dc15be6fa7ba3e533f4a876fa5ea35708172fd036adddd84766eed23c3,1931.3,2023-01-20T04:15:00Z,84050539fd11ef006372fc30197da8522083141b05ef8635b10b426bc35f91c3,2023-01-20T04:15:00Z,1930.84,1935.17,2023-02-01T00:00:00Z,2023-01-20T04:00:00Z,0.0,SHORT,0.6563262949521103,-50.0,M5_LATEST_CONFIRMED_OPPOSING_SWING_ELSE_CONTROL,2023-01-20T04:15:00Z,CONTROL_NEXT_M1_OPEN,1930.84,True,eb33914c311d0df0cd9192bf892abb4ff070e054d0a4a47477b2a2ab12b62861,1.0908222638333032,2.7024241891094265,2023_01,-1.0,-1.0,STOP,2023-01-20T10:09:00Z,STOP,6848811308fa75acd6f877511eaf75ce8c7de7ce272e4d7a05ba379090b3d84b,2023-01-20T10:07:00Z,FIRST_RETEST_FILLED,2023-01-20T04:30:00Z,2023-01-20T04:20:00Z,1931.3,True,False,INITIAL_CONFIRMATION_STOP,d24f741249ec65a9d72f452f534e5dc679501c7c12e762e6b4e7e211968afdea,9e043d92069f5e1919bc0c160c412a79e84c5c335171a0a01342fcddc00a67a7,1933.6818928571427,1.437857142857118,0.07189285714285591,,M5_LATEST_CONFIRMED_OPPOSING_SWING_ELSE_CONTROL,True,7b8bf7c7a377874242252680aee553183454a701ba8e713c250e3ba444e51a8a,2023-01-20T04:00:00Z,1933.61,1906.7,255abf9d2aabb27654a82a1a284c239534d4b653bd134e0ddb8af0586b491710
38d642dc15be6fa7ba3e533f4a876fa5ea35708172fd036adddd84766eed23c3,1931.3,2023-01-20T04:15:00Z,84050539fd11ef006372fc30197da8522083141b05ef8635b10b426bc35f91c3,2023-01-20T04:15:00Z,1930.84,1935.17,2023-02-01T00:00:00Z,2023-01-20T04:00:00Z,0.0,SHORT,0.9481029363245916,-50.0,M15_LATEST_CONFIRMED_OPPOSING_SWING_ELSE_CONTROL,2023-01-20T04:15:00Z,CONTROL_NEXT_M1_OPEN,1930.84,True,46b55f50bca2bb0bd6ebb399fd2a9b198ffe5e84fdcaed73e69777b5ca0b6f98,1.602811706162858,1.87075895187389,2023_01,-1.0,-1.0,STOP,2023-01-20T10:09:00Z,STOP,ba542cd72b8e6261d4a44dd3961e05b768515a59d2ea896d87e1c30a8e3712c0,2023-01-20T10:09:00Z,FIRST_RETEST_FILLED,2023-01-20T04:30:00Z,2023-01-20T04:20:00Z,1931.3,True,False,INITIAL_CONFIRMATION_STOP,4ffbe7b15d03a1eb7c1f4dbcc177bf849c499a9ef73588d435586323be3ee852,9e043d92069f5e1919bc0c160c412a79e84c5c335171a0a01342fcddc00a67a7,1934.9452857142855,1.7057142857142449,0.08528571428571224,,M15_LATEST_CONFIRMED_OPPOSING_SWING_ELSE_CONTROL,True,8a6b48e18f5f55f461f102a5d40ff4806cfaafd626721c3cb0e6f1297d08ecd9,2023-01-20T04:15:00Z,1934.86,1906.7,255abf9d2aabb27654a82a1a284c239534d4b653bd134e0ddb8af0586b491710
38d642dc15be6fa7ba3e533f4a876fa5ea35708172fd036adddd84766eed23c3,1931.3,2023-01-20T04:15:00Z,84050539fd11ef006372fc30197da8522083141b05ef8635b10b426bc35f91c3,2023-01-20T04:15:00Z,1930.84,1935.17,2023-02-01T00:00:00Z,2023-01-20T04:00:00Z,0.0,SHORT,1.0,-50.0,CONTROL_V2_FILLED_STOP,2023-01-20T04:15:00Z,CONTROL_NEXT_M1_OPEN,1930.84,True,1db93b3c9cfdbe63a14599f43a6a72e7f9ea46bc934e0f49d8baf6bf469ca69a,1.5196304849884341,1.7736720554271506,2023_01,-1.0,-1.0,STOP,2023-01-20T10:09:00Z,STOP,1317518730b183502ee81321a16660bde774a1e5fcda8e5cd5c319c98ac061e4,2023-01-20T10:09:00Z,FIRST_RETEST_FILLED,2023-01-20T04:30:00Z,2023-01-20T04:20:00Z,1931.3,True,False,INITIAL_CONFIRMATION_STOP,6d01a1fa891b83be50a810c6d792a0bfe1ccfe588b56a090a74ae76b3c5746c2,9e043d92069f5e1919bc0c160c412a79e84c5c335171a0a01342fcddc00a67a7,1935.17,5.0821428571428635,0.2541071428571432,NOT_STRICTLY_CLOSER_THAN_CONTROL,H1_SOURCE_SWING_BUFFERED_ELSE_CONTROL,False,9e043d92069f5e1919bc0c160c412a79e84c5c335171a0a01342fcddc00a67a7,2023-01-20T04:00:00Z,1935.17,1906.7,255abf9d2aabb27654a82a1a284c239534d4b653bd134e0ddb8af0586b491710
38d642dc15be6fa7ba3e533f4a876fa5ea35708172fd036adddd84766eed23c3,1931.3,2023-01-20T04:15:00Z,84050539fd11ef006372fc30197da8522083141b05ef8635b10b426bc35f91c3,2023-01-20T04:15:00Z,1930.84,1935.17,2023-02-01T00:00:00Z,2023-01-20T04:00:00Z,0.0,SHORT,1.0,-50.0,CONTROL_V2_FILLED_STOP,2023-01-20T04:20:00Z,M5_BROKEN_CONTROL_FIRST_RETEST,1931.3,True,a8aabe1ef9ac535d746dfe1d6d9906b6396a32f7c10fcf172407fafc5a708214,1.5813953488371915,2.1033591731265178,2023_01,-1.0,-1.0,STOP,2023-01-20T10:09:00Z,STOP,7fdda23f9d8748a4507ac3e1342be3d0be46054e7a634a4496aa10b0b8ba3baf,2023-01-20T10:09:00Z,FIRST_RETEST_FILLED,2023-01-20T04:30:00Z,2023-01-20T04:20:00Z,1931.3,True,True,INITIAL_CONFIRMATION_STOP,8dcd55b33a00f80d2d21628383743913729f74e40c441bc400030d695e7c441d,9e043d92069f5e1919bc0c160c412a79e84c5c335171a0a01342fcddc00a67a7,1935.17,,,,CONTROL_V2_FILLED_STOP,False,,2023-01-20T04:15:00Z,1935.17,1906.7,255abf9d2aabb27654a82a1a284c239534d4b653bd134e0ddb8af0586b491710
38d642dc15be6fa7ba3e533f4a876fa5ea35708172fd036adddd84766eed23c3,1931.3,2023-01-20T04:15:00Z,84050539fd11ef006372fc30197da8522083141b05ef8635b10b426bc35f91c3,2023-01-20T04:15:00Z,1930.84,1935.17,2023-02-01T00:00:00Z,2023-01-20T04:00:00Z,0.0,SHORT,0.6563262949521103,-50.0,M5_LATEST_CONFIRMED_OPPOSING_SWING_ELSE_CONTROL,2023-01-20T04:20:00Z,M5_BROKEN_CONTROL_FIRST_RETEST,1931.3,True,eb33914c311d0df0cd9192bf892abb4ff070e054d0a4a47477b2a2ab12b62861,1.1083621969323258,3.417450107207822,2023_01,-1.0,-1.0,STOP,2023-01-20T10:09:00Z,STOP,7b213b7f071e1464c7c6038a852db0038a9ccafbf0e8a9f514f3ec9db109f1df,2023-01-20T10:07:00Z,FIRST_RETEST_FILLED,2023-01-20T04:30:00Z,2023-01-20T04:20:00Z,1931.3,True,True,INITIAL_CONFIRMATION_STOP,dfc943848aba33d16f60cc6e4dba1f6e649172f4695cc1691f5bbb0ba77eadd5,9e043d92069f5e1919bc0c160c412a79e84c5c335171a0a01342fcddc00a67a7,1933.6818928571427,1.437857142857118,0.07189285714285591,,M5_LATEST_CONFIRMED_OPPOSING_SWING_ELSE_CONTROL,True,7b8bf7c7a377874242252680aee553183454a701ba8e713c250e3ba444e51a8a,2023-01-20T04:00:00Z,1933.61,1906.7,255abf9d2aabb27654a82a1a284c239534d4b653bd134e0ddb8af0586b491710
38d642dc15be6fa7ba3e533f4a876fa5ea35708172fd036adddd84766eed23c3,1931.3,2023-01-20T04:15:00Z,84050539fd11ef006372fc30197da8522083141b05ef8635b10b426bc35f91c3,2023-01-20T04:15:00Z,1930.84,1935.17,2023-02-01T00:00:00Z,2023-01-20T04:00:00Z,0.0,SHORT,0.9481029363245916,-50.0,M15_LATEST_CONFIRMED_OPPOSING_SWING_ELSE_CONTROL,2023-01-20T04:20:00Z,M5_BROKEN_CONTROL_FIRST_RETEST,1931.3,True,46b55f50bca2bb0bd6ebb399fd2a9b198ffe5e84fdcaed73e69777b5ca0b6f98,1.6788807461693094,2.233021123172827,2023_01,-1.0,-1.0,STOP,2023-01-20T10:09:00Z,STOP,56839832394abd2cb710fccd0cc61e48cc96f63deaa9bceaf724905b7f09a23c,2023-01-20T10:09:00Z,FIRST_RETEST_FILLED,2023-01-20T04:30:00Z,2023-01-20T04:20:00Z,1931.3,True,True,INITIAL_CONFIRMATION_STOP,e342881d30a94721f436a709a9bc25b4e80f223126a4a5178a220e5ecb023c73,9e043d92069f5e1919bc0c160c412a79e84c5c335171a0a01342fcddc00a67a7,1934.9452857142855,1.7057142857142449,0.08528571428571224,,M15_LATEST_CONFIRMED_OPPOSING_SWING_ELSE_CONTROL,True,8a6b48e18f5f55f461f102a5d40ff4806cfaafd626721c3cb0e6f1297d08ecd9,2023-01-20T04:15:00Z,1934.86,1906.7,255abf9d2aabb27654a82a1a284c239534d4b653bd134e0ddb8af0586b491710
38d642dc15be6fa7ba3e533f4a876fa5ea35708172fd036adddd84766eed23c3,1931.3,2023-01-20T04:15:00Z,84050539fd11ef006372fc30197da8522083141b05ef8635b10b426bc35f91c3,2023-01-20T04:15:00Z,1930.84,1935.17,2023-02-01T00:00:00Z,2023-01-20T04:00:00Z,0.0,SHORT,1.0,-50.0,CONTROL_V2_FILLED_STOP,2023-01-20T04:20:00Z,M5_BROKEN_CONTROL_FIRST_RETEST,1931.3,True,1db93b3c9cfdbe63a14599f43a6a72e7f9ea46bc934e0f49d8baf6bf469ca69a,1.5813953488371915,2.1033591731265178,2023_01,-1.0,-1.0,STOP,2023-01-20T10:09:00Z,STOP,e60b0c09fbf17d3d8c283be4da01894a9c444c687f5240daf5192c5a17806230,2023-01-20T10:09:00Z,FIRST_RETEST_FILLED,2023-01-20T04:30:00Z,2023-01-20T04:20:00Z,1931.3,True,True,INITIAL_CONFIRMATION_STOP,4a665dfbafae47ae0aa8014afc43685834f7c155b40ab9bc2941969f9d1b73f8,9e043d92069f5e1919bc0c160c412a79e84c5c335171a0a01342fcddc00a67a7,1935.17,5.0821428571428635,0.2541071428571432,NOT_STRICTLY_CLOSER_THAN_CONTROL,H1_SOURCE_SWING_BUFFERED_ELSE_CONTROL,False,9e043d92069f5e1919bc0c160c412a79e84c5c335171a0a01342fcddc00a67a7,2023-01-20T04:00:00Z,1935.17,1906.7,255abf9d2aabb27654a82a1a284c239534d4b653bd134e0ddb8af0586b491710
38d642dc15be6fa7ba3e533f4a876fa5ea35708172fd036adddd84766eed23c3,1931.3,2023-01-20T04:15:00Z,84050539fd11ef006372fc30197da8522083141b05ef8635b10b426bc35f91c3,2023-01-20T04:15:00Z,1930.84,1935.17,2023-02-01T00:00:00Z,2023-01-20T04:00:00Z,0.0,SHORT,1.0,-50.0,CONTROL_V2_FILLED_STOP,2023-01-20T04:15:00Z,CONFIRMED_25_75_RETEST_SPLIT,1930.84,True,a8aabe1ef9ac535d746dfe1d6d9906b6396a32f7c10fcf172407fafc5a708214,1.5659541328750022,2.020937393701676,2023_01,-1.0,-1.0,STOP,2023-01-20T10:09:00Z,SPLIT_STOP_STOP,b4160d8d2cfe0bcf4d751fc72a12570fc3803c088de30492e2d77f9fcc0181c2,2023-01-20T10:09:00Z,FIRST_RETEST_FILLED,2023-01-20T04:30:00Z,2023-01-20T04:20:00Z,1931.3,True,True,INITIAL_CONFIRMATION_STOP,3694d5e36c67a64e1f61c4144295745b38bd0c403d117af4508c54ff7012d7b3,9e043d92069f5e1919bc0c160c412a79e84c5c335171a0a01342fcddc00a67a7,1935.17,,,,CONTROL_V2_FILLED_STOP,False,,2023-01-20T04:15:00Z,1935.17,1906.7,255abf9d2aabb27654a82a1a284c239534d4b653bd134e0ddb8af0586b491710
38d642dc15be6fa7ba3e533f4a876fa5ea35708172fd036adddd84766eed23c3,1931.3,2023-01-20T04:15:00Z,84050539fd11ef006372fc30197da8522083141b05ef8635b10b426bc35f91c3,2023-01-20T04:15:00Z,1930.84,1935.17,2023-02-01T00:00:00Z,2023-01-20T04:00:00Z,0.0,SHORT,0.6563262949521103,-50.0,M5_LATEST_CONFIRMED_OPPOSING_SWING_ELSE_CONTROL,2023-01-20T04:15:00Z,CONFIRMED_25_75_RETEST_SPLIT,1930.84,True,eb33914c311d0df0cd9192bf892abb4ff070e054d0a4a47477b2a2ab12b62861,1.10397721365757,3.238693627683223,2023_01,-1.0,-1.0,STOP,2023-01-20T10:09:00Z,SPLIT_STOP_STOP,d585871e66d3b39892af5ed516162cadf00739da0d5c9ea345a3f799cd6f1923,2023-01-20T10:07:00Z,FIRST_RETEST_FILLED,2023-01-20T04:30:00Z,2023-01-20T04:20:00Z,1931.3,True,True,INITIAL_CONFIRMATION_STOP,510084cd47991095f231bcc9f63b80580e2ee322cdf16796fb8f11cd58ada96f,9e043d92069f5e1919bc0c160c412a79e84c5c335171a0a01342fcddc00a67a7,1933.6818928571427,1.437857142857118,0.07189285714285591,,M5_LATEST_CONFIRMED_OPPOSING_SWING_ELSE_CONTROL,True,7b8bf7c7a377874242252680aee553183454a701ba8e713c250e3ba444e51a8a,2023-01-20T04:00:00Z,1933.61,1906.7,255abf9d2aabb27654a82a1a284c239534d4b653bd134e0ddb8af0586b491710
38d642dc15be6fa7ba3e533f4a876fa5ea35708172fd036adddd84766eed23c3,1931.3,2023-01-20T04:15:00Z,84050539fd11ef006372fc30197da8522083141b05ef8635b10b426bc35f91c3,2023-01-20T04:15:00Z,1930.84,1935.17,2023-02-01T00:00:00Z,2023-01-20T04:00:00Z,0.0,SHORT,0.9481029363245916,-50.0,M15_LATEST_CONFIRMED_OPPOSING_SWING_ELSE_CONTROL,2023-01-20T04:15:00Z,CONFIRMED_25_75_RETEST_SPLIT,1930.84,True,46b55f50bca2bb0bd6ebb399fd2a9b198ffe5e84fdcaed73e69777b5ca0b6f98,1.6598634861676966,2.1424555803480927,2023_01,-1.0,-1.0,STOP,2023-01-20T10:09:00Z,SPLIT_STOP_STOP,d4abf4accf4a912caaa740e5ab27767d2312b92cd7bba436bcd666505f66dbee,2023-01-20T10:09:00Z,FIRST_RETEST_FILLED,2023-01-20T04:30:00Z,2023-01-20T04:20:00Z,1931.3,True,True,INITIAL_CONFIRMATION_STOP,7ea38f27e5a0cfc9a9667f91f4eb39daa4ebc364f5c0125298bd8283a6aa15c1,9e043d92069f5e1919bc0c160c412a79e84c5c335171a0a01342fcddc00a67a7,1934.9452857142855,1.7057142857142449,0.08528571428571224,,M15_LATEST_CONFIRMED_OPPOSING_SWING_ELSE_CONTROL,True,8a6b48e18f5f55f461f102a5d40ff4806cfaafd626721c3cb0e6f1297d08ecd9,2023-01-20T04:15:00Z,1934.86,1906.7,255abf9d2aabb27654a82a1a284c239534d4b653bd134e0ddb8af0586b491710
38d642dc15be6fa7ba3e533f4a876fa5ea35708172fd036adddd84766eed23c3,1931.3,2023-01-20T04:15:00Z,84050539fd11ef006372fc30197da8522083141b05ef8635b10b426bc35f91c3,2023-01-20T04:15:00Z,1930.84,1935.17,2023-02-01T00:00:00Z,2023-01-20T04:00:00Z,0.0,SHORT,1.0,-50.0,CONTROL_V2_FILLED_STOP,2023-01-20T04:15:00Z,CONFIRMED_25_75_RETEST_SPLIT,1930.84,True,1db93b3c9cfdbe63a14599f43a6a72e7f9ea46bc934e0f49d8baf6bf469ca69a,1.5659541328750022,2.020937393701676,2023_01,-1.0,-1.0,STOP,2023-01-20T10:09:00Z,SPLIT_STOP_STOP,1de0f61e9f66f819999fb768a7a8cddc0b92701fe2413c9d2f54373e355425d7,2023-01-20T10:09:00Z,FIRST_RETEST_FILLED,2023-01-20T04:30:00Z,2023-01-20T04:20:00Z,1931.3,True,True,INITIAL_CONFIRMATION_STOP,ffb882555e1af36628ca50b70894533a266547a3f884ae9abfee9a851511ae5e,9e043d92069f5e1919bc0c160c412a79e84c5c335171a0a01342fcddc00a67a7,1935.17,5.0821428571428635,0.2541071428571432,NOT_STRICTLY_CLOSER_THAN_CONTROL,H1_SOURCE_SWING_BUFFERED_ELSE_CONTROL,False,9e043d92069f5e1919bc0c160c412a79e84c5c335171a0a01342fcddc00a67a7,2023-01-20T04:00:00Z,1935.17,1906.7,255abf9d2aabb27654a82a1a284c239534d4b653bd134e0ddb8af0586b491710
eeced6135defe78b93f68a3d14807108d1d755d012c47753f6bb8e8f5fcc0d2f,1928.69,2023-01-20T10:05:00Z,1d579b38ea6a350d5b87b08bd70df4f122c4a31a19b2e1e6d08fdd1ed13ef2de,2023-01-20T10:05:00Z,1933.45,1923.16,2023-02-01T00:00:00Z,2023-01-20T10:00:00Z,0.0,LONG,1.0,8.357628765792194,CONTROL_V2_FILLED_STOP,2023-01-20T10:05:00Z,CONTROL_NEXT_M1_OPEN,1933.45,True,b2aef4e7748fa0f0128544aed40e15d728048df3f43faf97e43994580295ffbb,0.07580174927113464,0.38581146744412453,2023_01,0.16715257531584388,0.16715257531584388,TARGET,2023-01-20T10:09:00Z,TARGET,5d6c0c3fd3d5c2eb767719d44a88b11870fee80e37b33ee6c624106724c4e6cc,2023-01-20T10:09:00Z,TARGET_BEFORE_RETEST,2023-01-20T10:20:00Z,,1928.69,False,False,INITIAL_CONFIRMATION_TARGET,bb1b82e3ff02ca6f9234f7941ee32feb66948dbeb1b4d31c1e09e0394c8c9d5e,0879f56c543072171dc0bab27db6345e63d91f4f1ae469fe46b5776ecfa0196f,1923.16,,,,CONTROL_V2_FILLED_STOP,False,,2023-01-20T10:05:00Z,1923.16,1935.17,69b6c8c68497bbd193383edeb304222067e3cd4bdbbcbd73b82b21f206a2991b
eeced6135defe78b93f68a3d14807108d1d755d012c47753f6bb8e8f5fcc0d2f,1928.69,2023-01-20T10:05:00Z,1d579b38ea6a350d5b87b08bd70df4f122c4a31a19b2e1e6d08fdd1ed13ef2de,2023-01-20T10:05:00Z,1933.45,1923.16,2023-02-01T00:00:00Z,2023-01-20T10:00:00Z,0.06910652478031071,LONG,0.7074968763015469,11.81295500480773,M5_LATEST_CONFIRMED_OPPOSING_SWING_ELSE_CONTROL,2023-01-20T10:05:00Z,CONTROL_NEXT_M1_OPEN,1933.45,True,10a4254e54b7b7c6bb5ba85fe0dd0265903a80113eb7c56251202e16dcc1198e,0.10714075469476234,0.5453189694079799,2023_01,0.23625910009615458,0.16715257531584388,TARGET,2023-01-20T10:09:00Z,TARGET,fd7839b5f225fbff1ce08faa50a005a6ba5279ab4b2214fd07a695a69b9181e6,2023-01-20T10:09:00Z,TARGET_BEFORE_RETEST,2023-01-20T10:20:00Z,,1928.69,False,False,INITIAL_CONFIRMATION_TARGET,a1e3c7036e33c69b5ee6114453d5f3246534c0fef3b6dc657b36abf4bdd212fc,0879f56c543072171dc0bab27db6345e63d91f4f1ae469fe46b5776ecfa0196f,1926.1698571428572,1.2028571428571209,0.06014285714285605,,M5_LATEST_CONFIRMED_OPPOSING_SWING_ELSE_CONTROL,True,8adc0ee21028b13f1a6046b7645e7eb183a8f816ae4a1cc89fd522d4fe12e8c7,2023-01-20T09:10:00Z,1926.23,1935.17,69b6c8c68497bbd193383edeb304222067e3cd4bdbbcbd73b82b21f206a2991b
eeced6135defe78b93f68a3d14807108d1d755d012c47753f6bb8e8f5fcc0d2f,1928.69,2023-01-20T10:05:00Z,1d579b38ea6a350d5b87b08bd70df4f122c4a31a19b2e1e6d08fdd1ed13ef2de,2023-01-20T10:05:00Z,1933.45,1923.16,2023-02-01T00:00:00Z,2023-01-20T10:00:00Z,0.06796349371533125,LONG,0.7109364153824822,11.755803451558757,M15_LATEST_CONFIRMED_OPPOSING_SWING_ELSE_CONTROL,2023-01-20T10:05:00Z,CONTROL_NEXT_M1_OPEN,1933.45,True,74416d8957bb0fb963c88cb51cd2590592880e6c0a1915bff51ca76aa7d13ea1,0.10662240339785306,0.5426806942173005,2023_01,0.23511606903117513,0.16715257531584388,TARGET,2023-01-20T10:09:00Z,TARGET,f01c11f86b74ce12a20b50de9a4c0e6074850ba4f3095d0f4f77c119e6299981,2023-01-20T10:09:00Z,TARGET_BEFORE_RETEST,2023-01-20T10:20:00Z,,1928.69,False,False,INITIAL_CONFIRMATION_TARGET,43644e88d783f038c093951503f5d1e3f0c03cabef8909923036c780f63f99ec,0879f56c543072171dc0bab27db6345e63d91f4f1ae469fe46b5776ecfa0196f,1926.1344642857143,1.9107142857142858,0.0955357142857143,,M15_LATEST_CONFIRMED_OPPOSING_SWING_ELSE_CONTROL,True,0ef698647fdd48d44367a9db85e349f95a282b4a6814d9e29455ce602a5ccc1c,2023-01-20T09:30:00Z,1926.23,1935.17,69b6c8c68497bbd193383edeb304222067e3cd4bdbbcbd73b82b21f206a2991b
eeced6135defe78b93f68a3d14807108d1d755d012c47753f6bb8e8f5fcc0d2f,1928.69,2023-01-20T10:05:00Z,1d579b38ea6a350d5b87b08bd70df4f122c4a31a19b2e1e6d08fdd1ed13ef2de,2023-01-20T10:05:00Z,1933.45,1923.16,2023-02-01T00:00:00Z,2023-01-20T10:00:00Z,0.0,LONG,1.0,8.357628765792194,CONTROL_V2_FILLED_STOP,2023-01-20T10:05:00Z,CONTROL_NEXT_M1_OPEN,1933.45,True,a762725346b08929f2e536ad5c9cf2ed3ba09742ddfdfa7d2c7fbacc836227b9,0.07580174927113464,0.38581146744412453,2023_01,0.16715257531584388,0.16715257531584388,TARGET,2023-01-20T10:09:00Z,TARGET,53560f3c34f20a1c6bd348b356eacc124550cef5d818777f97fe53f62f66423e,2023-01-20T10:09:00Z,TARGET_BEFORE_RETEST,2023-01-20T10:20:00Z,,1928.69,False,False,INITIAL_CONFIRMATION_TARGET,59036c64dc8eba7111a62be607e11a118b64157cb1549c0cd2e25df34507c576,0879f56c543072171dc0bab27db6345e63d91f4f1ae469fe46b5776ecfa0196f,1923.16,4.9599999999999715,0.24799999999999858,NOT_STRICTLY_CLOSER_THAN_CONTROL,H1_SOURCE_SWING_BUFFERED_ELSE_CONTROL,False,0879f56c543072171dc0bab27db6345e63d91f4f1ae469fe46b5776ecfa0196f,2023-01-20T10:00:00Z,1923.16,1935.17,69b6c8c68497bbd193383edeb304222067e3cd4bdbbcbd73b82b21f206a2991b
eeced6135defe78b93f68a3d14807108d1d755d012c47753f6bb8e8f5fcc0d2f,1928.69,2023-01-20T10:05:00Z,1d579b38ea6a350d5b87b08bd70df4f122c4a31a19b2e1e6d08fdd1ed13ef2de,2023-01-20T10:05:00Z,1933.45,1923.16,2023-02-01T00:00:00Z,2023-01-20T10:00:00Z,-0.16715257531584388,LONG,1.0,0.0,CONTROL_V2_FILLED_STOP,,M5_BROKEN_CONTROL_FIRST_RETEST,,False,b2aef4e7748fa0f0128544aed40e15d728048df3f43faf97e43994580295ffbb,,,2023_01,0.0,0.16715257531584388,TARGET,2023-01-20T10:09:00Z,NO_FILL,2dab43e0d95a0923b67a2774fbc6552729fcde0c8d8a5cee0dea7333c7e3fb14,,TARGET_BEFORE_RETEST,2023-01-20T10:20:00Z,,1928.69,False,False,INITIAL_CONFIRMATION_TARGET,d7df9259cb3155633c0778a45d84824756c0931c7e6a9e33db1f16b2e1c649ce,0879f56c543072171dc0bab27db6345e63d91f4f1ae469fe46b5776ecfa0196f,1923.16,,,,CONTROL_V2_FILLED_STOP,False,,2023-01-20T10:05:00Z,1923.16,1935.17,69b6c8c68497bbd193383edeb304222067e3cd4bdbbcbd73b82b21f206a2991b
eeced6135defe78b93f68a3d14807108d1d755d012c47753f6bb8e8f5fcc0d2f,1928.69,2023-01-20T10:05:00Z,1d579b38ea6a350d5b87b08bd70df4f122c4a31a19b2e1e6d08fdd1ed13ef2de,2023-01-20T10:05:00Z,1933.45,1923.16,2023-02-01T00:00:00Z,2023-01-20T10:00:00Z,-0.16715257531584388,LONG,0.7074968763015469,0.0,M5_LATEST_CONFIRMED_OPPOSING_SWING_ELSE_CONTROL,,M5_BROKEN_CONTROL_FIRST_RETEST,,False,10a4254e54b7b7c6bb5ba85fe0dd0265903a80113eb7c56251202e16dcc1198e,,,2023_01,0.0,0.16715257531584388,TARGET,2023-01-20T10:09:00Z,NO_FILL,e0f51652d010872c40963e7efa2b2b22cb77140ccd1051b18a68b44dd374613e,,TARGET_BEFORE_RETEST,2023-01-20T10:20:00Z,,1928.69,False,False,INITIAL_CONFIRMATION_TARGET,247e18f68cd2ae2338ce086fd145f5aa33af717575a978f7d08defa7c743af17,0879f56c543072171dc0bab27db6345e63d91f4f1ae469fe46b5776ecfa0196f,1926.1698571428572,1.2028571428571209,0.06014285714285605,,M5_LATEST_CONFIRMED_OPPOSING_SWING_ELSE_CONTROL,True,8adc0ee21028b13f1a6046b7645e7eb183a8f816ae4a1cc89fd522d4fe12e8c7,2023-01-20T09:10:00Z,1926.23,1935.17,69b6c8c68497bbd193383edeb304222067e3cd4bdbbcbd73b82b21f206a2991b
eeced6135defe78b93f68a3d14807108d1d755d012c47753f6bb8e8f5fcc0d2f,1928.69,2023-01-20T10:05:00Z,1d579b38ea6a350d5b87b08bd70df4f122c4a31a19b2e1e6d08fdd1ed13ef2de,2023-01-20T10:05:00Z,1933.45,1923.16,2023-02-01T00:00:00Z,2023-01-20T10:00:00Z,-0.16715257531584388,LONG,0.7109364153824822,0.0,M15_LATEST_CONFIRMED_OPPOSING_SWING_ELSE_CONTROL,,M5_BROKEN_CONTROL_FIRST_RETEST,,False,74416d8957bb0fb963c88cb51cd2590592880e6c0a1915bff51ca76aa7d13ea1,,,2023_01,0.0,0.16715257531584388,TARGET,2023-01-20T10:09:00Z,NO_FILL,8c4394c567351951ee1d4a48b2ee03fabf1d9735cfd918723ccdb35590a0c36d,,TARGET_BEFORE_RETEST,2023-01-20T10:20:00Z,,1928.69,False,False,INITIAL_CONFIRMATION_TARGET,5109c21a93ec8d444c9c1b7f1530d215fda0b72c2a630a5889805c7540427e4d,0879f56c543072171dc0bab27db6345e63d91f4f1ae469fe46b5776ecfa0196f,1926.1344642857143,1.9107142857142858,0.0955357142857143,,M15_LATEST_CONFIRMED_OPPOSING_SWING_ELSE_CONTROL,True,0ef698647fdd48d44367a9db85e349f95a282b4a6814d9e29455ce602a5ccc1c,2023-01-20T09:30:00Z,1926.23,1935.17,69b6c8c68497bbd193383edeb304222067e3cd4bdbbcbd73b82b21f206a2991b
eeced6135defe78b93f68a3d14807108d1d755d012c47753f6bb8e8f5fcc0d2f,1928.69,2023-01-20T10:05:00Z,1d579b38ea6a350d5b87b08bd70df4f122c4a31a19b2e1e6d08fdd1ed13ef2de,2023-01-20T10:05:00Z,1933.45,1923.16,2023-02-01T00:00:00Z,2023-01-20T10:00:00Z,-0.16715257531584388,LONG,1.0,0.0,CONTROL_V2_FILLED_STOP,,M5_BROKEN_CONTROL_FIRST_RETEST,,False,a762725346b08929f2e536ad5c9cf2ed3ba09742ddfdfa7d2c7fbacc836227b9,,,2023_01,0.0,0.16715257531584388,TARGET,2023-01-20T10:09:00Z,NO_FILL,59d3b3853d19d05d90837091f15d3c89fc590462911a4313cbd5272fafb85d1a,,TARGET_BEFORE_RETEST,2023-01-20T10:20:00Z,,1928.69,False,False,INITIAL_CONFIRMATION_TARGET,1e1b7a2e3bfc12015cb00007ef73fbd3574e494d7e36be85556c09017f5a8fff,0879f56c543072171dc0bab27db6345e63d91f4f1ae469fe46b5776ecfa0196f,1923.16,4.9599999999999715,0.24799999999999858,NOT_STRICTLY_CLOSER_THAN_CONTROL,H1_SOURCE_SWING_BUFFERED_ELSE_CONTROL,False,0879f56c543072171dc0bab27db6345e63d91f4f1ae469fe46b5776ecfa0196f,2023-01-20T10:00:00Z,1923.16,1935.17,69b6c8c68497bbd193383edeb304222067e3cd4bdbbcbd73b82b21f206a2991b
eeced6135defe78b93f68a3d14807108d1d755d012c47753f6bb8e8f5fcc0d2f,1928.69,2023-01-20T10:05:00Z,1d579b38ea6a350d5b87b08bd70df4f122c4a31a19b2e1e6d08fdd1ed13ef2de,2023-01-20T10:05:00Z,1933.45,1923.16,2023-02-01T00:00:00Z,2023-01-20T10:00:00Z,-0.12536443148688292,LONG,1.0,2.0894071914480485,CONTROL_V2_FILLED_STOP,2023-01-20T10:05:00Z,CONFIRMED_25_75_RETEST_SPLIT,1933.45,True,b2aef4e7748fa0f0128544aed40e15d728048df3f43faf97e43994580295ffbb,0.01895043731778366,0.09645286686103113,2023_01,0.04178814382896097,0.16715257531584388,TARGET,2023-01-20T10:09:00Z,SPLIT_CONTROL_TARGET_NO_RETEST,3a28c296a70b12142ed597dd3d15623278ee630bf5e90aafa1380aa4d0161537,2023-01-20T10:09:00Z,TARGET_BEFORE_RETEST,2023-01-20T10:20:00Z,,1928.69,False,False,INITIAL_CONFIRMATION_TARGET,264d1f7896bb9e19d02dc6a04adade94851fe818baf04714911b9985561f8064,0879f56c543072171dc0bab27db6345e63d91f4f1ae469fe46b5776ecfa0196f,1923.16,,,,CONTROL_V2_FILLED_STOP,False,,2023-01-20T10:05:00Z,1923.16,1935.17,69b6c8c68497bbd193383edeb304222067e3cd4bdbbcbd73b82b21f206a2991b
eeced6135defe78b93f68a3d14807108d1d755d012c47753f6bb8e8f5fcc0d2f,1928.69,2023-01-20T10:05:00Z,1d579b38ea6a350d5b87b08bd70df4f122c4a31a19b2e1e6d08fdd1ed13ef2de,2023-01-20T10:05:00Z,1933.45,1923.16,2023-02-01T00:00:00Z,2023-01-20T10:00:00Z,-0.10808780029180523,LONG,0.7074968763015469,2.9532387512019325,M5_LATEST_CONFIRMED_OPPOSING_SWING_ELSE_CONTROL,2023-01-20T10:05:00Z,CONFIRMED_25_75_RETEST_SPLIT,1933.45,True,10a4254e54b7b7c6bb5ba85fe0dd0265903a80113eb7c56251202e16dcc1198e,0.026785188673690584,0.13632974235199496,2023_01,0.059064775024038646,0.16715257531584388,TARGET,2023-01-20T10:09:00Z,SPLIT_CONTROL_TARGET_NO_RETEST,6690c22acfb99cdd0a8b4267f3ca341b465d11f1b7656ef56f297bb7fa7a2ca0,2023-01-20T10:09:00Z,TARGET_BEFORE_RETEST,2023-01-20T10:20:00Z,,1928.69,False,False,INITIAL_CONFIRMATION_TARGET,31a031cb1f103604ff74dc42bc54b0a67f0dc1ab17dc465bc1a93b2e410c89ca,0879f56c543072171dc0bab27db6345e63d91f4f1ae469fe46b5776ecfa0196f,1926.1698571428572,1.2028571428571209,0.06014285714285605,,M5_LATEST_CONFIRMED_OPPOSING_SWING_ELSE_CONTROL,True,8adc0ee21028b13f1a6046b7645e7eb183a8f816ae4a1cc89fd522d4fe12e8c7,2023-01-20T09:10:00Z,1926.23,1935.17,69b6c8c68497bbd193383edeb304222067e3cd4bdbbcbd73b82b21f206a2991b
eeced6135defe78b93f68a3d14807108d1d755d012c47753f6bb8e8f5fcc0d2f,1928.69,2023-01-20T10:05:00Z,1d579b38ea6a350d5b87b08bd70df4f122c4a31a19b2e1e6d08fdd1ed13ef2de,2023-01-20T10:05:00Z,1933.45,1923.16,2023-02-01T00:00:00Z,2023-01-20T10:00:00Z,-0.1083735580580501,LONG,0.7109364153824822,2.938950862889689,M15_LATEST_CONFIRMED_OPPOSING_SWING_ELSE_CONTROL,2023-01-20T10:05:00Z,CONFIRMED_25_75_RETEST_SPLIT,1933.45,True,74416d8957bb0fb963c88cb51cd2590592880e6c0a1915bff51ca76aa7d13ea1,0.026655600849463265,0.13567017355432512,2023_01,0.05877901725779378,0.16715257531584388,TARGET,2023-01-20T10:09:00Z,SPLIT_CONTROL_TARGET_NO_RETEST,123cc8d2f3034925b9808d99d3182b749340aab787f5ddc30586f17442a0be9a,2023-01-20T10:09:00Z,TARGET_BEFORE_RETEST,2023-01-20T10:20:00Z,,1928.69,False,False,INITIAL_CONFIRMATION_TARGET,839f6f0848e619e1b9ef876d612d94db0fdeded53bccfae54bcfdc4d1e2db913,0879f56c543072171dc0bab27db6345e63d91f4f1ae469fe46b5776ecfa0196f,1926.1344642857143,1.9107142857142858,0.0955357142857143,,M15_LATEST_CONFIRMED_OPPOSING_SWING_ELSE_CONTROL,True,0ef698647fdd48d44367a9db85e349f95a282b4a6814d9e29455ce602a5ccc1c,2023-01-20T09:30:00Z,1926.23,1935.17,69b6c8c68497bbd193383edeb304222067e3cd4bdbbcbd73b82b21f206a2991b
eeced6135defe78b93f68a3d14807108d1d755d012c47753f6bb8e8f5fcc0d2f,1928.69,2023-01-20T10:05:00Z,1d579b38ea6a350d5b87b08bd70df4f122c4a31a19b2e1e6d08fdd1ed13ef2de,2023-01-20T10:05:00Z,1933.45,1923.16,2023-02-01T00:00:00Z,2023-01-20T10:00:00Z,-0.12536443148688292,LONG,1.0,2.0894071914480485,CONTROL_V2_FILLED_STOP,2023-01-20T10:05:00Z,CONFIRMED_25_75_RETEST_SPLIT,1933.45,True,a762725346b08929f2e536ad5c9cf2ed3ba09742ddfdfa7d2c7fbacc836227b9,0.01895043731778366,0.09645286686103113,2023_01,0.04178814382896097,0.16715257531584388,TARGET,2023-01-20T10:09:00Z,SPLIT_CONTROL_TARGET_NO_RETEST,893963aff638093c94619d23c9b7e5908d9c99effb45d80f6cc1ff96caa5c901,2023-01-20T10:09:00Z,TARGET_BEFORE_RETEST,2023-01-20T10:20:00Z,,1928.69,False,False,INITIAL_CONFIRMATION_TARGET,6c9b386cdface4b14a6cb0d1c44b25177aa53f56e28d2429ca470a5ad3a2986f,0879f56c543072171dc0bab27db6345e63d91f4f1ae469fe46b5776ecfa0196f,1923.16,4.9599999999999715,0.24799999999999858,NOT_STRICTLY_CLOSER_THAN_CONTROL,H1_SOURCE_SWING_BUFFERED_ELSE_CONTROL,False,0879f56c543072171dc0bab27db6345e63d91f4f1ae469fe46b5776ecfa0196f,2023-01-20T10:00:00Z,1923.16,1935.17,69b6c8c68497bbd193383edeb304222067e3cd4bdbbcbd73b82b21f206a2991b
1a2e49e4d5bc424754250480623b0859989325e98a1e2a116ba0a8f0e11480c4,1927.64,2023-01-20T13:55:00Z,2fd100e6742ebc7285751a7247964f886572a9200d86ace87fa17c4be66ad985,2023-01-20T13:55:00Z,1927.45,1937.52,2023-02-01T00:00:00Z,2023-01-20T13:00:00Z,0.0,SHORT,1.0,21.3008937437934,CONTROL_V2_FILLED_STOP,2023-01-20T13:55:00Z,CONTROL_NEXT_M1_OPEN,1927.45,True,67363ffdedc5f4e480c04efd4beec5b78129007f36ce6d6b309383bf5c67738a,0.20754716981131394,0.4419066534260252,2023_01,0.426017874875868,0.426017874875868,TARGET,2023-01-20T16:31:00Z,TARGET,621af224ddf3f16c57dbb991fbdc8dec1c0feaf90666bf7b533572f8923782d1,2023-01-20T16:31:00Z,FIRST_RETEST_FILLED,2023-01-20T14:10:00Z,2023-01-20T13:56:00Z,1927.64,True,False,INITIAL_CONFIRMATION_TARGET,64eb7c8046471200bff7bb9612257cdcece59d6bdda6d54a549da953823d8935,ab2edde7a08cfae8b3ef56fffc547a78ff9b7cd555595137eb403e08670ea60c,1937.52,,,,CONTROL_V2_FILLED_STOP,False,,2023-01-20T13:55:00Z,1937.52,1923.16,3f421996d12f78cf9fb82ed5949592051350419ce9932ee22e4273a2fb5ec374
1a2e49e4d5bc424754250480623b0859989325e98a1e2a116ba0a8f0e11480c4,1927.64,2023-01-20T13:55:00Z,2fd100e6742ebc7285751a7247964f886572a9200d86ace87fa17c4be66ad985,2023-01-20T13:55:00Z,1927.45,1937.52,2023-02-01T00:00:00Z,2023-01-20T13:00:00Z,0.6532080150452855,SHORT,0.39474393530995827,53.961294496057675,M5_LATEST_CONFIRMED_OPPOSING_SWING_ELSE_CONTROL,2023-01-20T13:55:00Z,CONTROL_NEXT_M1_OPEN,1927.45,True,79bdb3d36c6b816cf2591704a3664aa959f59063ddab6ecdbd0ca77414d98fb5,0.5257767156025971,1.1194767389625229,2023_01,1.0792258899211535,0.426017874875868,TARGET,2023-01-20T16:31:00Z,TARGET,2d343971428a476f2091d68f4215f6bf93f9629df33f19a5701435a197bd3a65,2023-01-20T16:31:00Z,FIRST_RETEST_FILLED,2023-01-20T14:10:00Z,2023-01-20T13:56:00Z,1927.64,True,False,INITIAL_CONFIRMATION_TARGET,db1ec4a7645dabcaf84f92d4e961222f4352b160c62bcfda831b2996dcb419ac,ab2edde7a08cfae8b3ef56fffc547a78ff9b7cd555595137eb403e08670ea60c,1931.4250714285713,1.1014285714285765,0.055071428571428827,,M5_LATEST_CONFIRMED_OPPOSING_SWING_ELSE_CONTROL,True,d2207281dc8f21b012fab9648d12eb46c6eb29c7f6dc9712150849e9c53d0110,2023-01-20T13:20:00Z,1931.37,1923.16,3f421996d12f78cf9fb82ed5949592051350419ce9932ee22e4273a2fb5ec374
1a2e49e4d5bc424754250480623b0859989325e98a1e2a116ba0a8f0e11480c4,1927.64,2023-01-20T13:55:00Z,2fd100e6742ebc7285751a7247964f886572a9200d86ace87fa17c4be66ad985,2023-01-20T13:55:00Z,1927.45,1937.52,2023-02-01T00:00:00Z,2023-01-20T13:00:00Z,0.6342230889795779,SHORT,0.40181231380336624,53.0120481927723,M15_LATEST_CONFIRMED_OPPOSING_SWING_ELSE_CONTROL,2023-01-20T13:55:00Z,CONTROL_NEXT_M1_OPEN,1927.45,True,ca5e21c1b87c82d646ff08b023c6a5a4e3882ab2af1dcd9ddf10d4651e254321,0.5165276490577656,1.0997837503862058,2023_01,1.060240963855446,0.426017874875868,TARGET,2023-01-20T16:31:00Z,TARGET,5063387f3518a405c0bc31d9c52f36a3a6cad063f1837bbc1ae6a804053f1b93,2023-01-20T16:31:00Z,FIRST_RETEST_FILLED,2023-01-20T14:10:00Z,2023-01-20T13:56:00Z,1927.64,True,False,INITIAL_CONFIRMATION_TARGET,0bf160d7a999a76766f50fc41beb53ec2c8644c3a6a694867597713d937e4c57,ab2edde7a08cfae8b3ef56fffc547a78ff9b7cd555595137eb403e08670ea60c,1931.49625,2.525000000000026,0.1262500000000013,,M15_LATEST_CONFIRMED_OPPOSING_SWING_ELSE_CONTROL,True,d1fdd062640e7288ab938f2de8bf35e26b2d660e064697ca398f25bba19d785e,2023-01-20T13:45:00Z,1931.37,1923.16,3f421996d12f78cf9fb82ed5949592051350419ce9932ee22e4273a2fb5ec374
1a2e49e4d5bc424754250480623b0859989325e98a1e2a116ba0a8f0e11480c4,1927.64,2023-01-20T13:55:00Z,2fd100e6742ebc7285751a7247964f886572a9200d86ace87fa17c4be66ad985,2023-01-20T13:55:00Z,1927.45,1937.52,2023-02-01T00:00:00Z,2023-01-20T13:00:00Z,0.0,SHORT,1.0,21.3008937437934,CONTROL_V2_FILLED_STOP,2023-01-20T13:55:00Z,CONTROL_NEXT_M1_OPEN,1927.45,True,013e032f80749880e9739ebec54f007949f725e7206314b44d5b2e333c452a1f,0.20754716981131394,0.4419066534260252,2023_01,0.426017874875868,0.426017874875868,TARGET,2023-01-20T16:31:00Z,TARGET,166d53118587d108e2445587e540c4430562bf6c4297a47bf7f4877c9bcf1e56,2023-01-20T16:31:00Z,FIRST_RETEST_FILLED,2023-01-20T14:10:00Z,2023-01-20T13:56:00Z,1927.64,True,False,INITIAL_CONFIRMATION_TARGET,a72b8f78d4f8e3958ccb212baf16fe4ee13c8647ab0b1b4fd34d2cd4b7e270e8,ab2edde7a08cfae8b3ef56fffc547a78ff9b7cd555595137eb403e08670ea60c,1937.52,5.076428571428551,0.25382142857142753,NOT_STRICTLY_CLOSER_THAN_CONTROL,H1_SOURCE_SWING_BUFFERED_ELSE_CONTROL,False,ab2edde7a08cfae8b3ef56fffc547a78ff9b7cd555595137eb403e08670ea60c,2023-01-20T13:00:00Z,1937.52,1923.16,3f421996d12f78cf9fb82ed5949592051350419ce9932ee22e4273a2fb5ec374
1a2e49e4d5bc424754250480623b0859989325e98a1e2a116ba0a8f0e11480c4,1927.64,2023-01-20T13:55:00Z,2fd100e6742ebc7285751a7247964f886572a9200d86ace87fa17c4be66ad985,2023-01-20T13:55:00Z,1927.45,1937.52,2023-02-01T00:00:00Z,2023-01-20T13:00:00Z,0.027423420670697973,SHORT,1.0,22.6720647773283,CONTROL_V2_FILLED_STOP,2023-01-20T13:56:00Z,M5_BROKEN_CONTROL_FIRST_RETEST,1927.64,True,67363ffdedc5f4e480c04efd4beec5b78129007f36ce6d6b309383bf5c67738a,0.1923076923076808,0.46963562753038013,2023_01,0.453441295546566,0.426017874875868,TARGET,2023-01-20T16:31:00Z,TARGET,eb8ed9da104f75f6dc062c1ecf9b99fe2cdcf40026d0a7695348bcc09288fb61,2023-01-20T16:31:00Z,FIRST_RETEST_FILLED,2023-01-20T14:10:00Z,2023-01-20T13:56:00Z,1927.64,True,True,INITIAL_CONFIRMATION_TARGET,23c6554a76a81b52f6a4cd313de670942143765fd14b989bf125bb5708bbec53,ab2edde7a08cfae8b3ef56fffc547a78ff9b7cd555595137eb403e08670ea60c,1937.52,,,,CONTROL_V2_FILLED_STOP,False,,2023-01-20T13:55:00Z,1937.52,1923.16,3f421996d12f78cf9fb82ed5949592051350419ce9932ee22e4273a2fb5ec374
1a2e49e4d5bc424754250480623b0859989325e98a1e2a116ba0a8f0e11480c4,1927.64,2023-01-20T13:55:00Z,2fd100e6742ebc7285751a7247964f886572a9200d86ace87fa17c4be66ad985,2023-01-20T13:55:00Z,1927.45,1937.52,2023-02-01T00:00:00Z,2023-01-20T13:00:00Z,0.757579339745559,SHORT,0.39474393530995827,59.17986073107136,M5_LATEST_CONFIRMED_OPPOSING_SWING_ELSE_CONTROL,2023-01-20T13:56:00Z,M5_BROKEN_CONTROL_FIRST_RETEST,1927.64,True,79bdb3d36c6b816cf2591704a3664aa959f59063ddab6ecdbd0ca77414d98fb5,0.5019720329867279,1.225868543715071,2023_01,1.183597214621427,0.426017874875868,TARGET,2023-01-20T16:31:00Z,TARGET,bad075a7176b8e93ba0e0539220bdcba22a967f687be13bf0b660237dceedbfe,2023-01-20T16:31:00Z,FIRST_RETEST_FILLED,2023-01-20T14:10:00Z,2023-01-20T13:56:00Z,1927.64,True,True,INITIAL_CONFIRMATION_TARGET,faf0140a75f86d3dafca735490750499b27c5eafeb92996455e65e2d8b48c03f,ab2edde7a08cfae8b3ef56fffc547a78ff9b7cd555595137eb403e08670ea60c,1931.4250714285713,1.1014285714285765,0.055071428571428827,,M5_LATEST_CONFIRMED_OPPOSING_SWING_ELSE_CONTROL,True,d2207281dc8f21b012fab9648d12eb46c6eb29c7f6dc9712150849e9c53d0110,2023-01-20T13:20:00Z,1931.37,1923.16,3f421996d12f78cf9fb82ed5949592051350419ce9932ee22e4273a2fb5ec374
1a2e49e4d5bc424754250480623b0859989325e98a1e2a116ba0a8f0e11480c4,1927.64,2023-01-20T13:55:00Z,2fd100e6742ebc7285751a7247964f886572a9200d86ace87fa17c4be66ad985,2023-01-20T13:55:00Z,1927.45,1937.52,2023-02-01T00:00:00Z,2023-01-20T13:00:00Z,0.7357325303105773,SHORT,0.40181231380336624,58.08752025932227,M15_LATEST_CONFIRMED_OPPOSING_SWING_ELSE_CONTROL,2023-01-20T13:56:00Z,M5_BROKEN_CONTROL_FIRST_RETEST,1927.64,True,ca5e21c1b87c82d646ff08b023c6a5a4e3882ab2af1dcd9ddf10d4651e254321,0.49270664505671397,1.203241491085982,2023_01,1.1617504051864453,0.426017874875868,TARGET,2023-01-20T16:31:00Z,TARGET,226e014230c5b8ba93eda92cc913c27bea134f553f0953a3cee70ad424fb889c,2023-01-20T16:31:00Z,FIRST_RETEST_FILLED,2023-01-20T14:10:00Z,2023-01-20T13:56:00Z,1927.64,True,True,INITIAL_CONFIRMATION_TARGET,cf4763c2fe925e70d712738a8d5864e353a35ed715f2fe872c363625a1d0e068,ab2edde7a08cfae8b3ef56fffc547a78ff9b7cd555595137eb403e08670ea60c,1931.49625,2.525000000000026,0.1262500000000013,,M15_LATEST_CONFIRMED_OPPOSING_SWING_ELSE_CONTROL,True,d1fdd062640e7288ab938f2de8bf35e26b2d660e064697ca398f25bba19d785e,2023-01-20T13:45:00Z,1931.37,1923.16,3f421996d12f78cf9fb82ed5949592051350419ce9932ee22e4273a2fb5ec374
1a2e49e4d5bc424754250480623b0859989325e98a1e2a116ba0a8f0e11480c4,1927.64,2023-01-20T13:55:00Z,2fd100e6742ebc7285751a7247964f886572a9200d86ace87fa17c4be66ad985,2023-01-20T13:55:00Z,1927.45,1937.52,2023-02-01T00:00:00Z,2023-01-20T13:00:00Z,0.027423420670697973,SHORT,1.0,22.6720647773283,CONTROL_V2_FILLED_STOP,2023-01-20T13:56:00Z,M5_BROKEN_CONTROL_FIRST_RETEST,1927.64,True,013e032f80749880e9739ebec54f007949f725e7206314b44d5b2e333c452a1f,0.1923076923076808,0.46963562753038013,2023_01,0.453441295546566,0.426017874875868,TARGET,2023-01-20T16:31:00Z,TARGET,db09ebec5085a6773e61f7ff0d067f87a574bd70b14e1799afe01d75c256fa4b,2023-01-20T16:31:00Z,FIRST_RETEST_FILLED,2023-01-20T14:10:00Z,2023-01-20T13:56:00Z,1927.64,True,True,INITIAL_CONFIRMATION_TARGET,0b23633f33a9d00765f7ae414e3af281ea01f2e5fe766876ca92025daa3fd0ab,ab2edde7a08cfae8b3ef56fffc547a78ff9b7cd555595137eb403e08670ea60c,1937.52,5.076428571428551,0.25382142857142753,NOT_STRICTLY_CLOSER_THAN_CONTROL,H1_SOURCE_SWING_BUFFERED_ELSE_CONTROL,False,ab2edde7a08cfae8b3ef56fffc547a78ff9b7cd555595137eb403e08670ea60c,2023-01-20T13:00:00Z,1937.52,1923.16,3f421996d12f78cf9fb82ed5949592051350419ce9932ee22e4273a2fb5ec374
1a2e49e4d5bc424754250480623b0859989325e98a1e2a116ba0a8f0e11480c4,1927.64,2023-01-20T13:55:00Z,2fd100e6742ebc7285751a7247964f886572a9200d86ace87fa17c4be66ad985,2023-01-20T13:55:00Z,1927.45,1937.52,2023-02-01T00:00:00Z,2023-01-20T13:00:00Z,0.020567565503023466,SHORT,1.0,22.329272018944575,CONTROL_V2_FILLED_STOP,2023-01-20T13:55:00Z,CONFIRMED_25_75_RETEST_SPLIT,1927.45,True,67363ffdedc5f4e480c04efd4beec5b78129007f36ce6d6b309383bf5c67738a,0.1961175616835891,0.4627033840042914,2023_01,0.4465854403788915,0.426017874875868,TARGET,2023-01-20T16:31:00Z,SPLIT_TARGET_TARGET,1c402e4f8e1dc4e2cdc1a7c5d2b508b55f0c71773e3b50e4d0eaa45b3a15d82e,2023-01-20T16:31:00Z,FIRST_RETEST_FILLED,2023-01-20T14:10:00Z,2023-01-20T13:56:00Z,1927.64,True,True,INITIAL_CONFIRMATION_TARGET,69e5342b926e1c11d67597bbd70e94856e0220c87076f754e8c7a7c155fd0740,ab2edde7a08cfae8b3ef56fffc547a78ff9b7cd555595137eb403e08670ea60c,1937.52,,,,CONTROL_V2_FILLED_STOP,False,,2023-01-20T13:55:00Z,1937.52,1923.16,3f421996d12f78cf9fb82ed5949592051350419ce9932ee22e4273a2fb5ec374
1a2e49e4d5bc424754250480623b0859989325e98a1e2a116ba0a8f0e11480c4,1927.64,2023-01-20T13:55:00Z,2fd100e6742ebc7285751a7247964f886572a9200d86ace87fa17c4be66ad985,2023-01-20T13:55:00Z,1927.45,1937.52,2023-02-01T00:00:00Z,2023-01-20T13:00:00Z,0.7314865085704907,SHORT,0.39474393530995827,57.87521917231794,M5_LATEST_CONFIRMED_OPPOSING_SWING_ELSE_CONTROL,2023-01-20T13:55:00Z,CONFIRMED_25_75_RETEST_SPLIT,1927.45,True,79bdb3d36c6b816cf2591704a3664aa959f59063ddab6ecdbd0ca77414d98fb5,0.5079232036406952,1.199270592526934,2023_01,1.1575043834463588,0.426017874875868,TARGET,2023-01-20T16:31:00Z,SPLIT_TARGET_TARGET,43d582ed53ab40d59d9dc15169f18aaa5ed3b8f25704b0f43f77715ed532c0a6,2023-01-20T16:31:00Z,FIRST_RETEST_FILLED,2023-01-20T14:10:00Z,2023-01-20T13:56:00Z,1927.64,True,True,INITIAL_CONFIRMATION_TARGET,3ba614d85619a545538c52e08dcebf86539c1473bbb8839920a26b23b3d9e3a3,ab2edde7a08cfae8b3ef56fffc547a78ff9b7cd555595137eb403e08670ea60c,1931.4250714285713,1.1014285714285765,0.055071428571428827,,M5_LATEST_CONFIRMED_OPPOSING_SWING_ELSE_CONTROL,True,d2207281dc8f21b012fab9648d12eb46c6eb29c7f6dc9712150849e9c53d0110,2023-01-20T13:20:00Z,1931.37,1923.16,3f421996d12f78cf9fb82ed5949592051350419ce9932ee22e4273a2fb5ec374
1a2e49e4d5bc424754250480623b0859989325e98a1e2a116ba0a8f0e11480c4,1927.64,2023-01-20T13:55:00Z,2fd100e6742ebc7285751a7247964f886572a9200d86ace87fa17c4be66ad985,2023-01-20T13:55:00Z,1927.45,1937.52,2023-02-01T00:00:00Z,2023-01-20T13:00:00Z,0.7103551699778274,SHORT,0.40181231380336624,56.81865224268478,M15_LATEST_CONFIRMED_OPPOSING_SWING_ELSE_CONTROL,2023-01-20T13:55:00Z,CONFIRMED_25_75_RETEST_SPLIT,1927.45,True,ca5e21c1b87c82d646ff08b023c6a5a4e3882ab2af1dcd9ddf10d4651e254321,0.49866189605697686,1.1773770559110381,2023_01,1.1363730448536955,0.426017874875868,TARGET,2023-01-20T16:31:00Z,SPLIT_TARGET_TARGET,0353090151c8e23dfb2a50012883b759a3996073e1d318d5c74ba593b64b5035,2023-01-20T16:31:00Z,FIRST_RETEST_FILLED,2023-01-20T14:10:00Z,2023-01-20T13:56:00Z,1927.64,True,True,INITIAL_CONFIRMATION_TARGET,dfed7fd063269bb08bb2db322f6c4663bf547e277f124d74f06e8cc6236ccbfd,ab2edde7a08cfae8b3ef56fffc547a78ff9b7cd555595137eb403e08670ea60c,1931.49625,2.525000000000026,0.1262500000000013,,M15_LATEST_CONFIRMED_OPPOSING_SWING_ELSE_CONTROL,True,d1fdd062640e7288ab938f2de8bf35e26b2d660e064697ca398f25bba19d785e,2023-01-20T13:45:00Z,1931.37,1923.16,3f421996d12f78cf9fb82ed5949592051350419ce9932ee22e4273a2fb5ec374
1a2e49e4d5bc424754250480623b0859989325e98a1e2a116ba0a8f0e11480c4,1927.64,2023-01-20T13:55:00Z,2fd100e6742ebc7285751a7247964f886572a9200d86ace87fa17c4be66ad985,2023-01-20T13:55:00Z,1927.45,1937.52,2023-02-01T00:00:00Z,2023-01-20T13:00:00Z,0.020567565503023466,SHORT,1.0,22.329272018944575,CONTROL_V2_FILLED_STOP,2023-01-20T13:55:00Z,CONFIRMED_25_75_RETEST_SPLIT,1927.45,True,013e032f80749880e9739ebec54f007949f725e7206314b44d5b2e333c452a1f,0.1961175616835891,0.4627033840042914,2023_01,0.4465854403788915,0.426017874875868,TARGET,2023-01-20T16:31:00Z,SPLIT_TARGET_TARGET,46c02ebb66fc35cc5dcb71be2b620a31bb6319c8fafa7eacd4475bb4880224e5,2023-01-20T16:31:00Z,FIRST_RETEST_FILLED,2023-01-20T14:10:00Z,2023-01-20T13:56:00Z,1927.64,True,True,INITIAL_CONFIRMATION_TARGET,50359456d65ba744798f54e6f0bec9d57a70c26f3e51d27254b217bbfbd593d1,ab2edde7a08cfae8b3ef56fffc547a78ff9b7cd555595137eb403e08670ea60c,1937.52,5.076428571428551,0.25382142857142753,NOT_STRICTLY_CLOSER_THAN_CONTROL,H1_SOURCE_SWING_BUFFERED_ELSE_CONTROL,False,ab2edde7a08cfae8b3ef56fffc547a78ff9b7cd555595137eb403e08670ea60c,2023-01-20T13:00:00Z,1937.52,1923.16,3f421996d12f78cf9fb82ed5949592051350419ce9932ee22e4273a2fb5ec374
318ed8c05ff5d49847da05404b6c4a8c704e93d9c4f101895ccd80d1a2ca7519,1929.01,2023-01-20T21:00:00Z,f3e1349034d786ade839697fbb4bb99d8e4733f7774f20142054ea7e3ba2771c,2023-01-20T21:00:00Z,1929.43,1920.71,2023-02-01T00:00:00Z,2023-01-20T19:00:00Z,0.0,LONG,1.0,-50.0,CONTROL_V2_FILLED_STOP,2023-01-20T21:00:00Z,CONTROL_NEXT_M1_OPEN,1929.43,True,389a761c156ed318bad776599c588748513f1704c9d00d561d9394bbba3f8a92,1.0217889908256943,0.7006880733944817,2023_01,-1.0,-1.0,STOP,2023-01-23T09:27:00Z,STOP,838e68fdc74b2ee86106cb1a844893d09f331e95a792fb61922229739a5f20c6,2023-01-23T09:27:00Z,FIRST_RETEST_FILLED,2023-01-20T21:15:00Z,2023-01-20T21:00:00Z,1929.01,True,False,INITIAL_CONFIRMATION_STOP,a30aebee76f0f45ab65d5577b46b43669febfab2254a4c10d801af565c344773,34d6adad80e89d7d7f358e268bc20e8ae1119f999a8d710e07264c589be3e252,1920.71,,,,CONTROL_V2_FILLED_STOP,False,,2023-01-20T21:00:00Z,1920.71,1937.52,a979b5defdfc4c7dd4d7e23831709dcb1c5fbd3a37452f132e65d6886055851a
318ed8c05ff5d49847da05404b6c4a8c704e93d9c4f101895ccd80d1a2ca7519,1929.01,2023-01-20T21:00:00Z,f3e1349034d786ade839697fbb4bb99d8e4733f7774f20142054ea7e3ba2771c,2023-01-20T21:00:00Z,1929.43,1920.71,2023-02-01T00:00:00Z,2023-01-20T19:00:00Z,0.0,LONG,0.5374262778506098,-50.0,M5_LATEST_CONFIRMED_OPPOSING_SWING_ELSE_CONTROL,2023-01-20T21:00:00Z,CONTROL_NEXT_M1_OPEN,1929.43,True,3bd12237f6705f55e616784d4c27ac805bdc1e7fc0abd038a31c326ae2d74dc5,1.0989345973875286,0.3350150131841397,2023_01,-1.0,-1.0,STOP,2023-01-23T09:27:00Z,STOP,520be28051acdbc4f242ebb3c90e07f2fa8d101838df7165a52736f51117bde9,2023-01-23T01:03:00Z,FIRST_RETEST_FILLED,2023-01-20T21:15:00Z,2023-01-20T21:00:00Z,1929.01,True,False,INITIAL_CONFIRMATION_STOP,7ec6d96ce2bcff563fe8812156b06a0216709a6a187ca6358cf4a14d7d472994,34d6adad80e89d7d7f358e268bc20e8ae1119f999a8d710e07264c589be3e252,1924.7436428571427,1.1271428571428228,0.05635714285714114,,M5_LATEST_CONFIRMED_OPPOSING_SWING_ELSE_CONTROL,True,3ef79dad1d77a73ceb0e17963b57b6401c56c0e240c0d9b498b7841f4fafe263,2023-01-20T20:35:00Z,1924.8,1937.52,a979b5defdfc4c7dd4d7e23831709dcb1c5fbd3a37452f132e65d6886055851a
318ed8c05ff5d49847da05404b6c4a8c704e93d9c4f101895ccd80d1a2ca7519,1929.01,2023-01-20T21:00:00Z,f3e1349034d786ade839697fbb4bb99d8e4733f7774f20142054ea7e3ba2771c,2023-01-20T21:00:00Z,1929.43,1920.71,2023-02-01T00:00:00Z,2023-01-20T19:00:00Z,0.0,LONG,0.5742300131061793,-50.0,M15_LATEST_CONFIRMED_OPPOSING_SWING_ELSE_CONTROL,2023-01-20T21:00:00Z,CONTROL_NEXT_M1_OPEN,1929.43,True,c5aee912cacfc6d976be291da5fb054ce8deca812179787d3e680bdb67088fa0,1.0285013266383072,0.3135431228780676,2023_01,-1.0,-1.0,STOP,2023-01-23T09:27:00Z,STOP,13ff61c1c427987fb82df73f0b65010646770fe71b1afca45f31c3cfb75984b5,2023-01-23T01:03:00Z,FIRST_RETEST_FILLED,2023-01-20T21:15:00Z,2023-01-20T21:00:00Z,1929.01,True,False,INITIAL_CONFIRMATION_STOP,e2f243c3bc49ebededdca4e521a11a93e4546d79fcc379eef03ddbe79e9e3fcd,34d6adad80e89d7d7f358e268bc20e8ae1119f999a8d710e07264c589be3e252,1924.4227142857142,2.34571428571428,0.117285714285714,,M15_LATEST_CONFIRMED_OPPOSING_SWING_ELSE_CONTROL,True,36ff66ef2b74bda9fb18d0047018a0a1ea0fc0f7b09b7dec8fd1c347730fdaf4,2023-01-20T20:30:00Z,1924.54,1937.52,a979b5defdfc4c7dd4d7e23831709dcb1c5fbd3a37452f132e65d6886055851a
318ed8c05ff5d49847da05404b6c4a8c704e93d9c4f101895ccd80d1a2ca7519,1929.01,2023-01-20T21:00:00Z,f3e1349034d786ade839697fbb4bb99d8e4733f7774f20142054ea7e3ba2771c,2023-01-20T21:00:00Z,1929.43,1920.71,2023-02-01T00:00:00Z,2023-01-20T19:00:00Z,0.0,LONG,1.0,-50.0,CONTROL_V2_FILLED_STOP,2023-01-20T21:00:00Z,CONTROL_NEXT_M1_OPEN,1929.43,True,0dbe0e9f173f45e46471ba09972cf14494379b96cf1c40c068fc52b727ac5fec,1.0217889908256943,0.7006880733944817,2023_01,-1.0,-1.0,STOP,2023-01-23T09:27:00Z,STOP,b03716dcdeee3237b520e71d86d1e60e7e45bbaaececc675462a9fdae98dd9f6,2023-01-23T09:27:00Z,FIRST_RETEST_FILLED,2023-01-20T21:15:00Z,2023-01-20T21:00:00Z,1929.01,True,False,INITIAL_CONFIRMATION_STOP,d8fe375e57a285578b212438ba4ab391f014137f2ec5bce206c18d6700dfdd51,34d6adad80e89d7d7f358e268bc20e8ae1119f999a8d710e07264c589be3e252,1920.71,5.130714285714248,0.2565357142857124,NOT_STRICTLY_CLOSER_THAN_CONTROL,H1_SOURCE_SWING_BUFFERED_ELSE_CONTROL,False,34d6adad80e89d7d7f358e268bc20e8ae1119f999a8d710e07264c589be3e252,2023-01-20T19:00:00Z,1920.71,1937.52,a979b5defdfc4c7dd4d7e23831709dcb1c5fbd3a37452f132e65d6886055851a
318ed8c05ff5d49847da05404b6c4a8c704e93d9c4f101895ccd80d1a2ca7519,1929.01,2023-01-20T21:00:00Z,f3e1349034d786ade839697fbb4bb99d8e4733f7774f20142054ea7e3ba2771c,2023-01-20T21:00:00Z,1929.43,1920.71,2023-02-01T00:00:00Z,2023-01-20T19:00:00Z,0.0,LONG,1.0,-50.0,CONTROL_V2_FILLED_STOP,2023-01-20T21:00:00Z,M5_BROKEN_CONTROL_FIRST_RETEST,1929.01,True,389a761c156ed318bad776599c588748513f1704c9d00d561d9394bbba3f8a92,1.0228915662650668,0.7867469879518083,2023_01,-1.0,-1.0,STOP,2023-01-23T09:27:00Z,STOP,e57a24f104ea73c7dcfb9811ed39933115a67598419d12acd229e81c9a3346d7,2023-01-23T09:27:00Z,FIRST_RETEST_FILLED,2023-01-20T21:15:00Z,2023-01-20T21:00:00Z,1929.01,True,True,INITIAL_CONFIRMATION_STOP,52eb624ea21146a5156bfe2e20c11b97765348d43a36c15453c196c76660171b,34d6adad80e89d7d7f358e268bc20e8ae1119f999a8d710e07264c589be3e252,1920.71,,,,CONTROL_V2_FILLED_STOP,False,,2023-01-20T21:00:00Z,1920.71,1937.52,a979b5defdfc4c7dd4d7e23831709dcb1c5fbd3a37452f132e65d6886055851a
318ed8c05ff5d49847da05404b6c4a8c704e93d9c4f101895ccd80d1a2ca7519,1929.01,2023-01-20T21:00:00Z,f3e1349034d786ade839697fbb4bb99d8e4733f7774f20142054ea7e3ba2771c,2023-01-20T21:00:00Z,1929.43,1920.71,2023-02-01T00:00:00Z,2023-01-20T19:00:00Z,0.0,LONG,0.5374262778506098,-50.0,M5_LATEST_CONFIRMED_OPPOSING_SWING_ELSE_CONTROL,2023-01-20T21:00:00Z,M5_BROKEN_CONTROL_FIRST_RETEST,1929.01,True,3bd12237f6705f55e616784d4c27ac805bdc1e7fc0abd038a31c326ae2d74dc5,1.1086741783722889,0.46644008772956796,2023_01,-1.0,-1.0,STOP,2023-01-23T09:27:00Z,STOP,4e661d0a8b50a28d25da660be36a38f5a67ec8daef275a79d2da5987afcdd2e4,2023-01-23T01:03:00Z,FIRST_RETEST_FILLED,2023-01-20T21:15:00Z,2023-01-20T21:00:00Z,1929.01,True,True,INITIAL_CONFIRMATION_STOP,92d02570483cece5e0ce5e365c920801b563139d707787ca25db7ff6eef0320b,34d6adad80e89d7d7f358e268bc20e8ae1119f999a8d710e07264c589be3e252,1924.7436428571427,1.1271428571428228,0.05635714285714114,,M5_LATEST_CONFIRMED_OPPOSING_SWING_ELSE_CONTROL,True,3ef79dad1d77a73ceb0e17963b57b6401c56c0e240c0d9b498b7841f4fafe263,2023-01-20T20:35:00Z,1924.8,1937.52,a979b5defdfc4c7dd4d7e23831709dcb1c5fbd3a37452f132e65d6886055851a
318ed8c05ff5d49847da05404b6c4a8c704e93d9c4f101895ccd80d1a2ca7519,1929.01,2023-01-20T21:00:00Z,f3e1349034d786ade839697fbb4bb99d8e4733f7774f20142054ea7e3ba2771c,2023-01-20T21:00:00Z,1929.43,1920.71,2023-02-01T00:00:00Z,2023-01-20T19:00:00Z,0.0,LONG,0.5742300131061793,-50.0,M15_LATEST_CONFIRMED_OPPOSING_SWING_ELSE_CONTROL,2023-01-20T21:00:00Z,M5_BROKEN_CONTROL_FIRST_RETEST,1929.01,True,c5aee912cacfc6d976be291da5fb054ce8deca812179787d3e680bdb67088fa0,1.031110834293523,0.43380772943850154,2023_01,-1.0,-1.0,STOP,2023-01-23T09:27:00Z,STOP,6038765d1ce684f1e608547c9a26fe001dddc030ffeef25b17c02d83a446ae8d,2023-01-23T01:03:00Z,FIRST_RETEST_FILLED,2023-01-20T21:15:00Z,2023-01-20T21:00:00Z,1929.01,True,True,INITIAL_CONFIRMATION_STOP,20f6ca26e30aaea185c8cad60a0e736969f02657ee62233ac90a102905479b67,34d6adad80e89d7d7f358e268bc20e8ae1119f999a8d710e07264c589be3e252,1924.4227142857142,2.34571428571428,0.117285714285714,,M15_LATEST_CONFIRMED_OPPOSING_SWING_ELSE_CONTROL,True,36ff66ef2b74bda9fb18d0047018a0a1ea0fc0f7b09b7dec8fd1c347730fdaf4,2023-01-20T20:30:00Z,1924.54,1937.52,a979b5defdfc4c7dd4d7e23831709dcb1c5fbd3a37452f132e65d6886055851a
318ed8c05ff5d49847da05404b6c4a8c704e93d9c4f101895ccd80d1a2ca7519,1929.01,2023-01-20T21:00:00Z,f3e1349034d786ade839697fbb4bb99d8e4733f7774f20142054ea7e3ba2771c,2023-01-20T21:00:00Z,1929.43,1920.71,2023-02-01T00:00:00Z,2023-01-20T19:00:00Z,0.0,LONG,1.0,-50.0,CONTROL_V2_FILLED_STOP,2023-01-20T21:00:00Z,M5_BROKEN_CONTROL_FIRST_RETEST,1929.01,True,0dbe0e9f173f45e46471ba09972cf14494379b96cf1c40c068fc52b727ac5fec,1.0228915662650668,0.7867469879518083,2023_01,-1.0,-1.0,STOP,2023-01-23T09:27:00Z,STOP,89e0c605d430a0dffb4467fa0bc56e939b89a0982de40b8eceddeb05ac27b65e,2023-01-23T09:27:00Z,FIRST_RETEST_FILLED,2023-01-20T21:15:00Z,2023-01-20T21:00:00Z,1929.01,True,True,INITIAL_CONFIRMATION_STOP,277982299f5fe334af95d8ae1e23e35e1cdb8b6d5a90bbc3fccf8b05b52f44fd,34d6adad80e89d7d7f358e268bc20e8ae1119f999a8d710e07264c589be3e252,1920.71,5.130714285714248,0.2565357142857124,NOT_STRICTLY_CLOSER_THAN_CONTROL,H1_SOURCE_SWING_BUFFERED_ELSE_CONTROL,False,34d6adad80e89d7d7f358e268bc20e8ae1119f999a8d710e07264c589be3e252,2023-01-20T19:00:00Z,1920.71,1937.52,a979b5defdfc4c7dd4d7e23831709dcb1c5fbd3a37452f132e65d6886055851a
318ed8c05ff5d49847da05404b6c4a8c704e93d9c4f101895ccd80d1a2ca7519,1929.01,2023-01-20T21:00:00Z,f3e1349034d786ade839697fbb4bb99d8e4733f7774f20142054ea7e3ba2771c,2023-01-20T21:00:00Z,1929.43,1920.71,2023-02-01T00:00:00Z,2023-01-20T19:00:00Z,0.0,LONG,1.0,-50.0,CONTROL_V2_FILLED_STOP,2023-01-20T21:00:00Z,CONFIRMED_25_75_RETEST_SPLIT,1929.43,True,389a761c156ed318bad776599c588748513f1704c9d00d561d9394bbba3f8a92,1.0226159224052238,0.7652322593124766,2023_01,-1.0,-1.0,STOP,2023-01-23T09:27:00Z,SPLIT_STOP_STOP,d2b0c944958a5d75ebd6e536d705ed53ee080ebf3b8434722fde7eac6d8236d3,2023-01-23T09:27:00Z,FIRST_RETEST_FILLED,2023-01-20T21:15:00Z,2023-01-20T21:00:00Z,1929.01,True,True,INITIAL_CONFIRMATION_STOP,b1b3667da60e24b1a26672275e783f8965ab2edd7d3276b9e01e935b86a90245,34d6adad80e89d7d7f358e268bc20e8ae1119f999a8d710e07264c589be3e252,1920.71,,,,CONTROL_V2_FILLED_STOP,False,,2023-01-20T21:00:00Z,1920.71,1937.52,a979b5defdfc4c7dd4d7e23831709dcb1c5fbd3a37452f132e65d6886055851a
318ed8c05ff5d49847da05404b6c4a8c704e93d9c4f101895ccd80d1a2ca7519,1929.01,2023-01-20T21:00:00Z,f3e1349034d786ade839697fbb4bb99d8e4733f7774f20142054ea7e3ba2771c,2023-01-20T21:00:00Z,1929.43,1920.71,2023-02-01T00:00:00Z,2023-01-20T19:00:00Z,0.0,LONG,0.5374262778506098,-50.0,M5_LATEST_CONFIRMED_OPPOSING_SWING_ELSE_CONTROL,2023-01-20T21:00:00Z,CONFIRMED_25_75_RETEST_SPLIT,1929.43,True,3bd12237f6705f55e616784d4c27ac805bdc1e7fc0abd038a31c326ae2d74dc5,1.1062392831260988,0.43358381909321086,2023_01,-1.0,-1.0,STOP,2023-01-23T09:27:00Z,SPLIT_STOP_STOP,ffe74ccda603ecf4add942dd6381a0fd03d5bf5a4212ffd4dbe6b69928c885ca,2023-01-23T01:03:00Z,FIRST_RETEST_FILLED,2023-01-20T21:15:00Z,2023-01-20T21:00:00Z,1929.01,True,True,INITIAL_CONFIRMATION_STOP,b7bf3b23341c905c28ea23ff1c1898a1ddf07e94537d5088a7bd20b6d833837e,34d6adad80e89d7d7f358e268bc20e8ae1119f999a8d710e07264c589be3e252,1924.7436428571427,1.1271428571428228,0.05635714285714114,,M5_LATEST_CONFIRMED_OPPOSING_SWING_ELSE_CONTROL,True,3ef79dad1d77a73ceb0e17963b57b6401c56c0e240c0d9b498b7841f4fafe263,2023-01-20T20:35:00Z,1924.8,1937.52,a979b5defdfc4c7dd4d7e23831709dcb1c5fbd3a37452f132e65d6886055851a
318ed8c05ff5d49847da05404b6c4a8c704e93d9c4f101895ccd80d1a2ca7519,1929.01,2023-01-20T21:00:00Z,f3e1349034d786ade839697fbb4bb99d8e4733f7774f20142054ea7e3ba2771c,2023-01-20T21:00:00Z,1929.43,1920.71,2023-02-01T00:00:00Z,2023-01-20T19:00:00Z,0.0,LONG,0.5742300131061793,-50.0,M15_LATEST_CONFIRMED_OPPOSING_SWING_ELSE_CONTROL,2023-01-20T21:00:00Z,CONFIRMED_25_75_RETEST_SPLIT,1929.43,True,c5aee912cacfc6d976be291da5fb054ce8deca812179787d3e680bdb67088fa0,1.0304584573797189,0.4037415777983931,2023_01,-1.0,-1.0,STOP,2023-01-23T09:27:00Z,SPLIT_STOP_STOP,640cb0fb90fbced00aa78855019f59031818312f0ea337706c65604dc801e710,2023-01-23T01:03:00Z,FIRST_RETEST_FILLED,2023-01-20T21:15:00Z,2023-01-20T21:00:00Z,1929.01,True,True,INITIAL_CONFIRMATION_STOP,8de18f17568f169f46a71b6e82b55d147db4a024eaa7148508b8ff5cbd8d03f9,34d6adad80e89d7d7f358e268bc20e8ae1119f999a8d710e07264c589be3e252,1924.4227142857142,2.34571428571428,0.117285714285714,,M15_LATEST_CONFIRMED_OPPOSING_SWING_ELSE_CONTROL,True,36ff66ef2b74bda9fb18d0047018a0a1ea0fc0f7b09b7dec8fd1c347730fdaf4,2023-01-20T20:30:00Z,1924.54,1937.52,a979b5defdfc4c7dd4d7e23831709dcb1c5fbd3a37452f132e65d6886055851a
318ed8c05ff5d49847da05404b6c4a8c704e93d9c4f101895ccd80d1a2ca7519,1929.01,2023-01-20T21:00:00Z,f3e1349034d786ade839697fbb4bb99d8e4733f7774f20142054ea7e3ba2771c,2023-01-20T21:00:00Z,1929.43,1920.71,2023-02-01T00:00:00Z,2023-01-20T19:00:00Z,0.0,LONG,1.0,-50.0,CONTROL_V2_FILLED_STOP,2023-01-20T21:00:00Z,CONFIRMED_25_75_RETEST_SPLIT,1929.43,True,0dbe0e9f173f45e46471ba09972cf14494379b96cf1c40c068fc52b727ac5fec,1.0226159224052238,0.7652322593124766,2023_01,-1.0,-1.0,STOP,2023-01-23T09:27:00Z,SPLIT_STOP_STOP,dd9ee7f9bcf004236124e3f232cc69cdca2e295b7a87407e09870e41004633e2,2023-01-23T09:27:00Z,FIRST_RETEST_FILLED,2023-01-20T21:15:00Z,2023-01-20T21:00:00Z,1929.01,True,True,INITIAL_CONFIRMATION_STOP,86e1195668898ffa9f53a4da56a9172ffce166af4b14521f0b3a9a1ed7ed2335,34d6adad80e89d7d7f358e268bc20e8ae1119f999a8d710e07264c589be3e252,1920.71,5.130714285714248,0.2565357142857124,NOT_STRICTLY_CLOSER_THAN_CONTROL,H1_SOURCE_SWING_BUFFERED_ELSE_CONTROL,False,34d6adad80e89d7d7f358e268bc20e8ae1119f999a8d710e07264c589be3e252,2023-01-20T19:00:00Z,1920.71,1937.52,a979b5defdfc4c7dd4d7e23831709dcb1c5fbd3a37452f132e65d6886055851a
3ed42d85132ad5208365e6c105184bffdf2cf95ed6f79f1c1685d8e9cddb6349,1929.9,2023-01-20T22:05:00Z,86e57e8af03548609f1f158270a8c5139140071f9e3dca23483dfa663e4997db,2023-01-20T22:05:00Z,1929.27,1931.02,2023-02-01T00:00:00Z,2023-01-20T20:00:00Z,0.0,SHORT,1.0,-50.0,CONTROL_V2_FILLED_STOP,2023-01-20T22:05:00Z,CONTROL_NEXT_M1_OPEN,1929.27,True,e1bca0e7b4d363f8ad1cfda054390c6b207f21ea9d86548e495f5d4fef1edbb2,1.1028571428571792,3.0799999999999272,2023_01,-1.0,-1.0,STOP,2023-01-23T02:48:00Z,STOP,6cd67612743cdbefe825f3cea43d52ccc8940248e65b8ae574b61a86794ffec6,2023-01-23T02:48:00Z,FIRST_RETEST_FILLED,2023-01-20T22:20:00Z,2023-01-20T22:07:00Z,1929.9,True,False,RECLAIM_CONFIRMATION_STOP,04594d3d88dfc208f9d92bef2da0f28b4014d42a8db6b3fd540e370467699f2e,9e9d508b393212536bc87238706f6e36e8285823a9a53bbbddc9d0def61a6c84,1931.02,,,,CONTROL_V2_FILLED_STOP,False,,2023-01-20T22:05:00Z,1931.02,1920.71,77b1b34d02072b1c93add29af64faffdb451ef85102d3e3c89b9d838d0be3ad2
3ed42d85132ad5208365e6c105184bffdf2cf95ed6f79f1c1685d8e9cddb6349,1929.9,2023-01-20T22:05:00Z,86e57e8af03548609f1f158270a8c5139140071f9e3dca23483dfa663e4997db,2023-01-20T22:05:00Z,1929.27,1931.02,2023-02-01T00:00:00Z,2023-01-20T20:00:00Z,0.0,SHORT,1.0,-50.0,CONTROL_V2_FILLED_STOP,2023-01-20T22:05:00Z,CONTROL_NEXT_M1_OPEN,1929.27,True,5b0a4b83d2efe81d048776d6de526368b7c2cdb6ed9226557708e8852f9220b2,1.1028571428571792,3.0799999999999272,2023_01,-1.0,-1.0,STOP,2023-01-23T02:48:00Z,STOP,78c702392a55c3a6ebcc28724e6f34886372a165674340f49e34b10c545ba5e5,2023-01-23T02:48:00Z,FIRST_RETEST_FILLED,2023-01-20T22:20:00Z,2023-01-20T22:07:00Z,1929.9,True,False,RECLAIM_CONFIRMATION_STOP,26b6c1c7e4b1d76c98dfe4f1031f98a7b97bc8d9cd1b43df87cc8cc081c60f38,9e9d508b393212536bc87238706f6e36e8285823a9a53bbbddc9d0def61a6c84,1931.02,0.9021428571428325,0.045107142857141624,NOT_STRICTLY_CLOSER_THAN_CONTROL,M5_LATEST_CONFIRMED_OPPOSING_SWING_ELSE_CONTROL,False,1c2d39e79ae75c910607cfb55775e088624ea5b2bac7f3b55ea8262e3d88022f,2023-01-20T22:00:00Z,1931.0,1920.71,77b1b34d02072b1c93add29af64faffdb451ef85102d3e3c89b9d838d0be3ad2
3ed42d85132ad5208365e6c105184bffdf2cf95ed6f79f1c1685d8e9cddb6349,1929.9,2023-01-20T22:05:00Z,86e57e8af03548609f1f158270a8c5139140071f9e3dca23483dfa663e4997db,2023-01-20T22:05:00Z,1929.27,1931.02,2023-02-01T00:00:00Z,2023-01-20T20:00:00Z,0.0,SHORT,1.0,-50.0,CONTROL_V2_FILLED_STOP,2023-01-20T22:05:00Z,CONTROL_NEXT_M1_OPEN,1929.27,True,046294ca54487578576016deda388920f1497f0e399491760db8c95cc1b5f86f,1.1028571428571792,3.0799999999999272,2023_01,-1.0,-1.0,STOP,2023-01-23T02:48:00Z,STOP,214265a8b216f2aaae8e508c298e823261d7e8865bef6b3ff55869ccacdcb182,2023-01-23T02:48:00Z,FIRST_RETEST_FILLED,2023-01-20T22:20:00Z,2023-01-20T22:07:00Z,1929.9,True,False,RECLAIM_CONFIRMATION_STOP,bb74daa9223d862b68231df3d2e151b7efa9683bbbaacbac1bb64e0725c177f2,9e9d508b393212536bc87238706f6e36e8285823a9a53bbbddc9d0def61a6c84,1931.02,1.7299999999999696,0.08649999999999848,INVALID_STOP_ENTRY_TARGET_ORDER,M15_LATEST_CONFIRMED_OPPOSING_SWING_ELSE_CONTROL,False,430524b14c460742c8574b7d547b44d77f3c03a7122f4e5a12340828fecbaad6,2023-01-20T20:00:00Z,1926.56,1920.71,77b1b34d02072b1c93add29af64faffdb451ef85102d3e3c89b9d838d0be3ad2
3ed42d85132ad5208365e6c105184bffdf2cf95ed6f79f1c1685d8e9cddb6349,1929.9,2023-01-20T22:05:00Z,86e57e8af03548609f1f158270a8c5139140071f9e3dca23483dfa663e4997db,2023-01-20T22:05:00Z,1929.27,1931.02,2023-02-01T00:00:00Z,2023-01-20T20:00:00Z,0.0,SHORT,1.0,-50.0,CONTROL_V2_FILLED_STOP,2023-01-20T22:05:00Z,CONTROL_NEXT_M1_OPEN,1929.27,True,059549ef319d824d815c2f2a4b17dcdb6ad379611ae550ad6774703668e2f24d,1.1028571428571792,3.0799999999999272,2023_01,-1.0,-1.0,STOP,2023-01-23T02:48:00Z,STOP,7a372aab30fd099659a7bca4b20205ba40a2a12a6d95e803b42967a1f926f23c,2023-01-23T02:48:00Z,FIRST_RETEST_FILLED,2023-01-20T22:20:00Z,2023-01-20T22:07:00Z,1929.9,True,False,RECLAIM_CONFIRMATION_STOP,fbf6c6ae106f0478495c5db814bd0dc43e5216ee906441e4a64c3ecda95c1eeb,9e9d508b393212536bc87238706f6e36e8285823a9a53bbbddc9d0def61a6c84,1931.02,4.974285714285689,0.24871428571428447,NOT_STRICTLY_CLOSER_THAN_CONTROL,H1_SOURCE_SWING_BUFFERED_ELSE_CONTROL,False,9e9d508b393212536bc87238706f6e36e8285823a9a53bbbddc9d0def61a6c84,2023-01-20T20:00:00Z,1930.96,1920.71,77b1b34d02072b1c93add29af64faffdb451ef85102d3e3c89b9d838d0be3ad2
3ed42d85132ad5208365e6c105184bffdf2cf95ed6f79f1c1685d8e9cddb6349,1929.9,2023-01-20T22:05:00Z,86e57e8af03548609f1f158270a8c5139140071f9e3dca23483dfa663e4997db,2023-01-20T22:05:00Z,1929.27,1931.02,2023-02-01T00:00:00Z,2023-01-20T20:00:00Z,0.0,SHORT,1.0,-50.0,CONTROL_V2_FILLED_STOP,2023-01-20T22:07:00Z,M5_BROKEN_CONTROL_FIRST_RETEST,1929.9,True,e1bca0e7b4d363f8ad1cfda054390c6b207f21ea9d86548e495f5d4fef1edbb2,1.1607142857143582,5.375000000000507,2023_01,-1.0,-1.0,STOP,2023-01-23T02:48:00Z,STOP,f0581e290a3cf7a06af4054f92f08c33aa624539821bc40fb5059bf7a79bba3c,2023-01-23T02:48:00Z,FIRST_RETEST_FILLED,2023-01-20T22:20:00Z,2023-01-20T22:07:00Z,1929.9,True,True,RECLAIM_CONFIRMATION_STOP,212846cfb88a7b0101e63f9ea56ffd2327a283c6ec0909e23b5083303ed5b8f1,9e9d508b393212536bc87238706f6e36e8285823a9a53bbbddc9d0def61a6c84,1931.02,,,,CONTROL_V2_FILLED_STOP,False,,2023-01-20T22:05:00Z,1931.02,1920.71,77b1b34d02072b1c93add29af64faffdb451ef85102d3e3c89b9d838d0be3ad2
3ed42d85132ad5208365e6c105184bffdf2cf95ed6f79f1c1685d8e9cddb6349,1929.9,2023-01-20T22:05:00Z,86e57e8af03548609f1f158270a8c5139140071f9e3dca23483dfa663e4997db,2023-01-20T22:05:00Z,1929.27,1931.02,2023-02-01T00:00:00Z,2023-01-20T20:00:00Z,0.0,SHORT,1.0,-50.0,CONTROL_V2_FILLED_STOP,2023-01-20T22:07:00Z,M5_BROKEN_CONTROL_FIRST_RETEST,1929.9,True,5b0a4b83d2efe81d048776d6de526368b7c2cdb6ed9226557708e8852f9220b2,1.1607142857143582,5.375000000000507,2023_01,-1.0,-1.0,STOP,2023-01-23T02:48:00Z,STOP,c61eb4da8499f36b516e4f4e1a6f3db60b01e6d873a16edddb5a3e4e1143327d,2023-01-23T02:48:00Z,FIRST_RETEST_FILLED,2023-01-20T22:20:00Z,2023-01-20T22:07:00Z,1929.9,True,True,RECLAIM_CONFIRMATION_STOP,f4296228ca0dcdd3ec5240578254e0f74814c1269626477ec7e448eae68d7fe7,9e9d508b393212536bc87238706f6e36e8285823a9a53bbbddc9d0def61a6c84,1931.02,0.9021428571428325,0.045107142857141624,NOT_STRICTLY_CLOSER_THAN_CONTROL,M5_LATEST_CONFIRMED_OPPOSING_SWING_ELSE_CONTROL,False,1c2d39e79ae75c910607cfb55775e088624ea5b2bac7f3b55ea8262e3d88022f,2023-01-20T22:00:00Z,1931.0,1920.71,77b1b34d02072b1c93add29af64faffdb451ef85102d3e3c89b9d838d0be3ad2
3ed42d85132ad5208365e6c105184bffdf2cf95ed6f79f1c1685d8e9cddb6349,1929.9,2023-01-20T22:05:00Z,86e57e8af03548609f1f158270a8c5139140071f9e3dca23483dfa663e4997db,2023-01-20T22:05:00Z,1929.27,1931.02,2023-02-01T00:00:00Z,2023-01-20T20:00:00Z,0.0,SHORT,1.0,-50.0,CONTROL_V2_FILLED_STOP,2023-01-20T22:07:00Z,M5_BROKEN_CONTROL_FIRST_RETEST,1929.9,True,046294ca54487578576016deda388920f1497f0e399491760db8c95cc1b5f86f,1.1607142857143582,5.375000000000507,2023_01,-1.0,-1.0,STOP,2023-01-23T02:48:00Z,STOP,03bb7b0af32b59ae8362170420a9f2d0d13f9f996b6494a32b86f0281753f19e,2023-01-23T02:48:00Z,FIRST_RETEST_FILLED,2023-01-20T22:20:00Z,2023-01-20T22:07:00Z,1929.9,True,True,RECLAIM_CONFIRMATION_STOP,05ca51e5f8aa50244c80221c9d68513be2a33b47bea87047704c866e3aede2a2,9e9d508b393212536bc87238706f6e36e8285823a9a53bbbddc9d0def61a6c84,1931.02,1.7299999999999696,0.08649999999999848,INVALID_STOP_ENTRY_TARGET_ORDER,M15_LATEST_CONFIRMED_OPPOSING_SWING_ELSE_CONTROL,False,430524b14c460742c8574b7d547b44d77f3c03a7122f4e5a12340828fecbaad6,2023-01-20T20:00:00Z,1926.56,1920.71,77b1b34d02072b1c93add29af64faffdb451ef85102d3e3c89b9d838d0be3ad2
3ed42d85132ad5208365e6c105184bffdf2cf95ed6f79f1c1685d8e9cddb6349,1929.9,2023-01-20T22:05:00Z,86e57e8af03548609f1f158270a8c5139140071f9e3dca23483dfa663e4997db,2023-01-20T22:05:00Z,1929.27,1931.02,2023-02-01T00:00:00Z,2023-01-20T20:00:00Z,0.0,SHORT,1.0,-50.0,CONTROL_V2_FILLED_STOP,2023-01-20T22:07:00Z,M5_BROKEN_CONTROL_FIRST_RETEST,1929.9,True,059549ef319d824d815c2f2a4b17dcdb6ad379611ae550ad6774703668e2f24d,1.1607142857143582,5.375000000000507,2023_01,-1.0,-1.0,STOP,2023-01-23T02:48:00Z,STOP,dcb6e1a8c3c0eae26abae14bcce938d1b0d366da1efa2f759434f5a113b95a48,2023-01-23T02:48:00Z,FIRST_RETEST_FILLED,2023-01-20T22:20:00Z,2023-01-20T22:07:00Z,1929.9,True,True,RECLAIM_CONFIRMATION_STOP,1f547efc05db2344a211887098a4cffc2386baa9678e433b9437b62a9094abdf,9e9d508b393212536bc87238706f6e36e8285823a9a53bbbddc9d0def61a6c84,1931.02,4.974285714285689,0.24871428571428447,NOT_STRICTLY_CLOSER_THAN_CONTROL,H1_SOURCE_SWING_BUFFERED_ELSE_CONTROL,False,9e9d508b393212536bc87238706f6e36e8285823a9a53bbbddc9d0def61a6c84,2023-01-20T20:00:00Z,1930.96,1920.71,77b1b34d02072b1c93add29af64faffdb451ef85102d3e3c89b9d838d0be3ad2
3ed42d85132ad5208365e6c105184bffdf2cf95ed6f79f1c1685d8e9cddb6349,1929.9,2023-01-20T22:05:00Z,86e57e8af03548609f1f158270a8c5139140071f9e3dca23483dfa663e4997db,2023-01-20T22:05:00Z,1929.27,1931.02,2023-02-01T00:00:00Z,2023-01-20T20:00:00Z,0.0,SHORT,1.0,-50.0,CONTROL_V2_FILLED_STOP,2023-01-20T22:05:00Z,CONFIRMED_25_75_RETEST_SPLIT,1929.27,True,e1bca0e7b4d363f8ad1cfda054390c6b207f21ea9d86548e495f5d4fef1edbb2,1.1462500000000633,4.801250000000362,2023_01,-1.0,-1.0,STOP,2023-01-23T02:48:00Z,SPLIT_STOP_STOP,443471cd1aecb913c394f924d75a7ade417481982b702eb52874987a0a687438,2023-01-23T02:48:00Z,FIRST_RETEST_FILLED,2023-01-20T22:20:00Z,2023-01-20T22:07:00Z,1929.9,True,True,RECLAIM_CONFIRMATION_STOP,1c3ef60bf6298e8dccf8c30618c142fba7c9b8e48f52c287d575a30414bb009b,9e9d508b393212536bc87238706f6e36e8285823a9a53bbbddc9d0def61a6c84,1931.02,,,,CONTROL_V2_FILLED_STOP,False,,2023-01-20T22:05:00Z,1931.02,1920.71,77b1b34d02072b1c93add29af64faffdb451ef85102d3e3c89b9d838d0be3ad2
3ed42d85132ad5208365e6c105184bffdf2cf95ed6f79f1c1685d8e9cddb6349,1929.9,2023-01-20T22:05:00Z,86e57e8af03548609f1f158270a8c5139140071f9e3dca23483dfa663e4997db,2023-01-20T22:05:00Z,1929.27,1931.02,2023-02-01T00:00:00Z,2023-01-20T20:00:00Z,0.0,SHORT,1.0,-50.0,CONTROL_V2_FILLED_STOP,2023-01-20T22:05:00Z,CONFIRMED_25_75_RETEST_SPLIT,1929.27,True,5b0a4b83d2efe81d048776d6de526368b7c2cdb6ed9226557708e8852f9220b2,1.1462500000000633,4.801250000000362,2023_01,-1.0,-1.0,STOP,2023-01-23T02:48:00Z,SPLIT_STOP_STOP,31dbdb56b4ba7ef891e6f00cb205c0c21ee2e5a64b8b73b5eef9abb79211c1fe,2023-01-23T02:48:00Z,FIRST_RETEST_FILLED,2023-01-20T22:20:00Z,2023-01-20T22:07:00Z,1929.9,True,True,RECLAIM_CONFIRMATION_STOP,3f8b108c49f6ff8427ce2e7dea41077c7502939f5dd2a40165431c16e0aa8a5f,9e9d508b393212536bc87238706f6e36e8285823a9a53bbbddc9d0def61a6c84,1931.02,0.9021428571428325,0.045107142857141624,NOT_STRICTLY_CLOSER_THAN_CONTROL,M5_LATEST_CONFIRMED_OPPOSING_SWING_ELSE_CONTROL,False,1c2d39e79ae75c910607cfb55775e088624ea5b2bac7f3b55ea8262e3d88022f,2023-01-20T22:00:00Z,1931.0,1920.71,77b1b34d02072b1c93add29af64faffdb451ef85102d3e3c89b9d838d0be3ad2
3ed42d85132ad5208365e6c105184bffdf2cf95ed6f79f1c1685d8e9cddb6349,1929.9,2023-01-20T22:05:00Z,86e57e8af03548609f1f158270a8c5139140071f9e3dca23483dfa663e4997db,2023-01-20T22:05:00Z,1929.27,1931.02,2023-02-01T00:00:00Z,2023-01-20T20:00:00Z,0.0,SHORT,1.0,-50.0,CONTROL_V2_FILLED_STOP,2023-01-20T22:05:00Z,CONFIRMED_25_75_RETEST_SPLIT,1929.27,True,046294ca54487578576016deda388920f1497f0e399491760db8c95cc1b5f86f,1.1462500000000633,4.801250000000362,2023_01,-1.0,-1.0,STOP,2023-01-23T02:48:00Z,SPLIT_STOP_STOP,43c36c72ab3efdc2cc41e2e541279edd2ceee1ad520f530fac3f81b9a3132efd,2023-01-23T02:48:00Z,FIRST_RETEST_FILLED,2023-01-20T22:20:00Z,2023-01-20T22:07:00Z,1929.9,True,True,RECLAIM_CONFIRMATION_STOP,469f00a6c865fb3e557adeefb5f9a75e698ca0860328ab98e413ad173fdff738,9e9d508b393212536bc87238706f6e36e8285823a9a53bbbddc9d0def61a6c84,1931.02,1.7299999999999696,0.08649999999999848,INVALID_STOP_ENTRY_TARGET_ORDER,M15_LATEST_CONFIRMED_OPPOSING_SWING_ELSE_CONTROL,False,430524b14c460742c8574b7d547b44d77f3c03a7122f4e5a12340828fecbaad6,2023-01-20T20:00:00Z,1926.56,1920.71,77b1b34d02072b1c93add29af64faffdb451ef85102d3e3c89b9d838d0be3ad2
3ed42d85132ad5208365e6c105184bffdf2cf95ed6f79f1c1685d8e9cddb6349,1929.9,2023-01-20T22:05:00Z,86e57e8af03548609f1f158270a8c5139140071f9e3dca23483dfa663e4997db,2023-01-20T22:05:00Z,1929.27,1931.02,2023-02-01T00:00:00Z,2023-01-20T20:00:00Z,0.0,SHORT,1.0,-50.0,CONTROL_V2_FILLED_STOP,2023-01-20T22:05:00Z,CONFIRMED_25_75_RETEST_SPLIT,1929.27,True,059549ef319d824d815c2f2a4b17dcdb6ad379611ae550ad6774703668e2f24d,1.1462500000000633,4.801250000000362,2023_01,-1.0,-1.0,STOP,2023-01-23T02:48:00Z,SPLIT_STOP_STOP,08b64ad4c671634bf4dfe71fd951ac041c4737e48c2511fae7a6f090b9250d7f,2023-01-23T02:48:00Z,FIRST_RETEST_FILLED,2023-01-20T22:20:00Z,2023-01-20T22:07:00Z,1929.9,True,True,RECLAIM_CONFIRMATION_STOP,eaae14f912203605cc3291a39754b6a0eee5ecd1fb67a8d9ee222a549ebe6607,9e9d508b393212536bc87238706f6e36e8285823a9a53bbbddc9d0def61a6c84,1931.02,4.974285714285689,0.24871428571428447,NOT_STRICTLY_CLOSER_THAN_CONTROL,H1_SOURCE_SWING_BUFFERED_ELSE_CONTROL,False,9e9d508b393212536bc87238706f6e36e8285823a9a53bbbddc9d0def61a6c84,2023-01-20T20:00:00Z,1930.96,1920.71,77b1b34d02072b1c93add29af64faffdb451ef85102d3e3c89b9d838d0be3ad2
2097f4a0a75ff3898e18f80502c53b10ef0ee4a7dcd62127298358d6475c8c54,1928.73,2023-01-23T07:15:00Z,2138a67f013dbd91fdcd944202b564cb0e96ebb939237dfdd83b9ebf23929c3e,2023-01-23T07:15:00Z,1927.4,1935.54,2023-02-01T00:00:00Z,2023-01-23T07:00:00Z,0.0,SHORT,1.0,28.31695331695454,CONTROL_V2_FILLED_STOP,2023-01-23T07:15:00Z,CONTROL_NEXT_M1_OPEN,1927.4,True,eb976f8d6e4d7369033dfc3359455bd393c86f3091e41966a3d5bf0623d0d18a,0.20147420147418899,0.5798525798525923,2023_01,0.5663390663390908,0.5663390663390908,TARGET,2023-01-23T08:25:00Z,TARGET,baa912eec81baa7430ab4cc3f1e60c1a5209fa158cbbe8bb7c93982a801441e9,2023-01-23T08:25:00Z,FIRST_RETEST_FILLED,2023-01-23T07:30:00Z,2023-01-23T07:28:00Z,1928.73,True,False,INITIAL_CONFIRMATION_TARGET,02005d9238451963a8fb9a0921d497ff7e960ca9a7a58a2f51fcdefbccf49315,feaa0135c218232551240c191e6845b403515c9e8b085cd22cd147a953cf9432,1935.54,,,,CONTROL_V2_FILLED_STOP,False,,2023-01-23T07:15:00Z,1935.54,1922.79,8548189192cffcb9bd822e83108817f68ed11382701046deaaf227d6a3694b8d
2097f4a0a75ff3898e18f80502c53b10ef0ee4a7dcd62127298358d6475c8c54,1928.73,2023-01-23T07:15:00Z,2138a67f013dbd91fdcd944202b564cb0e96ebb939237dfdd83b9ebf23929c3e,2023-01-23T07:15:00Z,1927.4,1935.54,2023-02-01T00:00:00Z,2023-01-23T07:00:00Z,0.6164921043962579,SHORT,0.478799578799573,59.141558536767434,M5_LATEST_CONFIRMED_OPPOSING_SWING_ELSE_CONTROL,2023-01-23T07:15:00Z,CONTROL_NEXT_M1_OPEN,1927.4,True,13e44e583968c2c55beeaf28512a426a6df71aabbd247f7b0e69fdf5d244e64c,0.4207902646433336,1.211054907997988,2023_01,1.1828311707353487,0.5663390663390908,TARGET,2023-01-23T08:25:00Z,TARGET,4102b2814ab36776520d8c3ec3d001073b0ed41c5772d3e9a07aadae9ac1070c,2023-01-23T08:25:00Z,FIRST_RETEST_FILLED,2023-01-23T07:30:00Z,2023-01-23T07:28:00Z,1928.73,True,False,INITIAL_CONFIRMATION_TARGET,fae9e0107954a937744a1fc111f6342e72912f4a2fe01f38bc7e851c9f488aec,feaa0135c218232551240c191e6845b403515c9e8b085cd22cd147a953cf9432,1931.2974285714286,0.7485714285714461,0.0374285714285723,,M5_LATEST_CONFIRMED_OPPOSING_SWING_ELSE_CONTROL,True,cfaaf1dd065fa88cb275fa6fb94cd8c4a61c3803554d28376f3d1b8d69dbed8f,2023-01-23T06:30:00Z,1931.26,1922.79,8548189192cffcb9bd822e83108817f68ed11382701046deaaf227d6a3694b8d
2097f4a0a75ff3898e18f80502c53b10ef0ee4a7dcd62127298358d6475c8c54,1928.73,2023-01-23T07:15:00Z,2138a67f013dbd91fdcd944202b564cb0e96ebb939237dfdd83b9ebf23929c3e,2023-01-23T07:15:00Z,1927.4,1935.54,2023-02-01T00:00:00Z,2023-01-23T07:00:00Z,0.0,SHORT,1.0,28.31695331695454,CONTROL_V2_FILLED_STOP,2023-01-23T07:15:00Z,CONTROL_NEXT_M1_OPEN,1927.4,True,e58462b7e8767a9bb7cfe1f5075e655b2eb57aa0552e22a36c88f7aa1ffbbc55,0.20147420147418899,0.5798525798525923,2023_01,0.5663390663390908,0.5663390663390908,TARGET,2023-01-23T08:25:00Z,TARGET,92d6bb77fbaa84c1930f679c03986c7b3b9e038c7f4761d3a5b42d4d863d2ea9,2023-01-23T08:25:00Z,FIRST_RETEST_FILLED,2023-01-23T07:30:00Z,2023-01-23T07:28:00Z,1928.73,True,False,INITIAL_CONFIRMATION_TARGET,d98b04c887307dbd4c0708790797cbdeaf01213bd22a0588184c34e613160eac,feaa0135c218232551240c191e6845b403515c9e8b085cd22cd147a953cf9432,1935.54,1.5121428571428948,0.07560714285714475,NOT_STRICTLY_CLOSER_THAN_CONTROL,M15_LATEST_CONFIRMED_OPPOSING_SWING_ELSE_CONTROL,False,a540abae78fb6e939f8e9d030604a54b8a2099a078c99d12287611141c1ae607,2023-01-23T05:00:00Z,1935.54,1922.79,8548189192cffcb9bd822e83108817f68ed11382701046deaaf227d6a3694b8d
2097f4a0a75ff3898e18f80502c53b10ef0ee4a7dcd62127298358d6475c8c54,1928.73,2023-01-23T07:15:00Z,2138a67f013dbd91fdcd944202b564cb0e96ebb939237dfdd83b9ebf23929c3e,2023-01-23T07:15:00Z,1927.4,1935.54,2023-02-01T00:00:00Z,2023-01-23T07:00:00Z,0.0,SHORT,1.0,28.31695331695454,CONTROL_V2_FILLED_STOP,2023-01-23T07:15:00Z,CONTROL_NEXT_M1_OPEN,1927.4,True,a2d0b2dcd40b8eb9507843b0611a434b3ca1dd6578b27f8c7600b1fee0dffcba,0.20147420147418899,0.5798525798525923,2023_01,0.5663390663390908,0.5663390663390908,TARGET,2023-01-23T08:25:00Z,TARGET,eb1a6d65b4567cd7a290145370d74b8fa1def93ffeb9cb318cac470471d795bd,2023-01-23T08:25:00Z,FIRST_RETEST_FILLED,2023-01-23T07:30:00Z,2023-01-23T07:28:00Z,1928.73,True,False,INITIAL_CONFIRMATION_TARGET,f99bee0cbb79514db3ea66e91c350624677d26297ded27efae61076e1387f73b,feaa0135c218232551240c191e6845b403515c9e8b085cd22cd147a953cf9432,1935.54,4.088571428571429,0.20442857142857146,NOT_STRICTLY_CLOSER_THAN_CONTROL,H1_SOURCE_SWING_BUFFERED_ELSE_CONTROL,False,feaa0135c218232551240c191e6845b403515c9e8b085cd22cd147a953cf9432,2023-01-23T07:00:00Z,1935.54,1922.79,8548189192cffcb9bd822e83108817f68ed11382701046deaaf227d6a3694b8d
2097f4a0a75ff3898e18f80502c53b10ef0ee4a7dcd62127298358d6475c8c54,1928.73,2023-01-23T07:15:00Z,2138a67f013dbd91fdcd944202b564cb0e96ebb939237dfdd83b9ebf23929c3e,2023-01-23T07:15:00Z,1927.4,1935.54,2023-02-01T00:00:00Z,2023-01-23T07:00:00Z,0.30590762969616647,SHORT,1.0,43.61233480176286,CONTROL_V2_FILLED_STOP,2023-01-23T07:28:00Z,M5_BROKEN_CONTROL_FIRST_RETEST,1928.73,True,eb976f8d6e4d7369033dfc3359455bd393c86f3091e41966a3d5bf0623d0d18a,0.04552129221731981,0.888399412628488,2023_01,0.8722466960352573,0.5663390663390908,TARGET,2023-01-23T08:25:00Z,TARGET,a8f7f7f3188fb9e4f1836a9317c9d18cbe25515b9548e8fd41c9cff32186f4f0,2023-01-23T08:25:00Z,FIRST_RETEST_FILLED,2023-01-23T07:30:00Z,2023-01-23T07:28:00Z,1928.73,True,True,INITIAL_CONFIRMATION_TARGET,03bd84a580de4a5efa6f1c4addeb983f3760ac00880cb3ffe2f2a501e9589e92,feaa0135c218232551240c191e6845b403515c9e8b085cd22cd147a953cf9432,1935.54,,,,CONTROL_V2_FILLED_STOP,False,,2023-01-23T07:15:00Z,1935.54,1922.79,8548189192cffcb9bd822e83108817f68ed11382701046deaaf227d6a3694b8d
2097f4a0a75ff3898e18f80502c53b10ef0ee4a7dcd62127298358d6475c8c54,1928.73,2023-01-23T07:15:00Z,2138a67f013dbd91fdcd944202b564cb0e96ebb939237dfdd83b9ebf23929c3e,2023-01-23T07:15:00Z,1927.4,1935.54,2023-02-01T00:00:00Z,2023-01-23T07:00:00Z,1.7472598653324511,SHORT,0.478799578799573,115.67994658357709,M5_LATEST_CONFIRMED_OPPOSING_SWING_ELSE_CONTROL,2023-01-23T07:28:00Z,M5_BROKEN_CONTROL_FIRST_RETEST,1928.73,True,13e44e583968c2c55beeaf28512a426a6df71aabbd247f7b0e69fdf5d244e64c,0.1207433785888965,2.356443356332087,2023_01,2.313598931671542,0.5663390663390908,TARGET,2023-01-23T08:25:00Z,TARGET,d17c64d2a67144fd6e4e84b6041e46c535bbe0feee82b77ac197c8c602c10e74,2023-01-23T08:25:00Z,FIRST_RETEST_FILLED,2023-01-23T07:30:00Z,2023-01-23T07:28:00Z,1928.73,True,True,INITIAL_CONFIRMATION_TARGET,eff0bd2c3d7cba6b5e230c68e35e08af91ed535251d35d85885177ae1856ba4b,feaa0135c218232551240c191e6845b403515c9e8b085cd22cd147a953cf9432,1931.2974285714286,0.7485714285714461,0.0374285714285723,,M5_LATEST_CONFIRMED_OPPOSING_SWING_ELSE_CONTROL,True,cfaaf1dd065fa88cb275fa6fb94cd8c4a61c3803554d28376f3d1b8d69dbed8f,2023-01-23T06:30:00Z,1931.26,1922.79,8548189192cffcb9bd822e83108817f68ed11382701046deaaf227d6a3694b8d
2097f4a0a75ff3898e18f80502c53b10ef0ee4a7dcd62127298358d6475c8c54,1928.73,2023-01-23T07:15:00Z,2138a67f013dbd91fdcd944202b564cb0e96ebb939237dfdd83b9ebf23929c3e,2023-01-23T07:15:00Z,1927.4,1935.54,2023-02-01T00:00:00Z,2023-01-23T07:00:00Z,0.30590762969616647,SHORT,1.0,43.61233480176286,CONTROL_V2_FILLED_STOP,2023-01-23T07:28:00Z,M5_BROKEN_CONTROL_FIRST_RETEST,1928.73,True,e58462b7e8767a9bb7cfe1f5075e655b2eb57aa0552e22a36c88f7aa1ffbbc55,0.04552129221731981,0.888399412628488,2023_01,0.8722466960352573,0.5663390663390908,TARGET,2023-01-23T08:25:00Z,TARGET,b4a8f6d7c5ad17ac92c8e966942a1d01073abdf0fad9e689fedf77130df4e3db,2023-01-23T08:25:00Z,FIRST_RETEST_FILLED,2023-01-23T07:30:00Z,2023-01-23T07:28:00Z,1928.73,True,True,INITIAL_CONFIRMATION_TARGET,6a6a34a544c5efc8ce7b1c9820f46a7e84fe8ff4bb31dc405e6619a7afcf9cb9,feaa0135c218232551240c191e6845b403515c9e8b085cd22cd147a953cf9432,1935.54,1.5121428571428948,0.07560714285714475,NOT_STRICTLY_CLOSER_THAN_CONTROL,M15_LATEST_CONFIRMED_OPPOSING_SWING_ELSE_CONTROL,False,a540abae78fb6e939f8e9d030604a54b8a2099a078c99d12287611141c1ae607,2023-01-23T05:00:00Z,1935.54,1922.79,8548189192cffcb9bd822e83108817f68ed11382701046deaaf227d6a3694b8d
2097f4a0a75ff3898e18f80502c53b10ef0ee4a7dcd62127298358d6475c8c54,1928.73,2023-01-23T07:15:00Z,2138a67f013dbd91fdcd944202b564cb0e96ebb939237dfdd83b9ebf23929c3e,2023-01-23T07:15:00Z,1927.4,1935.54,2023-02-01T00:00:00Z,2023-01-23T07:00:00Z,0.30590762969616647,SHORT,1.0,43.61233480176286,CONTROL_V2_FILLED_STOP,2023-01-23T07:28:00Z,M5_BROKEN_CONTROL_FIRST_RETEST,1928.73,True,a2d0b2dcd40b8eb9507843b0611a434b3ca1dd6578b27f8c7600b1fee0dffcba,0.04552129221731981,0.888399412628488,2023_01,0.8722466960352573,0.5663390663390908,TARGET,2023-01-23T08:25:00Z,TARGET,45cd213bcc7c4bd9861f2b3237823a9f0eb3e7e13f5f1395627e32f8c3706898,2023-01-23T08:25:00Z,FIRST_RETEST_FILLED,2023-01-23T07:30:00Z,2023-01-23T07:28:00Z,1928.73,True,True,INITIAL_CONFIRMATION_TARGET,243e17977215d2d58dd955896c30bf35234ce1453b140f620f694629bd17eb1e,feaa0135c218232551240c191e6845b403515c9e8b085cd22cd147a953cf9432,1935.54,4.088571428571429,0.20442857142857146,NOT_STRICTLY_CLOSER_THAN_CONTROL,H1_SOURCE_SWING_BUFFERED_ELSE_CONTROL,False,feaa0135c218232551240c191e6845b403515c9e8b085cd22cd147a953cf9432,2023-01-23T07:00:00Z,1935.54,1922.79,8548189192cffcb9bd822e83108817f68ed11382701046deaaf227d6a3694b8d
2097f4a0a75ff3898e18f80502c53b10ef0ee4a7dcd62127298358d6475c8c54,1928.73,2023-01-23T07:15:00Z,2138a67f013dbd91fdcd944202b564cb0e96ebb939237dfdd83b9ebf23929c3e,2023-01-23T07:15:00Z,1927.4,1935.54,2023-02-01T00:00:00Z,2023-01-23T07:00:00Z,0.2294307222721248,SHORT,1.0,39.78848943056078,CONTROL_V2_FILLED_STOP,2023-01-23T07:15:00Z,CONFIRMED_25_75_RETEST_SPLIT,1927.4,True,eb976f8d6e4d7369033dfc3359455bd393c86f3091e41966a3d5bf0623d0d18a,0.0845095195315371,0.8112627044345141,2023_01,0.7957697886112156,0.5663390663390908,TARGET,2023-01-23T08:25:00Z,SPLIT_TARGET_TARGET,0b478f17234ebcbe586fd92c521c87789bdbe04a214247d9a9f96412e3955115,2023-01-23T08:25:00Z,FIRST_RETEST_FILLED,2023-01-23T07:30:00Z,2023-01-23T07:28:00Z,1928.73,True,True,INITIAL_CONFIRMATION_TARGET,67cacf6e2c74aed39206d4ab9ad048044dbabd754d0da6daf2255ae1101df775,feaa0135c218232551240c191e6845b403515c9e8b085cd22cd147a953cf9432,1935.54,,,,CONTROL_V2_FILLED_STOP,False,,2023-01-23T07:15:00Z,1935.54,1922.79,8548189192cffcb9bd822e83108817f68ed11382701046deaaf227d6a3694b8d
2097f4a0a75ff3898e18f80502c53b10ef0ee4a7dcd62127298358d6475c8c54,1928.73,2023-01-23T07:15:00Z,2138a67f013dbd91fdcd944202b564cb0e96ebb939237dfdd83b9ebf23929c3e,2023-01-23T07:15:00Z,1927.4,1935.54,2023-02-01T00:00:00Z,2023-01-23T07:00:00Z,1.464567925098403,SHORT,0.478799578799573,101.54534957187468,M5_LATEST_CONFIRMED_OPPOSING_SWING_ELSE_CONTROL,2023-01-23T07:15:00Z,CONFIRMED_25_75_RETEST_SPLIT,1927.4,True,13e44e583968c2c55beeaf28512a426a6df71aabbd247f7b0e69fdf5d244e64c,0.19575510010250577,2.070096244248562,2023_01,2.0309069914374938,0.5663390663390908,TARGET,2023-01-23T08:25:00Z,SPLIT_TARGET_TARGET,1447abc16a24bfe699d5c330ffef75ee1f8c1b9f6de58e06224fae3bfb5af6be,2023-01-23T08:25:00Z,FIRST_RETEST_FILLED,2023-01-23T07:30:00Z,2023-01-23T07:28:00Z,1928.73,True,True,INITIAL_CONFIRMATION_TARGET,3f7d0c391c166c5b485bf0c48d6cf2c78d33c1c620a0074dd7bb8c475f772ac7,feaa0135c218232551240c191e6845b403515c9e8b085cd22cd147a953cf9432,1931.2974285714286,0.7485714285714461,0.0374285714285723,,M5_LATEST_CONFIRMED_OPPOSING_SWING_ELSE_CONTROL,True,cfaaf1dd065fa88cb275fa6fb94cd8c4a61c3803554d28376f3d1b8d69dbed8f,2023-01-23T06:30:00Z,1931.26,1922.79,8548189192cffcb9bd822e83108817f68ed11382701046deaaf227d6a3694b8d
2097f4a0a75ff3898e18f80502c53b10ef0ee4a7dcd62127298358d6475c8c54,1928.73,2023-01-23T07:15:00Z,2138a67f013dbd91fdcd944202b564cb0e96ebb939237dfdd83b9ebf23929c3e,2023-01-23T07:15:00Z,1927.4,1935.54,2023-02-01T00:00:00Z,2023-01-23T07:00:00Z,0.2294307222721248,SHORT,1.0,39.78848943056078,CONTROL_V2_FILLED_STOP,2023-01-23T07:15:00Z,CONFIRMED_25_75_RETEST_SPLIT,1927.4,True,e58462b7e8767a9bb7cfe1f5075e655b2eb57aa0552e22a36c88f7aa1ffbbc55,0.0845095195315371,0.8112627044345141,2023_01,0.7957697886112156,0.5663390663390908,TARGET,2023-01-23T08:25:00Z,SPLIT_TARGET_TARGET,60f9f02962f336d47a961feb10823bc5e8a09c3d04f95bdddf4ce70106d120eb,2023-01-23T08:25:00Z,FIRST_RETEST_FILLED,2023-01-23T07:30:00Z,2023-01-23T07:28:00Z,1928.73,True,True,INITIAL_CONFIRMATION_TARGET,0eb0f3104c0c5356c0ec5b2c30cceae70ce8fd7aa3355de8956b071762eaad49,feaa0135c218232551240c191e6845b403515c9e8b085cd22cd147a953cf9432,1935.54,1.5121428571428948,0.07560714285714475,NOT_STRICTLY_CLOSER_THAN_CONTROL,M15_LATEST_CONFIRMED_OPPOSING_SWING_ELSE_CONTROL,False,a540abae78fb6e939f8e9d030604a54b8a2099a078c99d12287611141c1ae607,2023-01-23T05:00:00Z,1935.54,1922.79,8548189192cffcb9bd822e83108817f68ed11382701046deaaf227d6a3694b8d
2097f4a0a75ff3898e18f80502c53b10ef0ee4a7dcd62127298358d6475c8c54,1928.73,2023-01-23T07:15:00Z,2138a67f013dbd91fdcd944202b564cb0e96ebb939237dfdd83b9ebf23929c3e,2023-01-23T07:15:00Z,1927.4,1935.54,2023-02-01T00:00:00Z,2023-01-23T07:00:00Z,0.2294307222721248,SHORT,1.0,39.78848943056078,CONTROL_V2_FILLED_STOP,2023-01-23T07:15:00Z,CONFIRMED_25_75_RETEST_SPLIT,1927.4,True,a2d0b2dcd40b8eb9507843b0611a434b3ca1dd6578b27f8c7600b1fee0dffcba,0.0845095195315371,0.8112627044345141,2023_01,0.7957697886112156,0.5663390663390908,TARGET,2023-01-23T08:25:00Z,SPLIT_TARGET_TARGET,08f6571d181abb290b061a1cd1e2fed4cd23e246ea819cf2ec54f440dfa6fd8b,2023-01-23T08:25:00Z,FIRST_RETEST_FILLED,2023-01-23T07:30:00Z,2023-01-23T07:28:00Z,1928.73,True,True,INITIAL_CONFIRMATION_TARGET,69e0970f9c129e5c4a2b552fa6bb762991fd523b444603ee529bd8b70c25b88f,feaa0135c218232551240c191e6845b403515c9e8b085cd22cd147a953cf9432,1935.54,4.088571428571429,0.20442857142857146,NOT_STRICTLY_CLOSER_THAN_CONTROL,H1_SOURCE_SWING_BUFFERED_ELSE_CONTROL,False,feaa0135c218232551240c191e6845b403515c9e8b085cd22cd147a953cf9432,2023-01-23T07:00:00Z,1935.54,1922.79,8548189192cffcb9bd822e83108817f68ed11382701046deaaf227d6a3694b8d
e73a431334b5bf76fa66bf32015530b35976a63f622b5eacc68fd91ef5272bff,1922.24,2023-01-23T20:05:00Z,ed498da6957094d66c4895879b877a1130889891987d72b416020fb1fe0819d9,2023-01-23T20:05:00Z,1924.92,1911.44,2023-02-01T00:00:00Z,2023-01-23T20:00:00Z,0.0,LONG,1.0,16.691394658753687,CONTROL_V2_FILLED_STOP,2023-01-23T20:05:00Z,CONTROL_NEXT_M1_OPEN,1924.92,True,9b3e28c95f8373b143772f466477a2054389c1164f273b7226831ce2ed49d434,0.03264094955490015,0.3449554896142327,2023_01,0.3338278931750737,0.3338278931750737,TARGET,2023-01-23T20:49:00Z,TARGET,eae64d0d7f4ee325f9ac4ee2605bca1ac2bef56213a9a72cd4c090a2a97c3d7a,2023-01-23T20:49:00Z,RETEST_EXPIRED,2023-01-23T20:20:00Z,,1922.24,False,False,INITIAL_CONFIRMATION_TARGET,22f3b0e177274fdbbfb53ca00b58aa917da0496112d2567e4f8e28780faefd02,d3cbebf005596e7aa27afff710e80dc7376f3d7f80176fee326b462d1c0fc6d4,1911.44,,,,CONTROL_V2_FILLED_STOP,False,,2023-01-23T20:05:00Z,1911.44,1929.42,a3981c00b3db571e473759017eca4334c20a45fcd6f38f459d2258f2507e7829
e73a431334b5bf76fa66bf32015530b35976a63f622b5eacc68fd91ef5272bff,1922.24,2023-01-23T20:05:00Z,ed498da6957094d66c4895879b877a1130889891987d72b416020fb1fe0819d9,2023-01-23T20:05:00Z,1924.92,1911.44,2023-02-01T00:00:00Z,2023-01-23T20:00:00Z,0.7263587333278869,LONG,0.31487653666808585,53.00933132514803,M5_LATEST_CONFIRMED_OPPOSING_SWING_ELSE_CONTROL,2023-01-23T20:05:00Z,CONTROL_NEXT_M1_OPEN,1924.92,True,08cb120f135d8000194016b30c2cc16f9a26efe146a69a5ebb5353df42e65f0d,0.10366269236919123,1.0955261807196939,2023_01,1.0601866265029607,0.3338278931750737,TARGET,2023-01-23T20:49:00Z,TARGET,deda9a1fd58d0b0ad28ac2093d91692497fad4ee7340e7a2f24429c7085cdd9f,2023-01-23T20:49:00Z,RETEST_EXPIRED,2023-01-23T20:20:00Z,,1922.24,False,False,INITIAL_CONFIRMATION_TARGET,ab7796de0822393fc2c2021e663e9726116faf2d2a6a8be31ff869535b299398,d3cbebf005596e7aa27afff710e80dc7376f3d7f80176fee326b462d1c0fc6d4,1920.6754642857143,1.2907142857142975,0.06453571428571488,,M5_LATEST_CONFIRMED_OPPOSING_SWING_ELSE_CONTROL,True,2cb14fba541b12b7217f8967ae2333fd98d7afe45d1650bbcfee1a401e76bc99,2023-01-23T19:50:00Z,1920.74,1929.42,a3981c00b3db571e473759017eca4334c20a45fcd6f38f459d2258f2507e7829
e73a431334b5bf76fa66bf32015530b35976a63f622b5eacc68fd91ef5272bff,1922.24,2023-01-23T20:05:00Z,ed498da6957094d66c4895879b877a1130889891987d72b416020fb1fe0819d9,2023-01-23T20:05:00Z,1924.92,1911.44,2023-02-01T00:00:00Z,2023-01-23T20:00:00Z,0.43715382354420323,LONG,0.4329906740144192,38.54908583596385,M15_LATEST_CONFIRMED_OPPOSING_SWING_ELSE_CONTROL,2023-01-23T20:05:00Z,CONTROL_NEXT_M1_OPEN,1924.92,True,65bb72e753efa70a39b033a0fd564cb678f2c512d5b6b76e7238e506ed3b0a77,0.07538487896811642,0.7966811072765627,2023_01,0.770981716719277,0.3338278931750737,TARGET,2023-01-23T20:49:00Z,TARGET,8b9beb8f85ba2f70c6b731855de90d4e7aa16c638df6d070446fddabf07650db,2023-01-23T20:49:00Z,RETEST_EXPIRED,2023-01-23T20:20:00Z,,1922.24,False,False,INITIAL_CONFIRMATION_TARGET,e9cb18b3c2518bfe00bf05a7f49895e9bb99adb81a917df0eaabb70dbf39f22a,d3cbebf005596e7aa27afff710e80dc7376f3d7f80176fee326b462d1c0fc6d4,1919.0832857142857,3.534285714285683,0.17671428571428416,,M15_LATEST_CONFIRMED_OPPOSING_SWING_ELSE_CONTROL,True,89a4d8e4fac4c6e331127585962cbde8a736c58d853d2cd691fd54a5202ef88f,2023-01-23T19:45:00Z,1919.26,1929.42,a3981c00b3db571e473759017eca4334c20a45fcd6f38f459d2258f2507e7829
e73a431334b5bf76fa66bf32015530b35976a63f622b5eacc68fd91ef5272bff,1922.24,2023-01-23T20:05:00Z,ed498da6957094d66c4895879b877a1130889891987d72b416020fb1fe0819d9,2023-01-23T20:05:00Z,1924.92,1911.44,2023-02-01T00:00:00Z,2023-01-23T20:00:00Z,0.0,LONG,1.0,16.691394658753687,CONTROL_V2_FILLED_STOP,2023-01-23T20:05:00Z,CONTROL_NEXT_M1_OPEN,1924.92,True,64a181f20394a0d6456bd24fcfe3d260875c345a1e3ef0646c103487db276682,0.03264094955490015,0.3449554896142327,2023_01,0.3338278931750737,0.3338278931750737,TARGET,2023-01-23T20:49:00Z,TARGET,a294183fdc376e20b410bb7aad414db78a3b55ca71b7d171207c69fb937a514a,2023-01-23T20:49:00Z,RETEST_EXPIRED,2023-01-23T20:20:00Z,,1922.24,False,False,INITIAL_CONFIRMATION_TARGET,afe7bf8193fe1e8fd86f5833ad5de7943039edc2fad89a4a9fb74c7680bc5b6c,d3cbebf005596e7aa27afff710e80dc7376f3d7f80176fee326b462d1c0fc6d4,1911.44,5.762857142857115,0.28814285714285576,NOT_STRICTLY_CLOSER_THAN_CONTROL,H1_SOURCE_SWING_BUFFERED_ELSE_CONTROL,False,d3cbebf005596e7aa27afff710e80dc7376f3d7f80176fee326b462d1c0fc6d4,2023-01-23T20:00:00Z,1911.44,1929.42,a3981c00b3db571e473759017eca4334c20a45fcd6f38f459d2258f2507e7829
e73a431334b5bf76fa66bf32015530b35976a63f622b5eacc68fd91ef5272bff,1922.24,2023-01-23T20:05:00Z,ed498da6957094d66c4895879b877a1130889891987d72b416020fb1fe0819d9,2023-01-23T20:05:00Z,1924.92,1911.44,2023-02-01T00:00:00Z,2023-01-23T20:00:00Z,-0.3338278931750737,LONG,1.0,0.0,CONTROL_V2_FILLED_STOP,,M5_BROKEN_CONTROL_FIRST_RETEST,,False,9b3e28c95f8373b143772f466477a2054389c1164f273b7226831ce2ed49d434,,,2023_01,0.0,0.3338278931750737,TARGET,2023-01-23T20:49:00Z,NO_FILL,05b4ace1785f51d3208f0e1e03954d67c2acf12ade0a5ff8004491b79c80857c,,RETEST_EXPIRED,2023-01-23T20:20:00Z,,1922.24,False,False,INITIAL_CONFIRMATION_TARGET,36c329a2e7cbe935043bb130a27b786c40c61ef3bacfa7f96e3c1ec47cee07c5,d3cbebf005596e7aa27afff710e80dc7376f3d7f80176fee326b462d1c0fc6d4,1911.44,,,,CONTROL_V2_FILLED_STOP,False,,2023-01-23T20:05:00Z,1911.44,1929.42,a3981c00b3db571e473759017eca4334c20a45fcd6f38f459d2258f2507e7829
e73a431334b5bf76fa66bf32015530b35976a63f622b5eacc68fd91ef5272bff,1922.24,2023-01-23T20:05:00Z,ed498da6957094d66c4895879b877a1130889891987d72b416020fb1fe0819d9,2023-01-23T20:05:00Z,1924.92,1911.44,2023-02-01T00:00:00Z,2023-01-23T20:00:00Z,-0.3338278931750737,LONG,0.31487653666808585,0.0,M5_LATEST_CONFIRMED_OPPOSING_SWING_ELSE_CONTROL,,M5_BROKEN_CONTROL_FIRST_RETEST,,False,08cb120f135d8000194016b30c2cc16f9a26efe146a69a5ebb5353df42e65f0d,,,2023_01,0.0,0.3338278931750737,TARGET,2023-01-23T20:49:00Z,NO_FILL,01f58f55f98b391a16dd9a69fd13aef45f61fd23a7c2b4a13077aceeeba085d6,,RETEST_EXPIRED,2023-01-23T20:20:00Z,,1922.24,False,False,INITIAL_CONFIRMATION_TARGET,3092025d4a50bb81a149412da874b7df558fea19e177bd1af4c7310b631b7a93,d3cbebf005596e7aa27afff710e80dc7376f3d7f80176fee326b462d1c0fc6d4,1920.6754642857143,1.2907142857142975,0.06453571428571488,,M5_LATEST_CONFIRMED_OPPOSING_SWING_ELSE_CONTROL,True,2cb14fba541b12b7217f8967ae2333fd98d7afe45d1650bbcfee1a401e76bc99,2023-01-23T19:50:00Z,1920.74,1929.42,a3981c00b3db571e473759017eca4334c20a45fcd6f38f459d2258f2507e7829
e73a431334b5bf76fa66bf32015530b35976a63f622b5eacc68fd91ef5272bff,1922.24,2023-01-23T20:05:00Z,ed498da6957094d66c4895879b877a1130889891987d72b416020fb1fe0819d9,2023-01-23T20:05:00Z,1924.92,1911.44,2023-02-01T00:00:00Z,2023-01-23T20:00:00Z,-0.3338278931750737,LONG,0.4329906740144192,0.0,M15_LATEST_CONFIRMED_OPPOSING_SWING_ELSE_CONTROL,,M5_BROKEN_CONTROL_FIRST_RETEST,,False,65bb72e753efa70a39b033a0fd564cb678f2c512d5b6b76e7238e506ed3b0a77,,,2023_01,0.0,0.3338278931750737,TARGET,2023-01-23T20:49:00Z,NO_FILL,f276fa0357b621b7f1bb5ff6377a93fdaec75613aceb5f5e9ba1b828ac0fcf5c,,RETEST_EXPIRED,2023-01-23T20:20:00Z,,1922.24,False,False,INITIAL_CONFIRMATION_TARGET,1da0484741f0e6d57adb490256be65eed95bfdfe0b097f7724e662ccb14e9888,d3cbebf005596e7aa27afff710e80dc7376f3d7f80176fee326b462d1c0fc6d4,1919.0832857142857,3.534285714285683,0.17671428571428416,,M15_LATEST_CONFIRMED_OPPOSING_SWING_ELSE_CONTROL,True,89a4d8e4fac4c6e331127585962cbde8a736c58d853d2cd691fd54a5202ef88f,2023-01-23T19:45:00Z,1919.26,1929.42,a3981c00b3db571e473759017eca4334c20a45fcd6f38f459d2258f2507e7829
e73a431334b5bf76fa66bf32015530b35976a63f622b5eacc68fd91ef5272bff,1922.24,2023-01-23T20:05:00Z,ed498da6957094d66c4895879b877a1130889891987d72b416020fb1fe0819d9,2023-01-23T20:05:00Z,1924.92,1911.44,2023-02-01T00:00:00Z,2023-01-23T20:00:00Z,-0.3338278931750737,LONG,1.0,0.0,CONTROL_V2_FILLED_STOP,,M5_BROKEN_CONTROL_FIRST_RETEST,,False,64a181f20394a0d6456bd24fcfe3d260875c345a1e3ef0646c103487db276682,,,2023_01,0.0,0.3338278931750737,TARGET,2023-01-23T20:49:00Z,NO_FILL,82877292aeaab3af019bb7669f15d5a6da66c555242d563f7a8a5bc6f7e7d1fd,,RETEST_EXPIRED,2023-01-23T20:20:00Z,,1922.24,False,False,INITIAL_CONFIRMATION_TARGET,323cd20de819d205be9039355545905034edef7989ced4d156ae37daa2511f0a,d3cbebf005596e7aa27afff710e80dc7376f3d7f80176fee326b462d1c0fc6d4,1911.44,5.762857142857115,0.28814285714285576,NOT_STRICTLY_CLOSER_THAN_CONTROL,H1_SOURCE_SWING_BUFFERED_ELSE_CONTROL,False,d3cbebf005596e7aa27afff710e80dc7376f3d7f80176fee326b462d1c0fc6d4,2023-01-23T20:00:00Z,1911.44,1929.42,a3981c00b3db571e473759017eca4334c20a45fcd6f38f459d2258f2507e7829
e73a431334b5bf76fa66bf32015530b35976a63f622b5eacc68fd91ef5272bff,1922.24,2023-01-23T20:05:00Z,ed498da6957094d66c4895879b877a1130889891987d72b416020fb1fe0819d9,2023-01-23T20:05:00Z,1924.92,1911.44,2023-02-01T00:00:00Z,2023-01-23T20:00:00Z,-0.2503709198813053,LONG,1.0,4.172848664688422,CONTROL_V2_FILLED_STOP,2023-01-23T20:05:00Z,CONFIRMED_25_75_RETEST_SPLIT,1924.92,True,9b3e28c95f8373b143772f466477a2054389c1164f273b7226831ce2ed49d434,0.008160237388725037,0.08623887240355818,2023_01,0.08345697329376843,0.3338278931750737,TARGET,2023-01-23T20:49:00Z,SPLIT_CONTROL_TARGET_NO_RETEST,7465619cf7cb4ecb40a347374ddaba09a899f7919e8aee35c85d2a752cd15259,2023-01-23T20:49:00Z,RETEST_EXPIRED,2023-01-23T20:20:00Z,,1922.24,False,False,INITIAL_CONFIRMATION_TARGET,704aa81d8ffe1f5aa7317fdca307025d661267a36363083215729d3c417652dc,d3cbebf005596e7aa27afff710e80dc7376f3d7f80176fee326b462d1c0fc6d4,1911.44,,,,CONTROL_V2_FILLED_STOP,False,,2023-01-23T20:05:00Z,1911.44,1929.42,a3981c00b3db571e473759017eca4334c20a45fcd6f38f459d2258f2507e7829
e73a431334b5bf76fa66bf32015530b35976a63f622b5eacc68fd91ef5272bff,1922.24,2023-01-23T20:05:00Z,ed498da6957094d66c4895879b877a1130889891987d72b416020fb1fe0819d9,2023-01-23T20:05:00Z,1924.92,1911.44,2023-02-01T00:00:00Z,2023-01-23T20:00:00Z,-0.06878123654933355,LONG,0.31487653666808585,13.252332831287008,M5_LATEST_CONFIRMED_OPPOSING_SWING_ELSE_CONTROL,2023-01-23T20:05:00Z,CONFIRMED_25_75_RETEST_SPLIT,1924.92,True,08cb120f135d8000194016b30c2cc16f9a26efe146a69a5ebb5353df42e65f0d,0.02591567309229781,0.27388154517992347,2023_01,0.2650466566257402,0.3338278931750737,TARGET,2023-01-23T20:49:00Z,SPLIT_CONTROL_TARGET_NO_RETEST,50c9511be2efc1ae67a582db1d6e28e54808a32ffff396c81f82cf4477f5eeba,2023-01-23T20:49:00Z,RETEST_EXPIRED,2023-01-23T20:20:00Z,,1922.24,False,False,INITIAL_CONFIRMATION_TARGET,ca55bd562c258380dadabef9f71fc7a97851079a4e200cdca0b8042086bb9f22,d3cbebf005596e7aa27afff710e80dc7376f3d7f80176fee326b462d1c0fc6d4,1920.6754642857143,1.2907142857142975,0.06453571428571488,,M5_LATEST_CONFIRMED_OPPOSING_SWING_ELSE_CONTROL,True,2cb14fba541b12b7217f8967ae2333fd98d7afe45d1650bbcfee1a401e76bc99,2023-01-23T19:50:00Z,1920.74,1929.42,a3981c00b3db571e473759017eca4334c20a45fcd6f38f459d2258f2507e7829
e73a431334b5bf76fa66bf32015530b35976a63f622b5eacc68fd91ef5272bff,1922.24,2023-01-23T20:05:00Z,ed498da6957094d66c4895879b877a1130889891987d72b416020fb1fe0819d9,2023-01-23T20:05:00Z,1924.92,1911.44,2023-02-01T00:00:00Z,2023-01-23T20:00:00Z,-0.14108246399525448,LONG,0.4329906740144192,9.637271458990963,M15_LATEST_CONFIRMED_OPPOSING_SWING_ELSE_CONTROL,2023-01-23T20:05:00Z,CONFIRMED_25_75_RETEST_SPLIT,1924.92,True,65bb72e753efa70a39b033a0fd564cb678f2c512d5b6b76e7238e506ed3b0a77,0.018846219742029106,0.19917027681914068,2023_01,0.19274542917981924,0.3338278931750737,TARGET,2023-01-23T20:49:00Z,SPLIT_CONTROL_TARGET_NO_RETEST,076464c954e25d2d125c91c32f20ba8e91b01fbf7212d7fe32f860d87f298aa4,2023-01-23T20:49:00Z,RETEST_EXPIRED,2023-01-23T20:20:00Z,,1922.24,False,False,INITIAL_CONFIRMATION_TARGET,948e86d05653af2de8a7c8e539f0473347f43fd706416b30eae43aca0982c70c,d3cbebf005596e7aa27afff710e80dc7376f3d7f80176fee326b462d1c0fc6d4,1919.0832857142857,3.534285714285683,0.17671428571428416,,M15_LATEST_CONFIRMED_OPPOSING_SWING_ELSE_CONTROL,True,89a4d8e4fac4c6e331127585962cbde8a736c58d853d2cd691fd54a5202ef88f,2023-01-23T19:45:00Z,1919.26,1929.42,a3981c00b3db571e473759017eca4334c20a45fcd6f38f459d2258f2507e7829
e73a431334b5bf76fa66bf32015530b35976a63f622b5eacc68fd91ef5272bff,1922.24,2023-01-23T20:05:00Z,ed498da6957094d66c4895879b877a1130889891987d72b416020fb1fe0819d9,2023-01-23T20:05:00Z,1924.92,1911.44,2023-02-01T00:00:00Z,2023-01-23T20:00:00Z,-0.2503709198813053,LONG,1.0,4.172848664688422,CONTROL_V2_FILLED_STOP,2023-01-23T20:05:00Z,CONFIRMED_25_75_RETEST_SPLIT,1924.92,True,64a181f20394a0d6456bd24fcfe3d260875c345a1e3ef0646c103487db276682,0.008160237388725037,0.08623887240355818,2023_01,0.08345697329376843,0.3338278931750737,TARGET,2023-01-23T20:49:00Z,SPLIT_CONTROL_TARGET_NO_RETEST,e7a3480a8b452e0ae47cb016a63363e1818c1c0498701eccfffa7e773b34bd7c,2023-01-23T20:49:00Z,RETEST_EXPIRED,2023-01-23T20:20:00Z,,1922.24,False,False,INITIAL_CONFIRMATION_TARGET,9386ad78adad74be9ffa887e49b66c156681c3fbacda79d364a0e0186bdc7b8f,d3cbebf005596e7aa27afff710e80dc7376f3d7f80176fee326b462d1c0fc6d4,1911.44,5.762857142857115,0.28814285714285576,NOT_STRICTLY_CLOSER_THAN_CONTROL,H1_SOURCE_SWING_BUFFERED_ELSE_CONTROL,False,d3cbebf005596e7aa27afff710e80dc7376f3d7f80176fee326b462d1c0fc6d4,2023-01-23T20:00:00Z,1911.44,1929.42,a3981c00b3db571e473759017eca4334c20a45fcd6f38f459d2258f2507e7829
558bcf2dcf7af8f9fc982c77bd3d682dd9ca2a6a249e3cd9e7ffeb3b900588d0,1934.37,2023-01-24T15:45:00Z,cf59a997d5cf662fac7dc857ae9ef38d56b9e7eafca69b744bb6ffd787619b6c,2023-01-24T15:45:00Z,1934.18,1942.49,2023-02-01T00:00:00Z,2023-01-24T13:00:00Z,0.0,SHORT,1.0,13.838748495788025,CONTROL_V2_FILLED_STOP,2023-01-24T15:45:00Z,CONTROL_NEXT_M1_OPEN,1934.18,True,9aded829b8e33ff5ecd5f9c0d14a5ba756f10a81399d4e8677a6d406463d3ab6,0.007220216606491675,0.38026474127558396,2023_01,0.2767749699157605,0.2767749699157605,TARGET,2023-01-24T15:53:00Z,TARGET,3a94522a4ffb50b535e9bfada8f9d1857be2d8dadfa2b4d4a9608903e88fb766,2023-01-24T15:53:00Z,TARGET_BEFORE_RETEST,2023-01-24T16:00:00Z,,1934.37,False,False,INITIAL_CONFIRMATION_TARGET,4e7e410a0448ccf5920ff3df9a3411026902d1dc6cccfd208a005f21dab96748,c821d10bdc9373871211ff458ca5799166fe61bb1866f056d5e62b287e0ffd8b,1942.49,,,,CONTROL_V2_FILLED_STOP,False,,2023-01-24T15:45:00Z,1942.49,1931.88,e1c4a272bcfa17389f0b3956820b57f3a5e9769954084da2cdae1023cf833de7
558bcf2dcf7af8f9fc982c77bd3d682dd9ca2a6a249e3cd9e7ffeb3b900588d0,1934.37,2023-01-24T15:45:00Z,cf59a997d5cf662fac7dc857ae9ef38d56b9e7eafca69b744bb6ffd787619b6c,2023-01-24T15:45:00Z,1934.18,1942.49,2023-02-01T00:00:00Z,2023-01-24T13:00:00Z,0.3670576336073235,SHORT,0.4298865394533208,32.1916301761542,M5_LATEST_CONFIRMED_OPPOSING_SWING_ELSE_CONTROL,2023-01-24T15:45:00Z,CONTROL_NEXT_M1_OPEN,1934.18,True,c83d091dd599d9c65c244ce9e8c6db715a6f838d8b74430fc6e23b3e0616449f,0.016795633135369855,0.8845700117969733,2023_01,0.643832603523084,0.2767749699157605,TARGET,2023-01-24T15:53:00Z,TARGET,8b385fcb01af69207e75b9b073cb11ad870221646041f10f49962a4cf796634a,2023-01-24T15:53:00Z,TARGET_BEFORE_RETEST,2023-01-24T16:00:00Z,,1934.37,False,False,INITIAL_CONFIRMATION_TARGET,97bb888d99de01b9c33a05fbd7d7a01db9266ec08e150b4256110787d0d21f30,c821d10bdc9373871211ff458ca5799166fe61bb1866f056d5e62b287e0ffd8b,1937.7523571428571,1.2471428571428598,0.06235714285714299,,M5_LATEST_CONFIRMED_OPPOSING_SWING_ELSE_CONTROL,True,61af9dd711b23db554a6230d147a37f8ad7dabeb38703b7cf1e375c500cf1605,2023-01-24T15:10:00Z,1937.69,1931.88,e1c4a272bcfa17389f0b3956820b57f3a5e9769954084da2cdae1023cf833de7
558bcf2dcf7af8f9fc982c77bd3d682dd9ca2a6a249e3cd9e7ffeb3b900588d0,1934.37,2023-01-24T15:45:00Z,cf59a997d5cf662fac7dc857ae9ef38d56b9e7eafca69b744bb6ffd787619b6c,2023-01-24T15:45:00Z,1934.18,1942.49,2023-02-01T00:00:00Z,2023-01-24T13:00:00Z,0.15206948074382204,SHORT,0.6453971119133471,21.442222532979127,M15_LATEST_CONFIRMED_OPPOSING_SWING_ELSE_CONTROL,2023-01-24T15:45:00Z,CONTROL_NEXT_M1_OPEN,1934.18,True,dadff344ec9e042fe1f60b203e80c61b4ccfa040f8bfdeaa6dc0b0d6ed9a1536,0.011187246538935677,0.5891949843844968,2023_01,0.42884445065958254,0.2767749699157605,TARGET,2023-01-24T15:53:00Z,TARGET,af27937271b0c5eb18636f1dfc71ad9c64d781f77a1a2370ad67cd8d95eb4f00,2023-01-24T15:53:00Z,TARGET_BEFORE_RETEST,2023-01-24T16:00:00Z,,1934.37,False,False,INITIAL_CONFIRMATION_TARGET,c290c53fc4818ef90c6f515bbbea045d7fd733f8782a10580533a8db9c3fde39,c821d10bdc9373871211ff458ca5799166fe61bb1866f056d5e62b287e0ffd8b,1939.54325,2.0649999999999733,0.10324999999999868,,M15_LATEST_CONFIRMED_OPPOSING_SWING_ELSE_CONTROL,True,670df49149d17d5654d8dc5a5c2a4efa28a6f7b55ecd80b53355c83c3a23a672,2023-01-24T15:00:00Z,1939.44,1931.88,e1c4a272bcfa17389f0b3956820b57f3a5e9769954084da2cdae1023cf833de7
558bcf2dcf7af8f9fc982c77bd3d682dd9ca2a6a249e3cd9e7ffeb3b900588d0,1934.37,2023-01-24T15:45:00Z,cf59a997d5cf662fac7dc857ae9ef38d56b9e7eafca69b744bb6ffd787619b6c,2023-01-24T15:45:00Z,1934.18,1942.49,2023-02-01T00:00:00Z,2023-01-24T13:00:00Z,0.0,SHORT,1.0,13.838748495788025,CONTROL_V2_FILLED_STOP,2023-01-24T15:45:00Z,CONTROL_NEXT_M1_OPEN,1934.18,True,6ab59781deb983f9785764c78a4f5f424cbb629bc9710b6c026f8abadfa62dd2,0.007220216606491675,0.38026474127558396,2023_01,0.2767749699157605,0.2767749699157605,TARGET,2023-01-24T15:53:00Z,TARGET,8e734ca95a4717f497810a333f8b936535de12725c7ea93a628da07db0d64fff,2023-01-24T15:53:00Z,TARGET_BEFORE_RETEST,2023-01-24T16:00:00Z,,1934.37,False,False,INITIAL_CONFIRMATION_TARGET,310f6e774922e048590717316652b4ae7a74a2ff7a9f6d8af9d560de2f4dcc08,c821d10bdc9373871211ff458ca5799166fe61bb1866f056d5e62b287e0ffd8b,1942.49,3.752142857142839,0.18760714285714197,NOT_STRICTLY_CLOSER_THAN_CONTROL,H1_SOURCE_SWING_BUFFERED_ELSE_CONTROL,False,c821d10bdc9373871211ff458ca5799166fe61bb1866f056d5e62b287e0ffd8b,2023-01-24T13:00:00Z,1942.49,1931.88,e1c4a272bcfa17389f0b3956820b57f3a5e9769954084da2cdae1023cf833de7
558bcf2dcf7af8f9fc982c77bd3d682dd9ca2a6a249e3cd9e7ffeb3b900588d0,1934.37,2023-01-24T15:45:00Z,cf59a997d5cf662fac7dc857ae9ef38d56b9e7eafca69b744bb6ffd787619b6c,2023-01-24T15:45:00Z,1934.18,1942.49,2023-02-01T00:00:00Z,2023-01-24T13:00:00Z,-0.2767749699157605,SHORT,1.0,0.0,CONTROL_V2_FILLED_STOP,,M5_BROKEN_CONTROL_FIRST_RETEST,,False,9aded829b8e33ff5ecd5f9c0d14a5ba756f10a81399d4e8677a6d406463d3ab6,,,2023_01,0.0,0.2767749699157605,TARGET,2023-01-24T15:53:00Z,NO_FILL,2df204b5862d5b6adbe39e4c8cee67a4f8660d40818fec3fc9d323743b7e50a2,,TARGET_BEFORE_RETEST,2023-01-24T16:00:00Z,,1934.37,False,False,INITIAL_CONFIRMATION_TARGET,d4f2551e443a93da6f2ca9776febd55a954df3833d4a088485a9a7b7c0840b13,c821d10bdc9373871211ff458ca5799166fe61bb1866f056d5e62b287e0ffd8b,1942.49,,,,CONTROL_V2_FILLED_STOP,False,,2023-01-24T15:45:00Z,1942.49,1931.88,e1c4a272bcfa17389f0b3956820b57f3a5e9769954084da2cdae1023cf833de7
558bcf2dcf7af8f9fc982c77bd3d682dd9ca2a6a249e3cd9e7ffeb3b900588d0,1934.37,2023-01-24T15:45:00Z,cf59a997d5cf662fac7dc857ae9ef38d56b9e7eafca69b744bb6ffd787619b6c,2023-01-24T15:45:00Z,1934.18,1942.49,2023-02-01T00:00:00Z,2023-01-24T13:00:00Z,-0.2767749699157605,SHORT,0.4298865394533208,0.0,M5_LATEST_CONFIRMED_OPPOSING_SWING_ELSE_CONTROL,,M5_BROKEN_CONTROL_FIRST_RETEST,,False,c83d091dd599d9c65c244ce9e8c6db715a6f838d8b74430fc6e23b3e0616449f,,,2023_01,0.0,0.2767749699157605,TARGET,2023-01-24T15:53:00Z,NO_FILL,62fd38b2bb335419071163e4c72a03a54cfba8dbffd214067c2e3c9dcd9a7f95,,TARGET_BEFORE_RETEST,2023-01-24T16:00:00Z,,1934.37,False,False,INITIAL_CONFIRMATION_TARGET,17434cde29266b237e9a99f4d07bff2927113c3ebabb76796daa2cb551286503,c821d10bdc9373871211ff458ca5799166fe61bb1866f056d5e62b287e0ffd8b,1937.7523571428571,1.2471428571428598,0.06235714285714299,,M5_LATEST_CONFIRMED_OPPOSING_SWING_ELSE_CONTROL,True,61af9dd711b23db554a6230d147a37f8ad7dabeb38703b7cf1e375c500cf1605,2023-01-24T15:10:00Z,1937.69,1931.88,e1c4a272bcfa17389f0b3956820b57f3a5e9769954084da2cdae1023cf833de7
558bcf2dcf7af8f9fc982c77bd3d682dd9ca2a6a249e3cd9e7ffeb3b900588d0,1934.37,2023-01-24T15:45:00Z,cf59a997d5cf662fac7dc857ae9ef38d56b9e7eafca69b744bb6ffd787619b6c,2023-01-24T15:45:00Z,1934.18,1942.49,2023-02-01T00:00:00Z,2023-01-24T13:00:00Z,-0.2767749699157605,SHORT,0.6453971119133471,0.0,M15_LATEST_CONFIRMED_OPPOSING_SWING_ELSE_CONTROL,,M5_BROKEN_CONTROL_FIRST_RETEST,,False,dadff344ec9e042fe1f60b203e80c61b4ccfa040f8bfdeaa6dc0b0d6ed9a1536,,,2023_01,0.0,0.2767749699157605,TARGET,2023-01-24T15:53:00Z,NO_FILL,bb8f675b99c76abaeb6e07b978123cc8fc9a58e9ef77ab060f32852b984aa2a5,,TARGET_BEFORE_RETEST,2023-01-24T16:00:00Z,,1934.37,False,False,INITIAL_CONFIRMATION_TARGET,4e27f11b2117af983818169a3e00bc86352005623f8aa0d238aa17fe04675316,c821d10bdc9373871211ff458ca5799166fe61bb1866f056d5e62b287e0ffd8b,1939.54325,2.0649999999999733,0.10324999999999868,,M15_LATEST_CONFIRMED_OPPOSING_SWING_ELSE_CONTROL,True,670df49149d17d5654d8dc5a5c2a4efa28a6f7b55ecd80b53355c83c3a23a672,2023-01-24T15:00:00Z,1939.44,1931.88,e1c4a272bcfa17389f0b3956820b57f3a5e9769954084da2cdae1023cf833de7
558bcf2dcf7af8f9fc982c77bd3d682dd9ca2a6a249e3cd9e7ffeb3b900588d0,1934.37,2023-01-24T15:45:00Z,cf59a997d5cf662fac7dc857ae9ef38d56b9e7eafca69b744bb6ffd787619b6c,2023-01-24T15:45:00Z,1934.18,1942.49,2023-02-01T00:00:00Z,2023-01-24T13:00:00Z,-0.2767749699157605,SHORT,1.0,0.0,CONTROL_V2_FILLED_STOP,,M5_BROKEN_CONTROL_FIRST_RETEST,,False,6ab59781deb983f9785764c78a4f5f424cbb629bc9710b6c026f8abadfa62dd2,,,2023_01,0.0,0.2767749699157605,TARGET,2023-01-24T15:53:00Z,NO_FILL,8b3f1ad8d3068999e1ce357cad0d08eacd23e680ded007747bc82df1ba3e67f5,,TARGET_BEFORE_RETEST,2023-01-24T16:00:00Z,,1934.37,False,False,INITIAL_CONFIRMATION_TARGET,43ea70b1d886cbd67d5cd7c81126d8a40cc0fc247b5944be153da5760e791268,c821d10bdc9373871211ff458ca5799166fe61bb1866f056d5e62b287e0ffd8b,1942.49,3.752142857142839,0.18760714285714197,NOT_STRICTLY_CLOSER_THAN_CONTROL,H1_SOURCE_SWING_BUFFERED_ELSE_CONTROL,False,c821d10bdc9373871211ff458ca5799166fe61bb1866f056d5e62b287e0ffd8b,2023-01-24T13:00:00Z,1942.49,1931.88,e1c4a272bcfa17389f0b3956820b57f3a5e9769954084da2cdae1023cf833de7
558bcf2dcf7af8f9fc982c77bd3d682dd9ca2a6a249e3cd9e7ffeb3b900588d0,1934.37,2023-01-24T15:45:00Z,cf59a997d5cf662fac7dc857ae9ef38d56b9e7eafca69b744bb6ffd787619b6c,2023-01-24T15:45:00Z,1934.18,1942.49,2023-02-01T00:00:00Z,2023-01-24T13:00:00Z,-0.2075812274368204,SHORT,1.0,3.459687123947006,CONTROL_V2_FILLED_STOP,2023-01-24T15:45:00Z,CONFIRMED_25_75_RETEST_SPLIT,1934.18,True,9aded829b8e33ff5ecd5f9c0d14a5ba756f10a81399d4e8677a6d406463d3ab6,0.0018050541516229188,0.09506618531889599,2023_01,0.06919374247894013,0.2767749699157605,TARGET,2023-01-24T15:53:00Z,SPLIT_CONTROL_TARGET_NO_RETEST,65820d7f388129b71c27dcc21bff83d18899cd44fb6f500f0e69b5745659033f,2023-01-24T15:53:00Z,TARGET_BEFORE_RETEST,2023-01-24T16:00:00Z,,1934.37,False,False,INITIAL_CONFIRMATION_TARGET,2b3e762d508113da5a25ebb3e7cd2c3821fc701ef68e2d862eceefdee5ed3fe0,c821d10bdc9373871211ff458ca5799166fe61bb1866f056d5e62b287e0ffd8b,1942.49,,,,CONTROL_V2_FILLED_STOP,False,,2023-01-24T15:45:00Z,1942.49,1931.88,e1c4a272bcfa17389f0b3956820b57f3a5e9769954084da2cdae1023cf833de7
558bcf2dcf7af8f9fc982c77bd3d682dd9ca2a6a249e3cd9e7ffeb3b900588d0,1934.37,2023-01-24T15:45:00Z,cf59a997d5cf662fac7dc857ae9ef38d56b9e7eafca69b744bb6ffd787619b6c,2023-01-24T15:45:00Z,1934.18,1942.49,2023-02-01T00:00:00Z,2023-01-24T13:00:00Z,-0.1158168190349895,SHORT,0.4298865394533208,8.04790754403855,M5_LATEST_CONFIRMED_OPPOSING_SWING_ELSE_CONTROL,2023-01-24T15:45:00Z,CONFIRMED_25_75_RETEST_SPLIT,1934.18,True,c83d091dd599d9c65c244ce9e8c6db715a6f838d8b74430fc6e23b3e0616449f,0.004198908283842464,0.2211425029492433,2023_01,0.160958150880771,0.2767749699157605,TARGET,2023-01-24T15:53:00Z,SPLIT_CONTROL_TARGET_NO_RETEST,0a16bac5cc1a38b336aa79b377cf1ff405d1e651164557e5280cd5897fd63dab,2023-01-24T15:53:00Z,TARGET_BEFORE_RETEST,2023-01-24T16:00:00Z,,1934.37,False,False,INITIAL_CONFIRMATION_TARGET,e4467a1866c4591072b32b0d3534fbbd8fbf83e29f4ccad5088950a056fe2fc9,c821d10bdc9373871211ff458ca5799166fe61bb1866f056d5e62b287e0ffd8b,1937.7523571428571,1.2471428571428598,0.06235714285714299,,M5_LATEST_CONFIRMED_OPPOSING_SWING_ELSE_CONTROL,True,61af9dd711b23db554a6230d147a37f8ad7dabeb38703b7cf1e375c500cf1605,2023-01-24T15:10:00Z,1937.69,1931.88,e1c4a272bcfa17389f0b3956820b57f3a5e9769954084da2cdae1023cf833de7
558bcf2dcf7af8f9fc982c77bd3d682dd9ca2a6a249e3cd9e7ffeb3b900588d0,1934.37,2023-01-24T15:45:00Z,cf59a997d5cf662fac7dc857ae9ef38d56b9e7eafca69b744bb6ffd787619b6c,2023-01-24T15:45:00Z,1934.18,1942.49,2023-02-01T00:00:00Z,2023-01-24T13:00:00Z,-0.16956385725086487,SHORT,0.6453971119133471,5.360555633244782,M15_LATEST_CONFIRMED_OPPOSING_SWING_ELSE_CONTROL,2023-01-24T15:45:00Z,CONFIRMED_25_75_RETEST_SPLIT,1934.18,True,dadff344ec9e042fe1f60b203e80c61b4ccfa040f8bfdeaa6dc0b0d6ed9a1536,0.0027968116347339192,0.1472987460961242,2023_01,0.10721111266489564,0.2767749699157605,TARGET,2023-01-24T15:53:00Z,SPLIT_CONTROL_TARGET_NO_RETEST,fc6bffc4ef922f22f1b9652e20cf42ede5940ef2a2e2736c4bf21f6fe2d76d89,2023-01-24T15:53:00Z,TARGET_BEFORE_RETEST,2023-01-24T16:00:00Z,,1934.37,False,False,INITIAL_CONFIRMATION_TARGET,561cb1bcdf1e3ac913b3878c5c8cd4099f85a6f60a837cd5342d2957971ca1bb,c821d10bdc9373871211ff458ca5799166fe61bb1866f056d5e62b287e0ffd8b,1939.54325,2.0649999999999733,0.10324999999999868,,M15_LATEST_CONFIRMED_OPPOSING_SWING_ELSE_CONTROL,True,670df49149d17d5654d8dc5a5c2a4efa28a6f7b55ecd80b53355c83c3a23a672,2023-01-24T15:00:00Z,1939.44,1931.88,e1c4a272bcfa17389f0b3956820b57f3a5e9769954084da2cdae1023cf833de7
558bcf2dcf7af8f9fc982c77bd3d682dd9ca2a6a249e3cd9e7ffeb3b900588d0,1934.37,2023-01-24T15:45:00Z,cf59a997d5cf662fac7dc857ae9ef38d56b9e7eafca69b744bb6ffd787619b6c,2023-01-24T15:45:00Z,1934.18,1942.49,2023-02-01T00:00:00Z,2023-01-24T13:00:00Z,-0.2075812274368204,SHORT,1.0,3.459687123947006,CONTROL_V2_FILLED_STOP,2023-01-24T15:45:00Z,CONFIRMED_25_75_RETEST_SPLIT,1934.18,True,6ab59781deb983f9785764c78a4f5f424cbb629bc9710b6c026f8abadfa62dd2,0.0018050541516229188,0.09506618531889599,2023_01,0.06919374247894013,0.2767749699157605,TARGET,2023-01-24T15:53:00Z,SPLIT_CONTROL_TARGET_NO_RETEST,266473bd339f53429018bce62d189065ed82a70402ce1416c2c80cd0a98ec176,2023-01-24T15:53:00Z,TARGET_BEFORE_RETEST,2023-01-24T16:00:00Z,,1934.37,False,False,INITIAL_CONFIRMATION_TARGET,83645dcd3511e91649722cdb58321182d303e46927657ff604821bdebd63535e,c821d10bdc9373871211ff458ca5799166fe61bb1866f056d5e62b287e0ffd8b,1942.49,3.752142857142839,0.18760714285714197,NOT_STRICTLY_CLOSER_THAN_CONTROL,H1_SOURCE_SWING_BUFFERED_ELSE_CONTROL,False,c821d10bdc9373871211ff458ca5799166fe61bb1866f056d5e62b287e0ffd8b,2023-01-24T13:00:00Z,1942.49,1931.88,e1c4a272bcfa17389f0b3956820b57f3a5e9769954084da2cdae1023cf833de7
ccace0f347d301a0aaac625c2ac05ed36195999c7ed5e310f1374fa37a364086,1934.87,2023-01-24T20:35:00Z,215a20e8e236fccdabe54117afb973a039a4ae074311aa51195d741f5334971c,2023-01-24T20:35:00Z,1934.87,1917.18,2023-02-01T00:00:00Z,2023-01-24T20:00:00Z,0.0,LONG,1.0,12.916902204635978,CONTROL_V2_FILLED_STOP,2023-01-24T20:35:00Z,CONTROL_NEXT_M1_OPEN,1934.87,True,8f3bbc9a0c7f1696f1c4755c3d7dbe0203ef421005c4d9fe837860cb430db9c1,0.0582249858677209,0.25833804409271954,2023_01,0.25833804409271954,0.25833804409271954,TARGET,2023-01-25T04:14:00Z,TARGET,e9595f50cda851fb1a1d9dbe321baeceaae69182812a002020bc0f58ee9703ee,2023-01-25T04:14:00Z,INVALID_OR_NONIMPROVING_RETEST_GEOMETRY,2023-01-24T20:50:00Z,,1934.87,False,False,INITIAL_CONFIRMATION_TARGET,8fc1d418af23a0671ca3091d56275cb04d79593067787a6a0155a90e8cfe0490,6528ba6fa2c08493bf3d895f1c3d73a6a13791c9ba3a0c20d7c80781c4edc789,1917.18,,,,CONTROL_V2_FILLED_STOP,False,,2023-01-24T20:35:00Z,1917.18,1939.44,88adba0d448d974ba924da4775bdd7c4a0e0632d71ad96cd15c19e2f9dfc16de
ccace0f347d301a0aaac625c2ac05ed36195999c7ed5e310f1374fa37a364086,1934.87,2023-01-24T20:35:00Z,215a20e8e236fccdabe54117afb973a039a4ae074311aa51195d741f5334971c,2023-01-24T20:35:00Z,1934.87,1917.18,2023-02-01T00:00:00Z,2023-01-24T20:00:00Z,2.2685680954441763,LONG,0.1022349188403432,126.34530697684478,M5_LATEST_CONFIRMED_OPPOSING_SWING_ELSE_CONTROL,2023-01-24T20:35:00Z,CONTROL_NEXT_M1_OPEN,1934.87,True,080582e373174b0c2909343438f99c099d0b17db24ff8063177bdc1badd8db19,0.5695215150378207,2.5269061395368957,2023_01,2.5269061395368957,0.25833804409271954,TARGET,2023-01-25T04:14:00Z,TARGET,6ae5ef9effbf70b3c5a096463a10c08a208c92ffb9609227121786c278fdf4e0,2023-01-25T04:14:00Z,INVALID_OR_NONIMPROVING_RETEST_GEOMETRY,2023-01-24T20:50:00Z,,1934.87,False,False,INITIAL_CONFIRMATION_TARGET,f33a6f3255c0b3c7bbad64d31abd6deaf07b692c0b0f71262f274548a0a0650b,6528ba6fa2c08493bf3d895f1c3d73a6a13791c9ba3a0c20d7c80781c4edc789,1933.0614642857142,0.9707142857142799,0.048535714285713995,,M5_LATEST_CONFIRMED_OPPOSING_SWING_ELSE_CONTROL,True,a419e57cfdbfa4cf6b6c2b3b8085fa30f033acca1a87831961973601f0ed308e,2023-01-24T20:35:00Z,1933.11,1939.44,88adba0d448d974ba924da4775bdd7c4a0e0632d71ad96cd15c19e2f9dfc16de
ccace0f347d301a0aaac625c2ac05ed36195999c7ed5e310f1374fa37a364086,1934.87,2023-01-24T20:35:00Z,215a20e8e236fccdabe54117afb973a039a4ae074311aa51195d741f5334971c,2023-01-24T20:35:00Z,1934.87,1917.18,2023-02-01T00:00:00Z,2023-01-24T20:00:00Z,0.6897385370228711,LONG,0.27248647339093235,47.40382905577953,M15_LATEST_CONFIRMED_OPPOSING_SWING_ELSE_CONTROL,2023-01-24T20:35:00Z,CONTROL_NEXT_M1_OPEN,1934.87,True,81950b69227ce6f5ef234eb851043079a36ed9ca198d5f408428e86ad4ffc5f0,0.21368027977002135,0.9480765811155907,2023_01,0.9480765811155907,0.25833804409271954,TARGET,2023-01-25T04:14:00Z,TARGET,f3591d136eecb72008968a42255589f43a1710799c3f9406a48ff14070e49800,2023-01-25T04:14:00Z,INVALID_OR_NONIMPROVING_RETEST_GEOMETRY,2023-01-24T20:50:00Z,,1934.87,False,False,INITIAL_CONFIRMATION_TARGET,e26531eaa9ceb120032d0ed5f8460ca8f0adb0fd6d7a105228a4b2d935f522e5,6528ba6fa2c08493bf3d895f1c3d73a6a13791c9ba3a0c20d7c80781c4edc789,1930.0497142857143,3.4057142857143226,0.17028571428571615,,M15_LATEST_CONFIRMED_OPPOSING_SWING_ELSE_CONTROL,True,4d613c8a6ee8509e83ad2f590ee2b5ec6a2b263def0b29533c91294676ab23d4,2023-01-24T19:30:00Z,1930.22,1939.44,88adba0d448d974ba924da4775bdd7c4a0e0632d71ad96cd15c19e2f9dfc16de
ccace0f347d301a0aaac625c2ac05ed36195999c7ed5e310f1374fa37a364086,1934.87,2023-01-24T20:35:00Z,215a20e8e236fccdabe54117afb973a039a4ae074311aa51195d741f5334971c,2023-01-24T20:35:00Z,1934.87,1917.18,2023-02-01T00:00:00Z,2023-01-24T20:00:00Z,0.0,LONG,1.0,12.916902204635978,CONTROL_V2_FILLED_STOP,2023-01-24T20:35:00Z,CONTROL_NEXT_M1_OPEN,1934.87,True,edf52d6e66d7f94bf08620d4cb4e409ec7f9497492241d0a3356403b0c8283bb,0.0582249858677209,0.25833804409271954,2023_01,0.25833804409271954,0.25833804409271954,TARGET,2023-01-25T04:14:00Z,TARGET,5fae0a6c56a0063d5fa626c939668f0974846a52e3617b84e7084f1141dc2e69,2023-01-25T04:14:00Z,INVALID_OR_NONIMPROVING_RETEST_GEOMETRY,2023-01-24T20:50:00Z,,1934.87,False,False,INITIAL_CONFIRMATION_TARGET,8f85d385061665242249d626083bebae197afc4a21dfdd2eb03d4d8d88ea9055,6528ba6fa2c08493bf3d895f1c3d73a6a13791c9ba3a0c20d7c80781c4edc789,1917.18,5.770714285714267,0.2885357142857134,NOT_STRICTLY_CLOSER_THAN_CONTROL,H1_SOURCE_SWING_BUFFERED_ELSE_CONTROL,False,6528ba6fa2c08493bf3d895f1c3d73a6a13791c9ba3a0c20d7c80781c4edc789,2023-01-24T20:00:00Z,1917.18,1939.44,88adba0d448d974ba924da4775bdd7c4a0e0632d71ad96cd15c19e2f9dfc16de
ccace0f347d301a0aaac625c2ac05ed36195999c7ed5e310f1374fa37a364086,1934.87,2023-01-24T20:35:00Z,215a20e8e236fccdabe54117afb973a039a4ae074311aa51195d741f5334971c,2023-01-24T20:35:00Z,1934.87,1917.18,2023-02-01T00:00:00Z,2023-01-24T20:00:00Z,-0.25833804409271954,LONG,1.0,0.0,CONTROL_V2_FILLED_STOP,,M5_BROKEN_CONTROL_FIRST_RETEST,,False,8f3bbc9a0c7f1696f1c4755c3d7dbe0203ef421005c4d9fe837860cb430db9c1,,,2023_01,0.0,0.25833804409271954,TARGET,2023-01-25T04:14:00Z,NO_FILL,8c31401073024d5e063c3430e8cec3062689ff00efe32fb3d406f99d4d69a0cb,,INVALID_OR_NONIMPROVING_RETEST_GEOMETRY,2023-01-24T20:50:00Z,,1934.87,False,False,INITIAL_CONFIRMATION_TARGET,a7ad466cceef804356489e5187a498897f0e736b285e5c7ffd25db17982e8f91,6528ba6fa2c08493bf3d895f1c3d73a6a13791c9ba3a0c20d7c80781c4edc789,1917.18,,,,CONTROL_V2_FILLED_STOP,False,,2023-01-24T20:35:00Z,1917.18,1939.44,88adba0d448d974ba924da4775bdd7c4a0e0632d71ad96cd15c19e2f9dfc16de
ccace0f347d301a0aaac625c2ac05ed36195999c7ed5e310f1374fa37a364086,1934.87,2023-01-24T20:35:00Z,215a20e8e236fccdabe54117afb973a039a4ae074311aa51195d741f5334971c,2023-01-24T20:35:00Z,1934.87,1917.18,2023-02-01T00:00:00Z,2023-01-24T20:00:00Z,-0.25833804409271954,LONG,0.1022349188403432,0.0,M5_LATEST_CONFIRMED_OPPOSING_SWING_ELSE_CONTROL,,M5_BROKEN_CONTROL_FIRST_RETEST,,False,080582e373174b0c2909343438f99c099d0b17db24ff8063177bdc1badd8db19,,,2023_01,0.0,0.25833804409271954,TARGET,2023-01-25T04:14:00Z,NO_FILL,ff9356393780fec9d1c1b2e4ca3bf27bf395994fcb96b06e7a44346593f0d57f,,INVALID_OR_NONIMPROVING_RETEST_GEOMETRY,2023-01-24T20:50:00Z,,1934.87,False,False,INITIAL_CONFIRMATION_TARGET,d5869f55449909fb1522d49464e972c046090d96ccae684dac0096ca54f0f4f3,6528ba6fa2c08493bf3d895f1c3d73a6a13791c9ba3a0c20d7c80781c4edc789,1933.0614642857142,0.9707142857142799,0.048535714285713995,,M5_LATEST_CONFIRMED_OPPOSING_SWING_ELSE_CONTROL,True,a419e57cfdbfa4cf6b6c2b3b8085fa30f033acca1a87831961973601f0ed308e,2023-01-24T20:35:00Z,1933.11,1939.44,88adba0d448d974ba924da4775bdd7c4a0e0632d71ad96cd15c19e2f9dfc16de
ccace0f347d301a0aaac625c2ac05ed36195999c7ed5e310f1374fa37a364086,1934.87,2023-01-24T20:35:00Z,215a20e8e236fccdabe54117afb973a039a4ae074311aa51195d741f5334971c,2023-01-24T20:35:00Z,1934.87,1917.18,2023-02-01T00:00:00Z,2023-01-24T20:00:00Z,-0.25833804409271954,LONG,0.27248647339093235,0.0,M15_LATEST_CONFIRMED_OPPOSING_SWING_ELSE_CONTROL,,M5_BROKEN_CONTROL_FIRST_RETEST,,False,81950b69227ce6f5ef234eb851043079a36ed9ca198d5f408428e86ad4ffc5f0,,,2023_01,0.0,0.25833804409271954,TARGET,2023-01-25T04:14:00Z,NO_FILL,3ca20890e2cb3cbb5c6fa040e9a534893158da10eb80a1e5adc4b630834f9b9f,,INVALID_OR_NONIMPROVING_RETEST_GEOMETRY,2023-01-24T20:50:00Z,,1934.87,False,False,INITIAL_CONFIRMATION_TARGET,f35a890f37242bd7067ccf91a97b2c87799f0f261e0a2d99d1b6287a782770c6,6528ba6fa2c08493bf3d895f1c3d73a6a13791c9ba3a0c20d7c80781c4edc789,1930.0497142857143,3.4057142857143226,0.17028571428571615,,M15_LATEST_CONFIRMED_OPPOSING_SWING_ELSE_CONTROL,True,4d613c8a6ee8509e83ad2f590ee2b5ec6a2b263def0b29533c91294676ab23d4,2023-01-24T19:30:00Z,1930.22,1939.44,88adba0d448d974ba924da4775bdd7c4a0e0632d71ad96cd15c19e2f9dfc16de
ccace0f347d301a0aaac625c2ac05ed36195999c7ed5e310f1374fa37a364086,1934.87,2023-01-24T20:35:00Z,215a20e8e236fccdabe54117afb973a039a4ae074311aa51195d741f5334971c,2023-01-24T20:35:00Z,1934.87,1917.18,2023-02-01T00:00:00Z,2023-01-24T20:00:00Z,-0.25833804409271954,LONG,1.0,0.0,CONTROL_V2_FILLED_STOP,,M5_BROKEN_CONTROL_FIRST_RETEST,,False,edf52d6e66d7f94bf08620d4cb4e409ec7f9497492241d0a3356403b0c8283bb,,,2023_01,0.0,0.25833804409271954,TARGET,2023-01-25T04:14:00Z,NO_FILL,77f5b64e4ca243d414be9a1a9e0a193a5e8ed2a0828d8957e11faf704e5bf392,,INVALID_OR_NONIMPROVING_RETEST_GEOMETRY,2023-01-24T20:50:00Z,,1934.87,False,False,INITIAL_CONFIRMATION_TARGET,00a3791930340e5a7619def0a01ac3de36a540a420e09e3a1c0d4e3a74a5ee96,6528ba6fa2c08493bf3d895f1c3d73a6a13791c9ba3a0c20d7c80781c4edc789,1917.18,5.770714285714267,0.2885357142857134,NOT_STRICTLY_CLOSER_THAN_CONTROL,H1_SOURCE_SWING_BUFFERED_ELSE_CONTROL,False,6528ba6fa2c08493bf3d895f1c3d73a6a13791c9ba3a0c20d7c80781c4edc789,2023-01-24T20:00:00Z,1917.18,1939.44,88adba0d448d974ba924da4775bdd7c4a0e0632d71ad96cd15c19e2f9dfc16de
ccace0f347d301a0aaac625c2ac05ed36195999c7ed5e310f1374fa37a364086,1934.87,2023-01-24T20:35:00Z,215a20e8e236fccdabe54117afb973a039a4ae074311aa51195d741f5334971c,2023-01-24T20:35:00Z,1934.87,1917.18,2023-02-01T00:00:00Z,2023-01-24T20:00:00Z,-0.19375353306953966,LONG,1.0,3.2292255511589945,CONTROL_V2_FILLED_STOP,2023-01-24T20:35:00Z,CONFIRMED_25_75_RETEST_SPLIT,1934.87,True,8f3bbc9a0c7f1696f1c4755c3d7dbe0203ef421005c4d9fe837860cb430db9c1,0.014556246466930226,0.06458451102317989,2023_01,0.06458451102317989,0.25833804409271954,TARGET,2023-01-25T04:14:00Z,SPLIT_CONTROL_TARGET_NO_RETEST,09aa35c630cef1e5375b42cdf32973a4e084d11a8982a4fc7be6e723f9d17226,2023-01-25T04:14:00Z,INVALID_OR_NONIMPROVING_RETEST_GEOMETRY,2023-01-24T20:50:00Z,,1934.87,False,False,INITIAL_CONFIRMATION_TARGET,c34af78c2a944985a34355e1fea31047bf495e552ec54683ebfef60241e0aa28,6528ba6fa2c08493bf3d895f1c3d73a6a13791c9ba3a0c20d7c80781c4edc789,1917.18,,,,CONTROL_V2_FILLED_STOP,False,,2023-01-24T20:35:00Z,1917.18,1939.44,88adba0d448d974ba924da4775bdd7c4a0e0632d71ad96cd15c19e2f9dfc16de
ccace0f347d301a0aaac625c2ac05ed36195999c7ed5e310f1374fa37a364086,1934.87,2023-01-24T20:35:00Z,215a20e8e236fccdabe54117afb973a039a4ae074311aa51195d741f5334971c,2023-01-24T20:35:00Z,1934.87,1917.18,2023-02-01T00:00:00Z,2023-01-24T20:00:00Z,0.3733884907915044,LONG,0.1022349188403432,31.586326744211195,M5_LATEST_CONFIRMED_OPPOSING_SWING_ELSE_CONTROL,2023-01-24T20:35:00Z,CONFIRMED_25_75_RETEST_SPLIT,1934.87,True,080582e373174b0c2909343438f99c099d0b17db24ff8063177bdc1badd8db19,0.14238037875945517,0.6317265348842239,2023_01,0.6317265348842239,0.25833804409271954,TARGET,2023-01-25T04:14:00Z,SPLIT_CONTROL_TARGET_NO_RETEST,dbf931d3906ef6d6bf1288aeb7844b6303e374af11c189a19a2a083ddea89fe1,2023-01-25T04:14:00Z,INVALID_OR_NONIMPROVING_RETEST_GEOMETRY,2023-01-24T20:50:00Z,,1934.87,False,False,INITIAL_CONFIRMATION_TARGET,b7c8de7e837e0b36afa125735aa377792d3623f89bc0085b21fe2e91ec2d37dd,6528ba6fa2c08493bf3d895f1c3d73a6a13791c9ba3a0c20d7c80781c4edc789,1933.0614642857142,0.9707142857142799,0.048535714285713995,,M5_LATEST_CONFIRMED_OPPOSING_SWING_ELSE_CONTROL,True,a419e57cfdbfa4cf6b6c2b3b8085fa30f033acca1a87831961973601f0ed308e,2023-01-24T20:35:00Z,1933.11,1939.44,88adba0d448d974ba924da4775bdd7c4a0e0632d71ad96cd15c19e2f9dfc16de
ccace0f347d301a0aaac625c2ac05ed36195999c7ed5e310f1374fa37a364086,1934.87,2023-01-24T20:35:00Z,215a20e8e236fccdabe54117afb973a039a4ae074311aa51195d741f5334971c,2023-01-24T20:35:00Z,1934.87,1917.18,2023-02-01T00:00:00Z,2023-01-24T20:00:00Z,-0.021318898813821874,LONG,0.27248647339093235,11.850957263944883,M15_LATEST_CONFIRMED_OPPOSING_SWING_ELSE_CONTROL,2023-01-24T20:35:00Z,CONFIRMED_25_75_RETEST_SPLIT,1934.87,True,81950b69227ce6f5ef234eb851043079a36ed9ca198d5f408428e86ad4ffc5f0,0.05342006994250534,0.23701914527889767,2023_01,0.23701914527889767,0.25833804409271954,TARGET,2023-01-25T04:14:00Z,SPLIT_CONTROL_TARGET_NO_RETEST,3f3e99670225be239db2cf15fe861df51cbc3da74f637d661d31d52bf3a904b6,2023-01-25T04:14:00Z,INVALID_OR_NONIMPROVING_RETEST_GEOMETRY,2023-01-24T20:50:00Z,,1934.87,False,False,INITIAL_CONFIRMATION_TARGET,6d328c1758d7c818653c4ee1117c71f6e57b0b2edb4646a585129318bb6b7502,6528ba6fa2c08493bf3d895f1c3d73a6a13791c9ba3a0c20d7c80781c4edc789,1930.0497142857143,3.4057142857143226,0.17028571428571615,,M15_LATEST_CONFIRMED_OPPOSING_SWING_ELSE_CONTROL,True,4d613c8a6ee8509e83ad2f590ee2b5ec6a2b263def0b29533c91294676ab23d4,2023-01-24T19:30:00Z,1930.22,1939.44,88adba0d448d974ba924da4775bdd7c4a0e0632d71ad96cd15c19e2f9dfc16de
ccace0f347d301a0aaac625c2ac05ed36195999c7ed5e310f1374fa37a364086,1934.87,2023-01-24T20:35:00Z,215a20e8e236fccdabe54117afb973a039a4ae074311aa51195d741f5334971c,2023-01-24T20:35:00Z,1934.87,1917.18,2023-02-01T00:00:00Z,2023-01-24T20:00:00Z,-0.19375353306953966,LONG,1.0,3.2292255511589945,CONTROL_V2_FILLED_STOP,2023-01-24T20:35:00Z,CONFIRMED_25_75_RETEST_SPLIT,1934.87,True,edf52d6e66d7f94bf08620d4cb4e409ec7f9497492241d0a3356403b0c8283bb,0.014556246466930226,0.06458451102317989,2023_01,0.06458451102317989,0.25833804409271954,TARGET,2023-01-25T04:14:00Z,SPLIT_CONTROL_TARGET_NO_RETEST,3babc5fdac768eed1550822571700a111b82a55fb98198be77b3733276ec33f1,2023-01-25T04:14:00Z,INVALID_OR_NONIMPROVING_RETEST_GEOMETRY,2023-01-24T20:50:00Z,,1934.87,False,False,INITIAL_CONFIRMATION_TARGET,6b9acbbeac978f32f13eeb7e95213eeb47b50d2124f2748d667ff01f282424a3,6528ba6fa2c08493bf3d895f1c3d73a6a13791c9ba3a0c20d7c80781c4edc789,1917.18,5.770714285714267,0.2885357142857134,NOT_STRICTLY_CLOSER_THAN_CONTROL,H1_SOURCE_SWING_BUFFERED_ELSE_CONTROL,False,6528ba6fa2c08493bf3d895f1c3d73a6a13791c9ba3a0c20d7c80781c4edc789,2023-01-24T20:00:00Z,1917.18,1939.44,88adba0d448d974ba924da4775bdd7c4a0e0632d71ad96cd15c19e2f9dfc16de
511b2e0618f563446bbbb752394e06d0059ae082bb46da3a93bbc436ceabdeb2,1930.84,2023-01-25T07:05:00Z,8bfb7c615c7b26125962f42a6222f3a9e1c32ff2425a4a95a3227065706d8253,2023-01-25T07:05:00Z,1928.41,1939.66,2023-02-01T00:00:00Z,2023-01-25T07:00:00Z,0.0,SHORT,1.0,-50.0,CONTROL_V2_FILLED_STOP,2023-01-25T07:05:00Z,CONTROL_NEXT_M1_OPEN,1928.41,True,f298ab36b7ff6ad44fced4a47e639bb0dda47f1672d0ad799df5d2233151c25a,1.0142222222222093,0.7555555555555555,2023_01,-1.0,-1.0,STOP,2023-01-25T19:33:00Z,STOP,dfdb983c0596f0f1f08845da95e6b4dc322ca5e670a7decc31a088b58629e131,2023-01-25T19:33:00Z,RETEST_EXPIRED,2023-01-25T07:20:00Z,,1930.84,False,False,INITIAL_CONFIRMATION_STOP,999b1be1889bdc1949ef355a8e60d57b72ebad109ec32548977f7d88e428daf3,2e5efd5e1e8bd4f07400fe27f8caf126c74708855f5347ab3e45bb9aa8a46fe3,1939.66,,,,CONTROL_V2_FILLED_STOP,False,,2023-01-25T07:05:00Z,1939.66,1917.18,a1d7941afaf890f2722d667901be44c9455dd8f3d283b5bec826eaa9a8c83700
511b2e0618f563446bbbb752394e06d0059ae082bb46da3a93bbc436ceabdeb2,1930.84,2023-01-25T07:05:00Z,8bfb7c615c7b26125962f42a6222f3a9e1c32ff2425a4a95a3227065706d8253,2023-01-25T07:05:00Z,1928.41,1939.66,2023-02-01T00:00:00Z,2023-01-25T07:00:00Z,0.0,SHORT,0.43518412698411135,-50.0,M5_LATEST_CONFIRMED_OPPOSING_SWING_ELSE_CONTROL,2023-01-25T07:05:00Z,CONTROL_NEXT_M1_OPEN,1928.41,True,bdf73f53353cc4e1ecd873cf5853490ca812cd464934240135cea2ac0e3b29e6,1.0641728004201825,0.5249374466564575,2023_01,-1.0,-1.0,STOP,2023-01-25T19:33:00Z,STOP,f1c86f8f301abb6dbfa0ef26a110e1b5a9c91f5c33ba82e75df2658279d28901,2023-01-25T08:59:00Z,RETEST_EXPIRED,2023-01-25T07:20:00Z,,1930.84,False,False,INITIAL_CONFIRMATION_STOP,1c58d1a8f7a01722f04597ab2ec4358c5a737c537bdb26a7a8d14a64190f1663,2e5efd5e1e8bd4f07400fe27f8caf126c74708855f5347ab3e45bb9aa8a46fe3,1933.3058214285713,1.3164285714285597,0.06582142857142799,,M5_LATEST_CONFIRMED_OPPOSING_SWING_ELSE_CONTROL,True,7bc285cf74dacf769e24ac1c38e128c415a9db3f95de31814123de4c2b3c606b,2023-01-25T06:25:00Z,1933.24,1917.18,a1d7941afaf890f2722d667901be44c9455dd8f3d283b5bec826eaa9a8c83700
511b2e0618f563446bbbb752394e06d0059ae082bb46da3a93bbc436ceabdeb2,1930.84,2023-01-25T07:05:00Z,8bfb7c615c7b26125962f42a6222f3a9e1c32ff2425a4a95a3227065706d8253,2023-01-25T07:05:00Z,1928.41,1939.66,2023-02-01T00:00:00Z,2023-01-25T07:00:00Z,0.0,SHORT,0.4396031746031642,-50.0,M15_LATEST_CONFIRMED_OPPOSING_SWING_ELSE_CONTROL,2023-01-25T07:05:00Z,CONTROL_NEXT_M1_OPEN,1928.41,True,26162b122ef277d7fbd0a1621abf4823b28e56197b4b571ce874dc9cec8b6dbb,1.0534753565625428,0.5196605885539359,2023_01,-1.0,-1.0,STOP,2023-01-25T19:33:00Z,STOP,2ad0109bf17304233585661e27787b88e43b40ff26d2fddfb347a09d4157606a,2023-01-25T08:59:00Z,RETEST_EXPIRED,2023-01-25T07:20:00Z,,1930.84,False,False,INITIAL_CONFIRMATION_STOP,d03f54c901ea37aff16c82b13e50b40403d890b0cc28aa4d0247e86affb30e09,2e5efd5e1e8bd4f07400fe27f8caf126c74708855f5347ab3e45bb9aa8a46fe3,1933.3555357142857,2.3107142857143117,0.11553571428571559,,M15_LATEST_CONFIRMED_OPPOSING_SWING_ELSE_CONTROL,True,b8f20e9d00cf5afc2e8ca1735d2bc2949b8d410d6d8739274cbb72b9cdaf99e1,2023-01-25T06:45:00Z,1933.24,1917.18,a1d7941afaf890f2722d667901be44c9455dd8f3d283b5bec826eaa9a8c83700
511b2e0618f563446bbbb752394e06d0059ae082bb46da3a93bbc436ceabdeb2,1930.84,2023-01-25T07:05:00Z,8bfb7c615c7b26125962f42a6222f3a9e1c32ff2425a4a95a3227065706d8253,2023-01-25T07:05:00Z,1928.41,1939.66,2023-02-01T00:00:00Z,2023-01-25T07:00:00Z,0.0,SHORT,1.0,-50.0,CONTROL_V2_FILLED_STOP,2023-01-25T07:05:00Z,CONTROL_NEXT_M1_OPEN,1928.41,True,3150406f53b845a70b877a9b80bb2f0e568d1baa82fcd29205751f235f4b063d,1.0142222222222093,0.7555555555555555,2023_01,-1.0,-1.0,STOP,2023-01-25T19:33:00Z,STOP,2a6f4cd57f2d6b3612432d363204671dcb923476da90230511ea926cd6b4b6dc,2023-01-25T19:33:00Z,RETEST_EXPIRED,2023-01-25T07:20:00Z,,1930.84,False,False,INITIAL_CONFIRMATION_STOP,60982ce4c14567853b759820e8f044b1ae94ebc525ce05393d3c2d18d1c940ae,2e5efd5e1e8bd4f07400fe27f8caf126c74708855f5347ab3e45bb9aa8a46fe3,1939.66,5.690714285714291,0.28453571428571456,NOT_STRICTLY_CLOSER_THAN_CONTROL,H1_SOURCE_SWING_BUFFERED_ELSE_CONTROL,False,2e5efd5e1e8bd4f07400fe27f8caf126c74708855f5347ab3e45bb9aa8a46fe3,2023-01-25T07:00:00Z,1939.66,1917.18,a1d7941afaf890f2722d667901be44c9455dd8f3d283b5bec826eaa9a8c83700
511b2e0618f563446bbbb752394e06d0059ae082bb46da3a93bbc436ceabdeb2,1930.84,2023-01-25T07:05:00Z,8bfb7c615c7b26125962f42a6222f3a9e1c32ff2425a4a95a3227065706d8253,2023-01-25T07:05:00Z,1928.41,1939.66,2023-02-01T00:00:00Z,2023-01-25T07:00:00Z,1.0,SHORT,1.0,0.0,CONTROL_V2_FILLED_STOP,,M5_BROKEN_CONTROL_FIRST_RETEST,,False,f298ab36b7ff6ad44fced4a47e639bb0dda47f1672d0ad799df5d2233151c25a,,,2023_01,0.0,-1.0,STOP,2023-01-25T19:33:00Z,NO_FILL,93a492744a9641894ed433417219aa65916e6ad57fb9cd0be77bcb1a549564b8,,RETEST_EXPIRED,2023-01-25T07:20:00Z,,1930.84,False,False,INITIAL_CONFIRMATION_STOP,281e3e534c27853766bee047b6f5bc31149d798406239090bb1394b21a89fcd7,2e5efd5e1e8bd4f07400fe27f8caf126c74708855f5347ab3e45bb9aa8a46fe3,1939.66,,,,CONTROL_V2_FILLED_STOP,False,,2023-01-25T07:05:00Z,1939.66,1917.18,a1d7941afaf890f2722d667901be44c9455dd8f3d283b5bec826eaa9a8c83700
511b2e0618f563446bbbb752394e06d0059ae082bb46da3a93bbc436ceabdeb2,1930.84,2023-01-25T07:05:00Z,8bfb7c615c7b26125962f42a6222f3a9e1c32ff2425a4a95a3227065706d8253,2023-01-25T07:05:00Z,1928.41,1939.66,2023-02-01T00:00:00Z,2023-01-25T07:00:00Z,1.0,SHORT,0.43518412698411135,0.0,M5_LATEST_CONFIRMED_OPPOSING_SWING_ELSE_CONTROL,,M5_BROKEN_CONTROL_FIRST_RETEST,,False,bdf73f53353cc4e1ecd873cf5853490ca812cd464934240135cea2ac0e3b29e6,,,2023_01,0.0,-1.0,STOP,2023-01-25T19:33:00Z,NO_FILL,f48a7461f135d24d12f423547f2fb41802499fd33c6bd0be883080c765994685,,RETEST_EXPIRED,2023-01-25T07:20:00Z,,1930.84,False,False,INITIAL_CONFIRMATION_STOP,ae6b61ef9c0c0f6777f85ca267603bde0dc85baec0b5e23ae7d91684de159aad,2e5efd5e1e8bd4f07400fe27f8caf126c74708855f5347ab3e45bb9aa8a46fe3,1933.3058214285713,1.3164285714285597,0.06582142857142799,,M5_LATEST_CONFIRMED_OPPOSING_SWING_ELSE_CONTROL,True,7bc285cf74dacf769e24ac1c38e128c415a9db3f95de31814123de4c2b3c606b,2023-01-25T06:25:00Z,1933.24,1917.18,a1d7941afaf890f2722d667901be44c9455dd8f3d283b5bec826eaa9a8c83700
511b2e0618f563446bbbb752394e06d0059ae082bb46da3a93bbc436ceabdeb2,1930.84,2023-01-25T07:05:00Z,8bfb7c615c7b26125962f42a6222f3a9e1c32ff2425a4a95a3227065706d8253,2023-01-25T07:05:00Z,1928.41,1939.66,2023-02-01T00:00:00Z,2023-01-25T07:00:00Z,1.0,SHORT,0.4396031746031642,0.0,M15_LATEST_CONFIRMED_OPPOSING_SWING_ELSE_CONTROL,,M5_BROKEN_CONTROL_FIRST_RETEST,,False,26162b122ef277d7fbd0a1621abf4823b28e56197b4b571ce874dc9cec8b6dbb,,,2023_01,0.0,-1.0,STOP,2023-01-25T19:33:00Z,NO_FILL,d32a053b77128b9981d78f4d479bb13b6569b2c41954b4b2b17377a0f0bdef06,,RETEST_EXPIRED,2023-01-25T07:20:00Z,,1930.84,False,False,INITIAL_CONFIRMATION_STOP,5696402b5770d47b38a1a483fe8780e0bbd12443aac60ee4dac34b73e252ae97,2e5efd5e1e8bd4f07400fe27f8caf126c74708855f5347ab3e45bb9aa8a46fe3,1933.3555357142857,2.3107142857143117,0.11553571428571559,,M15_LATEST_CONFIRMED_OPPOSING_SWING_ELSE_CONTROL,True,b8f20e9d00cf5afc2e8ca1735d2bc2949b8d410d6d8739274cbb72b9cdaf99e1,2023-01-25T06:45:00Z,1933.24,1917.18,a1d7941afaf890f2722d667901be44c9455dd8f3d283b5bec826eaa9a8c83700
511b2e0618f563446bbbb752394e06d0059ae082bb46da3a93bbc436ceabdeb2,1930.84,2023-01-25T07:05:00Z,8bfb7c615c7b26125962f42a6222f3a9e1c32ff2425a4a95a3227065706d8253,2023-01-25T07:05:00Z,1928.41,1939.66,2023-02-01T00:00:00Z,2023-01-25T07:00:00Z,1.0,SHORT,1.0,0.0,CONTROL_V2_FILLED_STOP,,M5_BROKEN_CONTROL_FIRST_RETEST,,False,3150406f53b845a70b877a9b80bb2f0e568d1baa82fcd29205751f235f4b063d,,,2023_01,0.0,-1.0,STOP,2023-01-25T19:33:00Z,NO_FILL,f5d6f4848193b616587027c65fe163b7cba07804b5d39e55a236dba0c98159ce,,RETEST_EXPIRED,2023-01-25T07:20:00Z,,1930.84,False,False,INITIAL_CONFIRMATION_STOP,cef1d9fd85f861e67a2187bd8a15aab07afbe49e8293beeb9f09293d688d08ad,2e5efd5e1e8bd4f07400fe27f8caf126c74708855f5347ab3e45bb9aa8a46fe3,1939.66,5.690714285714291,0.28453571428571456,NOT_STRICTLY_CLOSER_THAN_CONTROL,H1_SOURCE_SWING_BUFFERED_ELSE_CONTROL,False,2e5efd5e1e8bd4f07400fe27f8caf126c74708855f5347ab3e45bb9aa8a46fe3,2023-01-25T07:00:00Z,1939.66,1917.18,a1d7941afaf890f2722d667901be44c9455dd8f3d283b5bec826eaa9a8c83700
511b2e0618f563446bbbb752394e06d0059ae082bb46da3a93bbc436ceabdeb2,1930.84,2023-01-25T07:05:00Z,8bfb7c615c7b26125962f42a6222f3a9e1c32ff2425a4a95a3227065706d8253,2023-01-25T07:05:00Z,1928.41,1939.66,2023-02-01T00:00:00Z,2023-01-25T07:00:00Z,0.75,SHORT,1.0,-12.5,CONTROL_V2_FILLED_STOP,2023-01-25T07:05:00Z,CONFIRMED_25_75_RETEST_SPLIT,1928.41,True,f298ab36b7ff6ad44fced4a47e639bb0dda47f1672d0ad799df5d2233151c25a,0.2535555555555523,0.18888888888888888,2023_01,-0.25,-1.0,STOP,2023-01-25T19:33:00Z,SPLIT_CONTROL_STOP_NO_RETEST,8da7d4995eb0a68cd277897bedec755a3844c02849e6a6ce5b7bfa5a6569f22e,2023-01-25T19:33:00Z,RETEST_EXPIRED,2023-01-25T07:20:00Z,,1930.84,False,False,INITIAL_CONFIRMATION_STOP,b5c744e2a203d4849c9868986c7e2d5271fe1be4394d49448edd98bbd1a9d2a6,2e5efd5e1e8bd4f07400fe27f8caf126c74708855f5347ab3e45bb9aa8a46fe3,1939.66,,,,CONTROL_V2_FILLED_STOP,False,,2023-01-25T07:05:00Z,1939.66,1917.18,a1d7941afaf890f2722d667901be44c9455dd8f3d283b5bec826eaa9a8c83700
511b2e0618f563446bbbb752394e06d0059ae082bb46da3a93bbc436ceabdeb2,1930.84,2023-01-25T07:05:00Z,8bfb7c615c7b26125962f42a6222f3a9e1c32ff2425a4a95a3227065706d8253,2023-01-25T07:05:00Z,1928.41,1939.66,2023-02-01T00:00:00Z,2023-01-25T07:00:00Z,0.75,SHORT,0.43518412698411135,-12.5,M5_LATEST_CONFIRMED_OPPOSING_SWING_ELSE_CONTROL,2023-01-25T07:05:00Z,CONFIRMED_25_75_RETEST_SPLIT,1928.41,True,bdf73f53353cc4e1ecd873cf5853490ca812cd464934240135cea2ac0e3b29e6,0.2660432001050456,0.13123436166411437,2023_01,-0.25,-1.0,STOP,2023-01-25T19:33:00Z,SPLIT_CONTROL_STOP_NO_RETEST,ff7ee3f2cda4f44e97fe273e6d75fc742ebea065cf8bac22c033454d1726c6dc,2023-01-25T08:59:00Z,RETEST_EXPIRED,2023-01-25T07:20:00Z,,1930.84,False,False,INITIAL_CONFIRMATION_STOP,187ac469669b50935442afe4e5542e53ad11aadc9d969f17cd3ab2bb2462f334,2e5efd5e1e8bd4f07400fe27f8caf126c74708855f5347ab3e45bb9aa8a46fe3,1933.3058214285713,1.3164285714285597,0.06582142857142799,,M5_LATEST_CONFIRMED_OPPOSING_SWING_ELSE_CONTROL,True,7bc285cf74dacf769e24ac1c38e128c415a9db3f95de31814123de4c2b3c606b,2023-01-25T06:25:00Z,1933.24,1917.18,a1d7941afaf890f2722d667901be44c9455dd8f3d283b5bec826eaa9a8c83700
511b2e0618f563446bbbb752394e06d0059ae082bb46da3a93bbc436ceabdeb2,1930.84,2023-01-25T07:05:00Z,8bfb7c615c7b26125962f42a6222f3a9e1c32ff2425a4a95a3227065706d8253,2023-01-25T07:05:00Z,1928.41,1939.66,2023-02-01T00:00:00Z,2023-01-25T07:00:00Z,0.75,SHORT,0.4396031746031642,-12.5,M15_LATEST_CONFIRMED_OPPOSING_SWING_ELSE_CONTROL,2023-01-25T07:05:00Z,CONFIRMED_25_75_RETEST_SPLIT,1928.41,True,26162b122ef277d7fbd0a1621abf4823b28e56197b4b571ce874dc9cec8b6dbb,0.2633688391406357,0.12991514713848398,2023_01,-0.25,-1.0,STOP,2023-01-25T19:33:00Z,SPLIT_CONTROL_STOP_NO_RETEST,8d538f859b16bd19b26f32faba79fc55873bc939e2ca59419ad382647027b7ef,2023-01-25T08:59:00Z,RETEST_EXPIRED,2023-01-25T07:20:00Z,,1930.84,False,False,INITIAL_CONFIRMATION_STOP,273ba43dfddc93285ec059a3ccf0e7a1262642acc85475359dd819252bc6847e,2e5efd5e1e8bd4f07400fe27f8caf126c74708855f5347ab3e45bb9aa8a46fe3,1933.3555357142857,2.3107142857143117,0.11553571428571559,,M15_LATEST_CONFIRMED_OPPOSING_SWING_ELSE_CONTROL,True,b8f20e9d00cf5afc2e8ca1735d2bc2949b8d410d6d8739274cbb72b9cdaf99e1,2023-01-25T06:45:00Z,1933.24,1917.18,a1d7941afaf890f2722d667901be44c9455dd8f3d283b5bec826eaa9a8c83700
511b2e0618f563446bbbb752394e06d0059ae082bb46da3a93bbc436ceabdeb2,1930.84,2023-01-25T07:05:00Z,8bfb7c615c7b26125962f42a6222f3a9e1c32ff2425a4a95a3227065706d8253,2023-01-25T07:05:00Z,1928.41,1939.66,2023-02-01T00:00:00Z,2023-01-25T07:00:00Z,0.75,SHORT,1.0,-12.5,CONTROL_V2_FILLED_STOP,2023-01-25T07:05:00Z,CONFIRMED_25_75_RETEST_SPLIT,1928.41,True,3150406f53b845a70b877a9b80bb2f0e568d1baa82fcd29205751f235f4b063d,0.2535555555555523,0.18888888888888888,2023_01,-0.25,-1.0,STOP,2023-01-25T19:33:00Z,SPLIT_CONTROL_STOP_NO_RETEST,e890d73529f1f00fdbac01d30e2a23e66acbafd2e45b6283b507391e872ed3a0,2023-01-25T19:33:00Z,RETEST_EXPIRED,2023-01-25T07:20:00Z,,1930.84,False,False,INITIAL_CONFIRMATION_STOP,b79dbcfb2157a705891f4f13fc789b25175670895ec718e1b9cfd6f9e5f5945c,2e5efd5e1e8bd4f07400fe27f8caf126c74708855f5347ab3e45bb9aa8a46fe3,1939.66,5.690714285714291,0.28453571428571456,NOT_STRICTLY_CLOSER_THAN_CONTROL,H1_SOURCE_SWING_BUFFERED_ELSE_CONTROL,False,2e5efd5e1e8bd4f07400fe27f8caf126c74708855f5347ab3e45bb9aa8a46fe3,2023-01-25T07:00:00Z,1939.66,1917.18,a1d7941afaf890f2722d667901be44c9455dd8f3d283b5bec826eaa9a8c83700
b4826370be862cbc00394c14d560d6886a31499dd0cd16a06b77c8f8d6ce9ed1,1928.15,2023-01-25T12:05:00Z,c51bc9a5e9daf1b50681473dadc3fbbd41fef1e7eef9a6ee284a17b34a9d8954,2023-01-25T12:05:00Z,1927.85,1933.77,2023-02-01T00:00:00Z,2023-01-25T12:00:00Z,0.0,SHORT,1.0,16.976351351351067,CONTROL_V2_FILLED_STOP,2023-01-25T12:05:00Z,CONTROL_NEXT_M1_OPEN,1927.85,True,e4f98e331d5d1e52f4e7ecb8801d4f4b9f7a265f5c85c99cd9b968d55425988f,0.06081081081083157,0.39358108108106393,2023_01,0.3395270270270213,0.3395270270270213,TARGET,2023-01-25T12:10:00Z,TARGET,7eb4a2feeb2b1e0da7a5055fc3065f33cea1a06e08f4b8fdf471debc184f99b9,2023-01-25T12:10:00Z,FIRST_RETEST_FILLED,2023-01-25T12:20:00Z,2023-01-25T12:05:00Z,1928.15,True,False,INITIAL_CONFIRMATION_TARGET,3454052ddfd91a7484529dcb527512ff6ebe8ed4a46ec223c09a6f3e7746b955,741e7693dad97cfe8500bf2503d7d6a258570f1f727b7d3fa0fe8fc0ad7a0840,1933.77,,,,CONTROL_V2_FILLED_STOP,False,,2023-01-25T12:05:00Z,1933.77,1925.84,8674aa66fc4695c48a53f5ea191e50203d8820b10f47bde8ff988f629f92bd85
b4826370be862cbc00394c14d560d6886a31499dd0cd16a06b77c8f8d6ce9ed1,1928.15,2023-01-25T12:05:00Z,c51bc9a5e9daf1b50681473dadc3fbbd41fef1e7eef9a6ee284a17b34a9d8954,2023-01-25T12:05:00Z,1927.85,1933.77,2023-02-01T00:00:00Z,2023-01-25T12:00:00Z,0.21511420051579355,SHORT,0.612156129343652,27.73206137714074,M5_LATEST_CONFIRMED_OPPOSING_SWING_ELSE_CONTROL,2023-01-25T12:05:00Z,CONTROL_NEXT_M1_OPEN,1927.85,True,6c6ab0171ac81fed25e0a670bbf078f4ad8099e902f3258bb879c829835be0e6,0.09933872732113676,0.6429423184948877,2023_01,0.5546412275428149,0.3395270270270213,TARGET,2023-01-25T12:10:00Z,TARGET,2c5debf48137974703d22c777f46f5c1544d448dd317bcdd6235c68681202001,2023-01-25T12:10:00Z,FIRST_RETEST_FILLED,2023-01-25T12:20:00Z,2023-01-25T12:05:00Z,1928.15,True,False,INITIAL_CONFIRMATION_TARGET,6a2e2786b25b1231f9e8842bddabe79421c8f7fcf1ed937a90a248795c72479f,741e7693dad97cfe8500bf2503d7d6a258570f1f727b7d3fa0fe8fc0ad7a0840,1931.4739642857144,1.079285714285707,0.053964285714285354,,M5_LATEST_CONFIRMED_OPPOSING_SWING_ELSE_CONTROL,True,ebc823fd739b2dd1b880b7da2c4660127837e35836029b3314fb0c5265f2c6c5,2023-01-25T11:45:00Z,1931.42,1925.84,8674aa66fc4695c48a53f5ea191e50203d8820b10f47bde8ff988f629f92bd85
b4826370be862cbc00394c14d560d6886a31499dd0cd16a06b77c8f8d6ce9ed1,1928.15,2023-01-25T12:05:00Z,c51bc9a5e9daf1b50681473dadc3fbbd41fef1e7eef9a6ee284a17b34a9d8954,2023-01-25T12:05:00Z,1927.85,1933.77,2023-02-01T00:00:00Z,2023-01-25T12:00:00Z,0.08539124340157539,SHORT,0.7990407818533081,21.245913521429834,M15_LATEST_CONFIRMED_OPPOSING_SWING_ELSE_CONTROL,2023-01-25T12:05:00Z,CONTROL_NEXT_M1_OPEN,1927.85,True,654672ef6204b42ea370c2e176a6004f93435e847fb24efee801e443bffe5f87,0.07610476485291025,0.4925669502978129,2023_01,0.4249182704285967,0.3395270270270213,TARGET,2023-01-25T12:10:00Z,TARGET,2c35543a8eaff1b6d5634ac31d29e2090486217af4b88db80d2a58dd7a6d1432,2023-01-25T12:10:00Z,FIRST_RETEST_FILLED,2023-01-25T12:20:00Z,2023-01-25T12:05:00Z,1928.15,True,False,INITIAL_CONFIRMATION_TARGET,bf29668e2755b5bffd9e3ed4bfaeaac339f79dbb8e9565e41dd2a2eae3b594e1,741e7693dad97cfe8500bf2503d7d6a258570f1f727b7d3fa0fe8fc0ad7a0840,1932.5803214285716,2.4064285714285103,0.12032142857142553,,M15_LATEST_CONFIRMED_OPPOSING_SWING_ELSE_CONTROL,True,4336688bfbb79e71785a97717efd430526b258eb8daa33efc2d3e382bfc7ed84,2023-01-25T11:15:00Z,1932.46,1925.84,8674aa66fc4695c48a53f5ea191e50203d8820b10f47bde8ff988f629f92bd85
b4826370be862cbc00394c14d560d6886a31499dd0cd16a06b77c8f8d6ce9ed1,1928.15,2023-01-25T12:05:00Z,c51bc9a5e9daf1b50681473dadc3fbbd41fef1e7eef9a6ee284a17b34a9d8954,2023-01-25T12:05:00Z,1927.85,1933.77,2023-02-01T00:00:00Z,2023-01-25T12:00:00Z,0.0,SHORT,1.0,16.976351351351067,CONTROL_V2_FILLED_STOP,2023-01-25T12:05:00Z,CONTROL_NEXT_M1_OPEN,1927.85,True,836d078fa3c1594c65f7d01b34a0e182140da2244780221a72e36fbe29b849c8,0.06081081081083157,0.39358108108106393,2023_01,0.3395270270270213,0.3395270270270213,TARGET,2023-01-25T12:10:00Z,TARGET,31bec941933401d23e324027091b1a153398a6ad4514464283e076201b57b0fb,2023-01-25T12:10:00Z,FIRST_RETEST_FILLED,2023-01-25T12:20:00Z,2023-01-25T12:05:00Z,1928.15,True,False,INITIAL_CONFIRMATION_TARGET,213dfae46c5fc7770c1d355684a2ef3c976c4d16e42f123c3e81a27cdd448122,741e7693dad97cfe8500bf2503d7d6a258570f1f727b7d3fa0fe8fc0ad7a0840,1933.77,4.105714285714287,0.20528571428571435,NOT_STRICTLY_CLOSER_THAN_CONTROL,H1_SOURCE_SWING_BUFFERED_ELSE_CONTROL,False,741e7693dad97cfe8500bf2503d7d6a258570f1f727b7d3fa0fe8fc0ad7a0840,2023-01-25T12:00:00Z,1933.77,1925.84,8674aa66fc4695c48a53f5ea191e50203d8820b10f47bde8ff988f629f92bd85
b4826370be862cbc00394c14d560d6886a31499dd0cd16a06b77c8f8d6ce9ed1,1928.15,2023-01-25T12:05:00Z,c51bc9a5e9daf1b50681473dadc3fbbd41fef1e7eef9a6ee284a17b34a9d8954,2023-01-25T12:05:00Z,1927.85,1933.77,2023-02-01T00:00:00Z,2023-01-25T12:00:00Z,0.07150500144276833,SHORT,1.0,20.551601423489483,CONTROL_V2_FILLED_STOP,2023-01-25T12:05:00Z,M5_BROKEN_CONTROL_FIRST_RETEST,1928.15,True,e4f98e331d5d1e52f4e7ecb8801d4f4b9f7a265f5c85c99cd9b968d55425988f,0.01067615658362039,0.46797153024913885,2023_01,0.41103202846978965,0.3395270270270213,TARGET,2023-01-25T12:10:00Z,TARGET,a043fb646820cd9a7086cc7dc7732761d449cfa9793815c9bd66f456c04f63d1,2023-01-25T12:10:00Z,FIRST_RETEST_FILLED,2023-01-25T12:20:00Z,2023-01-25T12:05:00Z,1928.15,True,True,INITIAL_CONFIRMATION_TARGET,e4f385ed4922c87d155d5cc81a8e5a7ac92cba3c0bcf01e448a24930bba9955a,741e7693dad97cfe8500bf2503d7d6a258570f1f727b7d3fa0fe8fc0ad7a0840,1933.77,,,,CONTROL_V2_FILLED_STOP,False,,2023-01-25T12:05:00Z,1933.77,1925.84,8674aa66fc4695c48a53f5ea191e50203d8820b10f47bde8ff988f629f92bd85
b4826370be862cbc00394c14d560d6886a31499dd0cd16a06b77c8f8d6ce9ed1,1928.15,2023-01-25T12:05:00Z,c51bc9a5e9daf1b50681473dadc3fbbd41fef1e7eef9a6ee284a17b34a9d8954,2023-01-25T12:05:00Z,1927.85,1933.77,2023-02-01T00:00:00Z,2023-01-25T12:00:00Z,0.35542628818399935,SHORT,0.612156129343652,34.74766576055103,M5_LATEST_CONFIRMED_OPPOSING_SWING_ELSE_CONTROL,2023-01-25T12:05:00Z,M5_BROKEN_CONTROL_FIRST_RETEST,1928.15,True,6c6ab0171ac81fed25e0a670bbf078f4ad8099e902f3258bb879c829835be0e6,0.01805073546000874,0.7912239043311357,2023_01,0.6949533152110207,0.3395270270270213,TARGET,2023-01-25T12:10:00Z,TARGET,24e3b988c22b3f58c0878e1224d7d145b9862d3f94e2dccc2256bd994baaf89a,2023-01-25T12:10:00Z,FIRST_RETEST_FILLED,2023-01-25T12:20:00Z,2023-01-25T12:05:00Z,1928.15,True,True,INITIAL_CONFIRMATION_TARGET,4156ebea5185d6d43a97e4a5baf24f934e26572a417effdb99a41e9e244d2ec1,741e7693dad97cfe8500bf2503d7d6a258570f1f727b7d3fa0fe8fc0ad7a0840,1931.4739642857144,1.079285714285707,0.053964285714285354,,M5_LATEST_CONFIRMED_OPPOSING_SWING_ELSE_CONTROL,True,ebc823fd739b2dd1b880b7da2c4660127837e35836029b3314fb0c5265f2c6c5,2023-01-25T11:45:00Z,1931.42,1925.84,8674aa66fc4695c48a53f5ea191e50203d8820b10f47bde8ff988f629f92bd85
b4826370be862cbc00394c14d560d6886a31499dd0cd16a06b77c8f8d6ce9ed1,1928.15,2023-01-25T12:05:00Z,c51bc9a5e9daf1b50681473dadc3fbbd41fef1e7eef9a6ee284a17b34a9d8954,2023-01-25T12:05:00Z,1927.85,1933.77,2023-02-01T00:00:00Z,2023-01-25T12:00:00Z,0.18187983638988958,SHORT,0.7990407818533081,26.070343170845543,M15_LATEST_CONFIRMED_OPPOSING_SWING_ELSE_CONTROL,2023-01-25T12:05:00Z,M5_BROKEN_CONTROL_FIRST_RETEST,1928.15,True,654672ef6204b42ea370c2e176a6004f93435e847fb24efee801e443bffe5f87,0.013543035413412926,0.5936363856218311,2023_01,0.5214068634169109,0.3395270270270213,TARGET,2023-01-25T12:10:00Z,TARGET,62749ee9363d8544ec40e4778ddb13991b41e43001e104c01f187f9282f1c2ef,2023-01-25T12:10:00Z,FIRST_RETEST_FILLED,2023-01-25T12:20:00Z,2023-01-25T12:05:00Z,1928.15,True,True,INITIAL_CONFIRMATION_TARGET,a776489cbf6abf4e6eb8e5e868c190ee1508881f2568438a5af64ab5f146ef95,741e7693dad97cfe8500bf2503d7d6a258570f1f727b7d3fa0fe8fc0ad7a0840,1932.5803214285716,2.4064285714285103,0.12032142857142553,,M15_LATEST_CONFIRMED_OPPOSING_SWING_ELSE_CONTROL,True,4336688bfbb79e71785a97717efd430526b258eb8daa33efc2d3e382bfc7ed84,2023-01-25T11:15:00Z,1932.46,1925.84,8674aa66fc4695c48a53f5ea191e50203d8820b10f47bde8ff988f629f92bd85
b4826370be862cbc00394c14d560d6886a31499dd0cd16a06b77c8f8d6ce9ed1,1928.15,2023-01-25T12:05:00Z,c51bc9a5e9daf1b50681473dadc3fbbd41fef1e7eef9a6ee284a17b34a9d8954,2023-01-25T12:05:00Z,1927.85,1933.77,2023-02-01T00:00:00Z,2023-01-25T12:00:00Z,0.07150500144276833,SHORT,1.0,20.551601423489483,CONTROL_V2_FILLED_STOP,2023-01-25T12:05:00Z,M5_BROKEN_CONTROL_FIRST_RETEST,1928.15,True,836d078fa3c1594c65f7d01b34a0e182140da2244780221a72e36fbe29b849c8,0.01067615658362039,0.46797153024913885,2023_01,0.41103202846978965,0.3395270270270213,TARGET,2023-01-25T12:10:00Z,TARGET,7012a041a120256a5bfedd613e94acd773f217e9b8dad9752f267c6f89d343ad,2023-01-25T12:10:00Z,FIRST_RETEST_FILLED,2023-01-25T12:20:00Z,2023-01-25T12:05:00Z,1928.15,True,True,INITIAL_CONFIRMATION_TARGET,5dd1261026da8e111f9ab3c4e01a9c4a2533e936257d6a2bbebfc9820b0f0db0,741e7693dad97cfe8500bf2503d7d6a258570f1f727b7d3fa0fe8fc0ad7a0840,1933.77,4.105714285714287,0.20528571428571435,NOT_STRICTLY_CLOSER_THAN_CONTROL,H1_SOURCE_SWING_BUFFERED_ELSE_CONTROL,False,741e7693dad97cfe8500bf2503d7d6a258570f1f727b7d3fa0fe8fc0ad7a0840,2023-01-25T12:00:00Z,1933.77,1925.84,8674aa66fc4695c48a53f5ea191e50203d8820b10f47bde8ff988f629f92bd85
b4826370be862cbc00394c14d560d6886a31499dd0cd16a06b77c8f8d6ce9ed1,1928.15,2023-01-25T12:05:00Z,c51bc9a5e9daf1b50681473dadc3fbbd41fef1e7eef9a6ee284a17b34a9d8954,2023-01-25T12:05:00Z,1927.85,1933.77,2023-02-01T00:00:00Z,2023-01-25T12:00:00Z,0.05362875108207621,SHORT,1.0,19.657788905454876,CONTROL_V2_FILLED_STOP,2023-01-25T12:05:00Z,CONFIRMED_25_75_RETEST_SPLIT,1927.85,True,e4f98e331d5d1e52f4e7ecb8801d4f4b9f7a265f5c85c99cd9b968d55425988f,0.023209820140423186,0.4493739179571201,2023_01,0.3931557781090975,0.3395270270270213,TARGET,2023-01-25T12:10:00Z,SPLIT_TARGET_TARGET,a88742e89d9867eb3ea9d46f09ae1427b3348bec0df2d3987b33f38508e5b717,2023-01-25T12:10:00Z,FIRST_RETEST_FILLED,2023-01-25T12:20:00Z,2023-01-25T12:05:00Z,1928.15,True,True,INITIAL_CONFIRMATION_TARGET,eb8d932d0808bec82ca2ab38c13df2a8ebbba0dd4a03ce16051a435c76f0eca3,741e7693dad97cfe8500bf2503d7d6a258570f1f727b7d3fa0fe8fc0ad7a0840,1933.77,,,,CONTROL_V2_FILLED_STOP,False,,2023-01-25T12:05:00Z,1933.77,1925.84,8674aa66fc4695c48a53f5ea191e50203d8820b10f47bde8ff988f629f92bd85
b4826370be862cbc00394c14d560d6886a31499dd0cd16a06b77c8f8d6ce9ed1,1928.15,2023-01-25T12:05:00Z,c51bc9a5e9daf1b50681473dadc3fbbd41fef1e7eef9a6ee284a17b34a9d8954,2023-01-25T12:05:00Z,1927.85,1933.77,2023-02-01T00:00:00Z,2023-01-25T12:00:00Z,0.3203482662669479,SHORT,0.612156129343652,32.99376466469846,M5_LATEST_CONFIRMED_OPPOSING_SWING_ELSE_CONTROL,2023-01-25T12:05:00Z,CONFIRMED_25_75_RETEST_SPLIT,1927.85,True,6c6ab0171ac81fed25e0a670bbf078f4ad8099e902f3258bb879c829835be0e6,0.038372733425290746,0.7541535078720736,2023_01,0.6598752932939692,0.3395270270270213,TARGET,2023-01-25T12:10:00Z,SPLIT_TARGET_TARGET,5ae922c20bbff6ebd1b65e71d1409312c89e8670184ec936510c1757a06b4ddc,2023-01-25T12:10:00Z,FIRST_RETEST_FILLED,2023-01-25T12:20:00Z,2023-01-25T12:05:00Z,1928.15,True,True,INITIAL_CONFIRMATION_TARGET,5361cb290e100e147cb5f90b32b75f10a814cfe5f489aa8775657fbdf29f7c77,741e7693dad97cfe8500bf2503d7d6a258570f1f727b7d3fa0fe8fc0ad7a0840,1931.4739642857144,1.079285714285707,0.053964285714285354,,M5_LATEST_CONFIRMED_OPPOSING_SWING_ELSE_CONTROL,True,ebc823fd739b2dd1b880b7da2c4660127837e35836029b3314fb0c5265f2c6c5,2023-01-25T11:45:00Z,1931.42,1925.84,8674aa66fc4695c48a53f5ea191e50203d8820b10f47bde8ff988f629f92bd85
b4826370be862cbc00394c14d560d6886a31499dd0cd16a06b77c8f8d6ce9ed1,1928.15,2023-01-25T12:05:00Z,c51bc9a5e9daf1b50681473dadc3fbbd41fef1e7eef9a6ee284a17b34a9d8954,2023-01-25T12:05:00Z,1927.85,1933.77,2023-02-01T00:00:00Z,2023-01-25T12:00:00Z,0.15775768814281105,SHORT,0.7990407818533081,24.864235758491617,M15_LATEST_CONFIRMED_OPPOSING_SWING_ELSE_CONTROL,2023-01-25T12:05:00Z,CONFIRMED_25_75_RETEST_SPLIT,1927.85,True,654672ef6204b42ea370c2e176a6004f93435e847fb24efee801e443bffe5f87,0.02918346777328726,0.5683690267908266,2023_01,0.49728471516983236,0.3395270270270213,TARGET,2023-01-25T12:10:00Z,SPLIT_TARGET_TARGET,2d4c4436715fca010401908032866d1ab539714ed30a6d5e852e3476657e5517,2023-01-25T12:10:00Z,FIRST_RETEST_FILLED,2023-01-25T12:20:00Z,2023-01-25T12:05:00Z,1928.15,True,True,INITIAL_CONFIRMATION_TARGET,935f47c5f3cbd4e1f33fb725bf3286d41a1c8402b2a93b48a14d29d3acffafe1,741e7693dad97cfe8500bf2503d7d6a258570f1f727b7d3fa0fe8fc0ad7a0840,1932.5803214285716,2.4064285714285103,0.12032142857142553,,M15_LATEST_CONFIRMED_OPPOSING_SWING_ELSE_CONTROL,True,4336688bfbb79e71785a97717efd430526b258eb8daa33efc2d3e382bfc7ed84,2023-01-25T11:15:00Z,1932.46,1925.84,8674aa66fc4695c48a53f5ea191e50203d8820b10f47bde8ff988f629f92bd85
b4826370be862cbc00394c14d560d6886a31499dd0cd16a06b77c8f8d6ce9ed1,1928.15,2023-01-25T12:05:00Z,c51bc9a5e9daf1b50681473dadc3fbbd41fef1e7eef9a6ee284a17b34a9d8954,2023-01-25T12:05:00Z,1927.85,1933.77,2023-02-01T00:00:00Z,2023-01-25T12:00:00Z,0.05362875108207621,SHORT,1.0,19.657788905454876,CONTROL_V2_FILLED_STOP,2023-01-25T12:05:00Z,CONFIRMED_25_75_RETEST_SPLIT,1927.85,True,836d078fa3c1594c65f7d01b34a0e182140da2244780221a72e36fbe29b849c8,0.023209820140423186,0.4493739179571201,2023_01,0.3931557781090975,0.3395270270270213,TARGET,2023-01-25T12:10:00Z,SPLIT_TARGET_TARGET,6763918d82af533ac3ec6e590045467867364f7ffb1c3395359fa73d0621d1d2,2023-01-25T12:10:00Z,FIRST_RETEST_FILLED,2023-01-25T12:20:00Z,2023-01-25T12:05:00Z,1928.15,True,True,INITIAL_CONFIRMATION_TARGET,124680900de2d41848d531e7bede8d155df03119ce9320ea195e8a47cc0a040e,741e7693dad97cfe8500bf2503d7d6a258570f1f727b7d3fa0fe8fc0ad7a0840,1933.77,4.105714285714287,0.20528571428571435,NOT_STRICTLY_CLOSER_THAN_CONTROL,H1_SOURCE_SWING_BUFFERED_ELSE_CONTROL,False,741e7693dad97cfe8500bf2503d7d6a258570f1f727b7d3fa0fe8fc0ad7a0840,2023-01-25T12:00:00Z,1933.77,1925.84,8674aa66fc4695c48a53f5ea191e50203d8820b10f47bde8ff988f629f92bd85
f36191cba87dda31842b23ab2be9f6b3a0af68c8ad097ad7b3f38978de80dc44,1943.72,2023-01-26T09:10:00Z,60e5dc86795d5b91db0ad5f9dee10265d1c06aca7510e22dea2e4c17b95a2314,2023-01-26T09:10:00Z,1943.4,1949.02,2023-02-01T00:00:00Z,2023-01-26T05:00:00Z,0.0,SHORT,1.0,208.9857651245593,CONTROL_V2_FILLED_STOP,2023-01-26T09:10:00Z,CONTROL_NEXT_M1_OPEN,1943.4,True,44f078e3667f5fcfed2d5c9f2b12bb4aa56b1634aa320abf37d15c70bb7611eb,0.3042704626334239,4.377224199288365,2023_01,4.179715302491186,4.179715302491186,TARGET,2023-01-26T18:24:00Z,TARGET,9beb9aaafbce6a644ffb96b0f2d38a55072e6524c5130c26bd36d83097b0b69c,2023-01-26T18:24:00Z,FIRST_RETEST_FILLED,2023-01-26T09:25:00Z,2023-01-26T09:10:00Z,1943.72,True,False,RECLAIM_CONFIRMATION_TARGET,59b05cb5628bcbf14a12838d5f3545604257d8077abe88de2e9d0e488a6454e8,956363677ea7bc72974e0828103146b0f5f088646f70df4c96b42cdf3d8c8b81,1949.02,,,,CONTROL_V2_FILLED_STOP,False,,2023-01-26T09:10:00Z,1949.02,1919.91,b48f25dac78d14f3fed77bff055c553397fd1b29a02c731b254402917bfb8af1
f36191cba87dda31842b23ab2be9f6b3a0af68c8ad097ad7b3f38978de80dc44,1943.72,2023-01-26T09:10:00Z,60e5dc86795d5b91db0ad5f9dee10265d1c06aca7510e22dea2e4c17b95a2314,2023-01-26T09:10:00Z,1943.4,1949.02,2023-02-01T00:00:00Z,2023-01-26T05:00:00Z,4.084967666019061,SHORT,0.5057320793086153,413.23414842551233,M5_LATEST_CONFIRMED_OPPOSING_SWING_ELSE_CONTROL,2023-01-26T09:10:00Z,CONTROL_NEXT_M1_OPEN,1943.4,True,f0f6c57266f6547470fdc542791bdcc2f3d51b1db4ceb231563b0697805d94e9,0.6016435877458892,8.655223543012053,2023_01,8.264682968510247,4.179715302491186,TARGET,2023-01-26T18:24:00Z,TARGET,69062e5ba83384edf498d035212ab6ef56a114ae7132adcffaa32822103709fc,2023-01-26T18:24:00Z,FIRST_RETEST_FILLED,2023-01-26T09:25:00Z,2023-01-26T09:10:00Z,1943.72,True,False,RECLAIM_CONFIRMATION_TARGET,c72de31b3363f421a1c165e3d4b1276e48e86ebe535df6b72e743a38be1cd139,956363677ea7bc72974e0828103146b0f5f088646f70df4c96b42cdf3d8c8b81,1946.2422142857145,1.2442857142857358,0.06221428571428679,,M5_LATEST_CONFIRMED_OPPOSING_SWING_ELSE_CONTROL,True,ca4512c4a0bb0e7a226400a830d6b30df76ea9699ba2825358d1b5cde60c37c6,2023-01-26T09:10:00Z,1946.18,1919.91,b48f25dac78d14f3fed77bff055c553397fd1b29a02c731b254402917bfb8af1
f36191cba87dda31842b23ab2be9f6b3a0af68c8ad097ad7b3f38978de80dc44,1943.72,2023-01-26T09:10:00Z,60e5dc86795d5b91db0ad5f9dee10265d1c06aca7510e22dea2e4c17b95a2314,2023-01-26T09:10:00Z,1943.4,1949.02,2023-02-01T00:00:00Z,2023-01-26T05:00:00Z,0.0,SHORT,1.0,208.9857651245593,CONTROL_V2_FILLED_STOP,2023-01-26T09:10:00Z,CONTROL_NEXT_M1_OPEN,1943.4,True,9dbaa42a86ee76a7b68d43466a86b6a25c80821b421559aa1968d6033f109d2e,0.3042704626334239,4.377224199288365,2023_01,4.179715302491186,4.179715302491186,TARGET,2023-01-26T18:24:00Z,TARGET,59a56fd202aeac0c51e0e0271c5b8c3c0c1742fbd158e96d99fc959729f77245,2023-01-26T18:24:00Z,FIRST_RETEST_FILLED,2023-01-26T09:25:00Z,2023-01-26T09:10:00Z,1943.72,True,False,RECLAIM_CONFIRMATION_TARGET,4763310a066d6312519ceb8b02e97157867a8b3b8a6abc1969ec851c7a7d395d,956363677ea7bc72974e0828103146b0f5f088646f70df4c96b42cdf3d8c8b81,1949.02,1.6242857142857312,0.08121428571428657,NOT_STRICTLY_CLOSER_THAN_CONTROL,M15_LATEST_CONFIRMED_OPPOSING_SWING_ELSE_CONTROL,False,dbf6e6fd6a458aa1f79bfbe8451c2e841e95169fa0985f5225cf9afcdbec9a8b,2023-01-26T09:00:00Z,1949.0,1919.91,b48f25dac78d14f3fed77bff055c553397fd1b29a02c731b254402917bfb8af1
f36191cba87dda31842b23ab2be9f6b3a0af68c8ad097ad7b3f38978de80dc44,1943.72,2023-01-26T09:10:00Z,60e5dc86795d5b91db0ad5f9dee10265d1c06aca7510e22dea2e4c17b95a2314,2023-01-26T09:10:00Z,1943.4,1949.02,2023-02-01T00:00:00Z,2023-01-26T05:00:00Z,0.5642332275571755,SHORT,0.8810625317742594,237.19742650241807,H1_SOURCE_SWING_BUFFERED_ELSE_CONTROL,2023-01-26T09:10:00Z,CONTROL_NEXT_M1_OPEN,1943.4,True,ea61f7625e88e3385eb12d3a3bd6c9638cb9c7cbb251e4cf4f93c9aeca80d013,0.34534491214907576,4.968119788811848,2023_01,4.743948530048361,4.179715302491186,TARGET,2023-01-26T18:24:00Z,TARGET,4b9a6fe2659a27eaae46a5ad76e6c0223734c10ce6d4ba76a25e96afc6b2687b,2023-01-26T18:24:00Z,FIRST_RETEST_FILLED,2023-01-26T09:25:00Z,2023-01-26T09:10:00Z,1943.72,True,False,RECLAIM_CONFIRMATION_TARGET,4a4e26f04e9f7c6ae8baa9eb59d773fc23fda48f56e46564e2975eb087311e59,956363677ea7bc72974e0828103146b0f5f088646f70df4c96b42cdf3d8c8b81,1948.3515714285713,5.431428571428553,0.27157142857142763,,H1_SOURCE_SWING_BUFFERED_ELSE_CONTROL,True,956363677ea7bc72974e0828103146b0f5f088646f70df4c96b42cdf3d8c8b81,2023-01-26T05:00:00Z,1948.08,1919.91,b48f25dac78d14f3fed77bff055c553397fd1b29a02c731b254402917bfb8af1
f36191cba87dda31842b23ab2be9f6b3a0af68c8ad097ad7b3f38978de80dc44,1943.72,2023-01-26T09:10:00Z,60e5dc86795d5b91db0ad5f9dee10265d1c06aca7510e22dea2e4c17b95a2314,2023-01-26T09:10:00Z,1943.4,1949.02,2023-02-01T00:00:00Z,2023-01-26T05:00:00Z,0.3127375276975215,SHORT,1.0,224.62264150943537,CONTROL_V2_FILLED_STOP,2023-01-26T09:10:00Z,M5_BROKEN_CONTROL_FIRST_RETEST,1943.72,True,44f078e3667f5fcfed2d5c9f2b12bb4aa56b1634aa320abf37d15c70bb7611eb,0.26226415094337446,4.701886792452885,2023_01,4.492452830188707,4.179715302491186,TARGET,2023-01-26T18:24:00Z,TARGET,4ac15f66e4867794a4058f637c4b22310b9adafc24e9e30a9d3f666bea0fbebd,2023-01-26T18:24:00Z,FIRST_RETEST_FILLED,2023-01-26T09:25:00Z,2023-01-26T09:10:00Z,1943.72,True,True,RECLAIM_CONFIRMATION_TARGET,4b042c3682d3d0760633ee6f7a3fe325c975b2d093fbddcaedfdf971979c12f9,956363677ea7bc72974e0828103146b0f5f088646f70df4c96b42cdf3d8c8b81,1949.02,,,,CONTROL_V2_FILLED_STOP,False,,2023-01-26T09:10:00Z,1949.02,1919.91,b48f25dac78d14f3fed77bff055c553397fd1b29a02c731b254402917bfb8af1
f36191cba87dda31842b23ab2be9f6b3a0af68c8ad097ad7b3f38978de80dc44,1943.72,2023-01-26T09:10:00Z,60e5dc86795d5b91db0ad5f9dee10265d1c06aca7510e22dea2e4c17b95a2314,2023-01-26T09:10:00Z,1943.4,1949.02,2023-02-01T00:00:00Z,2023-01-26T05:00:00Z,5.260402507822333,SHORT,0.5057320793086153,472.0058905156759,M5_LATEST_CONFIRMED_OPPOSING_SWING_ELSE_CONTROL,2023-01-26T09:10:00Z,M5_BROKEN_CONTROL_FIRST_RETEST,1943.72,True,f0f6c57266f6547470fdc542791bdcc2f3d51b1db4ceb231563b0697805d94e9,0.5511030557049399,9.880207300840576,2023_01,9.440117810313518,4.179715302491186,TARGET,2023-01-26T18:24:00Z,TARGET,1dd0a51832759461674c0751f7178c099dafe830156ad6e5a2bec4531b5c4682,2023-01-26T18:24:00Z,FIRST_RETEST_FILLED,2023-01-26T09:25:00Z,2023-01-26T09:10:00Z,1943.72,True,True,RECLAIM_CONFIRMATION_TARGET,400d0f92f54c281559539f64f2323db3fffe5546945c7416267bf3abc32eb011,956363677ea7bc72974e0828103146b0f5f088646f70df4c96b42cdf3d8c8b81,1946.2422142857145,1.2442857142857358,0.06221428571428679,,M5_LATEST_CONFIRMED_OPPOSING_SWING_ELSE_CONTROL,True,ca4512c4a0bb0e7a226400a830d6b30df76ea9699ba2825358d1b5cde60c37c6,2023-01-26T09:10:00Z,1946.18,1919.91,b48f25dac78d14f3fed77bff055c553397fd1b29a02c731b254402917bfb8af1
f36191cba87dda31842b23ab2be9f6b3a0af68c8ad097ad7b3f38978de80dc44,1943.72,2023-01-26T09:10:00Z,60e5dc86795d5b91db0ad5f9dee10265d1c06aca7510e22dea2e4c17b95a2314,2023-01-26T09:10:00Z,1943.4,1949.02,2023-02-01T00:00:00Z,2023-01-26T05:00:00Z,0.3127375276975215,SHORT,1.0,224.62264150943537,CONTROL_V2_FILLED_STOP,2023-01-26T09:10:00Z,M5_BROKEN_CONTROL_FIRST_RETEST,1943.72,True,9dbaa42a86ee76a7b68d43466a86b6a25c80821b421559aa1968d6033f109d2e,0.26226415094337446,4.701886792452885,2023_01,4.492452830188707,4.179715302491186,TARGET,2023-01-26T18:24:00Z,TARGET,83fa032b1b9bf7da0048807285b3643ae1dad3827c6158b2d1c5eaa53afdae15,2023-01-26T18:24:00Z,FIRST_RETEST_FILLED,2023-01-26T09:25:00Z,2023-01-26T09:10:00Z,1943.72,True,True,RECLAIM_CONFIRMATION_TARGET,602bc1c5b0915694e113b6ae9e962f8bd5e6a3dd3c32c060fc8223edfcae24a8,956363677ea7bc72974e0828103146b0f5f088646f70df4c96b42cdf3d8c8b81,1949.02,1.6242857142857312,0.08121428571428657,NOT_STRICTLY_CLOSER_THAN_CONTROL,M15_LATEST_CONFIRMED_OPPOSING_SWING_ELSE_CONTROL,False,dbf6e6fd6a458aa1f79bfbe8451c2e841e95169fa0985f5225cf9afcdbec9a8b,2023-01-26T09:00:00Z,1949.0,1919.91,b48f25dac78d14f3fed77bff055c553397fd1b29a02c731b254402917bfb8af1
f36191cba87dda31842b23ab2be9f6b3a0af68c8ad097ad7b3f38978de80dc44,1943.72,2023-01-26T09:10:00Z,60e5dc86795d5b91db0ad5f9dee10265d1c06aca7510e22dea2e4c17b95a2314,2023-01-26T09:10:00Z,1943.4,1949.02,2023-02-01T00:00:00Z,2023-01-26T05:00:00Z,0.9610884975151075,SHORT,0.8810625317742594,257.0401900003147,H1_SOURCE_SWING_BUFFERED_ELSE_CONTROL,2023-01-26T09:10:00Z,M5_BROKEN_CONTROL_FIRST_RETEST,1943.72,True,ea61f7625e88e3385eb12d3a3bd6c9638cb9c7cbb251e4cf4f93c9aeca80d013,0.3001141235618694,5.380463279973015,2023_01,5.140803800006293,4.179715302491186,TARGET,2023-01-26T18:24:00Z,TARGET,0b1d86d655d57fafafa7175efb6ac095f60b9c53852bb407114264df3e89126c,2023-01-26T18:24:00Z,FIRST_RETEST_FILLED,2023-01-26T09:25:00Z,2023-01-26T09:10:00Z,1943.72,True,True,RECLAIM_CONFIRMATION_TARGET,b049f4b0a3c6dad93abd5b37201cf4eb3e84c5cd52b038b9260145a32fb7c4d4,956363677ea7bc72974e0828103146b0f5f088646f70df4c96b42cdf3d8c8b81,1948.3515714285713,5.431428571428553,0.27157142857142763,,H1_SOURCE_SWING_BUFFERED_ELSE_CONTROL,True,956363677ea7bc72974e0828103146b0f5f088646f70df4c96b42cdf3d8c8b81,2023-01-26T05:00:00Z,1948.08,1919.91,b48f25dac78d14f3fed77bff055c553397fd1b29a02c731b254402917bfb8af1
f36191cba87dda31842b23ab2be9f6b3a0af68c8ad097ad7b3f38978de80dc44,1943.72,2023-01-26T09:10:00Z,60e5dc86795d5b91db0ad5f9dee10265d1c06aca7510e22dea2e4c17b95a2314,2023-01-26T09:10:00Z,1943.4,1949.02,2023-02-01T00:00:00Z,2023-01-26T05:00:00Z,0.23455314577314113,SHORT,1.0,220.71342241321634,CONTROL_V2_FILLED_STOP,2023-01-26T09:10:00Z,CONFIRMED_25_75_RETEST_SPLIT,1943.4,True,44f078e3667f5fcfed2d5c9f2b12bb4aa56b1634aa320abf37d15c70bb7611eb,0.2727657288658868,4.620721144161754,2023_01,4.414268448264327,4.179715302491186,TARGET,2023-01-26T18:24:00Z,SPLIT_TARGET_TARGET,dbd821a1b939f705fa3c32dfaa30f9f38c8ffbda71789987842d2529379b9c38,2023-01-26T18:24:00Z,FIRST_RETEST_FILLED,2023-01-26T09:25:00Z,2023-01-26T09:10:00Z,1943.72,True,True,RECLAIM_CONFIRMATION_TARGET,ce7c4c2b7c4c5c9ba01c17bbf4fa9268fa4fecfea891478eb62959757e9a9b7d,956363677ea7bc72974e0828103146b0f5f088646f70df4c96b42cdf3d8c8b81,1949.02,,,,CONTROL_V2_FILLED_STOP,False,,2023-01-26T09:10:00Z,1949.02,1919.91,b48f25dac78d14f3fed77bff055c553397fd1b29a02c731b254402917bfb8af1
f36191cba87dda31842b23ab2be9f6b3a0af68c8ad097ad7b3f38978de80dc44,1943.72,2023-01-26T09:10:00Z,60e5dc86795d5b91db0ad5f9dee10265d1c06aca7510e22dea2e4c17b95a2314,2023-01-26T09:10:00Z,1943.4,1949.02,2023-02-01T00:00:00Z,2023-01-26T05:00:00Z,4.966543797371514,SHORT,0.5057320793086153,457.312954993135,M5_LATEST_CONFIRMED_OPPOSING_SWING_ELSE_CONTROL,2023-01-26T09:10:00Z,CONFIRMED_25_75_RETEST_SPLIT,1943.4,True,f0f6c57266f6547470fdc542791bdcc2f3d51b1db4ceb231563b0697805d94e9,0.5637381887151772,9.573961361383446,2023_01,9.1462590998627,4.179715302491186,TARGET,2023-01-26T18:24:00Z,SPLIT_TARGET_TARGET,de53865deca1a3aee01ab54b1352833c1a6b6ea31406974e74dfe2a89c03603a,2023-01-26T18:24:00Z,FIRST_RETEST_FILLED,2023-01-26T09:25:00Z,2023-01-26T09:10:00Z,1943.72,True,True,RECLAIM_CONFIRMATION_TARGET,2c47dc62e9806a1adf86f09f88e3f1722be33c9bf4389e796b1c94dacbaa4369,956363677ea7bc72974e0828103146b0f5f088646f70df4c96b42cdf3d8c8b81,1946.2422142857145,1.2442857142857358,0.06221428571428679,,M5_LATEST_CONFIRMED_OPPOSING_SWING_ELSE_CONTROL,True,ca4512c4a0bb0e7a226400a830d6b30df76ea9699ba2825358d1b5cde60c37c6,2023-01-26T09:10:00Z,1946.18,1919.91,b48f25dac78d14f3fed77bff055c553397fd1b29a02c731b254402917bfb8af1
f36191cba87dda31842b23ab2be9f6b3a0af68c8ad097ad7b3f38978de80dc44,1943.72,2023-01-26T09:10:00Z,60e5dc86795d5b91db0ad5f9dee10265d1c06aca7510e22dea2e4c17b95a2314,2023-01-26T09:10:00Z,1943.4,1949.02,2023-02-01T00:00:00Z,2023-01-26T05:00:00Z,0.23455314577314113,SHORT,1.0,220.71342241321634,CONTROL_V2_FILLED_STOP,2023-01-26T09:10:00Z,CONFIRMED_25_75_RETEST_SPLIT,1943.4,True,9dbaa42a86ee76a7b68d43466a86b6a25c80821b421559aa1968d6033f109d2e,0.2727657288658868,4.620721144161754,2023_01,4.414268448264327,4.179715302491186,TARGET,2023-01-26T18:24:00Z,SPLIT_TARGET_TARGET,3ca69cb4d87a57d9e69086faf9d6a755c17d3b3ebb0231eecd807975e1d11f7d,2023-01-26T18:24:00Z,FIRST_RETEST_FILLED,2023-01-26T09:25:00Z,2023-01-26T09:10:00Z,1943.72,True,True,RECLAIM_CONFIRMATION_TARGET,27382fa4d145915b1d415b2f3a3bc822caf46a06f511a6edd20b92b996d8709f,956363677ea7bc72974e0828103146b0f5f088646f70df4c96b42cdf3d8c8b81,1949.02,1.6242857142857312,0.08121428571428657,NOT_STRICTLY_CLOSER_THAN_CONTROL,M15_LATEST_CONFIRMED_OPPOSING_SWING_ELSE_CONTROL,False,dbf6e6fd6a458aa1f79bfbe8451c2e841e95169fa0985f5225cf9afcdbec9a8b,2023-01-26T09:00:00Z,1949.0,1919.91,b48f25dac78d14f3fed77bff055c553397fd1b29a02c731b254402917bfb8af1
f36191cba87dda31842b23ab2be9f6b3a0af68c8ad097ad7b3f38978de80dc44,1943.72,2023-01-26T09:10:00Z,60e5dc86795d5b91db0ad5f9dee10265d1c06aca7510e22dea2e4c17b95a2314,2023-01-26T09:10:00Z,1943.4,1949.02,2023-02-01T00:00:00Z,2023-01-26T05:00:00Z,0.8618746800256245,SHORT,0.8810625317742594,252.0794991258405,H1_SOURCE_SWING_BUFFERED_ELSE_CONTROL,2023-01-26T09:10:00Z,CONFIRMED_25_75_RETEST_SPLIT,1943.4,True,ea61f7625e88e3385eb12d3a3bd6c9638cb9c7cbb251e4cf4f93c9aeca80d013,0.31142182070867097,5.2773774071827235,2023_01,5.04158998251681,4.179715302491186,TARGET,2023-01-26T18:24:00Z,SPLIT_TARGET_TARGET,899ceb52155b0a5b450b6283ae834bae0a4fbed551b3c432b5be029b7e339117,2023-01-26T18:24:00Z,FIRST_RETEST_FILLED,2023-01-26T09:25:00Z,2023-01-26T09:10:00Z,1943.72,True,True,RECLAIM_CONFIRMATION_TARGET,1a5606dd2c090e559e9d9a3b6d307c4e2d28a8152f43e66e919451e07a479645,956363677ea7bc72974e0828103146b0f5f088646f70df4c96b42cdf3d8c8b81,1948.3515714285713,5.431428571428553,0.27157142857142763,,H1_SOURCE_SWING_BUFFERED_ELSE_CONTROL,True,956363677ea7bc72974e0828103146b0f5f088646f70df4c96b42cdf3d8c8b81,2023-01-26T05:00:00Z,1948.08,1919.91,b48f25dac78d14f3fed77bff055c553397fd1b29a02c731b254402917bfb8af1
b6608a6f7d5a8f9a7766a8efef189c4ab8bd79c27eb498187f0b35131680522c,1940.01,2023-01-26T11:20:00Z,26e131eef9ce4e40faf1f2f86de61f6cdf140e21fab346910584122c5b08bb1d,2023-01-26T11:20:00Z,1938.28,1949.0,2023-02-01T00:00:00Z,2023-01-26T11:00:00Z,0.0,SHORT,1.0,85.680970149253,CONTROL_V2_FILLED_STOP,2023-01-26T11:20:00Z,CONTROL_NEXT_M1_OPEN,1938.28,True,0201ae8f05b0179a3c72e92b00ae6c1de527dca5a83c66100d99294883df4b93,0.3852611940298599,1.8171641791044746,2023_01,1.71361940298506,1.71361940298506,TARGET,2023-01-26T18:24:00Z,TARGET,7269ee1b394d9c5df51606da536367e7998af95fb764c47fded9cbb04885062c,2023-01-26T18:24:00Z,RETEST_EXPIRED,2023-01-26T11:35:00Z,,1940.01,False,False,INITIAL_CONFIRMATION_TARGET,67a2d62be62bb8a77884a6dcd59218cf8b10438b215979faf0850ffe843d56a7,c1749a78f3539c593ee45d9c3e9673e260d03d862a66060688be2cc64a4da6b2,1949.0,,,,CONTROL_V2_FILLED_STOP,False,,2023-01-26T11:20:00Z,1949.0,1919.91,fe07a6c5ec9e050037479dd09226927602fc916e1c2afb60b2f2c45d5306358b
b6608a6f7d5a8f9a7766a8efef189c4ab8bd79c27eb498187f0b35131680522c,1940.01,2023-01-26T11:20:00Z,26e131eef9ce4e40faf1f2f86de61f6cdf140e21fab346910584122c5b08bb1d,2023-01-26T11:20:00Z,1938.28,1949.0,2023-02-01T00:00:00Z,2023-01-26T11:00:00Z,0.9456300140956886,SHORT,0.6443996535181061,132.96247085403743,M5_LATEST_CONFIRMED_OPPOSING_SWING_ELSE_CONTROL,2023-01-26T11:20:00Z,CONTROL_NEXT_M1_OPEN,1938.28,True,7425ddec6f1e1e77b9f10712df0d60d254d6f1cf8eaae66210d26eee18eef6fe,0.597860647389431,2.8199335135946293,2023_01,2.6592494170807486,1.71361940298506,TARGET,2023-01-26T18:24:00Z,TARGET,d977990ab1abbc245c1a040a540fc3094a52d4c18481ded4f2647a79c01c7f4a,2023-01-26T18:24:00Z,RETEST_EXPIRED,2023-01-26T11:35:00Z,,1940.01,False,False,INITIAL_CONFIRMATION_TARGET,0627bbf3654606ed0d6f8ac10fbad7648d178c8e4371dd30c0fb4dd9e1d651fd,c1749a78f3539c593ee45d9c3e9673e260d03d862a66060688be2cc64a4da6b2,1945.187964285714,1.559285714285709,0.07796428571428546,,M5_LATEST_CONFIRMED_OPPOSING_SWING_ELSE_CONTROL,True,948d1ae5c8a8c3577d97999807b89bfcb55bb45f2ea05575ef2f52296662409e,2023-01-26T10:55:00Z,1945.11,1919.91,fe07a6c5ec9e050037479dd09226927602fc916e1c2afb60b2f2c45d5306358b
b6608a6f7d5a8f9a7766a8efef189c4ab8bd79c27eb498187f0b35131680522c,1940.01,2023-01-26T11:20:00Z,26e131eef9ce4e40faf1f2f86de61f6cdf140e21fab346910584122c5b08bb1d,2023-01-26T11:20:00Z,1938.28,1949.0,2023-02-01T00:00:00Z,2023-01-26T11:00:00Z,0.9262767174413433,SHORT,0.6491238006396522,131.99480602132016,M15_LATEST_CONFIRMED_OPPOSING_SWING_ELSE_CONTROL,2023-01-26T11:20:00Z,CONTROL_NEXT_M1_OPEN,1938.28,True,c0e09385d99bc32044a90d68b5434ff78d30c05d687844aade75f315a2339743,0.5935095796059553,2.7994108016280177,2023_01,2.6398961204264033,1.71361940298506,TARGET,2023-01-26T18:24:00Z,TARGET,a99ca39ed442b8be42c1865cc06511582c57c1d6378757f4c58aa5973de1decc,2023-01-26T18:24:00Z,RETEST_EXPIRED,2023-01-26T11:35:00Z,,1940.01,False,False,INITIAL_CONFIRMATION_TARGET,ab6832cc571ffdda6bc960f5e45b99d0196e3446d2c652ae5fee5d49bc1115d6,c1749a78f3539c593ee45d9c3e9673e260d03d862a66060688be2cc64a4da6b2,1945.238607142857,2.572142857142905,0.12860714285714525,,M15_LATEST_CONFIRMED_OPPOSING_SWING_ELSE_CONTROL,True,b6af1d60f05196ac0a7c4b298d01125ce8d35b33fa83affe774698c72658dde7,2023-01-26T11:15:00Z,1945.11,1919.91,fe07a6c5ec9e050037479dd09226927602fc916e1c2afb60b2f2c45d5306358b
b6608a6f7d5a8f9a7766a8efef189c4ab8bd79c27eb498187f0b35131680522c,1940.01,2023-01-26T11:20:00Z,26e131eef9ce4e40faf1f2f86de61f6cdf140e21fab346910584122c5b08bb1d,2023-01-26T11:20:00Z,1938.28,1949.0,2023-02-01T00:00:00Z,2023-01-26T11:00:00Z,0.0,SHORT,1.0,85.680970149253,CONTROL_V2_FILLED_STOP,2023-01-26T11:20:00Z,CONTROL_NEXT_M1_OPEN,1938.28,True,ebfb13f2c2f7b5b04022b52942dd39f4d565de7a7e7d10133292d2b109709143,0.3852611940298599,1.8171641791044746,2023_01,1.71361940298506,1.71361940298506,TARGET,2023-01-26T18:24:00Z,TARGET,4a52188c67596d9ca849416a3997fb876119f3a4ed2a4c1a64222bdd98751d27,2023-01-26T18:24:00Z,RETEST_EXPIRED,2023-01-26T11:35:00Z,,1940.01,False,False,INITIAL_CONFIRMATION_TARGET,5165f5f911f680e925e0eef4fd4d3c8f6195024600a5832adff9de023fedc0e3,c1749a78f3539c593ee45d9c3e9673e260d03d862a66060688be2cc64a4da6b2,1949.0,4.999999999999984,0.24999999999999922,NOT_STRICTLY_CLOSER_THAN_CONTROL,H1_SOURCE_SWING_BUFFERED_ELSE_CONTROL,False,c1749a78f3539c593ee45d9c3e9673e260d03d862a66060688be2cc64a4da6b2,2023-01-26T11:00:00Z,1949.0,1919.91,fe07a6c5ec9e050037479dd09226927602fc916e1c2afb60b2f2c45d5306358b
b6608a6f7d5a8f9a7766a8efef189c4ab8bd79c27eb498187f0b35131680522c,1940.01,2023-01-26T11:20:00Z,26e131eef9ce4e40faf1f2f86de61f6cdf140e21fab346910584122c5b08bb1d,2023-01-26T11:20:00Z,1938.28,1949.0,2023-02-01T00:00:00Z,2023-01-26T11:00:00Z,-1.71361940298506,SHORT,1.0,0.0,CONTROL_V2_FILLED_STOP,,M5_BROKEN_CONTROL_FIRST_RETEST,,False,0201ae8f05b0179a3c72e92b00ae6c1de527dca5a83c66100d99294883df4b93,,,2023_01,0.0,1.71361940298506,TARGET,2023-01-26T18:24:00Z,NO_FILL,11d46ac91338d0576960c80e5b43f143cba3fe4b43bbcf5c92267bcc7ff39adc,,RETEST_EXPIRED,2023-01-26T11:35:00Z,,1940.01,False,False,INITIAL_CONFIRMATION_TARGET,716e1cab018b5243f3859e071e17d25435d2bc86cccae07a361206aefcdb9020,c1749a78f3539c593ee45d9c3e9673e260d03d862a66060688be2cc64a4da6b2,1949.0,,,,CONTROL_V2_FILLED_STOP,False,,2023-01-26T11:20:00Z,1949.0,1919.91,fe07a6c5ec9e050037479dd09226927602fc916e1c2afb60b2f2c45d5306358b
b6608a6f7d5a8f9a7766a8efef189c4ab8bd79c27eb498187f0b35131680522c,1940.01,2023-01-26T11:20:00Z,26e131eef9ce4e40faf1f2f86de61f6cdf140e21fab346910584122c5b08bb1d,2023-01-26T11:20:00Z,1938.28,1949.0,2023-02-01T00:00:00Z,2023-01-26T11:00:00Z,-1.71361940298506,SHORT,0.6443996535181061,0.0,M5_LATEST_CONFIRMED_OPPOSING_SWING_ELSE_CONTROL,,M5_BROKEN_CONTROL_FIRST_RETEST,,False,7425ddec6f1e1e77b9f10712df0d60d254d6f1cf8eaae66210d26eee18eef6fe,,,2023_01,0.0,1.71361940298506,TARGET,2023-01-26T18:24:00Z,NO_FILL,dbff5bc274ba7e9920c2b8e5f0d440e1491b8a1ba147a32120f43fc8607dde44,,RETEST_EXPIRED,2023-01-26T11:35:00Z,,1940.01,False,False,INITIAL_CONFIRMATION_TARGET,73f2e162b693f693c6c886ca7db4da725d02c579ef2a653a8271018d194e0f80,c1749a78f3539c593ee45d9c3e9673e260d03d862a66060688be2cc64a4da6b2,1945.187964285714,1.559285714285709,0.07796428571428546,,M5_LATEST_CONFIRMED_OPPOSING_SWING_ELSE_CONTROL,True,948d1ae5c8a8c3577d97999807b89bfcb55bb45f2ea05575ef2f52296662409e,2023-01-26T10:55:00Z,1945.11,1919.91,fe07a6c5ec9e050037479dd09226927602fc916e1c2afb60b2f2c45d5306358b
b6608a6f7d5a8f9a7766a8efef189c4ab8bd79c27eb498187f0b35131680522c,1940.01,2023-01-26T11:20:00Z,26e131eef9ce4e40faf1f2f86de61f6cdf140e21fab346910584122c5b08bb1d,2023-01-26T11:20:00Z,1938.28,1949.0,2023-02-01T00:00:00Z,2023-01-26T11:00:00Z,-1.71361940298506,SHORT,0.6491238006396522,0.0,M15_LATEST_CONFIRMED_OPPOSING_SWING_ELSE_CONTROL,,M5_BROKEN_CONTROL_FIRST_RETEST,,False,c0e09385d99bc32044a90d68b5434ff78d30c05d687844aade75f315a2339743,,,2023_01,0.0,1.71361940298506,TARGET,2023-01-26T18:24:00Z,NO_FILL,ad6fc6c80b41f4bb574226e4ccc10658a2cf6cdf3ccb0fc3f35c98b2705a6b56,,RETEST_EXPIRED,2023-01-26T11:35:00Z,,1940.01,False,False,INITIAL_CONFIRMATION_TARGET,8f40a1b34aa5d6dd5d7502c8b386342141e872ad448b6825abc99f96eeffcf76,c1749a78f3539c593ee45d9c3e9673e260d03d862a66060688be2cc64a4da6b2,1945.238607142857,2.572142857142905,0.12860714285714525,,M15_LATEST_CONFIRMED_OPPOSING_SWING_ELSE_CONTROL,True,b6af1d60f05196ac0a7c4b298d01125ce8d35b33fa83affe774698c72658dde7,2023-01-26T11:15:00Z,1945.11,1919.91,fe07a6c5ec9e050037479dd09226927602fc916e1c2afb60b2f2c45d5306358b
b6608a6f7d5a8f9a7766a8efef189c4ab8bd79c27eb498187f0b35131680522c,1940.01,2023-01-26T11:20:00Z,26e131eef9ce4e40faf1f2f86de61f6cdf140e21fab346910584122c5b08bb1d,2023-01-26T11:20:00Z,1938.28,1949.0,2023-02-01T00:00:00Z,2023-01-26T11:00:00Z,-1.71361940298506,SHORT,1.0,0.0,CONTROL_V2_FILLED_STOP,,M5_BROKEN_CONTROL_FIRST_RETEST,,False,ebfb13f2c2f7b5b04022b52942dd39f4d565de7a7e7d10133292d2b109709143,,,2023_01,0.0,1.71361940298506,TARGET,2023-01-26T18:24:00Z,NO_FILL,85e60856f181c4aa42ce8eaae344b33e8c3a2dd3199ea864dfc63e10391d85ca,,RETEST_EXPIRED,2023-01-26T11:35:00Z,,1940.01,False,False,INITIAL_CONFIRMATION_TARGET,99212b7d64b942e787319777923f0bb2d25d6416eda0f4878828011bec331278,c1749a78f3539c593ee45d9c3e9673e260d03d862a66060688be2cc64a4da6b2,1949.0,4.999999999999984,0.24999999999999922,NOT_STRICTLY_CLOSER_THAN_CONTROL,H1_SOURCE_SWING_BUFFERED_ELSE_CONTROL,False,c1749a78f3539c593ee45d9c3e9673e260d03d862a66060688be2cc64a4da6b2,2023-01-26T11:00:00Z,1949.0,1919.91,fe07a6c5ec9e050037479dd09226927602fc916e1c2afb60b2f2c45d5306358b
b6608a6f7d5a8f9a7766a8efef189c4ab8bd79c27eb498187f0b35131680522c,1940.01,2023-01-26T11:20:00Z,26e131eef9ce4e40faf1f2f86de61f6cdf140e21fab346910584122c5b08bb1d,2023-01-26T11:20:00Z,1938.28,1949.0,2023-02-01T00:00:00Z,2023-01-26T11:00:00Z,-1.285214552238795,SHORT,1.0,21.42024253731325,CONTROL_V2_FILLED_STOP,2023-01-26T11:20:00Z,CONFIRMED_25_75_RETEST_SPLIT,1938.28,True,0201ae8f05b0179a3c72e92b00ae6c1de527dca5a83c66100d99294883df4b93,0.09631529850746498,0.45429104477611865,2023_01,0.428404850746265,1.71361940298506,TARGET,2023-01-26T18:24:00Z,SPLIT_CONTROL_TARGET_NO_RETEST,d102015d45458ec9106ce3a0b15bddfcb143f1bf89c02436f5b09ffde57fc407,2023-01-26T18:24:00Z,RETEST_EXPIRED,2023-01-26T11:35:00Z,,1940.01,False,False,INITIAL_CONFIRMATION_TARGET,c5273945975f01c44dcc781dec31eae139b0f806686e8a7310a87e1c516e4507,c1749a78f3539c593ee45d9c3e9673e260d03d862a66060688be2cc64a4da6b2,1949.0,,,,CONTROL_V2_FILLED_STOP,False,,2023-01-26T11:20:00Z,1949.0,1919.91,fe07a6c5ec9e050037479dd09226927602fc916e1c2afb60b2f2c45d5306358b
b6608a6f7d5a8f9a7766a8efef189c4ab8bd79c27eb498187f0b35131680522c,1940.01,2023-01-26T11:20:00Z,26e131eef9ce4e40faf1f2f86de61f6cdf140e21fab346910584122c5b08bb1d,2023-01-26T11:20:00Z,1938.28,1949.0,2023-02-01T00:00:00Z,2023-01-26T11:00:00Z,-1.0488070487148728,SHORT,0.6443996535181061,33.24061771350936,M5_LATEST_CONFIRMED_OPPOSING_SWING_ELSE_CONTROL,2023-01-26T11:20:00Z,CONFIRMED_25_75_RETEST_SPLIT,1938.28,True,7425ddec6f1e1e77b9f10712df0d60d254d6f1cf8eaae66210d26eee18eef6fe,0.14946516184735775,0.7049833783986573,2023_01,0.6648123542701871,1.71361940298506,TARGET,2023-01-26T18:24:00Z,SPLIT_CONTROL_TARGET_NO_RETEST,28f2c7903436d660cf872a4c666ce1e7f83e281ee5b9966eb8f86d664c0db49a,2023-01-26T18:24:00Z,RETEST_EXPIRED,2023-01-26T11:35:00Z,,1940.01,False,False,INITIAL_CONFIRMATION_TARGET,f565c6c9d9a8e58bdccf1e1a0698136550910d889377fd71a4a228de59666449,c1749a78f3539c593ee45d9c3e9673e260d03d862a66060688be2cc64a4da6b2,1945.187964285714,1.559285714285709,0.07796428571428546,,M5_LATEST_CONFIRMED_OPPOSING_SWING_ELSE_CONTROL,True,948d1ae5c8a8c3577d97999807b89bfcb55bb45f2ea05575ef2f52296662409e,2023-01-26T10:55:00Z,1945.11,1919.91,fe07a6c5ec9e050037479dd09226927602fc916e1c2afb60b2f2c45d5306358b
b6608a6f7d5a8f9a7766a8efef189c4ab8bd79c27eb498187f0b35131680522c,1940.01,2023-01-26T11:20:00Z,26e131eef9ce4e40faf1f2f86de61f6cdf140e21fab346910584122c5b08bb1d,2023-01-26T11:20:00Z,1938.28,1949.0,2023-02-01T00:00:00Z,2023-01-26T11:00:00Z,-1.0536453728784592,SHORT,0.6491238006396522,32.99870150533004,M15_LATEST_CONFIRMED_OPPOSING_SWING_ELSE_CONTROL,2023-01-26T11:20:00Z,CONFIRMED_25_75_RETEST_SPLIT,1938.28,True,c0e09385d99bc32044a90d68b5434ff78d30c05d687844aade75f315a2339743,0.14837739490148882,0.6998527004070044,2023_01,0.6599740301066008,1.71361940298506,TARGET,2023-01-26T18:24:00Z,SPLIT_CONTROL_TARGET_NO_RETEST,9d81c400f5386980cf1c94d88b80816336981c5287efdfcf3c5fccad7f8762f4,2023-01-26T18:24:00Z,RETEST_EXPIRED,2023-01-26T11:35:00Z,,1940.01,False,False,INITIAL_CONFIRMATION_TARGET,ae970a313f2e8082f9f3b3e557f7b46e6e871fcfd8fb0182c56454a637b66474,c1749a78f3539c593ee45d9c3e9673e260d03d862a66060688be2cc64a4da6b2,1945.238607142857,2.572142857142905,0.12860714285714525,,M15_LATEST_CONFIRMED_OPPOSING_SWING_ELSE_CONTROL,True,b6af1d60f05196ac0a7c4b298d01125ce8d35b33fa83affe774698c72658dde7,2023-01-26T11:15:00Z,1945.11,1919.91,fe07a6c5ec9e050037479dd09226927602fc916e1c2afb60b2f2c45d5306358b
b6608a6f7d5a8f9a7766a8efef189c4ab8bd79c27eb498187f0b35131680522c,1940.01,2023-01-26T11:20:00Z,26e131eef9ce4e40faf1f2f86de61f6cdf140e21fab346910584122c5b08bb1d,2023-01-26T11:20:00Z,1938.28,1949.0,2023-02-01T00:00:00Z,2023-01-26T11:00:00Z,-1.285214552238795,SHORT,1.0,21.42024253731325,CONTROL_V2_FILLED_STOP,2023-01-26T11:20:00Z,CONFIRMED_25_75_RETEST_SPLIT,1938.28,True,ebfb13f2c2f7b5b04022b52942dd39f4d565de7a7e7d10133292d2b109709143,0.09631529850746498,0.45429104477611865,2023_01,0.428404850746265,1.71361940298506,TARGET,2023-01-26T18:24:00Z,SPLIT_CONTROL_TARGET_NO_RETEST,15e2a6f69c276d2e9fc6e715b6f6c39deb8f4d2059df093a346415a5bce3bd0a,2023-01-26T18:24:00Z,RETEST_EXPIRED,2023-01-26T11:35:00Z,,1940.01,False,False,INITIAL_CONFIRMATION_TARGET,c8d272235741bb9929ee479906db1e1348be301891beaf5675e33d847ca03d3f,c1749a78f3539c593ee45d9c3e9673e260d03d862a66060688be2cc64a4da6b2,1949.0,4.999999999999984,0.24999999999999922,NOT_STRICTLY_CLOSER_THAN_CONTROL,H1_SOURCE_SWING_BUFFERED_ELSE_CONTROL,False,c1749a78f3539c593ee45d9c3e9673e260d03d862a66060688be2cc64a4da6b2,2023-01-26T11:00:00Z,1949.0,1919.91,fe07a6c5ec9e050037479dd09226927602fc916e1c2afb60b2f2c45d5306358b
5c2264e1867e98fc43586d9460a280febdcb01e9eaff5e24e8206d0720b8d1a6,1929.15,2023-01-26T23:10:00Z,eb7b76bd086244dc89ecb0aba9afe48cf6305810c6c3275481966f5979405330,2023-01-26T23:10:00Z,1929.04,1933.16,2023-02-01T00:00:00Z,2023-01-26T23:00:00Z,0.0,SHORT,1.0,-50.0,CONTROL_V2_FILLED_STOP,2023-01-26T23:10:00Z,CONTROL_NEXT_M1_OPEN,1929.04,True,2aae8b053c0f1470286093ee1c9d691bd8527cf2db908bd29e2a741d82858c0f,1.0436893203883084,0.0849514563106551,2023_01,-1.0,-1.0,STOP,2023-01-27T02:50:00Z,STOP,94bead3e5fee5e742e10a186ec265cd55624216270e8badecd80cd5705e8857a,2023-01-27T02:50:00Z,FIRST_RETEST_FILLED,2023-01-26T23:25:00Z,2023-01-26T23:11:00Z,1929.15,True,False,INITIAL_CONFIRMATION_STOP,13214ae5d30fe1a3f0e720d5503b10f8d8b6f1c3899e11610cb9687833294b3b,7261115f6a1c298a799274c3a33b44882e018fb5350324be3ffa8b93646facdd,1933.16,,,,CONTROL_V2_FILLED_STOP,False,,2023-01-26T23:10:00Z,1933.16,1918.63,621e113c645f766d8c4bcd47cae6f6922781b353f305c52b3ecf34280f5805a7
5c2264e1867e98fc43586d9460a280febdcb01e9eaff5e24e8206d0720b8d1a6,1929.15,2023-01-26T23:10:00Z,eb7b76bd086244dc89ecb0aba9afe48cf6305810c6c3275481966f5979405330,2023-01-26T23:10:00Z,1929.04,1933.16,2023-02-01T00:00:00Z,2023-01-26T23:00:00Z,0.0,SHORT,0.5492285020804314,-50.0,M5_LATEST_CONFIRMED_OPPOSING_SWING_ELSE_CONTROL,2023-01-26T23:10:00Z,CONTROL_NEXT_M1_OPEN,1929.04,True,1a3e8e301609bda01693bc22b83899f22385c6787cd5f78d17dbf393b56eb7ce,1.0296879685600715,0.15467415836735735,2023_01,-1.0,-1.0,STOP,2023-01-27T02:50:00Z,STOP,6a3dca6e6499690b0ab12dbaff577e544bbe7ff26a76c7a307334dc4ba1d85a8,2023-01-27T02:03:00Z,FIRST_RETEST_FILLED,2023-01-26T23:25:00Z,2023-01-26T23:11:00Z,1929.15,True,False,INITIAL_CONFIRMATION_STOP,08c1cf3bc137117260aaa94bfb4aa790f643716659ab204fec1311f4523367a3,7261115f6a1c298a799274c3a33b44882e018fb5350324be3ffa8b93646facdd,1931.3028214285714,0.6564285714285916,0.03282142857142958,,M5_LATEST_CONFIRMED_OPPOSING_SWING_ELSE_CONTROL,True,bb6365020f9fbfec8aad252cdf7f95f6aa8697579c76b71500e2c7e8ed8d5c7b,2023-01-26T22:30:00Z,1931.27,1918.63,621e113c645f766d8c4bcd47cae6f6922781b353f305c52b3ecf34280f5805a7
5c2264e1867e98fc43586d9460a280febdcb01e9eaff5e24e8206d0720b8d1a6,1929.15,2023-01-26T23:10:00Z,eb7b76bd086244dc89ecb0aba9afe48cf6305810c6c3275481966f5979405330,2023-01-26T23:10:00Z,1929.04,1933.16,2023-02-01T00:00:00Z,2023-01-26T23:00:00Z,0.0,SHORT,1.0,-50.0,CONTROL_V2_FILLED_STOP,2023-01-26T23:10:00Z,CONTROL_NEXT_M1_OPEN,1929.04,True,aa5b9ed95d5394ba5797cd16faca4c537ec6e146d5b528edcedb08cb71111a99,1.0436893203883084,0.0849514563106551,2023_01,-1.0,-1.0,STOP,2023-01-27T02:50:00Z,STOP,d9b01bba8b206320deebdaab3a321ab5c1224ae367baad6e6d0acf16c9950a4c,2023-01-27T02:50:00Z,FIRST_RETEST_FILLED,2023-01-26T23:25:00Z,2023-01-26T23:11:00Z,1929.15,True,False,INITIAL_CONFIRMATION_STOP,58ca4771d636e23aa071ef94c6786f321b300226caf40589af2dcc497554b545,7261115f6a1c298a799274c3a33b44882e018fb5350324be3ffa8b93646facdd,1933.16,1.704285714285707,0.08521428571428535,NOT_STRICTLY_CLOSER_THAN_CONTROL,M15_LATEST_CONFIRMED_OPPOSING_SWING_ELSE_CONTROL,False,e4810c2e96037557fed6f011146a09d289cf7ad19b60a04b869e1e6c13cea5de,2023-01-26T21:30:00Z,1933.16,1918.63,621e113c645f766d8c4bcd47cae6f6922781b353f305c52b3ecf34280f5805a7
5c2264e1867e98fc43586d9460a280febdcb01e9eaff5e24e8206d0720b8d1a6,1929.15,2023-01-26T23:10:00Z,eb7b76bd086244dc89ecb0aba9afe48cf6305810c6c3275481966f5979405330,2023-01-26T23:10:00Z,1929.04,1933.16,2023-02-01T00:00:00Z,2023-01-26T23:00:00Z,0.0,SHORT,1.0,-50.0,CONTROL_V2_FILLED_STOP,2023-01-26T23:10:00Z,CONTROL_NEXT_M1_OPEN,1929.04,True,6d692eaa343a5f5eca58fce5b2ebe2c7b2be51a1f091f45f9f3cdf416d681010,1.0436893203883084,0.0849514563106551,2023_01,-1.0,-1.0,STOP,2023-01-27T02:50:00Z,STOP,999da9540d745563dd62dd7f833939791ad8ac2133673ab949af029b650b1b70,2023-01-27T02:50:00Z,FIRST_RETEST_FILLED,2023-01-26T23:25:00Z,2023-01-26T23:11:00Z,1929.15,True,False,INITIAL_CONFIRMATION_STOP,8a3e928943d5acf47f2967ad4cba6d4c5864920b6f6805e709468c8737a9b1f7,7261115f6a1c298a799274c3a33b44882e018fb5350324be3ffa8b93646facdd,1933.16,6.507142857142851,0.32535714285714257,NOT_STRICTLY_CLOSER_THAN_CONTROL,H1_SOURCE_SWING_BUFFERED_ELSE_CONTROL,False,7261115f6a1c298a799274c3a33b44882e018fb5350324be3ffa8b93646facdd,2023-01-26T23:00:00Z,1933.16,1918.63,621e113c645f766d8c4bcd47cae6f6922781b353f305c52b3ecf34280f5805a7
5c2264e1867e98fc43586d9460a280febdcb01e9eaff5e24e8206d0720b8d1a6,1929.15,2023-01-26T23:10:00Z,eb7b76bd086244dc89ecb0aba9afe48cf6305810c6c3275481966f5979405330,2023-01-26T23:10:00Z,1929.04,1933.16,2023-02-01T00:00:00Z,2023-01-26T23:00:00Z,0.0,SHORT,1.0,-50.0,CONTROL_V2_FILLED_STOP,2023-01-26T23:11:00Z,M5_BROKEN_CONTROL_FIRST_RETEST,1929.15,True,2aae8b053c0f1470286093ee1c9d691bd8527cf2db908bd29e2a741d82858c0f,1.0448877805485877,0.11471321695761531,2023_01,-1.0,-1.0,STOP,2023-01-27T02:50:00Z,STOP,89f53c69ce444b3e43cd992da6cf9f1386054e12a4b003d9cf91593f3c5f76e5,2023-01-27T02:50:00Z,FIRST_RETEST_FILLED,2023-01-26T23:25:00Z,2023-01-26T23:11:00Z,1929.15,True,True,INITIAL_CONFIRMATION_STOP,d99caf4c743c5c675ddeed5bef812c5595aab3f8dd032a87fc65fa8f3f96da35,7261115f6a1c298a799274c3a33b44882e018fb5350324be3ffa8b93646facdd,1933.16,,,,CONTROL_V2_FILLED_STOP,False,,2023-01-26T23:10:00Z,1933.16,1918.63,621e113c645f766d8c4bcd47cae6f6922781b353f305c52b3ecf34280f5805a7
5c2264e1867e98fc43586d9460a280febdcb01e9eaff5e24e8206d0720b8d1a6,1929.15,2023-01-26T23:10:00Z,eb7b76bd086244dc89ecb0aba9afe48cf6305810c6c3275481966f5979405330,2023-01-26T23:10:00Z,1929.04,1933.16,2023-02-01T00:00:00Z,2023-01-26T23:00:00Z,0.0,SHORT,0.5492285020804314,-50.0,M5_LATEST_CONFIRMED_OPPOSING_SWING_ELSE_CONTROL,2023-01-26T23:11:00Z,M5_BROKEN_CONTROL_FIRST_RETEST,1929.15,True,1a3e8e301609bda01693bc22b83899f22385c6787cd5f78d17dbf393b56eb7ce,1.0312048972278518,0.21367308681301447,2023_01,-1.0,-1.0,STOP,2023-01-27T02:50:00Z,STOP,a0127016b1618f1d37478e5fe59fbcaa5744886bc3520b30c53262faad80c816,2023-01-27T02:03:00Z,FIRST_RETEST_FILLED,2023-01-26T23:25:00Z,2023-01-26T23:11:00Z,1929.15,True,True,INITIAL_CONFIRMATION_STOP,f930dd61501138332268ecd4d3913a5bb74f2b3775e94b1c4cbf27264fc8430c,7261115f6a1c298a799274c3a33b44882e018fb5350324be3ffa8b93646facdd,1931.3028214285714,0.6564285714285916,0.03282142857142958,,M5_LATEST_CONFIRMED_OPPOSING_SWING_ELSE_CONTROL,True,bb6365020f9fbfec8aad252cdf7f95f6aa8697579c76b71500e2c7e8ed8d5c7b,2023-01-26T22:30:00Z,1931.27,1918.63,621e113c645f766d8c4bcd47cae6f6922781b353f305c52b3ecf34280f5805a7
5c2264e1867e98fc43586d9460a280febdcb01e9eaff5e24e8206d0720b8d1a6,1929.15,2023-01-26T23:10:00Z,eb7b76bd086244dc89ecb0aba9afe48cf6305810c6c3275481966f5979405330,2023-01-26T23:10:00Z,1929.04,1933.16,2023-02-01T00:00:00Z,2023-01-26T23:00:00Z,0.0,SHORT,1.0,-50.0,CONTROL_V2_FILLED_STOP,2023-01-26T23:11:00Z,M5_BROKEN_CONTROL_FIRST_RETEST,1929.15,True,aa5b9ed95d5394ba5797cd16faca4c537ec6e146d5b528edcedb08cb71111a99,1.0448877805485877,0.11471321695761531,2023_01,-1.0,-1.0,STOP,2023-01-27T02:50:00Z,STOP,b3fabe517632858d85d5f32657d24fc20914d231c9e5ce529ffe15b25ae70655,2023-01-27T02:50:00Z,FIRST_RETEST_FILLED,2023-01-26T23:25:00Z,2023-01-26T23:11:00Z,1929.15,True,True,INITIAL_CONFIRMATION_STOP,1ff29a2c82ee87c87f75bb6312ffbc0c050a0ec796d09d12401e29734da82edf,7261115f6a1c298a799274c3a33b44882e018fb5350324be3ffa8b93646facdd,1933.16,1.704285714285707,0.08521428571428535,NOT_STRICTLY_CLOSER_THAN_CONTROL,M15_LATEST_CONFIRMED_OPPOSING_SWING_ELSE_CONTROL,False,e4810c2e96037557fed6f011146a09d289cf7ad19b60a04b869e1e6c13cea5de,2023-01-26T21:30:00Z,1933.16,1918.63,621e113c645f766d8c4bcd47cae6f6922781b353f305c52b3ecf34280f5805a7
5c2264e1867e98fc43586d9460a280febdcb01e9eaff5e24e8206d0720b8d1a6,1929.15,2023-01-26T23:10:00Z,eb7b76bd086244dc89ecb0aba9afe48cf6305810c6c3275481966f5979405330,2023-01-26T23:10:00Z,1929.04,1933.16,2023-02-01T00:00:00Z,2023-01-26T23:00:00Z,0.0,SHORT,1.0,-50.0,CONTROL_V2_FILLED_STOP,2023-01-26T23:11:00Z,M5_BROKEN_CONTROL_FIRST_RETEST,1929.15,True,6d692eaa343a5f5eca58fce5b2ebe2c7b2be51a1f091f45f9f3cdf416d681010,1.0448877805485877,0.11471321695761531,2023_01,-1.0,-1.0,STOP,2023-01-27T02:50:00Z,STOP,1abdc5e34cb799d422b48c5ee7f136ec3dfd9a7d38c60e65e24e2a490007f73d,2023-01-27T02:50:00Z,FIRST_RETEST_FILLED,2023-01-26T23:25:00Z,2023-01-26T23:11:00Z,1929.15,True,True,INITIAL_CONFIRMATION_STOP,a51ae0f23b3b1c1f0eac4bd7fac776ee671c2247375ce34cd7a4217bc766403b,7261115f6a1c298a799274c3a33b44882e018fb5350324be3ffa8b93646facdd,1933.16,6.507142857142851,0.32535714285714257,NOT_STRICTLY_CLOSER_THAN_CONTROL,H1_SOURCE_SWING_BUFFERED_ELSE_CONTROL,False,7261115f6a1c298a799274c3a33b44882e018fb5350324be3ffa8b93646facdd,2023-01-26T23:00:00Z,1933.16,1918.63,621e113c645f766d8c4bcd47cae6f6922781b353f305c52b3ecf34280f5805a7
5c2264e1867e98fc43586d9460a280febdcb01e9eaff5e24e8206d0720b8d1a6,1929.15,2023-01-26T23:10:00Z,eb7b76bd086244dc89ecb0aba9afe48cf6305810c6c3275481966f5979405330,2023-01-26T23:10:00Z,1929.04,1933.16,2023-02-01T00:00:00Z,2023-01-26T23:00:00Z,0.0,SHORT,1.0,-50.0,CONTROL_V2_FILLED_STOP,2023-01-26T23:10:00Z,CONFIRMED_25_75_RETEST_SPLIT,1929.04,True,2aae8b053c0f1470286093ee1c9d691bd8527cf2db908bd29e2a741d82858c0f,1.0445881655085179,0.10727277679587525,2023_01,-1.0,-1.0,STOP,2023-01-27T02:50:00Z,SPLIT_STOP_STOP,6574836f8700d3d53b09d532a08182371bd8f3d749d2221675c63a71622fbff6,2023-01-27T02:50:00Z,FIRST_RETEST_FILLED,2023-01-26T23:25:00Z,2023-01-26T23:11:00Z,1929.15,True,True,INITIAL_CONFIRMATION_STOP,7c00c97afbff2ca61a010c58ced0614275cc6a4b6b1b7a672ae0a77f6c89a7d5,7261115f6a1c298a799274c3a33b44882e018fb5350324be3ffa8b93646facdd,1933.16,,,,CONTROL_V2_FILLED_STOP,False,,2023-01-26T23:10:00Z,1933.16,1918.63,621e113c645f766d8c4bcd47cae6f6922781b353f305c52b3ecf34280f5805a7
5c2264e1867e98fc43586d9460a280febdcb01e9eaff5e24e8206d0720b8d1a6,1929.15,2023-01-26T23:10:00Z,eb7b76bd086244dc89ecb0aba9afe48cf6305810c6c3275481966f5979405330,2023-01-26T23:10:00Z,1929.04,1933.16,2023-02-01T00:00:00Z,2023-01-26T23:00:00Z,0.0,SHORT,0.5492285020804314,-50.0,M5_LATEST_CONFIRMED_OPPOSING_SWING_ELSE_CONTROL,2023-01-26T23:10:00Z,CONFIRMED_25_75_RETEST_SPLIT,1929.04,True,1a3e8e301609bda01693bc22b83899f22385c6787cd5f78d17dbf393b56eb7ce,1.0308256650609067,0.1989233547016002,2023_01,-1.0,-1.0,STOP,2023-01-27T02:50:00Z,SPLIT_STOP_STOP,f5f2815da101529c0cf31a964737098f5ae17d488617b7671ebde5d34259586d,2023-01-27T02:03:00Z,FIRST_RETEST_FILLED,2023-01-26T23:25:00Z,2023-01-26T23:11:00Z,1929.15,True,True,INITIAL_CONFIRMATION_STOP,8dc3dc35d2f6c9cfda20bce985fd688d31f7d3a0d923b61adaafa8ee19c791a3,7261115f6a1c298a799274c3a33b44882e018fb5350324be3ffa8b93646facdd,1931.3028214285714,0.6564285714285916,0.03282142857142958,,M5_LATEST_CONFIRMED_OPPOSING_SWING_ELSE_CONTROL,True,bb6365020f9fbfec8aad252cdf7f95f6aa8697579c76b71500e2c7e8ed8d5c7b,2023-01-26T22:30:00Z,1931.27,1918.63,621e113c645f766d8c4bcd47cae6f6922781b353f305c52b3ecf34280f5805a7
5c2264e1867e98fc43586d9460a280febdcb01e9eaff5e24e8206d0720b8d1a6,1929.15,2023-01-26T23:10:00Z,eb7b76bd086244dc89ecb0aba9afe48cf6305810c6c3275481966f5979405330,2023-01-26T23:10:00Z,1929.04,1933.16,2023-02-01T00:00:00Z,2023-01-26T23:00:00Z,0.0,SHORT,1.0,-50.0,CONTROL_V2_FILLED_STOP,2023-01-26T23:10:00Z,CONFIRMED_25_75_RETEST_SPLIT,1929.04,True,aa5b9ed95d5394ba5797cd16faca4c537ec6e146d5b528edcedb08cb71111a99,1.0445881655085179,0.10727277679587525,2023_01,-1.0,-1.0,STOP,2023-01-27T02:50:00Z,SPLIT_STOP_STOP,83351b5f8b3760e1329b9c697f6cffda56bdabeb8219d5d2925f640b16d821a4,2023-01-27T02:50:00Z,FIRST_RETEST_FILLED,2023-01-26T23:25:00Z,2023-01-26T23:11:00Z,1929.15,True,True,INITIAL_CONFIRMATION_STOP,f16736627400c0ea9316c7206063a2bc2ab2ccd16efb9ce7d82e3dfbed21bf1a,7261115f6a1c298a799274c3a33b44882e018fb5350324be3ffa8b93646facdd,1933.16,1.704285714285707,0.08521428571428535,NOT_STRICTLY_CLOSER_THAN_CONTROL,M15_LATEST_CONFIRMED_OPPOSING_SWING_ELSE_CONTROL,False,e4810c2e96037557fed6f011146a09d289cf7ad19b60a04b869e1e6c13cea5de,2023-01-26T21:30:00Z,1933.16,1918.63,621e113c645f766d8c4bcd47cae6f6922781b353f305c52b3ecf34280f5805a7
5c2264e1867e98fc43586d9460a280febdcb01e9eaff5e24e8206d0720b8d1a6,1929.15,2023-01-26T23:10:00Z,eb7b76bd086244dc89ecb0aba9afe48cf6305810c6c3275481966f5979405330,2023-01-26T23:10:00Z,1929.04,1933.16,2023-02-01T00:00:00Z,2023-01-26T23:00:00Z,0.0,SHORT,1.0,-50.0,CONTROL_V2_FILLED_STOP,2023-01-26T23:10:00Z,CONFIRMED_25_75_RETEST_SPLIT,1929.04,True,6d692eaa343a5f5eca58fce5b2ebe2c7b2be51a1f091f45f9f3cdf416d681010,1.0445881655085179,0.10727277679587525,2023_01,-1.0,-1.0,STOP,2023-01-27T02:50:00Z,SPLIT_STOP_STOP,1bf85e12b26c2fec71bcb59cf7709bdbdb67704483cb9e99694dd0659580be67,2023-01-27T02:50:00Z,FIRST_RETEST_FILLED,2023-01-26T23:25:00Z,2023-01-26T23:11:00Z,1929.15,True,True,INITIAL_CONFIRMATION_STOP,8a0f1ca6990a5eb7441e17c69a2f63b889aea8a73e672a5b4d8654239b4b5c4d,7261115f6a1c298a799274c3a33b44882e018fb5350324be3ffa8b93646facdd,1933.16,6.507142857142851,0.32535714285714257,NOT_STRICTLY_CLOSER_THAN_CONTROL,H1_SOURCE_SWING_BUFFERED_ELSE_CONTROL,False,7261115f6a1c298a799274c3a33b44882e018fb5350324be3ffa8b93646facdd,2023-01-26T23:00:00Z,1933.16,1918.63,621e113c645f766d8c4bcd47cae6f6922781b353f305c52b3ecf34280f5805a7
71545899f4069cc7c57f48f7c78c81eda0369bb37580557573ae6aba69343fa6,1933.16,2023-01-27T02:55:00Z,690cebc1705776f715784b07a860836cd3e6d2ce679d0b2f82961fba4ccce330,2023-01-27T02:55:00Z,1934.16,1918.63,2023-02-01T00:00:00Z,2023-01-26T21:00:00Z,0.0,LONG,1.0,-50.0,CONTROL_V2_FILLED_STOP,2023-01-27T02:55:00Z,CONTROL_NEXT_M1_OPEN,1934.16,True,a8fe2604ea15127cb3a63944e94d56fbd1e9773ecb0449cad2bc981598e2ad40,1.1229877656149443,0.054088860270439125,2023_01,-1.0,-1.0,STOP,2023-01-27T17:48:00Z,STOP,2361fabeb6cd0de4758680279b05eb34a632312a5271f7625b0effbe19060f78,2023-01-27T17:48:00Z,FIRST_RETEST_FILLED,2023-01-27T03:10:00Z,2023-01-27T02:57:00Z,1933.16,True,False,INITIAL_CONFIRMATION_STOP,edebf042b8629834565dbbd9a51ed9866f1c2dae3b77762e25fd154e7e366331,75f740acd7a2d0db00eb4f0eab2157e0c26ad9443a50a93557c7fbe9ba0a988e,1918.63,,,,CONTROL_V2_FILLED_STOP,False,,2023-01-27T02:55:00Z,1918.63,1942.41,8d8f3f2900853b20c04e2f7109630bfa54cc231b95cce2b591923e11629857cb
71545899f4069cc7c57f48f7c78c81eda0369bb37580557573ae6aba69343fa6,1933.16,2023-01-27T02:55:00Z,690cebc1705776f715784b07a860836cd3e6d2ce679d0b2f82961fba4ccce330,2023-01-27T02:55:00Z,1934.16,1918.63,2023-02-01T00:00:00Z,2023-01-26T21:00:00Z,0.0,LONG,0.26436850335756895,-50.0,M5_LATEST_CONFIRMED_OPPOSING_SWING_ELSE_CONTROL,2023-01-27T02:55:00Z,CONTROL_NEXT_M1_OPEN,1934.16,True,5641c092ad1ba72e3bb4ea79bfe0b6245cdfb09bf92d52a809db174307a3a576,1.0083682736303492,0.02679239374377653,2023_01,-1.0,-1.0,STOP,2023-01-27T17:48:00Z,STOP,6f8c5b1e04b155c551114654c04192ba8e7931073417d4b91275cd2fb57932e9,2023-01-27T03:51:00Z,FIRST_RETEST_FILLED,2023-01-27T03:10:00Z,2023-01-27T02:57:00Z,1933.16,True,False,INITIAL_CONFIRMATION_STOP,95cebb3b522b9fd0e3a0c9086e4e50cf7dd187c25176aa71528a5fdedb2dc6c5,75f740acd7a2d0db00eb4f0eab2157e0c26ad9443a50a93557c7fbe9ba0a988e,1930.054357142857,0.7128571428571442,0.03564285714285721,,M5_LATEST_CONFIRMED_OPPOSING_SWING_ELSE_CONTROL,True,3a364ed54fb4ec2dd79b6072210451e8ad8165c3192c996e4263c3f8bc7aba17,2023-01-27T02:10:00Z,1930.09,1942.41,8d8f3f2900853b20c04e2f7109630bfa54cc231b95cce2b591923e11629857cb
71545899f4069cc7c57f48f7c78c81eda0369bb37580557573ae6aba69343fa6,1933.16,2023-01-27T02:55:00Z,690cebc1705776f715784b07a860836cd3e6d2ce679d0b2f82961fba4ccce330,2023-01-27T02:55:00Z,1934.16,1918.63,2023-02-01T00:00:00Z,2023-01-26T21:00:00Z,0.0,LONG,0.3553720908840096,-50.0,M15_LATEST_CONFIRMED_OPPOSING_SWING_ELSE_CONTROL,2023-01-27T02:55:00Z,CONTROL_NEXT_M1_OPEN,1934.16,True,3ed61e485085fb00a67daefbe8285e1ff6e87ae97b87338c1a3c0ce6423523ed,1.085355594382952,0.019931404905177957,2023_01,-1.0,-1.0,STOP,2023-01-27T17:48:00Z,STOP,0d75b862fefdd612508fd8abe0b6e6a3556e3df4371539cf0ffc38f29102dda0,2023-01-27T04:22:00Z,FIRST_RETEST_FILLED,2023-01-27T03:10:00Z,2023-01-27T02:57:00Z,1933.16,True,False,INITIAL_CONFIRMATION_STOP,6296b7269946cbe5d8f73fb203a07d638ea98340087d2061bb1de695fbe4065b,75f740acd7a2d0db00eb4f0eab2157e0c26ad9443a50a93557c7fbe9ba0a988e,1928.6410714285714,0.9785714285714643,0.048928571428573216,,M15_LATEST_CONFIRMED_OPPOSING_SWING_ELSE_CONTROL,True,6a7ed48188212e6a31aee04a6aabf41c9005269373c407d45358ff68009043fb,2023-01-27T01:45:00Z,1928.69,1942.41,8d8f3f2900853b20c04e2f7109630bfa54cc231b95cce2b591923e11629857cb
71545899f4069cc7c57f48f7c78c81eda0369bb37580557573ae6aba69343fa6,1933.16,2023-01-27T02:55:00Z,690cebc1705776f715784b07a860836cd3e6d2ce679d0b2f82961fba4ccce330,2023-01-27T02:55:00Z,1934.16,1918.63,2023-02-01T00:00:00Z,2023-01-26T21:00:00Z,0.0,LONG,1.0,-50.0,CONTROL_V2_FILLED_STOP,2023-01-27T02:55:00Z,CONTROL_NEXT_M1_OPEN,1934.16,True,caf3d1d4a8b97216ab8db0ef3a42475e8d06da016505021f904ded4ac06a2379,1.1229877656149443,0.054088860270439125,2023_01,-1.0,-1.0,STOP,2023-01-27T17:48:00Z,STOP,dccb9cf935eae97ed8d1279332bca9cda33ebb6925d4daa0faa6877d1d4aa454,2023-01-27T17:48:00Z,FIRST_RETEST_FILLED,2023-01-27T03:10:00Z,2023-01-27T02:57:00Z,1933.16,True,False,INITIAL_CONFIRMATION_STOP,330acebd6ce97575721dff3b1a83c3f2b5a26ce70d0a8d6ed662bd57d9ad8dd6,75f740acd7a2d0db00eb4f0eab2157e0c26ad9443a50a93557c7fbe9ba0a988e,1918.63,6.507142857142851,0.32535714285714257,NOT_STRICTLY_CLOSER_THAN_CONTROL,H1_SOURCE_SWING_BUFFERED_ELSE_CONTROL,False,75f740acd7a2d0db00eb4f0eab2157e0c26ad9443a50a93557c7fbe9ba0a988e,2023-01-26T21:00:00Z,1918.63,1942.41,8d8f3f2900853b20c04e2f7109630bfa54cc231b95cce2b591923e11629857cb
71545899f4069cc7c57f48f7c78c81eda0369bb37580557573ae6aba69343fa6,1933.16,2023-01-27T02:55:00Z,690cebc1705776f715784b07a860836cd3e6d2ce679d0b2f82961fba4ccce330,2023-01-27T02:55:00Z,1934.16,1918.63,2023-02-01T00:00:00Z,2023-01-26T21:00:00Z,0.0,LONG,1.0,-50.0,CONTROL_V2_FILLED_STOP,2023-01-27T02:57:00Z,M5_BROKEN_CONTROL_FIRST_RETEST,1933.16,True,a8fe2604ea15127cb3a63944e94d56fbd1e9773ecb0449cad2bc981598e2ad40,1.1314521679284297,0.12663454920852868,2023_01,-1.0,-1.0,STOP,2023-01-27T17:48:00Z,STOP,9dbc0e06a20bb4fd4820a081dffa04297ea8ab397ed60c1d7ceed4820924cbaf,2023-01-27T17:48:00Z,FIRST_RETEST_FILLED,2023-01-27T03:10:00Z,2023-01-27T02:57:00Z,1933.16,True,True,INITIAL_CONFIRMATION_STOP,f1c11dd96d19ddb18f17109f208e9adb335e6dbfa4b201110a0821bdafff7111,75f740acd7a2d0db00eb4f0eab2157e0c26ad9443a50a93557c7fbe9ba0a988e,1918.63,,,,CONTROL_V2_FILLED_STOP,False,,2023-01-27T02:55:00Z,1918.63,1942.41,8d8f3f2900853b20c04e2f7109630bfa54cc231b95cce2b591923e11629857cb
71545899f4069cc7c57f48f7c78c81eda0369bb37580557573ae6aba69343fa6,1933.16,2023-01-27T02:55:00Z,690cebc1705776f715784b07a860836cd3e6d2ce679d0b2f82961fba4ccce330,2023-01-27T02:55:00Z,1934.16,1918.63,2023-02-01T00:00:00Z,2023-01-26T21:00:00Z,0.0,LONG,0.26436850335756895,-50.0,M5_LATEST_CONFIRMED_OPPOSING_SWING_ELSE_CONTROL,2023-01-27T02:57:00Z,M5_BROKEN_CONTROL_FIRST_RETEST,1933.16,True,5641c092ad1ba72e3bb4ea79bfe0b6245cdfb09bf92d52a809db174307a3a576,1.0110628119321703,0.3284344166148925,2023_01,-1.0,-1.0,STOP,2023-01-27T17:48:00Z,STOP,9b2f7f4b9c1dd1b911244289327793f4e28aac53a7746f7bb0511421ded6d97f,2023-01-27T03:51:00Z,FIRST_RETEST_FILLED,2023-01-27T03:10:00Z,2023-01-27T02:57:00Z,1933.16,True,True,INITIAL_CONFIRMATION_STOP,52365686022072c8faa02152c0403e4c00cb4977969eca24fd9a68a0fec87b03,75f740acd7a2d0db00eb4f0eab2157e0c26ad9443a50a93557c7fbe9ba0a988e,1930.054357142857,0.7128571428571442,0.03564285714285721,,M5_LATEST_CONFIRMED_OPPOSING_SWING_ELSE_CONTROL,True,3a364ed54fb4ec2dd79b6072210451e8ad8165c3192c996e4263c3f8bc7aba17,2023-01-27T02:10:00Z,1930.09,1942.41,8d8f3f2900853b20c04e2f7109630bfa54cc231b95cce2b591923e11629857cb
71545899f4069cc7c57f48f7c78c81eda0369bb37580557573ae6aba69343fa6,1933.16,2023-01-27T02:55:00Z,690cebc1705776f715784b07a860836cd3e6d2ce679d0b2f82961fba4ccce330,2023-01-27T02:55:00Z,1934.16,1918.63,2023-02-01T00:00:00Z,2023-01-26T21:00:00Z,0.0,LONG,0.3553720908840096,-50.0,M15_LATEST_CONFIRMED_OPPOSING_SWING_ELSE_CONTROL,2023-01-27T02:57:00Z,M5_BROKEN_CONTROL_FIRST_RETEST,1933.16,True,3ed61e485085fb00a67daefbe8285e1ff6e87ae97b87338c1a3c0ce6423523ed,1.1042440527937842,0.22571722121235227,2023_01,-1.0,-1.0,STOP,2023-01-27T17:48:00Z,STOP,b360013495e1be26e6bab8776f55c020ef6e33d5c71d0f9ae833ef3fde19946f,2023-01-27T04:22:00Z,FIRST_RETEST_FILLED,2023-01-27T03:10:00Z,2023-01-27T02:57:00Z,1933.16,True,True,INITIAL_CONFIRMATION_STOP,c51f93be673e73a6ac088ec4bce2b284b6f255ba6a6eb085aa562d31e3c6b8cc,75f740acd7a2d0db00eb4f0eab2157e0c26ad9443a50a93557c7fbe9ba0a988e,1928.6410714285714,0.9785714285714643,0.048928571428573216,,M15_LATEST_CONFIRMED_OPPOSING_SWING_ELSE_CONTROL,True,6a7ed48188212e6a31aee04a6aabf41c9005269373c407d45358ff68009043fb,2023-01-27T01:45:00Z,1928.69,1942.41,8d8f3f2900853b20c04e2f7109630bfa54cc231b95cce2b591923e11629857cb
71545899f4069cc7c57f48f7c78c81eda0369bb37580557573ae6aba69343fa6,1933.16,2023-01-27T02:55:00Z,690cebc1705776f715784b07a860836cd3e6d2ce679d0b2f82961fba4ccce330,2023-01-27T02:55:00Z,1934.16,1918.63,2023-02-01T00:00:00Z,2023-01-26T21:00:00Z,0.0,LONG,1.0,-50.0,CONTROL_V2_FILLED_STOP,2023-01-27T02:57:00Z,M5_BROKEN_CONTROL_FIRST_RETEST,1933.16,True,caf3d1d4a8b97216ab8db0ef3a42475e8d06da016505021f904ded4ac06a2379,1.1314521679284297,0.12663454920852868,2023_01,-1.0,-1.0,STOP,2023-01-27T17:48:00Z,STOP,9986de378c30907edd1ed4fbf294c0031d53288c5770e89783409b0fc9a4feb1,2023-01-27T17:48:00Z,FIRST_RETEST_FILLED,2023-01-27T03:10:00Z,2023-01-27T02:57:00Z,1933.16,True,True,INITIAL_CONFIRMATION_STOP,aeaaf1c74881e564fc62abc87a9d9ffb35ccc12f0b77468f6873f602a6f58f9f,75f740acd7a2d0db00eb4f0eab2157e0c26ad9443a50a93557c7fbe9ba0a988e,1918.63,6.507142857142851,0.32535714285714257,NOT_STRICTLY_CLOSER_THAN_CONTROL,H1_SOURCE_SWING_BUFFERED_ELSE_CONTROL,False,75f740acd7a2d0db00eb4f0eab2157e0c26ad9443a50a93557c7fbe9ba0a988e,2023-01-26T21:00:00Z,1918.63,1942.41,8d8f3f2900853b20c04e2f7109630bfa54cc231b95cce2b591923e11629857cb
71545899f4069cc7c57f48f7c78c81eda0369bb37580557573ae6aba69343fa6,1933.16,2023-01-27T02:55:00Z,690cebc1705776f715784b07a860836cd3e6d2ce679d0b2f82961fba4ccce330,2023-01-27T02:55:00Z,1934.16,1918.63,2023-02-01T00:00:00Z,2023-01-26T21:00:00Z,0.0,LONG,1.0,-50.0,CONTROL_V2_FILLED_STOP,2023-01-27T02:55:00Z,CONFIRMED_25_75_RETEST_SPLIT,1934.16,True,a8fe2604ea15127cb3a63944e94d56fbd1e9773ecb0449cad2bc981598e2ad40,1.1293360673500583,0.10849812697400629,2023_01,-1.0,-1.0,STOP,2023-01-27T17:48:00Z,SPLIT_STOP_STOP,79c126b25cdea6bd7ff89c8d89612feeec4bdd1ccd0db2e28e15ba3defe92524,2023-01-27T17:48:00Z,FIRST_RETEST_FILLED,2023-01-27T03:10:00Z,2023-01-27T02:57:00Z,1933.16,True,True,INITIAL_CONFIRMATION_STOP,0753889c6d5e33671d3c2b161ad626c8b8b204cc66026eb03e6502422207639b,75f740acd7a2d0db00eb4f0eab2157e0c26ad9443a50a93557c7fbe9ba0a988e,1918.63,,,,CONTROL_V2_FILLED_STOP,False,,2023-01-27T02:55:00Z,1918.63,1942.41,8d8f3f2900853b20c04e2f7109630bfa54cc231b95cce2b591923e11629857cb
71545899f4069cc7c57f48f7c78c81eda0369bb37580557573ae6aba69343fa6,1933.16,2023-01-27T02:55:00Z,690cebc1705776f715784b07a860836cd3e6d2ce679d0b2f82961fba4ccce330,2023-01-27T02:55:00Z,1934.16,1918.63,2023-02-01T00:00:00Z,2023-01-26T21:00:00Z,0.0,LONG,0.26436850335756895,-50.0,M5_LATEST_CONFIRMED_OPPOSING_SWING_ELSE_CONTROL,2023-01-27T02:55:00Z,CONFIRMED_25_75_RETEST_SPLIT,1934.16,True,5641c092ad1ba72e3bb4ea79bfe0b6245cdfb09bf92d52a809db174307a3a576,1.010389177356715,0.2530239108971135,2023_01,-1.0,-1.0,STOP,2023-01-27T17:48:00Z,SPLIT_STOP_STOP,283e3a49aa6c7675cf6da088e90326798ec888e4aacc535dc18c1ec6ae3320b2,2023-01-27T03:51:00Z,FIRST_RETEST_FILLED,2023-01-27T03:10:00Z,2023-01-27T02:57:00Z,1933.16,True,True,INITIAL_CONFIRMATION_STOP,0b105d1523ec7797fd7cae8fe9f254655b338b67cbe283f5044fd80c6bfb9570,75f740acd7a2d0db00eb4f0eab2157e0c26ad9443a50a93557c7fbe9ba0a988e,1930.054357142857,0.7128571428571442,0.03564285714285721,,M5_LATEST_CONFIRMED_OPPOSING_SWING_ELSE_CONTROL,True,3a364ed54fb4ec2dd79b6072210451e8ad8165c3192c996e4263c3f8bc7aba17,2023-01-27T02:10:00Z,1930.09,1942.41,8d8f3f2900853b20c04e2f7109630bfa54cc231b95cce2b591923e11629857cb
71545899f4069cc7c57f48f7c78c81eda0369bb37580557573ae6aba69343fa6,1933.16,2023-01-27T02:55:00Z,690cebc1705776f715784b07a860836cd3e6d2ce679d0b2f82961fba4ccce330,2023-01-27T02:55:00Z,1934.16,1918.63,2023-02-01T00:00:00Z,2023-01-26T21:00:00Z,0.0,LONG,0.3553720908840096,-50.0,M15_LATEST_CONFIRMED_OPPOSING_SWING_ELSE_CONTROL,2023-01-27T02:55:00Z,CONFIRMED_25_75_RETEST_SPLIT,1934.16,True,3ed61e485085fb00a67daefbe8285e1ff6e87ae97b87338c1a3c0ce6423523ed,1.0995219381910761,0.1742707671355587,2023_01,-1.0,-1.0,STOP,2023-01-27T17:48:00Z,SPLIT_STOP_STOP,b26f282b3d1cb645f10a10f649abe5f9f26c3e5b1e163b115ea13e8f38b7a3ad,2023-01-27T04:22:00Z,FIRST_RETEST_FILLED,2023-01-27T03:10:00Z,2023-01-27T02:57:00Z,1933.16,True,True,INITIAL_CONFIRMATION_STOP,815dd027dee3cf01b1dc6f9f57caade94297ffb2ded06c84bbfe336f62e59edb,75f740acd7a2d0db00eb4f0eab2157e0c26ad9443a50a93557c7fbe9ba0a988e,1928.6410714285714,0.9785714285714643,0.048928571428573216,,M15_LATEST_CONFIRMED_OPPOSING_SWING_ELSE_CONTROL,True,6a7ed48188212e6a31aee04a6aabf41c9005269373c407d45358ff68009043fb,2023-01-27T01:45:00Z,1928.69,1942.41,8d8f3f2900853b20c04e2f7109630bfa54cc231b95cce2b591923e11629857cb
71545899f4069cc7c57f48f7c78c81eda0369bb37580557573ae6aba69343fa6,1933.16,2023-01-27T02:55:00Z,690cebc1705776f715784b07a860836cd3e6d2ce679d0b2f82961fba4ccce330,2023-01-27T02:55:00Z,1934.16,1918.63,2023-02-01T00:00:00Z,2023-01-26T21:00:00Z,0.0,LONG,1.0,-50.0,CONTROL_V2_FILLED_STOP,2023-01-27T02:55:00Z,CONFIRMED_25_75_RETEST_SPLIT,1934.16,True,caf3d1d4a8b97216ab8db0ef3a42475e8d06da016505021f904ded4ac06a2379,1.1293360673500583,0.10849812697400629,2023_01,-1.0,-1.0,STOP,2023-01-27T17:48:00Z,SPLIT_STOP_STOP,1fb40da5032a879ae688e30d6ac406a2fea3643fa8ed71404609b0cb803e7d41,2023-01-27T17:48:00Z,FIRST_RETEST_FILLED,2023-01-27T03:10:00Z,2023-01-27T02:57:00Z,1933.16,True,True,INITIAL_CONFIRMATION_STOP,1ade1d3e82e5b5a7026f39d0d10e4c642e8b7d90ed66f9b220364ed8e6b6bdd3,75f740acd7a2d0db00eb4f0eab2157e0c26ad9443a50a93557c7fbe9ba0a988e,1918.63,6.507142857142851,0.32535714285714257,NOT_STRICTLY_CLOSER_THAN_CONTROL,H1_SOURCE_SWING_BUFFERED_ELSE_CONTROL,False,75f740acd7a2d0db00eb4f0eab2157e0c26ad9443a50a93557c7fbe9ba0a988e,2023-01-26T21:00:00Z,1918.63,1942.41,8d8f3f2900853b20c04e2f7109630bfa54cc231b95cce2b591923e11629857cb
aa4101d50c9076de0afb32dd138994cd004aa6c74770a5a5a2a2f9c5ec6ee4ee,1929.63,2023-01-27T05:05:00Z,86bda421ce213817ced9d9b3915c14ada218da6ec8db191532f30397482a0363,2023-01-27T05:05:00Z,1926.9,1934.88,2023-02-01T00:00:00Z,2023-01-27T05:00:00Z,0.0,SHORT,1.0,-50.0,CONTROL_V2_FILLED_STOP,2023-01-27T05:05:00Z,CONTROL_NEXT_M1_OPEN,1926.9,True,c186c479ca7e01da1857d14c58fc284875f7fe49a6ede932587e34b85e9f37ce,1.0125313283207906,0.8759398496240592,2023_01,-1.0,-1.0,STOP,2023-01-27T15:32:00Z,STOP,0da0d71d3c6a8577bc269931bb43e69b70ecd1b595542544bdeb22cc297d2368,2023-01-27T15:32:00Z,RETEST_EXPIRED,2023-01-27T05:20:00Z,,1929.63,False,False,INITIAL_CONFIRMATION_STOP,d8112b8679debfdcacc14ee5f0831bce2c9eeea2ec8f0584e9f7975457ff5f16,b1ad28ed63c6b7a7dbaa1ac8ff36ca13a3c4c547aa0c8c5c3033d57418210cb1,1934.88,,,,CONTROL_V2_FILLED_STOP,False,,2023-01-27T05:05:00Z,1934.88,1918.63,3fef1e73e1589eb34b6ece121e140bab0cf0d50cf19075edb0340ad9b01d3fb0
aa4101d50c9076de0afb32dd138994cd004aa6c74770a5a5a2a2f9c5ec6ee4ee,1929.63,2023-01-27T05:05:00Z,86bda421ce213817ced9d9b3915c14ada218da6ec8db191532f30397482a0363,2023-01-27T05:05:00Z,1926.9,1934.88,2023-02-01T00:00:00Z,2023-01-27T05:00:00Z,0.0,SHORT,0.5396795560329353,-50.0,M5_LATEST_CONFIRMED_OPPOSING_SWING_ELSE_CONTROL,2023-01-27T05:05:00Z,CONTROL_NEXT_M1_OPEN,1926.9,True,d6ed135cc5152a7b50f0752583e5a60d4d9f4d4b25026d4eeeabeeaea5b3ebca,1.0077455094289418,1.6230739886885819,2023_01,-1.0,-1.0,STOP,2023-01-27T15:32:00Z,STOP,501e90d2342aa23ac7bdb206f6e1cb42fc79809e87c1822a59aa6984a01c2e27,2023-01-27T13:27:00Z,RETEST_EXPIRED,2023-01-27T05:20:00Z,,1929.63,False,False,INITIAL_CONFIRMATION_STOP,4fe44735dedfe2420b565b6b55faa29bbf8d5679d0fa2668d038b089d2b8db28,b1ad28ed63c6b7a7dbaa1ac8ff36ca13a3c4c547aa0c8c5c3033d57418210cb1,1931.206642857143,0.9328571428571227,0.04664285714285614,,M5_LATEST_CONFIRMED_OPPOSING_SWING_ELSE_CONTROL,True,309625a0243ee787a9dc25b97c8904aace517f86378bd021c1b70dcc3dbaea59,2023-01-27T04:25:00Z,1931.16,1918.63,3fef1e73e1589eb34b6ece121e140bab0cf0d50cf19075edb0340ad9b01d3fb0
aa4101d50c9076de0afb32dd138994cd004aa6c74770a5a5a2a2f9c5ec6ee4ee,1929.63,2023-01-27T05:05:00Z,86bda421ce213817ced9d9b3915c14ada218da6ec8db191532f30397482a0363,2023-01-27T05:05:00Z,1926.9,1934.88,2023-02-01T00:00:00Z,2023-01-27T05:00:00Z,0.0,SHORT,1.0,-50.0,CONTROL_V2_FILLED_STOP,2023-01-27T05:05:00Z,CONTROL_NEXT_M1_OPEN,1926.9,True,2618ae6daadbef5c316621f12a026e76359c9038acab827f359731b13c1537e9,1.0125313283207906,0.8759398496240592,2023_01,-1.0,-1.0,STOP,2023-01-27T15:32:00Z,STOP,266e0c9da0c2e72ca1603865d526922fe32331fd263a1eef196850f0dc944580,2023-01-27T15:32:00Z,RETEST_EXPIRED,2023-01-27T05:20:00Z,,1929.63,False,False,INITIAL_CONFIRMATION_STOP,238f7013634dbcf2922e186fb4f3e581e2300a695467532e0fbfae93fa9ae9c5,b1ad28ed63c6b7a7dbaa1ac8ff36ca13a3c4c547aa0c8c5c3033d57418210cb1,1934.88,1.6028571428571468,0.08014285714285735,NOT_STRICTLY_CLOSER_THAN_CONTROL,M15_LATEST_CONFIRMED_OPPOSING_SWING_ELSE_CONTROL,False,3d3859962668aa0aa635c602d648d4ef04d041ebec5fdf41a8428a8fe9f9f1df,2023-01-27T03:30:00Z,1934.88,1918.63,3fef1e73e1589eb34b6ece121e140bab0cf0d50cf19075edb0340ad9b01d3fb0
aa4101d50c9076de0afb32dd138994cd004aa6c74770a5a5a2a2f9c5ec6ee4ee,1929.63,2023-01-27T05:05:00Z,86bda421ce213817ced9d9b3915c14ada218da6ec8db191532f30397482a0363,2023-01-27T05:05:00Z,1926.9,1934.88,2023-02-01T00:00:00Z,2023-01-27T05:00:00Z,0.0,SHORT,1.0,-50.0,CONTROL_V2_FILLED_STOP,2023-01-27T05:05:00Z,CONTROL_NEXT_M1_OPEN,1926.9,True,250dee32888642ee460445c2b946fc60ca35275fafda38223f5f2e2a73d6230c,1.0125313283207906,0.8759398496240592,2023_01,-1.0,-1.0,STOP,2023-01-27T15:32:00Z,STOP,17b92e994ffb25a23276f5319307ecf3fb16060731f411490fe480968dbbaa17,2023-01-27T15:32:00Z,RETEST_EXPIRED,2023-01-27T05:20:00Z,,1929.63,False,False,INITIAL_CONFIRMATION_STOP,42a54a4d547cbed393df5d8f37385e051f7a3e8bbc52074d87e864b1e282260e,b1ad28ed63c6b7a7dbaa1ac8ff36ca13a3c4c547aa0c8c5c3033d57418210cb1,1934.88,5.985000000000014,0.2992500000000007,NOT_STRICTLY_CLOSER_THAN_CONTROL,H1_SOURCE_SWING_BUFFERED_ELSE_CONTROL,False,b1ad28ed63c6b7a7dbaa1ac8ff36ca13a3c4c547aa0c8c5c3033d57418210cb1,2023-01-27T05:00:00Z,1934.88,1918.63,3fef1e73e1589eb34b6ece121e140bab0cf0d50cf19075edb0340ad9b01d3fb0
aa4101d50c9076de0afb32dd138994cd004aa6c74770a5a5a2a2f9c5ec6ee4ee,1929.63,2023-01-27T05:05:00Z,86bda421ce213817ced9d9b3915c14ada218da6ec8db191532f30397482a0363,2023-01-27T05:05:00Z,1926.9,1934.88,2023-02-01T00:00:00Z,2023-01-27T05:00:00Z,1.0,SHORT,1.0,0.0,CONTROL_V2_FILLED_STOP,,M5_BROKEN_CONTROL_FIRST_RETEST,,False,c186c479ca7e01da1857d14c58fc284875f7fe49a6ede932587e34b85e9f37ce,,,2023_01,0.0,-1.0,STOP,2023-01-27T15:32:00Z,NO_FILL,d09855d7de020ee4678c6bdc7db80499818b633ed5cb0e591bbcb90171ca8523,,RETEST_EXPIRED,2023-01-27T05:20:00Z,,1929.63,False,False,INITIAL_CONFIRMATION_STOP,a6a49b604e2cf87cc2002867e7242d712d6952c08bf605c6ace75c3dd3cc6332,b1ad28ed63c6b7a7dbaa1ac8ff36ca13a3c4c547aa0c8c5c3033d57418210cb1,1934.88,,,,CONTROL_V2_FILLED_STOP,False,,2023-01-27T05:05:00Z,1934.88,1918.63,3fef1e73e1589eb34b6ece121e140bab0cf0d50cf19075edb0340ad9b01d3fb0
aa4101d50c9076de0afb32dd138994cd004aa6c74770a5a5a2a2f9c5ec6ee4ee,1929.63,2023-01-27T05:05:00Z,86bda421ce213817ced9d9b3915c14ada218da6ec8db191532f30397482a0363,2023-01-27T05:05:00Z,1926.9,1934.88,2023-02-01T00:00:00Z,2023-01-27T05:00:00Z,1.0,SHORT,0.5396795560329353,0.0,M5_LATEST_CONFIRMED_OPPOSING_SWING_ELSE_CONTROL,,M5_BROKEN_CONTROL_FIRST_RETEST,,False,d6ed135cc5152a7b50f0752583e5a60d4d9f4d4b25026d4eeeabeeaea5b3ebca,,,2023_01,0.0,-1.0,STOP,2023-01-27T15:32:00Z,NO_FILL,b914e5a834284a335416d362128166c119af876a163b91088c086ba38443a28c,,RETEST_EXPIRED,2023-01-27T05:20:00Z,,1929.63,False,False,INITIAL_CONFIRMATION_STOP,422dd80bf2da833070a5372afdea00af1bfaa3ed01ba05d23e0ba0d54f7f2e75,b1ad28ed63c6b7a7dbaa1ac8ff36ca13a3c4c547aa0c8c5c3033d57418210cb1,1931.206642857143,0.9328571428571227,0.04664285714285614,,M5_LATEST_CONFIRMED_OPPOSING_SWING_ELSE_CONTROL,True,309625a0243ee787a9dc25b97c8904aace517f86378bd021c1b70dcc3dbaea59,2023-01-27T04:25:00Z,1931.16,1918.63,3fef1e73e1589eb34b6ece121e140bab0cf0d50cf19075edb0340ad9b01d3fb0
aa4101d50c9076de0afb32dd138994cd004aa6c74770a5a5a2a2f9c5ec6ee4ee,1929.63,2023-01-27T05:05:00Z,86bda421ce213817ced9d9b3915c14ada218da6ec8db191532f30397482a0363,2023-01-27T05:05:00Z,1926.9,1934.88,2023-02-01T00:00:00Z,2023-01-27T05:00:00Z,1.0,SHORT,1.0,0.0,CONTROL_V2_FILLED_STOP,,M5_BROKEN_CONTROL_FIRST_RETEST,,False,2618ae6daadbef5c316621f12a026e76359c9038acab827f359731b13c1537e9,,,2023_01,0.0,-1.0,STOP,2023-01-27T15:32:00Z,NO_FILL,f2ad3979fc968fd0119366b4ea0e41fc308986ab86caf19b31c47c1bf6aec21e,,RETEST_EXPIRED,2023-01-27T05:20:00Z,,1929.63,False,False,INITIAL_CONFIRMATION_STOP,16d93edb892cdb27ac0fb4ec14ba96c3316fad17d8d218e65c25ea11fc76a657,b1ad28ed63c6b7a7dbaa1ac8ff36ca13a3c4c547aa0c8c5c3033d57418210cb1,1934.88,1.6028571428571468,0.08014285714285735,NOT_STRICTLY_CLOSER_THAN_CONTROL,M15_LATEST_CONFIRMED_OPPOSING_SWING_ELSE_CONTROL,False,3d3859962668aa0aa635c602d648d4ef04d041ebec5fdf41a8428a8fe9f9f1df,2023-01-27T03:30:00Z,1934.88,1918.63,3fef1e73e1589eb34b6ece121e140bab0cf0d50cf19075edb0340ad9b01d3fb0
aa4101d50c9076de0afb32dd138994cd004aa6c74770a5a5a2a2f9c5ec6ee4ee,1929.63,2023-01-27T05:05:00Z,86bda421ce213817ced9d9b3915c14ada218da6ec8db191532f30397482a0363,2023-01-27T05:05:00Z,1926.9,1934.88,2023-02-01T00:00:00Z,2023-01-27T05:00:00Z,1.0,SHORT,1.0,0.0,CONTROL_V2_FILLED_STOP,,M5_BROKEN_CONTROL_FIRST_RETEST,,False,250dee32888642ee460445c2b946fc60ca35275fafda38223f5f2e2a73d6230c,,,2023_01,0.0,-1.0,STOP,2023-01-27T15:32:00Z,NO_FILL,b9279863367b36912eef6c0b0df158f72bcfe84779ccce9df0dae02842e7e7e7,,RETEST_EXPIRED,2023-01-27T05:20:00Z,,1929.63,False,False,INITIAL_CONFIRMATION_STOP,9e01fca5facb9d94c167695f89b179250cc7c4bbdb2d3556cdbcf636ac1d43c3,b1ad28ed63c6b7a7dbaa1ac8ff36ca13a3c4c547aa0c8c5c3033d57418210cb1,1934.88,5.985000000000014,0.2992500000000007,NOT_STRICTLY_CLOSER_THAN_CONTROL,H1_SOURCE_SWING_BUFFERED_ELSE_CONTROL,False,b1ad28ed63c6b7a7dbaa1ac8ff36ca13a3c4c547aa0c8c5c3033d57418210cb1,2023-01-27T05:00:00Z,1934.88,1918.63,3fef1e73e1589eb34b6ece121e140bab0cf0d50cf19075edb0340ad9b01d3fb0
aa4101d50c9076de0afb32dd138994cd004aa6c74770a5a5a2a2f9c5ec6ee4ee,1929.63,2023-01-27T05:05:00Z,86bda421ce213817ced9d9b3915c14ada218da6ec8db191532f30397482a0363,2023-01-27T05:05:00Z,1926.9,1934.88,2023-02-01T00:00:00Z,2023-01-27T05:00:00Z,0.75,SHORT,1.0,-12.5,CONTROL_V2_FILLED_STOP,2023-01-27T05:05:00Z,CONFIRMED_25_75_RETEST_SPLIT,1926.9,True,c186c479ca7e01da1857d14c58fc284875f7fe49a6ede932587e34b85e9f37ce,0.25313283208019766,0.2189849624060148,2023_01,-0.25,-1.0,STOP,2023-01-27T15:32:00Z,SPLIT_CONTROL_STOP_NO_RETEST,03fee53aba41d92ba5587c192aa921240fe9584e1690b266ca0ba6cae581f152,2023-01-27T15:32:00Z,RETEST_EXPIRED,2023-01-27T05:20:00Z,,1929.63,False,False,INITIAL_CONFIRMATION_STOP,066e146e41ceadf900829d5f6ebf0b16f129511c4f85909d0ce50d0e2c347df3,b1ad28ed63c6b7a7dbaa1ac8ff36ca13a3c4c547aa0c8c5c3033d57418210cb1,1934.88,,,,CONTROL_V2_FILLED_STOP,False,,2023-01-27T05:05:00Z,1934.88,1918.63,3fef1e73e1589eb34b6ece121e140bab0cf0d50cf19075edb0340ad9b01d3fb0
aa4101d50c9076de0afb32dd138994cd004aa6c74770a5a5a2a2f9c5ec6ee4ee,1929.63,2023-01-27T05:05:00Z,86bda421ce213817ced9d9b3915c14ada218da6ec8db191532f30397482a0363,2023-01-27T05:05:00Z,1926.9,1934.88,2023-02-01T00:00:00Z,2023-01-27T05:00:00Z,0.75,SHORT,0.5396795560329353,-12.5,M5_LATEST_CONFIRMED_OPPOSING_SWING_ELSE_CONTROL,2023-01-27T05:05:00Z,CONFIRMED_25_75_RETEST_SPLIT,1926.9,True,d6ed135cc5152a7b50f0752583e5a60d4d9f4d4b25026d4eeeabeeaea5b3ebca,0.25193637735723545,0.40576849717214547,2023_01,-0.25,-1.0,STOP,2023-01-27T15:32:00Z,SPLIT_CONTROL_STOP_NO_RETEST,370776b8da01a652de4cf5c2cf5949798e9216e01135b7dc932725f94e9e0dc1,2023-01-27T13:27:00Z,RETEST_EXPIRED,2023-01-27T05:20:00Z,,1929.63,False,False,INITIAL_CONFIRMATION_STOP,4524c3dce5e51c9992e0e342fb634af56713b307f8cc9eba920c6ac3c59b2858,b1ad28ed63c6b7a7dbaa1ac8ff36ca13a3c4c547aa0c8c5c3033d57418210cb1,1931.206642857143,0.9328571428571227,0.04664285714285614,,M5_LATEST_CONFIRMED_OPPOSING_SWING_ELSE_CONTROL,True,309625a0243ee787a9dc25b97c8904aace517f86378bd021c1b70dcc3dbaea59,2023-01-27T04:25:00Z,1931.16,1918.63,3fef1e73e1589eb34b6ece121e140bab0cf0d50cf19075edb0340ad9b01d3fb0
aa4101d50c9076de0afb32dd138994cd004aa6c74770a5a5a2a2f9c5ec6ee4ee,1929.63,2023-01-27T05:05:00Z,86bda421ce213817ced9d9b3915c14ada218da6ec8db191532f30397482a0363,2023-01-27T05:05:00Z,1926.9,1934.88,2023-02-01T00:00:00Z,2023-01-27T05:00:00Z,0.75,SHORT,1.0,-12.5,CONTROL_V2_FILLED_STOP,2023-01-27T05:05:00Z,CONFIRMED_25_75_RETEST_SPLIT,1926.9,True,2618ae6daadbef5c316621f12a026e76359c9038acab827f359731b13c1537e9,0.25313283208019766,0.2189849624060148,2023_01,-0.25,-1.0,STOP,2023-01-27T15:32:00Z,SPLIT_CONTROL_STOP_NO_RETEST,0a8a036c5d59d166c073c6e9a8d3bfa05fc4af41d8fe773f8c54ce68cc535a8a,2023-01-27T15:32:00Z,RETEST_EXPIRED,2023-01-27T05:20:00Z,,1929.63,False,False,INITIAL_CONFIRMATION_STOP,71847a0ea26e6b7cb45ea3b40c600821a2ef88842d5e22e62131efa3438ad288,b1ad28ed63c6b7a7dbaa1ac8ff36ca13a3c4c547aa0c8c5c3033d57418210cb1,1934.88,1.6028571428571468,0.08014285714285735,NOT_STRICTLY_CLOSER_THAN_CONTROL,M15_LATEST_CONFIRMED_OPPOSING_SWING_ELSE_CONTROL,False,3d3859962668aa0aa635c602d648d4ef04d041ebec5fdf41a8428a8fe9f9f1df,2023-01-27T03:30:00Z,1934.88,1918.63,3fef1e73e1589eb34b6ece121e140bab0cf0d50cf19075edb0340ad9b01d3fb0
aa4101d50c9076de0afb32dd138994cd004aa6c74770a5a5a2a2f9c5ec6ee4ee,1929.63,2023-01-27T05:05:00Z,86bda421ce213817ced9d9b3915c14ada218da6ec8db191532f30397482a0363,2023-01-27T05:05:00Z,1926.9,1934.88,2023-02-01T00:00:00Z,2023-01-27T05:00:00Z,0.75,SHORT,1.0,-12.5,CONTROL_V2_FILLED_STOP,2023-01-27T05:05:00Z,CONFIRMED_25_75_RETEST_SPLIT,1926.9,True,250dee32888642ee460445c2b946fc60ca35275fafda38223f5f2e2a73d6230c,0.25313283208019766,0.2189849624060148,2023_01,-0.25,-1.0,STOP,2023-01-27T15:32:00Z,SPLIT_CONTROL_STOP_NO_RETEST,62c3f090edba729d2dffbf8846fedc72069dc2153e8e006df34529eed5b8462a,2023-01-27T15:32:00Z,RETEST_EXPIRED,2023-01-27T05:20:00Z,,1929.63,False,False,INITIAL_CONFIRMATION_STOP,5f9cb389ced91d104712f167bcdc5639a38c4a03020335bf643aaee1ecf669d5,b1ad28ed63c6b7a7dbaa1ac8ff36ca13a3c4c547aa0c8c5c3033d57418210cb1,1934.88,5.985000000000014,0.2992500000000007,NOT_STRICTLY_CLOSER_THAN_CONTROL,H1_SOURCE_SWING_BUFFERED_ELSE_CONTROL,False,b1ad28ed63c6b7a7dbaa1ac8ff36ca13a3c4c547aa0c8c5c3033d57418210cb1,2023-01-27T05:00:00Z,1934.88,1918.63,3fef1e73e1589eb34b6ece121e140bab0cf0d50cf19075edb0340ad9b01d3fb0
6aa1261032ac96709d75035f9d753e9bcfb60f9982e8aeeb7a8c1efb1d89f0bc,1923.21,2023-01-27T06:20:00Z,fc8a20f4e1559684481d0837bb264881aca82a15ac32904337a5a0cd4a9aaf80,2023-01-27T06:20:00Z,1921.28,1942.41,2023-02-01T00:00:00Z,2023-01-26T19:00:00Z,0.0,SHORT,1.0,3.2418362517744526,CONTROL_V2_FILLED_STOP,2023-01-27T06:20:00Z,CONTROL_NEXT_M1_OPEN,1921.28,True,d38667a89b8230c2a045aeac495f65f9e1993d3bf3db434e1493bd9afa522b8e,0.003786086133456073,0.06483672503548905,2023_01,0.06483672503548905,0.06483672503548905,TARGET,2023-01-27T06:23:00Z,TARGET,e31539e905dc31872bf8a05563b4f710a4de7f63ea2f8abe51ee10cca6d3e74c,2023-01-27T06:23:00Z,TARGET_BEFORE_RETEST,2023-01-27T06:35:00Z,,1923.21,False,False,INITIAL_CONFIRMATION_TARGET,86e40a213878be80d00d93af71edd2628eeb94522f931ce756d395e171bc4322,301103f097f80aabbaa26a18995907771d0a44b1a4d0dc968298c7704b7bbbc7,1942.41,,,,CONTROL_V2_FILLED_STOP,False,,2023-01-27T06:20:00Z,1942.41,1919.91,010083a417365a1d81ddfc7602cb8bc828294514a510332e15edb8c226e5558e
6aa1261032ac96709d75035f9d753e9bcfb60f9982e8aeeb7a8c1efb1d89f0bc,1923.21,2023-01-27T06:20:00Z,fc8a20f4e1559684481d0837bb264881aca82a15ac32904337a5a0cd4a9aaf80,2023-01-27T06:20:00Z,1921.28,1942.41,2023-02-01T00:00:00Z,2023-01-26T19:00:00Z,0.28934821564127416,SHORT,0.18305895476979198,17.70924703383816,M5_LATEST_CONFIRMED_OPPOSING_SWING_ELSE_CONTROL,2023-01-27T06:20:00Z,CONTROL_NEXT_M1_OPEN,1921.28,True,525c1d72a4b3b9b9c3a50d58c6d594a0c73e658f1ce4f86cf2586b229052ac22,0.02068233230227558,0.3541849406767632,2023_01,0.3541849406767632,0.06483672503548905,TARGET,2023-01-27T06:23:00Z,TARGET,6aa7cd6cd5efda5aef71798c219c6c753cf1276f9a2340a5b30da526fa0a8f98,2023-01-27T06:23:00Z,TARGET_BEFORE_RETEST,2023-01-27T06:35:00Z,,1923.21,False,False,INITIAL_CONFIRMATION_TARGET,dbe3ca34a2e8f6eaf21e9113155cdd2fcd7377c7f5c35fe5dd5993f75f9374ba,301103f097f80aabbaa26a18995907771d0a44b1a4d0dc968298c7704b7bbbc7,1925.1480357142857,0.960714285714289,0.04803571428571445,,M5_LATEST_CONFIRMED_OPPOSING_SWING_ELSE_CONTROL,True,81c29210b944caaa38d085f94b88556300dafbe79ef92264366f7024a646a223,2023-01-27T06:10:00Z,1925.1,1919.91,010083a417365a1d81ddfc7602cb8bc828294514a510332e15edb8c226e5558e
6aa1261032ac96709d75035f9d753e9bcfb60f9982e8aeeb7a8c1efb1d89f0bc,1923.21,2023-01-27T06:20:00Z,fc8a20f4e1559684481d0837bb264881aca82a15ac32904337a5a0cd4a9aaf80,2023-01-27T06:20:00Z,1921.28,1942.41,2023-02-01T00:00:00Z,2023-01-26T19:00:00Z,0.03521804947609612,SHORT,0.6480123047799355,5.002738725579259,M15_LATEST_CONFIRMED_OPPOSING_SWING_ELSE_CONTROL,2023-01-27T06:20:00Z,CONTROL_NEXT_M1_OPEN,1921.28,True,96b1a75469ae17c2a347a1372b74ef495066e07189c07c062ccd4cf08d16e728,0.005842614570014723,0.10005477451158518,2023_01,0.10005477451158518,0.06483672503548905,TARGET,2023-01-27T06:23:00Z,TARGET,0ec11dfaa1a6b71fa7a0ba82763836d6de4883a26ed65cf2a577e67ac7fece54,2023-01-27T06:23:00Z,TARGET_BEFORE_RETEST,2023-01-27T06:35:00Z,,1923.21,False,False,INITIAL_CONFIRMATION_TARGET,67528cd5ef88282ee5204c01278c60250bd4295d2c4fd1c9c42efaf0ab347ce9,301103f097f80aabbaa26a18995907771d0a44b1a4d0dc968298c7704b7bbbc7,1934.9725,1.849999999999974,0.09249999999999871,,M15_LATEST_CONFIRMED_OPPOSING_SWING_ELSE_CONTROL,True,3d3859962668aa0aa635c602d648d4ef04d041ebec5fdf41a8428a8fe9f9f1df,2023-01-27T03:30:00Z,1934.88,1919.91,010083a417365a1d81ddfc7602cb8bc828294514a510332e15edb8c226e5558e
6aa1261032ac96709d75035f9d753e9bcfb60f9982e8aeeb7a8c1efb1d89f0bc,1923.21,2023-01-27T06:20:00Z,fc8a20f4e1559684481d0837bb264881aca82a15ac32904337a5a0cd4a9aaf80,2023-01-27T06:20:00Z,1921.28,1942.41,2023-02-01T00:00:00Z,2023-01-26T19:00:00Z,0.0,SHORT,1.0,3.2418362517744526,CONTROL_V2_FILLED_STOP,2023-01-27T06:20:00Z,CONTROL_NEXT_M1_OPEN,1921.28,True,6455899cd0931ffb02f196fe379fcfaa20bce49560ce712a1cf9e66876c6e074,0.003786086133456073,0.06483672503548905,2023_01,0.06483672503548905,0.06483672503548905,TARGET,2023-01-27T06:23:00Z,TARGET,9b2d6248df8e450dc8e1a7c6eb9b5f900bae69db5eaa694529068a88a498cee1,2023-01-27T06:23:00Z,TARGET_BEFORE_RETEST,2023-01-27T06:35:00Z,,1923.21,False,False,INITIAL_CONFIRMATION_TARGET,23d8e5f51a7165ca6bb3cb9e5347e3bddaf74fb942660f919646d512b68ca057,301103f097f80aabbaa26a18995907771d0a44b1a4d0dc968298c7704b7bbbc7,1942.41,6.115000000000009,0.30575000000000047,NOT_STRICTLY_CLOSER_THAN_CONTROL,H1_SOURCE_SWING_BUFFERED_ELSE_CONTROL,False,301103f097f80aabbaa26a18995907771d0a44b1a4d0dc968298c7704b7bbbc7,2023-01-26T19:00:00Z,1942.41,1919.91,010083a417365a1d81ddfc7602cb8bc828294514a510332e15edb8c226e5558e
6aa1261032ac96709d75035f9d753e9bcfb60f9982e8aeeb7a8c1efb1d89f0bc,1923.21,2023-01-27T06:20:00Z,fc8a20f4e1559684481d0837bb264881aca82a15ac32904337a5a0cd4a9aaf80,2023-01-27T06:20:00Z,1921.28,1942.41,2023-02-01T00:00:00Z,2023-01-26T19:00:00Z,-0.06483672503548905,SHORT,1.0,0.0,CONTROL_V2_FILLED_STOP,,M5_BROKEN_CONTROL_FIRST_RETEST,,False,d38667a89b8230c2a045aeac495f65f9e1993d3bf3db434e1493bd9afa522b8e,,,2023_01,0.0,0.06483672503548905,TARGET,2023-01-27T06:23:00Z,NO_FILL,0a25ac717a97658ed00f98b8076509bad0c6c047426becd5022d20deb82fb539,,TARGET_BEFORE_RETEST,2023-01-27T06:35:00Z,,1923.21,False,False,INITIAL_CONFIRMATION_TARGET,c572cfa021a426bf7cd7a23accb4b745c29808fc20c009309dcd1c2ab07193d5,301103f097f80aabbaa26a18995907771d0a44b1a4d0dc968298c7704b7bbbc7,1942.41,,,,CONTROL_V2_FILLED_STOP,False,,2023-01-27T06:20:00Z,1942.41,1919.91,010083a417365a1d81ddfc7602cb8bc828294514a510332e15edb8c226e5558e
6aa1261032ac96709d75035f9d753e9bcfb60f9982e8aeeb7a8c1efb1d89f0bc,1923.21,2023-01-27T06:20:00Z,fc8a20f4e1559684481d0837bb264881aca82a15ac32904337a5a0cd4a9aaf80,2023-01-27T06:20:00Z,1921.28,1942.41,2023-02-01T00:00:00Z,2023-01-26T19:00:00Z,-0.06483672503548905,SHORT,0.18305895476979198,0.0,M5_LATEST_CONFIRMED_OPPOSING_SWING_ELSE_CONTROL,,M5_BROKEN_CONTROL_FIRST_RETEST,,False,525c1d72a4b3b9b9c3a50d58c6d594a0c73e658f1ce4f86cf2586b229052ac22,,,2023_01,0.0,0.06483672503548905,TARGET,2023-01-27T06:23:00Z,NO_FILL,5c269f9077467cf63bf0898d3e276d17700747446d735c95160d09c568be5f3f,,TARGET_BEFORE_RETEST,2023-01-27T06:35:00Z,,1923.21,False,False,INITIAL_CONFIRMATION_TARGET,b210a8da3d2275bdfce4580acbb9fbda516d199d76a785511f3a879776059e48,301103f097f80aabbaa26a18995907771d0a44b1a4d0dc968298c7704b7bbbc7,1925.1480357142857,0.960714285714289,0.04803571428571445,,M5_LATEST_CONFIRMED_OPPOSING_SWING_ELSE_CONTROL,True,81c29210b944caaa38d085f94b88556300dafbe79ef92264366f7024a646a223,2023-01-27T06:10:00Z,1925.1,1919.91,010083a417365a1d81ddfc7602cb8bc828294514a510332e15edb8c226e5558e
6aa1261032ac96709d75035f9d753e9bcfb60f9982e8aeeb7a8c1efb1d89f0bc,1923.21,2023-01-27T06:20:00Z,fc8a20f4e1559684481d0837bb264881aca82a15ac32904337a5a0cd4a9aaf80,2023-01-27T06:20:00Z,1921.28,1942.41,2023-02-01T00:00:00Z,2023-01-26T19:00:00Z,-0.06483672503548905,SHORT,0.6480123047799355,0.0,M15_LATEST_CONFIRMED_OPPOSING_SWING_ELSE_CONTROL,,M5_BROKEN_CONTROL_FIRST_RETEST,,False,96b1a75469ae17c2a347a1372b74ef495066e07189c07c062ccd4cf08d16e728,,,2023_01,0.0,0.06483672503548905,TARGET,2023-01-27T06:23:00Z,NO_FILL,20cbc6434238b6349e9b6cefa49afdefb22efe53a5aa9cf9d5361db12ce331fd,,TARGET_BEFORE_RETEST,2023-01-27T06:35:00Z,,1923.21,False,False,INITIAL_CONFIRMATION_TARGET,984979cdf490792e5ae042efccafe8c33aa144890034a781847bdf8d046266bc,301103f097f80aabbaa26a18995907771d0a44b1a4d0dc968298c7704b7bbbc7,1934.9725,1.849999999999974,0.09249999999999871,,M15_LATEST_CONFIRMED_OPPOSING_SWING_ELSE_CONTROL,True,3d3859962668aa0aa635c602d648d4ef04d041ebec5fdf41a8428a8fe9f9f1df,2023-01-27T03:30:00Z,1934.88,1919.91,010083a417365a1d81ddfc7602cb8bc828294514a510332e15edb8c226e5558e
6aa1261032ac96709d75035f9d753e9bcfb60f9982e8aeeb7a8c1efb1d89f0bc,1923.21,2023-01-27T06:20:00Z,fc8a20f4e1559684481d0837bb264881aca82a15ac32904337a5a0cd4a9aaf80,2023-01-27T06:20:00Z,1921.28,1942.41,2023-02-01T00:00:00Z,2023-01-26T19:00:00Z,-0.06483672503548905,SHORT,1.0,0.0,CONTROL_V2_FILLED_STOP,,M5_BROKEN_CONTROL_FIRST_RETEST,,False,6455899cd0931ffb02f196fe379fcfaa20bce49560ce712a1cf9e66876c6e074,,,2023_01,0.0,0.06483672503548905,TARGET,2023-01-27T06:23:00Z,NO_FILL,c6f86c2fc518758d00143c6a2ff15280c637e52e36c2c36c54d6d5e064356b43,,TARGET_BEFORE_RETEST,2023-01-27T06:35:00Z,,1923.21,False,False,INITIAL_CONFIRMATION_TARGET,bd2f55dcd4d3e242fb2e5dfb736703823337a178f997d26c9f358d8cb441ddb7,301103f097f80aabbaa26a18995907771d0a44b1a4d0dc968298c7704b7bbbc7,1942.41,6.115000000000009,0.30575000000000047,NOT_STRICTLY_CLOSER_THAN_CONTROL,H1_SOURCE_SWING_BUFFERED_ELSE_CONTROL,False,301103f097f80aabbaa26a18995907771d0a44b1a4d0dc968298c7704b7bbbc7,2023-01-26T19:00:00Z,1942.41,1919.91,010083a417365a1d81ddfc7602cb8bc828294514a510332e15edb8c226e5558e
6aa1261032ac96709d75035f9d753e9bcfb60f9982e8aeeb7a8c1efb1d89f0bc,1923.21,2023-01-27T06:20:00Z,fc8a20f4e1559684481d0837bb264881aca82a15ac32904337a5a0cd4a9aaf80,2023-01-27T06:20:00Z,1921.28,1942.41,2023-02-01T00:00:00Z,2023-01-26T19:00:00Z,-0.048627543776616794,SHORT,1.0,0.8104590629436131,CONTROL_V2_FILLED_STOP,2023-01-27T06:20:00Z,CONFIRMED_25_75_RETEST_SPLIT,1921.28,True,d38667a89b8230c2a045aeac495f65f9e1993d3bf3db434e1493bd9afa522b8e,0.0009465215333640183,0.016209181258872263,2023_01,0.016209181258872263,0.06483672503548905,TARGET,2023-01-27T06:23:00Z,SPLIT_CONTROL_TARGET_NO_RETEST,c87fb33048f2f2259c0d2588d5d8575bcf3be941071fc9a45df47f35bbd675a5,2023-01-27T06:23:00Z,TARGET_BEFORE_RETEST,2023-01-27T06:35:00Z,,1923.21,False,False,INITIAL_CONFIRMATION_TARGET,ec625fa259574f2c44d16f86594c40f68bbfd20d89fff8a6ec2292e1238cf41e,301103f097f80aabbaa26a18995907771d0a44b1a4d0dc968298c7704b7bbbc7,1942.41,,,,CONTROL_V2_FILLED_STOP,False,,2023-01-27T06:20:00Z,1942.41,1919.91,010083a417365a1d81ddfc7602cb8bc828294514a510332e15edb8c226e5558e
6aa1261032ac96709d75035f9d753e9bcfb60f9982e8aeeb7a8c1efb1d89f0bc,1923.21,2023-01-27T06:20:00Z,fc8a20f4e1559684481d0837bb264881aca82a15ac32904337a5a0cd4a9aaf80,2023-01-27T06:20:00Z,1921.28,1942.41,2023-02-01T00:00:00Z,2023-01-26T19:00:00Z,0.023709510133701747,SHORT,0.18305895476979198,4.42731175845954,M5_LATEST_CONFIRMED_OPPOSING_SWING_ELSE_CONTROL,2023-01-27T06:20:00Z,CONFIRMED_25_75_RETEST_SPLIT,1921.28,True,525c1d72a4b3b9b9c3a50d58c6d594a0c73e658f1ce4f86cf2586b229052ac22,0.005170583075568895,0.0885462351691908,2023_01,0.0885462351691908,0.06483672503548905,TARGET,2023-01-27T06:23:00Z,SPLIT_CONTROL_TARGET_NO_RETEST,511310d8bfc4830d6de83cefb48b38ea1d1fc965d1f60760434c73f9dc521fe5,2023-01-27T06:23:00Z,TARGET_BEFORE_RETEST,2023-01-27T06:35:00Z,,1923.21,False,False,INITIAL_CONFIRMATION_TARGET,1fe4e85d7a89ee06d2c97a1c8ee15c184e9b46c67fcb5a3b78a1904266a98821,301103f097f80aabbaa26a18995907771d0a44b1a4d0dc968298c7704b7bbbc7,1925.1480357142857,0.960714285714289,0.04803571428571445,,M5_LATEST_CONFIRMED_OPPOSING_SWING_ELSE_CONTROL,True,81c29210b944caaa38d085f94b88556300dafbe79ef92264366f7024a646a223,2023-01-27T06:10:00Z,1925.1,1919.91,010083a417365a1d81ddfc7602cb8bc828294514a510332e15edb8c226e5558e
6aa1261032ac96709d75035f9d753e9bcfb60f9982e8aeeb7a8c1efb1d89f0bc,1923.21,2023-01-27T06:20:00Z,fc8a20f4e1559684481d0837bb264881aca82a15ac32904337a5a0cd4a9aaf80,2023-01-27T06:20:00Z,1921.28,1942.41,2023-02-01T00:00:00Z,2023-01-26T19:00:00Z,-0.03982303140759276,SHORT,0.6480123047799355,1.2506846813948147,M15_LATEST_CONFIRMED_OPPOSING_SWING_ELSE_CONTROL,2023-01-27T06:20:00Z,CONFIRMED_25_75_RETEST_SPLIT,1921.28,True,96b1a75469ae17c2a347a1372b74ef495066e07189c07c062ccd4cf08d16e728,0.0014606536425036808,0.025013693627896294,2023_01,0.025013693627896294,0.06483672503548905,TARGET,2023-01-27T06:23:00Z,SPLIT_CONTROL_TARGET_NO_RETEST,8e222e8b9354847ad12eab72eedfb7665c61a8cb3199115e800bcad5bdb67321,2023-01-27T06:23:00Z,TARGET_BEFORE_RETEST,2023-01-27T06:35:00Z,,1923.21,False,False,INITIAL_CONFIRMATION_TARGET,3c5b07e0b9b435138d6b5e8830f5282a80cc700ab4c79df3e02438a516dbc3bd,301103f097f80aabbaa26a18995907771d0a44b1a4d0dc968298c7704b7bbbc7,1934.9725,1.849999999999974,0.09249999999999871,,M15_LATEST_CONFIRMED_OPPOSING_SWING_ELSE_CONTROL,True,3d3859962668aa0aa635c602d648d4ef04d041ebec5fdf41a8428a8fe9f9f1df,2023-01-27T03:30:00Z,1934.88,1919.91,010083a417365a1d81ddfc7602cb8bc828294514a510332e15edb8c226e5558e
6aa1261032ac96709d75035f9d753e9bcfb60f9982e8aeeb7a8c1efb1d89f0bc,1923.21,2023-01-27T06:20:00Z,fc8a20f4e1559684481d0837bb264881aca82a15ac32904337a5a0cd4a9aaf80,2023-01-27T06:20:00Z,1921.28,1942.41,2023-02-01T00:00:00Z,2023-01-26T19:00:00Z,-0.048627543776616794,SHORT,1.0,0.8104590629436131,CONTROL_V2_FILLED_STOP,2023-01-27T06:20:00Z,CONFIRMED_25_75_RETEST_SPLIT,1921.28,True,6455899cd0931ffb02f196fe379fcfaa20bce49560ce712a1cf9e66876c6e074,0.0009465215333640183,0.016209181258872263,2023_01,0.016209181258872263,0.06483672503548905,TARGET,2023-01-27T06:23:00Z,SPLIT_CONTROL_TARGET_NO_RETEST,b69d254eb573c8450e068ed872bb3110912358ad086ee4dfaf7bc43741cbe3f9,2023-01-27T06:23:00Z,TARGET_BEFORE_RETEST,2023-01-27T06:35:00Z,,1923.21,False,False,INITIAL_CONFIRMATION_TARGET,e8abaac2be044c9fce4215616b4623ede53cc82214e6601bb704171ee9b9c15f,301103f097f80aabbaa26a18995907771d0a44b1a4d0dc968298c7704b7bbbc7,1942.41,6.115000000000009,0.30575000000000047,NOT_STRICTLY_CLOSER_THAN_CONTROL,H1_SOURCE_SWING_BUFFERED_ELSE_CONTROL,False,301103f097f80aabbaa26a18995907771d0a44b1a4d0dc968298c7704b7bbbc7,2023-01-26T19:00:00Z,1942.41,1919.91,010083a417365a1d81ddfc7602cb8bc828294514a510332e15edb8c226e5558e
4afdac059beb89b344afaaa349edbfcfc0a257116bac8c09beb0e26a6456bfe4,1925.77,2023-01-27T11:00:00Z,1839d34f8cf6d8b1ec7bd294fb79d96853592dd12ad5b2cbe9001ab5525bf2e0,2023-01-27T11:00:00Z,1925.94,1919.91,2023-02-01T00:00:00Z,2023-01-27T09:00:00Z,0.0,LONG,1.0,74.12935323383164,CONTROL_V2_FILLED_STOP,2023-01-27T11:00:00Z,CONTROL_NEXT_M1_OPEN,1925.94,True,8132e09b2dbb300cce7a7c2fc31c731d8a7cd455d8393321b0258c876f95e8d0,0.22885572139305396,1.4991708126036491,2023_01,1.4825870646766326,1.4825870646766326,TARGET,2023-01-27T15:32:00Z,TARGET,045a934fa094276230ab668e5fe7a040af0a96247c232253f4cd43f30da7a2c0,2023-01-27T15:32:00Z,FIRST_RETEST_FILLED,2023-01-27T11:15:00Z,2023-01-27T11:00:00Z,1925.77,True,False,INITIAL_CONFIRMATION_TARGET,0f96cffadcc8e012e9fa70cc601b4e30ac512ea9cca1b4a93b9a17e8c89b75ef,ad9b3316de313cab6d93d7c6c06d22b0a64b91cfc9bb47456c71c5157b690ae3,1919.91,,,,CONTROL_V2_FILLED_STOP,False,,2023-01-27T11:00:00Z,1919.91,1934.88,e83ab74d7e811e59c947ef261a4e066b9313ebd06dc4680e5466c0d65553b0cd
4afdac059beb89b344afaaa349edbfcfc0a257116bac8c09beb0e26a6456bfe4,1925.77,2023-01-27T11:00:00Z,1839d34f8cf6d8b1ec7bd294fb79d96853592dd12ad5b2cbe9001ab5525bf2e0,2023-01-27T11:00:00Z,1925.94,1919.91,2023-02-01T00:00:00Z,2023-01-27T09:00:00Z,1.5470411305207148,LONG,0.489362710258266,151.48140975986738,M5_LATEST_CONFIRMED_OPPOSING_SWING_ELSE_CONTROL,2023-01-27T11:00:00Z,CONTROL_NEXT_M1_OPEN,1925.94,True,55d0abaa78942efbbbebcb51d944d94c0a84148ba86ab659e00c31d111eea89b,0.46766072811774545,3.0635166537565706,2023_01,3.0296281951973474,1.4825870646766326,TARGET,2023-01-27T15:32:00Z,TARGET,32abc6eb37bbd7be39c51dafecabb8263ce42729f14e241f79a5e6babf7e2d78,2023-01-27T15:32:00Z,FIRST_RETEST_FILLED,2023-01-27T11:15:00Z,2023-01-27T11:00:00Z,1925.77,True,False,INITIAL_CONFIRMATION_TARGET,9686457f336b5afbc3c11d6f26ee283b80fa9335ece525a44521b7edf2c83946,ad9b3316de313cab6d93d7c6c06d22b0a64b91cfc9bb47456c71c5157b690ae3,1922.9891428571427,1.2171428571428546,0.060857142857142735,,M5_LATEST_CONFIRMED_OPPOSING_SWING_ELSE_CONTROL,True,9ce006343d50126f177ec68ffebc6e22250ea0923ea3db83ada06a64025a7d90,2023-01-27T10:30:00Z,1923.05,1934.88,e83ab74d7e811e59c947ef261a4e066b9313ebd06dc4680e5466c0d65553b0cd
4afdac059beb89b344afaaa349edbfcfc0a257116bac8c09beb0e26a6456bfe4,1925.77,2023-01-27T11:00:00Z,1839d34f8cf6d8b1ec7bd294fb79d96853592dd12ad5b2cbe9001ab5525bf2e0,2023-01-27T11:00:00Z,1925.94,1919.91,2023-02-01T00:00:00Z,2023-01-27T09:00:00Z,1.5178804098819936,LONG,0.49411869225302096,150.0233737279313,M15_LATEST_CONFIRMED_OPPOSING_SWING_ELSE_CONTROL,2023-01-27T11:00:00Z,CONTROL_NEXT_M1_OPEN,1925.94,True,af87ac64983b2e62981f9243cb7e3e5a2a8a5b63a580badac7e2f6e4a517945c,0.46315940882451967,3.0340297505603697,2023_01,3.000467474558626,1.4825870646766326,TARGET,2023-01-27T15:32:00Z,TARGET,21b9375cba22b4738b949d90df0ad7c676e20fe7435c60889d59cb916084209f,2023-01-27T15:32:00Z,FIRST_RETEST_FILLED,2023-01-27T11:15:00Z,2023-01-27T11:00:00Z,1925.77,True,False,INITIAL_CONFIRMATION_TARGET,39c0fb83b59948e3181a87e436102a6608f3e6efdd28e07cbf636e2a84d67992,ad9b3316de313cab6d93d7c6c06d22b0a64b91cfc9bb47456c71c5157b690ae3,1922.9604642857144,1.7907142857142975,0.08953571428571488,,M15_LATEST_CONFIRMED_OPPOSING_SWING_ELSE_CONTROL,True,72ce996235d23a36ef6e194b9cf1e1fc1016daada9b99e62fda2da017fb1a0e2,2023-01-27T11:00:00Z,1923.05,1934.88,e83ab74d7e811e59c947ef261a4e066b9313ebd06dc4680e5466c0d65553b0cd
4afdac059beb89b344afaaa349edbfcfc0a257116bac8c09beb0e26a6456bfe4,1925.77,2023-01-27T11:00:00Z,1839d34f8cf6d8b1ec7bd294fb79d96853592dd12ad5b2cbe9001ab5525bf2e0,2023-01-27T11:00:00Z,1925.94,1919.91,2023-02-01T00:00:00Z,2023-01-27T09:00:00Z,0.0,LONG,1.0,74.12935323383164,CONTROL_V2_FILLED_STOP,2023-01-27T11:00:00Z,CONTROL_NEXT_M1_OPEN,1925.94,True,a4b5b0546be326ab1673685c9992be4a8889b382527fc4c26916933bc2c8e046,0.22885572139305396,1.4991708126036491,2023_01,1.4825870646766326,1.4825870646766326,TARGET,2023-01-27T15:32:00Z,TARGET,e53a62fe6f9afc947f97a2a1c3f2d1ad9e0b636cc054800b57a69b54988ac207,2023-01-27T15:32:00Z,FIRST_RETEST_FILLED,2023-01-27T11:15:00Z,2023-01-27T11:00:00Z,1925.77,True,False,INITIAL_CONFIRMATION_TARGET,4aa024da2ea9b546360ae82f5e2e4be185d352c0d5610ea3733b170e53980fbf,ad9b3316de313cab6d93d7c6c06d22b0a64b91cfc9bb47456c71c5157b690ae3,1919.91,4.600714285714275,0.2300357142857138,NOT_STRICTLY_CLOSER_THAN_CONTROL,H1_SOURCE_SWING_BUFFERED_ELSE_CONTROL,False,ad9b3316de313cab6d93d7c6c06d22b0a64b91cfc9bb47456c71c5157b690ae3,2023-01-27T09:00:00Z,1919.91,1934.88,e83ab74d7e811e59c947ef261a4e066b9313ebd06dc4680e5466c0d65553b0cd
4afdac059beb89b344afaaa349edbfcfc0a257116bac8c09beb0e26a6456bfe4,1925.77,2023-01-27T11:00:00Z,1839d34f8cf6d8b1ec7bd294fb79d96853592dd12ad5b2cbe9001ab5525bf2e0,2023-01-27T11:00:00Z,1925.94,1919.91,2023-02-01T00:00:00Z,2023-01-27T09:00:00Z,0.07202044385583894,LONG,1.0,77.73037542662358,CONTROL_V2_FILLED_STOP,2023-01-27T11:00:00Z,M5_BROKEN_CONTROL_FIRST_RETEST,1925.77,True,8132e09b2dbb300cce7a7c2fc31c731d8a7cd455d8393321b0258c876f95e8d0,0.206484641638235,1.5716723549488385,2023_01,1.5546075085324715,1.4825870646766326,TARGET,2023-01-27T15:32:00Z,TARGET,7525d0e0c1ccbb718a76bfe18848ed578cb2bd724a4614736f67b761f6ec0276,2023-01-27T15:32:00Z,FIRST_RETEST_FILLED,2023-01-27T11:15:00Z,2023-01-27T11:00:00Z,1925.77,True,True,INITIAL_CONFIRMATION_TARGET,01e5445abe358288ae462ec9f50d6f652a2443bee92d49a870e1c64f61b62d1b,ad9b3316de313cab6d93d7c6c06d22b0a64b91cfc9bb47456c71c5157b690ae3,1919.91,,,,CONTROL_V2_FILLED_STOP,False,,2023-01-27T11:00:00Z,1919.91,1934.88,e83ab74d7e811e59c947ef261a4e066b9313ebd06dc4680e5466c0d65553b0cd
4afdac059beb89b344afaaa349edbfcfc0a257116bac8c09beb0e26a6456bfe4,1925.77,2023-01-27T11:00:00Z,1839d34f8cf6d8b1ec7bd294fb79d96853592dd12ad5b2cbe9001ab5525bf2e0,2023-01-27T11:00:00Z,1925.94,1919.91,2023-02-01T00:00:00Z,2023-01-27T09:00:00Z,1.7933812904039312,LONG,0.489362710258266,163.79841775402818,M5_LATEST_CONFIRMED_OPPOSING_SWING_ELSE_CONTROL,2023-01-27T11:00:00Z,M5_BROKEN_CONTROL_FIRST_RETEST,1925.77,True,55d0abaa78942efbbbebcb51d944d94c0a84148ba86ab659e00c31d111eea89b,0.43511764101509837,3.3119284907016127,2023_01,3.275968355080564,1.4825870646766326,TARGET,2023-01-27T15:32:00Z,TARGET,19ed427acce3ebaa2507c15a3550c9c564a88ecc10b199e0a7efa38514006cf9,2023-01-27T15:32:00Z,FIRST_RETEST_FILLED,2023-01-27T11:15:00Z,2023-01-27T11:00:00Z,1925.77,True,True,INITIAL_CONFIRMATION_TARGET,c226bc88858aeb4715ef3b0dfcba189a23b8e2fc1f3d9e8c63687a1553238554,ad9b3316de313cab6d93d7c6c06d22b0a64b91cfc9bb47456c71c5157b690ae3,1922.9891428571427,1.2171428571428546,0.060857142857142735,,M5_LATEST_CONFIRMED_OPPOSING_SWING_ELSE_CONTROL,True,9ce006343d50126f177ec68ffebc6e22250ea0923ea3db83ada06a64025a7d90,2023-01-27T10:30:00Z,1923.05,1934.88,e83ab74d7e811e59c947ef261a4e066b9313ebd06dc4680e5466c0d65553b0cd
4afdac059beb89b344afaaa349edbfcfc0a257116bac8c09beb0e26a6456bfe4,1925.77,2023-01-27T11:00:00Z,1839d34f8cf6d8b1ec7bd294fb79d96853592dd12ad5b2cbe9001ab5525bf2e0,2023-01-27T11:00:00Z,1925.94,1919.91,2023-02-01T00:00:00Z,2023-01-27T09:00:00Z,1.7599415686767585,LONG,0.49411869225302096,162.12643166766955,M15_LATEST_CONFIRMED_OPPOSING_SWING_ELSE_CONTROL,2023-01-27T11:00:00Z,M5_BROKEN_CONTROL_FIRST_RETEST,1925.77,True,af87ac64983b2e62981f9243cb7e3e5a2a8a5b63a580badac7e2f6e4a517945c,0.4306761412028174,3.2781217028742518,2023_01,3.242528633353391,1.4825870646766326,TARGET,2023-01-27T15:32:00Z,TARGET,ed9a496c99d2886eddb878c5c98f08e9a9ba2f628551b5d3e58e4d232a7355e5,2023-01-27T15:32:00Z,FIRST_RETEST_FILLED,2023-01-27T11:15:00Z,2023-01-27T11:00:00Z,1925.77,True,True,INITIAL_CONFIRMATION_TARGET,c711ccb4b8198424e402531d5cbdfa3c78cdf7fc769aaa253e58efb61eec2be9,ad9b3316de313cab6d93d7c6c06d22b0a64b91cfc9bb47456c71c5157b690ae3,1922.9604642857144,1.7907142857142975,0.08953571428571488,,M15_LATEST_CONFIRMED_OPPOSING_SWING_ELSE_CONTROL,True,72ce996235d23a36ef6e194b9cf1e1fc1016daada9b99e62fda2da017fb1a0e2,2023-01-27T11:00:00Z,1923.05,1934.88,e83ab74d7e811e59c947ef261a4e066b9313ebd06dc4680e5466c0d65553b0cd
4afdac059beb89b344afaaa349edbfcfc0a257116bac8c09beb0e26a6456bfe4,1925.77,2023-01-27T11:00:00Z,1839d34f8cf6d8b1ec7bd294fb79d96853592dd12ad5b2cbe9001ab5525bf2e0,2023-01-27T11:00:00Z,1925.94,1919.91,2023-02-01T00:00:00Z,2023-01-27T09:00:00Z,0.07202044385583894,LONG,1.0,77.73037542662358,CONTROL_V2_FILLED_STOP,2023-01-27T11:00:00Z,M5_BROKEN_CONTROL_FIRST_RETEST,1925.77,True,a4b5b0546be326ab1673685c9992be4a8889b382527fc4c26916933bc2c8e046,0.206484641638235,1.5716723549488385,2023_01,1.5546075085324715,1.4825870646766326,TARGET,2023-01-27T15:32:00Z,TARGET,b0bc64c5829ade49251e2631a71436bcb49610077d6b3d17c103d57c121b447f,2023-01-27T15:32:00Z,FIRST_RETEST_FILLED,2023-01-27T11:15:00Z,2023-01-27T11:00:00Z,1925.77,True,True,INITIAL_CONFIRMATION_TARGET,acf792960ba0aa90c5c1d22d76187a38205d56b67f6f3cff29db8bd068e49550,ad9b3316de313cab6d93d7c6c06d22b0a64b91cfc9bb47456c71c5157b690ae3,1919.91,4.600714285714275,0.2300357142857138,NOT_STRICTLY_CLOSER_THAN_CONTROL,H1_SOURCE_SWING_BUFFERED_ELSE_CONTROL,False,ad9b3316de313cab6d93d7c6c06d22b0a64b91cfc9bb47456c71c5157b690ae3,2023-01-27T09:00:00Z,1919.91,1934.88,e83ab74d7e811e59c947ef261a4e066b9313ebd06dc4680e5466c0d65553b0cd
4afdac059beb89b344afaaa349edbfcfc0a257116bac8c09beb0e26a6456bfe4,1925.77,2023-01-27T11:00:00Z,1839d34f8cf6d8b1ec7bd294fb79d96853592dd12ad5b2cbe9001ab5525bf2e0,2023-01-27T11:00:00Z,1925.94,1919.91,2023-02-01T00:00:00Z,2023-01-27T09:00:00Z,0.0540153328918791,LONG,1.0,76.83011987842559,CONTROL_V2_FILLED_STOP,2023-01-27T11:00:00Z,CONFIRMED_25_75_RETEST_SPLIT,1925.94,True,8132e09b2dbb300cce7a7c2fc31c731d8a7cd455d8393321b0258c876f95e8d0,0.21207741157693974,1.5535469693625412,2023_01,1.5366023975685117,1.4825870646766326,TARGET,2023-01-27T15:32:00Z,SPLIT_TARGET_TARGET,8a93d04811837e14db7f24657fc6bd4dd8b67a29ce7249d34f3caa28a70b42e0,2023-01-27T15:32:00Z,FIRST_RETEST_FILLED,2023-01-27T11:15:00Z,2023-01-27T11:00:00Z,1925.77,True,True,INITIAL_CONFIRMATION_TARGET,942aea74dd2fff162bc5ba1ae015bc05aebee80b2714540e6f3b0b90f6856658,ad9b3316de313cab6d93d7c6c06d22b0a64b91cfc9bb47456c71c5157b690ae3,1919.91,,,,CONTROL_V2_FILLED_STOP,False,,2023-01-27T11:00:00Z,1919.91,1934.88,e83ab74d7e811e59c947ef261a4e066b9313ebd06dc4680e5466c0d65553b0cd
4afdac059beb89b344afaaa349edbfcfc0a257116bac8c09beb0e26a6456bfe4,1925.77,2023-01-27T11:00:00Z,1839d34f8cf6d8b1ec7bd294fb79d96853592dd12ad5b2cbe9001ab5525bf2e0,2023-01-27T11:00:00Z,1925.94,1919.91,2023-02-01T00:00:00Z,2023-01-27T09:00:00Z,1.7317962504331268,LONG,0.489362710258266,160.71916575548798,M5_LATEST_CONFIRMED_OPPOSING_SWING_ELSE_CONTROL,2023-01-27T11:00:00Z,CONFIRMED_25_75_RETEST_SPLIT,1925.94,True,55d0abaa78942efbbbebcb51d944d94c0a84148ba86ab659e00c31d111eea89b,0.44325341279076014,3.249825531465352,2023_01,3.2143833151097594,1.4825870646766326,TARGET,2023-01-27T15:32:00Z,SPLIT_TARGET_TARGET,ee14a780032c2891ccaaadee685a593c188ed8e9cc9f0b5efc7eba8f127a67dd,2023-01-27T15:32:00Z,FIRST_RETEST_FILLED,2023-01-27T11:15:00Z,2023-01-27T11:00:00Z,1925.77,True,True,INITIAL_CONFIRMATION_TARGET,bf75fa59f048c2a65561c0566323c47af3fd81cb266b13d33d4c621a02527d99,ad9b3316de313cab6d93d7c6c06d22b0a64b91cfc9bb47456c71c5157b690ae3,1922.9891428571427,1.2171428571428546,0.060857142857142735,,M5_LATEST_CONFIRMED_OPPOSING_SWING_ELSE_CONTROL,True,9ce006343d50126f177ec68ffebc6e22250ea0923ea3db83ada06a64025a7d90,2023-01-27T10:30:00Z,1923.05,1934.88,e83ab74d7e811e59c947ef261a4e066b9313ebd06dc4680e5466c0d65553b0cd
4afdac059beb89b344afaaa349edbfcfc0a257116bac8c09beb0e26a6456bfe4,1925.77,2023-01-27T11:00:00Z,1839d34f8cf6d8b1ec7bd294fb79d96853592dd12ad5b2cbe9001ab5525bf2e0,2023-01-27T11:00:00Z,1925.94,1919.91,2023-02-01T00:00:00Z,2023-01-27T09:00:00Z,1.6994262789780672,LONG,0.49411869225302096,159.10066718273498,M15_LATEST_CONFIRMED_OPPOSING_SWING_ELSE_CONTROL,2023-01-27T11:00:00Z,CONFIRMED_25_75_RETEST_SPLIT,1925.94,True,af87ac64983b2e62981f9243cb7e3e5a2a8a5b63a580badac7e2f6e4a517945c,0.43879695810824293,3.2170987147957812,2023_01,3.1820133436547,1.4825870646766326,TARGET,2023-01-27T15:32:00Z,SPLIT_TARGET_TARGET,f1aa8249b31611b46f347e1e99c21be2d0446cc231a30d925d32cb9a4f04ff1e,2023-01-27T15:32:00Z,FIRST_RETEST_FILLED,2023-01-27T11:15:00Z,2023-01-27T11:00:00Z,1925.77,True,True,INITIAL_CONFIRMATION_TARGET,15a23d3701d45910f2e7740238581d1225916c6d0820b6c88fc1702282947e79,ad9b3316de313cab6d93d7c6c06d22b0a64b91cfc9bb47456c71c5157b690ae3,1922.9604642857144,1.7907142857142975,0.08953571428571488,,M15_LATEST_CONFIRMED_OPPOSING_SWING_ELSE_CONTROL,True,72ce996235d23a36ef6e194b9cf1e1fc1016daada9b99e62fda2da017fb1a0e2,2023-01-27T11:00:00Z,1923.05,1934.88,e83ab74d7e811e59c947ef261a4e066b9313ebd06dc4680e5466c0d65553b0cd
4afdac059beb89b344afaaa349edbfcfc0a257116bac8c09beb0e26a6456bfe4,1925.77,2023-01-27T11:00:00Z,1839d34f8cf6d8b1ec7bd294fb79d96853592dd12ad5b2cbe9001ab5525bf2e0,2023-01-27T11:00:00Z,1925.94,1919.91,2023-02-01T00:00:00Z,2023-01-27T09:00:00Z,0.0540153328918791,LONG,1.0,76.83011987842559,CONTROL_V2_FILLED_STOP,2023-01-27T11:00:00Z,CONFIRMED_25_75_RETEST_SPLIT,1925.94,True,a4b5b0546be326ab1673685c9992be4a8889b382527fc4c26916933bc2c8e046,0.21207741157693974,1.5535469693625412,2023_01,1.5366023975685117,1.4825870646766326,TARGET,2023-01-27T15:32:00Z,SPLIT_TARGET_TARGET,43463aa009747f8c88e2a40b9a1b304fa887f7536bf364c2e48063d21ee4381c,2023-01-27T15:32:00Z,FIRST_RETEST_FILLED,2023-01-27T11:15:00Z,2023-01-27T11:00:00Z,1925.77,True,True,INITIAL_CONFIRMATION_TARGET,0434afb0ed923f8fc2c54a78a4f0fd57686784e01baaf67e6f94158731e2bc45,ad9b3316de313cab6d93d7c6c06d22b0a64b91cfc9bb47456c71c5157b690ae3,1919.91,4.600714285714275,0.2300357142857138,NOT_STRICTLY_CLOSER_THAN_CONTROL,H1_SOURCE_SWING_BUFFERED_ELSE_CONTROL,False,ad9b3316de313cab6d93d7c6c06d22b0a64b91cfc9bb47456c71c5157b690ae3,2023-01-27T09:00:00Z,1919.91,1934.88,e83ab74d7e811e59c947ef261a4e066b9313ebd06dc4680e5466c0d65553b0cd
e0897a2e336c6de284a776bcc92f88355984e1e5af1c520467c516a0357f3d00,1930.17,2023-01-27T20:20:00Z,2ddf7f1561978ef0824d7a92baa83c84acdfd65d7090f92d885a66d96fee49e4,2023-01-27T20:20:00Z,1930.29,1916.72,2023-02-01T00:00:00Z,2023-01-27T20:00:00Z,0.0,LONG,1.0,-50.0,CONTROL_V2_FILLED_STOP,2023-01-27T20:20:00Z,CONTROL_NEXT_M1_OPEN,1930.29,True,dda9176e383835b6f739dfaf28e59f53325172b735e015c509611386aa2ea1a2,1.0029476787030187,0.3131908621960221,2023_01,-1.0,-1.0,STOP,2023-01-31T08:01:00Z,STOP,1490b9400800d14089e22c007339b3f6771922ee12af48a7defbd2fe156a9d64,2023-01-31T08:01:00Z,FIRST_RETEST_FILLED,2023-01-27T20:35:00Z,2023-01-27T20:20:00Z,1930.17,True,False,INITIAL_CONFIRMATION_STOP,0532f1e72c6768a12a8d2b8886916349ccc5430a7a175eeff50db0211cc49251,f8b5d4dd3b04d245c8e65d608da7572473c72103b5f188eb698b5af090b9cb45,1916.72,,,,CONTROL_V2_FILLED_STOP,False,,2023-01-27T20:20:00Z,1916.72,1935.0,79f659f209d396bf37a37ffa26f78f1289e22d4ef738be0de86341ad9ef23349
e0897a2e336c6de284a776bcc92f88355984e1e5af1c520467c516a0357f3d00,1930.17,2023-01-27T20:20:00Z,2ddf7f1561978ef0824d7a92baa83c84acdfd65d7090f92d885a66d96fee49e4,2023-01-27T20:20:00Z,1930.29,1916.72,2023-02-01T00:00:00Z,2023-01-27T20:00:00Z,0.0,LONG,0.35153437203916,-50.0,M5_LATEST_CONFIRMED_OPPOSING_SWING_ELSE_CONTROL,2023-01-27T20:20:00Z,CONTROL_NEXT_M1_OPEN,1930.29,True,ae0610bcd574019fe50e97ade28f2cb0600c390b383fcab94bea80f1d137b625,1.01041409309046,0.3605627054181829,2023_01,-1.0,-1.0,STOP,2023-01-31T08:01:00Z,STOP,ce7fda269e0a06e221401d9c8669cf41aca1d408e12dc1749e32736cf01f7d09,2023-01-30T03:11:00Z,FIRST_RETEST_FILLED,2023-01-27T20:35:00Z,2023-01-27T20:20:00Z,1930.17,True,False,INITIAL_CONFIRMATION_STOP,cdb821d2a960cc8d55d53208c5638053d4ca0ab1356f6ba6f48543bf3228ea6c,f8b5d4dd3b04d245c8e65d608da7572473c72103b5f188eb698b5af090b9cb45,1925.5196785714286,1.4064285714285916,0.07032142857142958,,M5_LATEST_CONFIRMED_OPPOSING_SWING_ELSE_CONTROL,True,01d207976f74079fc0b70f64706e85709101b30f3b5228623026cde8ff6706eb,2023-01-27T19:40:00Z,1925.59,1935.0,79f659f209d396bf37a37ffa26f78f1289e22d4ef738be0de86341ad9ef23349
e0897a2e336c6de284a776bcc92f88355984e1e5af1c520467c516a0357f3d00,1930.17,2023-01-27T20:20:00Z,2ddf7f1561978ef0824d7a92baa83c84acdfd65d7090f92d885a66d96fee49e4,2023-01-27T20:20:00Z,1930.29,1916.72,2023-02-01T00:00:00Z,2023-01-27T20:00:00Z,0.0,LONG,0.3603221391725567,-50.0,M15_LATEST_CONFIRMED_OPPOSING_SWING_ELSE_CONTROL,2023-01-27T20:20:00Z,CONTROL_NEXT_M1_OPEN,1930.29,True,25577a349ae18cbd493f2bf8f96bf98cb58c56fb248d770821b38d177dc31954,1.0021328191193515,0.35176907120109385,2023_01,-1.0,-1.0,STOP,2023-01-31T08:01:00Z,STOP,cda2cc7d79c19b7e271621eebe50418489776458d8f75f9250cabada518ecef6,2023-01-30T03:12:00Z,FIRST_RETEST_FILLED,2023-01-27T20:35:00Z,2023-01-27T20:20:00Z,1930.17,True,False,INITIAL_CONFIRMATION_STOP,2d28e36f8388485733739498cc43369863766e512d028313a5d0c16bbbe16b6b,f8b5d4dd3b04d245c8e65d608da7572473c72103b5f188eb698b5af090b9cb45,1925.4004285714284,3.79142857142855,0.1895714285714275,,M15_LATEST_CONFIRMED_OPPOSING_SWING_ELSE_CONTROL,True,8a4145a20968f54b3ee517f35c41d9aff22517780dc11605d0a6cc6a07ec3c7b,2023-01-27T20:00:00Z,1925.59,1935.0,79f659f209d396bf37a37ffa26f78f1289e22d4ef738be0de86341ad9ef23349
e0897a2e336c6de284a776bcc92f88355984e1e5af1c520467c516a0357f3d00,1930.17,2023-01-27T20:20:00Z,2ddf7f1561978ef0824d7a92baa83c84acdfd65d7090f92d885a66d96fee49e4,2023-01-27T20:20:00Z,1930.29,1916.72,2023-02-01T00:00:00Z,2023-01-27T20:00:00Z,0.0,LONG,1.0,-50.0,CONTROL_V2_FILLED_STOP,2023-01-27T20:20:00Z,CONTROL_NEXT_M1_OPEN,1930.29,True,c6a748758cc2021a0a84fcd2ad21dbeb88b64c68513df2a507a4b144ba47e7a8,1.0029476787030187,0.3131908621960221,2023_01,-1.0,-1.0,STOP,2023-01-31T08:01:00Z,STOP,0b77d1e33f98a5576bbe458b7ce4c78b635283cb7d4f56538da431ddd9fada66,2023-01-31T08:01:00Z,FIRST_RETEST_FILLED,2023-01-27T20:35:00Z,2023-01-27T20:20:00Z,1930.17,True,False,INITIAL_CONFIRMATION_STOP,37759dafc9d2f90b67f5306587877bf9a11cebad657c6abade3c6c3f4c9b01f0,f8b5d4dd3b04d245c8e65d608da7572473c72103b5f188eb698b5af090b9cb45,1916.72,5.47499999999999,0.2737499999999995,NOT_STRICTLY_CLOSER_THAN_CONTROL,H1_SOURCE_SWING_BUFFERED_ELSE_CONTROL,False,f8b5d4dd3b04d245c8e65d608da7572473c72103b5f188eb698b5af090b9cb45,2023-01-27T20:00:00Z,1916.72,1935.0,79f659f209d396bf37a37ffa26f78f1289e22d4ef738be0de86341ad9ef23349
e0897a2e336c6de284a776bcc92f88355984e1e5af1c520467c516a0357f3d00,1930.17,2023-01-27T20:20:00Z,2ddf7f1561978ef0824d7a92baa83c84acdfd65d7090f92d885a66d96fee49e4,2023-01-27T20:20:00Z,1930.29,1916.72,2023-02-01T00:00:00Z,2023-01-27T20:00:00Z,0.0,LONG,1.0,-50.0,CONTROL_V2_FILLED_STOP,2023-01-27T20:20:00Z,M5_BROKEN_CONTROL_FIRST_RETEST,1930.17,True,dda9176e383835b6f739dfaf28e59f53325172b735e015c509611386aa2ea1a2,1.0029739776951645,0.3249070631970168,2023_01,-1.0,-1.0,STOP,2023-01-31T08:01:00Z,STOP,c33771575e4abfaddb5a72f2688747e66e481ab3b57daac4b96a1711b34367c8,2023-01-31T08:01:00Z,FIRST_RETEST_FILLED,2023-01-27T20:35:00Z,2023-01-27T20:20:00Z,1930.17,True,True,INITIAL_CONFIRMATION_STOP,a30cdff8137df66ff28a5e97c3aa78eeb1ce157772161358f95431a01e52d869,f8b5d4dd3b04d245c8e65d608da7572473c72103b5f188eb698b5af090b9cb45,1916.72,,,,CONTROL_V2_FILLED_STOP,False,,2023-01-27T20:20:00Z,1916.72,1935.0,79f659f209d396bf37a37ffa26f78f1289e22d4ef738be0de86341ad9ef23349
e0897a2e336c6de284a776bcc92f88355984e1e5af1c520467c516a0357f3d00,1930.17,2023-01-27T20:20:00Z,2ddf7f1561978ef0824d7a92baa83c84acdfd65d7090f92d885a66d96fee49e4,2023-01-27T20:20:00Z,1930.29,1916.72,2023-02-01T00:00:00Z,2023-01-27T20:00:00Z,0.0,LONG,0.35153437203916,-50.0,M5_LATEST_CONFIRMED_OPPOSING_SWING_ELSE_CONTROL,2023-01-27T20:20:00Z,M5_BROKEN_CONTROL_FIRST_RETEST,1930.17,True,ae0610bcd574019fe50e97ade28f2cb0600c390b383fcab94bea80f1d137b625,1.0106828253039315,0.39567157416151766,2023_01,-1.0,-1.0,STOP,2023-01-31T08:01:00Z,STOP,30d120a6ac73826a2c30dc875ae1b7a592b6ea488c86c78be41936943adcc6ea,2023-01-30T03:11:00Z,FIRST_RETEST_FILLED,2023-01-27T20:35:00Z,2023-01-27T20:20:00Z,1930.17,True,True,INITIAL_CONFIRMATION_STOP,7961a577db067b901b3c465e579dfad6fa11ae32123bb8ceaf199494c93b0420,f8b5d4dd3b04d245c8e65d608da7572473c72103b5f188eb698b5af090b9cb45,1925.5196785714286,1.4064285714285916,0.07032142857142958,,M5_LATEST_CONFIRMED_OPPOSING_SWING_ELSE_CONTROL,True,01d207976f74079fc0b70f64706e85709101b30f3b5228623026cde8ff6706eb,2023-01-27T19:40:00Z,1925.59,1935.0,79f659f209d396bf37a37ffa26f78f1289e22d4ef738be0de86341ad9ef23349
e0897a2e336c6de284a776bcc92f88355984e1e5af1c520467c516a0357f3d00,1930.17,2023-01-27T20:20:00Z,2ddf7f1561978ef0824d7a92baa83c84acdfd65d7090f92d885a66d96fee49e4,2023-01-27T20:20:00Z,1930.29,1916.72,2023-02-01T00:00:00Z,2023-01-27T20:00:00Z,0.0,LONG,0.3603221391725567,-50.0,M15_LATEST_CONFIRMED_OPPOSING_SWING_ELSE_CONTROL,2023-01-27T20:20:00Z,M5_BROKEN_CONTROL_FIRST_RETEST,1930.17,True,25577a349ae18cbd493f2bf8f96bf98cb58c56fb248d770821b38d177dc31954,1.0021864797675155,0.38577889597743875,2023_01,-1.0,-1.0,STOP,2023-01-31T08:01:00Z,STOP,58595c39305caa87904aac4112706f35863b9c58a30f4552b733c53d89740f56,2023-01-30T03:12:00Z,FIRST_RETEST_FILLED,2023-01-27T20:35:00Z,2023-01-27T20:20:00Z,1930.17,True,True,INITIAL_CONFIRMATION_STOP,a343a2386b3a051dc42a27dd909a5954d0455adc43fbcc53059de4d03172d55d,f8b5d4dd3b04d245c8e65d608da7572473c72103b5f188eb698b5af090b9cb45,1925.4004285714284,3.79142857142855,0.1895714285714275,,M15_LATEST_CONFIRMED_OPPOSING_SWING_ELSE_CONTROL,True,8a4145a20968f54b3ee517f35c41d9aff22517780dc11605d0a6cc6a07ec3c7b,2023-01-27T20:00:00Z,1925.59,1935.0,79f659f209d396bf37a37ffa26f78f1289e22d4ef738be0de86341ad9ef23349
e0897a2e336c6de284a776bcc92f88355984e1e5af1c520467c516a0357f3d00,1930.17,2023-01-27T20:20:00Z,2ddf7f1561978ef0824d7a92baa83c84acdfd65d7090f92d885a66d96fee49e4,2023-01-27T20:20:00Z,1930.29,1916.72,2023-02-01T00:00:00Z,2023-01-27T20:00:00Z,0.0,LONG,1.0,-50.0,CONTROL_V2_FILLED_STOP,2023-01-27T20:20:00Z,M5_BROKEN_CONTROL_FIRST_RETEST,1930.17,True,c6a748758cc2021a0a84fcd2ad21dbeb88b64c68513df2a507a4b144ba47e7a8,1.0029739776951645,0.3249070631970168,2023_01,-1.0,-1.0,STOP,2023-01-31T08:01:00Z,STOP,52d5d78ca41d12d52c9bbbc2ffb89c19743bb8755c1132f42477e97e44670977,2023-01-31T08:01:00Z,FIRST_RETEST_FILLED,2023-01-27T20:35:00Z,2023-01-27T20:20:00Z,1930.17,True,True,INITIAL_CONFIRMATION_STOP,54e97460d98e2b64155e2cb1867ac4fef9d0711fbe9aa75aca5c578bd9eb04d3,f8b5d4dd3b04d245c8e65d608da7572473c72103b5f188eb698b5af090b9cb45,1916.72,5.47499999999999,0.2737499999999995,NOT_STRICTLY_CLOSER_THAN_CONTROL,H1_SOURCE_SWING_BUFFERED_ELSE_CONTROL,False,f8b5d4dd3b04d245c8e65d608da7572473c72103b5f188eb698b5af090b9cb45,2023-01-27T20:00:00Z,1916.72,1935.0,79f659f209d396bf37a37ffa26f78f1289e22d4ef738be0de86341ad9ef23349
e0897a2e336c6de284a776bcc92f88355984e1e5af1c520467c516a0357f3d00,1930.17,2023-01-27T20:20:00Z,2ddf7f1561978ef0824d7a92baa83c84acdfd65d7090f92d885a66d96fee49e4,2023-01-27T20:20:00Z,1930.29,1916.72,2023-02-01T00:00:00Z,2023-01-27T20:00:00Z,0.0,LONG,1.0,-50.0,CONTROL_V2_FILLED_STOP,2023-01-27T20:20:00Z,CONFIRMED_25_75_RETEST_SPLIT,1930.29,True,dda9176e383835b6f739dfaf28e59f53325172b735e015c509611386aa2ea1a2,1.002967402947128,0.3219780129467681,2023_01,-1.0,-1.0,STOP,2023-01-31T08:01:00Z,SPLIT_STOP_STOP,f9d80aa424204c45f3217960a4763dc8ca9489056e65550b6409545c613474e2,2023-01-31T08:01:00Z,FIRST_RETEST_FILLED,2023-01-27T20:35:00Z,2023-01-27T20:20:00Z,1930.17,True,True,INITIAL_CONFIRMATION_STOP,c8f1725591899e04ae4e5c70cb21d6f95b01f7e28eef7b157d4aa891241284b4,f8b5d4dd3b04d245c8e65d608da7572473c72103b5f188eb698b5af090b9cb45,1916.72,,,,CONTROL_V2_FILLED_STOP,False,,2023-01-27T20:20:00Z,1916.72,1935.0,79f659f209d396bf37a37ffa26f78f1289e22d4ef738be0de86341ad9ef23349
e0897a2e336c6de284a776bcc92f88355984e1e5af1c520467c516a0357f3d00,1930.17,2023-01-27T20:20:00Z,2ddf7f1561978ef0824d7a92baa83c84acdfd65d7090f92d885a66d96fee49e4,2023-01-27T20:20:00Z,1930.29,1916.72,2023-02-01T00:00:00Z,2023-01-27T20:00:00Z,0.0,LONG,0.35153437203916,-50.0,M5_LATEST_CONFIRMED_OPPOSING_SWING_ELSE_CONTROL,2023-01-27T20:20:00Z,CONFIRMED_25_75_RETEST_SPLIT,1930.29,True,ae0610bcd574019fe50e97ade28f2cb0600c390b383fcab94bea80f1d137b625,1.0106156422505637,0.386894356975684,2023_01,-1.0,-1.0,STOP,2023-01-31T08:01:00Z,SPLIT_STOP_STOP,057b9009f35d530392bc9b0776cdef2de7ec3c543fef2b4445959f8d31f59f9d,2023-01-30T03:11:00Z,FIRST_RETEST_FILLED,2023-01-27T20:35:00Z,2023-01-27T20:20:00Z,1930.17,True,True,INITIAL_CONFIRMATION_STOP,0efb46047f4392e5b38782b366904b26d57d4ef86754bb3c144b206e6eea6ce0,f8b5d4dd3b04d245c8e65d608da7572473c72103b5f188eb698b5af090b9cb45,1925.5196785714286,1.4064285714285916,0.07032142857142958,,M5_LATEST_CONFIRMED_OPPOSING_SWING_ELSE_CONTROL,True,01d207976f74079fc0b70f64706e85709101b30f3b5228623026cde8ff6706eb,2023-01-27T19:40:00Z,1925.59,1935.0,79f659f209d396bf37a37ffa26f78f1289e22d4ef738be0de86341ad9ef23349
e0897a2e336c6de284a776bcc92f88355984e1e5af1c520467c516a0357f3d00,1930.17,2023-01-27T20:20:00Z,2ddf7f1561978ef0824d7a92baa83c84acdfd65d7090f92d885a66d96fee49e4,2023-01-27T20:20:00Z,1930.29,1916.72,2023-02-01T00:00:00Z,2023-01-27T20:00:00Z,0.0,LONG,0.3603221391725567,-50.0,M15_LATEST_CONFIRMED_OPPOSING_SWING_ELSE_CONTROL,2023-01-27T20:20:00Z,CONFIRMED_25_75_RETEST_SPLIT,1930.29,True,25577a349ae18cbd493f2bf8f96bf98cb58c56fb248d770821b38d177dc31954,1.0021730646054745,0.37727643978335257,2023_01,-1.0,-1.0,STOP,2023-01-31T08:01:00Z,SPLIT_STOP_STOP,e83d346c387a045d83d4e03212eae2bc050099e97d274b892e834dc4068d5b61,2023-01-30T03:12:00Z,FIRST_RETEST_FILLED,2023-01-27T20:35:00Z,2023-01-27T20:20:00Z,1930.17,True,True,INITIAL_CONFIRMATION_STOP,8cf451bdccb5173414dbc591311069a1e8362814eece16431eaf70e1759e9a6c,f8b5d4dd3b04d245c8e65d608da7572473c72103b5f188eb698b5af090b9cb45,1925.4004285714284,3.79142857142855,0.1895714285714275,,M15_LATEST_CONFIRMED_OPPOSING_SWING_ELSE_CONTROL,True,8a4145a20968f54b3ee517f35c41d9aff22517780dc11605d0a6cc6a07ec3c7b,2023-01-27T20:00:00Z,1925.59,1935.0,79f659f209d396bf37a37ffa26f78f1289e22d4ef738be0de86341ad9ef23349
e0897a2e336c6de284a776bcc92f88355984e1e5af1c520467c516a0357f3d00,1930.17,2023-01-27T20:20:00Z,2ddf7f1561978ef0824d7a92baa83c84acdfd65d7090f92d885a66d96fee49e4,2023-01-27T20:20:00Z,1930.29,1916.72,2023-02-01T00:00:00Z,2023-01-27T20:00:00Z,0.0,LONG,1.0,-50.0,CONTROL_V2_FILLED_STOP,2023-01-27T20:20:00Z,CONFIRMED_25_75_RETEST_SPLIT,1930.29,True,c6a748758cc2021a0a84fcd2ad21dbeb88b64c68513df2a507a4b144ba47e7a8,1.002967402947128,0.3219780129467681,2023_01,-1.0,-1.0,STOP,2023-01-31T08:01:00Z,SPLIT_STOP_STOP,473ee7e19d150e487ee841b21c1ab1e74ead05896f5a5a37d3da4650f4d98867,2023-01-31T08:01:00Z,FIRST_RETEST_FILLED,2023-01-27T20:35:00Z,2023-01-27T20:20:00Z,1930.17,True,True,INITIAL_CONFIRMATION_STOP,5ef0007d619c4fc6c77f7290245e399c90acbbf8767b9aeabf1d58384759d362,f8b5d4dd3b04d245c8e65d608da7572473c72103b5f188eb698b5af090b9cb45,1916.72,5.47499999999999,0.2737499999999995,NOT_STRICTLY_CLOSER_THAN_CONTROL,H1_SOURCE_SWING_BUFFERED_ELSE_CONTROL,False,f8b5d4dd3b04d245c8e65d608da7572473c72103b5f188eb698b5af090b9cb45,2023-01-27T20:00:00Z,1916.72,1935.0,79f659f209d396bf37a37ffa26f78f1289e22d4ef738be0de86341ad9ef23349
a8a0386a4773f20ef66258efffb8c8051e886b1852b6a62dc69f3bcc62da62be,1929.0,2023-01-27T22:30:00Z,2c5cf5e1d518d6e010225685163de8ff8fb2c647d8e08a7875e09df85bd7f368,2023-01-27T22:30:00Z,1928.97,1932.22,2023-02-01T00:00:00Z,2023-01-27T21:00:00Z,0.0,SHORT,1.0,-50.0,CONTROL_V2_FILLED_STOP,2023-01-27T22:30:00Z,CONTROL_NEXT_M1_OPEN,1928.97,True,64a75b0c0ff035fe7f42fc37593961760f8f9917bf0718239580530129baedd4,1.2338461538461512,1.4123076923076672,2023_01,-1.0,-1.0,STOP,2023-01-30T06:32:00Z,STOP,9ec71a39bfdb64d3d45adaac13b06f997145a04d2da9e32db2607382f3f45019,2023-01-30T06:32:00Z,FIRST_RETEST_FILLED,2023-01-27T22:45:00Z,2023-01-27T22:30:00Z,1929.0,True,False,INITIAL_CONFIRMATION_STOP,67ecae2b973aff238c48a521bcca9b0d6cc9e060735f01367cad289d358807b0,77eba9d0e4cab187608949901b0e8b79804601e5ddafde27cff7d6cd6f6536c3,1932.22,,,,CONTROL_V2_FILLED_STOP,False,,2023-01-27T22:30:00Z,1932.22,1916.72,b3de5d8fc4489e3af6312d58283bf48197689e7c3f21b679714c14f9e1544f9c
a8a0386a4773f20ef66258efffb8c8051e886b1852b6a62dc69f3bcc62da62be,1929.0,2023-01-27T22:30:00Z,2c5cf5e1d518d6e010225685163de8ff8fb2c647d8e08a7875e09df85bd7f368,2023-01-27T22:30:00Z,1928.97,1932.22,2023-02-01T00:00:00Z,2023-01-27T21:00:00Z,0.0,SHORT,0.9463186813186789,-50.0,M5_LATEST_CONFIRMED_OPPOSING_SWING_ELSE_CONTROL,2023-01-27T22:30:00Z,CONTROL_NEXT_M1_OPEN,1928.97,True,800a829d353610fa52c8117fc2eee46c5249f1d4733f76130d3a805cfad618af,1.303837891192011,1.49242292283572,2023_01,-1.0,-1.0,STOP,2023-01-30T06:32:00Z,STOP,b5e00f1cb8f9f0fd12fc36fd6e0dbf232311646bce4e22b1153bccf06fe39aa2,2023-01-30T06:32:00Z,FIRST_RETEST_FILLED,2023-01-27T22:45:00Z,2023-01-27T22:30:00Z,1929.0,True,False,INITIAL_CONFIRMATION_STOP,9133ecdac08a2072147ae8a77e6d7c267389132e5720cf3fb268217b267d67c4,77eba9d0e4cab187608949901b0e8b79804601e5ddafde27cff7d6cd6f6536c3,1932.0455357142857,0.7107142857142564,0.035535714285712824,,M5_LATEST_CONFIRMED_OPPOSING_SWING_ELSE_CONTROL,True,33bd00e41fabdc4ee05bfcdb18d2f6a3a315ec2ca79f3973df02f5cafab14234,2023-01-27T21:40:00Z,1932.01,1916.72,b3de5d8fc4489e3af6312d58283bf48197689e7c3f21b679714c14f9e1544f9c
a8a0386a4773f20ef66258efffb8c8051e886b1852b6a62dc69f3bcc62da62be,1929.0,2023-01-27T22:30:00Z,2c5cf5e1d518d6e010225685163de8ff8fb2c647d8e08a7875e09df85bd7f368,2023-01-27T22:30:00Z,1928.97,1932.22,2023-02-01T00:00:00Z,2023-01-27T21:00:00Z,0.0,SHORT,0.9636263736263293,-50.0,M15_LATEST_CONFIRMED_OPPOSING_SWING_ELSE_CONTROL,2023-01-27T22:30:00Z,CONTROL_NEXT_M1_OPEN,1928.97,True,dee0ffde6b30df2c4107689db9045325f2a9f439e62b2e86cc92a2cf905765b2,1.2804196601665516,1.465617516250469,2023_01,-1.0,-1.0,STOP,2023-01-30T06:32:00Z,STOP,8a172d954950086458fc081c43af3d25843bb2625332b14f4e7319aa76196bda,2023-01-30T06:32:00Z,FIRST_RETEST_FILLED,2023-01-27T22:45:00Z,2023-01-27T22:30:00Z,1929.0,True,False,INITIAL_CONFIRMATION_STOP,235c529fc8f0784c88d66c15e30afa0030e837d5d0f2de27f8815c0109c3b582,77eba9d0e4cab187608949901b0e8b79804601e5ddafde27cff7d6cd6f6536c3,1932.1017857142856,1.8357142857142565,0.09178571428571283,,M15_LATEST_CONFIRMED_OPPOSING_SWING_ELSE_CONTROL,True,48cf1fabc59c21f7a6231418cbd3e00fee00ab88df2ef5fbc02a27330ba0ff6c,2023-01-27T22:00:00Z,1932.01,1916.72,b3de5d8fc4489e3af6312d58283bf48197689e7c3f21b679714c14f9e1544f9c
a8a0386a4773f20ef66258efffb8c8051e886b1852b6a62dc69f3bcc62da62be,1929.0,2023-01-27T22:30:00Z,2c5cf5e1d518d6e010225685163de8ff8fb2c647d8e08a7875e09df85bd7f368,2023-01-27T22:30:00Z,1928.97,1932.22,2023-02-01T00:00:00Z,2023-01-27T21:00:00Z,0.0,SHORT,1.0,-50.0,CONTROL_V2_FILLED_STOP,2023-01-27T22:30:00Z,CONTROL_NEXT_M1_OPEN,1928.97,True,4a6ccf4b5cf405c9328f8fcc1b2552c7e54ce3f6d5d6610be2e9eab17f45a939,1.2338461538461512,1.4123076923076672,2023_01,-1.0,-1.0,STOP,2023-01-30T06:32:00Z,STOP,88f4dd0c22f245286ac4aea77c9783cb2d6bbebade4315fdc32eec0d8c0dd6ee,2023-01-30T06:32:00Z,FIRST_RETEST_FILLED,2023-01-27T22:45:00Z,2023-01-27T22:30:00Z,1929.0,True,False,INITIAL_CONFIRMATION_STOP,e90905577128f590d19ffad03c26532057b3f1104908b4236c64a118bf57ed44,77eba9d0e4cab187608949901b0e8b79804601e5ddafde27cff7d6cd6f6536c3,1932.22,5.182142857142854,0.2591071428571427,NOT_STRICTLY_CLOSER_THAN_CONTROL,H1_SOURCE_SWING_BUFFERED_ELSE_CONTROL,False,77eba9d0e4cab187608949901b0e8b79804601e5ddafde27cff7d6cd6f6536c3,2023-01-27T21:00:00Z,1932.22,1916.72,b3de5d8fc4489e3af6312d58283bf48197689e7c3f21b679714c14f9e1544f9c
a8a0386a4773f20ef66258efffb8c8051e886b1852b6a62dc69f3bcc62da62be,1929.0,2023-01-27T22:30:00Z,2c5cf5e1d518d6e010225685163de8ff8fb2c647d8e08a7875e09df85bd7f368,2023-01-27T22:30:00Z,1928.97,1932.22,2023-02-01T00:00:00Z,2023-01-27T21:00:00Z,0.0,SHORT,1.0,-50.0,CONTROL_V2_FILLED_STOP,2023-01-27T22:30:00Z,M5_BROKEN_CONTROL_FIRST_RETEST,1929.0,True,64a75b0c0ff035fe7f42fc37593961760f8f9917bf0718239580530129baedd4,1.236024844720492,1.4347826086956061,2023_01,-1.0,-1.0,STOP,2023-01-30T06:32:00Z,STOP,8f616609976294ab7beeaff75cd8ee8da972dad378f63e5a5cdd085d070e073b,2023-01-30T06:32:00Z,FIRST_RETEST_FILLED,2023-01-27T22:45:00Z,2023-01-27T22:30:00Z,1929.0,True,True,INITIAL_CONFIRMATION_STOP,d09aa08e5ff185a47eb648980dabd94c846248eed7fbd0b35a8860d7dec70b71,77eba9d0e4cab187608949901b0e8b79804601e5ddafde27cff7d6cd6f6536c3,1932.22,,,,CONTROL_V2_FILLED_STOP,False,,2023-01-27T22:30:00Z,1932.22,1916.72,b3de5d8fc4489e3af6312d58283bf48197689e7c3f21b679714c14f9e1544f9c
a8a0386a4773f20ef66258efffb8c8051e886b1852b6a62dc69f3bcc62da62be,1929.0,2023-01-27T22:30:00Z,2c5cf5e1d518d6e010225685163de8ff8fb2c647d8e08a7875e09df85bd7f368,2023-01-27T22:30:00Z,1928.97,1932.22,2023-02-01T00:00:00Z,2023-01-27T21:00:00Z,0.0,SHORT,0.9463186813186789,-50.0,M5_LATEST_CONFIRMED_OPPOSING_SWING_ELSE_CONTROL,2023-01-27T22:30:00Z,M5_BROKEN_CONTROL_FIRST_RETEST,1929.0,True,800a829d353610fa52c8117fc2eee46c5249f1d4733f76130d3a805cfad618af,1.3068308413954828,1.5169744942831558,2023_01,-1.0,-1.0,STOP,2023-01-30T06:32:00Z,STOP,be584a4b4d0dfad01755efc0c718e9dff7e54271af0cd020cc2689d73b1d27e5,2023-01-30T06:32:00Z,FIRST_RETEST_FILLED,2023-01-27T22:45:00Z,2023-01-27T22:30:00Z,1929.0,True,True,INITIAL_CONFIRMATION_STOP,ab423b538b8e7bd56152440b59d9bed2d4d7968c3b748db1dbcddaadcb2f47bb,77eba9d0e4cab187608949901b0e8b79804601e5ddafde27cff7d6cd6f6536c3,1932.0455357142857,0.7107142857142564,0.035535714285712824,,M5_LATEST_CONFIRMED_OPPOSING_SWING_ELSE_CONTROL,True,33bd00e41fabdc4ee05bfcdb18d2f6a3a315ec2ca79f3973df02f5cafab14234,2023-01-27T21:40:00Z,1932.01,1916.72,b3de5d8fc4489e3af6312d58283bf48197689e7c3f21b679714c14f9e1544f9c
a8a0386a4773f20ef66258efffb8c8051e886b1852b6a62dc69f3bcc62da62be,1929.0,2023-01-27T22:30:00Z,2c5cf5e1d518d6e010225685163de8ff8fb2c647d8e08a7875e09df85bd7f368,2023-01-27T22:30:00Z,1928.97,1932.22,2023-02-01T00:00:00Z,2023-01-27T21:00:00Z,0.0,SHORT,0.9636263736263293,-50.0,M15_LATEST_CONFIRMED_OPPOSING_SWING_ELSE_CONTROL,2023-01-27T22:30:00Z,M5_BROKEN_CONTROL_FIRST_RETEST,1929.0,True,dee0ffde6b30df2c4107689db9045325f2a9f439e62b2e86cc92a2cf905765b2,1.2831318364997664,1.4894645941278275,2023_01,-1.0,-1.0,STOP,2023-01-30T06:32:00Z,STOP,a545e3ede6218997af7e10c527f23811cbade9f9e726dde30809a665e67c1715,2023-01-30T06:32:00Z,FIRST_RETEST_FILLED,2023-01-27T22:45:00Z,2023-01-27T22:30:00Z,1929.0,True,True,INITIAL_CONFIRMATION_STOP,cd36b455714c9038894ac2f6aa69d192889e5482470b7c5dab1ee1c0f6b02954,77eba9d0e4cab187608949901b0e8b79804601e5ddafde27cff7d6cd6f6536c3,1932.1017857142856,1.8357142857142565,0.09178571428571283,,M15_LATEST_CONFIRMED_OPPOSING_SWING_ELSE_CONTROL,True,48cf1fabc59c21f7a6231418cbd3e00fee00ab88df2ef5fbc02a27330ba0ff6c,2023-01-27T22:00:00Z,1932.01,1916.72,b3de5d8fc4489e3af6312d58283bf48197689e7c3f21b679714c14f9e1544f9c
a8a0386a4773f20ef66258efffb8c8051e886b1852b6a62dc69f3bcc62da62be,1929.0,2023-01-27T22:30:00Z,2c5cf5e1d518d6e010225685163de8ff8fb2c647d8e08a7875e09df85bd7f368,2023-01-27T22:30:00Z,1928.97,1932.22,2023-02-01T00:00:00Z,2023-01-27T21:00:00Z,0.0,SHORT,1.0,-50.0,CONTROL_V2_FILLED_STOP,2023-01-27T22:30:00Z,M5_BROKEN_CONTROL_FIRST_RETEST,1929.0,True,4a6ccf4b5cf405c9328f8fcc1b2552c7e54ce3f6d5d6610be2e9eab17f45a939,1.236024844720492,1.4347826086956061,2023_01,-1.0,-1.0,STOP,2023-01-30T06:32:00Z,STOP,9489be6e979b07f0ef8086a12c5e37b7ae2be6d308aedeb96132ff27c729809d,2023-01-30T06:32:00Z,FIRST_RETEST_FILLED,2023-01-27T22:45:00Z,2023-01-27T22:30:00Z,1929.0,True,True,INITIAL_CONFIRMATION_STOP,5a47aa3637a263c0444b5a5b41d88b086c3db817dbb7565cda91635524f74d5f,77eba9d0e4cab187608949901b0e8b79804601e5ddafde27cff7d6cd6f6536c3,1932.22,5.182142857142854,0.2591071428571427,NOT_STRICTLY_CLOSER_THAN_CONTROL,H1_SOURCE_SWING_BUFFERED_ELSE_CONTROL,False,77eba9d0e4cab187608949901b0e8b79804601e5ddafde27cff7d6cd6f6536c3,2023-01-27T21:00:00Z,1932.22,1916.72,b3de5d8fc4489e3af6312d58283bf48197689e7c3f21b679714c14f9e1544f9c
a8a0386a4773f20ef66258efffb8c8051e886b1852b6a62dc69f3bcc62da62be,1929.0,2023-01-27T22:30:00Z,2c5cf5e1d518d6e010225685163de8ff8fb2c647d8e08a7875e09df85bd7f368,2023-01-27T22:30:00Z,1928.97,1932.22,2023-02-01T00:00:00Z,2023-01-27T21:00:00Z,0.0,SHORT,1.0,-50.0,CONTROL_V2_FILLED_STOP,2023-01-27T22:30:00Z,CONFIRMED_25_75_RETEST_SPLIT,1928.97,True,64a75b0c0ff035fe7f42fc37593961760f8f9917bf0718239580530129baedd4,1.2354801720019069,1.4291638795986215,2023_01,-1.0,-1.0,STOP,2023-01-30T06:32:00Z,SPLIT_STOP_STOP,cfb737a430a1b15abac5ab48a8f0a68b094a251f4adede37498034f02b04e023,2023-01-30T06:32:00Z,FIRST_RETEST_FILLED,2023-01-27T22:45:00Z,2023-01-27T22:30:00Z,1929.0,True,True,INITIAL_CONFIRMATION_STOP,9e2d43347ce1a377b3829775b76ec1b1c15633c4001d0464fb15b94385972f0b,77eba9d0e4cab187608949901b0e8b79804601e5ddafde27cff7d6cd6f6536c3,1932.22,,,,CONTROL_V2_FILLED_STOP,False,,2023-01-27T22:30:00Z,1932.22,1916.72,b3de5d8fc4489e3af6312d58283bf48197689e7c3f21b679714c14f9e1544f9c
a8a0386a4773f20ef66258efffb8c8051e886b1852b6a62dc69f3bcc62da62be,1929.0,2023-01-27T22:30:00Z,2c5cf5e1d518d6e010225685163de8ff8fb2c647d8e08a7875e09df85bd7f368,2023-01-27T22:30:00Z,1928.97,1932.22,2023-02-01T00:00:00Z,2023-01-27T21:00:00Z,0.0,SHORT,0.9463186813186789,-50.0,M5_LATEST_CONFIRMED_OPPOSING_SWING_ELSE_CONTROL,2023-01-27T22:30:00Z,CONFIRMED_25_75_RETEST_SPLIT,1928.97,True,800a829d353610fa52c8117fc2eee46c5249f1d4733f76130d3a805cfad618af,1.3060826038446147,1.5108366014212968,2023_01,-1.0,-1.0,STOP,2023-01-30T06:32:00Z,SPLIT_STOP_STOP,c39f65aafd7741d05d165d8ff7277f88d91a1875b85bf2c054907d002522d044,2023-01-30T06:32:00Z,FIRST_RETEST_FILLED,2023-01-27T22:45:00Z,2023-01-27T22:30:00Z,1929.0,True,True,INITIAL_CONFIRMATION_STOP,6e1a386f27c65a609a992aceec62ca5a1268698db031cce4d3f100f4869fc48a,77eba9d0e4cab187608949901b0e8b79804601e5ddafde27cff7d6cd6f6536c3,1932.0455357142857,0.7107142857142564,0.035535714285712824,,M5_LATEST_CONFIRMED_OPPOSING_SWING_ELSE_CONTROL,True,33bd00e41fabdc4ee05bfcdb18d2f6a3a315ec2ca79f3973df02f5cafab14234,2023-01-27T21:40:00Z,1932.01,1916.72,b3de5d8fc4489e3af6312d58283bf48197689e7c3f21b679714c14f9e1544f9c
a8a0386a4773f20ef66258efffb8c8051e886b1852b6a62dc69f3bcc62da62be,1929.0,2023-01-27T22:30:00Z,2c5cf5e1d518d6e010225685163de8ff8fb2c647d8e08a7875e09df85bd7f368,2023-01-27T22:30:00Z,1928.97,1932.22,2023-02-01T00:00:00Z,2023-01-27T21:00:00Z,0.0,SHORT,0.9636263736263293,-50.0,M15_LATEST_CONFIRMED_OPPOSING_SWING_ELSE_CONTROL,2023-01-27T22:30:00Z,CONFIRMED_25_75_RETEST_SPLIT,1928.97,True,dee0ffde6b30df2c4107689db9045325f2a9f439e62b2e86cc92a2cf905765b2,1.2824537924164627,1.4835028246584878,2023_01,-1.0,-1.0,STOP,2023-01-30T06:32:00Z,SPLIT_STOP_STOP,46c9d8beca26860cc10a230a7928fc944c606eb72ce2bb2f4133d1c418ff1489,2023-01-30T06:32:00Z,FIRST_RETEST_FILLED,2023-01-27T22:45:00Z,2023-01-27T22:30:00Z,1929.0,True,True,INITIAL_CONFIRMATION_STOP,ddfe124897d0418fbf25b7881c7dc871274d03feea1a828ccc78b90a430e1abf,77eba9d0e4cab187608949901b0e8b79804601e5ddafde27cff7d6cd6f6536c3,1932.1017857142856,1.8357142857142565,0.09178571428571283,,M15_LATEST_CONFIRMED_OPPOSING_SWING_ELSE_CONTROL,True,48cf1fabc59c21f7a6231418cbd3e00fee00ab88df2ef5fbc02a27330ba0ff6c,2023-01-27T22:00:00Z,1932.01,1916.72,b3de5d8fc4489e3af6312d58283bf48197689e7c3f21b679714c14f9e1544f9c
a8a0386a4773f20ef66258efffb8c8051e886b1852b6a62dc69f3bcc62da62be,1929.0,2023-01-27T22:30:00Z,2c5cf5e1d518d6e010225685163de8ff8fb2c647d8e08a7875e09df85bd7f368,2023-01-27T22:30:00Z,1928.97,1932.22,2023-02-01T00:00:00Z,2023-01-27T21:00:00Z,0.0,SHORT,1.0,-50.0,CONTROL_V2_FILLED_STOP,2023-01-27T22:30:00Z,CONFIRMED_25_75_RETEST_SPLIT,1928.97,True,4a6ccf4b5cf405c9328f8fcc1b2552c7e54ce3f6d5d6610be2e9eab17f45a939,1.2354801720019069,1.4291638795986215,2023_01,-1.0,-1.0,STOP,2023-01-30T06:32:00Z,SPLIT_STOP_STOP,20a12af033fc6aa024c8f887b0f298590d02045942d511ffbdf2a92d3870ec2c,2023-01-30T06:32:00Z,FIRST_RETEST_FILLED,2023-01-27T22:45:00Z,2023-01-27T22:30:00Z,1929.0,True,True,INITIAL_CONFIRMATION_STOP,ce8883f79927c0a8f6e411f59c9d1f5da9f65e556cc68e65d9878492eae65281,77eba9d0e4cab187608949901b0e8b79804601e5ddafde27cff7d6cd6f6536c3,1932.22,5.182142857142854,0.2591071428571427,NOT_STRICTLY_CLOSER_THAN_CONTROL,H1_SOURCE_SWING_BUFFERED_ELSE_CONTROL,False,77eba9d0e4cab187608949901b0e8b79804601e5ddafde27cff7d6cd6f6536c3,2023-01-27T21:00:00Z,1932.22,1916.72,b3de5d8fc4489e3af6312d58283bf48197689e7c3f21b679714c14f9e1544f9c
b6dfcdbdafc86ca42e4fdd91884721ddfae6b1d2624ce47def678f72374abbbb,1928.14,2023-01-30T03:10:00Z,eb5bd3f4071c206927f029f836dd02a678279e2335a122a0d58d79709151c65e,2023-01-30T03:10:00Z,1926.86,1932.01,2023-02-01T00:00:00Z,2023-01-30T03:00:00Z,0.0,SHORT,1.0,-50.0,CONTROL_V2_FILLED_STOP,2023-01-30T03:10:00Z,CONTROL_NEXT_M1_OPEN,1926.86,True,f36beb08f207458e01afe828c6fe75a776d33f97d2243eb85a6e3902c270247e,1.1883495145631087,0.4815533980582033,2023_01,-1.0,-1.0,STOP,2023-01-30T06:32:00Z,STOP,37a3c24cb31b5470a7e39d5ed15d036c14ccae04da15bc8ec901b5d16e11e4d7,2023-01-30T06:32:00Z,RETEST_EXPIRED,2023-01-30T03:25:00Z,,1928.14,False,False,INITIAL_CONFIRMATION_STOP,7ecfc8fbf013fbb44b560bba46a56c9fea5a0d8c3539d410cf4f3f00dffd40a4,afb92b41adcbb07d767bac5a314d6a5cb85e7d6deec4295b25b4fb4507efd37e,1932.01,,,,CONTROL_V2_FILLED_STOP,False,,2023-01-30T03:10:00Z,1932.01,1916.72,ab8bf79a03db39a610a0f4951e30bff1151776ef65d873a527b8e2339634ac6a
b6dfcdbdafc86ca42e4fdd91884721ddfae6b1d2624ce47def678f72374abbbb,1928.14,2023-01-30T03:10:00Z,eb5bd3f4071c206927f029f836dd02a678279e2335a122a0d58d79709151c65e,2023-01-30T03:10:00Z,1926.86,1932.01,2023-02-01T00:00:00Z,2023-01-30T03:00:00Z,0.0,SHORT,0.6204854368932003,-50.0,M5_LATEST_CONFIRMED_OPPOSING_SWING_ELSE_CONTROL,2023-01-30T03:10:00Z,CONTROL_NEXT_M1_OPEN,1926.86,True,17cf0dee106b75cc3eebe5e0580cccb3ccc7fcff9aeb1dc7184315ea533b1846,1.0921608511969856,0.7760913785009423,2023_01,-1.0,-1.0,STOP,2023-01-30T06:32:00Z,STOP,87b7c6c21c11cde70a2ddac7243aa0ba57d3764f0fd98051090803510c9b3efc,2023-01-30T06:13:00Z,RETEST_EXPIRED,2023-01-30T03:25:00Z,,1928.14,False,False,INITIAL_CONFIRMATION_STOP,c29a3c747dcf69f8a4ec46b3bb60682be527eebba11b78989a649f5f19f507b3,afb92b41adcbb07d767bac5a314d6a5cb85e7d6deec4295b25b4fb4507efd37e,1930.0555,1.1099999999999812,0.055499999999999064,,M5_LATEST_CONFIRMED_OPPOSING_SWING_ELSE_CONTROL,True,52bd4d2cc9738b8adbca372f69afbeb3772426d245fe6d1f7ae9353ea05fda43,2023-01-30T03:00:00Z,1930.0,1916.72,ab8bf79a03db39a610a0f4951e30bff1151776ef65d873a527b8e2339634ac6a
b6dfcdbdafc86ca42e4fdd91884721ddfae6b1d2624ce47def678f72374abbbb,1928.14,2023-01-30T03:10:00Z,eb5bd3f4071c206927f029f836dd02a678279e2335a122a0d58d79709151c65e,2023-01-30T03:10:00Z,1926.86,1932.01,2023-02-01T00:00:00Z,2023-01-30T03:00:00Z,0.0,SHORT,0.547662968099845,-50.0,M15_LATEST_CONFIRMED_OPPOSING_SWING_ELSE_CONTROL,2023-01-30T03:10:00Z,CONTROL_NEXT_M1_OPEN,1926.86,True,7ecaf5f42896cd89c9fab000e4cfb73a52bf6b4d18e4aabb768887685650bc63,1.1274739467919777,0.8792878578754129,2023_01,-1.0,-1.0,STOP,2023-01-30T06:32:00Z,STOP,4a58624e6bab5184a0c666481a20c548545f00e92901a5d296120b55584317a3,2023-01-30T06:12:00Z,RETEST_EXPIRED,2023-01-30T03:25:00Z,,1928.14,False,False,INITIAL_CONFIRMATION_STOP,a4ff55e9bbb7cc5570ebb619c481a139cdc4b178c87bdacb02b941f238624548,afb92b41adcbb07d767bac5a314d6a5cb85e7d6deec4295b25b4fb4507efd37e,1929.6804642857142,1.6092857142856798,0.08046428571428399,,M15_LATEST_CONFIRMED_OPPOSING_SWING_ELSE_CONTROL,True,be45eea6455dcc40919e2cf237145edf644b455c301019d17c2f3ca058bb5570,2023-01-30T02:45:00Z,1929.6,1916.72,ab8bf79a03db39a610a0f4951e30bff1151776ef65d873a527b8e2339634ac6a
b6dfcdbdafc86ca42e4fdd91884721ddfae6b1d2624ce47def678f72374abbbb,1928.14,2023-01-30T03:10:00Z,eb5bd3f4071c206927f029f836dd02a678279e2335a122a0d58d79709151c65e,2023-01-30T03:10:00Z,1926.86,1932.01,2023-02-01T00:00:00Z,2023-01-30T03:00:00Z,0.0,SHORT,1.0,-50.0,CONTROL_V2_FILLED_STOP,2023-01-30T03:10:00Z,CONTROL_NEXT_M1_OPEN,1926.86,True,ef67f9a977c3d0d9f920e7031e0b6661e2dd9a499e27136b4cc59c603ac8b636,1.1883495145631087,0.4815533980582033,2023_01,-1.0,-1.0,STOP,2023-01-30T06:32:00Z,STOP,25cc7bcf4d52d7a08f3ec396442ad1a2cee12a6782a0b3a4f1ecb33aabcd49da,2023-01-30T06:32:00Z,RETEST_EXPIRED,2023-01-30T03:25:00Z,,1928.14,False,False,INITIAL_CONFIRMATION_STOP,f9e3b821d5ff1a9089b9e0f8f635960d6b375bfeeb05b27540d69de20d467fb4,afb92b41adcbb07d767bac5a314d6a5cb85e7d6deec4295b25b4fb4507efd37e,1932.01,5.242142857142848,0.2621071428571424,NOT_STRICTLY_CLOSER_THAN_CONTROL,H1_SOURCE_SWING_BUFFERED_ELSE_CONTROL,False,afb92b41adcbb07d767bac5a314d6a5cb85e7d6deec4295b25b4fb4507efd37e,2023-01-30T03:00:00Z,1932.01,1916.72,ab8bf79a03db39a610a0f4951e30bff1151776ef65d873a527b8e2339634ac6a
b6dfcdbdafc86ca42e4fdd91884721ddfae6b1d2624ce47def678f72374abbbb,1928.14,2023-01-30T03:10:00Z,eb5bd3f4071c206927f029f836dd02a678279e2335a122a0d58d79709151c65e,2023-01-30T03:10:00Z,1926.86,1932.01,2023-02-01T00:00:00Z,2023-01-30T03:00:00Z,1.0,SHORT,1.0,0.0,CONTROL_V2_FILLED_STOP,,M5_BROKEN_CONTROL_FIRST_RETEST,,False,f36beb08f207458e01afe828c6fe75a776d33f97d2243eb85a6e3902c270247e,,,2023_01,0.0,-1.0,STOP,2023-01-30T06:32:00Z,NO_FILL,a9c149ce0db315ffa85c2f439a6963ba93e1283a7051e5a22260bc1a11be9c6e,,RETEST_EXPIRED,2023-01-30T03:25:00Z,,1928.14,False,False,INITIAL_CONFIRMATION_STOP,4bbf081a7ae0c554621ad62a4f385b4cf3db28e60ee95cd4febcd29973cffd77,afb92b41adcbb07d767bac5a314d6a5cb85e7d6deec4295b25b4fb4507efd37e,1932.01,,,,CONTROL_V2_FILLED_STOP,False,,2023-01-30T03:10:00Z,1932.01,1916.72,ab8bf79a03db39a610a0f4951e30bff1151776ef65d873a527b8e2339634ac6a
b6dfcdbdafc86ca42e4fdd91884721ddfae6b1d2624ce47def678f72374abbbb,1928.14,2023-01-30T03:10:00Z,eb5bd3f4071c206927f029f836dd02a678279e2335a122a0d58d79709151c65e,2023-01-30T03:10:00Z,1926.86,1932.01,2023-02-01T00:00:00Z,2023-01-30T03:00:00Z,1.0,SHORT,0.6204854368932003,0.0,M5_LATEST_CONFIRMED_OPPOSING_SWING_ELSE_CONTROL,,M5_BROKEN_CONTROL_FIRST_RETEST,,False,17cf0dee106b75cc3eebe5e0580cccb3ccc7fcff9aeb1dc7184315ea533b1846,,,2023_01,0.0,-1.0,STOP,2023-01-30T06:32:00Z,NO_FILL,b231a5e460ce0804f64e99319d7b154c6a54f22994885c503dc35ee335fdaa4a,,RETEST_EXPIRED,2023-01-30T03:25:00Z,,1928.14,False,False,INITIAL_CONFIRMATION_STOP,0a55e97bd9ce3409881dd1d834a40a9adcc323588a4cc227ba4b08931a1a4696,afb92b41adcbb07d767bac5a314d6a5cb85e7d6deec4295b25b4fb4507efd37e,1930.0555,1.1099999999999812,0.055499999999999064,,M5_LATEST_CONFIRMED_OPPOSING_SWING_ELSE_CONTROL,True,52bd4d2cc9738b8adbca372f69afbeb3772426d245fe6d1f7ae9353ea05fda43,2023-01-30T03:00:00Z,1930.0,1916.72,ab8bf79a03db39a610a0f4951e30bff1151776ef65d873a527b8e2339634ac6a
b6dfcdbdafc86ca42e4fdd91884721ddfae6b1d2624ce47def678f72374abbbb,1928.14,2023-01-30T03:10:00Z,eb5bd3f4071c206927f029f836dd02a678279e2335a122a0d58d79709151c65e,2023-01-30T03:10:00Z,1926.86,1932.01,2023-02-01T00:00:00Z,2023-01-30T03:00:00Z,1.0,SHORT,0.547662968099845,0.0,M15_LATEST_CONFIRMED_OPPOSING_SWING_ELSE_CONTROL,,M5_BROKEN_CONTROL_FIRST_RETEST,,False,7ecaf5f42896cd89c9fab000e4cfb73a52bf6b4d18e4aabb768887685650bc63,,,2023_01,0.0,-1.0,STOP,2023-01-30T06:32:00Z,NO_FILL,3e76abdbd7017f35974d8539fb3eb82d458a932d7d64590bc5c7b098f87eb8a2,,RETEST_EXPIRED,2023-01-30T03:25:00Z,,1928.14,False,False,INITIAL_CONFIRMATION_STOP,4375a92f2f2c8395f425e4ed4a4d6553b598bf2b528bdfa21a88d7292e3b8897,afb92b41adcbb07d767bac5a314d6a5cb85e7d6deec4295b25b4fb4507efd37e,1929.6804642857142,1.6092857142856798,0.08046428571428399,,M15_LATEST_CONFIRMED_OPPOSING_SWING_ELSE_CONTROL,True,be45eea6455dcc40919e2cf237145edf644b455c301019d17c2f3ca058bb5570,2023-01-30T02:45:00Z,1929.6,1916.72,ab8bf79a03db39a610a0f4951e30bff1151776ef65d873a527b8e2339634ac6a
b6dfcdbdafc86ca42e4fdd91884721ddfae6b1d2624ce47def678f72374abbbb,1928.14,2023-01-30T03:10:00Z,eb5bd3f4071c206927f029f836dd02a678279e2335a122a0d58d79709151c65e,2023-01-30T03:10:00Z,1926.86,1932.01,2023-02-01T00:00:00Z,2023-01-30T03:00:00Z,1.0,SHORT,1.0,0.0,CONTROL_V2_FILLED_STOP,,M5_BROKEN_CONTROL_FIRST_RETEST,,False,ef67f9a977c3d0d9f920e7031e0b6661e2dd9a499e27136b4cc59c603ac8b636,,,2023_01,0.0,-1.0,STOP,2023-01-30T06:32:00Z,NO_FILL,08cbf338a0dd81a0c5e0373fbade3c71450da2b467cddafbd50dd75f45242b8c,,RETEST_EXPIRED,2023-01-30T03:25:00Z,,1928.14,False,False,INITIAL_CONFIRMATION_STOP,ac6a8f20cf4c4edcaa9dd90fec641697a22b3eb602584271931dd1bc7c94d521,afb92b41adcbb07d767bac5a314d6a5cb85e7d6deec4295b25b4fb4507efd37e,1932.01,5.242142857142848,0.2621071428571424,NOT_STRICTLY_CLOSER_THAN_CONTROL,H1_SOURCE_SWING_BUFFERED_ELSE_CONTROL,False,afb92b41adcbb07d767bac5a314d6a5cb85e7d6deec4295b25b4fb4507efd37e,2023-01-30T03:00:00Z,1932.01,1916.72,ab8bf79a03db39a610a0f4951e30bff1151776ef65d873a527b8e2339634ac6a
b6dfcdbdafc86ca42e4fdd91884721ddfae6b1d2624ce47def678f72374abbbb,1928.14,2023-01-30T03:10:00Z,eb5bd3f4071c206927f029f836dd02a678279e2335a122a0d58d79709151c65e,2023-01-30T03:10:00Z,1926.86,1932.01,2023-02-01T00:00:00Z,2023-01-30T03:00:00Z,0.75,SHORT,1.0,-12.5,CONTROL_V2_FILLED_STOP,2023-01-30T03:10:00Z,CONFIRMED_25_75_RETEST_SPLIT,1926.86,True,f36beb08f207458e01afe828c6fe75a776d33f97d2243eb85a6e3902c270247e,0.29708737864077717,0.12038834951455082,2023_01,-0.25,-1.0,STOP,2023-01-30T06:32:00Z,SPLIT_CONTROL_STOP_NO_RETEST,01c8ac2f9957ad534579fd3d4f483e6551a7de85247aada661ebff9dcdb9d796,2023-01-30T06:32:00Z,RETEST_EXPIRED,2023-01-30T03:25:00Z,,1928.14,False,False,INITIAL_CONFIRMATION_STOP,c88ba6d5568e1c450a2fb1dcc76f9ba3d9dc789693bed9a04e508b4ec1ad00e7,afb92b41adcbb07d767bac5a314d6a5cb85e7d6deec4295b25b4fb4507efd37e,1932.01,,,,CONTROL_V2_FILLED_STOP,False,,2023-01-30T03:10:00Z,1932.01,1916.72,ab8bf79a03db39a610a0f4951e30bff1151776ef65d873a527b8e2339634ac6a
b6dfcdbdafc86ca42e4fdd91884721ddfae6b1d2624ce47def678f72374abbbb,1928.14,2023-01-30T03:10:00Z,eb5bd3f4071c206927f029f836dd02a678279e2335a122a0d58d79709151c65e,2023-01-30T03:10:00Z,1926.86,1932.01,2023-02-01T00:00:00Z,2023-01-30T03:00:00Z,0.75,SHORT,0.6204854368932003,-12.5,M5_LATEST_CONFIRMED_OPPOSING_SWING_ELSE_CONTROL,2023-01-30T03:10:00Z,CONFIRMED_25_75_RETEST_SPLIT,1926.86,True,17cf0dee106b75cc3eebe5e0580cccb3ccc7fcff9aeb1dc7184315ea533b1846,0.2730402127992464,0.19402284462523559,2023_01,-0.25,-1.0,STOP,2023-01-30T06:32:00Z,SPLIT_CONTROL_STOP_NO_RETEST,068e7388f3b1f7d593bb1da8d2520c1c28ee597498369371868c555bdef8f41a,2023-01-30T06:13:00Z,RETEST_EXPIRED,2023-01-30T03:25:00Z,,1928.14,False,False,INITIAL_CONFIRMATION_STOP,295435e3954968e658327c36d9fcacdb3ed5b894f73ba1f4d5430026cf07b79d,afb92b41adcbb07d767bac5a314d6a5cb85e7d6deec4295b25b4fb4507efd37e,1930.0555,1.1099999999999812,0.055499999999999064,,M5_LATEST_CONFIRMED_OPPOSING_SWING_ELSE_CONTROL,True,52bd4d2cc9738b8adbca372f69afbeb3772426d245fe6d1f7ae9353ea05fda43,2023-01-30T03:00:00Z,1930.0,1916.72,ab8bf79a03db39a610a0f4951e30bff1151776ef65d873a527b8e2339634ac6a
b6dfcdbdafc86ca42e4fdd91884721ddfae6b1d2624ce47def678f72374abbbb,1928.14,2023-01-30T03:10:00Z,eb5bd3f4071c206927f029f836dd02a678279e2335a122a0d58d79709151c65e,2023-01-30T03:10:00Z,1926.86,1932.01,2023-02-01T00:00:00Z,2023-01-30T03:00:00Z,0.75,SHORT,0.547662968099845,-12.5,M15_LATEST_CONFIRMED_OPPOSING_SWING_ELSE_CONTROL,2023-01-30T03:10:00Z,CONFIRMED_25_75_RETEST_SPLIT,1926.86,True,7ecaf5f42896cd89c9fab000e4cfb73a52bf6b4d18e4aabb768887685650bc63,0.2818684866979944,0.21982196446885321,2023_01,-0.25,-1.0,STOP,2023-01-30T06:32:00Z,SPLIT_CONTROL_STOP_NO_RETEST,65897a0a99a1808c47a77ac9691c582c46060ea3475ede55942731fdc1be7641,2023-01-30T06:12:00Z,RETEST_EXPIRED,2023-01-30T03:25:00Z,,1928.14,False,False,INITIAL_CONFIRMATION_STOP,fc5f926cb3f98cfa0923aec48f030c9ee3dfb8efcfebf96fe687aa718368d1af,afb92b41adcbb07d767bac5a314d6a5cb85e7d6deec4295b25b4fb4507efd37e,1929.6804642857142,1.6092857142856798,0.08046428571428399,,M15_LATEST_CONFIRMED_OPPOSING_SWING_ELSE_CONTROL,True,be45eea6455dcc40919e2cf237145edf644b455c301019d17c2f3ca058bb5570,2023-01-30T02:45:00Z,1929.6,1916.72,ab8bf79a03db39a610a0f4951e30bff1151776ef65d873a527b8e2339634ac6a
b6dfcdbdafc86ca42e4fdd91884721ddfae6b1d2624ce47def678f72374abbbb,1928.14,2023-01-30T03:10:00Z,eb5bd3f4071c206927f029f836dd02a678279e2335a122a0d58d79709151c65e,2023-01-30T03:10:00Z,1926.86,1932.01,2023-02-01T00:00:00Z,2023-01-30T03:00:00Z,0.75,SHORT,1.0,-12.5,CONTROL_V2_FILLED_STOP,2023-01-30T03:10:00Z,CONFIRMED_25_75_RETEST_SPLIT,1926.86,True,ef67f9a977c3d0d9f920e7031e0b6661e2dd9a499e27136b4cc59c603ac8b636,0.29708737864077717,0.12038834951455082,2023_01,-0.25,-1.0,STOP,2023-01-30T06:32:00Z,SPLIT_CONTROL_STOP_NO_RETEST,6726f32edb03e9b639237d6f3ea14b7b014aa62725f69545e6743805ec99241b,2023-01-30T06:32:00Z,RETEST_EXPIRED,2023-01-30T03:25:00Z,,1928.14,False,False,INITIAL_CONFIRMATION_STOP,0add27358e7a61193f38e97ad25bd77c2c420a31ac4155fa52053c774bebf703,afb92b41adcbb07d767bac5a314d6a5cb85e7d6deec4295b25b4fb4507efd37e,1932.01,5.242142857142848,0.2621071428571424,NOT_STRICTLY_CLOSER_THAN_CONTROL,H1_SOURCE_SWING_BUFFERED_ELSE_CONTROL,False,afb92b41adcbb07d767bac5a314d6a5cb85e7d6deec4295b25b4fb4507efd37e,2023-01-30T03:00:00Z,1932.01,1916.72,ab8bf79a03db39a610a0f4951e30bff1151776ef65d873a527b8e2339634ac6a
4a090e644b4cd5d187de732088412e2a17e8fe2aed768be8f562e2ee4526725a,1929.93,2023-01-30T09:25:00Z,a1f791a5673f2ed15f03a6db5f39e8fa254c23b31532eeb97f2175f7e052f40d,2023-01-30T09:25:00Z,1928.54,1934.54,2023-02-01T00:00:00Z,2023-01-30T09:00:00Z,0.0,SHORT,1.0,34.66666666666545,CONTROL_V2_FILLED_STOP,2023-01-30T09:25:00Z,CONTROL_NEXT_M1_OPEN,1928.54,True,40dca7addc949a5325dea4f925794aff5b16a44f0c77b2262795f3aa086e7c25,0.12000000000000455,0.7366666666666788,2023_01,0.693333333333309,0.693333333333309,TARGET,2023-01-30T09:45:00Z,TARGET,3f83aa7a63db9d659a880e53e097b7d2869adc01742c164a494399f2bc5833ac,2023-01-30T09:45:00Z,RETEST_EXPIRED,2023-01-30T09:40:00Z,,1929.93,False,False,INITIAL_CONFIRMATION_TARGET,33afc4af2728d2ae3f70b3b152ccd60b503fcbbe31d1e61346b978e6629892e9,6243b32ac5d043755518943e657edc7bd04842931cdc2a8a61b4c9994e8cb1c8,1934.54,,,,CONTROL_V2_FILLED_STOP,False,,2023-01-30T09:25:00Z,1934.54,1924.38,5e6d084470c53f5f7fd84f4e2ce88be33c37aac05af0f61117b4483b463f0fe2
4a090e644b4cd5d187de732088412e2a17e8fe2aed768be8f562e2ee4526725a,1929.93,2023-01-30T09:25:00Z,a1f791a5673f2ed15f03a6db5f39e8fa254c23b31532eeb97f2175f7e052f40d,2023-01-30T09:25:00Z,1928.54,1934.54,2023-02-01T00:00:00Z,2023-01-30T09:00:00Z,0.4676123270741043,SHORT,0.5972142857142823,58.047283020370664,M5_LATEST_CONFIRMED_OPPOSING_SWING_ELSE_CONTROL,2023-01-30T09:25:00Z,CONTROL_NEXT_M1_OPEN,1928.54,True,bbae4db41429ea21bbfb9ab56a52fc79e634c18fd5338951f3fde78a45439cea,0.20093290276283618,1.2335047641829402,2023_01,1.1609456604074133,0.693333333333309,TARGET,2023-01-30T09:45:00Z,TARGET,bf6d19c104cecf11bfa38ed128a443fb7bb92eceaf0a4d6454b443050e06744d,2023-01-30T09:45:00Z,RETEST_EXPIRED,2023-01-30T09:40:00Z,,1929.93,False,False,INITIAL_CONFIRMATION_TARGET,03b183aa8b89143dd69158910c43cdca117cc7509d61ea55327144b9496fb5a0,6243b32ac5d043755518943e657edc7bd04842931cdc2a8a61b4c9994e8cb1c8,1932.1232857142857,1.2657142857142714,0.06328571428571357,,M5_LATEST_CONFIRMED_OPPOSING_SWING_ELSE_CONTROL,True,186cc72938f4f1d01b442980ebc0773a339d9ba0f61ce63acd035c7c2c985f57,2023-01-30T08:50:00Z,1932.06,1924.38,5e6d084470c53f5f7fd84f4e2ce88be33c37aac05af0f61117b4483b463f0fe2
4a090e644b4cd5d187de732088412e2a17e8fe2aed768be8f562e2ee4526725a,1929.93,2023-01-30T09:25:00Z,a1f791a5673f2ed15f03a6db5f39e8fa254c23b31532eeb97f2175f7e052f40d,2023-01-30T09:25:00Z,1928.54,1934.54,2023-02-01T00:00:00Z,2023-01-30T09:00:00Z,0.0,SHORT,1.0,34.66666666666545,CONTROL_V2_FILLED_STOP,2023-01-30T09:25:00Z,CONTROL_NEXT_M1_OPEN,1928.54,True,c113838dc2e889afae8d9a8dfa1037e3822a67229e9800fc6cedd36c7ed91d6a,0.12000000000000455,0.7366666666666788,2023_01,0.693333333333309,0.693333333333309,TARGET,2023-01-30T09:45:00Z,TARGET,657d32242efd3e883ca9263a2115b41b028f15c8993fb59ca5a39569aecc7e5a,2023-01-30T09:45:00Z,RETEST_EXPIRED,2023-01-30T09:40:00Z,,1929.93,False,False,INITIAL_CONFIRMATION_TARGET,e38b33e236026647081ccb17b39d3104cfc9591a2fd070be4bb48731eda7669b,6243b32ac5d043755518943e657edc7bd04842931cdc2a8a61b4c9994e8cb1c8,1934.54,1.9964285714285748,0.09982142857142874,NOT_STRICTLY_CLOSER_THAN_CONTROL,M15_LATEST_CONFIRMED_OPPOSING_SWING_ELSE_CONTROL,False,269fcc70db62296bcd6301f9c2c481de3ef39393a53438672ab79495bb06cabf,2023-01-30T07:30:00Z,1934.54,1924.38,5e6d084470c53f5f7fd84f4e2ce88be33c37aac05af0f61117b4483b463f0fe2
4a090e644b4cd5d187de732088412e2a17e8fe2aed768be8f562e2ee4526725a,1929.93,2023-01-30T09:25:00Z,a1f791a5673f2ed15f03a6db5f39e8fa254c23b31532eeb97f2175f7e052f40d,2023-01-30T09:25:00Z,1928.54,1934.54,2023-02-01T00:00:00Z,2023-01-30T09:00:00Z,0.0,SHORT,1.0,34.66666666666545,CONTROL_V2_FILLED_STOP,2023-01-30T09:25:00Z,CONTROL_NEXT_M1_OPEN,1928.54,True,c53fa18599e088b7ab7bb1f608b13986f31c88dd09ab07b7c145dbf2f743ddf2,0.12000000000000455,0.7366666666666788,2023_01,0.693333333333309,0.693333333333309,TARGET,2023-01-30T09:45:00Z,TARGET,922f414774268c65801319fe808a20ed3c7b364a53443a302c4db924f8f5d971,2023-01-30T09:45:00Z,RETEST_EXPIRED,2023-01-30T09:40:00Z,,1929.93,False,False,INITIAL_CONFIRMATION_TARGET,cdd7ee46131b9ee1bb681656fecd945999968b9516671c32b409d421ebd999dd,6243b32ac5d043755518943e657edc7bd04842931cdc2a8a61b4c9994e8cb1c8,1934.54,5.303571428571412,0.2651785714285706,NOT_STRICTLY_CLOSER_THAN_CONTROL,H1_SOURCE_SWING_BUFFERED_ELSE_CONTROL,False,6243b32ac5d043755518943e657edc7bd04842931cdc2a8a61b4c9994e8cb1c8,2023-01-30T09:00:00Z,1934.54,1924.38,5e6d084470c53f5f7fd84f4e2ce88be33c37aac05af0f61117b4483b463f0fe2
4a090e644b4cd5d187de732088412e2a17e8fe2aed768be8f562e2ee4526725a,1929.93,2023-01-30T09:25:00Z,a1f791a5673f2ed15f03a6db5f39e8fa254c23b31532eeb97f2175f7e052f40d,2023-01-30T09:25:00Z,1928.54,1934.54,2023-02-01T00:00:00Z,2023-01-30T09:00:00Z,-0.693333333333309,SHORT,1.0,0.0,CONTROL_V2_FILLED_STOP,,M5_BROKEN_CONTROL_FIRST_RETEST,,False,40dca7addc949a5325dea4f925794aff5b16a44f0c77b2262795f3aa086e7c25,,,2023_01,0.0,0.693333333333309,TARGET,2023-01-30T09:45:00Z,NO_FILL,7cac98e4411a19500fc6daf808242cd79795d59c9a30b07abd6b0719af9f0aec,,RETEST_EXPIRED,2023-01-30T09:40:00Z,,1929.93,False,False,INITIAL_CONFIRMATION_TARGET,b4eed59408879000dff773ede8244407fd27f6370929428869b7fa3ef739cac2,6243b32ac5d043755518943e657edc7bd04842931cdc2a8a61b4c9994e8cb1c8,1934.54,,,,CONTROL_V2_FILLED_STOP,False,,2023-01-30T09:25:00Z,1934.54,1924.38,5e6d084470c53f5f7fd84f4e2ce88be33c37aac05af0f61117b4483b463f0fe2
4a090e644b4cd5d187de732088412e2a17e8fe2aed768be8f562e2ee4526725a,1929.93,2023-01-30T09:25:00Z,a1f791a5673f2ed15f03a6db5f39e8fa254c23b31532eeb97f2175f7e052f40d,2023-01-30T09:25:00Z,1928.54,1934.54,2023-02-01T00:00:00Z,2023-01-30T09:00:00Z,-0.693333333333309,SHORT,0.5972142857142823,0.0,M5_LATEST_CONFIRMED_OPPOSING_SWING_ELSE_CONTROL,,M5_BROKEN_CONTROL_FIRST_RETEST,,False,bbae4db41429ea21bbfb9ab56a52fc79e634c18fd5338951f3fde78a45439cea,,,2023_01,0.0,0.693333333333309,TARGET,2023-01-30T09:45:00Z,NO_FILL,2c37c1dd1bfc91090141474639cdcace98e31f04ce61ea0279e7a4b92e427e33,,RETEST_EXPIRED,2023-01-30T09:40:00Z,,1929.93,False,False,INITIAL_CONFIRMATION_TARGET,71f085ffe2caac920d2941cce08aa377956899ed7e8a26613cf3faae77ede6bd,6243b32ac5d043755518943e657edc7bd04842931cdc2a8a61b4c9994e8cb1c8,1932.1232857142857,1.2657142857142714,0.06328571428571357,,M5_LATEST_CONFIRMED_OPPOSING_SWING_ELSE_CONTROL,True,186cc72938f4f1d01b442980ebc0773a339d9ba0f61ce63acd035c7c2c985f57,2023-01-30T08:50:00Z,1932.06,1924.38,5e6d084470c53f5f7fd84f4e2ce88be33c37aac05af0f61117b4483b463f0fe2
4a090e644b4cd5d187de732088412e2a17e8fe2aed768be8f562e2ee4526725a,1929.93,2023-01-30T09:25:00Z,a1f791a5673f2ed15f03a6db5f39e8fa254c23b31532eeb97f2175f7e052f40d,2023-01-30T09:25:00Z,1928.54,1934.54,2023-02-01T00:00:00Z,2023-01-30T09:00:00Z,-0.693333333333309,SHORT,1.0,0.0,CONTROL_V2_FILLED_STOP,,M5_BROKEN_CONTROL_FIRST_RETEST,,False,c113838dc2e889afae8d9a8dfa1037e3822a67229e9800fc6cedd36c7ed91d6a,,,2023_01,0.0,0.693333333333309,TARGET,2023-01-30T09:45:00Z,NO_FILL,250d09c6d93bf38f11fc550040ceee10506c7dd43e9a31070f79c93601b31bd9,,RETEST_EXPIRED,2023-01-30T09:40:00Z,,1929.93,False,False,INITIAL_CONFIRMATION_TARGET,f5cd148d0df1ad98a422b2608af799709f685afce02532de042ef4e1859ebecb,6243b32ac5d043755518943e657edc7bd04842931cdc2a8a61b4c9994e8cb1c8,1934.54,1.9964285714285748,0.09982142857142874,NOT_STRICTLY_CLOSER_THAN_CONTROL,M15_LATEST_CONFIRMED_OPPOSING_SWING_ELSE_CONTROL,False,269fcc70db62296bcd6301f9c2c481de3ef39393a53438672ab79495bb06cabf,2023-01-30T07:30:00Z,1934.54,1924.38,5e6d084470c53f5f7fd84f4e2ce88be33c37aac05af0f61117b4483b463f0fe2
4a090e644b4cd5d187de732088412e2a17e8fe2aed768be8f562e2ee4526725a,1929.93,2023-01-30T09:25:00Z,a1f791a5673f2ed15f03a6db5f39e8fa254c23b31532eeb97f2175f7e052f40d,2023-01-30T09:25:00Z,1928.54,1934.54,2023-02-01T00:00:00Z,2023-01-30T09:00:00Z,-0.693333333333309,SHORT,1.0,0.0,CONTROL_V2_FILLED_STOP,,M5_BROKEN_CONTROL_FIRST_RETEST,,False,c53fa18599e088b7ab7bb1f608b13986f31c88dd09ab07b7c145dbf2f743ddf2,,,2023_01,0.0,0.693333333333309,TARGET,2023-01-30T09:45:00Z,NO_FILL,e233901854a9f85b9e308d83fc4e03a59a38a78eaf895453ac8212684cd54fc5,,RETEST_EXPIRED,2023-01-30T09:40:00Z,,1929.93,False,False,INITIAL_CONFIRMATION_TARGET,8f4007e6f9e7d670bbe16024b087bfdc27c4d152587a5bdddf64dfdd108f11b0,6243b32ac5d043755518943e657edc7bd04842931cdc2a8a61b4c9994e8cb1c8,1934.54,5.303571428571412,0.2651785714285706,NOT_STRICTLY_CLOSER_THAN_CONTROL,H1_SOURCE_SWING_BUFFERED_ELSE_CONTROL,False,6243b32ac5d043755518943e657edc7bd04842931cdc2a8a61b4c9994e8cb1c8,2023-01-30T09:00:00Z,1934.54,1924.38,5e6d084470c53f5f7fd84f4e2ce88be33c37aac05af0f61117b4483b463f0fe2
4a090e644b4cd5d187de732088412e2a17e8fe2aed768be8f562e2ee4526725a,1929.93,2023-01-30T09:25:00Z,a1f791a5673f2ed15f03a6db5f39e8fa254c23b31532eeb97f2175f7e052f40d,2023-01-30T09:25:00Z,1928.54,1934.54,2023-02-01T00:00:00Z,2023-01-30T09:00:00Z,-0.5199999999999818,SHORT,1.0,8.666666666666362,CONTROL_V2_FILLED_STOP,2023-01-30T09:25:00Z,CONFIRMED_25_75_RETEST_SPLIT,1928.54,True,40dca7addc949a5325dea4f925794aff5b16a44f0c77b2262795f3aa086e7c25,0.030000000000001137,0.1841666666666697,2023_01,0.17333333333332726,0.693333333333309,TARGET,2023-01-30T09:45:00Z,SPLIT_CONTROL_TARGET_NO_RETEST,5898749117440bf2f3dc438101c93997f92eda171508dae94511965420fa4fd0,2023-01-30T09:45:00Z,RETEST_EXPIRED,2023-01-30T09:40:00Z,,1929.93,False,False,INITIAL_CONFIRMATION_TARGET,a87cbc074a256283a0ed9d2729c41a1d110d29297426790bf8e23c2ec0883163,6243b32ac5d043755518943e657edc7bd04842931cdc2a8a61b4c9994e8cb1c8,1934.54,,,,CONTROL_V2_FILLED_STOP,False,,2023-01-30T09:25:00Z,1934.54,1924.38,5e6d084470c53f5f7fd84f4e2ce88be33c37aac05af0f61117b4483b463f0fe2
4a090e644b4cd5d187de732088412e2a17e8fe2aed768be8f562e2ee4526725a,1929.93,2023-01-30T09:25:00Z,a1f791a5673f2ed15f03a6db5f39e8fa254c23b31532eeb97f2175f7e052f40d,2023-01-30T09:25:00Z,1928.54,1934.54,2023-02-01T00:00:00Z,2023-01-30T09:00:00Z,-0.4030969182314557,SHORT,0.5972142857142823,14.511820755092666,M5_LATEST_CONFIRMED_OPPOSING_SWING_ELSE_CONTROL,2023-01-30T09:25:00Z,CONFIRMED_25_75_RETEST_SPLIT,1928.54,True,bbae4db41429ea21bbfb9ab56a52fc79e634c18fd5338951f3fde78a45439cea,0.050233225690709045,0.30837619104573505,2023_01,0.29023641510185333,0.693333333333309,TARGET,2023-01-30T09:45:00Z,SPLIT_CONTROL_TARGET_NO_RETEST,30fdb4bc7bf7b187fb7f9ca2f50166c80d7f122c4209b8a3262ba203624e51c5,2023-01-30T09:45:00Z,RETEST_EXPIRED,2023-01-30T09:40:00Z,,1929.93,False,False,INITIAL_CONFIRMATION_TARGET,5dffb07465c560a1884ae1c60430e66df97c8608d500239e6f5711d3acfeb12d,6243b32ac5d043755518943e657edc7bd04842931cdc2a8a61b4c9994e8cb1c8,1932.1232857142857,1.2657142857142714,0.06328571428571357,,M5_LATEST_CONFIRMED_OPPOSING_SWING_ELSE_CONTROL,True,186cc72938f4f1d01b442980ebc0773a339d9ba0f61ce63acd035c7c2c985f57,2023-01-30T08:50:00Z,1932.06,1924.38,5e6d084470c53f5f7fd84f4e2ce88be33c37aac05af0f61117b4483b463f0fe2
4a090e644b4cd5d187de732088412e2a17e8fe2aed768be8f562e2ee4526725a,1929.93,2023-01-30T09:25:00Z,a1f791a5673f2ed15f03a6db5f39e8fa254c23b31532eeb97f2175f7e052f40d,2023-01-30T09:25:00Z,1928.54,1934.54,2023-02-01T00:00:00Z,2023-01-30T09:00:00Z,-0.5199999999999818,SHORT,1.0,8.666666666666362,CONTROL_V2_FILLED_STOP,2023-01-30T09:25:00Z,CONFIRMED_25_75_RETEST_SPLIT,1928.54,True,c113838dc2e889afae8d9a8dfa1037e3822a67229e9800fc6cedd36c7ed91d6a,0.030000000000001137,0.1841666666666697,2023_01,0.17333333333332726,0.693333333333309,TARGET,2023-01-30T09:45:00Z,SPLIT_CONTROL_TARGET_NO_RETEST,4e8807f1f4118df2925e2b6865326ef3ded5a6d2f1d6d5d0007cfd8f0558ca9b,2023-01-30T09:45:00Z,RETEST_EXPIRED,2023-01-30T09:40:00Z,,1929.93,False,False,INITIAL_CONFIRMATION_TARGET,910f177e454020af3cef2ae4021c7c251dfe4bf4da6326fa04474a39e788c3f3,6243b32ac5d043755518943e657edc7bd04842931cdc2a8a61b4c9994e8cb1c8,1934.54,1.9964285714285748,0.09982142857142874,NOT_STRICTLY_CLOSER_THAN_CONTROL,M15_LATEST_CONFIRMED_OPPOSING_SWING_ELSE_CONTROL,False,269fcc70db62296bcd6301f9c2c481de3ef39393a53438672ab79495bb06cabf,2023-01-30T07:30:00Z,1934.54,1924.38,5e6d084470c53f5f7fd84f4e2ce88be33c37aac05af0f61117b4483b463f0fe2
4a090e644b4cd5d187de732088412e2a17e8fe2aed768be8f562e2ee4526725a,1929.93,2023-01-30T09:25:00Z,a1f791a5673f2ed15f03a6db5f39e8fa254c23b31532eeb97f2175f7e052f40d,2023-01-30T09:25:00Z,1928.54,1934.54,2023-02-01T00:00:00Z,2023-01-30T09:00:00Z,-0.5199999999999818,SHORT,1.0,8.666666666666362,CONTROL_V2_FILLED_STOP,2023-01-30T09:25:00Z,CONFIRMED_25_75_RETEST_SPLIT,1928.54,True,c53fa18599e088b7ab7bb1f608b13986f31c88dd09ab07b7c145dbf2f743ddf2,0.030000000000001137,0.1841666666666697,2023_01,0.17333333333332726,0.693333333333309,TARGET,2023-01-30T09:45:00Z,SPLIT_CONTROL_TARGET_NO_RETEST,196438564af2a8732d0fb387a13ac11eb5ac635187706e2e0bdd2a40cbfd6882,2023-01-30T09:45:00Z,RETEST_EXPIRED,2023-01-30T09:40:00Z,,1929.93,False,False,INITIAL_CONFIRMATION_TARGET,4205f6713895d4d033bff4a45f7e649531db93fca625e412a1ec0b98d9aaf914,6243b32ac5d043755518943e657edc7bd04842931cdc2a8a61b4c9994e8cb1c8,1934.54,5.303571428571412,0.2651785714285706,NOT_STRICTLY_CLOSER_THAN_CONTROL,H1_SOURCE_SWING_BUFFERED_ELSE_CONTROL,False,6243b32ac5d043755518943e657edc7bd04842931cdc2a8a61b4c9994e8cb1c8,2023-01-30T09:00:00Z,1934.54,1924.38,5e6d084470c53f5f7fd84f4e2ce88be33c37aac05af0f61117b4483b463f0fe2
abe8d6383e95e5d4f816865467e5e0b569b2a006b046a87aed58a5308eafd1bf,1929.58,2023-01-30T13:05:00Z,0db1aa92fb24ec67f6fb188e07829e68fcbb6cca259ce4cc318ec4744be09ad0,2023-01-30T13:05:00Z,1930.18,1920.71,2023-02-01T00:00:00Z,2023-01-30T13:00:00Z,0.0,LONG,1.0,-50.0,CONTROL_V2_FILLED_STOP,2023-01-30T13:05:00Z,CONTROL_NEXT_M1_OPEN,1930.18,True,ea88f8cf6481b834eb66ce3167c093ff56a415d3142d6792ba8f1048281964c0,1.0348468848996755,0.05596620908130635,2023_01,-1.0,-1.0,STOP,2023-01-31T06:15:00Z,STOP,fea7ad17fcc9e375438ce0c11dbef939ba0eeb6683f26819886c7189eb131096,2023-01-31T06:15:00Z,FIRST_RETEST_FILLED,2023-01-30T13:20:00Z,2023-01-30T13:06:00Z,1929.58,True,False,INITIAL_CONFIRMATION_STOP,04eecdb272a32ff1b2c5b0020dcf4b4fd04f0c4a246798d525df54f859a754be,4561e8b34211c9c4b018f1f633321756673c24474290af574876b6afef69538d,1920.71,,,,CONTROL_V2_FILLED_STOP,False,,2023-01-30T13:05:00Z,1920.71,1934.54,457859d9e4e9b14f086d1e5a40a4dc9a586927115c6e9d0a5a8cc48d1336a193
abe8d6383e95e5d4f816865467e5e0b569b2a006b046a87aed58a5308eafd1bf,1929.58,2023-01-30T13:05:00Z,0db1aa92fb24ec67f6fb188e07829e68fcbb6cca259ce4cc318ec4744be09ad0,2023-01-30T13:05:00Z,1930.18,1920.71,2023-02-01T00:00:00Z,2023-01-30T13:00:00Z,0.0,LONG,0.6575313018555009,-50.0,M5_LATEST_CONFIRMED_OPPOSING_SWING_ELSE_CONTROL,2023-01-30T13:05:00Z,CONTROL_NEXT_M1_OPEN,1930.18,True,fcc4467aa355e0e282d06d50e0d866f324ddbcc555faaec1b46fc2b741fa7998,1.0727784756037895,0.08511565749550505,2023_01,-1.0,-1.0,STOP,2023-01-31T06:15:00Z,STOP,0ff18a0de24aa07508371db38e74305864de614917e34d099ba06ec1ffd0738c,2023-01-30T13:28:00Z,FIRST_RETEST_FILLED,2023-01-30T13:20:00Z,2023-01-30T13:06:00Z,1929.58,True,False,INITIAL_CONFIRMATION_STOP,00c164e8bc991a31a424c8a259ad842f37dee1cf418111d3ad5fa8353e453772,4561e8b34211c9c4b018f1f633321756673c24474290af574876b6afef69538d,1923.9531785714285,1.3364285714285902,0.06682142857142952,,M5_LATEST_CONFIRMED_OPPOSING_SWING_ELSE_CONTROL,True,67205cc6c545fbcb9ee77b9e8b88735c3cf8cb3b195aea3c4705aaf4f8d3f0cf,2023-01-30T12:00:00Z,1924.02,1934.54,457859d9e4e9b14f086d1e5a40a4dc9a586927115c6e9d0a5a8cc48d1336a193
abe8d6383e95e5d4f816865467e5e0b569b2a006b046a87aed58a5308eafd1bf,1929.58,2023-01-30T13:05:00Z,0db1aa92fb24ec67f6fb188e07829e68fcbb6cca259ce4cc318ec4744be09ad0,2023-01-30T13:05:00Z,1930.18,1920.71,2023-02-01T00:00:00Z,2023-01-30T13:00:00Z,0.0,LONG,1.0,-50.0,CONTROL_V2_FILLED_STOP,2023-01-30T13:05:00Z,CONTROL_NEXT_M1_OPEN,1930.18,True,34cdfbe3aaf7025b725a2a0e3505d821c4d3b74736053d41181a2b77f5fa19e6,1.0348468848996755,0.05596620908130635,2023_01,-1.0,-1.0,STOP,2023-01-31T06:15:00Z,STOP,912362ed477dbe34fd99e39f815c6f5dbdd9c0f33a40889cc313a66d46a687e7,2023-01-31T06:15:00Z,FIRST_RETEST_FILLED,2023-01-30T13:20:00Z,2023-01-30T13:06:00Z,1929.58,True,False,INITIAL_CONFIRMATION_STOP,2a71c449004f817eaa94ced71e4008e178918da12990860ebdfade18103392f5,4561e8b34211c9c4b018f1f633321756673c24474290af574876b6afef69538d,1920.71,2.25,0.1125,NOT_STRICTLY_CLOSER_THAN_CONTROL,M15_LATEST_CONFIRMED_OPPOSING_SWING_ELSE_CONTROL,False,7f4c8a72775cf3ed8869c603cdea66fc60333476a46d94609e8bee6ac92cb276,2023-01-30T11:15:00Z,1920.71,1934.54,457859d9e4e9b14f086d1e5a40a4dc9a586927115c6e9d0a5a8cc48d1336a193
abe8d6383e95e5d4f816865467e5e0b569b2a006b046a87aed58a5308eafd1bf,1929.58,2023-01-30T13:05:00Z,0db1aa92fb24ec67f6fb188e07829e68fcbb6cca259ce4cc318ec4744be09ad0,2023-01-30T13:05:00Z,1930.18,1920.71,2023-02-01T00:00:00Z,2023-01-30T13:00:00Z,0.0,LONG,1.0,-50.0,CONTROL_V2_FILLED_STOP,2023-01-30T13:05:00Z,CONTROL_NEXT_M1_OPEN,1930.18,True,9406a990d217782cd26aed36ba0967b76f09b504fdc22d0c8e50a8d078a479fe,1.0348468848996755,0.05596620908130635,2023_01,-1.0,-1.0,STOP,2023-01-31T06:15:00Z,STOP,b112e67f4033c5aab029b6aa650f5412ff1d33af0acdfba55eaaeaf11cd02f05,2023-01-31T06:15:00Z,FIRST_RETEST_FILLED,2023-01-30T13:20:00Z,2023-01-30T13:06:00Z,1929.58,True,False,INITIAL_CONFIRMATION_STOP,61e64880d9bd10977028b23339c215d8fdd11033866283cbfb08dae4334605ac,4561e8b34211c9c4b018f1f633321756673c24474290af574876b6afef69538d,1920.71,4.361428571428552,0.21807142857142758,NOT_STRICTLY_CLOSER_THAN_CONTROL,H1_SOURCE_SWING_BUFFERED_ELSE_CONTROL,False,4561e8b34211c9c4b018f1f633321756673c24474290af574876b6afef69538d,2023-01-30T13:00:00Z,1920.71,1934.54,457859d9e4e9b14f086d1e5a40a4dc9a586927115c6e9d0a5a8cc48d1336a193
abe8d6383e95e5d4f816865467e5e0b569b2a006b046a87aed58a5308eafd1bf,1929.58,2023-01-30T13:05:00Z,0db1aa92fb24ec67f6fb188e07829e68fcbb6cca259ce4cc318ec4744be09ad0,2023-01-30T13:05:00Z,1930.18,1920.71,2023-02-01T00:00:00Z,2023-01-30T13:00:00Z,0.0,LONG,1.0,-50.0,CONTROL_V2_FILLED_STOP,2023-01-30T13:06:00Z,M5_BROKEN_CONTROL_FIRST_RETEST,1929.58,True,ea88f8cf6481b834eb66ce3167c093ff56a415d3142d6792ba8f1048281964c0,1.0372040586245694,0.09582863585120033,2023_01,-1.0,-1.0,STOP,2023-01-31T06:15:00Z,STOP,b5007df636c7824f39898f25da893a5855e63ab7a8585993dbeeed2120ee3eed,2023-01-31T06:15:00Z,FIRST_RETEST_FILLED,2023-01-30T13:20:00Z,2023-01-30T13:06:00Z,1929.58,True,True,INITIAL_CONFIRMATION_STOP,8a7d806d174dd0ad9aefd5a11dd3b5a0852756abe3563e905b7729d1e1bcaeee,4561e8b34211c9c4b018f1f633321756673c24474290af574876b6afef69538d,1920.71,,,,CONTROL_V2_FILLED_STOP,False,,2023-01-30T13:05:00Z,1920.71,1934.54,457859d9e4e9b14f086d1e5a40a4dc9a586927115c6e9d0a5a8cc48d1336a193
abe8d6383e95e5d4f816865467e5e0b569b2a006b046a87aed58a5308eafd1bf,1929.58,2023-01-30T13:05:00Z,0db1aa92fb24ec67f6fb188e07829e68fcbb6cca259ce4cc318ec4744be09ad0,2023-01-30T13:05:00Z,1930.18,1920.71,2023-02-01T00:00:00Z,2023-01-30T13:00:00Z,0.0,LONG,0.6575313018555009,-50.0,M5_LATEST_CONFIRMED_OPPOSING_SWING_ELSE_CONTROL,2023-01-30T13:06:00Z,M5_BROKEN_CONTROL_FIRST_RETEST,1929.58,True,fcc4467aa355e0e282d06d50e0d866f324ddbcc555faaec1b46fc2b741fa7998,1.0805390000697968,0.11551814967853201,2023_01,-1.0,-1.0,STOP,2023-01-31T06:15:00Z,STOP,e56e999a7bc4d69c225262361173c3f8185189903c9ceff74411a8b9a41adefc,2023-01-30T13:28:00Z,FIRST_RETEST_FILLED,2023-01-30T13:20:00Z,2023-01-30T13:06:00Z,1929.58,True,True,INITIAL_CONFIRMATION_STOP,a3647c2b6bd1670ea489dc5035d2e41c49de00f70e4ac12c8f5bb075e77e8336,4561e8b34211c9c4b018f1f633321756673c24474290af574876b6afef69538d,1923.9531785714285,1.3364285714285902,0.06682142857142952,,M5_LATEST_CONFIRMED_OPPOSING_SWING_ELSE_CONTROL,True,67205cc6c545fbcb9ee77b9e8b88735c3cf8cb3b195aea3c4705aaf4f8d3f0cf,2023-01-30T12:00:00Z,1924.02,1934.54,457859d9e4e9b14f086d1e5a40a4dc9a586927115c6e9d0a5a8cc48d1336a193
abe8d6383e95e5d4f816865467e5e0b569b2a006b046a87aed58a5308eafd1bf,1929.58,2023-01-30T13:05:00Z,0db1aa92fb24ec67f6fb188e07829e68fcbb6cca259ce4cc318ec4744be09ad0,2023-01-30T13:05:00Z,1930.18,1920.71,2023-02-01T00:00:00Z,2023-01-30T13:00:00Z,0.0,LONG,1.0,-50.0,CONTROL_V2_FILLED_STOP,2023-01-30T13:06:00Z,M5_BROKEN_CONTROL_FIRST_RETEST,1929.58,True,34cdfbe3aaf7025b725a2a0e3505d821c4d3b74736053d41181a2b77f5fa19e6,1.0372040586245694,0.09582863585120033,2023_01,-1.0,-1.0,STOP,2023-01-31T06:15:00Z,STOP,01ac0bf81061125e641461e4e9e44c4cf62f649a5412784c4007ee65cb681f0b,2023-01-31T06:15:00Z,FIRST_RETEST_FILLED,2023-01-30T13:20:00Z,2023-01-30T13:06:00Z,1929.58,True,True,INITIAL_CONFIRMATION_STOP,beb8b45ebb65986e87e42aaedacc1125d72654508ea020a48114228043fccbc7,4561e8b34211c9c4b018f1f633321756673c24474290af574876b6afef69538d,1920.71,2.25,0.1125,NOT_STRICTLY_CLOSER_THAN_CONTROL,M15_LATEST_CONFIRMED_OPPOSING_SWING_ELSE_CONTROL,False,7f4c8a72775cf3ed8869c603cdea66fc60333476a46d94609e8bee6ac92cb276,2023-01-30T11:15:00Z,1920.71,1934.54,457859d9e4e9b14f086d1e5a40a4dc9a586927115c6e9d0a5a8cc48d1336a193
abe8d6383e95e5d4f816865467e5e0b569b2a006b046a87aed58a5308eafd1bf,1929.58,2023-01-30T13:05:00Z,0db1aa92fb24ec67f6fb188e07829e68fcbb6cca259ce4cc318ec4744be09ad0,2023-01-30T13:05:00Z,1930.18,1920.71,2023-02-01T00:00:00Z,2023-01-30T13:00:00Z,0.0,LONG,1.0,-50.0,CONTROL_V2_FILLED_STOP,2023-01-30T13:06:00Z,M5_BROKEN_CONTROL_FIRST_RETEST,1929.58,True,9406a990d217782cd26aed36ba0967b76f09b504fdc22d0c8e50a8d078a479fe,1.0372040586245694,0.09582863585120033,2023_01,-1.0,-1.0,STOP,2023-01-31T06:15:00Z,STOP,d75ab1a4503b4e21d0820db00bc6ff4322ed22703b28018d241728ed45da7f0d,2023-01-31T06:15:00Z,FIRST_RETEST_FILLED,2023-01-30T13:20:00Z,2023-01-30T13:06:00Z,1929.58,True,True,INITIAL_CONFIRMATION_STOP,bdcaf0b6f8682026b72ce5dfd7204a726b69c8062bf3733e46aa2ea2bab49579,4561e8b34211c9c4b018f1f633321756673c24474290af574876b6afef69538d,1920.71,4.361428571428552,0.21807142857142758,NOT_STRICTLY_CLOSER_THAN_CONTROL,H1_SOURCE_SWING_BUFFERED_ELSE_CONTROL,False,4561e8b34211c9c4b018f1f633321756673c24474290af574876b6afef69538d,2023-01-30T13:00:00Z,1920.71,1934.54,457859d9e4e9b14f086d1e5a40a4dc9a586927115c6e9d0a5a8cc48d1336a193
abe8d6383e95e5d4f816865467e5e0b569b2a006b046a87aed58a5308eafd1bf,1929.58,2023-01-30T13:05:00Z,0db1aa92fb24ec67f6fb188e07829e68fcbb6cca259ce4cc318ec4744be09ad0,2023-01-30T13:05:00Z,1930.18,1920.71,2023-02-01T00:00:00Z,2023-01-30T13:00:00Z,0.0,LONG,1.0,-50.0,CONTROL_V2_FILLED_STOP,2023-01-30T13:05:00Z,CONFIRMED_25_75_RETEST_SPLIT,1930.18,True,ea88f8cf6481b834eb66ce3167c093ff56a415d3142d6792ba8f1048281964c0,1.036614765193346,0.08586302915872683,2023_01,-1.0,-1.0,STOP,2023-01-31T06:15:00Z,SPLIT_STOP_STOP,a2bb20fe69d4dd349d478d1b1c091dc87da880171d6b0192e7f55394e0590d0a,2023-01-31T06:15:00Z,FIRST_RETEST_FILLED,2023-01-30T13:20:00Z,2023-01-30T13:06:00Z,1929.58,True,True,INITIAL_CONFIRMATION_STOP,085bc038ff0a8f87a4b331c00e7be2ae0fd1e56a291226148e368b31fc4d3c3f,4561e8b34211c9c4b018f1f633321756673c24474290af574876b6afef69538d,1920.71,,,,CONTROL_V2_FILLED_STOP,False,,2023-01-30T13:05:00Z,1920.71,1934.54,457859d9e4e9b14f086d1e5a40a4dc9a586927115c6e9d0a5a8cc48d1336a193
abe8d6383e95e5d4f816865467e5e0b569b2a006b046a87aed58a5308eafd1bf,1929.58,2023-01-30T13:05:00Z,0db1aa92fb24ec67f6fb188e07829e68fcbb6cca259ce4cc318ec4744be09ad0,2023-01-30T13:05:00Z,1930.18,1920.71,2023-02-01T00:00:00Z,2023-01-30T13:00:00Z,0.0,LONG,0.6575313018555009,-50.0,M5_LATEST_CONFIRMED_OPPOSING_SWING_ELSE_CONTROL,2023-01-30T13:05:00Z,CONFIRMED_25_75_RETEST_SPLIT,1930.18,True,fcc4467aa355e0e282d06d50e0d866f324ddbcc555faaec1b46fc2b741fa7998,1.078598868953295,0.10791752663277526,2023_01,-1.0,-1.0,STOP,2023-01-31T06:15:00Z,SPLIT_STOP_STOP,0c67878d90e7580c9a81dfb63cfea0fa1e256b0e27a36e4efaf7f536320b0e37,2023-01-30T13:28:00Z,FIRST_RETEST_FILLED,2023-01-30T13:20:00Z,2023-01-30T13:06:00Z,1929.58,True,True,INITIAL_CONFIRMATION_STOP,15e2ac1165dbbac0bbcbdf9c9c7c402b8534644dbe79e74d09399bd8339edef4,4561e8b34211c9c4b018f1f633321756673c24474290af574876b6afef69538d,1923.9531785714285,1.3364285714285902,0.06682142857142952,,M5_LATEST_CONFIRMED_OPPOSING_SWING_ELSE_CONTROL,True,67205cc6c545fbcb9ee77b9e8b88735c3cf8cb3b195aea3c4705aaf4f8d3f0cf,2023-01-30T12:00:00Z,1924.02,1934.54,457859d9e4e9b14f086d1e5a40a4dc9a586927115c6e9d0a5a8cc48d1336a193
abe8d6383e95e5d4f816865467e5e0b569b2a006b046a87aed58a5308eafd1bf,1929.58,2023-01-30T13:05:00Z,0db1aa92fb24ec67f6fb188e07829e68fcbb6cca259ce4cc318ec4744be09ad0,2023-01-30T13:05:00Z,1930.18,1920.71,2023-02-01T00:00:00Z,2023-01-30T13:00:00Z,0.0,LONG,1.0,-50.0,CONTROL_V2_FILLED_STOP,2023-01-30T13:05:00Z,CONFIRMED_25_75_RETEST_SPLIT,1930.18,True,34cdfbe3aaf7025b725a2a0e3505d821c4d3b74736053d41181a2b77f5fa19e6,1.036614765193346,0.08586302915872683,2023_01,-1.0,-1.0,STOP,2023-01-31T06:15:00Z,SPLIT_STOP_STOP,31fe560e3e3e996a25c5c4cd283074468de5213cee7e36cfe43b7d981c124590,2023-01-31T06:15:00Z,FIRST_RETEST_FILLED,2023-01-30T13:20:00Z,2023-01-30T13:06:00Z,1929.58,True,True,INITIAL_CONFIRMATION_STOP,d6a7a873b129d691621cf33435d015763441d14592367f010624e28c74e6b5c4,4561e8b34211c9c4b018f1f633321756673c24474290af574876b6afef69538d,1920.71,2.25,0.1125,NOT_STRICTLY_CLOSER_THAN_CONTROL,M15_LATEST_CONFIRMED_OPPOSING_SWING_ELSE_CONTROL,False,7f4c8a72775cf3ed8869c603cdea66fc60333476a46d94609e8bee6ac92cb276,2023-01-30T11:15:00Z,1920.71,1934.54,457859d9e4e9b14f086d1e5a40a4dc9a586927115c6e9d0a5a8cc48d1336a193
abe8d6383e95e5d4f816865467e5e0b569b2a006b046a87aed58a5308eafd1bf,1929.58,2023-01-30T13:05:00Z,0db1aa92fb24ec67f6fb188e07829e68fcbb6cca259ce4cc318ec4744be09ad0,2023-01-30T13:05:00Z,1930.18,1920.71,2023-02-01T00:00:00Z,2023-01-30T13:00:00Z,0.0,LONG,1.0,-50.0,CONTROL_V2_FILLED_STOP,2023-01-30T13:05:00Z,CONFIRMED_25_75_RETEST_SPLIT,1930.18,True,9406a990d217782cd26aed36ba0967b76f09b504fdc22d0c8e50a8d078a479fe,1.036614765193346,0.08586302915872683,2023_01,-1.0,-1.0,STOP,2023-01-31T06:15:00Z,SPLIT_STOP_STOP,c9a30c35588cf9cf5b8bacdf28009133ff5a56c9062aea26bdb3586453041860,2023-01-31T06:15:00Z,FIRST_RETEST_FILLED,2023-01-30T13:20:00Z,2023-01-30T13:06:00Z,1929.58,True,True,INITIAL_CONFIRMATION_STOP,1c8577ecbea133a183baab399eaa99eaecc49fb6c7a37251a2a1222a05def9d7,4561e8b34211c9c4b018f1f633321756673c24474290af574876b6afef69538d,1920.71,4.361428571428552,0.21807142857142758,NOT_STRICTLY_CLOSER_THAN_CONTROL,H1_SOURCE_SWING_BUFFERED_ELSE_CONTROL,False,4561e8b34211c9c4b018f1f633321756673c24474290af574876b6afef69538d,2023-01-30T13:00:00Z,1920.71,1934.54,457859d9e4e9b14f086d1e5a40a4dc9a586927115c6e9d0a5a8cc48d1336a193
094ec553e74b0f0484a15fb9d8ab30f22b95a8220d402d1d405ad967c7bfe3f0,1925.4,2023-01-30T15:20:00Z,b57173e527e876cc01bd262c9bfd5a12d9ffa0d982d25ab11ee15b9e54603ab4,2023-01-30T15:20:00Z,1924.92,1930.79,2023-02-01T00:00:00Z,2023-01-30T15:00:00Z,0.0,SHORT,1.0,35.86030664395328,CONTROL_V2_FILLED_STOP,2023-01-30T15:20:00Z,CONTROL_NEXT_M1_OPEN,1924.92,True,9f6563e947005a7176be2415d960eef3a057eaff51dd2973954c38a483fbb2a3,0.93867120954005,0.7734241908006896,2023_01,0.7172061328790655,0.7172061328790655,TARGET,2023-01-31T06:15:00Z,TARGET,7c0041c8dd62801e7bb60853ae987c078472d1fc591dd2c84a96724582c8b3f3,2023-01-31T06:15:00Z,FIRST_RETEST_FILLED,2023-01-30T15:35:00Z,2023-01-30T15:21:00Z,1925.4,True,False,INITIAL_CONFIRMATION_TARGET,b2d9e06bee6d4d67ebee9eb4587157227eb51649f648faeb9b8ac61c911e56e4,33cb1a1b40df51922c2ce911ffbf3ce3d1c287cd3942604b8325f5df625e7928,1930.79,,,,CONTROL_V2_FILLED_STOP,False,,2023-01-30T15:20:00Z,1930.79,1920.71,18ef24a879fe8035eda297753d046684e291aec2659046518adae1ae689cddaf
094ec553e74b0f0484a15fb9d8ab30f22b95a8220d402d1d405ad967c7bfe3f0,1925.4,2023-01-30T15:20:00Z,b57173e527e876cc01bd262c9bfd5a12d9ffa0d982d25ab11ee15b9e54603ab4,2023-01-30T15:20:00Z,1924.92,1930.79,2023-02-01T00:00:00Z,2023-01-30T15:00:00Z,-1.7172061328790655,SHORT,0.3363835483085889,-50.0,M5_LATEST_CONFIRMED_OPPOSING_SWING_ELSE_CONTROL,2023-01-30T15:20:00Z,CONTROL_NEXT_M1_OPEN,1924.92,True,7ec7734f70c7b413e2e424c0a462ca4a43d9f0ec9a2eb6b9121467450819f8d2,1.1293589929098906,0.060772681232878614,2023_01,-1.0,0.7172061328790655,TARGET,2023-01-31T06:15:00Z,STOP,e3708071bf1abdf84999b330609550563ad9e975410e7c5d92a84ad482a3b2d4,2023-01-30T15:22:00Z,FIRST_RETEST_FILLED,2023-01-30T15:35:00Z,2023-01-30T15:21:00Z,1925.4,True,False,INITIAL_CONFIRMATION_TARGET,5a97e47fb4dee3c46944c05273594c25f02c5221975a412441519035b215aace,33cb1a1b40df51922c2ce911ffbf3ce3d1c287cd3942604b8325f5df625e7928,1926.8945714285715,1.0914285714285694,0.05457142857142847,,M5_LATEST_CONFIRMED_OPPOSING_SWING_ELSE_CONTROL,True,7d028b5256a758da07fd6965da42265d3a2a4c02b0a5c387f6425f8afbcf6509,2023-01-30T15:05:00Z,1926.84,1920.71,18ef24a879fe8035eda297753d046684e291aec2659046518adae1ae689cddaf
094ec553e74b0f0484a15fb9d8ab30f22b95a8220d402d1d405ad967c7bfe3f0,1925.4,2023-01-30T15:20:00Z,b57173e527e876cc01bd262c9bfd5a12d9ffa0d982d25ab11ee15b9e54603ab4,2023-01-30T15:20:00Z,1924.92,1930.79,2023-02-01T00:00:00Z,2023-01-30T15:00:00Z,0.0,SHORT,1.0,35.86030664395328,CONTROL_V2_FILLED_STOP,2023-01-30T15:20:00Z,CONTROL_NEXT_M1_OPEN,1924.92,True,f5a7e686ddd5d88cdf2d57eeb7f476645d436247862a5b689483a64232b663ad,0.93867120954005,0.7734241908006896,2023_01,0.7172061328790655,0.7172061328790655,TARGET,2023-01-31T06:15:00Z,TARGET,a2c7f36f28d0f7247dd5a8cba039728d8eacbfe966e6d4f4b857e553968279b4,2023-01-31T06:15:00Z,FIRST_RETEST_FILLED,2023-01-30T15:35:00Z,2023-01-30T15:21:00Z,1925.4,True,False,INITIAL_CONFIRMATION_TARGET,314809ef50b1c944a3ea36df92c77376b87f4fe2d9903786bb02116855851bea,33cb1a1b40df51922c2ce911ffbf3ce3d1c287cd3942604b8325f5df625e7928,1930.79,2.3785714285714414,0.11892857142857208,NOT_STRICTLY_CLOSER_THAN_CONTROL,M15_LATEST_CONFIRMED_OPPOSING_SWING_ELSE_CONTROL,False,1fdb30d75ea21dc7cbca1e3f559309b24f3c1fd5de67da13d253413b81cae608,2023-01-30T13:30:00Z,1930.79,1920.71,18ef24a879fe8035eda297753d046684e291aec2659046518adae1ae689cddaf
094ec553e74b0f0484a15fb9d8ab30f22b95a8220d402d1d405ad967c7bfe3f0,1925.4,2023-01-30T15:20:00Z,b57173e527e876cc01bd262c9bfd5a12d9ffa0d982d25ab11ee15b9e54603ab4,2023-01-30T15:20:00Z,1924.92,1930.79,2023-02-01T00:00:00Z,2023-01-30T15:00:00Z,0.0,SHORT,1.0,35.86030664395328,CONTROL_V2_FILLED_STOP,2023-01-30T15:20:00Z,CONTROL_NEXT_M1_OPEN,1924.92,True,ddb3c044d4deecd9aeda29b0e0d002d49e989a00a8b037c8f09322a80d9c901d,0.93867120954005,0.7734241908006896,2023_01,0.7172061328790655,0.7172061328790655,TARGET,2023-01-31T06:15:00Z,TARGET,c61962df459fc44aeab512c84fcee9dc8e3045f9020631d32d0ef83368b3bff9,2023-01-31T06:15:00Z,FIRST_RETEST_FILLED,2023-01-30T15:35:00Z,2023-01-30T15:21:00Z,1925.4,True,False,INITIAL_CONFIRMATION_TARGET,97629a9033ae5044cdecd06a097d2a1f40606ccb694ff0a8635aa5d587eecca4,33cb1a1b40df51922c2ce911ffbf3ce3d1c287cd3942604b8325f5df625e7928,1930.79,4.926428571428557,0.2463214285714279,NOT_STRICTLY_CLOSER_THAN_CONTROL,H1_SOURCE_SWING_BUFFERED_ELSE_CONTROL,False,33cb1a1b40df51922c2ce911ffbf3ce3d1c287cd3942604b8325f5df625e7928,2023-01-30T15:00:00Z,1930.79,1920.71,18ef24a879fe8035eda297753d046684e291aec2659046518adae1ae689cddaf
094ec553e74b0f0484a15fb9d8ab30f22b95a8220d402d1d405ad967c7bfe3f0,1925.4,2023-01-30T15:20:00Z,b57173e527e876cc01bd262c9bfd5a12d9ffa0d982d25ab11ee15b9e54603ab4,2023-01-30T15:20:00Z,1924.92,1930.79,2023-02-01T00:00:00Z,2023-01-30T15:00:00Z,0.1529237372508353,SHORT,1.0,43.50649350649504,CONTROL_V2_FILLED_STOP,2023-01-30T15:21:00Z,M5_BROKEN_CONTROL_FIRST_RETEST,1925.4,True,9f6563e947005a7176be2415d960eef3a057eaff51dd2973954c38a483fbb2a3,0.9332096474953787,0.9313543599258072,2023_01,0.8701298701299008,0.7172061328790655,TARGET,2023-01-31T06:15:00Z,TARGET,ccfb406a4bcf4c413ca22d2a947edef42384c37fc2e96ef1b3211f319fb63557,2023-01-31T06:15:00Z,FIRST_RETEST_FILLED,2023-01-30T15:35:00Z,2023-01-30T15:21:00Z,1925.4,True,True,INITIAL_CONFIRMATION_TARGET,769e933f0e838e48250950d7a63366f55d17bb16e713b75ae7099edd9ff69693,33cb1a1b40df51922c2ce911ffbf3ce3d1c287cd3942604b8325f5df625e7928,1930.79,,,,CONTROL_V2_FILLED_STOP,False,,2023-01-30T15:20:00Z,1930.79,1920.71,18ef24a879fe8035eda297753d046684e291aec2659046518adae1ae689cddaf
094ec553e74b0f0484a15fb9d8ab30f22b95a8220d402d1d405ad967c7bfe3f0,1925.4,2023-01-30T15:20:00Z,b57173e527e876cc01bd262c9bfd5a12d9ffa0d982d25ab11ee15b9e54603ab4,2023-01-30T15:20:00Z,1924.92,1930.79,2023-02-01T00:00:00Z,2023-01-30T15:00:00Z,-1.7172061328790655,SHORT,0.3363835483085889,-50.0,M5_LATEST_CONFIRMED_OPPOSING_SWING_ELSE_CONTROL,2023-01-30T15:21:00Z,M5_BROKEN_CONTROL_FIRST_RETEST,1925.4,True,7ec7734f70c7b413e2e424c0a462ca4a43d9f0ec9a2eb6b9121467450819f8d2,1.1709042248136632,0.060217931561942904,2023_01,-1.0,0.7172061328790655,TARGET,2023-01-31T06:15:00Z,STOP,dffaa1f0f23ab143b69335ce2e12a1a2e22629a26e6f0177e0d5e89fbd9dc224,2023-01-30T15:22:00Z,FIRST_RETEST_FILLED,2023-01-30T15:35:00Z,2023-01-30T15:21:00Z,1925.4,True,True,INITIAL_CONFIRMATION_TARGET,124ad8c38fe88f6861bf4afa43bdf0b02fffc379c3633231b46c8ac97f84b560,33cb1a1b40df51922c2ce911ffbf3ce3d1c287cd3942604b8325f5df625e7928,1926.8945714285715,1.0914285714285694,0.05457142857142847,,M5_LATEST_CONFIRMED_OPPOSING_SWING_ELSE_CONTROL,True,7d028b5256a758da07fd6965da42265d3a2a4c02b0a5c387f6425f8afbcf6509,2023-01-30T15:05:00Z,1926.84,1920.71,18ef24a879fe8035eda297753d046684e291aec2659046518adae1ae689cddaf
094ec553e74b0f0484a15fb9d8ab30f22b95a8220d402d1d405ad967c7bfe3f0,1925.4,2023-01-30T15:20:00Z,b57173e527e876cc01bd262c9bfd5a12d9ffa0d982d25ab11ee15b9e54603ab4,2023-01-30T15:20:00Z,1924.92,1930.79,2023-02-01T00:00:00Z,2023-01-30T15:00:00Z,0.1529237372508353,SHORT,1.0,43.50649350649504,CONTROL_V2_FILLED_STOP,2023-01-30T15:21:00Z,M5_BROKEN_CONTROL_FIRST_RETEST,1925.4,True,f5a7e686ddd5d88cdf2d57eeb7f476645d436247862a5b689483a64232b663ad,0.9332096474953787,0.9313543599258072,2023_01,0.8701298701299008,0.7172061328790655,TARGET,2023-01-31T06:15:00Z,TARGET,7e4edd5b5f5c7109ac26f40ee1d728e5bc66865d3559cd4c74b6125074a623f4,2023-01-31T06:15:00Z,FIRST_RETEST_FILLED,2023-01-30T15:35:00Z,2023-01-30T15:21:00Z,1925.4,True,True,INITIAL_CONFIRMATION_TARGET,c591b411d5ece4512b41b5ec213982526857ad1076bb686ac5f267323314004b,33cb1a1b40df51922c2ce911ffbf3ce3d1c287cd3942604b8325f5df625e7928,1930.79,2.3785714285714414,0.11892857142857208,NOT_STRICTLY_CLOSER_THAN_CONTROL,M15_LATEST_CONFIRMED_OPPOSING_SWING_ELSE_CONTROL,False,1fdb30d75ea21dc7cbca1e3f559309b24f3c1fd5de67da13d253413b81cae608,2023-01-30T13:30:00Z,1930.79,1920.71,18ef24a879fe8035eda297753d046684e291aec2659046518adae1ae689cddaf
094ec553e74b0f0484a15fb9d8ab30f22b95a8220d402d1d405ad967c7bfe3f0,1925.4,2023-01-30T15:20:00Z,b57173e527e876cc01bd262c9bfd5a12d9ffa0d982d25ab11ee15b9e54603ab4,2023-01-30T15:20:00Z,1924.92,1930.79,2023-02-01T00:00:00Z,2023-01-30T15:00:00Z,0.1529237372508353,SHORT,1.0,43.50649350649504,CONTROL_V2_FILLED_STOP,2023-01-30T15:21:00Z,M5_BROKEN_CONTROL_FIRST_RETEST,1925.4,True,ddb3c044d4deecd9aeda29b0e0d002d49e989a00a8b037c8f09322a80d9c901d,0.9332096474953787,0.9313543599258072,2023_01,0.8701298701299008,0.7172061328790655,TARGET,2023-01-31T06:15:00Z,TARGET,0bb109d5ebd14a178f0cf9841ad297300e52ece10eb5805bdb3d6c26bd9920a1,2023-01-31T06:15:00Z,FIRST_RETEST_FILLED,2023-01-30T15:35:00Z,2023-01-30T15:21:00Z,1925.4,True,True,INITIAL_CONFIRMATION_TARGET,6843f4dd6e61156bebfcabf87f4408d885d07e6cf8d48c4a06ae19f038af9318,33cb1a1b40df51922c2ce911ffbf3ce3d1c287cd3942604b8325f5df625e7928,1930.79,4.926428571428557,0.2463214285714279,NOT_STRICTLY_CLOSER_THAN_CONTROL,H1_SOURCE_SWING_BUFFERED_ELSE_CONTROL,False,33cb1a1b40df51922c2ce911ffbf3ce3d1c287cd3942604b8325f5df625e7928,2023-01-30T15:00:00Z,1930.79,1920.71,18ef24a879fe8035eda297753d046684e291aec2659046518adae1ae689cddaf
094ec553e74b0f0484a15fb9d8ab30f22b95a8220d402d1d405ad967c7bfe3f0,1925.4,2023-01-30T15:20:00Z,b57173e527e876cc01bd262c9bfd5a12d9ffa0d982d25ab11ee15b9e54603ab4,2023-01-30T15:20:00Z,1924.92,1930.79,2023-02-01T00:00:00Z,2023-01-30T15:00:00Z,0.11469280293812645,SHORT,1.0,41.5949467908596,CONTROL_V2_FILLED_STOP,2023-01-30T15:20:00Z,CONFIRMED_25_75_RETEST_SPLIT,1924.92,True,9f6563e947005a7176be2415d960eef3a057eaff51dd2973954c38a483fbb2a3,0.9345750380065465,0.8918718176445277,2023_01,0.831898935817192,0.7172061328790655,TARGET,2023-01-31T06:15:00Z,SPLIT_TARGET_TARGET,590ab0c2f580426f471b6f0a5a545118d6989c260020301261cd04161a1cfefe,2023-01-31T06:15:00Z,FIRST_RETEST_FILLED,2023-01-30T15:35:00Z,2023-01-30T15:21:00Z,1925.4,True,True,INITIAL_CONFIRMATION_TARGET,50bc9fd5869e02952d79afa31969ed343f952d9357f6887a19c788d38e50579f,33cb1a1b40df51922c2ce911ffbf3ce3d1c287cd3942604b8325f5df625e7928,1930.79,,,,CONTROL_V2_FILLED_STOP,False,,2023-01-30T15:20:00Z,1930.79,1920.71,18ef24a879fe8035eda297753d046684e291aec2659046518adae1ae689cddaf
094ec553e74b0f0484a15fb9d8ab30f22b95a8220d402d1d405ad967c7bfe3f0,1925.4,2023-01-30T15:20:00Z,b57173e527e876cc01bd262c9bfd5a12d9ffa0d982d25ab11ee15b9e54603ab4,2023-01-30T15:20:00Z,1924.92,1930.79,2023-02-01T00:00:00Z,2023-01-30T15:00:00Z,-1.7172061328790655,SHORT,0.3363835483085889,-50.0,M5_LATEST_CONFIRMED_OPPOSING_SWING_ELSE_CONTROL,2023-01-30T15:20:00Z,CONFIRMED_25_75_RETEST_SPLIT,1924.92,True,7ec7734f70c7b413e2e424c0a462ca4a43d9f0ec9a2eb6b9121467450819f8d2,1.16051791683772,0.06035661897967683,2023_01,-1.0,0.7172061328790655,TARGET,2023-01-31T06:15:00Z,SPLIT_STOP_STOP,03fa7c121f311526364b79245eb81773440653de794d327a269950c9e51442df,2023-01-30T15:22:00Z,FIRST_RETEST_FILLED,2023-01-30T15:35:00Z,2023-01-30T15:21:00Z,1925.4,True,True,INITIAL_CONFIRMATION_TARGET,b8db9a9e8eb9736c199c2d1a859220a4f0dd81dec8554cf66cfba1d8b9ce4cbe,33cb1a1b40df51922c2ce911ffbf3ce3d1c287cd3942604b8325f5df625e7928,1926.8945714285715,1.0914285714285694,0.05457142857142847,,M5_LATEST_CONFIRMED_OPPOSING_SWING_ELSE_CONTROL,True,7d028b5256a758da07fd6965da42265d3a2a4c02b0a5c387f6425f8afbcf6509,2023-01-30T15:05:00Z,1926.84,1920.71,18ef24a879fe8035eda297753d046684e291aec2659046518adae1ae689cddaf
094ec553e74b0f0484a15fb9d8ab30f22b95a8220d402d1d405ad967c7bfe3f0,1925.4,2023-01-30T15:20:00Z,b57173e527e876cc01bd262c9bfd5a12d9ffa0d982d25ab11ee15b9e54603ab4,2023-01-30T15:20:00Z,1924.92,1930.79,2023-02-01T00:00:00Z,2023-01-30T15:00:00Z,0.11469280293812645,SHORT,1.0,41.5949467908596,CONTROL_V2_FILLED_STOP,2023-01-30T15:20:00Z,CONFIRMED_25_75_RETEST_SPLIT,1924.92,True,f5a7e686ddd5d88cdf2d57eeb7f476645d436247862a5b689483a64232b663ad,0.9345750380065465,0.8918718176445277,2023_01,0.831898935817192,0.7172061328790655,TARGET,2023-01-31T06:15:00Z,SPLIT_TARGET_TARGET,4539b74dc7069f836408518e021f9048feb70593f0bb5822a01e588a24edb899,2023-01-31T06:15:00Z,FIRST_RETEST_FILLED,2023-01-30T15:35:00Z,2023-01-30T15:21:00Z,1925.4,True,True,INITIAL_CONFIRMATION_TARGET,82c57b5b04be0f8395bbae540947aaf018e49f1f45429ddd5dd2e784f0e9825c,33cb1a1b40df51922c2ce911ffbf3ce3d1c287cd3942604b8325f5df625e7928,1930.79,2.3785714285714414,0.11892857142857208,NOT_STRICTLY_CLOSER_THAN_CONTROL,M15_LATEST_CONFIRMED_OPPOSING_SWING_ELSE_CONTROL,False,1fdb30d75ea21dc7cbca1e3f559309b24f3c1fd5de67da13d253413b81cae608,2023-01-30T13:30:00Z,1930.79,1920.71,18ef24a879fe8035eda297753d046684e291aec2659046518adae1ae689cddaf
094ec553e74b0f0484a15fb9d8ab30f22b95a8220d402d1d405ad967c7bfe3f0,1925.4,2023-01-30T15:20:00Z,b57173e527e876cc01bd262c9bfd5a12d9ffa0d982d25ab11ee15b9e54603ab4,2023-01-30T15:20:00Z,1924.92,1930.79,2023-02-01T00:00:00Z,2023-01-30T15:00:00Z,0.11469280293812645,SHORT,1.0,41.5949467908596,CONTROL_V2_FILLED_STOP,2023-01-30T15:20:00Z,CONFIRMED_25_75_RETEST_SPLIT,1924.92,True,ddb3c044d4deecd9aeda29b0e0d002d49e989a00a8b037c8f09322a80d9c901d,0.9345750380065465,0.8918718176445277,2023_01,0.831898935817192,0.7172061328790655,TARGET,2023-01-31T06:15:00Z,SPLIT_TARGET_TARGET,1cd5f5b5816b441663427267c2702f7775bb0608fb24f666d24afd6681dec258,2023-01-31T06:15:00Z,FIRST_RETEST_FILLED,2023-01-30T15:35:00Z,2023-01-30T15:21:00Z,1925.4,True,True,INITIAL_CONFIRMATION_TARGET,cfab61f4806197bc1cb63b7ca736b30fe0aff1cf06da2979b903d12c8710c6a9,33cb1a1b40df51922c2ce911ffbf3ce3d1c287cd3942604b8325f5df625e7928,1930.79,4.926428571428557,0.2463214285714279,NOT_STRICTLY_CLOSER_THAN_CONTROL,H1_SOURCE_SWING_BUFFERED_ELSE_CONTROL,False,33cb1a1b40df51922c2ce911ffbf3ce3d1c287cd3942604b8325f5df625e7928,2023-01-30T15:00:00Z,1930.79,1920.71,18ef24a879fe8035eda297753d046684e291aec2659046518adae1ae689cddaf
b62f8337b3795d3273b107dc54945e774598d2b0cd78bdd8fa2568e5664e656c,1927.26,2023-01-30T16:05:00Z,439c4e3a4cb0ab9945f9be5eb76fc7ec0ca1dcf22ff0299b480806551c4baab1,2023-01-30T16:05:00Z,1928.61,1922.12,2023-02-01T00:00:00Z,2023-01-30T16:00:00Z,0.0,LONG,1.0,-50.0,CONTROL_V2_FILLED_STOP,2023-01-30T16:05:00Z,CONTROL_NEXT_M1_OPEN,1928.61,True,4029485c7ab03079b6cf828c860b0483f62eaef9be5324c2dc96f8596f13b770,1.0154083204930522,0.16178736517722347,2023_01,-1.0,-1.0,STOP,2023-01-30T19:33:00Z,STOP,50653f12874787790c7db59e6240cd7fb6fa3ef06e21c7981e7abd499e492843,2023-01-30T19:33:00Z,RETEST_EXPIRED,2023-01-30T16:20:00Z,,1927.26,False,False,INITIAL_CONFIRMATION_STOP,b3f41a61b9f773f88928b4689296d276c5b1b04ac5bad8fd1511e6845806d003,e2f3bf85d320c4ac7a4e2feeb62b2c4a1affe046650cbd7e0b3f2d1b7edc181a,1922.12,,,,CONTROL_V2_FILLED_STOP,False,,2023-01-30T16:05:00Z,1922.12,1930.79,a42248b105c5c9bfae574281b33b374f38116532e8a8c65a1848a263a2543972
b62f8337b3795d3273b107dc54945e774598d2b0cd78bdd8fa2568e5664e656c,1927.26,2023-01-30T16:05:00Z,439c4e3a4cb0ab9945f9be5eb76fc7ec0ca1dcf22ff0299b480806551c4baab1,2023-01-30T16:05:00Z,1928.61,1922.12,2023-02-01T00:00:00Z,2023-01-30T16:00:00Z,0.0,LONG,0.5978318291877551,-50.0,M5_LATEST_CONFIRMED_OPPOSING_SWING_ELSE_CONTROL,2023-01-30T16:05:00Z,CONTROL_NEXT_M1_OPEN,1928.61,True,84615fbcf62ec5e2df8176530a1ac7fc3a9bffe0b6df3f2e2c650b3f5fab7cf5,1.0438336493676224,0.27062353872498907,2023_01,-1.0,-1.0,STOP,2023-01-30T19:33:00Z,STOP,837182c970f8a4c45aaa2f9846dc6529d2bed1fe50476060c5e8077e12f7927f,2023-01-30T16:54:00Z,RETEST_EXPIRED,2023-01-30T16:20:00Z,,1927.26,False,False,INITIAL_CONFIRMATION_STOP,8caeeb8e67c2a478befa0fa4336723a6b095806932d73d07af3e588702fa2011,e2f3bf85d320c4ac7a4e2feeb62b2c4a1affe046650cbd7e0b3f2d1b7edc181a,1924.7300714285714,1.3985714285714235,0.06992857142857117,,M5_LATEST_CONFIRMED_OPPOSING_SWING_ELSE_CONTROL,True,039e5b2d58050f29e27c2560fe23daf995317ee254cd3c2766ce8464d35ed5e9,2023-01-30T15:35:00Z,1924.8,1930.79,a42248b105c5c9bfae574281b33b374f38116532e8a8c65a1848a263a2543972
b62f8337b3795d3273b107dc54945e774598d2b0cd78bdd8fa2568e5664e656c,1927.26,2023-01-30T16:05:00Z,439c4e3a4cb0ab9945f9be5eb76fc7ec0ca1dcf22ff0299b480806551c4baab1,2023-01-30T16:05:00Z,1928.61,1922.12,2023-02-01T00:00:00Z,2023-01-30T16:00:00Z,0.0,LONG,0.6069887739379088,-50.0,M15_LATEST_CONFIRMED_OPPOSING_SWING_ELSE_CONTROL,2023-01-30T16:05:00Z,CONTROL_NEXT_M1_OPEN,1928.61,True,7ec7b0a5881b3f789aa4307ff6614eaacf908530861d381b4cf9f5656d9cc8bf,1.0280865260829528,0.26654095120674065,2023_01,-1.0,-1.0,STOP,2023-01-30T19:33:00Z,STOP,267d80fd57c9a7a3de1635ea5f8551e51b709736e2b36bbd0724ac6822271d99,2023-01-30T16:54:00Z,RETEST_EXPIRED,2023-01-30T16:20:00Z,,1927.26,False,False,INITIAL_CONFIRMATION_STOP,062c2d509d97445c660700199af796820327b3a2a0ec6ca42a442a714ccd6ac5,e2f3bf85d320c4ac7a4e2feeb62b2c4a1affe046650cbd7e0b3f2d1b7edc181a,1924.6706428571429,2.587142857142843,0.12935714285714214,,M15_LATEST_CONFIRMED_OPPOSING_SWING_ELSE_CONTROL,True,8596a6b861c8d77d6372d41a1e19a2743ca53e4b9f997eb2aa7455944668fc0d,2023-01-30T16:00:00Z,1924.8,1930.79,a42248b105c5c9bfae574281b33b374f38116532e8a8c65a1848a263a2543972
b62f8337b3795d3273b107dc54945e774598d2b0cd78bdd8fa2568e5664e656c,1927.26,2023-01-30T16:05:00Z,439c4e3a4cb0ab9945f9be5eb76fc7ec0ca1dcf22ff0299b480806551c4baab1,2023-01-30T16:05:00Z,1928.61,1922.12,2023-02-01T00:00:00Z,2023-01-30T16:00:00Z,0.0,LONG,1.0,-50.0,CONTROL_V2_FILLED_STOP,2023-01-30T16:05:00Z,CONTROL_NEXT_M1_OPEN,1928.61,True,d18854e3b4b029b1c4446dd0521c5c9124fdf423228804c137c0e5df1e5805cd,1.0154083204930522,0.16178736517722347,2023_01,-1.0,-1.0,STOP,2023-01-30T19:33:00Z,STOP,4a8ac3cdebcb87985c290b5e9300aef3aa241764cdea2dd47a6172ad1aaff322,2023-01-30T19:33:00Z,RETEST_EXPIRED,2023-01-30T16:20:00Z,,1927.26,False,False,INITIAL_CONFIRMATION_STOP,b2bd5066d690e5ca9d5e973e3e10398291966f2d22102e1a4485e5e9db3341a6,e2f3bf85d320c4ac7a4e2feeb62b2c4a1affe046650cbd7e0b3f2d1b7edc181a,1922.12,5.009285714285722,0.25046428571428614,NOT_STRICTLY_CLOSER_THAN_CONTROL,H1_SOURCE_SWING_BUFFERED_ELSE_CONTROL,False,e2f3bf85d320c4ac7a4e2feeb62b2c4a1affe046650cbd7e0b3f2d1b7edc181a,2023-01-30T16:00:00Z,1922.12,1930.79,a42248b105c5c9bfae574281b33b374f38116532e8a8c65a1848a263a2543972
b62f8337b3795d3273b107dc54945e774598d2b0cd78bdd8fa2568e5664e656c,1927.26,2023-01-30T16:05:00Z,439c4e3a4cb0ab9945f9be5eb76fc7ec0ca1dcf22ff0299b480806551c4baab1,2023-01-30T16:05:00Z,1928.61,1922.12,2023-02-01T00:00:00Z,2023-01-30T16:00:00Z,1.0,LONG,1.0,0.0,CONTROL_V2_FILLED_STOP,,M5_BROKEN_CONTROL_FIRST_RETEST,,False,4029485c7ab03079b6cf828c860b0483f62eaef9be5324c2dc96f8596f13b770,,,2023_01,0.0,-1.0,STOP,2023-01-30T19:33:00Z,NO_FILL,c87babf2ce823e0268218ebcce33b023d725ec62c2cb829fcd55306183458654,,RETEST_EXPIRED,2023-01-30T16:20:00Z,,1927.26,False,False,INITIAL_CONFIRMATION_STOP,a09dea061cc026dc5ca75137ecf107981a2d2c93cfbe125cc616a16263d531c0,e2f3bf85d320c4ac7a4e2feeb62b2c4a1affe046650cbd7e0b3f2d1b7edc181a,1922.12,,,,CONTROL_V2_FILLED_STOP,False,,2023-01-30T16:05:00Z,1922.12,1930.79,a42248b105c5c9bfae574281b33b374f38116532e8a8c65a1848a263a2543972
b62f8337b3795d3273b107dc54945e774598d2b0cd78bdd8fa2568e5664e656c,1927.26,2023-01-30T16:05:00Z,439c4e3a4cb0ab9945f9be5eb76fc7ec0ca1dcf22ff0299b480806551c4baab1,2023-01-30T16:05:00Z,1928.61,1922.12,2023-02-01T00:00:00Z,2023-01-30T16:00:00Z,1.0,LONG,0.5978318291877551,0.0,M5_LATEST_CONFIRMED_OPPOSING_SWING_ELSE_CONTROL,,M5_BROKEN_CONTROL_FIRST_RETEST,,False,84615fbcf62ec5e2df8176530a1ac7fc3a9bffe0b6df3f2e2c650b3f5fab7cf5,,,2023_01,0.0,-1.0,STOP,2023-01-30T19:33:00Z,NO_FILL,a4bf60d6ff01ae136ef74cbd56b5da7e3d4dfd18141430e7fdfa1507be716a74,,RETEST_EXPIRED,2023-01-30T16:20:00Z,,1927.26,False,False,INITIAL_CONFIRMATION_STOP,113ede316f39a4093ea698384b76402185c3b913716d09056703f4ca2a574c7e,e2f3bf85d320c4ac7a4e2feeb62b2c4a1affe046650cbd7e0b3f2d1b7edc181a,1924.7300714285714,1.3985714285714235,0.06992857142857117,,M5_LATEST_CONFIRMED_OPPOSING_SWING_ELSE_CONTROL,True,039e5b2d58050f29e27c2560fe23daf995317ee254cd3c2766ce8464d35ed5e9,2023-01-30T15:35:00Z,1924.8,1930.79,a42248b105c5c9bfae574281b33b374f38116532e8a8c65a1848a263a2543972
b62f8337b3795d3273b107dc54945e774598d2b0cd78bdd8fa2568e5664e656c,1927.26,2023-01-30T16:05:00Z,439c4e3a4cb0ab9945f9be5eb76fc7ec0ca1dcf22ff0299b480806551c4baab1,2023-01-30T16:05:00Z,1928.61,1922.12,2023-02-01T00:00:00Z,2023-01-30T16:00:00Z,1.0,LONG,0.6069887739379088,0.0,M15_LATEST_CONFIRMED_OPPOSING_SWING_ELSE_CONTROL,,M5_BROKEN_CONTROL_FIRST_RETEST,,False,7ec7b0a5881b3f789aa4307ff6614eaacf908530861d381b4cf9f5656d9cc8bf,,,2023_01,0.0,-1.0,STOP,2023-01-30T19:33:00Z,NO_FILL,a2be2bd7282c26e60bdcb6fcd28ff8b2334b04fc89a55ad9f2fab3930b98e686,,RETEST_EXPIRED,2023-01-30T16:20:00Z,,1927.26,False,False,INITIAL_CONFIRMATION_STOP,92f447411ebdd3fe9598a12c73568922e4781d6b6efa5aee521a44f5bdca5c17,e2f3bf85d320c4ac7a4e2feeb62b2c4a1affe046650cbd7e0b3f2d1b7edc181a,1924.6706428571429,2.587142857142843,0.12935714285714214,,M15_LATEST_CONFIRMED_OPPOSING_SWING_ELSE_CONTROL,True,8596a6b861c8d77d6372d41a1e19a2743ca53e4b9f997eb2aa7455944668fc0d,2023-01-30T16:00:00Z,1924.8,1930.79,a42248b105c5c9bfae574281b33b374f38116532e8a8c65a1848a263a2543972
b62f8337b3795d3273b107dc54945e774598d2b0cd78bdd8fa2568e5664e656c,1927.26,2023-01-30T16:05:00Z,439c4e3a4cb0ab9945f9be5eb76fc7ec0ca1dcf22ff0299b480806551c4baab1,2023-01-30T16:05:00Z,1928.61,1922.12,2023-02-01T00:00:00Z,2023-01-30T16:00:00Z,1.0,LONG,1.0,0.0,CONTROL_V2_FILLED_STOP,,M5_BROKEN_CONTROL_FIRST_RETEST,,False,d18854e3b4b029b1c4446dd0521c5c9124fdf423228804c137c0e5df1e5805cd,,,2023_01,0.0,-1.0,STOP,2023-01-30T19:33:00Z,NO_FILL,7a82f52cfe19bd767b59b278be07895b15aad9bf53eee8f7b50e93624d0b64d7,,RETEST_EXPIRED,2023-01-30T16:20:00Z,,1927.26,False,False,INITIAL_CONFIRMATION_STOP,9d2b531a5b2c9e3b6defda399ba9b70acef6451cc94faf1111f8e95bf2b120fa,e2f3bf85d320c4ac7a4e2feeb62b2c4a1affe046650cbd7e0b3f2d1b7edc181a,1922.12,5.009285714285722,0.25046428571428614,NOT_STRICTLY_CLOSER_THAN_CONTROL,H1_SOURCE_SWING_BUFFERED_ELSE_CONTROL,False,e2f3bf85d320c4ac7a4e2feeb62b2c4a1affe046650cbd7e0b3f2d1b7edc181a,2023-01-30T16:00:00Z,1922.12,1930.79,a42248b105c5c9bfae574281b33b374f38116532e8a8c65a1848a263a2543972
b62f8337b3795d3273b107dc54945e774598d2b0cd78bdd8fa2568e5664e656c,1927.26,2023-01-30T16:05:00Z,439c4e3a4cb0ab9945f9be5eb76fc7ec0ca1dcf22ff0299b480806551c4baab1,2023-01-30T16:05:00Z,1928.61,1922.12,2023-02-01T00:00:00Z,2023-01-30T16:00:00Z,0.75,LONG,1.0,-12.5,CONTROL_V2_FILLED_STOP,2023-01-30T16:05:00Z,CONFIRMED_25_75_RETEST_SPLIT,1928.61,True,4029485c7ab03079b6cf828c860b0483f62eaef9be5324c2dc96f8596f13b770,0.25385208012326305,0.04044684129430587,2023_01,-0.25,-1.0,STOP,2023-01-30T19:33:00Z,SPLIT_CONTROL_STOP_NO_RETEST,f4705c6ab5b77f3b2c3a25294cfc92ab273459051ffa29c9e407535c1e47713f,2023-01-30T19:33:00Z,RETEST_EXPIRED,2023-01-30T16:20:00Z,,1927.26,False,False,INITIAL_CONFIRMATION_STOP,0de3349d2fbabda7e0d46bb6f3701caf60239e0eefcee43d2f65f7b02b650538,e2f3bf85d320c4ac7a4e2feeb62b2c4a1affe046650cbd7e0b3f2d1b7edc181a,1922.12,,,,CONTROL_V2_FILLED_STOP,False,,2023-01-30T16:05:00Z,1922.12,1930.79,a42248b105c5c9bfae574281b33b374f38116532e8a8c65a1848a263a2543972
b62f8337b3795d3273b107dc54945e774598d2b0cd78bdd8fa2568e5664e656c,1927.26,2023-01-30T16:05:00Z,439c4e3a4cb0ab9945f9be5eb76fc7ec0ca1dcf22ff0299b480806551c4baab1,2023-01-30T16:05:00Z,1928.61,1922.12,2023-02-01T00:00:00Z,2023-01-30T16:00:00Z,0.75,LONG,0.5978318291877551,-12.5,M5_LATEST_CONFIRMED_OPPOSING_SWING_ELSE_CONTROL,2023-01-30T16:05:00Z,CONFIRMED_25_75_RETEST_SPLIT,1928.61,True,84615fbcf62ec5e2df8176530a1ac7fc3a9bffe0b6df3f2e2c650b3f5fab7cf5,0.2609584123419056,0.06765588468124727,2023_01,-0.25,-1.0,STOP,2023-01-30T19:33:00Z,SPLIT_CONTROL_STOP_NO_RETEST,07e0c24e541f323bd4a9c381240656e8bb102bffa86fa49d2a31f4d4322660bc,2023-01-30T16:54:00Z,RETEST_EXPIRED,2023-01-30T16:20:00Z,,1927.26,False,False,INITIAL_CONFIRMATION_STOP,d54bdbf07cadb9a37b91bf9af8068bea59adbb7fef3a1100bbc19f396400ce66,e2f3bf85d320c4ac7a4e2feeb62b2c4a1affe046650cbd7e0b3f2d1b7edc181a,1924.7300714285714,1.3985714285714235,0.06992857142857117,,M5_LATEST_CONFIRMED_OPPOSING_SWING_ELSE_CONTROL,True,039e5b2d58050f29e27c2560fe23daf995317ee254cd3c2766ce8464d35ed5e9,2023-01-30T15:35:00Z,1924.8,1930.79,a42248b105c5c9bfae574281b33b374f38116532e8a8c65a1848a263a2543972
b62f8337b3795d3273b107dc54945e774598d2b0cd78bdd8fa2568e5664e656c,1927.26,2023-01-30T16:05:00Z,439c4e3a4cb0ab9945f9be5eb76fc7ec0ca1dcf22ff0299b480806551c4baab1,2023-01-30T16:05:00Z,1928.61,1922.12,2023-02-01T00:00:00Z,2023-01-30T16:00:00Z,0.75,LONG,0.6069887739379088,-12.5,M15_LATEST_CONFIRMED_OPPOSING_SWING_ELSE_CONTROL,2023-01-30T16:05:00Z,CONFIRMED_25_75_RETEST_SPLIT,1928.61,True,7ec7b0a5881b3f789aa4307ff6614eaacf908530861d381b4cf9f5656d9cc8bf,0.2570216315207382,0.06663523780168516,2023_01,-0.25,-1.0,STOP,2023-01-30T19:33:00Z,SPLIT_CONTROL_STOP_NO_RETEST,57e2a4ed9042c79f3078b4d1ad41a7ff466aa401fd840c1b626f1561322840fc,2023-01-30T16:54:00Z,RETEST_EXPIRED,2023-01-30T16:20:00Z,,1927.26,False,False,INITIAL_CONFIRMATION_STOP,0d5844d9410062b9885890ff6e95a1e56d0c95c03a0bfa0e70f4e34bf14d75da,e2f3bf85d320c4ac7a4e2feeb62b2c4a1affe046650cbd7e0b3f2d1b7edc181a,1924.6706428571429,2.587142857142843,0.12935714285714214,,M15_LATEST_CONFIRMED_OPPOSING_SWING_ELSE_CONTROL,True,8596a6b861c8d77d6372d41a1e19a2743ca53e4b9f997eb2aa7455944668fc0d,2023-01-30T16:00:00Z,1924.8,1930.79,a42248b105c5c9bfae574281b33b374f38116532e8a8c65a1848a263a2543972
b62f8337b3795d3273b107dc54945e774598d2b0cd78bdd8fa2568e5664e656c,1927.26,2023-01-30T16:05:00Z,439c4e3a4cb0ab9945f9be5eb76fc7ec0ca1dcf22ff0299b480806551c4baab1,2023-01-30T16:05:00Z,1928.61,1922.12,2023-02-01T00:00:00Z,2023-01-30T16:00:00Z,0.75,LONG,1.0,-12.5,CONTROL_V2_FILLED_STOP,2023-01-30T16:05:00Z,CONFIRMED_25_75_RETEST_SPLIT,1928.61,True,d18854e3b4b029b1c4446dd0521c5c9124fdf423228804c137c0e5df1e5805cd,0.25385208012326305,0.04044684129430587,2023_01,-0.25,-1.0,STOP,2023-01-30T19:33:00Z,SPLIT_CONTROL_STOP_NO_RETEST,7f375f17276b76202aed4046c7c341c81009525b21ef62c2afc6daa64b6aebb4,2023-01-30T19:33:00Z,RETEST_EXPIRED,2023-01-30T16:20:00Z,,1927.26,False,False,INITIAL_CONFIRMATION_STOP,875eb0b8be56179a20a9eb3ee9c43c4b0e0fbd1227dadfc50ba0865a60f0a3b1,e2f3bf85d320c4ac7a4e2feeb62b2c4a1affe046650cbd7e0b3f2d1b7edc181a,1922.12,5.009285714285722,0.25046428571428614,NOT_STRICTLY_CLOSER_THAN_CONTROL,H1_SOURCE_SWING_BUFFERED_ELSE_CONTROL,False,e2f3bf85d320c4ac7a4e2feeb62b2c4a1affe046650cbd7e0b3f2d1b7edc181a,2023-01-30T16:00:00Z,1922.12,1930.79,a42248b105c5c9bfae574281b33b374f38116532e8a8c65a1848a263a2543972
7c6add13e4f47cb49ea0761169cd0d9aaba52fac7a5fdab6be59842f05cab033,1923.06,2023-01-31T03:05:00Z,16fc60406202f9242d2862036b98363572e645d37e68f13d1bc50f3b40b54aa9,2023-01-31T03:05:00Z,1923.44,1920.86,2023-02-01T00:00:00Z,2023-01-31T03:00:00Z,0.0,LONG,1.0,-50.0,CONTROL_V2_FILLED_STOP,2023-01-31T03:05:00Z,CONTROL_NEXT_M1_OPEN,1923.44,True,7d389ba8b86bf58d954eefcf8f4fa8d8da949af5c4e07eeb07629aa411acb7b9,1.0077519379844886,1.5116279069766008,2023_01,-1.0,-1.0,STOP,2023-01-31T06:10:00Z,STOP,8720aa07bd8d23be1ac308613d65ed5af971e56a0f5dd2e42557dc68d0d98ad9,2023-01-31T06:10:00Z,FIRST_RETEST_FILLED,2023-01-31T03:20:00Z,2023-01-31T03:06:00Z,1923.06,True,False,INITIAL_CONFIRMATION_STOP,2495cff901c104ca936f668227cc7d8549915b36401217be496748471c31ba4b,5ce70d3f2603daea32aafd13906ac93986a19c3800917b68f0e83aa3fb6c9da9,1920.86,,,,CONTROL_V2_FILLED_STOP,False,,2023-01-31T03:05:00Z,1920.86,1930.79,403644843396941a20384e2a5e56c13a275f335955011e8825fc1f4101cb3647
7c6add13e4f47cb49ea0761169cd0d9aaba52fac7a5fdab6be59842f05cab033,1923.06,2023-01-31T03:05:00Z,16fc60406202f9242d2862036b98363572e645d37e68f13d1bc50f3b40b54aa9,2023-01-31T03:05:00Z,1923.44,1920.86,2023-02-01T00:00:00Z,2023-01-31T03:00:00Z,0.0,LONG,0.7620985603543676,-50.0,M5_LATEST_CONFIRMED_OPPOSING_SWING_ELSE_CONTROL,2023-01-31T03:05:00Z,CONTROL_NEXT_M1_OPEN,1923.44,True,fdac2d3cd33cf7f35005345e0ed3a8a76cd85b1b8b451ce8cf417c102d224f76,1.1087296109274287,1.9835071021177497,2023_01,-1.0,-1.0,STOP,2023-01-31T06:10:00Z,STOP,b7e1c993d52b3825728cc9e297581a83a4c6e6c823d2193a7ade65616288a276,2023-01-31T05:42:00Z,FIRST_RETEST_FILLED,2023-01-31T03:20:00Z,2023-01-31T03:06:00Z,1923.06,True,False,INITIAL_CONFIRMATION_STOP,03145c06004e6a41a07baeeed2d5db504b802e128d8ea4abb2386118efe188b1,5ce70d3f2603daea32aafd13906ac93986a19c3800917b68f0e83aa3fb6c9da9,1921.4737857142857,0.7242857142857214,0.036214285714286074,,M5_LATEST_CONFIRMED_OPPOSING_SWING_ELSE_CONTROL,True,350e3e4a89a3de53fb616abef88fa3b93e268478a988c9665fd254074571c3c1,2023-01-31T02:50:00Z,1921.51,1930.79,403644843396941a20384e2a5e56c13a275f335955011e8825fc1f4101cb3647
7c6add13e4f47cb49ea0761169cd0d9aaba52fac7a5fdab6be59842f05cab033,1923.06,2023-01-31T03:05:00Z,16fc60406202f9242d2862036b98363572e645d37e68f13d1bc50f3b40b54aa9,2023-01-31T03:05:00Z,1923.44,1920.86,2023-02-01T00:00:00Z,2023-01-31T03:00:00Z,0.0,LONG,0.8976190476189819,-50.0,M15_LATEST_CONFIRMED_OPPOSING_SWING_ELSE_CONTROL,2023-01-31T03:05:00Z,CONTROL_NEXT_M1_OPEN,1923.44,True,f3c3b137330858c3f35a1fb7c13a41e9cb918be0a45aa89657dc06587df6ae6f,1.1054222441551944,1.6840417000801557,2023_01,-1.0,-1.0,STOP,2023-01-31T06:10:00Z,STOP,a8c242576032fae1920009eeef9fd9b15fb99768221da3e830117c81a5c16798,2023-01-31T05:43:00Z,FIRST_RETEST_FILLED,2023-01-31T03:20:00Z,2023-01-31T03:06:00Z,1923.06,True,False,INITIAL_CONFIRMATION_STOP,f6f7db6da529a19c832701468e6b32a9f65d9daf03f619841079147f76ce6b81,5ce70d3f2603daea32aafd13906ac93986a19c3800917b68f0e83aa3fb6c9da9,1921.124142857143,1.117142857142832,0.0558571428571416,,M15_LATEST_CONFIRMED_OPPOSING_SWING_ELSE_CONTROL,True,63a845d50953abaae6c703b515a38ca1bc9512d5e7a5b79422e576131bc13f54,2023-01-31T02:45:00Z,1921.18,1930.79,403644843396941a20384e2a5e56c13a275f335955011e8825fc1f4101cb3647
7c6add13e4f47cb49ea0761169cd0d9aaba52fac7a5fdab6be59842f05cab033,1923.06,2023-01-31T03:05:00Z,16fc60406202f9242d2862036b98363572e645d37e68f13d1bc50f3b40b54aa9,2023-01-31T03:05:00Z,1923.44,1920.86,2023-02-01T00:00:00Z,2023-01-31T03:00:00Z,0.0,LONG,1.0,-50.0,CONTROL_V2_FILLED_STOP,2023-01-31T03:05:00Z,CONTROL_NEXT_M1_OPEN,1923.44,True,702be3c11aab8a387f76dc30019a1557fea96910b79e06a0846c7b5ae55e1499,1.0077519379844886,1.5116279069766008,2023_01,-1.0,-1.0,STOP,2023-01-31T06:10:00Z,STOP,46b1eff3903082ad12daba76d47f1c080cd56886917d416306b75b246c36213e,2023-01-31T06:10:00Z,FIRST_RETEST_FILLED,2023-01-31T03:20:00Z,2023-01-31T03:06:00Z,1923.06,True,False,INITIAL_CONFIRMATION_STOP,33498780ef5f4296de76a5257d2b9b0dc0340a7ed74e01093006c8ef366fd2dc,5ce70d3f2603daea32aafd13906ac93986a19c3800917b68f0e83aa3fb6c9da9,1920.86,4.262142857142862,0.21310714285714313,NOT_STRICTLY_CLOSER_THAN_CONTROL,H1_SOURCE_SWING_BUFFERED_ELSE_CONTROL,False,5ce70d3f2603daea32aafd13906ac93986a19c3800917b68f0e83aa3fb6c9da9,2023-01-31T03:00:00Z,1920.86,1930.79,403644843396941a20384e2a5e56c13a275f335955011e8825fc1f4101cb3647
7c6add13e4f47cb49ea0761169cd0d9aaba52fac7a5fdab6be59842f05cab033,1923.06,2023-01-31T03:05:00Z,16fc60406202f9242d2862036b98363572e645d37e68f13d1bc50f3b40b54aa9,2023-01-31T03:05:00Z,1923.44,1920.86,2023-02-01T00:00:00Z,2023-01-31T03:00:00Z,0.0,LONG,1.0,-50.0,CONTROL_V2_FILLED_STOP,2023-01-31T03:06:00Z,M5_BROKEN_CONTROL_FIRST_RETEST,1923.06,True,7d389ba8b86bf58d954eefcf8f4fa8d8da949af5c4e07eeb07629aa411acb7b9,1.0090909090909006,1.945454545454493,2023_01,-1.0,-1.0,STOP,2023-01-31T06:10:00Z,STOP,d10a613a085833ea4119950135f6e52b64bc6bb91a089256720cffd85f994a92,2023-01-31T06:10:00Z,FIRST_RETEST_FILLED,2023-01-31T03:20:00Z,2023-01-31T03:06:00Z,1923.06,True,True,INITIAL_CONFIRMATION_STOP,ced9a7b30236b38f96b3f38cbf9c59dafa9c2a2f28c1c90518c7db032b7467f1,5ce70d3f2603daea32aafd13906ac93986a19c3800917b68f0e83aa3fb6c9da9,1920.86,,,,CONTROL_V2_FILLED_STOP,False,,2023-01-31T03:05:00Z,1920.86,1930.79,403644843396941a20384e2a5e56c13a275f335955011e8825fc1f4101cb3647
7c6add13e4f47cb49ea0761169cd0d9aaba52fac7a5fdab6be59842f05cab033,1923.06,2023-01-31T03:05:00Z,16fc60406202f9242d2862036b98363572e645d37e68f13d1bc50f3b40b54aa9,2023-01-31T03:05:00Z,1923.44,1920.86,2023-02-01T00:00:00Z,2023-01-31T03:00:00Z,0.0,LONG,0.7620985603543676,-50.0,M5_LATEST_CONFIRMED_OPPOSING_SWING_ELSE_CONTROL,2023-01-31T03:06:00Z,M5_BROKEN_CONTROL_FIRST_RETEST,1923.06,True,fdac2d3cd33cf7f35005345e0ed3a8a76cd85b1b8b451ce8cf417c102d224f76,1.1347773224658666,2.698248300085556,2023_01,-1.0,-1.0,STOP,2023-01-31T06:10:00Z,STOP,aed72213b57a03ece81e44f32d88c6f0c6a6f66976cda1fbc9a2f747d721ec08,2023-01-31T05:42:00Z,FIRST_RETEST_FILLED,2023-01-31T03:20:00Z,2023-01-31T03:06:00Z,1923.06,True,True,INITIAL_CONFIRMATION_STOP,6a9c9c0994bd101ab17d06bf0b77abbe1f27e6fa690d3a0f659a558ce2e304ba,5ce70d3f2603daea32aafd13906ac93986a19c3800917b68f0e83aa3fb6c9da9,1921.4737857142857,0.7242857142857214,0.036214285714286074,,M5_LATEST_CONFIRMED_OPPOSING_SWING_ELSE_CONTROL,True,350e3e4a89a3de53fb616abef88fa3b93e268478a988c9665fd254074571c3c1,2023-01-31T02:50:00Z,1921.51,1930.79,403644843396941a20384e2a5e56c13a275f335955011e8825fc1f4101cb3647
7c6add13e4f47cb49ea0761169cd0d9aaba52fac7a5fdab6be59842f05cab033,1923.06,2023-01-31T03:05:00Z,16fc60406202f9242d2862036b98363572e645d37e68f13d1bc50f3b40b54aa9,2023-01-31T03:05:00Z,1923.44,1920.86,2023-02-01T00:00:00Z,2023-01-31T03:00:00Z,0.0,LONG,0.8976190476189819,-50.0,M15_LATEST_CONFIRMED_OPPOSING_SWING_ELSE_CONTROL,2023-01-31T03:06:00Z,M5_BROKEN_CONTROL_FIRST_RETEST,1923.06,True,f3c3b137330858c3f35a1fb7c13a41e9cb918be0a45aa89657dc06587df6ae6f,1.126116153789385,2.2109069441371094,2023_01,-1.0,-1.0,STOP,2023-01-31T06:10:00Z,STOP,9e246826c138172bd31c7d608d6b0a6368d67a99c94644c76e4359e0a2983b37,2023-01-31T05:43:00Z,FIRST_RETEST_FILLED,2023-01-31T03:20:00Z,2023-01-31T03:06:00Z,1923.06,True,True,INITIAL_CONFIRMATION_STOP,c007edca62240ce03c53f824c365e86e44b630a2bcf376c309460515b6e722cd,5ce70d3f2603daea32aafd13906ac93986a19c3800917b68f0e83aa3fb6c9da9,1921.124142857143,1.117142857142832,0.0558571428571416,,M15_LATEST_CONFIRMED_OPPOSING_SWING_ELSE_CONTROL,True,63a845d50953abaae6c703b515a38ca1bc9512d5e7a5b79422e576131bc13f54,2023-01-31T02:45:00Z,1921.18,1930.79,403644843396941a20384e2a5e56c13a275f335955011e8825fc1f4101cb3647
7c6add13e4f47cb49ea0761169cd0d9aaba52fac7a5fdab6be59842f05cab033,1923.06,2023-01-31T03:05:00Z,16fc60406202f9242d2862036b98363572e645d37e68f13d1bc50f3b40b54aa9,2023-01-31T03:05:00Z,1923.44,1920.86,2023-02-01T00:00:00Z,2023-01-31T03:00:00Z,0.0,LONG,1.0,-50.0,CONTROL_V2_FILLED_STOP,2023-01-31T03:06:00Z,M5_BROKEN_CONTROL_FIRST_RETEST,1923.06,True,702be3c11aab8a387f76dc30019a1557fea96910b79e06a0846c7b5ae55e1499,1.0090909090909006,1.945454545454493,2023_01,-1.0,-1.0,STOP,2023-01-31T06:10:00Z,STOP,ecb59202460846e117b3abba02b5506bbe34018df7a8b1d48ef395282e5c04fb,2023-01-31T06:10:00Z,FIRST_RETEST_FILLED,2023-01-31T03:20:00Z,2023-01-31T03:06:00Z,1923.06,True,True,INITIAL_CONFIRMATION_STOP,86027538b3c8eaf1c0307e29cc0d2182d92ab7b2a60d7716e5a13f6dd9bd2ce5,5ce70d3f2603daea32aafd13906ac93986a19c3800917b68f0e83aa3fb6c9da9,1920.86,4.262142857142862,0.21310714285714313,NOT_STRICTLY_CLOSER_THAN_CONTROL,H1_SOURCE_SWING_BUFFERED_ELSE_CONTROL,False,5ce70d3f2603daea32aafd13906ac93986a19c3800917b68f0e83aa3fb6c9da9,2023-01-31T03:00:00Z,1920.86,1930.79,403644843396941a20384e2a5e56c13a275f335955011e8825fc1f4101cb3647
7c6add13e4f47cb49ea0761169cd0d9aaba52fac7a5fdab6be59842f05cab033,1923.06,2023-01-31T03:05:00Z,16fc60406202f9242d2862036b98363572e645d37e68f13d1bc50f3b40b54aa9,2023-01-31T03:05:00Z,1923.44,1920.86,2023-02-01T00:00:00Z,2023-01-31T03:00:00Z,0.0,LONG,1.0,-50.0,CONTROL_V2_FILLED_STOP,2023-01-31T03:05:00Z,CONFIRMED_25_75_RETEST_SPLIT,1923.44,True,7d389ba8b86bf58d954eefcf8f4fa8d8da949af5c4e07eeb07629aa411acb7b9,1.0087561663142974,1.8369978858350198,2023_01,-1.0,-1.0,STOP,2023-01-31T06:10:00Z,SPLIT_STOP_STOP,70084e5b447c02397618dcc68292f00bbc7d750482e8eddd57335fb1d9fceb7f,2023-01-31T06:10:00Z,FIRST_RETEST_FILLED,2023-01-31T03:20:00Z,2023-01-31T03:06:00Z,1923.06,True,True,INITIAL_CONFIRMATION_STOP,c923f3216beef9208c180cb05d5edf5e8e1035180d84a697dac6a1c11fbb5262,5ce70d3f2603daea32aafd13906ac93986a19c3800917b68f0e83aa3fb6c9da9,1920.86,,,,CONTROL_V2_FILLED_STOP,False,,2023-01-31T03:05:00Z,1920.86,1930.79,403644843396941a20384e2a5e56c13a275f335955011e8825fc1f4101cb3647
7c6add13e4f47cb49ea0761169cd0d9aaba52fac7a5fdab6be59842f05cab033,1923.06,2023-01-31T03:05:00Z,16fc60406202f9242d2862036b98363572e645d37e68f13d1bc50f3b40b54aa9,2023-01-31T03:05:00Z,1923.44,1920.86,2023-02-01T00:00:00Z,2023-01-31T03:00:00Z,0.0,LONG,0.7620985603543676,-50.0,M5_LATEST_CONFIRMED_OPPOSING_SWING_ELSE_CONTROL,2023-01-31T03:05:00Z,CONFIRMED_25_75_RETEST_SPLIT,1923.44,True,fdac2d3cd33cf7f35005345e0ed3a8a76cd85b1b8b451ce8cf417c102d224f76,1.128265394581257,2.5195630005936045,2023_01,-1.0,-1.0,STOP,2023-01-31T06:10:00Z,SPLIT_STOP_STOP,e1247ea0f9008aa7efee09b3b44e7861f1c2eb29b215061f545ba0cd675eb4fa,2023-01-31T05:42:00Z,FIRST_RETEST_FILLED,2023-01-31T03:20:00Z,2023-01-31T03:06:00Z,1923.06,True,True,INITIAL_CONFIRMATION_STOP,35d859faa154da18814804a43d2c2e29af6ab37a789046510755f8a4417f6984,5ce70d3f2603daea32aafd13906ac93986a19c3800917b68f0e83aa3fb6c9da9,1921.4737857142857,0.7242857142857214,0.036214285714286074,,M5_LATEST_CONFIRMED_OPPOSING_SWING_ELSE_CONTROL,True,350e3e4a89a3de53fb616abef88fa3b93e268478a988c9665fd254074571c3c1,2023-01-31T02:50:00Z,1921.51,1930.79,403644843396941a20384e2a5e56c13a275f335955011e8825fc1f4101cb3647
7c6add13e4f47cb49ea0761169cd0d9aaba52fac7a5fdab6be59842f05cab033,1923.06,2023-01-31T03:05:00Z,16fc60406202f9242d2862036b98363572e645d37e68f13d1bc50f3b40b54aa9,2023-01-31T03:05:00Z,1923.44,1920.86,2023-02-01T00:00:00Z,2023-01-31T03:00:00Z,0.0,LONG,0.8976190476189819,-50.0,M15_LATEST_CONFIRMED_OPPOSING_SWING_ELSE_CONTROL,2023-01-31T03:05:00Z,CONFIRMED_25_75_RETEST_SPLIT,1923.44,True,f3c3b137330858c3f35a1fb7c13a41e9cb918be0a45aa89657dc06587df6ae6f,1.1209426763808372,2.079190633122871,2023_01,-1.0,-1.0,STOP,2023-01-31T06:10:00Z,SPLIT_STOP_STOP,8c4f525e93f504c982911c2362a37917760238f76ef63c69faa73075f67ca266,2023-01-31T05:43:00Z,FIRST_RETEST_FILLED,2023-01-31T03:20:00Z,2023-01-31T03:06:00Z,1923.06,True,True,INITIAL_CONFIRMATION_STOP,dcf5ed5b15d3592f24cd8ae6a45c3abd915f0795ea519bb62da2c7f913c27864,5ce70d3f2603daea32aafd13906ac93986a19c3800917b68f0e83aa3fb6c9da9,1921.124142857143,1.117142857142832,0.0558571428571416,,M15_LATEST_CONFIRMED_OPPOSING_SWING_ELSE_CONTROL,True,63a845d50953abaae6c703b515a38ca1bc9512d5e7a5b79422e576131bc13f54,2023-01-31T02:45:00Z,1921.18,1930.79,403644843396941a20384e2a5e56c13a275f335955011e8825fc1f4101cb3647
7c6add13e4f47cb49ea0761169cd0d9aaba52fac7a5fdab6be59842f05cab033,1923.06,2023-01-31T03:05:00Z,16fc60406202f9242d2862036b98363572e645d37e68f13d1bc50f3b40b54aa9,2023-01-31T03:05:00Z,1923.44,1920.86,2023-02-01T00:00:00Z,2023-01-31T03:00:00Z,0.0,LONG,1.0,-50.0,CONTROL_V2_FILLED_STOP,2023-01-31T03:05:00Z,CONFIRMED_25_75_RETEST_SPLIT,1923.44,True,702be3c11aab8a387f76dc30019a1557fea96910b79e06a0846c7b5ae55e1499,1.0087561663142974,1.8369978858350198,2023_01,-1.0,-1.0,STOP,2023-01-31T06:10:00Z,SPLIT_STOP_STOP,2473d064ec2c7758e3431e6e6f6fb0e51cd5b77fc112d0d8eac22cef55eac3a2,2023-01-31T06:10:00Z,FIRST_RETEST_FILLED,2023-01-31T03:20:00Z,2023-01-31T03:06:00Z,1923.06,True,True,INITIAL_CONFIRMATION_STOP,05f92ef979f819f71b99b89842cd554faf9a653025a00468eab1c4ae68ec05a8,5ce70d3f2603daea32aafd13906ac93986a19c3800917b68f0e83aa3fb6c9da9,1920.86,4.262142857142862,0.21310714285714313,NOT_STRICTLY_CLOSER_THAN_CONTROL,H1_SOURCE_SWING_BUFFERED_ELSE_CONTROL,False,5ce70d3f2603daea32aafd13906ac93986a19c3800917b68f0e83aa3fb6c9da9,2023-01-31T03:00:00Z,1920.86,1930.79,403644843396941a20384e2a5e56c13a275f335955011e8825fc1f4101cb3647
