broken_m5_control_identity,broken_m5_control_level,confirmation_at,confirmation_bar_identity,control_entry_at,control_entry_price,control_stop,deadline,decision_at,delta_vs_original_r,direction,distance_ratio_to_control,dollars_at_50_max_case_risk,effective_stop_policy,entry_at,entry_policy,entry_price,filled,geometry_sha256,mae_r,mfe_r,month,net_r,original_net_r,original_outcome,original_resolution_at,outcome,policy_result_sha256,resolution_at,retest_disposition,retest_expiry_at,retest_fill_at,retest_level,retest_opportunity,retest_used,route,row_sha256,source_h1_swing_identity,stop,stop_atr14,stop_buffer,stop_fallback_reason,stop_policy,stop_replaced_control,stop_source_identity,stop_source_known_at,stop_source_level,target,trade_identity
419cd0023ecd3b6a4d57d658a62885e0100f7d6a463b054b48a4a928f48a01c7,2751.89,2024-11-01T12:35:00Z,415bb8e7efeeffdb5973070801ec75bb2d19670b5a8d69ba7f7d7ea9a319f6e4,2024-11-01T12:35:00Z,2751.23,2757.74,2024-12-01T00:00:00Z,2024-11-01T12:00:00Z,0.0,SHORT,1.0,-50.0,CONTROL_V2_FILLED_STOP,2024-11-01T12:35:00Z,CONTROL_NEXT_M1_OPEN,2751.23,True,95fec7bd2499b6df61dc70f4b3152dce8dfcfed732a0737335081b307d4eca67,1.1781874039939095,0.9784946236559328,2024_11,-1.0,-1.0,STOP,2024-11-01T15:30:00Z,STOP,89a7c3c13fd9b33e224ac8731e24d3931bae28699e3466918a5ff1fd1da93e87,2024-11-01T15:30:00Z,RETEST_EXPIRED,2024-11-01T12:50:00Z,,2751.89,False,False,INITIAL_CONFIRMATION_STOP,ad77c13e8128509f7b284e1b8f6db2707d2d0c2e8a398e0d8563446679327388,81d50563c7253dcc4217eb4c5fcd715c1a4de733fc7d19515244a06294a5c901,2757.74,,,,CONTROL_V2_FILLED_STOP,False,,2024-11-01T12:35:00Z,2757.74,2744.85,875042139d7bc10a36dcd2f2b931a068cc575c7c4c38b547d07c61bc3ac4984c
419cd0023ecd3b6a4d57d658a62885e0100f7d6a463b054b48a4a928f48a01c7,2751.89,2024-11-01T12:35:00Z,415bb8e7efeeffdb5973070801ec75bb2d19670b5a8d69ba7f7d7ea9a319f6e4,2024-11-01T12:35:00Z,2751.23,2757.74,2024-12-01T00:00:00Z,2024-11-01T12:00:00Z,0.0,SHORT,0.666578889620373,-50.0,M5_LATEST_CONFIRMED_OPPOSING_SWING_ELSE_CONTROL,2024-11-01T12:35:00Z,CONTROL_NEXT_M1_OPEN,2751.23,True,f4a56ac8f4a7331083fec202fac7b2caa18e329a3a42951374ca98c19d054f19,1.7675138267053514,1.4679352120094902,2024_11,-1.0,-1.0,STOP,2024-11-01T15:30:00Z,STOP,bcac56e85680aa6c484de4f54385d2abb622106913acb3f782f6b582757a2e36,2024-11-01T15:30:00Z,RETEST_EXPIRED,2024-11-01T12:50:00Z,,2751.89,False,False,INITIAL_CONFIRMATION_STOP,cbd6b13cb885714e278d0d1cabdbf4ebfa443d747eaacf4035eaf1b478e42a2a,81d50563c7253dcc4217eb4c5fcd715c1a4de733fc7d19515244a06294a5c901,2755.5694285714285,1.7885714285714909,0.08942857142857455,,M5_LATEST_CONFIRMED_OPPOSING_SWING_ELSE_CONTROL,True,a58a3f3b27adc20b9be43688662fc52b6cbf07bde408721baa0555ab4e53b24a,2024-11-01T12:30:00Z,2755.48,2744.85,875042139d7bc10a36dcd2f2b931a068cc575c7c4c38b547d07c61bc3ac4984c
419cd0023ecd3b6a4d57d658a62885e0100f7d6a463b054b48a4a928f48a01c7,2751.89,2024-11-01T12:35:00Z,415bb8e7efeeffdb5973070801ec75bb2d19670b5a8d69ba7f7d7ea9a319f6e4,2024-11-01T12:35:00Z,2751.23,2757.74,2024-12-01T00:00:00Z,2024-11-01T12:00:00Z,0.0,SHORT,1.0,-50.0,CONTROL_V2_FILLED_STOP,2024-11-01T12:35:00Z,CONTROL_NEXT_M1_OPEN,2751.23,True,c12624f6eb637c7d78e00db11391b8827014cee019e6c46caace15d863bf4c05,1.1781874039939095,0.9784946236559328,2024_11,-1.0,-1.0,STOP,2024-11-01T15:30:00Z,STOP,14b06af5bc0082203b429f49f6100ac1340bfd4603ceab72dff78d7241abcae2,2024-11-01T15:30:00Z,RETEST_EXPIRED,2024-11-01T12:50:00Z,,2751.89,False,False,INITIAL_CONFIRMATION_STOP,a8a2f8262f46b70783659d2198d14e4d9edc51cb569400ec919c4d93a1601e7c,81d50563c7253dcc4217eb4c5fcd715c1a4de733fc7d19515244a06294a5c901,2757.74,3.0621428571428493,0.15310714285714247,NOT_STRICTLY_CLOSER_THAN_CONTROL,M15_LATEST_CONFIRMED_OPPOSING_SWING_ELSE_CONTROL,False,6d07470a2cd0cb5162049a82a12894fd67f955ffb1d4c6ae9bec62565cc3e35f,2024-11-01T09:45:00Z,2757.74,2744.85,875042139d7bc10a36dcd2f2b931a068cc575c7c4c38b547d07c61bc3ac4984c
419cd0023ecd3b6a4d57d658a62885e0100f7d6a463b054b48a4a928f48a01c7,2751.89,2024-11-01T12:35:00Z,415bb8e7efeeffdb5973070801ec75bb2d19670b5a8d69ba7f7d7ea9a319f6e4,2024-11-01T12:35:00Z,2751.23,2757.74,2024-12-01T00:00:00Z,2024-11-01T12:00:00Z,0.0,SHORT,1.0,-50.0,CONTROL_V2_FILLED_STOP,2024-11-01T12:35:00Z,CONTROL_NEXT_M1_OPEN,2751.23,True,c06969e9b9e171a80c1f7402d3d93618b82748d54bd37f852b0b95cc21f579f9,1.1781874039939095,0.9784946236559328,2024_11,-1.0,-1.0,STOP,2024-11-01T15:30:00Z,STOP,417e73312182e51343cbde63c0589b29d43971b028d70f23643f3e5b9d278a6f,2024-11-01T15:30:00Z,RETEST_EXPIRED,2024-11-01T12:50:00Z,,2751.89,False,False,INITIAL_CONFIRMATION_STOP,7154694f32cc2027cdc76e53c378d81292f94bbfe04ed5958dd4b73226052fec,81d50563c7253dcc4217eb4c5fcd715c1a4de733fc7d19515244a06294a5c901,2757.74,4.746428571428559,0.23732142857142793,NOT_STRICTLY_CLOSER_THAN_CONTROL,H1_SOURCE_SWING_BUFFERED_ELSE_CONTROL,False,81d50563c7253dcc4217eb4c5fcd715c1a4de733fc7d19515244a06294a5c901,2024-11-01T12:00:00Z,2757.74,2744.85,875042139d7bc10a36dcd2f2b931a068cc575c7c4c38b547d07c61bc3ac4984c
419cd0023ecd3b6a4d57d658a62885e0100f7d6a463b054b48a4a928f48a01c7,2751.89,2024-11-01T12:35:00Z,415bb8e7efeeffdb5973070801ec75bb2d19670b5a8d69ba7f7d7ea9a319f6e4,2024-11-01T12:35:00Z,2751.23,2757.74,2024-12-01T00:00:00Z,2024-11-01T12:00:00Z,1.0,SHORT,1.0,0.0,CONTROL_V2_FILLED_STOP,,M5_BROKEN_CONTROL_FIRST_RETEST,,False,95fec7bd2499b6df61dc70f4b3152dce8dfcfed732a0737335081b307d4eca67,,,2024_11,0.0,-1.0,STOP,2024-11-01T15:30:00Z,NO_FILL,65e6f7eb65d909590f3c40aee371f89b6343635144520f85557f1bf8955b5db6,,RETEST_EXPIRED,2024-11-01T12:50:00Z,,2751.89,False,False,INITIAL_CONFIRMATION_STOP,6bf1d22a7613a328d8d0a66688de6c6653f37bc531b1fb922e6c13a0a1f7b249,81d50563c7253dcc4217eb4c5fcd715c1a4de733fc7d19515244a06294a5c901,2757.74,,,,CONTROL_V2_FILLED_STOP,False,,2024-11-01T12:35:00Z,2757.74,2744.85,875042139d7bc10a36dcd2f2b931a068cc575c7c4c38b547d07c61bc3ac4984c
419cd0023ecd3b6a4d57d658a62885e0100f7d6a463b054b48a4a928f48a01c7,2751.89,2024-11-01T12:35:00Z,415bb8e7efeeffdb5973070801ec75bb2d19670b5a8d69ba7f7d7ea9a319f6e4,2024-11-01T12:35:00Z,2751.23,2757.74,2024-12-01T00:00:00Z,2024-11-01T12:00:00Z,1.0,SHORT,0.666578889620373,0.0,M5_LATEST_CONFIRMED_OPPOSING_SWING_ELSE_CONTROL,,M5_BROKEN_CONTROL_FIRST_RETEST,,False,f4a56ac8f4a7331083fec202fac7b2caa18e329a3a42951374ca98c19d054f19,,,2024_11,0.0,-1.0,STOP,2024-11-01T15:30:00Z,NO_FILL,eababbd520fa2b3d49a713639aa149be31f42ab8f3e6e8f208ffc17f07a7da60,,RETEST_EXPIRED,2024-11-01T12:50:00Z,,2751.89,False,False,INITIAL_CONFIRMATION_STOP,91a73614e91c3f17f86ee1361baecdf20fab3d699a4ea4d39991f23b38823636,81d50563c7253dcc4217eb4c5fcd715c1a4de733fc7d19515244a06294a5c901,2755.5694285714285,1.7885714285714909,0.08942857142857455,,M5_LATEST_CONFIRMED_OPPOSING_SWING_ELSE_CONTROL,True,a58a3f3b27adc20b9be43688662fc52b6cbf07bde408721baa0555ab4e53b24a,2024-11-01T12:30:00Z,2755.48,2744.85,875042139d7bc10a36dcd2f2b931a068cc575c7c4c38b547d07c61bc3ac4984c
419cd0023ecd3b6a4d57d658a62885e0100f7d6a463b054b48a4a928f48a01c7,2751.89,2024-11-01T12:35:00Z,415bb8e7efeeffdb5973070801ec75bb2d19670b5a8d69ba7f7d7ea9a319f6e4,2024-11-01T12:35:00Z,2751.23,2757.74,2024-12-01T00:00:00Z,2024-11-01T12:00:00Z,1.0,SHORT,1.0,0.0,CONTROL_V2_FILLED_STOP,,M5_BROKEN_CONTROL_FIRST_RETEST,,False,c12624f6eb637c7d78e00db11391b8827014cee019e6c46caace15d863bf4c05,,,2024_11,0.0,-1.0,STOP,2024-11-01T15:30:00Z,NO_FILL,42db30f78355af7afc3fbc3c74add8f10f548cada25d87049626b97cf34ef5cf,,RETEST_EXPIRED,2024-11-01T12:50:00Z,,2751.89,False,False,INITIAL_CONFIRMATION_STOP,187cbca2fb1c7054d5df4a63fa68eb58e68fd885504ecbaefbc2d12490253426,81d50563c7253dcc4217eb4c5fcd715c1a4de733fc7d19515244a06294a5c901,2757.74,3.0621428571428493,0.15310714285714247,NOT_STRICTLY_CLOSER_THAN_CONTROL,M15_LATEST_CONFIRMED_OPPOSING_SWING_ELSE_CONTROL,False,6d07470a2cd0cb5162049a82a12894fd67f955ffb1d4c6ae9bec62565cc3e35f,2024-11-01T09:45:00Z,2757.74,2744.85,875042139d7bc10a36dcd2f2b931a068cc575c7c4c38b547d07c61bc3ac4984c
419cd0023ecd3b6a4d57d658a62885e0100f7d6a463b054b48a4a928f48a01c7,2751.89,2024-11-01T12:35:00Z,415bb8e7efeeffdb5973070801ec75bb2d19670b5a8d69ba7f7d7ea9a319f6e4,2024-11-01T12:35:00Z,2751.23,2757.74,2024-12-01T00:00:00Z,2024-11-01T12:00:00Z,1.0,SHORT,1.0,0.0,CONTROL_V2_FILLED_STOP,,M5_BROKEN_CONTROL_FIRST_RETEST,,False,c06969e9b9e171a80c1f7402d3d93618b82748d54bd37f852b0b95cc21f579f9,,,2024_11,0.0,-1.0,STOP,2024-11-01T15:30:00Z,NO_FILL,029f337e7e74cb9ea115d15c71279be076c5aa2459dadffd4dc32dcf2f079918,,RETEST_EXPIRED,2024-11-01T12:50:00Z,,2751.89,False,False,INITIAL_CONFIRMATION_STOP,e4841acfc3e94f06bdc905a36bf1cc40a5d3e825f59618d98211289d8f165389,81d50563c7253dcc4217eb4c5fcd715c1a4de733fc7d19515244a06294a5c901,2757.74,4.746428571428559,0.23732142857142793,NOT_STRICTLY_CLOSER_THAN_CONTROL,H1_SOURCE_SWING_BUFFERED_ELSE_CONTROL,False,81d50563c7253dcc4217eb4c5fcd715c1a4de733fc7d19515244a06294a5c901,2024-11-01T12:00:00Z,2757.74,2744.85,875042139d7bc10a36dcd2f2b931a068cc575c7c4c38b547d07c61bc3ac4984c
419cd0023ecd3b6a4d57d658a62885e0100f7d6a463b054b48a4a928f48a01c7,2751.89,2024-11-01T12:35:00Z,415bb8e7efeeffdb5973070801ec75bb2d19670b5a8d69ba7f7d7ea9a319f6e4,2024-11-01T12:35:00Z,2751.23,2757.74,2024-12-01T00:00:00Z,2024-11-01T12:00:00Z,0.75,SHORT,1.0,-12.5,CONTROL_V2_FILLED_STOP,2024-11-01T12:35:00Z,CONFIRMED_25_75_RETEST_SPLIT,2751.23,True,95fec7bd2499b6df61dc70f4b3152dce8dfcfed732a0737335081b307d4eca67,0.2945468509984774,0.2446236559139832,2024_11,-0.25,-1.0,STOP,2024-11-01T15:30:00Z,SPLIT_CONTROL_STOP_NO_RETEST,4608d49a98c9b543b9abe1c64f4602fd565c4ba6b16d4740a95f00d86a524d5e,2024-11-01T15:30:00Z,RETEST_EXPIRED,2024-11-01T12:50:00Z,,2751.89,False,False,INITIAL_CONFIRMATION_STOP,68747dd2fffcbae84f0f261ca06ae861eb75509cac54c6f5167f705bbb8d8852,81d50563c7253dcc4217eb4c5fcd715c1a4de733fc7d19515244a06294a5c901,2757.74,,,,CONTROL_V2_FILLED_STOP,False,,2024-11-01T12:35:00Z,2757.74,2744.85,875042139d7bc10a36dcd2f2b931a068cc575c7c4c38b547d07c61bc3ac4984c
419cd0023ecd3b6a4d57d658a62885e0100f7d6a463b054b48a4a928f48a01c7,2751.89,2024-11-01T12:35:00Z,415bb8e7efeeffdb5973070801ec75bb2d19670b5a8d69ba7f7d7ea9a319f6e4,2024-11-01T12:35:00Z,2751.23,2757.74,2024-12-01T00:00:00Z,2024-11-01T12:00:00Z,0.75,SHORT,0.666578889620373,-12.5,M5_LATEST_CONFIRMED_OPPOSING_SWING_ELSE_CONTROL,2024-11-01T12:35:00Z,CONFIRMED_25_75_RETEST_SPLIT,2751.23,True,f4a56ac8f4a7331083fec202fac7b2caa18e329a3a42951374ca98c19d054f19,0.44187845667633785,0.36698380300237254,2024_11,-0.25,-1.0,STOP,2024-11-01T15:30:00Z,SPLIT_CONTROL_STOP_NO_RETEST,74f2a1a913cd28a5bac7d06f35f423652160a7cdab49b90963e6af439922c0f7,2024-11-01T15:30:00Z,RETEST_EXPIRED,2024-11-01T12:50:00Z,,2751.89,False,False,INITIAL_CONFIRMATION_STOP,c3d95464763305a571402764ed44e5b4e06e9aeb014a7bb71cfd248c95db26a0,81d50563c7253dcc4217eb4c5fcd715c1a4de733fc7d19515244a06294a5c901,2755.5694285714285,1.7885714285714909,0.08942857142857455,,M5_LATEST_CONFIRMED_OPPOSING_SWING_ELSE_CONTROL,True,a58a3f3b27adc20b9be43688662fc52b6cbf07bde408721baa0555ab4e53b24a,2024-11-01T12:30:00Z,2755.48,2744.85,875042139d7bc10a36dcd2f2b931a068cc575c7c4c38b547d07c61bc3ac4984c
419cd0023ecd3b6a4d57d658a62885e0100f7d6a463b054b48a4a928f48a01c7,2751.89,2024-11-01T12:35:00Z,415bb8e7efeeffdb5973070801ec75bb2d19670b5a8d69ba7f7d7ea9a319f6e4,2024-11-01T12:35:00Z,2751.23,2757.74,2024-12-01T00:00:00Z,2024-11-01T12:00:00Z,0.75,SHORT,1.0,-12.5,CONTROL_V2_FILLED_STOP,2024-11-01T12:35:00Z,CONFIRMED_25_75_RETEST_SPLIT,2751.23,True,c12624f6eb637c7d78e00db11391b8827014cee019e6c46caace15d863bf4c05,0.2945468509984774,0.2446236559139832,2024_11,-0.25,-1.0,STOP,2024-11-01T15:30:00Z,SPLIT_CONTROL_STOP_NO_RETEST,aff967fde8f8e2353027217b094bc7f94c5f7bb1529174c443d1d5b1354900b4,2024-11-01T15:30:00Z,RETEST_EXPIRED,2024-11-01T12:50:00Z,,2751.89,False,False,INITIAL_CONFIRMATION_STOP,9af50afa0e100a48cdbf77cb304415d2c36fea66ac8662bb9433c0362f07bba8,81d50563c7253dcc4217eb4c5fcd715c1a4de733fc7d19515244a06294a5c901,2757.74,3.0621428571428493,0.15310714285714247,NOT_STRICTLY_CLOSER_THAN_CONTROL,M15_LATEST_CONFIRMED_OPPOSING_SWING_ELSE_CONTROL,False,6d07470a2cd0cb5162049a82a12894fd67f955ffb1d4c6ae9bec62565cc3e35f,2024-11-01T09:45:00Z,2757.74,2744.85,875042139d7bc10a36dcd2f2b931a068cc575c7c4c38b547d07c61bc3ac4984c
419cd0023ecd3b6a4d57d658a62885e0100f7d6a463b054b48a4a928f48a01c7,2751.89,2024-11-01T12:35:00Z,415bb8e7efeeffdb5973070801ec75bb2d19670b5a8d69ba7f7d7ea9a319f6e4,2024-11-01T12:35:00Z,2751.23,2757.74,2024-12-01T00:00:00Z,2024-11-01T12:00:00Z,0.75,SHORT,1.0,-12.5,CONTROL_V2_FILLED_STOP,2024-11-01T12:35:00Z,CONFIRMED_25_75_RETEST_SPLIT,2751.23,True,c06969e9b9e171a80c1f7402d3d93618b82748d54bd37f852b0b95cc21f579f9,0.2945468509984774,0.2446236559139832,2024_11,-0.25,-1.0,STOP,2024-11-01T15:30:00Z,SPLIT_CONTROL_STOP_NO_RETEST,3bd9ab929bc445f2e954cfb83a8c0d78c38796c1331ba0f314cb5d58ed9d33e7,2024-11-01T15:30:00Z,RETEST_EXPIRED,2024-11-01T12:50:00Z,,2751.89,False,False,INITIAL_CONFIRMATION_STOP,c947faa503d81fc7946d466bdca919cf711fed1cc4f771a6d0e3ca4eade9f3e6,81d50563c7253dcc4217eb4c5fcd715c1a4de733fc7d19515244a06294a5c901,2757.74,4.746428571428559,0.23732142857142793,NOT_STRICTLY_CLOSER_THAN_CONTROL,H1_SOURCE_SWING_BUFFERED_ELSE_CONTROL,False,81d50563c7253dcc4217eb4c5fcd715c1a4de733fc7d19515244a06294a5c901,2024-11-01T12:00:00Z,2757.74,2744.85,875042139d7bc10a36dcd2f2b931a068cc575c7c4c38b547d07c61bc3ac4984c
595dda0963432f02baae5f9189ddd4163720ce7fae1b23646dd69ed846b6238e,2751.92,2024-11-01T14:10:00Z,56207e4eedb927884942a5bf3d961d6db821117b87ec00f6fcc4f6e7065fa48b,2024-11-01T14:10:00Z,2753.04,2744.84,2024-12-01T00:00:00Z,2024-11-01T13:00:00Z,0.0,LONG,1.0,28.65853658536538,CONTROL_V2_FILLED_STOP,2024-11-01T14:10:00Z,CONTROL_NEXT_M1_OPEN,2753.04,True,ab5ef8bf818a7e2ed20a2fa23bb89db24d18ed175ae6b3402843348e8ff03ced,0.474390243902434,0.7146341463414948,2024_11,0.5731707317073076,0.5731707317073076,TARGET,2024-11-01T15:30:00Z,TARGET,76460249179462222ea5c38783c3573e73152593d976c9bd10781012a1187d08,2024-11-01T15:30:00Z,FIRST_RETEST_FILLED,2024-11-01T14:25:00Z,2024-11-01T14:12:00Z,2751.92,True,False,RECLAIM_CONFIRMATION_TARGET,84acfc7ad3f5f4684cceb589c11b27aa9a1d88badeaef750319ddaa6a1dfdf9d,f77e0f97865048dac3e5690df8b751a39ae54ff7fb68f2dc7e881ca8d9dfc60e,2744.84,,,,CONTROL_V2_FILLED_STOP,False,,2024-11-01T14:10:00Z,2744.84,2757.74,43b3a18dcefbaf2f78fa8cad0ac50c698a5108bbc9e695ea2c8a8b9ffba4adbf
595dda0963432f02baae5f9189ddd4163720ce7fae1b23646dd69ed846b6238e,2751.92,2024-11-01T14:10:00Z,56207e4eedb927884942a5bf3d961d6db821117b87ec00f6fcc4f6e7065fa48b,2024-11-01T14:10:00Z,2753.04,2744.84,2024-12-01T00:00:00Z,2024-11-01T13:00:00Z,0.0,LONG,1.0,28.65853658536538,CONTROL_V2_FILLED_STOP,2024-11-01T14:10:00Z,CONTROL_NEXT_M1_OPEN,2753.04,True,259ba2e5c87e53eb3dfac94bb1b49eb734da01fb4a8c419e0b13b09f58d7ed9a,0.474390243902434,0.7146341463414948,2024_11,0.5731707317073076,0.5731707317073076,TARGET,2024-11-01T15:30:00Z,TARGET,8e82a9ed42ee31b08e2af8759424c32960d1ace1c0f1827c2efdfb4887824f87,2024-11-01T15:30:00Z,FIRST_RETEST_FILLED,2024-11-01T14:25:00Z,2024-11-01T14:12:00Z,2751.92,True,False,RECLAIM_CONFIRMATION_TARGET,e1251728a37ffefa3fcc1f17df4b0cdaf244e0386aae4c6a12f2df429c021c67,f77e0f97865048dac3e5690df8b751a39ae54ff7fb68f2dc7e881ca8d9dfc60e,2744.84,1.6242857142857312,0.08121428571428657,NOT_STRICTLY_CLOSER_THAN_CONTROL,M5_LATEST_CONFIRMED_OPPOSING_SWING_ELSE_CONTROL,False,768ccf0db644b92eefec32b805680224fc86866b0eef4c55c7d1ad51d789f5bd,2024-11-01T13:50:00Z,2744.86,2757.74,43b3a18dcefbaf2f78fa8cad0ac50c698a5108bbc9e695ea2c8a8b9ffba4adbf
595dda0963432f02baae5f9189ddd4163720ce7fae1b23646dd69ed846b6238e,2751.92,2024-11-01T14:10:00Z,56207e4eedb927884942a5bf3d961d6db821117b87ec00f6fcc4f6e7065fa48b,2024-11-01T14:10:00Z,2753.04,2744.84,2024-12-01T00:00:00Z,2024-11-01T13:00:00Z,0.34095938596256603,LONG,0.6270121951219869,45.70650588349368,M15_LATEST_CONFIRMED_OPPOSING_SWING_ELSE_CONTROL,2024-11-01T14:10:00Z,CONTROL_NEXT_M1_OPEN,2753.04,True,2079245ce3fdb65c312776b3ac89381ca76693a5efe40d868fb52587afed7d1b,0.7565885441991127,1.139745210541656,2024_11,0.9141301176698736,0.5731707317073076,TARGET,2024-11-01T15:30:00Z,TARGET,67a91ec29bd1d51b5829c0e860c657e6bffc878ff6ef75cde684346205cbf628,2024-11-01T15:30:00Z,FIRST_RETEST_FILLED,2024-11-01T14:25:00Z,2024-11-01T14:12:00Z,2751.92,True,False,RECLAIM_CONFIRMATION_TARGET,1e4d7ce3a8cfe1f85e39e9d723d3d542d2eda6234a9194b8a057a9ef06ade4d3,f77e0f97865048dac3e5690df8b751a39ae54ff7fb68f2dc7e881ca8d9dfc60e,2747.8985,3.230000000000018,0.16150000000000092,,M15_LATEST_CONFIRMED_OPPOSING_SWING_ELSE_CONTROL,True,7dce3ef4173f1bfb19fbde02d0eaa6723da17d356112412ac72e3919a7ee19d4,2024-11-01T13:15:00Z,2748.06,2757.74,43b3a18dcefbaf2f78fa8cad0ac50c698a5108bbc9e695ea2c8a8b9ffba4adbf
595dda0963432f02baae5f9189ddd4163720ce7fae1b23646dd69ed846b6238e,2751.92,2024-11-01T14:10:00Z,56207e4eedb927884942a5bf3d961d6db821117b87ec00f6fcc4f6e7065fa48b,2024-11-01T14:10:00Z,2753.04,2744.84,2024-12-01T00:00:00Z,2024-11-01T13:00:00Z,0.19998274748329614,LONG,0.7413414634146723,38.657673959530186,H1_SOURCE_SWING_BUFFERED_ELSE_CONTROL,2024-11-01T14:10:00Z,CONTROL_NEXT_M1_OPEN,2753.04,True,c4607c844e0f3bef2d8696741898c85153578e1fa3613f339c7ebd1c538a9a01,0.6399078795854184,0.9639743378845131,2024_11,0.7731534791906037,0.5731707317073076,TARGET,2024-11-01T15:30:00Z,TARGET,e542146c6af2fe799b2bf5c9e4dc7e4adcc4f75ee18327323668bd18a92edaee,2024-11-01T15:30:00Z,FIRST_RETEST_FILLED,2024-11-01T14:25:00Z,2024-11-01T14:12:00Z,2751.92,True,False,RECLAIM_CONFIRMATION_TARGET,d54dfc8c0818084106fd32a7e4fb02738a5d4197063a896da8c0c17e044d13df,f77e0f97865048dac3e5690df8b751a39ae54ff7fb68f2dc7e881ca8d9dfc60e,2746.961,4.779999999999973,0.23899999999999866,,H1_SOURCE_SWING_BUFFERED_ELSE_CONTROL,True,f77e0f97865048dac3e5690df8b751a39ae54ff7fb68f2dc7e881ca8d9dfc60e,2024-11-01T13:00:00Z,2747.2,2757.74,43b3a18dcefbaf2f78fa8cad0ac50c698a5108bbc9e695ea2c8a8b9ffba4adbf
595dda0963432f02baae5f9189ddd4163720ce7fae1b23646dd69ed846b6238e,2751.92,2024-11-01T14:10:00Z,56207e4eedb927884942a5bf3d961d6db821117b87ec00f6fcc4f6e7065fa48b,2024-11-01T14:10:00Z,2753.04,2744.84,2024-12-01T00:00:00Z,2024-11-01T13:00:00Z,0.24886316659774455,LONG,1.0,41.10169491525261,CONTROL_V2_FILLED_STOP,2024-11-01T14:12:00Z,M5_BROKEN_CONTROL_FIRST_RETEST,2751.92,True,ab5ef8bf818a7e2ed20a2fa23bb89db24d18ed175ae6b3402843348e8ff03ced,0.3912429378531088,0.985875706214702,2024_11,0.8220338983050521,0.5731707317073076,TARGET,2024-11-01T15:30:00Z,TARGET,dc442dfddcafb39d8c2e94e5c73d76e39c01eba92ca839b559a7465a63f62753,2024-11-01T15:30:00Z,FIRST_RETEST_FILLED,2024-11-01T14:25:00Z,2024-11-01T14:12:00Z,2751.92,True,True,RECLAIM_CONFIRMATION_TARGET,54f373ae58c71e28af0f02673a5e032553816364d45e11e84a926e5b7e33bd6a,f77e0f97865048dac3e5690df8b751a39ae54ff7fb68f2dc7e881ca8d9dfc60e,2744.84,,,,CONTROL_V2_FILLED_STOP,False,,2024-11-01T14:10:00Z,2744.84,2757.74,43b3a18dcefbaf2f78fa8cad0ac50c698a5108bbc9e695ea2c8a8b9ffba4adbf
595dda0963432f02baae5f9189ddd4163720ce7fae1b23646dd69ed846b6238e,2751.92,2024-11-01T14:10:00Z,56207e4eedb927884942a5bf3d961d6db821117b87ec00f6fcc4f6e7065fa48b,2024-11-01T14:10:00Z,2753.04,2744.84,2024-12-01T00:00:00Z,2024-11-01T13:00:00Z,0.24886316659774455,LONG,1.0,41.10169491525261,CONTROL_V2_FILLED_STOP,2024-11-01T14:12:00Z,M5_BROKEN_CONTROL_FIRST_RETEST,2751.92,True,259ba2e5c87e53eb3dfac94bb1b49eb734da01fb4a8c419e0b13b09f58d7ed9a,0.3912429378531088,0.985875706214702,2024_11,0.8220338983050521,0.5731707317073076,TARGET,2024-11-01T15:30:00Z,TARGET,8b343e5294a121102a9b19cc646fbd02bfc5a557b3431121e2978162d71cb4dc,2024-11-01T15:30:00Z,FIRST_RETEST_FILLED,2024-11-01T14:25:00Z,2024-11-01T14:12:00Z,2751.92,True,True,RECLAIM_CONFIRMATION_TARGET,45cbaced49e6e2943ce351036ad12bb1003afbc75885f963e8cb590b3b3cbc60,f77e0f97865048dac3e5690df8b751a39ae54ff7fb68f2dc7e881ca8d9dfc60e,2744.84,1.6242857142857312,0.08121428571428657,NOT_STRICTLY_CLOSER_THAN_CONTROL,M5_LATEST_CONFIRMED_OPPOSING_SWING_ELSE_CONTROL,False,768ccf0db644b92eefec32b805680224fc86866b0eef4c55c7d1ad51d789f5bd,2024-11-01T13:50:00Z,2744.86,2757.74,43b3a18dcefbaf2f78fa8cad0ac50c698a5108bbc9e695ea2c8a8b9ffba4adbf
595dda0963432f02baae5f9189ddd4163720ce7fae1b23646dd69ed846b6238e,2751.92,2024-11-01T14:10:00Z,56207e4eedb927884942a5bf3d961d6db821117b87ec00f6fcc4f6e7065fa48b,2024-11-01T14:10:00Z,2753.04,2744.84,2024-12-01T00:00:00Z,2024-11-01T13:00:00Z,0.8740504544170971,LONG,0.6270121951219869,72.36105930622023,M15_LATEST_CONFIRMED_OPPOSING_SWING_ELSE_CONTROL,2024-11-01T14:12:00Z,M5_BROKEN_CONTROL_FIRST_RETEST,2751.92,True,2079245ce3fdb65c312776b3ac89381ca76693a5efe40d868fb52587afed7d1b,0.6887977122963531,1.7356707696132088,2024_11,1.4472211861244046,0.5731707317073076,TARGET,2024-11-01T15:30:00Z,TARGET,7221ce5112fecf498b33ec463c9b8db57118b59659ef58d6d3ac9ad60421dd10,2024-11-01T15:30:00Z,FIRST_RETEST_FILLED,2024-11-01T14:25:00Z,2024-11-01T14:12:00Z,2751.92,True,True,RECLAIM_CONFIRMATION_TARGET,1c7e226520daa9d5fa3023be58396ca77feec4eb2df3b42fea916a43c74fca28,f77e0f97865048dac3e5690df8b751a39ae54ff7fb68f2dc7e881ca8d9dfc60e,2747.8985,3.230000000000018,0.16150000000000092,,M15_LATEST_CONFIRMED_OPPOSING_SWING_ELSE_CONTROL,True,7dce3ef4173f1bfb19fbde02d0eaa6723da17d356112412ac72e3919a7ee19d4,2024-11-01T13:15:00Z,2748.06,2757.74,43b3a18dcefbaf2f78fa8cad0ac50c698a5108bbc9e695ea2c8a8b9ffba4adbf
595dda0963432f02baae5f9189ddd4163720ce7fae1b23646dd69ed846b6238e,2751.92,2024-11-01T14:10:00Z,56207e4eedb927884942a5bf3d961d6db821117b87ec00f6fcc4f6e7065fa48b,2024-11-01T14:10:00Z,2753.04,2744.84,2024-12-01T00:00:00Z,2024-11-01T13:00:00Z,0.6004529827511258,LONG,0.7413414634146723,58.68118572292167,H1_SOURCE_SWING_BUFFERED_ELSE_CONTROL,2024-11-01T14:12:00Z,M5_BROKEN_CONTROL_FIRST_RETEST,2751.92,True,c4607c844e0f3bef2d8696741898c85153578e1fa3613f339c7ebd1c538a9a01,0.5585803589432993,1.407541843113453,2024_11,1.1736237144584334,0.5731707317073076,TARGET,2024-11-01T15:30:00Z,TARGET,2f8ec2a2154a80772641ef89d6bdbfbd0f9e571face5d6393f5b0436e35885dc,2024-11-01T15:30:00Z,FIRST_RETEST_FILLED,2024-11-01T14:25:00Z,2024-11-01T14:12:00Z,2751.92,True,True,RECLAIM_CONFIRMATION_TARGET,4f58a8f5cd9581730431ee7be91a9833f58b081e608ad5d9c204bd978f82f2bb,f77e0f97865048dac3e5690df8b751a39ae54ff7fb68f2dc7e881ca8d9dfc60e,2746.961,4.779999999999973,0.23899999999999866,,H1_SOURCE_SWING_BUFFERED_ELSE_CONTROL,True,f77e0f97865048dac3e5690df8b751a39ae54ff7fb68f2dc7e881ca8d9dfc60e,2024-11-01T13:00:00Z,2747.2,2757.74,43b3a18dcefbaf2f78fa8cad0ac50c698a5108bbc9e695ea2c8a8b9ffba4adbf
595dda0963432f02baae5f9189ddd4163720ce7fae1b23646dd69ed846b6238e,2751.92,2024-11-01T14:10:00Z,56207e4eedb927884942a5bf3d961d6db821117b87ec00f6fcc4f6e7065fa48b,2024-11-01T14:10:00Z,2753.04,2744.84,2024-12-01T00:00:00Z,2024-11-01T13:00:00Z,0.1866473749483084,LONG,1.0,37.9909053327808,CONTROL_V2_FILLED_STOP,2024-11-01T14:10:00Z,CONFIRMED_25_75_RETEST_SPLIT,2753.04,True,ab5ef8bf818a7e2ed20a2fa23bb89db24d18ed175ae6b3402843348e8ff03ced,0.41202976436544014,0.9180653162464002,2024_11,0.759818106655616,0.5731707317073076,TARGET,2024-11-01T15:30:00Z,SPLIT_TARGET_TARGET,405bf3f7491a9b8fcb3bc6ed28f784cb027f1640a9162111269969066925479f,2024-11-01T15:30:00Z,FIRST_RETEST_FILLED,2024-11-01T14:25:00Z,2024-11-01T14:12:00Z,2751.92,True,True,RECLAIM_CONFIRMATION_TARGET,5c855d00ca7bdc1256a6fd339b7de55bf1b32840853994a24ac3ef592ad29550,f77e0f97865048dac3e5690df8b751a39ae54ff7fb68f2dc7e881ca8d9dfc60e,2744.84,,,,CONTROL_V2_FILLED_STOP,False,,2024-11-01T14:10:00Z,2744.84,2757.74,43b3a18dcefbaf2f78fa8cad0ac50c698a5108bbc9e695ea2c8a8b9ffba4adbf
595dda0963432f02baae5f9189ddd4163720ce7fae1b23646dd69ed846b6238e,2751.92,2024-11-01T14:10:00Z,56207e4eedb927884942a5bf3d961d6db821117b87ec00f6fcc4f6e7065fa48b,2024-11-01T14:10:00Z,2753.04,2744.84,2024-12-01T00:00:00Z,2024-11-01T13:00:00Z,0.1866473749483084,LONG,1.0,37.9909053327808,CONTROL_V2_FILLED_STOP,2024-11-01T14:10:00Z,CONFIRMED_25_75_RETEST_SPLIT,2753.04,True,259ba2e5c87e53eb3dfac94bb1b49eb734da01fb4a8c419e0b13b09f58d7ed9a,0.41202976436544014,0.9180653162464002,2024_11,0.759818106655616,0.5731707317073076,TARGET,2024-11-01T15:30:00Z,SPLIT_TARGET_TARGET,f4c5b4b9c20e24913f647bec6bfb69fb8be5da78aef21e41f0b348035d3c5ac9,2024-11-01T15:30:00Z,FIRST_RETEST_FILLED,2024-11-01T14:25:00Z,2024-11-01T14:12:00Z,2751.92,True,True,RECLAIM_CONFIRMATION_TARGET,4d537bfab4a378b4257c8b23cb856112dc47b6afebc2ee70541578637883391d,f77e0f97865048dac3e5690df8b751a39ae54ff7fb68f2dc7e881ca8d9dfc60e,2744.84,1.6242857142857312,0.08121428571428657,NOT_STRICTLY_CLOSER_THAN_CONTROL,M5_LATEST_CONFIRMED_OPPOSING_SWING_ELSE_CONTROL,False,768ccf0db644b92eefec32b805680224fc86866b0eef4c55c7d1ad51d789f5bd,2024-11-01T13:50:00Z,2744.86,2757.74,43b3a18dcefbaf2f78fa8cad0ac50c698a5108bbc9e695ea2c8a8b9ffba4adbf
595dda0963432f02baae5f9189ddd4163720ce7fae1b23646dd69ed846b6238e,2751.92,2024-11-01T14:10:00Z,56207e4eedb927884942a5bf3d961d6db821117b87ec00f6fcc4f6e7065fa48b,2024-11-01T14:10:00Z,2753.04,2744.84,2024-12-01T00:00:00Z,2024-11-01T13:00:00Z,0.7407776873034644,LONG,0.6270121951219869,65.6974209505386,M15_LATEST_CONFIRMED_OPPOSING_SWING_ELSE_CONTROL,2024-11-01T14:10:00Z,CONFIRMED_25_75_RETEST_SPLIT,2753.04,True,2079245ce3fdb65c312776b3ac89381ca76693a5efe40d868fb52587afed7d1b,0.705745420272043,1.5866893798453205,2024_11,1.313948419010772,0.5731707317073076,TARGET,2024-11-01T15:30:00Z,SPLIT_TARGET_TARGET,3be8e4deeb9f9c42c7c96dd939e144a927264c44db717ea7cbe607a47ad5903f,2024-11-01T15:30:00Z,FIRST_RETEST_FILLED,2024-11-01T14:25:00Z,2024-11-01T14:12:00Z,2751.92,True,True,RECLAIM_CONFIRMATION_TARGET,208353aae47429a865b87c8ff7ae01d174e2cd44e783cd774a1c82a9705f36ae,f77e0f97865048dac3e5690df8b751a39ae54ff7fb68f2dc7e881ca8d9dfc60e,2747.8985,3.230000000000018,0.16150000000000092,,M15_LATEST_CONFIRMED_OPPOSING_SWING_ELSE_CONTROL,True,7dce3ef4173f1bfb19fbde02d0eaa6723da17d356112412ac72e3919a7ee19d4,2024-11-01T13:15:00Z,2748.06,2757.74,43b3a18dcefbaf2f78fa8cad0ac50c698a5108bbc9e695ea2c8a8b9ffba4adbf
595dda0963432f02baae5f9189ddd4163720ce7fae1b23646dd69ed846b6238e,2751.92,2024-11-01T14:10:00Z,56207e4eedb927884942a5bf3d961d6db821117b87ec00f6fcc4f6e7065fa48b,2024-11-01T14:10:00Z,2753.04,2744.84,2024-12-01T00:00:00Z,2024-11-01T13:00:00Z,0.5003354239341684,LONG,0.7413414634146723,53.6753077820738,H1_SOURCE_SWING_BUFFERED_ELSE_CONTROL,2024-11-01T14:10:00Z,CONFIRMED_25_75_RETEST_SPLIT,2753.04,True,c4607c844e0f3bef2d8696741898c85153578e1fa3613f339c7ebd1c538a9a01,0.578912239103829,1.2966499668062181,2024_11,1.073506155641476,0.5731707317073076,TARGET,2024-11-01T15:30:00Z,SPLIT_TARGET_TARGET,8ee7e6c506e8cedb3a830184e1f58dd40e1b9b7edb3373f2f858cae1de72126d,2024-11-01T15:30:00Z,FIRST_RETEST_FILLED,2024-11-01T14:25:00Z,2024-11-01T14:12:00Z,2751.92,True,True,RECLAIM_CONFIRMATION_TARGET,0f5537604a98403d19b20d1226a713e37336e4e47e7c9c0df13cca6649694783,f77e0f97865048dac3e5690df8b751a39ae54ff7fb68f2dc7e881ca8d9dfc60e,2746.961,4.779999999999973,0.23899999999999866,,H1_SOURCE_SWING_BUFFERED_ELSE_CONTROL,True,f77e0f97865048dac3e5690df8b751a39ae54ff7fb68f2dc7e881ca8d9dfc60e,2024-11-01T13:00:00Z,2747.2,2757.74,43b3a18dcefbaf2f78fa8cad0ac50c698a5108bbc9e695ea2c8a8b9ffba4adbf
eec760140427e01765c2088749da7e0f50993cc722e0601587234a18d9d9987e,2739.91,2024-11-04T04:10:00Z,70b8a892d744a4472df7084ec35d007aaae9e7eb1ee4ac207e078f81c2b30279,2024-11-04T04:10:00Z,2740.04,2730.55,2024-12-01T00:00:00Z,2024-11-04T04:00:00Z,0.0,LONG,1.0,-50.0,CONTROL_V2_FILLED_STOP,2024-11-04T04:10:00Z,CONTROL_NEXT_M1_OPEN,2740.04,True,f5a33976ab813f775fd1aed22de762568c97690a9188552ed7b78150980d05ab,1.4162276080084681,0.8619599578503714,2024_11,-1.0,-1.0,STOP,2024-11-05T04:35:00Z,STOP,799f6001d4840c6781b085f0c62730f8d04a145b99eb6a4f7e2f3b95f01248b7,2024-11-05T04:35:00Z,FIRST_RETEST_FILLED,2024-11-04T04:25:00Z,2024-11-04T04:10:00Z,2739.91,True,False,INITIAL_CONFIRMATION_STOP,a54c1ce0e91f08094b1fb6c6ea46a55f5368f8f86a55ad806826344f4e343a34,89546e8702d15e1ee1ebcd396ea6a35682601417243282af41bde43f35f99678,2730.55,,,,CONTROL_V2_FILLED_STOP,False,,2024-11-04T04:10:00Z,2730.55,2762.22,1d031722df1672affa11576e0b6030c8c1e0087987821be9eae8c1da80f40388
eec760140427e01765c2088749da7e0f50993cc722e0601587234a18d9d9987e,2739.91,2024-11-04T04:10:00Z,70b8a892d744a4472df7084ec35d007aaae9e7eb1ee4ac207e078f81c2b30279,2024-11-04T04:10:00Z,2740.04,2730.55,2024-12-01T00:00:00Z,2024-11-04T04:00:00Z,0.0,LONG,0.288999698931218,-50.0,M5_LATEST_CONFIRMED_OPPOSING_SWING_ELSE_CONTROL,2024-11-04T04:10:00Z,CONTROL_NEXT_M1_OPEN,2740.04,True,5b858a78392fcae41c26fd89175b0d88930441da972fe5a6dd1a3d0356be0dfb,1.0172802208534302,0.02916932532910447,2024_11,-1.0,-1.0,STOP,2024-11-05T04:35:00Z,STOP,1a806696a0e99faed321051fb444801220de50d9c3f8a5639f99e8375a86955e,2024-11-04T04:15:00Z,FIRST_RETEST_FILLED,2024-11-04T04:25:00Z,2024-11-04T04:10:00Z,2739.91,True,False,INITIAL_CONFIRMATION_STOP,5a80a874bbe837c89717c356ab813d53526d87e4345946cee5c68e0be483b65e,89546e8702d15e1ee1ebcd396ea6a35682601417243282af41bde43f35f99678,2737.2973928571428,2.0521428571428584,0.10260714285714292,,M5_LATEST_CONFIRMED_OPPOSING_SWING_ELSE_CONTROL,True,10b81c5ab58021678a9b11ce7669a185788330439c22f3001b5b8baef899bdc3,2024-11-04T03:55:00Z,2737.4,2762.22,1d031722df1672affa11576e0b6030c8c1e0087987821be9eae8c1da80f40388
eec760140427e01765c2088749da7e0f50993cc722e0601587234a18d9d9987e,2739.91,2024-11-04T04:10:00Z,70b8a892d744a4472df7084ec35d007aaae9e7eb1ee4ac207e078f81c2b30279,2024-11-04T04:10:00Z,2740.04,2730.55,2024-12-01T00:00:00Z,2024-11-04T04:00:00Z,0.0,LONG,0.50361282553061,-50.0,M15_LATEST_CONFIRMED_OPPOSING_SWING_ELSE_CONTROL,2024-11-04T04:10:00Z,CONTROL_NEXT_M1_OPEN,2740.04,True,5e33ae65305b89527456d26dad3d47cedb34a5c00012cd3bc36642d50ef2a18e,1.021073083246246,0.9959647287402141,2024_11,-1.0,-1.0,STOP,2024-11-05T04:35:00Z,STOP,257d6787f5e9cb5ea416c7c3fe925e0281fce8c2d879481814b33a97ac950011,2024-11-04T09:54:00Z,FIRST_RETEST_FILLED,2024-11-04T04:25:00Z,2024-11-04T04:10:00Z,2739.91,True,False,INITIAL_CONFIRMATION_STOP,5d8243495686f47264dab024abf94653e0c311a0bee0c6a9124c80793ff57f6d,89546e8702d15e1ee1ebcd396ea6a35682601417243282af41bde43f35f99678,2735.2607142857146,3.1857142857142793,0.15928571428571398,,M15_LATEST_CONFIRMED_OPPOSING_SWING_ELSE_CONTROL,True,bb18edaa16c4e9a5e3af1b19e351c190675829710e81653a5d6b615975f20371,2024-11-04T03:45:00Z,2735.42,2762.22,1d031722df1672affa11576e0b6030c8c1e0087987821be9eae8c1da80f40388
eec760140427e01765c2088749da7e0f50993cc722e0601587234a18d9d9987e,2739.91,2024-11-04T04:10:00Z,70b8a892d744a4472df7084ec35d007aaae9e7eb1ee4ac207e078f81c2b30279,2024-11-04T04:10:00Z,2740.04,2730.55,2024-12-01T00:00:00Z,2024-11-04T04:00:00Z,0.0,LONG,1.0,-50.0,CONTROL_V2_FILLED_STOP,2024-11-04T04:10:00Z,CONTROL_NEXT_M1_OPEN,2740.04,True,736734d3e1c712a511eb5d30d9a08b50a6c2fec70754e32faae15674065d660e,1.4162276080084681,0.8619599578503714,2024_11,-1.0,-1.0,STOP,2024-11-05T04:35:00Z,STOP,385cfe0fe6e7e244cf3d09ef3c988cfe172de6c91cde0f30fa32a2ed0854e1bd,2024-11-05T04:35:00Z,FIRST_RETEST_FILLED,2024-11-04T04:25:00Z,2024-11-04T04:10:00Z,2739.91,True,False,INITIAL_CONFIRMATION_STOP,71482fca3310ed725cc9b2c6420c9fcb4e089e4342000bd97c42acc2cbec203e,89546e8702d15e1ee1ebcd396ea6a35682601417243282af41bde43f35f99678,2730.55,7.8449999999999624,0.39224999999999816,NOT_STRICTLY_CLOSER_THAN_CONTROL,H1_SOURCE_SWING_BUFFERED_ELSE_CONTROL,False,89546e8702d15e1ee1ebcd396ea6a35682601417243282af41bde43f35f99678,2024-11-04T04:00:00Z,2730.55,2762.22,1d031722df1672affa11576e0b6030c8c1e0087987821be9eae8c1da80f40388
eec760140427e01765c2088749da7e0f50993cc722e0601587234a18d9d9987e,2739.91,2024-11-04T04:10:00Z,70b8a892d744a4472df7084ec35d007aaae9e7eb1ee4ac207e078f81c2b30279,2024-11-04T04:10:00Z,2740.04,2730.55,2024-12-01T00:00:00Z,2024-11-04T04:00:00Z,0.0,LONG,1.0,-50.0,CONTROL_V2_FILLED_STOP,2024-11-04T04:10:00Z,M5_BROKEN_CONTROL_FIRST_RETEST,2739.91,True,f5a33976ab813f775fd1aed22de762568c97690a9188552ed7b78150980d05ab,1.422008547008591,0.8878205128205381,2024_11,-1.0,-1.0,STOP,2024-11-05T04:35:00Z,STOP,b948d126d2ec79da5ae29141f9385b884382b81e7b49e88e06a9309e906185ac,2024-11-05T04:35:00Z,FIRST_RETEST_FILLED,2024-11-04T04:25:00Z,2024-11-04T04:10:00Z,2739.91,True,True,INITIAL_CONFIRMATION_STOP,99a545eb15c33c8a7f875591a7215538e373614fb5777e3fdc9232d878d40ff2,89546e8702d15e1ee1ebcd396ea6a35682601417243282af41bde43f35f99678,2730.55,,,,CONTROL_V2_FILLED_STOP,False,,2024-11-04T04:10:00Z,2730.55,2762.22,1d031722df1672affa11576e0b6030c8c1e0087987821be9eae8c1da80f40388
eec760140427e01765c2088749da7e0f50993cc722e0601587234a18d9d9987e,2739.91,2024-11-04T04:10:00Z,70b8a892d744a4472df7084ec35d007aaae9e7eb1ee4ac207e078f81c2b30279,2024-11-04T04:10:00Z,2740.04,2730.55,2024-12-01T00:00:00Z,2024-11-04T04:00:00Z,0.0,LONG,0.288999698931218,-50.0,M5_LATEST_CONFIRMED_OPPOSING_SWING_ELSE_CONTROL,2024-11-04T04:10:00Z,M5_BROKEN_CONTROL_FIRST_RETEST,2739.91,True,5b858a78392fcae41c26fd89175b0d88930441da972fe5a6dd1a3d0356be0dfb,1.0181400626084716,0.08037947862700293,2024_11,-1.0,-1.0,STOP,2024-11-05T04:35:00Z,STOP,9d4e59d1db5cd29044cf77ec8467bcb51abec573b581cbc5512906eb232c738d,2024-11-04T04:15:00Z,FIRST_RETEST_FILLED,2024-11-04T04:25:00Z,2024-11-04T04:10:00Z,2739.91,True,True,INITIAL_CONFIRMATION_STOP,e6f665e81e60b985bbd350b7c8d494cd7799964989d03dacbcccf9a308612af9,89546e8702d15e1ee1ebcd396ea6a35682601417243282af41bde43f35f99678,2737.2973928571428,2.0521428571428584,0.10260714285714292,,M5_LATEST_CONFIRMED_OPPOSING_SWING_ELSE_CONTROL,True,10b81c5ab58021678a9b11ce7669a185788330439c22f3001b5b8baef899bdc3,2024-11-04T03:55:00Z,2737.4,2762.22,1d031722df1672affa11576e0b6030c8c1e0087987821be9eae8c1da80f40388
eec760140427e01765c2088749da7e0f50993cc722e0601587234a18d9d9987e,2739.91,2024-11-04T04:10:00Z,70b8a892d744a4472df7084ec35d007aaae9e7eb1ee4ac207e078f81c2b30279,2024-11-04T04:10:00Z,2740.04,2730.55,2024-12-01T00:00:00Z,2024-11-04T04:00:00Z,0.0,LONG,0.50361282553061,-50.0,M15_LATEST_CONFIRMED_OPPOSING_SWING_ELSE_CONTROL,2024-11-04T04:10:00Z,M5_BROKEN_CONTROL_FIRST_RETEST,2739.91,True,5e33ae65305b89527456d26dad3d47cedb34a5c00012cd3bc36642d50ef2a18e,1.021662313719563,1.0517744661239994,2024_11,-1.0,-1.0,STOP,2024-11-05T04:35:00Z,STOP,7e4176632ef6a316ecfa684bd964a5512ec6d31e89372704db06155534ce61f5,2024-11-04T09:54:00Z,FIRST_RETEST_FILLED,2024-11-04T04:25:00Z,2024-11-04T04:10:00Z,2739.91,True,True,INITIAL_CONFIRMATION_STOP,9a167ec7a3b8949014160ec1bb5d1a00c216eb5a4d2931ed1be3a935142d6912,89546e8702d15e1ee1ebcd396ea6a35682601417243282af41bde43f35f99678,2735.2607142857146,3.1857142857142793,0.15928571428571398,,M15_LATEST_CONFIRMED_OPPOSING_SWING_ELSE_CONTROL,True,bb18edaa16c4e9a5e3af1b19e351c190675829710e81653a5d6b615975f20371,2024-11-04T03:45:00Z,2735.42,2762.22,1d031722df1672affa11576e0b6030c8c1e0087987821be9eae8c1da80f40388
eec760140427e01765c2088749da7e0f50993cc722e0601587234a18d9d9987e,2739.91,2024-11-04T04:10:00Z,70b8a892d744a4472df7084ec35d007aaae9e7eb1ee4ac207e078f81c2b30279,2024-11-04T04:10:00Z,2740.04,2730.55,2024-12-01T00:00:00Z,2024-11-04T04:00:00Z,0.0,LONG,1.0,-50.0,CONTROL_V2_FILLED_STOP,2024-11-04T04:10:00Z,M5_BROKEN_CONTROL_FIRST_RETEST,2739.91,True,736734d3e1c712a511eb5d30d9a08b50a6c2fec70754e32faae15674065d660e,1.422008547008591,0.8878205128205381,2024_11,-1.0,-1.0,STOP,2024-11-05T04:35:00Z,STOP,0b1b634f181945b8e80bdb18302856df8c292d397ce9b8a4d7aab59f2f98374a,2024-11-05T04:35:00Z,FIRST_RETEST_FILLED,2024-11-04T04:25:00Z,2024-11-04T04:10:00Z,2739.91,True,True,INITIAL_CONFIRMATION_STOP,560ad30a8c7f66fb8f0e2bc3fa6de908fa27280e318e7b9185c5ad700e0bc9e0,89546e8702d15e1ee1ebcd396ea6a35682601417243282af41bde43f35f99678,2730.55,7.8449999999999624,0.39224999999999816,NOT_STRICTLY_CLOSER_THAN_CONTROL,H1_SOURCE_SWING_BUFFERED_ELSE_CONTROL,False,89546e8702d15e1ee1ebcd396ea6a35682601417243282af41bde43f35f99678,2024-11-04T04:00:00Z,2730.55,2762.22,1d031722df1672affa11576e0b6030c8c1e0087987821be9eae8c1da80f40388
eec760140427e01765c2088749da7e0f50993cc722e0601587234a18d9d9987e,2739.91,2024-11-04T04:10:00Z,70b8a892d744a4472df7084ec35d007aaae9e7eb1ee4ac207e078f81c2b30279,2024-11-04T04:10:00Z,2740.04,2730.55,2024-12-01T00:00:00Z,2024-11-04T04:00:00Z,0.0,LONG,1.0,-50.0,CONTROL_V2_FILLED_STOP,2024-11-04T04:10:00Z,CONFIRMED_25_75_RETEST_SPLIT,2740.04,True,f5a33976ab813f775fd1aed22de762568c97690a9188552ed7b78150980d05ab,1.4205633122585604,0.8813553740779965,2024_11,-1.0,-1.0,STOP,2024-11-05T04:35:00Z,SPLIT_STOP_STOP,52d69bb8d897b09e6ccabf8d30572ad6fc9e0665de448fb6c9fb87db3e14f4de,2024-11-05T04:35:00Z,FIRST_RETEST_FILLED,2024-11-04T04:25:00Z,2024-11-04T04:10:00Z,2739.91,True,True,INITIAL_CONFIRMATION_STOP,f8c3b0bfe9cedc456459ce6ab164d9198729f61c1e3e91e8c8c589a9bd683b5e,89546e8702d15e1ee1ebcd396ea6a35682601417243282af41bde43f35f99678,2730.55,,,,CONTROL_V2_FILLED_STOP,False,,2024-11-04T04:10:00Z,2730.55,2762.22,1d031722df1672affa11576e0b6030c8c1e0087987821be9eae8c1da80f40388
eec760140427e01765c2088749da7e0f50993cc722e0601587234a18d9d9987e,2739.91,2024-11-04T04:10:00Z,70b8a892d744a4472df7084ec35d007aaae9e7eb1ee4ac207e078f81c2b30279,2024-11-04T04:10:00Z,2740.04,2730.55,2024-12-01T00:00:00Z,2024-11-04T04:00:00Z,0.0,LONG,0.288999698931218,-50.0,M5_LATEST_CONFIRMED_OPPOSING_SWING_ELSE_CONTROL,2024-11-04T04:10:00Z,CONFIRMED_25_75_RETEST_SPLIT,2740.04,True,5b858a78392fcae41c26fd89175b0d88930441da972fe5a6dd1a3d0356be0dfb,1.0179251021697113,0.06757694030252831,2024_11,-1.0,-1.0,STOP,2024-11-05T04:35:00Z,SPLIT_STOP_STOP,b06d06a34f1c71c838d405fff758e74e3588d77961edd40dcb30721952cb6fac,2024-11-04T04:15:00Z,FIRST_RETEST_FILLED,2024-11-04T04:25:00Z,2024-11-04T04:10:00Z,2739.91,True,True,INITIAL_CONFIRMATION_STOP,05bd8773bde864dc5857feca0c15028e5b1ce24d2012c75867ac9a64e076ca11,89546e8702d15e1ee1ebcd396ea6a35682601417243282af41bde43f35f99678,2737.2973928571428,2.0521428571428584,0.10260714285714292,,M5_LATEST_CONFIRMED_OPPOSING_SWING_ELSE_CONTROL,True,10b81c5ab58021678a9b11ce7669a185788330439c22f3001b5b8baef899bdc3,2024-11-04T03:55:00Z,2737.4,2762.22,1d031722df1672affa11576e0b6030c8c1e0087987821be9eae8c1da80f40388
eec760140427e01765c2088749da7e0f50993cc722e0601587234a18d9d9987e,2739.91,2024-11-04T04:10:00Z,70b8a892d744a4472df7084ec35d007aaae9e7eb1ee4ac207e078f81c2b30279,2024-11-04T04:10:00Z,2740.04,2730.55,2024-12-01T00:00:00Z,2024-11-04T04:00:00Z,0.0,LONG,0.50361282553061,-50.0,M15_LATEST_CONFIRMED_OPPOSING_SWING_ELSE_CONTROL,2024-11-04T04:10:00Z,CONFIRMED_25_75_RETEST_SPLIT,2740.04,True,5e33ae65305b89527456d26dad3d47cedb34a5c00012cd3bc36642d50ef2a18e,1.0215150061012337,1.037822031778053,2024_11,-1.0,-1.0,STOP,2024-11-05T04:35:00Z,SPLIT_STOP_STOP,495064d2bfcb0e2b870660169287f9c8ec23e44b9b6c1a7bec2f816812cc881c,2024-11-04T09:54:00Z,FIRST_RETEST_FILLED,2024-11-04T04:25:00Z,2024-11-04T04:10:00Z,2739.91,True,True,INITIAL_CONFIRMATION_STOP,13d609296e134e19c46244fbf73a4ee3f6ffdbbb0a7814ea983ee76d7a0054b4,89546e8702d15e1ee1ebcd396ea6a35682601417243282af41bde43f35f99678,2735.2607142857146,3.1857142857142793,0.15928571428571398,,M15_LATEST_CONFIRMED_OPPOSING_SWING_ELSE_CONTROL,True,bb18edaa16c4e9a5e3af1b19e351c190675829710e81653a5d6b615975f20371,2024-11-04T03:45:00Z,2735.42,2762.22,1d031722df1672affa11576e0b6030c8c1e0087987821be9eae8c1da80f40388
eec760140427e01765c2088749da7e0f50993cc722e0601587234a18d9d9987e,2739.91,2024-11-04T04:10:00Z,70b8a892d744a4472df7084ec35d007aaae9e7eb1ee4ac207e078f81c2b30279,2024-11-04T04:10:00Z,2740.04,2730.55,2024-12-01T00:00:00Z,2024-11-04T04:00:00Z,0.0,LONG,1.0,-50.0,CONTROL_V2_FILLED_STOP,2024-11-04T04:10:00Z,CONFIRMED_25_75_RETEST_SPLIT,2740.04,True,736734d3e1c712a511eb5d30d9a08b50a6c2fec70754e32faae15674065d660e,1.4205633122585604,0.8813553740779965,2024_11,-1.0,-1.0,STOP,2024-11-05T04:35:00Z,SPLIT_STOP_STOP,2221880adbe3edbd02012c6b8ac89f5971e4241a05003b1780722b4fadeaf17e,2024-11-05T04:35:00Z,FIRST_RETEST_FILLED,2024-11-04T04:25:00Z,2024-11-04T04:10:00Z,2739.91,True,True,INITIAL_CONFIRMATION_STOP,0aff8268213e08b931afbdb44b840493b29e7d10483d32e526b611df9ed9d50e,89546e8702d15e1ee1ebcd396ea6a35682601417243282af41bde43f35f99678,2730.55,7.8449999999999624,0.39224999999999816,NOT_STRICTLY_CLOSER_THAN_CONTROL,H1_SOURCE_SWING_BUFFERED_ELSE_CONTROL,False,89546e8702d15e1ee1ebcd396ea6a35682601417243282af41bde43f35f99678,2024-11-04T04:00:00Z,2730.55,2762.22,1d031722df1672affa11576e0b6030c8c1e0087987821be9eae8c1da80f40388
5a57ada60ff017f58b590551322c4b07b13b08810b8207d256faef3f0cf4e146,2739.69,2024-11-04T13:05:00Z,aac93b549a11af9392948f722df63425f3d4c0cc5a19b9450105af19d1fb62dd,2024-11-04T13:05:00Z,2737.93,2745.37,2024-12-01T00:00:00Z,2024-11-04T12:00:00Z,0.0,SHORT,1.0,-50.0,CONTROL_V2_FILLED_STOP,2024-11-04T13:05:00Z,CONTROL_NEXT_M1_OPEN,2737.93,True,934281936bd9b675206cf0b30f990c32589400b9a66c0e18687dc3c1dcf593c3,1.1021505376344372,0.18413978494622055,2024_11,-1.0,-1.0,STOP,2024-11-04T15:48:00Z,STOP,6f1f4b4a707f11501acfeaf921590e78c5fd2b6cbb1e3bbb810323a56f0bbbbd,2024-11-04T15:48:00Z,RETEST_EXPIRED,2024-11-04T13:20:00Z,,2739.69,False,False,RECLAIM_CONFIRMATION_STOP,6789482e7fa53c658716ee401e5f7c68326d07a670dd1f60779742f67f7f2986,53ac7eecb81cf9746e5f0706830f5aa45a568e294a73f9b20a52002637a4b4eb,2745.37,,,,CONTROL_V2_FILLED_STOP,False,,2024-11-04T13:05:00Z,2745.37,2730.55,0532482d1c16d04eb09f3dcf0fa2ad98866890aee3285f3c01c649cb03374292
5a57ada60ff017f58b590551322c4b07b13b08810b8207d256faef3f0cf4e146,2739.69,2024-11-04T13:05:00Z,aac93b549a11af9392948f722df63425f3d4c0cc5a19b9450105af19d1fb62dd,2024-11-04T13:05:00Z,2737.93,2745.37,2024-12-01T00:00:00Z,2024-11-04T12:00:00Z,0.0,SHORT,0.6160138248848382,-50.0,M5_LATEST_CONFIRMED_OPPOSING_SWING_ELSE_CONTROL,2024-11-04T13:05:00Z,CONTROL_NEXT_M1_OPEN,2737.93,True,793d1c0cf6c5ffb07eb761cb8abe7f9999f0fc6b7967cfd9fad9d77ae8b16c99,1.0625896141138222,0.2989215136212972,2024_11,-1.0,-1.0,STOP,2024-11-04T15:48:00Z,STOP,315db1a8d22dd4d481a8cee9336dc88747a64239ee13e28bb0efeec80ab3691d,2024-11-04T14:07:00Z,RETEST_EXPIRED,2024-11-04T13:20:00Z,,2739.69,False,False,RECLAIM_CONFIRMATION_STOP,49267f8fbf8e1529f4e488a9ba913b06bec11259fabc29bc0b227ff4e7f2d838,53ac7eecb81cf9746e5f0706830f5aa45a568e294a73f9b20a52002637a4b4eb,2742.513142857143,1.8628571428571377,0.09314285714285689,,M5_LATEST_CONFIRMED_OPPOSING_SWING_ELSE_CONTROL,True,7874f362592a31b557468c828c86139b631bdcc0c083f57ed5d5d38616ca1222,2024-11-04T12:55:00Z,2742.42,2730.55,0532482d1c16d04eb09f3dcf0fa2ad98866890aee3285f3c01c649cb03374292
5a57ada60ff017f58b590551322c4b07b13b08810b8207d256faef3f0cf4e146,2739.69,2024-11-04T13:05:00Z,aac93b549a11af9392948f722df63425f3d4c0cc5a19b9450105af19d1fb62dd,2024-11-04T13:05:00Z,2737.93,2745.37,2024-12-01T00:00:00Z,2024-11-04T12:00:00Z,0.0,SHORT,1.0,-50.0,CONTROL_V2_FILLED_STOP,2024-11-04T13:05:00Z,CONTROL_NEXT_M1_OPEN,2737.93,True,c2f5702109eb64f5970194c6801af43931e3f5f743ba0a95d63056e1985a4c40,1.1021505376344372,0.18413978494622055,2024_11,-1.0,-1.0,STOP,2024-11-04T15:48:00Z,STOP,5658c850353f0cef8d60339767f1ce78784978cf87e40a46467bee56ddbbd256,2024-11-04T15:48:00Z,RETEST_EXPIRED,2024-11-04T13:20:00Z,,2739.69,False,False,RECLAIM_CONFIRMATION_STOP,3499199aaaed62e8f4441dcf00cf068934e74625287b95086fc71a25fef72e70,53ac7eecb81cf9746e5f0706830f5aa45a568e294a73f9b20a52002637a4b4eb,2745.37,3.5200000000000466,0.17600000000000235,NOT_STRICTLY_CLOSER_THAN_CONTROL,M15_LATEST_CONFIRMED_OPPOSING_SWING_ELSE_CONTROL,False,87999bd26cf4f0262e6b8428ab3579c35c4438b49af518d665d1b5fb6d464740,2024-11-04T12:45:00Z,2745.35,2730.55,0532482d1c16d04eb09f3dcf0fa2ad98866890aee3285f3c01c649cb03374292
5a57ada60ff017f58b590551322c4b07b13b08810b8207d256faef3f0cf4e146,2739.69,2024-11-04T13:05:00Z,aac93b549a11af9392948f722df63425f3d4c0cc5a19b9450105af19d1fb62dd,2024-11-04T13:05:00Z,2737.93,2745.37,2024-12-01T00:00:00Z,2024-11-04T12:00:00Z,0.0,SHORT,0.9644873271889877,-50.0,H1_SOURCE_SWING_BUFFERED_ELSE_CONTROL,2024-11-04T13:05:00Z,CONTROL_NEXT_M1_OPEN,2737.93,True,f5763e43cba36775a8e4d991b79011e5e55b8f06e3a5a7e6ee7c53047999985a,1.1427320054548264,0.19091985944791895,2024_11,-1.0,-1.0,STOP,2024-11-04T15:48:00Z,STOP,8bae8d4d4edfebae177643cff88de2b8eaeb7c946b60d9c30e1e7752dcd8edc4,2024-11-04T15:48:00Z,RETEST_EXPIRED,2024-11-04T13:20:00Z,,2739.69,False,False,RECLAIM_CONFIRMATION_STOP,b6165f3983d796e072d4f60da6519217fb3d30377a4bcd10e38b903866c1f0fd,53ac7eecb81cf9746e5f0706830f5aa45a568e294a73f9b20a52002637a4b4eb,2745.105785714286,6.1157142857143105,0.30578571428571555,,H1_SOURCE_SWING_BUFFERED_ELSE_CONTROL,True,53ac7eecb81cf9746e5f0706830f5aa45a568e294a73f9b20a52002637a4b4eb,2024-11-04T12:00:00Z,2744.8,2730.55,0532482d1c16d04eb09f3dcf0fa2ad98866890aee3285f3c01c649cb03374292
5a57ada60ff017f58b590551322c4b07b13b08810b8207d256faef3f0cf4e146,2739.69,2024-11-04T13:05:00Z,aac93b549a11af9392948f722df63425f3d4c0cc5a19b9450105af19d1fb62dd,2024-11-04T13:05:00Z,2737.93,2745.37,2024-12-01T00:00:00Z,2024-11-04T12:00:00Z,1.0,SHORT,1.0,0.0,CONTROL_V2_FILLED_STOP,,M5_BROKEN_CONTROL_FIRST_RETEST,,False,934281936bd9b675206cf0b30f990c32589400b9a66c0e18687dc3c1dcf593c3,,,2024_11,0.0,-1.0,STOP,2024-11-04T15:48:00Z,NO_FILL,56a6570aa6b27dd9214ba6fc98b6eaf524cac61ddd7e86f3980bf23e82bea80e,,RETEST_EXPIRED,2024-11-04T13:20:00Z,,2739.69,False,False,RECLAIM_CONFIRMATION_STOP,e58ebf174cbb4efbe5933c0e27128d9a1ed8e40635143251bb59b2d54c961fd6,53ac7eecb81cf9746e5f0706830f5aa45a568e294a73f9b20a52002637a4b4eb,2745.37,,,,CONTROL_V2_FILLED_STOP,False,,2024-11-04T13:05:00Z,2745.37,2730.55,0532482d1c16d04eb09f3dcf0fa2ad98866890aee3285f3c01c649cb03374292
5a57ada60ff017f58b590551322c4b07b13b08810b8207d256faef3f0cf4e146,2739.69,2024-11-04T13:05:00Z,aac93b549a11af9392948f722df63425f3d4c0cc5a19b9450105af19d1fb62dd,2024-11-04T13:05:00Z,2737.93,2745.37,2024-12-01T00:00:00Z,2024-11-04T12:00:00Z,1.0,SHORT,0.6160138248848382,0.0,M5_LATEST_CONFIRMED_OPPOSING_SWING_ELSE_CONTROL,,M5_BROKEN_CONTROL_FIRST_RETEST,,False,793d1c0cf6c5ffb07eb761cb8abe7f9999f0fc6b7967cfd9fad9d77ae8b16c99,,,2024_11,0.0,-1.0,STOP,2024-11-04T15:48:00Z,NO_FILL,365fca6eebb1560b4a1c52079a19cd2f32248f18a3b64f03a52cd00266950a56,,RETEST_EXPIRED,2024-11-04T13:20:00Z,,2739.69,False,False,RECLAIM_CONFIRMATION_STOP,03d31ce548912f3bd002b8a0824094d4118c9cc11db9fa1c7637698b16c70298,53ac7eecb81cf9746e5f0706830f5aa45a568e294a73f9b20a52002637a4b4eb,2742.513142857143,1.8628571428571377,0.09314285714285689,,M5_LATEST_CONFIRMED_OPPOSING_SWING_ELSE_CONTROL,True,7874f362592a31b557468c828c86139b631bdcc0c083f57ed5d5d38616ca1222,2024-11-04T12:55:00Z,2742.42,2730.55,0532482d1c16d04eb09f3dcf0fa2ad98866890aee3285f3c01c649cb03374292
5a57ada60ff017f58b590551322c4b07b13b08810b8207d256faef3f0cf4e146,2739.69,2024-11-04T13:05:00Z,aac93b549a11af9392948f722df63425f3d4c0cc5a19b9450105af19d1fb62dd,2024-11-04T13:05:00Z,2737.93,2745.37,2024-12-01T00:00:00Z,2024-11-04T12:00:00Z,1.0,SHORT,1.0,0.0,CONTROL_V2_FILLED_STOP,,M5_BROKEN_CONTROL_FIRST_RETEST,,False,c2f5702109eb64f5970194c6801af43931e3f5f743ba0a95d63056e1985a4c40,,,2024_11,0.0,-1.0,STOP,2024-11-04T15:48:00Z,NO_FILL,4be7b8f49d84680cd61ce496098cbd4f31f5e39849c6c07841ea71d57b05e47d,,RETEST_EXPIRED,2024-11-04T13:20:00Z,,2739.69,False,False,RECLAIM_CONFIRMATION_STOP,19629e251ee83ba9afb060977278f0f2ccf88af20149abf80ebbb4856db2b4bd,53ac7eecb81cf9746e5f0706830f5aa45a568e294a73f9b20a52002637a4b4eb,2745.37,3.5200000000000466,0.17600000000000235,NOT_STRICTLY_CLOSER_THAN_CONTROL,M15_LATEST_CONFIRMED_OPPOSING_SWING_ELSE_CONTROL,False,87999bd26cf4f0262e6b8428ab3579c35c4438b49af518d665d1b5fb6d464740,2024-11-04T12:45:00Z,2745.35,2730.55,0532482d1c16d04eb09f3dcf0fa2ad98866890aee3285f3c01c649cb03374292
5a57ada60ff017f58b590551322c4b07b13b08810b8207d256faef3f0cf4e146,2739.69,2024-11-04T13:05:00Z,aac93b549a11af9392948f722df63425f3d4c0cc5a19b9450105af19d1fb62dd,2024-11-04T13:05:00Z,2737.93,2745.37,2024-12-01T00:00:00Z,2024-11-04T12:00:00Z,1.0,SHORT,0.9644873271889877,0.0,H1_SOURCE_SWING_BUFFERED_ELSE_CONTROL,,M5_BROKEN_CONTROL_FIRST_RETEST,,False,f5763e43cba36775a8e4d991b79011e5e55b8f06e3a5a7e6ee7c53047999985a,,,2024_11,0.0,-1.0,STOP,2024-11-04T15:48:00Z,NO_FILL,672aeedf1e79664127d811ca1a232d5a1e6a319941d7de26b68e4d24e10525fb,,RETEST_EXPIRED,2024-11-04T13:20:00Z,,2739.69,False,False,RECLAIM_CONFIRMATION_STOP,37cd0390e660f65d79d427cd83e1c82a688333a631b6eebbef1abcdd3d89c7ec,53ac7eecb81cf9746e5f0706830f5aa45a568e294a73f9b20a52002637a4b4eb,2745.105785714286,6.1157142857143105,0.30578571428571555,,H1_SOURCE_SWING_BUFFERED_ELSE_CONTROL,True,53ac7eecb81cf9746e5f0706830f5aa45a568e294a73f9b20a52002637a4b4eb,2024-11-04T12:00:00Z,2744.8,2730.55,0532482d1c16d04eb09f3dcf0fa2ad98866890aee3285f3c01c649cb03374292
5a57ada60ff017f58b590551322c4b07b13b08810b8207d256faef3f0cf4e146,2739.69,2024-11-04T13:05:00Z,aac93b549a11af9392948f722df63425f3d4c0cc5a19b9450105af19d1fb62dd,2024-11-04T13:05:00Z,2737.93,2745.37,2024-12-01T00:00:00Z,2024-11-04T12:00:00Z,0.75,SHORT,1.0,-12.5,CONTROL_V2_FILLED_STOP,2024-11-04T13:05:00Z,CONFIRMED_25_75_RETEST_SPLIT,2737.93,True,934281936bd9b675206cf0b30f990c32589400b9a66c0e18687dc3c1dcf593c3,0.2755376344086093,0.04603494623655514,2024_11,-0.25,-1.0,STOP,2024-11-04T15:48:00Z,SPLIT_CONTROL_STOP_NO_RETEST,7753a601f6eb446561404f170bbcff883d28d5d44fa3cc062d7ffe3af23d0ad3,2024-11-04T15:48:00Z,RETEST_EXPIRED,2024-11-04T13:20:00Z,,2739.69,False,False,RECLAIM_CONFIRMATION_STOP,62e5e87598ba0c3f50cde117df7d2cf2b3639ca9c0fa2016b35266df6de68467,53ac7eecb81cf9746e5f0706830f5aa45a568e294a73f9b20a52002637a4b4eb,2745.37,,,,CONTROL_V2_FILLED_STOP,False,,2024-11-04T13:05:00Z,2745.37,2730.55,0532482d1c16d04eb09f3dcf0fa2ad98866890aee3285f3c01c649cb03374292
5a57ada60ff017f58b590551322c4b07b13b08810b8207d256faef3f0cf4e146,2739.69,2024-11-04T13:05:00Z,aac93b549a11af9392948f722df63425f3d4c0cc5a19b9450105af19d1fb62dd,2024-11-04T13:05:00Z,2737.93,2745.37,2024-12-01T00:00:00Z,2024-11-04T12:00:00Z,0.75,SHORT,0.6160138248848382,-12.5,M5_LATEST_CONFIRMED_OPPOSING_SWING_ELSE_CONTROL,2024-11-04T13:05:00Z,CONFIRMED_25_75_RETEST_SPLIT,2737.93,True,793d1c0cf6c5ffb07eb761cb8abe7f9999f0fc6b7967cfd9fad9d77ae8b16c99,0.26564740352845556,0.0747303784053243,2024_11,-0.25,-1.0,STOP,2024-11-04T15:48:00Z,SPLIT_CONTROL_STOP_NO_RETEST,77aa5be8b3a500d668d127010fe3c344a0d2bf843d7a35395dbb2c7147fdf10e,2024-11-04T14:07:00Z,RETEST_EXPIRED,2024-11-04T13:20:00Z,,2739.69,False,False,RECLAIM_CONFIRMATION_STOP,b1591a766b1ac04363cb19ac1912c42882debbd1b2562398e923faaca8a85f9a,53ac7eecb81cf9746e5f0706830f5aa45a568e294a73f9b20a52002637a4b4eb,2742.513142857143,1.8628571428571377,0.09314285714285689,,M5_LATEST_CONFIRMED_OPPOSING_SWING_ELSE_CONTROL,True,7874f362592a31b557468c828c86139b631bdcc0c083f57ed5d5d38616ca1222,2024-11-04T12:55:00Z,2742.42,2730.55,0532482d1c16d04eb09f3dcf0fa2ad98866890aee3285f3c01c649cb03374292
5a57ada60ff017f58b590551322c4b07b13b08810b8207d256faef3f0cf4e146,2739.69,2024-11-04T13:05:00Z,aac93b549a11af9392948f722df63425f3d4c0cc5a19b9450105af19d1fb62dd,2024-11-04T13:05:00Z,2737.93,2745.37,2024-12-01T00:00:00Z,2024-11-04T12:00:00Z,0.75,SHORT,1.0,-12.5,CONTROL_V2_FILLED_STOP,2024-11-04T13:05:00Z,CONFIRMED_25_75_RETEST_SPLIT,2737.93,True,c2f5702109eb64f5970194c6801af43931e3f5f743ba0a95d63056e1985a4c40,0.2755376344086093,0.04603494623655514,2024_11,-0.25,-1.0,STOP,2024-11-04T15:48:00Z,SPLIT_CONTROL_STOP_NO_RETEST,97279e43ee792f0331a89365e65b83abbf27f005facbd007d47c6ea9abe8abea,2024-11-04T15:48:00Z,RETEST_EXPIRED,2024-11-04T13:20:00Z,,2739.69,False,False,RECLAIM_CONFIRMATION_STOP,bf17821a55f69f9fb3f61957cd5b72cc59abc4d87ad973148dfca6f3383db009,53ac7eecb81cf9746e5f0706830f5aa45a568e294a73f9b20a52002637a4b4eb,2745.37,3.5200000000000466,0.17600000000000235,NOT_STRICTLY_CLOSER_THAN_CONTROL,M15_LATEST_CONFIRMED_OPPOSING_SWING_ELSE_CONTROL,False,87999bd26cf4f0262e6b8428ab3579c35c4438b49af518d665d1b5fb6d464740,2024-11-04T12:45:00Z,2745.35,2730.55,0532482d1c16d04eb09f3dcf0fa2ad98866890aee3285f3c01c649cb03374292
5a57ada60ff017f58b590551322c4b07b13b08810b8207d256faef3f0cf4e146,2739.69,2024-11-04T13:05:00Z,aac93b549a11af9392948f722df63425f3d4c0cc5a19b9450105af19d1fb62dd,2024-11-04T13:05:00Z,2737.93,2745.37,2024-12-01T00:00:00Z,2024-11-04T12:00:00Z,0.75,SHORT,0.9644873271889877,-12.5,H1_SOURCE_SWING_BUFFERED_ELSE_CONTROL,2024-11-04T13:05:00Z,CONFIRMED_25_75_RETEST_SPLIT,2737.93,True,f5763e43cba36775a8e4d991b79011e5e55b8f06e3a5a7e6ee7c53047999985a,0.2856830013637066,0.04772996486197974,2024_11,-0.25,-1.0,STOP,2024-11-04T15:48:00Z,SPLIT_CONTROL_STOP_NO_RETEST,642ac6447d8052325eacca35147c72caeabbf00e4f9b41fdba026d2836a64450,2024-11-04T15:48:00Z,RETEST_EXPIRED,2024-11-04T13:20:00Z,,2739.69,False,False,RECLAIM_CONFIRMATION_STOP,ff0c6676a521aa89dbb43693ecfaedb68cf2f7bd0dbb9408307b2bc5e185a7b7,53ac7eecb81cf9746e5f0706830f5aa45a568e294a73f9b20a52002637a4b4eb,2745.105785714286,6.1157142857143105,0.30578571428571555,,H1_SOURCE_SWING_BUFFERED_ELSE_CONTROL,True,53ac7eecb81cf9746e5f0706830f5aa45a568e294a73f9b20a52002637a4b4eb,2024-11-04T12:00:00Z,2744.8,2730.55,0532482d1c16d04eb09f3dcf0fa2ad98866890aee3285f3c01c649cb03374292
7874f362592a31b557468c828c86139b631bdcc0c083f57ed5d5d38616ca1222,2742.42,2024-11-04T14:10:00Z,c0add1d62975e97197c553ddc47cdb5c91de5b2147ff6d07501a59c3e391cfdd,2024-11-04T14:10:00Z,2742.48,2731.97,2024-12-01T00:00:00Z,2024-11-04T13:00:00Z,0.0,LONG,1.0,11.037107516651359,CONTROL_V2_FILLED_STOP,2024-11-04T14:10:00Z,CONTROL_NEXT_M1_OPEN,2742.48,True,5bb7b3765f8b0deee061eda7df3a984abe599a2bf6bd98f5d2df8a814d5853c2,0.27878211227400335,0.22835394862036548,2024_11,0.22074215033302716,0.22074215033302716,TARGET,2024-11-04T15:16:00Z,TARGET,2a30efc30ff71f6279df12a1653e4e8013f7a2b1ecd667414c71f27dacfb4e2c,2024-11-04T15:16:00Z,FIRST_RETEST_FILLED,2024-11-04T14:25:00Z,2024-11-04T14:11:00Z,2742.42,True,False,INITIAL_CONFIRMATION_TARGET,c0ecbb8678c64f701b7031f33d958ec71d0c1eeeb4793bacd28ec06acb29aa6f,8272add6e4818b616b5fd59a9f67c5482bfa5451074662754d5648110a8eee5a,2731.97,,,,CONTROL_V2_FILLED_STOP,False,,2024-11-04T14:10:00Z,2731.97,2744.8,4fd325c0e5a0c3aafd29f3c213adf9ff540426540bbc9d092df9b5406b38c5c7
7874f362592a31b557468c828c86139b631bdcc0c083f57ed5d5d38616ca1222,2742.42,2024-11-04T14:10:00Z,c0add1d62975e97197c553ddc47cdb5c91de5b2147ff6d07501a59c3e391cfdd,2024-11-04T14:10:00Z,2742.48,2731.97,2024-12-01T00:00:00Z,2024-11-04T13:00:00Z,0.1659245163336668,LONG,0.5708848715508921,19.3333333333347,M5_LATEST_CONFIRMED_OPPOSING_SWING_ELSE_CONTROL,2024-11-04T14:10:00Z,CONTROL_NEXT_M1_OPEN,2742.48,True,ccf89b4d20f10a9600c4a203b23b044915ce8e530fafb44703fdb7c176936160,0.48833333333330603,0.4000000000000152,2024_11,0.38666666666669397,0.22074215033302716,TARGET,2024-11-04T15:16:00Z,TARGET,6dcf478cabfb862f6db00146cacaa9f67a8350794e53ce9ffe432cb57d14df33,2024-11-04T15:16:00Z,FIRST_RETEST_FILLED,2024-11-04T14:25:00Z,2024-11-04T14:11:00Z,2742.42,True,False,INITIAL_CONFIRMATION_TARGET,db9f3ae1a37e6a41233b9549b114e2c7bcb88aad164a03a4ae8ec05e266f7f30,8272add6e4818b616b5fd59a9f67c5482bfa5451074662754d5648110a8eee5a,2736.48,1.600000000000039,0.08000000000000196,,M5_LATEST_CONFIRMED_OPPOSING_SWING_ELSE_CONTROL,True,f4e9847c3aa2e5f5f4603f87cf8e6fe6e886cd7f6978b6234acd677d4374d2cc,2024-11-04T13:30:00Z,2736.56,2744.8,4fd325c0e5a0c3aafd29f3c213adf9ff540426540bbc9d092df9b5406b38c5c7
7874f362592a31b557468c828c86139b631bdcc0c083f57ed5d5d38616ca1222,2742.42,2024-11-04T14:10:00Z,c0add1d62975e97197c553ddc47cdb5c91de5b2147ff6d07501a59c3e391cfdd,2024-11-04T14:10:00Z,2742.48,2731.97,2024-12-01T00:00:00Z,2024-11-04T13:00:00Z,0.16007176907232487,LONG,0.5796588283267589,19.040695970267603,M15_LATEST_CONFIRMED_OPPOSING_SWING_ELSE_CONTROL,2024-11-04T14:10:00Z,CONTROL_NEXT_M1_OPEN,2742.48,True,1af3d131263fac02b3073df74e06563035b902e9051eaea79e9a6e0e73badc0e,0.4809417171799743,0.3939454338675927,2024_11,0.38081391940535203,0.22074215033302716,TARGET,2024-11-04T15:16:00Z,TARGET,ef8bd417785c35ec46ab48bba7b82ade21e5338b739f61eaf28a5cd67eea7073,2024-11-04T15:16:00Z,FIRST_RETEST_FILLED,2024-11-04T14:25:00Z,2024-11-04T14:11:00Z,2742.42,True,False,INITIAL_CONFIRMATION_TARGET,ca39943b0019081c84f828c46d5ef996d65036b74737fe1ed6480f233f2cee00,8272add6e4818b616b5fd59a9f67c5482bfa5451074662754d5648110a8eee5a,2736.3877857142857,3.444285714285765,0.17221428571428826,,M15_LATEST_CONFIRMED_OPPOSING_SWING_ELSE_CONTROL,True,4f6b1ceb15d8cc68a8c78410e9f119a117178d1c715133982025ca34ccc0c2cd,2024-11-04T14:00:00Z,2736.56,2744.8,4fd325c0e5a0c3aafd29f3c213adf9ff540426540bbc9d092df9b5406b38c5c7
7874f362592a31b557468c828c86139b631bdcc0c083f57ed5d5d38616ca1222,2742.42,2024-11-04T14:10:00Z,c0add1d62975e97197c553ddc47cdb5c91de5b2147ff6d07501a59c3e391cfdd,2024-11-04T14:10:00Z,2742.48,2731.97,2024-12-01T00:00:00Z,2024-11-04T13:00:00Z,0.0,LONG,1.0,11.037107516651359,CONTROL_V2_FILLED_STOP,2024-11-04T14:10:00Z,CONTROL_NEXT_M1_OPEN,2742.48,True,7e925eb56dbdf04d82a59775f817e0bcbf116d171a2ab024db7b6ede97ba1c20,0.27878211227400335,0.22835394862036548,2024_11,0.22074215033302716,0.22074215033302716,TARGET,2024-11-04T15:16:00Z,TARGET,9eafe12f71c74bba504d48be891efe8856c7926dc95abb5b5ecebe12ad1b7b89,2024-11-04T15:16:00Z,FIRST_RETEST_FILLED,2024-11-04T14:25:00Z,2024-11-04T14:11:00Z,2742.42,True,False,INITIAL_CONFIRMATION_TARGET,d0c0bb4e3d7335d53fc2105eb70fb0c0e9ced15553faf8ff2ec14f8be20f042c,8272add6e4818b616b5fd59a9f67c5482bfa5451074662754d5648110a8eee5a,2731.97,6.1157142857143105,0.30578571428571555,NOT_STRICTLY_CLOSER_THAN_CONTROL,H1_SOURCE_SWING_BUFFERED_ELSE_CONTROL,False,8272add6e4818b616b5fd59a9f67c5482bfa5451074662754d5648110a8eee5a,2024-11-04T13:00:00Z,2731.97,2744.8,4fd325c0e5a0c3aafd29f3c213adf9ff540426540bbc9d092df9b5406b38c5c7
7874f362592a31b557468c828c86139b631bdcc0c083f57ed5d5d38616ca1222,2742.42,2024-11-04T14:10:00Z,c0add1d62975e97197c553ddc47cdb5c91de5b2147ff6d07501a59c3e391cfdd,2024-11-04T14:10:00Z,2742.48,2731.97,2024-12-01T00:00:00Z,2024-11-04T13:00:00Z,0.007009045839226152,LONG,1.0,11.387559808612666,CONTROL_V2_FILLED_STOP,2024-11-04T14:11:00Z,M5_BROKEN_CONTROL_FIRST_RETEST,2742.42,True,5bb7b3765f8b0deee061eda7df3a984abe599a2bf6bd98f5d2df8a814d5853c2,0.27464114832534126,0.23540669856459065,2024_11,0.2277511961722533,0.22074215033302716,TARGET,2024-11-04T15:16:00Z,TARGET,78572fa7a104b68cfac0c8da61b59ed81dd34948f1e89cb3fccb653bc4fca189,2024-11-04T15:16:00Z,FIRST_RETEST_FILLED,2024-11-04T14:25:00Z,2024-11-04T14:11:00Z,2742.42,True,True,INITIAL_CONFIRMATION_TARGET,52f4038c49513f6d262a4c1ff5d4aaabe98c205f36fd04fd80475657314ce8a9,8272add6e4818b616b5fd59a9f67c5482bfa5451074662754d5648110a8eee5a,2731.97,,,,CONTROL_V2_FILLED_STOP,False,,2024-11-04T14:10:00Z,2731.97,2744.8,4fd325c0e5a0c3aafd29f3c213adf9ff540426540bbc9d092df9b5406b38c5c7
7874f362592a31b557468c828c86139b631bdcc0c083f57ed5d5d38616ca1222,2742.42,2024-11-04T14:10:00Z,c0add1d62975e97197c553ddc47cdb5c91de5b2147ff6d07501a59c3e391cfdd,2024-11-04T14:10:00Z,2742.48,2731.97,2024-12-01T00:00:00Z,2024-11-04T13:00:00Z,0.17993125034038823,LONG,0.5708848715508921,20.03367003367077,M5_LATEST_CONFIRMED_OPPOSING_SWING_ELSE_CONTROL,2024-11-04T14:11:00Z,M5_BROKEN_CONTROL_FIRST_RETEST,2742.42,True,ccf89b4d20f10a9600c4a203b23b044915ce8e530fafb44703fdb7c176936160,0.48316498316496037,0.4141414141414165,2024_11,0.4006734006734154,0.22074215033302716,TARGET,2024-11-04T15:16:00Z,TARGET,8f9fa4ca710f007a2a396e6f026a04248f4384af6d723d9372190e7b69bfbd42,2024-11-04T15:16:00Z,FIRST_RETEST_FILLED,2024-11-04T14:25:00Z,2024-11-04T14:11:00Z,2742.42,True,True,INITIAL_CONFIRMATION_TARGET,b17579f824d911ee13c33dff9a2534d0faf7b47d5758597c3edd11b552c92331,8272add6e4818b616b5fd59a9f67c5482bfa5451074662754d5648110a8eee5a,2736.48,1.600000000000039,0.08000000000000196,,M5_LATEST_CONFIRMED_OPPOSING_SWING_ELSE_CONTROL,True,f4e9847c3aa2e5f5f4603f87cf8e6fe6e886cd7f6978b6234acd677d4374d2cc,2024-11-04T13:30:00Z,2736.56,2744.8,4fd325c0e5a0c3aafd29f3c213adf9ff540426540bbc9d092df9b5406b38c5c7
7874f362592a31b557468c828c86139b631bdcc0c083f57ed5d5d38616ca1222,2742.42,2024-11-04T14:10:00Z,c0add1d62975e97197c553ddc47cdb5c91de5b2147ff6d07501a59c3e391cfdd,2024-11-04T14:10:00Z,2742.48,2731.97,2024-12-01T00:00:00Z,2024-11-04T13:00:00Z,0.17380616762650916,LONG,0.5796588283267589,19.727415897976815,M15_LATEST_CONFIRMED_OPPOSING_SWING_ELSE_CONTROL,2024-11-04T14:11:00Z,M5_BROKEN_CONTROL_FIRST_RETEST,2742.42,True,1af3d131263fac02b3073df74e06563035b902e9051eaea79e9a6e0e73badc0e,0.4757788540099892,0.40781044629429797,2024_11,0.3945483179595363,0.22074215033302716,TARGET,2024-11-04T15:16:00Z,TARGET,c085e9c54c197296bdef5a7fa9c04b7312762afff272e49644cb1ecbe9d4b53d,2024-11-04T15:16:00Z,FIRST_RETEST_FILLED,2024-11-04T14:25:00Z,2024-11-04T14:11:00Z,2742.42,True,True,INITIAL_CONFIRMATION_TARGET,dd8a2538eab7ae05a7fd63f967fabfd1c0caa08166eeed77e0e012bdb2138988,8272add6e4818b616b5fd59a9f67c5482bfa5451074662754d5648110a8eee5a,2736.3877857142857,3.444285714285765,0.17221428571428826,,M15_LATEST_CONFIRMED_OPPOSING_SWING_ELSE_CONTROL,True,4f6b1ceb15d8cc68a8c78410e9f119a117178d1c715133982025ca34ccc0c2cd,2024-11-04T14:00:00Z,2736.56,2744.8,4fd325c0e5a0c3aafd29f3c213adf9ff540426540bbc9d092df9b5406b38c5c7
7874f362592a31b557468c828c86139b631bdcc0c083f57ed5d5d38616ca1222,2742.42,2024-11-04T14:10:00Z,c0add1d62975e97197c553ddc47cdb5c91de5b2147ff6d07501a59c3e391cfdd,2024-11-04T14:10:00Z,2742.48,2731.97,2024-12-01T00:00:00Z,2024-11-04T13:00:00Z,0.007009045839226152,LONG,1.0,11.387559808612666,CONTROL_V2_FILLED_STOP,2024-11-04T14:11:00Z,M5_BROKEN_CONTROL_FIRST_RETEST,2742.42,True,7e925eb56dbdf04d82a59775f817e0bcbf116d171a2ab024db7b6ede97ba1c20,0.27464114832534126,0.23540669856459065,2024_11,0.2277511961722533,0.22074215033302716,TARGET,2024-11-04T15:16:00Z,TARGET,3c4e40408e15e438c8ce751323a0dee92e753f3b55915da03826c14614063e24,2024-11-04T15:16:00Z,FIRST_RETEST_FILLED,2024-11-04T14:25:00Z,2024-11-04T14:11:00Z,2742.42,True,True,INITIAL_CONFIRMATION_TARGET,f342adadd00e6c5585294199ed5d6b52686293366a519f68702060943493558a,8272add6e4818b616b5fd59a9f67c5482bfa5451074662754d5648110a8eee5a,2731.97,6.1157142857143105,0.30578571428571555,NOT_STRICTLY_CLOSER_THAN_CONTROL,H1_SOURCE_SWING_BUFFERED_ELSE_CONTROL,False,8272add6e4818b616b5fd59a9f67c5482bfa5451074662754d5648110a8eee5a,2024-11-04T13:00:00Z,2731.97,2744.8,4fd325c0e5a0c3aafd29f3c213adf9ff540426540bbc9d092df9b5406b38c5c7
7874f362592a31b557468c828c86139b631bdcc0c083f57ed5d5d38616ca1222,2742.42,2024-11-04T14:10:00Z,c0add1d62975e97197c553ddc47cdb5c91de5b2147ff6d07501a59c3e391cfdd,2024-11-04T14:10:00Z,2742.48,2731.97,2024-12-01T00:00:00Z,2024-11-04T13:00:00Z,0.005256784379419593,LONG,1.0,11.299946735622338,CONTROL_V2_FILLED_STOP,2024-11-04T14:10:00Z,CONFIRMED_25_75_RETEST_SPLIT,2742.48,True,5bb7b3765f8b0deee061eda7df3a984abe599a2bf6bd98f5d2df8a814d5853c2,0.27567638931250676,0.23364351107853437,2024_11,0.22599893471244675,0.22074215033302716,TARGET,2024-11-04T15:16:00Z,SPLIT_TARGET_TARGET,ab342e677c1b650d969524603469598c4bd243998b38415b97f1b5478e6b447d,2024-11-04T15:16:00Z,FIRST_RETEST_FILLED,2024-11-04T14:25:00Z,2024-11-04T14:11:00Z,2742.42,True,True,INITIAL_CONFIRMATION_TARGET,59e3c1a135059a09e639cf1a62c9e4924f3ecf9c377d4bcfcb0455d917d54c21,8272add6e4818b616b5fd59a9f67c5482bfa5451074662754d5648110a8eee5a,2731.97,,,,CONTROL_V2_FILLED_STOP,False,,2024-11-04T14:10:00Z,2731.97,2744.8,4fd325c0e5a0c3aafd29f3c213adf9ff540426540bbc9d092df9b5406b38c5c7
7874f362592a31b557468c828c86139b631bdcc0c083f57ed5d5d38616ca1222,2742.42,2024-11-04T14:10:00Z,c0add1d62975e97197c553ddc47cdb5c91de5b2147ff6d07501a59c3e391cfdd,2024-11-04T14:10:00Z,2742.48,2731.97,2024-12-01T00:00:00Z,2024-11-04T13:00:00Z,0.1764295668387079,LONG,0.5708848715508921,19.858585858586753,M5_LATEST_CONFIRMED_OPPOSING_SWING_ELSE_CONTROL,2024-11-04T14:10:00Z,CONFIRMED_25_75_RETEST_SPLIT,2742.48,True,ccf89b4d20f10a9600c4a203b23b044915ce8e530fafb44703fdb7c176936160,0.48445707070704674,0.41060606060606614,2024_11,0.39717171717173505,0.22074215033302716,TARGET,2024-11-04T15:16:00Z,SPLIT_TARGET_TARGET,f95821dfb6b32c6fb0b4ca8b285e853fb0167926645eee143c52786bcd6f179f,2024-11-04T15:16:00Z,FIRST_RETEST_FILLED,2024-11-04T14:25:00Z,2024-11-04T14:11:00Z,2742.42,True,True,INITIAL_CONFIRMATION_TARGET,6ffa736e3867840d59bfb724c068b1647764b6353d03e13c4507f236be927f03,8272add6e4818b616b5fd59a9f67c5482bfa5451074662754d5648110a8eee5a,2736.48,1.600000000000039,0.08000000000000196,,M5_LATEST_CONFIRMED_OPPOSING_SWING_ELSE_CONTROL,True,f4e9847c3aa2e5f5f4603f87cf8e6fe6e886cd7f6978b6234acd677d4374d2cc,2024-11-04T13:30:00Z,2736.56,2744.8,4fd325c0e5a0c3aafd29f3c213adf9ff540426540bbc9d092df9b5406b38c5c7
7874f362592a31b557468c828c86139b631bdcc0c083f57ed5d5d38616ca1222,2742.42,2024-11-04T14:10:00Z,c0add1d62975e97197c553ddc47cdb5c91de5b2147ff6d07501a59c3e391cfdd,2024-11-04T14:10:00Z,2742.48,2731.97,2024-12-01T00:00:00Z,2024-11-04T13:00:00Z,0.17037256798796305,LONG,0.5796588283267589,19.55573591604951,M15_LATEST_CONFIRMED_OPPOSING_SWING_ELSE_CONTROL,2024-11-04T14:10:00Z,CONFIRMED_25_75_RETEST_SPLIT,2742.48,True,1af3d131263fac02b3073df74e06563035b902e9051eaea79e9a6e0e73badc0e,0.4770695698024855,0.40434419318762166,2024_11,0.3911147183209902,0.22074215033302716,TARGET,2024-11-04T15:16:00Z,SPLIT_TARGET_TARGET,3110246b98e9d5809ba53794d166652363e8c10a9053c2b25316383c2d4156e9,2024-11-04T15:16:00Z,FIRST_RETEST_FILLED,2024-11-04T14:25:00Z,2024-11-04T14:11:00Z,2742.42,True,True,INITIAL_CONFIRMATION_TARGET,f1844395b0412b53c1fd7faee556994129633616e83319650aa9d8951a2ef7e5,8272add6e4818b616b5fd59a9f67c5482bfa5451074662754d5648110a8eee5a,2736.3877857142857,3.444285714285765,0.17221428571428826,,M15_LATEST_CONFIRMED_OPPOSING_SWING_ELSE_CONTROL,True,4f6b1ceb15d8cc68a8c78410e9f119a117178d1c715133982025ca34ccc0c2cd,2024-11-04T14:00:00Z,2736.56,2744.8,4fd325c0e5a0c3aafd29f3c213adf9ff540426540bbc9d092df9b5406b38c5c7
7874f362592a31b557468c828c86139b631bdcc0c083f57ed5d5d38616ca1222,2742.42,2024-11-04T14:10:00Z,c0add1d62975e97197c553ddc47cdb5c91de5b2147ff6d07501a59c3e391cfdd,2024-11-04T14:10:00Z,2742.48,2731.97,2024-12-01T00:00:00Z,2024-11-04T13:00:00Z,0.005256784379419593,LONG,1.0,11.299946735622338,CONTROL_V2_FILLED_STOP,2024-11-04T14:10:00Z,CONFIRMED_25_75_RETEST_SPLIT,2742.48,True,7e925eb56dbdf04d82a59775f817e0bcbf116d171a2ab024db7b6ede97ba1c20,0.27567638931250676,0.23364351107853437,2024_11,0.22599893471244675,0.22074215033302716,TARGET,2024-11-04T15:16:00Z,SPLIT_TARGET_TARGET,8b0487eeff298b601a3a336d4f2c77b675dbb7513d6e145b986bb15328120479,2024-11-04T15:16:00Z,FIRST_RETEST_FILLED,2024-11-04T14:25:00Z,2024-11-04T14:11:00Z,2742.42,True,True,INITIAL_CONFIRMATION_TARGET,60f3c1b458eea40e0864c7b536d593b3117694c18eb1942cb74699323accc6be,8272add6e4818b616b5fd59a9f67c5482bfa5451074662754d5648110a8eee5a,2731.97,6.1157142857143105,0.30578571428571555,NOT_STRICTLY_CLOSER_THAN_CONTROL,H1_SOURCE_SWING_BUFFERED_ELSE_CONTROL,False,8272add6e4818b616b5fd59a9f67c5482bfa5451074662754d5648110a8eee5a,2024-11-04T13:00:00Z,2731.97,2744.8,4fd325c0e5a0c3aafd29f3c213adf9ff540426540bbc9d092df9b5406b38c5c7
afecd9e44180184eca7a7365b57969245e57d8f3e7f0738679a1a4019c188676,2734.86,2024-11-04T19:05:00Z,88526218e97ba996bae1c8671c62ee1c0b4bf5b74be92f776d2ec876be2cef9e,2024-11-04T19:05:00Z,2733.54,2748.22,2024-12-01T00:00:00Z,2024-11-04T19:00:00Z,0.0,SHORT,1.0,5.347411444142307,CONTROL_V2_FILLED_STOP,2024-11-04T19:05:00Z,CONTROL_NEXT_M1_OPEN,2733.54,True,8e33534e5cfb26708295b64ea70be6be2891ca879e9118c5041225a43a82aa6a,0.04155313351499551,0.11580381471388536,2024_11,0.10694822888284614,0.10694822888284614,TARGET,2024-11-04T19:11:00Z,TARGET,092fed50d61fe578cd6273e32b5ed27cb9052f258324f51316e9d57b63df1323,2024-11-04T19:11:00Z,TARGET_BEFORE_RETEST,2024-11-04T19:20:00Z,,2734.86,False,False,INITIAL_CONFIRMATION_TARGET,00d563478a43c1a57ff1c89d3a49f0304981c540961e578ff47da0d3cfb88628,c73d8abeede270442c584dc6c3b3556ee731ef0d9e10646d6d8079d93b9fff87,2748.22,,,,CONTROL_V2_FILLED_STOP,False,,2024-11-04T19:05:00Z,2748.22,2731.97,a2ed84f3e2b83c8071271856265da6ca26b3a77fe3d62b3c6372c6f6d40f9ef9
afecd9e44180184eca7a7365b57969245e57d8f3e7f0738679a1a4019c188676,2734.86,2024-11-04T19:05:00Z,88526218e97ba996bae1c8671c62ee1c0b4bf5b74be92f776d2ec876be2cef9e,2024-11-04T19:05:00Z,2733.54,2748.22,2024-12-01T00:00:00Z,2024-11-04T19:00:00Z,0.178845929110125,SHORT,0.3742141884001577,14.289707899648556,M5_LATEST_CONFIRMED_OPPOSING_SWING_ELSE_CONTROL,2024-11-04T19:05:00Z,CONTROL_NEXT_M1_OPEN,2733.54,True,d2b472427b6c11c56e0eb11e7f8abac2257604407e129af09452d8d59e16c31d,0.11104104227753542,0.30945864241270593,2024_11,0.28579415799297114,0.10694822888284614,TARGET,2024-11-04T19:11:00Z,TARGET,0415bd3db4da9c4d040a9089708010e2f045a86e9659b130e02094c6acabaf4d,2024-11-04T19:11:00Z,TARGET_BEFORE_RETEST,2024-11-04T19:20:00Z,,2734.86,False,False,INITIAL_CONFIRMATION_TARGET,4d5ae4755cb97d136a17f2f25d655563319e58da2a7c7bbd4da50990ce1c866c,c73d8abeede270442c584dc6c3b3556ee731ef0d9e10646d6d8079d93b9fff87,2739.033464285714,2.0692857142856025,0.10346428571428012,,M5_LATEST_CONFIRMED_OPPOSING_SWING_ELSE_CONTROL,True,26dc44a8f0a21142d63c8f639113c9f8d8c1a51f0f1c041248b5404dd588cf2f,2024-11-04T18:45:00Z,2738.93,2731.97,a2ed84f3e2b83c8071271856265da6ca26b3a77fe3d62b3c6372c6f6d40f9ef9
afecd9e44180184eca7a7365b57969245e57d8f3e7f0738679a1a4019c188676,2734.86,2024-11-04T19:05:00Z,88526218e97ba996bae1c8671c62ee1c0b4bf5b74be92f776d2ec876be2cef9e,2024-11-04T19:05:00Z,2733.54,2748.22,2024-12-01T00:00:00Z,2024-11-04T19:00:00Z,0.02079233804584199,SHORT,0.8372299532892363,6.387028346434406,M15_LATEST_CONFIRMED_OPPOSING_SWING_ELSE_CONTROL,2024-11-04T19:05:00Z,CONTROL_NEXT_M1_OPEN,2733.54,True,34ba85ef5ddb00a0fbcfc1236ded83e64ec318817ff3bf411ede7cd96064b599,0.04963168523981395,0.13831781132402798,2024_11,0.12774056692868813,0.10694822888284614,TARGET,2024-11-04T19:11:00Z,TARGET,2ad7598614b249bbc814e09847462519fb897ff3bacb1973777d6a79dd2bebf3,2024-11-04T19:11:00Z,TARGET_BEFORE_RETEST,2024-11-04T19:20:00Z,,2734.86,False,False,INITIAL_CONFIRMATION_TARGET,07110591977a54f127d8525c315eab15d3af6dd1be906468aa805cfb372ed599,c73d8abeede270442c584dc6c3b3556ee731ef0d9e10646d6d8079d93b9fff87,2745.830535714286,4.210714285714208,0.2105357142857104,,M15_LATEST_CONFIRMED_OPPOSING_SWING_ELSE_CONTROL,True,0ecf54640c598f8b60da64dc70725c69250c2ae685abcdbb19f9b99ffef23417,2024-11-04T18:00:00Z,2745.62,2731.97,a2ed84f3e2b83c8071271856265da6ca26b3a77fe3d62b3c6372c6f6d40f9ef9
afecd9e44180184eca7a7365b57969245e57d8f3e7f0738679a1a4019c188676,2734.86,2024-11-04T19:05:00Z,88526218e97ba996bae1c8671c62ee1c0b4bf5b74be92f776d2ec876be2cef9e,2024-11-04T19:05:00Z,2733.54,2748.22,2024-12-01T00:00:00Z,2024-11-04T19:00:00Z,0.0,SHORT,1.0,5.347411444142307,CONTROL_V2_FILLED_STOP,2024-11-04T19:05:00Z,CONTROL_NEXT_M1_OPEN,2733.54,True,30823cf99a4213c74334a39980033ce51f3a60eea667f47147560c46208d130b,0.04155313351499551,0.11580381471388536,2024_11,0.10694822888284614,0.10694822888284614,TARGET,2024-11-04T19:11:00Z,TARGET,d6139dbc78aabd735fbad14495fe2591d5e439615004760e7fc6d3deaadc5590,2024-11-04T19:11:00Z,TARGET_BEFORE_RETEST,2024-11-04T19:20:00Z,,2734.86,False,False,INITIAL_CONFIRMATION_TARGET,380f6e3dee4f7007211a6cf69dc22086b3194a79b467dbb92fdd0461d54fa6b5,c73d8abeede270442c584dc6c3b3556ee731ef0d9e10646d6d8079d93b9fff87,2748.22,6.774285714285725,0.33871428571428625,NOT_STRICTLY_CLOSER_THAN_CONTROL,H1_SOURCE_SWING_BUFFERED_ELSE_CONTROL,False,c73d8abeede270442c584dc6c3b3556ee731ef0d9e10646d6d8079d93b9fff87,2024-11-04T19:00:00Z,2748.22,2731.97,a2ed84f3e2b83c8071271856265da6ca26b3a77fe3d62b3c6372c6f6d40f9ef9
afecd9e44180184eca7a7365b57969245e57d8f3e7f0738679a1a4019c188676,2734.86,2024-11-04T19:05:00Z,88526218e97ba996bae1c8671c62ee1c0b4bf5b74be92f776d2ec876be2cef9e,2024-11-04T19:05:00Z,2733.54,2748.22,2024-12-01T00:00:00Z,2024-11-04T19:00:00Z,-0.10694822888284614,SHORT,1.0,0.0,CONTROL_V2_FILLED_STOP,,M5_BROKEN_CONTROL_FIRST_RETEST,,False,8e33534e5cfb26708295b64ea70be6be2891ca879e9118c5041225a43a82aa6a,,,2024_11,0.0,0.10694822888284614,TARGET,2024-11-04T19:11:00Z,NO_FILL,1b54b3bedf8bbeb4a455b9060c1186789ac155c0a00fe9fe031bb7bb68c8179c,,TARGET_BEFORE_RETEST,2024-11-04T19:20:00Z,,2734.86,False,False,INITIAL_CONFIRMATION_TARGET,37d341670dd849d1191fe5e08507a18579f63ff765b93286776dc4ac3afe9512,c73d8abeede270442c584dc6c3b3556ee731ef0d9e10646d6d8079d93b9fff87,2748.22,,,,CONTROL_V2_FILLED_STOP,False,,2024-11-04T19:05:00Z,2748.22,2731.97,a2ed84f3e2b83c8071271856265da6ca26b3a77fe3d62b3c6372c6f6d40f9ef9
afecd9e44180184eca7a7365b57969245e57d8f3e7f0738679a1a4019c188676,2734.86,2024-11-04T19:05:00Z,88526218e97ba996bae1c8671c62ee1c0b4bf5b74be92f776d2ec876be2cef9e,2024-11-04T19:05:00Z,2733.54,2748.22,2024-12-01T00:00:00Z,2024-11-04T19:00:00Z,-0.10694822888284614,SHORT,0.3742141884001577,0.0,M5_LATEST_CONFIRMED_OPPOSING_SWING_ELSE_CONTROL,,M5_BROKEN_CONTROL_FIRST_RETEST,,False,d2b472427b6c11c56e0eb11e7f8abac2257604407e129af09452d8d59e16c31d,,,2024_11,0.0,0.10694822888284614,TARGET,2024-11-04T19:11:00Z,NO_FILL,1c1d69b2f619eeedd77122500100d19e5aff355ebea1f986486b5f50b1cd8d5d,,TARGET_BEFORE_RETEST,2024-11-04T19:20:00Z,,2734.86,False,False,INITIAL_CONFIRMATION_TARGET,b96c5b186232a55f74ecc01feb87d17078e5155323372c1648db97016a8854d9,c73d8abeede270442c584dc6c3b3556ee731ef0d9e10646d6d8079d93b9fff87,2739.033464285714,2.0692857142856025,0.10346428571428012,,M5_LATEST_CONFIRMED_OPPOSING_SWING_ELSE_CONTROL,True,26dc44a8f0a21142d63c8f639113c9f8d8c1a51f0f1c041248b5404dd588cf2f,2024-11-04T18:45:00Z,2738.93,2731.97,a2ed84f3e2b83c8071271856265da6ca26b3a77fe3d62b3c6372c6f6d40f9ef9
afecd9e44180184eca7a7365b57969245e57d8f3e7f0738679a1a4019c188676,2734.86,2024-11-04T19:05:00Z,88526218e97ba996bae1c8671c62ee1c0b4bf5b74be92f776d2ec876be2cef9e,2024-11-04T19:05:00Z,2733.54,2748.22,2024-12-01T00:00:00Z,2024-11-04T19:00:00Z,-0.10694822888284614,SHORT,0.8372299532892363,0.0,M15_LATEST_CONFIRMED_OPPOSING_SWING_ELSE_CONTROL,,M5_BROKEN_CONTROL_FIRST_RETEST,,False,34ba85ef5ddb00a0fbcfc1236ded83e64ec318817ff3bf411ede7cd96064b599,,,2024_11,0.0,0.10694822888284614,TARGET,2024-11-04T19:11:00Z,NO_FILL,085fe81d0b39c7729d37a3a383ad8b1dca79c2aef04b532dafefde73ede89f87,,TARGET_BEFORE_RETEST,2024-11-04T19:20:00Z,,2734.86,False,False,INITIAL_CONFIRMATION_TARGET,aee6ad6fe6effea89b7ab16d9c60e56d20143c6beda1004c6a91e264f85948e8,c73d8abeede270442c584dc6c3b3556ee731ef0d9e10646d6d8079d93b9fff87,2745.830535714286,4.210714285714208,0.2105357142857104,,M15_LATEST_CONFIRMED_OPPOSING_SWING_ELSE_CONTROL,True,0ecf54640c598f8b60da64dc70725c69250c2ae685abcdbb19f9b99ffef23417,2024-11-04T18:00:00Z,2745.62,2731.97,a2ed84f3e2b83c8071271856265da6ca26b3a77fe3d62b3c6372c6f6d40f9ef9
afecd9e44180184eca7a7365b57969245e57d8f3e7f0738679a1a4019c188676,2734.86,2024-11-04T19:05:00Z,88526218e97ba996bae1c8671c62ee1c0b4bf5b74be92f776d2ec876be2cef9e,2024-11-04T19:05:00Z,2733.54,2748.22,2024-12-01T00:00:00Z,2024-11-04T19:00:00Z,-0.10694822888284614,SHORT,1.0,0.0,CONTROL_V2_FILLED_STOP,,M5_BROKEN_CONTROL_FIRST_RETEST,,False,30823cf99a4213c74334a39980033ce51f3a60eea667f47147560c46208d130b,,,2024_11,0.0,0.10694822888284614,TARGET,2024-11-04T19:11:00Z,NO_FILL,2c285f9a7345988ffee2f767e8d1cb9323713b88cfc3f7853ba684f15fb16746,,TARGET_BEFORE_RETEST,2024-11-04T19:20:00Z,,2734.86,False,False,INITIAL_CONFIRMATION_TARGET,ec402b560f1b45020ca68c5a8149c19589b1b6c87ce5624e212eabae1257137d,c73d8abeede270442c584dc6c3b3556ee731ef0d9e10646d6d8079d93b9fff87,2748.22,6.774285714285725,0.33871428571428625,NOT_STRICTLY_CLOSER_THAN_CONTROL,H1_SOURCE_SWING_BUFFERED_ELSE_CONTROL,False,c73d8abeede270442c584dc6c3b3556ee731ef0d9e10646d6d8079d93b9fff87,2024-11-04T19:00:00Z,2748.22,2731.97,a2ed84f3e2b83c8071271856265da6ca26b3a77fe3d62b3c6372c6f6d40f9ef9
afecd9e44180184eca7a7365b57969245e57d8f3e7f0738679a1a4019c188676,2734.86,2024-11-04T19:05:00Z,88526218e97ba996bae1c8671c62ee1c0b4bf5b74be92f776d2ec876be2cef9e,2024-11-04T19:05:00Z,2733.54,2748.22,2024-12-01T00:00:00Z,2024-11-04T19:00:00Z,-0.0802111716621346,SHORT,1.0,1.3368528610355768,CONTROL_V2_FILLED_STOP,2024-11-04T19:05:00Z,CONFIRMED_25_75_RETEST_SPLIT,2733.54,True,8e33534e5cfb26708295b64ea70be6be2891ca879e9118c5041225a43a82aa6a,0.010388283378748878,0.02895095367847134,2024_11,0.026737057220711534,0.10694822888284614,TARGET,2024-11-04T19:11:00Z,SPLIT_CONTROL_TARGET_NO_RETEST,e1da5e73f299131990a32fbe8db5f2c8f743ebec0cc3f2aca4272c09a40c9e65,2024-11-04T19:11:00Z,TARGET_BEFORE_RETEST,2024-11-04T19:20:00Z,,2734.86,False,False,INITIAL_CONFIRMATION_TARGET,2faf291614bc2a185a89f8fec3db2fdb4598d7cd9d428cd5c93355e15a291134,c73d8abeede270442c584dc6c3b3556ee731ef0d9e10646d6d8079d93b9fff87,2748.22,,,,CONTROL_V2_FILLED_STOP,False,,2024-11-04T19:05:00Z,2748.22,2731.97,a2ed84f3e2b83c8071271856265da6ca26b3a77fe3d62b3c6372c6f6d40f9ef9
afecd9e44180184eca7a7365b57969245e57d8f3e7f0738679a1a4019c188676,2734.86,2024-11-04T19:05:00Z,88526218e97ba996bae1c8671c62ee1c0b4bf5b74be92f776d2ec876be2cef9e,2024-11-04T19:05:00Z,2733.54,2748.22,2024-12-01T00:00:00Z,2024-11-04T19:00:00Z,-0.03549968938460335,SHORT,0.3742141884001577,3.572426974912139,M5_LATEST_CONFIRMED_OPPOSING_SWING_ELSE_CONTROL,2024-11-04T19:05:00Z,CONFIRMED_25_75_RETEST_SPLIT,2733.54,True,d2b472427b6c11c56e0eb11e7f8abac2257604407e129af09452d8d59e16c31d,0.027760260569383854,0.07736466060317648,2024_11,0.07144853949824279,0.10694822888284614,TARGET,2024-11-04T19:11:00Z,SPLIT_CONTROL_TARGET_NO_RETEST,7c5e6c475673a951df85e4b694eeb1d7a2d4249f7f4389cc0d4f3a4525f096b8,2024-11-04T19:11:00Z,TARGET_BEFORE_RETEST,2024-11-04T19:20:00Z,,2734.86,False,False,INITIAL_CONFIRMATION_TARGET,7f8580ddd1cc01c30be0672245b4462d49edff592981d3bef11c16d51889587e,c73d8abeede270442c584dc6c3b3556ee731ef0d9e10646d6d8079d93b9fff87,2739.033464285714,2.0692857142856025,0.10346428571428012,,M5_LATEST_CONFIRMED_OPPOSING_SWING_ELSE_CONTROL,True,26dc44a8f0a21142d63c8f639113c9f8d8c1a51f0f1c041248b5404dd588cf2f,2024-11-04T18:45:00Z,2738.93,2731.97,a2ed84f3e2b83c8071271856265da6ca26b3a77fe3d62b3c6372c6f6d40f9ef9
afecd9e44180184eca7a7365b57969245e57d8f3e7f0738679a1a4019c188676,2734.86,2024-11-04T19:05:00Z,88526218e97ba996bae1c8671c62ee1c0b4bf5b74be92f776d2ec876be2cef9e,2024-11-04T19:05:00Z,2733.54,2748.22,2024-12-01T00:00:00Z,2024-11-04T19:00:00Z,-0.0750130871506741,SHORT,0.8372299532892363,1.5967570866086016,M15_LATEST_CONFIRMED_OPPOSING_SWING_ELSE_CONTROL,2024-11-04T19:05:00Z,CONFIRMED_25_75_RETEST_SPLIT,2733.54,True,34ba85ef5ddb00a0fbcfc1236ded83e64ec318817ff3bf411ede7cd96064b599,0.012407921309953487,0.034579452831006996,2024_11,0.03193514173217203,0.10694822888284614,TARGET,2024-11-04T19:11:00Z,SPLIT_CONTROL_TARGET_NO_RETEST,114b27384298810920961ee4f6efe0288854f2f4d801aec443dedea8e9a05022,2024-11-04T19:11:00Z,TARGET_BEFORE_RETEST,2024-11-04T19:20:00Z,,2734.86,False,False,INITIAL_CONFIRMATION_TARGET,6a52e288826c62f29e6467ecebc21f24ac7a15994cbac074cc49979f20fe9b08,c73d8abeede270442c584dc6c3b3556ee731ef0d9e10646d6d8079d93b9fff87,2745.830535714286,4.210714285714208,0.2105357142857104,,M15_LATEST_CONFIRMED_OPPOSING_SWING_ELSE_CONTROL,True,0ecf54640c598f8b60da64dc70725c69250c2ae685abcdbb19f9b99ffef23417,2024-11-04T18:00:00Z,2745.62,2731.97,a2ed84f3e2b83c8071271856265da6ca26b3a77fe3d62b3c6372c6f6d40f9ef9
afecd9e44180184eca7a7365b57969245e57d8f3e7f0738679a1a4019c188676,2734.86,2024-11-04T19:05:00Z,88526218e97ba996bae1c8671c62ee1c0b4bf5b74be92f776d2ec876be2cef9e,2024-11-04T19:05:00Z,2733.54,2748.22,2024-12-01T00:00:00Z,2024-11-04T19:00:00Z,-0.0802111716621346,SHORT,1.0,1.3368528610355768,CONTROL_V2_FILLED_STOP,2024-11-04T19:05:00Z,CONFIRMED_25_75_RETEST_SPLIT,2733.54,True,30823cf99a4213c74334a39980033ce51f3a60eea667f47147560c46208d130b,0.010388283378748878,0.02895095367847134,2024_11,0.026737057220711534,0.10694822888284614,TARGET,2024-11-04T19:11:00Z,SPLIT_CONTROL_TARGET_NO_RETEST,70bbeea72c05da217975fb23ee7aa5c4e7984035e77be416dcc222f4b9d4a630,2024-11-04T19:11:00Z,TARGET_BEFORE_RETEST,2024-11-04T19:20:00Z,,2734.86,False,False,INITIAL_CONFIRMATION_TARGET,4ec71c89b175a3aba1582c59270ea1156ecc80a59a2a0e6451c794bd1991088d,c73d8abeede270442c584dc6c3b3556ee731ef0d9e10646d6d8079d93b9fff87,2748.22,6.774285714285725,0.33871428571428625,NOT_STRICTLY_CLOSER_THAN_CONTROL,H1_SOURCE_SWING_BUFFERED_ELSE_CONTROL,False,c73d8abeede270442c584dc6c3b3556ee731ef0d9e10646d6d8079d93b9fff87,2024-11-04T19:00:00Z,2748.22,2731.97,a2ed84f3e2b83c8071271856265da6ca26b3a77fe3d62b3c6372c6f6d40f9ef9
7e4454d4d85111fadaf83a9c6d32c3652c88f7f35138607ca4e9d7aa56295918,2736.44,2024-11-05T02:05:00Z,7a79b0fd5f1f7d5ddd8a9a671d93688f3954d8f53bba8a7c19ad4a9e1a94ff43,2024-11-05T02:05:00Z,2735.8,2739.73,2024-12-01T00:00:00Z,2024-11-05T02:00:00Z,0.0,SHORT,1.0,50.381679389315536,CONTROL_V2_FILLED_STOP,2024-11-05T02:05:00Z,CONTROL_NEXT_M1_OPEN,2735.8,True,1c030582e0869794cb33c46307e09d658345790b23e0d8e54fe6da768cdd2035,0.22391857506353463,1.2595419847329463,2024_11,1.0076335877863107,1.0076335877863107,TARGET,2024-11-05T04:33:00Z,TARGET,62dffbaaf43c4cc82bdd4602111af3f580fe1569d0abb5372f414aaf88233323,2024-11-05T04:33:00Z,RETEST_EXPIRED,2024-11-05T02:20:00Z,,2736.44,False,False,INITIAL_CONFIRMATION_TARGET,c85e499d9ccbc5f023ae30f7cdf246484c46769ead50a0f6c0e30695a98473fb,caa8544545930aa2b2decf5aeefaf47310896ccd329fb9b9666612b7421fb4a3,2739.73,,,,CONTROL_V2_FILLED_STOP,False,,2024-11-05T02:05:00Z,2739.73,2731.84,4f0c9512049c48cc0486610fb2729d8559938a236d7b3929f9099b2bc0db6e1c
7e4454d4d85111fadaf83a9c6d32c3652c88f7f35138607ca4e9d7aa56295918,2736.44,2024-11-05T02:05:00Z,7a79b0fd5f1f7d5ddd8a9a671d93688f3954d8f53bba8a7c19ad4a9e1a94ff43,2024-11-05T02:05:00Z,2735.8,2739.73,2024-12-01T00:00:00Z,2024-11-05T02:00:00Z,1.3589676245420381,SHORT,0.4257724463831251,118.33006061641744,M5_LATEST_CONFIRMED_OPPOSING_SWING_ELSE_CONTROL,2024-11-05T02:05:00Z,CONTROL_NEXT_M1_OPEN,2735.8,True,de8b72b3bfd6bc1342703c04310b9e60cb87f3b9018661267f0a6ac65bcaa783,0.5259113805171995,2.958251515410572,2024_11,2.366601212328349,1.0076335877863107,TARGET,2024-11-05T04:33:00Z,TARGET,1ab631d86c55ef5f702ed2f7fb4f1ba969543920aace66bae945ac19e6b780a7,2024-11-05T04:33:00Z,RETEST_EXPIRED,2024-11-05T02:20:00Z,,2736.44,False,False,INITIAL_CONFIRMATION_TARGET,340da2cac2425814150860ce8c401c4bccbba7ca581f991c767e2a4c90f7e482,caa8544545930aa2b2decf5aeefaf47310896ccd329fb9b9666612b7421fb4a3,2737.473285714286,0.6657142857142324,0.03328571428571162,,M5_LATEST_CONFIRMED_OPPOSING_SWING_ELSE_CONTROL,True,c911c9822a2bd3ebb0b7398994d5cf553aab8f0ed7459d0d87c490dc714fcab6,2024-11-05T02:00:00Z,2737.44,2731.84,4f0c9512049c48cc0486610fb2729d8559938a236d7b3929f9099b2bc0db6e1c
7e4454d4d85111fadaf83a9c6d32c3652c88f7f35138607ca4e9d7aa56295918,2736.44,2024-11-05T02:05:00Z,7a79b0fd5f1f7d5ddd8a9a671d93688f3954d8f53bba8a7c19ad4a9e1a94ff43,2024-11-05T02:05:00Z,2735.8,2739.73,2024-12-01T00:00:00Z,2024-11-05T02:00:00Z,0.6904796197609622,SHORT,0.5933842239185693,84.90566037736365,M15_LATEST_CONFIRMED_OPPOSING_SWING_ELSE_CONTROL,2024-11-05T02:05:00Z,CONTROL_NEXT_M1_OPEN,2735.8,True,af7d23b92b7356e1097d2563998b489826c5bb3848c5b4ded5e452e653358eaa,0.377358490565909,2.1226415094341884,2024_11,1.698113207547273,1.0076335877863107,TARGET,2024-11-05T04:33:00Z,TARGET,71c9680525bef38ad41136585eddb8e13c2b05cf362c68259848a7307c2ca4b0,2024-11-05T04:33:00Z,RETEST_EXPIRED,2024-11-05T02:20:00Z,,2736.44,False,False,INITIAL_CONFIRMATION_TARGET,d94d235ffa005dcd0420b9267f4e5ee821742c11f9e33fbdb0837e802d60caf2,caa8544545930aa2b2decf5aeefaf47310896ccd329fb9b9666612b7421fb4a3,2738.132,1.439999999999957,0.07199999999999786,,M15_LATEST_CONFIRMED_OPPOSING_SWING_ELSE_CONTROL,True,d3cbdb004bdfa82a91fcc645b1d00b8d4743596a66f21ed018e70a3a2f876896,2024-11-05T01:45:00Z,2738.06,2731.84,4f0c9512049c48cc0486610fb2729d8559938a236d7b3929f9099b2bc0db6e1c
7e4454d4d85111fadaf83a9c6d32c3652c88f7f35138607ca4e9d7aa56295918,2736.44,2024-11-05T02:05:00Z,7a79b0fd5f1f7d5ddd8a9a671d93688f3954d8f53bba8a7c19ad4a9e1a94ff43,2024-11-05T02:05:00Z,2735.8,2739.73,2024-12-01T00:00:00Z,2024-11-05T02:00:00Z,0.0,SHORT,1.0,50.381679389315536,CONTROL_V2_FILLED_STOP,2024-11-05T02:05:00Z,CONTROL_NEXT_M1_OPEN,2735.8,True,fa42c8011ff63b24407fde85a35191a1d0d8e2104266db8aa4b14d39c138463d,0.22391857506353463,1.2595419847329463,2024_11,1.0076335877863107,1.0076335877863107,TARGET,2024-11-05T04:33:00Z,TARGET,52765b1d697b37d79c52718965c070ab8b90cec0f0beb0a2b18d2109c1c2d406,2024-11-05T04:33:00Z,RETEST_EXPIRED,2024-11-05T02:20:00Z,,2736.44,False,False,INITIAL_CONFIRMATION_TARGET,5c3046c104c7901c8a1672b50b1e30643e4553c81fc26e094fd78528c658fe49,caa8544545930aa2b2decf5aeefaf47310896ccd329fb9b9666612b7421fb4a3,2739.73,6.067857142857098,0.3033928571428549,NOT_STRICTLY_CLOSER_THAN_CONTROL,H1_SOURCE_SWING_BUFFERED_ELSE_CONTROL,False,caa8544545930aa2b2decf5aeefaf47310896ccd329fb9b9666612b7421fb4a3,2024-11-05T02:00:00Z,2739.73,2731.84,4f0c9512049c48cc0486610fb2729d8559938a236d7b3929f9099b2bc0db6e1c
7e4454d4d85111fadaf83a9c6d32c3652c88f7f35138607ca4e9d7aa56295918,2736.44,2024-11-05T02:05:00Z,7a79b0fd5f1f7d5ddd8a9a671d93688f3954d8f53bba8a7c19ad4a9e1a94ff43,2024-11-05T02:05:00Z,2735.8,2739.73,2024-12-01T00:00:00Z,2024-11-05T02:00:00Z,-1.0076335877863107,SHORT,1.0,0.0,CONTROL_V2_FILLED_STOP,,M5_BROKEN_CONTROL_FIRST_RETEST,,False,1c030582e0869794cb33c46307e09d658345790b23e0d8e54fe6da768cdd2035,,,2024_11,0.0,1.0076335877863107,TARGET,2024-11-05T04:33:00Z,NO_FILL,1da0447352580444075d1ce0ed95d7a68aa80cecde79fc6e3ea59d7c4f2e37f4,,RETEST_EXPIRED,2024-11-05T02:20:00Z,,2736.44,False,False,INITIAL_CONFIRMATION_TARGET,dfbb011037f19d3dd63a6d95f6558c03ab0fe7447e159f67fc0573b425f2c6d2,caa8544545930aa2b2decf5aeefaf47310896ccd329fb9b9666612b7421fb4a3,2739.73,,,,CONTROL_V2_FILLED_STOP,False,,2024-11-05T02:05:00Z,2739.73,2731.84,4f0c9512049c48cc0486610fb2729d8559938a236d7b3929f9099b2bc0db6e1c
7e4454d4d85111fadaf83a9c6d32c3652c88f7f35138607ca4e9d7aa56295918,2736.44,2024-11-05T02:05:00Z,7a79b0fd5f1f7d5ddd8a9a671d93688f3954d8f53bba8a7c19ad4a9e1a94ff43,2024-11-05T02:05:00Z,2735.8,2739.73,2024-12-01T00:00:00Z,2024-11-05T02:00:00Z,-1.0076335877863107,SHORT,0.4257724463831251,0.0,M5_LATEST_CONFIRMED_OPPOSING_SWING_ELSE_CONTROL,,M5_BROKEN_CONTROL_FIRST_RETEST,,False,de8b72b3bfd6bc1342703c04310b9e60cb87f3b9018661267f0a6ac65bcaa783,,,2024_11,0.0,1.0076335877863107,TARGET,2024-11-05T04:33:00Z,NO_FILL,6f9af5430c2f7fa53db4a977f95d54b4206637db213f50cb125277eaebdcccab,,RETEST_EXPIRED,2024-11-05T02:20:00Z,,2736.44,False,False,INITIAL_CONFIRMATION_TARGET,04097c9808397fad32de9987ae8981c94890548c01d2035900cf47db8add3a28,caa8544545930aa2b2decf5aeefaf47310896ccd329fb9b9666612b7421fb4a3,2737.473285714286,0.6657142857142324,0.03328571428571162,,M5_LATEST_CONFIRMED_OPPOSING_SWING_ELSE_CONTROL,True,c911c9822a2bd3ebb0b7398994d5cf553aab8f0ed7459d0d87c490dc714fcab6,2024-11-05T02:00:00Z,2737.44,2731.84,4f0c9512049c48cc0486610fb2729d8559938a236d7b3929f9099b2bc0db6e1c
7e4454d4d85111fadaf83a9c6d32c3652c88f7f35138607ca4e9d7aa56295918,2736.44,2024-11-05T02:05:00Z,7a79b0fd5f1f7d5ddd8a9a671d93688f3954d8f53bba8a7c19ad4a9e1a94ff43,2024-11-05T02:05:00Z,2735.8,2739.73,2024-12-01T00:00:00Z,2024-11-05T02:00:00Z,-1.0076335877863107,SHORT,0.5933842239185693,0.0,M15_LATEST_CONFIRMED_OPPOSING_SWING_ELSE_CONTROL,,M5_BROKEN_CONTROL_FIRST_RETEST,,False,af7d23b92b7356e1097d2563998b489826c5bb3848c5b4ded5e452e653358eaa,,,2024_11,0.0,1.0076335877863107,TARGET,2024-11-05T04:33:00Z,NO_FILL,6e66b1e7248eb8f634e4a75ff2fc936590a7014d29b3e59f3b11980b97c45b3f,,RETEST_EXPIRED,2024-11-05T02:20:00Z,,2736.44,False,False,INITIAL_CONFIRMATION_TARGET,300cab6306fa4cd556ac411095d998f7fd516a17fb3f7c1745f8311a535c8673,caa8544545930aa2b2decf5aeefaf47310896ccd329fb9b9666612b7421fb4a3,2738.132,1.439999999999957,0.07199999999999786,,M15_LATEST_CONFIRMED_OPPOSING_SWING_ELSE_CONTROL,True,d3cbdb004bdfa82a91fcc645b1d00b8d4743596a66f21ed018e70a3a2f876896,2024-11-05T01:45:00Z,2738.06,2731.84,4f0c9512049c48cc0486610fb2729d8559938a236d7b3929f9099b2bc0db6e1c
7e4454d4d85111fadaf83a9c6d32c3652c88f7f35138607ca4e9d7aa56295918,2736.44,2024-11-05T02:05:00Z,7a79b0fd5f1f7d5ddd8a9a671d93688f3954d8f53bba8a7c19ad4a9e1a94ff43,2024-11-05T02:05:00Z,2735.8,2739.73,2024-12-01T00:00:00Z,2024-11-05T02:00:00Z,-1.0076335877863107,SHORT,1.0,0.0,CONTROL_V2_FILLED_STOP,,M5_BROKEN_CONTROL_FIRST_RETEST,,False,fa42c8011ff63b24407fde85a35191a1d0d8e2104266db8aa4b14d39c138463d,,,2024_11,0.0,1.0076335877863107,TARGET,2024-11-05T04:33:00Z,NO_FILL,178b32c91201e662bd832f6c498f3c517dec33ee72edcfaf12a13769e7edd301,,RETEST_EXPIRED,2024-11-05T02:20:00Z,,2736.44,False,False,INITIAL_CONFIRMATION_TARGET,5ceef52ca2832ed8aeb347edec0ad44e42a18d838208c0e94b87bc23f5759e96,caa8544545930aa2b2decf5aeefaf47310896ccd329fb9b9666612b7421fb4a3,2739.73,6.067857142857098,0.3033928571428549,NOT_STRICTLY_CLOSER_THAN_CONTROL,H1_SOURCE_SWING_BUFFERED_ELSE_CONTROL,False,caa8544545930aa2b2decf5aeefaf47310896ccd329fb9b9666612b7421fb4a3,2024-11-05T02:00:00Z,2739.73,2731.84,4f0c9512049c48cc0486610fb2729d8559938a236d7b3929f9099b2bc0db6e1c
7e4454d4d85111fadaf83a9c6d32c3652c88f7f35138607ca4e9d7aa56295918,2736.44,2024-11-05T02:05:00Z,7a79b0fd5f1f7d5ddd8a9a671d93688f3954d8f53bba8a7c19ad4a9e1a94ff43,2024-11-05T02:05:00Z,2735.8,2739.73,2024-12-01T00:00:00Z,2024-11-05T02:00:00Z,-0.7557251908397331,SHORT,1.0,12.595419847328884,CONTROL_V2_FILLED_STOP,2024-11-05T02:05:00Z,CONFIRMED_25_75_RETEST_SPLIT,2735.8,True,1c030582e0869794cb33c46307e09d658345790b23e0d8e54fe6da768cdd2035,0.05597964376588366,0.3148854961832366,2024_11,0.2519083969465777,1.0076335877863107,TARGET,2024-11-05T04:33:00Z,SPLIT_CONTROL_TARGET_NO_RETEST,d0fcd6256e2d32fc72819abc58dc564eefd54ff10287b6d51367e10729b42025,2024-11-05T04:33:00Z,RETEST_EXPIRED,2024-11-05T02:20:00Z,,2736.44,False,False,INITIAL_CONFIRMATION_TARGET,375115f28f6c61210222324e84cce683de75a51723267fe77c93db9ee0839dbb,caa8544545930aa2b2decf5aeefaf47310896ccd329fb9b9666612b7421fb4a3,2739.73,,,,CONTROL_V2_FILLED_STOP,False,,2024-11-05T02:05:00Z,2739.73,2731.84,4f0c9512049c48cc0486610fb2729d8559938a236d7b3929f9099b2bc0db6e1c
7e4454d4d85111fadaf83a9c6d32c3652c88f7f35138607ca4e9d7aa56295918,2736.44,2024-11-05T02:05:00Z,7a79b0fd5f1f7d5ddd8a9a671d93688f3954d8f53bba8a7c19ad4a9e1a94ff43,2024-11-05T02:05:00Z,2735.8,2739.73,2024-12-01T00:00:00Z,2024-11-05T02:00:00Z,-0.4159832847042235,SHORT,0.4257724463831251,29.58251515410436,M5_LATEST_CONFIRMED_OPPOSING_SWING_ELSE_CONTROL,2024-11-05T02:05:00Z,CONFIRMED_25_75_RETEST_SPLIT,2735.8,True,de8b72b3bfd6bc1342703c04310b9e60cb87f3b9018661267f0a6ac65bcaa783,0.1314778451292999,0.739562878852643,2024_11,0.5916503030820872,1.0076335877863107,TARGET,2024-11-05T04:33:00Z,SPLIT_CONTROL_TARGET_NO_RETEST,85a4b6a0fe0d46b50a203415aab7b56d1c0e8cbaa4a0993fcd1a4b72d1ac61bc,2024-11-05T04:33:00Z,RETEST_EXPIRED,2024-11-05T02:20:00Z,,2736.44,False,False,INITIAL_CONFIRMATION_TARGET,7449650d506b127f58f04d5362e8e7c598be0a3a119a35d7aca5aebfbb66a472,caa8544545930aa2b2decf5aeefaf47310896ccd329fb9b9666612b7421fb4a3,2737.473285714286,0.6657142857142324,0.03328571428571162,,M5_LATEST_CONFIRMED_OPPOSING_SWING_ELSE_CONTROL,True,c911c9822a2bd3ebb0b7398994d5cf553aab8f0ed7459d0d87c490dc714fcab6,2024-11-05T02:00:00Z,2737.44,2731.84,4f0c9512049c48cc0486610fb2729d8559938a236d7b3929f9099b2bc0db6e1c
7e4454d4d85111fadaf83a9c6d32c3652c88f7f35138607ca4e9d7aa56295918,2736.44,2024-11-05T02:05:00Z,7a79b0fd5f1f7d5ddd8a9a671d93688f3954d8f53bba8a7c19ad4a9e1a94ff43,2024-11-05T02:05:00Z,2735.8,2739.73,2024-12-01T00:00:00Z,2024-11-05T02:00:00Z,-0.5831052858994925,SHORT,0.5933842239185693,21.22641509434091,M15_LATEST_CONFIRMED_OPPOSING_SWING_ELSE_CONTROL,2024-11-05T02:05:00Z,CONFIRMED_25_75_RETEST_SPLIT,2735.8,True,af7d23b92b7356e1097d2563998b489826c5bb3848c5b4ded5e452e653358eaa,0.09433962264147724,0.5306603773585471,2024_11,0.4245283018868182,1.0076335877863107,TARGET,2024-11-05T04:33:00Z,SPLIT_CONTROL_TARGET_NO_RETEST,61e296b7c8cea41936d5177152ded211b5fe8c3e34bdaf9423fe6f444546f8aa,2024-11-05T04:33:00Z,RETEST_EXPIRED,2024-11-05T02:20:00Z,,2736.44,False,False,INITIAL_CONFIRMATION_TARGET,a21a676f10f985ffad82482fbd5edf9a74aabbc81fc9ad23360ebe64f05aab03,caa8544545930aa2b2decf5aeefaf47310896ccd329fb9b9666612b7421fb4a3,2738.132,1.439999999999957,0.07199999999999786,,M15_LATEST_CONFIRMED_OPPOSING_SWING_ELSE_CONTROL,True,d3cbdb004bdfa82a91fcc645b1d00b8d4743596a66f21ed018e70a3a2f876896,2024-11-05T01:45:00Z,2738.06,2731.84,4f0c9512049c48cc0486610fb2729d8559938a236d7b3929f9099b2bc0db6e1c
7e4454d4d85111fadaf83a9c6d32c3652c88f7f35138607ca4e9d7aa56295918,2736.44,2024-11-05T02:05:00Z,7a79b0fd5f1f7d5ddd8a9a671d93688f3954d8f53bba8a7c19ad4a9e1a94ff43,2024-11-05T02:05:00Z,2735.8,2739.73,2024-12-01T00:00:00Z,2024-11-05T02:00:00Z,-0.7557251908397331,SHORT,1.0,12.595419847328884,CONTROL_V2_FILLED_STOP,2024-11-05T02:05:00Z,CONFIRMED_25_75_RETEST_SPLIT,2735.8,True,fa42c8011ff63b24407fde85a35191a1d0d8e2104266db8aa4b14d39c138463d,0.05597964376588366,0.3148854961832366,2024_11,0.2519083969465777,1.0076335877863107,TARGET,2024-11-05T04:33:00Z,SPLIT_CONTROL_TARGET_NO_RETEST,b1bf7bc0050fa1c6373e0497a728e534c9e21b70811d397f895116caee2d526d,2024-11-05T04:33:00Z,RETEST_EXPIRED,2024-11-05T02:20:00Z,,2736.44,False,False,INITIAL_CONFIRMATION_TARGET,5a4947ca4a33634e9b8f075ebd707f9c7c522c9f9793c87d94a148d8d9d6cc2e,caa8544545930aa2b2decf5aeefaf47310896ccd329fb9b9666612b7421fb4a3,2739.73,6.067857142857098,0.3033928571428549,NOT_STRICTLY_CLOSER_THAN_CONTROL,H1_SOURCE_SWING_BUFFERED_ELSE_CONTROL,False,caa8544545930aa2b2decf5aeefaf47310896ccd329fb9b9666612b7421fb4a3,2024-11-05T02:00:00Z,2739.73,2731.84,4f0c9512049c48cc0486610fb2729d8559938a236d7b3929f9099b2bc0db6e1c
e8d9687c0cbe213e339f76ff7611096e90492432d2ea897c11d2b94d7eeaa361,2735.46,2024-11-05T07:20:00Z,a2bc6ebcdca25e68d8adaad91ced41b49994c6f09d6988d6bd8625ebdc7b426b,2024-11-05T07:20:00Z,2735.97,2724.76,2024-12-01T00:00:00Z,2024-11-05T07:00:00Z,0.0,LONG,1.0,16.770740410349504,CONTROL_V2_FILLED_STOP,2024-11-05T07:20:00Z,CONTROL_NEXT_M1_OPEN,2735.97,True,5b257dd0cb760ce10a7352e6009b3e4c52f06133ffc9b267bd51faa80cf79ad0,0.3719892952720583,0.3568242640499687,2024_11,0.33541480820699004,0.33541480820699004,TARGET,2024-11-05T09:05:00Z,TARGET,ce6cc6990b6dd4789caaf00ea85e09227e540d7088a1ee3e4c89e73f73b2467a,2024-11-05T09:05:00Z,FIRST_RETEST_FILLED,2024-11-05T07:35:00Z,2024-11-05T07:29:00Z,2735.46,True,False,INITIAL_CONFIRMATION_TARGET,61b9c055626cb0bb7cfe164a7c2b1cbe544405307a702ced46a15eda318920d9,4f840db2dd55bdbb2dacd0e6eecf0c0025e30b7f49f8f1338cb36ab96f3e68a2,2724.76,,,,CONTROL_V2_FILLED_STOP,False,,2024-11-05T07:20:00Z,2724.76,2739.73,ef107ef59276898a3dc47001f056ad24b59f70c540e47f757437140636b45ec9
e8d9687c0cbe213e339f76ff7611096e90492432d2ea897c11d2b94d7eeaa361,2735.46,2024-11-05T07:20:00Z,a2bc6ebcdca25e68d8adaad91ced41b49994c6f09d6988d6bd8625ebdc7b426b,2024-11-05T07:20:00Z,2735.97,2724.76,2024-12-01T00:00:00Z,2024-11-05T07:00:00Z,-1.33541480820699,LONG,0.19134063973492318,-50.0,M5_LATEST_CONFIRMED_OPPOSING_SWING_ELSE_CONTROL,2024-11-05T07:20:00Z,CONTROL_NEXT_M1_OPEN,2735.97,True,7bd18148aa74c29f0f46dc3987fd96e00b34687c7f424235942da69b908aaa1d,1.048985980219201,0.5920943088348295,2024_11,-1.0,0.33541480820699004,TARGET,2024-11-05T09:05:00Z,STOP,93275b513a9c37486f73c3f5b97399e4d18ab89ad46274f7ffd56a2ec17dfdcc,2024-11-05T07:50:00Z,FIRST_RETEST_FILLED,2024-11-05T07:35:00Z,2024-11-05T07:29:00Z,2735.46,True,False,INITIAL_CONFIRMATION_TARGET,ede952f56020956e5320ba97a7f7eaa80460983d13beb88804e39fecb46e15bd,4f840db2dd55bdbb2dacd0e6eecf0c0025e30b7f49f8f1338cb36ab96f3e68a2,2733.8250714285714,1.098571428571469,0.05492857142857345,,M5_LATEST_CONFIRMED_OPPOSING_SWING_ELSE_CONTROL,True,56cc31777bcffa7fd0e6a961315350a0e7d7542588590701413db6e35744725a,2024-11-05T07:10:00Z,2733.88,2739.73,ef107ef59276898a3dc47001f056ad24b59f70c540e47f757437140636b45ec9
e8d9687c0cbe213e339f76ff7611096e90492432d2ea897c11d2b94d7eeaa361,2735.46,2024-11-05T07:20:00Z,a2bc6ebcdca25e68d8adaad91ced41b49994c6f09d6988d6bd8625ebdc7b426b,2024-11-05T07:20:00Z,2735.97,2724.76,2024-12-01T00:00:00Z,2024-11-05T07:00:00Z,-1.33541480820699,LONG,0.26542309162736505,-50.0,M15_LATEST_CONFIRMED_OPPOSING_SWING_ELSE_CONTROL,2024-11-05T07:20:00Z,CONTROL_NEXT_M1_OPEN,2735.97,True,62f55edd70bbf740e2c7fa8f85ef852468d70d90866d173bff6fdda39b1afd53,1.139345344552376,0.4268343916169767,2024_11,-1.0,0.33541480820699004,TARGET,2024-11-05T09:05:00Z,STOP,6994b6fc63ff1732348976b0e1c7bfd76740f0c0ab9b41082abd07746d23e288,2024-11-05T07:57:00Z,FIRST_RETEST_FILLED,2024-11-05T07:35:00Z,2024-11-05T07:29:00Z,2735.46,True,False,INITIAL_CONFIRMATION_TARGET,31ff32347f34601f97f165489f1d3b6d64244a41eec5ec6571777bbeeadd24d8,4f840db2dd55bdbb2dacd0e6eecf0c0025e30b7f49f8f1338cb36ab96f3e68a2,2732.994607142857,2.907857142857048,0.1453928571428524,,M15_LATEST_CONFIRMED_OPPOSING_SWING_ELSE_CONTROL,True,4be6cbb6d01c9961ba4b986108d1b78ef97ac57a9bdbdf72c0629abd472e12bc,2024-11-05T07:15:00Z,2733.14,2739.73,ef107ef59276898a3dc47001f056ad24b59f70c540e47f757437140636b45ec9
e8d9687c0cbe213e339f76ff7611096e90492432d2ea897c11d2b94d7eeaa361,2735.46,2024-11-05T07:20:00Z,a2bc6ebcdca25e68d8adaad91ced41b49994c6f09d6988d6bd8625ebdc7b426b,2024-11-05T07:20:00Z,2735.97,2724.76,2024-12-01T00:00:00Z,2024-11-05T07:00:00Z,0.0,LONG,1.0,16.770740410349504,CONTROL_V2_FILLED_STOP,2024-11-05T07:20:00Z,CONTROL_NEXT_M1_OPEN,2735.97,True,dab898ab61fec27ea0c6e96fd2f12ba872c06bd59919b33e3a983f027f9c0111,0.3719892952720583,0.3568242640499687,2024_11,0.33541480820699004,0.33541480820699004,TARGET,2024-11-05T09:05:00Z,TARGET,9c118a98686a22615f9571896ff90b0976846da12c49bc760161f3ad32b8dfd6,2024-11-05T09:05:00Z,FIRST_RETEST_FILLED,2024-11-05T07:35:00Z,2024-11-05T07:29:00Z,2735.46,True,False,INITIAL_CONFIRMATION_TARGET,22251530ae352c861be66273ec733d787ad9ed26208b18df874d8c8a8f3af9cd,4f840db2dd55bdbb2dacd0e6eecf0c0025e30b7f49f8f1338cb36ab96f3e68a2,2724.76,5.555714285714203,0.27778571428571014,NOT_STRICTLY_CLOSER_THAN_CONTROL,H1_SOURCE_SWING_BUFFERED_ELSE_CONTROL,False,4f840db2dd55bdbb2dacd0e6eecf0c0025e30b7f49f8f1338cb36ab96f3e68a2,2024-11-05T07:00:00Z,2724.76,2739.73,ef107ef59276898a3dc47001f056ad24b59f70c540e47f757437140636b45ec9
e8d9687c0cbe213e339f76ff7611096e90492432d2ea897c11d2b94d7eeaa361,2735.46,2024-11-05T07:20:00Z,a2bc6ebcdca25e68d8adaad91ced41b49994c6f09d6988d6bd8625ebdc7b426b,2024-11-05T07:20:00Z,2735.97,2724.76,2024-12-01T00:00:00Z,2024-11-05T07:00:00Z,0.06365061235376268,LONG,1.0,19.953271028037637,CONTROL_V2_FILLED_STOP,2024-11-05T07:29:00Z,M5_BROKEN_CONTROL_FIRST_RETEST,2735.46,True,5b257dd0cb760ce10a7352e6009b3e4c52f06133ffc9b267bd51faa80cf79ad0,0.34205607476634736,0.4214953271027888,2024_11,0.3990654205607527,0.33541480820699004,TARGET,2024-11-05T09:05:00Z,TARGET,da5cbbf46a62dd19b1312c25791cf5a47481ba416085b86e204533de69bcf31f,2024-11-05T09:05:00Z,FIRST_RETEST_FILLED,2024-11-05T07:35:00Z,2024-11-05T07:29:00Z,2735.46,True,True,INITIAL_CONFIRMATION_TARGET,09f8330c70362454f0bd1f18da7e8fd60a43238c097d7c1e285dd410c67bf250,4f840db2dd55bdbb2dacd0e6eecf0c0025e30b7f49f8f1338cb36ab96f3e68a2,2724.76,,,,CONTROL_V2_FILLED_STOP,False,,2024-11-05T07:20:00Z,2724.76,2739.73,ef107ef59276898a3dc47001f056ad24b59f70c540e47f757437140636b45ec9
e8d9687c0cbe213e339f76ff7611096e90492432d2ea897c11d2b94d7eeaa361,2735.46,2024-11-05T07:20:00Z,a2bc6ebcdca25e68d8adaad91ced41b49994c6f09d6988d6bd8625ebdc7b426b,2024-11-05T07:20:00Z,2735.97,2724.76,2024-12-01T00:00:00Z,2024-11-05T07:00:00Z,-1.33541480820699,LONG,0.19134063973492318,-50.0,M5_LATEST_CONFIRMED_OPPOSING_SWING_ELSE_CONTROL,2024-11-05T07:29:00Z,M5_BROKEN_CONTROL_FIRST_RETEST,2735.46,True,7bd18148aa74c29f0f46dc3987fd96e00b34687c7f424235942da69b908aaa1d,1.0642666783171921,1.0887325789678584,2024_11,-1.0,0.33541480820699004,TARGET,2024-11-05T09:05:00Z,STOP,4c2f77af64d82255b881b4536d960aa7db4980ccb31d06d93111993bac5c26d1,2024-11-05T07:50:00Z,FIRST_RETEST_FILLED,2024-11-05T07:35:00Z,2024-11-05T07:29:00Z,2735.46,True,True,INITIAL_CONFIRMATION_TARGET,054242493c2af1bb562c8107eb5bd61ffe5ea350e174e9d3129d7794b3cd4799,4f840db2dd55bdbb2dacd0e6eecf0c0025e30b7f49f8f1338cb36ab96f3e68a2,2733.8250714285714,1.098571428571469,0.05492857142857345,,M5_LATEST_CONFIRMED_OPPOSING_SWING_ELSE_CONTROL,True,56cc31777bcffa7fd0e6a961315350a0e7d7542588590701413db6e35744725a,2024-11-05T07:10:00Z,2733.88,2739.73,ef107ef59276898a3dc47001f056ad24b59f70c540e47f757437140636b45ec9
e8d9687c0cbe213e339f76ff7611096e90492432d2ea897c11d2b94d7eeaa361,2735.46,2024-11-05T07:20:00Z,a2bc6ebcdca25e68d8adaad91ced41b49994c6f09d6988d6bd8625ebdc7b426b,2024-11-05T07:20:00Z,2735.97,2724.76,2024-12-01T00:00:00Z,2024-11-05T07:00:00Z,-1.33541480820699,LONG,0.26542309162736505,-50.0,M15_LATEST_CONFIRMED_OPPOSING_SWING_ELSE_CONTROL,2024-11-05T07:29:00Z,M5_BROKEN_CONTROL_FIRST_RETEST,2735.46,True,62f55edd70bbf740e2c7fa8f85ef852468d70d90866d173bff6fdda39b1afd53,1.1681708218047262,0.7219944662541793,2024_11,-1.0,0.33541480820699004,TARGET,2024-11-05T09:05:00Z,STOP,5c39a1c5c89799a61b4c3641a1a1bdcdb8b2594370d61151444e9775f649e3d8,2024-11-05T07:57:00Z,FIRST_RETEST_FILLED,2024-11-05T07:35:00Z,2024-11-05T07:29:00Z,2735.46,True,True,INITIAL_CONFIRMATION_TARGET,6aa9a9165218afef214d23866b30da3aa1fb738a4fd5c5bc1d836d3570363044,4f840db2dd55bdbb2dacd0e6eecf0c0025e30b7f49f8f1338cb36ab96f3e68a2,2732.994607142857,2.907857142857048,0.1453928571428524,,M15_LATEST_CONFIRMED_OPPOSING_SWING_ELSE_CONTROL,True,4be6cbb6d01c9961ba4b986108d1b78ef97ac57a9bdbdf72c0629abd472e12bc,2024-11-05T07:15:00Z,2733.14,2739.73,ef107ef59276898a3dc47001f056ad24b59f70c540e47f757437140636b45ec9
e8d9687c0cbe213e339f76ff7611096e90492432d2ea897c11d2b94d7eeaa361,2735.46,2024-11-05T07:20:00Z,a2bc6ebcdca25e68d8adaad91ced41b49994c6f09d6988d6bd8625ebdc7b426b,2024-11-05T07:20:00Z,2735.97,2724.76,2024-12-01T00:00:00Z,2024-11-05T07:00:00Z,0.06365061235376268,LONG,1.0,19.953271028037637,CONTROL_V2_FILLED_STOP,2024-11-05T07:29:00Z,M5_BROKEN_CONTROL_FIRST_RETEST,2735.46,True,dab898ab61fec27ea0c6e96fd2f12ba872c06bd59919b33e3a983f027f9c0111,0.34205607476634736,0.4214953271027888,2024_11,0.3990654205607527,0.33541480820699004,TARGET,2024-11-05T09:05:00Z,TARGET,0a98cebf63efc181fe5d049f7cea9ba9887683604e547738509fd7f8c3ef280d,2024-11-05T09:05:00Z,FIRST_RETEST_FILLED,2024-11-05T07:35:00Z,2024-11-05T07:29:00Z,2735.46,True,True,INITIAL_CONFIRMATION_TARGET,51da34170763d33fdfd2fb33365f284a4850837aa20130046a489fa756725e02,4f840db2dd55bdbb2dacd0e6eecf0c0025e30b7f49f8f1338cb36ab96f3e68a2,2724.76,5.555714285714203,0.27778571428571014,NOT_STRICTLY_CLOSER_THAN_CONTROL,H1_SOURCE_SWING_BUFFERED_ELSE_CONTROL,False,4f840db2dd55bdbb2dacd0e6eecf0c0025e30b7f49f8f1338cb36ab96f3e68a2,2024-11-05T07:00:00Z,2724.76,2739.73,ef107ef59276898a3dc47001f056ad24b59f70c540e47f757437140636b45ec9
e8d9687c0cbe213e339f76ff7611096e90492432d2ea897c11d2b94d7eeaa361,2735.46,2024-11-05T07:20:00Z,a2bc6ebcdca25e68d8adaad91ced41b49994c6f09d6988d6bd8625ebdc7b426b,2024-11-05T07:20:00Z,2735.97,2724.76,2024-12-01T00:00:00Z,2024-11-05T07:00:00Z,0.04773795926532204,LONG,1.0,19.157638373615605,CONTROL_V2_FILLED_STOP,2024-11-05T07:20:00Z,CONFIRMED_25_75_RETEST_SPLIT,2735.97,True,5b257dd0cb760ce10a7352e6009b3e4c52f06133ffc9b267bd51faa80cf79ad0,0.3495393798927751,0.4053275613395838,2024_11,0.3831527674723121,0.33541480820699004,TARGET,2024-11-05T09:05:00Z,SPLIT_TARGET_TARGET,60ac13bef17d2844c7b2ddcc402f0729b7b18c6d47e9ae1c9bd154353d9fcf38,2024-11-05T09:05:00Z,FIRST_RETEST_FILLED,2024-11-05T07:35:00Z,2024-11-05T07:29:00Z,2735.46,True,True,INITIAL_CONFIRMATION_TARGET,bfa500f4092e6c4c2d82c08d0b14352ed6e23981db5f485f57e36406b2f4dcae,4f840db2dd55bdbb2dacd0e6eecf0c0025e30b7f49f8f1338cb36ab96f3e68a2,2724.76,,,,CONTROL_V2_FILLED_STOP,False,,2024-11-05T07:20:00Z,2724.76,2739.73,ef107ef59276898a3dc47001f056ad24b59f70c540e47f757437140636b45ec9
e8d9687c0cbe213e339f76ff7611096e90492432d2ea897c11d2b94d7eeaa361,2735.46,2024-11-05T07:20:00Z,a2bc6ebcdca25e68d8adaad91ced41b49994c6f09d6988d6bd8625ebdc7b426b,2024-11-05T07:20:00Z,2735.97,2724.76,2024-12-01T00:00:00Z,2024-11-05T07:00:00Z,-1.33541480820699,LONG,0.19134063973492318,-50.0,M5_LATEST_CONFIRMED_OPPOSING_SWING_ELSE_CONTROL,2024-11-05T07:20:00Z,CONFIRMED_25_75_RETEST_SPLIT,2735.97,True,7bd18148aa74c29f0f46dc3987fd96e00b34687c7f424235942da69b908aaa1d,1.0604465037926945,0.9645730114346012,2024_11,-1.0,0.33541480820699004,TARGET,2024-11-05T09:05:00Z,SPLIT_STOP_STOP,6450e8e7d743df25dcbdb4c1881dafe80c648a62478653ea5db1f7adcc0ff559,2024-11-05T07:50:00Z,FIRST_RETEST_FILLED,2024-11-05T07:35:00Z,2024-11-05T07:29:00Z,2735.46,True,True,INITIAL_CONFIRMATION_TARGET,0ef77b3337d15c4aaab7e09f8ac1a0e19a21d32a4e9123a7f44e214691c7428a,4f840db2dd55bdbb2dacd0e6eecf0c0025e30b7f49f8f1338cb36ab96f3e68a2,2733.8250714285714,1.098571428571469,0.05492857142857345,,M5_LATEST_CONFIRMED_OPPOSING_SWING_ELSE_CONTROL,True,56cc31777bcffa7fd0e6a961315350a0e7d7542588590701413db6e35744725a,2024-11-05T07:10:00Z,2733.88,2739.73,ef107ef59276898a3dc47001f056ad24b59f70c540e47f757437140636b45ec9
e8d9687c0cbe213e339f76ff7611096e90492432d2ea897c11d2b94d7eeaa361,2735.46,2024-11-05T07:20:00Z,a2bc6ebcdca25e68d8adaad91ced41b49994c6f09d6988d6bd8625ebdc7b426b,2024-11-05T07:20:00Z,2735.97,2724.76,2024-12-01T00:00:00Z,2024-11-05T07:00:00Z,-1.33541480820699,LONG,0.26542309162736505,-50.0,M15_LATEST_CONFIRMED_OPPOSING_SWING_ELSE_CONTROL,2024-11-05T07:20:00Z,CONFIRMED_25_75_RETEST_SPLIT,2735.97,True,62f55edd70bbf740e2c7fa8f85ef852468d70d90866d173bff6fdda39b1afd53,1.1609644524916387,0.6482044475948786,2024_11,-1.0,0.33541480820699004,TARGET,2024-11-05T09:05:00Z,SPLIT_STOP_STOP,f2ce84cbbded15bb16e19f4d0382548012e88f45a72841ecbce662fe01918fd1,2024-11-05T07:57:00Z,FIRST_RETEST_FILLED,2024-11-05T07:35:00Z,2024-11-05T07:29:00Z,2735.46,True,True,INITIAL_CONFIRMATION_TARGET,b2526bb0a752c4b4702a4b56ce300f38789ddbd9a21d6269e74191debbc8ce77,4f840db2dd55bdbb2dacd0e6eecf0c0025e30b7f49f8f1338cb36ab96f3e68a2,2732.994607142857,2.907857142857048,0.1453928571428524,,M15_LATEST_CONFIRMED_OPPOSING_SWING_ELSE_CONTROL,True,4be6cbb6d01c9961ba4b986108d1b78ef97ac57a9bdbdf72c0629abd472e12bc,2024-11-05T07:15:00Z,2733.14,2739.73,ef107ef59276898a3dc47001f056ad24b59f70c540e47f757437140636b45ec9
e8d9687c0cbe213e339f76ff7611096e90492432d2ea897c11d2b94d7eeaa361,2735.46,2024-11-05T07:20:00Z,a2bc6ebcdca25e68d8adaad91ced41b49994c6f09d6988d6bd8625ebdc7b426b,2024-11-05T07:20:00Z,2735.97,2724.76,2024-12-01T00:00:00Z,2024-11-05T07:00:00Z,0.04773795926532204,LONG,1.0,19.157638373615605,CONTROL_V2_FILLED_STOP,2024-11-05T07:20:00Z,CONFIRMED_25_75_RETEST_SPLIT,2735.97,True,dab898ab61fec27ea0c6e96fd2f12ba872c06bd59919b33e3a983f027f9c0111,0.3495393798927751,0.4053275613395838,2024_11,0.3831527674723121,0.33541480820699004,TARGET,2024-11-05T09:05:00Z,SPLIT_TARGET_TARGET,53804209a90974a87ad665caa072e2616689d96f06fcd1d349a88fcb91fbfaa4,2024-11-05T09:05:00Z,FIRST_RETEST_FILLED,2024-11-05T07:35:00Z,2024-11-05T07:29:00Z,2735.46,True,True,INITIAL_CONFIRMATION_TARGET,2b36d3fb4ccd01b820eb3ed40db2997b15c2f11c148336ab94971eef2b4b36e5,4f840db2dd55bdbb2dacd0e6eecf0c0025e30b7f49f8f1338cb36ab96f3e68a2,2724.76,5.555714285714203,0.27778571428571014,NOT_STRICTLY_CLOSER_THAN_CONTROL,H1_SOURCE_SWING_BUFFERED_ELSE_CONTROL,False,4f840db2dd55bdbb2dacd0e6eecf0c0025e30b7f49f8f1338cb36ab96f3e68a2,2024-11-05T07:00:00Z,2724.76,2739.73,ef107ef59276898a3dc47001f056ad24b59f70c540e47f757437140636b45ec9
2b22bad8fb0a18b926e629dfb9a1bc7ccd11400e3386b52529c8aee7e146fd38,2739.39,2024-11-05T14:50:00Z,2a5cd55344a4f71053dde90069e377c9da1956b81780224040013fce0aca0b76,2024-11-05T14:50:00Z,2738.97,2745.03,2024-12-01T00:00:00Z,2024-11-05T14:00:00Z,0.0,SHORT,1.0,-50.0,CONTROL_V2_FILLED_STOP,2024-11-05T14:50:00Z,CONTROL_NEXT_M1_OPEN,2738.97,True,7ddad67543931bdc599e4abc1af64da0eab9f86f8570e60ce841cbd04eb438d6,1.1353135313530784,0.42244224422438553,2024_11,-1.0,-1.0,STOP,2024-11-05T15:49:00Z,STOP,112353ca2a4913857b385ad7ccbe14d05baf06161abc8ff5e0bcab04834b09c8,2024-11-05T15:49:00Z,RETEST_EXPIRED,2024-11-05T15:05:00Z,,2739.39,False,False,INITIAL_CONFIRMATION_STOP,971a2993a39412b76cd00ddc99bb69c48f4f9cd9ec87f4991f0a692a09aeaea5,b2b0dfbad627c271d0a129831783ef187afec7053dd8a9aafdb86293e4419665,2745.03,,,,CONTROL_V2_FILLED_STOP,False,,2024-11-05T14:50:00Z,2745.03,2731.8,4bb2d1defcce7fb0611dbe08ac693976cf03dabc4ac1a997cc716a965303c5c8
2b22bad8fb0a18b926e629dfb9a1bc7ccd11400e3386b52529c8aee7e146fd38,2739.39,2024-11-05T14:50:00Z,2a5cd55344a4f71053dde90069e377c9da1956b81780224040013fce0aca0b76,2024-11-05T14:50:00Z,2738.97,2745.03,2024-12-01T00:00:00Z,2024-11-05T14:00:00Z,0.0,SHORT,0.6986504007543929,-50.0,M5_LATEST_CONFIRMED_OPPOSING_SWING_ELSE_CONTROL,2024-11-05T14:50:00Z,CONTROL_NEXT_M1_OPEN,2738.97,True,ea393bc0ba9d2283b4a652c6d4e6389ac81e6f60269e7a343f9cbff31e45bd00,1.072317308746721,0.6046546939187873,2024_11,-1.0,-1.0,STOP,2024-11-05T15:49:00Z,STOP,7b6d7caaba56c34f4333efb6f3bef3ea7be0687278db9b1799072a75d5975163,2024-11-05T15:33:00Z,RETEST_EXPIRED,2024-11-05T15:05:00Z,,2739.39,False,False,INITIAL_CONFIRMATION_STOP,1ad815187ea3a4d0fb79a55321258aa288f6737795ad76851006d5451d05341e,b2b0dfbad627c271d0a129831783ef187afec7053dd8a9aafdb86293e4419665,2743.2038214285717,1.4764285714285765,0.07382142857142883,,M5_LATEST_CONFIRMED_OPPOSING_SWING_ELSE_CONTROL,True,a2816bddf792bc3957d9a07a7bffc752c4fb22c83579ca529eabe2ac1d84b1b5,2024-11-05T14:20:00Z,2743.13,2731.8,4bb2d1defcce7fb0611dbe08ac693976cf03dabc4ac1a997cc716a965303c5c8
2b22bad8fb0a18b926e629dfb9a1bc7ccd11400e3386b52529c8aee7e146fd38,2739.39,2024-11-05T14:50:00Z,2a5cd55344a4f71053dde90069e377c9da1956b81780224040013fce0aca0b76,2024-11-05T14:50:00Z,2738.97,2745.03,2024-12-01T00:00:00Z,2024-11-05T14:00:00Z,0.0,SHORT,0.7073137670909899,-50.0,M15_LATEST_CONFIRMED_OPPOSING_SWING_ELSE_CONTROL,2024-11-05T14:50:00Z,CONTROL_NEXT_M1_OPEN,2738.97,True,ed404602af4265f2768f5740da935d3cee29aefd7c07fdab24dfbcb77d87cee1,1.059183282368366,0.5972487230975131,2024_11,-1.0,-1.0,STOP,2024-11-05T15:49:00Z,STOP,4ef19ca0ae465b0429e028fb896ce7976b1a3af9a7c08dfeccd1fdb8ceb68a90,2024-11-05T15:33:00Z,RETEST_EXPIRED,2024-11-05T15:05:00Z,,2739.39,False,False,INITIAL_CONFIRMATION_STOP,19fe54e621283b7651f75fd292ebd385e4f3bf1697a147607f242b368a7cd03a,b2b0dfbad627c271d0a129831783ef187afec7053dd8a9aafdb86293e4419665,2743.2563214285715,2.5264285714286285,0.12632142857143144,,M15_LATEST_CONFIRMED_OPPOSING_SWING_ELSE_CONTROL,True,03b4dfd96def5db102f1105c99c2e041d687498f8266ccac2db7674a9c19c248,2024-11-05T14:45:00Z,2743.13,2731.8,4bb2d1defcce7fb0611dbe08ac693976cf03dabc4ac1a997cc716a965303c5c8
2b22bad8fb0a18b926e629dfb9a1bc7ccd11400e3386b52529c8aee7e146fd38,2739.39,2024-11-05T14:50:00Z,2a5cd55344a4f71053dde90069e377c9da1956b81780224040013fce0aca0b76,2024-11-05T14:50:00Z,2738.97,2745.03,2024-12-01T00:00:00Z,2024-11-05T14:00:00Z,0.0,SHORT,1.0,-50.0,CONTROL_V2_FILLED_STOP,2024-11-05T14:50:00Z,CONTROL_NEXT_M1_OPEN,2738.97,True,fecb79d9cb56883de737ad5e19fd73b079cb6412a1cc091c46eb2a720ca3df60,1.1353135313530784,0.42244224422438553,2024_11,-1.0,-1.0,STOP,2024-11-05T15:49:00Z,STOP,0802115fe3f8bc120431ecc043739ae3e262224097ace60b529e1bc012799556,2024-11-05T15:49:00Z,RETEST_EXPIRED,2024-11-05T15:05:00Z,,2739.39,False,False,INITIAL_CONFIRMATION_STOP,f8ce296f101a853d3f90e40c5be342185d7f8a9d7b46175f011f282085cd805a,b2b0dfbad627c271d0a129831783ef187afec7053dd8a9aafdb86293e4419665,2745.03,5.541428571428534,0.2770714285714267,NOT_STRICTLY_CLOSER_THAN_CONTROL,H1_SOURCE_SWING_BUFFERED_ELSE_CONTROL,False,b2b0dfbad627c271d0a129831783ef187afec7053dd8a9aafdb86293e4419665,2024-11-05T14:00:00Z,2745.03,2731.8,4bb2d1defcce7fb0611dbe08ac693976cf03dabc4ac1a997cc716a965303c5c8
2b22bad8fb0a18b926e629dfb9a1bc7ccd11400e3386b52529c8aee7e146fd38,2739.39,2024-11-05T14:50:00Z,2a5cd55344a4f71053dde90069e377c9da1956b81780224040013fce0aca0b76,2024-11-05T14:50:00Z,2738.97,2745.03,2024-12-01T00:00:00Z,2024-11-05T14:00:00Z,1.0,SHORT,1.0,0.0,CONTROL_V2_FILLED_STOP,,M5_BROKEN_CONTROL_FIRST_RETEST,,False,7ddad67543931bdc599e4abc1af64da0eab9f86f8570e60ce841cbd04eb438d6,,,2024_11,0.0,-1.0,STOP,2024-11-05T15:49:00Z,NO_FILL,af8f2b7c3507537afae4c90bc0c43a0eadfb84b41aac20c101d4d1145cd968bc,,RETEST_EXPIRED,2024-11-05T15:05:00Z,,2739.39,False,False,INITIAL_CONFIRMATION_STOP,3d5e322cf8d8fdfd3228f14980f0120c44ef18b78074d95d6c7bc705dafe3028,b2b0dfbad627c271d0a129831783ef187afec7053dd8a9aafdb86293e4419665,2745.03,,,,CONTROL_V2_FILLED_STOP,False,,2024-11-05T14:50:00Z,2745.03,2731.8,4bb2d1defcce7fb0611dbe08ac693976cf03dabc4ac1a997cc716a965303c5c8
2b22bad8fb0a18b926e629dfb9a1bc7ccd11400e3386b52529c8aee7e146fd38,2739.39,2024-11-05T14:50:00Z,2a5cd55344a4f71053dde90069e377c9da1956b81780224040013fce0aca0b76,2024-11-05T14:50:00Z,2738.97,2745.03,2024-12-01T00:00:00Z,2024-11-05T14:00:00Z,1.0,SHORT,0.6986504007543929,0.0,M5_LATEST_CONFIRMED_OPPOSING_SWING_ELSE_CONTROL,,M5_BROKEN_CONTROL_FIRST_RETEST,,False,ea393bc0ba9d2283b4a652c6d4e6389ac81e6f60269e7a343f9cbff31e45bd00,,,2024_11,0.0,-1.0,STOP,2024-11-05T15:49:00Z,NO_FILL,f0c06a03e27eed05bfed9af75c7bb442f07dd4bfcefa3532d978e470660f98c3,,RETEST_EXPIRED,2024-11-05T15:05:00Z,,2739.39,False,False,INITIAL_CONFIRMATION_STOP,41cd903d93f7a528469b20f8b61ab905b92141fc09d5e5280a4fec5eeffb7793,b2b0dfbad627c271d0a129831783ef187afec7053dd8a9aafdb86293e4419665,2743.2038214285717,1.4764285714285765,0.07382142857142883,,M5_LATEST_CONFIRMED_OPPOSING_SWING_ELSE_CONTROL,True,a2816bddf792bc3957d9a07a7bffc752c4fb22c83579ca529eabe2ac1d84b1b5,2024-11-05T14:20:00Z,2743.13,2731.8,4bb2d1defcce7fb0611dbe08ac693976cf03dabc4ac1a997cc716a965303c5c8
2b22bad8fb0a18b926e629dfb9a1bc7ccd11400e3386b52529c8aee7e146fd38,2739.39,2024-11-05T14:50:00Z,2a5cd55344a4f71053dde90069e377c9da1956b81780224040013fce0aca0b76,2024-11-05T14:50:00Z,2738.97,2745.03,2024-12-01T00:00:00Z,2024-11-05T14:00:00Z,1.0,SHORT,0.7073137670909899,0.0,M15_LATEST_CONFIRMED_OPPOSING_SWING_ELSE_CONTROL,,M5_BROKEN_CONTROL_FIRST_RETEST,,False,ed404602af4265f2768f5740da935d3cee29aefd7c07fdab24dfbcb77d87cee1,,,2024_11,0.0,-1.0,STOP,2024-11-05T15:49:00Z,NO_FILL,2179829fe6ece7e4a3fe1052115c68d9a3f49500b959a2769b414fe8aace1012,,RETEST_EXPIRED,2024-11-05T15:05:00Z,,2739.39,False,False,INITIAL_CONFIRMATION_STOP,54f77151b6117604c045dc6ebeae35cf283eed96857256646c4d73274356124a,b2b0dfbad627c271d0a129831783ef187afec7053dd8a9aafdb86293e4419665,2743.2563214285715,2.5264285714286285,0.12632142857143144,,M15_LATEST_CONFIRMED_OPPOSING_SWING_ELSE_CONTROL,True,03b4dfd96def5db102f1105c99c2e041d687498f8266ccac2db7674a9c19c248,2024-11-05T14:45:00Z,2743.13,2731.8,4bb2d1defcce7fb0611dbe08ac693976cf03dabc4ac1a997cc716a965303c5c8
2b22bad8fb0a18b926e629dfb9a1bc7ccd11400e3386b52529c8aee7e146fd38,2739.39,2024-11-05T14:50:00Z,2a5cd55344a4f71053dde90069e377c9da1956b81780224040013fce0aca0b76,2024-11-05T14:50:00Z,2738.97,2745.03,2024-12-01T00:00:00Z,2024-11-05T14:00:00Z,1.0,SHORT,1.0,0.0,CONTROL_V2_FILLED_STOP,,M5_BROKEN_CONTROL_FIRST_RETEST,,False,fecb79d9cb56883de737ad5e19fd73b079cb6412a1cc091c46eb2a720ca3df60,,,2024_11,0.0,-1.0,STOP,2024-11-05T15:49:00Z,NO_FILL,032d61c805fabcde4ee4a95b11ac9dd6f8dd1b18536e96ddeb43de8c39997581,,RETEST_EXPIRED,2024-11-05T15:05:00Z,,2739.39,False,False,INITIAL_CONFIRMATION_STOP,a56f30cc82fd765ad06dab934824fe3c539b40c8c257ad47747729b0eb3b06b9,b2b0dfbad627c271d0a129831783ef187afec7053dd8a9aafdb86293e4419665,2745.03,5.541428571428534,0.2770714285714267,NOT_STRICTLY_CLOSER_THAN_CONTROL,H1_SOURCE_SWING_BUFFERED_ELSE_CONTROL,False,b2b0dfbad627c271d0a129831783ef187afec7053dd8a9aafdb86293e4419665,2024-11-05T14:00:00Z,2745.03,2731.8,4bb2d1defcce7fb0611dbe08ac693976cf03dabc4ac1a997cc716a965303c5c8
2b22bad8fb0a18b926e629dfb9a1bc7ccd11400e3386b52529c8aee7e146fd38,2739.39,2024-11-05T14:50:00Z,2a5cd55344a4f71053dde90069e377c9da1956b81780224040013fce0aca0b76,2024-11-05T14:50:00Z,2738.97,2745.03,2024-12-01T00:00:00Z,2024-11-05T14:00:00Z,0.75,SHORT,1.0,-12.5,CONTROL_V2_FILLED_STOP,2024-11-05T14:50:00Z,CONFIRMED_25_75_RETEST_SPLIT,2738.97,True,7ddad67543931bdc599e4abc1af64da0eab9f86f8570e60ce841cbd04eb438d6,0.2838283828382696,0.10561056105609638,2024_11,-0.25,-1.0,STOP,2024-11-05T15:49:00Z,SPLIT_CONTROL_STOP_NO_RETEST,17480c0ea11585614b0bff9ca62f51d825c2021e038533c8f54c12361a36dd8a,2024-11-05T15:49:00Z,RETEST_EXPIRED,2024-11-05T15:05:00Z,,2739.39,False,False,INITIAL_CONFIRMATION_STOP,0e00c6f19d63bb90e81dff7e950dba6ea2bcb6f3cacd34a7dc953511e0f1a102,b2b0dfbad627c271d0a129831783ef187afec7053dd8a9aafdb86293e4419665,2745.03,,,,CONTROL_V2_FILLED_STOP,False,,2024-11-05T14:50:00Z,2745.03,2731.8,4bb2d1defcce7fb0611dbe08ac693976cf03dabc4ac1a997cc716a965303c5c8
2b22bad8fb0a18b926e629dfb9a1bc7ccd11400e3386b52529c8aee7e146fd38,2739.39,2024-11-05T14:50:00Z,2a5cd55344a4f71053dde90069e377c9da1956b81780224040013fce0aca0b76,2024-11-05T14:50:00Z,2738.97,2745.03,2024-12-01T00:00:00Z,2024-11-05T14:00:00Z,0.75,SHORT,0.6986504007543929,-12.5,M5_LATEST_CONFIRMED_OPPOSING_SWING_ELSE_CONTROL,2024-11-05T14:50:00Z,CONFIRMED_25_75_RETEST_SPLIT,2738.97,True,ea393bc0ba9d2283b4a652c6d4e6389ac81e6f60269e7a343f9cbff31e45bd00,0.26807932718668026,0.15116367347969684,2024_11,-0.25,-1.0,STOP,2024-11-05T15:49:00Z,SPLIT_CONTROL_STOP_NO_RETEST,6d40d9ac3eb3d26d02b1ef56a68adbe44758e40241638356eb9458e0caed5dd1,2024-11-05T15:33:00Z,RETEST_EXPIRED,2024-11-05T15:05:00Z,,2739.39,False,False,INITIAL_CONFIRMATION_STOP,94c508c223c48958734acb71ddcfb830d1a5d6b178553f28d949a7e87a358ee3,b2b0dfbad627c271d0a129831783ef187afec7053dd8a9aafdb86293e4419665,2743.2038214285717,1.4764285714285765,0.07382142857142883,,M5_LATEST_CONFIRMED_OPPOSING_SWING_ELSE_CONTROL,True,a2816bddf792bc3957d9a07a7bffc752c4fb22c83579ca529eabe2ac1d84b1b5,2024-11-05T14:20:00Z,2743.13,2731.8,4bb2d1defcce7fb0611dbe08ac693976cf03dabc4ac1a997cc716a965303c5c8
2b22bad8fb0a18b926e629dfb9a1bc7ccd11400e3386b52529c8aee7e146fd38,2739.39,2024-11-05T14:50:00Z,2a5cd55344a4f71053dde90069e377c9da1956b81780224040013fce0aca0b76,2024-11-05T14:50:00Z,2738.97,2745.03,2024-12-01T00:00:00Z,2024-11-05T14:00:00Z,0.75,SHORT,0.7073137670909899,-12.5,M15_LATEST_CONFIRMED_OPPOSING_SWING_ELSE_CONTROL,2024-11-05T14:50:00Z,CONFIRMED_25_75_RETEST_SPLIT,2738.97,True,ed404602af4265f2768f5740da935d3cee29aefd7c07fdab24dfbcb77d87cee1,0.2647958205920915,0.14931218077437827,2024_11,-0.25,-1.0,STOP,2024-11-05T15:49:00Z,SPLIT_CONTROL_STOP_NO_RETEST,3690ce0eadec7e389a706db6d6bb88a5c5e17c17ddd2495361c3f85235083bb1,2024-11-05T15:33:00Z,RETEST_EXPIRED,2024-11-05T15:05:00Z,,2739.39,False,False,INITIAL_CONFIRMATION_STOP,87877efa6215b4f890efb594813052dd4547dabb9a19d031907996139b832c49,b2b0dfbad627c271d0a129831783ef187afec7053dd8a9aafdb86293e4419665,2743.2563214285715,2.5264285714286285,0.12632142857143144,,M15_LATEST_CONFIRMED_OPPOSING_SWING_ELSE_CONTROL,True,03b4dfd96def5db102f1105c99c2e041d687498f8266ccac2db7674a9c19c248,2024-11-05T14:45:00Z,2743.13,2731.8,4bb2d1defcce7fb0611dbe08ac693976cf03dabc4ac1a997cc716a965303c5c8
2b22bad8fb0a18b926e629dfb9a1bc7ccd11400e3386b52529c8aee7e146fd38,2739.39,2024-11-05T14:50:00Z,2a5cd55344a4f71053dde90069e377c9da1956b81780224040013fce0aca0b76,2024-11-05T14:50:00Z,2738.97,2745.03,2024-12-01T00:00:00Z,2024-11-05T14:00:00Z,0.75,SHORT,1.0,-12.5,CONTROL_V2_FILLED_STOP,2024-11-05T14:50:00Z,CONFIRMED_25_75_RETEST_SPLIT,2738.97,True,fecb79d9cb56883de737ad5e19fd73b079cb6412a1cc091c46eb2a720ca3df60,0.2838283828382696,0.10561056105609638,2024_11,-0.25,-1.0,STOP,2024-11-05T15:49:00Z,SPLIT_CONTROL_STOP_NO_RETEST,311aa49e1979723da5927f1450c7cbeddefdfd0234465c6a9118744dbc311c70,2024-11-05T15:49:00Z,RETEST_EXPIRED,2024-11-05T15:05:00Z,,2739.39,False,False,INITIAL_CONFIRMATION_STOP,caf308dd7f512e2bc8e73c2b7fe4d66da1b7a2bfd6a026982c68114bd912cbc3,b2b0dfbad627c271d0a129831783ef187afec7053dd8a9aafdb86293e4419665,2745.03,5.541428571428534,0.2770714285714267,NOT_STRICTLY_CLOSER_THAN_CONTROL,H1_SOURCE_SWING_BUFFERED_ELSE_CONTROL,False,b2b0dfbad627c271d0a129831783ef187afec7053dd8a9aafdb86293e4419665,2024-11-05T14:00:00Z,2745.03,2731.8,4bb2d1defcce7fb0611dbe08ac693976cf03dabc4ac1a997cc716a965303c5c8
4f411cd8a10d5cf1da9a6caee927c773363eeb1f83d87559b4ecb4029c03d8bd,2742.92,2024-11-05T20:05:00Z,7afc8d1eab089079272272a3bc3161c82dbf7f3cefcc78a133a4a8934b29fdc1,2024-11-05T20:05:00Z,2743.27,2733.08,2024-12-01T00:00:00Z,2024-11-05T20:00:00Z,0.0,LONG,1.0,-50.0,CONTROL_V2_FILLED_STOP,2024-11-05T20:05:00Z,CONTROL_NEXT_M1_OPEN,2743.27,True,cf9449856debb476a50b11fbee0436fb7f4da3ed849836978d14df6b1439b9ad,1.0363101079489587,0.30421982335622105,2024_11,-1.0,-1.0,STOP,2024-11-06T03:07:00Z,STOP,c16571fff7ec17472771361f9bb4614f570d49426fb5b2e4421f45b8d432a593,2024-11-06T03:07:00Z,FIRST_RETEST_FILLED,2024-11-05T20:20:00Z,2024-11-05T20:05:00Z,2742.92,True,False,INITIAL_CONFIRMATION_STOP,cd43262ea217e0579b06f1d0c9023289e948e63db7b7cbc4947336f496c669c8,bcf1a00a1b7e93f12deebde8b37e773023491347df6692126709c2ff633f17c2,2733.08,,,,CONTROL_V2_FILLED_STOP,False,,2024-11-05T20:05:00Z,2733.08,2749.97,cc6f94d8ef5f326499552c613e7e157252c9abdd74b2eb54186cd0005b2d4296
4f411cd8a10d5cf1da9a6caee927c773363eeb1f83d87559b4ecb4029c03d8bd,2742.92,2024-11-05T20:05:00Z,7afc8d1eab089079272272a3bc3161c82dbf7f3cefcc78a133a4a8934b29fdc1,2024-11-05T20:05:00Z,2743.27,2733.08,2024-12-01T00:00:00Z,2024-11-05T20:00:00Z,0.0,LONG,0.24251717369970965,-50.0,M5_LATEST_CONFIRMED_OPPOSING_SWING_ELSE_CONTROL,2024-11-05T20:05:00Z,CONTROL_NEXT_M1_OPEN,2743.27,True,b854e66f6a23f2739e187e6707a3dadb900844581f0ddc3aeec4098b57726b33,1.035912999494138,0.2670713201820293,2024_11,-1.0,-1.0,STOP,2024-11-06T03:07:00Z,STOP,77ac1148b99778707402db22a07abf418116e91f5686e913a44ab75560485ca3,2024-11-05T20:16:00Z,FIRST_RETEST_FILLED,2024-11-05T20:20:00Z,2024-11-05T20:05:00Z,2742.92,True,False,INITIAL_CONFIRMATION_STOP,ca1cc6e324d24b3ad740a758af64872d47021106ce6ccb9023ed49a3c22db9b7,bcf1a00a1b7e93f12deebde8b37e773023491347df6692126709c2ff633f17c2,2740.79875,1.4250000000000196,0.07125000000000098,,M5_LATEST_CONFIRMED_OPPOSING_SWING_ELSE_CONTROL,True,fca9409d35e0597526593d8ece102bafb8ed5c28f763c898571f4835b70d5fea,2024-11-05T19:55:00Z,2740.87,2749.97,cc6f94d8ef5f326499552c613e7e157252c9abdd74b2eb54186cd0005b2d4296
4f411cd8a10d5cf1da9a6caee927c773363eeb1f83d87559b4ecb4029c03d8bd,2742.92,2024-11-05T20:05:00Z,7afc8d1eab089079272272a3bc3161c82dbf7f3cefcc78a133a4a8934b29fdc1,2024-11-05T20:05:00Z,2743.27,2733.08,2024-12-01T00:00:00Z,2024-11-05T20:00:00Z,0.0,LONG,0.69920790691152,-50.0,M15_LATEST_CONFIRMED_OPPOSING_SWING_ELSE_CONTROL,2024-11-05T20:05:00Z,CONTROL_NEXT_M1_OPEN,2743.27,True,04590b6bc4e0dfb6f85fd42868a9e8957321180ba9318ca5216ffb01a863dba6,1.118607705340399,0.43509208112361636,2024_11,-1.0,-1.0,STOP,2024-11-06T03:07:00Z,STOP,a4c3bb3c9ac08641e1a5271b38eac6a4493388191122f5c9b1a59db1a793c6ab,2024-11-06T02:24:00Z,FIRST_RETEST_FILLED,2024-11-05T20:20:00Z,2024-11-05T20:05:00Z,2742.92,True,False,INITIAL_CONFIRMATION_STOP,c49d2a4d3987c12fbf606270140b56008d7a22a8d81859e521e68509116b8e21,bcf1a00a1b7e93f12deebde8b37e773023491347df6692126709c2ff633f17c2,2736.1450714285716,4.298571428571449,0.21492857142857247,,M15_LATEST_CONFIRMED_OPPOSING_SWING_ELSE_CONTROL,True,102c4f717df30f2915288b4488f439471b2277906726742a9656e3a9a8489b31,2024-11-05T19:15:00Z,2736.36,2749.97,cc6f94d8ef5f326499552c613e7e157252c9abdd74b2eb54186cd0005b2d4296
4f411cd8a10d5cf1da9a6caee927c773363eeb1f83d87559b4ecb4029c03d8bd,2742.92,2024-11-05T20:05:00Z,7afc8d1eab089079272272a3bc3161c82dbf7f3cefcc78a133a4a8934b29fdc1,2024-11-05T20:05:00Z,2743.27,2733.08,2024-12-01T00:00:00Z,2024-11-05T20:00:00Z,0.0,LONG,1.0,-50.0,CONTROL_V2_FILLED_STOP,2024-11-05T20:05:00Z,CONTROL_NEXT_M1_OPEN,2743.27,True,2472fb7bd1f3f0c6f01f1a0e5ca6e017d71ad4036ac38dda0128675ad2d66696,1.0363101079489587,0.30421982335622105,2024_11,-1.0,-1.0,STOP,2024-11-06T03:07:00Z,STOP,1f260a644c27608ffe18b75e4489ec8c52cee322db5692bf5d4cd0feaa922862,2024-11-06T03:07:00Z,FIRST_RETEST_FILLED,2024-11-05T20:20:00Z,2024-11-05T20:05:00Z,2742.92,True,False,INITIAL_CONFIRMATION_STOP,f2ab0862ae83941c3c58674301fce1a473d213e162772f8e8bcd553b7c42f5f2,bcf1a00a1b7e93f12deebde8b37e773023491347df6692126709c2ff633f17c2,2733.08,7.1550000000000376,0.3577500000000019,NOT_STRICTLY_CLOSER_THAN_CONTROL,H1_SOURCE_SWING_BUFFERED_ELSE_CONTROL,False,bcf1a00a1b7e93f12deebde8b37e773023491347df6692126709c2ff633f17c2,2024-11-05T20:00:00Z,2733.08,2749.97,cc6f94d8ef5f326499552c613e7e157252c9abdd74b2eb54186cd0005b2d4296
4f411cd8a10d5cf1da9a6caee927c773363eeb1f83d87559b4ecb4029c03d8bd,2742.92,2024-11-05T20:05:00Z,7afc8d1eab089079272272a3bc3161c82dbf7f3cefcc78a133a4a8934b29fdc1,2024-11-05T20:05:00Z,2743.27,2733.08,2024-12-01T00:00:00Z,2024-11-05T20:00:00Z,0.0,LONG,1.0,-50.0,CONTROL_V2_FILLED_STOP,2024-11-05T20:05:00Z,M5_BROKEN_CONTROL_FIRST_RETEST,2742.92,True,cf9449856debb476a50b11fbee0436fb7f4da3ed849836978d14df6b1439b9ad,1.0376016260162486,0.3506097560975373,2024_11,-1.0,-1.0,STOP,2024-11-06T03:07:00Z,STOP,edb8fb19af6b977998c3e0924311c53a7c453eaa611fa7468aaedec0fdf5ff00,2024-11-06T03:07:00Z,FIRST_RETEST_FILLED,2024-11-05T20:20:00Z,2024-11-05T20:05:00Z,2742.92,True,True,INITIAL_CONFIRMATION_STOP,f4072095be90eb7502ad6698430cdc34c896889a4d417c37db0140022f3303d2,bcf1a00a1b7e93f12deebde8b37e773023491347df6692126709c2ff633f17c2,2733.08,,,,CONTROL_V2_FILLED_STOP,False,,2024-11-05T20:05:00Z,2733.08,2749.97,cc6f94d8ef5f326499552c613e7e157252c9abdd74b2eb54186cd0005b2d4296
4f411cd8a10d5cf1da9a6caee927c773363eeb1f83d87559b4ecb4029c03d8bd,2742.92,2024-11-05T20:05:00Z,7afc8d1eab089079272272a3bc3161c82dbf7f3cefcc78a133a4a8934b29fdc1,2024-11-05T20:05:00Z,2743.27,2733.08,2024-12-01T00:00:00Z,2024-11-05T20:00:00Z,0.0,LONG,0.24251717369970965,-50.0,M5_LATEST_CONFIRMED_OPPOSING_SWING_ELSE_CONTROL,2024-11-05T20:05:00Z,M5_BROKEN_CONTROL_FIRST_RETEST,2742.92,True,b854e66f6a23f2739e187e6707a3dadb900844581f0ddc3aeec4098b57726b33,1.0418385385974707,0.47613435474352117,2024_11,-1.0,-1.0,STOP,2024-11-06T03:07:00Z,STOP,56ea7f253b795c855e1f6839b3f3f31184cb0397950970a4865311460bc7515d,2024-11-05T20:16:00Z,FIRST_RETEST_FILLED,2024-11-05T20:20:00Z,2024-11-05T20:05:00Z,2742.92,True,True,INITIAL_CONFIRMATION_STOP,7edd828893b38ed32af692206799469ed63083d4f480b29032f24c19eab97573,bcf1a00a1b7e93f12deebde8b37e773023491347df6692126709c2ff633f17c2,2740.79875,1.4250000000000196,0.07125000000000098,,M5_LATEST_CONFIRMED_OPPOSING_SWING_ELSE_CONTROL,True,fca9409d35e0597526593d8ece102bafb8ed5c28f763c898571f4835b70d5fea,2024-11-05T19:55:00Z,2740.87,2749.97,cc6f94d8ef5f326499552c613e7e157252c9abdd74b2eb54186cd0005b2d4296
4f411cd8a10d5cf1da9a6caee927c773363eeb1f83d87559b4ecb4029c03d8bd,2742.92,2024-11-05T20:05:00Z,7afc8d1eab089079272272a3bc3161c82dbf7f3cefcc78a133a4a8934b29fdc1,2024-11-05T20:05:00Z,2743.27,2733.08,2024-12-01T00:00:00Z,2024-11-05T20:00:00Z,0.0,LONG,0.69920790691152,-50.0,M15_LATEST_CONFIRMED_OPPOSING_SWING_ELSE_CONTROL,2024-11-05T20:05:00Z,M5_BROKEN_CONTROL_FIRST_RETEST,2742.92,True,04590b6bc4e0dfb6f85fd42868a9e8957321180ba9318ca5216ffb01a863dba6,1.124735105272584,0.5092304610485913,2024_11,-1.0,-1.0,STOP,2024-11-06T03:07:00Z,STOP,0098cd92fb7004e94ad8d6ceab38c6f9f75c19ab9733ca1fc17e9cd04870bd60,2024-11-06T02:24:00Z,FIRST_RETEST_FILLED,2024-11-05T20:20:00Z,2024-11-05T20:05:00Z,2742.92,True,True,INITIAL_CONFIRMATION_STOP,482b05d64570186e7860975a3e70bdaab58b5efeb0f476e679320aceb9de3e90,bcf1a00a1b7e93f12deebde8b37e773023491347df6692126709c2ff633f17c2,2736.1450714285716,4.298571428571449,0.21492857142857247,,M15_LATEST_CONFIRMED_OPPOSING_SWING_ELSE_CONTROL,True,102c4f717df30f2915288b4488f439471b2277906726742a9656e3a9a8489b31,2024-11-05T19:15:00Z,2736.36,2749.97,cc6f94d8ef5f326499552c613e7e157252c9abdd74b2eb54186cd0005b2d4296
4f411cd8a10d5cf1da9a6caee927c773363eeb1f83d87559b4ecb4029c03d8bd,2742.92,2024-11-05T20:05:00Z,7afc8d1eab089079272272a3bc3161c82dbf7f3cefcc78a133a4a8934b29fdc1,2024-11-05T20:05:00Z,2743.27,2733.08,2024-12-01T00:00:00Z,2024-11-05T20:00:00Z,0.0,LONG,1.0,-50.0,CONTROL_V2_FILLED_STOP,2024-11-05T20:05:00Z,M5_BROKEN_CONTROL_FIRST_RETEST,2742.92,True,2472fb7bd1f3f0c6f01f1a0e5ca6e017d71ad4036ac38dda0128675ad2d66696,1.0376016260162486,0.3506097560975373,2024_11,-1.0,-1.0,STOP,2024-11-06T03:07:00Z,STOP,5a13a4cb23ae71451843e3d746ef8a42cfbf6794db6a01f624b03822509427ad,2024-11-06T03:07:00Z,FIRST_RETEST_FILLED,2024-11-05T20:20:00Z,2024-11-05T20:05:00Z,2742.92,True,True,INITIAL_CONFIRMATION_STOP,2cb886b139843c118ba892f191dc3d28c300cd51803a5a73450c0a2b74abf0ee,bcf1a00a1b7e93f12deebde8b37e773023491347df6692126709c2ff633f17c2,2733.08,7.1550000000000376,0.3577500000000019,NOT_STRICTLY_CLOSER_THAN_CONTROL,H1_SOURCE_SWING_BUFFERED_ELSE_CONTROL,False,bcf1a00a1b7e93f12deebde8b37e773023491347df6692126709c2ff633f17c2,2024-11-05T20:00:00Z,2733.08,2749.97,cc6f94d8ef5f326499552c613e7e157252c9abdd74b2eb54186cd0005b2d4296
4f411cd8a10d5cf1da9a6caee927c773363eeb1f83d87559b4ecb4029c03d8bd,2742.92,2024-11-05T20:05:00Z,7afc8d1eab089079272272a3bc3161c82dbf7f3cefcc78a133a4a8934b29fdc1,2024-11-05T20:05:00Z,2743.27,2733.08,2024-12-01T00:00:00Z,2024-11-05T20:00:00Z,0.0,LONG,1.0,-50.0,CONTROL_V2_FILLED_STOP,2024-11-05T20:05:00Z,CONFIRMED_25_75_RETEST_SPLIT,2743.27,True,cf9449856debb476a50b11fbee0436fb7f4da3ed849836978d14df6b1439b9ad,1.0372787464994262,0.3390122729122082,2024_11,-1.0,-1.0,STOP,2024-11-06T03:07:00Z,SPLIT_STOP_STOP,c9dbd8b2641036bc9ba7309ddb64a2c8769c2c448dba0020f073f78f100fe711,2024-11-06T03:07:00Z,FIRST_RETEST_FILLED,2024-11-05T20:20:00Z,2024-11-05T20:05:00Z,2742.92,True,True,INITIAL_CONFIRMATION_STOP,7a7940eeb26d54caefacf682f298ef486564b89a5a80ddb0bfc0d73ce9fae754,bcf1a00a1b7e93f12deebde8b37e773023491347df6692126709c2ff633f17c2,2733.08,,,,CONTROL_V2_FILLED_STOP,False,,2024-11-05T20:05:00Z,2733.08,2749.97,cc6f94d8ef5f326499552c613e7e157252c9abdd74b2eb54186cd0005b2d4296
4f411cd8a10d5cf1da9a6caee927c773363eeb1f83d87559b4ecb4029c03d8bd,2742.92,2024-11-05T20:05:00Z,7afc8d1eab089079272272a3bc3161c82dbf7f3cefcc78a133a4a8934b29fdc1,2024-11-05T20:05:00Z,2743.27,2733.08,2024-12-01T00:00:00Z,2024-11-05T20:00:00Z,0.0,LONG,0.24251717369970965,-50.0,M5_LATEST_CONFIRMED_OPPOSING_SWING_ELSE_CONTROL,2024-11-05T20:05:00Z,CONFIRMED_25_75_RETEST_SPLIT,2743.27,True,b854e66f6a23f2739e187e6707a3dadb900844581f0ddc3aeec4098b57726b33,1.0403571538216374,0.4238685961031482,2024_11,-1.0,-1.0,STOP,2024-11-06T03:07:00Z,SPLIT_STOP_STOP,6635a21999b0be36dbebb8ea1160cd53ef19449afd83d088e428c8a257ae8cb6,2024-11-05T20:16:00Z,FIRST_RETEST_FILLED,2024-11-05T20:20:00Z,2024-11-05T20:05:00Z,2742.92,True,True,INITIAL_CONFIRMATION_STOP,42bfadb0e82cd7a653ac213c5d2091ccc25f568e2e8c142adcfcbeac4cb57f5b,bcf1a00a1b7e93f12deebde8b37e773023491347df6692126709c2ff633f17c2,2740.79875,1.4250000000000196,0.07125000000000098,,M5_LATEST_CONFIRMED_OPPOSING_SWING_ELSE_CONTROL,True,fca9409d35e0597526593d8ece102bafb8ed5c28f763c898571f4835b70d5fea,2024-11-05T19:55:00Z,2740.87,2749.97,cc6f94d8ef5f326499552c613e7e157252c9abdd74b2eb54186cd0005b2d4296
4f411cd8a10d5cf1da9a6caee927c773363eeb1f83d87559b4ecb4029c03d8bd,2742.92,2024-11-05T20:05:00Z,7afc8d1eab089079272272a3bc3161c82dbf7f3cefcc78a133a4a8934b29fdc1,2024-11-05T20:05:00Z,2743.27,2733.08,2024-12-01T00:00:00Z,2024-11-05T20:00:00Z,0.0,LONG,0.69920790691152,-50.0,M15_LATEST_CONFIRMED_OPPOSING_SWING_ELSE_CONTROL,2024-11-05T20:05:00Z,CONFIRMED_25_75_RETEST_SPLIT,2743.27,True,04590b6bc4e0dfb6f85fd42868a9e8957321180ba9318ca5216ffb01a863dba6,1.123203255289538,0.4906958660673475,2024_11,-1.0,-1.0,STOP,2024-11-06T03:07:00Z,SPLIT_STOP_STOP,1c942fbb863f79b4561b3e68f5e4ff93bbb93e2a3daa81c7a370f95101ffc1cc,2024-11-06T02:24:00Z,FIRST_RETEST_FILLED,2024-11-05T20:20:00Z,2024-11-05T20:05:00Z,2742.92,True,True,INITIAL_CONFIRMATION_STOP,21155a581f7b04df8b2403d8ac857e29662efc6eead6389d157c40c1f78e826e,bcf1a00a1b7e93f12deebde8b37e773023491347df6692126709c2ff633f17c2,2736.1450714285716,4.298571428571449,0.21492857142857247,,M15_LATEST_CONFIRMED_OPPOSING_SWING_ELSE_CONTROL,True,102c4f717df30f2915288b4488f439471b2277906726742a9656e3a9a8489b31,2024-11-05T19:15:00Z,2736.36,2749.97,cc6f94d8ef5f326499552c613e7e157252c9abdd74b2eb54186cd0005b2d4296
4f411cd8a10d5cf1da9a6caee927c773363eeb1f83d87559b4ecb4029c03d8bd,2742.92,2024-11-05T20:05:00Z,7afc8d1eab089079272272a3bc3161c82dbf7f3cefcc78a133a4a8934b29fdc1,2024-11-05T20:05:00Z,2743.27,2733.08,2024-12-01T00:00:00Z,2024-11-05T20:00:00Z,0.0,LONG,1.0,-50.0,CONTROL_V2_FILLED_STOP,2024-11-05T20:05:00Z,CONFIRMED_25_75_RETEST_SPLIT,2743.27,True,2472fb7bd1f3f0c6f01f1a0e5ca6e017d71ad4036ac38dda0128675ad2d66696,1.0372787464994262,0.3390122729122082,2024_11,-1.0,-1.0,STOP,2024-11-06T03:07:00Z,SPLIT_STOP_STOP,0ca0b98f037e778b4155bfea11a0b381f9a8c6fd9c9a358b5754043a950ac78e,2024-11-06T03:07:00Z,FIRST_RETEST_FILLED,2024-11-05T20:20:00Z,2024-11-05T20:05:00Z,2742.92,True,True,INITIAL_CONFIRMATION_STOP,1e6e60d019152a189688eb8bcf4f0b7cfd10769037b33cefe1b71c48415b5216,bcf1a00a1b7e93f12deebde8b37e773023491347df6692126709c2ff633f17c2,2733.08,7.1550000000000376,0.3577500000000019,NOT_STRICTLY_CLOSER_THAN_CONTROL,H1_SOURCE_SWING_BUFFERED_ELSE_CONTROL,False,bcf1a00a1b7e93f12deebde8b37e773023491347df6692126709c2ff633f17c2,2024-11-05T20:00:00Z,2733.08,2749.97,cc6f94d8ef5f326499552c613e7e157252c9abdd74b2eb54186cd0005b2d4296
eb1b6be2fbe690b702c5c160d180e1607925fbbca0e6f2b0b06a104e33323ac4,2736.36,2024-11-06T03:05:00Z,080a67a271b50b8fb840eee4a856ccc55ef9dec7d4f4b7711395e46e8f7cfa53,2024-11-06T03:05:00Z,2735.23,2749.97,2024-12-01T00:00:00Z,2024-11-05T19:00:00Z,0.0,SHORT,1.0,11.635006784260133,CONTROL_V2_FILLED_STOP,2024-11-06T03:05:00Z,CONTROL_NEXT_M1_OPEN,2735.23,True,1b73f1e3fa163f196ea4d7aabc8c3542875c985d7894d4af59b221ef870882b9,0.9837177747625655,0.30597014925375066,2024_11,0.23270013568520265,0.23270013568520265,TARGET,2024-11-06T05:29:00Z,TARGET,1bc71078143284e2ba6045d6808e2dc96b1428bfb8a9cf35820e7ce2f98487fb,2024-11-06T05:29:00Z,FIRST_RETEST_FILLED,2024-11-06T03:20:00Z,2024-11-06T03:10:00Z,2736.36,True,False,INITIAL_CONFIRMATION_TARGET,dd1d663ada49b67497581d07f1fb6d50c82de3624db6b02595f0b7f64ec6bf7c,3b1ba271d048b8aae69e6e549ed6528892e010c8b53b1306ae04dff29de4244d,2749.97,,,,CONTROL_V2_FILLED_STOP,False,,2024-11-06T03:05:00Z,2749.97,2731.8,9b1b75fe8ebd0b0bbe031dd9a60d82eab5b6b7456bae4830ae984ce6923acc47
eb1b6be2fbe690b702c5c160d180e1607925fbbca0e6f2b0b06a104e33323ac4,2736.36,2024-11-06T03:05:00Z,080a67a271b50b8fb840eee4a856ccc55ef9dec7d4f4b7711395e46e8f7cfa53,2024-11-06T03:05:00Z,2735.23,2749.97,2024-12-01T00:00:00Z,2024-11-05T19:00:00Z,-1.2327001356852025,SHORT,0.34716514828453693,-50.0,M5_LATEST_CONFIRMED_OPPOSING_SWING_ELSE_CONTROL,2024-11-06T03:05:00Z,CONTROL_NEXT_M1_OPEN,2735.23,True,b43e40e51595d7cee368ee7147fc8c47e487413bd5b45b9ebec12f27b3ba0917,1.0669867813124438,0.49245543752881343,2024_11,-1.0,0.23270013568520265,TARGET,2024-11-06T05:29:00Z,STOP,3fa1582579c5a9e7279596e5b754d1eb8672213127490d65095d17009f044b6b,2024-11-06T03:16:00Z,FIRST_RETEST_FILLED,2024-11-06T03:20:00Z,2024-11-06T03:10:00Z,2736.36,True,False,INITIAL_CONFIRMATION_TARGET,4d6515e1be92a6321675e413be8c1c541d8739f23715d0ac620988931c137c19,3b1ba271d048b8aae69e6e549ed6528892e010c8b53b1306ae04dff29de4244d,2740.347214285714,2.5442857142857065,0.12721428571428534,,M5_LATEST_CONFIRMED_OPPOSING_SWING_ELSE_CONTROL,True,6d7cf175bc6fb7dee77b87caa2e650cf3658e3b24a8f637f2bbc7a18fa8a0749,2024-11-06T03:05:00Z,2740.22,2731.8,9b1b75fe8ebd0b0bbe031dd9a60d82eab5b6b7456bae4830ae984ce6923acc47
eb1b6be2fbe690b702c5c160d180e1607925fbbca0e6f2b0b06a104e33323ac4,2736.36,2024-11-06T03:05:00Z,080a67a271b50b8fb840eee4a856ccc55ef9dec7d4f4b7711395e46e8f7cfa53,2024-11-06T03:05:00Z,2735.23,2749.97,2024-12-01T00:00:00Z,2024-11-05T19:00:00Z,-1.2327001356852025,SHORT,0.764300251986837,-50.0,M15_LATEST_CONFIRMED_OPPOSING_SWING_ELSE_CONTROL,2024-11-06T03:05:00Z,CONTROL_NEXT_M1_OPEN,2735.23,True,beac9b3e61adcbd1faa424639f3ec101aadb77f5869118ce2ab46b5d4d3881fb,1.0154640155717969,0.22368612930427426,2024_11,-1.0,0.23270013568520265,TARGET,2024-11-06T05:29:00Z,STOP,f96742e7429e72f7a756a93b01a3416690827d3ed41962a21576133fa121e4ec,2024-11-06T03:43:00Z,FIRST_RETEST_FILLED,2024-11-06T03:20:00Z,2024-11-06T03:10:00Z,2736.36,True,False,INITIAL_CONFIRMATION_TARGET,5f813f213ef2813467760d98e2fc1e824f9e73163152c9305f3ef0acc7b21016,3b1ba271d048b8aae69e6e549ed6528892e010c8b53b1306ae04dff29de4244d,2746.495785714286,2.515714285714336,0.1257857142857168,,M15_LATEST_CONFIRMED_OPPOSING_SWING_ELSE_CONTROL,True,1ee13e49acb1eba68347c27140935c7d802d02daa9e1744cec51b927425e2416,2024-11-06T02:30:00Z,2746.37,2731.8,9b1b75fe8ebd0b0bbe031dd9a60d82eab5b6b7456bae4830ae984ce6923acc47
eb1b6be2fbe690b702c5c160d180e1607925fbbca0e6f2b0b06a104e33323ac4,2736.36,2024-11-06T03:05:00Z,080a67a271b50b8fb840eee4a856ccc55ef9dec7d4f4b7711395e46e8f7cfa53,2024-11-06T03:05:00Z,2735.23,2749.97,2024-12-01T00:00:00Z,2024-11-05T19:00:00Z,0.0,SHORT,1.0,11.635006784260133,CONTROL_V2_FILLED_STOP,2024-11-06T03:05:00Z,CONTROL_NEXT_M1_OPEN,2735.23,True,01a5490943a0b651979b0d94e70f18680e4b12996cdc93debb7fabc9b7d0ac53,0.9837177747625655,0.30597014925375066,2024_11,0.23270013568520265,0.23270013568520265,TARGET,2024-11-06T05:29:00Z,TARGET,2476d62651380a171e13b799c0470f8c29aa8c58cfde1416793d5ab9b279a66b,2024-11-06T05:29:00Z,FIRST_RETEST_FILLED,2024-11-06T03:20:00Z,2024-11-06T03:10:00Z,2736.36,True,False,INITIAL_CONFIRMATION_TARGET,94ef4999e1894aab4bcae29b8c1558b3182ea89adb8c2c6d88d9ee1c0198f8fc,3b1ba271d048b8aae69e6e549ed6528892e010c8b53b1306ae04dff29de4244d,2749.97,6.6535714285715,0.33267857142857504,NOT_STRICTLY_CLOSER_THAN_CONTROL,H1_SOURCE_SWING_BUFFERED_ELSE_CONTROL,False,3b1ba271d048b8aae69e6e549ed6528892e010c8b53b1306ae04dff29de4244d,2024-11-05T19:00:00Z,2749.97,2731.8,9b1b75fe8ebd0b0bbe031dd9a60d82eab5b6b7456bae4830ae984ce6923acc47
eb1b6be2fbe690b702c5c160d180e1607925fbbca0e6f2b0b06a104e33323ac4,2736.36,2024-11-06T03:05:00Z,080a67a271b50b8fb840eee4a856ccc55ef9dec7d4f4b7711395e46e8f7cfa53,2024-11-06T03:05:00Z,2735.23,2749.97,2024-12-01T00:00:00Z,2024-11-05T19:00:00Z,0.10234762331553615,SHORT,1.0,16.75238795003694,CONTROL_V2_FILLED_STOP,2024-11-06T03:10:00Z,M5_BROKEN_CONTROL_FIRST_RETEST,2736.36,True,1b73f1e3fa163f196ea4d7aabc8c3542875c985d7894d4af59b221ef870882b9,0.9823659074210296,0.414401175606206,2024_11,0.3350477590007388,0.23270013568520265,TARGET,2024-11-06T05:29:00Z,TARGET,e37ed63b6460476979ac314ceb68ec446e771834f3dc395a812f0792aeff29d5,2024-11-06T05:29:00Z,FIRST_RETEST_FILLED,2024-11-06T03:20:00Z,2024-11-06T03:10:00Z,2736.36,True,True,INITIAL_CONFIRMATION_TARGET,a4275541566ea35269babcedb2246d92647656b954d9cfe347338c22fab37c2e,3b1ba271d048b8aae69e6e549ed6528892e010c8b53b1306ae04dff29de4244d,2749.97,,,,CONTROL_V2_FILLED_STOP,False,,2024-11-06T03:05:00Z,2749.97,2731.8,9b1b75fe8ebd0b0bbe031dd9a60d82eab5b6b7456bae4830ae984ce6923acc47
eb1b6be2fbe690b702c5c160d180e1607925fbbca0e6f2b0b06a104e33323ac4,2736.36,2024-11-06T03:05:00Z,080a67a271b50b8fb840eee4a856ccc55ef9dec7d4f4b7711395e46e8f7cfa53,2024-11-06T03:05:00Z,2735.23,2749.97,2024-12-01T00:00:00Z,2024-11-05T19:00:00Z,-1.2327001356852025,SHORT,0.34716514828453693,-50.0,M5_LATEST_CONFIRMED_OPPOSING_SWING_ELSE_CONTROL,2024-11-06T03:10:00Z,M5_BROKEN_CONTROL_FIRST_RETEST,2736.36,True,b43e40e51595d7cee368ee7147fc8c47e487413bd5b45b9ebec12f27b3ba0917,1.085971229465703,0.3310582039018313,2024_11,-1.0,0.23270013568520265,TARGET,2024-11-06T05:29:00Z,STOP,797ab5ab972cf11429b74be1a9d2b5a1dbb2ebba7cfe885c592dda93228cfdef,2024-11-06T03:16:00Z,FIRST_RETEST_FILLED,2024-11-06T03:20:00Z,2024-11-06T03:10:00Z,2736.36,True,True,INITIAL_CONFIRMATION_TARGET,f4c29b45fba9a1e47b9eeb2f451afa481ba37d43d24355c8ac184d29d671396f,3b1ba271d048b8aae69e6e549ed6528892e010c8b53b1306ae04dff29de4244d,2740.347214285714,2.5442857142857065,0.12721428571428534,,M5_LATEST_CONFIRMED_OPPOSING_SWING_ELSE_CONTROL,True,6d7cf175bc6fb7dee77b87caa2e650cf3658e3b24a8f637f2bbc7a18fa8a0749,2024-11-06T03:05:00Z,2740.22,2731.8,9b1b75fe8ebd0b0bbe031dd9a60d82eab5b6b7456bae4830ae984ce6923acc47
eb1b6be2fbe690b702c5c160d180e1607925fbbca0e6f2b0b06a104e33323ac4,2736.36,2024-11-06T03:05:00Z,080a67a271b50b8fb840eee4a856ccc55ef9dec7d4f4b7711395e46e8f7cfa53,2024-11-06T03:05:00Z,2735.23,2749.97,2024-12-01T00:00:00Z,2024-11-05T19:00:00Z,-1.2327001356852025,SHORT,0.764300251986837,-50.0,M15_LATEST_CONFIRMED_OPPOSING_SWING_ELSE_CONTROL,2024-11-06T03:10:00Z,M5_BROKEN_CONTROL_FIRST_RETEST,2736.36,True,beac9b3e61adcbd1faa424639f3ec101aadb77f5869118ce2ab46b5d4d3881fb,1.0171880395486952,0.13023164036900595,2024_11,-1.0,0.23270013568520265,TARGET,2024-11-06T05:29:00Z,STOP,03781414633bf4d1d00fb6f10bd0f65d6574d761b8b584c828e3f446ffd1ff41,2024-11-06T03:43:00Z,FIRST_RETEST_FILLED,2024-11-06T03:20:00Z,2024-11-06T03:10:00Z,2736.36,True,True,INITIAL_CONFIRMATION_TARGET,41083f48b95e28343bf5164724fd9b76ac73ecd04afff15325751ece07f19309,3b1ba271d048b8aae69e6e549ed6528892e010c8b53b1306ae04dff29de4244d,2746.495785714286,2.515714285714336,0.1257857142857168,,M15_LATEST_CONFIRMED_OPPOSING_SWING_ELSE_CONTROL,True,1ee13e49acb1eba68347c27140935c7d802d02daa9e1744cec51b927425e2416,2024-11-06T02:30:00Z,2746.37,2731.8,9b1b75fe8ebd0b0bbe031dd9a60d82eab5b6b7456bae4830ae984ce6923acc47
eb1b6be2fbe690b702c5c160d180e1607925fbbca0e6f2b0b06a104e33323ac4,2736.36,2024-11-06T03:05:00Z,080a67a271b50b8fb840eee4a856ccc55ef9dec7d4f4b7711395e46e8f7cfa53,2024-11-06T03:05:00Z,2735.23,2749.97,2024-12-01T00:00:00Z,2024-11-05T19:00:00Z,0.10234762331553615,SHORT,1.0,16.75238795003694,CONTROL_V2_FILLED_STOP,2024-11-06T03:10:00Z,M5_BROKEN_CONTROL_FIRST_RETEST,2736.36,True,01a5490943a0b651979b0d94e70f18680e4b12996cdc93debb7fabc9b7d0ac53,0.9823659074210296,0.414401175606206,2024_11,0.3350477590007388,0.23270013568520265,TARGET,2024-11-06T05:29:00Z,TARGET,0e3c804fcedef84f36af5dba7472d8f524aa6973c255d0c76e71e75bbba81c80,2024-11-06T05:29:00Z,FIRST_RETEST_FILLED,2024-11-06T03:20:00Z,2024-11-06T03:10:00Z,2736.36,True,True,INITIAL_CONFIRMATION_TARGET,48d8e79d3d118950c753b4238cda213518e17ebec9b3368cdc28d30938d75e0a,3b1ba271d048b8aae69e6e549ed6528892e010c8b53b1306ae04dff29de4244d,2749.97,6.6535714285715,0.33267857142857504,NOT_STRICTLY_CLOSER_THAN_CONTROL,H1_SOURCE_SWING_BUFFERED_ELSE_CONTROL,False,3b1ba271d048b8aae69e6e549ed6528892e010c8b53b1306ae04dff29de4244d,2024-11-05T19:00:00Z,2749.97,2731.8,9b1b75fe8ebd0b0bbe031dd9a60d82eab5b6b7456bae4830ae984ce6923acc47
eb1b6be2fbe690b702c5c160d180e1607925fbbca0e6f2b0b06a104e33323ac4,2736.36,2024-11-06T03:05:00Z,080a67a271b50b8fb840eee4a856ccc55ef9dec7d4f4b7711395e46e8f7cfa53,2024-11-06T03:05:00Z,2735.23,2749.97,2024-12-01T00:00:00Z,2024-11-05T19:00:00Z,0.07676071748665214,SHORT,1.0,15.473042658592739,CONTROL_V2_FILLED_STOP,2024-11-06T03:05:00Z,CONFIRMED_25_75_RETEST_SPLIT,2735.23,True,1b73f1e3fa163f196ea4d7aabc8c3542875c985d7894d4af59b221ef870882b9,0.9827038742564136,0.3872934190180921,2024_11,0.3094608531718548,0.23270013568520265,TARGET,2024-11-06T05:29:00Z,SPLIT_TARGET_TARGET,9d2da7b4b61ffbb83f950f4ad713e9949a240bc32ff4db7b694c230fe7c393b9,2024-11-06T05:29:00Z,FIRST_RETEST_FILLED,2024-11-06T03:20:00Z,2024-11-06T03:10:00Z,2736.36,True,True,INITIAL_CONFIRMATION_TARGET,ff915dbb049f1ddc75be13aaae847684f3a1b59514d678e8bd6b6fff95d24e1a,3b1ba271d048b8aae69e6e549ed6528892e010c8b53b1306ae04dff29de4244d,2749.97,,,,CONTROL_V2_FILLED_STOP,False,,2024-11-06T03:05:00Z,2749.97,2731.8,9b1b75fe8ebd0b0bbe031dd9a60d82eab5b6b7456bae4830ae984ce6923acc47
eb1b6be2fbe690b702c5c160d180e1607925fbbca0e6f2b0b06a104e33323ac4,2736.36,2024-11-06T03:05:00Z,080a67a271b50b8fb840eee4a856ccc55ef9dec7d4f4b7711395e46e8f7cfa53,2024-11-06T03:05:00Z,2735.23,2749.97,2024-12-01T00:00:00Z,2024-11-05T19:00:00Z,-1.2327001356852025,SHORT,0.34716514828453693,-50.0,M5_LATEST_CONFIRMED_OPPOSING_SWING_ELSE_CONTROL,2024-11-06T03:05:00Z,CONFIRMED_25_75_RETEST_SPLIT,2735.23,True,b43e40e51595d7cee368ee7147fc8c47e487413bd5b45b9ebec12f27b3ba0917,1.0812251174273881,0.3714075123085769,2024_11,-1.0,0.23270013568520265,TARGET,2024-11-06T05:29:00Z,SPLIT_STOP_STOP,a92818f855391f421e47aee4942931f3c048258fd77ea563abd8a4cc35b028cf,2024-11-06T03:16:00Z,FIRST_RETEST_FILLED,2024-11-06T03:20:00Z,2024-11-06T03:10:00Z,2736.36,True,True,INITIAL_CONFIRMATION_TARGET,f099f5e43e9dcf0fe314032426bf19616d961411a0026df64057c9e92384a459,3b1ba271d048b8aae69e6e549ed6528892e010c8b53b1306ae04dff29de4244d,2740.347214285714,2.5442857142857065,0.12721428571428534,,M5_LATEST_CONFIRMED_OPPOSING_SWING_ELSE_CONTROL,True,6d7cf175bc6fb7dee77b87caa2e650cf3658e3b24a8f637f2bbc7a18fa8a0749,2024-11-06T03:05:00Z,2740.22,2731.8,9b1b75fe8ebd0b0bbe031dd9a60d82eab5b6b7456bae4830ae984ce6923acc47
eb1b6be2fbe690b702c5c160d180e1607925fbbca0e6f2b0b06a104e33323ac4,2736.36,2024-11-06T03:05:00Z,080a67a271b50b8fb840eee4a856ccc55ef9dec7d4f4b7711395e46e8f7cfa53,2024-11-06T03:05:00Z,2735.23,2749.97,2024-12-01T00:00:00Z,2024-11-05T19:00:00Z,-1.2327001356852025,SHORT,0.764300251986837,-50.0,M15_LATEST_CONFIRMED_OPPOSING_SWING_ELSE_CONTROL,2024-11-06T03:05:00Z,CONFIRMED_25_75_RETEST_SPLIT,2735.23,True,beac9b3e61adcbd1faa424639f3ec101aadb77f5869118ce2ab46b5d4d3881fb,1.0167570335544707,0.15359526260282302,2024_11,-1.0,0.23270013568520265,TARGET,2024-11-06T05:29:00Z,SPLIT_STOP_STOP,9d28390993bce8046c56dcf6fba375148cff71ae4b2999a544c46de12f27cf8f,2024-11-06T03:43:00Z,FIRST_RETEST_FILLED,2024-11-06T03:20:00Z,2024-11-06T03:10:00Z,2736.36,True,True,INITIAL_CONFIRMATION_TARGET,1341efc1723d83d7c39a81844abeff3220f8d03a0a7f89a3493bc36d021a93c1,3b1ba271d048b8aae69e6e549ed6528892e010c8b53b1306ae04dff29de4244d,2746.495785714286,2.515714285714336,0.1257857142857168,,M15_LATEST_CONFIRMED_OPPOSING_SWING_ELSE_CONTROL,True,1ee13e49acb1eba68347c27140935c7d802d02daa9e1744cec51b927425e2416,2024-11-06T02:30:00Z,2746.37,2731.8,9b1b75fe8ebd0b0bbe031dd9a60d82eab5b6b7456bae4830ae984ce6923acc47
eb1b6be2fbe690b702c5c160d180e1607925fbbca0e6f2b0b06a104e33323ac4,2736.36,2024-11-06T03:05:00Z,080a67a271b50b8fb840eee4a856ccc55ef9dec7d4f4b7711395e46e8f7cfa53,2024-11-06T03:05:00Z,2735.23,2749.97,2024-12-01T00:00:00Z,2024-11-05T19:00:00Z,0.07676071748665214,SHORT,1.0,15.473042658592739,CONTROL_V2_FILLED_STOP,2024-11-06T03:05:00Z,CONFIRMED_25_75_RETEST_SPLIT,2735.23,True,01a5490943a0b651979b0d94e70f18680e4b12996cdc93debb7fabc9b7d0ac53,0.9827038742564136,0.3872934190180921,2024_11,0.3094608531718548,0.23270013568520265,TARGET,2024-11-06T05:29:00Z,SPLIT_TARGET_TARGET,128f2d84cae61817aaf8f45540bfd8d9e481fff9ff8268e5c9c913a7959cee70,2024-11-06T05:29:00Z,FIRST_RETEST_FILLED,2024-11-06T03:20:00Z,2024-11-06T03:10:00Z,2736.36,True,True,INITIAL_CONFIRMATION_TARGET,7b0e13dd35924e198bc2e09e5b74610ec45d7c0165be0f12ef79e53509c86d4b,3b1ba271d048b8aae69e6e549ed6528892e010c8b53b1306ae04dff29de4244d,2749.97,6.6535714285715,0.33267857142857504,NOT_STRICTLY_CLOSER_THAN_CONTROL,H1_SOURCE_SWING_BUFFERED_ELSE_CONTROL,False,3b1ba271d048b8aae69e6e549ed6528892e010c8b53b1306ae04dff29de4244d,2024-11-05T19:00:00Z,2749.97,2731.8,9b1b75fe8ebd0b0bbe031dd9a60d82eab5b6b7456bae4830ae984ce6923acc47
021037062b0e756d38964f8848a0e5d46dc465aaaeeb21e96cb084588c068769,2664.22,2024-11-06T22:20:00Z,4038f6242011a58bbcb62d79577e839741e693b522503afb1a781316224c5f69,2024-11-06T22:20:00Z,2663.26,2678.29,2024-12-01T00:00:00Z,2024-11-06T21:00:00Z,0.0,SHORT,1.0,36.094477711246,CONTROL_V2_FILLED_STOP,2024-11-06T22:20:00Z,CONTROL_NEXT_M1_OPEN,2663.26,True,61659387f86cef1626534fd90e28a2cb0fa55f0fdaf74898ec297b343445d808,0.06986027944110079,0.8715901530273178,2024_11,0.72188955422492,0.72188955422492,TARGET,2024-11-07T03:18:00Z,TARGET,242f7f9d6f5ccd6d632905c833904115d20623eed6ad9115413a7348a8876f04,2024-11-07T03:18:00Z,RETEST_EXPIRED,2024-11-06T22:35:00Z,,2664.22,False,False,INITIAL_CONFIRMATION_TARGET,6b5db8ee90eec69043819974823bbad52989fad34ef0a12a18da947ccc3c353f,372bdc898c6fa209d79d7b83698236f8c61bad3714d130246bdadc6a15399c58,2678.29,,,,CONTROL_V2_FILLED_STOP,False,,2024-11-06T22:20:00Z,2678.29,2652.41,bdc98fae66e2fae69a4323c5907be07b814f304f029c9b49d59928619309778c
021037062b0e756d38964f8848a0e5d46dc465aaaeeb21e96cb084588c068769,2664.22,2024-11-06T22:20:00Z,4038f6242011a58bbcb62d79577e839741e693b522503afb1a781316224c5f69,2024-11-06T22:20:00Z,2663.26,2678.29,2024-12-01T00:00:00Z,2024-11-06T21:00:00Z,1.6216495137593616,SHORT,0.30803393213573765,117.17695339921409,M5_LATEST_CONFIRMED_OPPOSING_SWING_ELSE_CONTROL,2024-11-06T22:20:00Z,CONTROL_NEXT_M1_OPEN,2663.26,True,4892d1762f627b63f41b391eaecdd278e0afc6f0e815e00f27c16de00fb00dba,0.22679410335325104,2.829526432312803,2024_11,2.3435390679842816,0.72188955422492,TARGET,2024-11-07T03:18:00Z,TARGET,f91b18734eea9dcc8af8c5b0ae9208c8110058ce9b806c7cb3e663677b81d12a,2024-11-07T03:18:00Z,RETEST_EXPIRED,2024-11-06T22:35:00Z,,2664.22,False,False,INITIAL_CONFIRMATION_TARGET,97ac5af2976dccd707a3ca924154efb03cda59edd568068a63d41b6b4c472d3b,372bdc898c6fa209d79d7b83698236f8c61bad3714d130246bdadc6a15399c58,2667.8897500000003,1.3950000000000142,0.06975000000000071,,M5_LATEST_CONFIRMED_OPPOSING_SWING_ELSE_CONTROL,True,126b6591d7e4c5790662dd452eadbe595bcec20ceb93faf5049bf88fb2136160,2024-11-06T22:15:00Z,2667.82,2652.41,bdc98fae66e2fae69a4323c5907be07b814f304f029c9b49d59928619309778c
021037062b0e756d38964f8848a0e5d46dc465aaaeeb21e96cb084588c068769,2664.22,2024-11-06T22:20:00Z,4038f6242011a58bbcb62d79577e839741e693b522503afb1a781316224c5f69,2024-11-06T22:20:00Z,2663.26,2678.29,2024-12-01T00:00:00Z,2024-11-06T21:00:00Z,1.2501078233693077,SHORT,0.3660702404714157,98.59986887971138,M15_LATEST_CONFIRMED_OPPOSING_SWING_ELSE_CONTROL,2024-11-06T22:20:00Z,CONTROL_NEXT_M1_OPEN,2663.26,True,9e8c82c0a4bf8a30d6d30048f16f68de60ba0a8a760031bfa837060a16713291,0.19083845589615958,2.380936925943247,2024_11,1.9719973775942277,0.72188955422492,TARGET,2024-11-07T03:18:00Z,TARGET,72c2c17ce51ee81ba0916b7512079e9e865232c0f48c06edb9459d695537d236,2024-11-07T03:18:00Z,RETEST_EXPIRED,2024-11-06T22:35:00Z,,2664.22,False,False,INITIAL_CONFIRMATION_TARGET,3b57698d5dfcbb00e91b11e5728eb46bed05ad9c8b86ccb128d8bcda19142c1f,372bdc898c6fa209d79d7b83698236f8c61bad3714d130246bdadc6a15399c58,2668.7620357142855,3.2407142857143105,0.16203571428571553,,M15_LATEST_CONFIRMED_OPPOSING_SWING_ELSE_CONTROL,True,8e4d1baea33d82051aa64a203215c1a8fef0b9811e8c42e7f29fc48cc58c0d16,2024-11-06T21:45:00Z,2668.6,2652.41,bdc98fae66e2fae69a4323c5907be07b814f304f029c9b49d59928619309778c
021037062b0e756d38964f8848a0e5d46dc465aaaeeb21e96cb084588c068769,2664.22,2024-11-06T22:20:00Z,4038f6242011a58bbcb62d79577e839741e693b522503afb1a781316224c5f69,2024-11-06T22:20:00Z,2663.26,2678.29,2024-12-01T00:00:00Z,2024-11-06T21:00:00Z,0.0,SHORT,1.0,36.094477711246,CONTROL_V2_FILLED_STOP,2024-11-06T22:20:00Z,CONTROL_NEXT_M1_OPEN,2663.26,True,31497099bdfccf860936008a635b6aaae23104d170c9c5220b31f5490870606b,0.06986027944110079,0.8715901530273178,2024_11,0.72188955422492,0.72188955422492,TARGET,2024-11-07T03:18:00Z,TARGET,34a18a281179f3bbdfc9c1030a36a672f3bc17655b2cb93f810588281dfca4d3,2024-11-07T03:18:00Z,RETEST_EXPIRED,2024-11-06T22:35:00Z,,2664.22,False,False,INITIAL_CONFIRMATION_TARGET,3bbcb48cfeb17d745eb270599dcef82102ea7e9f4074eaecc6c0c72053a29f4b,372bdc898c6fa209d79d7b83698236f8c61bad3714d130246bdadc6a15399c58,2678.29,17.540714285714234,0.8770357142857117,NOT_STRICTLY_CLOSER_THAN_CONTROL,H1_SOURCE_SWING_BUFFERED_ELSE_CONTROL,False,372bdc898c6fa209d79d7b83698236f8c61bad3714d130246bdadc6a15399c58,2024-11-06T21:00:00Z,2678.29,2652.41,bdc98fae66e2fae69a4323c5907be07b814f304f029c9b49d59928619309778c
021037062b0e756d38964f8848a0e5d46dc465aaaeeb21e96cb084588c068769,2664.22,2024-11-06T22:20:00Z,4038f6242011a58bbcb62d79577e839741e693b522503afb1a781316224c5f69,2024-11-06T22:20:00Z,2663.26,2678.29,2024-12-01T00:00:00Z,2024-11-06T21:00:00Z,-0.72188955422492,SHORT,1.0,0.0,CONTROL_V2_FILLED_STOP,,M5_BROKEN_CONTROL_FIRST_RETEST,,False,61659387f86cef1626534fd90e28a2cb0fa55f0fdaf74898ec297b343445d808,,,2024_11,0.0,0.72188955422492,TARGET,2024-11-07T03:18:00Z,NO_FILL,3f927b09cd6a8c6cf24be1c5d7bead4b3c119dbb088576f1324f5422e5d0fa9a,,RETEST_EXPIRED,2024-11-06T22:35:00Z,,2664.22,False,False,INITIAL_CONFIRMATION_TARGET,c54daa29afcf8390894a7307a3370b2dd1f00a0ab9b7591d6103e3c1cae8b493,372bdc898c6fa209d79d7b83698236f8c61bad3714d130246bdadc6a15399c58,2678.29,,,,CONTROL_V2_FILLED_STOP,False,,2024-11-06T22:20:00Z,2678.29,2652.41,bdc98fae66e2fae69a4323c5907be07b814f304f029c9b49d59928619309778c
021037062b0e756d38964f8848a0e5d46dc465aaaeeb21e96cb084588c068769,2664.22,2024-11-06T22:20:00Z,4038f6242011a58bbcb62d79577e839741e693b522503afb1a781316224c5f69,2024-11-06T22:20:00Z,2663.26,2678.29,2024-12-01T00:00:00Z,2024-11-06T21:00:00Z,-0.72188955422492,SHORT,0.30803393213573765,0.0,M5_LATEST_CONFIRMED_OPPOSING_SWING_ELSE_CONTROL,,M5_BROKEN_CONTROL_FIRST_RETEST,,False,4892d1762f627b63f41b391eaecdd278e0afc6f0e815e00f27c16de00fb00dba,,,2024_11,0.0,0.72188955422492,TARGET,2024-11-07T03:18:00Z,NO_FILL,615c72e2c17b90439be2e5e934b2a2b577dedc42043af420c123c55ea6923efa,,RETEST_EXPIRED,2024-11-06T22:35:00Z,,2664.22,False,False,INITIAL_CONFIRMATION_TARGET,8229b6a83a8a06de2cd916825720b988990652c78645fe85e269efdde30b8bb3,372bdc898c6fa209d79d7b83698236f8c61bad3714d130246bdadc6a15399c58,2667.8897500000003,1.3950000000000142,0.06975000000000071,,M5_LATEST_CONFIRMED_OPPOSING_SWING_ELSE_CONTROL,True,126b6591d7e4c5790662dd452eadbe595bcec20ceb93faf5049bf88fb2136160,2024-11-06T22:15:00Z,2667.82,2652.41,bdc98fae66e2fae69a4323c5907be07b814f304f029c9b49d59928619309778c
021037062b0e756d38964f8848a0e5d46dc465aaaeeb21e96cb084588c068769,2664.22,2024-11-06T22:20:00Z,4038f6242011a58bbcb62d79577e839741e693b522503afb1a781316224c5f69,2024-11-06T22:20:00Z,2663.26,2678.29,2024-12-01T00:00:00Z,2024-11-06T21:00:00Z,-0.72188955422492,SHORT,0.3660702404714157,0.0,M15_LATEST_CONFIRMED_OPPOSING_SWING_ELSE_CONTROL,,M5_BROKEN_CONTROL_FIRST_RETEST,,False,9e8c82c0a4bf8a30d6d30048f16f68de60ba0a8a760031bfa837060a16713291,,,2024_11,0.0,0.72188955422492,TARGET,2024-11-07T03:18:00Z,NO_FILL,cb9f377dcae6909975d66184800cf07c2ab6df2fc6b8c7cffbcf73ca29841aaa,,RETEST_EXPIRED,2024-11-06T22:35:00Z,,2664.22,False,False,INITIAL_CONFIRMATION_TARGET,7fb5ca39a3f59ac0826e054d47dbe5db3d6683c630e03acf375e8018a8814c00,372bdc898c6fa209d79d7b83698236f8c61bad3714d130246bdadc6a15399c58,2668.7620357142855,3.2407142857143105,0.16203571428571553,,M15_LATEST_CONFIRMED_OPPOSING_SWING_ELSE_CONTROL,True,8e4d1baea33d82051aa64a203215c1a8fef0b9811e8c42e7f29fc48cc58c0d16,2024-11-06T21:45:00Z,2668.6,2652.41,bdc98fae66e2fae69a4323c5907be07b814f304f029c9b49d59928619309778c
021037062b0e756d38964f8848a0e5d46dc465aaaeeb21e96cb084588c068769,2664.22,2024-11-06T22:20:00Z,4038f6242011a58bbcb62d79577e839741e693b522503afb1a781316224c5f69,2024-11-06T22:20:00Z,2663.26,2678.29,2024-12-01T00:00:00Z,2024-11-06T21:00:00Z,-0.72188955422492,SHORT,1.0,0.0,CONTROL_V2_FILLED_STOP,,M5_BROKEN_CONTROL_FIRST_RETEST,,False,31497099bdfccf860936008a635b6aaae23104d170c9c5220b31f5490870606b,,,2024_11,0.0,0.72188955422492,TARGET,2024-11-07T03:18:00Z,NO_FILL,2988ab5acbaebb4bb38ee2c9474aa0dbda88fae89a89722e869019f53c9e2298,,RETEST_EXPIRED,2024-11-06T22:35:00Z,,2664.22,False,False,INITIAL_CONFIRMATION_TARGET,7d770672e15d6b8aefb54fecb54ed081af7e8006148d8176f5dfcbf78a94ea28,372bdc898c6fa209d79d7b83698236f8c61bad3714d130246bdadc6a15399c58,2678.29,17.540714285714234,0.8770357142857117,NOT_STRICTLY_CLOSER_THAN_CONTROL,H1_SOURCE_SWING_BUFFERED_ELSE_CONTROL,False,372bdc898c6fa209d79d7b83698236f8c61bad3714d130246bdadc6a15399c58,2024-11-06T21:00:00Z,2678.29,2652.41,bdc98fae66e2fae69a4323c5907be07b814f304f029c9b49d59928619309778c
021037062b0e756d38964f8848a0e5d46dc465aaaeeb21e96cb084588c068769,2664.22,2024-11-06T22:20:00Z,4038f6242011a58bbcb62d79577e839741e693b522503afb1a781316224c5f69,2024-11-06T22:20:00Z,2663.26,2678.29,2024-12-01T00:00:00Z,2024-11-06T21:00:00Z,-0.5414171656686899,SHORT,1.0,9.0236194278115,CONTROL_V2_FILLED_STOP,2024-11-06T22:20:00Z,CONFIRMED_25_75_RETEST_SPLIT,2663.26,True,61659387f86cef1626534fd90e28a2cb0fa55f0fdaf74898ec297b343445d808,0.017465069860275198,0.21789753825682945,2024_11,0.18047238855623,0.72188955422492,TARGET,2024-11-07T03:18:00Z,SPLIT_CONTROL_TARGET_NO_RETEST,6885821a3057e9f9e6138ccb8cbe5e3d1821d7ea4b9ca14f52b57bd6af7175f2,2024-11-07T03:18:00Z,RETEST_EXPIRED,2024-11-06T22:35:00Z,,2664.22,False,False,INITIAL_CONFIRMATION_TARGET,c3c7ded6f4f95f2b11bc6758398c7d9f6c24f9fa1f08cb2a8a9032301dfabaf9,372bdc898c6fa209d79d7b83698236f8c61bad3714d130246bdadc6a15399c58,2678.29,,,,CONTROL_V2_FILLED_STOP,False,,2024-11-06T22:20:00Z,2678.29,2652.41,bdc98fae66e2fae69a4323c5907be07b814f304f029c9b49d59928619309778c
021037062b0e756d38964f8848a0e5d46dc465aaaeeb21e96cb084588c068769,2664.22,2024-11-06T22:20:00Z,4038f6242011a58bbcb62d79577e839741e693b522503afb1a781316224c5f69,2024-11-06T22:20:00Z,2663.26,2678.29,2024-12-01T00:00:00Z,2024-11-06T21:00:00Z,-0.13600478722884957,SHORT,0.30803393213573765,29.29423834980352,M5_LATEST_CONFIRMED_OPPOSING_SWING_ELSE_CONTROL,2024-11-06T22:20:00Z,CONFIRMED_25_75_RETEST_SPLIT,2663.26,True,4892d1762f627b63f41b391eaecdd278e0afc6f0e815e00f27c16de00fb00dba,0.05669852583831276,0.7073816080782007,2024_11,0.5858847669960704,0.72188955422492,TARGET,2024-11-07T03:18:00Z,SPLIT_CONTROL_TARGET_NO_RETEST,bbe12bc65d8db1f518eef06d5f9b803e95d24ef089957a6f78a452b31a5b7407,2024-11-07T03:18:00Z,RETEST_EXPIRED,2024-11-06T22:35:00Z,,2664.22,False,False,INITIAL_CONFIRMATION_TARGET,021fc8259c4e844c7a276ccf516892450d011b78a18b0332d65a17100edd9813,372bdc898c6fa209d79d7b83698236f8c61bad3714d130246bdadc6a15399c58,2667.8897500000003,1.3950000000000142,0.06975000000000071,,M5_LATEST_CONFIRMED_OPPOSING_SWING_ELSE_CONTROL,True,126b6591d7e4c5790662dd452eadbe595bcec20ceb93faf5049bf88fb2136160,2024-11-06T22:15:00Z,2667.82,2652.41,bdc98fae66e2fae69a4323c5907be07b814f304f029c9b49d59928619309778c
021037062b0e756d38964f8848a0e5d46dc465aaaeeb21e96cb084588c068769,2664.22,2024-11-06T22:20:00Z,4038f6242011a58bbcb62d79577e839741e693b522503afb1a781316224c5f69,2024-11-06T22:20:00Z,2663.26,2678.29,2024-12-01T00:00:00Z,2024-11-06T21:00:00Z,-0.22889020982636304,SHORT,0.3660702404714157,24.649967219927845,M15_LATEST_CONFIRMED_OPPOSING_SWING_ELSE_CONTROL,2024-11-06T22:20:00Z,CONFIRMED_25_75_RETEST_SPLIT,2663.26,True,9e8c82c0a4bf8a30d6d30048f16f68de60ba0a8a760031bfa837060a16713291,0.047709613974039895,0.5952342314858118,2024_11,0.4929993443985569,0.72188955422492,TARGET,2024-11-07T03:18:00Z,SPLIT_CONTROL_TARGET_NO_RETEST,2391f2fbed1b55823b1a5a1afee9f129fa704518d7c0b4a62bc1f342f2fc9198,2024-11-07T03:18:00Z,RETEST_EXPIRED,2024-11-06T22:35:00Z,,2664.22,False,False,INITIAL_CONFIRMATION_TARGET,a010383dd90435a6a7b51c4df6b8390f1fc4289dde4d0e7511780f3b047884fe,372bdc898c6fa209d79d7b83698236f8c61bad3714d130246bdadc6a15399c58,2668.7620357142855,3.2407142857143105,0.16203571428571553,,M15_LATEST_CONFIRMED_OPPOSING_SWING_ELSE_CONTROL,True,8e4d1baea33d82051aa64a203215c1a8fef0b9811e8c42e7f29fc48cc58c0d16,2024-11-06T21:45:00Z,2668.6,2652.41,bdc98fae66e2fae69a4323c5907be07b814f304f029c9b49d59928619309778c
021037062b0e756d38964f8848a0e5d46dc465aaaeeb21e96cb084588c068769,2664.22,2024-11-06T22:20:00Z,4038f6242011a58bbcb62d79577e839741e693b522503afb1a781316224c5f69,2024-11-06T22:20:00Z,2663.26,2678.29,2024-12-01T00:00:00Z,2024-11-06T21:00:00Z,-0.5414171656686899,SHORT,1.0,9.0236194278115,CONTROL_V2_FILLED_STOP,2024-11-06T22:20:00Z,CONFIRMED_25_75_RETEST_SPLIT,2663.26,True,31497099bdfccf860936008a635b6aaae23104d170c9c5220b31f5490870606b,0.017465069860275198,0.21789753825682945,2024_11,0.18047238855623,0.72188955422492,TARGET,2024-11-07T03:18:00Z,SPLIT_CONTROL_TARGET_NO_RETEST,4880ccb9c585b57bcb735da977f5a240cb869ce17eb7906c100db393b567c654,2024-11-07T03:18:00Z,RETEST_EXPIRED,2024-11-06T22:35:00Z,,2664.22,False,False,INITIAL_CONFIRMATION_TARGET,0b1ecdd42b4d098395c222e67450a7715a69de50929246e578d6ccd97e125181,372bdc898c6fa209d79d7b83698236f8c61bad3714d130246bdadc6a15399c58,2678.29,17.540714285714234,0.8770357142857117,NOT_STRICTLY_CLOSER_THAN_CONTROL,H1_SOURCE_SWING_BUFFERED_ELSE_CONTROL,False,372bdc898c6fa209d79d7b83698236f8c61bad3714d130246bdadc6a15399c58,2024-11-06T21:00:00Z,2678.29,2652.41,bdc98fae66e2fae69a4323c5907be07b814f304f029c9b49d59928619309778c
fbab73d10172fb09eed0b37c1b4aebd2e3b13874f6bb8d1eb3809fa685cf92e7,2660.67,2024-11-07T09:20:00Z,8741f468493f8724537552c4ea75fe351980941570c6992d6d88dbe315270e6e,2024-11-07T09:20:00Z,2662.14,2643.44,2024-12-01T00:00:00Z,2024-11-07T06:00:00Z,0.0,LONG,1.0,43.18181818181884,CONTROL_V2_FILLED_STOP,2024-11-07T09:20:00Z,CONTROL_NEXT_M1_OPEN,2662.14,True,7824755d88643a141dfde2745e814bb6fd5ba5afeabbd2165d84a88fc352a8b0,0.25294117647059167,0.8855614973262089,2024_11,0.8636363636363769,0.8636363636363769,TARGET,2024-11-07T15:12:00Z,TARGET,db03537b9476221695f82dae412925ac1c7af44810774c9d4d0264fe31909e88,2024-11-07T15:12:00Z,RETEST_EXPIRED,2024-11-07T09:35:00Z,,2660.67,False,False,INITIAL_CONFIRMATION_TARGET,52b41ccb54a59db1729cfa4b265655d0d66061bebd277dbd756c1b23b0d4f754,7d6e04c57aabad84e630c857bac32577afa842979fd38f44c94cf10541911900,2643.44,,,,CONTROL_V2_FILLED_STOP,False,,2024-11-07T09:20:00Z,2643.44,2678.29,638176b40433455b39035b42f5047f21994be7a143dbb759b850c6c3de15e11e
fbab73d10172fb09eed0b37c1b4aebd2e3b13874f6bb8d1eb3809fa685cf92e7,2660.67,2024-11-07T09:20:00Z,8741f468493f8724537552c4ea75fe351980941570c6992d6d88dbe315270e6e,2024-11-07T09:20:00Z,2662.14,2643.44,2024-12-01T00:00:00Z,2024-11-07T06:00:00Z,1.3800647011541882,LONG,0.38491596638654346,112.18505323952826,M5_LATEST_CONFIRMED_OPPOSING_SWING_ELSE_CONTROL,2024-11-07T09:20:00Z,CONTROL_NEXT_M1_OPEN,2662.14,True,b3f48221e9f4ef18dd59f03fa5ed33d227614cfc8d8e22928e1d6cbc2ae61dbf,0.6571335007095576,2.3006618967759396,2024_11,2.243701064790565,0.8636363636363769,TARGET,2024-11-07T15:12:00Z,TARGET,9b668b15eb641c5b3a393b4d8ce293b504bee8f8a647f71c80e3621e4cb563bc,2024-11-07T15:12:00Z,RETEST_EXPIRED,2024-11-07T09:35:00Z,,2660.67,False,False,INITIAL_CONFIRMATION_TARGET,af5706f5e7796a8050487523faa32f8992f5cdaf0f871136c46b3c4933690f76,7d6e04c57aabad84e630c857bac32577afa842979fd38f44c94cf10541911900,2654.9420714285716,2.1585714285713817,0.1079285714285691,,M5_LATEST_CONFIRMED_OPPOSING_SWING_ELSE_CONTROL,True,81148c87ecbc0110bedcd2fde087f19c2a532bb49ada8a155c282814619cc740,2024-11-07T09:00:00Z,2655.05,2678.29,638176b40433455b39035b42f5047f21994be7a143dbb759b850c6c3de15e11e
fbab73d10172fb09eed0b37c1b4aebd2e3b13874f6bb8d1eb3809fa685cf92e7,2660.67,2024-11-07T09:20:00Z,8741f468493f8724537552c4ea75fe351980941570c6992d6d88dbe315270e6e,2024-11-07T09:20:00Z,2662.14,2643.44,2024-12-01T00:00:00Z,2024-11-07T06:00:00Z,0.8325313176551934,LONG,0.5091692131397935,84.80838406457852,M15_LATEST_CONFIRMED_OPPOSING_SWING_ELSE_CONTROL,2024-11-07T09:20:00Z,CONTROL_NEXT_M1_OPEN,2662.14,True,ce38f0a7735edaa5be3bf50040cd7db58dd86702c96f54e108c5dac1d53059c0,0.4967723301863228,1.7392282849652108,2024_11,1.6961676812915703,0.8636363636363769,TARGET,2024-11-07T15:12:00Z,TARGET,b7700be92b29cb888e788a92714e3e541f9092502b17f9b3be6cd568a5148e93,2024-11-07T15:12:00Z,RETEST_EXPIRED,2024-11-07T09:35:00Z,,2660.67,False,False,INITIAL_CONFIRMATION_TARGET,4d8982d696efc32c894011177ea659efd4c11e476d1b83d55c7fe7af0f6fa622,7d6e04c57aabad84e630c857bac32577afa842979fd38f44c94cf10541911900,2652.618535714286,3.2292857142856843,0.16146428571428423,,M15_LATEST_CONFIRMED_OPPOSING_SWING_ELSE_CONTROL,True,3ad3939c9cc7dbddfc865818a222b896c7b1997a86f2d1d36927a9e215d682be,2024-11-07T08:45:00Z,2652.78,2678.29,638176b40433455b39035b42f5047f21994be7a143dbb759b850c6c3de15e11e
fbab73d10172fb09eed0b37c1b4aebd2e3b13874f6bb8d1eb3809fa685cf92e7,2660.67,2024-11-07T09:20:00Z,8741f468493f8724537552c4ea75fe351980941570c6992d6d88dbe315270e6e,2024-11-07T09:20:00Z,2662.14,2643.44,2024-12-01T00:00:00Z,2024-11-07T06:00:00Z,0.0,LONG,1.0,43.18181818181884,CONTROL_V2_FILLED_STOP,2024-11-07T09:20:00Z,CONTROL_NEXT_M1_OPEN,2662.14,True,bc9af0926f4bac3057358b74f2adb8144aa9e5443a8064e2179490cbfd2fd5cb,0.25294117647059167,0.8855614973262089,2024_11,0.8636363636363769,0.8636363636363769,TARGET,2024-11-07T15:12:00Z,TARGET,c8ad716341be72730a49ab40005d585ce238d5756d5e78f749f1b874b409a249,2024-11-07T15:12:00Z,RETEST_EXPIRED,2024-11-07T09:35:00Z,,2660.67,False,False,INITIAL_CONFIRMATION_TARGET,3a5867e0bc1234537d3e085c0eecb1edb3d497120defc147915fe84f95a2d8ba,7d6e04c57aabad84e630c857bac32577afa842979fd38f44c94cf10541911900,2643.44,8.669285714285675,0.43346428571428375,NOT_STRICTLY_CLOSER_THAN_CONTROL,H1_SOURCE_SWING_BUFFERED_ELSE_CONTROL,False,7d6e04c57aabad84e630c857bac32577afa842979fd38f44c94cf10541911900,2024-11-07T06:00:00Z,2643.44,2678.29,638176b40433455b39035b42f5047f21994be7a143dbb759b850c6c3de15e11e
fbab73d10172fb09eed0b37c1b4aebd2e3b13874f6bb8d1eb3809fa685cf92e7,2660.67,2024-11-07T09:20:00Z,8741f468493f8724537552c4ea75fe351980941570c6992d6d88dbe315270e6e,2024-11-07T09:20:00Z,2662.14,2643.44,2024-12-01T00:00:00Z,2024-11-07T06:00:00Z,-0.8636363636363769,LONG,1.0,0.0,CONTROL_V2_FILLED_STOP,,M5_BROKEN_CONTROL_FIRST_RETEST,,False,7824755d88643a141dfde2745e814bb6fd5ba5afeabbd2165d84a88fc352a8b0,,,2024_11,0.0,0.8636363636363769,TARGET,2024-11-07T15:12:00Z,NO_FILL,f4259a2496acdccc1a95edee209c6d6667c240109a1a90f86308dc5dcfb0d033,,RETEST_EXPIRED,2024-11-07T09:35:00Z,,2660.67,False,False,INITIAL_CONFIRMATION_TARGET,cdd46a338dd3023d5757a672bf0f6d3cbc87b2b3d008741fa53049fb13dee327,7d6e04c57aabad84e630c857bac32577afa842979fd38f44c94cf10541911900,2643.44,,,,CONTROL_V2_FILLED_STOP,False,,2024-11-07T09:20:00Z,2643.44,2678.29,638176b40433455b39035b42f5047f21994be7a143dbb759b850c6c3de15e11e
fbab73d10172fb09eed0b37c1b4aebd2e3b13874f6bb8d1eb3809fa685cf92e7,2660.67,2024-11-07T09:20:00Z,8741f468493f8724537552c4ea75fe351980941570c6992d6d88dbe315270e6e,2024-11-07T09:20:00Z,2662.14,2643.44,2024-12-01T00:00:00Z,2024-11-07T06:00:00Z,-0.8636363636363769,LONG,0.38491596638654346,0.0,M5_LATEST_CONFIRMED_OPPOSING_SWING_ELSE_CONTROL,,M5_BROKEN_CONTROL_FIRST_RETEST,,False,b3f48221e9f4ef18dd59f03fa5ed33d227614cfc8d8e22928e1d6cbc2ae61dbf,,,2024_11,0.0,0.8636363636363769,TARGET,2024-11-07T15:12:00Z,NO_FILL,c84528449083746e84a6b979989b0cf0ffcbea044d46152271ba33e138e419af,,RETEST_EXPIRED,2024-11-07T09:35:00Z,,2660.67,False,False,INITIAL_CONFIRMATION_TARGET,c3a0a011c5e66eca821b5944abd9ead7955cbcdfc1e33c986f2404c1a64ad8e6,7d6e04c57aabad84e630c857bac32577afa842979fd38f44c94cf10541911900,2654.9420714285716,2.1585714285713817,0.1079285714285691,,M5_LATEST_CONFIRMED_OPPOSING_SWING_ELSE_CONTROL,True,81148c87ecbc0110bedcd2fde087f19c2a532bb49ada8a155c282814619cc740,2024-11-07T09:00:00Z,2655.05,2678.29,638176b40433455b39035b42f5047f21994be7a143dbb759b850c6c3de15e11e
fbab73d10172fb09eed0b37c1b4aebd2e3b13874f6bb8d1eb3809fa685cf92e7,2660.67,2024-11-07T09:20:00Z,8741f468493f8724537552c4ea75fe351980941570c6992d6d88dbe315270e6e,2024-11-07T09:20:00Z,2662.14,2643.44,2024-12-01T00:00:00Z,2024-11-07T06:00:00Z,-0.8636363636363769,LONG,0.5091692131397935,0.0,M15_LATEST_CONFIRMED_OPPOSING_SWING_ELSE_CONTROL,,M5_BROKEN_CONTROL_FIRST_RETEST,,False,ce38f0a7735edaa5be3bf50040cd7db58dd86702c96f54e108c5dac1d53059c0,,,2024_11,0.0,0.8636363636363769,TARGET,2024-11-07T15:12:00Z,NO_FILL,5a5b8e4e1eaff7ed5b7c83d1cc184a3f24f76aae00a74855d2b4930095e70488,,RETEST_EXPIRED,2024-11-07T09:35:00Z,,2660.67,False,False,INITIAL_CONFIRMATION_TARGET,ec8ee34f0435cef2f167f4cc9341ef6c0287ac0cea49646973d9b789dd8b9474,7d6e04c57aabad84e630c857bac32577afa842979fd38f44c94cf10541911900,2652.618535714286,3.2292857142856843,0.16146428571428423,,M15_LATEST_CONFIRMED_OPPOSING_SWING_ELSE_CONTROL,True,3ad3939c9cc7dbddfc865818a222b896c7b1997a86f2d1d36927a9e215d682be,2024-11-07T08:45:00Z,2652.78,2678.29,638176b40433455b39035b42f5047f21994be7a143dbb759b850c6c3de15e11e
fbab73d10172fb09eed0b37c1b4aebd2e3b13874f6bb8d1eb3809fa685cf92e7,2660.67,2024-11-07T09:20:00Z,8741f468493f8724537552c4ea75fe351980941570c6992d6d88dbe315270e6e,2024-11-07T09:20:00Z,2662.14,2643.44,2024-12-01T00:00:00Z,2024-11-07T06:00:00Z,-0.8636363636363769,LONG,1.0,0.0,CONTROL_V2_FILLED_STOP,,M5_BROKEN_CONTROL_FIRST_RETEST,,False,bc9af0926f4bac3057358b74f2adb8144aa9e5443a8064e2179490cbfd2fd5cb,,,2024_11,0.0,0.8636363636363769,TARGET,2024-11-07T15:12:00Z,NO_FILL,847fa53e71c84560dd89e4bc41a9ab3b808348cff9b4dbb2704a16653bb804f9,,RETEST_EXPIRED,2024-11-07T09:35:00Z,,2660.67,False,False,INITIAL_CONFIRMATION_TARGET,7bb15bb43f04ec490b9a1cbda40394325e563111778cc8c673a7675ae06e6611,7d6e04c57aabad84e630c857bac32577afa842979fd38f44c94cf10541911900,2643.44,8.669285714285675,0.43346428571428375,NOT_STRICTLY_CLOSER_THAN_CONTROL,H1_SOURCE_SWING_BUFFERED_ELSE_CONTROL,False,7d6e04c57aabad84e630c857bac32577afa842979fd38f44c94cf10541911900,2024-11-07T06:00:00Z,2643.44,2678.29,638176b40433455b39035b42f5047f21994be7a143dbb759b850c6c3de15e11e
fbab73d10172fb09eed0b37c1b4aebd2e3b13874f6bb8d1eb3809fa685cf92e7,2660.67,2024-11-07T09:20:00Z,8741f468493f8724537552c4ea75fe351980941570c6992d6d88dbe315270e6e,2024-11-07T09:20:00Z,2662.14,2643.44,2024-12-01T00:00:00Z,2024-11-07T06:00:00Z,-0.6477272727272827,LONG,1.0,10.79545454545471,CONTROL_V2_FILLED_STOP,2024-11-07T09:20:00Z,CONFIRMED_25_75_RETEST_SPLIT,2662.14,True,7824755d88643a141dfde2745e814bb6fd5ba5afeabbd2165d84a88fc352a8b0,0.06323529411764792,0.22139037433155223,2024_11,0.21590909090909421,0.8636363636363769,TARGET,2024-11-07T15:12:00Z,SPLIT_CONTROL_TARGET_NO_RETEST,0cc58ebdada43b8e5463c763bb70957d39f3633318cb48a9ae32b1071e6edda9,2024-11-07T15:12:00Z,RETEST_EXPIRED,2024-11-07T09:35:00Z,,2660.67,False,False,INITIAL_CONFIRMATION_TARGET,ae3056596cd589343ba6185d11e1eab4f80e0e56378bda8aae7d21338dbc00b4,7d6e04c57aabad84e630c857bac32577afa842979fd38f44c94cf10541911900,2643.44,,,,CONTROL_V2_FILLED_STOP,False,,2024-11-07T09:20:00Z,2643.44,2678.29,638176b40433455b39035b42f5047f21994be7a143dbb759b850c6c3de15e11e
fbab73d10172fb09eed0b37c1b4aebd2e3b13874f6bb8d1eb3809fa685cf92e7,2660.67,2024-11-07T09:20:00Z,8741f468493f8724537552c4ea75fe351980941570c6992d6d88dbe315270e6e,2024-11-07T09:20:00Z,2662.14,2643.44,2024-12-01T00:00:00Z,2024-11-07T06:00:00Z,-0.3027110974387356,LONG,0.38491596638654346,28.046263309882065,M5_LATEST_CONFIRMED_OPPOSING_SWING_ELSE_CONTROL,2024-11-07T09:20:00Z,CONFIRMED_25_75_RETEST_SPLIT,2662.14,True,b3f48221e9f4ef18dd59f03fa5ed33d227614cfc8d8e22928e1d6cbc2ae61dbf,0.1642833751773894,0.5751654741939849,2024_11,0.5609252661976413,0.8636363636363769,TARGET,2024-11-07T15:12:00Z,SPLIT_CONTROL_TARGET_NO_RETEST,ef7aa318201200839b31c3cc9addc37899e452c2f82da1cee43d39481bf66884,2024-11-07T15:12:00Z,RETEST_EXPIRED,2024-11-07T09:35:00Z,,2660.67,False,False,INITIAL_CONFIRMATION_TARGET,d26ae6c484f6e1bc32c908e1bc08af957906088b6fb555345740c1815952f7e4,7d6e04c57aabad84e630c857bac32577afa842979fd38f44c94cf10541911900,2654.9420714285716,2.1585714285713817,0.1079285714285691,,M5_LATEST_CONFIRMED_OPPOSING_SWING_ELSE_CONTROL,True,81148c87ecbc0110bedcd2fde087f19c2a532bb49ada8a155c282814619cc740,2024-11-07T09:00:00Z,2655.05,2678.29,638176b40433455b39035b42f5047f21994be7a143dbb759b850c6c3de15e11e
fbab73d10172fb09eed0b37c1b4aebd2e3b13874f6bb8d1eb3809fa685cf92e7,2660.67,2024-11-07T09:20:00Z,8741f468493f8724537552c4ea75fe351980941570c6992d6d88dbe315270e6e,2024-11-07T09:20:00Z,2662.14,2643.44,2024-12-01T00:00:00Z,2024-11-07T06:00:00Z,-0.4395944433134843,LONG,0.5091692131397935,21.20209601614463,M15_LATEST_CONFIRMED_OPPOSING_SWING_ELSE_CONTROL,2024-11-07T09:20:00Z,CONFIRMED_25_75_RETEST_SPLIT,2662.14,True,ce38f0a7735edaa5be3bf50040cd7db58dd86702c96f54e108c5dac1d53059c0,0.1241930825465807,0.4348070712413027,2024_11,0.42404192032289256,0.8636363636363769,TARGET,2024-11-07T15:12:00Z,SPLIT_CONTROL_TARGET_NO_RETEST,1eb14ce4a93afd600747dfc634a0aa1392591fc9eeab45474074742d67614234,2024-11-07T15:12:00Z,RETEST_EXPIRED,2024-11-07T09:35:00Z,,2660.67,False,False,INITIAL_CONFIRMATION_TARGET,c7261c93a60e1d6424a9cdfc999279a5815595450b4b8687142293419368b4b8,7d6e04c57aabad84e630c857bac32577afa842979fd38f44c94cf10541911900,2652.618535714286,3.2292857142856843,0.16146428571428423,,M15_LATEST_CONFIRMED_OPPOSING_SWING_ELSE_CONTROL,True,3ad3939c9cc7dbddfc865818a222b896c7b1997a86f2d1d36927a9e215d682be,2024-11-07T08:45:00Z,2652.78,2678.29,638176b40433455b39035b42f5047f21994be7a143dbb759b850c6c3de15e11e
fbab73d10172fb09eed0b37c1b4aebd2e3b13874f6bb8d1eb3809fa685cf92e7,2660.67,2024-11-07T09:20:00Z,8741f468493f8724537552c4ea75fe351980941570c6992d6d88dbe315270e6e,2024-11-07T09:20:00Z,2662.14,2643.44,2024-12-01T00:00:00Z,2024-11-07T06:00:00Z,-0.6477272727272827,LONG,1.0,10.79545454545471,CONTROL_V2_FILLED_STOP,2024-11-07T09:20:00Z,CONFIRMED_25_75_RETEST_SPLIT,2662.14,True,bc9af0926f4bac3057358b74f2adb8144aa9e5443a8064e2179490cbfd2fd5cb,0.06323529411764792,0.22139037433155223,2024_11,0.21590909090909421,0.8636363636363769,TARGET,2024-11-07T15:12:00Z,SPLIT_CONTROL_TARGET_NO_RETEST,0722dd47239177dbc68eb854f7b7c71e896577529f33083741f838af48a8a7ae,2024-11-07T15:12:00Z,RETEST_EXPIRED,2024-11-07T09:35:00Z,,2660.67,False,False,INITIAL_CONFIRMATION_TARGET,e0c2ed572e58a4e6bccdc0354b706f0f2d56525bf9f892ecfb989df67b79b0ba,7d6e04c57aabad84e630c857bac32577afa842979fd38f44c94cf10541911900,2643.44,8.669285714285675,0.43346428571428375,NOT_STRICTLY_CLOSER_THAN_CONTROL,H1_SOURCE_SWING_BUFFERED_ELSE_CONTROL,False,7d6e04c57aabad84e630c857bac32577afa842979fd38f44c94cf10541911900,2024-11-07T06:00:00Z,2643.44,2678.29,638176b40433455b39035b42f5047f21994be7a143dbb759b850c6c3de15e11e
8a1ef018c1e0f0236c6a7fb6a71f3f5d4ecfe69085d91e351b85e5a27b7a3d6f,2662.43,2024-11-07T12:05:00Z,2802f78fbee9b60549c64568da0ba5917e566a9d350f4e8d711cc2e0c0650867,2024-11-07T12:05:00Z,2660.93,2667.66,2024-12-01T00:00:00Z,2024-11-07T12:00:00Z,0.0,SHORT,1.0,-50.0,CONTROL_V2_FILLED_STOP,2024-11-07T12:05:00Z,CONTROL_NEXT_M1_OPEN,2660.93,True,3bdec12e9c6c3c9def022227dc5509879d722d094d4d6f4f2636db37d62b391a,1.0742942050520057,0.12630014858839625,2024_11,-1.0,-1.0,STOP,2024-11-07T12:24:00Z,STOP,4e1b00a39fce7ee0961e934b167c5611cad7bb7245fe644c826fe019f7df23f3,2024-11-07T12:24:00Z,FIRST_RETEST_FILLED,2024-11-07T12:20:00Z,2024-11-07T12:08:00Z,2662.43,True,False,INITIAL_CONFIRMATION_STOP,3205742c34067909f35f42b76bc300d394874e8325dc6e9c3f67b0a8e0f5f7b2,a62cdbbb825f17b8643c04d94e3708264b18e8c7f55025588dd3755705a5167f,2667.66,,,,CONTROL_V2_FILLED_STOP,False,,2024-11-07T12:05:00Z,2667.66,2652.78,ee27ea7c267b9caa83c45e45ca524d3ef1301a26ce97beff6e09fc168bdc14ee
8a1ef018c1e0f0236c6a7fb6a71f3f5d4ecfe69085d91e351b85e5a27b7a3d6f,2662.43,2024-11-07T12:05:00Z,2802f78fbee9b60549c64568da0ba5917e566a9d350f4e8d711cc2e0c0650867,2024-11-07T12:05:00Z,2660.93,2667.66,2024-12-01T00:00:00Z,2024-11-07T12:00:00Z,0.0,SHORT,0.7793833580981252,-50.0,M5_LATEST_CONFIRMED_OPPOSING_SWING_ELSE_CONTROL,2024-11-07T12:05:00Z,CONTROL_NEXT_M1_OPEN,2660.93,True,60e041c5c19041d0ea0e4794f550ea4895edad077e1e99ee6c4f44196bb923fb,1.0447547781325206,0.1620513798198074,2024_11,-1.0,-1.0,STOP,2024-11-07T12:24:00Z,STOP,99fe43d4c80bd1294ada183363c0e60f684f00251e4d79991fefddbaf2b2cea3,2024-11-07T12:19:00Z,FIRST_RETEST_FILLED,2024-11-07T12:20:00Z,2024-11-07T12:08:00Z,2662.43,True,False,INITIAL_CONFIRMATION_STOP,bf234948390f05085ca80140dbec522f2918ad3d03c92d612b0dd1c837f0c0fc,a62cdbbb825f17b8643c04d94e3708264b18e8c7f55025588dd3755705a5167f,2666.1752500000002,2.1049999999999858,0.10524999999999929,,M5_LATEST_CONFIRMED_OPPOSING_SWING_ELSE_CONTROL,True,1775f4219e8031985de43eb9a60bd82b7f958debb800f6ea8ec8c7da7c8c920c,2024-11-07T11:40:00Z,2666.07,2652.78,ee27ea7c267b9caa83c45e45ca524d3ef1301a26ce97beff6e09fc168bdc14ee
8a1ef018c1e0f0236c6a7fb6a71f3f5d4ecfe69085d91e351b85e5a27b7a3d6f,2662.43,2024-11-07T12:05:00Z,2802f78fbee9b60549c64568da0ba5917e566a9d350f4e8d711cc2e0c0650867,2024-11-07T12:05:00Z,2660.93,2667.66,2024-12-01T00:00:00Z,2024-11-07T12:00:00Z,0.0,SHORT,0.7938601146253587,-50.0,M15_LATEST_CONFIRMED_OPPOSING_SWING_ELSE_CONTROL,2024-11-07T12:05:00Z,CONTROL_NEXT_M1_OPEN,2660.93,True,182a5885e90cdfe50d9780d64c54514bf455282815b5f8c71173522cf43d675f,1.0257027307062232,0.1590962264781375,2024_11,-1.0,-1.0,STOP,2024-11-07T12:24:00Z,STOP,fe6ae99d46f47f2fa1407d92283001f891a423e631b0b93bb6dc18ab871cfb04,2024-11-07T12:19:00Z,FIRST_RETEST_FILLED,2024-11-07T12:20:00Z,2024-11-07T12:08:00Z,2662.43,True,False,INITIAL_CONFIRMATION_STOP,c7015fe7cb689ab7cad46273995668c5c22bcd8eedc1179092d62bcded5ada14,a62cdbbb825f17b8643c04d94e3708264b18e8c7f55025588dd3755705a5167f,2666.2726785714285,4.053571428571396,0.20267857142856982,,M15_LATEST_CONFIRMED_OPPOSING_SWING_ELSE_CONTROL,True,9fd14b51e4964382c72f8eb4c1653f3a013036ac0f186eedcdb3dad1f5bbe66a,2024-11-07T12:00:00Z,2666.07,2652.78,ee27ea7c267b9caa83c45e45ca524d3ef1301a26ce97beff6e09fc168bdc14ee
8a1ef018c1e0f0236c6a7fb6a71f3f5d4ecfe69085d91e351b85e5a27b7a3d6f,2662.43,2024-11-07T12:05:00Z,2802f78fbee9b60549c64568da0ba5917e566a9d350f4e8d711cc2e0c0650867,2024-11-07T12:05:00Z,2660.93,2667.66,2024-12-01T00:00:00Z,2024-11-07T12:00:00Z,0.0,SHORT,1.0,-50.0,CONTROL_V2_FILLED_STOP,2024-11-07T12:05:00Z,CONTROL_NEXT_M1_OPEN,2660.93,True,207a89ea307acd290ea1c1955a8db8ea247056cac5c313600e80fa8c8a661683,1.0742942050520057,0.12630014858839625,2024_11,-1.0,-1.0,STOP,2024-11-07T12:24:00Z,STOP,b6711441c5b86085ecd5a92c5b78bad33684850ada03d2384692dce60807b186,2024-11-07T12:24:00Z,FIRST_RETEST_FILLED,2024-11-07T12:20:00Z,2024-11-07T12:08:00Z,2662.43,True,False,INITIAL_CONFIRMATION_STOP,1fc7172ade34b6edf4cf8a57c5c06c3bfc1fbb35448aee18254d8f9dae10cf7a,a62cdbbb825f17b8643c04d94e3708264b18e8c7f55025588dd3755705a5167f,2667.66,7.796428571428545,0.38982142857142726,NOT_STRICTLY_CLOSER_THAN_CONTROL,H1_SOURCE_SWING_BUFFERED_ELSE_CONTROL,False,a62cdbbb825f17b8643c04d94e3708264b18e8c7f55025588dd3755705a5167f,2024-11-07T12:00:00Z,2667.66,2652.78,ee27ea7c267b9caa83c45e45ca524d3ef1301a26ce97beff6e09fc168bdc14ee
8a1ef018c1e0f0236c6a7fb6a71f3f5d4ecfe69085d91e351b85e5a27b7a3d6f,2662.43,2024-11-07T12:05:00Z,2802f78fbee9b60549c64568da0ba5917e566a9d350f4e8d711cc2e0c0650867,2024-11-07T12:05:00Z,2660.93,2667.66,2024-12-01T00:00:00Z,2024-11-07T12:00:00Z,0.0,SHORT,1.0,-50.0,CONTROL_V2_FILLED_STOP,2024-11-07T12:08:00Z,M5_BROKEN_CONTROL_FIRST_RETEST,2662.43,True,3bdec12e9c6c3c9def022227dc5509879d722d094d4d6f4f2636db37d62b391a,1.0956022944550665,0.10516252390052108,2024_11,-1.0,-1.0,STOP,2024-11-07T12:24:00Z,STOP,9a6c8fa608afae56ec3e2016432fe23a8a5d5767869cc98fd6726d86b6e49510,2024-11-07T12:24:00Z,FIRST_RETEST_FILLED,2024-11-07T12:20:00Z,2024-11-07T12:08:00Z,2662.43,True,True,INITIAL_CONFIRMATION_STOP,647be4f5f09d7462338cd7773c41fb8ce69b209ea6635c167125e3e3e2be762b,a62cdbbb825f17b8643c04d94e3708264b18e8c7f55025588dd3755705a5167f,2667.66,,,,CONTROL_V2_FILLED_STOP,False,,2024-11-07T12:05:00Z,2667.66,2652.78,ee27ea7c267b9caa83c45e45ca524d3ef1301a26ce97beff6e09fc168bdc14ee
8a1ef018c1e0f0236c6a7fb6a71f3f5d4ecfe69085d91e351b85e5a27b7a3d6f,2662.43,2024-11-07T12:05:00Z,2802f78fbee9b60549c64568da0ba5917e566a9d350f4e8d711cc2e0c0650867,2024-11-07T12:05:00Z,2660.93,2667.66,2024-12-01T00:00:00Z,2024-11-07T12:00:00Z,0.0,SHORT,0.7793833580981252,-50.0,M5_LATEST_CONFIRMED_OPPOSING_SWING_ELSE_CONTROL,2024-11-07T12:08:00Z,M5_BROKEN_CONTROL_FIRST_RETEST,2662.43,True,60e041c5c19041d0ea0e4794f550ea4895edad077e1e99ee6c4f44196bb923fb,1.062679393898831,0.1468526800613227,2024_11,-1.0,-1.0,STOP,2024-11-07T12:24:00Z,STOP,e42a8249d491d0535bed08fa614fab91b5ec2593419c256bad85415217f9bb6b,2024-11-07T12:19:00Z,FIRST_RETEST_FILLED,2024-11-07T12:20:00Z,2024-11-07T12:08:00Z,2662.43,True,True,INITIAL_CONFIRMATION_STOP,0462f79f39205d041a835f69052709df0afeadc1f6e0579e9639ec7d7f625f2d,a62cdbbb825f17b8643c04d94e3708264b18e8c7f55025588dd3755705a5167f,2666.1752500000002,2.1049999999999858,0.10524999999999929,,M5_LATEST_CONFIRMED_OPPOSING_SWING_ELSE_CONTROL,True,1775f4219e8031985de43eb9a60bd82b7f958debb800f6ea8ec8c7da7c8c920c,2024-11-07T11:40:00Z,2666.07,2652.78,ee27ea7c267b9caa83c45e45ca524d3ef1301a26ce97beff6e09fc168bdc14ee
8a1ef018c1e0f0236c6a7fb6a71f3f5d4ecfe69085d91e351b85e5a27b7a3d6f,2662.43,2024-11-07T12:05:00Z,2802f78fbee9b60549c64568da0ba5917e566a9d350f4e8d711cc2e0c0650867,2024-11-07T12:05:00Z,2660.93,2667.66,2024-12-01T00:00:00Z,2024-11-07T12:00:00Z,0.0,SHORT,0.7938601146253587,-50.0,M15_LATEST_CONFIRMED_OPPOSING_SWING_ELSE_CONTROL,2024-11-07T12:08:00Z,M5_BROKEN_CONTROL_FIRST_RETEST,2662.43,True,182a5885e90cdfe50d9780d64c54514bf455282815b5f8c71173522cf43d675f,1.0357358613318224,0.14312932757090882,2024_11,-1.0,-1.0,STOP,2024-11-07T12:24:00Z,STOP,33a5b5f7e958ea0ecc5bf8694e6ccf697cbf596c2edbc84ba3811f32c2a204f3,2024-11-07T12:19:00Z,FIRST_RETEST_FILLED,2024-11-07T12:20:00Z,2024-11-07T12:08:00Z,2662.43,True,True,INITIAL_CONFIRMATION_STOP,0348e47790cb8f68f65c7686379adf1e40f1e0f38bc2799c2a8f9fa9c0025d35,a62cdbbb825f17b8643c04d94e3708264b18e8c7f55025588dd3755705a5167f,2666.2726785714285,4.053571428571396,0.20267857142856982,,M15_LATEST_CONFIRMED_OPPOSING_SWING_ELSE_CONTROL,True,9fd14b51e4964382c72f8eb4c1653f3a013036ac0f186eedcdb3dad1f5bbe66a,2024-11-07T12:00:00Z,2666.07,2652.78,ee27ea7c267b9caa83c45e45ca524d3ef1301a26ce97beff6e09fc168bdc14ee
8a1ef018c1e0f0236c6a7fb6a71f3f5d4ecfe69085d91e351b85e5a27b7a3d6f,2662.43,2024-11-07T12:05:00Z,2802f78fbee9b60549c64568da0ba5917e566a9d350f4e8d711cc2e0c0650867,2024-11-07T12:05:00Z,2660.93,2667.66,2024-12-01T00:00:00Z,2024-11-07T12:00:00Z,0.0,SHORT,1.0,-50.0,CONTROL_V2_FILLED_STOP,2024-11-07T12:08:00Z,M5_BROKEN_CONTROL_FIRST_RETEST,2662.43,True,207a89ea307acd290ea1c1955a8db8ea247056cac5c313600e80fa8c8a661683,1.0956022944550665,0.10516252390052108,2024_11,-1.0,-1.0,STOP,2024-11-07T12:24:00Z,STOP,d3ddd5cf2bdaa1ee91032a1b0bb35713ebcb85e41bd3970b77ef230c7152250a,2024-11-07T12:24:00Z,FIRST_RETEST_FILLED,2024-11-07T12:20:00Z,2024-11-07T12:08:00Z,2662.43,True,True,INITIAL_CONFIRMATION_STOP,54c574155f30dde9c6f8c17cefe6672dd0000e9e81413bfd49c2eda397a502a2,a62cdbbb825f17b8643c04d94e3708264b18e8c7f55025588dd3755705a5167f,2667.66,7.796428571428545,0.38982142857142726,NOT_STRICTLY_CLOSER_THAN_CONTROL,H1_SOURCE_SWING_BUFFERED_ELSE_CONTROL,False,a62cdbbb825f17b8643c04d94e3708264b18e8c7f55025588dd3755705a5167f,2024-11-07T12:00:00Z,2667.66,2652.78,ee27ea7c267b9caa83c45e45ca524d3ef1301a26ce97beff6e09fc168bdc14ee
8a1ef018c1e0f0236c6a7fb6a71f3f5d4ecfe69085d91e351b85e5a27b7a3d6f,2662.43,2024-11-07T12:05:00Z,2802f78fbee9b60549c64568da0ba5917e566a9d350f4e8d711cc2e0c0650867,2024-11-07T12:05:00Z,2660.93,2667.66,2024-12-01T00:00:00Z,2024-11-07T12:00:00Z,0.0,SHORT,1.0,-50.0,CONTROL_V2_FILLED_STOP,2024-11-07T12:05:00Z,CONFIRMED_25_75_RETEST_SPLIT,2660.93,True,3bdec12e9c6c3c9def022227dc5509879d722d094d4d6f4f2636db37d62b391a,1.0902752721043014,0.11044693007248987,2024_11,-1.0,-1.0,STOP,2024-11-07T12:24:00Z,SPLIT_STOP_STOP,c120d530e3e49fed79c1da8d82880430069cfe915d15d67926d990006eb72b0f,2024-11-07T12:24:00Z,FIRST_RETEST_FILLED,2024-11-07T12:20:00Z,2024-11-07T12:08:00Z,2662.43,True,True,INITIAL_CONFIRMATION_STOP,6e1acfe399a380abb72c70dff716bfd12f433a85311282d5c44c0a586292996a,a62cdbbb825f17b8643c04d94e3708264b18e8c7f55025588dd3755705a5167f,2667.66,,,,CONTROL_V2_FILLED_STOP,False,,2024-11-07T12:05:00Z,2667.66,2652.78,ee27ea7c267b9caa83c45e45ca524d3ef1301a26ce97beff6e09fc168bdc14ee
8a1ef018c1e0f0236c6a7fb6a71f3f5d4ecfe69085d91e351b85e5a27b7a3d6f,2662.43,2024-11-07T12:05:00Z,2802f78fbee9b60549c64568da0ba5917e566a9d350f4e8d711cc2e0c0650867,2024-11-07T12:05:00Z,2660.93,2667.66,2024-12-01T00:00:00Z,2024-11-07T12:00:00Z,0.0,SHORT,0.7793833580981252,-50.0,M5_LATEST_CONFIRMED_OPPOSING_SWING_ELSE_CONTROL,2024-11-07T12:05:00Z,CONFIRMED_25_75_RETEST_SPLIT,2660.93,True,60e041c5c19041d0ea0e4794f550ea4895edad077e1e99ee6c4f44196bb923fb,1.0581982399572534,0.1506523550009439,2024_11,-1.0,-1.0,STOP,2024-11-07T12:24:00Z,SPLIT_STOP_STOP,55e1577b83f314c31d48cb9afa13e1b76ad7f54cbd15b13749ff46b41976581e,2024-11-07T12:19:00Z,FIRST_RETEST_FILLED,2024-11-07T12:20:00Z,2024-11-07T12:08:00Z,2662.43,True,True,INITIAL_CONFIRMATION_STOP,03f37908859476afce66d2436fc2bfecf08cc952659fd247ea12fd6d640253ce,a62cdbbb825f17b8643c04d94e3708264b18e8c7f55025588dd3755705a5167f,2666.1752500000002,2.1049999999999858,0.10524999999999929,,M5_LATEST_CONFIRMED_OPPOSING_SWING_ELSE_CONTROL,True,1775f4219e8031985de43eb9a60bd82b7f958debb800f6ea8ec8c7da7c8c920c,2024-11-07T11:40:00Z,2666.07,2652.78,ee27ea7c267b9caa83c45e45ca524d3ef1301a26ce97beff6e09fc168bdc14ee
8a1ef018c1e0f0236c6a7fb6a71f3f5d4ecfe69085d91e351b85e5a27b7a3d6f,2662.43,2024-11-07T12:05:00Z,2802f78fbee9b60549c64568da0ba5917e566a9d350f4e8d711cc2e0c0650867,2024-11-07T12:05:00Z,2660.93,2667.66,2024-12-01T00:00:00Z,2024-11-07T12:00:00Z,0.0,SHORT,0.7938601146253587,-50.0,M15_LATEST_CONFIRMED_OPPOSING_SWING_ELSE_CONTROL,2024-11-07T12:05:00Z,CONFIRMED_25_75_RETEST_SPLIT,2660.93,True,182a5885e90cdfe50d9780d64c54514bf455282815b5f8c71173522cf43d675f,1.0332275786754226,0.147121052297716,2024_11,-1.0,-1.0,STOP,2024-11-07T12:24:00Z,SPLIT_STOP_STOP,4b8c3021e139ffbe7c9729b9866d8a04083cb451cd2694c50181386eb163f40f,2024-11-07T12:19:00Z,FIRST_RETEST_FILLED,2024-11-07T12:20:00Z,2024-11-07T12:08:00Z,2662.43,True,True,INITIAL_CONFIRMATION_STOP,ed07151b15a19e3804801006044094d82819b39b621111534e638be962f85d06,a62cdbbb825f17b8643c04d94e3708264b18e8c7f55025588dd3755705a5167f,2666.2726785714285,4.053571428571396,0.20267857142856982,,M15_LATEST_CONFIRMED_OPPOSING_SWING_ELSE_CONTROL,True,9fd14b51e4964382c72f8eb4c1653f3a013036ac0f186eedcdb3dad1f5bbe66a,2024-11-07T12:00:00Z,2666.07,2652.78,ee27ea7c267b9caa83c45e45ca524d3ef1301a26ce97beff6e09fc168bdc14ee
8a1ef018c1e0f0236c6a7fb6a71f3f5d4ecfe69085d91e351b85e5a27b7a3d6f,2662.43,2024-11-07T12:05:00Z,2802f78fbee9b60549c64568da0ba5917e566a9d350f4e8d711cc2e0c0650867,2024-11-07T12:05:00Z,2660.93,2667.66,2024-12-01T00:00:00Z,2024-11-07T12:00:00Z,0.0,SHORT,1.0,-50.0,CONTROL_V2_FILLED_STOP,2024-11-07T12:05:00Z,CONFIRMED_25_75_RETEST_SPLIT,2660.93,True,207a89ea307acd290ea1c1955a8db8ea247056cac5c313600e80fa8c8a661683,1.0902752721043014,0.11044693007248987,2024_11,-1.0,-1.0,STOP,2024-11-07T12:24:00Z,SPLIT_STOP_STOP,793e6bb2791027ca0e4414b48d0672bfcd92ddadcd2ada4c633a08ae7870dc5a,2024-11-07T12:24:00Z,FIRST_RETEST_FILLED,2024-11-07T12:20:00Z,2024-11-07T12:08:00Z,2662.43,True,True,INITIAL_CONFIRMATION_STOP,b29aece94ed9a07ecbe4d44734fec892c453da3e8a5b429b26c7b37c13855368,a62cdbbb825f17b8643c04d94e3708264b18e8c7f55025588dd3755705a5167f,2667.66,7.796428571428545,0.38982142857142726,NOT_STRICTLY_CLOSER_THAN_CONTROL,H1_SOURCE_SWING_BUFFERED_ELSE_CONTROL,False,a62cdbbb825f17b8643c04d94e3708264b18e8c7f55025588dd3755705a5167f,2024-11-07T12:00:00Z,2667.66,2652.78,ee27ea7c267b9caa83c45e45ca524d3ef1301a26ce97beff6e09fc168bdc14ee
f1c2a9b391b35d5dd759d6a31f5d899d040032024a2732e2f4efee1526897bbc,2666.72,2024-11-07T12:25:00Z,98cc7bbb86c6facd59bea3d699155cae721d9cd1cf17d59ad29833a0d10725c0,2024-11-07T12:25:00Z,2667.62,2652.78,2024-12-01T00:00:00Z,2024-11-07T11:00:00Z,0.0,LONG,1.0,35.95013477089048,CONTROL_V2_FILLED_STOP,2024-11-07T12:25:00Z,CONTROL_NEXT_M1_OPEN,2667.62,True,b7df961d8dba40c62299f5da026de81f502a773e114805521cd6dbc6aeb80d60,0.25471698113206365,0.7466307277628139,2024_11,0.7190026954178096,0.7190026954178096,TARGET,2024-11-07T15:12:00Z,TARGET,18284d0b27f88a52f65a370e32a3dfd75fec55dba4885faa7aa276ad24dbc389,2024-11-07T15:12:00Z,FIRST_RETEST_FILLED,2024-11-07T12:40:00Z,2024-11-07T12:25:00Z,2666.72,True,False,INITIAL_CONFIRMATION_TARGET,a31c6f59f2c5c742640e97234a0a7157b877ccebbeb956980d7e48527f377f1e,a81ba2f6bbb99935de14175cd0fed1533c263b3a8623200c5ce9704884e702de,2652.78,,,,CONTROL_V2_FILLED_STOP,False,,2024-11-07T12:25:00Z,2652.78,2678.29,6d8b346bdb7871aa362f04521f2f1792e351fee440dc8997c651cafed698d10f
f1c2a9b391b35d5dd759d6a31f5d899d040032024a2732e2f4efee1526897bbc,2666.72,2024-11-07T12:25:00Z,98cc7bbb86c6facd59bea3d699155cae721d9cd1cf17d59ad29833a0d10725c0,2024-11-07T12:25:00Z,2667.62,2652.78,2024-12-01T00:00:00Z,2024-11-07T11:00:00Z,0.6337216795199526,LONG,0.5315219484020094,67.6362187468881,M5_LATEST_CONFIRMED_OPPOSING_SWING_ELSE_CONTROL,2024-11-07T12:25:00Z,CONTROL_NEXT_M1_OPEN,2667.62,True,f327c84b45ff2d352084265ef65480ecff7817ffc102aa012d03bca32305f2fb,0.47922194351118663,1.4047034746307594,2024_11,1.3527243749377622,0.7190026954178096,TARGET,2024-11-07T15:12:00Z,TARGET,c4c5d6f03e25a04b1f74ee6dd0b7d03a9d4dde0763b078effd117838e71d2e5a,2024-11-07T15:12:00Z,FIRST_RETEST_FILLED,2024-11-07T12:40:00Z,2024-11-07T12:25:00Z,2666.72,True,False,INITIAL_CONFIRMATION_TARGET,e05a3e96f37443262f2f9535b9316fb2d2b5df373a21f3c4295142638b8c0022,a81ba2f6bbb99935de14175cd0fed1533c263b3a8623200c5ce9704884e702de,2659.7322142857142,2.155714285714274,0.10778571428571371,,M5_LATEST_CONFIRMED_OPPOSING_SWING_ELSE_CONTROL,True,d3746053e34a5e30e25b934f057d8b28e19b42d7441747210ec9ea5a055f4818,2024-11-07T12:15:00Z,2659.84,2678.29,6d8b346bdb7871aa362f04521f2f1792e351fee440dc8997c651cafed698d10f
f1c2a9b391b35d5dd759d6a31f5d899d040032024a2732e2f4efee1526897bbc,2666.72,2024-11-07T12:25:00Z,98cc7bbb86c6facd59bea3d699155cae721d9cd1cf17d59ad29833a0d10725c0,2024-11-07T12:25:00Z,2667.62,2652.78,2024-12-01T00:00:00Z,2024-11-07T11:00:00Z,0.30464929853811606,LONG,0.7023897766654152,51.182599697796284,M15_LATEST_CONFIRMED_OPPOSING_SWING_ELSE_CONTROL,2024-11-07T12:25:00Z,CONTROL_NEXT_M1_OPEN,2667.62,True,2780d13bd8e5b87e15a4213af9fede57e6f483f3ed580a4b31e432a999d15e66,0.36264334931144443,1.0629863254949865,2024_11,1.0236519939559257,0.7190026954178096,TARGET,2024-11-07T15:12:00Z,TARGET,97e6246f739bc062b3ab76f739d4ca4db6856ef05aa4f810a4718d60993000f6,2024-11-07T15:12:00Z,FIRST_RETEST_FILLED,2024-11-07T12:40:00Z,2024-11-07T12:25:00Z,2666.72,True,False,INITIAL_CONFIRMATION_TARGET,95289dc043a68cf2c6e67d2f9af49739627c3db347ecd3fbc8e4869dab57adb8,a81ba2f6bbb99935de14175cd0fed1533c263b3a8623200c5ce9704884e702de,2657.1965357142853,4.26928571428568,0.21346428571428402,,M15_LATEST_CONFIRMED_OPPOSING_SWING_ELSE_CONTROL,True,fe9993c593e7012137321b58e54078b29e3a1338c0c1415b27f30bfc7193418a,2024-11-07T11:30:00Z,2657.41,2678.29,6d8b346bdb7871aa362f04521f2f1792e351fee440dc8997c651cafed698d10f
f1c2a9b391b35d5dd759d6a31f5d899d040032024a2732e2f4efee1526897bbc,2666.72,2024-11-07T12:25:00Z,98cc7bbb86c6facd59bea3d699155cae721d9cd1cf17d59ad29833a0d10725c0,2024-11-07T12:25:00Z,2667.62,2652.78,2024-12-01T00:00:00Z,2024-11-07T11:00:00Z,0.0,LONG,1.0,35.95013477089048,CONTROL_V2_FILLED_STOP,2024-11-07T12:25:00Z,CONTROL_NEXT_M1_OPEN,2667.62,True,5f108ec3cdcf245c5916d37c9015204117c78e67c2b522468dd50751808547df,0.25471698113206365,0.7466307277628139,2024_11,0.7190026954178096,0.7190026954178096,TARGET,2024-11-07T15:12:00Z,TARGET,1b67064789caaf974f0e6bd372260a55dbfa4171f0e24e502ddc3f72d84ed72d,2024-11-07T15:12:00Z,FIRST_RETEST_FILLED,2024-11-07T12:40:00Z,2024-11-07T12:25:00Z,2666.72,True,False,INITIAL_CONFIRMATION_TARGET,bdac3cc714785a5bc537b94c41e5fcf76da3fd97edb3cc5c890d0c7a46a31f55,a81ba2f6bbb99935de14175cd0fed1533c263b3a8623200c5ce9704884e702de,2652.78,7.796428571428545,0.38982142857142726,NOT_STRICTLY_CLOSER_THAN_CONTROL,H1_SOURCE_SWING_BUFFERED_ELSE_CONTROL,False,a81ba2f6bbb99935de14175cd0fed1533c263b3a8623200c5ce9704884e702de,2024-11-07T11:00:00Z,2652.78,2678.29,6d8b346bdb7871aa362f04521f2f1792e351fee440dc8997c651cafed698d10f
f1c2a9b391b35d5dd759d6a31f5d899d040032024a2732e2f4efee1526897bbc,2666.72,2024-11-07T12:25:00Z,98cc7bbb86c6facd59bea3d699155cae721d9cd1cf17d59ad29833a0d10725c0,2024-11-07T12:25:00Z,2667.62,2652.78,2024-12-01T00:00:00Z,2024-11-07T11:00:00Z,0.11098295737993047,LONG,1.0,41.499282639887,CONTROL_V2_FILLED_STOP,2024-11-07T12:25:00Z,M5_BROKEN_CONTROL_FIRST_RETEST,2666.72,True,b7df961d8dba40c62299f5da026de81f502a773e114805521cd6dbc6aeb80d60,0.20659971305593522,0.8593974175036128,2024_11,0.8299856527977401,0.7190026954178096,TARGET,2024-11-07T15:12:00Z,TARGET,744eeb8682b5cff46f9e850ddbe30c5d12ad27b668ba40061e416ddb0fd4cf28,2024-11-07T15:12:00Z,FIRST_RETEST_FILLED,2024-11-07T12:40:00Z,2024-11-07T12:25:00Z,2666.72,True,True,INITIAL_CONFIRMATION_TARGET,533b2b3e3d77c58bafaf681bb1fc436185de8aea274dafeea9fdef0c3680d157,a81ba2f6bbb99935de14175cd0fed1533c263b3a8623200c5ce9704884e702de,2652.78,,,,CONTROL_V2_FILLED_STOP,False,,2024-11-07T12:25:00Z,2652.78,2678.29,6d8b346bdb7871aa362f04521f2f1792e351fee440dc8997c651cafed698d10f
f1c2a9b391b35d5dd759d6a31f5d899d040032024a2732e2f4efee1526897bbc,2666.72,2024-11-07T12:25:00Z,98cc7bbb86c6facd59bea3d699155cae721d9cd1cf17d59ad29833a0d10725c0,2024-11-07T12:25:00Z,2667.62,2652.78,2024-12-01T00:00:00Z,2024-11-07T11:00:00Z,0.9367435556938829,LONG,0.5315219484020094,82.78731255558462,M5_LATEST_CONFIRMED_OPPOSING_SWING_ELSE_CONTROL,2024-11-07T12:25:00Z,M5_BROKEN_CONTROL_FIRST_RETEST,2666.72,True,f327c84b45ff2d352084265ef65480ecff7817ffc102aa012d03bca32305f2fb,0.4121477271565285,1.714420059491601,2024_11,1.6557462511116925,0.7190026954178096,TARGET,2024-11-07T15:12:00Z,TARGET,3fd20e7a8e4bb36f2f3900dc6022c3be44aa4b1be61eff18bccf9b47cba7315c,2024-11-07T15:12:00Z,FIRST_RETEST_FILLED,2024-11-07T12:40:00Z,2024-11-07T12:25:00Z,2666.72,True,True,INITIAL_CONFIRMATION_TARGET,bef2cc416754f1ea7e8bd50cb7a279178aef9f95b76a4de50af5e09b2a43964c,a81ba2f6bbb99935de14175cd0fed1533c263b3a8623200c5ce9704884e702de,2659.7322142857142,2.155714285714274,0.10778571428571371,,M5_LATEST_CONFIRMED_OPPOSING_SWING_ELSE_CONTROL,True,d3746053e34a5e30e25b934f057d8b28e19b42d7441747210ec9ea5a055f4818,2024-11-07T12:15:00Z,2659.84,2678.29,6d8b346bdb7871aa362f04521f2f1792e351fee440dc8997c651cafed698d10f
f1c2a9b391b35d5dd759d6a31f5d899d040032024a2732e2f4efee1526897bbc,2666.72,2024-11-07T12:25:00Z,98cc7bbb86c6facd59bea3d699155cae721d9cd1cf17d59ad29833a0d10725c0,2024-11-07T12:25:00Z,2667.62,2652.78,2024-12-01T00:00:00Z,2024-11-07T11:00:00Z,0.4958913444911329,LONG,0.7023897766654152,60.74470199544712,M15_LATEST_CONFIRMED_OPPOSING_SWING_ELSE_CONTROL,2024-11-07T12:25:00Z,M5_BROKEN_CONTROL_FIRST_RETEST,2666.72,True,2780d13bd8e5b87e15a4213af9fede57e6f483f3ed580a4b31e432a999d15e66,0.3024109623973453,1.257945600527999,2024_11,1.2148940399089425,0.7190026954178096,TARGET,2024-11-07T15:12:00Z,TARGET,f2dc075830a514f209e5cff58f14194c28366f8be8a3fb7c6170a1ecd9491b5c,2024-11-07T15:12:00Z,FIRST_RETEST_FILLED,2024-11-07T12:40:00Z,2024-11-07T12:25:00Z,2666.72,True,True,INITIAL_CONFIRMATION_TARGET,7a400c111c85cd21f132c9eeb668ad83d2801fde7c11a6fafe9d36225393b9ff,a81ba2f6bbb99935de14175cd0fed1533c263b3a8623200c5ce9704884e702de,2657.1965357142853,4.26928571428568,0.21346428571428402,,M15_LATEST_CONFIRMED_OPPOSING_SWING_ELSE_CONTROL,True,fe9993c593e7012137321b58e54078b29e3a1338c0c1415b27f30bfc7193418a,2024-11-07T11:30:00Z,2657.41,2678.29,6d8b346bdb7871aa362f04521f2f1792e351fee440dc8997c651cafed698d10f
f1c2a9b391b35d5dd759d6a31f5d899d040032024a2732e2f4efee1526897bbc,2666.72,2024-11-07T12:25:00Z,98cc7bbb86c6facd59bea3d699155cae721d9cd1cf17d59ad29833a0d10725c0,2024-11-07T12:25:00Z,2667.62,2652.78,2024-12-01T00:00:00Z,2024-11-07T11:00:00Z,0.11098295737993047,LONG,1.0,41.499282639887,CONTROL_V2_FILLED_STOP,2024-11-07T12:25:00Z,M5_BROKEN_CONTROL_FIRST_RETEST,2666.72,True,5f108ec3cdcf245c5916d37c9015204117c78e67c2b522468dd50751808547df,0.20659971305593522,0.8593974175036128,2024_11,0.8299856527977401,0.7190026954178096,TARGET,2024-11-07T15:12:00Z,TARGET,119b89730da1a4648313bdd84bdebcabd54b2435a2415b8476687fd920c8a6fc,2024-11-07T15:12:00Z,FIRST_RETEST_FILLED,2024-11-07T12:40:00Z,2024-11-07T12:25:00Z,2666.72,True,True,INITIAL_CONFIRMATION_TARGET,cdaaa83e07d493d88d9fc9546eb48861590def2262eb179b62c4854d759d9e16,a81ba2f6bbb99935de14175cd0fed1533c263b3a8623200c5ce9704884e702de,2652.78,7.796428571428545,0.38982142857142726,NOT_STRICTLY_CLOSER_THAN_CONTROL,H1_SOURCE_SWING_BUFFERED_ELSE_CONTROL,False,a81ba2f6bbb99935de14175cd0fed1533c263b3a8623200c5ce9704884e702de,2024-11-07T11:00:00Z,2652.78,2678.29,6d8b346bdb7871aa362f04521f2f1792e351fee440dc8997c651cafed698d10f
f1c2a9b391b35d5dd759d6a31f5d899d040032024a2732e2f4efee1526897bbc,2666.72,2024-11-07T12:25:00Z,98cc7bbb86c6facd59bea3d699155cae721d9cd1cf17d59ad29833a0d10725c0,2024-11-07T12:25:00Z,2667.62,2652.78,2024-12-01T00:00:00Z,2024-11-07T11:00:00Z,0.08323721803494788,LONG,1.0,40.111995672637875,CONTROL_V2_FILLED_STOP,2024-11-07T12:25:00Z,CONFIRMED_25_75_RETEST_SPLIT,2667.62,True,b7df961d8dba40c62299f5da026de81f502a773e114805521cd6dbc6aeb80d60,0.21862903007496734,0.8312057450684132,2024_11,0.8022399134527575,0.7190026954178096,TARGET,2024-11-07T15:12:00Z,SPLIT_TARGET_TARGET,20bfda6561de03af64aa6600d718ab5291b7165b4c127bd463816d43987d2e56,2024-11-07T15:12:00Z,FIRST_RETEST_FILLED,2024-11-07T12:40:00Z,2024-11-07T12:25:00Z,2666.72,True,True,INITIAL_CONFIRMATION_TARGET,16e00fa8165a01074098fd57453fed780afa3dfc58fdb77bb608f7d09144e6b6,a81ba2f6bbb99935de14175cd0fed1533c263b3a8623200c5ce9704884e702de,2652.78,,,,CONTROL_V2_FILLED_STOP,False,,2024-11-07T12:25:00Z,2652.78,2678.29,6d8b346bdb7871aa362f04521f2f1792e351fee440dc8997c651cafed698d10f
f1c2a9b391b35d5dd759d6a31f5d899d040032024a2732e2f4efee1526897bbc,2666.72,2024-11-07T12:25:00Z,98cc7bbb86c6facd59bea3d699155cae721d9cd1cf17d59ad29833a0d10725c0,2024-11-07T12:25:00Z,2667.62,2652.78,2024-12-01T00:00:00Z,2024-11-07T11:00:00Z,0.8609880866504004,LONG,0.5315219484020094,78.9995391034105,M5_LATEST_CONFIRMED_OPPOSING_SWING_ELSE_CONTROL,2024-11-07T12:25:00Z,CONFIRMED_25_75_RETEST_SPLIT,2667.62,True,f327c84b45ff2d352084265ef65480ecff7817ffc102aa012d03bca32305f2fb,0.42891628124519304,1.6369909132763905,2024_11,1.57999078206821,0.7190026954178096,TARGET,2024-11-07T15:12:00Z,SPLIT_TARGET_TARGET,46a42750bfaff6a9eb66c80bebd090dd5a0e34fa1851c1a99f7ca883c69b9d7b,2024-11-07T15:12:00Z,FIRST_RETEST_FILLED,2024-11-07T12:40:00Z,2024-11-07T12:25:00Z,2666.72,True,True,INITIAL_CONFIRMATION_TARGET,b1d0b2925b0a0f0d31fd7981af7f860eb79836dd8703f9b58c94f065e3d1689c,a81ba2f6bbb99935de14175cd0fed1533c263b3a8623200c5ce9704884e702de,2659.7322142857142,2.155714285714274,0.10778571428571371,,M5_LATEST_CONFIRMED_OPPOSING_SWING_ELSE_CONTROL,True,d3746053e34a5e30e25b934f057d8b28e19b42d7441747210ec9ea5a055f4818,2024-11-07T12:15:00Z,2659.84,2678.29,6d8b346bdb7871aa362f04521f2f1792e351fee440dc8997c651cafed698d10f
f1c2a9b391b35d5dd759d6a31f5d899d040032024a2732e2f4efee1526897bbc,2666.72,2024-11-07T12:25:00Z,98cc7bbb86c6facd59bea3d699155cae721d9cd1cf17d59ad29833a0d10725c0,2024-11-07T12:25:00Z,2667.62,2652.78,2024-12-01T00:00:00Z,2024-11-07T11:00:00Z,0.4480808330028788,LONG,0.7023897766654152,58.354176421034424,M15_LATEST_CONFIRMED_OPPOSING_SWING_ELSE_CONTROL,2024-11-07T12:25:00Z,CONFIRMED_25_75_RETEST_SPLIT,2667.62,True,2780d13bd8e5b87e15a4213af9fede57e6f483f3ed580a4b31e432a999d15e66,0.3174690591258701,1.2092057817697457,2024_11,1.1670835284206884,0.7190026954178096,TARGET,2024-11-07T15:12:00Z,SPLIT_TARGET_TARGET,6f68bf076ef04b3aa70d55d46f07b7d6520e4fd5f9478065fb977aa6c95d51f1,2024-11-07T15:12:00Z,FIRST_RETEST_FILLED,2024-11-07T12:40:00Z,2024-11-07T12:25:00Z,2666.72,True,True,INITIAL_CONFIRMATION_TARGET,22ccffd2e3aa313c54b899b74c833ac19b653677b4968efc4d354d080e6cd251,a81ba2f6bbb99935de14175cd0fed1533c263b3a8623200c5ce9704884e702de,2657.1965357142853,4.26928571428568,0.21346428571428402,,M15_LATEST_CONFIRMED_OPPOSING_SWING_ELSE_CONTROL,True,fe9993c593e7012137321b58e54078b29e3a1338c0c1415b27f30bfc7193418a,2024-11-07T11:30:00Z,2657.41,2678.29,6d8b346bdb7871aa362f04521f2f1792e351fee440dc8997c651cafed698d10f
f1c2a9b391b35d5dd759d6a31f5d899d040032024a2732e2f4efee1526897bbc,2666.72,2024-11-07T12:25:00Z,98cc7bbb86c6facd59bea3d699155cae721d9cd1cf17d59ad29833a0d10725c0,2024-11-07T12:25:00Z,2667.62,2652.78,2024-12-01T00:00:00Z,2024-11-07T11:00:00Z,0.08323721803494788,LONG,1.0,40.111995672637875,CONTROL_V2_FILLED_STOP,2024-11-07T12:25:00Z,CONFIRMED_25_75_RETEST_SPLIT,2667.62,True,5f108ec3cdcf245c5916d37c9015204117c78e67c2b522468dd50751808547df,0.21862903007496734,0.8312057450684132,2024_11,0.8022399134527575,0.7190026954178096,TARGET,2024-11-07T15:12:00Z,SPLIT_TARGET_TARGET,18abbf051c225496984cd0bfeccb4de547842762acadfcbad596a02fce15f26e,2024-11-07T15:12:00Z,FIRST_RETEST_FILLED,2024-11-07T12:40:00Z,2024-11-07T12:25:00Z,2666.72,True,True,INITIAL_CONFIRMATION_TARGET,0dc3d3528ef0ac65e9a647bccdc477a59b9d6ea1d52f88d0759eced6803f47aa,a81ba2f6bbb99935de14175cd0fed1533c263b3a8623200c5ce9704884e702de,2652.78,7.796428571428545,0.38982142857142726,NOT_STRICTLY_CLOSER_THAN_CONTROL,H1_SOURCE_SWING_BUFFERED_ELSE_CONTROL,False,a81ba2f6bbb99935de14175cd0fed1533c263b3a8623200c5ce9704884e702de,2024-11-07T11:00:00Z,2652.78,2678.29,6d8b346bdb7871aa362f04521f2f1792e351fee440dc8997c651cafed698d10f
fc5d229d119a1ad5bc95fca51f8cae2c9ac743ab17f9c71737b5ac18e26712e3,2696.06,2024-11-08T05:30:00Z,c382996d89b4a55a26a06eead6a06bca5608d6d1ae3c23dfbe274c2be80c16c2,2024-11-08T05:30:00Z,2695.56,2710.42,2024-12-01T00:00:00Z,2024-11-08T05:00:00Z,0.0,SHORT,1.0,27.187079407805715,CONTROL_V2_FILLED_STOP,2024-11-08T05:30:00Z,CONTROL_NEXT_M1_OPEN,2695.56,True,7c24e01ad6abdd091ef97d1ca571c1f2dba60cd8326b189e109343a37e95a27a,0.08008075370121429,0.5874831763122438,2024_11,0.5437415881561143,0.5437415881561143,TARGET,2024-11-08T08:29:00Z,TARGET,091606d9c57228d5d776876fa189e81abea502b091f1981f4173f7f496faf084,2024-11-08T08:29:00Z,FIRST_RETEST_FILLED,2024-11-08T05:45:00Z,2024-11-08T05:30:00Z,2696.06,True,False,INITIAL_CONFIRMATION_TARGET,99701a1db138573608d703631825c3d97caed9cfc7fce5a2916d466f4c10b553,70a916c44167bf1d7e00666fe71ff9170f0b7f93491d0f59d919bab91348c465,2710.42,,,,CONTROL_V2_FILLED_STOP,False,,2024-11-08T05:30:00Z,2710.42,2687.48,e7ae0e697bec99bf040dd59c7d863a8ba221783c5f7c0e46165ea322898ba437
fc5d229d119a1ad5bc95fca51f8cae2c9ac743ab17f9c71737b5ac18e26712e3,2696.06,2024-11-08T05:30:00Z,c382996d89b4a55a26a06eead6a06bca5608d6d1ae3c23dfbe274c2be80c16c2,2024-11-08T05:30:00Z,2695.56,2710.42,2024-12-01T00:00:00Z,2024-11-08T05:00:00Z,1.0628597937596487,SHORT,0.3384421265141322,80.33006909578815,M5_LATEST_CONFIRMED_OPPOSING_SWING_ELSE_CONTROL,2024-11-08T05:30:00Z,CONTROL_NEXT_M1_OPEN,2695.56,True,74bfd2e6b4c39ea8bf49df4bcb77dc42146680921c6a6381529b05e7a8d39fba,0.23661579758414145,1.7358453049659366,2024_11,1.606601381915763,0.5437415881561143,TARGET,2024-11-08T08:29:00Z,TARGET,aedb7c1b525c52a055a4c66dc4b91f1140377d3bfe4c2379ce753aa251c3bf0c,2024-11-08T08:29:00Z,FIRST_RETEST_FILLED,2024-11-08T05:45:00Z,2024-11-08T05:30:00Z,2696.06,True,False,INITIAL_CONFIRMATION_TARGET,c57a4de095d7662189612fde2cd94758e6b6d8cd1af2704cdedd711396bb26ee,70a916c44167bf1d7e00666fe71ff9170f0b7f93491d0f59d919bab91348c465,2700.58925,1.7849999999999844,0.08924999999999922,,M5_LATEST_CONFIRMED_OPPOSING_SWING_ELSE_CONTROL,True,d852785903957212e3888dcc4e3e64ffcada072bbaca7be13cdeba1e58e1fed2,2024-11-08T05:25:00Z,2700.5,2687.48,e7ae0e697bec99bf040dd59c7d863a8ba221783c5f7c0e46165ea322898ba437
fc5d229d119a1ad5bc95fca51f8cae2c9ac743ab17f9c71737b5ac18e26712e3,2696.06,2024-11-08T05:30:00Z,c382996d89b4a55a26a06eead6a06bca5608d6d1ae3c23dfbe274c2be80c16c2,2024-11-08T05:30:00Z,2695.56,2710.42,2024-12-01T00:00:00Z,2024-11-08T05:00:00Z,0.8867628568783565,SHORT,0.38010478754088156,71.52522225172355,M15_LATEST_CONFIRMED_OPPOSING_SWING_ELSE_CONTROL,2024-11-08T05:30:00Z,CONTROL_NEXT_M1_OPEN,2695.56,True,608fa2ce10269a2dc4fcaaa591f0f26b1173de4b2bc2e661de97b3829f455da8,0.2106807289097913,1.5455821541028552,2024_11,1.4305044450344708,0.5437415881561143,TARGET,2024-11-08T08:29:00Z,TARGET,523e4591bc30e26215913745727dec3592780a6bf1b383af1c24dd52654d6ed5,2024-11-08T08:29:00Z,FIRST_RETEST_FILLED,2024-11-08T05:45:00Z,2024-11-08T05:30:00Z,2696.06,True,False,INITIAL_CONFIRMATION_TARGET,be61745c126053fcfaea2d642009a93a40d60dc941ab8c91f023aaf78b9df24f,70a916c44167bf1d7e00666fe71ff9170f0b7f93491d0f59d919bab91348c465,2701.2083571428575,3.5671428571428936,0.17835714285714468,,M15_LATEST_CONFIRMED_OPPOSING_SWING_ELSE_CONTROL,True,c92d98446ba26bccb81f8ade65b975061b2515aab71bec626833aa8d1995bfb2,2024-11-08T05:15:00Z,2701.03,2687.48,e7ae0e697bec99bf040dd59c7d863a8ba221783c5f7c0e46165ea322898ba437
fc5d229d119a1ad5bc95fca51f8cae2c9ac743ab17f9c71737b5ac18e26712e3,2696.06,2024-11-08T05:30:00Z,c382996d89b4a55a26a06eead6a06bca5608d6d1ae3c23dfbe274c2be80c16c2,2024-11-08T05:30:00Z,2695.56,2710.42,2024-12-01T00:00:00Z,2024-11-08T05:00:00Z,0.0,SHORT,1.0,27.187079407805715,CONTROL_V2_FILLED_STOP,2024-11-08T05:30:00Z,CONTROL_NEXT_M1_OPEN,2695.56,True,2be48f060ac75797ae4a694f5998676cc1f136bccfdb1716c9f857a046ff9dcc,0.08008075370121429,0.5874831763122438,2024_11,0.5437415881561143,0.5437415881561143,TARGET,2024-11-08T08:29:00Z,TARGET,a0090a133872d7ab680e725960b2364ac5d7656ff8bd550ee504e573ae5951aa,2024-11-08T08:29:00Z,FIRST_RETEST_FILLED,2024-11-08T05:45:00Z,2024-11-08T05:30:00Z,2696.06,True,False,INITIAL_CONFIRMATION_TARGET,ed7509b1a655fb9cc2044ee0ed6840b2c36e9f569a8e6e6eb5eb8d137b7d93ef,70a916c44167bf1d7e00666fe71ff9170f0b7f93491d0f59d919bab91348c465,2710.42,8.63071428571428,0.431535714285714,NOT_STRICTLY_CLOSER_THAN_CONTROL,H1_SOURCE_SWING_BUFFERED_ELSE_CONTROL,False,70a916c44167bf1d7e00666fe71ff9170f0b7f93491d0f59d919bab91348c465,2024-11-08T05:00:00Z,2710.42,2687.48,e7ae0e697bec99bf040dd59c7d863a8ba221783c5f7c0e46165ea322898ba437
fc5d229d119a1ad5bc95fca51f8cae2c9ac743ab17f9c71737b5ac18e26712e3,2696.06,2024-11-08T05:30:00Z,c382996d89b4a55a26a06eead6a06bca5608d6d1ae3c23dfbe274c2be80c16c2,2024-11-08T05:30:00Z,2695.56,2710.42,2024-12-01T00:00:00Z,2024-11-08T05:00:00Z,0.053751448055574524,SHORT,1.0,29.87465181058444,CONTROL_V2_FILLED_STOP,2024-11-08T05:30:00Z,M5_BROKEN_CONTROL_FIRST_RETEST,2696.06,True,7c24e01ad6abdd091ef97d1ca571c1f2dba60cd8326b189e109343a37e95a27a,0.04805013927576939,0.6427576601671264,2024_11,0.5974930362116888,0.5437415881561143,TARGET,2024-11-08T08:29:00Z,TARGET,4a3734c1d4b7bb8f762a8bda70873746c44561e5357ff406b628365eb41a3d3c,2024-11-08T08:29:00Z,FIRST_RETEST_FILLED,2024-11-08T05:45:00Z,2024-11-08T05:30:00Z,2696.06,True,True,INITIAL_CONFIRMATION_TARGET,de96dc3082e5d81040fcbd6562b4e491739062371c3c0af3e71b1a0576f3a937,70a916c44167bf1d7e00666fe71ff9170f0b7f93491d0f59d919bab91348c465,2710.42,,,,CONTROL_V2_FILLED_STOP,False,,2024-11-08T05:30:00Z,2710.42,2687.48,e7ae0e697bec99bf040dd59c7d863a8ba221783c5f7c0e46165ea322898ba437
fc5d229d119a1ad5bc95fca51f8cae2c9ac743ab17f9c71737b5ac18e26712e3,2696.06,2024-11-08T05:30:00Z,c382996d89b4a55a26a06eead6a06bca5608d6d1ae3c23dfbe274c2be80c16c2,2024-11-08T05:30:00Z,2695.56,2710.42,2024-12-01T00:00:00Z,2024-11-08T05:00:00Z,1.3506117816070558,SHORT,0.3384421265141322,94.7176684881585,M5_LATEST_CONFIRMED_OPPOSING_SWING_ELSE_CONTROL,2024-11-08T05:30:00Z,M5_BROKEN_CONTROL_FIRST_RETEST,2696.06,True,74bfd2e6b4c39ea8bf49df4bcb77dc42146680921c6a6381529b05e7a8d39fba,0.15234310316278576,2.0378649886846434,2024_11,1.89435336976317,0.5437415881561143,TARGET,2024-11-08T08:29:00Z,TARGET,d2fcdf68bc4781d626aff2caaa60a58328b5f665489dd2aae6cdd8fcf4fba1fa,2024-11-08T08:29:00Z,FIRST_RETEST_FILLED,2024-11-08T05:45:00Z,2024-11-08T05:30:00Z,2696.06,True,True,INITIAL_CONFIRMATION_TARGET,9803e8019cc00f8cf3112e94525381b9bfb8ae0e6da6ef5048b9a2325e4f4535,70a916c44167bf1d7e00666fe71ff9170f0b7f93491d0f59d919bab91348c465,2700.58925,1.7849999999999844,0.08924999999999922,,M5_LATEST_CONFIRMED_OPPOSING_SWING_ELSE_CONTROL,True,d852785903957212e3888dcc4e3e64ffcada072bbaca7be13cdeba1e58e1fed2,2024-11-08T05:25:00Z,2700.5,2687.48,e7ae0e697bec99bf040dd59c7d863a8ba221783c5f7c0e46165ea322898ba437
fc5d229d119a1ad5bc95fca51f8cae2c9ac743ab17f9c71737b5ac18e26712e3,2696.06,2024-11-08T05:30:00Z,c382996d89b4a55a26a06eead6a06bca5608d6d1ae3c23dfbe274c2be80c16c2,2024-11-08T05:30:00Z,2695.56,2710.42,2024-12-01T00:00:00Z,2024-11-08T05:00:00Z,1.1228094614157258,SHORT,0.38010478754088156,83.327552478592,M15_LATEST_CONFIRMED_OPPOSING_SWING_ELSE_CONTROL,2024-11-08T05:30:00Z,M5_BROKEN_CONTROL_FIRST_RETEST,2696.06,True,608fa2ce10269a2dc4fcaaa591f0f26b1173de4b2bc2e661de97b3829f455da8,0.13402333615439047,1.7928049169636648,2024_11,1.66655104957184,0.5437415881561143,TARGET,2024-11-08T08:29:00Z,TARGET,52570e43e1c1553d9bf4e86f4dfb5eddf48e098e5f782d3c3bfcfe9c644e3c8d,2024-11-08T08:29:00Z,FIRST_RETEST_FILLED,2024-11-08T05:45:00Z,2024-11-08T05:30:00Z,2696.06,True,True,INITIAL_CONFIRMATION_TARGET,2dfd2f8d117ff61af5a5ba74959394d44d9313b82c60315a70f3cb1327acd93f,70a916c44167bf1d7e00666fe71ff9170f0b7f93491d0f59d919bab91348c465,2701.2083571428575,3.5671428571428936,0.17835714285714468,,M15_LATEST_CONFIRMED_OPPOSING_SWING_ELSE_CONTROL,True,c92d98446ba26bccb81f8ade65b975061b2515aab71bec626833aa8d1995bfb2,2024-11-08T05:15:00Z,2701.03,2687.48,e7ae0e697bec99bf040dd59c7d863a8ba221783c5f7c0e46165ea322898ba437
fc5d229d119a1ad5bc95fca51f8cae2c9ac743ab17f9c71737b5ac18e26712e3,2696.06,2024-11-08T05:30:00Z,c382996d89b4a55a26a06eead6a06bca5608d6d1ae3c23dfbe274c2be80c16c2,2024-11-08T05:30:00Z,2695.56,2710.42,2024-12-01T00:00:00Z,2024-11-08T05:00:00Z,0.053751448055574524,SHORT,1.0,29.87465181058444,CONTROL_V2_FILLED_STOP,2024-11-08T05:30:00Z,M5_BROKEN_CONTROL_FIRST_RETEST,2696.06,True,2be48f060ac75797ae4a694f5998676cc1f136bccfdb1716c9f857a046ff9dcc,0.04805013927576939,0.6427576601671264,2024_11,0.5974930362116888,0.5437415881561143,TARGET,2024-11-08T08:29:00Z,TARGET,640f623b37de70d659da5142edd3ba71cbe36815fcde32fb05bf68866c70972f,2024-11-08T08:29:00Z,FIRST_RETEST_FILLED,2024-11-08T05:45:00Z,2024-11-08T05:30:00Z,2696.06,True,True,INITIAL_CONFIRMATION_TARGET,ce91cb4720714c4c1e5a6b450216aa1cfacd0a17d2d36f96f4cb9ca9ed01a4e5,70a916c44167bf1d7e00666fe71ff9170f0b7f93491d0f59d919bab91348c465,2710.42,8.63071428571428,0.431535714285714,NOT_STRICTLY_CLOSER_THAN_CONTROL,H1_SOURCE_SWING_BUFFERED_ELSE_CONTROL,False,70a916c44167bf1d7e00666fe71ff9170f0b7f93491d0f59d919bab91348c465,2024-11-08T05:00:00Z,2710.42,2687.48,e7ae0e697bec99bf040dd59c7d863a8ba221783c5f7c0e46165ea322898ba437
fc5d229d119a1ad5bc95fca51f8cae2c9ac743ab17f9c71737b5ac18e26712e3,2696.06,2024-11-08T05:30:00Z,c382996d89b4a55a26a06eead6a06bca5608d6d1ae3c23dfbe274c2be80c16c2,2024-11-08T05:30:00Z,2695.56,2710.42,2024-12-01T00:00:00Z,2024-11-08T05:00:00Z,0.04031358604168089,SHORT,1.0,29.20275870988976,CONTROL_V2_FILLED_STOP,2024-11-08T05:30:00Z,CONFIRMED_25_75_RETEST_SPLIT,2695.56,True,7c24e01ad6abdd091ef97d1ca571c1f2dba60cd8326b189e109343a37e95a27a,0.056057792882130614,0.6289390392034058,2024_11,0.5840551741977952,0.5437415881561143,TARGET,2024-11-08T08:29:00Z,SPLIT_TARGET_TARGET,1bcddb3800fe7ca4efc122ff556e15c737b5bdcaa589ea1197c1c25148798981,2024-11-08T08:29:00Z,FIRST_RETEST_FILLED,2024-11-08T05:45:00Z,2024-11-08T05:30:00Z,2696.06,True,True,INITIAL_CONFIRMATION_TARGET,fb8e39d2333a44772fa76335355a9e898f9f19c44ae0d3486375c95f6819b655,70a916c44167bf1d7e00666fe71ff9170f0b7f93491d0f59d919bab91348c465,2710.42,,,,CONTROL_V2_FILLED_STOP,False,,2024-11-08T05:30:00Z,2710.42,2687.48,e7ae0e697bec99bf040dd59c7d863a8ba221783c5f7c0e46165ea322898ba437
fc5d229d119a1ad5bc95fca51f8cae2c9ac743ab17f9c71737b5ac18e26712e3,2696.06,2024-11-08T05:30:00Z,c382996d89b4a55a26a06eead6a06bca5608d6d1ae3c23dfbe274c2be80c16c2,2024-11-08T05:30:00Z,2695.56,2710.42,2024-12-01T00:00:00Z,2024-11-08T05:00:00Z,1.2786737846452039,SHORT,0.3384421265141322,91.1207686400659,M5_LATEST_CONFIRMED_OPPOSING_SWING_ELSE_CONTROL,2024-11-08T05:30:00Z,CONFIRMED_25_75_RETEST_SPLIT,2695.56,True,74bfd2e6b4c39ea8bf49df4bcb77dc42146680921c6a6381529b05e7a8d39fba,0.17341127676812468,1.9623600677549666,2024_11,1.8224153728013182,0.5437415881561143,TARGET,2024-11-08T08:29:00Z,SPLIT_TARGET_TARGET,cf8fa0294b78e042bca21cede068eadf7531ef8860451a151800179174c4eea2,2024-11-08T08:29:00Z,FIRST_RETEST_FILLED,2024-11-08T05:45:00Z,2024-11-08T05:30:00Z,2696.06,True,True,INITIAL_CONFIRMATION_TARGET,f53fe02efbba6ce49f20fa5a76ba9a70b850d77a0c8d04df6f2cb81f1786b3f4,70a916c44167bf1d7e00666fe71ff9170f0b7f93491d0f59d919bab91348c465,2700.58925,1.7849999999999844,0.08924999999999922,,M5_LATEST_CONFIRMED_OPPOSING_SWING_ELSE_CONTROL,True,d852785903957212e3888dcc4e3e64ffcada072bbaca7be13cdeba1e58e1fed2,2024-11-08T05:25:00Z,2700.5,2687.48,e7ae0e697bec99bf040dd59c7d863a8ba221783c5f7c0e46165ea322898ba437
fc5d229d119a1ad5bc95fca51f8cae2c9ac743ab17f9c71737b5ac18e26712e3,2696.06,2024-11-08T05:30:00Z,c382996d89b4a55a26a06eead6a06bca5608d6d1ae3c23dfbe274c2be80c16c2,2024-11-08T05:30:00Z,2695.56,2710.42,2024-12-01T00:00:00Z,2024-11-08T05:00:00Z,1.0637978102813834,SHORT,0.38010478754088156,80.37696992187489,M15_LATEST_CONFIRMED_OPPOSING_SWING_ELSE_CONTROL,2024-11-08T05:30:00Z,CONFIRMED_25_75_RETEST_SPLIT,2695.56,True,608fa2ce10269a2dc4fcaaa591f0f26b1173de4b2bc2e661de97b3829f455da8,0.15318768434324068,1.7309992262484626,2024_11,1.6075393984374977,0.5437415881561143,TARGET,2024-11-08T08:29:00Z,SPLIT_TARGET_TARGET,54de51c61a1c66626fb7be1d6addca6bdc70165d27b3e259797191e1d3a0c66a,2024-11-08T08:29:00Z,FIRST_RETEST_FILLED,2024-11-08T05:45:00Z,2024-11-08T05:30:00Z,2696.06,True,True,INITIAL_CONFIRMATION_TARGET,439d25018f964fdba7cb70bb0f90f3574caf537e35d46dc2e926d920c9b68855,70a916c44167bf1d7e00666fe71ff9170f0b7f93491d0f59d919bab91348c465,2701.2083571428575,3.5671428571428936,0.17835714285714468,,M15_LATEST_CONFIRMED_OPPOSING_SWING_ELSE_CONTROL,True,c92d98446ba26bccb81f8ade65b975061b2515aab71bec626833aa8d1995bfb2,2024-11-08T05:15:00Z,2701.03,2687.48,e7ae0e697bec99bf040dd59c7d863a8ba221783c5f7c0e46165ea322898ba437
fc5d229d119a1ad5bc95fca51f8cae2c9ac743ab17f9c71737b5ac18e26712e3,2696.06,2024-11-08T05:30:00Z,c382996d89b4a55a26a06eead6a06bca5608d6d1ae3c23dfbe274c2be80c16c2,2024-11-08T05:30:00Z,2695.56,2710.42,2024-12-01T00:00:00Z,2024-11-08T05:00:00Z,0.04031358604168089,SHORT,1.0,29.20275870988976,CONTROL_V2_FILLED_STOP,2024-11-08T05:30:00Z,CONFIRMED_25_75_RETEST_SPLIT,2695.56,True,2be48f060ac75797ae4a694f5998676cc1f136bccfdb1716c9f857a046ff9dcc,0.056057792882130614,0.6289390392034058,2024_11,0.5840551741977952,0.5437415881561143,TARGET,2024-11-08T08:29:00Z,SPLIT_TARGET_TARGET,5af9cda8125d25d8ff031be6d3ede343525a3fa7a374c872f9e794ca90b2e420,2024-11-08T08:29:00Z,FIRST_RETEST_FILLED,2024-11-08T05:45:00Z,2024-11-08T05:30:00Z,2696.06,True,True,INITIAL_CONFIRMATION_TARGET,28052a72ca8c5cd300027909d19dec0d6748c9691121fc46cace7c4d2c46a12c,70a916c44167bf1d7e00666fe71ff9170f0b7f93491d0f59d919bab91348c465,2710.42,8.63071428571428,0.431535714285714,NOT_STRICTLY_CLOSER_THAN_CONTROL,H1_SOURCE_SWING_BUFFERED_ELSE_CONTROL,False,70a916c44167bf1d7e00666fe71ff9170f0b7f93491d0f59d919bab91348c465,2024-11-08T05:00:00Z,2710.42,2687.48,e7ae0e697bec99bf040dd59c7d863a8ba221783c5f7c0e46165ea322898ba437
b15dc3ea75443be5cc892ee65c8c092238472eae6509d4b0d4e25914b037d18e,2690.07,2024-11-08T13:35:00Z,9177657e84d0970206e3a9cf41301828741bc1fe7301f26aadfbda68d03df6fb,2024-11-08T13:35:00Z,2690.53,2680.34,2024-12-01T00:00:00Z,2024-11-08T12:00:00Z,0.0,LONG,1.0,-50.0,CONTROL_V2_FILLED_STOP,2024-11-08T13:35:00Z,CONTROL_NEXT_M1_OPEN,2690.53,True,e8a86e1ff8fb53884b08fd4eeca612e2b1e40eb7921862b97e86b5b2d2b5934a,1.1442590775270114,1.3228655544651566,2024_11,-1.0,-1.0,STOP,2024-11-11T01:00:00Z,STOP,cbff001b877c455ac348e1017dab7b7759dbc8316f973ea4164e1743604cfcfd,2024-11-11T01:00:00Z,RETEST_EXPIRED,2024-11-08T13:50:00Z,,2690.07,False,False,INITIAL_CONFIRMATION_STOP,660475c875585dcd1af94ed5eb60d339f06775a01eb49d59bc45e7ab60f18d41,e43291fda86aa48e50a2604fccc5384ad46b3cb135d551d89bbf702f1dd866d6,2680.34,,,,CONTROL_V2_FILLED_STOP,False,,2024-11-08T13:35:00Z,2680.34,2710.42,6cc48fae8070620600541db0119de91386996d6aeb1998940f9a726799f4e7fd
b15dc3ea75443be5cc892ee65c8c092238472eae6509d4b0d4e25914b037d18e,2690.07,2024-11-08T13:35:00Z,9177657e84d0970206e3a9cf41301828741bc1fe7301f26aadfbda68d03df6fb,2024-11-08T13:35:00Z,2690.53,2680.34,2024-12-01T00:00:00Z,2024-11-08T12:00:00Z,0.0,LONG,0.38106687228378977,-50.0,M5_LATEST_CONFIRMED_OPPOSING_SWING_ELSE_CONTROL,2024-11-08T13:35:00Z,CONTROL_NEXT_M1_OPEN,2690.53,True,ae796476285687e9fef4fd63155ad7d218d003b28e23649f693698dea6cc2a86,1.089343855195519,1.135698912863371,2024_11,-1.0,-1.0,STOP,2024-11-11T01:00:00Z,STOP,662cdee19e0b97f295682c828f32e6bc9ead189416c99fe6b39acbcbce4f3b3e,2024-11-08T14:27:00Z,RETEST_EXPIRED,2024-11-08T13:50:00Z,,2690.07,False,False,INITIAL_CONFIRMATION_STOP,1f7db17e5c1e1d089841ebf04ff920f82eaebca8fc6b12be2b243eff517ac813,e43291fda86aa48e50a2604fccc5384ad46b3cb135d551d89bbf702f1dd866d6,2686.6469285714284,1.661428571428652,0.08307142857143261,,M5_LATEST_CONFIRMED_OPPOSING_SWING_ELSE_CONTROL,True,3eeba7f0ad1049d437eb90269d18434e7459b38df399b363d359855add6760a7,2024-11-08T13:25:00Z,2686.73,2710.42,6cc48fae8070620600541db0119de91386996d6aeb1998940f9a726799f4e7fd
b15dc3ea75443be5cc892ee65c8c092238472eae6509d4b0d4e25914b037d18e,2690.07,2024-11-08T13:35:00Z,9177657e84d0970206e3a9cf41301828741bc1fe7301f26aadfbda68d03df6fb,2024-11-08T13:35:00Z,2690.53,2680.34,2024-12-01T00:00:00Z,2024-11-08T12:00:00Z,0.0,LONG,0.8537817187719345,-50.0,M15_LATEST_CONFIRMED_OPPOSING_SWING_ELSE_CONTROL,2024-11-08T13:35:00Z,CONTROL_NEXT_M1_OPEN,2690.53,True,5b9d248bbc7c98742dea89dd32cf1e82dd3a527fbd0fd4777eda2b65d459324a,1.3402243833153218,1.5494189268516367,2024_11,-1.0,-1.0,STOP,2024-11-11T01:00:00Z,STOP,64058c2519090e64299be336d4429a6dcc2de0f30646efef63170029df850126,2024-11-11T01:00:00Z,RETEST_EXPIRED,2024-11-08T13:50:00Z,,2690.07,False,False,INITIAL_CONFIRMATION_STOP,675f8ecd5a10d6f891f6709ded843075b5b6e41bf304544809681e8e983b5747,e43291fda86aa48e50a2604fccc5384ad46b3cb135d551d89bbf702f1dd866d6,2681.829964285714,3.8007142857143856,0.1900357142857193,,M15_LATEST_CONFIRMED_OPPOSING_SWING_ELSE_CONTROL,True,e956224842786222febb5956f47a60b2262d8da6c01307bec5c6f46dc2705212,2024-11-08T13:00:00Z,2682.02,2710.42,6cc48fae8070620600541db0119de91386996d6aeb1998940f9a726799f4e7fd
b15dc3ea75443be5cc892ee65c8c092238472eae6509d4b0d4e25914b037d18e,2690.07,2024-11-08T13:35:00Z,9177657e84d0970206e3a9cf41301828741bc1fe7301f26aadfbda68d03df6fb,2024-11-08T13:35:00Z,2690.53,2680.34,2024-12-01T00:00:00Z,2024-11-08T12:00:00Z,0.0,LONG,1.0,-50.0,CONTROL_V2_FILLED_STOP,2024-11-08T13:35:00Z,CONTROL_NEXT_M1_OPEN,2690.53,True,f9415a217f64d38e4d5bd5caddd296f8d2ce0d9126e2ba7f7ea16da1ac5d0a09,1.1442590775270114,1.3228655544651566,2024_11,-1.0,-1.0,STOP,2024-11-11T01:00:00Z,STOP,07a841361b1293d18af692b5cd4e47ae41e22e7fcc462156748331fa605c9cc3,2024-11-11T01:00:00Z,RETEST_EXPIRED,2024-11-08T13:50:00Z,,2690.07,False,False,INITIAL_CONFIRMATION_STOP,99639003affcbfc2adc6d2276454d8662628ae4ef4492dbc5fbcb71094a24fb5,e43291fda86aa48e50a2604fccc5384ad46b3cb135d551d89bbf702f1dd866d6,2680.34,7.231428571428653,0.36157142857143265,NOT_STRICTLY_CLOSER_THAN_CONTROL,H1_SOURCE_SWING_BUFFERED_ELSE_CONTROL,False,e43291fda86aa48e50a2604fccc5384ad46b3cb135d551d89bbf702f1dd866d6,2024-11-08T12:00:00Z,2680.34,2710.42,6cc48fae8070620600541db0119de91386996d6aeb1998940f9a726799f4e7fd
b15dc3ea75443be5cc892ee65c8c092238472eae6509d4b0d4e25914b037d18e,2690.07,2024-11-08T13:35:00Z,9177657e84d0970206e3a9cf41301828741bc1fe7301f26aadfbda68d03df6fb,2024-11-08T13:35:00Z,2690.53,2680.34,2024-12-01T00:00:00Z,2024-11-08T12:00:00Z,1.0,LONG,1.0,0.0,CONTROL_V2_FILLED_STOP,,M5_BROKEN_CONTROL_FIRST_RETEST,,False,e8a86e1ff8fb53884b08fd4eeca612e2b1e40eb7921862b97e86b5b2d2b5934a,,,2024_11,0.0,-1.0,STOP,2024-11-11T01:00:00Z,NO_FILL,f78b35ecd89b2a97cf75c9e5097957a9d5549502ac9ce898ad3e6a060cea608a,,RETEST_EXPIRED,2024-11-08T13:50:00Z,,2690.07,False,False,INITIAL_CONFIRMATION_STOP,af7cfde80e6e904ff727f39c77aeea803f9c4d345df7e6eb6f1da21572c65995,e43291fda86aa48e50a2604fccc5384ad46b3cb135d551d89bbf702f1dd866d6,2680.34,,,,CONTROL_V2_FILLED_STOP,False,,2024-11-08T13:35:00Z,2680.34,2710.42,6cc48fae8070620600541db0119de91386996d6aeb1998940f9a726799f4e7fd
b15dc3ea75443be5cc892ee65c8c092238472eae6509d4b0d4e25914b037d18e,2690.07,2024-11-08T13:35:00Z,9177657e84d0970206e3a9cf41301828741bc1fe7301f26aadfbda68d03df6fb,2024-11-08T13:35:00Z,2690.53,2680.34,2024-12-01T00:00:00Z,2024-11-08T12:00:00Z,1.0,LONG,0.38106687228378977,0.0,M5_LATEST_CONFIRMED_OPPOSING_SWING_ELSE_CONTROL,,M5_BROKEN_CONTROL_FIRST_RETEST,,False,ae796476285687e9fef4fd63155ad7d218d003b28e23649f693698dea6cc2a86,,,2024_11,0.0,-1.0,STOP,2024-11-11T01:00:00Z,NO_FILL,bf9f0101e0508b36e35ca5e712118f21cb56e3a001348158dc9c159259a814e9,,RETEST_EXPIRED,2024-11-08T13:50:00Z,,2690.07,False,False,INITIAL_CONFIRMATION_STOP,5e11ea84a527ee9656f5c917b86158168fdf4acd3878be4b7f63b83aef471c5e,e43291fda86aa48e50a2604fccc5384ad46b3cb135d551d89bbf702f1dd866d6,2686.6469285714284,1.661428571428652,0.08307142857143261,,M5_LATEST_CONFIRMED_OPPOSING_SWING_ELSE_CONTROL,True,3eeba7f0ad1049d437eb90269d18434e7459b38df399b363d359855add6760a7,2024-11-08T13:25:00Z,2686.73,2710.42,6cc48fae8070620600541db0119de91386996d6aeb1998940f9a726799f4e7fd
b15dc3ea75443be5cc892ee65c8c092238472eae6509d4b0d4e25914b037d18e,2690.07,2024-11-08T13:35:00Z,9177657e84d0970206e3a9cf41301828741bc1fe7301f26aadfbda68d03df6fb,2024-11-08T13:35:00Z,2690.53,2680.34,2024-12-01T00:00:00Z,2024-11-08T12:00:00Z,1.0,LONG,0.8537817187719345,0.0,M15_LATEST_CONFIRMED_OPPOSING_SWING_ELSE_CONTROL,,M5_BROKEN_CONTROL_FIRST_RETEST,,False,5b9d248bbc7c98742dea89dd32cf1e82dd3a527fbd0fd4777eda2b65d459324a,,,2024_11,0.0,-1.0,STOP,2024-11-11T01:00:00Z,NO_FILL,5540054fe774a44dfad1e9f2710deb0648cbb3440cad029ce5ea4a20a7c72e45,,RETEST_EXPIRED,2024-11-08T13:50:00Z,,2690.07,False,False,INITIAL_CONFIRMATION_STOP,c06149a4c8fd391125cb867ed05c8899404d4e2e3a39bc5b155eeb93d8c9a85c,e43291fda86aa48e50a2604fccc5384ad46b3cb135d551d89bbf702f1dd866d6,2681.829964285714,3.8007142857143856,0.1900357142857193,,M15_LATEST_CONFIRMED_OPPOSING_SWING_ELSE_CONTROL,True,e956224842786222febb5956f47a60b2262d8da6c01307bec5c6f46dc2705212,2024-11-08T13:00:00Z,2682.02,2710.42,6cc48fae8070620600541db0119de91386996d6aeb1998940f9a726799f4e7fd
b15dc3ea75443be5cc892ee65c8c092238472eae6509d4b0d4e25914b037d18e,2690.07,2024-11-08T13:35:00Z,9177657e84d0970206e3a9cf41301828741bc1fe7301f26aadfbda68d03df6fb,2024-11-08T13:35:00Z,2690.53,2680.34,2024-12-01T00:00:00Z,2024-11-08T12:00:00Z,1.0,LONG,1.0,0.0,CONTROL_V2_FILLED_STOP,,M5_BROKEN_CONTROL_FIRST_RETEST,,False,f9415a217f64d38e4d5bd5caddd296f8d2ce0d9126e2ba7f7ea16da1ac5d0a09,,,2024_11,0.0,-1.0,STOP,2024-11-11T01:00:00Z,NO_FILL,f42d26eef3ad96486fe5139a73efd38d9959b0320c4baf790d94ea34aaaa869a,,RETEST_EXPIRED,2024-11-08T13:50:00Z,,2690.07,False,False,INITIAL_CONFIRMATION_STOP,6b2a7ac96724058b167461ff6a3d5addafd94350d8a8fda72ebbc7c39fdccab9,e43291fda86aa48e50a2604fccc5384ad46b3cb135d551d89bbf702f1dd866d6,2680.34,7.231428571428653,0.36157142857143265,NOT_STRICTLY_CLOSER_THAN_CONTROL,H1_SOURCE_SWING_BUFFERED_ELSE_CONTROL,False,e43291fda86aa48e50a2604fccc5384ad46b3cb135d551d89bbf702f1dd866d6,2024-11-08T12:00:00Z,2680.34,2710.42,6cc48fae8070620600541db0119de91386996d6aeb1998940f9a726799f4e7fd
b15dc3ea75443be5cc892ee65c8c092238472eae6509d4b0d4e25914b037d18e,2690.07,2024-11-08T13:35:00Z,9177657e84d0970206e3a9cf41301828741bc1fe7301f26aadfbda68d03df6fb,2024-11-08T13:35:00Z,2690.53,2680.34,2024-12-01T00:00:00Z,2024-11-08T12:00:00Z,0.75,LONG,1.0,-12.5,CONTROL_V2_FILLED_STOP,2024-11-08T13:35:00Z,CONFIRMED_25_75_RETEST_SPLIT,2690.53,True,e8a86e1ff8fb53884b08fd4eeca612e2b1e40eb7921862b97e86b5b2d2b5934a,0.28606476938175285,0.33071638861628916,2024_11,-0.25,-1.0,STOP,2024-11-11T01:00:00Z,SPLIT_CONTROL_STOP_NO_RETEST,de0f907a532801866db55de47bc9cf84667098efe81ed4b7f2aebd3efa27bfca,2024-11-11T01:00:00Z,RETEST_EXPIRED,2024-11-08T13:50:00Z,,2690.07,False,False,INITIAL_CONFIRMATION_STOP,422a24af03b46bfb0ffe4079031eeea36eb63078a6b5e7380c6c40d9db6b34ac,e43291fda86aa48e50a2604fccc5384ad46b3cb135d551d89bbf702f1dd866d6,2680.34,,,,CONTROL_V2_FILLED_STOP,False,,2024-11-08T13:35:00Z,2680.34,2710.42,6cc48fae8070620600541db0119de91386996d6aeb1998940f9a726799f4e7fd
b15dc3ea75443be5cc892ee65c8c092238472eae6509d4b0d4e25914b037d18e,2690.07,2024-11-08T13:35:00Z,9177657e84d0970206e3a9cf41301828741bc1fe7301f26aadfbda68d03df6fb,2024-11-08T13:35:00Z,2690.53,2680.34,2024-12-01T00:00:00Z,2024-11-08T12:00:00Z,0.75,LONG,0.38106687228378977,-12.5,M5_LATEST_CONFIRMED_OPPOSING_SWING_ELSE_CONTROL,2024-11-08T13:35:00Z,CONFIRMED_25_75_RETEST_SPLIT,2690.53,True,ae796476285687e9fef4fd63155ad7d218d003b28e23649f693698dea6cc2a86,0.27233596379887975,0.28392472821584275,2024_11,-0.25,-1.0,STOP,2024-11-11T01:00:00Z,SPLIT_CONTROL_STOP_NO_RETEST,08c05fe7d585ad326b1c990e203ef8e6ce1732263473babd56c08e8435de4f40,2024-11-08T14:27:00Z,RETEST_EXPIRED,2024-11-08T13:50:00Z,,2690.07,False,False,INITIAL_CONFIRMATION_STOP,55cb753fba1b506325c684c0273dea40ecce3a1c9362549a8e86f6e9ec7f4e26,e43291fda86aa48e50a2604fccc5384ad46b3cb135d551d89bbf702f1dd866d6,2686.6469285714284,1.661428571428652,0.08307142857143261,,M5_LATEST_CONFIRMED_OPPOSING_SWING_ELSE_CONTROL,True,3eeba7f0ad1049d437eb90269d18434e7459b38df399b363d359855add6760a7,2024-11-08T13:25:00Z,2686.73,2710.42,6cc48fae8070620600541db0119de91386996d6aeb1998940f9a726799f4e7fd
b15dc3ea75443be5cc892ee65c8c092238472eae6509d4b0d4e25914b037d18e,2690.07,2024-11-08T13:35:00Z,9177657e84d0970206e3a9cf41301828741bc1fe7301f26aadfbda68d03df6fb,2024-11-08T13:35:00Z,2690.53,2680.34,2024-12-01T00:00:00Z,2024-11-08T12:00:00Z,0.75,LONG,0.8537817187719345,-12.5,M15_LATEST_CONFIRMED_OPPOSING_SWING_ELSE_CONTROL,2024-11-08T13:35:00Z,CONFIRMED_25_75_RETEST_SPLIT,2690.53,True,5b9d248bbc7c98742dea89dd32cf1e82dd3a527fbd0fd4777eda2b65d459324a,0.33505609582883045,0.3873547317129092,2024_11,-0.25,-1.0,STOP,2024-11-11T01:00:00Z,SPLIT_CONTROL_STOP_NO_RETEST,6a8ffbd560da8f1abc9c2c91eb9f9b9bfefe0126d5bc9ce325e212a84ef405ba,2024-11-11T01:00:00Z,RETEST_EXPIRED,2024-11-08T13:50:00Z,,2690.07,False,False,INITIAL_CONFIRMATION_STOP,bf7c66f0a064ec4e7930dea53fae5f6de8a52899f9ec75b57ef391b67e41f5d7,e43291fda86aa48e50a2604fccc5384ad46b3cb135d551d89bbf702f1dd866d6,2681.829964285714,3.8007142857143856,0.1900357142857193,,M15_LATEST_CONFIRMED_OPPOSING_SWING_ELSE_CONTROL,True,e956224842786222febb5956f47a60b2262d8da6c01307bec5c6f46dc2705212,2024-11-08T13:00:00Z,2682.02,2710.42,6cc48fae8070620600541db0119de91386996d6aeb1998940f9a726799f4e7fd
b15dc3ea75443be5cc892ee65c8c092238472eae6509d4b0d4e25914b037d18e,2690.07,2024-11-08T13:35:00Z,9177657e84d0970206e3a9cf41301828741bc1fe7301f26aadfbda68d03df6fb,2024-11-08T13:35:00Z,2690.53,2680.34,2024-12-01T00:00:00Z,2024-11-08T12:00:00Z,0.75,LONG,1.0,-12.5,CONTROL_V2_FILLED_STOP,2024-11-08T13:35:00Z,CONFIRMED_25_75_RETEST_SPLIT,2690.53,True,f9415a217f64d38e4d5bd5caddd296f8d2ce0d9126e2ba7f7ea16da1ac5d0a09,0.28606476938175285,0.33071638861628916,2024_11,-0.25,-1.0,STOP,2024-11-11T01:00:00Z,SPLIT_CONTROL_STOP_NO_RETEST,1959b27ece1e9f0c8ee2455953c4076665f42cc8be8dd0f113af3d5393d499c1,2024-11-11T01:00:00Z,RETEST_EXPIRED,2024-11-08T13:50:00Z,,2690.07,False,False,INITIAL_CONFIRMATION_STOP,3b08e30ffc9f7eff698bc9d5be02ebb6511556ee56598e341bcdedf0171306b5,e43291fda86aa48e50a2604fccc5384ad46b3cb135d551d89bbf702f1dd866d6,2680.34,7.231428571428653,0.36157142857143265,NOT_STRICTLY_CLOSER_THAN_CONTROL,H1_SOURCE_SWING_BUFFERED_ELSE_CONTROL,False,e43291fda86aa48e50a2604fccc5384ad46b3cb135d551d89bbf702f1dd866d6,2024-11-08T12:00:00Z,2680.34,2710.42,6cc48fae8070620600541db0119de91386996d6aeb1998940f9a726799f4e7fd
9815d43a4277be0c7864ccf436abd59fd8cc68807b5b30a2fa1c851d56fa80e2,2683.89,2024-11-08T21:30:00Z,a29d0f1977031014397f5412a2d51d3394fa8268b454c78232f587bc716e690c,2024-11-08T21:30:00Z,2683.82,2704.01,2024-12-01T00:00:00Z,2024-11-08T19:00:00Z,0.0,SHORT,1.0,8.618127786032712,CONTROL_V2_FILLED_STOP,2024-11-08T21:30:00Z,CONTROL_NEXT_M1_OPEN,2683.82,True,baec9c707a9b6e0c5c266988055cfa15262895a933b2ccbe1e4cc305e0e3d5c2,0.23823675086676238,0.24517087667163245,2024_11,0.17236255572065423,0.17236255572065423,TARGET,2024-11-11T01:00:00Z,TARGET,c63ff1369d403b2df7e54b76b4ca8f2c57a030d63f999a4ad582355724978c82,2024-11-11T01:00:00Z,FIRST_RETEST_FILLED,2024-11-08T21:45:00Z,2024-11-08T21:30:00Z,2683.89,True,False,INITIAL_CONFIRMATION_TARGET,c946bbe66e0cb53ea4cb0c64fc77502a00d24d6033cdf7ba460131d26dc1a92d,5f8c2227db3c76bce85e0f113d6baff6a0e3ec11afc66fba6a46515c1a2d44d1,2704.01,,,,CONTROL_V2_FILLED_STOP,False,,2024-11-08T21:30:00Z,2704.01,2680.34,024128794464915bb4fee88bfee5840d5ba6f3d09474df9f9c80848131b5d416
9815d43a4277be0c7864ccf436abd59fd8cc68807b5b30a2fa1c851d56fa80e2,2683.89,2024-11-08T21:30:00Z,a29d0f1977031014397f5412a2d51d3394fa8268b454c78232f587bc716e690c,2024-11-08T21:30:00Z,2683.82,2704.01,2024-12-01T00:00:00Z,2024-11-08T19:00:00Z,-1.1723625557206543,SHORT,0.09531946508170482,-50.0,M5_LATEST_CONFIRMED_OPPOSING_SWING_ELSE_CONTROL,2024-11-08T21:30:00Z,CONTROL_NEXT_M1_OPEN,2683.82,True,fa86870e796d61af8b489d0ac83110407b7afd531d9447942c4654747463450e,1.0756040530008377,0.0,2024_11,-1.0,0.17236255572065423,TARGET,2024-11-11T01:00:00Z,STOP,26f36ca0b366a618eae2618add1786a6260c9569310d47f666300a82c7166b64,2024-11-08T21:36:00Z,FIRST_RETEST_FILLED,2024-11-08T21:45:00Z,2024-11-08T21:30:00Z,2683.89,True,False,INITIAL_CONFIRMATION_TARGET,2409b81a194e0ee53f928275a785ab5c52eeed4215c485eac27b89a66ba9ed9a,5f8c2227db3c76bce85e0f113d6baff6a0e3ec11afc66fba6a46515c1a2d44d1,2685.7445,1.2899999999999636,0.06449999999999818,,M5_LATEST_CONFIRMED_OPPOSING_SWING_ELSE_CONTROL,True,b1f937924c1b3a7814f2984d175ef91af6c95f768c56fad5abbcd0b52f3b50be,2024-11-08T21:20:00Z,2685.68,2680.34,024128794464915bb4fee88bfee5840d5ba6f3d09474df9f9c80848131b5d416
9815d43a4277be0c7864ccf436abd59fd8cc68807b5b30a2fa1c851d56fa80e2,2683.89,2024-11-08T21:30:00Z,a29d0f1977031014397f5412a2d51d3394fa8268b454c78232f587bc716e690c,2024-11-08T21:30:00Z,2683.82,2704.01,2024-12-01T00:00:00Z,2024-11-08T19:00:00Z,0.5013053531018672,SHORT,0.2558568598316049,33.683395441126066,M15_LATEST_CONFIRMED_OPPOSING_SWING_ELSE_CONTROL,2024-11-08T21:30:00Z,CONTROL_NEXT_M1_OPEN,2683.82,True,3eb2f2e1e6bbfe131d74116c69f82de84c7c7c18de093a0e1e3e5fe7def5766b,0.9311329429414581,0.9582345254803584,2024_11,0.6736679088225214,0.17236255572065423,TARGET,2024-11-11T01:00:00Z,TARGET,a277a0f356f0b14a6aab9f1102798d13e8717ae32a77509890b46e0c16301cb2,2024-11-11T01:00:00Z,FIRST_RETEST_FILLED,2024-11-08T21:45:00Z,2024-11-08T21:30:00Z,2683.89,True,False,INITIAL_CONFIRMATION_TARGET,f80299d6137f3484acf6ff555a5df2dc2e78775c3a21150e1af66daffb9538af,5f8c2227db3c76bce85e0f113d6baff6a0e3ec11afc66fba6a46515c1a2d44d1,2688.9857500000003,2.9149999999999636,0.1457499999999982,,M15_LATEST_CONFIRMED_OPPOSING_SWING_ELSE_CONTROL,True,cd8815d54b8e85a2523f637200854d0f44153dee1b314ea2b754d45a1e3f18e6,2024-11-08T20:45:00Z,2688.84,2680.34,024128794464915bb4fee88bfee5840d5ba6f3d09474df9f9c80848131b5d416
9815d43a4277be0c7864ccf436abd59fd8cc68807b5b30a2fa1c851d56fa80e2,2683.89,2024-11-08T21:30:00Z,a29d0f1977031014397f5412a2d51d3394fa8268b454c78232f587bc716e690c,2024-11-08T21:30:00Z,2683.82,2704.01,2024-12-01T00:00:00Z,2024-11-08T19:00:00Z,0.0,SHORT,1.0,8.618127786032712,CONTROL_V2_FILLED_STOP,2024-11-08T21:30:00Z,CONTROL_NEXT_M1_OPEN,2683.82,True,664519d7aa5c55a7dba878e06f4a0143b0050239ed5fe55baca1d32cfdad3f32,0.23823675086676238,0.24517087667163245,2024_11,0.17236255572065423,0.17236255572065423,TARGET,2024-11-11T01:00:00Z,TARGET,deacf8345410e55a38bea436b419fa715dd12e9811377e247efefe9c240e247b,2024-11-11T01:00:00Z,FIRST_RETEST_FILLED,2024-11-08T21:45:00Z,2024-11-08T21:30:00Z,2683.89,True,False,INITIAL_CONFIRMATION_TARGET,36664534976860ff56c4f668f0592dd7a85d66c2f0fd924d60f3412df330459b,5f8c2227db3c76bce85e0f113d6baff6a0e3ec11afc66fba6a46515c1a2d44d1,2704.01,7.9892857142857405,0.39946428571428705,NOT_STRICTLY_CLOSER_THAN_CONTROL,H1_SOURCE_SWING_BUFFERED_ELSE_CONTROL,False,5f8c2227db3c76bce85e0f113d6baff6a0e3ec11afc66fba6a46515c1a2d44d1,2024-11-08T19:00:00Z,2704.01,2680.34,024128794464915bb4fee88bfee5840d5ba6f3d09474df9f9c80848131b5d416
9815d43a4277be0c7864ccf436abd59fd8cc68807b5b30a2fa1c851d56fa80e2,2683.89,2024-11-08T21:30:00Z,a29d0f1977031014397f5412a2d51d3394fa8268b454c78232f587bc716e690c,2024-11-08T21:30:00Z,2683.82,2704.01,2024-12-01T00:00:00Z,2024-11-08T19:00:00Z,0.004078796167997167,SHORT,1.0,8.82206759443257,CONTROL_V2_FILLED_STOP,2024-11-08T21:30:00Z,M5_BROKEN_CONTROL_FIRST_RETEST,2683.89,True,baec9c707a9b6e0c5c266988055cfa15262895a933b2ccbe1e4cc305e0e3d5c2,0.23558648111332778,0.24950298210735067,2024_11,0.1764413518886514,0.17236255572065423,TARGET,2024-11-11T01:00:00Z,TARGET,fa73bcdef3443efb5925fc138316634f4126fa420ca457137cf2867fda7a0e55,2024-11-11T01:00:00Z,FIRST_RETEST_FILLED,2024-11-08T21:45:00Z,2024-11-08T21:30:00Z,2683.89,True,True,INITIAL_CONFIRMATION_TARGET,72f43dd9162a4e975c1a10f178b09f7ee7e2552e36756067f33606f4bbb84105,5f8c2227db3c76bce85e0f113d6baff6a0e3ec11afc66fba6a46515c1a2d44d1,2704.01,,,,CONTROL_V2_FILLED_STOP,False,,2024-11-08T21:30:00Z,2704.01,2680.34,024128794464915bb4fee88bfee5840d5ba6f3d09474df9f9c80848131b5d416
9815d43a4277be0c7864ccf436abd59fd8cc68807b5b30a2fa1c851d56fa80e2,2683.89,2024-11-08T21:30:00Z,a29d0f1977031014397f5412a2d51d3394fa8268b454c78232f587bc716e690c,2024-11-08T21:30:00Z,2683.82,2704.01,2024-12-01T00:00:00Z,2024-11-08T19:00:00Z,-1.1723625557206543,SHORT,0.09531946508170482,-50.0,M5_LATEST_CONFIRMED_OPPOSING_SWING_ELSE_CONTROL,2024-11-08T21:30:00Z,M5_BROKEN_CONTROL_FIRST_RETEST,2683.89,True,fa86870e796d61af8b489d0ac83110407b7afd531d9447942c4654747463450e,1.0784578053384148,0.03774602318668758,2024_11,-1.0,0.17236255572065423,TARGET,2024-11-11T01:00:00Z,STOP,eca6a0fb3f24a669d0eccf73868dc205389dd816003cabc4c8fe02c1c66a7931,2024-11-08T21:36:00Z,FIRST_RETEST_FILLED,2024-11-08T21:45:00Z,2024-11-08T21:30:00Z,2683.89,True,True,INITIAL_CONFIRMATION_TARGET,77c3df4a3f341b86670b8beb1374deee1e33fb8bdd82b0bb372be674d6277385,5f8c2227db3c76bce85e0f113d6baff6a0e3ec11afc66fba6a46515c1a2d44d1,2685.7445,1.2899999999999636,0.06449999999999818,,M5_LATEST_CONFIRMED_OPPOSING_SWING_ELSE_CONTROL,True,b1f937924c1b3a7814f2984d175ef91af6c95f768c56fad5abbcd0b52f3b50be,2024-11-08T21:20:00Z,2685.68,2680.34,024128794464915bb4fee88bfee5840d5ba6f3d09474df9f9c80848131b5d416
9815d43a4277be0c7864ccf436abd59fd8cc68807b5b30a2fa1c851d56fa80e2,2683.89,2024-11-08T21:30:00Z,a29d0f1977031014397f5412a2d51d3394fa8268b454c78232f587bc716e690c,2024-11-08T21:30:00Z,2683.82,2704.01,2024-12-01T00:00:00Z,2024-11-08T19:00:00Z,0.5242964248022213,SHORT,0.2558568598316049,34.83294902614378,M15_LATEST_CONFIRMED_OPPOSING_SWING_ELSE_CONTROL,2024-11-08T21:30:00Z,M5_BROKEN_CONTROL_FIRST_RETEST,2683.89,True,3eb2f2e1e6bbfe131d74116c69f82de84c7c7c18de093a0e1e3e5fe7def5766b,0.9301869204729152,0.9851346710493216,2024_11,0.6966589805228756,0.17236255572065423,TARGET,2024-11-11T01:00:00Z,TARGET,5bc0575ecf29cb82c9360581c5e9188975c8a7b3e2c5734261850b6289eae655,2024-11-11T01:00:00Z,FIRST_RETEST_FILLED,2024-11-08T21:45:00Z,2024-11-08T21:30:00Z,2683.89,True,True,INITIAL_CONFIRMATION_TARGET,4b3719729e0f0472d649edef409ab7e4ee7d332cc425b9b1e2dec410252ad1e1,5f8c2227db3c76bce85e0f113d6baff6a0e3ec11afc66fba6a46515c1a2d44d1,2688.9857500000003,2.9149999999999636,0.1457499999999982,,M15_LATEST_CONFIRMED_OPPOSING_SWING_ELSE_CONTROL,True,cd8815d54b8e85a2523f637200854d0f44153dee1b314ea2b754d45a1e3f18e6,2024-11-08T20:45:00Z,2688.84,2680.34,024128794464915bb4fee88bfee5840d5ba6f3d09474df9f9c80848131b5d416
9815d43a4277be0c7864ccf436abd59fd8cc68807b5b30a2fa1c851d56fa80e2,2683.89,2024-11-08T21:30:00Z,a29d0f1977031014397f5412a2d51d3394fa8268b454c78232f587bc716e690c,2024-11-08T21:30:00Z,2683.82,2704.01,2024-12-01T00:00:00Z,2024-11-08T19:00:00Z,0.004078796167997167,SHORT,1.0,8.82206759443257,CONTROL_V2_FILLED_STOP,2024-11-08T21:30:00Z,M5_BROKEN_CONTROL_FIRST_RETEST,2683.89,True,664519d7aa5c55a7dba878e06f4a0143b0050239ed5fe55baca1d32cfdad3f32,0.23558648111332778,0.24950298210735067,2024_11,0.1764413518886514,0.17236255572065423,TARGET,2024-11-11T01:00:00Z,TARGET,a7389ed76b01529b51a9551304f7bff4a2763dac2cc8f26691be62968335c9ce,2024-11-11T01:00:00Z,FIRST_RETEST_FILLED,2024-11-08T21:45:00Z,2024-11-08T21:30:00Z,2683.89,True,True,INITIAL_CONFIRMATION_TARGET,09d8257a4249993794372d992b4def1af74b5232d0c4ca00ebd651c8732c5fe7,5f8c2227db3c76bce85e0f113d6baff6a0e3ec11afc66fba6a46515c1a2d44d1,2704.01,7.9892857142857405,0.39946428571428705,NOT_STRICTLY_CLOSER_THAN_CONTROL,H1_SOURCE_SWING_BUFFERED_ELSE_CONTROL,False,5f8c2227db3c76bce85e0f113d6baff6a0e3ec11afc66fba6a46515c1a2d44d1,2024-11-08T19:00:00Z,2704.01,2680.34,024128794464915bb4fee88bfee5840d5ba6f3d09474df9f9c80848131b5d416
9815d43a4277be0c7864ccf436abd59fd8cc68807b5b30a2fa1c851d56fa80e2,2683.89,2024-11-08T21:30:00Z,a29d0f1977031014397f5412a2d51d3394fa8268b454c78232f587bc716e690c,2024-11-08T21:30:00Z,2683.82,2704.01,2024-12-01T00:00:00Z,2024-11-08T19:00:00Z,0.0030590971259978894,SHORT,1.0,8.771082642332606,CONTROL_V2_FILLED_STOP,2024-11-08T21:30:00Z,CONFIRMED_25_75_RETEST_SPLIT,2683.82,True,baec9c707a9b6e0c5c266988055cfa15262895a933b2ccbe1e4cc305e0e3d5c2,0.23624904855168644,0.24841995574842113,2024_11,0.17542165284665212,0.17236255572065423,TARGET,2024-11-11T01:00:00Z,SPLIT_TARGET_TARGET,3deb555d79d0f3e210bfbd2ad93743b6cefb49072f51fd7b3c04c3b1c3a62186,2024-11-11T01:00:00Z,FIRST_RETEST_FILLED,2024-11-08T21:45:00Z,2024-11-08T21:30:00Z,2683.89,True,True,INITIAL_CONFIRMATION_TARGET,855bcead2aac07b98748d29a2c0058facdc90a395ef018a392229c9e67b9964a,5f8c2227db3c76bce85e0f113d6baff6a0e3ec11afc66fba6a46515c1a2d44d1,2704.01,,,,CONTROL_V2_FILLED_STOP,False,,2024-11-08T21:30:00Z,2704.01,2680.34,024128794464915bb4fee88bfee5840d5ba6f3d09474df9f9c80848131b5d416
9815d43a4277be0c7864ccf436abd59fd8cc68807b5b30a2fa1c851d56fa80e2,2683.89,2024-11-08T21:30:00Z,a29d0f1977031014397f5412a2d51d3394fa8268b454c78232f587bc716e690c,2024-11-08T21:30:00Z,2683.82,2704.01,2024-12-01T00:00:00Z,2024-11-08T19:00:00Z,-1.1723625557206543,SHORT,0.09531946508170482,-50.0,M5_LATEST_CONFIRMED_OPPOSING_SWING_ELSE_CONTROL,2024-11-08T21:30:00Z,CONFIRMED_25_75_RETEST_SPLIT,2683.82,True,fa86870e796d61af8b489d0ac83110407b7afd531d9447942c4654747463450e,1.0777443672540206,0.028309517390015686,2024_11,-1.0,0.17236255572065423,TARGET,2024-11-11T01:00:00Z,SPLIT_STOP_STOP,8dcd51819809df9bda0c060700f1b676e6c359ff599d7ee4c0546120c8ac61ca,2024-11-08T21:36:00Z,FIRST_RETEST_FILLED,2024-11-08T21:45:00Z,2024-11-08T21:30:00Z,2683.89,True,True,INITIAL_CONFIRMATION_TARGET,4929078ca46d9223b7982bb2df05cc91331b849c32a2c68c532072c87409ee8b,5f8c2227db3c76bce85e0f113d6baff6a0e3ec11afc66fba6a46515c1a2d44d1,2685.7445,1.2899999999999636,0.06449999999999818,,M5_LATEST_CONFIRMED_OPPOSING_SWING_ELSE_CONTROL,True,b1f937924c1b3a7814f2984d175ef91af6c95f768c56fad5abbcd0b52f3b50be,2024-11-08T21:20:00Z,2685.68,2680.34,024128794464915bb4fee88bfee5840d5ba6f3d09474df9f9c80848131b5d416
9815d43a4277be0c7864ccf436abd59fd8cc68807b5b30a2fa1c851d56fa80e2,2683.89,2024-11-08T21:30:00Z,a29d0f1977031014397f5412a2d51d3394fa8268b454c78232f587bc716e690c,2024-11-08T21:30:00Z,2683.82,2704.01,2024-12-01T00:00:00Z,2024-11-08T19:00:00Z,0.5185486568771327,SHORT,0.2558568598316049,34.54556062988935,M15_LATEST_CONFIRMED_OPPOSING_SWING_ELSE_CONTROL,2024-11-08T21:30:00Z,CONFIRMED_25_75_RETEST_SPLIT,2683.82,True,3eb2f2e1e6bbfe131d74116c69f82de84c7c7c18de093a0e1e3e5fe7def5766b,0.9304234260900509,0.9784096346570809,2024_11,0.690911212597787,0.17236255572065423,TARGET,2024-11-11T01:00:00Z,SPLIT_TARGET_TARGET,a5a9dc7770a2fd80ea8ad2e044c2cd049e0a1791156981b6ba356badbea46810,2024-11-11T01:00:00Z,FIRST_RETEST_FILLED,2024-11-08T21:45:00Z,2024-11-08T21:30:00Z,2683.89,True,True,INITIAL_CONFIRMATION_TARGET,f29674995834e7df3302f0cc801cdf4cd90fe3c108cd0ba1f50bceefc0d5bf76,5f8c2227db3c76bce85e0f113d6baff6a0e3ec11afc66fba6a46515c1a2d44d1,2688.9857500000003,2.9149999999999636,0.1457499999999982,,M15_LATEST_CONFIRMED_OPPOSING_SWING_ELSE_CONTROL,True,cd8815d54b8e85a2523f637200854d0f44153dee1b314ea2b754d45a1e3f18e6,2024-11-08T20:45:00Z,2688.84,2680.34,024128794464915bb4fee88bfee5840d5ba6f3d09474df9f9c80848131b5d416
9815d43a4277be0c7864ccf436abd59fd8cc68807b5b30a2fa1c851d56fa80e2,2683.89,2024-11-08T21:30:00Z,a29d0f1977031014397f5412a2d51d3394fa8268b454c78232f587bc716e690c,2024-11-08T21:30:00Z,2683.82,2704.01,2024-12-01T00:00:00Z,2024-11-08T19:00:00Z,0.0030590971259978894,SHORT,1.0,8.771082642332606,CONTROL_V2_FILLED_STOP,2024-11-08T21:30:00Z,CONFIRMED_25_75_RETEST_SPLIT,2683.82,True,664519d7aa5c55a7dba878e06f4a0143b0050239ed5fe55baca1d32cfdad3f32,0.23624904855168644,0.24841995574842113,2024_11,0.17542165284665212,0.17236255572065423,TARGET,2024-11-11T01:00:00Z,SPLIT_TARGET_TARGET,e721e172c71476275d8ea770ed97b49f79528147864df3d80571ffc0be9f8ba9,2024-11-11T01:00:00Z,FIRST_RETEST_FILLED,2024-11-08T21:45:00Z,2024-11-08T21:30:00Z,2683.89,True,True,INITIAL_CONFIRMATION_TARGET,624a9d56fb4875b12d76811ffceb9977df22d42bfa0a9a162682b9d74e248640,5f8c2227db3c76bce85e0f113d6baff6a0e3ec11afc66fba6a46515c1a2d44d1,2704.01,7.9892857142857405,0.39946428571428705,NOT_STRICTLY_CLOSER_THAN_CONTROL,H1_SOURCE_SWING_BUFFERED_ELSE_CONTROL,False,5f8c2227db3c76bce85e0f113d6baff6a0e3ec11afc66fba6a46515c1a2d44d1,2024-11-08T19:00:00Z,2704.01,2680.34,024128794464915bb4fee88bfee5840d5ba6f3d09474df9f9c80848131b5d416
cfa63a21aa631b7f0a9caba79fa3b3ed3920cd1634e08fb8eaf141156580894b,2684.55,2024-11-11T02:50:00Z,0d7f133d47c328c44896236cb0b14157f358f67af161327e907f1d2a537518ae,2024-11-11T02:50:00Z,2684.77,2678.85,2024-12-01T00:00:00Z,2024-11-08T21:00:00Z,0.0,LONG,1.0,-50.0,CONTROL_V2_FILLED_STOP,2024-11-11T02:50:00Z,CONTROL_NEXT_M1_OPEN,2684.77,True,2c56989120fbaa4d7d3f90b09ff5e4df9d99769c47ac2b711d683ea6362798b9,1.353040540540484,0.10472972972971001,2024_11,-1.0,-1.0,STOP,2024-11-11T03:05:00Z,STOP,6774bd5a99c57789007c88e632c0ba76dd461d2463429a3f9e1853a0ff499a8f,2024-11-11T03:05:00Z,FIRST_RETEST_FILLED,2024-11-11T03:05:00Z,2024-11-11T02:50:00Z,2684.55,True,False,RECLAIM_CONFIRMATION_STOP,7d13f3136a5c2ef53d938dd5bf4fbcb86ec180bf0988ead84ccfc543fe2aad1f,70bbb3fc62c4a7dcd6bdf1339e45255898749a8c7040b14e8905cf91e821bd62,2678.85,,,,CONTROL_V2_FILLED_STOP,False,,2024-11-11T02:50:00Z,2678.85,2704.01,f0c84917a7dd4ae99c9fe68b7a5302e3b79c8c37ec8c925e9af21c47758f02d1
cfa63a21aa631b7f0a9caba79fa3b3ed3920cd1634e08fb8eaf141156580894b,2684.55,2024-11-11T02:50:00Z,0d7f133d47c328c44896236cb0b14157f358f67af161327e907f1d2a537518ae,2024-11-11T02:50:00Z,2684.77,2678.85,2024-12-01T00:00:00Z,2024-11-08T21:00:00Z,0.0,LONG,0.36239744208499197,-50.0,M5_LATEST_CONFIRMED_OPPOSING_SWING_ELSE_CONTROL,2024-11-11T02:50:00Z,CONTROL_NEXT_M1_OPEN,2684.77,True,80c5e05f3fb32310b2ed03d26935dd6b5ac88a1579fcfc8ff3b0f7d82b643331,1.0114697607829557,0.288991360223641,2024_11,-1.0,-1.0,STOP,2024-11-11T03:05:00Z,STOP,51223df06086f87f4753e7252acfe5e246e6231b94759801d5801864b4a89d82,2024-11-11T03:01:00Z,FIRST_RETEST_FILLED,2024-11-11T03:05:00Z,2024-11-11T02:50:00Z,2684.55,True,False,RECLAIM_CONFIRMATION_STOP,6ec3d59d57a6b49487d8756b85d84df13a4be135d30c42ae87a82dbe3e07ceb4,70bbb3fc62c4a7dcd6bdf1339e45255898749a8c7040b14e8905cf91e821bd62,2682.624607142857,1.1078571428572235,0.05539285714286118,,M5_LATEST_CONFIRMED_OPPOSING_SWING_ELSE_CONTROL,True,c3502e2e0b423edc3f03136b8681309c8a2f1779f62df2506eb477af05545528,2024-11-11T02:30:00Z,2682.68,2704.01,f0c84917a7dd4ae99c9fe68b7a5302e3b79c8c37ec8c925e9af21c47758f02d1
cfa63a21aa631b7f0a9caba79fa3b3ed3920cd1634e08fb8eaf141156580894b,2684.55,2024-11-11T02:50:00Z,0d7f133d47c328c44896236cb0b14157f358f67af161327e907f1d2a537518ae,2024-11-11T02:50:00Z,2684.77,2678.85,2024-12-01T00:00:00Z,2024-11-08T21:00:00Z,0.0,LONG,1.0,-50.0,CONTROL_V2_FILLED_STOP,2024-11-11T02:50:00Z,CONTROL_NEXT_M1_OPEN,2684.77,True,4c21634dfa0cf26d6eed9f972d7632192551b341e74437b8c776fe79844251f7,1.353040540540484,0.10472972972971001,2024_11,-1.0,-1.0,STOP,2024-11-11T03:05:00Z,STOP,5003ba350b6dc5b4df25542a6cb3700d6908b8108c546b5bfe8db82d7b5e4bf6,2024-11-11T03:05:00Z,FIRST_RETEST_FILLED,2024-11-11T03:05:00Z,2024-11-11T02:50:00Z,2684.55,True,False,RECLAIM_CONFIRMATION_STOP,df9cca474e97b140361ebebfad84d1b41b6169d5809043707aeb20935f4c2640,70bbb3fc62c4a7dcd6bdf1339e45255898749a8c7040b14e8905cf91e821bd62,2678.85,2.29071428571433,0.1145357142857165,NOT_STRICTLY_CLOSER_THAN_CONTROL,M15_LATEST_CONFIRMED_OPPOSING_SWING_ELSE_CONTROL,False,31dd965ca516192a8a80d67fcfce71c44636a41578f610548c7264223cbbef6e,2024-11-11T01:45:00Z,2678.87,2704.01,f0c84917a7dd4ae99c9fe68b7a5302e3b79c8c37ec8c925e9af21c47758f02d1
cfa63a21aa631b7f0a9caba79fa3b3ed3920cd1634e08fb8eaf141156580894b,2684.55,2024-11-11T02:50:00Z,0d7f133d47c328c44896236cb0b14157f358f67af161327e907f1d2a537518ae,2024-11-11T02:50:00Z,2684.77,2678.85,2024-12-01T00:00:00Z,2024-11-08T21:00:00Z,0.0,LONG,0.3803933397683027,-50.0,H1_SOURCE_SWING_BUFFERED_ELSE_CONTROL,2024-11-11T02:50:00Z,CONTROL_NEXT_M1_OPEN,2684.77,True,d2e8832359032652334cb61d72a2dd7deeaa4c62a7180b6f3e48e34bd0085372,1.7451708059759061,0.27531956735494056,2024_11,-1.0,-1.0,STOP,2024-11-11T03:05:00Z,STOP,051a98581f85c964abd6eaea70d7a5e9d3b264855ba159c7c789e19d41d78ded,2024-11-11T03:02:00Z,FIRST_RETEST_FILLED,2024-11-11T03:05:00Z,2024-11-11T02:50:00Z,2684.55,True,False,RECLAIM_CONFIRMATION_STOP,5c2f6c3d2ab6ab6678e51d5c4a67246e2cf7d9f64f1854ceb5af51fbc77efb31,70bbb3fc62c4a7dcd6bdf1339e45255898749a8c7040b14e8905cf91e821bd62,2682.5180714285716,7.638571428571465,0.3819285714285733,,H1_SOURCE_SWING_BUFFERED_ELSE_CONTROL,True,70bbb3fc62c4a7dcd6bdf1339e45255898749a8c7040b14e8905cf91e821bd62,2024-11-08T21:00:00Z,2682.9,2704.01,f0c84917a7dd4ae99c9fe68b7a5302e3b79c8c37ec8c925e9af21c47758f02d1
cfa63a21aa631b7f0a9caba79fa3b3ed3920cd1634e08fb8eaf141156580894b,2684.55,2024-11-11T02:50:00Z,0d7f133d47c328c44896236cb0b14157f358f67af161327e907f1d2a537518ae,2024-11-11T02:50:00Z,2684.77,2678.85,2024-12-01T00:00:00Z,2024-11-08T21:00:00Z,0.0,LONG,1.0,-50.0,CONTROL_V2_FILLED_STOP,2024-11-11T02:50:00Z,M5_BROKEN_CONTROL_FIRST_RETEST,2684.55,True,2c56989120fbaa4d7d3f90b09ff5e4df9d99769c47ac2b711d683ea6362798b9,1.3666666666665948,0.14736842105257028,2024_11,-1.0,-1.0,STOP,2024-11-11T03:05:00Z,STOP,e29d55cc66b6a1f39145d67fba8578996b3ec40b03e22c23340622a7d52ac787,2024-11-11T03:05:00Z,FIRST_RETEST_FILLED,2024-11-11T03:05:00Z,2024-11-11T02:50:00Z,2684.55,True,True,RECLAIM_CONFIRMATION_STOP,d4edf79b370efb804261e5dfc6aedb9f7b0c4f234b7d65c946c52f92aaea0c0d,70bbb3fc62c4a7dcd6bdf1339e45255898749a8c7040b14e8905cf91e821bd62,2678.85,,,,CONTROL_V2_FILLED_STOP,False,,2024-11-11T02:50:00Z,2678.85,2704.01,f0c84917a7dd4ae99c9fe68b7a5302e3b79c8c37ec8c925e9af21c47758f02d1
cfa63a21aa631b7f0a9caba79fa3b3ed3920cd1634e08fb8eaf141156580894b,2684.55,2024-11-11T02:50:00Z,0d7f133d47c328c44896236cb0b14157f358f67af161327e907f1d2a537518ae,2024-11-11T02:50:00Z,2684.77,2678.85,2024-12-01T00:00:00Z,2024-11-08T21:00:00Z,0.0,LONG,0.36239744208499197,-50.0,M5_LATEST_CONFIRMED_OPPOSING_SWING_ELSE_CONTROL,2024-11-11T02:50:00Z,M5_BROKEN_CONTROL_FIRST_RETEST,2684.55,True,80c5e05f3fb32310b2ed03d26935dd6b5ac88a1579fcfc8ff3b0f7d82b643331,1.0127803231250179,0.4362746007305553,2024_11,-1.0,-1.0,STOP,2024-11-11T03:05:00Z,STOP,c9ab3c278cc26d258e6f7efc3af445c02a8744228e72be34b53805db8fd53b8b,2024-11-11T03:01:00Z,FIRST_RETEST_FILLED,2024-11-11T03:05:00Z,2024-11-11T02:50:00Z,2684.55,True,True,RECLAIM_CONFIRMATION_STOP,5556b1709a21fe613f9e22c0ba0a190b88d8534e6e1aeea3d3769500ea6d277d,70bbb3fc62c4a7dcd6bdf1339e45255898749a8c7040b14e8905cf91e821bd62,2682.624607142857,1.1078571428572235,0.05539285714286118,,M5_LATEST_CONFIRMED_OPPOSING_SWING_ELSE_CONTROL,True,c3502e2e0b423edc3f03136b8681309c8a2f1779f62df2506eb477af05545528,2024-11-11T02:30:00Z,2682.68,2704.01,f0c84917a7dd4ae99c9fe68b7a5302e3b79c8c37ec8c925e9af21c47758f02d1
cfa63a21aa631b7f0a9caba79fa3b3ed3920cd1634e08fb8eaf141156580894b,2684.55,2024-11-11T02:50:00Z,0d7f133d47c328c44896236cb0b14157f358f67af161327e907f1d2a537518ae,2024-11-11T02:50:00Z,2684.77,2678.85,2024-12-01T00:00:00Z,2024-11-08T21:00:00Z,0.0,LONG,1.0,-50.0,CONTROL_V2_FILLED_STOP,2024-11-11T02:50:00Z,M5_BROKEN_CONTROL_FIRST_RETEST,2684.55,True,4c21634dfa0cf26d6eed9f972d7632192551b341e74437b8c776fe79844251f7,1.3666666666665948,0.14736842105257028,2024_11,-1.0,-1.0,STOP,2024-11-11T03:05:00Z,STOP,4a4c41214045f49dabda90cd56bd19d67929d937ccbfd68a45ebf32225809f89,2024-11-11T03:05:00Z,FIRST_RETEST_FILLED,2024-11-11T03:05:00Z,2024-11-11T02:50:00Z,2684.55,True,True,RECLAIM_CONFIRMATION_STOP,8464662f8e7f4bd05c623acb6795d562738a716d83435b4bfb6923e9bd3b180c,70bbb3fc62c4a7dcd6bdf1339e45255898749a8c7040b14e8905cf91e821bd62,2678.85,2.29071428571433,0.1145357142857165,NOT_STRICTLY_CLOSER_THAN_CONTROL,M15_LATEST_CONFIRMED_OPPOSING_SWING_ELSE_CONTROL,False,31dd965ca516192a8a80d67fcfce71c44636a41578f610548c7264223cbbef6e,2024-11-11T01:45:00Z,2678.87,2704.01,f0c84917a7dd4ae99c9fe68b7a5302e3b79c8c37ec8c925e9af21c47758f02d1
cfa63a21aa631b7f0a9caba79fa3b3ed3920cd1634e08fb8eaf141156580894b,2684.55,2024-11-11T02:50:00Z,0d7f133d47c328c44896236cb0b14157f358f67af161327e907f1d2a537518ae,2024-11-11T02:50:00Z,2684.77,2678.85,2024-12-01T00:00:00Z,2024-11-08T21:00:00Z,0.0,LONG,0.3803933397683027,-50.0,H1_SOURCE_SWING_BUFFERED_ELSE_CONTROL,2024-11-11T02:50:00Z,M5_BROKEN_CONTROL_FIRST_RETEST,2684.55,True,d2e8832359032652334cb61d72a2dd7deeaa4c62a7180b6f3e48e34bd0085372,1.8258515836467921,0.41340035856138163,2024_11,-1.0,-1.0,STOP,2024-11-11T03:05:00Z,STOP,a60622caec0cb3a46a2a2d4363f74a29570e6ee1c3f6a442b738ee5893f72af3,2024-11-11T03:02:00Z,FIRST_RETEST_FILLED,2024-11-11T03:05:00Z,2024-11-11T02:50:00Z,2684.55,True,True,RECLAIM_CONFIRMATION_STOP,8fd3d1a6136fde69e656d5c08156ef386922bdd7f74c6636a645677d95e9993a,70bbb3fc62c4a7dcd6bdf1339e45255898749a8c7040b14e8905cf91e821bd62,2682.5180714285716,7.638571428571465,0.3819285714285733,,H1_SOURCE_SWING_BUFFERED_ELSE_CONTROL,True,70bbb3fc62c4a7dcd6bdf1339e45255898749a8c7040b14e8905cf91e821bd62,2024-11-08T21:00:00Z,2682.9,2704.01,f0c84917a7dd4ae99c9fe68b7a5302e3b79c8c37ec8c925e9af21c47758f02d1
cfa63a21aa631b7f0a9caba79fa3b3ed3920cd1634e08fb8eaf141156580894b,2684.55,2024-11-11T02:50:00Z,0d7f133d47c328c44896236cb0b14157f358f67af161327e907f1d2a537518ae,2024-11-11T02:50:00Z,2684.77,2678.85,2024-12-01T00:00:00Z,2024-11-08T21:00:00Z,0.0,LONG,1.0,-50.0,CONTROL_V2_FILLED_STOP,2024-11-11T02:50:00Z,CONFIRMED_25_75_RETEST_SPLIT,2684.77,True,2c56989120fbaa4d7d3f90b09ff5e4df9d99769c47ac2b711d683ea6362798b9,1.363260135135067,0.1367087482218552,2024_11,-1.0,-1.0,STOP,2024-11-11T03:05:00Z,SPLIT_STOP_STOP,9015dfbade818bdbcbba453165b4e497393a601d684d413f765be1b414448118,2024-11-11T03:05:00Z,FIRST_RETEST_FILLED,2024-11-11T03:05:00Z,2024-11-11T02:50:00Z,2684.55,True,True,RECLAIM_CONFIRMATION_STOP,6cb20070bc6d2a13899dfb0be6da5a2d89773541357aff177ae6f8b719363e33,70bbb3fc62c4a7dcd6bdf1339e45255898749a8c7040b14e8905cf91e821bd62,2678.85,,,,CONTROL_V2_FILLED_STOP,False,,2024-11-11T02:50:00Z,2678.85,2704.01,f0c84917a7dd4ae99c9fe68b7a5302e3b79c8c37ec8c925e9af21c47758f02d1
cfa63a21aa631b7f0a9caba79fa3b3ed3920cd1634e08fb8eaf141156580894b,2684.55,2024-11-11T02:50:00Z,0d7f133d47c328c44896236cb0b14157f358f67af161327e907f1d2a537518ae,2024-11-11T02:50:00Z,2684.77,2678.85,2024-12-01T00:00:00Z,2024-11-08T21:00:00Z,0.0,LONG,0.36239744208499197,-50.0,M5_LATEST_CONFIRMED_OPPOSING_SWING_ELSE_CONTROL,2024-11-11T02:50:00Z,CONFIRMED_25_75_RETEST_SPLIT,2684.77,True,80c5e05f3fb32310b2ed03d26935dd6b5ac88a1579fcfc8ff3b0f7d82b643331,1.0124526825395024,0.3994537906038267,2024_11,-1.0,-1.0,STOP,2024-11-11T03:05:00Z,SPLIT_STOP_STOP,d18eac00399b1cc4675dbb00512f15e5bf8f8d336ed4d15b8428449d017ea345,2024-11-11T03:01:00Z,FIRST_RETEST_FILLED,2024-11-11T03:05:00Z,2024-11-11T02:50:00Z,2684.55,True,True,RECLAIM_CONFIRMATION_STOP,115f0417eb1632dd9ca48b8f394d4a7fc19fe4644926706b44c86f0967dfd777,70bbb3fc62c4a7dcd6bdf1339e45255898749a8c7040b14e8905cf91e821bd62,2682.624607142857,1.1078571428572235,0.05539285714286118,,M5_LATEST_CONFIRMED_OPPOSING_SWING_ELSE_CONTROL,True,c3502e2e0b423edc3f03136b8681309c8a2f1779f62df2506eb477af05545528,2024-11-11T02:30:00Z,2682.68,2704.01,f0c84917a7dd4ae99c9fe68b7a5302e3b79c8c37ec8c925e9af21c47758f02d1
cfa63a21aa631b7f0a9caba79fa3b3ed3920cd1634e08fb8eaf141156580894b,2684.55,2024-11-11T02:50:00Z,0d7f133d47c328c44896236cb0b14157f358f67af161327e907f1d2a537518ae,2024-11-11T02:50:00Z,2684.77,2678.85,2024-12-01T00:00:00Z,2024-11-08T21:00:00Z,0.0,LONG,1.0,-50.0,CONTROL_V2_FILLED_STOP,2024-11-11T02:50:00Z,CONFIRMED_25_75_RETEST_SPLIT,2684.77,True,4c21634dfa0cf26d6eed9f972d7632192551b341e74437b8c776fe79844251f7,1.363260135135067,0.1367087482218552,2024_11,-1.0,-1.0,STOP,2024-11-11T03:05:00Z,SPLIT_STOP_STOP,f41643fd51a13d4f8ddd50c6f29cb19ef75efe10c208bd231fea11e6601b6a1a,2024-11-11T03:05:00Z,FIRST_RETEST_FILLED,2024-11-11T03:05:00Z,2024-11-11T02:50:00Z,2684.55,True,True,RECLAIM_CONFIRMATION_STOP,e98f04cec2818ed2800b1508543ac2062529f3c7c26f2f4ae1ce223ab6c15735,70bbb3fc62c4a7dcd6bdf1339e45255898749a8c7040b14e8905cf91e821bd62,2678.85,2.29071428571433,0.1145357142857165,NOT_STRICTLY_CLOSER_THAN_CONTROL,M15_LATEST_CONFIRMED_OPPOSING_SWING_ELSE_CONTROL,False,31dd965ca516192a8a80d67fcfce71c44636a41578f610548c7264223cbbef6e,2024-11-11T01:45:00Z,2678.87,2704.01,f0c84917a7dd4ae99c9fe68b7a5302e3b79c8c37ec8c925e9af21c47758f02d1
cfa63a21aa631b7f0a9caba79fa3b3ed3920cd1634e08fb8eaf141156580894b,2684.55,2024-11-11T02:50:00Z,0d7f133d47c328c44896236cb0b14157f358f67af161327e907f1d2a537518ae,2024-11-11T02:50:00Z,2684.77,2678.85,2024-12-01T00:00:00Z,2024-11-08T21:00:00Z,0.0,LONG,0.3803933397683027,-50.0,H1_SOURCE_SWING_BUFFERED_ELSE_CONTROL,2024-11-11T02:50:00Z,CONFIRMED_25_75_RETEST_SPLIT,2684.77,True,d2e8832359032652334cb61d72a2dd7deeaa4c62a7180b6f3e48e34bd0085372,1.8056813892290706,0.3788801607597714,2024_11,-1.0,-1.0,STOP,2024-11-11T03:05:00Z,SPLIT_STOP_STOP,984d8567b2f09c17c797a32f9788a4ce532f4843b645f97a8116f0ce034598a5,2024-11-11T03:02:00Z,FIRST_RETEST_FILLED,2024-11-11T03:05:00Z,2024-11-11T02:50:00Z,2684.55,True,True,RECLAIM_CONFIRMATION_STOP,a9648ecdb8629baf5f34294188fd6c210af171e61a806adcec5c3f583127e46d,70bbb3fc62c4a7dcd6bdf1339e45255898749a8c7040b14e8905cf91e821bd62,2682.5180714285716,7.638571428571465,0.3819285714285733,,H1_SOURCE_SWING_BUFFERED_ELSE_CONTROL,True,70bbb3fc62c4a7dcd6bdf1339e45255898749a8c7040b14e8905cf91e821bd62,2024-11-08T21:00:00Z,2682.9,2704.01,f0c84917a7dd4ae99c9fe68b7a5302e3b79c8c37ec8c925e9af21c47758f02d1
e4f8fbce2549e4f6e7eced98157c0e59e81b12dfdd6888cdd401f338037d47d8,2671.03,2024-11-11T07:05:00Z,05c4aedc2549cc0628d069bd04d5904a49d1d16b0a8e6cecdfb619df720f74f3,2024-11-11T07:05:00Z,2673.95,2666.55,2024-12-01T00:00:00Z,2024-11-11T07:00:00Z,0.0,LONG,1.0,-50.0,CONTROL_V2_FILLED_STOP,2024-11-11T07:05:00Z,CONTROL_NEXT_M1_OPEN,2673.95,True,09dd15125ec98760de47d3bfba331eb2bae52eb3b0487cf1dcfc24b17fd77d05,1.0851351351351541,0.027027027027065227,2024_11,-1.0,-1.0,STOP,2024-11-11T11:20:00Z,STOP,0d59cc9c8bee42bb07e10b45271864cc33471d0476a801401a09da64dac8a433,2024-11-11T11:20:00Z,FIRST_RETEST_FILLED,2024-11-11T07:20:00Z,2024-11-11T07:14:00Z,2671.03,True,False,INITIAL_CONFIRMATION_STOP,f1ac906aa8b94f623fa1787ed1dfa0f3764bdcb7f49faf1a2d268b4953abbd98,d40ce4ee5c5cc319b794106835334ce974a1a602a6ddc6f9441c391044543c27,2666.55,,,,CONTROL_V2_FILLED_STOP,False,,2024-11-11T07:05:00Z,2666.55,2704.01,b200219441d13d1b85d654619effc2a8f95f565719d088c925facd4181cbaa1f
e4f8fbce2549e4f6e7eced98157c0e59e81b12dfdd6888cdd401f338037d47d8,2671.03,2024-11-11T07:05:00Z,05c4aedc2549cc0628d069bd04d5904a49d1d16b0a8e6cecdfb619df720f74f3,2024-11-11T07:05:00Z,2673.95,2666.55,2024-12-01T00:00:00Z,2024-11-11T07:00:00Z,0.0,LONG,0.7014044401544051,-50.0,M5_LATEST_CONFIRMED_OPPOSING_SWING_ELSE_CONTROL,2024-11-11T07:05:00Z,CONTROL_NEXT_M1_OPEN,2673.95,True,b2bffa17df83788b3645e209f5047d0a0d37d7420633489beee2138570b8e5fa,1.3351590507188051,0.032752819426017224,2024_11,-1.0,-1.0,STOP,2024-11-11T11:20:00Z,STOP,a635e00167c9f6da533591ef25cdef62d12623db2eacdb6086684e381c152596,2024-11-11T07:22:00Z,FIRST_RETEST_FILLED,2024-11-11T07:20:00Z,2024-11-11T07:14:00Z,2671.03,True,False,INITIAL_CONFIRMATION_STOP,b8a4e0b14ca97f5f2c6b0836f4b6aadb9972a724a0b6bf042fb78c6b9449e3c8,d40ce4ee5c5cc319b794106835334ce974a1a602a6ddc6f9441c391044543c27,2668.7596071428575,1.2078571428570999,0.060392857142855,,M5_LATEST_CONFIRMED_OPPOSING_SWING_ELSE_CONTROL,True,61d227d33eba44a3cb567a1fc9c93bec450530972cfbf855d06fe864a3599294,2024-11-11T07:05:00Z,2668.82,2704.01,b200219441d13d1b85d654619effc2a8f95f565719d088c925facd4181cbaa1f
e4f8fbce2549e4f6e7eced98157c0e59e81b12dfdd6888cdd401f338037d47d8,2671.03,2024-11-11T07:05:00Z,05c4aedc2549cc0628d069bd04d5904a49d1d16b0a8e6cecdfb619df720f74f3,2024-11-11T07:05:00Z,2673.95,2666.55,2024-12-01T00:00:00Z,2024-11-11T07:00:00Z,0.0,LONG,0.8230501930501636,-50.0,M15_LATEST_CONFIRMED_OPPOSING_SWING_ELSE_CONTROL,2024-11-11T07:05:00Z,CONTROL_NEXT_M1_OPEN,2673.95,True,95e253c7d14097c54da9cd1443024a88e9fbb6ad5ed4150a4183044f9dd4d83c,1.1378242717080962,0.027911995121279037,2024_11,-1.0,-1.0,STOP,2024-11-11T11:20:00Z,STOP,47277c6a9de1931957cb8398694381639980191f00c7c4676314e3fdbcd46fdc,2024-11-11T07:22:00Z,FIRST_RETEST_FILLED,2024-11-11T07:20:00Z,2024-11-11T07:14:00Z,2671.03,True,False,INITIAL_CONFIRMATION_STOP,6dcb46f6e3138addbe9368b73a80ab3a7dcf73cbdda6c5e6191e19da688767eb,d40ce4ee5c5cc319b794106835334ce974a1a602a6ddc6f9441c391044543c27,2667.859428571429,3.011428571428561,0.15057142857142805,,M15_LATEST_CONFIRMED_OPPOSING_SWING_ELSE_CONTROL,True,347bb541d7e677ddbbc0fc93d64db588b9b3f04697b56a5aadd62551993a0e0d,2024-11-11T06:15:00Z,2668.01,2704.01,b200219441d13d1b85d654619effc2a8f95f565719d088c925facd4181cbaa1f
e4f8fbce2549e4f6e7eced98157c0e59e81b12dfdd6888cdd401f338037d47d8,2671.03,2024-11-11T07:05:00Z,05c4aedc2549cc0628d069bd04d5904a49d1d16b0a8e6cecdfb619df720f74f3,2024-11-11T07:05:00Z,2673.95,2666.55,2024-12-01T00:00:00Z,2024-11-11T07:00:00Z,0.0,LONG,1.0,-50.0,CONTROL_V2_FILLED_STOP,2024-11-11T07:05:00Z,CONTROL_NEXT_M1_OPEN,2673.95,True,3de8b89fa129c99f47cca752a24a1c3cace3af6a7e47b3e1bf869536bb13d2d0,1.0851351351351541,0.027027027027065227,2024_11,-1.0,-1.0,STOP,2024-11-11T11:20:00Z,STOP,6b6d67d7b1cb0147ebe3efa0110e8da0520e5432f3141dd78f306d64709ed3c3,2024-11-11T11:20:00Z,FIRST_RETEST_FILLED,2024-11-11T07:20:00Z,2024-11-11T07:14:00Z,2671.03,True,False,INITIAL_CONFIRMATION_STOP,e735dbeea34132f09cb8b91d952e90bdc7414ec046c2452ba77a998287a7a7c6,d40ce4ee5c5cc319b794106835334ce974a1a602a6ddc6f9441c391044543c27,2666.55,7.396428571428585,0.36982142857142924,NOT_STRICTLY_CLOSER_THAN_CONTROL,H1_SOURCE_SWING_BUFFERED_ELSE_CONTROL,False,d40ce4ee5c5cc319b794106835334ce974a1a602a6ddc6f9441c391044543c27,2024-11-11T07:00:00Z,2666.55,2704.01,b200219441d13d1b85d654619effc2a8f95f565719d088c925facd4181cbaa1f
e4f8fbce2549e4f6e7eced98157c0e59e81b12dfdd6888cdd401f338037d47d8,2671.03,2024-11-11T07:05:00Z,05c4aedc2549cc0628d069bd04d5904a49d1d16b0a8e6cecdfb619df720f74f3,2024-11-11T07:05:00Z,2673.95,2666.55,2024-12-01T00:00:00Z,2024-11-11T07:00:00Z,0.0,LONG,1.0,-50.0,CONTROL_V2_FILLED_STOP,2024-11-11T07:14:00Z,M5_BROKEN_CONTROL_FIRST_RETEST,2671.03,True,09dd15125ec98760de47d3bfba331eb2bae52eb3b0487cf1dcfc24b17fd77d05,1.1406250000000238,0.6964285714285442,2024_11,-1.0,-1.0,STOP,2024-11-11T11:20:00Z,STOP,4b0be0fa20ed4d0656bbe1c07ea645615fcde121535e5a5bc8befd20ed45f7f0,2024-11-11T11:20:00Z,FIRST_RETEST_FILLED,2024-11-11T07:20:00Z,2024-11-11T07:14:00Z,2671.03,True,True,INITIAL_CONFIRMATION_STOP,977b8d50ecb6036eb672cdb366dc72347e9dcacf82d3ca5451779ac1ef6545fa,d40ce4ee5c5cc319b794106835334ce974a1a602a6ddc6f9441c391044543c27,2666.55,,,,CONTROL_V2_FILLED_STOP,False,,2024-11-11T07:05:00Z,2666.55,2704.01,b200219441d13d1b85d654619effc2a8f95f565719d088c925facd4181cbaa1f
e4f8fbce2549e4f6e7eced98157c0e59e81b12dfdd6888cdd401f338037d47d8,2671.03,2024-11-11T07:05:00Z,05c4aedc2549cc0628d069bd04d5904a49d1d16b0a8e6cecdfb619df720f74f3,2024-11-11T07:05:00Z,2673.95,2666.55,2024-12-01T00:00:00Z,2024-11-11T07:00:00Z,0.0,LONG,0.7014044401544051,-50.0,M5_LATEST_CONFIRMED_OPPOSING_SWING_ELSE_CONTROL,2024-11-11T07:14:00Z,M5_BROKEN_CONTROL_FIRST_RETEST,2671.03,True,b2bffa17df83788b3645e209f5047d0a0d37d7420633489beee2138570b8e5fa,1.766214154252925,0.44926145569522524,2024_11,-1.0,-1.0,STOP,2024-11-11T11:20:00Z,STOP,2bb002d7110455535c44e27d9eacb1bc5f6a6fd35943fc0415719f91446f1b3b,2024-11-11T07:22:00Z,FIRST_RETEST_FILLED,2024-11-11T07:20:00Z,2024-11-11T07:14:00Z,2671.03,True,True,INITIAL_CONFIRMATION_STOP,9a5ab1c6184005561adc5f81506fcc6945a861afa4c0023d7a943698225659d6,d40ce4ee5c5cc319b794106835334ce974a1a602a6ddc6f9441c391044543c27,2668.7596071428575,1.2078571428570999,0.060392857142855,,M5_LATEST_CONFIRMED_OPPOSING_SWING_ELSE_CONTROL,True,61d227d33eba44a3cb567a1fc9c93bec450530972cfbf855d06fe864a3599294,2024-11-11T07:05:00Z,2668.82,2704.01,b200219441d13d1b85d654619effc2a8f95f565719d088c925facd4181cbaa1f
e4f8fbce2549e4f6e7eced98157c0e59e81b12dfdd6888cdd401f338037d47d8,2671.03,2024-11-11T07:05:00Z,05c4aedc2549cc0628d069bd04d5904a49d1d16b0a8e6cecdfb619df720f74f3,2024-11-11T07:05:00Z,2673.95,2666.55,2024-12-01T00:00:00Z,2024-11-11T07:00:00Z,0.0,LONG,0.8230501930501636,-50.0,M15_LATEST_CONFIRMED_OPPOSING_SWING_ELSE_CONTROL,2024-11-11T07:14:00Z,M5_BROKEN_CONTROL_FIRST_RETEST,2671.03,True,95e253c7d14097c54da9cd1443024a88e9fbb6ad5ed4150a4183044f9dd4d83c,1.264756240425463,0.3217085698837604,2024_11,-1.0,-1.0,STOP,2024-11-11T11:20:00Z,STOP,a6c0a3054b62b85b612f03673e553a212281206f718d7061bb0ca4db7918259b,2024-11-11T07:22:00Z,FIRST_RETEST_FILLED,2024-11-11T07:20:00Z,2024-11-11T07:14:00Z,2671.03,True,True,INITIAL_CONFIRMATION_STOP,1095189fe1830b922a785b0e70c07187ef8fd73849835965b47462bba4aafda7,d40ce4ee5c5cc319b794106835334ce974a1a602a6ddc6f9441c391044543c27,2667.859428571429,3.011428571428561,0.15057142857142805,,M15_LATEST_CONFIRMED_OPPOSING_SWING_ELSE_CONTROL,True,347bb541d7e677ddbbc0fc93d64db588b9b3f04697b56a5aadd62551993a0e0d,2024-11-11T06:15:00Z,2668.01,2704.01,b200219441d13d1b85d654619effc2a8f95f565719d088c925facd4181cbaa1f
e4f8fbce2549e4f6e7eced98157c0e59e81b12dfdd6888cdd401f338037d47d8,2671.03,2024-11-11T07:05:00Z,05c4aedc2549cc0628d069bd04d5904a49d1d16b0a8e6cecdfb619df720f74f3,2024-11-11T07:05:00Z,2673.95,2666.55,2024-12-01T00:00:00Z,2024-11-11T07:00:00Z,0.0,LONG,1.0,-50.0,CONTROL_V2_FILLED_STOP,2024-11-11T07:14:00Z,M5_BROKEN_CONTROL_FIRST_RETEST,2671.03,True,3de8b89fa129c99f47cca752a24a1c3cace3af6a7e47b3e1bf869536bb13d2d0,1.1406250000000238,0.6964285714285442,2024_11,-1.0,-1.0,STOP,2024-11-11T11:20:00Z,STOP,2e90aac0171185cc16608b833ef6356c1589d841865dd4728cc641db9d7febf0,2024-11-11T11:20:00Z,FIRST_RETEST_FILLED,2024-11-11T07:20:00Z,2024-11-11T07:14:00Z,2671.03,True,True,INITIAL_CONFIRMATION_STOP,33d6d0c9cbcfe5557877f5ff771c1a9c439d6950bc04d912f48508298ee12a45,d40ce4ee5c5cc319b794106835334ce974a1a602a6ddc6f9441c391044543c27,2666.55,7.396428571428585,0.36982142857142924,NOT_STRICTLY_CLOSER_THAN_CONTROL,H1_SOURCE_SWING_BUFFERED_ELSE_CONTROL,False,d40ce4ee5c5cc319b794106835334ce974a1a602a6ddc6f9441c391044543c27,2024-11-11T07:00:00Z,2666.55,2704.01,b200219441d13d1b85d654619effc2a8f95f565719d088c925facd4181cbaa1f
e4f8fbce2549e4f6e7eced98157c0e59e81b12dfdd6888cdd401f338037d47d8,2671.03,2024-11-11T07:05:00Z,05c4aedc2549cc0628d069bd04d5904a49d1d16b0a8e6cecdfb619df720f74f3,2024-11-11T07:05:00Z,2673.95,2666.55,2024-12-01T00:00:00Z,2024-11-11T07:00:00Z,0.0,LONG,1.0,-50.0,CONTROL_V2_FILLED_STOP,2024-11-11T07:05:00Z,CONFIRMED_25_75_RETEST_SPLIT,2673.95,True,09dd15125ec98760de47d3bfba331eb2bae52eb3b0487cf1dcfc24b17fd77d05,1.1267525337838062,0.5290781853281745,2024_11,-1.0,-1.0,STOP,2024-11-11T11:20:00Z,SPLIT_STOP_STOP,537b7eee994202c958db6c6bec5a7453d0c2c6d63dc1f810f4bd3390e6a17c64,2024-11-11T11:20:00Z,FIRST_RETEST_FILLED,2024-11-11T07:20:00Z,2024-11-11T07:14:00Z,2671.03,True,True,INITIAL_CONFIRMATION_STOP,b8ce7638af875f5f47a858c69e86e4f0214c0171bbd48c7ee459c6215ec8407d,d40ce4ee5c5cc319b794106835334ce974a1a602a6ddc6f9441c391044543c27,2666.55,,,,CONTROL_V2_FILLED_STOP,False,,2024-11-11T07:05:00Z,2666.55,2704.01,b200219441d13d1b85d654619effc2a8f95f565719d088c925facd4181cbaa1f
e4f8fbce2549e4f6e7eced98157c0e59e81b12dfdd6888cdd401f338037d47d8,2671.03,2024-11-11T07:05:00Z,05c4aedc2549cc0628d069bd04d5904a49d1d16b0a8e6cecdfb619df720f74f3,2024-11-11T07:05:00Z,2673.95,2666.55,2024-12-01T00:00:00Z,2024-11-11T07:00:00Z,0.0,LONG,0.7014044401544051,-50.0,M5_LATEST_CONFIRMED_OPPOSING_SWING_ELSE_CONTROL,2024-11-11T07:05:00Z,CONFIRMED_25_75_RETEST_SPLIT,2673.95,True,b2bffa17df83788b3645e209f5047d0a0d37d7420633489beee2138570b8e5fa,1.6584503783693951,0.3451342966279232,2024_11,-1.0,-1.0,STOP,2024-11-11T11:20:00Z,SPLIT_STOP_STOP,7a2c8c8144d6db3fb4bafb2c1a69e41043a0bb1911b8cd5202daa5f3518c0bd3,2024-11-11T07:22:00Z,FIRST_RETEST_FILLED,2024-11-11T07:20:00Z,2024-11-11T07:14:00Z,2671.03,True,True,INITIAL_CONFIRMATION_STOP,4af5580062111f949f100e662de24e75d8c469ccf88ee71dff450ea653fadfd1,d40ce4ee5c5cc319b794106835334ce974a1a602a6ddc6f9441c391044543c27,2668.7596071428575,1.2078571428570999,0.060392857142855,,M5_LATEST_CONFIRMED_OPPOSING_SWING_ELSE_CONTROL,True,61d227d33eba44a3cb567a1fc9c93bec450530972cfbf855d06fe864a3599294,2024-11-11T07:05:00Z,2668.82,2704.01,b200219441d13d1b85d654619effc2a8f95f565719d088c925facd4181cbaa1f
e4f8fbce2549e4f6e7eced98157c0e59e81b12dfdd6888cdd401f338037d47d8,2671.03,2024-11-11T07:05:00Z,05c4aedc2549cc0628d069bd04d5904a49d1d16b0a8e6cecdfb619df720f74f3,2024-11-11T07:05:00Z,2673.95,2666.55,2024-12-01T00:00:00Z,2024-11-11T07:00:00Z,0.0,LONG,0.8230501930501636,-50.0,M15_LATEST_CONFIRMED_OPPOSING_SWING_ELSE_CONTROL,2024-11-11T07:05:00Z,CONFIRMED_25_75_RETEST_SPLIT,2673.95,True,95e253c7d14097c54da9cd1443024a88e9fbb6ad5ed4150a4183044f9dd4d83c,1.2330232482461214,0.24825942619314006,2024_11,-1.0,-1.0,STOP,2024-11-11T11:20:00Z,SPLIT_STOP_STOP,7279ab92606cecbdc5079675548b5ae0af7c6c728036ca4fcf1826b1128f83cc,2024-11-11T07:22:00Z,FIRST_RETEST_FILLED,2024-11-11T07:20:00Z,2024-11-11T07:14:00Z,2671.03,True,True,INITIAL_CONFIRMATION_STOP,95fb381dc181cd2ad9a69753b864559f36fc8eb1a61f0bed419026684f042263,d40ce4ee5c5cc319b794106835334ce974a1a602a6ddc6f9441c391044543c27,2667.859428571429,3.011428571428561,0.15057142857142805,,M15_LATEST_CONFIRMED_OPPOSING_SWING_ELSE_CONTROL,True,347bb541d7e677ddbbc0fc93d64db588b9b3f04697b56a5aadd62551993a0e0d,2024-11-11T06:15:00Z,2668.01,2704.01,b200219441d13d1b85d654619effc2a8f95f565719d088c925facd4181cbaa1f
e4f8fbce2549e4f6e7eced98157c0e59e81b12dfdd6888cdd401f338037d47d8,2671.03,2024-11-11T07:05:00Z,05c4aedc2549cc0628d069bd04d5904a49d1d16b0a8e6cecdfb619df720f74f3,2024-11-11T07:05:00Z,2673.95,2666.55,2024-12-01T00:00:00Z,2024-11-11T07:00:00Z,0.0,LONG,1.0,-50.0,CONTROL_V2_FILLED_STOP,2024-11-11T07:05:00Z,CONFIRMED_25_75_RETEST_SPLIT,2673.95,True,3de8b89fa129c99f47cca752a24a1c3cace3af6a7e47b3e1bf869536bb13d2d0,1.1267525337838062,0.5290781853281745,2024_11,-1.0,-1.0,STOP,2024-11-11T11:20:00Z,SPLIT_STOP_STOP,650f6837a303c46d473da511073354a4231dc1495a18163c3428472888ffeebc,2024-11-11T11:20:00Z,FIRST_RETEST_FILLED,2024-11-11T07:20:00Z,2024-11-11T07:14:00Z,2671.03,True,True,INITIAL_CONFIRMATION_STOP,abfc2501cd4c8ca7ec70b9ae6f5b378dfd2c26fb70eadab8c2365cca200fc8f2,d40ce4ee5c5cc319b794106835334ce974a1a602a6ddc6f9441c391044543c27,2666.55,7.396428571428585,0.36982142857142924,NOT_STRICTLY_CLOSER_THAN_CONTROL,H1_SOURCE_SWING_BUFFERED_ELSE_CONTROL,False,d40ce4ee5c5cc319b794106835334ce974a1a602a6ddc6f9441c391044543c27,2024-11-11T07:00:00Z,2666.55,2704.01,b200219441d13d1b85d654619effc2a8f95f565719d088c925facd4181cbaa1f
b76d454d549e7b676860556d2d7e424e888868c032154678d8301f46934bb5db,2669.42,2024-11-11T10:05:00Z,a53d887845d0dd05e6cd3535c28619055898240c20698c4669c866bb5fdfc90c,2024-11-11T10:05:00Z,2669.26,2674.34,2024-12-01T00:00:00Z,2024-11-11T10:00:00Z,0.0,SHORT,1.0,26.673228346457435,CONTROL_V2_FILLED_STOP,2024-11-11T10:05:00Z,CONTROL_NEXT_M1_OPEN,2669.26,True,2b20bc412ad1cbbead6215bebb0b5e0bee23c0cc1076e293b764424552c3d9e0,0.4980314960629491,0.6574803149606679,2024_11,0.5334645669291487,0.5334645669291487,TARGET,2024-11-11T11:20:00Z,TARGET,27596acbaad8bb8876cc24e66c95577d92fe12a8e44cbdfe8293c5b113923a51,2024-11-11T11:20:00Z,FIRST_RETEST_FILLED,2024-11-11T10:20:00Z,2024-11-11T10:05:00Z,2669.42,True,False,INITIAL_CONFIRMATION_TARGET,ce848dc322724b61d080d54310cabe26cfc7337fa2ba930e8005b1b301f7530a,fd18a5b55d3bf3a6a68306869f78564538a9284724d170b4fb75e48dbb6c27c3,2674.34,,,,CONTROL_V2_FILLED_STOP,False,,2024-11-11T10:05:00Z,2674.34,2666.55,90204d2d1b41f877a9f5ad6412b66bcb12e5c5bbb73ffb5a05aad45e534b6792
b76d454d549e7b676860556d2d7e424e888868c032154678d8301f46934bb5db,2669.42,2024-11-11T10:05:00Z,a53d887845d0dd05e6cd3535c28619055898240c20698c4669c866bb5fdfc90c,2024-11-11T10:05:00Z,2669.26,2674.34,2024-12-01T00:00:00Z,2024-11-11T10:00:00Z,0.22867359823436162,SHORT,0.6999578177727109,38.106908258175515,M5_LATEST_CONFIRMED_OPPOSING_SWING_ELSE_CONTROL,2024-11-11T10:05:00Z,CONTROL_NEXT_M1_OPEN,2669.26,True,d0387772b36bff04ae047bdabe7b8b9bbc9f8f87d0efb24e427ea6da9f05489a,0.7115164420160374,0.93931419617941,2024_11,0.7621381651635103,0.5334645669291487,TARGET,2024-11-11T11:20:00Z,TARGET,712af5e4a49b9b3e4781b67e911cc7b38bb0fe5d974ea664726cb82067789848,2024-11-11T11:20:00Z,FIRST_RETEST_FILLED,2024-11-11T10:20:00Z,2024-11-11T10:05:00Z,2669.42,True,False,INITIAL_CONFIRMATION_TARGET,a160bdf77ba8fa3af3de4c4cc5912ea2f787f2f3350791b62e655b0b0d523a22,fd18a5b55d3bf3a6a68306869f78564538a9284724d170b4fb75e48dbb6c27c3,2672.8157857142855,1.7157142857143495,0.08578571428571748,,M5_LATEST_CONFIRMED_OPPOSING_SWING_ELSE_CONTROL,True,6a0387293a90eff0901deefb07d6f34596de3b375573b77c09ec0f28a94ef19a,2024-11-11T09:45:00Z,2672.73,2666.55,90204d2d1b41f877a9f5ad6412b66bcb12e5c5bbb73ffb5a05aad45e534b6792
b76d454d549e7b676860556d2d7e424e888868c032154678d8301f46934bb5db,2669.42,2024-11-11T10:05:00Z,a53d887845d0dd05e6cd3535c28619055898240c20698c4669c866bb5fdfc90c,2024-11-11T10:05:00Z,2669.26,2674.34,2024-12-01T00:00:00Z,2024-11-11T10:00:00Z,0.012627220823357765,SHORT,0.9768771091114072,27.30458938762532,M15_LATEST_CONFIRMED_OPPOSING_SWING_ELSE_CONTROL,2024-11-11T10:05:00Z,CONTROL_NEXT_M1_OPEN,2669.26,True,339ef20db1930708ca92e423c79edbd243cf7a9f410e6246b47c6c9e729649ba,0.5098200084921342,0.673043015163626,2024_11,0.5460917877525064,0.5334645669291487,TARGET,2024-11-11T11:20:00Z,TARGET,a29e0ed39cb3bc6c34b18718a625c85c0864bb8b1dc9871725e701a685ed98b6,2024-11-11T11:20:00Z,FIRST_RETEST_FILLED,2024-11-11T10:20:00Z,2024-11-11T10:05:00Z,2669.42,True,False,INITIAL_CONFIRMATION_TARGET,fddf318e81dcab78edd3479c13835ccdcdfd159c4f07e63b9c44237bcd0304da,fd18a5b55d3bf3a6a68306869f78564538a9284724d170b4fb75e48dbb6c27c3,2674.222535714286,3.050714285714321,0.15253571428571605,,M15_LATEST_CONFIRMED_OPPOSING_SWING_ELSE_CONTROL,True,d7848ff2093fda2c151ae87f69525b3757fea467df6dcb45c22045e5e39e426e,2024-11-11T09:45:00Z,2674.07,2666.55,90204d2d1b41f877a9f5ad6412b66bcb12e5c5bbb73ffb5a05aad45e534b6792
b76d454d549e7b676860556d2d7e424e888868c032154678d8301f46934bb5db,2669.42,2024-11-11T10:05:00Z,a53d887845d0dd05e6cd3535c28619055898240c20698c4669c866bb5fdfc90c,2024-11-11T10:05:00Z,2669.26,2674.34,2024-12-01T00:00:00Z,2024-11-11T10:00:00Z,0.0,SHORT,1.0,26.673228346457435,CONTROL_V2_FILLED_STOP,2024-11-11T10:05:00Z,CONTROL_NEXT_M1_OPEN,2669.26,True,4dea776bafefe925f2f014d1597484e6062f3e7d527f6541f4ee1dd127a268fb,0.4980314960629491,0.6574803149606679,2024_11,0.5334645669291487,0.5334645669291487,TARGET,2024-11-11T11:20:00Z,TARGET,f4375fa61b04bec1f6a2d44a13c7ebb49d58c3c64bd9d2c6a3a08f42bd4208bc,2024-11-11T11:20:00Z,FIRST_RETEST_FILLED,2024-11-11T10:20:00Z,2024-11-11T10:05:00Z,2669.42,True,False,INITIAL_CONFIRMATION_TARGET,bdce3dc3558f40e76e46c5a24563b95db8ada3c9d8847d373d89075d9dd3d925,fd18a5b55d3bf3a6a68306869f78564538a9284724d170b4fb75e48dbb6c27c3,2674.34,5.927142857142859,0.29635714285714293,NOT_STRICTLY_CLOSER_THAN_CONTROL,H1_SOURCE_SWING_BUFFERED_ELSE_CONTROL,False,fd18a5b55d3bf3a6a68306869f78564538a9284724d170b4fb75e48dbb6c27c3,2024-11-11T10:00:00Z,2674.34,2666.55,90204d2d1b41f877a9f5ad6412b66bcb12e5c5bbb73ffb5a05aad45e534b6792
b76d454d549e7b676860556d2d7e424e888868c032154678d8301f46934bb5db,2669.42,2024-11-11T10:05:00Z,a53d887845d0dd05e6cd3535c28619055898240c20698c4669c866bb5fdfc90c,2024-11-11T10:05:00Z,2669.26,2674.34,2024-12-01T00:00:00Z,2024-11-11T10:00:00Z,0.04986876640415383,SHORT,1.0,29.166666666665126,CONTROL_V2_FILLED_STOP,2024-11-11T10:05:00Z,M5_BROKEN_CONTROL_FIRST_RETEST,2669.42,True,2b20bc412ad1cbbead6215bebb0b5e0bee23c0cc1076e293b764424552c3d9e0,0.4817073170731414,0.7113821138211277,2024_11,0.5833333333333025,0.5334645669291487,TARGET,2024-11-11T11:20:00Z,TARGET,653e25489eee809730d10f8343c645dc1a42312afad8c71ea65a9b4d8319953b,2024-11-11T11:20:00Z,FIRST_RETEST_FILLED,2024-11-11T10:20:00Z,2024-11-11T10:05:00Z,2669.42,True,True,INITIAL_CONFIRMATION_TARGET,1d3da3777d94e633761f2557533e73467e5cbd74fdd23760f7c0324ef4ccb5de,fd18a5b55d3bf3a6a68306869f78564538a9284724d170b4fb75e48dbb6c27c3,2674.34,,,,CONTROL_V2_FILLED_STOP,False,,2024-11-11T10:05:00Z,2674.34,2666.55,90204d2d1b41f877a9f5ad6412b66bcb12e5c5bbb73ffb5a05aad45e534b6792
b76d454d549e7b676860556d2d7e424e888868c032154678d8301f46934bb5db,2669.42,2024-11-11T10:05:00Z,a53d887845d0dd05e6cd3535c28619055898240c20698c4669c866bb5fdfc90c,2024-11-11T10:05:00Z,2669.26,2674.34,2024-12-01T00:00:00Z,2024-11-11T10:00:00Z,0.3117006588759754,SHORT,0.6999578177727109,42.25826129025621,M5_LATEST_CONFIRMED_OPPOSING_SWING_ELSE_CONTROL,2024-11-11T10:05:00Z,M5_BROKEN_CONTROL_FIRST_RETEST,2669.42,True,d0387772b36bff04ae047bdabe7b8b9bbc9f8f87d0efb24e427ea6da9f05489a,0.6979238972676405,1.0306892997623858,2024_11,0.8451652258051241,0.5334645669291487,TARGET,2024-11-11T11:20:00Z,TARGET,f1f5abc64aae1b8f1734ef7118de0ca5242e5afe2e62222a7c69ad3bfd1eea3f,2024-11-11T11:20:00Z,FIRST_RETEST_FILLED,2024-11-11T10:20:00Z,2024-11-11T10:05:00Z,2669.42,True,True,INITIAL_CONFIRMATION_TARGET,72af3f58d5a722a70cbb677b40ab4a21b74b001405ba7d8f4d0606085dd837a4,fd18a5b55d3bf3a6a68306869f78564538a9284724d170b4fb75e48dbb6c27c3,2672.8157857142855,1.7157142857143495,0.08578571428571748,,M5_LATEST_CONFIRMED_OPPOSING_SWING_ELSE_CONTROL,True,6a0387293a90eff0901deefb07d6f34596de3b375573b77c09ec0f28a94ef19a,2024-11-11T09:45:00Z,2672.73,2666.55,90204d2d1b41f877a9f5ad6412b66bcb12e5c5bbb73ffb5a05aad45e534b6792
b76d454d549e7b676860556d2d7e424e888868c032154678d8301f46934bb5db,2669.42,2024-11-11T10:05:00Z,a53d887845d0dd05e6cd3535c28619055898240c20698c4669c866bb5fdfc90c,2024-11-11T10:05:00Z,2669.26,2674.34,2024-12-01T00:00:00Z,2024-11-11T10:00:00Z,0.06413640279660471,SHORT,0.9768771091114072,29.88004848628767,M15_LATEST_CONFIRMED_OPPOSING_SWING_ELSE_CONTROL,2024-11-11T10:05:00Z,M5_BROKEN_CONTROL_FIRST_RETEST,2669.42,True,339ef20db1930708ca92e423c79edbd243cf7a9f410e6246b47c6c9e729649ba,0.4934893025261408,0.7287816703972879,2024_11,0.5976009697257534,0.5334645669291487,TARGET,2024-11-11T11:20:00Z,TARGET,916500700737581ab8e1a5be550506e03d3486e2d2b2e2afa08b65b3853746ad,2024-11-11T11:20:00Z,FIRST_RETEST_FILLED,2024-11-11T10:20:00Z,2024-11-11T10:05:00Z,2669.42,True,True,INITIAL_CONFIRMATION_TARGET,80824be20cbc837b19071a68a73866fe4bff2f369689b4d4656d15689e008458,fd18a5b55d3bf3a6a68306869f78564538a9284724d170b4fb75e48dbb6c27c3,2674.222535714286,3.050714285714321,0.15253571428571605,,M15_LATEST_CONFIRMED_OPPOSING_SWING_ELSE_CONTROL,True,d7848ff2093fda2c151ae87f69525b3757fea467df6dcb45c22045e5e39e426e,2024-11-11T09:45:00Z,2674.07,2666.55,90204d2d1b41f877a9f5ad6412b66bcb12e5c5bbb73ffb5a05aad45e534b6792
b76d454d549e7b676860556d2d7e424e888868c032154678d8301f46934bb5db,2669.42,2024-11-11T10:05:00Z,a53d887845d0dd05e6cd3535c28619055898240c20698c4669c866bb5fdfc90c,2024-11-11T10:05:00Z,2669.26,2674.34,2024-12-01T00:00:00Z,2024-11-11T10:00:00Z,0.04986876640415383,SHORT,1.0,29.166666666665126,CONTROL_V2_FILLED_STOP,2024-11-11T10:05:00Z,M5_BROKEN_CONTROL_FIRST_RETEST,2669.42,True,4dea776bafefe925f2f014d1597484e6062f3e7d527f6541f4ee1dd127a268fb,0.4817073170731414,0.7113821138211277,2024_11,0.5833333333333025,0.5334645669291487,TARGET,2024-11-11T11:20:00Z,TARGET,215e7bd6db9263e74379adfdaf08696481749296793b3482bbb10fcfdaf8dd96,2024-11-11T11:20:00Z,FIRST_RETEST_FILLED,2024-11-11T10:20:00Z,2024-11-11T10:05:00Z,2669.42,True,True,INITIAL_CONFIRMATION_TARGET,68ed6a34c110dbf960cbdf22dbde2f023ab1e6475d1f1d86c0f0d1bbe9ddcb41,fd18a5b55d3bf3a6a68306869f78564538a9284724d170b4fb75e48dbb6c27c3,2674.34,5.927142857142859,0.29635714285714293,NOT_STRICTLY_CLOSER_THAN_CONTROL,H1_SOURCE_SWING_BUFFERED_ELSE_CONTROL,False,fd18a5b55d3bf3a6a68306869f78564538a9284724d170b4fb75e48dbb6c27c3,2024-11-11T10:00:00Z,2674.34,2666.55,90204d2d1b41f877a9f5ad6412b66bcb12e5c5bbb73ffb5a05aad45e534b6792
b76d454d549e7b676860556d2d7e424e888868c032154678d8301f46934bb5db,2669.42,2024-11-11T10:05:00Z,a53d887845d0dd05e6cd3535c28619055898240c20698c4669c866bb5fdfc90c,2024-11-11T10:05:00Z,2669.26,2674.34,2024-12-01T00:00:00Z,2024-11-11T10:00:00Z,0.037401574803115345,SHORT,1.0,28.5433070866132,CONTROL_V2_FILLED_STOP,2024-11-11T10:05:00Z,CONFIRMED_25_75_RETEST_SPLIT,2669.26,True,2b20bc412ad1cbbead6215bebb0b5e0bee23c0cc1076e293b764424552c3d9e0,0.4857883618205933,0.6979066641060128,2024_11,0.570866141732264,0.5334645669291487,TARGET,2024-11-11T11:20:00Z,SPLIT_TARGET_TARGET,f63cfaefaee543bba2c25214b78b022dd49dcdcfb972ea00ae012fc3aaee0bd6,2024-11-11T11:20:00Z,FIRST_RETEST_FILLED,2024-11-11T10:20:00Z,2024-11-11T10:05:00Z,2669.42,True,True,INITIAL_CONFIRMATION_TARGET,254a6eac76ddbb5f12b1071ff5b5d4b39d78a7b2d087c243f1d85c4281bc2f3a,fd18a5b55d3bf3a6a68306869f78564538a9284724d170b4fb75e48dbb6c27c3,2674.34,,,,CONTROL_V2_FILLED_STOP,False,,2024-11-11T10:05:00Z,2674.34,2666.55,90204d2d1b41f877a9f5ad6412b66bcb12e5c5bbb73ffb5a05aad45e534b6792
b76d454d549e7b676860556d2d7e424e888868c032154678d8301f46934bb5db,2669.42,2024-11-11T10:05:00Z,a53d887845d0dd05e6cd3535c28619055898240c20698c4669c866bb5fdfc90c,2024-11-11T10:05:00Z,2669.26,2674.34,2024-12-01T00:00:00Z,2024-11-11T10:00:00Z,0.29094389371557194,SHORT,0.6999578177727109,41.22042303223603,M5_LATEST_CONFIRMED_OPPOSING_SWING_ELSE_CONTROL,2024-11-11T10:05:00Z,CONFIRMED_25_75_RETEST_SPLIT,2669.26,True,d0387772b36bff04ae047bdabe7b8b9bbc9f8f87d0efb24e427ea6da9f05489a,0.7013220334547396,1.0078455238666417,2024_11,0.8244084606447206,0.5334645669291487,TARGET,2024-11-11T11:20:00Z,SPLIT_TARGET_TARGET,b5d45d44d4da73bd0eedaa06bd8bd6f07278be0b4118e2f7f30125d2b37188de,2024-11-11T11:20:00Z,FIRST_RETEST_FILLED,2024-11-11T10:20:00Z,2024-11-11T10:05:00Z,2669.42,True,True,INITIAL_CONFIRMATION_TARGET,e43cbaa77827473fdf61b1d28676b8ba347aa9baa94d9c328aaf1ce203cd2ad1,fd18a5b55d3bf3a6a68306869f78564538a9284724d170b4fb75e48dbb6c27c3,2672.8157857142855,1.7157142857143495,0.08578571428571748,,M5_LATEST_CONFIRMED_OPPOSING_SWING_ELSE_CONTROL,True,6a0387293a90eff0901deefb07d6f34596de3b375573b77c09ec0f28a94ef19a,2024-11-11T09:45:00Z,2672.73,2666.55,90204d2d1b41f877a9f5ad6412b66bcb12e5c5bbb73ffb5a05aad45e534b6792
b76d454d549e7b676860556d2d7e424e888868c032154678d8301f46934bb5db,2669.42,2024-11-11T10:05:00Z,a53d887845d0dd05e6cd3535c28619055898240c20698c4669c866bb5fdfc90c,2024-11-11T10:05:00Z,2669.26,2674.34,2024-12-01T00:00:00Z,2024-11-11T10:00:00Z,0.05125910730329297,SHORT,0.9768771091114072,29.236183711622083,M15_LATEST_CONFIRMED_OPPOSING_SWING_ELSE_CONTROL,2024-11-11T10:05:00Z,CONFIRMED_25_75_RETEST_SPLIT,2669.26,True,339ef20db1930708ca92e423c79edbd243cf7a9f410e6246b47c6c9e729649ba,0.49757197901763917,0.7148470065888723,2024_11,0.5847236742324416,0.5334645669291487,TARGET,2024-11-11T11:20:00Z,SPLIT_TARGET_TARGET,68063d198a0a81c0ca849930a1b29c6314aa9a43f71ba5f853f177fac98aaaec,2024-11-11T11:20:00Z,FIRST_RETEST_FILLED,2024-11-11T10:20:00Z,2024-11-11T10:05:00Z,2669.42,True,True,INITIAL_CONFIRMATION_TARGET,41098163fc6e8ace871fc6ef8f56f5038c646608b9b610943a88c09b9ce94497,fd18a5b55d3bf3a6a68306869f78564538a9284724d170b4fb75e48dbb6c27c3,2674.222535714286,3.050714285714321,0.15253571428571605,,M15_LATEST_CONFIRMED_OPPOSING_SWING_ELSE_CONTROL,True,d7848ff2093fda2c151ae87f69525b3757fea467df6dcb45c22045e5e39e426e,2024-11-11T09:45:00Z,2674.07,2666.55,90204d2d1b41f877a9f5ad6412b66bcb12e5c5bbb73ffb5a05aad45e534b6792
b76d454d549e7b676860556d2d7e424e888868c032154678d8301f46934bb5db,2669.42,2024-11-11T10:05:00Z,a53d887845d0dd05e6cd3535c28619055898240c20698c4669c866bb5fdfc90c,2024-11-11T10:05:00Z,2669.26,2674.34,2024-12-01T00:00:00Z,2024-11-11T10:00:00Z,0.037401574803115345,SHORT,1.0,28.5433070866132,CONTROL_V2_FILLED_STOP,2024-11-11T10:05:00Z,CONFIRMED_25_75_RETEST_SPLIT,2669.26,True,4dea776bafefe925f2f014d1597484e6062f3e7d527f6541f4ee1dd127a268fb,0.4857883618205933,0.6979066641060128,2024_11,0.570866141732264,0.5334645669291487,TARGET,2024-11-11T11:20:00Z,SPLIT_TARGET_TARGET,4486d537d7a5c271b1f68569333f42b633c8b7fddc3ee5f8b83616e30ca21d92,2024-11-11T11:20:00Z,FIRST_RETEST_FILLED,2024-11-11T10:20:00Z,2024-11-11T10:05:00Z,2669.42,True,True,INITIAL_CONFIRMATION_TARGET,66f770f63c632077df5721ff3a99b7539b3d5c98ff9e90f17466c1a878f1f310,fd18a5b55d3bf3a6a68306869f78564538a9284724d170b4fb75e48dbb6c27c3,2674.34,5.927142857142859,0.29635714285714293,NOT_STRICTLY_CLOSER_THAN_CONTROL,H1_SOURCE_SWING_BUFFERED_ELSE_CONTROL,False,fd18a5b55d3bf3a6a68306869f78564538a9284724d170b4fb75e48dbb6c27c3,2024-11-11T10:00:00Z,2674.34,2666.55,90204d2d1b41f877a9f5ad6412b66bcb12e5c5bbb73ffb5a05aad45e534b6792
db29c19f5b9c00eb6e39e45f517206ec00822a77547922768b1bf4b0b0016713,2622.42,2024-11-12T03:20:00Z,8ac3616f65d3f4dfe233cfa627fd1c6fec0bde034d36ddf475c517f2d748cc11,2024-11-12T03:20:00Z,2621.89,2626.25,2024-12-01T00:00:00Z,2024-11-12T03:00:00Z,0.0,SHORT,1.0,-50.0,CONTROL_V2_FILLED_STOP,2024-11-12T03:20:00Z,CONTROL_NEXT_M1_OPEN,2621.89,True,cc2f175cc942f3c5372e4b39c24f619f928c474c00500c8a2e6439b39939620b,1.1582568807339528,0.6100917431192149,2024_11,-1.0,-1.0,STOP,2024-11-12T03:47:00Z,STOP,9006c80d4408747ede494bd45cc7c68f7a936e9b8718fe025c9c1d20975857a0,2024-11-12T03:47:00Z,FIRST_RETEST_FILLED,2024-11-12T03:35:00Z,2024-11-12T03:20:00Z,2622.42,True,False,INITIAL_CONFIRMATION_STOP,3615ac2c1ffb30718e6264c0ccf62c49675ddec72c903da55bb2b7d5f2774b74,cac638c567f6ea2bc530ce342e558814a7dae040e7bca9e2c50c2291a3699cd8,2626.25,,,,CONTROL_V2_FILLED_STOP,False,,2024-11-12T03:20:00Z,2626.25,2610.71,0169a2ac08b825c3043781261b5975a8eb301fd418da4258d9db91e37360f6e0
db29c19f5b9c00eb6e39e45f517206ec00822a77547922768b1bf4b0b0016713,2622.42,2024-11-12T03:20:00Z,8ac3616f65d3f4dfe233cfa627fd1c6fec0bde034d36ddf475c517f2d748cc11,2024-11-12T03:20:00Z,2621.89,2626.25,2024-12-01T00:00:00Z,2024-11-12T03:00:00Z,0.0,SHORT,0.8918414154653188,-50.0,M5_LATEST_CONFIRMED_OPPOSING_SWING_ELSE_CONTROL,2024-11-12T03:20:00Z,CONTROL_NEXT_M1_OPEN,2621.89,True,dba001d8c43ebdc763395852b3a2dfc163109adbd87edada584a70694a90ed4b,1.2987251552223908,0.6840809728497517,2024_11,-1.0,-1.0,STOP,2024-11-12T03:47:00Z,STOP,5a380e533ccdf6640647f6e7d3d557a8f717bc1befac06dccb06f2db9fc27a5c,2024-11-12T03:47:00Z,FIRST_RETEST_FILLED,2024-11-12T03:35:00Z,2024-11-12T03:20:00Z,2622.42,True,False,INITIAL_CONFIRMATION_STOP,c1723d5c7e97e121926a013dc892a389e4a489e186744b46a10e2df0f70108e6,cac638c567f6ea2bc530ce342e558814a7dae040e7bca9e2c50c2291a3699cd8,2625.778428571429,1.3685714285714181,0.06842857142857091,,M5_LATEST_CONFIRMED_OPPOSING_SWING_ELSE_CONTROL,True,a74b71e6dbf1384ab7522ec58cbf85e7dfa0c5512901d5ef3ff132158b94b527,2024-11-12T03:15:00Z,2625.71,2610.71,0169a2ac08b825c3043781261b5975a8eb301fd418da4258d9db91e37360f6e0
db29c19f5b9c00eb6e39e45f517206ec00822a77547922768b1bf4b0b0016713,2622.42,2024-11-12T03:20:00Z,8ac3616f65d3f4dfe233cfa627fd1c6fec0bde034d36ddf475c517f2d748cc11,2024-11-12T03:20:00Z,2621.89,2626.25,2024-12-01T00:00:00Z,2024-11-12T03:00:00Z,0.0,SHORT,1.0,-50.0,CONTROL_V2_FILLED_STOP,2024-11-12T03:20:00Z,CONTROL_NEXT_M1_OPEN,2621.89,True,afa13036c4479e469f3d3586f2329eef0f0c1571f43e60523c666654f1276010,1.1582568807339528,0.6100917431192149,2024_11,-1.0,-1.0,STOP,2024-11-12T03:47:00Z,STOP,c57db5d3eb0b389c5436b6e1b9dffae5266c6ceff2b5f9bcdff54e13b0c7a058,2024-11-12T03:47:00Z,FIRST_RETEST_FILLED,2024-11-12T03:35:00Z,2024-11-12T03:20:00Z,2622.42,True,False,INITIAL_CONFIRMATION_STOP,0202da3558d9aca61ff39a9895ef653e0b2e21d70db9878850abe05a9b637ea8,cac638c567f6ea2bc530ce342e558814a7dae040e7bca9e2c50c2291a3699cd8,2626.25,2.0649999999999245,0.10324999999999623,NOT_STRICTLY_CLOSER_THAN_CONTROL,M15_LATEST_CONFIRMED_OPPOSING_SWING_ELSE_CONTROL,False,e1cfb2cfa35359c0188697556dc4415ab48d1cad8a68cc573f22f11828d852b6,2024-11-11T23:30:00Z,2626.25,2610.71,0169a2ac08b825c3043781261b5975a8eb301fd418da4258d9db91e37360f6e0
db29c19f5b9c00eb6e39e45f517206ec00822a77547922768b1bf4b0b0016713,2622.42,2024-11-12T03:20:00Z,8ac3616f65d3f4dfe233cfa627fd1c6fec0bde034d36ddf475c517f2d748cc11,2024-11-12T03:20:00Z,2621.89,2626.25,2024-12-01T00:00:00Z,2024-11-12T03:00:00Z,0.0,SHORT,1.0,-50.0,CONTROL_V2_FILLED_STOP,2024-11-12T03:20:00Z,CONTROL_NEXT_M1_OPEN,2621.89,True,7bfac4bb4bd9f9706ef15154ad3f527ad9792a146e3b97983d3dc9044d2f18e6,1.1582568807339528,0.6100917431192149,2024_11,-1.0,-1.0,STOP,2024-11-12T03:47:00Z,STOP,fb0dd046803dbb3d795a6fb138a240b6100d1f6d0dd7cdb52e34f3093d48ab36,2024-11-12T03:47:00Z,FIRST_RETEST_FILLED,2024-11-12T03:35:00Z,2024-11-12T03:20:00Z,2622.42,True,False,INITIAL_CONFIRMATION_STOP,b3e78531ed8d19302511a4dea5e749339f6e3dc79f984a31e521348ef8f0f57d,cac638c567f6ea2bc530ce342e558814a7dae040e7bca9e2c50c2291a3699cd8,2626.25,9.086428571428542,0.4543214285714271,NOT_STRICTLY_CLOSER_THAN_CONTROL,H1_SOURCE_SWING_BUFFERED_ELSE_CONTROL,False,cac638c567f6ea2bc530ce342e558814a7dae040e7bca9e2c50c2291a3699cd8,2024-11-12T03:00:00Z,2626.25,2610.71,0169a2ac08b825c3043781261b5975a8eb301fd418da4258d9db91e37360f6e0
db29c19f5b9c00eb6e39e45f517206ec00822a77547922768b1bf4b0b0016713,2622.42,2024-11-12T03:20:00Z,8ac3616f65d3f4dfe233cfa627fd1c6fec0bde034d36ddf475c517f2d748cc11,2024-11-12T03:20:00Z,2621.89,2626.25,2024-12-01T00:00:00Z,2024-11-12T03:00:00Z,0.0,SHORT,1.0,-50.0,CONTROL_V2_FILLED_STOP,2024-11-12T03:20:00Z,M5_BROKEN_CONTROL_FIRST_RETEST,2622.42,True,cc2f175cc942f3c5372e4b39c24f619f928c474c00500c8a2e6439b39939620b,1.1801566579634641,0.8328981723237898,2024_11,-1.0,-1.0,STOP,2024-11-12T03:47:00Z,STOP,1a705b8c953a75d40e7a8be526cd48e7fe89685189f26c0c7cefb72e8c496013,2024-11-12T03:47:00Z,FIRST_RETEST_FILLED,2024-11-12T03:35:00Z,2024-11-12T03:20:00Z,2622.42,True,True,INITIAL_CONFIRMATION_STOP,76d972a86c38e0808310cc97a807b82280cf98dd7565b4640133724af26563cb,cac638c567f6ea2bc530ce342e558814a7dae040e7bca9e2c50c2291a3699cd8,2626.25,,,,CONTROL_V2_FILLED_STOP,False,,2024-11-12T03:20:00Z,2626.25,2610.71,0169a2ac08b825c3043781261b5975a8eb301fd418da4258d9db91e37360f6e0
db29c19f5b9c00eb6e39e45f517206ec00822a77547922768b1bf4b0b0016713,2622.42,2024-11-12T03:20:00Z,8ac3616f65d3f4dfe233cfa627fd1c6fec0bde034d36ddf475c517f2d748cc11,2024-11-12T03:20:00Z,2621.89,2626.25,2024-12-01T00:00:00Z,2024-11-12T03:00:00Z,0.0,SHORT,0.8918414154653188,-50.0,M5_LATEST_CONFIRMED_OPPOSING_SWING_ELSE_CONTROL,2024-11-12T03:20:00Z,M5_BROKEN_CONTROL_FIRST_RETEST,2622.42,True,dba001d8c43ebdc763395852b3a2dfc163109adbd87edada584a70694a90ed4b,1.3458675400909708,0.949848994002276,2024_11,-1.0,-1.0,STOP,2024-11-12T03:47:00Z,STOP,ca235491d66c4f0e5c744d83aa1be537a7d117e131bdcb54483e787bea813d9f,2024-11-12T03:47:00Z,FIRST_RETEST_FILLED,2024-11-12T03:35:00Z,2024-11-12T03:20:00Z,2622.42,True,True,INITIAL_CONFIRMATION_STOP,3350251e15a2e9a73c279b9cee7de6a2a5bb352b6aeb398204f425d44a1edc8a,cac638c567f6ea2bc530ce342e558814a7dae040e7bca9e2c50c2291a3699cd8,2625.778428571429,1.3685714285714181,0.06842857142857091,,M5_LATEST_CONFIRMED_OPPOSING_SWING_ELSE_CONTROL,True,a74b71e6dbf1384ab7522ec58cbf85e7dfa0c5512901d5ef3ff132158b94b527,2024-11-12T03:15:00Z,2625.71,2610.71,0169a2ac08b825c3043781261b5975a8eb301fd418da4258d9db91e37360f6e0
db29c19f5b9c00eb6e39e45f517206ec00822a77547922768b1bf4b0b0016713,2622.42,2024-11-12T03:20:00Z,8ac3616f65d3f4dfe233cfa627fd1c6fec0bde034d36ddf475c517f2d748cc11,2024-11-12T03:20:00Z,2621.89,2626.25,2024-12-01T00:00:00Z,2024-11-12T03:00:00Z,0.0,SHORT,1.0,-50.0,CONTROL_V2_FILLED_STOP,2024-11-12T03:20:00Z,M5_BROKEN_CONTROL_FIRST_RETEST,2622.42,True,afa13036c4479e469f3d3586f2329eef0f0c1571f43e60523c666654f1276010,1.1801566579634641,0.8328981723237898,2024_11,-1.0,-1.0,STOP,2024-11-12T03:47:00Z,STOP,86bb8bd3dbf8abd9e55e92e7c8edadf0cbf3daf3a07f9ceae88c0960490b575f,2024-11-12T03:47:00Z,FIRST_RETEST_FILLED,2024-11-12T03:35:00Z,2024-11-12T03:20:00Z,2622.42,True,True,INITIAL_CONFIRMATION_STOP,d5812751ac0bc18f1158ea731e536a07e31dd93d176b45138f0219f69a7db64a,cac638c567f6ea2bc530ce342e558814a7dae040e7bca9e2c50c2291a3699cd8,2626.25,2.0649999999999245,0.10324999999999623,NOT_STRICTLY_CLOSER_THAN_CONTROL,M15_LATEST_CONFIRMED_OPPOSING_SWING_ELSE_CONTROL,False,e1cfb2cfa35359c0188697556dc4415ab48d1cad8a68cc573f22f11828d852b6,2024-11-11T23:30:00Z,2626.25,2610.71,0169a2ac08b825c3043781261b5975a8eb301fd418da4258d9db91e37360f6e0
db29c19f5b9c00eb6e39e45f517206ec00822a77547922768b1bf4b0b0016713,2622.42,2024-11-12T03:20:00Z,8ac3616f65d3f4dfe233cfa627fd1c6fec0bde034d36ddf475c517f2d748cc11,2024-11-12T03:20:00Z,2621.89,2626.25,2024-12-01T00:00:00Z,2024-11-12T03:00:00Z,0.0,SHORT,1.0,-50.0,CONTROL_V2_FILLED_STOP,2024-11-12T03:20:00Z,M5_BROKEN_CONTROL_FIRST_RETEST,2622.42,True,7bfac4bb4bd9f9706ef15154ad3f527ad9792a146e3b97983d3dc9044d2f18e6,1.1801566579634641,0.8328981723237898,2024_11,-1.0,-1.0,STOP,2024-11-12T03:47:00Z,STOP,2807850ac0240844aba1aa09238aebf3c01d974918a6f65af7e178459e8fbe7f,2024-11-12T03:47:00Z,FIRST_RETEST_FILLED,2024-11-12T03:35:00Z,2024-11-12T03:20:00Z,2622.42,True,True,INITIAL_CONFIRMATION_STOP,3fa5d5f1b5b04b92328dae62ebb290090eb038172f1822f8575b08b11e57746d,cac638c567f6ea2bc530ce342e558814a7dae040e7bca9e2c50c2291a3699cd8,2626.25,9.086428571428542,0.4543214285714271,NOT_STRICTLY_CLOSER_THAN_CONTROL,H1_SOURCE_SWING_BUFFERED_ELSE_CONTROL,False,cac638c567f6ea2bc530ce342e558814a7dae040e7bca9e2c50c2291a3699cd8,2024-11-12T03:00:00Z,2626.25,2610.71,0169a2ac08b825c3043781261b5975a8eb301fd418da4258d9db91e37360f6e0
db29c19f5b9c00eb6e39e45f517206ec00822a77547922768b1bf4b0b0016713,2622.42,2024-11-12T03:20:00Z,8ac3616f65d3f4dfe233cfa627fd1c6fec0bde034d36ddf475c517f2d748cc11,2024-11-12T03:20:00Z,2621.89,2626.25,2024-12-01T00:00:00Z,2024-11-12T03:00:00Z,0.0,SHORT,1.0,-50.0,CONTROL_V2_FILLED_STOP,2024-11-12T03:20:00Z,CONFIRMED_25_75_RETEST_SPLIT,2621.89,True,cc2f175cc942f3c5372e4b39c24f619f928c474c00500c8a2e6439b39939620b,1.1746817136560863,0.777196565022646,2024_11,-1.0,-1.0,STOP,2024-11-12T03:47:00Z,SPLIT_STOP_STOP,71a3b5ad560477fdc81697a667ff3caa853775c7e241235a164b3366e5e92abd,2024-11-12T03:47:00Z,FIRST_RETEST_FILLED,2024-11-12T03:35:00Z,2024-11-12T03:20:00Z,2622.42,True,True,INITIAL_CONFIRMATION_STOP,d9be775187ae6855b10efc42c5bb9bbeedb12091b4a7ce4c21fc29bf5d634ac1,cac638c567f6ea2bc530ce342e558814a7dae040e7bca9e2c50c2291a3699cd8,2626.25,,,,CONTROL_V2_FILLED_STOP,False,,2024-11-12T03:20:00Z,2626.25,2610.71,0169a2ac08b825c3043781261b5975a8eb301fd418da4258d9db91e37360f6e0
db29c19f5b9c00eb6e39e45f517206ec00822a77547922768b1bf4b0b0016713,2622.42,2024-11-12T03:20:00Z,8ac3616f65d3f4dfe233cfa627fd1c6fec0bde034d36ddf475c517f2d748cc11,2024-11-12T03:20:00Z,2621.89,2626.25,2024-12-01T00:00:00Z,2024-11-12T03:00:00Z,0.0,SHORT,0.8918414154653188,-50.0,M5_LATEST_CONFIRMED_OPPOSING_SWING_ELSE_CONTROL,2024-11-12T03:20:00Z,CONFIRMED_25_75_RETEST_SPLIT,2621.89,True,dba001d8c43ebdc763395852b3a2dfc163109adbd87edada584a70694a90ed4b,1.3340819438738256,0.8834069887141449,2024_11,-1.0,-1.0,STOP,2024-11-12T03:47:00Z,SPLIT_STOP_STOP,70af03fe364991e65c4f87ebe62d5f3733ba6b03a7af59b93cf467e804736009,2024-11-12T03:47:00Z,FIRST_RETEST_FILLED,2024-11-12T03:35:00Z,2024-11-12T03:20:00Z,2622.42,True,True,INITIAL_CONFIRMATION_STOP,ac57515d204cab72dfd118a1900ff6b01c3dfb88ce72192143af5e1affb05a82,cac638c567f6ea2bc530ce342e558814a7dae040e7bca9e2c50c2291a3699cd8,2625.778428571429,1.3685714285714181,0.06842857142857091,,M5_LATEST_CONFIRMED_OPPOSING_SWING_ELSE_CONTROL,True,a74b71e6dbf1384ab7522ec58cbf85e7dfa0c5512901d5ef3ff132158b94b527,2024-11-12T03:15:00Z,2625.71,2610.71,0169a2ac08b825c3043781261b5975a8eb301fd418da4258d9db91e37360f6e0
db29c19f5b9c00eb6e39e45f517206ec00822a77547922768b1bf4b0b0016713,2622.42,2024-11-12T03:20:00Z,8ac3616f65d3f4dfe233cfa627fd1c6fec0bde034d36ddf475c517f2d748cc11,2024-11-12T03:20:00Z,2621.89,2626.25,2024-12-01T00:00:00Z,2024-11-12T03:00:00Z,0.0,SHORT,1.0,-50.0,CONTROL_V2_FILLED_STOP,2024-11-12T03:20:00Z,CONFIRMED_25_75_RETEST_SPLIT,2621.89,True,afa13036c4479e469f3d3586f2329eef0f0c1571f43e60523c666654f1276010,1.1746817136560863,0.777196565022646,2024_11,-1.0,-1.0,STOP,2024-11-12T03:47:00Z,SPLIT_STOP_STOP,9f2c34b46c2302a06342daa4358a8c93804967387aa9851569c6917826f530b6,2024-11-12T03:47:00Z,FIRST_RETEST_FILLED,2024-11-12T03:35:00Z,2024-11-12T03:20:00Z,2622.42,True,True,INITIAL_CONFIRMATION_STOP,6d33b3d5e6b4f16033d8824c2cf0a7327cebe3f19bf3eb72a239a37bf90863c1,cac638c567f6ea2bc530ce342e558814a7dae040e7bca9e2c50c2291a3699cd8,2626.25,2.0649999999999245,0.10324999999999623,NOT_STRICTLY_CLOSER_THAN_CONTROL,M15_LATEST_CONFIRMED_OPPOSING_SWING_ELSE_CONTROL,False,e1cfb2cfa35359c0188697556dc4415ab48d1cad8a68cc573f22f11828d852b6,2024-11-11T23:30:00Z,2626.25,2610.71,0169a2ac08b825c3043781261b5975a8eb301fd418da4258d9db91e37360f6e0
db29c19f5b9c00eb6e39e45f517206ec00822a77547922768b1bf4b0b0016713,2622.42,2024-11-12T03:20:00Z,8ac3616f65d3f4dfe233cfa627fd1c6fec0bde034d36ddf475c517f2d748cc11,2024-11-12T03:20:00Z,2621.89,2626.25,2024-12-01T00:00:00Z,2024-11-12T03:00:00Z,0.0,SHORT,1.0,-50.0,CONTROL_V2_FILLED_STOP,2024-11-12T03:20:00Z,CONFIRMED_25_75_RETEST_SPLIT,2621.89,True,7bfac4bb4bd9f9706ef15154ad3f527ad9792a146e3b97983d3dc9044d2f18e6,1.1746817136560863,0.777196565022646,2024_11,-1.0,-1.0,STOP,2024-11-12T03:47:00Z,SPLIT_STOP_STOP,0bb872b9edf8ef84f54bd4a2a43957ce0c547812ef2c40f87b884cd16926dba0,2024-11-12T03:47:00Z,FIRST_RETEST_FILLED,2024-11-12T03:35:00Z,2024-11-12T03:20:00Z,2622.42,True,True,INITIAL_CONFIRMATION_STOP,8bd048a73cc3f48df545f7b04c7f84f449bba1c9f449db9c17f67bada4387a57,cac638c567f6ea2bc530ce342e558814a7dae040e7bca9e2c50c2291a3699cd8,2626.25,9.086428571428542,0.4543214285714271,NOT_STRICTLY_CLOSER_THAN_CONTROL,H1_SOURCE_SWING_BUFFERED_ELSE_CONTROL,False,cac638c567f6ea2bc530ce342e558814a7dae040e7bca9e2c50c2291a3699cd8,2024-11-12T03:00:00Z,2626.25,2610.71,0169a2ac08b825c3043781261b5975a8eb301fd418da4258d9db91e37360f6e0
51559821783d36f35c65c60ae557ef8c40648606d95bf0db72c6cc756d82a9a9,2626.25,2024-11-12T03:50:00Z,8a7b3b758b185930c2cad9c2c16385fe006d677bd2ccebd62157444dc8f42bdd,2024-11-12T03:50:00Z,2626.72,2610.71,2024-12-01T00:00:00Z,2024-11-11T23:00:00Z,0.0,LONG,1.0,-50.0,CONTROL_V2_FILLED_STOP,2024-11-12T03:50:00Z,CONTROL_NEXT_M1_OPEN,2626.72,True,1ef49788ed5af1b34dce25aab8c90b0b9bf911ba8950f3153317392f4e063b41,1.174890693316691,0.0,2024_11,-1.0,-1.0,STOP,2024-11-12T07:30:00Z,STOP,50c79260cc9e12f88c313a97c7b6121f95ec3731d805415e30e3166c218312a1,2024-11-12T07:30:00Z,FIRST_RETEST_FILLED,2024-11-12T04:05:00Z,2024-11-12T03:50:00Z,2626.25,True,False,INITIAL_CONFIRMATION_STOP,0e0015bcf33b44101cbd64d8888afef796229f6404142ddab65b6ef81983ac13,e165cbc57cba9b7fe0f81b92dadc2bba3112eacfc69e94d1b196ec0f678a2658,2610.71,,,,CONTROL_V2_FILLED_STOP,False,,2024-11-12T03:50:00Z,2610.71,2675.27,aa2974a11c8080b610f09093aec4374171ce94e39ec35ef548b28fdde2728e39
51559821783d36f35c65c60ae557ef8c40648606d95bf0db72c6cc756d82a9a9,2626.25,2024-11-12T03:50:00Z,8a7b3b758b185930c2cad9c2c16385fe006d677bd2ccebd62157444dc8f42bdd,2024-11-12T03:50:00Z,2626.72,2610.71,2024-12-01T00:00:00Z,2024-11-11T23:00:00Z,0.0,LONG,0.4742036227357749,-50.0,M5_LATEST_CONFIRMED_OPPOSING_SWING_ELSE_CONTROL,2024-11-12T03:50:00Z,CONTROL_NEXT_M1_OPEN,2626.72,True,2e65ec3058b3f17ca65e8f1fb423d86274ddd58d12bbbd244891dd2935ff3f32,1.0036880927292213,0.0,2024_11,-1.0,-1.0,STOP,2024-11-12T07:30:00Z,STOP,2dd2e08be42a5da3bbc005e8001acf2aeaa87d18f903b1ccc911b1861a334f52,2024-11-12T05:51:00Z,FIRST_RETEST_FILLED,2024-11-12T04:05:00Z,2024-11-12T03:50:00Z,2626.25,True,False,INITIAL_CONFIRMATION_STOP,147fe218d81b288125dfb41101b504118179d030e7a69ecbfde954f845c867ca,e165cbc57cba9b7fe0f81b92dadc2bba3112eacfc69e94d1b196ec0f678a2658,2619.128,2.039999999999996,0.10199999999999981,,M5_LATEST_CONFIRMED_OPPOSING_SWING_ELSE_CONTROL,True,5387d1815bfb8d61b5e78178d4dab53db6d30e87cf42a4b3ab1ecef2c1d6573d,2024-11-12T03:40:00Z,2619.23,2675.27,aa2974a11c8080b610f09093aec4374171ce94e39ec35ef548b28fdde2728e39
51559821783d36f35c65c60ae557ef8c40648606d95bf0db72c6cc756d82a9a9,2626.25,2024-11-12T03:50:00Z,8a7b3b758b185930c2cad9c2c16385fe006d677bd2ccebd62157444dc8f42bdd,2024-11-12T03:50:00Z,2626.72,2610.71,2024-12-01T00:00:00Z,2024-11-11T23:00:00Z,0.0,LONG,0.5056884090300588,-50.0,M15_LATEST_CONFIRMED_OPPOSING_SWING_ELSE_CONTROL,2024-11-12T03:50:00Z,CONTROL_NEXT_M1_OPEN,2626.72,True,777a63bdbfdcbd299d65f5a2082635a34aa2ebee3c637951eb16524ac85aeda4,1.1104151043275108,0.0,2024_11,-1.0,-1.0,STOP,2024-11-12T07:30:00Z,STOP,8bed16d10ca273dd44c5adc3d2dc81c17500526d6f82f33c800b490daf288bf3,2024-11-12T06:00:00Z,FIRST_RETEST_FILLED,2024-11-12T04:05:00Z,2024-11-12T03:50:00Z,2626.25,True,False,INITIAL_CONFIRMATION_STOP,2e246b52b2ea94abd32788628dee3cabff039da9033ebd6d9922ba1421302885,e165cbc57cba9b7fe0f81b92dadc2bba3112eacfc69e94d1b196ec0f678a2658,2618.6239285714287,2.121428571428526,0.10607142857142632,,M15_LATEST_CONFIRMED_OPPOSING_SWING_ELSE_CONTROL,True,00147cfcf005b9088372a6ca5a8343250bbdb72fb471325d680ef60c7e2f65b2,2024-11-12T01:45:00Z,2618.73,2675.27,aa2974a11c8080b610f09093aec4374171ce94e39ec35ef548b28fdde2728e39
51559821783d36f35c65c60ae557ef8c40648606d95bf0db72c6cc756d82a9a9,2626.25,2024-11-12T03:50:00Z,8a7b3b758b185930c2cad9c2c16385fe006d677bd2ccebd62157444dc8f42bdd,2024-11-12T03:50:00Z,2626.72,2610.71,2024-12-01T00:00:00Z,2024-11-11T23:00:00Z,0.0,LONG,1.0,-50.0,CONTROL_V2_FILLED_STOP,2024-11-12T03:50:00Z,CONTROL_NEXT_M1_OPEN,2626.72,True,000afddf6b8c0b7245376f02a7bf0df9e4dbe1d8d60e717888ffceefa17727c8,1.174890693316691,0.0,2024_11,-1.0,-1.0,STOP,2024-11-12T07:30:00Z,STOP,0bf253f83275c3c8f7fde0ffaa2df8f44ec3694954576221a5c538eab27b8420,2024-11-12T07:30:00Z,FIRST_RETEST_FILLED,2024-11-12T04:05:00Z,2024-11-12T03:50:00Z,2626.25,True,False,INITIAL_CONFIRMATION_STOP,aa5d1086d6275d55fee7d66a2c63d8cfdefebe2a3821b3e9530a327f9ab48cba,e165cbc57cba9b7fe0f81b92dadc2bba3112eacfc69e94d1b196ec0f678a2658,2610.71,9.086428571428542,0.4543214285714271,NOT_STRICTLY_CLOSER_THAN_CONTROL,H1_SOURCE_SWING_BUFFERED_ELSE_CONTROL,False,e165cbc57cba9b7fe0f81b92dadc2bba3112eacfc69e94d1b196ec0f678a2658,2024-11-11T23:00:00Z,2610.71,2675.27,aa2974a11c8080b610f09093aec4374171ce94e39ec35ef548b28fdde2728e39
51559821783d36f35c65c60ae557ef8c40648606d95bf0db72c6cc756d82a9a9,2626.25,2024-11-12T03:50:00Z,8a7b3b758b185930c2cad9c2c16385fe006d677bd2ccebd62157444dc8f42bdd,2024-11-12T03:50:00Z,2626.72,2610.71,2024-12-01T00:00:00Z,2024-11-11T23:00:00Z,0.0,LONG,1.0,-50.0,CONTROL_V2_FILLED_STOP,2024-11-12T03:50:00Z,M5_BROKEN_CONTROL_FIRST_RETEST,2626.25,True,1ef49788ed5af1b34dce25aab8c90b0b9bf911ba8950f3153317392f4e063b41,1.1801801801801923,0.03024453024451744,2024_11,-1.0,-1.0,STOP,2024-11-12T07:30:00Z,STOP,213408b3f4a78edc946bf4175ead45b9088c5a1f033ca2d07774f204b923bbe8,2024-11-12T07:30:00Z,FIRST_RETEST_FILLED,2024-11-12T04:05:00Z,2024-11-12T03:50:00Z,2626.25,True,True,INITIAL_CONFIRMATION_STOP,56cc11c5dca4e07f9765500c9179443bcaae90cc8a9cc835983f7c9fd84ad895,e165cbc57cba9b7fe0f81b92dadc2bba3112eacfc69e94d1b196ec0f678a2658,2610.71,,,,CONTROL_V2_FILLED_STOP,False,,2024-11-12T03:50:00Z,2610.71,2675.27,aa2974a11c8080b610f09093aec4374171ce94e39ec35ef548b28fdde2728e39
51559821783d36f35c65c60ae557ef8c40648606d95bf0db72c6cc756d82a9a9,2626.25,2024-11-12T03:50:00Z,8a7b3b758b185930c2cad9c2c16385fe006d677bd2ccebd62157444dc8f42bdd,2024-11-12T03:50:00Z,2626.72,2610.71,2024-12-01T00:00:00Z,2024-11-11T23:00:00Z,0.0,LONG,0.4742036227357749,-50.0,M5_LATEST_CONFIRMED_OPPOSING_SWING_ELSE_CONTROL,2024-11-12T03:50:00Z,M5_BROKEN_CONTROL_FIRST_RETEST,2626.25,True,2e65ec3058b3f17ca65e8f1fb423d86274ddd58d12bbbd244891dd2935ff3f32,1.0039314799214052,0.06599269868011938,2024_11,-1.0,-1.0,STOP,2024-11-12T07:30:00Z,STOP,282d874a07891845907818094b3a321428ac0529a77a59a6f71285d4325107c9,2024-11-12T05:51:00Z,FIRST_RETEST_FILLED,2024-11-12T04:05:00Z,2024-11-12T03:50:00Z,2626.25,True,True,INITIAL_CONFIRMATION_STOP,b99b30a9dae1eefc39f65ebef6679b518bb6a9535544caa4e7ee5eed318b1b86,e165cbc57cba9b7fe0f81b92dadc2bba3112eacfc69e94d1b196ec0f678a2658,2619.128,2.039999999999996,0.10199999999999981,,M5_LATEST_CONFIRMED_OPPOSING_SWING_ELSE_CONTROL,True,5387d1815bfb8d61b5e78178d4dab53db6d30e87cf42a4b3ab1ecef2c1d6573d,2024-11-12T03:40:00Z,2619.23,2675.27,aa2974a11c8080b610f09093aec4374171ce94e39ec35ef548b28fdde2728e39
51559821783d36f35c65c60ae557ef8c40648606d95bf0db72c6cc756d82a9a9,2626.25,2024-11-12T03:50:00Z,8a7b3b758b185930c2cad9c2c16385fe006d677bd2ccebd62157444dc8f42bdd,2024-11-12T03:50:00Z,2626.72,2610.71,2024-12-01T00:00:00Z,2024-11-11T23:00:00Z,0.0,LONG,0.5056884090300588,-50.0,M15_LATEST_CONFIRMED_OPPOSING_SWING_ELSE_CONTROL,2024-11-12T03:50:00Z,M5_BROKEN_CONTROL_FIRST_RETEST,2626.25,True,777a63bdbfdcbd299d65f5a2082635a34aa2ebee3c637951eb16524ac85aeda4,1.1172200627546613,0.061630684212965775,2024_11,-1.0,-1.0,STOP,2024-11-12T07:30:00Z,STOP,b0ba5017276e9ffbc7686f662d432751184a31b380cb0d39b8e02d92ef67c3c1,2024-11-12T06:00:00Z,FIRST_RETEST_FILLED,2024-11-12T04:05:00Z,2024-11-12T03:50:00Z,2626.25,True,True,INITIAL_CONFIRMATION_STOP,79bf532d92b549fd96bb8f25145b5b7836a941e64d4087117c3b28fd268a1976,e165cbc57cba9b7fe0f81b92dadc2bba3112eacfc69e94d1b196ec0f678a2658,2618.6239285714287,2.121428571428526,0.10607142857142632,,M15_LATEST_CONFIRMED_OPPOSING_SWING_ELSE_CONTROL,True,00147cfcf005b9088372a6ca5a8343250bbdb72fb471325d680ef60c7e2f65b2,2024-11-12T01:45:00Z,2618.73,2675.27,aa2974a11c8080b610f09093aec4374171ce94e39ec35ef548b28fdde2728e39
51559821783d36f35c65c60ae557ef8c40648606d95bf0db72c6cc756d82a9a9,2626.25,2024-11-12T03:50:00Z,8a7b3b758b185930c2cad9c2c16385fe006d677bd2ccebd62157444dc8f42bdd,2024-11-12T03:50:00Z,2626.72,2610.71,2024-12-01T00:00:00Z,2024-11-11T23:00:00Z,0.0,LONG,1.0,-50.0,CONTROL_V2_FILLED_STOP,2024-11-12T03:50:00Z,M5_BROKEN_CONTROL_FIRST_RETEST,2626.25,True,000afddf6b8c0b7245376f02a7bf0df9e4dbe1d8d60e717888ffceefa17727c8,1.1801801801801923,0.03024453024451744,2024_11,-1.0,-1.0,STOP,2024-11-12T07:30:00Z,STOP,057c6de276857a7f92d6c161e19609a9504e6be26c1c85aa143fd4ff33a76788,2024-11-12T07:30:00Z,FIRST_RETEST_FILLED,2024-11-12T04:05:00Z,2024-11-12T03:50:00Z,2626.25,True,True,INITIAL_CONFIRMATION_STOP,05d5dfca3bd609be6246defdf371afbb9156ef75c26c6e6cf552705193c359fe,e165cbc57cba9b7fe0f81b92dadc2bba3112eacfc69e94d1b196ec0f678a2658,2610.71,9.086428571428542,0.4543214285714271,NOT_STRICTLY_CLOSER_THAN_CONTROL,H1_SOURCE_SWING_BUFFERED_ELSE_CONTROL,False,e165cbc57cba9b7fe0f81b92dadc2bba3112eacfc69e94d1b196ec0f678a2658,2024-11-11T23:00:00Z,2610.71,2675.27,aa2974a11c8080b610f09093aec4374171ce94e39ec35ef548b28fdde2728e39
51559821783d36f35c65c60ae557ef8c40648606d95bf0db72c6cc756d82a9a9,2626.25,2024-11-12T03:50:00Z,8a7b3b758b185930c2cad9c2c16385fe006d677bd2ccebd62157444dc8f42bdd,2024-11-12T03:50:00Z,2626.72,2610.71,2024-12-01T00:00:00Z,2024-11-11T23:00:00Z,0.0,LONG,1.0,-50.0,CONTROL_V2_FILLED_STOP,2024-11-12T03:50:00Z,CONFIRMED_25_75_RETEST_SPLIT,2626.72,True,1ef49788ed5af1b34dce25aab8c90b0b9bf911ba8950f3153317392f4e063b41,1.1788578084643169,0.02268339768338808,2024_11,-1.0,-1.0,STOP,2024-11-12T07:30:00Z,SPLIT_STOP_STOP,fd94f299c9a18914f6308551aab84af265b2a641323583f46559549289330050,2024-11-12T07:30:00Z,FIRST_RETEST_FILLED,2024-11-12T04:05:00Z,2024-11-12T03:50:00Z,2626.25,True,True,INITIAL_CONFIRMATION_STOP,fb94acc94c3f4321b16b80e3b0fe9d75dfc161a86dbd0ac81870aa43037ba397,e165cbc57cba9b7fe0f81b92dadc2bba3112eacfc69e94d1b196ec0f678a2658,2610.71,,,,CONTROL_V2_FILLED_STOP,False,,2024-11-12T03:50:00Z,2610.71,2675.27,aa2974a11c8080b610f09093aec4374171ce94e39ec35ef548b28fdde2728e39
51559821783d36f35c65c60ae557ef8c40648606d95bf0db72c6cc756d82a9a9,2626.25,2024-11-12T03:50:00Z,8a7b3b758b185930c2cad9c2c16385fe006d677bd2ccebd62157444dc8f42bdd,2024-11-12T03:50:00Z,2626.72,2610.71,2024-12-01T00:00:00Z,2024-11-11T23:00:00Z,0.0,LONG,0.4742036227357749,-50.0,M5_LATEST_CONFIRMED_OPPOSING_SWING_ELSE_CONTROL,2024-11-12T03:50:00Z,CONFIRMED_25_75_RETEST_SPLIT,2626.72,True,2e65ec3058b3f17ca65e8f1fb423d86274ddd58d12bbbd244891dd2935ff3f32,1.0038706331233591,0.04949452401008954,2024_11,-1.0,-1.0,STOP,2024-11-12T07:30:00Z,SPLIT_STOP_STOP,ef612ffe5ce0a011d1228979ac54733a849a4564d7341f75602d4ecf572635c9,2024-11-12T05:51:00Z,FIRST_RETEST_FILLED,2024-11-12T04:05:00Z,2024-11-12T03:50:00Z,2626.25,True,True,INITIAL_CONFIRMATION_STOP,08af2441b8f21c6276957ec2a9760fb59d88b4cf46a1d0261c5c1925e31fa144,e165cbc57cba9b7fe0f81b92dadc2bba3112eacfc69e94d1b196ec0f678a2658,2619.128,2.039999999999996,0.10199999999999981,,M5_LATEST_CONFIRMED_OPPOSING_SWING_ELSE_CONTROL,True,5387d1815bfb8d61b5e78178d4dab53db6d30e87cf42a4b3ab1ecef2c1d6573d,2024-11-12T03:40:00Z,2619.23,2675.27,aa2974a11c8080b610f09093aec4374171ce94e39ec35ef548b28fdde2728e39
51559821783d36f35c65c60ae557ef8c40648606d95bf0db72c6cc756d82a9a9,2626.25,2024-11-12T03:50:00Z,8a7b3b758b185930c2cad9c2c16385fe006d677bd2ccebd62157444dc8f42bdd,2024-11-12T03:50:00Z,2626.72,2610.71,2024-12-01T00:00:00Z,2024-11-11T23:00:00Z,0.0,LONG,0.5056884090300588,-50.0,M15_LATEST_CONFIRMED_OPPOSING_SWING_ELSE_CONTROL,2024-11-12T03:50:00Z,CONFIRMED_25_75_RETEST_SPLIT,2626.72,True,777a63bdbfdcbd299d65f5a2082635a34aa2ebee3c637951eb16524ac85aeda4,1.1155188231478737,0.04622301315972433,2024_11,-1.0,-1.0,STOP,2024-11-12T07:30:00Z,SPLIT_STOP_STOP,a4c20bce040eb3791f88e6eec216a12a0c8ee2156683364cd5429d13de92b5b7,2024-11-12T06:00:00Z,FIRST_RETEST_FILLED,2024-11-12T04:05:00Z,2024-11-12T03:50:00Z,2626.25,True,True,INITIAL_CONFIRMATION_STOP,4a2f087a8cebbb0ef865169824a2449bb764f79be500da41c05e5b8d4aab7ed1,e165cbc57cba9b7fe0f81b92dadc2bba3112eacfc69e94d1b196ec0f678a2658,2618.6239285714287,2.121428571428526,0.10607142857142632,,M15_LATEST_CONFIRMED_OPPOSING_SWING_ELSE_CONTROL,True,00147cfcf005b9088372a6ca5a8343250bbdb72fb471325d680ef60c7e2f65b2,2024-11-12T01:45:00Z,2618.73,2675.27,aa2974a11c8080b610f09093aec4374171ce94e39ec35ef548b28fdde2728e39
51559821783d36f35c65c60ae557ef8c40648606d95bf0db72c6cc756d82a9a9,2626.25,2024-11-12T03:50:00Z,8a7b3b758b185930c2cad9c2c16385fe006d677bd2ccebd62157444dc8f42bdd,2024-11-12T03:50:00Z,2626.72,2610.71,2024-12-01T00:00:00Z,2024-11-11T23:00:00Z,0.0,LONG,1.0,-50.0,CONTROL_V2_FILLED_STOP,2024-11-12T03:50:00Z,CONFIRMED_25_75_RETEST_SPLIT,2626.72,True,000afddf6b8c0b7245376f02a7bf0df9e4dbe1d8d60e717888ffceefa17727c8,1.1788578084643169,0.02268339768338808,2024_11,-1.0,-1.0,STOP,2024-11-12T07:30:00Z,SPLIT_STOP_STOP,bf9645ce69e40848dcd53a1c2a3cf53e7aec0c4da87d2d2266176f089af7065b,2024-11-12T07:30:00Z,FIRST_RETEST_FILLED,2024-11-12T04:05:00Z,2024-11-12T03:50:00Z,2626.25,True,True,INITIAL_CONFIRMATION_STOP,2473644970766f652d638f2fd303abd7227934a5d05de8991a307b670a55374e,e165cbc57cba9b7fe0f81b92dadc2bba3112eacfc69e94d1b196ec0f678a2658,2610.71,9.086428571428542,0.4543214285714271,NOT_STRICTLY_CLOSER_THAN_CONTROL,H1_SOURCE_SWING_BUFFERED_ELSE_CONTROL,False,e165cbc57cba9b7fe0f81b92dadc2bba3112eacfc69e94d1b196ec0f678a2658,2024-11-11T23:00:00Z,2610.71,2675.27,aa2974a11c8080b610f09093aec4374171ce94e39ec35ef548b28fdde2728e39
6f7569f0c3149f819b1a2aef8c7d0a2c5234bc15db7cee7722936eaacbc4b0cc,2621.72,2024-11-12T06:05:00Z,13cfbc04d42c9506e71c17110973aaf294a5847dd8a83f1ebc438c2e0719d755,2024-11-12T06:05:00Z,2617.59,2627.12,2024-12-01T00:00:00Z,2024-11-12T06:00:00Z,0.0,SHORT,1.0,36.09653725078852,CONTROL_V2_FILLED_STOP,2024-11-12T06:05:00Z,CONTROL_NEXT_M1_OPEN,2617.59,True,ac5c13ec9197057238d53a3def257fb516422a77c8b22faaf5114489d1caaa98,0.061909758656842236,1.0157397691501102,2024_11,0.7219307450157705,0.7219307450157705,TARGET,2024-11-12T07:30:00Z,TARGET,da7bcbd6dd8b24ea7b85c2ab75bfdf1f0a2771179aa7690a3c42b7aa4f1adf28,2024-11-12T07:30:00Z,RETEST_EXPIRED,2024-11-12T06:20:00Z,,2621.72,False,False,INITIAL_CONFIRMATION_TARGET,20c3ea60a2853b5dc84b7baf292e4c82c6fe98861d505f898a6bba441a80c102,0ff3ac4dc17879ec49f499eaea7168358eb7c8a58644ef73d28af911e4092809,2627.12,,,,CONTROL_V2_FILLED_STOP,False,,2024-11-12T06:05:00Z,2627.12,2610.71,9401e3da0f3e3a1f9efc010baa35c5aea78ab572e841ddca5064a4ada395b269
6f7569f0c3149f819b1a2aef8c7d0a2c5234bc15db7cee7722936eaacbc4b0cc,2621.72,2024-11-12T06:05:00Z,13cfbc04d42c9506e71c17110973aaf294a5847dd8a83f1ebc438c2e0719d755,2024-11-12T06:05:00Z,2617.59,2627.12,2024-12-01T00:00:00Z,2024-11-12T06:00:00Z,0.3846932590284128,SHORT,0.6523722080647607,55.33120020220916,M5_LATEST_CONFIRMED_OPPOSING_SWING_ELSE_CONTROL,2024-11-12T06:05:00Z,CONTROL_NEXT_M1_OPEN,2617.59,True,4c85c168dce01e39bf8a9bbfe7d433494a496e4108e24f80643bd6c3c01bcdad,0.0948994422072261,1.5569942382482336,2024_11,1.1066240040441833,0.7219307450157705,TARGET,2024-11-12T07:30:00Z,TARGET,93413ab60929f5650df598e7680288dbe67b41b3521cea622795e1a67ce36c71,2024-11-12T07:30:00Z,RETEST_EXPIRED,2024-11-12T06:20:00Z,,2621.72,False,False,INITIAL_CONFIRMATION_TARGET,e4b5dd71860786a4366b47b10f286ef63c61fd1bd30e50424041a9568cc2d2ed,0ff3ac4dc17879ec49f499eaea7168358eb7c8a58644ef73d28af911e4092809,2623.807107142857,1.342142857142887,0.06710714285714435,,M5_LATEST_CONFIRMED_OPPOSING_SWING_ELSE_CONTROL,True,c5b67cd957f826dc593858209722b4a959cbbee72dbbdfada7d0c078eeb110ad,2024-11-12T05:40:00Z,2623.74,2610.71,9401e3da0f3e3a1f9efc010baa35c5aea78ab572e841ddca5064a4ada395b269
6f7569f0c3149f819b1a2aef8c7d0a2c5234bc15db7cee7722936eaacbc4b0cc,2621.72,2024-11-12T06:05:00Z,13cfbc04d42c9506e71c17110973aaf294a5847dd8a83f1ebc438c2e0719d755,2024-11-12T06:05:00Z,2617.59,2627.12,2024-12-01T00:00:00Z,2024-11-12T06:00:00Z,0.37078317199844346,SHORT,0.6606768100734088,54.6356958507107,M15_LATEST_CONFIRMED_OPPOSING_SWING_ELSE_CONTROL,2024-11-12T06:05:00Z,CONTROL_NEXT_M1_OPEN,2617.59,True,db401c4438c089989f42bac7239e981ea6e47be659b0e44922257ecf9c8498e2,0.09370657137180788,1.5374230692874624,2024_11,1.092713917014214,0.7219307450157705,TARGET,2024-11-12T07:30:00Z,TARGET,002dc273eb673c9502790a28218bde6e067ee691f9b7baaa79d48c511a451b2f,2024-11-12T07:30:00Z,RETEST_EXPIRED,2024-11-12T06:20:00Z,,2621.72,False,False,INITIAL_CONFIRMATION_TARGET,1475748ee65fc933ec32ea60ce3bf19a3ef34c73774bdb47c63250725194961c,0ff3ac4dc17879ec49f499eaea7168358eb7c8a58644ef73d28af911e4092809,2623.8862499999996,2.925000000000052,0.1462500000000026,,M15_LATEST_CONFIRMED_OPPOSING_SWING_ELSE_CONTROL,True,35ed95f78b15d7f17762331d34208052d93d00335acba76c880e479dddffc6bb,2024-11-12T06:00:00Z,2623.74,2610.71,9401e3da0f3e3a1f9efc010baa35c5aea78ab572e841ddca5064a4ada395b269
6f7569f0c3149f819b1a2aef8c7d0a2c5234bc15db7cee7722936eaacbc4b0cc,2621.72,2024-11-12T06:05:00Z,13cfbc04d42c9506e71c17110973aaf294a5847dd8a83f1ebc438c2e0719d755,2024-11-12T06:05:00Z,2617.59,2627.12,2024-12-01T00:00:00Z,2024-11-12T06:00:00Z,0.0,SHORT,1.0,36.09653725078852,CONTROL_V2_FILLED_STOP,2024-11-12T06:05:00Z,CONTROL_NEXT_M1_OPEN,2617.59,True,efeebbdb2c918220ee2b72293711080ba6fe40f574434076c6d27fcd09370dc5,0.061909758656842236,1.0157397691501102,2024_11,0.7219307450157705,0.7219307450157705,TARGET,2024-11-12T07:30:00Z,TARGET,86ec30fdf70fa17570e3f5e6ffbee57a2745116980c879c426dc3c696c86cda3,2024-11-12T07:30:00Z,RETEST_EXPIRED,2024-11-12T06:20:00Z,,2621.72,False,False,INITIAL_CONFIRMATION_TARGET,f1a0c23a90acb9a56021bd467573832fdb4925b21ae476162e362b63120e524c,0ff3ac4dc17879ec49f499eaea7168358eb7c8a58644ef73d28af911e4092809,2627.12,8.264285714285702,0.4132142857142851,NOT_STRICTLY_CLOSER_THAN_CONTROL,H1_SOURCE_SWING_BUFFERED_ELSE_CONTROL,False,0ff3ac4dc17879ec49f499eaea7168358eb7c8a58644ef73d28af911e4092809,2024-11-12T06:00:00Z,2627.12,2610.71,9401e3da0f3e3a1f9efc010baa35c5aea78ab572e841ddca5064a4ada395b269
6f7569f0c3149f819b1a2aef8c7d0a2c5234bc15db7cee7722936eaacbc4b0cc,2621.72,2024-11-12T06:05:00Z,13cfbc04d42c9506e71c17110973aaf294a5847dd8a83f1ebc438c2e0719d755,2024-11-12T06:05:00Z,2617.59,2627.12,2024-12-01T00:00:00Z,2024-11-12T06:00:00Z,-0.7219307450157705,SHORT,1.0,0.0,CONTROL_V2_FILLED_STOP,,M5_BROKEN_CONTROL_FIRST_RETEST,,False,ac5c13ec9197057238d53a3def257fb516422a77c8b22faaf5114489d1caaa98,,,2024_11,0.0,0.7219307450157705,TARGET,2024-11-12T07:30:00Z,NO_FILL,6b5863b01efba99cd6929e69edefc851ab651c0f66da5b754b06d5fd6532f4f3,,RETEST_EXPIRED,2024-11-12T06:20:00Z,,2621.72,False,False,INITIAL_CONFIRMATION_TARGET,cd8931377d6372fdd0ceb602c63f930fce467c4793a9cca8baaa3925f19394c1,0ff3ac4dc17879ec49f499eaea7168358eb7c8a58644ef73d28af911e4092809,2627.12,,,,CONTROL_V2_FILLED_STOP,False,,2024-11-12T06:05:00Z,2627.12,2610.71,9401e3da0f3e3a1f9efc010baa35c5aea78ab572e841ddca5064a4ada395b269
6f7569f0c3149f819b1a2aef8c7d0a2c5234bc15db7cee7722936eaacbc4b0cc,2621.72,2024-11-12T06:05:00Z,13cfbc04d42c9506e71c17110973aaf294a5847dd8a83f1ebc438c2e0719d755,2024-11-12T06:05:00Z,2617.59,2627.12,2024-12-01T00:00:00Z,2024-11-12T06:00:00Z,-0.7219307450157705,SHORT,0.6523722080647607,0.0,M5_LATEST_CONFIRMED_OPPOSING_SWING_ELSE_CONTROL,,M5_BROKEN_CONTROL_FIRST_RETEST,,False,4c85c168dce01e39bf8a9bbfe7d433494a496e4108e24f80643bd6c3c01bcdad,,,2024_11,0.0,0.7219307450157705,TARGET,2024-11-12T07:30:00Z,NO_FILL,fff53c9d773567821eae3e9a2ce6a9c7950082adc9d1d096cba5c601cb1e0d1c,,RETEST_EXPIRED,2024-11-12T06:20:00Z,,2621.72,False,False,INITIAL_CONFIRMATION_TARGET,5d3fbe568297fec9e8a0f930516321e945909ea98f1f3e737a5d5cd302561948,0ff3ac4dc17879ec49f499eaea7168358eb7c8a58644ef73d28af911e4092809,2623.807107142857,1.342142857142887,0.06710714285714435,,M5_LATEST_CONFIRMED_OPPOSING_SWING_ELSE_CONTROL,True,c5b67cd957f826dc593858209722b4a959cbbee72dbbdfada7d0c078eeb110ad,2024-11-12T05:40:00Z,2623.74,2610.71,9401e3da0f3e3a1f9efc010baa35c5aea78ab572e841ddca5064a4ada395b269
6f7569f0c3149f819b1a2aef8c7d0a2c5234bc15db7cee7722936eaacbc4b0cc,2621.72,2024-11-12T06:05:00Z,13cfbc04d42c9506e71c17110973aaf294a5847dd8a83f1ebc438c2e0719d755,2024-11-12T06:05:00Z,2617.59,2627.12,2024-12-01T00:00:00Z,2024-11-12T06:00:00Z,-0.7219307450157705,SHORT,0.6606768100734088,0.0,M15_LATEST_CONFIRMED_OPPOSING_SWING_ELSE_CONTROL,,M5_BROKEN_CONTROL_FIRST_RETEST,,False,db401c4438c089989f42bac7239e981ea6e47be659b0e44922257ecf9c8498e2,,,2024_11,0.0,0.7219307450157705,TARGET,2024-11-12T07:30:00Z,NO_FILL,dc359530bac3fd8001d23a764ac032c63a9f271edf333556df3ba7beed0bc6a9,,RETEST_EXPIRED,2024-11-12T06:20:00Z,,2621.72,False,False,INITIAL_CONFIRMATION_TARGET,17a5df096442885f6c388cfdc1da0cc09af062873de783a709453a3c8574fa0d,0ff3ac4dc17879ec49f499eaea7168358eb7c8a58644ef73d28af911e4092809,2623.8862499999996,2.925000000000052,0.1462500000000026,,M15_LATEST_CONFIRMED_OPPOSING_SWING_ELSE_CONTROL,True,35ed95f78b15d7f17762331d34208052d93d00335acba76c880e479dddffc6bb,2024-11-12T06:00:00Z,2623.74,2610.71,9401e3da0f3e3a1f9efc010baa35c5aea78ab572e841ddca5064a4ada395b269
6f7569f0c3149f819b1a2aef8c7d0a2c5234bc15db7cee7722936eaacbc4b0cc,2621.72,2024-11-12T06:05:00Z,13cfbc04d42c9506e71c17110973aaf294a5847dd8a83f1ebc438c2e0719d755,2024-11-12T06:05:00Z,2617.59,2627.12,2024-12-01T00:00:00Z,2024-11-12T06:00:00Z,-0.7219307450157705,SHORT,1.0,0.0,CONTROL_V2_FILLED_STOP,,M5_BROKEN_CONTROL_FIRST_RETEST,,False,efeebbdb2c918220ee2b72293711080ba6fe40f574434076c6d27fcd09370dc5,,,2024_11,0.0,0.7219307450157705,TARGET,2024-11-12T07:30:00Z,NO_FILL,1de2f84736441885ab73b47e133a34436576ce431c2d3bf3c963578f84e97e54,,RETEST_EXPIRED,2024-11-12T06:20:00Z,,2621.72,False,False,INITIAL_CONFIRMATION_TARGET,1e93360b832463303010eaf9d2616d68a255976feb1c2df3e119eef44e5a7d39,0ff3ac4dc17879ec49f499eaea7168358eb7c8a58644ef73d28af911e4092809,2627.12,8.264285714285702,0.4132142857142851,NOT_STRICTLY_CLOSER_THAN_CONTROL,H1_SOURCE_SWING_BUFFERED_ELSE_CONTROL,False,0ff3ac4dc17879ec49f499eaea7168358eb7c8a58644ef73d28af911e4092809,2024-11-12T06:00:00Z,2627.12,2610.71,9401e3da0f3e3a1f9efc010baa35c5aea78ab572e841ddca5064a4ada395b269
6f7569f0c3149f819b1a2aef8c7d0a2c5234bc15db7cee7722936eaacbc4b0cc,2621.72,2024-11-12T06:05:00Z,13cfbc04d42c9506e71c17110973aaf294a5847dd8a83f1ebc438c2e0719d755,2024-11-12T06:05:00Z,2617.59,2627.12,2024-12-01T00:00:00Z,2024-11-12T06:00:00Z,-0.5414480587618279,SHORT,1.0,9.02413431269713,CONTROL_V2_FILLED_STOP,2024-11-12T06:05:00Z,CONFIRMED_25_75_RETEST_SPLIT,2617.59,True,ac5c13ec9197057238d53a3def257fb516422a77c8b22faaf5114489d1caaa98,0.015477439664210559,0.25393494228752755,2024_11,0.18048268625394262,0.7219307450157705,TARGET,2024-11-12T07:30:00Z,SPLIT_CONTROL_TARGET_NO_RETEST,f62c98e0aa1dd24285fa38d25f7ace926686453f42e2cfa0d9ba13a992069ab6,2024-11-12T07:30:00Z,RETEST_EXPIRED,2024-11-12T06:20:00Z,,2621.72,False,False,INITIAL_CONFIRMATION_TARGET,268dab3dd3f43114acdd971525f17022caaf7d220590f540f3548506e9d9d692,0ff3ac4dc17879ec49f499eaea7168358eb7c8a58644ef73d28af911e4092809,2627.12,,,,CONTROL_V2_FILLED_STOP,False,,2024-11-12T06:05:00Z,2627.12,2610.71,9401e3da0f3e3a1f9efc010baa35c5aea78ab572e841ddca5064a4ada395b269
6f7569f0c3149f819b1a2aef8c7d0a2c5234bc15db7cee7722936eaacbc4b0cc,2621.72,2024-11-12T06:05:00Z,13cfbc04d42c9506e71c17110973aaf294a5847dd8a83f1ebc438c2e0719d755,2024-11-12T06:05:00Z,2617.59,2627.12,2024-12-01T00:00:00Z,2024-11-12T06:00:00Z,-0.44527474400472467,SHORT,0.6523722080647607,13.83280005055229,M5_LATEST_CONFIRMED_OPPOSING_SWING_ELSE_CONTROL,2024-11-12T06:05:00Z,CONFIRMED_25_75_RETEST_SPLIT,2617.59,True,4c85c168dce01e39bf8a9bbfe7d433494a496e4108e24f80643bd6c3c01bcdad,0.023724860551806524,0.3892485595620584,2024_11,0.2766560010110458,0.7219307450157705,TARGET,2024-11-12T07:30:00Z,SPLIT_CONTROL_TARGET_NO_RETEST,bb01bdfafe9241fc684b3dc93a82b6750a04f7695206701090fbd95b8d89b44b,2024-11-12T07:30:00Z,RETEST_EXPIRED,2024-11-12T06:20:00Z,,2621.72,False,False,INITIAL_CONFIRMATION_TARGET,401de638596464afa0ce8a4a1ee6c7c4dba6084d3485765ec860ab1c7284cc5e,0ff3ac4dc17879ec49f499eaea7168358eb7c8a58644ef73d28af911e4092809,2623.807107142857,1.342142857142887,0.06710714285714435,,M5_LATEST_CONFIRMED_OPPOSING_SWING_ELSE_CONTROL,True,c5b67cd957f826dc593858209722b4a959cbbee72dbbdfada7d0c078eeb110ad,2024-11-12T05:40:00Z,2623.74,2610.71,9401e3da0f3e3a1f9efc010baa35c5aea78ab572e841ddca5064a4ada395b269
6f7569f0c3149f819b1a2aef8c7d0a2c5234bc15db7cee7722936eaacbc4b0cc,2621.72,2024-11-12T06:05:00Z,13cfbc04d42c9506e71c17110973aaf294a5847dd8a83f1ebc438c2e0719d755,2024-11-12T06:05:00Z,2617.59,2627.12,2024-12-01T00:00:00Z,2024-11-12T06:00:00Z,-0.448752265762217,SHORT,0.6606768100734088,13.658923962677674,M15_LATEST_CONFIRMED_OPPOSING_SWING_ELSE_CONTROL,2024-11-12T06:05:00Z,CONFIRMED_25_75_RETEST_SPLIT,2617.59,True,db401c4438c089989f42bac7239e981ea6e47be659b0e44922257ecf9c8498e2,0.02342664284295197,0.3843557673218656,2024_11,0.2731784792535535,0.7219307450157705,TARGET,2024-11-12T07:30:00Z,SPLIT_CONTROL_TARGET_NO_RETEST,d60863511d6fcb02cd187c65755cbe9ef869754114afeb171f2e68d02499ffb4,2024-11-12T07:30:00Z,RETEST_EXPIRED,2024-11-12T06:20:00Z,,2621.72,False,False,INITIAL_CONFIRMATION_TARGET,ea9ce01e55aa649a6abc605b9a3789878c7e3199aca4f4a0d9c9e6f974a821e4,0ff3ac4dc17879ec49f499eaea7168358eb7c8a58644ef73d28af911e4092809,2623.8862499999996,2.925000000000052,0.1462500000000026,,M15_LATEST_CONFIRMED_OPPOSING_SWING_ELSE_CONTROL,True,35ed95f78b15d7f17762331d34208052d93d00335acba76c880e479dddffc6bb,2024-11-12T06:00:00Z,2623.74,2610.71,9401e3da0f3e3a1f9efc010baa35c5aea78ab572e841ddca5064a4ada395b269
6f7569f0c3149f819b1a2aef8c7d0a2c5234bc15db7cee7722936eaacbc4b0cc,2621.72,2024-11-12T06:05:00Z,13cfbc04d42c9506e71c17110973aaf294a5847dd8a83f1ebc438c2e0719d755,2024-11-12T06:05:00Z,2617.59,2627.12,2024-12-01T00:00:00Z,2024-11-12T06:00:00Z,-0.5414480587618279,SHORT,1.0,9.02413431269713,CONTROL_V2_FILLED_STOP,2024-11-12T06:05:00Z,CONFIRMED_25_75_RETEST_SPLIT,2617.59,True,efeebbdb2c918220ee2b72293711080ba6fe40f574434076c6d27fcd09370dc5,0.015477439664210559,0.25393494228752755,2024_11,0.18048268625394262,0.7219307450157705,TARGET,2024-11-12T07:30:00Z,SPLIT_CONTROL_TARGET_NO_RETEST,ba1e7456bb5f270800441820c9b74c0a32c7e967009499b936c06858369aaa45,2024-11-12T07:30:00Z,RETEST_EXPIRED,2024-11-12T06:20:00Z,,2621.72,False,False,INITIAL_CONFIRMATION_TARGET,a908c894d0322d205472e60c414262256588480f7b6501b66d3618ddc07d4883,0ff3ac4dc17879ec49f499eaea7168358eb7c8a58644ef73d28af911e4092809,2627.12,8.264285714285702,0.4132142857142851,NOT_STRICTLY_CLOSER_THAN_CONTROL,H1_SOURCE_SWING_BUFFERED_ELSE_CONTROL,False,0ff3ac4dc17879ec49f499eaea7168358eb7c8a58644ef73d28af911e4092809,2024-11-12T06:00:00Z,2627.12,2610.71,9401e3da0f3e3a1f9efc010baa35c5aea78ab572e841ddca5064a4ada395b269
617bb5e44d9502ecf598caa557188a723f8a33fbeb0598f64c7e052d4311ac87,2606.63,2024-11-12T15:10:00Z,a133e22d60b49f6880d9e8ca6e85c25de2ad2889451c3d1684e83d468078a2af,2024-11-12T15:10:00Z,2608.02,2589.69,2024-12-01T00:00:00Z,2024-11-12T15:00:00Z,0.0,LONG,1.0,-50.0,CONTROL_V2_FILLED_STOP,2024-11-12T15:10:00Z,CONTROL_NEXT_M1_OPEN,2608.02,True,e33ebccb03ff9d9148a13345b1799ab39578dbc0af23a33d2d0f3b6f1c8d3ef3,1.118930714675387,0.588652482269504,2024_11,-1.0,-1.0,STOP,2024-11-13T18:34:00Z,STOP,d4e6c6f011b3e74268a57f9705b5f8f677e0e3da50f536aa917acb1221508f16,2024-11-13T18:34:00Z,FIRST_RETEST_FILLED,2024-11-12T15:25:00Z,2024-11-12T15:11:00Z,2606.63,True,False,INITIAL_CONFIRMATION_STOP,a8a6f5ec2dfd2480ef1fdf114480490ea0380b42441a7564452b6ced031a2d5b,ed91bc1adf2d93ff54f16ee7d480e45702617e2ec5d54b896cee0126a17d1f68,2589.69,,,,CONTROL_V2_FILLED_STOP,False,,2024-11-12T15:10:00Z,2589.69,2627.12,ff643bae71dd53cf0eab38677807df20c6e6f3589ac9616dc81d0b92db698ab2
617bb5e44d9502ecf598caa557188a723f8a33fbeb0598f64c7e052d4311ac87,2606.63,2024-11-12T15:10:00Z,a133e22d60b49f6880d9e8ca6e85c25de2ad2889451c3d1684e83d468078a2af,2024-11-12T15:10:00Z,2608.02,2589.69,2024-12-01T00:00:00Z,2024-11-12T15:00:00Z,0.0,LONG,0.37549099836332717,-50.0,M5_LATEST_CONFIRMED_OPPOSING_SWING_ELSE_CONTROL,2024-11-12T15:10:00Z,CONTROL_NEXT_M1_OPEN,2608.02,True,2ee891361f52c10c1401345b9089cb3737f1644686f5d03c465fad72039cfd48,1.1550615669608943,1.3206930369402436,2024_11,-1.0,-1.0,STOP,2024-11-13T18:34:00Z,STOP,13e0d7c81c9b78230ac737bfc930092efc58797b91aa940b7b8a7abcccce5dc5,2024-11-12T17:36:00Z,FIRST_RETEST_FILLED,2024-11-12T15:25:00Z,2024-11-12T15:11:00Z,2606.63,True,False,INITIAL_CONFIRMATION_STOP,42b2f897052d48358463dc7eb22da76f187398f77eaae9b5f19c4730f73ed29d,ed91bc1adf2d93ff54f16ee7d480e45702617e2ec5d54b896cee0126a17d1f68,2601.13725,3.2550000000000443,0.16275000000000223,,M5_LATEST_CONFIRMED_OPPOSING_SWING_ELSE_CONTROL,True,fb72dc77e0729205d893a5e7a4016f3f9d001115011cb93511d56102cdfb17d4,2024-11-12T15:00:00Z,2601.3,2627.12,ff643bae71dd53cf0eab38677807df20c6e6f3589ac9616dc81d0b92db698ab2
617bb5e44d9502ecf598caa557188a723f8a33fbeb0598f64c7e052d4311ac87,2606.63,2024-11-12T15:10:00Z,a133e22d60b49f6880d9e8ca6e85c25de2ad2889451c3d1684e83d468078a2af,2024-11-12T15:10:00Z,2608.02,2589.69,2024-12-01T00:00:00Z,2024-11-12T15:00:00Z,0.0,LONG,1.0,-50.0,CONTROL_V2_FILLED_STOP,2024-11-12T15:10:00Z,CONTROL_NEXT_M1_OPEN,2608.02,True,694c6a30b686f9917e15dcf25f8112963ecb9570f076a9c7510c41060391fb2b,1.118930714675387,0.588652482269504,2024_11,-1.0,-1.0,STOP,2024-11-13T18:34:00Z,STOP,97a84d8732a34389cd11838a740746c2b3062a36dfe4591287a0d3578bed2a5c,2024-11-13T18:34:00Z,FIRST_RETEST_FILLED,2024-11-12T15:25:00Z,2024-11-12T15:11:00Z,2606.63,True,False,INITIAL_CONFIRMATION_STOP,f7048f3d2adfbd29195969947e885f87d7a987615a7a3ca1081fefac04d6cb02,ed91bc1adf2d93ff54f16ee7d480e45702617e2ec5d54b896cee0126a17d1f68,2589.69,4.822857142857109,0.24114285714285547,NOT_STRICTLY_CLOSER_THAN_CONTROL,M15_LATEST_CONFIRMED_OPPOSING_SWING_ELSE_CONTROL,False,9fbdca1c6b0ebdaf61e9ee84b39dba99432c3be4d31c2aba7245af94894f158e,2024-11-12T13:00:00Z,2589.69,2627.12,ff643bae71dd53cf0eab38677807df20c6e6f3589ac9616dc81d0b92db698ab2
617bb5e44d9502ecf598caa557188a723f8a33fbeb0598f64c7e052d4311ac87,2606.63,2024-11-12T15:10:00Z,a133e22d60b49f6880d9e8ca6e85c25de2ad2889451c3d1684e83d468078a2af,2024-11-12T15:10:00Z,2608.02,2589.69,2024-12-01T00:00:00Z,2024-11-12T15:00:00Z,0.0,LONG,1.0,-50.0,CONTROL_V2_FILLED_STOP,2024-11-12T15:10:00Z,CONTROL_NEXT_M1_OPEN,2608.02,True,c1d9698f51a32479f5b2a077f3cd404c93f8dcb00e8de924d982c186a4e75fe6,1.118930714675387,0.588652482269504,2024_11,-1.0,-1.0,STOP,2024-11-13T18:34:00Z,STOP,b4db778fa1c0e8acb6bb2b4be0dcc5ef1e59a4ac8ff5634f0a74660f2049eae1,2024-11-13T18:34:00Z,FIRST_RETEST_FILLED,2024-11-12T15:25:00Z,2024-11-12T15:11:00Z,2606.63,True,False,INITIAL_CONFIRMATION_STOP,1625f2036eaa196ef2b543ea0668b0f147b6913dd7eb75c04a687d615402d821,ed91bc1adf2d93ff54f16ee7d480e45702617e2ec5d54b896cee0126a17d1f68,2589.69,7.546428571428578,0.3773214285714289,NOT_STRICTLY_CLOSER_THAN_CONTROL,H1_SOURCE_SWING_BUFFERED_ELSE_CONTROL,False,ed91bc1adf2d93ff54f16ee7d480e45702617e2ec5d54b896cee0126a17d1f68,2024-11-12T15:00:00Z,2589.69,2627.12,ff643bae71dd53cf0eab38677807df20c6e6f3589ac9616dc81d0b92db698ab2
617bb5e44d9502ecf598caa557188a723f8a33fbeb0598f64c7e052d4311ac87,2606.63,2024-11-12T15:10:00Z,a133e22d60b49f6880d9e8ca6e85c25de2ad2889451c3d1684e83d468078a2af,2024-11-12T15:10:00Z,2608.02,2589.69,2024-12-01T00:00:00Z,2024-11-12T15:00:00Z,0.0,LONG,1.0,-50.0,CONTROL_V2_FILLED_STOP,2024-11-12T15:11:00Z,M5_BROKEN_CONTROL_FIRST_RETEST,2606.63,True,e33ebccb03ff9d9148a13345b1799ab39578dbc0af23a33d2d0f3b6f1c8d3ef3,1.128689492325846,0.719008264462798,2024_11,-1.0,-1.0,STOP,2024-11-13T18:34:00Z,STOP,b4b0049b10c3d2d3199738178ea8c25c80190cd5d0876582076492bb34e9e52e,2024-11-13T18:34:00Z,FIRST_RETEST_FILLED,2024-11-12T15:25:00Z,2024-11-12T15:11:00Z,2606.63,True,True,INITIAL_CONFIRMATION_STOP,47c98243babd3c417929b6f7cf0760699b65ae9d8d170071f38b2abba8416246,ed91bc1adf2d93ff54f16ee7d480e45702617e2ec5d54b896cee0126a17d1f68,2589.69,,,,CONTROL_V2_FILLED_STOP,False,,2024-11-12T15:10:00Z,2589.69,2627.12,ff643bae71dd53cf0eab38677807df20c6e6f3589ac9616dc81d0b92db698ab2
617bb5e44d9502ecf598caa557188a723f8a33fbeb0598f64c7e052d4311ac87,2606.63,2024-11-12T15:10:00Z,a133e22d60b49f6880d9e8ca6e85c25de2ad2889451c3d1684e83d468078a2af,2024-11-12T15:10:00Z,2608.02,2589.69,2024-12-01T00:00:00Z,2024-11-12T15:00:00Z,0.0,LONG,0.37549099836332717,-50.0,M5_LATEST_CONFIRMED_OPPOSING_SWING_ELSE_CONTROL,2024-11-12T15:11:00Z,M5_BROKEN_CONTROL_FIRST_RETEST,2606.63,True,2ee891361f52c10c1401345b9089cb3737f1644686f5d03c465fad72039cfd48,1.1943015793546183,1.907969596286056,2024_11,-1.0,-1.0,STOP,2024-11-13T18:34:00Z,STOP,dd4d4f10f995a509c9b4ee365b0e87cfc082852342f53afc80c68567129a0593,2024-11-12T17:36:00Z,FIRST_RETEST_FILLED,2024-11-12T15:25:00Z,2024-11-12T15:11:00Z,2606.63,True,True,INITIAL_CONFIRMATION_STOP,bf5906a78f83e68319aeab9188ebbae6161a2e3c24b52c635b4c4809fdc64174,ed91bc1adf2d93ff54f16ee7d480e45702617e2ec5d54b896cee0126a17d1f68,2601.13725,3.2550000000000443,0.16275000000000223,,M5_LATEST_CONFIRMED_OPPOSING_SWING_ELSE_CONTROL,True,fb72dc77e0729205d893a5e7a4016f3f9d001115011cb93511d56102cdfb17d4,2024-11-12T15:00:00Z,2601.3,2627.12,ff643bae71dd53cf0eab38677807df20c6e6f3589ac9616dc81d0b92db698ab2
617bb5e44d9502ecf598caa557188a723f8a33fbeb0598f64c7e052d4311ac87,2606.63,2024-11-12T15:10:00Z,a133e22d60b49f6880d9e8ca6e85c25de2ad2889451c3d1684e83d468078a2af,2024-11-12T15:10:00Z,2608.02,2589.69,2024-12-01T00:00:00Z,2024-11-12T15:00:00Z,0.0,LONG,1.0,-50.0,CONTROL_V2_FILLED_STOP,2024-11-12T15:11:00Z,M5_BROKEN_CONTROL_FIRST_RETEST,2606.63,True,694c6a30b686f9917e15dcf25f8112963ecb9570f076a9c7510c41060391fb2b,1.128689492325846,0.719008264462798,2024_11,-1.0,-1.0,STOP,2024-11-13T18:34:00Z,STOP,acdf5873b35da5e0e9b307ccf9418ef7ff8fe910117d54408f1bee3e11d86c4f,2024-11-13T18:34:00Z,FIRST_RETEST_FILLED,2024-11-12T15:25:00Z,2024-11-12T15:11:00Z,2606.63,True,True,INITIAL_CONFIRMATION_STOP,fb02972ef4c96c518861de223617ae2be53f1088d000146931109844fd52ea5d,ed91bc1adf2d93ff54f16ee7d480e45702617e2ec5d54b896cee0126a17d1f68,2589.69,4.822857142857109,0.24114285714285547,NOT_STRICTLY_CLOSER_THAN_CONTROL,M15_LATEST_CONFIRMED_OPPOSING_SWING_ELSE_CONTROL,False,9fbdca1c6b0ebdaf61e9ee84b39dba99432c3be4d31c2aba7245af94894f158e,2024-11-12T13:00:00Z,2589.69,2627.12,ff643bae71dd53cf0eab38677807df20c6e6f3589ac9616dc81d0b92db698ab2
617bb5e44d9502ecf598caa557188a723f8a33fbeb0598f64c7e052d4311ac87,2606.63,2024-11-12T15:10:00Z,a133e22d60b49f6880d9e8ca6e85c25de2ad2889451c3d1684e83d468078a2af,2024-11-12T15:10:00Z,2608.02,2589.69,2024-12-01T00:00:00Z,2024-11-12T15:00:00Z,0.0,LONG,1.0,-50.0,CONTROL_V2_FILLED_STOP,2024-11-12T15:11:00Z,M5_BROKEN_CONTROL_FIRST_RETEST,2606.63,True,c1d9698f51a32479f5b2a077f3cd404c93f8dcb00e8de924d982c186a4e75fe6,1.128689492325846,0.719008264462798,2024_11,-1.0,-1.0,STOP,2024-11-13T18:34:00Z,STOP,e073b4c0edb40eafd7a1273f12942f1693144ec60f4d8286cd77acaec4a9d4e7,2024-11-13T18:34:00Z,FIRST_RETEST_FILLED,2024-11-12T15:25:00Z,2024-11-12T15:11:00Z,2606.63,True,True,INITIAL_CONFIRMATION_STOP,19149ca0af100d8a185b3db3b0de6f4adab1f162435edba77fea28430b10b131,ed91bc1adf2d93ff54f16ee7d480e45702617e2ec5d54b896cee0126a17d1f68,2589.69,7.546428571428578,0.3773214285714289,NOT_STRICTLY_CLOSER_THAN_CONTROL,H1_SOURCE_SWING_BUFFERED_ELSE_CONTROL,False,ed91bc1adf2d93ff54f16ee7d480e45702617e2ec5d54b896cee0126a17d1f68,2024-11-12T15:00:00Z,2589.69,2627.12,ff643bae71dd53cf0eab38677807df20c6e6f3589ac9616dc81d0b92db698ab2
617bb5e44d9502ecf598caa557188a723f8a33fbeb0598f64c7e052d4311ac87,2606.63,2024-11-12T15:10:00Z,a133e22d60b49f6880d9e8ca6e85c25de2ad2889451c3d1684e83d468078a2af,2024-11-12T15:10:00Z,2608.02,2589.69,2024-12-01T00:00:00Z,2024-11-12T15:00:00Z,0.0,LONG,1.0,-50.0,CONTROL_V2_FILLED_STOP,2024-11-12T15:10:00Z,CONFIRMED_25_75_RETEST_SPLIT,2608.02,True,e33ebccb03ff9d9148a13345b1799ab39578dbc0af23a33d2d0f3b6f1c8d3ef3,1.126249797913231,0.6864193189144745,2024_11,-1.0,-1.0,STOP,2024-11-13T18:34:00Z,SPLIT_STOP_STOP,28a5d29dd291d379f4f7ea15dd8ea1437a5e03b11ba1657fe8bc844b689789b1,2024-11-13T18:34:00Z,FIRST_RETEST_FILLED,2024-11-12T15:25:00Z,2024-11-12T15:11:00Z,2606.63,True,True,INITIAL_CONFIRMATION_STOP,bff3a42f34bad207f5c0ab0e2d5b77a79ed1beefb86d8fd3f1cb25d3f7afa731,ed91bc1adf2d93ff54f16ee7d480e45702617e2ec5d54b896cee0126a17d1f68,2589.69,,,,CONTROL_V2_FILLED_STOP,False,,2024-11-12T15:10:00Z,2589.69,2627.12,ff643bae71dd53cf0eab38677807df20c6e6f3589ac9616dc81d0b92db698ab2
617bb5e44d9502ecf598caa557188a723f8a33fbeb0598f64c7e052d4311ac87,2606.63,2024-11-12T15:10:00Z,a133e22d60b49f6880d9e8ca6e85c25de2ad2889451c3d1684e83d468078a2af,2024-11-12T15:10:00Z,2608.02,2589.69,2024-12-01T00:00:00Z,2024-11-12T15:00:00Z,0.0,LONG,0.37549099836332717,-50.0,M5_LATEST_CONFIRMED_OPPOSING_SWING_ELSE_CONTROL,2024-11-12T15:10:00Z,CONFIRMED_25_75_RETEST_SPLIT,2608.02,True,2ee891361f52c10c1401345b9089cb3737f1644686f5d03c465fad72039cfd48,1.1844915762561874,1.7611504564496028,2024_11,-1.0,-1.0,STOP,2024-11-13T18:34:00Z,SPLIT_STOP_STOP,21d591678f6d2df3c3f6373af557167796f440a068ff18700cfe3cbc4c6c88fc,2024-11-12T17:36:00Z,FIRST_RETEST_FILLED,2024-11-12T15:25:00Z,2024-11-12T15:11:00Z,2606.63,True,True,INITIAL_CONFIRMATION_STOP,b18e832f4b7298de01791ef8c54e64cbfeffa98bd390aaaa62b5fc9a342e444c,ed91bc1adf2d93ff54f16ee7d480e45702617e2ec5d54b896cee0126a17d1f68,2601.13725,3.2550000000000443,0.16275000000000223,,M5_LATEST_CONFIRMED_OPPOSING_SWING_ELSE_CONTROL,True,fb72dc77e0729205d893a5e7a4016f3f9d001115011cb93511d56102cdfb17d4,2024-11-12T15:00:00Z,2601.3,2627.12,ff643bae71dd53cf0eab38677807df20c6e6f3589ac9616dc81d0b92db698ab2
617bb5e44d9502ecf598caa557188a723f8a33fbeb0598f64c7e052d4311ac87,2606.63,2024-11-12T15:10:00Z,a133e22d60b49f6880d9e8ca6e85c25de2ad2889451c3d1684e83d468078a2af,2024-11-12T15:10:00Z,2608.02,2589.69,2024-12-01T00:00:00Z,2024-11-12T15:00:00Z,0.0,LONG,1.0,-50.0,CONTROL_V2_FILLED_STOP,2024-11-12T15:10:00Z,CONFIRMED_25_75_RETEST_SPLIT,2608.02,True,694c6a30b686f9917e15dcf25f8112963ecb9570f076a9c7510c41060391fb2b,1.126249797913231,0.6864193189144745,2024_11,-1.0,-1.0,STOP,2024-11-13T18:34:00Z,SPLIT_STOP_STOP,0f101f1e4de5c1b7897d919ac01cea3d6909ed878a595134bb30a92efc4636fe,2024-11-13T18:34:00Z,FIRST_RETEST_FILLED,2024-11-12T15:25:00Z,2024-11-12T15:11:00Z,2606.63,True,True,INITIAL_CONFIRMATION_STOP,562e4c409c1d26f07a77f7882aa1bcfbd293d3e483f13dadc8df1ca6db45f100,ed91bc1adf2d93ff54f16ee7d480e45702617e2ec5d54b896cee0126a17d1f68,2589.69,4.822857142857109,0.24114285714285547,NOT_STRICTLY_CLOSER_THAN_CONTROL,M15_LATEST_CONFIRMED_OPPOSING_SWING_ELSE_CONTROL,False,9fbdca1c6b0ebdaf61e9ee84b39dba99432c3be4d31c2aba7245af94894f158e,2024-11-12T13:00:00Z,2589.69,2627.12,ff643bae71dd53cf0eab38677807df20c6e6f3589ac9616dc81d0b92db698ab2
617bb5e44d9502ecf598caa557188a723f8a33fbeb0598f64c7e052d4311ac87,2606.63,2024-11-12T15:10:00Z,a133e22d60b49f6880d9e8ca6e85c25de2ad2889451c3d1684e83d468078a2af,2024-11-12T15:10:00Z,2608.02,2589.69,2024-12-01T00:00:00Z,2024-11-12T15:00:00Z,0.0,LONG,1.0,-50.0,CONTROL_V2_FILLED_STOP,2024-11-12T15:10:00Z,CONFIRMED_25_75_RETEST_SPLIT,2608.02,True,c1d9698f51a32479f5b2a077f3cd404c93f8dcb00e8de924d982c186a4e75fe6,1.126249797913231,0.6864193189144745,2024_11,-1.0,-1.0,STOP,2024-11-13T18:34:00Z,SPLIT_STOP_STOP,67b4c411a2ac62925a2a8cdb1d6e058343a4d0dfe855a8a39deafd8fb62cb48b,2024-11-13T18:34:00Z,FIRST_RETEST_FILLED,2024-11-12T15:25:00Z,2024-11-12T15:11:00Z,2606.63,True,True,INITIAL_CONFIRMATION_STOP,055ea732044751647e2a5c98153e3296606c746a5a1cdf271b246a7cb6b5dcaa,ed91bc1adf2d93ff54f16ee7d480e45702617e2ec5d54b896cee0126a17d1f68,2589.69,7.546428571428578,0.3773214285714289,NOT_STRICTLY_CLOSER_THAN_CONTROL,H1_SOURCE_SWING_BUFFERED_ELSE_CONTROL,False,ed91bc1adf2d93ff54f16ee7d480e45702617e2ec5d54b896cee0126a17d1f68,2024-11-12T15:00:00Z,2589.69,2627.12,ff643bae71dd53cf0eab38677807df20c6e6f3589ac9616dc81d0b92db698ab2
2b8423fe21b216d580cf0be42e0ebdee75c9610aad1f1dd4287c28ba78889ef9,2598.4,2024-11-12T19:05:00Z,4de55041ba01065260777f3b69c2db392fca7fc5dd0825c1887c4f7ac9e639ec,2024-11-12T19:05:00Z,2597.41,2617.11,2024-12-01T00:00:00Z,2024-11-12T19:00:00Z,0.0,SHORT,1.0,-50.0,CONTROL_V2_FILLED_STOP,2024-11-12T19:05:00Z,CONTROL_NEXT_M1_OPEN,2597.41,True,bb02b55dd98eeb0bc196b18f82b40e094a1afea535e1e6d4746b6b61e34cc3d3,1.0862944162436443,0.2461928934010072,2024_11,-1.0,-1.0,STOP,2024-11-13T15:30:00Z,STOP,db2a741fd1470185abfddd3174c3698c4739c01399cf501416abcaf9bceaaa8b,2024-11-13T15:30:00Z,RETEST_EXPIRED,2024-11-12T19:20:00Z,,2598.4,False,False,INITIAL_CONFIRMATION_STOP,a05d7823b93a0cfeb8597e25a00964ca31dc0dc5e6e993fa46aa08f4e4ca6723,f0bb08ef00adb445e864b74d99647e959699e8bf0e3f002d9b2001b5eb1b78f8,2617.11,,,,CONTROL_V2_FILLED_STOP,False,,2024-11-12T19:05:00Z,2617.11,2589.69,9f48303050fd638dcfa6b31007dbb5eabbfc19a4749e2ad7ce5b6bd60933e73f
2b8423fe21b216d580cf0be42e0ebdee75c9610aad1f1dd4287c28ba78889ef9,2598.4,2024-11-12T19:05:00Z,4de55041ba01065260777f3b69c2db392fca7fc5dd0825c1887c4f7ac9e639ec,2024-11-12T19:05:00Z,2597.41,2617.11,2024-12-01T00:00:00Z,2024-11-12T19:00:00Z,0.0,SHORT,0.2289086294416502,-50.0,M5_LATEST_CONFIRMED_OPPOSING_SWING_ELSE_CONTROL,2024-11-12T19:05:00Z,CONTROL_NEXT_M1_OPEN,2597.41,True,121d4896e77d36fb083238b58b3f695bfa08e2f2b4a15c3295acf037b3ec63c7,1.0422441512362075,1.075507262445791,2024_11,-1.0,-1.0,STOP,2024-11-13T15:30:00Z,STOP,1740498b4533592a9c97bb5b8f4c774716afcfa333a73f04455e6c05babc3400,2024-11-12T20:18:00Z,RETEST_EXPIRED,2024-11-12T19:20:00Z,,2598.4,False,False,INITIAL_CONFIRMATION_STOP,baa3c010e29562d0eac5722af2813022213eac6be186e52de5f8131b213e3b69,f0bb08ef00adb445e864b74d99647e959699e8bf0e3f002d9b2001b5eb1b78f8,2601.9195000000004,2.7900000000000937,0.1395000000000047,,M5_LATEST_CONFIRMED_OPPOSING_SWING_ELSE_CONTROL,True,a617eef29128773f4bd882ed2a5ce07125640b9f08474ececd8cf2db5e63554a,2024-11-12T19:05:00Z,2601.78,2589.69,9f48303050fd638dcfa6b31007dbb5eabbfc19a4749e2ad7ce5b6bd60933e73f
2b8423fe21b216d580cf0be42e0ebdee75c9610aad1f1dd4287c28ba78889ef9,2598.4,2024-11-12T19:05:00Z,4de55041ba01065260777f3b69c2db392fca7fc5dd0825c1887c4f7ac9e639ec,2024-11-12T19:05:00Z,2597.41,2617.11,2024-12-01T00:00:00Z,2024-11-12T19:00:00Z,0.0,SHORT,1.0,-50.0,CONTROL_V2_FILLED_STOP,2024-11-12T19:05:00Z,CONTROL_NEXT_M1_OPEN,2597.41,True,3b8af76d8e76a4295f571dbef5071c5fd4a917d65357b8ef5bb5f36cf5f11619,1.0862944162436443,0.2461928934010072,2024_11,-1.0,-1.0,STOP,2024-11-13T15:30:00Z,STOP,5e872d6b70c14ce705004b8772398e93bbae8a30d545c727f7fcb2bdaa252185,2024-11-13T15:30:00Z,RETEST_EXPIRED,2024-11-12T19:20:00Z,,2598.4,False,False,INITIAL_CONFIRMATION_STOP,ee2cbb94f19004eda1b13f32faf327f0362904684bbfab43889355b03299d42d,f0bb08ef00adb445e864b74d99647e959699e8bf0e3f002d9b2001b5eb1b78f8,2617.11,5.558571428571505,0.27792857142857524,NOT_STRICTLY_CLOSER_THAN_CONTROL,M15_LATEST_CONFIRMED_OPPOSING_SWING_ELSE_CONTROL,False,ccb2673b4b39d3764177056122fcc5ea20ab0ae6f4548d382b99047cb38e3bcb,2024-11-12T17:15:00Z,2617.11,2589.69,9f48303050fd638dcfa6b31007dbb5eabbfc19a4749e2ad7ce5b6bd60933e73f
2b8423fe21b216d580cf0be42e0ebdee75c9610aad1f1dd4287c28ba78889ef9,2598.4,2024-11-12T19:05:00Z,4de55041ba01065260777f3b69c2db392fca7fc5dd0825c1887c4f7ac9e639ec,2024-11-12T19:05:00Z,2597.41,2617.11,2024-12-01T00:00:00Z,2024-11-12T19:00:00Z,0.0,SHORT,1.0,-50.0,CONTROL_V2_FILLED_STOP,2024-11-12T19:05:00Z,CONTROL_NEXT_M1_OPEN,2597.41,True,c0806b8b4f561078f308e23382a02dca9dec65fea9dfbda33a990ed23aa62b9f,1.0862944162436443,0.2461928934010072,2024_11,-1.0,-1.0,STOP,2024-11-13T15:30:00Z,STOP,b1d17d44bf160ca37af0738f2575aeba206ae4956ce94a0193c0072dfc6f0b45,2024-11-13T15:30:00Z,RETEST_EXPIRED,2024-11-12T19:20:00Z,,2598.4,False,False,INITIAL_CONFIRMATION_STOP,3a8a41703a6e51b7aabb4ed775291f8d85a888ef1f6450d6c9059a030049c7e7,f0bb08ef00adb445e864b74d99647e959699e8bf0e3f002d9b2001b5eb1b78f8,2617.11,8.937142857142883,0.4468571428571442,NOT_STRICTLY_CLOSER_THAN_CONTROL,H1_SOURCE_SWING_BUFFERED_ELSE_CONTROL,False,f0bb08ef00adb445e864b74d99647e959699e8bf0e3f002d9b2001b5eb1b78f8,2024-11-12T19:00:00Z,2617.11,2589.69,9f48303050fd638dcfa6b31007dbb5eabbfc19a4749e2ad7ce5b6bd60933e73f
2b8423fe21b216d580cf0be42e0ebdee75c9610aad1f1dd4287c28ba78889ef9,2598.4,2024-11-12T19:05:00Z,4de55041ba01065260777f3b69c2db392fca7fc5dd0825c1887c4f7ac9e639ec,2024-11-12T19:05:00Z,2597.41,2617.11,2024-12-01T00:00:00Z,2024-11-12T19:00:00Z,1.0,SHORT,1.0,0.0,CONTROL_V2_FILLED_STOP,,M5_BROKEN_CONTROL_FIRST_RETEST,,False,bb02b55dd98eeb0bc196b18f82b40e094a1afea535e1e6d4746b6b61e34cc3d3,,,2024_11,0.0,-1.0,STOP,2024-11-13T15:30:00Z,NO_FILL,6d33ec7f5bea3af0908ed6fb9533f609f49fefa2dc58ac8ebabf3d4eb53abfb4,,RETEST_EXPIRED,2024-11-12T19:20:00Z,,2598.4,False,False,INITIAL_CONFIRMATION_STOP,f0ab814bdb51a5bbc20d44a6bf91a49a662d84efbe9b0c3a07e72535d47ef0a0,f0bb08ef00adb445e864b74d99647e959699e8bf0e3f002d9b2001b5eb1b78f8,2617.11,,,,CONTROL_V2_FILLED_STOP,False,,2024-11-12T19:05:00Z,2617.11,2589.69,9f48303050fd638dcfa6b31007dbb5eabbfc19a4749e2ad7ce5b6bd60933e73f
2b8423fe21b216d580cf0be42e0ebdee75c9610aad1f1dd4287c28ba78889ef9,2598.4,2024-11-12T19:05:00Z,4de55041ba01065260777f3b69c2db392fca7fc5dd0825c1887c4f7ac9e639ec,2024-11-12T19:05:00Z,2597.41,2617.11,2024-12-01T00:00:00Z,2024-11-12T19:00:00Z,1.0,SHORT,0.2289086294416502,0.0,M5_LATEST_CONFIRMED_OPPOSING_SWING_ELSE_CONTROL,,M5_BROKEN_CONTROL_FIRST_RETEST,,False,121d4896e77d36fb083238b58b3f695bfa08e2f2b4a15c3295acf037b3ec63c7,,,2024_11,0.0,-1.0,STOP,2024-11-13T15:30:00Z,NO_FILL,f97bf449dacc2bee7d57fa46b4046bef095f105586fb76c17a3f803b5c00dfd0,,RETEST_EXPIRED,2024-11-12T19:20:00Z,,2598.4,False,False,INITIAL_CONFIRMATION_STOP,091bcb73cf2aa86e002e307ab936709144df82d02af2c59b28868d621dd9359e,f0bb08ef00adb445e864b74d99647e959699e8bf0e3f002d9b2001b5eb1b78f8,2601.9195000000004,2.7900000000000937,0.1395000000000047,,M5_LATEST_CONFIRMED_OPPOSING_SWING_ELSE_CONTROL,True,a617eef29128773f4bd882ed2a5ce07125640b9f08474ececd8cf2db5e63554a,2024-11-12T19:05:00Z,2601.78,2589.69,9f48303050fd638dcfa6b31007dbb5eabbfc19a4749e2ad7ce5b6bd60933e73f
2b8423fe21b216d580cf0be42e0ebdee75c9610aad1f1dd4287c28ba78889ef9,2598.4,2024-11-12T19:05:00Z,4de55041ba01065260777f3b69c2db392fca7fc5dd0825c1887c4f7ac9e639ec,2024-11-12T19:05:00Z,2597.41,2617.11,2024-12-01T00:00:00Z,2024-11-12T19:00:00Z,1.0,SHORT,1.0,0.0,CONTROL_V2_FILLED_STOP,,M5_BROKEN_CONTROL_FIRST_RETEST,,False,3b8af76d8e76a4295f571dbef5071c5fd4a917d65357b8ef5bb5f36cf5f11619,,,2024_11,0.0,-1.0,STOP,2024-11-13T15:30:00Z,NO_FILL,fcaef5ff73119c9c9902a06fa0d39c347476a956067e91f8616fb49ac60862dd,,RETEST_EXPIRED,2024-11-12T19:20:00Z,,2598.4,False,False,INITIAL_CONFIRMATION_STOP,7c77d78837c8418773cd03c0d33c3e0928b760291d6011577fe7f23ce54ee3dd,f0bb08ef00adb445e864b74d99647e959699e8bf0e3f002d9b2001b5eb1b78f8,2617.11,5.558571428571505,0.27792857142857524,NOT_STRICTLY_CLOSER_THAN_CONTROL,M15_LATEST_CONFIRMED_OPPOSING_SWING_ELSE_CONTROL,False,ccb2673b4b39d3764177056122fcc5ea20ab0ae6f4548d382b99047cb38e3bcb,2024-11-12T17:15:00Z,2617.11,2589.69,9f48303050fd638dcfa6b31007dbb5eabbfc19a4749e2ad7ce5b6bd60933e73f
2b8423fe21b216d580cf0be42e0ebdee75c9610aad1f1dd4287c28ba78889ef9,2598.4,2024-11-12T19:05:00Z,4de55041ba01065260777f3b69c2db392fca7fc5dd0825c1887c4f7ac9e639ec,2024-11-12T19:05:00Z,2597.41,2617.11,2024-12-01T00:00:00Z,2024-11-12T19:00:00Z,1.0,SHORT,1.0,0.0,CONTROL_V2_FILLED_STOP,,M5_BROKEN_CONTROL_FIRST_RETEST,,False,c0806b8b4f561078f308e23382a02dca9dec65fea9dfbda33a990ed23aa62b9f,,,2024_11,0.0,-1.0,STOP,2024-11-13T15:30:00Z,NO_FILL,1210a5a199ef2b1d80a64dfcd4710be0b20a02a9277f285718329a3444de0332,,RETEST_EXPIRED,2024-11-12T19:20:00Z,,2598.4,False,False,INITIAL_CONFIRMATION_STOP,6ae505a5da0615351fc93b083fb19aaa762aba52e45462c0433cd837ea2e93c5,f0bb08ef00adb445e864b74d99647e959699e8bf0e3f002d9b2001b5eb1b78f8,2617.11,8.937142857142883,0.4468571428571442,NOT_STRICTLY_CLOSER_THAN_CONTROL,H1_SOURCE_SWING_BUFFERED_ELSE_CONTROL,False,f0bb08ef00adb445e864b74d99647e959699e8bf0e3f002d9b2001b5eb1b78f8,2024-11-12T19:00:00Z,2617.11,2589.69,9f48303050fd638dcfa6b31007dbb5eabbfc19a4749e2ad7ce5b6bd60933e73f
2b8423fe21b216d580cf0be42e0ebdee75c9610aad1f1dd4287c28ba78889ef9,2598.4,2024-11-12T19:05:00Z,4de55041ba01065260777f3b69c2db392fca7fc5dd0825c1887c4f7ac9e639ec,2024-11-12T19:05:00Z,2597.41,2617.11,2024-12-01T00:00:00Z,2024-11-12T19:00:00Z,0.75,SHORT,1.0,-12.5,CONTROL_V2_FILLED_STOP,2024-11-12T19:05:00Z,CONFIRMED_25_75_RETEST_SPLIT,2597.41,True,bb02b55dd98eeb0bc196b18f82b40e094a1afea535e1e6d4746b6b61e34cc3d3,0.2715736040609111,0.0615482233502518,2024_11,-0.25,-1.0,STOP,2024-11-13T15:30:00Z,SPLIT_CONTROL_STOP_NO_RETEST,5bf1a44ac3d71a2c04a4e2a5ff940178b9fad2bfb4e30043118e520530f5f4f3,2024-11-13T15:30:00Z,RETEST_EXPIRED,2024-11-12T19:20:00Z,,2598.4,False,False,INITIAL_CONFIRMATION_STOP,f4a8c721f6b61d359d5a5b59ce9b8af238c2cffdb0a35e2ddae06ea3839009ed,f0bb08ef00adb445e864b74d99647e959699e8bf0e3f002d9b2001b5eb1b78f8,2617.11,,,,CONTROL_V2_FILLED_STOP,False,,2024-11-12T19:05:00Z,2617.11,2589.69,9f48303050fd638dcfa6b31007dbb5eabbfc19a4749e2ad7ce5b6bd60933e73f
2b8423fe21b216d580cf0be42e0ebdee75c9610aad1f1dd4287c28ba78889ef9,2598.4,2024-11-12T19:05:00Z,4de55041ba01065260777f3b69c2db392fca7fc5dd0825c1887c4f7ac9e639ec,2024-11-12T19:05:00Z,2597.41,2617.11,2024-12-01T00:00:00Z,2024-11-12T19:00:00Z,0.75,SHORT,0.2289086294416502,-12.5,M5_LATEST_CONFIRMED_OPPOSING_SWING_ELSE_CONTROL,2024-11-12T19:05:00Z,CONFIRMED_25_75_RETEST_SPLIT,2597.41,True,121d4896e77d36fb083238b58b3f695bfa08e2f2b4a15c3295acf037b3ec63c7,0.2605610378090519,0.2688768156114478,2024_11,-0.25,-1.0,STOP,2024-11-13T15:30:00Z,SPLIT_CONTROL_STOP_NO_RETEST,8b1506f9fcb160673db5b4dc1ecb53262d0b7d6f8dfd5f045ec973725100193c,2024-11-12T20:18:00Z,RETEST_EXPIRED,2024-11-12T19:20:00Z,,2598.4,False,False,INITIAL_CONFIRMATION_STOP,848504c3241a5ece6a36abef4abf5041c2e7b55108a7e32a15941d1149884954,f0bb08ef00adb445e864b74d99647e959699e8bf0e3f002d9b2001b5eb1b78f8,2601.9195000000004,2.7900000000000937,0.1395000000000047,,M5_LATEST_CONFIRMED_OPPOSING_SWING_ELSE_CONTROL,True,a617eef29128773f4bd882ed2a5ce07125640b9f08474ececd8cf2db5e63554a,2024-11-12T19:05:00Z,2601.78,2589.69,9f48303050fd638dcfa6b31007dbb5eabbfc19a4749e2ad7ce5b6bd60933e73f
2b8423fe21b216d580cf0be42e0ebdee75c9610aad1f1dd4287c28ba78889ef9,2598.4,2024-11-12T19:05:00Z,4de55041ba01065260777f3b69c2db392fca7fc5dd0825c1887c4f7ac9e639ec,2024-11-12T19:05:00Z,2597.41,2617.11,2024-12-01T00:00:00Z,2024-11-12T19:00:00Z,0.75,SHORT,1.0,-12.5,CONTROL_V2_FILLED_STOP,2024-11-12T19:05:00Z,CONFIRMED_25_75_RETEST_SPLIT,2597.41,True,3b8af76d8e76a4295f571dbef5071c5fd4a917d65357b8ef5bb5f36cf5f11619,0.2715736040609111,0.0615482233502518,2024_11,-0.25,-1.0,STOP,2024-11-13T15:30:00Z,SPLIT_CONTROL_STOP_NO_RETEST,0d44f48257cfb58177ae132bf8e3d26e23e7c5bd56a97912dd944603ef38e55b,2024-11-13T15:30:00Z,RETEST_EXPIRED,2024-11-12T19:20:00Z,,2598.4,False,False,INITIAL_CONFIRMATION_STOP,f6c4d24611bc5bc5c27c53fcd1f43366ebc286e6bfc90e7290eabe97c588b555,f0bb08ef00adb445e864b74d99647e959699e8bf0e3f002d9b2001b5eb1b78f8,2617.11,5.558571428571505,0.27792857142857524,NOT_STRICTLY_CLOSER_THAN_CONTROL,M15_LATEST_CONFIRMED_OPPOSING_SWING_ELSE_CONTROL,False,ccb2673b4b39d3764177056122fcc5ea20ab0ae6f4548d382b99047cb38e3bcb,2024-11-12T17:15:00Z,2617.11,2589.69,9f48303050fd638dcfa6b31007dbb5eabbfc19a4749e2ad7ce5b6bd60933e73f
2b8423fe21b216d580cf0be42e0ebdee75c9610aad1f1dd4287c28ba78889ef9,2598.4,2024-11-12T19:05:00Z,4de55041ba01065260777f3b69c2db392fca7fc5dd0825c1887c4f7ac9e639ec,2024-11-12T19:05:00Z,2597.41,2617.11,2024-12-01T00:00:00Z,2024-11-12T19:00:00Z,0.75,SHORT,1.0,-12.5,CONTROL_V2_FILLED_STOP,2024-11-12T19:05:00Z,CONFIRMED_25_75_RETEST_SPLIT,2597.41,True,c0806b8b4f561078f308e23382a02dca9dec65fea9dfbda33a990ed23aa62b9f,0.2715736040609111,0.0615482233502518,2024_11,-0.25,-1.0,STOP,2024-11-13T15:30:00Z,SPLIT_CONTROL_STOP_NO_RETEST,f7fb0e96841570700aae495423b824a10d0c1bb2b728629a275bd26290701cbd,2024-11-13T15:30:00Z,RETEST_EXPIRED,2024-11-12T19:20:00Z,,2598.4,False,False,INITIAL_CONFIRMATION_STOP,20d6978468509988653e79bc96fd48006c5782fc793bc4ec5dde79d3604b6205,f0bb08ef00adb445e864b74d99647e959699e8bf0e3f002d9b2001b5eb1b78f8,2617.11,8.937142857142883,0.4468571428571442,NOT_STRICTLY_CLOSER_THAN_CONTROL,H1_SOURCE_SWING_BUFFERED_ELSE_CONTROL,False,f0bb08ef00adb445e864b74d99647e959699e8bf0e3f002d9b2001b5eb1b78f8,2024-11-12T19:00:00Z,2617.11,2589.69,9f48303050fd638dcfa6b31007dbb5eabbfc19a4749e2ad7ce5b6bd60933e73f
f6c5de0c2f496e54ac57277f51a8703413d75b3dea69a3e773086c13c2bb2dcd,2600.73,2024-11-13T03:05:00Z,ae121774ae5389dca3bbe691fc9433f5caa657e2254ba2ce2ff585e5a3993d7b,2024-11-13T03:05:00Z,2601.84,2592.56,2024-12-01T00:00:00Z,2024-11-12T22:00:00Z,0.0,LONG,1.0,82.27370689654985,CONTROL_V2_FILLED_STOP,2024-11-13T03:05:00Z,CONTROL_NEXT_M1_OPEN,2601.84,True,3dff8f88a41a45c9654ca8cc7a40b70495fc8abff5dd3632367ef8629fc8a721,0.08189655172415969,1.8286637931033873,2024_11,1.645474137930997,1.645474137930997,TARGET,2024-11-13T15:30:00Z,TARGET,4c6e03e0193ff49eb21af90343cc084e366930da0e56263c8a75612c1ab43752,2024-11-13T15:30:00Z,RETEST_EXPIRED,2024-11-13T03:20:00Z,,2600.73,False,False,INITIAL_CONFIRMATION_TARGET,deef915bfdc42c49485e1e3f62d10228cf141d34e5fa9752a41ac2d85b338bef,f183a3df760a97c7245a7899a6c86df5e808e8475ff5d4d3dfe2e25e06c3afa5,2592.56,,,,CONTROL_V2_FILLED_STOP,False,,2024-11-13T03:05:00Z,2592.56,2617.11,339f0da0cb86785ffd89a308cf9ab9f562bc6e1120158b31d24d1929c3f34104
f6c5de0c2f496e54ac57277f51a8703413d75b3dea69a3e773086c13c2bb2dcd,2600.73,2024-11-13T03:05:00Z,ae121774ae5389dca3bbe691fc9433f5caa657e2254ba2ce2ff585e5a3993d7b,2024-11-13T03:05:00Z,2601.84,2592.56,2024-12-01T00:00:00Z,2024-11-12T22:00:00Z,3.2332871158774883,LONG,0.3372729371920994,243.93806269042426,M5_LATEST_CONFIRMED_OPPOSING_SWING_ELSE_CONTROL,2024-11-13T03:05:00Z,CONTROL_NEXT_M1_OPEN,2601.84,True,b33b91eda2922cfaeaff6d2039a3b8736e137904b1ccdae5c1835488a6de35da,0.24281981354914983,5.421910836747158,2024_11,4.878761253808485,1.645474137930997,TARGET,2024-11-13T15:30:00Z,TARGET,967b2dda943aa99147e923d195fd8ed432939623e56df5534e8ee77053be6c8e,2024-11-13T15:30:00Z,RETEST_EXPIRED,2024-11-13T03:20:00Z,,2600.73,False,False,INITIAL_CONFIRMATION_TARGET,2aa8caa82b6048f871deb73295c24dff2c2d709969e7106e9d1da1ccb64c0e7a,f183a3df760a97c7245a7899a6c86df5e808e8475ff5d4d3dfe2e25e06c3afa5,2598.7101071428574,0.9978571428569987,0.04989285714284994,,M5_LATEST_CONFIRMED_OPPOSING_SWING_ELSE_CONTROL,True,7dfe586485c0b5cb3d64442b8a77d260573c2dff8d5c072d6e8b172a3947f4da,2024-11-13T02:55:00Z,2598.76,2617.11,339f0da0cb86785ffd89a308cf9ab9f562bc6e1120158b31d24d1929c3f34104
f6c5de0c2f496e54ac57277f51a8703413d75b3dea69a3e773086c13c2bb2dcd,2600.73,2024-11-13T03:05:00Z,ae121774ae5389dca3bbe691fc9433f5caa657e2254ba2ce2ff585e5a3993d7b,2024-11-13T03:05:00Z,2601.84,2592.56,2024-12-01T00:00:00Z,2024-11-12T22:00:00Z,1.7161637524357718,LONG,0.4894858374384485,168.08189451833843,M15_LATEST_CONFIRMED_OPPOSING_SWING_ELSE_CONTROL,2024-11-13T03:05:00Z,CONTROL_NEXT_M1_OPEN,2601.84,True,047d3ca9c4c6d6be8fdb420b101fcc0e8197cd72fc89c7b1317ef49464ef8f64,0.16731138157691428,3.7358870333676135,2024_11,3.3616378903667687,1.645474137930997,TARGET,2024-11-13T15:30:00Z,TARGET,b431eff7edb9ff6e530a11e4f09f6c48dda23266401efcaf9fb47bfb63326b20,2024-11-13T15:30:00Z,RETEST_EXPIRED,2024-11-13T03:20:00Z,,2600.73,False,False,INITIAL_CONFIRMATION_TARGET,cdd6a7e8755851195162a14afb60552e9e515937f37201621111ac6650b055fb,f183a3df760a97c7245a7899a6c86df5e808e8475ff5d4d3dfe2e25e06c3afa5,2597.2975714285712,1.448571428571378,0.0724285714285689,,M15_LATEST_CONFIRMED_OPPOSING_SWING_ELSE_CONTROL,True,ac767a58de482c79c18acfc3c34fef69fac7653e86d53ff3eba1d3c44f363522,2024-11-13T01:30:00Z,2597.37,2617.11,339f0da0cb86785ffd89a308cf9ab9f562bc6e1120158b31d24d1929c3f34104
f6c5de0c2f496e54ac57277f51a8703413d75b3dea69a3e773086c13c2bb2dcd,2600.73,2024-11-13T03:05:00Z,ae121774ae5389dca3bbe691fc9433f5caa657e2254ba2ce2ff585e5a3993d7b,2024-11-13T03:05:00Z,2601.84,2592.56,2024-12-01T00:00:00Z,2024-11-12T22:00:00Z,0.0,LONG,1.0,82.27370689654985,CONTROL_V2_FILLED_STOP,2024-11-13T03:05:00Z,CONTROL_NEXT_M1_OPEN,2601.84,True,2007bff4f73c6c9ac706fa52db82e0422b9440ac1d1736af11aac4629453783f,0.08189655172415969,1.8286637931033873,2024_11,1.645474137930997,1.645474137930997,TARGET,2024-11-13T15:30:00Z,TARGET,89c0ab9d52e7c80a0c9c6f81ce44dcc0b7207c3c384481e7f0260ac387990031,2024-11-13T15:30:00Z,RETEST_EXPIRED,2024-11-13T03:20:00Z,,2600.73,False,False,INITIAL_CONFIRMATION_TARGET,0e0563665bb0051c81631e4685c0979aeab864d87997b40640d32577584a69ad,f183a3df760a97c7245a7899a6c86df5e808e8475ff5d4d3dfe2e25e06c3afa5,2592.56,7.362857142857235,0.36814285714286177,NOT_STRICTLY_CLOSER_THAN_CONTROL,H1_SOURCE_SWING_BUFFERED_ELSE_CONTROL,False,f183a3df760a97c7245a7899a6c86df5e808e8475ff5d4d3dfe2e25e06c3afa5,2024-11-12T22:00:00Z,2592.56,2617.11,339f0da0cb86785ffd89a308cf9ab9f562bc6e1120158b31d24d1929c3f34104
f6c5de0c2f496e54ac57277f51a8703413d75b3dea69a3e773086c13c2bb2dcd,2600.73,2024-11-13T03:05:00Z,ae121774ae5389dca3bbe691fc9433f5caa657e2254ba2ce2ff585e5a3993d7b,2024-11-13T03:05:00Z,2601.84,2592.56,2024-12-01T00:00:00Z,2024-11-12T22:00:00Z,-1.645474137930997,LONG,1.0,0.0,CONTROL_V2_FILLED_STOP,,M5_BROKEN_CONTROL_FIRST_RETEST,,False,3dff8f88a41a45c9654ca8cc7a40b70495fc8abff5dd3632367ef8629fc8a721,,,2024_11,0.0,1.645474137930997,TARGET,2024-11-13T15:30:00Z,NO_FILL,bcd1f056477e758481510c459e7f954f356ad610c6c342aac52826c0270dc998,,RETEST_EXPIRED,2024-11-13T03:20:00Z,,2600.73,False,False,INITIAL_CONFIRMATION_TARGET,a0c0aac623dc96972241cb39ee831d697bd23c3ae7373a47920287c1d42a00b3,f183a3df760a97c7245a7899a6c86df5e808e8475ff5d4d3dfe2e25e06c3afa5,2592.56,,,,CONTROL_V2_FILLED_STOP,False,,2024-11-13T03:05:00Z,2592.56,2617.11,339f0da0cb86785ffd89a308cf9ab9f562bc6e1120158b31d24d1929c3f34104
f6c5de0c2f496e54ac57277f51a8703413d75b3dea69a3e773086c13c2bb2dcd,2600.73,2024-11-13T03:05:00Z,ae121774ae5389dca3bbe691fc9433f5caa657e2254ba2ce2ff585e5a3993d7b,2024-11-13T03:05:00Z,2601.84,2592.56,2024-12-01T00:00:00Z,2024-11-12T22:00:00Z,-1.645474137930997,LONG,0.3372729371920994,0.0,M5_LATEST_CONFIRMED_OPPOSING_SWING_ELSE_CONTROL,,M5_BROKEN_CONTROL_FIRST_RETEST,,False,b33b91eda2922cfaeaff6d2039a3b8736e137904b1ccdae5c1835488a6de35da,,,2024_11,0.0,1.645474137930997,TARGET,2024-11-13T15:30:00Z,NO_FILL,8e2c6f668d32e7c24c5dde3e7598c0134f66a0d04e03ee52b2aa1a28e4ea3d0f,,RETEST_EXPIRED,2024-11-13T03:20:00Z,,2600.73,False,False,INITIAL_CONFIRMATION_TARGET,882515e1e0e54c13529aee161dbb6d1f10faef8992e2defba997519be87a1183,f183a3df760a97c7245a7899a6c86df5e808e8475ff5d4d3dfe2e25e06c3afa5,2598.7101071428574,0.9978571428569987,0.04989285714284994,,M5_LATEST_CONFIRMED_OPPOSING_SWING_ELSE_CONTROL,True,7dfe586485c0b5cb3d64442b8a77d260573c2dff8d5c072d6e8b172a3947f4da,2024-11-13T02:55:00Z,2598.76,2617.11,339f0da0cb86785ffd89a308cf9ab9f562bc6e1120158b31d24d1929c3f34104
f6c5de0c2f496e54ac57277f51a8703413d75b3dea69a3e773086c13c2bb2dcd,2600.73,2024-11-13T03:05:00Z,ae121774ae5389dca3bbe691fc9433f5caa657e2254ba2ce2ff585e5a3993d7b,2024-11-13T03:05:00Z,2601.84,2592.56,2024-12-01T00:00:00Z,2024-11-12T22:00:00Z,-1.645474137930997,LONG,0.4894858374384485,0.0,M15_LATEST_CONFIRMED_OPPOSING_SWING_ELSE_CONTROL,,M5_BROKEN_CONTROL_FIRST_RETEST,,False,047d3ca9c4c6d6be8fdb420b101fcc0e8197cd72fc89c7b1317ef49464ef8f64,,,2024_11,0.0,1.645474137930997,TARGET,2024-11-13T15:30:00Z,NO_FILL,ebff11ec85caeb52ad98e86c5201a91d81eb42cf6900e30ec66e50d81e249028,,RETEST_EXPIRED,2024-11-13T03:20:00Z,,2600.73,False,False,INITIAL_CONFIRMATION_TARGET,24547e249bf24e471ae8d1ec00b668feebf3b25adcd94af713d7fcdfe7543117,f183a3df760a97c7245a7899a6c86df5e808e8475ff5d4d3dfe2e25e06c3afa5,2597.2975714285712,1.448571428571378,0.0724285714285689,,M15_LATEST_CONFIRMED_OPPOSING_SWING_ELSE_CONTROL,True,ac767a58de482c79c18acfc3c34fef69fac7653e86d53ff3eba1d3c44f363522,2024-11-13T01:30:00Z,2597.37,2617.11,339f0da0cb86785ffd89a308cf9ab9f562bc6e1120158b31d24d1929c3f34104
f6c5de0c2f496e54ac57277f51a8703413d75b3dea69a3e773086c13c2bb2dcd,2600.73,2024-11-13T03:05:00Z,ae121774ae5389dca3bbe691fc9433f5caa657e2254ba2ce2ff585e5a3993d7b,2024-11-13T03:05:00Z,2601.84,2592.56,2024-12-01T00:00:00Z,2024-11-12T22:00:00Z,-1.645474137930997,LONG,1.0,0.0,CONTROL_V2_FILLED_STOP,,M5_BROKEN_CONTROL_FIRST_RETEST,,False,2007bff4f73c6c9ac706fa52db82e0422b9440ac1d1736af11aac4629453783f,,,2024_11,0.0,1.645474137930997,TARGET,2024-11-13T15:30:00Z,NO_FILL,57248538957239b24a16beaa9ea7c5d5266539fcb7746ded0a5ad4f8f947c4a8,,RETEST_EXPIRED,2024-11-13T03:20:00Z,,2600.73,False,False,INITIAL_CONFIRMATION_TARGET,12abba60368a9aaf3ac83725ced5185fe357c4a8be813930d29fb2f05c8445cf,f183a3df760a97c7245a7899a6c86df5e808e8475ff5d4d3dfe2e25e06c3afa5,2592.56,7.362857142857235,0.36814285714286177,NOT_STRICTLY_CLOSER_THAN_CONTROL,H1_SOURCE_SWING_BUFFERED_ELSE_CONTROL,False,f183a3df760a97c7245a7899a6c86df5e808e8475ff5d4d3dfe2e25e06c3afa5,2024-11-12T22:00:00Z,2592.56,2617.11,339f0da0cb86785ffd89a308cf9ab9f562bc6e1120158b31d24d1929c3f34104
f6c5de0c2f496e54ac57277f51a8703413d75b3dea69a3e773086c13c2bb2dcd,2600.73,2024-11-13T03:05:00Z,ae121774ae5389dca3bbe691fc9433f5caa657e2254ba2ce2ff585e5a3993d7b,2024-11-13T03:05:00Z,2601.84,2592.56,2024-12-01T00:00:00Z,2024-11-12T22:00:00Z,-1.2341056034482478,LONG,1.0,20.568426724137463,CONTROL_V2_FILLED_STOP,2024-11-13T03:05:00Z,CONFIRMED_25_75_RETEST_SPLIT,2601.84,True,3dff8f88a41a45c9654ca8cc7a40b70495fc8abff5dd3632367ef8629fc8a721,0.020474137931039922,0.45716594827584683,2024_11,0.41136853448274924,1.645474137930997,TARGET,2024-11-13T15:30:00Z,SPLIT_CONTROL_TARGET_NO_RETEST,38d296e9faf509e021b1f09ae6f1efbc6dd68b1a2554f63f67eee5b1a325c317,2024-11-13T15:30:00Z,RETEST_EXPIRED,2024-11-13T03:20:00Z,,2600.73,False,False,INITIAL_CONFIRMATION_TARGET,e2acb3e0c8a4696f32947aaa0f9f9ac6f1a9f38f22be42dd14aaaca960f045de,f183a3df760a97c7245a7899a6c86df5e808e8475ff5d4d3dfe2e25e06c3afa5,2592.56,,,,CONTROL_V2_FILLED_STOP,False,,2024-11-13T03:05:00Z,2592.56,2617.11,339f0da0cb86785ffd89a308cf9ab9f562bc6e1120158b31d24d1929c3f34104
f6c5de0c2f496e54ac57277f51a8703413d75b3dea69a3e773086c13c2bb2dcd,2600.73,2024-11-13T03:05:00Z,ae121774ae5389dca3bbe691fc9433f5caa657e2254ba2ce2ff585e5a3993d7b,2024-11-13T03:05:00Z,2601.84,2592.56,2024-12-01T00:00:00Z,2024-11-12T22:00:00Z,-0.42578382447887564,LONG,0.3372729371920994,60.984515672606065,M5_LATEST_CONFIRMED_OPPOSING_SWING_ELSE_CONTROL,2024-11-13T03:05:00Z,CONFIRMED_25_75_RETEST_SPLIT,2601.84,True,b33b91eda2922cfaeaff6d2039a3b8736e137904b1ccdae5c1835488a6de35da,0.06070495338728746,1.3554777091867896,2024_11,1.2196903134521213,1.645474137930997,TARGET,2024-11-13T15:30:00Z,SPLIT_CONTROL_TARGET_NO_RETEST,0242bd28957bbbe2cc7c19b3da8294c34d6810dc18c604f5347acee5a56322be,2024-11-13T15:30:00Z,RETEST_EXPIRED,2024-11-13T03:20:00Z,,2600.73,False,False,INITIAL_CONFIRMATION_TARGET,3a6214ad5d0c22fabe3bdc2e3cdb77c88345d4d96ff5e4a6bd74303e8c478c07,f183a3df760a97c7245a7899a6c86df5e808e8475ff5d4d3dfe2e25e06c3afa5,2598.7101071428574,0.9978571428569987,0.04989285714284994,,M5_LATEST_CONFIRMED_OPPOSING_SWING_ELSE_CONTROL,True,7dfe586485c0b5cb3d64442b8a77d260573c2dff8d5c072d6e8b172a3947f4da,2024-11-13T02:55:00Z,2598.76,2617.11,339f0da0cb86785ffd89a308cf9ab9f562bc6e1120158b31d24d1929c3f34104
f6c5de0c2f496e54ac57277f51a8703413d75b3dea69a3e773086c13c2bb2dcd,2600.73,2024-11-13T03:05:00Z,ae121774ae5389dca3bbe691fc9433f5caa657e2254ba2ce2ff585e5a3993d7b,2024-11-13T03:05:00Z,2601.84,2592.56,2024-12-01T00:00:00Z,2024-11-12T22:00:00Z,-0.8050646653393048,LONG,0.4894858374384485,42.02047362958461,M15_LATEST_CONFIRMED_OPPOSING_SWING_ELSE_CONTROL,2024-11-13T03:05:00Z,CONFIRMED_25_75_RETEST_SPLIT,2601.84,True,047d3ca9c4c6d6be8fdb420b101fcc0e8197cd72fc89c7b1317ef49464ef8f64,0.04182784539422857,0.9339717583419034,2024_11,0.8404094725916922,1.645474137930997,TARGET,2024-11-13T15:30:00Z,SPLIT_CONTROL_TARGET_NO_RETEST,0048ffdc7d7b6491ba2d80472ae4fd3de35538ad801d42c99878d1f3ca757ac1,2024-11-13T15:30:00Z,RETEST_EXPIRED,2024-11-13T03:20:00Z,,2600.73,False,False,INITIAL_CONFIRMATION_TARGET,8f101aef55adf702741593d4d1965334e53a6c5ca201264474a786aed5399128,f183a3df760a97c7245a7899a6c86df5e808e8475ff5d4d3dfe2e25e06c3afa5,2597.2975714285712,1.448571428571378,0.0724285714285689,,M15_LATEST_CONFIRMED_OPPOSING_SWING_ELSE_CONTROL,True,ac767a58de482c79c18acfc3c34fef69fac7653e86d53ff3eba1d3c44f363522,2024-11-13T01:30:00Z,2597.37,2617.11,339f0da0cb86785ffd89a308cf9ab9f562bc6e1120158b31d24d1929c3f34104
f6c5de0c2f496e54ac57277f51a8703413d75b3dea69a3e773086c13c2bb2dcd,2600.73,2024-11-13T03:05:00Z,ae121774ae5389dca3bbe691fc9433f5caa657e2254ba2ce2ff585e5a3993d7b,2024-11-13T03:05:00Z,2601.84,2592.56,2024-12-01T00:00:00Z,2024-11-12T22:00:00Z,-1.2341056034482478,LONG,1.0,20.568426724137463,CONTROL_V2_FILLED_STOP,2024-11-13T03:05:00Z,CONFIRMED_25_75_RETEST_SPLIT,2601.84,True,2007bff4f73c6c9ac706fa52db82e0422b9440ac1d1736af11aac4629453783f,0.020474137931039922,0.45716594827584683,2024_11,0.41136853448274924,1.645474137930997,TARGET,2024-11-13T15:30:00Z,SPLIT_CONTROL_TARGET_NO_RETEST,6c6ca94c7038cb394e3e2baf4d5ba3d5e343e5477c78126d059bd9543704f56f,2024-11-13T15:30:00Z,RETEST_EXPIRED,2024-11-13T03:20:00Z,,2600.73,False,False,INITIAL_CONFIRMATION_TARGET,495d4cef764d10ea30b053c5fefe30b01cddc9765153ca8ea5152a29e36551fa,f183a3df760a97c7245a7899a6c86df5e808e8475ff5d4d3dfe2e25e06c3afa5,2592.56,7.362857142857235,0.36814285714286177,NOT_STRICTLY_CLOSER_THAN_CONTROL,H1_SOURCE_SWING_BUFFERED_ELSE_CONTROL,False,f183a3df760a97c7245a7899a6c86df5e808e8475ff5d4d3dfe2e25e06c3afa5,2024-11-12T22:00:00Z,2592.56,2617.11,339f0da0cb86785ffd89a308cf9ab9f562bc6e1120158b31d24d1929c3f34104
857e2b57197e851188987cf5d85dd92426bce03dbda5d424fa1283473e0aefa4,2599.94,2024-11-13T03:05:00Z,ae121774ae5389dca3bbe691fc9433f5caa657e2254ba2ce2ff585e5a3993d7b,2024-11-13T03:05:00Z,2601.84,2595.16,2024-12-01T00:00:00Z,2024-11-13T03:00:00Z,0.0,LONG,1.0,114.29640718562362,CONTROL_V2_FILLED_STOP,2024-11-13T03:05:00Z,CONTROL_NEXT_M1_OPEN,2601.84,True,0a34ca3456f80e1a41e11f78e6a7a24f8e53fcddd3f141a3179399f43dbcb057,0.11377245508984808,2.540419161676506,2024_11,2.2859281437124723,2.2859281437124723,TARGET,2024-11-13T15:30:00Z,TARGET,c6cf9a70873d14baabfc455ef223f122f959ca59ab7ae15d09440428b29e99b2,2024-11-13T15:30:00Z,RETEST_EXPIRED,2024-11-13T03:20:00Z,,2599.94,False,False,INITIAL_CONFIRMATION_TARGET,6795fde7a3d3f42209b9ca607cc2dd463882bc28f4b0f1c1e63652c3e992d1d3,a5f39503cf6e02ab2c321597fa7440b50e2bf64509cbcae6166cab5194d62d00,2595.16,,,,CONTROL_V2_FILLED_STOP,False,,2024-11-13T03:05:00Z,2595.16,2617.11,5b9590d2732cb24415b6f180ccc27bc75053d0b4bbf9e32839ca71b4925b96f0
857e2b57197e851188987cf5d85dd92426bce03dbda5d424fa1283473e0aefa4,2599.94,2024-11-13T03:05:00Z,ae121774ae5389dca3bbe691fc9433f5caa657e2254ba2ce2ff585e5a3993d7b,2024-11-13T03:05:00Z,2601.84,2595.16,2024-12-01T00:00:00Z,2024-11-13T03:00:00Z,2.592833110096013,LONG,0.4685468349015888,243.93806269042426,M5_LATEST_CONFIRMED_OPPOSING_SWING_ELSE_CONTROL,2024-11-13T03:05:00Z,CONTROL_NEXT_M1_OPEN,2601.84,True,7774248a3b6a0f50826a88954718080a5f534d1c8e4213cc53c20c61a836ac57,0.24281981354914983,5.421910836747158,2024_11,4.878761253808485,2.2859281437124723,TARGET,2024-11-13T15:30:00Z,TARGET,fb72be562aa8e7de3239e65fe69b7257e413b60464228ff261601371225405cb,2024-11-13T15:30:00Z,RETEST_EXPIRED,2024-11-13T03:20:00Z,,2599.94,False,False,INITIAL_CONFIRMATION_TARGET,b427fc41dafa66d09ec6738acd6c6b20ee424d0c64fc4d1cd50f334bec986a2c,a5f39503cf6e02ab2c321597fa7440b50e2bf64509cbcae6166cab5194d62d00,2598.7101071428574,0.9978571428569987,0.04989285714284994,,M5_LATEST_CONFIRMED_OPPOSING_SWING_ELSE_CONTROL,True,7dfe586485c0b5cb3d64442b8a77d260573c2dff8d5c072d6e8b172a3947f4da,2024-11-13T02:55:00Z,2598.76,2617.11,5b9590d2732cb24415b6f180ccc27bc75053d0b4bbf9e32839ca71b4925b96f0
857e2b57197e851188987cf5d85dd92426bce03dbda5d424fa1283473e0aefa4,2599.94,2024-11-13T03:05:00Z,ae121774ae5389dca3bbe691fc9433f5caa657e2254ba2ce2ff585e5a3993d7b,2024-11-13T03:05:00Z,2601.84,2595.16,2024-12-01T00:00:00Z,2024-11-13T03:00:00Z,1.0757097466542964,LONG,0.6800042771599853,168.08189451833843,M15_LATEST_CONFIRMED_OPPOSING_SWING_ELSE_CONTROL,2024-11-13T03:05:00Z,CONTROL_NEXT_M1_OPEN,2601.84,True,50b2c742c38c56006e22658ed4301fd2e7c5330cefc6632b82fcb1d3c1741290,0.16731138157691428,3.7358870333676135,2024_11,3.3616378903667687,2.2859281437124723,TARGET,2024-11-13T15:30:00Z,TARGET,98111ab235244d46867de0b311a658fceb64058e9d2c4a2b99b906b5b8bda16c,2024-11-13T15:30:00Z,RETEST_EXPIRED,2024-11-13T03:20:00Z,,2599.94,False,False,INITIAL_CONFIRMATION_TARGET,96a317dd655ad6261d86ff1a7c4b9629cc2eea3b311b4495f834248ff3e09cf6,a5f39503cf6e02ab2c321597fa7440b50e2bf64509cbcae6166cab5194d62d00,2597.2975714285712,1.448571428571378,0.0724285714285689,,M15_LATEST_CONFIRMED_OPPOSING_SWING_ELSE_CONTROL,True,ac767a58de482c79c18acfc3c34fef69fac7653e86d53ff3eba1d3c44f363522,2024-11-13T01:30:00Z,2597.37,2617.11,5b9590d2732cb24415b6f180ccc27bc75053d0b4bbf9e32839ca71b4925b96f0
857e2b57197e851188987cf5d85dd92426bce03dbda5d424fa1283473e0aefa4,2599.94,2024-11-13T03:05:00Z,ae121774ae5389dca3bbe691fc9433f5caa657e2254ba2ce2ff585e5a3993d7b,2024-11-13T03:05:00Z,2601.84,2595.16,2024-12-01T00:00:00Z,2024-11-13T03:00:00Z,0.0,LONG,1.0,114.29640718562362,CONTROL_V2_FILLED_STOP,2024-11-13T03:05:00Z,CONTROL_NEXT_M1_OPEN,2601.84,True,e3adf18aac9c58de9813a6241bf175ebb68091bd1366a6a5156f640bd58f79cf,0.11377245508984808,2.540419161676506,2024_11,2.2859281437124723,2.2859281437124723,TARGET,2024-11-13T15:30:00Z,TARGET,0706f84b3899fc7740fa57efc9b6282d72ed5739e9ef015dd0afd36e9e6937d9,2024-11-13T15:30:00Z,RETEST_EXPIRED,2024-11-13T03:20:00Z,,2599.94,False,False,INITIAL_CONFIRMATION_TARGET,7d0bf603210df7849316c96b45925d2327ffeb9c71dbd035f0449cbb60e45624,a5f39503cf6e02ab2c321597fa7440b50e2bf64509cbcae6166cab5194d62d00,2595.16,7.362857142857235,0.36814285714286177,NOT_STRICTLY_CLOSER_THAN_CONTROL,H1_SOURCE_SWING_BUFFERED_ELSE_CONTROL,False,a5f39503cf6e02ab2c321597fa7440b50e2bf64509cbcae6166cab5194d62d00,2024-11-13T03:00:00Z,2595.16,2617.11,5b9590d2732cb24415b6f180ccc27bc75053d0b4bbf9e32839ca71b4925b96f0
857e2b57197e851188987cf5d85dd92426bce03dbda5d424fa1283473e0aefa4,2599.94,2024-11-13T03:05:00Z,ae121774ae5389dca3bbe691fc9433f5caa657e2254ba2ce2ff585e5a3993d7b,2024-11-13T03:05:00Z,2601.84,2595.16,2024-12-01T00:00:00Z,2024-11-13T03:00:00Z,-2.2859281437124723,LONG,1.0,0.0,CONTROL_V2_FILLED_STOP,,M5_BROKEN_CONTROL_FIRST_RETEST,,False,0a34ca3456f80e1a41e11f78e6a7a24f8e53fcddd3f141a3179399f43dbcb057,,,2024_11,0.0,2.2859281437124723,TARGET,2024-11-13T15:30:00Z,NO_FILL,42022333c6b6a7f0b5d8ed2e9577a153f7c64ab95cd0d8efc25b7bbeaa9d7d66,,RETEST_EXPIRED,2024-11-13T03:20:00Z,,2599.94,False,False,INITIAL_CONFIRMATION_TARGET,6fdaeb3a80a537bfee9303c9f875b5a40e4ed6b14b69d53c22b27c3b9815fe55,a5f39503cf6e02ab2c321597fa7440b50e2bf64509cbcae6166cab5194d62d00,2595.16,,,,CONTROL_V2_FILLED_STOP,False,,2024-11-13T03:05:00Z,2595.16,2617.11,5b9590d2732cb24415b6f180ccc27bc75053d0b4bbf9e32839ca71b4925b96f0
857e2b57197e851188987cf5d85dd92426bce03dbda5d424fa1283473e0aefa4,2599.94,2024-11-13T03:05:00Z,ae121774ae5389dca3bbe691fc9433f5caa657e2254ba2ce2ff585e5a3993d7b,2024-11-13T03:05:00Z,2601.84,2595.16,2024-12-01T00:00:00Z,2024-11-13T03:00:00Z,-2.2859281437124723,LONG,0.4685468349015888,0.0,M5_LATEST_CONFIRMED_OPPOSING_SWING_ELSE_CONTROL,,M5_BROKEN_CONTROL_FIRST_RETEST,,False,7774248a3b6a0f50826a88954718080a5f534d1c8e4213cc53c20c61a836ac57,,,2024_11,0.0,2.2859281437124723,TARGET,2024-11-13T15:30:00Z,NO_FILL,4680722c98a44fd3c0a557ad311f46a97adef3ef1d02d5d8abcfc251c311a0bf,,RETEST_EXPIRED,2024-11-13T03:20:00Z,,2599.94,False,False,INITIAL_CONFIRMATION_TARGET,61c0455fb7550a3a8ebc62c68ee5e0f5d4ed3ab40f89358344c86c6b9bfd3b46,a5f39503cf6e02ab2c321597fa7440b50e2bf64509cbcae6166cab5194d62d00,2598.7101071428574,0.9978571428569987,0.04989285714284994,,M5_LATEST_CONFIRMED_OPPOSING_SWING_ELSE_CONTROL,True,7dfe586485c0b5cb3d64442b8a77d260573c2dff8d5c072d6e8b172a3947f4da,2024-11-13T02:55:00Z,2598.76,2617.11,5b9590d2732cb24415b6f180ccc27bc75053d0b4bbf9e32839ca71b4925b96f0
857e2b57197e851188987cf5d85dd92426bce03dbda5d424fa1283473e0aefa4,2599.94,2024-11-13T03:05:00Z,ae121774ae5389dca3bbe691fc9433f5caa657e2254ba2ce2ff585e5a3993d7b,2024-11-13T03:05:00Z,2601.84,2595.16,2024-12-01T00:00:00Z,2024-11-13T03:00:00Z,-2.2859281437124723,LONG,0.6800042771599853,0.0,M15_LATEST_CONFIRMED_OPPOSING_SWING_ELSE_CONTROL,,M5_BROKEN_CONTROL_FIRST_RETEST,,False,50b2c742c38c56006e22658ed4301fd2e7c5330cefc6632b82fcb1d3c1741290,,,2024_11,0.0,2.2859281437124723,TARGET,2024-11-13T15:30:00Z,NO_FILL,b05a7cf7a6d0c4830e5f9d3ffaf31755ab79ea463827430e009462f7fd844853,,RETEST_EXPIRED,2024-11-13T03:20:00Z,,2599.94,False,False,INITIAL_CONFIRMATION_TARGET,c58e0d34ef5255f2a8dd3f3cfd186eea506c60525e0841e77f82237c2638eeae,a5f39503cf6e02ab2c321597fa7440b50e2bf64509cbcae6166cab5194d62d00,2597.2975714285712,1.448571428571378,0.0724285714285689,,M15_LATEST_CONFIRMED_OPPOSING_SWING_ELSE_CONTROL,True,ac767a58de482c79c18acfc3c34fef69fac7653e86d53ff3eba1d3c44f363522,2024-11-13T01:30:00Z,2597.37,2617.11,5b9590d2732cb24415b6f180ccc27bc75053d0b4bbf9e32839ca71b4925b96f0
857e2b57197e851188987cf5d85dd92426bce03dbda5d424fa1283473e0aefa4,2599.94,2024-11-13T03:05:00Z,ae121774ae5389dca3bbe691fc9433f5caa657e2254ba2ce2ff585e5a3993d7b,2024-11-13T03:05:00Z,2601.84,2595.16,2024-12-01T00:00:00Z,2024-11-13T03:00:00Z,-2.2859281437124723,LONG,1.0,0.0,CONTROL_V2_FILLED_STOP,,M5_BROKEN_CONTROL_FIRST_RETEST,,False,e3adf18aac9c58de9813a6241bf175ebb68091bd1366a6a5156f640bd58f79cf,,,2024_11,0.0,2.2859281437124723,TARGET,2024-11-13T15:30:00Z,NO_FILL,0ccda3cb63091c33c6218bdd55434a6ef6a7d34dca7a5ad1dfa2c2a404f9f8f7,,RETEST_EXPIRED,2024-11-13T03:20:00Z,,2599.94,False,False,INITIAL_CONFIRMATION_TARGET,090aaebecd8633ce94faab5f71bb975cdfa951f10b2a462bb6deefdb65369f1d,a5f39503cf6e02ab2c321597fa7440b50e2bf64509cbcae6166cab5194d62d00,2595.16,7.362857142857235,0.36814285714286177,NOT_STRICTLY_CLOSER_THAN_CONTROL,H1_SOURCE_SWING_BUFFERED_ELSE_CONTROL,False,a5f39503cf6e02ab2c321597fa7440b50e2bf64509cbcae6166cab5194d62d00,2024-11-13T03:00:00Z,2595.16,2617.11,5b9590d2732cb24415b6f180ccc27bc75053d0b4bbf9e32839ca71b4925b96f0
857e2b57197e851188987cf5d85dd92426bce03dbda5d424fa1283473e0aefa4,2599.94,2024-11-13T03:05:00Z,ae121774ae5389dca3bbe691fc9433f5caa657e2254ba2ce2ff585e5a3993d7b,2024-11-13T03:05:00Z,2601.84,2595.16,2024-12-01T00:00:00Z,2024-11-13T03:00:00Z,-1.7144461077843542,LONG,1.0,28.574101796405905,CONTROL_V2_FILLED_STOP,2024-11-13T03:05:00Z,CONFIRMED_25_75_RETEST_SPLIT,2601.84,True,0a34ca3456f80e1a41e11f78e6a7a24f8e53fcddd3f141a3179399f43dbcb057,0.02844311377246202,0.6351047904191265,2024_11,0.5714820359281181,2.2859281437124723,TARGET,2024-11-13T15:30:00Z,SPLIT_CONTROL_TARGET_NO_RETEST,34fe8ed3d5c831b53a558e380c511805d477ca756486d4d74f6e2e68bc1bf67a,2024-11-13T15:30:00Z,RETEST_EXPIRED,2024-11-13T03:20:00Z,,2599.94,False,False,INITIAL_CONFIRMATION_TARGET,1d48a6bd7380e1f643d819f919a96a0a824f7ac2ba4d3d6ccd571f4b2612f973,a5f39503cf6e02ab2c321597fa7440b50e2bf64509cbcae6166cab5194d62d00,2595.16,,,,CONTROL_V2_FILLED_STOP,False,,2024-11-13T03:05:00Z,2595.16,2617.11,5b9590d2732cb24415b6f180ccc27bc75053d0b4bbf9e32839ca71b4925b96f0
857e2b57197e851188987cf5d85dd92426bce03dbda5d424fa1283473e0aefa4,2599.94,2024-11-13T03:05:00Z,ae121774ae5389dca3bbe691fc9433f5caa657e2254ba2ce2ff585e5a3993d7b,2024-11-13T03:05:00Z,2601.84,2595.16,2024-12-01T00:00:00Z,2024-11-13T03:00:00Z,-1.066237830260351,LONG,0.4685468349015888,60.984515672606065,M5_LATEST_CONFIRMED_OPPOSING_SWING_ELSE_CONTROL,2024-11-13T03:05:00Z,CONFIRMED_25_75_RETEST_SPLIT,2601.84,True,7774248a3b6a0f50826a88954718080a5f534d1c8e4213cc53c20c61a836ac57,0.06070495338728746,1.3554777091867896,2024_11,1.2196903134521213,2.2859281437124723,TARGET,2024-11-13T15:30:00Z,SPLIT_CONTROL_TARGET_NO_RETEST,8bd74fc9c11b934910d875870d01b78fea9a77cb5545f66c315a5a39f32fcbe2,2024-11-13T15:30:00Z,RETEST_EXPIRED,2024-11-13T03:20:00Z,,2599.94,False,False,INITIAL_CONFIRMATION_TARGET,c1e3571f276670f845ce7e9470ffda5126fda4e9aaeaa6436cbad03fd20120bd,a5f39503cf6e02ab2c321597fa7440b50e2bf64509cbcae6166cab5194d62d00,2598.7101071428574,0.9978571428569987,0.04989285714284994,,M5_LATEST_CONFIRMED_OPPOSING_SWING_ELSE_CONTROL,True,7dfe586485c0b5cb3d64442b8a77d260573c2dff8d5c072d6e8b172a3947f4da,2024-11-13T02:55:00Z,2598.76,2617.11,5b9590d2732cb24415b6f180ccc27bc75053d0b4bbf9e32839ca71b4925b96f0
857e2b57197e851188987cf5d85dd92426bce03dbda5d424fa1283473e0aefa4,2599.94,2024-11-13T03:05:00Z,ae121774ae5389dca3bbe691fc9433f5caa657e2254ba2ce2ff585e5a3993d7b,2024-11-13T03:05:00Z,2601.84,2595.16,2024-12-01T00:00:00Z,2024-11-13T03:00:00Z,-1.4455186711207801,LONG,0.6800042771599853,42.02047362958461,M15_LATEST_CONFIRMED_OPPOSING_SWING_ELSE_CONTROL,2024-11-13T03:05:00Z,CONFIRMED_25_75_RETEST_SPLIT,2601.84,True,50b2c742c38c56006e22658ed4301fd2e7c5330cefc6632b82fcb1d3c1741290,0.04182784539422857,0.9339717583419034,2024_11,0.8404094725916922,2.2859281437124723,TARGET,2024-11-13T15:30:00Z,SPLIT_CONTROL_TARGET_NO_RETEST,84d23e11a9bfa363f96c910e7e78d9996c1809d9dc545bff90c5808459adc94d,2024-11-13T15:30:00Z,RETEST_EXPIRED,2024-11-13T03:20:00Z,,2599.94,False,False,INITIAL_CONFIRMATION_TARGET,e563706346f03b8b341e223ca311fcdba70b7f4b8a07bd19e818896819e9843a,a5f39503cf6e02ab2c321597fa7440b50e2bf64509cbcae6166cab5194d62d00,2597.2975714285712,1.448571428571378,0.0724285714285689,,M15_LATEST_CONFIRMED_OPPOSING_SWING_ELSE_CONTROL,True,ac767a58de482c79c18acfc3c34fef69fac7653e86d53ff3eba1d3c44f363522,2024-11-13T01:30:00Z,2597.37,2617.11,5b9590d2732cb24415b6f180ccc27bc75053d0b4bbf9e32839ca71b4925b96f0
857e2b57197e851188987cf5d85dd92426bce03dbda5d424fa1283473e0aefa4,2599.94,2024-11-13T03:05:00Z,ae121774ae5389dca3bbe691fc9433f5caa657e2254ba2ce2ff585e5a3993d7b,2024-11-13T03:05:00Z,2601.84,2595.16,2024-12-01T00:00:00Z,2024-11-13T03:00:00Z,-1.7144461077843542,LONG,1.0,28.574101796405905,CONTROL_V2_FILLED_STOP,2024-11-13T03:05:00Z,CONFIRMED_25_75_RETEST_SPLIT,2601.84,True,e3adf18aac9c58de9813a6241bf175ebb68091bd1366a6a5156f640bd58f79cf,0.02844311377246202,0.6351047904191265,2024_11,0.5714820359281181,2.2859281437124723,TARGET,2024-11-13T15:30:00Z,SPLIT_CONTROL_TARGET_NO_RETEST,b3b09b44ae2f40d5bb6e2a17ba3afe4e50832a7ccaac58e3f500bce1fb95c899,2024-11-13T15:30:00Z,RETEST_EXPIRED,2024-11-13T03:20:00Z,,2599.94,False,False,INITIAL_CONFIRMATION_TARGET,1e28350c5e721681e299d33d86127b135824f100ea4c0b8226b1d91e647c970c,a5f39503cf6e02ab2c321597fa7440b50e2bf64509cbcae6166cab5194d62d00,2595.16,7.362857142857235,0.36814285714286177,NOT_STRICTLY_CLOSER_THAN_CONTROL,H1_SOURCE_SWING_BUFFERED_ELSE_CONTROL,False,a5f39503cf6e02ab2c321597fa7440b50e2bf64509cbcae6166cab5194d62d00,2024-11-13T03:00:00Z,2595.16,2617.11,5b9590d2732cb24415b6f180ccc27bc75053d0b4bbf9e32839ca71b4925b96f0
d44b2f06df1cc516786f3034eb27a8451c89fbea427838f6857739a24906805e,2604.16,2024-11-13T10:10:00Z,50700ab5957172a70e072140ab07e6e62cd6cb57a0dfe5761319ed68e727dd28,2024-11-13T10:10:00Z,2603.74,2613.32,2024-12-01T00:00:00Z,2024-11-13T08:00:00Z,0.0,SHORT,1.0,-50.0,CONTROL_V2_FILLED_STOP,2024-11-13T10:10:00Z,CONTROL_NEXT_M1_OPEN,2603.74,True,d0127b053dea5fb59321b8673c2d80108b0a046551166acb44d648b65000f714,1.573068893528138,0.27766179540707187,2024_11,-1.0,-1.0,STOP,2024-11-13T15:30:00Z,STOP,bc4593277ee33136474784a1136bdfab4124a61d8512fd054c651054349bd3c2,2024-11-13T15:30:00Z,FIRST_RETEST_FILLED,2024-11-13T10:25:00Z,2024-11-13T10:17:00Z,2604.16,True,False,INITIAL_CONFIRMATION_STOP,dd547808e4be750067205144ef7b9597bb33d27e29883104ac1c10b5c24e7b4d,ccd6dcc73a14653674fcdd5d80433eee3e68771bb7bc4839043676ebc907d78c,2613.32,,,,CONTROL_V2_FILLED_STOP,False,,2024-11-13T10:10:00Z,2613.32,2595.16,6bd4cf1b1f0db3d4bf7f997fe9674401bc7933c839af3d468b2d7bfd844fff8f
d44b2f06df1cc516786f3034eb27a8451c89fbea427838f6857739a24906805e,2604.16,2024-11-13T10:10:00Z,50700ab5957172a70e072140ab07e6e62cd6cb57a0dfe5761319ed68e727dd28,2024-11-13T10:10:00Z,2603.74,2613.32,2024-12-01T00:00:00Z,2024-11-13T08:00:00Z,0.0,SHORT,0.37592081717866316,-50.0,M5_LATEST_CONFIRMED_OPPOSING_SWING_ELSE_CONTROL,2024-11-13T10:10:00Z,CONTROL_NEXT_M1_OPEN,2603.74,True,c7c885808adf57ebdabfe0204ed4a5df4ea44f360da344cae494adb75bf3fdc1,1.3161835437388585,0.7386177692710965,2024_11,-1.0,-1.0,STOP,2024-11-13T15:30:00Z,STOP,ca1c33bbff82b90c95a7802fadd2aef4a40e8fabd1354ab05219b8083247d811,2024-11-13T10:33:00Z,FIRST_RETEST_FILLED,2024-11-13T10:25:00Z,2024-11-13T10:17:00Z,2604.16,True,False,INITIAL_CONFIRMATION_STOP,42d71771504ab879153f1f04c8bd5f07c6e6de3b695bef0b4c5c25b53af57299,ccd6dcc73a14653674fcdd5d80433eee3e68771bb7bc4839043676ebc907d78c,2607.3413214285715,1.426428571428492,0.07132142857142461,,M5_LATEST_CONFIRMED_OPPOSING_SWING_ELSE_CONTROL,True,6b09e295b84dbb3d032adaa26dd7ef1c83cea33f05f835bf995734890e906ae4,2024-11-13T09:55:00Z,2607.27,2595.16,6bd4cf1b1f0db3d4bf7f997fe9674401bc7933c839af3d468b2d7bfd844fff8f
d44b2f06df1cc516786f3034eb27a8451c89fbea427838f6857739a24906805e,2604.16,2024-11-13T10:10:00Z,50700ab5957172a70e072140ab07e6e62cd6cb57a0dfe5761319ed68e727dd28,2024-11-13T10:10:00Z,2603.74,2613.32,2024-12-01T00:00:00Z,2024-11-13T08:00:00Z,0.0,SHORT,0.4038808529674807,-50.0,M15_LATEST_CONFIRMED_OPPOSING_SWING_ELSE_CONTROL,2024-11-13T10:10:00Z,CONTROL_NEXT_M1_OPEN,2603.74,True,f40174fccf742acc5f86ee64a40d0a8f4f091e0df5c0d2a0a06e58806d82bb18,1.2250662285276956,0.687484423604078,2024_11,-1.0,-1.0,STOP,2024-11-13T15:30:00Z,STOP,0c8021d285da4d34f6f6928ea9aaa1ed89c9dd84351a6d83887567fbe90bec65,2024-11-13T10:33:00Z,FIRST_RETEST_FILLED,2024-11-13T10:25:00Z,2024-11-13T10:17:00Z,2604.16,True,False,INITIAL_CONFIRMATION_STOP,81fda5172d6395283ffe202aff4b36eac170511c4db4349fa401236a954e65e2,ccd6dcc73a14653674fcdd5d80433eee3e68771bb7bc4839043676ebc907d78c,2607.6091785714284,2.583571428571499,0.12917857142857495,,M15_LATEST_CONFIRMED_OPPOSING_SWING_ELSE_CONTROL,True,a48f2b929ff881278baa225acdda951f8ed92bbb1174ff863022c52178b17b05,2024-11-13T09:45:00Z,2607.48,2595.16,6bd4cf1b1f0db3d4bf7f997fe9674401bc7933c839af3d468b2d7bfd844fff8f
d44b2f06df1cc516786f3034eb27a8451c89fbea427838f6857739a24906805e,2604.16,2024-11-13T10:10:00Z,50700ab5957172a70e072140ab07e6e62cd6cb57a0dfe5761319ed68e727dd28,2024-11-13T10:10:00Z,2603.74,2613.32,2024-12-01T00:00:00Z,2024-11-13T08:00:00Z,0.0,SHORT,1.0,-50.0,CONTROL_V2_FILLED_STOP,2024-11-13T10:10:00Z,CONTROL_NEXT_M1_OPEN,2603.74,True,a5a3249536c5c46500048676cdf6abece7ee085516241be07dca303ce1318cc9,1.573068893528138,0.27766179540707187,2024_11,-1.0,-1.0,STOP,2024-11-13T15:30:00Z,STOP,5a1f284053aa8451439c54e4f4fdf12d036b29decbd646fb040a0d5e118663da,2024-11-13T15:30:00Z,FIRST_RETEST_FILLED,2024-11-13T10:25:00Z,2024-11-13T10:17:00Z,2604.16,True,False,INITIAL_CONFIRMATION_STOP,1763e94d854e2dc2aba4bb460ffecb60742bb8bfdb53a69bc5ddd61f5b3dd476,ccd6dcc73a14653674fcdd5d80433eee3e68771bb7bc4839043676ebc907d78c,2613.32,5.508571428571551,0.2754285714285775,NOT_STRICTLY_CLOSER_THAN_CONTROL,H1_SOURCE_SWING_BUFFERED_ELSE_CONTROL,False,ccd6dcc73a14653674fcdd5d80433eee3e68771bb7bc4839043676ebc907d78c,2024-11-13T08:00:00Z,2613.32,2595.16,6bd4cf1b1f0db3d4bf7f997fe9674401bc7933c839af3d468b2d7bfd844fff8f
d44b2f06df1cc516786f3034eb27a8451c89fbea427838f6857739a24906805e,2604.16,2024-11-13T10:10:00Z,50700ab5957172a70e072140ab07e6e62cd6cb57a0dfe5761319ed68e727dd28,2024-11-13T10:10:00Z,2603.74,2613.32,2024-12-01T00:00:00Z,2024-11-13T08:00:00Z,0.0,SHORT,1.0,-50.0,CONTROL_V2_FILLED_STOP,2024-11-13T10:17:00Z,M5_BROKEN_CONTROL_FIRST_RETEST,2604.16,True,d0127b053dea5fb59321b8673c2d80108b0a046551166acb44d648b65000f714,1.5993449781658948,0.1310043668122028,2024_11,-1.0,-1.0,STOP,2024-11-13T15:30:00Z,STOP,f7000372af5af42fe937e39668f3aad0963b2644f79f371d7ed3eea42370ea38,2024-11-13T15:30:00Z,FIRST_RETEST_FILLED,2024-11-13T10:25:00Z,2024-11-13T10:17:00Z,2604.16,True,True,INITIAL_CONFIRMATION_STOP,c68231b87af713bcacb1e4727a896b1066515ee953369aebcb07830ff0fcd127,ccd6dcc73a14653674fcdd5d80433eee3e68771bb7bc4839043676ebc907d78c,2613.32,,,,CONTROL_V2_FILLED_STOP,False,,2024-11-13T10:10:00Z,2613.32,2595.16,6bd4cf1b1f0db3d4bf7f997fe9674401bc7933c839af3d468b2d7bfd844fff8f
d44b2f06df1cc516786f3034eb27a8451c89fbea427838f6857739a24906805e,2604.16,2024-11-13T10:10:00Z,50700ab5957172a70e072140ab07e6e62cd6cb57a0dfe5761319ed68e727dd28,2024-11-13T10:10:00Z,2603.74,2613.32,2024-12-01T00:00:00Z,2024-11-13T08:00:00Z,0.0,SHORT,0.37592081717866316,-50.0,M5_LATEST_CONFIRMED_OPPOSING_SWING_ELSE_CONTROL,2024-11-13T10:17:00Z,M5_BROKEN_CONTROL_FIRST_RETEST,2604.16,True,c7c885808adf57ebdabfe0204ed4a5df4ea44f360da344cae494adb75bf3fdc1,1.3579262884919299,0.37720174680324237,2024_11,-1.0,-1.0,STOP,2024-11-13T15:30:00Z,STOP,d9e351f8c60f51f1e67f3439ce2655cdc169675f4eeeb95e0dd439221dd007aa,2024-11-13T10:33:00Z,FIRST_RETEST_FILLED,2024-11-13T10:25:00Z,2024-11-13T10:17:00Z,2604.16,True,True,INITIAL_CONFIRMATION_STOP,d52fc71eb48b8bf8b7cf839e10561dfba5b409350b91e3a316a4555011027d05,ccd6dcc73a14653674fcdd5d80433eee3e68771bb7bc4839043676ebc907d78c,2607.3413214285715,1.426428571428492,0.07132142857142461,,M5_LATEST_CONFIRMED_OPPOSING_SWING_ELSE_CONTROL,True,6b09e295b84dbb3d032adaa26dd7ef1c83cea33f05f835bf995734890e906ae4,2024-11-13T09:55:00Z,2607.27,2595.16,6bd4cf1b1f0db3d4bf7f997fe9674401bc7933c839af3d468b2d7bfd844fff8f
d44b2f06df1cc516786f3034eb27a8451c89fbea427838f6857739a24906805e,2604.16,2024-11-13T10:10:00Z,50700ab5957172a70e072140ab07e6e62cd6cb57a0dfe5761319ed68e727dd28,2024-11-13T10:10:00Z,2603.74,2613.32,2024-12-01T00:00:00Z,2024-11-13T08:00:00Z,0.0,SHORT,0.4038808529674807,-50.0,M15_LATEST_CONFIRMED_OPPOSING_SWING_ELSE_CONTROL,2024-11-13T10:17:00Z,M5_BROKEN_CONTROL_FIRST_RETEST,2604.16,True,f40174fccf742acc5f86ee64a40d0a8f4f091e0df5c0d2a0a06e58806d82bb18,1.2524721206913183,0.34790892241418914,2024_11,-1.0,-1.0,STOP,2024-11-13T15:30:00Z,STOP,9467e2606d1e0ca147cddefa23661e8c6c42eb72ded34b955a6cc526c800879a,2024-11-13T10:33:00Z,FIRST_RETEST_FILLED,2024-11-13T10:25:00Z,2024-11-13T10:17:00Z,2604.16,True,True,INITIAL_CONFIRMATION_STOP,6899d47c52db9574d1865d4214c13814d47ff3292124f3fc82e4f55f8bcaa084,ccd6dcc73a14653674fcdd5d80433eee3e68771bb7bc4839043676ebc907d78c,2607.6091785714284,2.583571428571499,0.12917857142857495,,M15_LATEST_CONFIRMED_OPPOSING_SWING_ELSE_CONTROL,True,a48f2b929ff881278baa225acdda951f8ed92bbb1174ff863022c52178b17b05,2024-11-13T09:45:00Z,2607.48,2595.16,6bd4cf1b1f0db3d4bf7f997fe9674401bc7933c839af3d468b2d7bfd844fff8f
d44b2f06df1cc516786f3034eb27a8451c89fbea427838f6857739a24906805e,2604.16,2024-11-13T10:10:00Z,50700ab5957172a70e072140ab07e6e62cd6cb57a0dfe5761319ed68e727dd28,2024-11-13T10:10:00Z,2603.74,2613.32,2024-12-01T00:00:00Z,2024-11-13T08:00:00Z,0.0,SHORT,1.0,-50.0,CONTROL_V2_FILLED_STOP,2024-11-13T10:17:00Z,M5_BROKEN_CONTROL_FIRST_RETEST,2604.16,True,a5a3249536c5c46500048676cdf6abece7ee085516241be07dca303ce1318cc9,1.5993449781658948,0.1310043668122028,2024_11,-1.0,-1.0,STOP,2024-11-13T15:30:00Z,STOP,ca1df1586efa72fec261379963dd1ffe64b6506405f27e71ea19f77f69d9b9df,2024-11-13T15:30:00Z,FIRST_RETEST_FILLED,2024-11-13T10:25:00Z,2024-11-13T10:17:00Z,2604.16,True,True,INITIAL_CONFIRMATION_STOP,83a18737976457a6df2764d19a1f09d280b3bcdb527b451c3e6b8e883881a089,ccd6dcc73a14653674fcdd5d80433eee3e68771bb7bc4839043676ebc907d78c,2613.32,5.508571428571551,0.2754285714285775,NOT_STRICTLY_CLOSER_THAN_CONTROL,H1_SOURCE_SWING_BUFFERED_ELSE_CONTROL,False,ccd6dcc73a14653674fcdd5d80433eee3e68771bb7bc4839043676ebc907d78c,2024-11-13T08:00:00Z,2613.32,2595.16,6bd4cf1b1f0db3d4bf7f997fe9674401bc7933c839af3d468b2d7bfd844fff8f
d44b2f06df1cc516786f3034eb27a8451c89fbea427838f6857739a24906805e,2604.16,2024-11-13T10:10:00Z,50700ab5957172a70e072140ab07e6e62cd6cb57a0dfe5761319ed68e727dd28,2024-11-13T10:10:00Z,2603.74,2613.32,2024-12-01T00:00:00Z,2024-11-13T08:00:00Z,0.0,SHORT,1.0,-50.0,CONTROL_V2_FILLED_STOP,2024-11-13T10:10:00Z,CONFIRMED_25_75_RETEST_SPLIT,2603.74,True,d0127b053dea5fb59321b8673c2d80108b0a046551166acb44d648b65000f714,1.5927759570064555,0.16766872396092006,2024_11,-1.0,-1.0,STOP,2024-11-13T15:30:00Z,SPLIT_STOP_STOP,551d6e3f73d8687d8bab4a9568061e4d32f6100af6db437edd96af18eeb6e54b,2024-11-13T15:30:00Z,FIRST_RETEST_FILLED,2024-11-13T10:25:00Z,2024-11-13T10:17:00Z,2604.16,True,True,INITIAL_CONFIRMATION_STOP,f70bc26ee740909380435705867690182220027f4268b49f9e0f3206165b3e18,ccd6dcc73a14653674fcdd5d80433eee3e68771bb7bc4839043676ebc907d78c,2613.32,,,,CONTROL_V2_FILLED_STOP,False,,2024-11-13T10:10:00Z,2613.32,2595.16,6bd4cf1b1f0db3d4bf7f997fe9674401bc7933c839af3d468b2d7bfd844fff8f
d44b2f06df1cc516786f3034eb27a8451c89fbea427838f6857739a24906805e,2604.16,2024-11-13T10:10:00Z,50700ab5957172a70e072140ab07e6e62cd6cb57a0dfe5761319ed68e727dd28,2024-11-13T10:10:00Z,2603.74,2613.32,2024-12-01T00:00:00Z,2024-11-13T08:00:00Z,0.0,SHORT,0.37592081717866316,-50.0,M5_LATEST_CONFIRMED_OPPOSING_SWING_ELSE_CONTROL,2024-11-13T10:10:00Z,CONFIRMED_25_75_RETEST_SPLIT,2603.74,True,c7c885808adf57ebdabfe0204ed4a5df4ea44f360da344cae494adb75bf3fdc1,1.3474906023036621,0.4675557524202059,2024_11,-1.0,-1.0,STOP,2024-11-13T15:30:00Z,SPLIT_STOP_STOP,95c6abf1cc0a79b1e545f149e00ed5a1ee909157a23920f6147ced726a5f89a2,2024-11-13T10:33:00Z,FIRST_RETEST_FILLED,2024-11-13T10:25:00Z,2024-11-13T10:17:00Z,2604.16,True,True,INITIAL_CONFIRMATION_STOP,bc284bc0c69ded89f7f40508798d5455a863c6cfcc58ffb61f548ec7fea5e507,ccd6dcc73a14653674fcdd5d80433eee3e68771bb7bc4839043676ebc907d78c,2607.3413214285715,1.426428571428492,0.07132142857142461,,M5_LATEST_CONFIRMED_OPPOSING_SWING_ELSE_CONTROL,True,6b09e295b84dbb3d032adaa26dd7ef1c83cea33f05f835bf995734890e906ae4,2024-11-13T09:55:00Z,2607.27,2595.16,6bd4cf1b1f0db3d4bf7f997fe9674401bc7933c839af3d468b2d7bfd844fff8f
d44b2f06df1cc516786f3034eb27a8451c89fbea427838f6857739a24906805e,2604.16,2024-11-13T10:10:00Z,50700ab5957172a70e072140ab07e6e62cd6cb57a0dfe5761319ed68e727dd28,2024-11-13T10:10:00Z,2603.74,2613.32,2024-12-01T00:00:00Z,2024-11-13T08:00:00Z,0.0,SHORT,0.4038808529674807,-50.0,M15_LATEST_CONFIRMED_OPPOSING_SWING_ELSE_CONTROL,2024-11-13T10:10:00Z,CONFIRMED_25_75_RETEST_SPLIT,2603.74,True,f40174fccf742acc5f86ee64a40d0a8f4f091e0df5c0d2a0a06e58806d82bb18,1.2456206476504126,0.43280279771166136,2024_11,-1.0,-1.0,STOP,2024-11-13T15:30:00Z,SPLIT_STOP_STOP,d820f037339c9f8201bbdc3ea41de89d55d6514a09e0108d1b1300a29172b8f7,2024-11-13T10:33:00Z,FIRST_RETEST_FILLED,2024-11-13T10:25:00Z,2024-11-13T10:17:00Z,2604.16,True,True,INITIAL_CONFIRMATION_STOP,ce148130feba7fad9ec8f836da5451e315c36a525bd61b8110038131936cbcd3,ccd6dcc73a14653674fcdd5d80433eee3e68771bb7bc4839043676ebc907d78c,2607.6091785714284,2.583571428571499,0.12917857142857495,,M15_LATEST_CONFIRMED_OPPOSING_SWING_ELSE_CONTROL,True,a48f2b929ff881278baa225acdda951f8ed92bbb1174ff863022c52178b17b05,2024-11-13T09:45:00Z,2607.48,2595.16,6bd4cf1b1f0db3d4bf7f997fe9674401bc7933c839af3d468b2d7bfd844fff8f
d44b2f06df1cc516786f3034eb27a8451c89fbea427838f6857739a24906805e,2604.16,2024-11-13T10:10:00Z,50700ab5957172a70e072140ab07e6e62cd6cb57a0dfe5761319ed68e727dd28,2024-11-13T10:10:00Z,2603.74,2613.32,2024-12-01T00:00:00Z,2024-11-13T08:00:00Z,0.0,SHORT,1.0,-50.0,CONTROL_V2_FILLED_STOP,2024-11-13T10:10:00Z,CONFIRMED_25_75_RETEST_SPLIT,2603.74,True,a5a3249536c5c46500048676cdf6abece7ee085516241be07dca303ce1318cc9,1.5927759570064555,0.16766872396092006,2024_11,-1.0,-1.0,STOP,2024-11-13T15:30:00Z,SPLIT_STOP_STOP,ab512850b07d249ed35d21f48b57493554318d17687371d823e5ca6f88635a19,2024-11-13T15:30:00Z,FIRST_RETEST_FILLED,2024-11-13T10:25:00Z,2024-11-13T10:17:00Z,2604.16,True,True,INITIAL_CONFIRMATION_STOP,6b4ed9f67bff0f67a206cd70d177e49be4962efd18cc5fff8fd4277b48f2156a,ccd6dcc73a14653674fcdd5d80433eee3e68771bb7bc4839043676ebc907d78c,2613.32,5.508571428571551,0.2754285714285775,NOT_STRICTLY_CLOSER_THAN_CONTROL,H1_SOURCE_SWING_BUFFERED_ELSE_CONTROL,False,ccd6dcc73a14653674fcdd5d80433eee3e68771bb7bc4839043676ebc907d78c,2024-11-13T08:00:00Z,2613.32,2595.16,6bd4cf1b1f0db3d4bf7f997fe9674401bc7933c839af3d468b2d7bfd844fff8f
ceadc1d665d09a385a14b16d2cc44c4ae994f0c55e1c7daa24d349eda8003dde,2610.49,2024-11-13T13:10:00Z,58a67df029aed555c8e9adda8c08b1382769a2766afcbcbebd8fafcc29891d75,2024-11-13T13:10:00Z,2611.28,2601.08,2024-12-01T00:00:00Z,2024-11-13T13:00:00Z,0.0,LONG,1.0,9.999999999999554,CONTROL_V2_FILLED_STOP,2024-11-13T13:10:00Z,CONTROL_NEXT_M1_OPEN,2611.28,True,7802d968d5588dd947890697a2fd2c340eefba3a385df132e99da26cc1802361,0.5294117647058771,0.7382352941176024,2024_11,0.19999999999999107,0.19999999999999107,TARGET,2024-11-13T15:30:00Z,TARGET,e9ad9cbee88fe4c9d534e4208006777f598e8146f29b9764d0d3f38a4eb894b2,2024-11-13T15:30:00Z,FIRST_RETEST_FILLED,2024-11-13T13:25:00Z,2024-11-13T13:12:00Z,2610.49,True,False,INITIAL_CONFIRMATION_TARGET,513a663d53b93ea37b697f03439ad8576ac70f959651b0c49d938d508e415f24,b59c0c23e6763ed1464d1404dbfd2300e0327ee78138cf527e4011ec5a2186d9,2601.08,,,,CONTROL_V2_FILLED_STOP,False,,2024-11-13T13:10:00Z,2601.08,2613.32,6f6596635dd3b67a965a4fdee7cf8d87c280920f7f97e7d2970ec104d33220cf
ceadc1d665d09a385a14b16d2cc44c4ae994f0c55e1c7daa24d349eda8003dde,2610.49,2024-11-13T13:10:00Z,58a67df029aed555c8e9adda8c08b1382769a2766afcbcbebd8fafcc29891d75,2024-11-13T13:10:00Z,2611.28,2601.08,2024-12-01T00:00:00Z,2024-11-13T13:00:00Z,-1.199999999999991,LONG,0.42258753501397767,-50.0,M5_LATEST_CONFIRMED_OPPOSING_SWING_ELSE_CONTROL,2024-11-13T13:10:00Z,CONTROL_NEXT_M1_OPEN,2611.28,True,9513adb1ac2ca90e7e320265b11d734cdf0c236f67e1e5c9f4836051733f18aa,1.2087065315558472,0.09279896595429861,2024_11,-1.0,0.19999999999999107,TARGET,2024-11-13T15:30:00Z,STOP,d0bef3013ff10f28b199cd3364e59594f82b366a72d2228cccea8ac1117197b9,2024-11-13T13:35:00Z,FIRST_RETEST_FILLED,2024-11-13T13:25:00Z,2024-11-13T13:12:00Z,2610.49,True,False,INITIAL_CONFIRMATION_TARGET,149a8367ad9d80f53b57a4c5537e067628cffb29197c58ffcc833253b805bf8b,b59c0c23e6763ed1464d1404dbfd2300e0327ee78138cf527e4011ec5a2186d9,2606.9696071428575,1.607857142857061,0.08039285714285305,,M5_LATEST_CONFIRMED_OPPOSING_SWING_ELSE_CONTROL,True,b36e3daa46a0c1ab298d911fcff6d0e80208d5c98348e53fd6a4d6c84649fed2,2024-11-13T12:55:00Z,2607.05,2613.32,6f6596635dd3b67a965a4fdee7cf8d87c280920f7f97e7d2970ec104d33220cf
ceadc1d665d09a385a14b16d2cc44c4ae994f0c55e1c7daa24d349eda8003dde,2610.49,2024-11-13T13:10:00Z,58a67df029aed555c8e9adda8c08b1382769a2766afcbcbebd8fafcc29891d75,2024-11-13T13:10:00Z,2611.28,2601.08,2024-12-01T00:00:00Z,2024-11-13T13:00:00Z,-1.199999999999991,LONG,0.4356722689075637,-50.0,M15_LATEST_CONFIRMED_OPPOSING_SWING_ELSE_CONTROL,2024-11-13T13:10:00Z,CONTROL_NEXT_M1_OPEN,2611.28,True,05284d8acb21b2f2e9fdd83bcaf3e6894a20702d979b6749734764a79244449a,1.1724049249364845,0.09001189442882226,2024_11,-1.0,0.19999999999999107,TARGET,2024-11-13T15:30:00Z,STOP,b02f8ce960077151a0e2912c9086cfaa7dd1d5307a0ae156222d942707b8bd9b,2024-11-13T13:35:00Z,FIRST_RETEST_FILLED,2024-11-13T13:25:00Z,2024-11-13T13:12:00Z,2610.49,True,False,INITIAL_CONFIRMATION_TARGET,48bd379f1cc0695c2b010ff2f807c2df30a25ff5274687c68279856913eb8c92,b59c0c23e6763ed1464d1404dbfd2300e0327ee78138cf527e4011ec5a2186d9,2606.836142857143,3.2771428571428323,0.16385714285714162,,M15_LATEST_CONFIRMED_OPPOSING_SWING_ELSE_CONTROL,True,b9239432eae93f1c6a44be6170de512851494c3884f728d8f2043bc751725d17,2024-11-13T13:00:00Z,2607.0,2613.32,6f6596635dd3b67a965a4fdee7cf8d87c280920f7f97e7d2970ec104d33220cf
ceadc1d665d09a385a14b16d2cc44c4ae994f0c55e1c7daa24d349eda8003dde,2610.49,2024-11-13T13:10:00Z,58a67df029aed555c8e9adda8c08b1382769a2766afcbcbebd8fafcc29891d75,2024-11-13T13:10:00Z,2611.28,2601.08,2024-12-01T00:00:00Z,2024-11-13T13:00:00Z,0.0,LONG,1.0,9.999999999999554,CONTROL_V2_FILLED_STOP,2024-11-13T13:10:00Z,CONTROL_NEXT_M1_OPEN,2611.28,True,23ba54b8969ece99013e8930999a55ec411b612b9917e93bac7dfbe90068d8be,0.5294117647058771,0.7382352941176024,2024_11,0.19999999999999107,0.19999999999999107,TARGET,2024-11-13T15:30:00Z,TARGET,ef77a44987ca9f10dc423113699705f43cb317ca3b8ef4b810a6cfedff960dfc,2024-11-13T15:30:00Z,FIRST_RETEST_FILLED,2024-11-13T13:25:00Z,2024-11-13T13:12:00Z,2610.49,True,False,INITIAL_CONFIRMATION_TARGET,2e156497109317583be2ccbcd1e6a285dd8ed5ecb4ffe9ee530861759366bd77,b59c0c23e6763ed1464d1404dbfd2300e0327ee78138cf527e4011ec5a2186d9,2601.08,5.305000000000064,0.2652500000000032,NOT_STRICTLY_CLOSER_THAN_CONTROL,H1_SOURCE_SWING_BUFFERED_ELSE_CONTROL,False,b59c0c23e6763ed1464d1404dbfd2300e0327ee78138cf527e4011ec5a2186d9,2024-11-13T13:00:00Z,2601.08,2613.32,6f6596635dd3b67a965a4fdee7cf8d87c280920f7f97e7d2970ec104d33220cf
ceadc1d665d09a385a14b16d2cc44c4ae994f0c55e1c7daa24d349eda8003dde,2610.49,2024-11-13T13:10:00Z,58a67df029aed555c8e9adda8c08b1382769a2766afcbcbebd8fafcc29891d75,2024-11-13T13:10:00Z,2611.28,2601.08,2024-12-01T00:00:00Z,2024-11-13T13:00:00Z,0.10074388947933155,LONG,1.0,15.037194473966132,CONTROL_V2_FILLED_STOP,2024-11-13T13:12:00Z,M5_BROKEN_CONTROL_FIRST_RETEST,2610.49,True,7802d968d5588dd947890697a2fd2c340eefba3a385df132e99da26cc1802361,0.4899043570669228,0.8841657810839844,2024_11,0.3007438894793226,0.19999999999999107,TARGET,2024-11-13T15:30:00Z,TARGET,d2d3052218315b938057975ac11408b6046556d09ab3a5009db04b28e3e0af0f,2024-11-13T15:30:00Z,FIRST_RETEST_FILLED,2024-11-13T13:25:00Z,2024-11-13T13:12:00Z,2610.49,True,True,INITIAL_CONFIRMATION_TARGET,ed3b3f36021c2926b09ea1a359972c560cb59b6042c3d6970e1a72439fa95006,b59c0c23e6763ed1464d1404dbfd2300e0327ee78138cf527e4011ec5a2186d9,2601.08,,,,CONTROL_V2_FILLED_STOP,False,,2024-11-13T13:10:00Z,2601.08,2613.32,6f6596635dd3b67a965a4fdee7cf8d87c280920f7f97e7d2970ec104d33220cf
ceadc1d665d09a385a14b16d2cc44c4ae994f0c55e1c7daa24d349eda8003dde,2610.49,2024-11-13T13:10:00Z,58a67df029aed555c8e9adda8c08b1382769a2766afcbcbebd8fafcc29891d75,2024-11-13T13:10:00Z,2611.28,2601.08,2024-12-01T00:00:00Z,2024-11-13T13:00:00Z,-1.199999999999991,LONG,0.42258753501397767,-50.0,M5_LATEST_CONFIRMED_OPPOSING_SWING_ELSE_CONTROL,2024-11-13T13:12:00Z,M5_BROKEN_CONTROL_FIRST_RETEST,2610.49,True,9513adb1ac2ca90e7e320265b11d734cdf0c236f67e1e5c9f4836051733f18aa,1.2555416907610755,0.07385539357424929,2024_11,-1.0,0.19999999999999107,TARGET,2024-11-13T15:30:00Z,STOP,1e8aebd26b7091da24ec3c05abd6b0df4ad95a207f35661da115e7b2a2c8806b,2024-11-13T13:35:00Z,FIRST_RETEST_FILLED,2024-11-13T13:25:00Z,2024-11-13T13:12:00Z,2610.49,True,True,INITIAL_CONFIRMATION_TARGET,7cb1476217be845a975590abac2fda4ae1622e413d2eb105c866befe813f95be,b59c0c23e6763ed1464d1404dbfd2300e0327ee78138cf527e4011ec5a2186d9,2606.9696071428575,1.607857142857061,0.08039285714285305,,M5_LATEST_CONFIRMED_OPPOSING_SWING_ELSE_CONTROL,True,b36e3daa46a0c1ab298d911fcff6d0e80208d5c98348e53fd6a4d6c84649fed2,2024-11-13T12:55:00Z,2607.05,2613.32,6f6596635dd3b67a965a4fdee7cf8d87c280920f7f97e7d2970ec104d33220cf
ceadc1d665d09a385a14b16d2cc44c4ae994f0c55e1c7daa24d349eda8003dde,2610.49,2024-11-13T13:10:00Z,58a67df029aed555c8e9adda8c08b1382769a2766afcbcbebd8fafcc29891d75,2024-11-13T13:10:00Z,2611.28,2601.08,2024-12-01T00:00:00Z,2024-11-13T13:00:00Z,-1.199999999999991,LONG,0.4356722689075637,-50.0,M15_LATEST_CONFIRMED_OPPOSING_SWING_ELSE_CONTROL,2024-11-13T13:12:00Z,M5_BROKEN_CONTROL_FIRST_RETEST,2610.49,True,05284d8acb21b2f2e9fdd83bcaf3e6894a20702d979b6749734764a79244449a,1.2096805723892483,0.07115768072884521,2024_11,-1.0,0.19999999999999107,TARGET,2024-11-13T15:30:00Z,STOP,73f981911540f4f941c924afb312fe5b6854c106f5967c2366a0e70a8cdb69bc,2024-11-13T13:35:00Z,FIRST_RETEST_FILLED,2024-11-13T13:25:00Z,2024-11-13T13:12:00Z,2610.49,True,True,INITIAL_CONFIRMATION_TARGET,0e919b486f1f4d6404a23429685de7cb065a560edbe658919b5bc2b6788031cc,b59c0c23e6763ed1464d1404dbfd2300e0327ee78138cf527e4011ec5a2186d9,2606.836142857143,3.2771428571428323,0.16385714285714162,,M15_LATEST_CONFIRMED_OPPOSING_SWING_ELSE_CONTROL,True,b9239432eae93f1c6a44be6170de512851494c3884f728d8f2043bc751725d17,2024-11-13T13:00:00Z,2607.0,2613.32,6f6596635dd3b67a965a4fdee7cf8d87c280920f7f97e7d2970ec104d33220cf
ceadc1d665d09a385a14b16d2cc44c4ae994f0c55e1c7daa24d349eda8003dde,2610.49,2024-11-13T13:10:00Z,58a67df029aed555c8e9adda8c08b1382769a2766afcbcbebd8fafcc29891d75,2024-11-13T13:10:00Z,2611.28,2601.08,2024-12-01T00:00:00Z,2024-11-13T13:00:00Z,0.10074388947933155,LONG,1.0,15.037194473966132,CONTROL_V2_FILLED_STOP,2024-11-13T13:12:00Z,M5_BROKEN_CONTROL_FIRST_RETEST,2610.49,True,23ba54b8969ece99013e8930999a55ec411b612b9917e93bac7dfbe90068d8be,0.4899043570669228,0.8841657810839844,2024_11,0.3007438894793226,0.19999999999999107,TARGET,2024-11-13T15:30:00Z,TARGET,33e2007643471b1045da792545d87bcd66488ccfd8ff858f561f65e4715294b1,2024-11-13T15:30:00Z,FIRST_RETEST_FILLED,2024-11-13T13:25:00Z,2024-11-13T13:12:00Z,2610.49,True,True,INITIAL_CONFIRMATION_TARGET,160df36d7ddd916338e02a887b399682345dfb23564c94b12f676358899ec866,b59c0c23e6763ed1464d1404dbfd2300e0327ee78138cf527e4011ec5a2186d9,2601.08,5.305000000000064,0.2652500000000032,NOT_STRICTLY_CLOSER_THAN_CONTROL,H1_SOURCE_SWING_BUFFERED_ELSE_CONTROL,False,b59c0c23e6763ed1464d1404dbfd2300e0327ee78138cf527e4011ec5a2186d9,2024-11-13T13:00:00Z,2601.08,2613.32,6f6596635dd3b67a965a4fdee7cf8d87c280920f7f97e7d2970ec104d33220cf
ceadc1d665d09a385a14b16d2cc44c4ae994f0c55e1c7daa24d349eda8003dde,2610.49,2024-11-13T13:10:00Z,58a67df029aed555c8e9adda8c08b1382769a2766afcbcbebd8fafcc29891d75,2024-11-13T13:10:00Z,2611.28,2601.08,2024-12-01T00:00:00Z,2024-11-13T13:00:00Z,0.07555791710949866,LONG,1.0,13.777895855474487,CONTROL_V2_FILLED_STOP,2024-11-13T13:10:00Z,CONFIRMED_25_75_RETEST_SPLIT,2611.28,True,7802d968d5588dd947890697a2fd2c340eefba3a385df132e99da26cc1802361,0.4997812089766614,0.8476831593423888,2024_11,0.27555791710948974,0.19999999999999107,TARGET,2024-11-13T15:30:00Z,SPLIT_TARGET_TARGET,495aa682534e1b897858789732f6b5576b6bb4dc8413761765353e42913a7a0b,2024-11-13T15:30:00Z,FIRST_RETEST_FILLED,2024-11-13T13:25:00Z,2024-11-13T13:12:00Z,2610.49,True,True,INITIAL_CONFIRMATION_TARGET,ef007ceadeffbfd45820aaa9a7ac46143c20105933fe7d9db83ef1371eabf92e,b59c0c23e6763ed1464d1404dbfd2300e0327ee78138cf527e4011ec5a2186d9,2601.08,,,,CONTROL_V2_FILLED_STOP,False,,2024-11-13T13:10:00Z,2601.08,2613.32,6f6596635dd3b67a965a4fdee7cf8d87c280920f7f97e7d2970ec104d33220cf
ceadc1d665d09a385a14b16d2cc44c4ae994f0c55e1c7daa24d349eda8003dde,2610.49,2024-11-13T13:10:00Z,58a67df029aed555c8e9adda8c08b1382769a2766afcbcbebd8fafcc29891d75,2024-11-13T13:10:00Z,2611.28,2601.08,2024-12-01T00:00:00Z,2024-11-13T13:00:00Z,-1.199999999999991,LONG,0.42258753501397767,-50.0,M5_LATEST_CONFIRMED_OPPOSING_SWING_ELSE_CONTROL,2024-11-13T13:10:00Z,CONFIRMED_25_75_RETEST_SPLIT,2611.28,True,9513adb1ac2ca90e7e320265b11d734cdf0c236f67e1e5c9f4836051733f18aa,1.2438329009597684,0.07859128666926161,2024_11,-1.0,0.19999999999999107,TARGET,2024-11-13T15:30:00Z,SPLIT_STOP_STOP,b725d49844df839c5ae98be278b969af6450210839b50522c92bfba358296557,2024-11-13T13:35:00Z,FIRST_RETEST_FILLED,2024-11-13T13:25:00Z,2024-11-13T13:12:00Z,2610.49,True,True,INITIAL_CONFIRMATION_TARGET,a8a0e612f57c2e712895739349ea121468add91c0257abf1c8a96003fcab0e2f,b59c0c23e6763ed1464d1404dbfd2300e0327ee78138cf527e4011ec5a2186d9,2606.9696071428575,1.607857142857061,0.08039285714285305,,M5_LATEST_CONFIRMED_OPPOSING_SWING_ELSE_CONTROL,True,b36e3daa46a0c1ab298d911fcff6d0e80208d5c98348e53fd6a4d6c84649fed2,2024-11-13T12:55:00Z,2607.05,2613.32,6f6596635dd3b67a965a4fdee7cf8d87c280920f7f97e7d2970ec104d33220cf
ceadc1d665d09a385a14b16d2cc44c4ae994f0c55e1c7daa24d349eda8003dde,2610.49,2024-11-13T13:10:00Z,58a67df029aed555c8e9adda8c08b1382769a2766afcbcbebd8fafcc29891d75,2024-11-13T13:10:00Z,2611.28,2601.08,2024-12-01T00:00:00Z,2024-11-13T13:00:00Z,-1.199999999999991,LONG,0.4356722689075637,-50.0,M15_LATEST_CONFIRMED_OPPOSING_SWING_ELSE_CONTROL,2024-11-13T13:10:00Z,CONFIRMED_25_75_RETEST_SPLIT,2611.28,True,05284d8acb21b2f2e9fdd83bcaf3e6894a20702d979b6749734764a79244449a,1.2003616605260574,0.07587123415383948,2024_11,-1.0,0.19999999999999107,TARGET,2024-11-13T15:30:00Z,SPLIT_STOP_STOP,15ff1b12c919a3a198e977faec15578a0610bf02d25a965503712dbb758a5a8b,2024-11-13T13:35:00Z,FIRST_RETEST_FILLED,2024-11-13T13:25:00Z,2024-11-13T13:12:00Z,2610.49,True,True,INITIAL_CONFIRMATION_TARGET,5352d17b504bc36a382453f85b53ad97dbb009af253c20881ff8d80710b81668,b59c0c23e6763ed1464d1404dbfd2300e0327ee78138cf527e4011ec5a2186d9,2606.836142857143,3.2771428571428323,0.16385714285714162,,M15_LATEST_CONFIRMED_OPPOSING_SWING_ELSE_CONTROL,True,b9239432eae93f1c6a44be6170de512851494c3884f728d8f2043bc751725d17,2024-11-13T13:00:00Z,2607.0,2613.32,6f6596635dd3b67a965a4fdee7cf8d87c280920f7f97e7d2970ec104d33220cf
ceadc1d665d09a385a14b16d2cc44c4ae994f0c55e1c7daa24d349eda8003dde,2610.49,2024-11-13T13:10:00Z,58a67df029aed555c8e9adda8c08b1382769a2766afcbcbebd8fafcc29891d75,2024-11-13T13:10:00Z,2611.28,2601.08,2024-12-01T00:00:00Z,2024-11-13T13:00:00Z,0.07555791710949866,LONG,1.0,13.777895855474487,CONTROL_V2_FILLED_STOP,2024-11-13T13:10:00Z,CONFIRMED_25_75_RETEST_SPLIT,2611.28,True,23ba54b8969ece99013e8930999a55ec411b612b9917e93bac7dfbe90068d8be,0.4997812089766614,0.8476831593423888,2024_11,0.27555791710948974,0.19999999999999107,TARGET,2024-11-13T15:30:00Z,SPLIT_TARGET_TARGET,c43238429ac103940666d7b6e53435e12eb3bfba66b47418532d58d324c3b502,2024-11-13T15:30:00Z,FIRST_RETEST_FILLED,2024-11-13T13:25:00Z,2024-11-13T13:12:00Z,2610.49,True,True,INITIAL_CONFIRMATION_TARGET,f16840ee022d615781ceb86ba59844d5f6263b73237727674e60a6a532b84db8,b59c0c23e6763ed1464d1404dbfd2300e0327ee78138cf527e4011ec5a2186d9,2601.08,5.305000000000064,0.2652500000000032,NOT_STRICTLY_CLOSER_THAN_CONTROL,H1_SOURCE_SWING_BUFFERED_ELSE_CONTROL,False,b59c0c23e6763ed1464d1404dbfd2300e0327ee78138cf527e4011ec5a2186d9,2024-11-13T13:00:00Z,2601.08,2613.32,6f6596635dd3b67a965a4fdee7cf8d87c280920f7f97e7d2970ec104d33220cf
980e5179c10bf5f6789a94b12e707c35d31bf199214d1c3ef19aa0921dcc4e8c,2610.73,2024-11-13T13:10:00Z,58a67df029aed555c8e9adda8c08b1382769a2766afcbcbebd8fafcc29891d75,2024-11-13T13:10:00Z,2611.28,2601.06,2024-12-01T00:00:00Z,2024-11-13T10:00:00Z,0.0,LONG,1.0,9.980430528375308,CONTROL_V2_FILLED_STOP,2024-11-13T13:10:00Z,CONTROL_NEXT_M1_OPEN,2611.28,True,d4178765bc9e6b0bc23e21574b6fe847ecc9a43c32fc1b22b86389748d967e83,0.5283757338551817,0.7367906066535771,2024_11,0.19960861056750615,0.19960861056750615,TARGET,2024-11-13T15:30:00Z,TARGET,e854554d591e6b7563c66b253a3e21d7b8f5b287c52454d9ab6cb17ccd8a03c3,2024-11-13T15:30:00Z,FIRST_RETEST_FILLED,2024-11-13T13:25:00Z,2024-11-13T13:11:00Z,2610.73,True,False,RECLAIM_CONFIRMATION_TARGET,f5df5c24fe4ccc922a79405c0e8eb6590a744bd67335dc430d503f6228dd42fc,1d721889a5914426287dbc4de919d665f646886819856fe0fa09c50af370939a,2601.06,,,,CONTROL_V2_FILLED_STOP,False,,2024-11-13T13:10:00Z,2601.06,2613.32,ea20ad11560fed6019cc9e024b23d013f8eeec00ba0e544701ab42c89ad42170
980e5179c10bf5f6789a94b12e707c35d31bf199214d1c3ef19aa0921dcc4e8c,2610.73,2024-11-13T13:10:00Z,58a67df029aed555c8e9adda8c08b1382769a2766afcbcbebd8fafcc29891d75,2024-11-13T13:10:00Z,2611.28,2601.06,2024-12-01T00:00:00Z,2024-11-13T10:00:00Z,-1.1996086105675061,LONG,0.421760553536456,-50.0,M5_LATEST_CONFIRMED_OPPOSING_SWING_ELSE_CONTROL,2024-11-13T13:10:00Z,CONTROL_NEXT_M1_OPEN,2611.28,True,a4edbba9f5451aeafe3c79ca5a409ba171442ec33d5ce3cd4cc3711ee61e7ef9,1.2087065315558472,0.09279896595429861,2024_11,-1.0,0.19960861056750615,TARGET,2024-11-13T15:30:00Z,STOP,6f5bc960d9396d524d54a90dd94cd1d8cdd6ab9d0909fb92a01263fd6debf523,2024-11-13T13:35:00Z,FIRST_RETEST_FILLED,2024-11-13T13:25:00Z,2024-11-13T13:11:00Z,2610.73,True,False,RECLAIM_CONFIRMATION_TARGET,795a077056e9053b432b0a1bbbffd7bdce21ff3644ec3063e98e4130b47adaf9,1d721889a5914426287dbc4de919d665f646886819856fe0fa09c50af370939a,2606.9696071428575,1.607857142857061,0.08039285714285305,,M5_LATEST_CONFIRMED_OPPOSING_SWING_ELSE_CONTROL,True,b36e3daa46a0c1ab298d911fcff6d0e80208d5c98348e53fd6a4d6c84649fed2,2024-11-13T12:55:00Z,2607.05,2613.32,ea20ad11560fed6019cc9e024b23d013f8eeec00ba0e544701ab42c89ad42170
980e5179c10bf5f6789a94b12e707c35d31bf199214d1c3ef19aa0921dcc4e8c,2610.73,2024-11-13T13:10:00Z,58a67df029aed555c8e9adda8c08b1382769a2766afcbcbebd8fafcc29891d75,2024-11-13T13:10:00Z,2611.28,2601.06,2024-12-01T00:00:00Z,2024-11-13T10:00:00Z,-1.1996086105675061,LONG,0.43481968129717785,-50.0,M15_LATEST_CONFIRMED_OPPOSING_SWING_ELSE_CONTROL,2024-11-13T13:10:00Z,CONTROL_NEXT_M1_OPEN,2611.28,True,cfceac8b161faaf320e0df767b8d0c9fce63584b5711ed1d06d76d5540532b6a,1.1724049249364845,0.09001189442882226,2024_11,-1.0,0.19960861056750615,TARGET,2024-11-13T15:30:00Z,STOP,35e7d35896d9bc2a9c4a7a2602bcdac67cb80b47d27627eb49924e99aa1d9534,2024-11-13T13:35:00Z,FIRST_RETEST_FILLED,2024-11-13T13:25:00Z,2024-11-13T13:11:00Z,2610.73,True,False,RECLAIM_CONFIRMATION_TARGET,ab4340ceceebd7c00773f5c9882b36588cfa7a53a663a1e56bb138ffc1c16c2f,1d721889a5914426287dbc4de919d665f646886819856fe0fa09c50af370939a,2606.836142857143,3.2771428571428323,0.16385714285714162,,M15_LATEST_CONFIRMED_OPPOSING_SWING_ELSE_CONTROL,True,b9239432eae93f1c6a44be6170de512851494c3884f728d8f2043bc751725d17,2024-11-13T13:00:00Z,2607.0,2613.32,ea20ad11560fed6019cc9e024b23d013f8eeec00ba0e544701ab42c89ad42170
980e5179c10bf5f6789a94b12e707c35d31bf199214d1c3ef19aa0921dcc4e8c,2610.73,2024-11-13T13:10:00Z,58a67df029aed555c8e9adda8c08b1382769a2766afcbcbebd8fafcc29891d75,2024-11-13T13:10:00Z,2611.28,2601.06,2024-12-01T00:00:00Z,2024-11-13T10:00:00Z,0.058447744386467354,LONG,0.773507827788655,12.902817747698675,H1_SOURCE_SWING_BUFFERED_ELSE_CONTROL,2024-11-13T13:10:00Z,CONTROL_NEXT_M1_OPEN,2611.28,True,7705d080d2f1b4c69e7764bc59ab1bb12d0771e5e8a2f4c634584c622a1535b1,0.683090351348777,0.9525315454918575,2024_11,0.2580563549539735,0.19960861056750615,TARGET,2024-11-13T15:30:00Z,TARGET,889c9443ca853336f72c71f0031dd5a4329ce0c9edff040668d052260e2feb81,2024-11-13T15:30:00Z,FIRST_RETEST_FILLED,2024-11-13T13:25:00Z,2024-11-13T13:11:00Z,2610.73,True,False,RECLAIM_CONFIRMATION_TARGET,c3cf42973e5abe878808b038f165b2683c918d00918f440ade9adcc683be43e7,1d721889a5914426287dbc4de919d665f646886819856fe0fa09c50af370939a,2603.37475,5.305000000000064,0.2652500000000032,,H1_SOURCE_SWING_BUFFERED_ELSE_CONTROL,True,1d721889a5914426287dbc4de919d665f646886819856fe0fa09c50af370939a,2024-11-13T10:00:00Z,2603.64,2613.32,ea20ad11560fed6019cc9e024b23d013f8eeec00ba0e544701ab42c89ad42170
980e5179c10bf5f6789a94b12e707c35d31bf199214d1c3ef19aa0921dcc4e8c,2610.73,2024-11-13T13:10:00Z,58a67df029aed555c8e9adda8c08b1382769a2766afcbcbebd8fafcc29891d75,2024-11-13T13:10:00Z,2611.28,2601.06,2024-12-01T00:00:00Z,2024-11-13T10:00:00Z,0.06823006575101773,LONG,1.0,13.391933815926194,CONTROL_V2_FILLED_STOP,2024-11-13T13:11:00Z,M5_BROKEN_CONTROL_FIRST_RETEST,2610.73,True,d4178765bc9e6b0bc23e21574b6fe847ecc9a43c32fc1b22b86389748d967e83,0.5015511892450747,0.8355739400206688,2024_11,0.26783867631852387,0.19960861056750615,TARGET,2024-11-13T15:30:00Z,TARGET,8023350f5956423570aac860683f978eafb9163b227e0fd9c1e8ea704fa6ece6,2024-11-13T15:30:00Z,FIRST_RETEST_FILLED,2024-11-13T13:25:00Z,2024-11-13T13:11:00Z,2610.73,True,True,RECLAIM_CONFIRMATION_TARGET,5e6392af5893fd4673b949758174b1d233c475cf8e8d427bd84f0bf449950919,1d721889a5914426287dbc4de919d665f646886819856fe0fa09c50af370939a,2601.06,,,,CONTROL_V2_FILLED_STOP,False,,2024-11-13T13:10:00Z,2601.06,2613.32,ea20ad11560fed6019cc9e024b23d013f8eeec00ba0e544701ab42c89ad42170
980e5179c10bf5f6789a94b12e707c35d31bf199214d1c3ef19aa0921dcc4e8c,2610.73,2024-11-13T13:10:00Z,58a67df029aed555c8e9adda8c08b1382769a2766afcbcbebd8fafcc29891d75,2024-11-13T13:10:00Z,2611.28,2601.06,2024-12-01T00:00:00Z,2024-11-13T10:00:00Z,-1.1996086105675061,LONG,0.421760553536456,-50.0,M5_LATEST_CONFIRMED_OPPOSING_SWING_ELSE_CONTROL,2024-11-13T13:11:00Z,M5_BROKEN_CONTROL_FIRST_RETEST,2610.73,True,a4edbba9f5451aeafe3c79ca5a409ba171442ec33d5ce3cd4cc3711ee61e7ef9,1.2392322230770731,0.1675356868108832,2024_11,-1.0,0.19960861056750615,TARGET,2024-11-13T15:30:00Z,STOP,45c4bca4d6018c4c58f59d165dc6aa6764b0c28b09ec3dfbe0bf1802733c3c2c,2024-11-13T13:35:00Z,FIRST_RETEST_FILLED,2024-11-13T13:25:00Z,2024-11-13T13:11:00Z,2610.73,True,True,RECLAIM_CONFIRMATION_TARGET,889d7fec0b49446cabab7d0190145543e8c3f127d870730fd094e8f1ba4273c4,1d721889a5914426287dbc4de919d665f646886819856fe0fa09c50af370939a,2606.9696071428575,1.607857142857061,0.08039285714285305,,M5_LATEST_CONFIRMED_OPPOSING_SWING_ELSE_CONTROL,True,b36e3daa46a0c1ab298d911fcff6d0e80208d5c98348e53fd6a4d6c84649fed2,2024-11-13T12:55:00Z,2607.05,2613.32,ea20ad11560fed6019cc9e024b23d013f8eeec00ba0e544701ab42c89ad42170
980e5179c10bf5f6789a94b12e707c35d31bf199214d1c3ef19aa0921dcc4e8c,2610.73,2024-11-13T13:10:00Z,58a67df029aed555c8e9adda8c08b1382769a2766afcbcbebd8fafcc29891d75,2024-11-13T13:10:00Z,2611.28,2601.06,2024-12-01T00:00:00Z,2024-11-13T10:00:00Z,-1.1996086105675061,LONG,0.43481968129717785,-50.0,M15_LATEST_CONFIRMED_OPPOSING_SWING_ELSE_CONTROL,2024-11-13T13:11:00Z,M5_BROKEN_CONTROL_FIRST_RETEST,2610.73,True,cfceac8b161faaf320e0df767b8d0c9fce63584b5711ed1d06d76d5540532b6a,1.1967567964192483,0.1617933008034937,2024_11,-1.0,0.19960861056750615,TARGET,2024-11-13T15:30:00Z,STOP,416a8e125954e774044075e1812c887b7a692d30cbf680250e4037137d997491,2024-11-13T13:35:00Z,FIRST_RETEST_FILLED,2024-11-13T13:25:00Z,2024-11-13T13:11:00Z,2610.73,True,True,RECLAIM_CONFIRMATION_TARGET,77318f38ba3fa7378a4577e4d6f683b6fc8e2961801249882cd4c25e814257d4,1d721889a5914426287dbc4de919d665f646886819856fe0fa09c50af370939a,2606.836142857143,3.2771428571428323,0.16385714285714162,,M15_LATEST_CONFIRMED_OPPOSING_SWING_ELSE_CONTROL,True,b9239432eae93f1c6a44be6170de512851494c3884f728d8f2043bc751725d17,2024-11-13T13:00:00Z,2607.0,2613.32,ea20ad11560fed6019cc9e024b23d013f8eeec00ba0e544701ab42c89ad42170
980e5179c10bf5f6789a94b12e707c35d31bf199214d1c3ef19aa0921dcc4e8c,2610.73,2024-11-13T13:10:00Z,58a67df029aed555c8e9adda8c08b1382769a2766afcbcbebd8fafcc29891d75,2024-11-13T13:10:00Z,2611.28,2601.06,2024-12-01T00:00:00Z,2024-11-13T10:00:00Z,0.15252082079106374,LONG,0.773507827788655,17.606471567928494,H1_SOURCE_SWING_BUFFERED_ELSE_CONTROL,2024-11-13T13:11:00Z,M5_BROKEN_CONTROL_FIRST_RETEST,2610.73,True,7705d080d2f1b4c69e7764bc59ab1bb12d0771e5e8a2f4c634584c622a1535b1,0.6593929506134888,1.0985350599911425,2024_11,0.3521294313585699,0.19960861056750615,TARGET,2024-11-13T15:30:00Z,TARGET,e266c06f7f6393e0e3554669ab372bc656bc71a3832eb74017247198e5f029a2,2024-11-13T15:30:00Z,FIRST_RETEST_FILLED,2024-11-13T13:25:00Z,2024-11-13T13:11:00Z,2610.73,True,True,RECLAIM_CONFIRMATION_TARGET,7be3b8e294d8af1907a93a5ec6c8dae42bfff27c8fa9aaf6bc8a1174235609c9,1d721889a5914426287dbc4de919d665f646886819856fe0fa09c50af370939a,2603.37475,5.305000000000064,0.2652500000000032,,H1_SOURCE_SWING_BUFFERED_ELSE_CONTROL,True,1d721889a5914426287dbc4de919d665f646886819856fe0fa09c50af370939a,2024-11-13T10:00:00Z,2603.64,2613.32,ea20ad11560fed6019cc9e024b23d013f8eeec00ba0e544701ab42c89ad42170
980e5179c10bf5f6789a94b12e707c35d31bf199214d1c3ef19aa0921dcc4e8c,2610.73,2024-11-13T13:10:00Z,58a67df029aed555c8e9adda8c08b1382769a2766afcbcbebd8fafcc29891d75,2024-11-13T13:10:00Z,2611.28,2601.06,2024-12-01T00:00:00Z,2024-11-13T10:00:00Z,0.05117254931326329,LONG,1.0,12.539057994038473,CONTROL_V2_FILLED_STOP,2024-11-13T13:10:00Z,CONFIRMED_25_75_RETEST_SPLIT,2611.28,True,d4178765bc9e6b0bc23e21574b6fe847ecc9a43c32fc1b22b86389748d967e83,0.5082573253976014,0.8108781066788959,2024_11,0.25078115988076943,0.19960861056750615,TARGET,2024-11-13T15:30:00Z,SPLIT_TARGET_TARGET,4bdc194a813316bd4c01d3fb0d4c6d69477c1554661170442214a99372ab656a,2024-11-13T15:30:00Z,FIRST_RETEST_FILLED,2024-11-13T13:25:00Z,2024-11-13T13:11:00Z,2610.73,True,True,RECLAIM_CONFIRMATION_TARGET,0b5930919fc9f78a984c607cd4d9a3193b055a65d57ed20a8d10e14d0d0801b1,1d721889a5914426287dbc4de919d665f646886819856fe0fa09c50af370939a,2601.06,,,,CONTROL_V2_FILLED_STOP,False,,2024-11-13T13:10:00Z,2601.06,2613.32,ea20ad11560fed6019cc9e024b23d013f8eeec00ba0e544701ab42c89ad42170
980e5179c10bf5f6789a94b12e707c35d31bf199214d1c3ef19aa0921dcc4e8c,2610.73,2024-11-13T13:10:00Z,58a67df029aed555c8e9adda8c08b1382769a2766afcbcbebd8fafcc29891d75,2024-11-13T13:10:00Z,2611.28,2601.06,2024-12-01T00:00:00Z,2024-11-13T10:00:00Z,-1.1996086105675061,LONG,0.421760553536456,-50.0,M5_LATEST_CONFIRMED_OPPOSING_SWING_ELSE_CONTROL,2024-11-13T13:10:00Z,CONFIRMED_25_75_RETEST_SPLIT,2611.28,True,a4edbba9f5451aeafe3c79ca5a409ba171442ec33d5ce3cd4cc3711ee61e7ef9,1.2316008001967667,0.14885150659673704,2024_11,-1.0,0.19960861056750615,TARGET,2024-11-13T15:30:00Z,SPLIT_STOP_STOP,feae081b51a42b9e538e95c30f18fa7064c05fdfd11afecacd4fcdaf1458d9db,2024-11-13T13:35:00Z,FIRST_RETEST_FILLED,2024-11-13T13:25:00Z,2024-11-13T13:11:00Z,2610.73,True,True,RECLAIM_CONFIRMATION_TARGET,d47bf1b4bba4e385ef7bbff4599ac46b5fe3da0bd8ac8c23bbcc0486433f8646,1d721889a5914426287dbc4de919d665f646886819856fe0fa09c50af370939a,2606.9696071428575,1.607857142857061,0.08039285714285305,,M5_LATEST_CONFIRMED_OPPOSING_SWING_ELSE_CONTROL,True,b36e3daa46a0c1ab298d911fcff6d0e80208d5c98348e53fd6a4d6c84649fed2,2024-11-13T12:55:00Z,2607.05,2613.32,ea20ad11560fed6019cc9e024b23d013f8eeec00ba0e544701ab42c89ad42170
980e5179c10bf5f6789a94b12e707c35d31bf199214d1c3ef19aa0921dcc4e8c,2610.73,2024-11-13T13:10:00Z,58a67df029aed555c8e9adda8c08b1382769a2766afcbcbebd8fafcc29891d75,2024-11-13T13:10:00Z,2611.28,2601.06,2024-12-01T00:00:00Z,2024-11-13T10:00:00Z,-1.1996086105675061,LONG,0.43481968129717785,-50.0,M15_LATEST_CONFIRMED_OPPOSING_SWING_ELSE_CONTROL,2024-11-13T13:10:00Z,CONFIRMED_25_75_RETEST_SPLIT,2611.28,True,cfceac8b161faaf320e0df767b8d0c9fce63584b5711ed1d06d76d5540532b6a,1.1906688285485574,0.14384794920982583,2024_11,-1.0,0.19960861056750615,TARGET,2024-11-13T15:30:00Z,SPLIT_STOP_STOP,316decd79cad63972d5a6d0391bab16d45947fec8376a5ba77665e4ac2ded1bb,2024-11-13T13:35:00Z,FIRST_RETEST_FILLED,2024-11-13T13:25:00Z,2024-11-13T13:11:00Z,2610.73,True,True,RECLAIM_CONFIRMATION_TARGET,216ab797ac66b6ef8442af4568f5fcd8698b80660f658a0010322eb65f1adeb2,1d721889a5914426287dbc4de919d665f646886819856fe0fa09c50af370939a,2606.836142857143,3.2771428571428323,0.16385714285714162,,M15_LATEST_CONFIRMED_OPPOSING_SWING_ELSE_CONTROL,True,b9239432eae93f1c6a44be6170de512851494c3884f728d8f2043bc751725d17,2024-11-13T13:00:00Z,2607.0,2613.32,ea20ad11560fed6019cc9e024b23d013f8eeec00ba0e544701ab42c89ad42170
980e5179c10bf5f6789a94b12e707c35d31bf199214d1c3ef19aa0921dcc4e8c,2610.73,2024-11-13T13:10:00Z,58a67df029aed555c8e9adda8c08b1382769a2766afcbcbebd8fafcc29891d75,2024-11-13T13:10:00Z,2611.28,2601.06,2024-12-01T00:00:00Z,2024-11-13T10:00:00Z,0.12900255168991467,LONG,0.773507827788655,16.43055811287104,H1_SOURCE_SWING_BUFFERED_ELSE_CONTROL,2024-11-13T13:10:00Z,CONFIRMED_25_75_RETEST_SPLIT,2611.28,True,7705d080d2f1b4c69e7764bc59ab1bb12d0771e5e8a2f4c634584c622a1535b1,0.6653173007973109,1.0620341813663212,2024_11,0.3286111622574208,0.19960861056750615,TARGET,2024-11-13T15:30:00Z,SPLIT_TARGET_TARGET,355ce02cdcddee14c2802effba00a8cf7dc854a26c16337f8fcd8d0db05311b0,2024-11-13T15:30:00Z,FIRST_RETEST_FILLED,2024-11-13T13:25:00Z,2024-11-13T13:11:00Z,2610.73,True,True,RECLAIM_CONFIRMATION_TARGET,b83ec6c7de13354740d630b885c98a4dd8244ab16ec325f287c6b4a1b03a4278,1d721889a5914426287dbc4de919d665f646886819856fe0fa09c50af370939a,2603.37475,5.305000000000064,0.2652500000000032,,H1_SOURCE_SWING_BUFFERED_ELSE_CONTROL,True,1d721889a5914426287dbc4de919d665f646886819856fe0fa09c50af370939a,2024-11-13T10:00:00Z,2603.64,2613.32,ea20ad11560fed6019cc9e024b23d013f8eeec00ba0e544701ab42c89ad42170
71d4ff7b08144ef7e237e356f3cc85149559f8d21ca40e185dd47b602aea90d3,2609.65,2024-11-13T15:10:00Z,cdedb1cafeb985a71f20b79bf266db9ddcb28beabb28e22c07227854ed847b5b,2024-11-13T15:10:00Z,2609.04,2612.75,2024-12-01T00:00:00Z,2024-11-13T14:00:00Z,0.0,SHORT,1.0,-50.0,CONTROL_V2_FILLED_STOP,2024-11-13T15:10:00Z,CONTROL_NEXT_M1_OPEN,2609.04,True,d7bf8c395e2753246fff918ad9ad7c8045360c605118f8f0ee3cb9a438922188,2.633423180592961,0.49595687331539823,2024_11,-1.0,-1.0,STOP,2024-11-13T15:30:00Z,STOP,326add0b9bd2f94e55a6fe39826e7ad1bb5ef30b41714ff103122161f1c4a5b3,2024-11-13T15:30:00Z,FIRST_RETEST_FILLED,2024-11-13T15:25:00Z,2024-11-13T15:20:00Z,2609.65,True,False,RECLAIM_CONFIRMATION_STOP,42d91e60aeb72fd61cfe6bbd24986b7337d6ab4fffa727e4bff6662bc087eb17,afcd86e0ccd1a237581bc9d8ae9d917f54b85e41939ba8eb07f17b210ee5c56a,2612.75,,,,CONTROL_V2_FILLED_STOP,False,,2024-11-13T15:10:00Z,2612.75,2601.08,c33703273a97a5c8216206628a3ba7848865bbddcf360dcdaf87e9e060076d9d
71d4ff7b08144ef7e237e356f3cc85149559f8d21ca40e185dd47b602aea90d3,2609.65,2024-11-13T15:10:00Z,cdedb1cafeb985a71f20b79bf266db9ddcb28beabb28e22c07227854ed847b5b,2024-11-13T15:10:00Z,2609.04,2612.75,2024-12-01T00:00:00Z,2024-11-13T14:00:00Z,0.0,SHORT,0.7265691182133039,-50.0,M5_LATEST_CONFIRMED_OPPOSING_SWING_ELSE_CONTROL,2024-11-13T15:10:00Z,CONTROL_NEXT_M1_OPEN,2609.04,True,38c8b539c8da1df81a504b188e36c7e1bf7bf35de4a9a48a88528fa119a98def,3.624463405585935,0.6826010917378362,2024_11,-1.0,-1.0,STOP,2024-11-13T15:30:00Z,STOP,77de1a85a60e81e0405bc702a988c10a9179fcf787200753612fbc6a89eb6c14,2024-11-13T15:30:00Z,FIRST_RETEST_FILLED,2024-11-13T15:25:00Z,2024-11-13T15:20:00Z,2609.65,True,False,RECLAIM_CONFIRMATION_STOP,bb3fb2172c144bd5f3aeb760162fe9d54c9393736d66db2d0e34bb8f9b975539,afcd86e0ccd1a237581bc9d8ae9d917f54b85e41939ba8eb07f17b210ee5c56a,2611.7355714285713,1.5114285714285935,0.07557142857142968,,M5_LATEST_CONFIRMED_OPPOSING_SWING_ELSE_CONTROL,True,c7075a1976eff9f775e88bc7bd2d631b155ad83f0e127f837d8bb47ea3cde1ad,2024-11-13T14:50:00Z,2611.66,2601.08,c33703273a97a5c8216206628a3ba7848865bbddcf360dcdaf87e9e060076d9d
71d4ff7b08144ef7e237e356f3cc85149559f8d21ca40e185dd47b602aea90d3,2609.65,2024-11-13T15:10:00Z,cdedb1cafeb985a71f20b79bf266db9ddcb28beabb28e22c07227854ed847b5b,2024-11-13T15:10:00Z,2609.04,2612.75,2024-12-01T00:00:00Z,2024-11-13T14:00:00Z,0.0,SHORT,1.0,-50.0,CONTROL_V2_FILLED_STOP,2024-11-13T15:10:00Z,CONTROL_NEXT_M1_OPEN,2609.04,True,766cabd094b5202f79df109716d463dffa6dd33f12039ce207fd9247ef078eb6,2.633423180592961,0.49595687331539823,2024_11,-1.0,-1.0,STOP,2024-11-13T15:30:00Z,STOP,8e3b05188832b5e222681f71b1ff907b719fdab9fa29570dca726895bb51e7de,2024-11-13T15:30:00Z,FIRST_RETEST_FILLED,2024-11-13T15:25:00Z,2024-11-13T15:20:00Z,2609.65,True,False,RECLAIM_CONFIRMATION_STOP,65385560a2d0e1e5e531ef4c51bf3beb24035a31d8f6a490854076f822657f9b,afcd86e0ccd1a237581bc9d8ae9d917f54b85e41939ba8eb07f17b210ee5c56a,2612.75,2.7064285714285297,0.13532142857142648,NOT_STRICTLY_CLOSER_THAN_CONTROL,M15_LATEST_CONFIRMED_OPPOSING_SWING_ELSE_CONTROL,False,dd78a4ec702d60656c18cb5536de6e4eba8fb9922ea2da1d69d9b5f6bdcf56b8,2024-11-13T14:45:00Z,2612.73,2601.08,c33703273a97a5c8216206628a3ba7848865bbddcf360dcdaf87e9e060076d9d
71d4ff7b08144ef7e237e356f3cc85149559f8d21ca40e185dd47b602aea90d3,2609.65,2024-11-13T15:10:00Z,cdedb1cafeb985a71f20b79bf266db9ddcb28beabb28e22c07227854ed847b5b,2024-11-13T15:10:00Z,2609.04,2612.75,2024-12-01T00:00:00Z,2024-11-13T14:00:00Z,0.0,SHORT,0.7991432422024755,-50.0,H1_SOURCE_SWING_BUFFERED_ELSE_CONTROL,2024-11-13T15:10:00Z,CONTROL_NEXT_M1_OPEN,2609.04,True,2a6d814bea09302946c3f025b60c0414e1bcd4cdb66683ff325690d0ec36bd32,3.2953080768538143,0.6206107330001545,2024_11,-1.0,-1.0,STOP,2024-11-13T15:30:00Z,STOP,dad3f12e899bd6ed8d27a189c73ddaaae9b8294a5e0b8dca296686f00554c75b,2024-11-13T15:30:00Z,FIRST_RETEST_FILLED,2024-11-13T15:25:00Z,2024-11-13T15:20:00Z,2609.65,True,False,RECLAIM_CONFIRMATION_STOP,7ba36646741cfaeffca066b32d0207e9eb421e10257e1b7997cf09b761da94de,afcd86e0ccd1a237581bc9d8ae9d917f54b85e41939ba8eb07f17b210ee5c56a,2612.004821428571,5.296428571428611,0.26482142857143054,,H1_SOURCE_SWING_BUFFERED_ELSE_CONTROL,True,afcd86e0ccd1a237581bc9d8ae9d917f54b85e41939ba8eb07f17b210ee5c56a,2024-11-13T14:00:00Z,2611.74,2601.08,c33703273a97a5c8216206628a3ba7848865bbddcf360dcdaf87e9e060076d9d
71d4ff7b08144ef7e237e356f3cc85149559f8d21ca40e185dd47b602aea90d3,2609.65,2024-11-13T15:10:00Z,cdedb1cafeb985a71f20b79bf266db9ddcb28beabb28e22c07227854ed847b5b,2024-11-13T15:10:00Z,2609.04,2612.75,2024-12-01T00:00:00Z,2024-11-13T14:00:00Z,0.0,SHORT,1.0,-50.0,CONTROL_V2_FILLED_STOP,2024-11-13T15:20:00Z,M5_BROKEN_CONTROL_FIRST_RETEST,2609.65,True,d7bf8c395e2753246fff918ad9ad7c8045360c605118f8f0ee3cb9a438922188,2.954838709677459,0.7903225806452725,2024_11,-1.0,-1.0,STOP,2024-11-13T15:30:00Z,STOP,4f4aedb20053ed6894365b872dca443c9669a16bfb05def866c2308e9c580d7e,2024-11-13T15:30:00Z,FIRST_RETEST_FILLED,2024-11-13T15:25:00Z,2024-11-13T15:20:00Z,2609.65,True,True,RECLAIM_CONFIRMATION_STOP,0483ddb5b9cef7046f9f47de1ce5c3a0808b4e18b3fea6946d04dc5afc20ea13,afcd86e0ccd1a237581bc9d8ae9d917f54b85e41939ba8eb07f17b210ee5c56a,2612.75,,,,CONTROL_V2_FILLED_STOP,False,,2024-11-13T15:10:00Z,2612.75,2601.08,c33703273a97a5c8216206628a3ba7848865bbddcf360dcdaf87e9e060076d9d
71d4ff7b08144ef7e237e356f3cc85149559f8d21ca40e185dd47b602aea90d3,2609.65,2024-11-13T15:10:00Z,cdedb1cafeb985a71f20b79bf266db9ddcb28beabb28e22c07227854ed847b5b,2024-11-13T15:10:00Z,2609.04,2612.75,2024-12-01T00:00:00Z,2024-11-13T14:00:00Z,0.0,SHORT,0.7265691182133039,-50.0,M5_LATEST_CONFIRMED_OPPOSING_SWING_ELSE_CONTROL,2024-11-13T15:20:00Z,M5_BROKEN_CONTROL_FIRST_RETEST,2609.65,True,38c8b539c8da1df81a504b188e36c7e1bf7bf35de4a9a48a88528fa119a98def,4.392081649428335,1.1747379957533615,2024_11,-1.0,-1.0,STOP,2024-11-13T15:30:00Z,STOP,0b6a12f6a38f8ce40d367a3f3e44d7c253111be550971402a94ee9cb38480779,2024-11-13T15:30:00Z,FIRST_RETEST_FILLED,2024-11-13T15:25:00Z,2024-11-13T15:20:00Z,2609.65,True,True,RECLAIM_CONFIRMATION_STOP,24c736dce083e6109ec3eefe4c19a790bc4c3388e30c9f9cf013f3d7f984242d,afcd86e0ccd1a237581bc9d8ae9d917f54b85e41939ba8eb07f17b210ee5c56a,2611.7355714285713,1.5114285714285935,0.07557142857142968,,M5_LATEST_CONFIRMED_OPPOSING_SWING_ELSE_CONTROL,True,c7075a1976eff9f775e88bc7bd2d631b155ad83f0e127f837d8bb47ea3cde1ad,2024-11-13T14:50:00Z,2611.66,2601.08,c33703273a97a5c8216206628a3ba7848865bbddcf360dcdaf87e9e060076d9d
71d4ff7b08144ef7e237e356f3cc85149559f8d21ca40e185dd47b602aea90d3,2609.65,2024-11-13T15:10:00Z,cdedb1cafeb985a71f20b79bf266db9ddcb28beabb28e22c07227854ed847b5b,2024-11-13T15:10:00Z,2609.04,2612.75,2024-12-01T00:00:00Z,2024-11-13T14:00:00Z,0.0,SHORT,1.0,-50.0,CONTROL_V2_FILLED_STOP,2024-11-13T15:20:00Z,M5_BROKEN_CONTROL_FIRST_RETEST,2609.65,True,766cabd094b5202f79df109716d463dffa6dd33f12039ce207fd9247ef078eb6,2.954838709677459,0.7903225806452725,2024_11,-1.0,-1.0,STOP,2024-11-13T15:30:00Z,STOP,7d1b6e4715132d6d44c09f3638b3c444f707d61eda24339a388ea934a94670b2,2024-11-13T15:30:00Z,FIRST_RETEST_FILLED,2024-11-13T15:25:00Z,2024-11-13T15:20:00Z,2609.65,True,True,RECLAIM_CONFIRMATION_STOP,56541b84b49df72edd4ab0c65f9f8048f833b45d91b3a418b7650ec40bccbb6b,afcd86e0ccd1a237581bc9d8ae9d917f54b85e41939ba8eb07f17b210ee5c56a,2612.75,2.7064285714285297,0.13532142857142648,NOT_STRICTLY_CLOSER_THAN_CONTROL,M15_LATEST_CONFIRMED_OPPOSING_SWING_ELSE_CONTROL,False,dd78a4ec702d60656c18cb5536de6e4eba8fb9922ea2da1d69d9b5f6bdcf56b8,2024-11-13T14:45:00Z,2612.73,2601.08,c33703273a97a5c8216206628a3ba7848865bbddcf360dcdaf87e9e060076d9d
71d4ff7b08144ef7e237e356f3cc85149559f8d21ca40e185dd47b602aea90d3,2609.65,2024-11-13T15:10:00Z,cdedb1cafeb985a71f20b79bf266db9ddcb28beabb28e22c07227854ed847b5b,2024-11-13T15:10:00Z,2609.04,2612.75,2024-12-01T00:00:00Z,2024-11-13T14:00:00Z,0.0,SHORT,0.7991432422024755,-50.0,H1_SOURCE_SWING_BUFFERED_ELSE_CONTROL,2024-11-13T15:20:00Z,M5_BROKEN_CONTROL_FIRST_RETEST,2609.65,True,2a6d814bea09302946c3f025b60c0414e1bcd4cdb66683ff325690d0ec36bd32,3.8898915598700734,1.0404185940701847,2024_11,-1.0,-1.0,STOP,2024-11-13T15:30:00Z,STOP,6712b3d1525164b34ed32204f7856c2dc7db89a15a438b8bfd723bce47c08aa5,2024-11-13T15:30:00Z,FIRST_RETEST_FILLED,2024-11-13T15:25:00Z,2024-11-13T15:20:00Z,2609.65,True,True,RECLAIM_CONFIRMATION_STOP,d6e848c11aae1cb57e547da607fe042980df9a1885a671641434fe867cf0511f,afcd86e0ccd1a237581bc9d8ae9d917f54b85e41939ba8eb07f17b210ee5c56a,2612.004821428571,5.296428571428611,0.26482142857143054,,H1_SOURCE_SWING_BUFFERED_ELSE_CONTROL,True,afcd86e0ccd1a237581bc9d8ae9d917f54b85e41939ba8eb07f17b210ee5c56a,2024-11-13T14:00:00Z,2611.74,2601.08,c33703273a97a5c8216206628a3ba7848865bbddcf360dcdaf87e9e060076d9d
71d4ff7b08144ef7e237e356f3cc85149559f8d21ca40e185dd47b602aea90d3,2609.65,2024-11-13T15:10:00Z,cdedb1cafeb985a71f20b79bf266db9ddcb28beabb28e22c07227854ed847b5b,2024-11-13T15:10:00Z,2609.04,2612.75,2024-12-01T00:00:00Z,2024-11-13T14:00:00Z,0.0,SHORT,1.0,-50.0,CONTROL_V2_FILLED_STOP,2024-11-13T15:10:00Z,CONFIRMED_25_75_RETEST_SPLIT,2609.04,True,d7bf8c395e2753246fff918ad9ad7c8045360c605118f8f0ee3cb9a438922188,2.874484827406335,0.716731153812804,2024_11,-1.0,-1.0,STOP,2024-11-13T15:30:00Z,SPLIT_STOP_STOP,c4108c70c54c280d6505a48c6308cf95d3b9a7c84d2c4c501fd0353d80d064a1,2024-11-13T15:30:00Z,FIRST_RETEST_FILLED,2024-11-13T15:25:00Z,2024-11-13T15:20:00Z,2609.65,True,True,RECLAIM_CONFIRMATION_STOP,e857a02cb4eadb27a151aa688ee355167c7e7409ae00435492b5bcee3795a9a6,afcd86e0ccd1a237581bc9d8ae9d917f54b85e41939ba8eb07f17b210ee5c56a,2612.75,,,,CONTROL_V2_FILLED_STOP,False,,2024-11-13T15:10:00Z,2612.75,2601.08,c33703273a97a5c8216206628a3ba7848865bbddcf360dcdaf87e9e060076d9d
71d4ff7b08144ef7e237e356f3cc85149559f8d21ca40e185dd47b602aea90d3,2609.65,2024-11-13T15:10:00Z,cdedb1cafeb985a71f20b79bf266db9ddcb28beabb28e22c07227854ed847b5b,2024-11-13T15:10:00Z,2609.04,2612.75,2024-12-01T00:00:00Z,2024-11-13T14:00:00Z,0.0,SHORT,0.7265691182133039,-50.0,M5_LATEST_CONFIRMED_OPPOSING_SWING_ELSE_CONTROL,2024-11-13T15:10:00Z,CONFIRMED_25_75_RETEST_SPLIT,2609.04,True,38c8b539c8da1df81a504b188e36c7e1bf7bf35de4a9a48a88528fa119a98def,4.200177088467735,1.0517037697494802,2024_11,-1.0,-1.0,STOP,2024-11-13T15:30:00Z,SPLIT_STOP_STOP,c0ff90e4bb22cff9b6f68b64e0f6dcb9c083bc94e42b7b1a7dd32fb5d558e0ce,2024-11-13T15:30:00Z,FIRST_RETEST_FILLED,2024-11-13T15:25:00Z,2024-11-13T15:20:00Z,2609.65,True,True,RECLAIM_CONFIRMATION_STOP,e8e9267b1e2c8b06c79a9a221698d39b87885ad468ac7fe801cc8e881ca54a6c,afcd86e0ccd1a237581bc9d8ae9d917f54b85e41939ba8eb07f17b210ee5c56a,2611.7355714285713,1.5114285714285935,0.07557142857142968,,M5_LATEST_CONFIRMED_OPPOSING_SWING_ELSE_CONTROL,True,c7075a1976eff9f775e88bc7bd2d631b155ad83f0e127f837d8bb47ea3cde1ad,2024-11-13T14:50:00Z,2611.66,2601.08,c33703273a97a5c8216206628a3ba7848865bbddcf360dcdaf87e9e060076d9d
71d4ff7b08144ef7e237e356f3cc85149559f8d21ca40e185dd47b602aea90d3,2609.65,2024-11-13T15:10:00Z,cdedb1cafeb985a71f20b79bf266db9ddcb28beabb28e22c07227854ed847b5b,2024-11-13T15:10:00Z,2609.04,2612.75,2024-12-01T00:00:00Z,2024-11-13T14:00:00Z,0.0,SHORT,1.0,-50.0,CONTROL_V2_FILLED_STOP,2024-11-13T15:10:00Z,CONFIRMED_25_75_RETEST_SPLIT,2609.04,True,766cabd094b5202f79df109716d463dffa6dd33f12039ce207fd9247ef078eb6,2.874484827406335,0.716731153812804,2024_11,-1.0,-1.0,STOP,2024-11-13T15:30:00Z,SPLIT_STOP_STOP,561ec5e7cc16c6b253b641a3d3c0805dcb278eb794fdba9c25e0beb229af521e,2024-11-13T15:30:00Z,FIRST_RETEST_FILLED,2024-11-13T15:25:00Z,2024-11-13T15:20:00Z,2609.65,True,True,RECLAIM_CONFIRMATION_STOP,5c8d2d38fb9e065dba9e8b6a1924ef1521cd32dbbb805dfb3ec7646453ae884f,afcd86e0ccd1a237581bc9d8ae9d917f54b85e41939ba8eb07f17b210ee5c56a,2612.75,2.7064285714285297,0.13532142857142648,NOT_STRICTLY_CLOSER_THAN_CONTROL,M15_LATEST_CONFIRMED_OPPOSING_SWING_ELSE_CONTROL,False,dd78a4ec702d60656c18cb5536de6e4eba8fb9922ea2da1d69d9b5f6bdcf56b8,2024-11-13T14:45:00Z,2612.73,2601.08,c33703273a97a5c8216206628a3ba7848865bbddcf360dcdaf87e9e060076d9d
71d4ff7b08144ef7e237e356f3cc85149559f8d21ca40e185dd47b602aea90d3,2609.65,2024-11-13T15:10:00Z,cdedb1cafeb985a71f20b79bf266db9ddcb28beabb28e22c07227854ed847b5b,2024-11-13T15:10:00Z,2609.04,2612.75,2024-12-01T00:00:00Z,2024-11-13T14:00:00Z,0.0,SHORT,0.7991432422024755,-50.0,H1_SOURCE_SWING_BUFFERED_ELSE_CONTROL,2024-11-13T15:10:00Z,CONFIRMED_25_75_RETEST_SPLIT,2609.04,True,2a6d814bea09302946c3f025b60c0414e1bcd4cdb66683ff325690d0ec36bd32,3.741245689116009,0.9354666288026771,2024_11,-1.0,-1.0,STOP,2024-11-13T15:30:00Z,SPLIT_STOP_STOP,ea033f795377716a9e7278eda8062fd66f9f1fc70f11a7658253e8a9bb3dd94c,2024-11-13T15:30:00Z,FIRST_RETEST_FILLED,2024-11-13T15:25:00Z,2024-11-13T15:20:00Z,2609.65,True,True,RECLAIM_CONFIRMATION_STOP,21118554d6a7b5d374428e5f37df2acde121c0fc60441c4f2cd4a5080e8e9923,afcd86e0ccd1a237581bc9d8ae9d917f54b85e41939ba8eb07f17b210ee5c56a,2612.004821428571,5.296428571428611,0.26482142857143054,,H1_SOURCE_SWING_BUFFERED_ELSE_CONTROL,True,afcd86e0ccd1a237581bc9d8ae9d917f54b85e41939ba8eb07f17b210ee5c56a,2024-11-13T14:00:00Z,2611.74,2601.08,c33703273a97a5c8216206628a3ba7848865bbddcf360dcdaf87e9e060076d9d
c19128e62633cea96ec1c292c3a6893c97f576794ec73f818135ffd2c6104ed2,2563.21,2024-11-14T07:05:00Z,30ab1c131cc71a93e886ef85803624ba5df83c1388d6dfba5d15d29c8ad218e7,2024-11-14T07:05:00Z,2563.77,2558.94,2024-12-01T00:00:00Z,2024-11-14T07:00:00Z,0.0,LONG,1.0,-50.0,CONTROL_V2_FILLED_STOP,2024-11-14T07:05:00Z,CONTROL_NEXT_M1_OPEN,2563.77,True,293fcb6d9bc87153a181ef5dee37caa6cf81387258e1bcfa4696923928b0ad2a,1.4782608695652133,0.028985507246350885,2024_11,-1.0,-1.0,STOP,2024-11-14T07:37:00Z,STOP,e8aba1bd7b7247f37f2d2f47d0538fb77eaa076009d9d3478c1eb592b9546798,2024-11-14T07:37:00Z,FIRST_RETEST_FILLED,2024-11-14T07:20:00Z,2024-11-14T07:05:00Z,2563.21,True,False,INITIAL_CONFIRMATION_STOP,fbf43c83cd99b28c52bf76fc6dd7077b15c353db0ebace44203a854e8d7b2e97,a33754041e763011db0a8f8dabb1f7dfc063bf8faf1d00934eaafa0fef043a32,2558.94,,,,CONTROL_V2_FILLED_STOP,False,,2024-11-14T07:05:00Z,2558.94,2618.81,35365dbeee129e3fa7c46d4498ccb31e188a75ba0f4f54c4e867d02f8314f108
c19128e62633cea96ec1c292c3a6893c97f576794ec73f818135ffd2c6104ed2,2563.21,2024-11-14T07:05:00Z,30ab1c131cc71a93e886ef85803624ba5df83c1388d6dfba5d15d29c8ad218e7,2024-11-14T07:05:00Z,2563.77,2558.94,2024-12-01T00:00:00Z,2024-11-14T07:00:00Z,0.0,LONG,0.7351227447501094,-50.0,M5_LATEST_CONFIRMED_OPPOSING_SWING_ELSE_CONTROL,2024-11-14T07:05:00Z,CONTROL_NEXT_M1_OPEN,2563.77,True,8e51afdf60a60d9d15bd16451d2031b6dd43669a85a5e90dd842da65087a3331,1.0505139914300936,0.039429479571066656,2024_11,-1.0,-1.0,STOP,2024-11-14T07:37:00Z,STOP,11f993dbbe90610080b0effd539c601b6c7b794d7af504a53afb8c5285d18753,2024-11-14T07:21:00Z,FIRST_RETEST_FILLED,2024-11-14T07:20:00Z,2024-11-14T07:05:00Z,2563.21,True,False,INITIAL_CONFIRMATION_STOP,e010de3d49da45a1c6c923563fd284899d94d86747734ec87352098434712513,a33754041e763011db0a8f8dabb1f7dfc063bf8faf1d00934eaafa0fef043a32,2560.219357142857,1.4128571428571246,0.07064285714285623,,M5_LATEST_CONFIRMED_OPPOSING_SWING_ELSE_CONTROL,True,e56dd46489e727a38b3b7c6c99f30037e681c57e74a4854e7e9938533efb3edb,2024-11-14T06:55:00Z,2560.29,2618.81,35365dbeee129e3fa7c46d4498ccb31e188a75ba0f4f54c4e867d02f8314f108
c19128e62633cea96ec1c292c3a6893c97f576794ec73f818135ffd2c6104ed2,2563.21,2024-11-14T07:05:00Z,30ab1c131cc71a93e886ef85803624ba5df83c1388d6dfba5d15d29c8ad218e7,2024-11-14T07:05:00Z,2563.77,2558.94,2024-12-01T00:00:00Z,2024-11-14T07:00:00Z,0.0,LONG,0.9549541555752957,-50.0,M15_LATEST_CONFIRMED_OPPOSING_SWING_ELSE_CONTROL,2024-11-14T07:05:00Z,CONTROL_NEXT_M1_OPEN,2563.77,True,b83aca3baffabdb0d7ae0ab25bfdb659feeaf6ff8534105c4e0ca0a543b44167,1.0211540248397184,0.030352773562086932,2024_11,-1.0,-1.0,STOP,2024-11-14T07:37:00Z,STOP,59abb3dee0c2c35cac355af25debfb3c46c4959321bd30d533e24008d58a4797,2024-11-14T07:26:00Z,FIRST_RETEST_FILLED,2024-11-14T07:20:00Z,2024-11-14T07:05:00Z,2563.21,True,False,INITIAL_CONFIRMATION_STOP,dc12663e1843232657c19eef1dd883ccbcb9a93bd6f4f04f3c6ad8917a56fd08,a33754041e763011db0a8f8dabb1f7dfc063bf8faf1d00934eaafa0fef043a32,2559.1575714285714,3.2485714285714624,0.16242857142857314,,M15_LATEST_CONFIRMED_OPPOSING_SWING_ELSE_CONTROL,True,1dfd131b0b91c89b8e5a14ce353ab35fed8942782e82c688653e751042259d21,2024-11-14T06:45:00Z,2559.32,2618.81,35365dbeee129e3fa7c46d4498ccb31e188a75ba0f4f54c4e867d02f8314f108
c19128e62633cea96ec1c292c3a6893c97f576794ec73f818135ffd2c6104ed2,2563.21,2024-11-14T07:05:00Z,30ab1c131cc71a93e886ef85803624ba5df83c1388d6dfba5d15d29c8ad218e7,2024-11-14T07:05:00Z,2563.77,2558.94,2024-12-01T00:00:00Z,2024-11-14T07:00:00Z,0.0,LONG,1.0,-50.0,CONTROL_V2_FILLED_STOP,2024-11-14T07:05:00Z,CONTROL_NEXT_M1_OPEN,2563.77,True,844af7b834da9fd8c1fb3d2a7b61c060c84e6d097c3ad1aee5b506d546006cd2,1.4782608695652133,0.028985507246350885,2024_11,-1.0,-1.0,STOP,2024-11-14T07:37:00Z,STOP,81cf2027a9f39068ee00df9ca35261a267648b614f85f5cd1cc145ff9654f21b,2024-11-14T07:37:00Z,FIRST_RETEST_FILLED,2024-11-14T07:20:00Z,2024-11-14T07:05:00Z,2563.21,True,False,INITIAL_CONFIRMATION_STOP,db6efca3a31fb712076041b666084d2a4c6bc8299d066512085f005e40860c3a,a33754041e763011db0a8f8dabb1f7dfc063bf8faf1d00934eaafa0fef043a32,2558.94,9.59357142857136,0.47967857142856807,NOT_STRICTLY_CLOSER_THAN_CONTROL,H1_SOURCE_SWING_BUFFERED_ELSE_CONTROL,False,a33754041e763011db0a8f8dabb1f7dfc063bf8faf1d00934eaafa0fef043a32,2024-11-14T07:00:00Z,2558.94,2618.81,35365dbeee129e3fa7c46d4498ccb31e188a75ba0f4f54c4e867d02f8314f108
c19128e62633cea96ec1c292c3a6893c97f576794ec73f818135ffd2c6104ed2,2563.21,2024-11-14T07:05:00Z,30ab1c131cc71a93e886ef85803624ba5df83c1388d6dfba5d15d29c8ad218e7,2024-11-14T07:05:00Z,2563.77,2558.94,2024-12-01T00:00:00Z,2024-11-14T07:00:00Z,0.0,LONG,1.0,-50.0,CONTROL_V2_FILLED_STOP,2024-11-14T07:05:00Z,M5_BROKEN_CONTROL_FIRST_RETEST,2563.21,True,293fcb6d9bc87153a181ef5dee37caa6cf81387258e1bcfa4696923928b0ad2a,1.5409836065573665,0.1639344262294663,2024_11,-1.0,-1.0,STOP,2024-11-14T07:37:00Z,STOP,bed878533165322cd49f77e18f3c79f326320e674f8c2e2bd8733e0eed77429e,2024-11-14T07:37:00Z,FIRST_RETEST_FILLED,2024-11-14T07:20:00Z,2024-11-14T07:05:00Z,2563.21,True,True,INITIAL_CONFIRMATION_STOP,2c9f827dd18d8becf77be9d93bed234023006f2ec1f9785aa58ba1445a223135,a33754041e763011db0a8f8dabb1f7dfc063bf8faf1d00934eaafa0fef043a32,2558.94,,,,CONTROL_V2_FILLED_STOP,False,,2024-11-14T07:05:00Z,2558.94,2618.81,35365dbeee129e3fa7c46d4498ccb31e188a75ba0f4f54c4e867d02f8314f108
c19128e62633cea96ec1c292c3a6893c97f576794ec73f818135ffd2c6104ed2,2563.21,2024-11-14T07:05:00Z,30ab1c131cc71a93e886ef85803624ba5df83c1388d6dfba5d15d29c8ad218e7,2024-11-14T07:05:00Z,2563.77,2558.94,2024-12-01T00:00:00Z,2024-11-14T07:00:00Z,0.0,LONG,0.7351227447501094,-50.0,M5_LATEST_CONFIRMED_OPPOSING_SWING_ELSE_CONTROL,2024-11-14T07:05:00Z,M5_BROKEN_CONTROL_FIRST_RETEST,2563.21,True,8e51afdf60a60d9d15bd16451d2031b6dd43669a85a5e90dd842da65087a3331,1.059972772218072,0.23406338818688976,2024_11,-1.0,-1.0,STOP,2024-11-14T07:37:00Z,STOP,9abd9a15f2db94c782a619536b6a8d15f8f4bc0187b8b75e2c2d34814522faa9,2024-11-14T07:21:00Z,FIRST_RETEST_FILLED,2024-11-14T07:20:00Z,2024-11-14T07:05:00Z,2563.21,True,True,INITIAL_CONFIRMATION_STOP,0c4b3ceb3b9d9c92e85747a7e5593d724997c7c082528f3e950e31f7b9c6e368,a33754041e763011db0a8f8dabb1f7dfc063bf8faf1d00934eaafa0fef043a32,2560.219357142857,1.4128571428571246,0.07064285714285623,,M5_LATEST_CONFIRMED_OPPOSING_SWING_ELSE_CONTROL,True,e56dd46489e727a38b3b7c6c99f30037e681c57e74a4854e7e9938533efb3edb,2024-11-14T06:55:00Z,2560.29,2618.81,35365dbeee129e3fa7c46d4498ccb31e188a75ba0f4f54c4e867d02f8314f108
c19128e62633cea96ec1c292c3a6893c97f576794ec73f818135ffd2c6104ed2,2563.21,2024-11-14T07:05:00Z,30ab1c131cc71a93e886ef85803624ba5df83c1388d6dfba5d15d29c8ad218e7,2024-11-14T07:05:00Z,2563.77,2558.94,2024-12-01T00:00:00Z,2024-11-14T07:00:00Z,0.0,LONG,0.9549541555752957,-50.0,M15_LATEST_CONFIRMED_OPPOSING_SWING_ELSE_CONTROL,2024-11-14T07:05:00Z,M5_BROKEN_CONTROL_FIRST_RETEST,2563.21,True,b83aca3baffabdb0d7ae0ab25bfdb659feeaf6ff8534105c4e0ca0a543b44167,1.0240772728875094,0.17273592554724207,2024_11,-1.0,-1.0,STOP,2024-11-14T07:37:00Z,STOP,ec69b7871f7b721a6eb72262859108be48f80c3c4f2d90bceeef64d12a226fa3,2024-11-14T07:26:00Z,FIRST_RETEST_FILLED,2024-11-14T07:20:00Z,2024-11-14T07:05:00Z,2563.21,True,True,INITIAL_CONFIRMATION_STOP,457aa42b41dc60afb96fd418f8cc81c2ff2023a5000c0b73e3dea92b78ff14db,a33754041e763011db0a8f8dabb1f7dfc063bf8faf1d00934eaafa0fef043a32,2559.1575714285714,3.2485714285714624,0.16242857142857314,,M15_LATEST_CONFIRMED_OPPOSING_SWING_ELSE_CONTROL,True,1dfd131b0b91c89b8e5a14ce353ab35fed8942782e82c688653e751042259d21,2024-11-14T06:45:00Z,2559.32,2618.81,35365dbeee129e3fa7c46d4498ccb31e188a75ba0f4f54c4e867d02f8314f108
c19128e62633cea96ec1c292c3a6893c97f576794ec73f818135ffd2c6104ed2,2563.21,2024-11-14T07:05:00Z,30ab1c131cc71a93e886ef85803624ba5df83c1388d6dfba5d15d29c8ad218e7,2024-11-14T07:05:00Z,2563.77,2558.94,2024-12-01T00:00:00Z,2024-11-14T07:00:00Z,0.0,LONG,1.0,-50.0,CONTROL_V2_FILLED_STOP,2024-11-14T07:05:00Z,M5_BROKEN_CONTROL_FIRST_RETEST,2563.21,True,844af7b834da9fd8c1fb3d2a7b61c060c84e6d097c3ad1aee5b506d546006cd2,1.5409836065573665,0.1639344262294663,2024_11,-1.0,-1.0,STOP,2024-11-14T07:37:00Z,STOP,42f007751e0c5c11c9dbe1212ba9103942ae42b08a75fd38c30dfe0c35d7c1f4,2024-11-14T07:37:00Z,FIRST_RETEST_FILLED,2024-11-14T07:20:00Z,2024-11-14T07:05:00Z,2563.21,True,True,INITIAL_CONFIRMATION_STOP,0fb8f0baa6f69edf28020e9898e623891bb77c539a8290e07e661c8a36e577d0,a33754041e763011db0a8f8dabb1f7dfc063bf8faf1d00934eaafa0fef043a32,2558.94,9.59357142857136,0.47967857142856807,NOT_STRICTLY_CLOSER_THAN_CONTROL,H1_SOURCE_SWING_BUFFERED_ELSE_CONTROL,False,a33754041e763011db0a8f8dabb1f7dfc063bf8faf1d00934eaafa0fef043a32,2024-11-14T07:00:00Z,2558.94,2618.81,35365dbeee129e3fa7c46d4498ccb31e188a75ba0f4f54c4e867d02f8314f108
c19128e62633cea96ec1c292c3a6893c97f576794ec73f818135ffd2c6104ed2,2563.21,2024-11-14T07:05:00Z,30ab1c131cc71a93e886ef85803624ba5df83c1388d6dfba5d15d29c8ad218e7,2024-11-14T07:05:00Z,2563.77,2558.94,2024-12-01T00:00:00Z,2024-11-14T07:00:00Z,0.0,LONG,1.0,-50.0,CONTROL_V2_FILLED_STOP,2024-11-14T07:05:00Z,CONFIRMED_25_75_RETEST_SPLIT,2563.77,True,293fcb6d9bc87153a181ef5dee37caa6cf81387258e1bcfa4696923928b0ad2a,1.5253029223093282,0.13019719648368744,2024_11,-1.0,-1.0,STOP,2024-11-14T07:37:00Z,SPLIT_STOP_STOP,e50a743726446e7fd13b73eb108e227d7e437b61376b96ba8ad06a7c3a04964b,2024-11-14T07:37:00Z,FIRST_RETEST_FILLED,2024-11-14T07:20:00Z,2024-11-14T07:05:00Z,2563.21,True,True,INITIAL_CONFIRMATION_STOP,c4d9c4642265002dc5e1e12cc88718c9d45f7eb68b102df0fb98b1a9a36e61c0,a33754041e763011db0a8f8dabb1f7dfc063bf8faf1d00934eaafa0fef043a32,2558.94,,,,CONTROL_V2_FILLED_STOP,False,,2024-11-14T07:05:00Z,2558.94,2618.81,35365dbeee129e3fa7c46d4498ccb31e188a75ba0f4f54c4e867d02f8314f108
c19128e62633cea96ec1c292c3a6893c97f576794ec73f818135ffd2c6104ed2,2563.21,2024-11-14T07:05:00Z,30ab1c131cc71a93e886ef85803624ba5df83c1388d6dfba5d15d29c8ad218e7,2024-11-14T07:05:00Z,2563.77,2558.94,2024-12-01T00:00:00Z,2024-11-14T07:00:00Z,0.0,LONG,0.7351227447501094,-50.0,M5_LATEST_CONFIRMED_OPPOSING_SWING_ELSE_CONTROL,2024-11-14T07:05:00Z,CONFIRMED_25_75_RETEST_SPLIT,2563.77,True,8e51afdf60a60d9d15bd16451d2031b6dd43669a85a5e90dd842da65087a3331,1.0576080770210776,0.185404911032934,2024_11,-1.0,-1.0,STOP,2024-11-14T07:37:00Z,SPLIT_STOP_STOP,367a603af725eec975168f1308a840ef7ef915ec5ff0321b8453001d977226e6,2024-11-14T07:21:00Z,FIRST_RETEST_FILLED,2024-11-14T07:20:00Z,2024-11-14T07:05:00Z,2563.21,True,True,INITIAL_CONFIRMATION_STOP,fb78b2ca7498d39f64fb2bc9d42d19c2624291eb719174441cae26f2e8e70fe4,a33754041e763011db0a8f8dabb1f7dfc063bf8faf1d00934eaafa0fef043a32,2560.219357142857,1.4128571428571246,0.07064285714285623,,M5_LATEST_CONFIRMED_OPPOSING_SWING_ELSE_CONTROL,True,e56dd46489e727a38b3b7c6c99f30037e681c57e74a4854e7e9938533efb3edb,2024-11-14T06:55:00Z,2560.29,2618.81,35365dbeee129e3fa7c46d4498ccb31e188a75ba0f4f54c4e867d02f8314f108
c19128e62633cea96ec1c292c3a6893c97f576794ec73f818135ffd2c6104ed2,2563.21,2024-11-14T07:05:00Z,30ab1c131cc71a93e886ef85803624ba5df83c1388d6dfba5d15d29c8ad218e7,2024-11-14T07:05:00Z,2563.77,2558.94,2024-12-01T00:00:00Z,2024-11-14T07:00:00Z,0.0,LONG,0.9549541555752957,-50.0,M15_LATEST_CONFIRMED_OPPOSING_SWING_ELSE_CONTROL,2024-11-14T07:05:00Z,CONFIRMED_25_75_RETEST_SPLIT,2563.77,True,b83aca3baffabdb0d7ae0ab25bfdb659feeaf6ff8534105c4e0ca0a543b44167,1.0233464608755618,0.13714013755095328,2024_11,-1.0,-1.0,STOP,2024-11-14T07:37:00Z,SPLIT_STOP_STOP,0e2398caf4db6f066bad5cf509f6ab1067a05c16cd44c20b4116bff21958d69e,2024-11-14T07:26:00Z,FIRST_RETEST_FILLED,2024-11-14T07:20:00Z,2024-11-14T07:05:00Z,2563.21,True,True,INITIAL_CONFIRMATION_STOP,c83698d8d9d5aae3289caa1fd70554e47e012a1306409608f0ae4a565a79d4fc,a33754041e763011db0a8f8dabb1f7dfc063bf8faf1d00934eaafa0fef043a32,2559.1575714285714,3.2485714285714624,0.16242857142857314,,M15_LATEST_CONFIRMED_OPPOSING_SWING_ELSE_CONTROL,True,1dfd131b0b91c89b8e5a14ce353ab35fed8942782e82c688653e751042259d21,2024-11-14T06:45:00Z,2559.32,2618.81,35365dbeee129e3fa7c46d4498ccb31e188a75ba0f4f54c4e867d02f8314f108
c19128e62633cea96ec1c292c3a6893c97f576794ec73f818135ffd2c6104ed2,2563.21,2024-11-14T07:05:00Z,30ab1c131cc71a93e886ef85803624ba5df83c1388d6dfba5d15d29c8ad218e7,2024-11-14T07:05:00Z,2563.77,2558.94,2024-12-01T00:00:00Z,2024-11-14T07:00:00Z,0.0,LONG,1.0,-50.0,CONTROL_V2_FILLED_STOP,2024-11-14T07:05:00Z,CONFIRMED_25_75_RETEST_SPLIT,2563.77,True,844af7b834da9fd8c1fb3d2a7b61c060c84e6d097c3ad1aee5b506d546006cd2,1.5253029223093282,0.13019719648368744,2024_11,-1.0,-1.0,STOP,2024-11-14T07:37:00Z,SPLIT_STOP_STOP,dcebfd2a069d7922b8d9fa375ee6720d4e2414a3cf99f6f37e2abe19aee2e812,2024-11-14T07:37:00Z,FIRST_RETEST_FILLED,2024-11-14T07:20:00Z,2024-11-14T07:05:00Z,2563.21,True,True,INITIAL_CONFIRMATION_STOP,bfe730dc0c553630db85565b9a84f2c31ffe281b91baf6191abfa5bd907f519c,a33754041e763011db0a8f8dabb1f7dfc063bf8faf1d00934eaafa0fef043a32,2558.94,9.59357142857136,0.47967857142856807,NOT_STRICTLY_CLOSER_THAN_CONTROL,H1_SOURCE_SWING_BUFFERED_ELSE_CONTROL,False,a33754041e763011db0a8f8dabb1f7dfc063bf8faf1d00934eaafa0fef043a32,2024-11-14T07:00:00Z,2558.94,2618.81,35365dbeee129e3fa7c46d4498ccb31e188a75ba0f4f54c4e867d02f8314f108
db4c85ef0f2bed5a91811c75a6d4d872b225e2d4db8aba60cefa24d54279ed4c,2555.04,2024-11-14T14:20:00Z,a4a60c5dd8368d3d8d47dfd050d21f07857de0ec1b484c19d0cc0a800a305256,2024-11-14T14:20:00Z,2555.32,2536.85,2024-12-01T00:00:00Z,2024-11-14T14:00:00Z,0.0,LONG,1.0,27.04385489983661,CONTROL_V2_FILLED_STOP,2024-11-14T14:20:00Z,CONTROL_NEXT_M1_OPEN,2555.32,True,47e5bb1d7949c01eb72a005be610d3ccaf38905a89f42f106e11677ed5557de3,0.2793719545208575,0.5744450460205482,2024_11,0.5408770979967322,0.5408770979967322,TARGET,2024-11-14T16:35:00Z,TARGET,e9d4e0a9c2c046ac5240abc5bf54dfb120f9c24f31b7424f32b15e2945eb3d43,2024-11-14T16:35:00Z,FIRST_RETEST_FILLED,2024-11-14T14:35:00Z,2024-11-14T14:20:00Z,2555.04,True,False,INITIAL_CONFIRMATION_TARGET,1ac11607de8dd10ae21b170bda795977137d1df2d46acb98b65a2366415b29ff,3d3d43ae15a4857fab106780edd613baa45b88e9dc6870b652b8871625022827,2536.85,,,,CONTROL_V2_FILLED_STOP,False,,2024-11-14T14:20:00Z,2536.85,2565.31,84aed0fc35917efb0934c429798ddf9a95ec546ec25fb1cad0d00df4e4b9a549
db4c85ef0f2bed5a91811c75a6d4d872b225e2d4db8aba60cefa24d54279ed4c,2555.04,2024-11-14T14:20:00Z,a4a60c5dd8368d3d8d47dfd050d21f07857de0ec1b484c19d0cc0a800a305256,2024-11-14T14:20:00Z,2555.32,2536.85,2024-12-01T00:00:00Z,2024-11-14T14:00:00Z,0.4361639054507336,LONG,0.5535868976719097,48.85205017237329,M5_LATEST_CONFIRMED_OPPOSING_SWING_ELSE_CONTROL,2024-11-14T14:20:00Z,CONTROL_NEXT_M1_OPEN,2555.32,True,89d2a6cd793f14c145ad7e67c9784930cc750ff9262ce4cd37523424e71bb92a,0.5046578155945282,1.0376781828405925,2024_11,0.9770410034474658,0.5408770979967322,TARGET,2024-11-14T16:35:00Z,TARGET,f77513c348a4666888850d90ab1c840c962507823dcd10b2fd696da1bb727a7a,2024-11-14T16:35:00Z,FIRST_RETEST_FILLED,2024-11-14T14:35:00Z,2024-11-14T14:20:00Z,2555.04,True,False,INITIAL_CONFIRMATION_TARGET,448a957a2cb220405f940f25200500e58e82e52221f82496e304dcb4c5160d8b,3d3d43ae15a4857fab106780edd613baa45b88e9dc6870b652b8871625022827,2545.09525,2.4949999999999557,0.1247499999999978,,M5_LATEST_CONFIRMED_OPPOSING_SWING_ELSE_CONTROL,True,afdeff2ffd8c2c31acf84f29e257dee7418c89e517096a4a9079fc4e16ff2de9,2024-11-14T13:40:00Z,2545.22,2565.31,84aed0fc35917efb0934c429798ddf9a95ec546ec25fb1cad0d00df4e4b9a549
db4c85ef0f2bed5a91811c75a6d4d872b225e2d4db8aba60cefa24d54279ed4c,2555.04,2024-11-14T14:20:00Z,a4a60c5dd8368d3d8d47dfd050d21f07857de0ec1b484c19d0cc0a800a305256,2024-11-14T14:20:00Z,2555.32,2536.85,2024-12-01T00:00:00Z,2024-11-14T14:00:00Z,0.0,LONG,1.0,27.04385489983661,CONTROL_V2_FILLED_STOP,2024-11-14T14:20:00Z,CONTROL_NEXT_M1_OPEN,2555.32,True,a34297f9cc819ebc0df8ba66ab7c202efc4df1b181281407a0fb51cf82563693,0.2793719545208575,0.5744450460205482,2024_11,0.5408770979967322,0.5408770979967322,TARGET,2024-11-14T16:35:00Z,TARGET,f31c27683f6aa927ed0516126472d28f50ca413c98a7b4b9a01534edbad54eb9,2024-11-14T16:35:00Z,FIRST_RETEST_FILLED,2024-11-14T14:35:00Z,2024-11-14T14:20:00Z,2555.04,True,False,INITIAL_CONFIRMATION_TARGET,82ca5a9614815adf9a500bf88ac49d563579fda0b76bf3d460fff2036d4dd7c0,3d3d43ae15a4857fab106780edd613baa45b88e9dc6870b652b8871625022827,2536.85,4.8464285714285,0.242321428571425,NOT_STRICTLY_CLOSER_THAN_CONTROL,M15_LATEST_CONFIRMED_OPPOSING_SWING_ELSE_CONTROL,False,0ab4d5bbb19f476d67477035341f70776ededdd9e7ba5bd33d0c4c8e088dfa6e,2024-11-14T12:30:00Z,2536.85,2565.31,84aed0fc35917efb0934c429798ddf9a95ec546ec25fb1cad0d00df4e4b9a549
db4c85ef0f2bed5a91811c75a6d4d872b225e2d4db8aba60cefa24d54279ed4c,2555.04,2024-11-14T14:20:00Z,a4a60c5dd8368d3d8d47dfd050d21f07857de0ec1b484c19d0cc0a800a305256,2024-11-14T14:20:00Z,2555.32,2536.85,2024-12-01T00:00:00Z,2024-11-14T14:00:00Z,0.0,LONG,1.0,27.04385489983661,CONTROL_V2_FILLED_STOP,2024-11-14T14:20:00Z,CONTROL_NEXT_M1_OPEN,2555.32,True,8622a7a382677d87f53902dc6fadceb1f028112c02adc28f552abf63f13bb73f,0.2793719545208575,0.5744450460205482,2024_11,0.5408770979967322,0.5408770979967322,TARGET,2024-11-14T16:35:00Z,TARGET,2e63c8a41e1af5f854c929bccdb03a6e4fd0d7535931d0eb4b5c7036a32919c8,2024-11-14T16:35:00Z,FIRST_RETEST_FILLED,2024-11-14T14:35:00Z,2024-11-14T14:20:00Z,2555.04,True,False,INITIAL_CONFIRMATION_TARGET,bdbc01e282dff42c30d9c7fc76e1503c79a308d158dc911115b32c5da661ece0,3d3d43ae15a4857fab106780edd613baa45b88e9dc6870b652b8871625022827,2536.85,9.002857142857108,0.4501428571428554,NOT_STRICTLY_CLOSER_THAN_CONTROL,H1_SOURCE_SWING_BUFFERED_ELSE_CONTROL,False,3d3d43ae15a4857fab106780edd613baa45b88e9dc6870b652b8871625022827,2024-11-14T14:00:00Z,2536.85,2565.31,84aed0fc35917efb0934c429798ddf9a95ec546ec25fb1cad0d00df4e4b9a549
db4c85ef0f2bed5a91811c75a6d4d872b225e2d4db8aba60cefa24d54279ed4c,2555.04,2024-11-14T14:20:00Z,a4a60c5dd8368d3d8d47dfd050d21f07857de0ec1b484c19d0cc0a800a305256,2024-11-14T14:20:00Z,2555.32,2536.85,2024-12-01T00:00:00Z,2024-11-14T14:00:00Z,0.023718833833941244,LONG,1.0,28.229796591533674,CONTROL_V2_FILLED_STOP,2024-11-14T14:20:00Z,M5_BROKEN_CONTROL_FIRST_RETEST,2555.04,True,47e5bb1d7949c01eb72a005be610d3ccaf38905a89f42f106e11677ed5557de3,0.26827927432655824,0.5986805937328115,2024_11,0.5645959318306735,0.5408770979967322,TARGET,2024-11-14T16:35:00Z,TARGET,b98c8494cef9598cb0b2d04029e1d5cb9bef42f7ea58570344ee92476f680b3e,2024-11-14T16:35:00Z,FIRST_RETEST_FILLED,2024-11-14T14:35:00Z,2024-11-14T14:20:00Z,2555.04,True,True,INITIAL_CONFIRMATION_TARGET,5b91a7e5ba794d76b7decc160d36e977336457a3fa361cb30c63116da7efdf69,3d3d43ae15a4857fab106780edd613baa45b88e9dc6870b652b8871625022827,2536.85,,,,CONTROL_V2_FILLED_STOP,False,,2024-11-14T14:20:00Z,2536.85,2565.31,84aed0fc35917efb0934c429798ddf9a95ec546ec25fb1cad0d00df4e4b9a549
db4c85ef0f2bed5a91811c75a6d4d872b225e2d4db8aba60cefa24d54279ed4c,2555.04,2024-11-14T14:20:00Z,a4a60c5dd8368d3d8d47dfd050d21f07857de0ec1b484c19d0cc0a800a305256,2024-11-14T14:20:00Z,2555.32,2536.85,2024-12-01T00:00:00Z,2024-11-14T14:00:00Z,0.4918286009901568,LONG,0.5535868976719097,51.63528494934445,M5_LATEST_CONFIRMED_OPPOSING_SWING_ELSE_CONTROL,2024-11-14T14:20:00Z,M5_BROKEN_CONTROL_FIRST_RETEST,2555.04,True,89d2a6cd793f14c145ad7e67c9784930cc750ff9262ce4cd37523424e71bb92a,0.490711179265447,1.0950501520902738,2024_11,1.032705698986889,0.5408770979967322,TARGET,2024-11-14T16:35:00Z,TARGET,daba73e04ec228115d562f752e8c5b4d838d6f67bdcf638bb1d6160f294ccbd9,2024-11-14T16:35:00Z,FIRST_RETEST_FILLED,2024-11-14T14:35:00Z,2024-11-14T14:20:00Z,2555.04,True,True,INITIAL_CONFIRMATION_TARGET,827e017f98f74f81107ee99c7586be37876a07950a7bde0b542e50273f5d37e1,3d3d43ae15a4857fab106780edd613baa45b88e9dc6870b652b8871625022827,2545.09525,2.4949999999999557,0.1247499999999978,,M5_LATEST_CONFIRMED_OPPOSING_SWING_ELSE_CONTROL,True,afdeff2ffd8c2c31acf84f29e257dee7418c89e517096a4a9079fc4e16ff2de9,2024-11-14T13:40:00Z,2545.22,2565.31,84aed0fc35917efb0934c429798ddf9a95ec546ec25fb1cad0d00df4e4b9a549
db4c85ef0f2bed5a91811c75a6d4d872b225e2d4db8aba60cefa24d54279ed4c,2555.04,2024-11-14T14:20:00Z,a4a60c5dd8368d3d8d47dfd050d21f07857de0ec1b484c19d0cc0a800a305256,2024-11-14T14:20:00Z,2555.32,2536.85,2024-12-01T00:00:00Z,2024-11-14T14:00:00Z,0.023718833833941244,LONG,1.0,28.229796591533674,CONTROL_V2_FILLED_STOP,2024-11-14T14:20:00Z,M5_BROKEN_CONTROL_FIRST_RETEST,2555.04,True,a34297f9cc819ebc0df8ba66ab7c202efc4df1b181281407a0fb51cf82563693,0.26827927432655824,0.5986805937328115,2024_11,0.5645959318306735,0.5408770979967322,TARGET,2024-11-14T16:35:00Z,TARGET,bfe3f42afd4942e97b47f9f54de4d28a284dcf36865060302ee6b04cba4f3f98,2024-11-14T16:35:00Z,FIRST_RETEST_FILLED,2024-11-14T14:35:00Z,2024-11-14T14:20:00Z,2555.04,True,True,INITIAL_CONFIRMATION_TARGET,ff86a101451ef69e6911bb88f14f5577c0c607f6a878e1ee0cccab66dc73a68e,3d3d43ae15a4857fab106780edd613baa45b88e9dc6870b652b8871625022827,2536.85,4.8464285714285,0.242321428571425,NOT_STRICTLY_CLOSER_THAN_CONTROL,M15_LATEST_CONFIRMED_OPPOSING_SWING_ELSE_CONTROL,False,0ab4d5bbb19f476d67477035341f70776ededdd9e7ba5bd33d0c4c8e088dfa6e,2024-11-14T12:30:00Z,2536.85,2565.31,84aed0fc35917efb0934c429798ddf9a95ec546ec25fb1cad0d00df4e4b9a549
db4c85ef0f2bed5a91811c75a6d4d872b225e2d4db8aba60cefa24d54279ed4c,2555.04,2024-11-14T14:20:00Z,a4a60c5dd8368d3d8d47dfd050d21f07857de0ec1b484c19d0cc0a800a305256,2024-11-14T14:20:00Z,2555.32,2536.85,2024-12-01T00:00:00Z,2024-11-14T14:00:00Z,0.023718833833941244,LONG,1.0,28.229796591533674,CONTROL_V2_FILLED_STOP,2024-11-14T14:20:00Z,M5_BROKEN_CONTROL_FIRST_RETEST,2555.04,True,8622a7a382677d87f53902dc6fadceb1f028112c02adc28f552abf63f13bb73f,0.26827927432655824,0.5986805937328115,2024_11,0.5645959318306735,0.5408770979967322,TARGET,2024-11-14T16:35:00Z,TARGET,7e17eb00675e26cfa8be6b67490c9a70610172ac9982e9fcdc4795655d9fe6f4,2024-11-14T16:35:00Z,FIRST_RETEST_FILLED,2024-11-14T14:35:00Z,2024-11-14T14:20:00Z,2555.04,True,True,INITIAL_CONFIRMATION_TARGET,b82af1978250723b9415bb5eff9ebf66c4de98e9ddd67458ba806758ed6771a1,3d3d43ae15a4857fab106780edd613baa45b88e9dc6870b652b8871625022827,2536.85,9.002857142857108,0.4501428571428554,NOT_STRICTLY_CLOSER_THAN_CONTROL,H1_SOURCE_SWING_BUFFERED_ELSE_CONTROL,False,3d3d43ae15a4857fab106780edd613baa45b88e9dc6870b652b8871625022827,2024-11-14T14:00:00Z,2536.85,2565.31,84aed0fc35917efb0934c429798ddf9a95ec546ec25fb1cad0d00df4e4b9a549
db4c85ef0f2bed5a91811c75a6d4d872b225e2d4db8aba60cefa24d54279ed4c,2555.04,2024-11-14T14:20:00Z,a4a60c5dd8368d3d8d47dfd050d21f07857de0ec1b484c19d0cc0a800a305256,2024-11-14T14:20:00Z,2555.32,2536.85,2024-12-01T00:00:00Z,2024-11-14T14:00:00Z,0.01778912537545596,LONG,1.0,27.93331116860941,CONTROL_V2_FILLED_STOP,2024-11-14T14:20:00Z,CONFIRMED_25_75_RETEST_SPLIT,2555.32,True,47e5bb1d7949c01eb72a005be610d3ccaf38905a89f42f106e11677ed5557de3,0.27105244437513304,0.5926217068047457,2024_11,0.5586662233721882,0.5408770979967322,TARGET,2024-11-14T16:35:00Z,SPLIT_TARGET_TARGET,7569af1379d7b010e0f3ebf7a37f606ddfec2f7d7938e7104f70152fda4aea93,2024-11-14T16:35:00Z,FIRST_RETEST_FILLED,2024-11-14T14:35:00Z,2024-11-14T14:20:00Z,2555.04,True,True,INITIAL_CONFIRMATION_TARGET,ad7c2507fd0492c91ae26d4e366864cdce33300ba967db0c013c1b56d8ddb90c,3d3d43ae15a4857fab106780edd613baa45b88e9dc6870b652b8871625022827,2536.85,,,,CONTROL_V2_FILLED_STOP,False,,2024-11-14T14:20:00Z,2536.85,2565.31,84aed0fc35917efb0934c429798ddf9a95ec546ec25fb1cad0d00df4e4b9a549
db4c85ef0f2bed5a91811c75a6d4d872b225e2d4db8aba60cefa24d54279ed4c,2555.04,2024-11-14T14:20:00Z,a4a60c5dd8368d3d8d47dfd050d21f07857de0ec1b484c19d0cc0a800a305256,2024-11-14T14:20:00Z,2555.32,2536.85,2024-12-01T00:00:00Z,2024-11-14T14:00:00Z,0.47791242710530113,LONG,0.5535868976719097,50.93947625510167,M5_LATEST_CONFIRMED_OPPOSING_SWING_ELSE_CONTROL,2024-11-14T14:20:00Z,CONFIRMED_25_75_RETEST_SPLIT,2555.32,True,89d2a6cd793f14c145ad7e67c9784930cc750ff9262ce4cd37523424e71bb92a,0.49419783834771724,1.0807071597778535,2024_11,1.0187895251020334,0.5408770979967322,TARGET,2024-11-14T16:35:00Z,SPLIT_TARGET_TARGET,ac2f9525e2640ab5ce1a45341bf2ba6ccf3b751fae4cee2a64dd914e1485e114,2024-11-14T16:35:00Z,FIRST_RETEST_FILLED,2024-11-14T14:35:00Z,2024-11-14T14:20:00Z,2555.04,True,True,INITIAL_CONFIRMATION_TARGET,073e1c8cde2c69b9261b0ea8f1f0332f7fe3f83cebf2bc78bc41d203f1e917ce,3d3d43ae15a4857fab106780edd613baa45b88e9dc6870b652b8871625022827,2545.09525,2.4949999999999557,0.1247499999999978,,M5_LATEST_CONFIRMED_OPPOSING_SWING_ELSE_CONTROL,True,afdeff2ffd8c2c31acf84f29e257dee7418c89e517096a4a9079fc4e16ff2de9,2024-11-14T13:40:00Z,2545.22,2565.31,84aed0fc35917efb0934c429798ddf9a95ec546ec25fb1cad0d00df4e4b9a549
db4c85ef0f2bed5a91811c75a6d4d872b225e2d4db8aba60cefa24d54279ed4c,2555.04,2024-11-14T14:20:00Z,a4a60c5dd8368d3d8d47dfd050d21f07857de0ec1b484c19d0cc0a800a305256,2024-11-14T14:20:00Z,2555.32,2536.85,2024-12-01T00:00:00Z,2024-11-14T14:00:00Z,0.01778912537545596,LONG,1.0,27.93331116860941,CONTROL_V2_FILLED_STOP,2024-11-14T14:20:00Z,CONFIRMED_25_75_RETEST_SPLIT,2555.32,True,a34297f9cc819ebc0df8ba66ab7c202efc4df1b181281407a0fb51cf82563693,0.27105244437513304,0.5926217068047457,2024_11,0.5586662233721882,0.5408770979967322,TARGET,2024-11-14T16:35:00Z,SPLIT_TARGET_TARGET,3a7897c8670a8a8c0f379df5964d5212cbc0b6d3c5a424ca4f7056ee4fd7f786,2024-11-14T16:35:00Z,FIRST_RETEST_FILLED,2024-11-14T14:35:00Z,2024-11-14T14:20:00Z,2555.04,True,True,INITIAL_CONFIRMATION_TARGET,4fb46f5ff36e4be6df38dfcd73c06b34110aa345c518b7d548662ffdd29c379b,3d3d43ae15a4857fab106780edd613baa45b88e9dc6870b652b8871625022827,2536.85,4.8464285714285,0.242321428571425,NOT_STRICTLY_CLOSER_THAN_CONTROL,M15_LATEST_CONFIRMED_OPPOSING_SWING_ELSE_CONTROL,False,0ab4d5bbb19f476d67477035341f70776ededdd9e7ba5bd33d0c4c8e088dfa6e,2024-11-14T12:30:00Z,2536.85,2565.31,84aed0fc35917efb0934c429798ddf9a95ec546ec25fb1cad0d00df4e4b9a549
db4c85ef0f2bed5a91811c75a6d4d872b225e2d4db8aba60cefa24d54279ed4c,2555.04,2024-11-14T14:20:00Z,a4a60c5dd8368d3d8d47dfd050d21f07857de0ec1b484c19d0cc0a800a305256,2024-11-14T14:20:00Z,2555.32,2536.85,2024-12-01T00:00:00Z,2024-11-14T14:00:00Z,0.01778912537545596,LONG,1.0,27.93331116860941,CONTROL_V2_FILLED_STOP,2024-11-14T14:20:00Z,CONFIRMED_25_75_RETEST_SPLIT,2555.32,True,8622a7a382677d87f53902dc6fadceb1f028112c02adc28f552abf63f13bb73f,0.27105244437513304,0.5926217068047457,2024_11,0.5586662233721882,0.5408770979967322,TARGET,2024-11-14T16:35:00Z,SPLIT_TARGET_TARGET,102ae02a5972d56f4529437cc0eea1c6cb94f84a6532c0e8240d6fe15eea2688,2024-11-14T16:35:00Z,FIRST_RETEST_FILLED,2024-11-14T14:35:00Z,2024-11-14T14:20:00Z,2555.04,True,True,INITIAL_CONFIRMATION_TARGET,d101e9a2ade8a8f4431c6e5639680471f4af32359c377e440880c43a1543d3f4,3d3d43ae15a4857fab106780edd613baa45b88e9dc6870b652b8871625022827,2536.85,9.002857142857108,0.4501428571428554,NOT_STRICTLY_CLOSER_THAN_CONTROL,H1_SOURCE_SWING_BUFFERED_ELSE_CONTROL,False,3d3d43ae15a4857fab106780edd613baa45b88e9dc6870b652b8871625022827,2024-11-14T14:00:00Z,2536.85,2565.31,84aed0fc35917efb0934c429798ddf9a95ec546ec25fb1cad0d00df4e4b9a549
f454bae973cccf426f80391607fa7cc451a2345ce4f01b7b7bda48cafde355f5,2569.1,2024-11-14T22:10:00Z,383400d2818a1ff30bd29d02ecb61bf973bbe140d6a762cea8e58a33f1585c0d,2024-11-14T22:10:00Z,2565.1,2577.5,2024-12-01T00:00:00Z,2024-11-14T21:00:00Z,0.0,SHORT,1.0,-50.0,CONTROL_V2_FILLED_STOP,2024-11-14T22:10:00Z,CONTROL_NEXT_M1_OPEN,2565.1,True,0cd038f2f839f6cc96cf2006391c6890a3d81663d6b3d0dfbe52710701dca04a,1.2975806451612926,0.8548387096774057,2024_11,-1.0,-1.0,STOP,2024-11-18T03:00:00Z,STOP,38a76ec75fca9f12497412480ab508113b1071df2cf6893b77a94bea7e0bcfea,2024-11-18T03:00:00Z,FIRST_RETEST_FILLED,2024-11-14T22:25:00Z,2024-11-14T22:16:00Z,2569.1,True,False,INITIAL_CONFIRMATION_STOP,3fc050138311e302bd27ee9cad3a6f1bf85b4574516500991111cfda7bc20048,9788daaf693c324b79480303323f14c016b160cf14eacb35fc8e21d6224177ec,2577.5,,,,CONTROL_V2_FILLED_STOP,False,,2024-11-14T22:10:00Z,2577.5,2536.85,56810f5d989268255da2c803558126fa8801d243ae26b086c68dc575b0c27ace
f454bae973cccf426f80391607fa7cc451a2345ce4f01b7b7bda48cafde355f5,2569.1,2024-11-14T22:10:00Z,383400d2818a1ff30bd29d02ecb61bf973bbe140d6a762cea8e58a33f1585c0d,2024-11-14T22:10:00Z,2565.1,2577.5,2024-12-01T00:00:00Z,2024-11-14T21:00:00Z,0.0,SHORT,0.9618346774193546,-50.0,M5_LATEST_CONFIRMED_OPPOSING_SWING_ELSE_CONTROL,2024-11-14T22:10:00Z,CONTROL_NEXT_M1_OPEN,2565.1,True,7da3aec3d427fa823abe3d2e8dd3a052fd01aec120735447b0b04084a472a182,1.0111723646424937,0.8887584631186061,2024_11,-1.0,-1.0,STOP,2024-11-18T03:00:00Z,STOP,bd2d4a91b9d631e5a0f2c4f4716bd759b08cf9eda3f4dae22824437c5d34d83f,2024-11-18T02:53:00Z,FIRST_RETEST_FILLED,2024-11-14T22:25:00Z,2024-11-14T22:16:00Z,2569.1,True,False,INITIAL_CONFIRMATION_STOP,c49215255e549ab0092e128b0090dc711b0ffac6b4f57b682d4b3103b6983b26,9788daaf693c324b79480303323f14c016b160cf14eacb35fc8e21d6224177ec,2577.02675,2.134999999999861,0.10674999999999304,,M5_LATEST_CONFIRMED_OPPOSING_SWING_ELSE_CONTROL,True,fab7a500917fb556e8991b8d5f6ca3505b3b33fe2e349273ae1064f1cd15ab98,2024-11-14T22:10:00Z,2576.92,2536.85,56810f5d989268255da2c803558126fa8801d243ae26b086c68dc575b0c27ace
f454bae973cccf426f80391607fa7cc451a2345ce4f01b7b7bda48cafde355f5,2569.1,2024-11-14T22:10:00Z,383400d2818a1ff30bd29d02ecb61bf973bbe140d6a762cea8e58a33f1585c0d,2024-11-14T22:10:00Z,2565.1,2577.5,2024-12-01T00:00:00Z,2024-11-14T21:00:00Z,0.0,SHORT,0.6923876728110467,-50.0,M15_LATEST_CONFIRMED_OPPOSING_SWING_ELSE_CONTROL,2024-11-14T22:10:00Z,CONTROL_NEXT_M1_OPEN,2565.1,True,946aceb5226400ca3a869cba26be24b2233b6bbd667ed9c505cdce3e9835c63c,1.0715607931879791,0.132780359155883,2024_11,-1.0,-1.0,STOP,2024-11-18T03:00:00Z,STOP,62fecd2fc07b72bb1eddc60368205a7e27cdaaa038198583815a6dada7883b53,2024-11-14T22:30:00Z,FIRST_RETEST_FILLED,2024-11-14T22:25:00Z,2024-11-14T22:16:00Z,2569.1,True,False,INITIAL_CONFIRMATION_STOP,d1dcc46b9237177a74b60fd8538c153e88e4ecedbadded04e156304b3d0b05d2,9788daaf693c324b79480303323f14c016b160cf14eacb35fc8e21d6224177ec,2573.685607142857,3.312142857142947,0.16560714285714737,,M15_LATEST_CONFIRMED_OPPOSING_SWING_ELSE_CONTROL,True,cfa16014493a5b97d76d4fd437b05746fa62b85206230924f65b0198b7389874,2024-11-14T20:45:00Z,2573.52,2536.85,56810f5d989268255da2c803558126fa8801d243ae26b086c68dc575b0c27ace
f454bae973cccf426f80391607fa7cc451a2345ce4f01b7b7bda48cafde355f5,2569.1,2024-11-14T22:10:00Z,383400d2818a1ff30bd29d02ecb61bf973bbe140d6a762cea8e58a33f1585c0d,2024-11-14T22:10:00Z,2565.1,2577.5,2024-12-01T00:00:00Z,2024-11-14T21:00:00Z,0.0,SHORT,1.0,-50.0,CONTROL_V2_FILLED_STOP,2024-11-14T22:10:00Z,CONTROL_NEXT_M1_OPEN,2565.1,True,3c4aad1b49f50cd773d52be4f1c585429df5b9ce7464b73b23893868b7930bf2,1.2975806451612926,0.8548387096774057,2024_11,-1.0,-1.0,STOP,2024-11-18T03:00:00Z,STOP,aab60786a9bd886109cc0a14c41948cd136d11aee0d05f45c45a61802eb20147,2024-11-18T03:00:00Z,FIRST_RETEST_FILLED,2024-11-14T22:25:00Z,2024-11-14T22:16:00Z,2569.1,True,False,INITIAL_CONFIRMATION_STOP,0d7e415d0626f06e8048a86527b6f0cdcdb6ff7f22dcae1b3597475469c17888,9788daaf693c324b79480303323f14c016b160cf14eacb35fc8e21d6224177ec,2577.5,9.595714285714362,0.4797857142857181,NOT_STRICTLY_CLOSER_THAN_CONTROL,H1_SOURCE_SWING_BUFFERED_ELSE_CONTROL,False,9788daaf693c324b79480303323f14c016b160cf14eacb35fc8e21d6224177ec,2024-11-14T21:00:00Z,2577.5,2536.85,56810f5d989268255da2c803558126fa8801d243ae26b086c68dc575b0c27ace
f454bae973cccf426f80391607fa7cc451a2345ce4f01b7b7bda48cafde355f5,2569.1,2024-11-14T22:10:00Z,383400d2818a1ff30bd29d02ecb61bf973bbe140d6a762cea8e58a33f1585c0d,2024-11-14T22:10:00Z,2565.1,2577.5,2024-12-01T00:00:00Z,2024-11-14T21:00:00Z,0.0,SHORT,1.0,-50.0,CONTROL_V2_FILLED_STOP,2024-11-14T22:16:00Z,M5_BROKEN_CONTROL_FIRST_RETEST,2569.1,True,0cd038f2f839f6cc96cf2006391c6890a3d81663d6b3d0dfbe52710701dca04a,1.439285714285716,1.7380952380952084,2024_11,-1.0,-1.0,STOP,2024-11-18T03:00:00Z,STOP,80c4c2400b7807c9067ec70d74005bd015c44dbf06d9d379f6b13d2fb6cec295,2024-11-18T03:00:00Z,FIRST_RETEST_FILLED,2024-11-14T22:25:00Z,2024-11-14T22:16:00Z,2569.1,True,True,INITIAL_CONFIRMATION_STOP,672353e077c58a8db76a24511951dd42a28704b3970c36a01c9a264ecb326aff,9788daaf693c324b79480303323f14c016b160cf14eacb35fc8e21d6224177ec,2577.5,,,,CONTROL_V2_FILLED_STOP,False,,2024-11-14T22:10:00Z,2577.5,2536.85,56810f5d989268255da2c803558126fa8801d243ae26b086c68dc575b0c27ace
f454bae973cccf426f80391607fa7cc451a2345ce4f01b7b7bda48cafde355f5,2569.1,2024-11-14T22:10:00Z,383400d2818a1ff30bd29d02ecb61bf973bbe140d6a762cea8e58a33f1585c0d,2024-11-14T22:10:00Z,2565.1,2577.5,2024-12-01T00:00:00Z,2024-11-14T21:00:00Z,0.0,SHORT,0.9618346774193546,-50.0,M5_LATEST_CONFIRMED_OPPOSING_SWING_ELSE_CONTROL,2024-11-14T22:16:00Z,M5_BROKEN_CONTROL_FIRST_RETEST,2569.1,True,7da3aec3d427fa823abe3d2e8dd3a052fd01aec120735447b0b04084a472a182,1.0168101681016635,1.8418645724918479,2024_11,-1.0,-1.0,STOP,2024-11-18T03:00:00Z,STOP,b7e16b85596df4172bb2ac9ea8dd4b0f86cfd501c19d36dacc7af72aa8927e8c,2024-11-18T02:53:00Z,FIRST_RETEST_FILLED,2024-11-14T22:25:00Z,2024-11-14T22:16:00Z,2569.1,True,True,INITIAL_CONFIRMATION_STOP,a9b09ce6d3757c4e7d133ccd64bf2f97fb45b9d77013e12093c9117b2bf1a00d,9788daaf693c324b79480303323f14c016b160cf14eacb35fc8e21d6224177ec,2577.02675,2.134999999999861,0.10674999999999304,,M5_LATEST_CONFIRMED_OPPOSING_SWING_ELSE_CONTROL,True,fab7a500917fb556e8991b8d5f6ca3505b3b33fe2e349273ae1064f1cd15ab98,2024-11-14T22:10:00Z,2576.92,2536.85,56810f5d989268255da2c803558126fa8801d243ae26b086c68dc575b0c27ace
f454bae973cccf426f80391607fa7cc451a2345ce4f01b7b7bda48cafde355f5,2569.1,2024-11-14T22:10:00Z,383400d2818a1ff30bd29d02ecb61bf973bbe140d6a762cea8e58a33f1585c0d,2024-11-14T22:10:00Z,2565.1,2577.5,2024-12-01T00:00:00Z,2024-11-14T21:00:00Z,0.0,SHORT,0.6923876728110467,-50.0,M15_LATEST_CONFIRMED_OPPOSING_SWING_ELSE_CONTROL,2024-11-14T22:16:00Z,M5_BROKEN_CONTROL_FIRST_RETEST,2569.1,True,946aceb5226400ca3a869cba26be24b2233b6bbd667ed9c505cdce3e9835c63c,1.1339828812200503,0.5800758584701944,2024_11,-1.0,-1.0,STOP,2024-11-18T03:00:00Z,STOP,90115338e19dc6d2d3f6059529d421736a86c9bfd84436bfc2b48bdb12dad388,2024-11-14T22:30:00Z,FIRST_RETEST_FILLED,2024-11-14T22:25:00Z,2024-11-14T22:16:00Z,2569.1,True,True,INITIAL_CONFIRMATION_STOP,20b8989a44390ad398996f1e5f0ff161e98cdb2f9aa9dc71b22853ce44d68578,9788daaf693c324b79480303323f14c016b160cf14eacb35fc8e21d6224177ec,2573.685607142857,3.312142857142947,0.16560714285714737,,M15_LATEST_CONFIRMED_OPPOSING_SWING_ELSE_CONTROL,True,cfa16014493a5b97d76d4fd437b05746fa62b85206230924f65b0198b7389874,2024-11-14T20:45:00Z,2573.52,2536.85,56810f5d989268255da2c803558126fa8801d243ae26b086c68dc575b0c27ace
f454bae973cccf426f80391607fa7cc451a2345ce4f01b7b7bda48cafde355f5,2569.1,2024-11-14T22:10:00Z,383400d2818a1ff30bd29d02ecb61bf973bbe140d6a762cea8e58a33f1585c0d,2024-11-14T22:10:00Z,2565.1,2577.5,2024-12-01T00:00:00Z,2024-11-14T21:00:00Z,0.0,SHORT,1.0,-50.0,CONTROL_V2_FILLED_STOP,2024-11-14T22:16:00Z,M5_BROKEN_CONTROL_FIRST_RETEST,2569.1,True,3c4aad1b49f50cd773d52be4f1c585429df5b9ce7464b73b23893868b7930bf2,1.439285714285716,1.7380952380952084,2024_11,-1.0,-1.0,STOP,2024-11-18T03:00:00Z,STOP,442e5aacb61c0b850894ebac227faa135c4ac29210b74d7819ff28d16553da03,2024-11-18T03:00:00Z,FIRST_RETEST_FILLED,2024-11-14T22:25:00Z,2024-11-14T22:16:00Z,2569.1,True,True,INITIAL_CONFIRMATION_STOP,6e4ff8170c939d108819d8d4bc35ae62e08bdc9073e504839c5b9a8b1c0a21bd,9788daaf693c324b79480303323f14c016b160cf14eacb35fc8e21d6224177ec,2577.5,9.595714285714362,0.4797857142857181,NOT_STRICTLY_CLOSER_THAN_CONTROL,H1_SOURCE_SWING_BUFFERED_ELSE_CONTROL,False,9788daaf693c324b79480303323f14c016b160cf14eacb35fc8e21d6224177ec,2024-11-14T21:00:00Z,2577.5,2536.85,56810f5d989268255da2c803558126fa8801d243ae26b086c68dc575b0c27ace
f454bae973cccf426f80391607fa7cc451a2345ce4f01b7b7bda48cafde355f5,2569.1,2024-11-14T22:10:00Z,383400d2818a1ff30bd29d02ecb61bf973bbe140d6a762cea8e58a33f1585c0d,2024-11-14T22:10:00Z,2565.1,2577.5,2024-12-01T00:00:00Z,2024-11-14T21:00:00Z,0.0,SHORT,1.0,-50.0,CONTROL_V2_FILLED_STOP,2024-11-14T22:10:00Z,CONFIRMED_25_75_RETEST_SPLIT,2565.1,True,0cd038f2f839f6cc96cf2006391c6890a3d81663d6b3d0dfbe52710701dca04a,1.4038594470046102,1.5172811059907576,2024_11,-1.0,-1.0,STOP,2024-11-18T03:00:00Z,SPLIT_STOP_STOP,f031176ddf3f2d615294b6314b58123b2908833e5da871f5bc6e71dcf022ad94,2024-11-18T03:00:00Z,FIRST_RETEST_FILLED,2024-11-14T22:25:00Z,2024-11-14T22:16:00Z,2569.1,True,True,INITIAL_CONFIRMATION_STOP,182b67be8323b0af61f3d5130234ebeb3d8499c9e2ff215c0447e5bebe9642ad,9788daaf693c324b79480303323f14c016b160cf14eacb35fc8e21d6224177ec,2577.5,,,,CONTROL_V2_FILLED_STOP,False,,2024-11-14T22:10:00Z,2577.5,2536.85,56810f5d989268255da2c803558126fa8801d243ae26b086c68dc575b0c27ace
f454bae973cccf426f80391607fa7cc451a2345ce4f01b7b7bda48cafde355f5,2569.1,2024-11-14T22:10:00Z,383400d2818a1ff30bd29d02ecb61bf973bbe140d6a762cea8e58a33f1585c0d,2024-11-14T22:10:00Z,2565.1,2577.5,2024-12-01T00:00:00Z,2024-11-14T21:00:00Z,0.0,SHORT,0.9618346774193546,-50.0,M5_LATEST_CONFIRMED_OPPOSING_SWING_ELSE_CONTROL,2024-11-14T22:10:00Z,CONFIRMED_25_75_RETEST_SPLIT,2565.1,True,7da3aec3d427fa823abe3d2e8dd3a052fd01aec120735447b0b04084a472a182,1.0154007172368709,1.6035880451485374,2024_11,-1.0,-1.0,STOP,2024-11-18T03:00:00Z,SPLIT_STOP_STOP,0fea9913dc4647fc31f3bf78b455ca776ee54fdbccf365a654c081f00df5750f,2024-11-18T02:53:00Z,FIRST_RETEST_FILLED,2024-11-14T22:25:00Z,2024-11-14T22:16:00Z,2569.1,True,True,INITIAL_CONFIRMATION_STOP,8097a321428f35392e857ad7d0a57cfc74b49606fc481c2c41c54848fa3301dc,9788daaf693c324b79480303323f14c016b160cf14eacb35fc8e21d6224177ec,2577.02675,2.134999999999861,0.10674999999999304,,M5_LATEST_CONFIRMED_OPPOSING_SWING_ELSE_CONTROL,True,fab7a500917fb556e8991b8d5f6ca3505b3b33fe2e349273ae1064f1cd15ab98,2024-11-14T22:10:00Z,2576.92,2536.85,56810f5d989268255da2c803558126fa8801d243ae26b086c68dc575b0c27ace
f454bae973cccf426f80391607fa7cc451a2345ce4f01b7b7bda48cafde355f5,2569.1,2024-11-14T22:10:00Z,383400d2818a1ff30bd29d02ecb61bf973bbe140d6a762cea8e58a33f1585c0d,2024-11-14T22:10:00Z,2565.1,2577.5,2024-12-01T00:00:00Z,2024-11-14T21:00:00Z,0.0,SHORT,0.6923876728110467,-50.0,M15_LATEST_CONFIRMED_OPPOSING_SWING_ELSE_CONTROL,2024-11-14T22:10:00Z,CONFIRMED_25_75_RETEST_SPLIT,2565.1,True,946aceb5226400ca3a869cba26be24b2233b6bbd667ed9c505cdce3e9835c63c,1.1183773592120325,0.4682519836416165,2024_11,-1.0,-1.0,STOP,2024-11-18T03:00:00Z,SPLIT_STOP_STOP,755a8424da35de74c874fb6766566b36df342682ce96fe4a87e85876c829a6c0,2024-11-14T22:30:00Z,FIRST_RETEST_FILLED,2024-11-14T22:25:00Z,2024-11-14T22:16:00Z,2569.1,True,True,INITIAL_CONFIRMATION_STOP,57a1cef23733b206ad18cdbc7770f9142bd24d0f2a2e71d7842c6228bbddd3d9,9788daaf693c324b79480303323f14c016b160cf14eacb35fc8e21d6224177ec,2573.685607142857,3.312142857142947,0.16560714285714737,,M15_LATEST_CONFIRMED_OPPOSING_SWING_ELSE_CONTROL,True,cfa16014493a5b97d76d4fd437b05746fa62b85206230924f65b0198b7389874,2024-11-14T20:45:00Z,2573.52,2536.85,56810f5d989268255da2c803558126fa8801d243ae26b086c68dc575b0c27ace
f454bae973cccf426f80391607fa7cc451a2345ce4f01b7b7bda48cafde355f5,2569.1,2024-11-14T22:10:00Z,383400d2818a1ff30bd29d02ecb61bf973bbe140d6a762cea8e58a33f1585c0d,2024-11-14T22:10:00Z,2565.1,2577.5,2024-12-01T00:00:00Z,2024-11-14T21:00:00Z,0.0,SHORT,1.0,-50.0,CONTROL_V2_FILLED_STOP,2024-11-14T22:10:00Z,CONFIRMED_25_75_RETEST_SPLIT,2565.1,True,3c4aad1b49f50cd773d52be4f1c585429df5b9ce7464b73b23893868b7930bf2,1.4038594470046102,1.5172811059907576,2024_11,-1.0,-1.0,STOP,2024-11-18T03:00:00Z,SPLIT_STOP_STOP,6d44004e515384db0e7ce72d79e1cca72bf7629e45100294f253a9c20c3a664e,2024-11-18T03:00:00Z,FIRST_RETEST_FILLED,2024-11-14T22:25:00Z,2024-11-14T22:16:00Z,2569.1,True,True,INITIAL_CONFIRMATION_STOP,6c630c508b8827001684fe1b602ab09ebac22b8e7e1af298b59ecbe1ea869e75,9788daaf693c324b79480303323f14c016b160cf14eacb35fc8e21d6224177ec,2577.5,9.595714285714362,0.4797857142857181,NOT_STRICTLY_CLOSER_THAN_CONTROL,H1_SOURCE_SWING_BUFFERED_ELSE_CONTROL,False,9788daaf693c324b79480303323f14c016b160cf14eacb35fc8e21d6224177ec,2024-11-14T21:00:00Z,2577.5,2536.85,56810f5d989268255da2c803558126fa8801d243ae26b086c68dc575b0c27ace
0484f2d62293e8593d7a9cc559dd24ba44d8898109eee6ee27a80a13c53eebcd,2567.64,2024-11-15T03:05:00Z,d4dfccbec464b91410924fe5154c25e43d68b58097155176f1e186f4951ef4b5,2024-11-15T03:05:00Z,2568.66,2563.96,2024-12-01T00:00:00Z,2024-11-15T03:00:00Z,0.0,LONG,1.0,-50.0,CONTROL_V2_FILLED_STOP,2024-11-15T03:05:00Z,CONTROL_NEXT_M1_OPEN,2568.66,True,e56fc7a4a47413ce0a55d4931b0e028e3f03b4ee90d10bd7b606469efcbd6438,1.0170212765957298,0.6404255319149649,2024_11,-1.0,-1.0,STOP,2024-11-15T03:44:00Z,STOP,70bb3870b09dc1fdb2dbdab41bb184926d8ca950dc636a0a9c0ea2a2f708f135,2024-11-15T03:44:00Z,RETEST_EXPIRED,2024-11-15T03:20:00Z,,2567.64,False,False,INITIAL_CONFIRMATION_STOP,f1895c6ed1fefb756f971207ea11de5eaa5d99a5408df8724339d8d9008046d0,a502579693bf400e605997a665a158b2c1b09f6ab3817f14b7a31ece8100583c,2563.96,,,,CONTROL_V2_FILLED_STOP,False,,2024-11-15T03:05:00Z,2563.96,2576.92,97ae3263a1b93f266de8ac9eb6e89185db49e3db0bddce10ac0e8b520f8bd64f
0484f2d62293e8593d7a9cc559dd24ba44d8898109eee6ee27a80a13c53eebcd,2567.64,2024-11-15T03:05:00Z,d4dfccbec464b91410924fe5154c25e43d68b58097155176f1e186f4951ef4b5,2024-11-15T03:05:00Z,2568.66,2563.96,2024-12-01T00:00:00Z,2024-11-15T03:00:00Z,0.0,LONG,0.590896656534982,-50.0,M5_LATEST_CONFIRMED_OPPOSING_SWING_ELSE_CONTROL,2024-11-15T03:05:00Z,CONTROL_NEXT_M1_OPEN,2568.66,True,f066348dfacffe888145c75a1a90671a08e5cd9125aaed4a2baac1ca4c12cc99,1.397083408348415,1.083819860600363,2024_11,-1.0,-1.0,STOP,2024-11-15T03:44:00Z,STOP,1a46d9f9dc0ee1b0c96ef8e8fe3f89d513926369e5d91d2b294de37c42eced09,2024-11-15T03:43:00Z,RETEST_EXPIRED,2024-11-15T03:20:00Z,,2567.64,False,False,INITIAL_CONFIRMATION_STOP,68ca6079f3f9a5573be51807b7f8d86ec9042d20844b3e054ab22aa785c93e62,a502579693bf400e605997a665a158b2c1b09f6ab3817f14b7a31ece8100583c,2565.8827857142855,0.94428571428583,0.0472142857142915,,M5_LATEST_CONFIRMED_OPPOSING_SWING_ELSE_CONTROL,True,daa0dec642840801ed3f3889115a7a9e0479201a27476f2f6342070feba70ff0,2024-11-15T02:55:00Z,2565.93,2576.92,97ae3263a1b93f266de8ac9eb6e89185db49e3db0bddce10ac0e8b520f8bd64f
0484f2d62293e8593d7a9cc559dd24ba44d8898109eee6ee27a80a13c53eebcd,2567.64,2024-11-15T03:05:00Z,d4dfccbec464b91410924fe5154c25e43d68b58097155176f1e186f4951ef4b5,2024-11-15T03:05:00Z,2568.66,2563.96,2024-12-01T00:00:00Z,2024-11-15T03:00:00Z,0.0,LONG,0.9758966565349636,-50.0,M15_LATEST_CONFIRMED_OPPOSING_SWING_ELSE_CONTROL,2024-11-15T03:05:00Z,CONTROL_NEXT_M1_OPEN,2568.66,True,f247fccca776ff3c9a2719d3e74b7302e80bf443ba1efa3fca35d75822b362d1,1.0421403432273086,0.6562431868440571,2024_11,-1.0,-1.0,STOP,2024-11-15T03:44:00Z,STOP,f10e1e1a2e5e59688db322dd0960577dae47e41de85dadd699a2b446b26f0c80,2024-11-15T03:44:00Z,RETEST_EXPIRED,2024-11-15T03:20:00Z,,2567.64,False,False,INITIAL_CONFIRMATION_STOP,e050acca81f29d390963c332920fcdf383f7ed88323c218b85584e47b0f63146,a502579693bf400e605997a665a158b2c1b09f6ab3817f14b7a31ece8100583c,2564.0732857142857,2.534285714285813,0.12671428571429064,,M15_LATEST_CONFIRMED_OPPOSING_SWING_ELSE_CONTROL,True,3c9a8da56cd967268448fa5f39efdb45a4f96a2a19301b2069526389d6499064,2024-11-15T01:30:00Z,2564.2,2576.92,97ae3263a1b93f266de8ac9eb6e89185db49e3db0bddce10ac0e8b520f8bd64f
0484f2d62293e8593d7a9cc559dd24ba44d8898109eee6ee27a80a13c53eebcd,2567.64,2024-11-15T03:05:00Z,d4dfccbec464b91410924fe5154c25e43d68b58097155176f1e186f4951ef4b5,2024-11-15T03:05:00Z,2568.66,2563.96,2024-12-01T00:00:00Z,2024-11-15T03:00:00Z,0.0,LONG,1.0,-50.0,CONTROL_V2_FILLED_STOP,2024-11-15T03:05:00Z,CONTROL_NEXT_M1_OPEN,2568.66,True,16b14af66bce60b86d5487b14fb860f13f10e8dd9b7b692b8c424453e0e1b722,1.0170212765957298,0.6404255319149649,2024_11,-1.0,-1.0,STOP,2024-11-15T03:44:00Z,STOP,5559ac0cfd60a86da355a9449ff86d5b6203e804850d92524224862938c48c76,2024-11-15T03:44:00Z,RETEST_EXPIRED,2024-11-15T03:20:00Z,,2567.64,False,False,INITIAL_CONFIRMATION_STOP,4ad4a1dadbd5a36f07e65f0c48e13598f2cc2da41e4666aceb196b90db2e6fbd,a502579693bf400e605997a665a158b2c1b09f6ab3817f14b7a31ece8100583c,2563.96,9.197142857142873,0.4598571428571437,NOT_STRICTLY_CLOSER_THAN_CONTROL,H1_SOURCE_SWING_BUFFERED_ELSE_CONTROL,False,a502579693bf400e605997a665a158b2c1b09f6ab3817f14b7a31ece8100583c,2024-11-15T03:00:00Z,2563.96,2576.92,97ae3263a1b93f266de8ac9eb6e89185db49e3db0bddce10ac0e8b520f8bd64f
0484f2d62293e8593d7a9cc559dd24ba44d8898109eee6ee27a80a13c53eebcd,2567.64,2024-11-15T03:05:00Z,d4dfccbec464b91410924fe5154c25e43d68b58097155176f1e186f4951ef4b5,2024-11-15T03:05:00Z,2568.66,2563.96,2024-12-01T00:00:00Z,2024-11-15T03:00:00Z,1.0,LONG,1.0,0.0,CONTROL_V2_FILLED_STOP,,M5_BROKEN_CONTROL_FIRST_RETEST,,False,e56fc7a4a47413ce0a55d4931b0e028e3f03b4ee90d10bd7b606469efcbd6438,,,2024_11,0.0,-1.0,STOP,2024-11-15T03:44:00Z,NO_FILL,56828fe232019266f3e43a65caea15007fae03c15e7c8ac2d23bef4ce1aebd99,,RETEST_EXPIRED,2024-11-15T03:20:00Z,,2567.64,False,False,INITIAL_CONFIRMATION_STOP,e0b74d2b5e4b7c5904283b75da9d609a65ae28ffa2be819a5a29d2876225ad92,a502579693bf400e605997a665a158b2c1b09f6ab3817f14b7a31ece8100583c,2563.96,,,,CONTROL_V2_FILLED_STOP,False,,2024-11-15T03:05:00Z,2563.96,2576.92,97ae3263a1b93f266de8ac9eb6e89185db49e3db0bddce10ac0e8b520f8bd64f
0484f2d62293e8593d7a9cc559dd24ba44d8898109eee6ee27a80a13c53eebcd,2567.64,2024-11-15T03:05:00Z,d4dfccbec464b91410924fe5154c25e43d68b58097155176f1e186f4951ef4b5,2024-11-15T03:05:00Z,2568.66,2563.96,2024-12-01T00:00:00Z,2024-11-15T03:00:00Z,1.0,LONG,0.590896656534982,0.0,M5_LATEST_CONFIRMED_OPPOSING_SWING_ELSE_CONTROL,,M5_BROKEN_CONTROL_FIRST_RETEST,,False,f066348dfacffe888145c75a1a90671a08e5cd9125aaed4a2baac1ca4c12cc99,,,2024_11,0.0,-1.0,STOP,2024-11-15T03:44:00Z,NO_FILL,1747fcfce58e83d72afe3550aa88cb800bf7c7706e5f99fe88c9dd7f1f04db2d,,RETEST_EXPIRED,2024-11-15T03:20:00Z,,2567.64,False,False,INITIAL_CONFIRMATION_STOP,b085faa7ac79da828d21d3eb996e61e6d08f7494a4ad4ecd913ca9d3aeb93dd1,a502579693bf400e605997a665a158b2c1b09f6ab3817f14b7a31ece8100583c,2565.8827857142855,0.94428571428583,0.0472142857142915,,M5_LATEST_CONFIRMED_OPPOSING_SWING_ELSE_CONTROL,True,daa0dec642840801ed3f3889115a7a9e0479201a27476f2f6342070feba70ff0,2024-11-15T02:55:00Z,2565.93,2576.92,97ae3263a1b93f266de8ac9eb6e89185db49e3db0bddce10ac0e8b520f8bd64f
0484f2d62293e8593d7a9cc559dd24ba44d8898109eee6ee27a80a13c53eebcd,2567.64,2024-11-15T03:05:00Z,d4dfccbec464b91410924fe5154c25e43d68b58097155176f1e186f4951ef4b5,2024-11-15T03:05:00Z,2568.66,2563.96,2024-12-01T00:00:00Z,2024-11-15T03:00:00Z,1.0,LONG,0.9758966565349636,0.0,M15_LATEST_CONFIRMED_OPPOSING_SWING_ELSE_CONTROL,,M5_BROKEN_CONTROL_FIRST_RETEST,,False,f247fccca776ff3c9a2719d3e74b7302e80bf443ba1efa3fca35d75822b362d1,,,2024_11,0.0,-1.0,STOP,2024-11-15T03:44:00Z,NO_FILL,5d6f00f03aa80989061e4b5ae8666fd9cd593dac36fc5201b8ed5e5a4d507aea,,RETEST_EXPIRED,2024-11-15T03:20:00Z,,2567.64,False,False,INITIAL_CONFIRMATION_STOP,fa36776f812c5fa1077dc42d3d6bf906d6df4f01a610b9a6f7b6015ccc0964da,a502579693bf400e605997a665a158b2c1b09f6ab3817f14b7a31ece8100583c,2564.0732857142857,2.534285714285813,0.12671428571429064,,M15_LATEST_CONFIRMED_OPPOSING_SWING_ELSE_CONTROL,True,3c9a8da56cd967268448fa5f39efdb45a4f96a2a19301b2069526389d6499064,2024-11-15T01:30:00Z,2564.2,2576.92,97ae3263a1b93f266de8ac9eb6e89185db49e3db0bddce10ac0e8b520f8bd64f
0484f2d62293e8593d7a9cc559dd24ba44d8898109eee6ee27a80a13c53eebcd,2567.64,2024-11-15T03:05:00Z,d4dfccbec464b91410924fe5154c25e43d68b58097155176f1e186f4951ef4b5,2024-11-15T03:05:00Z,2568.66,2563.96,2024-12-01T00:00:00Z,2024-11-15T03:00:00Z,1.0,LONG,1.0,0.0,CONTROL_V2_FILLED_STOP,,M5_BROKEN_CONTROL_FIRST_RETEST,,False,16b14af66bce60b86d5487b14fb860f13f10e8dd9b7b692b8c424453e0e1b722,,,2024_11,0.0,-1.0,STOP,2024-11-15T03:44:00Z,NO_FILL,495751c73f9ba890e41c967c44ab8138b0ca9a95fbf62f1c64632a1db10e29f0,,RETEST_EXPIRED,2024-11-15T03:20:00Z,,2567.64,False,False,INITIAL_CONFIRMATION_STOP,cc1336781baf5b7d4c86990aa98f220fde6b2f1ef6e4521f9014e430c13487b0,a502579693bf400e605997a665a158b2c1b09f6ab3817f14b7a31ece8100583c,2563.96,9.197142857142873,0.4598571428571437,NOT_STRICTLY_CLOSER_THAN_CONTROL,H1_SOURCE_SWING_BUFFERED_ELSE_CONTROL,False,a502579693bf400e605997a665a158b2c1b09f6ab3817f14b7a31ece8100583c,2024-11-15T03:00:00Z,2563.96,2576.92,97ae3263a1b93f266de8ac9eb6e89185db49e3db0bddce10ac0e8b520f8bd64f
0484f2d62293e8593d7a9cc559dd24ba44d8898109eee6ee27a80a13c53eebcd,2567.64,2024-11-15T03:05:00Z,d4dfccbec464b91410924fe5154c25e43d68b58097155176f1e186f4951ef4b5,2024-11-15T03:05:00Z,2568.66,2563.96,2024-12-01T00:00:00Z,2024-11-15T03:00:00Z,0.75,LONG,1.0,-12.5,CONTROL_V2_FILLED_STOP,2024-11-15T03:05:00Z,CONFIRMED_25_75_RETEST_SPLIT,2568.66,True,e56fc7a4a47413ce0a55d4931b0e028e3f03b4ee90d10bd7b606469efcbd6438,0.25425531914893246,0.16010638297874122,2024_11,-0.25,-1.0,STOP,2024-11-15T03:44:00Z,SPLIT_CONTROL_STOP_NO_RETEST,7ff95b44ed12a000abbef5b5145047c525fc6a6362ec72b39afb12c61bd007b6,2024-11-15T03:44:00Z,RETEST_EXPIRED,2024-11-15T03:20:00Z,,2567.64,False,False,INITIAL_CONFIRMATION_STOP,2c73006e8b055cf87b3fe3b72a39e182b0134b4c736f7bacca1b4b0a75a21573,a502579693bf400e605997a665a158b2c1b09f6ab3817f14b7a31ece8100583c,2563.96,,,,CONTROL_V2_FILLED_STOP,False,,2024-11-15T03:05:00Z,2563.96,2576.92,97ae3263a1b93f266de8ac9eb6e89185db49e3db0bddce10ac0e8b520f8bd64f
0484f2d62293e8593d7a9cc559dd24ba44d8898109eee6ee27a80a13c53eebcd,2567.64,2024-11-15T03:05:00Z,d4dfccbec464b91410924fe5154c25e43d68b58097155176f1e186f4951ef4b5,2024-11-15T03:05:00Z,2568.66,2563.96,2024-12-01T00:00:00Z,2024-11-15T03:00:00Z,0.75,LONG,0.590896656534982,-12.5,M5_LATEST_CONFIRMED_OPPOSING_SWING_ELSE_CONTROL,2024-11-15T03:05:00Z,CONFIRMED_25_75_RETEST_SPLIT,2568.66,True,f066348dfacffe888145c75a1a90671a08e5cd9125aaed4a2baac1ca4c12cc99,0.34927085208710373,0.27095496515009077,2024_11,-0.25,-1.0,STOP,2024-11-15T03:44:00Z,SPLIT_CONTROL_STOP_NO_RETEST,eae1996854fc708fe76fd475a621497a2503714438500b4158cb2efa90d7003d,2024-11-15T03:43:00Z,RETEST_EXPIRED,2024-11-15T03:20:00Z,,2567.64,False,False,INITIAL_CONFIRMATION_STOP,73fb4eb114c1d3714be21976ae5c1fb6c6090d8bf094c0c1ed15a4a2fa9f9502,a502579693bf400e605997a665a158b2c1b09f6ab3817f14b7a31ece8100583c,2565.8827857142855,0.94428571428583,0.0472142857142915,,M5_LATEST_CONFIRMED_OPPOSING_SWING_ELSE_CONTROL,True,daa0dec642840801ed3f3889115a7a9e0479201a27476f2f6342070feba70ff0,2024-11-15T02:55:00Z,2565.93,2576.92,97ae3263a1b93f266de8ac9eb6e89185db49e3db0bddce10ac0e8b520f8bd64f
0484f2d62293e8593d7a9cc559dd24ba44d8898109eee6ee27a80a13c53eebcd,2567.64,2024-11-15T03:05:00Z,d4dfccbec464b91410924fe5154c25e43d68b58097155176f1e186f4951ef4b5,2024-11-15T03:05:00Z,2568.66,2563.96,2024-12-01T00:00:00Z,2024-11-15T03:00:00Z,0.75,LONG,0.9758966565349636,-12.5,M15_LATEST_CONFIRMED_OPPOSING_SWING_ELSE_CONTROL,2024-11-15T03:05:00Z,CONFIRMED_25_75_RETEST_SPLIT,2568.66,True,f247fccca776ff3c9a2719d3e74b7302e80bf443ba1efa3fca35d75822b362d1,0.26053508580682716,0.16406079671101428,2024_11,-0.25,-1.0,STOP,2024-11-15T03:44:00Z,SPLIT_CONTROL_STOP_NO_RETEST,cfe46745662fccb723c47903d7e0a45fe8c24f1f4a09bfd45a2ee025711c5ad7,2024-11-15T03:44:00Z,RETEST_EXPIRED,2024-11-15T03:20:00Z,,2567.64,False,False,INITIAL_CONFIRMATION_STOP,b4b183b5db76d5e5d02ae501b29638c5ebc89626e2350643735835b4d840cf23,a502579693bf400e605997a665a158b2c1b09f6ab3817f14b7a31ece8100583c,2564.0732857142857,2.534285714285813,0.12671428571429064,,M15_LATEST_CONFIRMED_OPPOSING_SWING_ELSE_CONTROL,True,3c9a8da56cd967268448fa5f39efdb45a4f96a2a19301b2069526389d6499064,2024-11-15T01:30:00Z,2564.2,2576.92,97ae3263a1b93f266de8ac9eb6e89185db49e3db0bddce10ac0e8b520f8bd64f
0484f2d62293e8593d7a9cc559dd24ba44d8898109eee6ee27a80a13c53eebcd,2567.64,2024-11-15T03:05:00Z,d4dfccbec464b91410924fe5154c25e43d68b58097155176f1e186f4951ef4b5,2024-11-15T03:05:00Z,2568.66,2563.96,2024-12-01T00:00:00Z,2024-11-15T03:00:00Z,0.75,LONG,1.0,-12.5,CONTROL_V2_FILLED_STOP,2024-11-15T03:05:00Z,CONFIRMED_25_75_RETEST_SPLIT,2568.66,True,16b14af66bce60b86d5487b14fb860f13f10e8dd9b7b692b8c424453e0e1b722,0.25425531914893246,0.16010638297874122,2024_11,-0.25,-1.0,STOP,2024-11-15T03:44:00Z,SPLIT_CONTROL_STOP_NO_RETEST,c0b9c5a50f5ca118f0217c11a98856a2035321b5ff7f1b0a9e02feaa4f2c51fb,2024-11-15T03:44:00Z,RETEST_EXPIRED,2024-11-15T03:20:00Z,,2567.64,False,False,INITIAL_CONFIRMATION_STOP,cf72fcd3d6bb6860e23ea80aa09c7df460aef1dc48e700c8cd508fab17d2cc0d,a502579693bf400e605997a665a158b2c1b09f6ab3817f14b7a31ece8100583c,2563.96,9.197142857142873,0.4598571428571437,NOT_STRICTLY_CLOSER_THAN_CONTROL,H1_SOURCE_SWING_BUFFERED_ELSE_CONTROL,False,a502579693bf400e605997a665a158b2c1b09f6ab3817f14b7a31ece8100583c,2024-11-15T03:00:00Z,2563.96,2576.92,97ae3263a1b93f266de8ac9eb6e89185db49e3db0bddce10ac0e8b520f8bd64f
1124d86f26a379552c49cb7529d228588b8a39dd9f58cb65c5b1550725bbf470,2564.78,2024-11-15T03:45:00Z,3a43bef6fd62da1e42b8d8f8445624c744a98065bd897daa47c95cabc0f90bbc,2024-11-15T03:45:00Z,2564.75,2576.92,2024-12-01T00:00:00Z,2024-11-15T02:00:00Z,0.0,SHORT,1.0,-50.0,CONTROL_V2_FILLED_STOP,2024-11-15T03:45:00Z,CONTROL_NEXT_M1_OPEN,2564.75,True,08d3ef3bb8f47b1e05ac4a298bb40c1ff36c621aae295e7b641aaa139f0c310e,1.019720624486424,0.8422350041084584,2024_11,-1.0,-1.0,STOP,2024-11-18T02:53:00Z,STOP,ef2c1200d14e8ba7bb23c5a4d119ab784660174985b45a049ba9a99473d64c4d,2024-11-18T02:53:00Z,FIRST_RETEST_FILLED,2024-11-15T04:00:00Z,2024-11-15T03:45:00Z,2564.78,True,False,INITIAL_CONFIRMATION_STOP,798ef739ca0c7d4b5912ac3ce500a54c21a8a27284741b8e030727412d5bd22b,6996fcbe419a1b9d1504b9e3e0359473e09ce116b9507ce7dfc0537fdb78fd22,2576.92,,,,CONTROL_V2_FILLED_STOP,False,,2024-11-15T03:45:00Z,2576.92,2536.85,8c5c11ba21090833c693a4d81e024f671729d2d657df7d8e4276c6b645c23a76
1124d86f26a379552c49cb7529d228588b8a39dd9f58cb65c5b1550725bbf470,2564.78,2024-11-15T03:45:00Z,3a43bef6fd62da1e42b8d8f8445624c744a98065bd897daa47c95cabc0f90bbc,2024-11-15T03:45:00Z,2564.75,2576.92,2024-12-01T00:00:00Z,2024-11-15T02:00:00Z,0.0,SHORT,0.5757659349689066,-50.0,M5_LATEST_CONFIRMED_OPPOSING_SWING_ELSE_CONTROL,2024-11-15T03:45:00Z,CONTROL_NEXT_M1_OPEN,2564.75,True,7df7cd0afb2f50317084d539287fc4ddbdccdd6946852aa4ac0e1c1bf245be2b,1.1388495295568453,1.4628079796939395,2024_11,-1.0,-1.0,STOP,2024-11-18T02:53:00Z,STOP,f94fe3c01059f97e02a131f1c45ccc6275d9d81018d796f42fb66925bfa4d154,2024-11-15T13:37:00Z,FIRST_RETEST_FILLED,2024-11-15T04:00:00Z,2024-11-15T03:45:00Z,2564.78,True,False,INITIAL_CONFIRMATION_STOP,da209da4a6d645d0a6a996ebddb8cb452371a2a819f33dfa24e1a814059bfe0e,6996fcbe419a1b9d1504b9e3e0359473e09ce116b9507ce7dfc0537fdb78fd22,2571.7570714285716,1.7414285714286442,0.08707142857143221,,M5_LATEST_CONFIRMED_OPPOSING_SWING_ELSE_CONTROL,True,74ba39522c9eca0a3b750f27ae24b3477baab7b8523468087e72f70e350cfbcc,2024-11-15T03:20:00Z,2571.67,2536.85,8c5c11ba21090833c693a4d81e024f671729d2d657df7d8e4276c6b645c23a76
1124d86f26a379552c49cb7529d228588b8a39dd9f58cb65c5b1550725bbf470,2564.78,2024-11-15T03:45:00Z,3a43bef6fd62da1e42b8d8f8445624c744a98065bd897daa47c95cabc0f90bbc,2024-11-15T03:45:00Z,2564.75,2576.92,2024-12-01T00:00:00Z,2024-11-15T02:00:00Z,0.0,SHORT,0.5779228782721022,-50.0,M15_LATEST_CONFIRMED_OPPOSING_SWING_ELSE_CONTROL,2024-11-15T03:45:00Z,CONTROL_NEXT_M1_OPEN,2564.75,True,1e841620af79da56378f070963acf7aad2453c7ff5e26589aa50b257d6056c6c,1.1345990768433802,1.457348438301331,2024_11,-1.0,-1.0,STOP,2024-11-18T02:53:00Z,STOP,177e69420aa0b3884dbe4608c72baf3d5cb76b3ba431cb7aad5f36b1d3708033,2024-11-15T13:37:00Z,FIRST_RETEST_FILLED,2024-11-15T04:00:00Z,2024-11-15T03:45:00Z,2564.78,True,False,INITIAL_CONFIRMATION_STOP,a48bec1b4f643ba50f343f3ef42595958df553229e4796606f99419569445b8b,6996fcbe419a1b9d1504b9e3e0359473e09ce116b9507ce7dfc0537fdb78fd22,2571.7833214285715,2.2664285714286376,0.11332142857143189,,M15_LATEST_CONFIRMED_OPPOSING_SWING_ELSE_CONTROL,True,0051105afedfc53d7aa1e33f5435ba2b9bfe245c454793186ebdee3b49512588,2024-11-15T03:45:00Z,2571.67,2536.85,8c5c11ba21090833c693a4d81e024f671729d2d657df7d8e4276c6b645c23a76
1124d86f26a379552c49cb7529d228588b8a39dd9f58cb65c5b1550725bbf470,2564.78,2024-11-15T03:45:00Z,3a43bef6fd62da1e42b8d8f8445624c744a98065bd897daa47c95cabc0f90bbc,2024-11-15T03:45:00Z,2564.75,2576.92,2024-12-01T00:00:00Z,2024-11-15T02:00:00Z,0.0,SHORT,1.0,-50.0,CONTROL_V2_FILLED_STOP,2024-11-15T03:45:00Z,CONTROL_NEXT_M1_OPEN,2564.75,True,6b6bdc45666cf6b225ca9a8f9a9f1ea8685aa538a45d428bfcfed581cf050bf8,1.019720624486424,0.8422350041084584,2024_11,-1.0,-1.0,STOP,2024-11-18T02:53:00Z,STOP,42e1bd17208052cbe85a826c072100852eb02d798391ae7d919069d6535e0c17,2024-11-18T02:53:00Z,FIRST_RETEST_FILLED,2024-11-15T04:00:00Z,2024-11-15T03:45:00Z,2564.78,True,False,INITIAL_CONFIRMATION_STOP,4ba706911fb24c22a77ada138d377ecd9936b48702bfa677e3e5fe811de4a133,6996fcbe419a1b9d1504b9e3e0359473e09ce116b9507ce7dfc0537fdb78fd22,2576.92,9.197142857142873,0.4598571428571437,NOT_STRICTLY_CLOSER_THAN_CONTROL,H1_SOURCE_SWING_BUFFERED_ELSE_CONTROL,False,6996fcbe419a1b9d1504b9e3e0359473e09ce116b9507ce7dfc0537fdb78fd22,2024-11-15T02:00:00Z,2576.92,2536.85,8c5c11ba21090833c693a4d81e024f671729d2d657df7d8e4276c6b645c23a76
1124d86f26a379552c49cb7529d228588b8a39dd9f58cb65c5b1550725bbf470,2564.78,2024-11-15T03:45:00Z,3a43bef6fd62da1e42b8d8f8445624c744a98065bd897daa47c95cabc0f90bbc,2024-11-15T03:45:00Z,2564.75,2576.92,2024-12-01T00:00:00Z,2024-11-15T02:00:00Z,0.0,SHORT,1.0,-50.0,CONTROL_V2_FILLED_STOP,2024-11-15T03:45:00Z,M5_BROKEN_CONTROL_FIRST_RETEST,2564.78,True,08d3ef3bb8f47b1e05ac4a298bb40c1ff36c621aae295e7b641aaa139f0c310e,1.0197693574958635,0.8467874794069447,2024_11,-1.0,-1.0,STOP,2024-11-18T02:53:00Z,STOP,1924daec74296243e5e0e6bccb407f3b41609e4b5cd351aac7ce4df68f06f3f3,2024-11-18T02:53:00Z,FIRST_RETEST_FILLED,2024-11-15T04:00:00Z,2024-11-15T03:45:00Z,2564.78,True,True,INITIAL_CONFIRMATION_STOP,69325973d87b92bd12c6bade26dafbb09861ebb6693f4e938529aee888acab4a,6996fcbe419a1b9d1504b9e3e0359473e09ce116b9507ce7dfc0537fdb78fd22,2576.92,,,,CONTROL_V2_FILLED_STOP,False,,2024-11-15T03:45:00Z,2576.92,2536.85,8c5c11ba21090833c693a4d81e024f671729d2d657df7d8e4276c6b645c23a76
1124d86f26a379552c49cb7529d228588b8a39dd9f58cb65c5b1550725bbf470,2564.78,2024-11-15T03:45:00Z,3a43bef6fd62da1e42b8d8f8445624c744a98065bd897daa47c95cabc0f90bbc,2024-11-15T03:45:00Z,2564.75,2576.92,2024-12-01T00:00:00Z,2024-11-15T02:00:00Z,0.0,SHORT,0.5757659349689066,-50.0,M5_LATEST_CONFIRMED_OPPOSING_SWING_ELSE_CONTROL,2024-11-15T03:45:00Z,M5_BROKEN_CONTROL_FIRST_RETEST,2564.78,True,7df7cd0afb2f50317084d539287fc4ddbdccdd6946852aa4ac0e1c1bf245be2b,1.1394465545306294,1.4733975573050775,2024_11,-1.0,-1.0,STOP,2024-11-18T02:53:00Z,STOP,8eee21f05b5e5ca1dcafe714727aed34e99e7fe0183e89d80d482fc142915c1b,2024-11-15T13:37:00Z,FIRST_RETEST_FILLED,2024-11-15T04:00:00Z,2024-11-15T03:45:00Z,2564.78,True,True,INITIAL_CONFIRMATION_STOP,27a0e242b7f04aaa6b0e9be24269f54e4801014c97993b55f0c5cc9ab741ce08,6996fcbe419a1b9d1504b9e3e0359473e09ce116b9507ce7dfc0537fdb78fd22,2571.7570714285716,1.7414285714286442,0.08707142857143221,,M5_LATEST_CONFIRMED_OPPOSING_SWING_ELSE_CONTROL,True,74ba39522c9eca0a3b750f27ae24b3477baab7b8523468087e72f70e350cfbcc,2024-11-15T03:20:00Z,2571.67,2536.85,8c5c11ba21090833c693a4d81e024f671729d2d657df7d8e4276c6b645c23a76
1124d86f26a379552c49cb7529d228588b8a39dd9f58cb65c5b1550725bbf470,2564.78,2024-11-15T03:45:00Z,3a43bef6fd62da1e42b8d8f8445624c744a98065bd897daa47c95cabc0f90bbc,2024-11-15T03:45:00Z,2564.75,2576.92,2024-12-01T00:00:00Z,2024-11-15T02:00:00Z,0.0,SHORT,0.5779228782721022,-50.0,M15_LATEST_CONFIRMED_OPPOSING_SWING_ELSE_CONTROL,2024-11-15T03:45:00Z,M5_BROKEN_CONTROL_FIRST_RETEST,2564.78,True,1e841620af79da56378f070963acf7aad2453c7ff5e26589aa50b257d6056c6c,1.1351756564487165,1.467874936892239,2024_11,-1.0,-1.0,STOP,2024-11-18T02:53:00Z,STOP,217653c5fce9d61d4f78c6603bb07ff0d59c7f3314478850ad3c853753e14389,2024-11-15T13:37:00Z,FIRST_RETEST_FILLED,2024-11-15T04:00:00Z,2024-11-15T03:45:00Z,2564.78,True,True,INITIAL_CONFIRMATION_STOP,6c7706a5939b34dc9d667afc0fe07349ecc45e2adf356228412ed61fcc34f1c7,6996fcbe419a1b9d1504b9e3e0359473e09ce116b9507ce7dfc0537fdb78fd22,2571.7833214285715,2.2664285714286376,0.11332142857143189,,M15_LATEST_CONFIRMED_OPPOSING_SWING_ELSE_CONTROL,True,0051105afedfc53d7aa1e33f5435ba2b9bfe245c454793186ebdee3b49512588,2024-11-15T03:45:00Z,2571.67,2536.85,8c5c11ba21090833c693a4d81e024f671729d2d657df7d8e4276c6b645c23a76
1124d86f26a379552c49cb7529d228588b8a39dd9f58cb65c5b1550725bbf470,2564.78,2024-11-15T03:45:00Z,3a43bef6fd62da1e42b8d8f8445624c744a98065bd897daa47c95cabc0f90bbc,2024-11-15T03:45:00Z,2564.75,2576.92,2024-12-01T00:00:00Z,2024-11-15T02:00:00Z,0.0,SHORT,1.0,-50.0,CONTROL_V2_FILLED_STOP,2024-11-15T03:45:00Z,M5_BROKEN_CONTROL_FIRST_RETEST,2564.78,True,6b6bdc45666cf6b225ca9a8f9a9f1ea8685aa538a45d428bfcfed581cf050bf8,1.0197693574958635,0.8467874794069447,2024_11,-1.0,-1.0,STOP,2024-11-18T02:53:00Z,STOP,8f198dc03b58a9b981ed524f23c6d34f7bdbfe25e811f11c466d4f2251a4c13b,2024-11-18T02:53:00Z,FIRST_RETEST_FILLED,2024-11-15T04:00:00Z,2024-11-15T03:45:00Z,2564.78,True,True,INITIAL_CONFIRMATION_STOP,7cf59f7996fde456c9fed598fca0842882b2b5b8142ccc8d3c5f0f78c1040994,6996fcbe419a1b9d1504b9e3e0359473e09ce116b9507ce7dfc0537fdb78fd22,2576.92,9.197142857142873,0.4598571428571437,NOT_STRICTLY_CLOSER_THAN_CONTROL,H1_SOURCE_SWING_BUFFERED_ELSE_CONTROL,False,6996fcbe419a1b9d1504b9e3e0359473e09ce116b9507ce7dfc0537fdb78fd22,2024-11-15T02:00:00Z,2576.92,2536.85,8c5c11ba21090833c693a4d81e024f671729d2d657df7d8e4276c6b645c23a76
1124d86f26a379552c49cb7529d228588b8a39dd9f58cb65c5b1550725bbf470,2564.78,2024-11-15T03:45:00Z,3a43bef6fd62da1e42b8d8f8445624c744a98065bd897daa47c95cabc0f90bbc,2024-11-15T03:45:00Z,2564.75,2576.92,2024-12-01T00:00:00Z,2024-11-15T02:00:00Z,0.0,SHORT,1.0,-50.0,CONTROL_V2_FILLED_STOP,2024-11-15T03:45:00Z,CONFIRMED_25_75_RETEST_SPLIT,2564.75,True,08d3ef3bb8f47b1e05ac4a298bb40c1ff36c621aae295e7b641aaa139f0c310e,1.0197571742435037,0.8456493605823231,2024_11,-1.0,-1.0,STOP,2024-11-18T02:53:00Z,SPLIT_STOP_STOP,cdbafdc913da905af30ca97533710ff6e0f56fdd43c2a46fdc3093c1b18de24e,2024-11-18T02:53:00Z,FIRST_RETEST_FILLED,2024-11-15T04:00:00Z,2024-11-15T03:45:00Z,2564.78,True,True,INITIAL_CONFIRMATION_STOP,1800806974846920100f15844def337e88e9c4dd842c841b0f0979133d47947f,6996fcbe419a1b9d1504b9e3e0359473e09ce116b9507ce7dfc0537fdb78fd22,2576.92,,,,CONTROL_V2_FILLED_STOP,False,,2024-11-15T03:45:00Z,2576.92,2536.85,8c5c11ba21090833c693a4d81e024f671729d2d657df7d8e4276c6b645c23a76
1124d86f26a379552c49cb7529d228588b8a39dd9f58cb65c5b1550725bbf470,2564.78,2024-11-15T03:45:00Z,3a43bef6fd62da1e42b8d8f8445624c744a98065bd897daa47c95cabc0f90bbc,2024-11-15T03:45:00Z,2564.75,2576.92,2024-12-01T00:00:00Z,2024-11-15T02:00:00Z,0.0,SHORT,0.5757659349689066,-50.0,M5_LATEST_CONFIRMED_OPPOSING_SWING_ELSE_CONTROL,2024-11-15T03:45:00Z,CONFIRMED_25_75_RETEST_SPLIT,2564.75,True,7df7cd0afb2f50317084d539287fc4ddbdccdd6946852aa4ac0e1c1bf245be2b,1.1392972982871834,1.4707501629022932,2024_11,-1.0,-1.0,STOP,2024-11-18T02:53:00Z,SPLIT_STOP_STOP,4e8ca20be4070a15b469b3bd800315e66359fd31df1f92a76a8d97256e67eccb,2024-11-15T13:37:00Z,FIRST_RETEST_FILLED,2024-11-15T04:00:00Z,2024-11-15T03:45:00Z,2564.78,True,True,INITIAL_CONFIRMATION_STOP,c84e495c85bdd7073c5b101c7819bf74a20bb8304ce4761b1fc5f28ee951d464,6996fcbe419a1b9d1504b9e3e0359473e09ce116b9507ce7dfc0537fdb78fd22,2571.7570714285716,1.7414285714286442,0.08707142857143221,,M5_LATEST_CONFIRMED_OPPOSING_SWING_ELSE_CONTROL,True,74ba39522c9eca0a3b750f27ae24b3477baab7b8523468087e72f70e350cfbcc,2024-11-15T03:20:00Z,2571.67,2536.85,8c5c11ba21090833c693a4d81e024f671729d2d657df7d8e4276c6b645c23a76
1124d86f26a379552c49cb7529d228588b8a39dd9f58cb65c5b1550725bbf470,2564.78,2024-11-15T03:45:00Z,3a43bef6fd62da1e42b8d8f8445624c744a98065bd897daa47c95cabc0f90bbc,2024-11-15T03:45:00Z,2564.75,2576.92,2024-12-01T00:00:00Z,2024-11-15T02:00:00Z,0.0,SHORT,0.5779228782721022,-50.0,M15_LATEST_CONFIRMED_OPPOSING_SWING_ELSE_CONTROL,2024-11-15T03:45:00Z,CONFIRMED_25_75_RETEST_SPLIT,2564.75,True,1e841620af79da56378f070963acf7aad2453c7ff5e26589aa50b257d6056c6c,1.1350315115473824,1.465243312244512,2024_11,-1.0,-1.0,STOP,2024-11-18T02:53:00Z,SPLIT_STOP_STOP,bdb1d7ff3a9597cff393bfc22f7ce1069cc1632b30df323a093415cce6534170,2024-11-15T13:37:00Z,FIRST_RETEST_FILLED,2024-11-15T04:00:00Z,2024-11-15T03:45:00Z,2564.78,True,True,INITIAL_CONFIRMATION_STOP,0e68a5da771df85f9a58c4ff5b2cee684e05cca5a89ade00523fbb55cc8b9126,6996fcbe419a1b9d1504b9e3e0359473e09ce116b9507ce7dfc0537fdb78fd22,2571.7833214285715,2.2664285714286376,0.11332142857143189,,M15_LATEST_CONFIRMED_OPPOSING_SWING_ELSE_CONTROL,True,0051105afedfc53d7aa1e33f5435ba2b9bfe245c454793186ebdee3b49512588,2024-11-15T03:45:00Z,2571.67,2536.85,8c5c11ba21090833c693a4d81e024f671729d2d657df7d8e4276c6b645c23a76
1124d86f26a379552c49cb7529d228588b8a39dd9f58cb65c5b1550725bbf470,2564.78,2024-11-15T03:45:00Z,3a43bef6fd62da1e42b8d8f8445624c744a98065bd897daa47c95cabc0f90bbc,2024-11-15T03:45:00Z,2564.75,2576.92,2024-12-01T00:00:00Z,2024-11-15T02:00:00Z,0.0,SHORT,1.0,-50.0,CONTROL_V2_FILLED_STOP,2024-11-15T03:45:00Z,CONFIRMED_25_75_RETEST_SPLIT,2564.75,True,6b6bdc45666cf6b225ca9a8f9a9f1ea8685aa538a45d428bfcfed581cf050bf8,1.0197571742435037,0.8456493605823231,2024_11,-1.0,-1.0,STOP,2024-11-18T02:53:00Z,SPLIT_STOP_STOP,87c61375dfffd8b258540d0b0ff1fd12cf82acd8951934482b5bd1b5c21bb968,2024-11-18T02:53:00Z,FIRST_RETEST_FILLED,2024-11-15T04:00:00Z,2024-11-15T03:45:00Z,2564.78,True,True,INITIAL_CONFIRMATION_STOP,093b3322583743275e88f128843b914a69f7932bbe5b4f55821d4c3a0dfa4523,6996fcbe419a1b9d1504b9e3e0359473e09ce116b9507ce7dfc0537fdb78fd22,2576.92,9.197142857142873,0.4598571428571437,NOT_STRICTLY_CLOSER_THAN_CONTROL,H1_SOURCE_SWING_BUFFERED_ELSE_CONTROL,False,6996fcbe419a1b9d1504b9e3e0359473e09ce116b9507ce7dfc0537fdb78fd22,2024-11-15T02:00:00Z,2576.92,2536.85,8c5c11ba21090833c693a4d81e024f671729d2d657df7d8e4276c6b645c23a76
71a65f09caa11ce9aaa2027318722c92cbfdf01e42d69ddc2dadb4daa71d8e84,2567.91,2024-11-15T06:05:00Z,fb016c023cae97782cc79cf525c581fa29c9522d0aa1fdf4e43bfc77be52cbf0,2024-11-15T06:05:00Z,2567.84,2571.67,2024-12-01T00:00:00Z,2024-11-15T06:00:00Z,0.0,SHORT,1.0,50.652741514362695,CONTROL_V2_FILLED_STOP,2024-11-15T06:05:00Z,CONTROL_NEXT_M1_OPEN,2567.84,True,7661d1c838f476194b7e95998c3882f98129ff6744d81a5beabfa30fe72a386f,0.44386422976497397,1.1018276762402963,2024_11,1.013054830287254,1.013054830287254,TARGET,2024-11-15T07:48:00Z,TARGET,fa6027d8c6ab46cefdbef89bedb72b29540e022c453cddf8edc28b3713a0f165,2024-11-15T07:48:00Z,FIRST_RETEST_FILLED,2024-11-15T06:20:00Z,2024-11-15T06:05:00Z,2567.91,True,False,INITIAL_CONFIRMATION_TARGET,b5a7e998ad7250ba9863123f37d8fbbd89ba257879807100fb31de43e28cf61a,a8f5dc3cf1811f13e31e6ddf9df90ec0ebe9f9965398c3e89994cebb21fa1246,2571.67,,,,CONTROL_V2_FILLED_STOP,False,,2024-11-15T06:05:00Z,2571.67,2563.96,45af7fc5670d4f9f99e3d5e6de043ddc22f3c123946d780fd717c11d463229ad
71a65f09caa11ce9aaa2027318722c92cbfdf01e42d69ddc2dadb4daa71d8e84,2567.91,2024-11-15T06:05:00Z,fb016c023cae97782cc79cf525c581fa29c9522d0aa1fdf4e43bfc77be52cbf0,2024-11-15T06:05:00Z,2567.84,2571.67,2024-12-01T00:00:00Z,2024-11-15T06:00:00Z,0.7215771352248044,SHORT,0.5840171577768677,86.73159827560292,M5_LATEST_CONFIRMED_OPPOSING_SWING_ELSE_CONTROL,2024-11-15T06:05:00Z,CONTROL_NEXT_M1_OPEN,2567.84,True,8365e2dc6409f840a259a130046e4d1462dd2846e8faf6fbf3148f1d694d8a59,0.7600191601469333,1.8866357975415264,2024_11,1.7346319655120583,1.013054830287254,TARGET,2024-11-15T07:48:00Z,TARGET,3ae7ef88b9aae962f55c1d32a9b6df5cb6e31c518948ef187d06c83b89e347f7,2024-11-15T07:48:00Z,FIRST_RETEST_FILLED,2024-11-15T06:20:00Z,2024-11-15T06:05:00Z,2567.91,True,False,INITIAL_CONFIRMATION_TARGET,96c6076559bda8d862eeb3fb8794b4f4f8a1220a0be96c68aff6838f85d4f362,a8f5dc3cf1811f13e31e6ddf9df90ec0ebe9f9965398c3e89994cebb21fa1246,2570.0767857142855,1.1357142857142921,0.056785714285714606,,M5_LATEST_CONFIRMED_OPPOSING_SWING_ELSE_CONTROL,True,be027ffc39a26bbe969dc3bc09fc531bb4c82626f3817c84861174ce2d84efee,2024-11-15T06:05:00Z,2570.02,2563.96,45af7fc5670d4f9f99e3d5e6de043ddc22f3c123946d780fd717c11d463229ad
71a65f09caa11ce9aaa2027318722c92cbfdf01e42d69ddc2dadb4daa71d8e84,2567.91,2024-11-15T06:05:00Z,fb016c023cae97782cc79cf525c581fa29c9522d0aa1fdf4e43bfc77be52cbf0,2024-11-15T06:05:00Z,2567.84,2571.67,2024-12-01T00:00:00Z,2024-11-15T06:00:00Z,0.1077193126775795,SHORT,0.9038884744497899,56.03870714824167,M15_LATEST_CONFIRMED_OPPOSING_SWING_ELSE_CONTROL,2024-11-15T06:05:00Z,CONTROL_NEXT_M1_OPEN,2567.84,True,a076e1bfbe7d779cbf9240ebd18f2bf1f9f1f86cb86a2977ecf7562757ec9c0e,0.49106083583504107,1.2189863101318943,2024_11,1.1207741429648335,1.013054830287254,TARGET,2024-11-15T07:48:00Z,TARGET,53e7a3c89f79cd9256afe5b0456e708700eeb8b455702330879db2692e065aca,2024-11-15T07:48:00Z,FIRST_RETEST_FILLED,2024-11-15T06:20:00Z,2024-11-15T06:05:00Z,2567.91,True,False,INITIAL_CONFIRMATION_TARGET,c47bb80483fdb0df9bc555ca8243a04c7d3071ee07a8f2fc0abf932f1eb0388c,a8f5dc3cf1811f13e31e6ddf9df90ec0ebe9f9965398c3e89994cebb21fa1246,2571.301892857143,2.837857142857177,0.14189285714285885,,M15_LATEST_CONFIRMED_OPPOSING_SWING_ELSE_CONTROL,True,6580ce2ccdc23146b69c37c56341c9790897f7562dd1bbed67af59ca5840703f,2024-11-15T05:45:00Z,2571.16,2563.96,45af7fc5670d4f9f99e3d5e6de043ddc22f3c123946d780fd717c11d463229ad
71a65f09caa11ce9aaa2027318722c92cbfdf01e42d69ddc2dadb4daa71d8e84,2567.91,2024-11-15T06:05:00Z,fb016c023cae97782cc79cf525c581fa29c9522d0aa1fdf4e43bfc77be52cbf0,2024-11-15T06:05:00Z,2567.84,2571.67,2024-12-01T00:00:00Z,2024-11-15T06:00:00Z,0.0,SHORT,1.0,50.652741514362695,CONTROL_V2_FILLED_STOP,2024-11-15T06:05:00Z,CONTROL_NEXT_M1_OPEN,2567.84,True,53693a171cbc9c2995c52ecde84075264c4c8ba9697222c6d3d4fb7099d4c11f,0.44386422976497397,1.1018276762402963,2024_11,1.013054830287254,1.013054830287254,TARGET,2024-11-15T07:48:00Z,TARGET,2caf689e980030a0fe13c3b27d7a409f1ab8eb19545ce9481bd8b6805c4132f1,2024-11-15T07:48:00Z,FIRST_RETEST_FILLED,2024-11-15T06:20:00Z,2024-11-15T06:05:00Z,2567.91,True,False,INITIAL_CONFIRMATION_TARGET,d4d2780543c7050198d7dcdccc6661cdda18e9d899b00274830f29c4cae93737,a8f5dc3cf1811f13e31e6ddf9df90ec0ebe9f9965398c3e89994cebb21fa1246,2571.67,7.61000000000003,0.3805000000000015,NOT_STRICTLY_CLOSER_THAN_CONTROL,H1_SOURCE_SWING_BUFFERED_ELSE_CONTROL,False,a8f5dc3cf1811f13e31e6ddf9df90ec0ebe9f9965398c3e89994cebb21fa1246,2024-11-15T06:00:00Z,2571.67,2563.96,45af7fc5670d4f9f99e3d5e6de043ddc22f3c123946d780fd717c11d463229ad
71a65f09caa11ce9aaa2027318722c92cbfdf01e42d69ddc2dadb4daa71d8e84,2567.91,2024-11-15T06:05:00Z,fb016c023cae97782cc79cf525c581fa29c9522d0aa1fdf4e43bfc77be52cbf0,2024-11-15T06:05:00Z,2567.84,2571.67,2024-12-01T00:00:00Z,2024-11-15T06:00:00Z,0.03747708460625376,SHORT,1.0,52.52659574467538,CONTROL_V2_FILLED_STOP,2024-11-15T06:05:00Z,M5_BROKEN_CONTROL_FIRST_RETEST,2567.91,True,7661d1c838f476194b7e95998c3882f98129ff6744d81a5beabfa30fe72a386f,0.4335106382978762,1.1409574468084347,2024_11,1.0505319148935077,1.013054830287254,TARGET,2024-11-15T07:48:00Z,TARGET,20f839dd7ac894a987a869dda97235404311df065de5d4975d55a9a0cfde1c11,2024-11-15T07:48:00Z,FIRST_RETEST_FILLED,2024-11-15T06:20:00Z,2024-11-15T06:05:00Z,2567.91,True,True,INITIAL_CONFIRMATION_TARGET,5b47df93c8b710e6d39ac7cacf764c9bf948f8032f4b5e8d2756b40c400b8930,a8f5dc3cf1811f13e31e6ddf9df90ec0ebe9f9965398c3e89994cebb21fa1246,2571.67,,,,CONTROL_V2_FILLED_STOP,False,,2024-11-15T06:05:00Z,2571.67,2563.96,45af7fc5670d4f9f99e3d5e6de043ddc22f3c123946d780fd717c11d463229ad
71a65f09caa11ce9aaa2027318722c92cbfdf01e42d69ddc2dadb4daa71d8e84,2567.91,2024-11-15T06:05:00Z,fb016c023cae97782cc79cf525c581fa29c9522d0aa1fdf4e43bfc77be52cbf0,2024-11-15T06:05:00Z,2567.84,2571.67,2024-12-01T00:00:00Z,2024-11-15T06:00:00Z,0.8099219292314224,SHORT,0.5840171577768677,91.14883797593382,M5_LATEST_CONFIRMED_OPPOSING_SWING_ELSE_CONTROL,2024-11-15T06:05:00Z,M5_BROKEN_CONTROL_FIRST_RETEST,2567.91,True,8365e2dc6409f840a259a130046e4d1462dd2846e8faf6fbf3148f1d694d8a59,0.7522663589913362,1.9798912147684595,2024_11,1.8229767595186763,1.013054830287254,TARGET,2024-11-15T07:48:00Z,TARGET,deb92f562a35817b1309cce18e2f506bba081b2aaaaf7001d9ab033582e3aad1,2024-11-15T07:48:00Z,FIRST_RETEST_FILLED,2024-11-15T06:20:00Z,2024-11-15T06:05:00Z,2567.91,True,True,INITIAL_CONFIRMATION_TARGET,ef9a2f6e585fab9393ede40cf061b2582183ddd1006c04221450d5979bb293ef,a8f5dc3cf1811f13e31e6ddf9df90ec0ebe9f9965398c3e89994cebb21fa1246,2570.0767857142855,1.1357142857142921,0.056785714285714606,,M5_LATEST_CONFIRMED_OPPOSING_SWING_ELSE_CONTROL,True,be027ffc39a26bbe969dc3bc09fc531bb4c82626f3817c84861174ce2d84efee,2024-11-15T06:05:00Z,2570.02,2563.96,45af7fc5670d4f9f99e3d5e6de043ddc22f3c123946d780fd717c11d463229ad
71a65f09caa11ce9aaa2027318722c92cbfdf01e42d69ddc2dadb4daa71d8e84,2567.91,2024-11-15T06:05:00Z,fb016c023cae97782cc79cf525c581fa29c9522d0aa1fdf4e43bfc77be52cbf0,2024-11-15T06:05:00Z,2567.84,2571.67,2024-12-01T00:00:00Z,2024-11-15T06:00:00Z,0.1514866709814522,SHORT,0.9038884744497899,58.22707506343531,M15_LATEST_CONFIRMED_OPPOSING_SWING_ELSE_CONTROL,2024-11-15T06:05:00Z,M5_BROKEN_CONTROL_FIRST_RETEST,2567.91,True,a076e1bfbe7d779cbf9240ebd18f2bf1f9f1f86cb86a2977ecf7562757ec9c0e,0.480557632169166,1.2647805165678323,2024_11,1.1645415012687061,1.013054830287254,TARGET,2024-11-15T07:48:00Z,TARGET,576bb4022cc396640f39ee1aa67a016d20604d554eb2c36a100658fff12cf333,2024-11-15T07:48:00Z,FIRST_RETEST_FILLED,2024-11-15T06:20:00Z,2024-11-15T06:05:00Z,2567.91,True,True,INITIAL_CONFIRMATION_TARGET,d6f51d6bcb406f7cb2dd4c71335a513d7a012d91fcd0c938bb76d3bccdbbead2,a8f5dc3cf1811f13e31e6ddf9df90ec0ebe9f9965398c3e89994cebb21fa1246,2571.301892857143,2.837857142857177,0.14189285714285885,,M15_LATEST_CONFIRMED_OPPOSING_SWING_ELSE_CONTROL,True,6580ce2ccdc23146b69c37c56341c9790897f7562dd1bbed67af59ca5840703f,2024-11-15T05:45:00Z,2571.16,2563.96,45af7fc5670d4f9f99e3d5e6de043ddc22f3c123946d780fd717c11d463229ad
71a65f09caa11ce9aaa2027318722c92cbfdf01e42d69ddc2dadb4daa71d8e84,2567.91,2024-11-15T06:05:00Z,fb016c023cae97782cc79cf525c581fa29c9522d0aa1fdf4e43bfc77be52cbf0,2024-11-15T06:05:00Z,2567.84,2571.67,2024-12-01T00:00:00Z,2024-11-15T06:00:00Z,0.03747708460625376,SHORT,1.0,52.52659574467538,CONTROL_V2_FILLED_STOP,2024-11-15T06:05:00Z,M5_BROKEN_CONTROL_FIRST_RETEST,2567.91,True,53693a171cbc9c2995c52ecde84075264c4c8ba9697222c6d3d4fb7099d4c11f,0.4335106382978762,1.1409574468084347,2024_11,1.0505319148935077,1.013054830287254,TARGET,2024-11-15T07:48:00Z,TARGET,dd68d6b32c5d82d1d44b075e66f3e21d5296b2a86344aa49f8b6673edf24dfbc,2024-11-15T07:48:00Z,FIRST_RETEST_FILLED,2024-11-15T06:20:00Z,2024-11-15T06:05:00Z,2567.91,True,True,INITIAL_CONFIRMATION_TARGET,c52c628cb19c054f04fc196f0fe5b833d3255b797261eaa00ea9d4bdf5ac8010,a8f5dc3cf1811f13e31e6ddf9df90ec0ebe9f9965398c3e89994cebb21fa1246,2571.67,7.61000000000003,0.3805000000000015,NOT_STRICTLY_CLOSER_THAN_CONTROL,H1_SOURCE_SWING_BUFFERED_ELSE_CONTROL,False,a8f5dc3cf1811f13e31e6ddf9df90ec0ebe9f9965398c3e89994cebb21fa1246,2024-11-15T06:00:00Z,2571.67,2563.96,45af7fc5670d4f9f99e3d5e6de043ddc22f3c123946d780fd717c11d463229ad
71a65f09caa11ce9aaa2027318722c92cbfdf01e42d69ddc2dadb4daa71d8e84,2567.91,2024-11-15T06:05:00Z,fb016c023cae97782cc79cf525c581fa29c9522d0aa1fdf4e43bfc77be52cbf0,2024-11-15T06:05:00Z,2567.84,2571.67,2024-12-01T00:00:00Z,2024-11-15T06:00:00Z,0.028107813454690156,SHORT,1.0,52.05813218709721,CONTROL_V2_FILLED_STOP,2024-11-15T06:05:00Z,CONFIRMED_25_75_RETEST_SPLIT,2567.84,True,7661d1c838f476194b7e95998c3882f98129ff6744d81a5beabfa30fe72a386f,0.4360990361646507,1.1311750041664,2024_11,1.0411626437419441,1.013054830287254,TARGET,2024-11-15T07:48:00Z,SPLIT_TARGET_TARGET,da20eeedfbd9d78040073b0edc0ccb00e7cea170594350cb58ad79b55a594c3b,2024-11-15T07:48:00Z,FIRST_RETEST_FILLED,2024-11-15T06:20:00Z,2024-11-15T06:05:00Z,2567.91,True,True,INITIAL_CONFIRMATION_TARGET,c651cc4f575619e48bebf61c4d196d57570aebe0173dc7f47b129a91757c0ed3,a8f5dc3cf1811f13e31e6ddf9df90ec0ebe9f9965398c3e89994cebb21fa1246,2571.67,,,,CONTROL_V2_FILLED_STOP,False,,2024-11-15T06:05:00Z,2571.67,2563.96,45af7fc5670d4f9f99e3d5e6de043ddc22f3c123946d780fd717c11d463229ad
71a65f09caa11ce9aaa2027318722c92cbfdf01e42d69ddc2dadb4daa71d8e84,2567.91,2024-11-15T06:05:00Z,fb016c023cae97782cc79cf525c581fa29c9522d0aa1fdf4e43bfc77be52cbf0,2024-11-15T06:05:00Z,2567.84,2571.67,2024-12-01T00:00:00Z,2024-11-15T06:00:00Z,0.7878357307297679,SHORT,0.5840171577768677,90.04452805085108,M5_LATEST_CONFIRMED_OPPOSING_SWING_ELSE_CONTROL,2024-11-15T06:05:00Z,CONFIRMED_25_75_RETEST_SPLIT,2567.84,True,8365e2dc6409f840a259a130046e4d1462dd2846e8faf6fbf3148f1d694d8a59,0.7542045592802354,1.9565773604617263,2024_11,1.8008905610170218,1.013054830287254,TARGET,2024-11-15T07:48:00Z,SPLIT_TARGET_TARGET,6300eb5fb5e4c399bf489673049de73d4682f7f7af51fe1f553f5c0b6ab53ea9,2024-11-15T07:48:00Z,FIRST_RETEST_FILLED,2024-11-15T06:20:00Z,2024-11-15T06:05:00Z,2567.91,True,True,INITIAL_CONFIRMATION_TARGET,95a51559bf97b99c4453c21aba3f65bab8b88fe8fc241107db33169fed682650,a8f5dc3cf1811f13e31e6ddf9df90ec0ebe9f9965398c3e89994cebb21fa1246,2570.0767857142855,1.1357142857142921,0.056785714285714606,,M5_LATEST_CONFIRMED_OPPOSING_SWING_ELSE_CONTROL,True,be027ffc39a26bbe969dc3bc09fc531bb4c82626f3817c84861174ce2d84efee,2024-11-15T06:05:00Z,2570.02,2563.96,45af7fc5670d4f9f99e3d5e6de043ddc22f3c123946d780fd717c11d463229ad
71a65f09caa11ce9aaa2027318722c92cbfdf01e42d69ddc2dadb4daa71d8e84,2567.91,2024-11-15T06:05:00Z,fb016c023cae97782cc79cf525c581fa29c9522d0aa1fdf4e43bfc77be52cbf0,2024-11-15T06:05:00Z,2567.84,2571.67,2024-12-01T00:00:00Z,2024-11-15T06:00:00Z,0.14054483140548402,SHORT,0.9038884744497899,57.6799830846369,M15_LATEST_CONFIRMED_OPPOSING_SWING_ELSE_CONTROL,2024-11-15T06:05:00Z,CONFIRMED_25_75_RETEST_SPLIT,2567.84,True,a076e1bfbe7d779cbf9240ebd18f2bf1f9f1f86cb86a2977ecf7562757ec9c0e,0.4831834330856348,1.253331964958848,2024_11,1.153599661692738,1.013054830287254,TARGET,2024-11-15T07:48:00Z,SPLIT_TARGET_TARGET,b2f5f7424231454406949ab46563118f5d609c66361ddd4d1cd20d10ab01b811,2024-11-15T07:48:00Z,FIRST_RETEST_FILLED,2024-11-15T06:20:00Z,2024-11-15T06:05:00Z,2567.91,True,True,INITIAL_CONFIRMATION_TARGET,4af861d38a89da47c11ae8e83e694c0507cb5a85010b6bc63b5cab503c97e521,a8f5dc3cf1811f13e31e6ddf9df90ec0ebe9f9965398c3e89994cebb21fa1246,2571.301892857143,2.837857142857177,0.14189285714285885,,M15_LATEST_CONFIRMED_OPPOSING_SWING_ELSE_CONTROL,True,6580ce2ccdc23146b69c37c56341c9790897f7562dd1bbed67af59ca5840703f,2024-11-15T05:45:00Z,2571.16,2563.96,45af7fc5670d4f9f99e3d5e6de043ddc22f3c123946d780fd717c11d463229ad
71a65f09caa11ce9aaa2027318722c92cbfdf01e42d69ddc2dadb4daa71d8e84,2567.91,2024-11-15T06:05:00Z,fb016c023cae97782cc79cf525c581fa29c9522d0aa1fdf4e43bfc77be52cbf0,2024-11-15T06:05:00Z,2567.84,2571.67,2024-12-01T00:00:00Z,2024-11-15T06:00:00Z,0.028107813454690156,SHORT,1.0,52.05813218709721,CONTROL_V2_FILLED_STOP,2024-11-15T06:05:00Z,CONFIRMED_25_75_RETEST_SPLIT,2567.84,True,53693a171cbc9c2995c52ecde84075264c4c8ba9697222c6d3d4fb7099d4c11f,0.4360990361646507,1.1311750041664,2024_11,1.0411626437419441,1.013054830287254,TARGET,2024-11-15T07:48:00Z,SPLIT_TARGET_TARGET,01c770df5af5c0856e3a8d72f549fb9c02908cd7085947ddffcc6cceeff26cff,2024-11-15T07:48:00Z,FIRST_RETEST_FILLED,2024-11-15T06:20:00Z,2024-11-15T06:05:00Z,2567.91,True,True,INITIAL_CONFIRMATION_TARGET,3bdf22f7872fc5196d390f5bdcaa33fb094c29bf570a5c55798d743f0f4a1e4e,a8f5dc3cf1811f13e31e6ddf9df90ec0ebe9f9965398c3e89994cebb21fa1246,2571.67,7.61000000000003,0.3805000000000015,NOT_STRICTLY_CLOSER_THAN_CONTROL,H1_SOURCE_SWING_BUFFERED_ELSE_CONTROL,False,a8f5dc3cf1811f13e31e6ddf9df90ec0ebe9f9965398c3e89994cebb21fa1246,2024-11-15T06:00:00Z,2571.67,2563.96,45af7fc5670d4f9f99e3d5e6de043ddc22f3c123946d780fd717c11d463229ad
4707451f015f6578bd848e4fdd7e58cfde99864736f5440d484c726698d533ac,2569.0,2024-11-15T12:30:00Z,003a48733ea9eb008f2e456487b4c030e6c8143e68e3b26e293aac03f44b840b,2024-11-15T12:30:00Z,2569.28,2554.5,2024-12-01T00:00:00Z,2024-11-15T11:00:00Z,0.0,LONG,1.0,8.085250338294452,CONTROL_V2_FILLED_STOP,2024-11-15T12:30:00Z,CONTROL_NEXT_M1_OPEN,2569.28,True,c8853b546380a27e15bf4568f95c76a13dac6039740a34f132ff03ceac9a5ef2,0.17523680649527135,0.23342354533151363,2024_11,0.16170500676588906,0.16170500676588906,TARGET,2024-11-15T13:37:00Z,TARGET,fd74d231945e859ea1ae57b91bbd1edd16f5b2b20e4e45746e3f91fb546f8a65,2024-11-15T13:37:00Z,FIRST_RETEST_FILLED,2024-11-15T12:45:00Z,2024-11-15T12:30:00Z,2569.0,True,False,INITIAL_CONFIRMATION_TARGET,a962488ace3d8ac874d2a3f730136300e0147d7837ff711399b74da234f3beda,8135f930ab1d2f4923c59b1322e7c1acebbf5e137e445d334630d2d462ce5809,2554.5,,,,CONTROL_V2_FILLED_STOP,False,,2024-11-15T12:30:00Z,2554.5,2571.67,0a18f8d2d9f707d77387aa9791b38a39293ab1812c7b2b7f792247393646c4d7
4707451f015f6578bd848e4fdd7e58cfde99864736f5440d484c726698d533ac,2569.0,2024-11-15T12:30:00Z,003a48733ea9eb008f2e456487b4c030e6c8143e68e3b26e293aac03f44b840b,2024-11-15T12:30:00Z,2569.28,2554.5,2024-12-01T00:00:00Z,2024-11-15T11:00:00Z,0.2147957640142215,LONG,0.42949449062437733,18.82503853900553,M5_LATEST_CONFIRMED_OPPOSING_SWING_ELSE_CONTROL,2024-11-15T12:30:00Z,CONTROL_NEXT_M1_OPEN,2569.28,True,eaec184bca42556555b84b3166bb82ad671da2febc75f026f15c11f860e033a3,0.40800711143121055,0.5434843762307039,2024_11,0.37650077078011057,0.16170500676588906,TARGET,2024-11-15T13:37:00Z,TARGET,096b1b4f46c42b6c69d94e4ab9bffc377b7c346bcf5687f811f59c181a8da8d8,2024-11-15T13:37:00Z,FIRST_RETEST_FILLED,2024-11-15T12:45:00Z,2024-11-15T12:30:00Z,2569.0,True,False,INITIAL_CONFIRMATION_TARGET,907bafca6a7c9cc61287bb85e7650b3879deed16fa31c2a3b27f222cb1697841,8135f930ab1d2f4923c59b1322e7c1acebbf5e137e445d334630d2d462ce5809,2562.932071428572,1.9585714285714013,0.09792857142857007,,M5_LATEST_CONFIRMED_OPPOSING_SWING_ELSE_CONTROL,True,b85e07cf01635c1634ab4f71c893ba95d63c6d157bcfdfcf52fd8c1cf6d7aea1,2024-11-15T12:15:00Z,2563.03,2571.67,0a18f8d2d9f707d77387aa9791b38a39293ab1812c7b2b7f792247393646c4d7
4707451f015f6578bd848e4fdd7e58cfde99864736f5440d484c726698d533ac,2569.0,2024-11-15T12:30:00Z,003a48733ea9eb008f2e456487b4c030e6c8143e68e3b26e293aac03f44b840b,2024-11-15T12:30:00Z,2569.28,2554.5,2024-12-01T00:00:00Z,2024-11-15T11:00:00Z,0.11810416104014182,LONG,0.5779117533346374,13.990458390301544,M15_LATEST_CONFIRMED_OPPOSING_SWING_ELSE_CONTROL,2024-11-15T12:30:00Z,CONTROL_NEXT_M1_OPEN,2569.28,True,8a548b2f42b6b4de112ddc4bca9e1e998696232754c68729deafcb0eb4d9ad6d,0.30322416092790766,0.4039086313518021,2024_11,0.2798091678060309,0.16170500676588906,TARGET,2024-11-15T13:37:00Z,TARGET,c878edbe59a1005f4a6ae1cb45b6be2e2c4afd0db1a8e1cbb20a72ba8a7b886c,2024-11-15T13:37:00Z,FIRST_RETEST_FILLED,2024-11-15T12:45:00Z,2024-11-15T12:30:00Z,2569.0,True,False,INITIAL_CONFIRMATION_TARGET,bfaa5efd23b1ae5731813f4c892cfa1ef1b93ad6cbf677917a5fda99a32653c0,8135f930ab1d2f4923c59b1322e7c1acebbf5e137e445d334630d2d462ce5809,2560.738464285714,3.4307142857142674,0.17153571428571338,,M15_LATEST_CONFIRMED_OPPOSING_SWING_ELSE_CONTROL,True,05d81029093f628f6c0f778be8b854fdac20465db5aeddbf7ed487b191180361,2024-11-15T11:00:00Z,2560.91,2571.67,0a18f8d2d9f707d77387aa9791b38a39293ab1812c7b2b7f792247393646c4d7
4707451f015f6578bd848e4fdd7e58cfde99864736f5440d484c726698d533ac,2569.0,2024-11-15T12:30:00Z,003a48733ea9eb008f2e456487b4c030e6c8143e68e3b26e293aac03f44b840b,2024-11-15T12:30:00Z,2569.28,2554.5,2024-12-01T00:00:00Z,2024-11-15T11:00:00Z,0.0,LONG,1.0,8.085250338294452,CONTROL_V2_FILLED_STOP,2024-11-15T12:30:00Z,CONTROL_NEXT_M1_OPEN,2569.28,True,97d6485d755c0bcbcd7f3f1dc03da184f49a1c1f1004a01c39c0955d81eb3dfd,0.17523680649527135,0.23342354533151363,2024_11,0.16170500676588906,0.16170500676588906,TARGET,2024-11-15T13:37:00Z,TARGET,180cca4438fe44d27c187dc29a127dd227f9174ebdc546f93b4ebc903753544f,2024-11-15T13:37:00Z,FIRST_RETEST_FILLED,2024-11-15T12:45:00Z,2024-11-15T12:30:00Z,2569.0,True,False,INITIAL_CONFIRMATION_TARGET,93ed28e7f42374bcfa6e925988a7709c0a93997d165643f2a8be4f6f5865ede3,8135f930ab1d2f4923c59b1322e7c1acebbf5e137e445d334630d2d462ce5809,2554.5,6.131428571428614,0.3065714285714307,NOT_STRICTLY_CLOSER_THAN_CONTROL,H1_SOURCE_SWING_BUFFERED_ELSE_CONTROL,False,8135f930ab1d2f4923c59b1322e7c1acebbf5e137e445d334630d2d462ce5809,2024-11-15T11:00:00Z,2554.5,2571.67,0a18f8d2d9f707d77387aa9791b38a39293ab1812c7b2b7f792247393646c4d7
4707451f015f6578bd848e4fdd7e58cfde99864736f5440d484c726698d533ac,2569.0,2024-11-15T12:30:00Z,003a48733ea9eb008f2e456487b4c030e6c8143e68e3b26e293aac03f44b840b,2024-11-15T12:30:00Z,2569.28,2554.5,2024-12-01T00:00:00Z,2024-11-15T11:00:00Z,0.02243292426859872,LONG,1.0,9.20689655172439,CONTROL_V2_FILLED_STOP,2024-11-15T12:30:00Z,M5_BROKEN_CONTROL_FIRST_RETEST,2569.0,True,c8853b546380a27e15bf4568f95c76a13dac6039740a34f132ff03ceac9a5ef2,0.15931034482758244,0.2572413793103461,2024_11,0.18413793103448778,0.16170500676588906,TARGET,2024-11-15T13:37:00Z,TARGET,5212427086bd0fe39017776ff9d4d4644a9030f145b79662b53d404644ebba06,2024-11-15T13:37:00Z,FIRST_RETEST_FILLED,2024-11-15T12:45:00Z,2024-11-15T12:30:00Z,2569.0,True,True,INITIAL_CONFIRMATION_TARGET,5694dee1e2eb6bcb8a4f1c3c951aab7c81e47e04bd99f96f0662dc94bce27b0a,8135f930ab1d2f4923c59b1322e7c1acebbf5e137e445d334630d2d462ce5809,2554.5,,,,CONTROL_V2_FILLED_STOP,False,,2024-11-15T12:30:00Z,2554.5,2571.67,0a18f8d2d9f707d77387aa9791b38a39293ab1812c7b2b7f792247393646c4d7
4707451f015f6578bd848e4fdd7e58cfde99864736f5440d484c726698d533ac,2569.0,2024-11-15T12:30:00Z,003a48733ea9eb008f2e456487b4c030e6c8143e68e3b26e293aac03f44b840b,2024-11-15T12:30:00Z,2569.28,2554.5,2024-12-01T00:00:00Z,2024-11-15T11:00:00Z,0.2783133567613609,LONG,0.42949449062437733,22.000918176362497,M5_LATEST_CONFIRMED_OPPOSING_SWING_ELSE_CONTROL,2024-11-15T12:30:00Z,M5_BROKEN_CONTROL_FIRST_RETEST,2569.0,True,eaec184bca42556555b84b3166bb82ad671da2febc75f026f15c11f860e033a3,0.3806900448493991,0.6147073018564065,2024_11,0.44001836352724993,0.16170500676588906,TARGET,2024-11-15T13:37:00Z,TARGET,42bb071ed102a27ef1abda2ef04f8f9e8e5b5450f8b2c420eb5fbd2f08a293fb,2024-11-15T13:37:00Z,FIRST_RETEST_FILLED,2024-11-15T12:45:00Z,2024-11-15T12:30:00Z,2569.0,True,True,INITIAL_CONFIRMATION_TARGET,51f8146248daa31bdbeb82fbe6bc7ecc158bece4c40c49f0ffb1029ac9d94050,8135f930ab1d2f4923c59b1322e7c1acebbf5e137e445d334630d2d462ce5809,2562.932071428572,1.9585714285714013,0.09792857142857007,,M5_LATEST_CONFIRMED_OPPOSING_SWING_ELSE_CONTROL,True,b85e07cf01635c1634ab4f71c893ba95d63c6d157bcfdfcf52fd8c1cf6d7aea1,2024-11-15T12:15:00Z,2563.03,2571.67,0a18f8d2d9f707d77387aa9791b38a39293ab1812c7b2b7f792247393646c4d7
4707451f015f6578bd848e4fdd7e58cfde99864736f5440d484c726698d533ac,2569.0,2024-11-15T12:30:00Z,003a48733ea9eb008f2e456487b4c030e6c8143e68e3b26e293aac03f44b840b,2024-11-15T12:30:00Z,2569.28,2554.5,2024-12-01T00:00:00Z,2024-11-15T11:00:00Z,0.1614794582462401,LONG,0.5779117533346374,16.15922325060646,M15_LATEST_CONFIRMED_OPPOSING_SWING_ELSE_CONTROL,2024-11-15T12:30:00Z,M5_BROKEN_CONTROL_FIRST_RETEST,2569.0,True,8a548b2f42b6b4de112ddc4bca9e1e998696232754c68729deafcb0eb4d9ad6d,0.2796090315273335,0.45148990805064226,2024_11,0.32318446501212916,0.16170500676588906,TARGET,2024-11-15T13:37:00Z,TARGET,6f4716b5482540cfe2cf8755bf7e416bdd4be4ab1b7899e5834e46f0600e9425,2024-11-15T13:37:00Z,FIRST_RETEST_FILLED,2024-11-15T12:45:00Z,2024-11-15T12:30:00Z,2569.0,True,True,INITIAL_CONFIRMATION_TARGET,e10b3b8d5264af7f57a5b02d4453ab4d0997effc0c35049e22e02cbb05009867,8135f930ab1d2f4923c59b1322e7c1acebbf5e137e445d334630d2d462ce5809,2560.738464285714,3.4307142857142674,0.17153571428571338,,M15_LATEST_CONFIRMED_OPPOSING_SWING_ELSE_CONTROL,True,05d81029093f628f6c0f778be8b854fdac20465db5aeddbf7ed487b191180361,2024-11-15T11:00:00Z,2560.91,2571.67,0a18f8d2d9f707d77387aa9791b38a39293ab1812c7b2b7f792247393646c4d7
4707451f015f6578bd848e4fdd7e58cfde99864736f5440d484c726698d533ac,2569.0,2024-11-15T12:30:00Z,003a48733ea9eb008f2e456487b4c030e6c8143e68e3b26e293aac03f44b840b,2024-11-15T12:30:00Z,2569.28,2554.5,2024-12-01T00:00:00Z,2024-11-15T11:00:00Z,0.02243292426859872,LONG,1.0,9.20689655172439,CONTROL_V2_FILLED_STOP,2024-11-15T12:30:00Z,M5_BROKEN_CONTROL_FIRST_RETEST,2569.0,True,97d6485d755c0bcbcd7f3f1dc03da184f49a1c1f1004a01c39c0955d81eb3dfd,0.15931034482758244,0.2572413793103461,2024_11,0.18413793103448778,0.16170500676588906,TARGET,2024-11-15T13:37:00Z,TARGET,4b79abfb3840a037297ff41b4fdceb2c723fe54eddf160b25bb4487fa842faa6,2024-11-15T13:37:00Z,FIRST_RETEST_FILLED,2024-11-15T12:45:00Z,2024-11-15T12:30:00Z,2569.0,True,True,INITIAL_CONFIRMATION_TARGET,114692c294a122ecff3a1678e45ad1d8f7c6b533810a496b6f65ba7818f44cba,8135f930ab1d2f4923c59b1322e7c1acebbf5e137e445d334630d2d462ce5809,2554.5,6.131428571428614,0.3065714285714307,NOT_STRICTLY_CLOSER_THAN_CONTROL,H1_SOURCE_SWING_BUFFERED_ELSE_CONTROL,False,8135f930ab1d2f4923c59b1322e7c1acebbf5e137e445d334630d2d462ce5809,2024-11-15T11:00:00Z,2554.5,2571.67,0a18f8d2d9f707d77387aa9791b38a39293ab1812c7b2b7f792247393646c4d7
4707451f015f6578bd848e4fdd7e58cfde99864736f5440d484c726698d533ac,2569.0,2024-11-15T12:30:00Z,003a48733ea9eb008f2e456487b4c030e6c8143e68e3b26e293aac03f44b840b,2024-11-15T12:30:00Z,2569.28,2554.5,2024-12-01T00:00:00Z,2024-11-15T11:00:00Z,0.016824693201449054,LONG,1.0,8.926484998366906,CONTROL_V2_FILLED_STOP,2024-11-15T12:30:00Z,CONFIRMED_25_75_RETEST_SPLIT,2569.28,True,c8853b546380a27e15bf4568f95c76a13dac6039740a34f132ff03ceac9a5ef2,0.16329196024450465,0.25128692081563797,2024_11,0.1785296999673381,0.16170500676588906,TARGET,2024-11-15T13:37:00Z,SPLIT_TARGET_TARGET,ca03fbbcf1caed838416814d3bc3e42f88c0f6c6354a085ebff888cfd63507da,2024-11-15T13:37:00Z,FIRST_RETEST_FILLED,2024-11-15T12:45:00Z,2024-11-15T12:30:00Z,2569.0,True,True,INITIAL_CONFIRMATION_TARGET,428358dd06f4288b6974ff0efdcfff99c7d554e445f462f8c2b6369a753bbe66,8135f930ab1d2f4923c59b1322e7c1acebbf5e137e445d334630d2d462ce5809,2554.5,,,,CONTROL_V2_FILLED_STOP,False,,2024-11-15T12:30:00Z,2554.5,2571.67,0a18f8d2d9f707d77387aa9791b38a39293ab1812c7b2b7f792247393646c4d7
4707451f015f6578bd848e4fdd7e58cfde99864736f5440d484c726698d533ac,2569.0,2024-11-15T12:30:00Z,003a48733ea9eb008f2e456487b4c030e6c8143e68e3b26e293aac03f44b840b,2024-11-15T12:30:00Z,2569.28,2554.5,2024-12-01T00:00:00Z,2024-11-15T11:00:00Z,0.2624339585745761,LONG,0.42949449062437733,21.206948267023257,M5_LATEST_CONFIRMED_OPPOSING_SWING_ELSE_CONTROL,2024-11-15T12:30:00Z,CONFIRMED_25_75_RETEST_SPLIT,2569.28,True,eaec184bca42556555b84b3166bb82ad671da2febc75f026f15c11f860e033a3,0.38751931149485197,0.5969015704499808,2024_11,0.42413896534046513,0.16170500676588906,TARGET,2024-11-15T13:37:00Z,SPLIT_TARGET_TARGET,8ea656a6a1fb022d7dee80dade73eec4df744d5c65db06f6ad8c2ddd43a997be,2024-11-15T13:37:00Z,FIRST_RETEST_FILLED,2024-11-15T12:45:00Z,2024-11-15T12:30:00Z,2569.0,True,True,INITIAL_CONFIRMATION_TARGET,06f1911ca36b7c83b109883b38243f49a5e96b72557261e882b08be5352869c9,8135f930ab1d2f4923c59b1322e7c1acebbf5e137e445d334630d2d462ce5809,2562.932071428572,1.9585714285714013,0.09792857142857007,,M5_LATEST_CONFIRMED_OPPOSING_SWING_ELSE_CONTROL,True,b85e07cf01635c1634ab4f71c893ba95d63c6d157bcfdfcf52fd8c1cf6d7aea1,2024-11-15T12:15:00Z,2563.03,2571.67,0a18f8d2d9f707d77387aa9791b38a39293ab1812c7b2b7f792247393646c4d7
4707451f015f6578bd848e4fdd7e58cfde99864736f5440d484c726698d533ac,2569.0,2024-11-15T12:30:00Z,003a48733ea9eb008f2e456487b4c030e6c8143e68e3b26e293aac03f44b840b,2024-11-15T12:30:00Z,2569.28,2554.5,2024-12-01T00:00:00Z,2024-11-15T11:00:00Z,0.15063563394471552,LONG,0.5779117533346374,15.61703203553023,M15_LATEST_CONFIRMED_OPPOSING_SWING_ELSE_CONTROL,2024-11-15T12:30:00Z,CONFIRMED_25_75_RETEST_SPLIT,2569.28,True,8a548b2f42b6b4de112ddc4bca9e1e998696232754c68729deafcb0eb4d9ad6d,0.28551281387747707,0.4395945888759322,2024_11,0.3123406407106046,0.16170500676588906,TARGET,2024-11-15T13:37:00Z,SPLIT_TARGET_TARGET,3f9759bcfe18b8fcfa42b2b13953a41866f3c0ca1c9430765e2eb87619ab06bf,2024-11-15T13:37:00Z,FIRST_RETEST_FILLED,2024-11-15T12:45:00Z,2024-11-15T12:30:00Z,2569.0,True,True,INITIAL_CONFIRMATION_TARGET,3f3e7b4b5a9bc2a920cb55e7273935c4d33bf0931286671b719aa4322f16b224,8135f930ab1d2f4923c59b1322e7c1acebbf5e137e445d334630d2d462ce5809,2560.738464285714,3.4307142857142674,0.17153571428571338,,M15_LATEST_CONFIRMED_OPPOSING_SWING_ELSE_CONTROL,True,05d81029093f628f6c0f778be8b854fdac20465db5aeddbf7ed487b191180361,2024-11-15T11:00:00Z,2560.91,2571.67,0a18f8d2d9f707d77387aa9791b38a39293ab1812c7b2b7f792247393646c4d7
4707451f015f6578bd848e4fdd7e58cfde99864736f5440d484c726698d533ac,2569.0,2024-11-15T12:30:00Z,003a48733ea9eb008f2e456487b4c030e6c8143e68e3b26e293aac03f44b840b,2024-11-15T12:30:00Z,2569.28,2554.5,2024-12-01T00:00:00Z,2024-11-15T11:00:00Z,0.016824693201449054,LONG,1.0,8.926484998366906,CONTROL_V2_FILLED_STOP,2024-11-15T12:30:00Z,CONFIRMED_25_75_RETEST_SPLIT,2569.28,True,97d6485d755c0bcbcd7f3f1dc03da184f49a1c1f1004a01c39c0955d81eb3dfd,0.16329196024450465,0.25128692081563797,2024_11,0.1785296999673381,0.16170500676588906,TARGET,2024-11-15T13:37:00Z,SPLIT_TARGET_TARGET,11eec5a9298f409ce51313a8dcfd141a7128d2c7b6c7b419a8275fdf67e1e7b0,2024-11-15T13:37:00Z,FIRST_RETEST_FILLED,2024-11-15T12:45:00Z,2024-11-15T12:30:00Z,2569.0,True,True,INITIAL_CONFIRMATION_TARGET,212b3db1623edccc6ed0d63411eb74a27f75f460107695ac8e2d8dfefeee3033,8135f930ab1d2f4923c59b1322e7c1acebbf5e137e445d334630d2d462ce5809,2554.5,6.131428571428614,0.3065714285714307,NOT_STRICTLY_CLOSER_THAN_CONTROL,H1_SOURCE_SWING_BUFFERED_ELSE_CONTROL,False,8135f930ab1d2f4923c59b1322e7c1acebbf5e137e445d334630d2d462ce5809,2024-11-15T11:00:00Z,2554.5,2571.67,0a18f8d2d9f707d77387aa9791b38a39293ab1812c7b2b7f792247393646c4d7
52c73d119c41112c0465341d560f68f28ee713bbf98ac349a0c4fe57acff4ce0,2566.55,2024-11-18T01:05:00Z,2694eb1247c5b31a4d80875b0ebc753162859cba35701a305b12ce1856c45b4c,2024-11-18T01:05:00Z,2567.89,2559.52,2024-12-01T00:00:00Z,2024-11-15T23:00:00Z,0.0,LONG,1.0,48.566308243728884,CONTROL_V2_FILLED_STOP,2024-11-18T01:05:00Z,CONTROL_NEXT_M1_OPEN,2567.89,True,68b4960af860d2e506a53beb37007c4fce18c51b04ffa5bf7625cdc7991931fb,0.0,1.1075268817204424,2024_11,0.9713261648745777,0.9713261648745777,TARGET,2024-11-18T02:53:00Z,TARGET,559817acdf720d1e522bb4a56893f4152df19696a547455deffdebc9d02445ac,2024-11-18T02:53:00Z,RETEST_EXPIRED,2024-11-18T01:20:00Z,,2566.55,False,False,INITIAL_CONFIRMATION_TARGET,59b6941e86f200b8cab1aa94c765877d32da530ef01b1fd24b26755c72f7d829,7dea8f0bceac671f4e605b9b3eae89612ddb9fecad1a1027b364321bb038d14e,2559.52,,,,CONTROL_V2_FILLED_STOP,False,,2024-11-18T01:05:00Z,2559.52,2576.02,bd70a814248cb561c25461cf97d9a49320ad64c39721b41bc0c742b2a03077b6
52c73d119c41112c0465341d560f68f28ee713bbf98ac349a0c4fe57acff4ce0,2566.55,2024-11-18T01:05:00Z,2694eb1247c5b31a4d80875b0ebc753162859cba35701a305b12ce1856c45b4c,2024-11-18T01:05:00Z,2567.89,2559.52,2024-12-01T00:00:00Z,2024-11-15T23:00:00Z,0.21820819021957627,LONG,0.8165599931728708,59.4767177547077,M5_LATEST_CONFIRMED_OPPOSING_SWING_ELSE_CONTROL,2024-11-18T01:05:00Z,CONTROL_NEXT_M1_OPEN,2567.89,True,993fd63ea4cb6a519fd560e0cd3370a28c8bcf33497c0d1889d8c779abc66f9d,0.0,1.356332530347188,2024_11,1.189534355094154,0.9713261648745777,TARGET,2024-11-18T02:53:00Z,TARGET,b8b1f65a8a12802948b17238b47f185de18c9eb3439d51a96f447877b01513b1,2024-11-18T02:53:00Z,RETEST_EXPIRED,2024-11-18T01:20:00Z,,2566.55,False,False,INITIAL_CONFIRMATION_TARGET,d928089f74ca9d13289ee7b4d1e5459488d3ac6c5b6069e75d738011e12f33fe,7dea8f0bceac671f4e605b9b3eae89612ddb9fecad1a1027b364321bb038d14e,2561.055392857143,1.0921428571427896,0.05460714285713948,,M5_LATEST_CONFIRMED_OPPOSING_SWING_ELSE_CONTROL,True,5f5b49c74e3a6fd8509ae98cb38cedb776ba6fa591033ff14576a05f5060b4b4,2024-11-18T01:05:00Z,2561.11,2576.02,bd70a814248cb561c25461cf97d9a49320ad64c39721b41bc0c742b2a03077b6
52c73d119c41112c0465341d560f68f28ee713bbf98ac349a0c4fe57acff4ce0,2566.55,2024-11-18T01:05:00Z,2694eb1247c5b31a4d80875b0ebc753162859cba35701a305b12ce1856c45b4c,2024-11-18T01:05:00Z,2567.89,2559.52,2024-12-01T00:00:00Z,2024-11-15T23:00:00Z,0.026836591254343234,LONG,0.9731140126301435,49.90813780644604,M15_LATEST_CONFIRMED_OPPOSING_SWING_ELSE_CONTROL,2024-11-18T01:05:00Z,CONTROL_NEXT_M1_OPEN,2567.89,True,f36c2cffcc4e31a101ec45f633777ea313025e1338a21f9d8edddbd70682b65b,0.0,1.1381265374311138,2024_11,0.9981627561289209,0.9713261648745777,TARGET,2024-11-18T02:53:00Z,TARGET,09d151c87cb35270a6ff8dc4d023e027c862daf2d672ef69f909683cd842b67b,2024-11-18T02:53:00Z,RETEST_EXPIRED,2024-11-18T01:20:00Z,,2566.55,False,False,INITIAL_CONFIRMATION_TARGET,8aa1a07ef80b2baa086a8f15509c3ffb0de8ae8734af6d61534dd1eaa6cf65d8,7dea8f0bceac671f4e605b9b3eae89612ddb9fecad1a1027b364321bb038d14e,2559.7450357142857,2.09928571428577,0.10496428571428851,,M15_LATEST_CONFIRMED_OPPOSING_SWING_ELSE_CONTROL,True,afc6e7445a6258d27eefdac8d190884333ad37280a19a76f941b579d4b6397ad,2024-11-15T23:00:00Z,2559.85,2576.02,bd70a814248cb561c25461cf97d9a49320ad64c39721b41bc0c742b2a03077b6
52c73d119c41112c0465341d560f68f28ee713bbf98ac349a0c4fe57acff4ce0,2566.55,2024-11-18T01:05:00Z,2694eb1247c5b31a4d80875b0ebc753162859cba35701a305b12ce1856c45b4c,2024-11-18T01:05:00Z,2567.89,2559.52,2024-12-01T00:00:00Z,2024-11-15T23:00:00Z,0.0,LONG,1.0,48.566308243728884,CONTROL_V2_FILLED_STOP,2024-11-18T01:05:00Z,CONTROL_NEXT_M1_OPEN,2567.89,True,fa1b807f089b7cad1eda39db746b8c366237a9790834dc2dcbffcb7a3370c652,0.0,1.1075268817204424,2024_11,0.9713261648745777,0.9713261648745777,TARGET,2024-11-18T02:53:00Z,TARGET,02e9f110355d15ced1a6b094739cb6edd2d894a508c47aadbaddf9010e6c81bd,2024-11-18T02:53:00Z,RETEST_EXPIRED,2024-11-18T01:20:00Z,,2566.55,False,False,INITIAL_CONFIRMATION_TARGET,309069c0192f9b3d3dced722e875a4806f19926d5682b589afdcb17a2abbd6df,7dea8f0bceac671f4e605b9b3eae89612ddb9fecad1a1027b364321bb038d14e,2559.52,7.758571428571421,0.38792857142857107,NOT_STRICTLY_CLOSER_THAN_CONTROL,H1_SOURCE_SWING_BUFFERED_ELSE_CONTROL,False,7dea8f0bceac671f4e605b9b3eae89612ddb9fecad1a1027b364321bb038d14e,2024-11-15T23:00:00Z,2559.52,2576.02,bd70a814248cb561c25461cf97d9a49320ad64c39721b41bc0c742b2a03077b6
52c73d119c41112c0465341d560f68f28ee713bbf98ac349a0c4fe57acff4ce0,2566.55,2024-11-18T01:05:00Z,2694eb1247c5b31a4d80875b0ebc753162859cba35701a305b12ce1856c45b4c,2024-11-18T01:05:00Z,2567.89,2559.52,2024-12-01T00:00:00Z,2024-11-15T23:00:00Z,-0.9713261648745777,LONG,1.0,0.0,CONTROL_V2_FILLED_STOP,,M5_BROKEN_CONTROL_FIRST_RETEST,,False,68b4960af860d2e506a53beb37007c4fce18c51b04ffa5bf7625cdc7991931fb,,,2024_11,0.0,0.9713261648745777,TARGET,2024-11-18T02:53:00Z,NO_FILL,67ad66fb04b55fb5b11b602a73ff2697c0530322d0b3977c7236b9a639d40ca2,,RETEST_EXPIRED,2024-11-18T01:20:00Z,,2566.55,False,False,INITIAL_CONFIRMATION_TARGET,fcfb21d4b2ab944c1d957043e32ab7166360bc82fe47789ee39890e3318bf873,7dea8f0bceac671f4e605b9b3eae89612ddb9fecad1a1027b364321bb038d14e,2559.52,,,,CONTROL_V2_FILLED_STOP,False,,2024-11-18T01:05:00Z,2559.52,2576.02,bd70a814248cb561c25461cf97d9a49320ad64c39721b41bc0c742b2a03077b6
52c73d119c41112c0465341d560f68f28ee713bbf98ac349a0c4fe57acff4ce0,2566.55,2024-11-18T01:05:00Z,2694eb1247c5b31a4d80875b0ebc753162859cba35701a305b12ce1856c45b4c,2024-11-18T01:05:00Z,2567.89,2559.52,2024-12-01T00:00:00Z,2024-11-15T23:00:00Z,-0.9713261648745777,LONG,0.8165599931728708,0.0,M5_LATEST_CONFIRMED_OPPOSING_SWING_ELSE_CONTROL,,M5_BROKEN_CONTROL_FIRST_RETEST,,False,993fd63ea4cb6a519fd560e0cd3370a28c8bcf33497c0d1889d8c779abc66f9d,,,2024_11,0.0,0.9713261648745777,TARGET,2024-11-18T02:53:00Z,NO_FILL,10c627d2cb4c39496a2348c6807d851a1fbc60cf0c6ae558637777c2382e0051,,RETEST_EXPIRED,2024-11-18T01:20:00Z,,2566.55,False,False,INITIAL_CONFIRMATION_TARGET,ec9806831b7474effb27265d57cbd7b97f91f35371094387f0d9a7b6a99351ad,7dea8f0bceac671f4e605b9b3eae89612ddb9fecad1a1027b364321bb038d14e,2561.055392857143,1.0921428571427896,0.05460714285713948,,M5_LATEST_CONFIRMED_OPPOSING_SWING_ELSE_CONTROL,True,5f5b49c74e3a6fd8509ae98cb38cedb776ba6fa591033ff14576a05f5060b4b4,2024-11-18T01:05:00Z,2561.11,2576.02,bd70a814248cb561c25461cf97d9a49320ad64c39721b41bc0c742b2a03077b6
52c73d119c41112c0465341d560f68f28ee713bbf98ac349a0c4fe57acff4ce0,2566.55,2024-11-18T01:05:00Z,2694eb1247c5b31a4d80875b0ebc753162859cba35701a305b12ce1856c45b4c,2024-11-18T01:05:00Z,2567.89,2559.52,2024-12-01T00:00:00Z,2024-11-15T23:00:00Z,-0.9713261648745777,LONG,0.9731140126301435,0.0,M15_LATEST_CONFIRMED_OPPOSING_SWING_ELSE_CONTROL,,M5_BROKEN_CONTROL_FIRST_RETEST,,False,f36c2cffcc4e31a101ec45f633777ea313025e1338a21f9d8edddbd70682b65b,,,2024_11,0.0,0.9713261648745777,TARGET,2024-11-18T02:53:00Z,NO_FILL,7623f842faeff81016d8a0ef4441ee205a3a3ab574175d655538f9a0fecffe3e,,RETEST_EXPIRED,2024-11-18T01:20:00Z,,2566.55,False,False,INITIAL_CONFIRMATION_TARGET,c9de8b04c72fcece7227a7bf18b233e30d9180bdabe33c4e47719701c795cf69,7dea8f0bceac671f4e605b9b3eae89612ddb9fecad1a1027b364321bb038d14e,2559.7450357142857,2.09928571428577,0.10496428571428851,,M15_LATEST_CONFIRMED_OPPOSING_SWING_ELSE_CONTROL,True,afc6e7445a6258d27eefdac8d190884333ad37280a19a76f941b579d4b6397ad,2024-11-15T23:00:00Z,2559.85,2576.02,bd70a814248cb561c25461cf97d9a49320ad64c39721b41bc0c742b2a03077b6
52c73d119c41112c0465341d560f68f28ee713bbf98ac349a0c4fe57acff4ce0,2566.55,2024-11-18T01:05:00Z,2694eb1247c5b31a4d80875b0ebc753162859cba35701a305b12ce1856c45b4c,2024-11-18T01:05:00Z,2567.89,2559.52,2024-12-01T00:00:00Z,2024-11-15T23:00:00Z,-0.9713261648745777,LONG,1.0,0.0,CONTROL_V2_FILLED_STOP,,M5_BROKEN_CONTROL_FIRST_RETEST,,False,fa1b807f089b7cad1eda39db746b8c366237a9790834dc2dcbffcb7a3370c652,,,2024_11,0.0,0.9713261648745777,TARGET,2024-11-18T02:53:00Z,NO_FILL,96ab7dad9a7f3524aa2cb67f2ac6f695ea5edff5b7bcccac43a7b4f73e9779d2,,RETEST_EXPIRED,2024-11-18T01:20:00Z,,2566.55,False,False,INITIAL_CONFIRMATION_TARGET,43090fb5dee652376880925c8df2ab183bc1ba0cfc4f97881e052766cfcecb7f,7dea8f0bceac671f4e605b9b3eae89612ddb9fecad1a1027b364321bb038d14e,2559.52,7.758571428571421,0.38792857142857107,NOT_STRICTLY_CLOSER_THAN_CONTROL,H1_SOURCE_SWING_BUFFERED_ELSE_CONTROL,False,7dea8f0bceac671f4e605b9b3eae89612ddb9fecad1a1027b364321bb038d14e,2024-11-15T23:00:00Z,2559.52,2576.02,bd70a814248cb561c25461cf97d9a49320ad64c39721b41bc0c742b2a03077b6
52c73d119c41112c0465341d560f68f28ee713bbf98ac349a0c4fe57acff4ce0,2566.55,2024-11-18T01:05:00Z,2694eb1247c5b31a4d80875b0ebc753162859cba35701a305b12ce1856c45b4c,2024-11-18T01:05:00Z,2567.89,2559.52,2024-12-01T00:00:00Z,2024-11-15T23:00:00Z,-0.7284946236559333,LONG,1.0,12.141577060932221,CONTROL_V2_FILLED_STOP,2024-11-18T01:05:00Z,CONFIRMED_25_75_RETEST_SPLIT,2567.89,True,68b4960af860d2e506a53beb37007c4fce18c51b04ffa5bf7625cdc7991931fb,0.0,0.2768817204301106,2024_11,0.24283154121864442,0.9713261648745777,TARGET,2024-11-18T02:53:00Z,SPLIT_CONTROL_TARGET_NO_RETEST,433a0a06b9cb91af03b3e156efb7f048b7ebb2514729c18e164c286b3e86cd01,2024-11-18T02:53:00Z,RETEST_EXPIRED,2024-11-18T01:20:00Z,,2566.55,False,False,INITIAL_CONFIRMATION_TARGET,7bd0d0e7cef31ba5e7266b8868dd3437f8b63f363e424808fcc7defef372644d,7dea8f0bceac671f4e605b9b3eae89612ddb9fecad1a1027b364321bb038d14e,2559.52,,,,CONTROL_V2_FILLED_STOP,False,,2024-11-18T01:05:00Z,2559.52,2576.02,bd70a814248cb561c25461cf97d9a49320ad64c39721b41bc0c742b2a03077b6
52c73d119c41112c0465341d560f68f28ee713bbf98ac349a0c4fe57acff4ce0,2566.55,2024-11-18T01:05:00Z,2694eb1247c5b31a4d80875b0ebc753162859cba35701a305b12ce1856c45b4c,2024-11-18T01:05:00Z,2567.89,2559.52,2024-12-01T00:00:00Z,2024-11-15T23:00:00Z,-0.6739425761010391,LONG,0.8165599931728708,14.869179438676925,M5_LATEST_CONFIRMED_OPPOSING_SWING_ELSE_CONTROL,2024-11-18T01:05:00Z,CONFIRMED_25_75_RETEST_SPLIT,2567.89,True,993fd63ea4cb6a519fd560e0cd3370a28c8bcf33497c0d1889d8c779abc66f9d,0.0,0.339083132586797,2024_11,0.2973835887735385,0.9713261648745777,TARGET,2024-11-18T02:53:00Z,SPLIT_CONTROL_TARGET_NO_RETEST,a4519744e966e302895a3b579f3b1ca4f9fcffa462b5d72fb75b13955410a18c,2024-11-18T02:53:00Z,RETEST_EXPIRED,2024-11-18T01:20:00Z,,2566.55,False,False,INITIAL_CONFIRMATION_TARGET,e4f81e1a59d4416acce66fe891c06c0a28433daba1c4f2f5d07e4a307ff41b5d,7dea8f0bceac671f4e605b9b3eae89612ddb9fecad1a1027b364321bb038d14e,2561.055392857143,1.0921428571427896,0.05460714285713948,,M5_LATEST_CONFIRMED_OPPOSING_SWING_ELSE_CONTROL,True,5f5b49c74e3a6fd8509ae98cb38cedb776ba6fa591033ff14576a05f5060b4b4,2024-11-18T01:05:00Z,2561.11,2576.02,bd70a814248cb561c25461cf97d9a49320ad64c39721b41bc0c742b2a03077b6
52c73d119c41112c0465341d560f68f28ee713bbf98ac349a0c4fe57acff4ce0,2566.55,2024-11-18T01:05:00Z,2694eb1247c5b31a4d80875b0ebc753162859cba35701a305b12ce1856c45b4c,2024-11-18T01:05:00Z,2567.89,2559.52,2024-12-01T00:00:00Z,2024-11-15T23:00:00Z,-0.7217854758423474,LONG,0.9731140126301435,12.47703445161151,M15_LATEST_CONFIRMED_OPPOSING_SWING_ELSE_CONTROL,2024-11-18T01:05:00Z,CONFIRMED_25_75_RETEST_SPLIT,2567.89,True,f36c2cffcc4e31a101ec45f633777ea313025e1338a21f9d8edddbd70682b65b,0.0,0.28453163435777845,2024_11,0.24954068903223023,0.9713261648745777,TARGET,2024-11-18T02:53:00Z,SPLIT_CONTROL_TARGET_NO_RETEST,8f56ee23abec3071f444212cdc2781b4ab93acd79e9b69efab23d4a2a2ea4332,2024-11-18T02:53:00Z,RETEST_EXPIRED,2024-11-18T01:20:00Z,,2566.55,False,False,INITIAL_CONFIRMATION_TARGET,9c7537605d48fd7d44e00c6f265115a15d272edf08f769cf25d84b60f5fe218c,7dea8f0bceac671f4e605b9b3eae89612ddb9fecad1a1027b364321bb038d14e,2559.7450357142857,2.09928571428577,0.10496428571428851,,M15_LATEST_CONFIRMED_OPPOSING_SWING_ELSE_CONTROL,True,afc6e7445a6258d27eefdac8d190884333ad37280a19a76f941b579d4b6397ad,2024-11-15T23:00:00Z,2559.85,2576.02,bd70a814248cb561c25461cf97d9a49320ad64c39721b41bc0c742b2a03077b6
52c73d119c41112c0465341d560f68f28ee713bbf98ac349a0c4fe57acff4ce0,2566.55,2024-11-18T01:05:00Z,2694eb1247c5b31a4d80875b0ebc753162859cba35701a305b12ce1856c45b4c,2024-11-18T01:05:00Z,2567.89,2559.52,2024-12-01T00:00:00Z,2024-11-15T23:00:00Z,-0.7284946236559333,LONG,1.0,12.141577060932221,CONTROL_V2_FILLED_STOP,2024-11-18T01:05:00Z,CONFIRMED_25_75_RETEST_SPLIT,2567.89,True,fa1b807f089b7cad1eda39db746b8c366237a9790834dc2dcbffcb7a3370c652,0.0,0.2768817204301106,2024_11,0.24283154121864442,0.9713261648745777,TARGET,2024-11-18T02:53:00Z,SPLIT_CONTROL_TARGET_NO_RETEST,7e8ce4188129845301bdc10a55e22c74a2bea689ab8f326e81386921f10234f8,2024-11-18T02:53:00Z,RETEST_EXPIRED,2024-11-18T01:20:00Z,,2566.55,False,False,INITIAL_CONFIRMATION_TARGET,a5fc4154b5c22e2c9d8e96a513cdc3f78b57e885c03ba43c46f41ea69a22b5d8,7dea8f0bceac671f4e605b9b3eae89612ddb9fecad1a1027b364321bb038d14e,2559.52,7.758571428571421,0.38792857142857107,NOT_STRICTLY_CLOSER_THAN_CONTROL,H1_SOURCE_SWING_BUFFERED_ELSE_CONTROL,False,7dea8f0bceac671f4e605b9b3eae89612ddb9fecad1a1027b364321bb038d14e,2024-11-15T23:00:00Z,2559.52,2576.02,bd70a814248cb561c25461cf97d9a49320ad64c39721b41bc0c742b2a03077b6
33b43c0c7385a9c828d372d938cac1936d78a28667072ef38240dede781fda2c,2588.38,2024-11-18T07:35:00Z,45c0177c55525f6be5db1c6cdeedd1e61d5b2addb64bb5100eec060ed3f4fce8,2024-11-18T07:35:00Z,2587.28,2597.23,2024-12-01T00:00:00Z,2024-11-18T06:00:00Z,0.0,SHORT,1.0,-50.0,CONTROL_V2_FILLED_STOP,2024-11-18T07:35:00Z,CONTROL_NEXT_M1_OPEN,2587.28,True,c86698a9df7e366f9c3b215f3febb26e7a31652f565c33b41aeec6e2a91191a1,1.0060301507537635,0.68944723618093,2024_11,-1.0,-1.0,STOP,2024-11-18T11:51:00Z,STOP,a58eb7b02654ce1594bb2fc22315ebfb9367d96bd4e83e4bd9a526f01f86f54c,2024-11-18T11:51:00Z,RETEST_EXPIRED,2024-11-18T07:50:00Z,,2588.38,False,False,INITIAL_CONFIRMATION_STOP,9b539fb9f4a9ea891a7927d8a2da055cd018b5bb546dade4777104dc84ba4e3c,575088922a46abd4d067c46e77861a11144ab8d925b0f52b70cf1be8bb86983a,2597.23,,,,CONTROL_V2_FILLED_STOP,False,,2024-11-18T07:35:00Z,2597.23,2559.52,3bdd7d51ef3755efc0543914b69e4f7911391ef8806a53b7831ada2b65c8275c
33b43c0c7385a9c828d372d938cac1936d78a28667072ef38240dede781fda2c,2588.38,2024-11-18T07:35:00Z,45c0177c55525f6be5db1c6cdeedd1e61d5b2addb64bb5100eec060ed3f4fce8,2024-11-18T07:35:00Z,2587.28,2597.23,2024-12-01T00:00:00Z,2024-11-18T06:00:00Z,0.0,SHORT,0.5970459440057,-50.0,M5_LATEST_CONFIRMED_OPPOSING_SWING_ELSE_CONTROL,2024-11-18T07:35:00Z,CONTROL_NEXT_M1_OPEN,2587.28,True,23ed3957adadef427eabde6386b1b5e509d16858841c822c68eece2900987ac1,1.013364434852226,1.1547641234362824,2024_11,-1.0,-1.0,STOP,2024-11-18T11:51:00Z,STOP,062ea63298e5731184e9b6e4a8c5f2ace70fa2600f77ff53a29119973aa5f10d,2024-11-18T11:31:00Z,RETEST_EXPIRED,2024-11-18T07:50:00Z,,2588.38,False,False,INITIAL_CONFIRMATION_STOP,e13b219f49ac301208f4962fe4f2aa2217aa1d605c0ad8b0efdc2e9e09be47cb,575088922a46abd4d067c46e77861a11144ab8d925b0f52b70cf1be8bb86983a,2593.220607142857,1.2121428571428103,0.06060714285714052,,M5_LATEST_CONFIRMED_OPPOSING_SWING_ELSE_CONTROL,True,bb520ca138b3c937459fd58edb8f507254ebc21aed62d0eb9ba0e4ffd729fdf1,2024-11-18T07:05:00Z,2593.16,2559.52,3bdd7d51ef3755efc0543914b69e4f7911391ef8806a53b7831ada2b65c8275c
33b43c0c7385a9c828d372d938cac1936d78a28667072ef38240dede781fda2c,2588.38,2024-11-18T07:35:00Z,45c0177c55525f6be5db1c6cdeedd1e61d5b2addb64bb5100eec060ed3f4fce8,2024-11-18T07:35:00Z,2587.28,2597.23,2024-12-01T00:00:00Z,2024-11-18T06:00:00Z,0.0,SHORT,0.6054737975591817,-50.0,M15_LATEST_CONFIRMED_OPPOSING_SWING_ELSE_CONTROL,2024-11-18T07:35:00Z,CONTROL_NEXT_M1_OPEN,2587.28,True,c04fa58c13d331cc7d7306ea5e9dab894387b5472fd1179647cd8f3e4b39074e,1.0457361354003505,1.1386904585471187,2024_11,-1.0,-1.0,STOP,2024-11-18T11:51:00Z,STOP,b28909bc6db907cba6ae8ae0b6fb4a0ce63212538e8adcbd0f101b8bb1cc3e0a,2024-11-18T11:40:00Z,RETEST_EXPIRED,2024-11-18T07:50:00Z,,2588.38,False,False,INITIAL_CONFIRMATION_STOP,f0297265df6fa71239a73ed1e572a83a2ff2d057dcd62a9880ced766fe94930c,575088922a46abd4d067c46e77861a11144ab8d925b0f52b70cf1be8bb86983a,2593.304464285714,2.889285714285669,0.14446428571428346,,M15_LATEST_CONFIRMED_OPPOSING_SWING_ELSE_CONTROL,True,f1b5adf5f5747ec84e0389ecc3f5bb4bc1e601d95f0671b95c69d192a322e2a9,2024-11-18T07:30:00Z,2593.16,2559.52,3bdd7d51ef3755efc0543914b69e4f7911391ef8806a53b7831ada2b65c8275c
33b43c0c7385a9c828d372d938cac1936d78a28667072ef38240dede781fda2c,2588.38,2024-11-18T07:35:00Z,45c0177c55525f6be5db1c6cdeedd1e61d5b2addb64bb5100eec060ed3f4fce8,2024-11-18T07:35:00Z,2587.28,2597.23,2024-12-01T00:00:00Z,2024-11-18T06:00:00Z,0.0,SHORT,1.0,-50.0,CONTROL_V2_FILLED_STOP,2024-11-18T07:35:00Z,CONTROL_NEXT_M1_OPEN,2587.28,True,05e5b53cd71179e462bd18124ca3cafe2758df173b0d006d381a3ff6f6838b12,1.0060301507537635,0.68944723618093,2024_11,-1.0,-1.0,STOP,2024-11-18T11:51:00Z,STOP,3cca6307c68f7051d1e755cc33f99244ebd9dcd22c3868e40876c00f048cc2a2,2024-11-18T11:51:00Z,RETEST_EXPIRED,2024-11-18T07:50:00Z,,2588.38,False,False,INITIAL_CONFIRMATION_STOP,b9e0ee52b5e7baf1631489799349e3fc3b74f29222c5b640c49db994a99867ed,575088922a46abd4d067c46e77861a11144ab8d925b0f52b70cf1be8bb86983a,2597.23,9.229285714285684,0.4614642857142842,NOT_STRICTLY_CLOSER_THAN_CONTROL,H1_SOURCE_SWING_BUFFERED_ELSE_CONTROL,False,575088922a46abd4d067c46e77861a11144ab8d925b0f52b70cf1be8bb86983a,2024-11-18T06:00:00Z,2597.23,2559.52,3bdd7d51ef3755efc0543914b69e4f7911391ef8806a53b7831ada2b65c8275c
33b43c0c7385a9c828d372d938cac1936d78a28667072ef38240dede781fda2c,2588.38,2024-11-18T07:35:00Z,45c0177c55525f6be5db1c6cdeedd1e61d5b2addb64bb5100eec060ed3f4fce8,2024-11-18T07:35:00Z,2587.28,2597.23,2024-12-01T00:00:00Z,2024-11-18T06:00:00Z,1.0,SHORT,1.0,0.0,CONTROL_V2_FILLED_STOP,,M5_BROKEN_CONTROL_FIRST_RETEST,,False,c86698a9df7e366f9c3b215f3febb26e7a31652f565c33b41aeec6e2a91191a1,,,2024_11,0.0,-1.0,STOP,2024-11-18T11:51:00Z,NO_FILL,1802cdef81c406d5cadb9562821cfff13010a5ee781a31db39d12af008e99910,,RETEST_EXPIRED,2024-11-18T07:50:00Z,,2588.38,False,False,INITIAL_CONFIRMATION_STOP,e0d9a7f0d3a28f463c452dcb26bf95871159785137f6853cdc321b2e7f7226b0,575088922a46abd4d067c46e77861a11144ab8d925b0f52b70cf1be8bb86983a,2597.23,,,,CONTROL_V2_FILLED_STOP,False,,2024-11-18T07:35:00Z,2597.23,2559.52,3bdd7d51ef3755efc0543914b69e4f7911391ef8806a53b7831ada2b65c8275c
33b43c0c7385a9c828d372d938cac1936d78a28667072ef38240dede781fda2c,2588.38,2024-11-18T07:35:00Z,45c0177c55525f6be5db1c6cdeedd1e61d5b2addb64bb5100eec060ed3f4fce8,2024-11-18T07:35:00Z,2587.28,2597.23,2024-12-01T00:00:00Z,2024-11-18T06:00:00Z,1.0,SHORT,0.5970459440057,0.0,M5_LATEST_CONFIRMED_OPPOSING_SWING_ELSE_CONTROL,,M5_BROKEN_CONTROL_FIRST_RETEST,,False,23ed3957adadef427eabde6386b1b5e509d16858841c822c68eece2900987ac1,,,2024_11,0.0,-1.0,STOP,2024-11-18T11:51:00Z,NO_FILL,6199bbbc95c20422906378b53840ae8aa70a0d319977b4200b1e0fdd2521a199,,RETEST_EXPIRED,2024-11-18T07:50:00Z,,2588.38,False,False,INITIAL_CONFIRMATION_STOP,0d1d8ef0101a890122cb7a5594735af09361d4aebc0df63f6a179c88dabbaf6e,575088922a46abd4d067c46e77861a11144ab8d925b0f52b70cf1be8bb86983a,2593.220607142857,1.2121428571428103,0.06060714285714052,,M5_LATEST_CONFIRMED_OPPOSING_SWING_ELSE_CONTROL,True,bb520ca138b3c937459fd58edb8f507254ebc21aed62d0eb9ba0e4ffd729fdf1,2024-11-18T07:05:00Z,2593.16,2559.52,3bdd7d51ef3755efc0543914b69e4f7911391ef8806a53b7831ada2b65c8275c
33b43c0c7385a9c828d372d938cac1936d78a28667072ef38240dede781fda2c,2588.38,2024-11-18T07:35:00Z,45c0177c55525f6be5db1c6cdeedd1e61d5b2addb64bb5100eec060ed3f4fce8,2024-11-18T07:35:00Z,2587.28,2597.23,2024-12-01T00:00:00Z,2024-11-18T06:00:00Z,1.0,SHORT,0.6054737975591817,0.0,M15_LATEST_CONFIRMED_OPPOSING_SWING_ELSE_CONTROL,,M5_BROKEN_CONTROL_FIRST_RETEST,,False,c04fa58c13d331cc7d7306ea5e9dab894387b5472fd1179647cd8f3e4b39074e,,,2024_11,0.0,-1.0,STOP,2024-11-18T11:51:00Z,NO_FILL,163190eb4c6cc3f062bf19019021801c75c4431058527fc14a00e2d289b28c10,,RETEST_EXPIRED,2024-11-18T07:50:00Z,,2588.38,False,False,INITIAL_CONFIRMATION_STOP,1b37d732423881599c8d4a8cb169a1a62309c0023db576f69091e65f18bba4d9,575088922a46abd4d067c46e77861a11144ab8d925b0f52b70cf1be8bb86983a,2593.304464285714,2.889285714285669,0.14446428571428346,,M15_LATEST_CONFIRMED_OPPOSING_SWING_ELSE_CONTROL,True,f1b5adf5f5747ec84e0389ecc3f5bb4bc1e601d95f0671b95c69d192a322e2a9,2024-11-18T07:30:00Z,2593.16,2559.52,3bdd7d51ef3755efc0543914b69e4f7911391ef8806a53b7831ada2b65c8275c
33b43c0c7385a9c828d372d938cac1936d78a28667072ef38240dede781fda2c,2588.38,2024-11-18T07:35:00Z,45c0177c55525f6be5db1c6cdeedd1e61d5b2addb64bb5100eec060ed3f4fce8,2024-11-18T07:35:00Z,2587.28,2597.23,2024-12-01T00:00:00Z,2024-11-18T06:00:00Z,1.0,SHORT,1.0,0.0,CONTROL_V2_FILLED_STOP,,M5_BROKEN_CONTROL_FIRST_RETEST,,False,05e5b53cd71179e462bd18124ca3cafe2758df173b0d006d381a3ff6f6838b12,,,2024_11,0.0,-1.0,STOP,2024-11-18T11:51:00Z,NO_FILL,f40db5cf45062b0f964ea50cde9bd31bb5c828c442caec25ad69649089409a0d,,RETEST_EXPIRED,2024-11-18T07:50:00Z,,2588.38,False,False,INITIAL_CONFIRMATION_STOP,81861f6cc30554f9ab4a4870c0d5e670bacee308f0a7df8aa5a0f4d34009fcdb,575088922a46abd4d067c46e77861a11144ab8d925b0f52b70cf1be8bb86983a,2597.23,9.229285714285684,0.4614642857142842,NOT_STRICTLY_CLOSER_THAN_CONTROL,H1_SOURCE_SWING_BUFFERED_ELSE_CONTROL,False,575088922a46abd4d067c46e77861a11144ab8d925b0f52b70cf1be8bb86983a,2024-11-18T06:00:00Z,2597.23,2559.52,3bdd7d51ef3755efc0543914b69e4f7911391ef8806a53b7831ada2b65c8275c
33b43c0c7385a9c828d372d938cac1936d78a28667072ef38240dede781fda2c,2588.38,2024-11-18T07:35:00Z,45c0177c55525f6be5db1c6cdeedd1e61d5b2addb64bb5100eec060ed3f4fce8,2024-11-18T07:35:00Z,2587.28,2597.23,2024-12-01T00:00:00Z,2024-11-18T06:00:00Z,0.75,SHORT,1.0,-12.5,CONTROL_V2_FILLED_STOP,2024-11-18T07:35:00Z,CONFIRMED_25_75_RETEST_SPLIT,2587.28,True,c86698a9df7e366f9c3b215f3febb26e7a31652f565c33b41aeec6e2a91191a1,0.25150753768844086,0.1723618090452325,2024_11,-0.25,-1.0,STOP,2024-11-18T11:51:00Z,SPLIT_CONTROL_STOP_NO_RETEST,941fbef4b0a967d36af597a9533afd87c8239127beab1586128b9d586da8cf26,2024-11-18T11:51:00Z,RETEST_EXPIRED,2024-11-18T07:50:00Z,,2588.38,False,False,INITIAL_CONFIRMATION_STOP,f6bddd83e6fe0125bc4cf9150033b56d13f2c0f553f072da3f4d1672330e6bd0,575088922a46abd4d067c46e77861a11144ab8d925b0f52b70cf1be8bb86983a,2597.23,,,,CONTROL_V2_FILLED_STOP,False,,2024-11-18T07:35:00Z,2597.23,2559.52,3bdd7d51ef3755efc0543914b69e4f7911391ef8806a53b7831ada2b65c8275c
33b43c0c7385a9c828d372d938cac1936d78a28667072ef38240dede781fda2c,2588.38,2024-11-18T07:35:00Z,45c0177c55525f6be5db1c6cdeedd1e61d5b2addb64bb5100eec060ed3f4fce8,2024-11-18T07:35:00Z,2587.28,2597.23,2024-12-01T00:00:00Z,2024-11-18T06:00:00Z,0.75,SHORT,0.5970459440057,-12.5,M5_LATEST_CONFIRMED_OPPOSING_SWING_ELSE_CONTROL,2024-11-18T07:35:00Z,CONFIRMED_25_75_RETEST_SPLIT,2587.28,True,23ed3957adadef427eabde6386b1b5e509d16858841c822c68eece2900987ac1,0.2533411087130565,0.2886910308590706,2024_11,-0.25,-1.0,STOP,2024-11-18T11:51:00Z,SPLIT_CONTROL_STOP_NO_RETEST,99b4632edb0a57f45f52753b3f6ef31196f5c60ad4c4d14ba89bdf1231d5a7f1,2024-11-18T11:31:00Z,RETEST_EXPIRED,2024-11-18T07:50:00Z,,2588.38,False,False,INITIAL_CONFIRMATION_STOP,9128adcb28b8f45fd6401ccb44d2369afc408c9c7e06cc7c599fb29c03858a39,575088922a46abd4d067c46e77861a11144ab8d925b0f52b70cf1be8bb86983a,2593.220607142857,1.2121428571428103,0.06060714285714052,,M5_LATEST_CONFIRMED_OPPOSING_SWING_ELSE_CONTROL,True,bb520ca138b3c937459fd58edb8f507254ebc21aed62d0eb9ba0e4ffd729fdf1,2024-11-18T07:05:00Z,2593.16,2559.52,3bdd7d51ef3755efc0543914b69e4f7911391ef8806a53b7831ada2b65c8275c
33b43c0c7385a9c828d372d938cac1936d78a28667072ef38240dede781fda2c,2588.38,2024-11-18T07:35:00Z,45c0177c55525f6be5db1c6cdeedd1e61d5b2addb64bb5100eec060ed3f4fce8,2024-11-18T07:35:00Z,2587.28,2597.23,2024-12-01T00:00:00Z,2024-11-18T06:00:00Z,0.75,SHORT,0.6054737975591817,-12.5,M15_LATEST_CONFIRMED_OPPOSING_SWING_ELSE_CONTROL,2024-11-18T07:35:00Z,CONFIRMED_25_75_RETEST_SPLIT,2587.28,True,c04fa58c13d331cc7d7306ea5e9dab894387b5472fd1179647cd8f3e4b39074e,0.2614340338500876,0.2846726146367797,2024_11,-0.25,-1.0,STOP,2024-11-18T11:51:00Z,SPLIT_CONTROL_STOP_NO_RETEST,b103eb4fbc065ccb8450efc96aa06bcac7eca9d0793adced7a2dbd35ad349250,2024-11-18T11:40:00Z,RETEST_EXPIRED,2024-11-18T07:50:00Z,,2588.38,False,False,INITIAL_CONFIRMATION_STOP,3589c583ead2a774bdfe247cf3f33b94656ba1900dcd7bc3775a4ccaa7b1ca4f,575088922a46abd4d067c46e77861a11144ab8d925b0f52b70cf1be8bb86983a,2593.304464285714,2.889285714285669,0.14446428571428346,,M15_LATEST_CONFIRMED_OPPOSING_SWING_ELSE_CONTROL,True,f1b5adf5f5747ec84e0389ecc3f5bb4bc1e601d95f0671b95c69d192a322e2a9,2024-11-18T07:30:00Z,2593.16,2559.52,3bdd7d51ef3755efc0543914b69e4f7911391ef8806a53b7831ada2b65c8275c
33b43c0c7385a9c828d372d938cac1936d78a28667072ef38240dede781fda2c,2588.38,2024-11-18T07:35:00Z,45c0177c55525f6be5db1c6cdeedd1e61d5b2addb64bb5100eec060ed3f4fce8,2024-11-18T07:35:00Z,2587.28,2597.23,2024-12-01T00:00:00Z,2024-11-18T06:00:00Z,0.75,SHORT,1.0,-12.5,CONTROL_V2_FILLED_STOP,2024-11-18T07:35:00Z,CONFIRMED_25_75_RETEST_SPLIT,2587.28,True,05e5b53cd71179e462bd18124ca3cafe2758df173b0d006d381a3ff6f6838b12,0.25150753768844086,0.1723618090452325,2024_11,-0.25,-1.0,STOP,2024-11-18T11:51:00Z,SPLIT_CONTROL_STOP_NO_RETEST,eab1462e527e41833739bc86f24e44d9a4bde4ed079ba345edd3f16ce37c4c92,2024-11-18T11:51:00Z,RETEST_EXPIRED,2024-11-18T07:50:00Z,,2588.38,False,False,INITIAL_CONFIRMATION_STOP,0f3c7e534ea69b8015b8a8b62ee76fb4545e243f1c29deeb025a092a2cccf34c,575088922a46abd4d067c46e77861a11144ab8d925b0f52b70cf1be8bb86983a,2597.23,9.229285714285684,0.4614642857142842,NOT_STRICTLY_CLOSER_THAN_CONTROL,H1_SOURCE_SWING_BUFFERED_ELSE_CONTROL,False,575088922a46abd4d067c46e77861a11144ab8d925b0f52b70cf1be8bb86983a,2024-11-18T06:00:00Z,2597.23,2559.52,3bdd7d51ef3755efc0543914b69e4f7911391ef8806a53b7831ada2b65c8275c
28a3ce133b314ececb240df848769cf22d3b8e0df997d50e4f2bd95282b2c557,2590.02,2024-11-18T11:30:00Z,44495ed254509fd61fa482f63c513367f6c5772bc3a531acb3e61faacb77409d,2024-11-18T11:30:00Z,2591.71,2580.42,2024-12-01T00:00:00Z,2024-11-18T11:00:00Z,0.0,LONG,1.0,24.446412754650133,CONTROL_V2_FILLED_STOP,2024-11-18T11:30:00Z,CONTROL_NEXT_M1_OPEN,2591.71,True,7158ec1959a5b35ae5527370eb6af644b29da3b5a5c7fd46efc96aed9d69b461,0.17714791851195805,0.4942426926483565,2024_11,0.48892825509300264,0.48892825509300264,TARGET,2024-11-18T11:51:00Z,TARGET,b68010f76fd9ee1ba7fbab3dc5633ab0b75a364f019a2940877783b8869adc51,2024-11-18T11:51:00Z,FIRST_RETEST_FILLED,2024-11-18T11:45:00Z,2024-11-18T11:35:00Z,2590.02,True,False,INITIAL_CONFIRMATION_TARGET,3ce964f4a6704cf52a99f454601fce198ce77b5a0ed926c8c8d0f595e282a65b,2e040a86e325c9f9e1924949c0855897d29fefa9a45939b1005fc731cabbf567,2580.42,,,,CONTROL_V2_FILLED_STOP,False,,2024-11-18T11:30:00Z,2580.42,2597.23,584fd7dae194cebdbd3d2bf442769633a15494a10d213b8b81c6a0b94bd60128
28a3ce133b314ececb240df848769cf22d3b8e0df997d50e4f2bd95282b2c557,2590.02,2024-11-18T11:30:00Z,44495ed254509fd61fa482f63c513367f6c5772bc3a531acb3e61faacb77409d,2024-11-18T11:30:00Z,2591.71,2580.42,2024-12-01T00:00:00Z,2024-11-18T11:00:00Z,0.20346730991987894,LONG,0.7061400733898496,34.61977825064408,M5_LATEST_CONFIRMED_OPPOSING_SWING_ELSE_CONTROL,2024-11-18T11:30:00Z,CONTROL_NEXT_M1_OPEN,2591.71,True,1d089a6e2047e39ab40d9c826a18004653b4ac66c1f8da33c3a2d4312d53a29f,0.2508679583380014,0.6999216037630148,2024_11,0.6923955650128816,0.48892825509300264,TARGET,2024-11-18T11:51:00Z,TARGET,e2d44c63cf56097d190507b2d2f3eafdb942ab1b0311f3d65204d253fee55ee5,2024-11-18T11:51:00Z,FIRST_RETEST_FILLED,2024-11-18T11:45:00Z,2024-11-18T11:35:00Z,2590.02,True,False,INITIAL_CONFIRMATION_TARGET,060a9beafafad55380bbd23b83c18bb752e1697d0bfcb849f54a74af12f6272f,2e040a86e325c9f9e1924949c0855897d29fefa9a45939b1005fc731cabbf567,2583.7376785714287,2.246428571428591,0.11232142857142956,,M5_LATEST_CONFIRMED_OPPOSING_SWING_ELSE_CONTROL,True,cbce29b5ad42744af49dea094aa6ccbef9f86dc28da683e8d6c91c4ad15b3c32,2024-11-18T11:25:00Z,2583.85,2597.23,584fd7dae194cebdbd3d2bf442769633a15494a10d213b8b81c6a0b94bd60128
28a3ce133b314ececb240df848769cf22d3b8e0df997d50e4f2bd95282b2c557,2590.02,2024-11-18T11:30:00Z,44495ed254509fd61fa482f63c513367f6c5772bc3a531acb3e61faacb77409d,2024-11-18T11:30:00Z,2591.71,2580.42,2024-12-01T00:00:00Z,2024-11-18T11:00:00Z,0.18632175255247807,LONG,0.7240699734278262,33.762500382274034,M15_LATEST_CONFIRMED_OPPOSING_SWING_ELSE_CONTROL,2024-11-18T11:30:00Z,CONTROL_NEXT_M1_OPEN,2591.71,True,9bea9bc9b021a1f7d9aa153029d285ee170719e0ffb443666f80fac966ea4880,0.24465579987155178,0.6825896816416206,2024_11,0.6752500076454807,0.48892825509300264,TARGET,2024-11-18T11:51:00Z,TARGET,1891ec95401404e6315fab074328d21452823573ef0fc6a09e40fe4e2e5a29b9,2024-11-18T11:51:00Z,FIRST_RETEST_FILLED,2024-11-18T11:45:00Z,2024-11-18T11:35:00Z,2590.02,True,False,INITIAL_CONFIRMATION_TARGET,78dbe34100672b45f37b67f26560ce9c61dda800a7da609f0cdfaa10b5689167,2e040a86e325c9f9e1924949c0855897d29fefa9a45939b1005fc731cabbf567,2583.53525,3.4949999999999557,0.1747499999999978,,M15_LATEST_CONFIRMED_OPPOSING_SWING_ELSE_CONTROL,True,1cccf3a3900dc21ecabc85f06d4d88106cc1245bc42de62f1ea120e51bd48c0b,2024-11-18T11:30:00Z,2583.71,2597.23,584fd7dae194cebdbd3d2bf442769633a15494a10d213b8b81c6a0b94bd60128
28a3ce133b314ececb240df848769cf22d3b8e0df997d50e4f2bd95282b2c557,2590.02,2024-11-18T11:30:00Z,44495ed254509fd61fa482f63c513367f6c5772bc3a531acb3e61faacb77409d,2024-11-18T11:30:00Z,2591.71,2580.42,2024-12-01T00:00:00Z,2024-11-18T11:00:00Z,0.0,LONG,1.0,24.446412754650133,CONTROL_V2_FILLED_STOP,2024-11-18T11:30:00Z,CONTROL_NEXT_M1_OPEN,2591.71,True,87c326c4c09a378f3fd33aa9c3a99a4d26fa16047342857d1a3ecf6104093aa1,0.17714791851195805,0.4942426926483565,2024_11,0.48892825509300264,0.48892825509300264,TARGET,2024-11-18T11:51:00Z,TARGET,4334b85753eb67506fa219b041f949a581a4ef18631fb184018a34421fb443c1,2024-11-18T11:51:00Z,FIRST_RETEST_FILLED,2024-11-18T11:45:00Z,2024-11-18T11:35:00Z,2590.02,True,False,INITIAL_CONFIRMATION_TARGET,7f51f29112aca9fe650186e1fcaa98e394feb6bcca0786decd1d9d13438929d4,2e040a86e325c9f9e1924949c0855897d29fefa9a45939b1005fc731cabbf567,2580.42,7.795714285714212,0.3897857142857106,NOT_STRICTLY_CLOSER_THAN_CONTROL,H1_SOURCE_SWING_BUFFERED_ELSE_CONTROL,False,2e040a86e325c9f9e1924949c0855897d29fefa9a45939b1005fc731cabbf567,2024-11-18T11:00:00Z,2580.42,2597.23,584fd7dae194cebdbd3d2bf442769633a15494a10d213b8b81c6a0b94bd60128
28a3ce133b314ececb240df848769cf22d3b8e0df997d50e4f2bd95282b2c557,2590.02,2024-11-18T11:30:00Z,44495ed254509fd61fa482f63c513367f6c5772bc3a531acb3e61faacb77409d,2024-11-18T11:30:00Z,2591.71,2580.42,2024-12-01T00:00:00Z,2024-11-18T11:00:00Z,0.26211341157367496,LONG,1.0,37.55208333333388,CONTROL_V2_FILLED_STOP,2024-11-18T11:35:00Z,M5_BROKEN_CONTROL_FIRST_RETEST,2590.02,True,7158ec1959a5b35ae5527370eb6af644b29da3b5a5c7fd46efc96aed9d69b461,0.032291666666661285,0.7572916666666719,2024_11,0.7510416666666776,0.48892825509300264,TARGET,2024-11-18T11:51:00Z,TARGET,a4c62cf8e4f060dbb020dcef6a8024ead59c4ea84b854ec6e5bf293e3104e685,2024-11-18T11:51:00Z,FIRST_RETEST_FILLED,2024-11-18T11:45:00Z,2024-11-18T11:35:00Z,2590.02,True,True,INITIAL_CONFIRMATION_TARGET,d528c223c05ab836414500c2667896140db3c9dcda00f99466fc59ff7acc531b,2e040a86e325c9f9e1924949c0855897d29fefa9a45939b1005fc731cabbf567,2580.42,,,,CONTROL_V2_FILLED_STOP,False,,2024-11-18T11:30:00Z,2580.42,2597.23,584fd7dae194cebdbd3d2bf442769633a15494a10d213b8b81c6a0b94bd60128
28a3ce133b314ececb240df848769cf22d3b8e0df997d50e4f2bd95282b2c557,2590.02,2024-11-18T11:30:00Z,44495ed254509fd61fa482f63c513367f6c5772bc3a531acb3e61faacb77409d,2024-11-18T11:30:00Z,2591.71,2580.42,2024-12-01T00:00:00Z,2024-11-18T11:00:00Z,0.658736677683237,LONG,0.7061400733898496,57.38324663881198,M5_LATEST_CONFIRMED_OPPOSING_SWING_ELSE_CONTROL,2024-11-18T11:35:00Z,M5_BROKEN_CONTROL_FIRST_RETEST,2590.02,True,1d089a6e2047e39ab40d9c826a18004653b4ac66c1f8da33c3a2d4312d53a29f,0.04934481680451732,1.1572155424803328,2024_11,1.1476649327762396,0.48892825509300264,TARGET,2024-11-18T11:51:00Z,TARGET,e2793747597ff50ca97a6f9fe5795a967476117ec2ae47fd4c726d43b5913db8,2024-11-18T11:51:00Z,FIRST_RETEST_FILLED,2024-11-18T11:45:00Z,2024-11-18T11:35:00Z,2590.02,True,True,INITIAL_CONFIRMATION_TARGET,7013f37d1c0eaa2daffef33fad15863c9ab43ad60c64811c8e3787902ad79834,2e040a86e325c9f9e1924949c0855897d29fefa9a45939b1005fc731cabbf567,2583.7376785714287,2.246428571428591,0.11232142857142956,,M5_LATEST_CONFIRMED_OPPOSING_SWING_ELSE_CONTROL,True,cbce29b5ad42744af49dea094aa6ccbef9f86dc28da683e8d6c91c4ad15b3c32,2024-11-18T11:25:00Z,2583.85,2597.23,584fd7dae194cebdbd3d2bf442769633a15494a10d213b8b81c6a0b94bd60128
28a3ce133b314ececb240df848769cf22d3b8e0df997d50e4f2bd95282b2c557,2590.02,2024-11-18T11:30:00Z,44495ed254509fd61fa482f63c513367f6c5772bc3a531acb3e61faacb77409d,2024-11-18T11:30:00Z,2591.71,2580.42,2024-12-01T00:00:00Z,2024-11-18T11:00:00Z,0.6229110602236944,LONG,0.7240699734278262,55.59196576583485,M15_LATEST_CONFIRMED_OPPOSING_SWING_ELSE_CONTROL,2024-11-18T11:35:00Z,M5_BROKEN_CONTROL_FIRST_RETEST,2590.02,True,9bea9bc9b021a1f7d9aa153029d285ee170719e0ffb443666f80fac966ea4880,0.04780446432012672,1.1210917922818762,2024_11,1.111839315316697,0.48892825509300264,TARGET,2024-11-18T11:51:00Z,TARGET,b00daa975d2e6c2d4fe993999b4973a66d7b286fc612c23faa4316754804b30f,2024-11-18T11:51:00Z,FIRST_RETEST_FILLED,2024-11-18T11:45:00Z,2024-11-18T11:35:00Z,2590.02,True,True,INITIAL_CONFIRMATION_TARGET,d4020ed76bf07268f9812f71eb0e0427260b9907c003405f39641bf23affbef2,2e040a86e325c9f9e1924949c0855897d29fefa9a45939b1005fc731cabbf567,2583.53525,3.4949999999999557,0.1747499999999978,,M15_LATEST_CONFIRMED_OPPOSING_SWING_ELSE_CONTROL,True,1cccf3a3900dc21ecabc85f06d4d88106cc1245bc42de62f1ea120e51bd48c0b,2024-11-18T11:30:00Z,2583.71,2597.23,584fd7dae194cebdbd3d2bf442769633a15494a10d213b8b81c6a0b94bd60128
28a3ce133b314ececb240df848769cf22d3b8e0df997d50e4f2bd95282b2c557,2590.02,2024-11-18T11:30:00Z,44495ed254509fd61fa482f63c513367f6c5772bc3a531acb3e61faacb77409d,2024-11-18T11:30:00Z,2591.71,2580.42,2024-12-01T00:00:00Z,2024-11-18T11:00:00Z,0.26211341157367496,LONG,1.0,37.55208333333388,CONTROL_V2_FILLED_STOP,2024-11-18T11:35:00Z,M5_BROKEN_CONTROL_FIRST_RETEST,2590.02,True,87c326c4c09a378f3fd33aa9c3a99a4d26fa16047342857d1a3ecf6104093aa1,0.032291666666661285,0.7572916666666719,2024_11,0.7510416666666776,0.48892825509300264,TARGET,2024-11-18T11:51:00Z,TARGET,c540c3582f6bfb655ee68c10fca9f14e2cf1b03b08394d4e79bb393a6d0bfc12,2024-11-18T11:51:00Z,FIRST_RETEST_FILLED,2024-11-18T11:45:00Z,2024-11-18T11:35:00Z,2590.02,True,True,INITIAL_CONFIRMATION_TARGET,f9074a1dec257973dfeb208d868625f614dc9af6ea6848467ee497eb5ed81770,2e040a86e325c9f9e1924949c0855897d29fefa9a45939b1005fc731cabbf567,2580.42,7.795714285714212,0.3897857142857106,NOT_STRICTLY_CLOSER_THAN_CONTROL,H1_SOURCE_SWING_BUFFERED_ELSE_CONTROL,False,2e040a86e325c9f9e1924949c0855897d29fefa9a45939b1005fc731cabbf567,2024-11-18T11:00:00Z,2580.42,2597.23,584fd7dae194cebdbd3d2bf442769633a15494a10d213b8b81c6a0b94bd60128
28a3ce133b314ececb240df848769cf22d3b8e0df997d50e4f2bd95282b2c557,2590.02,2024-11-18T11:30:00Z,44495ed254509fd61fa482f63c513367f6c5772bc3a531acb3e61faacb77409d,2024-11-18T11:30:00Z,2591.71,2580.42,2024-12-01T00:00:00Z,2024-11-18T11:00:00Z,0.19658505868025622,LONG,1.0,34.27566568866294,CONTROL_V2_FILLED_STOP,2024-11-18T11:30:00Z,CONFIRMED_25_75_RETEST_SPLIT,2591.71,True,7158ec1959a5b35ae5527370eb6af644b29da3b5a5c7fd46efc96aed9d69b461,0.06850572962798548,0.691529423162093,2024_11,0.6855133137732589,0.48892825509300264,TARGET,2024-11-18T11:51:00Z,SPLIT_TARGET_TARGET,a79a3ac7f7f60de63ce76668729a2e16427c6fa7323c24f6e436ecf150fddefd,2024-11-18T11:51:00Z,FIRST_RETEST_FILLED,2024-11-18T11:45:00Z,2024-11-18T11:35:00Z,2590.02,True,True,INITIAL_CONFIRMATION_TARGET,97e91e0f76d36b8796596c65d6cbf5cd742ce5b0c0e32bea1acfd8df7fb2e7ba,2e040a86e325c9f9e1924949c0855897d29fefa9a45939b1005fc731cabbf567,2580.42,,,,CONTROL_V2_FILLED_STOP,False,,2024-11-18T11:30:00Z,2580.42,2597.23,584fd7dae194cebdbd3d2bf442769633a15494a10d213b8b81c6a0b94bd60128
28a3ce133b314ececb240df848769cf22d3b8e0df997d50e4f2bd95282b2c557,2590.02,2024-11-18T11:30:00Z,44495ed254509fd61fa482f63c513367f6c5772bc3a531acb3e61faacb77409d,2024-11-18T11:30:00Z,2591.71,2580.42,2024-12-01T00:00:00Z,2024-11-18T11:00:00Z,0.5449193357423975,LONG,0.7061400733898496,51.69237954177001,M5_LATEST_CONFIRMED_OPPOSING_SWING_ELSE_CONTROL,2024-11-18T11:30:00Z,CONFIRMED_25_75_RETEST_SPLIT,2591.71,True,1d089a6e2047e39ab40d9c826a18004653b4ac66c1f8da33c3a2d4312d53a29f,0.09972560218788834,1.0428920578010032,2024_11,1.0338475908354001,0.48892825509300264,TARGET,2024-11-18T11:51:00Z,SPLIT_TARGET_TARGET,5aa8fe351f82634053af0ac9709c2b7d77a0d16f06c45d014d4e319ede1604cf,2024-11-18T11:51:00Z,FIRST_RETEST_FILLED,2024-11-18T11:45:00Z,2024-11-18T11:35:00Z,2590.02,True,True,INITIAL_CONFIRMATION_TARGET,74fafabb68585d6d5f8a77d4a1e6f33b352549561035b4dbeeff874b06ece52d,2e040a86e325c9f9e1924949c0855897d29fefa9a45939b1005fc731cabbf567,2583.7376785714287,2.246428571428591,0.11232142857142956,,M5_LATEST_CONFIRMED_OPPOSING_SWING_ELSE_CONTROL,True,cbce29b5ad42744af49dea094aa6ccbef9f86dc28da683e8d6c91c4ad15b3c32,2024-11-18T11:25:00Z,2583.85,2597.23,584fd7dae194cebdbd3d2bf442769633a15494a10d213b8b81c6a0b94bd60128
28a3ce133b314ececb240df848769cf22d3b8e0df997d50e4f2bd95282b2c557,2590.02,2024-11-18T11:30:00Z,44495ed254509fd61fa482f63c513367f6c5772bc3a531acb3e61faacb77409d,2024-11-18T11:30:00Z,2591.71,2580.42,2024-12-01T00:00:00Z,2024-11-18T11:00:00Z,0.5137637333058903,LONG,0.7240699734278262,50.13459941994465,M15_LATEST_CONFIRMED_OPPOSING_SWING_ELSE_CONTROL,2024-11-18T11:30:00Z,CONFIRMED_25_75_RETEST_SPLIT,2591.71,True,9bea9bc9b021a1f7d9aa153029d285ee170719e0ffb443666f80fac966ea4880,0.097017298207983,1.0114662646218122,2024_11,1.002691988398893,0.48892825509300264,TARGET,2024-11-18T11:51:00Z,SPLIT_TARGET_TARGET,8d0e0d36e552ea90354d5609b26515260dd00c704859b5c7eca006eb628af37c,2024-11-18T11:51:00Z,FIRST_RETEST_FILLED,2024-11-18T11:45:00Z,2024-11-18T11:35:00Z,2590.02,True,True,INITIAL_CONFIRMATION_TARGET,1580e39696bb409a499aa9ed9520f91620af87abdc9e0b9133dd7c0a87ac7a57,2e040a86e325c9f9e1924949c0855897d29fefa9a45939b1005fc731cabbf567,2583.53525,3.4949999999999557,0.1747499999999978,,M15_LATEST_CONFIRMED_OPPOSING_SWING_ELSE_CONTROL,True,1cccf3a3900dc21ecabc85f06d4d88106cc1245bc42de62f1ea120e51bd48c0b,2024-11-18T11:30:00Z,2583.71,2597.23,584fd7dae194cebdbd3d2bf442769633a15494a10d213b8b81c6a0b94bd60128
28a3ce133b314ececb240df848769cf22d3b8e0df997d50e4f2bd95282b2c557,2590.02,2024-11-18T11:30:00Z,44495ed254509fd61fa482f63c513367f6c5772bc3a531acb3e61faacb77409d,2024-11-18T11:30:00Z,2591.71,2580.42,2024-12-01T00:00:00Z,2024-11-18T11:00:00Z,0.19658505868025622,LONG,1.0,34.27566568866294,CONTROL_V2_FILLED_STOP,2024-11-18T11:30:00Z,CONFIRMED_25_75_RETEST_SPLIT,2591.71,True,87c326c4c09a378f3fd33aa9c3a99a4d26fa16047342857d1a3ecf6104093aa1,0.06850572962798548,0.691529423162093,2024_11,0.6855133137732589,0.48892825509300264,TARGET,2024-11-18T11:51:00Z,SPLIT_TARGET_TARGET,611ac63c69a1f7a0b218fef2acd9221115750369ec1c883472427d080410246e,2024-11-18T11:51:00Z,FIRST_RETEST_FILLED,2024-11-18T11:45:00Z,2024-11-18T11:35:00Z,2590.02,True,True,INITIAL_CONFIRMATION_TARGET,a78bae62a621ae56d6e2307ecdae44e7f471676c112696eacce4f0fe80ac7dfe,2e040a86e325c9f9e1924949c0855897d29fefa9a45939b1005fc731cabbf567,2580.42,7.795714285714212,0.3897857142857106,NOT_STRICTLY_CLOSER_THAN_CONTROL,H1_SOURCE_SWING_BUFFERED_ELSE_CONTROL,False,2e040a86e325c9f9e1924949c0855897d29fefa9a45939b1005fc731cabbf567,2024-11-18T11:00:00Z,2580.42,2597.23,584fd7dae194cebdbd3d2bf442769633a15494a10d213b8b81c6a0b94bd60128
e68661967772d0dbd759f0341bfc7154827c06c944a2b85c58bd1395fc5d0a0a,2621.67,2024-11-19T09:10:00Z,1077fd7a45b75c180afb85d12cda28b45e62b93dbde983cadccb3d3d9e5a4e9d,2024-11-19T09:10:00Z,2620.12,2626.72,2024-12-01T00:00:00Z,2024-11-19T08:00:00Z,0.0,SHORT,1.0,-50.0,CONTROL_V2_FILLED_STOP,2024-11-19T09:10:00Z,CONTROL_NEXT_M1_OPEN,2620.12,True,bdb90f01de0af8161a00085734d27ff881c469ba6949722c641da9a328cefbeb,1.0121212121212702,0.3590909090908975,2024_11,-1.0,-1.0,STOP,2024-11-19T10:43:00Z,STOP,cbf57163f51dce94f773ead6768f5b61f19eed2a2cb97f128b8a1a8498a3bb6c,2024-11-19T10:43:00Z,RETEST_EXPIRED,2024-11-19T09:25:00Z,,2621.67,False,False,RECLAIM_CONFIRMATION_STOP,07b71cfdd1afa94ad87c34b4ee6575cae95598f3364b78fff4896cee83febe0e,7afe1159689f2833ca9d313a3b54f0ddb761dbe5a9f3406a778ba71bc3fe83f4,2626.72,,,,CONTROL_V2_FILLED_STOP,False,,2024-11-19T09:10:00Z,2626.72,2580.42,176de30af3e9bb2192d4a2d4d806a7afb6ca5959aec9f155e4802ca56c948a86
e68661967772d0dbd759f0341bfc7154827c06c944a2b85c58bd1395fc5d0a0a,2621.67,2024-11-19T09:10:00Z,1077fd7a45b75c180afb85d12cda28b45e62b93dbde983cadccb3d3d9e5a4e9d,2024-11-19T09:10:00Z,2620.12,2626.72,2024-12-01T00:00:00Z,2024-11-19T08:00:00Z,0.0,SHORT,1.0,-50.0,CONTROL_V2_FILLED_STOP,2024-11-19T09:10:00Z,CONTROL_NEXT_M1_OPEN,2620.12,True,f2ddb3b4d61fa7f134aff3c055487418b3a436f44f2608c28ca7cdb458ebce3f,1.0121212121212702,0.3590909090908975,2024_11,-1.0,-1.0,STOP,2024-11-19T10:43:00Z,STOP,f1a0d0b1c5312d096ffde8afd6bfbf38b04f78f43126d314d8f3e79d1490da8b,2024-11-19T10:43:00Z,RETEST_EXPIRED,2024-11-19T09:25:00Z,,2621.67,False,False,RECLAIM_CONFIRMATION_STOP,7052da43d24013944d219eb3d28c466b534d7d614211ae5a19b4a16173e099ae,7afe1159689f2833ca9d313a3b54f0ddb761dbe5a9f3406a778ba71bc3fe83f4,2626.72,1.7900000000000935,0.08950000000000469,NOT_STRICTLY_CLOSER_THAN_CONTROL,M5_LATEST_CONFIRMED_OPPOSING_SWING_ELSE_CONTROL,False,6efb608e2d075e6d770863e33b8c65e6b4154bccbeb67e58692f5476d3b5c571,2024-11-19T09:05:00Z,2626.7,2580.42,176de30af3e9bb2192d4a2d4d806a7afb6ca5959aec9f155e4802ca56c948a86
e68661967772d0dbd759f0341bfc7154827c06c944a2b85c58bd1395fc5d0a0a,2621.67,2024-11-19T09:10:00Z,1077fd7a45b75c180afb85d12cda28b45e62b93dbde983cadccb3d3d9e5a4e9d,2024-11-19T09:10:00Z,2620.12,2626.72,2024-12-01T00:00:00Z,2024-11-19T08:00:00Z,0.0,SHORT,0.7193777056277588,-50.0,M15_LATEST_CONFIRMED_OPPOSING_SWING_ELSE_CONTROL,2024-11-19T09:10:00Z,CONTROL_NEXT_M1_OPEN,2620.12,True,88fd29745367bc0a488e8c0e2b7f489b744768491bf82e247c22cee11dfccdd9,1.1626210123287037,0.49916880420632426,2024_11,-1.0,-1.0,STOP,2024-11-19T10:43:00Z,STOP,af05261e27dda86c3df959a918b8941454594f3238e1720c4e3a2bce45e36813,2024-11-19T10:42:00Z,RETEST_EXPIRED,2024-11-19T09:25:00Z,,2621.67,False,False,RECLAIM_CONFIRMATION_STOP,0a99b87a788a3b176647aaac457bc4235c3890269b7f6a3b1752ee22e1c6dfbf,7afe1159689f2833ca9d313a3b54f0ddb761dbe5a9f3406a778ba71bc3fe83f4,2624.867892857143,2.3578571428571258,0.1178928571428563,,M15_LATEST_CONFIRMED_OPPOSING_SWING_ELSE_CONTROL,True,666144030fa59d4d40a98cec7b91632a23a9dcc7d3b206755c7fa7575c023cc3,2024-11-19T08:45:00Z,2624.75,2580.42,176de30af3e9bb2192d4a2d4d806a7afb6ca5959aec9f155e4802ca56c948a86
e68661967772d0dbd759f0341bfc7154827c06c944a2b85c58bd1395fc5d0a0a,2621.67,2024-11-19T09:10:00Z,1077fd7a45b75c180afb85d12cda28b45e62b93dbde983cadccb3d3d9e5a4e9d,2024-11-19T09:10:00Z,2620.12,2626.72,2024-12-01T00:00:00Z,2024-11-19T08:00:00Z,0.0,SHORT,0.8567586580086486,-50.0,H1_SOURCE_SWING_BUFFERED_ELSE_CONTROL,2024-11-19T09:10:00Z,CONTROL_NEXT_M1_OPEN,2620.12,True,e7db7cb20a6d2c5aee9ffa136548aaac6aeb4ca50c958659cd6e9da55e089b98,1.181337594502667,0.41912726032501046,2024_11,-1.0,-1.0,STOP,2024-11-19T10:43:00Z,STOP,5b3b7a11134c62c0faa2d794427958f840b1c5515f4d4e7a403ba4648b828d2b,2024-11-19T10:43:00Z,RETEST_EXPIRED,2024-11-19T09:25:00Z,,2621.67,False,False,RECLAIM_CONFIRMATION_STOP,2999072eab8e23b3443374b56be4c93fdaeecffc2bfb2cc0181042f7fd7590c6,7afe1159689f2833ca9d313a3b54f0ddb761dbe5a9f3406a778ba71bc3fe83f4,2625.774607142857,4.692142857142796,0.23460714285713982,,H1_SOURCE_SWING_BUFFERED_ELSE_CONTROL,True,7afe1159689f2833ca9d313a3b54f0ddb761dbe5a9f3406a778ba71bc3fe83f4,2024-11-19T08:00:00Z,2625.54,2580.42,176de30af3e9bb2192d4a2d4d806a7afb6ca5959aec9f155e4802ca56c948a86
e68661967772d0dbd759f0341bfc7154827c06c944a2b85c58bd1395fc5d0a0a,2621.67,2024-11-19T09:10:00Z,1077fd7a45b75c180afb85d12cda28b45e62b93dbde983cadccb3d3d9e5a4e9d,2024-11-19T09:10:00Z,2620.12,2626.72,2024-12-01T00:00:00Z,2024-11-19T08:00:00Z,1.0,SHORT,1.0,0.0,CONTROL_V2_FILLED_STOP,,M5_BROKEN_CONTROL_FIRST_RETEST,,False,bdb90f01de0af8161a00085734d27ff881c469ba6949722c641da9a328cefbeb,,,2024_11,0.0,-1.0,STOP,2024-11-19T10:43:00Z,NO_FILL,3f21767d38dd7a14e14391b350b8e6c3af7cfca12f7e4616fdd65fc8cd66405f,,RETEST_EXPIRED,2024-11-19T09:25:00Z,,2621.67,False,False,RECLAIM_CONFIRMATION_STOP,0cf6395e494eff9d1e8fb5ba13d4ec1a30aa8ae999a6a1a9d2ced2a414034e40,7afe1159689f2833ca9d313a3b54f0ddb761dbe5a9f3406a778ba71bc3fe83f4,2626.72,,,,CONTROL_V2_FILLED_STOP,False,,2024-11-19T09:10:00Z,2626.72,2580.42,176de30af3e9bb2192d4a2d4d806a7afb6ca5959aec9f155e4802ca56c948a86
e68661967772d0dbd759f0341bfc7154827c06c944a2b85c58bd1395fc5d0a0a,2621.67,2024-11-19T09:10:00Z,1077fd7a45b75c180afb85d12cda28b45e62b93dbde983cadccb3d3d9e5a4e9d,2024-11-19T09:10:00Z,2620.12,2626.72,2024-12-01T00:00:00Z,2024-11-19T08:00:00Z,1.0,SHORT,1.0,0.0,CONTROL_V2_FILLED_STOP,,M5_BROKEN_CONTROL_FIRST_RETEST,,False,f2ddb3b4d61fa7f134aff3c055487418b3a436f44f2608c28ca7cdb458ebce3f,,,2024_11,0.0,-1.0,STOP,2024-11-19T10:43:00Z,NO_FILL,e19bffe8711127b15a63ebcbcadfa7924b5db4dca655229f70759168abc21c68,,RETEST_EXPIRED,2024-11-19T09:25:00Z,,2621.67,False,False,RECLAIM_CONFIRMATION_STOP,23569bf4792bf1e8a7e6d34a86dfea32a74f62839846ad53d4cf9747dfb8e5b9,7afe1159689f2833ca9d313a3b54f0ddb761dbe5a9f3406a778ba71bc3fe83f4,2626.72,1.7900000000000935,0.08950000000000469,NOT_STRICTLY_CLOSER_THAN_CONTROL,M5_LATEST_CONFIRMED_OPPOSING_SWING_ELSE_CONTROL,False,6efb608e2d075e6d770863e33b8c65e6b4154bccbeb67e58692f5476d3b5c571,2024-11-19T09:05:00Z,2626.7,2580.42,176de30af3e9bb2192d4a2d4d806a7afb6ca5959aec9f155e4802ca56c948a86
e68661967772d0dbd759f0341bfc7154827c06c944a2b85c58bd1395fc5d0a0a,2621.67,2024-11-19T09:10:00Z,1077fd7a45b75c180afb85d12cda28b45e62b93dbde983cadccb3d3d9e5a4e9d,2024-11-19T09:10:00Z,2620.12,2626.72,2024-12-01T00:00:00Z,2024-11-19T08:00:00Z,1.0,SHORT,0.7193777056277588,0.0,M15_LATEST_CONFIRMED_OPPOSING_SWING_ELSE_CONTROL,,M5_BROKEN_CONTROL_FIRST_RETEST,,False,88fd29745367bc0a488e8c0e2b7f489b744768491bf82e247c22cee11dfccdd9,,,2024_11,0.0,-1.0,STOP,2024-11-19T10:43:00Z,NO_FILL,a47d22c5f22abc65670f17ce43333b7e574448da413a0633ba2d420a0f2f2a99,,RETEST_EXPIRED,2024-11-19T09:25:00Z,,2621.67,False,False,RECLAIM_CONFIRMATION_STOP,d98ddeb55023320b153fa109399713e88d9fa5fcfbfdfb93ca59d9e7b764ac40,7afe1159689f2833ca9d313a3b54f0ddb761dbe5a9f3406a778ba71bc3fe83f4,2624.867892857143,2.3578571428571258,0.1178928571428563,,M15_LATEST_CONFIRMED_OPPOSING_SWING_ELSE_CONTROL,True,666144030fa59d4d40a98cec7b91632a23a9dcc7d3b206755c7fa7575c023cc3,2024-11-19T08:45:00Z,2624.75,2580.42,176de30af3e9bb2192d4a2d4d806a7afb6ca5959aec9f155e4802ca56c948a86
e68661967772d0dbd759f0341bfc7154827c06c944a2b85c58bd1395fc5d0a0a,2621.67,2024-11-19T09:10:00Z,1077fd7a45b75c180afb85d12cda28b45e62b93dbde983cadccb3d3d9e5a4e9d,2024-11-19T09:10:00Z,2620.12,2626.72,2024-12-01T00:00:00Z,2024-11-19T08:00:00Z,1.0,SHORT,0.8567586580086486,0.0,H1_SOURCE_SWING_BUFFERED_ELSE_CONTROL,,M5_BROKEN_CONTROL_FIRST_RETEST,,False,e7db7cb20a6d2c5aee9ffa136548aaac6aeb4ca50c958659cd6e9da55e089b98,,,2024_11,0.0,-1.0,STOP,2024-11-19T10:43:00Z,NO_FILL,90a7989c6db8e59c8a49de06e4f4f8ea85f8ed5a0d690911f1220088784621a2,,RETEST_EXPIRED,2024-11-19T09:25:00Z,,2621.67,False,False,RECLAIM_CONFIRMATION_STOP,d16b629281c17ee5bc5fb51cd299dfe39b1b120b6126ca87514fe4febc64d3c5,7afe1159689f2833ca9d313a3b54f0ddb761dbe5a9f3406a778ba71bc3fe83f4,2625.774607142857,4.692142857142796,0.23460714285713982,,H1_SOURCE_SWING_BUFFERED_ELSE_CONTROL,True,7afe1159689f2833ca9d313a3b54f0ddb761dbe5a9f3406a778ba71bc3fe83f4,2024-11-19T08:00:00Z,2625.54,2580.42,176de30af3e9bb2192d4a2d4d806a7afb6ca5959aec9f155e4802ca56c948a86
e68661967772d0dbd759f0341bfc7154827c06c944a2b85c58bd1395fc5d0a0a,2621.67,2024-11-19T09:10:00Z,1077fd7a45b75c180afb85d12cda28b45e62b93dbde983cadccb3d3d9e5a4e9d,2024-11-19T09:10:00Z,2620.12,2626.72,2024-12-01T00:00:00Z,2024-11-19T08:00:00Z,0.75,SHORT,1.0,-12.5,CONTROL_V2_FILLED_STOP,2024-11-19T09:10:00Z,CONFIRMED_25_75_RETEST_SPLIT,2620.12,True,bdb90f01de0af8161a00085734d27ff881c469ba6949722c641da9a328cefbeb,0.25303030303031754,0.08977272727272438,2024_11,-0.25,-1.0,STOP,2024-11-19T10:43:00Z,SPLIT_CONTROL_STOP_NO_RETEST,f58f96ec15f905e6b79a1ac40e4acf5fd3e86bc316820b3c1f6cd3ff67e4df53,2024-11-19T10:43:00Z,RETEST_EXPIRED,2024-11-19T09:25:00Z,,2621.67,False,False,RECLAIM_CONFIRMATION_STOP,81499b01378e6bd7caae29e678ced29e0ce15abb68dcf0ff15753ddf108b5dd1,7afe1159689f2833ca9d313a3b54f0ddb761dbe5a9f3406a778ba71bc3fe83f4,2626.72,,,,CONTROL_V2_FILLED_STOP,False,,2024-11-19T09:10:00Z,2626.72,2580.42,176de30af3e9bb2192d4a2d4d806a7afb6ca5959aec9f155e4802ca56c948a86
e68661967772d0dbd759f0341bfc7154827c06c944a2b85c58bd1395fc5d0a0a,2621.67,2024-11-19T09:10:00Z,1077fd7a45b75c180afb85d12cda28b45e62b93dbde983cadccb3d3d9e5a4e9d,2024-11-19T09:10:00Z,2620.12,2626.72,2024-12-01T00:00:00Z,2024-11-19T08:00:00Z,0.75,SHORT,1.0,-12.5,CONTROL_V2_FILLED_STOP,2024-11-19T09:10:00Z,CONFIRMED_25_75_RETEST_SPLIT,2620.12,True,f2ddb3b4d61fa7f134aff3c055487418b3a436f44f2608c28ca7cdb458ebce3f,0.25303030303031754,0.08977272727272438,2024_11,-0.25,-1.0,STOP,2024-11-19T10:43:00Z,SPLIT_CONTROL_STOP_NO_RETEST,77f5a2c4defa32355d1e22d0478e9e15a8248e44f13903900dc55d3a1113624a,2024-11-19T10:43:00Z,RETEST_EXPIRED,2024-11-19T09:25:00Z,,2621.67,False,False,RECLAIM_CONFIRMATION_STOP,8909c98cdbb43a3dd8ad517d410395b819bc173b8447b6e36baec7b32d2df774,7afe1159689f2833ca9d313a3b54f0ddb761dbe5a9f3406a778ba71bc3fe83f4,2626.72,1.7900000000000935,0.08950000000000469,NOT_STRICTLY_CLOSER_THAN_CONTROL,M5_LATEST_CONFIRMED_OPPOSING_SWING_ELSE_CONTROL,False,6efb608e2d075e6d770863e33b8c65e6b4154bccbeb67e58692f5476d3b5c571,2024-11-19T09:05:00Z,2626.7,2580.42,176de30af3e9bb2192d4a2d4d806a7afb6ca5959aec9f155e4802ca56c948a86
e68661967772d0dbd759f0341bfc7154827c06c944a2b85c58bd1395fc5d0a0a,2621.67,2024-11-19T09:10:00Z,1077fd7a45b75c180afb85d12cda28b45e62b93dbde983cadccb3d3d9e5a4e9d,2024-11-19T09:10:00Z,2620.12,2626.72,2024-12-01T00:00:00Z,2024-11-19T08:00:00Z,0.75,SHORT,0.7193777056277588,-12.5,M15_LATEST_CONFIRMED_OPPOSING_SWING_ELSE_CONTROL,2024-11-19T09:10:00Z,CONFIRMED_25_75_RETEST_SPLIT,2620.12,True,88fd29745367bc0a488e8c0e2b7f489b744768491bf82e247c22cee11dfccdd9,0.29065525308217594,0.12479220105158106,2024_11,-0.25,-1.0,STOP,2024-11-19T10:43:00Z,SPLIT_CONTROL_STOP_NO_RETEST,e42d07bae339810f0a0d613941d0f82e44a020976eedf37fee435887418542ed,2024-11-19T10:42:00Z,RETEST_EXPIRED,2024-11-19T09:25:00Z,,2621.67,False,False,RECLAIM_CONFIRMATION_STOP,b094d55077d0a3538413ed1f4cb154f7defe7d8d91b2b997269b754f6914d1a6,7afe1159689f2833ca9d313a3b54f0ddb761dbe5a9f3406a778ba71bc3fe83f4,2624.867892857143,2.3578571428571258,0.1178928571428563,,M15_LATEST_CONFIRMED_OPPOSING_SWING_ELSE_CONTROL,True,666144030fa59d4d40a98cec7b91632a23a9dcc7d3b206755c7fa7575c023cc3,2024-11-19T08:45:00Z,2624.75,2580.42,176de30af3e9bb2192d4a2d4d806a7afb6ca5959aec9f155e4802ca56c948a86
e68661967772d0dbd759f0341bfc7154827c06c944a2b85c58bd1395fc5d0a0a,2621.67,2024-11-19T09:10:00Z,1077fd7a45b75c180afb85d12cda28b45e62b93dbde983cadccb3d3d9e5a4e9d,2024-11-19T09:10:00Z,2620.12,2626.72,2024-12-01T00:00:00Z,2024-11-19T08:00:00Z,0.75,SHORT,0.8567586580086486,-12.5,H1_SOURCE_SWING_BUFFERED_ELSE_CONTROL,2024-11-19T09:10:00Z,CONFIRMED_25_75_RETEST_SPLIT,2620.12,True,e7db7cb20a6d2c5aee9ffa136548aaac6aeb4ca50c958659cd6e9da55e089b98,0.29533439862566674,0.10478181508125262,2024_11,-0.25,-1.0,STOP,2024-11-19T10:43:00Z,SPLIT_CONTROL_STOP_NO_RETEST,1abc612a36ca78ca41af4d50b9d6bd62e20ec1f2060d524b38605bc3dd1e3f87,2024-11-19T10:43:00Z,RETEST_EXPIRED,2024-11-19T09:25:00Z,,2621.67,False,False,RECLAIM_CONFIRMATION_STOP,575c16fbfd26b78e0affa6850633671df20e508c229adc525d7b976d35e3ac5e,7afe1159689f2833ca9d313a3b54f0ddb761dbe5a9f3406a778ba71bc3fe83f4,2625.774607142857,4.692142857142796,0.23460714285713982,,H1_SOURCE_SWING_BUFFERED_ELSE_CONTROL,True,7afe1159689f2833ca9d313a3b54f0ddb761dbe5a9f3406a778ba71bc3fe83f4,2024-11-19T08:00:00Z,2625.54,2580.42,176de30af3e9bb2192d4a2d4d806a7afb6ca5959aec9f155e4802ca56c948a86
c86c2543beb690dbcc130943df6f9748777d86f097e2be5008009ff27b41412d,2633.15,2024-11-19T22:50:00Z,a4e79c7490fa3688e73816359d0637df02f79a8ada8223f46457fd9de98ba622,2024-11-19T22:50:00Z,2633.78,2621.0,2024-12-01T00:00:00Z,2024-11-19T20:00:00Z,0.0,LONG,1.0,22.261345852893236,CONTROL_V2_FILLED_STOP,2024-11-19T22:50:00Z,CONTROL_NEXT_M1_OPEN,2633.78,True,799fa54cf0114bd8e6b02dcb4642f7c1bd44765e66fa05fad8b38b92ebde1f31,0.24569640062599987,0.6032863849764837,2024_11,0.4452269170578647,0.4452269170578647,TARGET,2024-11-20T03:01:00Z,TARGET,4ee758db88d4e4dd6bf9433411eec9ea31b3787229338187f652070c3b2f4103,2024-11-20T03:01:00Z,FIRST_RETEST_FILLED,2024-11-19T23:05:00Z,2024-11-19T23:01:00Z,2633.15,True,False,INITIAL_CONFIRMATION_TARGET,283cbd5dd3381ac6595f270f598f8f192a84f943fb7d25ca16151bc42e3bdeb6,20ae1bd051e337ae93abbf5d322320dbb9504f8ab6a10a2503501f9370d9798c,2621.0,,,,CONTROL_V2_FILLED_STOP,False,,2024-11-19T22:50:00Z,2621.0,2639.47,5ae921e24db2a4450f8d0f75c9644b05e995d00a399df55c4b60de20f05c0746
c86c2543beb690dbcc130943df6f9748777d86f097e2be5008009ff27b41412d,2633.15,2024-11-19T22:50:00Z,a4e79c7490fa3688e73816359d0637df02f79a8ada8223f46457fd9de98ba622,2024-11-19T22:50:00Z,2633.78,2621.0,2024-12-01T00:00:00Z,2024-11-19T20:00:00Z,-1.4452269170578647,LONG,0.2274424323720086,-50.0,M5_LATEST_CONFIRMED_OPPOSING_SWING_ELSE_CONTROL,2024-11-19T22:50:00Z,CONTROL_NEXT_M1_OPEN,2633.78,True,df1107264ddeae78613fe78d919e39fb73ac9c9cea7cb987668c664c1dc4653f,1.0802575318229748,0.3027473337591546,2024_11,-1.0,0.4452269170578647,TARGET,2024-11-20T03:01:00Z,STOP,472486be7b51f28bd849a0ca0d41a8e4e5fb3927925b013e383ed1d345af6e67,2024-11-19T23:19:00Z,FIRST_RETEST_FILLED,2024-11-19T23:05:00Z,2024-11-19T23:01:00Z,2633.15,True,False,INITIAL_CONFIRMATION_TARGET,a88d7323f6be0de8658fde825814ee20d19baadfef68141a947377abbaa99cca,20ae1bd051e337ae93abbf5d322320dbb9504f8ab6a10a2503501f9370d9798c,2630.873285714286,0.9342857142856441,0.04671428571428221,,M5_LATEST_CONFIRMED_OPPOSING_SWING_ELSE_CONTROL,True,b3ff1018a7d6bb27dd46bc4184aab841a751f09a35dcf60195d9c8dc9671554d,2024-11-19T22:45:00Z,2630.92,2639.47,5ae921e24db2a4450f8d0f75c9644b05e995d00a399df55c4b60de20f05c0746
c86c2543beb690dbcc130943df6f9748777d86f097e2be5008009ff27b41412d,2633.15,2024-11-19T22:50:00Z,a4e79c7490fa3688e73816359d0637df02f79a8ada8223f46457fd9de98ba622,2024-11-19T22:50:00Z,2633.78,2621.0,2024-12-01T00:00:00Z,2024-11-19T20:00:00Z,0.30961521613390913,LONG,0.5898278560250307,37.74210665958869,M15_LATEST_CONFIRMED_OPPOSING_SWING_ELSE_CONTROL,2024-11-19T22:50:00Z,CONTROL_NEXT_M1_OPEN,2633.78,True,b7f031c6bb154e1e5c7953cceade30f6c22525e498b7be36c3d9fa1fecff7b07,0.4165561156805947,1.022817723534037,2024_11,0.7548421331917738,0.4452269170578647,TARGET,2024-11-20T03:01:00Z,TARGET,3908b93bf8feb476708ea31727b87e9e44db3f17256ee25938e80b923042df7b,2024-11-20T03:01:00Z,FIRST_RETEST_FILLED,2024-11-19T23:05:00Z,2024-11-19T23:01:00Z,2633.15,True,False,INITIAL_CONFIRMATION_TARGET,f59d477d3291ce1f5cd49b37cb2807fb2c61d3f62d3eb5619e83d81b896119aa,20ae1bd051e337ae93abbf5d322320dbb9504f8ab6a10a2503501f9370d9798c,2626.242,2.359999999999997,0.11799999999999987,,M15_LATEST_CONFIRMED_OPPOSING_SWING_ELSE_CONTROL,True,7c898246fadd4d308001eb8882e47275d28ac7f2823c4c41cdaf634ce5f4b089,2024-11-19T20:45:00Z,2626.36,2639.47,5ae921e24db2a4450f8d0f75c9644b05e995d00a399df55c4b60de20f05c0746
c86c2543beb690dbcc130943df6f9748777d86f097e2be5008009ff27b41412d,2633.15,2024-11-19T22:50:00Z,a4e79c7490fa3688e73816359d0637df02f79a8ada8223f46457fd9de98ba622,2024-11-19T22:50:00Z,2633.78,2621.0,2024-12-01T00:00:00Z,2024-11-19T20:00:00Z,0.0,LONG,1.0,22.261345852893236,CONTROL_V2_FILLED_STOP,2024-11-19T22:50:00Z,CONTROL_NEXT_M1_OPEN,2633.78,True,64f8aa3526e2e88a1c525ff4ac7a4152a70778557a32ef272ea2550d3198e9a3,0.24569640062599987,0.6032863849764837,2024_11,0.4452269170578647,0.4452269170578647,TARGET,2024-11-20T03:01:00Z,TARGET,7c22db6b1d701e946daa4dc06f257e396a01acc1e5107b819c11c1e80fd9a406,2024-11-20T03:01:00Z,FIRST_RETEST_FILLED,2024-11-19T23:05:00Z,2024-11-19T23:01:00Z,2633.15,True,False,INITIAL_CONFIRMATION_TARGET,ae6d7c2eb2492b9c65174d713b3d96d66cf6e3ba51648c1a6a063ce44072fe9f,20ae1bd051e337ae93abbf5d322320dbb9504f8ab6a10a2503501f9370d9798c,2621.0,7.6471428571427555,0.3823571428571378,NOT_STRICTLY_CLOSER_THAN_CONTROL,H1_SOURCE_SWING_BUFFERED_ELSE_CONTROL,False,20ae1bd051e337ae93abbf5d322320dbb9504f8ab6a10a2503501f9370d9798c,2024-11-19T20:00:00Z,2621.0,2639.47,5ae921e24db2a4450f8d0f75c9644b05e995d00a399df55c4b60de20f05c0746
c86c2543beb690dbcc130943df6f9748777d86f097e2be5008009ff27b41412d,2633.15,2024-11-19T22:50:00Z,a4e79c7490fa3688e73816359d0637df02f79a8ada8223f46457fd9de98ba622,2024-11-19T22:50:00Z,2633.78,2621.0,2024-12-01T00:00:00Z,2024-11-19T20:00:00Z,0.07493769199560535,LONG,1.0,26.0082304526735,CONTROL_V2_FILLED_STOP,2024-11-19T23:01:00Z,M5_BROKEN_CONTROL_FIRST_RETEST,2633.15,True,799fa54cf0114bd8e6b02dcb4642f7c1bd44765e66fa05fad8b38b92ebde1f31,0.2065843621399341,0.6864197530863891,2024_11,0.5201646090534701,0.4452269170578647,TARGET,2024-11-20T03:01:00Z,TARGET,728443010ebf5f60389ab7ec57ebce670b3b2495e6374b44e72e2bdf6d124c4c,2024-11-20T03:01:00Z,FIRST_RETEST_FILLED,2024-11-19T23:05:00Z,2024-11-19T23:01:00Z,2633.15,True,True,INITIAL_CONFIRMATION_TARGET,486bbde3c1fcc133cdb9e4c4121ff7a8cb221e7149671dc9a841fb8d9b44b43b,20ae1bd051e337ae93abbf5d322320dbb9504f8ab6a10a2503501f9370d9798c,2621.0,,,,CONTROL_V2_FILLED_STOP,False,,2024-11-19T22:50:00Z,2621.0,2639.47,5ae921e24db2a4450f8d0f75c9644b05e995d00a399df55c4b60de20f05c0746
c86c2543beb690dbcc130943df6f9748777d86f097e2be5008009ff27b41412d,2633.15,2024-11-19T22:50:00Z,a4e79c7490fa3688e73816359d0637df02f79a8ada8223f46457fd9de98ba622,2024-11-19T22:50:00Z,2633.78,2621.0,2024-12-01T00:00:00Z,2024-11-19T20:00:00Z,-1.4452269170578647,LONG,0.2274424323720086,-50.0,M5_LATEST_CONFIRMED_OPPOSING_SWING_ELSE_CONTROL,2024-11-19T23:01:00Z,M5_BROKEN_CONTROL_FIRST_RETEST,2633.15,True,df1107264ddeae78613fe78d919e39fb73ac9c9cea7cb987668c664c1dc4653f,1.1024659597165176,0.16251490242826921,2024_11,-1.0,0.4452269170578647,TARGET,2024-11-20T03:01:00Z,STOP,903b4826f5ece89f592c0dffed86ab128dd8f424d603cc735afe2af4a070c1e7,2024-11-19T23:19:00Z,FIRST_RETEST_FILLED,2024-11-19T23:05:00Z,2024-11-19T23:01:00Z,2633.15,True,True,INITIAL_CONFIRMATION_TARGET,67ba5c21d346415e426ad34ccad3bf52cb4a73770fa259afa52a30559a26e877,20ae1bd051e337ae93abbf5d322320dbb9504f8ab6a10a2503501f9370d9798c,2630.873285714286,0.9342857142856441,0.04671428571428221,,M5_LATEST_CONFIRMED_OPPOSING_SWING_ELSE_CONTROL,True,b3ff1018a7d6bb27dd46bc4184aab841a751f09a35dcf60195d9c8dc9671554d,2024-11-19T22:45:00Z,2630.92,2639.47,5ae921e24db2a4450f8d0f75c9644b05e995d00a399df55c4b60de20f05c0746
c86c2543beb690dbcc130943df6f9748777d86f097e2be5008009ff27b41412d,2633.15,2024-11-19T22:50:00Z,a4e79c7490fa3688e73816359d0637df02f79a8ada8223f46457fd9de98ba622,2024-11-19T22:50:00Z,2633.78,2621.0,2024-12-01T00:00:00Z,2024-11-19T20:00:00Z,0.46965437998900833,LONG,0.5898278560250307,45.744064852343655,M15_LATEST_CONFIRMED_OPPOSING_SWING_ELSE_CONTROL,2024-11-19T23:01:00Z,M5_BROKEN_CONTROL_FIRST_RETEST,2633.15,True,b7f031c6bb154e1e5c7953cceade30f6c22525e498b7be36c3d9fa1fecff7b07,0.36334684423860075,1.2072958888245235,2024_11,0.914881297046873,0.4452269170578647,TARGET,2024-11-20T03:01:00Z,TARGET,0f8a879f1b6488eeed1eb96c0309f9727a8e5b341e4609a580e5456be5c52ad5,2024-11-20T03:01:00Z,FIRST_RETEST_FILLED,2024-11-19T23:05:00Z,2024-11-19T23:01:00Z,2633.15,True,True,INITIAL_CONFIRMATION_TARGET,c198e792304ee5c2c33590381507a25031b517c1c906e0b8dd03868b940415e8,20ae1bd051e337ae93abbf5d322320dbb9504f8ab6a10a2503501f9370d9798c,2626.242,2.359999999999997,0.11799999999999987,,M15_LATEST_CONFIRMED_OPPOSING_SWING_ELSE_CONTROL,True,7c898246fadd4d308001eb8882e47275d28ac7f2823c4c41cdaf634ce5f4b089,2024-11-19T20:45:00Z,2626.36,2639.47,5ae921e24db2a4450f8d0f75c9644b05e995d00a399df55c4b60de20f05c0746
c86c2543beb690dbcc130943df6f9748777d86f097e2be5008009ff27b41412d,2633.15,2024-11-19T22:50:00Z,a4e79c7490fa3688e73816359d0637df02f79a8ada8223f46457fd9de98ba622,2024-11-19T22:50:00Z,2633.78,2621.0,2024-12-01T00:00:00Z,2024-11-19T20:00:00Z,0.07493769199560535,LONG,1.0,26.0082304526735,CONTROL_V2_FILLED_STOP,2024-11-19T23:01:00Z,M5_BROKEN_CONTROL_FIRST_RETEST,2633.15,True,64f8aa3526e2e88a1c525ff4ac7a4152a70778557a32ef272ea2550d3198e9a3,0.2065843621399341,0.6864197530863891,2024_11,0.5201646090534701,0.4452269170578647,TARGET,2024-11-20T03:01:00Z,TARGET,f2a9810ace5cef6186a49e02ab071f45a1f0fd4c5bbf17c2d6ab1e1b204dfe6b,2024-11-20T03:01:00Z,FIRST_RETEST_FILLED,2024-11-19T23:05:00Z,2024-11-19T23:01:00Z,2633.15,True,True,INITIAL_CONFIRMATION_TARGET,b88f4f6eaac9f71f3f26530dee9db4e0aaffb4eace5a35bfabaa95ab2549e92f,20ae1bd051e337ae93abbf5d322320dbb9504f8ab6a10a2503501f9370d9798c,2621.0,7.6471428571427555,0.3823571428571378,NOT_STRICTLY_CLOSER_THAN_CONTROL,H1_SOURCE_SWING_BUFFERED_ELSE_CONTROL,False,20ae1bd051e337ae93abbf5d322320dbb9504f8ab6a10a2503501f9370d9798c,2024-11-19T20:00:00Z,2621.0,2639.47,5ae921e24db2a4450f8d0f75c9644b05e995d00a399df55c4b60de20f05c0746
c86c2543beb690dbcc130943df6f9748777d86f097e2be5008009ff27b41412d,2633.15,2024-11-19T22:50:00Z,a4e79c7490fa3688e73816359d0637df02f79a8ada8223f46457fd9de98ba622,2024-11-19T22:50:00Z,2633.78,2621.0,2024-12-01T00:00:00Z,2024-11-19T20:00:00Z,0.05620326899670397,LONG,1.0,25.071509302728433,CONTROL_V2_FILLED_STOP,2024-11-19T22:50:00Z,CONFIRMED_25_75_RETEST_SPLIT,2633.78,True,799fa54cf0114bd8e6b02dcb4642f7c1bd44765e66fa05fad8b38b92ebde1f31,0.21636237176145054,0.6656364110589128,2024_11,0.5014301860545687,0.4452269170578647,TARGET,2024-11-20T03:01:00Z,SPLIT_TARGET_TARGET,6703e7fad6d54f6022bdb78f8e49603e494575e78118b7908a7f7f9dfcee4b8f,2024-11-20T03:01:00Z,FIRST_RETEST_FILLED,2024-11-19T23:05:00Z,2024-11-19T23:01:00Z,2633.15,True,True,INITIAL_CONFIRMATION_TARGET,461757fc8b19bf34f137bb5c24918ef3cb533ad5ff71e00bf196fe460ef25eac,20ae1bd051e337ae93abbf5d322320dbb9504f8ab6a10a2503501f9370d9798c,2621.0,,,,CONTROL_V2_FILLED_STOP,False,,2024-11-19T22:50:00Z,2621.0,2639.47,5ae921e24db2a4450f8d0f75c9644b05e995d00a399df55c4b60de20f05c0746
c86c2543beb690dbcc130943df6f9748777d86f097e2be5008009ff27b41412d,2633.15,2024-11-19T22:50:00Z,a4e79c7490fa3688e73816359d0637df02f79a8ada8223f46457fd9de98ba622,2024-11-19T22:50:00Z,2633.78,2621.0,2024-12-01T00:00:00Z,2024-11-19T20:00:00Z,-1.4452269170578647,LONG,0.2274424323720086,-50.0,M5_LATEST_CONFIRMED_OPPOSING_SWING_ELSE_CONTROL,2024-11-19T22:50:00Z,CONFIRMED_25_75_RETEST_SPLIT,2633.78,True,df1107264ddeae78613fe78d919e39fb73ac9c9cea7cb987668c664c1dc4653f,1.096913852743132,0.19757301026099056,2024_11,-1.0,0.4452269170578647,TARGET,2024-11-20T03:01:00Z,SPLIT_STOP_STOP,f7b29cefe52e3f686d1cc49a866ce6e35c31cb5d94a899e6a0bf940e6b1eda83,2024-11-19T23:19:00Z,FIRST_RETEST_FILLED,2024-11-19T23:05:00Z,2024-11-19T23:01:00Z,2633.15,True,True,INITIAL_CONFIRMATION_TARGET,d468825ffbc54199870d9bc44bbf540e02be7fcf9f1dd44a852be37df054c06f,20ae1bd051e337ae93abbf5d322320dbb9504f8ab6a10a2503501f9370d9798c,2630.873285714286,0.9342857142856441,0.04671428571428221,,M5_LATEST_CONFIRMED_OPPOSING_SWING_ELSE_CONTROL,True,b3ff1018a7d6bb27dd46bc4184aab841a751f09a35dcf60195d9c8dc9671554d,2024-11-19T22:45:00Z,2630.92,2639.47,5ae921e24db2a4450f8d0f75c9644b05e995d00a399df55c4b60de20f05c0746
c86c2543beb690dbcc130943df6f9748777d86f097e2be5008009ff27b41412d,2633.15,2024-11-19T22:50:00Z,a4e79c7490fa3688e73816359d0637df02f79a8ada8223f46457fd9de98ba622,2024-11-19T22:50:00Z,2633.78,2621.0,2024-12-01T00:00:00Z,2024-11-19T20:00:00Z,0.42964458902523356,LONG,0.5898278560250307,43.743575304154916,M15_LATEST_CONFIRMED_OPPOSING_SWING_ELSE_CONTROL,2024-11-19T22:50:00Z,CONFIRMED_25_75_RETEST_SPLIT,2633.78,True,b7f031c6bb154e1e5c7953cceade30f6c22525e498b7be36c3d9fa1fecff7b07,0.37664916209909927,1.161176347501902,2024_11,0.8748715060830983,0.4452269170578647,TARGET,2024-11-20T03:01:00Z,SPLIT_TARGET_TARGET,00a10c30bf14cddacb18e9360cb17a46ae84859cd93a5155d8b6abada0b1c30e,2024-11-20T03:01:00Z,FIRST_RETEST_FILLED,2024-11-19T23:05:00Z,2024-11-19T23:01:00Z,2633.15,True,True,INITIAL_CONFIRMATION_TARGET,00f499c98bb9aeee4c57a8fad5ca9c30710c89b3bc48bb30207315257708d155,20ae1bd051e337ae93abbf5d322320dbb9504f8ab6a10a2503501f9370d9798c,2626.242,2.359999999999997,0.11799999999999987,,M15_LATEST_CONFIRMED_OPPOSING_SWING_ELSE_CONTROL,True,7c898246fadd4d308001eb8882e47275d28ac7f2823c4c41cdaf634ce5f4b089,2024-11-19T20:45:00Z,2626.36,2639.47,5ae921e24db2a4450f8d0f75c9644b05e995d00a399df55c4b60de20f05c0746
c86c2543beb690dbcc130943df6f9748777d86f097e2be5008009ff27b41412d,2633.15,2024-11-19T22:50:00Z,a4e79c7490fa3688e73816359d0637df02f79a8ada8223f46457fd9de98ba622,2024-11-19T22:50:00Z,2633.78,2621.0,2024-12-01T00:00:00Z,2024-11-19T20:00:00Z,0.05620326899670397,LONG,1.0,25.071509302728433,CONTROL_V2_FILLED_STOP,2024-11-19T22:50:00Z,CONFIRMED_25_75_RETEST_SPLIT,2633.78,True,64f8aa3526e2e88a1c525ff4ac7a4152a70778557a32ef272ea2550d3198e9a3,0.21636237176145054,0.6656364110589128,2024_11,0.5014301860545687,0.4452269170578647,TARGET,2024-11-20T03:01:00Z,SPLIT_TARGET_TARGET,9a1a19ed919642f827adfab3f4cd47d6154d58a10ef7fa130dddf2aa3195fb29,2024-11-20T03:01:00Z,FIRST_RETEST_FILLED,2024-11-19T23:05:00Z,2024-11-19T23:01:00Z,2633.15,True,True,INITIAL_CONFIRMATION_TARGET,62c3f118a1be170e4bf7d50b39f12605118792d9ee294b6667444e200345728c,20ae1bd051e337ae93abbf5d322320dbb9504f8ab6a10a2503501f9370d9798c,2621.0,7.6471428571427555,0.3823571428571378,NOT_STRICTLY_CLOSER_THAN_CONTROL,H1_SOURCE_SWING_BUFFERED_ELSE_CONTROL,False,20ae1bd051e337ae93abbf5d322320dbb9504f8ab6a10a2503501f9370d9798c,2024-11-19T20:00:00Z,2621.0,2639.47,5ae921e24db2a4450f8d0f75c9644b05e995d00a399df55c4b60de20f05c0746
5a4fab82a24410c88ee0173c165763c0b70c40cc48ac86daa1ca24c290d8dca3,2637.16,2024-11-20T07:05:00Z,f03677735026b0f3be9bb4cdb51c71a7398d93b8321d9261983ea4aba4964ae7,2024-11-20T07:05:00Z,2635.9,2641.88,2024-12-01T00:00:00Z,2024-11-20T07:00:00Z,0.0,SHORT,1.0,124.58193979933148,CONTROL_V2_FILLED_STOP,2024-11-20T07:05:00Z,CONTROL_NEXT_M1_OPEN,2635.9,True,d82177a715418f94590530eb922bed77d0652f0d82c12ab3ceac37ca94ceffb4,0.43645484949834773,2.5183946488294144,2024_11,2.4916387959866295,2.4916387959866295,TARGET,2024-11-20T10:00:00Z,TARGET,86e63a66ab241432885dc8b23230fbad9de4effdd9026fec73bb752a9a660242,2024-11-20T10:00:00Z,RETEST_EXPIRED,2024-11-20T07:20:00Z,,2637.16,False,False,INITIAL_CONFIRMATION_TARGET,4c1a965319a8524db4dd840867903f04cb3659e39d8efd13681ba3acb006573b,340a603ead01f84a489108c7f3bdea22c3121ffe153349d9e604a3459eb24bc8,2641.88,,,,CONTROL_V2_FILLED_STOP,False,,2024-11-20T07:05:00Z,2641.88,2621.0,acce739c9c721d07a0ee77a8d21e818cdec1224ecba9c984e0e1891c74e6c770
5a4fab82a24410c88ee0173c165763c0b70c40cc48ac86daa1ca24c290d8dca3,2637.16,2024-11-20T07:05:00Z,f03677735026b0f3be9bb4cdb51c71a7398d93b8321d9261983ea4aba4964ae7,2024-11-20T07:05:00Z,2635.9,2641.88,2024-12-01T00:00:00Z,2024-11-20T07:00:00Z,-3.4916387959866295,SHORT,0.2816949354992684,-50.0,M5_LATEST_CONFIRMED_OPPOSING_SWING_ELSE_CONTROL,2024-11-20T07:05:00Z,CONTROL_NEXT_M1_OPEN,2635.9,True,d4ddb48c1f8082d29baaa12b18165ecbdd1e4774642a4383a65a2bd04e55ef6c,1.0447982699768024,0.5758263192488071,2024_11,-1.0,2.4916387959866295,TARGET,2024-11-20T10:00:00Z,STOP,95da2906326b07911d225c2612f4aac2285d7884185bdc9189215ca4dd188217,2024-11-20T07:28:00Z,RETEST_EXPIRED,2024-11-20T07:20:00Z,,2637.16,False,False,INITIAL_CONFIRMATION_TARGET,206e0be7fb8cb48232b5cc904b717dfe938a7c4b2b42515f6cd4ae54c35c6b70,340a603ead01f84a489108c7f3bdea22c3121ffe153349d9e604a3459eb24bc8,2637.5845357142857,0.8907142857142389,0.04453571428571195,,M5_LATEST_CONFIRMED_OPPOSING_SWING_ELSE_CONTROL,True,c5cf35cd4f06ee4676c1b07ebe8fac82e4e4339d1d0ed3e1abf718a45b508adc,2024-11-20T06:55:00Z,2637.54,2621.0,acce739c9c721d07a0ee77a8d21e818cdec1224ecba9c984e0e1891c74e6c770
5a4fab82a24410c88ee0173c165763c0b70c40cc48ac86daa1ca24c290d8dca3,2637.16,2024-11-20T07:05:00Z,f03677735026b0f3be9bb4cdb51c71a7398d93b8321d9261983ea4aba4964ae7,2024-11-20T07:05:00Z,2635.9,2641.88,2024-12-01T00:00:00Z,2024-11-20T07:00:00Z,0.2297336315270324,SHORT,0.9155817009078303,136.0686213756831,M15_LATEST_CONFIRMED_OPPOSING_SWING_ELSE_CONTROL,2024-11-20T07:05:00Z,CONTROL_NEXT_M1_OPEN,2635.9,True,9978b26ee8a8dfffccc100a2dcc2f38cd4aa67c1fba1ffb0169646b5988891f6,0.47669678092691015,2.750595218681567,2024_11,2.721372427513662,2.4916387959866295,TARGET,2024-11-20T10:00:00Z,TARGET,6c51748c9d7df65236d2ff6317648564ba0f5e0814194abc3d3377cbf2e90630,2024-11-20T10:00:00Z,RETEST_EXPIRED,2024-11-20T07:20:00Z,,2637.16,False,False,INITIAL_CONFIRMATION_TARGET,895c1d7138f2f9e940d80919f50e7450faa31e2881b056eaf2adb9dae0de81dc,340a603ead01f84a489108c7f3bdea22c3121ffe153349d9e604a3459eb24bc8,2641.375178571429,1.9035714285714675,0.09517857142857339,,M15_LATEST_CONFIRMED_OPPOSING_SWING_ELSE_CONTROL,True,dd734b3d249aaa883dcfa698c6dd640a2805172f289f56a67b47665a80008de6,2024-11-20T06:00:00Z,2641.28,2621.0,acce739c9c721d07a0ee77a8d21e818cdec1224ecba9c984e0e1891c74e6c770
5a4fab82a24410c88ee0173c165763c0b70c40cc48ac86daa1ca24c290d8dca3,2637.16,2024-11-20T07:05:00Z,f03677735026b0f3be9bb4cdb51c71a7398d93b8321d9261983ea4aba4964ae7,2024-11-20T07:05:00Z,2635.9,2641.88,2024-12-01T00:00:00Z,2024-11-20T07:00:00Z,0.0,SHORT,1.0,124.58193979933148,CONTROL_V2_FILLED_STOP,2024-11-20T07:05:00Z,CONTROL_NEXT_M1_OPEN,2635.9,True,db445ece7ccd41674cd6c0cc60d685a927f9900750a87ce022106e8b5400bd88,0.43645484949834773,2.5183946488294144,2024_11,2.4916387959866295,2.4916387959866295,TARGET,2024-11-20T10:00:00Z,TARGET,cc3bc2c0ebec9f102ad9e53c47c8d6a68743e086f98895541ed0ac63e8a8f6f9,2024-11-20T10:00:00Z,RETEST_EXPIRED,2024-11-20T07:20:00Z,,2637.16,False,False,INITIAL_CONFIRMATION_TARGET,6c991b942e884cbd262e47756ff9d92373e4f919d665658068f15b7ee48fc442,340a603ead01f84a489108c7f3bdea22c3121ffe153349d9e604a3459eb24bc8,2641.88,5.732142857142825,0.28660714285714123,NOT_STRICTLY_CLOSER_THAN_CONTROL,H1_SOURCE_SWING_BUFFERED_ELSE_CONTROL,False,340a603ead01f84a489108c7f3bdea22c3121ffe153349d9e604a3459eb24bc8,2024-11-20T07:00:00Z,2641.88,2621.0,acce739c9c721d07a0ee77a8d21e818cdec1224ecba9c984e0e1891c74e6c770
5a4fab82a24410c88ee0173c165763c0b70c40cc48ac86daa1ca24c290d8dca3,2637.16,2024-11-20T07:05:00Z,f03677735026b0f3be9bb4cdb51c71a7398d93b8321d9261983ea4aba4964ae7,2024-11-20T07:05:00Z,2635.9,2641.88,2024-12-01T00:00:00Z,2024-11-20T07:00:00Z,-2.4916387959866295,SHORT,1.0,0.0,CONTROL_V2_FILLED_STOP,,M5_BROKEN_CONTROL_FIRST_RETEST,,False,d82177a715418f94590530eb922bed77d0652f0d82c12ab3ceac37ca94ceffb4,,,2024_11,0.0,2.4916387959866295,TARGET,2024-11-20T10:00:00Z,NO_FILL,afc6d890fc8194666e7f4252e0cec784ecfa84c473a8f2d50dbde6b74ea2cb38,,RETEST_EXPIRED,2024-11-20T07:20:00Z,,2637.16,False,False,INITIAL_CONFIRMATION_TARGET,2ac07956446dc5c92cbe2d3462c1bcc971eef3b01bec3659b3e7b244fe5b30b2,340a603ead01f84a489108c7f3bdea22c3121ffe153349d9e604a3459eb24bc8,2641.88,,,,CONTROL_V2_FILLED_STOP,False,,2024-11-20T07:05:00Z,2641.88,2621.0,acce739c9c721d07a0ee77a8d21e818cdec1224ecba9c984e0e1891c74e6c770
5a4fab82a24410c88ee0173c165763c0b70c40cc48ac86daa1ca24c290d8dca3,2637.16,2024-11-20T07:05:00Z,f03677735026b0f3be9bb4cdb51c71a7398d93b8321d9261983ea4aba4964ae7,2024-11-20T07:05:00Z,2635.9,2641.88,2024-12-01T00:00:00Z,2024-11-20T07:00:00Z,-2.4916387959866295,SHORT,0.2816949354992684,0.0,M5_LATEST_CONFIRMED_OPPOSING_SWING_ELSE_CONTROL,,M5_BROKEN_CONTROL_FIRST_RETEST,,False,d4ddb48c1f8082d29baaa12b18165ecbdd1e4774642a4383a65a2bd04e55ef6c,,,2024_11,0.0,2.4916387959866295,TARGET,2024-11-20T10:00:00Z,NO_FILL,6dcdd86282a942986ea998a0b9d738ec0e8a7244006d16ca30d58b5e6e78a142,,RETEST_EXPIRED,2024-11-20T07:20:00Z,,2637.16,False,False,INITIAL_CONFIRMATION_TARGET,34c441a0c2e9af1adc20f1ab40d5b7e6916f4ddb4ed3c7bdfd628b3ad8273262,340a603ead01f84a489108c7f3bdea22c3121ffe153349d9e604a3459eb24bc8,2637.5845357142857,0.8907142857142389,0.04453571428571195,,M5_LATEST_CONFIRMED_OPPOSING_SWING_ELSE_CONTROL,True,c5cf35cd4f06ee4676c1b07ebe8fac82e4e4339d1d0ed3e1abf718a45b508adc,2024-11-20T06:55:00Z,2637.54,2621.0,acce739c9c721d07a0ee77a8d21e818cdec1224ecba9c984e0e1891c74e6c770
5a4fab82a24410c88ee0173c165763c0b70c40cc48ac86daa1ca24c290d8dca3,2637.16,2024-11-20T07:05:00Z,f03677735026b0f3be9bb4cdb51c71a7398d93b8321d9261983ea4aba4964ae7,2024-11-20T07:05:00Z,2635.9,2641.88,2024-12-01T00:00:00Z,2024-11-20T07:00:00Z,-2.4916387959866295,SHORT,0.9155817009078303,0.0,M15_LATEST_CONFIRMED_OPPOSING_SWING_ELSE_CONTROL,,M5_BROKEN_CONTROL_FIRST_RETEST,,False,9978b26ee8a8dfffccc100a2dcc2f38cd4aa67c1fba1ffb0169646b5988891f6,,,2024_11,0.0,2.4916387959866295,TARGET,2024-11-20T10:00:00Z,NO_FILL,2f53a815bd445be6fdb7a1f41b1f2a8f25b738ac08de2f368cafe2439590e6d5,,RETEST_EXPIRED,2024-11-20T07:20:00Z,,2637.16,False,False,INITIAL_CONFIRMATION_TARGET,42017dfbb45b561a92245a347e5337bd7ff29930930d203c7a24332efe3aa238,340a603ead01f84a489108c7f3bdea22c3121ffe153349d9e604a3459eb24bc8,2641.375178571429,1.9035714285714675,0.09517857142857339,,M15_LATEST_CONFIRMED_OPPOSING_SWING_ELSE_CONTROL,True,dd734b3d249aaa883dcfa698c6dd640a2805172f289f56a67b47665a80008de6,2024-11-20T06:00:00Z,2641.28,2621.0,acce739c9c721d07a0ee77a8d21e818cdec1224ecba9c984e0e1891c74e6c770
5a4fab82a24410c88ee0173c165763c0b70c40cc48ac86daa1ca24c290d8dca3,2637.16,2024-11-20T07:05:00Z,f03677735026b0f3be9bb4cdb51c71a7398d93b8321d9261983ea4aba4964ae7,2024-11-20T07:05:00Z,2635.9,2641.88,2024-12-01T00:00:00Z,2024-11-20T07:00:00Z,-2.4916387959866295,SHORT,1.0,0.0,CONTROL_V2_FILLED_STOP,,M5_BROKEN_CONTROL_FIRST_RETEST,,False,db445ece7ccd41674cd6c0cc60d685a927f9900750a87ce022106e8b5400bd88,,,2024_11,0.0,2.4916387959866295,TARGET,2024-11-20T10:00:00Z,NO_FILL,bb4817aae4b9dcd1bf148d8ec3474a1d3800ccd7eed66e8e0402fbd4cec5dcb0,,RETEST_EXPIRED,2024-11-20T07:20:00Z,,2637.16,False,False,INITIAL_CONFIRMATION_TARGET,493590913282bcdc489718f6f3ca29aad855d2289ad928bff7937010b85864de,340a603ead01f84a489108c7f3bdea22c3121ffe153349d9e604a3459eb24bc8,2641.88,5.732142857142825,0.28660714285714123,NOT_STRICTLY_CLOSER_THAN_CONTROL,H1_SOURCE_SWING_BUFFERED_ELSE_CONTROL,False,340a603ead01f84a489108c7f3bdea22c3121ffe153349d9e604a3459eb24bc8,2024-11-20T07:00:00Z,2641.88,2621.0,acce739c9c721d07a0ee77a8d21e818cdec1224ecba9c984e0e1891c74e6c770
5a4fab82a24410c88ee0173c165763c0b70c40cc48ac86daa1ca24c290d8dca3,2637.16,2024-11-20T07:05:00Z,f03677735026b0f3be9bb4cdb51c71a7398d93b8321d9261983ea4aba4964ae7,2024-11-20T07:05:00Z,2635.9,2641.88,2024-12-01T00:00:00Z,2024-11-20T07:00:00Z,-1.8687290969899721,SHORT,1.0,31.14548494983287,CONTROL_V2_FILLED_STOP,2024-11-20T07:05:00Z,CONFIRMED_25_75_RETEST_SPLIT,2635.9,True,d82177a715418f94590530eb922bed77d0652f0d82c12ab3ceac37ca94ceffb4,0.10911371237458693,0.6295986622073536,2024_11,0.6229096989966574,2.4916387959866295,TARGET,2024-11-20T10:00:00Z,SPLIT_CONTROL_TARGET_NO_RETEST,02626a295e7d89c1177d938b1e6ca24c15ca34f05a65c9fd248f1230a0c5926f,2024-11-20T10:00:00Z,RETEST_EXPIRED,2024-11-20T07:20:00Z,,2637.16,False,False,INITIAL_CONFIRMATION_TARGET,f5015dbc1561d10afb9f1a0689f49e41e2695f293c51dafa33dbf902a87a8ca2,340a603ead01f84a489108c7f3bdea22c3121ffe153349d9e604a3459eb24bc8,2641.88,,,,CONTROL_V2_FILLED_STOP,False,,2024-11-20T07:05:00Z,2641.88,2621.0,acce739c9c721d07a0ee77a8d21e818cdec1224ecba9c984e0e1891c74e6c770
5a4fab82a24410c88ee0173c165763c0b70c40cc48ac86daa1ca24c290d8dca3,2637.16,2024-11-20T07:05:00Z,f03677735026b0f3be9bb4cdb51c71a7398d93b8321d9261983ea4aba4964ae7,2024-11-20T07:05:00Z,2635.9,2641.88,2024-12-01T00:00:00Z,2024-11-20T07:00:00Z,-2.7416387959866295,SHORT,0.2816949354992684,-12.5,M5_LATEST_CONFIRMED_OPPOSING_SWING_ELSE_CONTROL,2024-11-20T07:05:00Z,CONFIRMED_25_75_RETEST_SPLIT,2635.9,True,d4ddb48c1f8082d29baaa12b18165ecbdd1e4774642a4383a65a2bd04e55ef6c,0.2611995674942006,0.14395657981220178,2024_11,-0.25,2.4916387959866295,TARGET,2024-11-20T10:00:00Z,SPLIT_CONTROL_STOP_NO_RETEST,8ff0460ad9e413dc0a45d28bd9b279f11b486846b4985c5789bfc5320ce90388,2024-11-20T07:28:00Z,RETEST_EXPIRED,2024-11-20T07:20:00Z,,2637.16,False,False,INITIAL_CONFIRMATION_TARGET,488b73c1f1a2ba98f0f61cd3f1e8ede7e89aa1aa038d3db3c43009b31784a189,340a603ead01f84a489108c7f3bdea22c3121ffe153349d9e604a3459eb24bc8,2637.5845357142857,0.8907142857142389,0.04453571428571195,,M5_LATEST_CONFIRMED_OPPOSING_SWING_ELSE_CONTROL,True,c5cf35cd4f06ee4676c1b07ebe8fac82e4e4339d1d0ed3e1abf718a45b508adc,2024-11-20T06:55:00Z,2637.54,2621.0,acce739c9c721d07a0ee77a8d21e818cdec1224ecba9c984e0e1891c74e6c770
5a4fab82a24410c88ee0173c165763c0b70c40cc48ac86daa1ca24c290d8dca3,2637.16,2024-11-20T07:05:00Z,f03677735026b0f3be9bb4cdb51c71a7398d93b8321d9261983ea4aba4964ae7,2024-11-20T07:05:00Z,2635.9,2641.88,2024-12-01T00:00:00Z,2024-11-20T07:00:00Z,-1.811295689108214,SHORT,0.9155817009078303,34.01715534392078,M15_LATEST_CONFIRMED_OPPOSING_SWING_ELSE_CONTROL,2024-11-20T07:05:00Z,CONFIRMED_25_75_RETEST_SPLIT,2635.9,True,9978b26ee8a8dfffccc100a2dcc2f38cd4aa67c1fba1ffb0169646b5988891f6,0.11917419523172754,0.6876488046703918,2024_11,0.6803431068784155,2.4916387959866295,TARGET,2024-11-20T10:00:00Z,SPLIT_CONTROL_TARGET_NO_RETEST,996f2413cc66fe7b03e3a70b2483ca38c376931a2af8068c3575897948ab47c7,2024-11-20T10:00:00Z,RETEST_EXPIRED,2024-11-20T07:20:00Z,,2637.16,False,False,INITIAL_CONFIRMATION_TARGET,3611d5b660d8aef57e7253b295952be064a2fb7761a27fe7b8f6edcd0cb2d96f,340a603ead01f84a489108c7f3bdea22c3121ffe153349d9e604a3459eb24bc8,2641.375178571429,1.9035714285714675,0.09517857142857339,,M15_LATEST_CONFIRMED_OPPOSING_SWING_ELSE_CONTROL,True,dd734b3d249aaa883dcfa698c6dd640a2805172f289f56a67b47665a80008de6,2024-11-20T06:00:00Z,2641.28,2621.0,acce739c9c721d07a0ee77a8d21e818cdec1224ecba9c984e0e1891c74e6c770
5a4fab82a24410c88ee0173c165763c0b70c40cc48ac86daa1ca24c290d8dca3,2637.16,2024-11-20T07:05:00Z,f03677735026b0f3be9bb4cdb51c71a7398d93b8321d9261983ea4aba4964ae7,2024-11-20T07:05:00Z,2635.9,2641.88,2024-12-01T00:00:00Z,2024-11-20T07:00:00Z,-1.8687290969899721,SHORT,1.0,31.14548494983287,CONTROL_V2_FILLED_STOP,2024-11-20T07:05:00Z,CONFIRMED_25_75_RETEST_SPLIT,2635.9,True,db445ece7ccd41674cd6c0cc60d685a927f9900750a87ce022106e8b5400bd88,0.10911371237458693,0.6295986622073536,2024_11,0.6229096989966574,2.4916387959866295,TARGET,2024-11-20T10:00:00Z,SPLIT_CONTROL_TARGET_NO_RETEST,a4ab67368f4eda261a69fa12d67bf3725c4c9a09de2071503c4d9a115a45e5d4,2024-11-20T10:00:00Z,RETEST_EXPIRED,2024-11-20T07:20:00Z,,2637.16,False,False,INITIAL_CONFIRMATION_TARGET,d818d157ec6973101c59e29c6fd508fc27aec0edf5b619204797941d81b65d08,340a603ead01f84a489108c7f3bdea22c3121ffe153349d9e604a3459eb24bc8,2641.88,5.732142857142825,0.28660714285714123,NOT_STRICTLY_CLOSER_THAN_CONTROL,H1_SOURCE_SWING_BUFFERED_ELSE_CONTROL,False,340a603ead01f84a489108c7f3bdea22c3121ffe153349d9e604a3459eb24bc8,2024-11-20T07:00:00Z,2641.88,2621.0,acce739c9c721d07a0ee77a8d21e818cdec1224ecba9c984e0e1891c74e6c770
a82d92ca2e140697f84a32051df79c67c7a6d82b051d4bd25e5a433a006e11b4,2626.25,2024-11-20T14:00:00Z,6871811a3c1dafc5cb921c4feb686c7fd498bb8227cf05c1e1163e85bf251647,2024-11-20T14:00:00Z,2628.12,2618.82,2024-12-01T00:00:00Z,2024-11-20T13:00:00Z,0.0,LONG,1.0,73.97849462365926,CONTROL_V2_FILLED_STOP,2024-11-20T14:00:00Z,CONTROL_NEXT_M1_OPEN,2628.12,True,0e1fe6b08d392faec2f0d6405bf8d5630caa277e6d46503c05d58ec1456fe0db,0.11290322580642559,1.6666666666667156,2024_11,1.4795698924731853,1.4795698924731853,TARGET,2024-11-20T16:35:00Z,TARGET,dfec585a6fbd95d01f0d77daf82d7ad49377882dc3d40534c257487d571837f6,2024-11-20T16:35:00Z,RETEST_EXPIRED,2024-11-20T14:15:00Z,,2626.25,False,False,INITIAL_CONFIRMATION_TARGET,dd488f66917c283d65368e299bbbcc1d82df8d5962cd34b7f17e5e8a946faa71,6f34251a997f70488368091c75ff2bbc3ae8672692ea95398958253a5b3219f0,2618.82,,,,CONTROL_V2_FILLED_STOP,False,,2024-11-20T14:00:00Z,2618.82,2641.88,b11c90bffc61739ee2eefb3015f1edd8df810d8ed9cd534ec93a232f18aa086e
a82d92ca2e140697f84a32051df79c67c7a6d82b051d4bd25e5a433a006e11b4,2626.25,2024-11-20T14:00:00Z,6871811a3c1dafc5cb921c4feb686c7fd498bb8227cf05c1e1163e85bf251647,2024-11-20T14:00:00Z,2628.12,2618.82,2024-12-01T00:00:00Z,2024-11-20T13:00:00Z,0.8437312598910203,LONG,0.6368394777265812,116.16505761821028,M5_LATEST_CONFIRMED_OPPOSING_SWING_ELSE_CONTROL,2024-11-20T14:00:00Z,CONTROL_NEXT_M1_OPEN,2628.12,True,689a86fb114dcbe49e34ef9de16c5bc4990cd58caec8d0454c659608685eeace,0.17728678851611507,2.6170906876195215,2024_11,2.3233011523642055,1.4795698924731853,TARGET,2024-11-20T16:35:00Z,TARGET,58115a9981208de3a33abcec0abea1d421b605b675cf95899d388a358b7faee4,2024-11-20T16:35:00Z,RETEST_EXPIRED,2024-11-20T14:15:00Z,,2626.25,False,False,INITIAL_CONFIRMATION_TARGET,8f0b4a54bcf6f0f948f15786ee4648519808c2f52b387cd2b66d52867be4d2e8,6f34251a997f70488368091c75ff2bbc3ae8672692ea95398958253a5b3219f0,2622.197392857143,1.8521428571428455,0.09260714285714228,,M5_LATEST_CONFIRMED_OPPOSING_SWING_ELSE_CONTROL,True,e08a1745e56953718b52f67203a731c2edbea257c23675129a174e9e5d2553ee,2024-11-20T13:50:00Z,2622.29,2641.88,b11c90bffc61739ee2eefb3015f1edd8df810d8ed9cd534ec93a232f18aa086e
a82d92ca2e140697f84a32051df79c67c7a6d82b051d4bd25e5a433a006e11b4,2626.25,2024-11-20T14:00:00Z,6871811a3c1dafc5cb921c4feb686c7fd498bb8227cf05c1e1163e85bf251647,2024-11-20T14:00:00Z,2628.12,2618.82,2024-12-01T00:00:00Z,2024-11-20T13:00:00Z,0.5513942989206706,LONG,0.7285061443932956,101.54820956969279,M15_LATEST_CONFIRMED_OPPOSING_SWING_ELSE_CONTROL,2024-11-20T14:00:00Z,CONTROL_NEXT_M1_OPEN,2628.12,True,16e9d2fec443558226974c11b3b935bbed701f5fe59b59f13797054ded15f04b,0.15497909890719191,2.2877866981543797,2024_11,2.030964191393856,1.4795698924731853,TARGET,2024-11-20T16:35:00Z,TARGET,d2ce1112fc8cf5a4bda530cdfb6d276750b665cc15a4daffe9460aa7addffc7e,2024-11-20T16:35:00Z,RETEST_EXPIRED,2024-11-20T14:15:00Z,,2626.25,False,False,INITIAL_CONFIRMATION_TARGET,3ddb6be820a37edf6b21cc36d9c273712a22c9e8fdf4cf4544c70f19475b1134,6f34251a997f70488368091c75ff2bbc3ae8672692ea95398958253a5b3219f0,2621.3448928571424,2.9021428571428975,0.14510714285714488,,M15_LATEST_CONFIRMED_OPPOSING_SWING_ELSE_CONTROL,True,38af912880a6c56d01b8758fd31f3f6ab912b671225af7120e1f2ada960698f3,2024-11-20T14:00:00Z,2621.49,2641.88,b11c90bffc61739ee2eefb3015f1edd8df810d8ed9cd534ec93a232f18aa086e
a82d92ca2e140697f84a32051df79c67c7a6d82b051d4bd25e5a433a006e11b4,2626.25,2024-11-20T14:00:00Z,6871811a3c1dafc5cb921c4feb686c7fd498bb8227cf05c1e1163e85bf251647,2024-11-20T14:00:00Z,2628.12,2618.82,2024-12-01T00:00:00Z,2024-11-20T13:00:00Z,0.0,LONG,1.0,73.97849462365926,CONTROL_V2_FILLED_STOP,2024-11-20T14:00:00Z,CONTROL_NEXT_M1_OPEN,2628.12,True,fa08fb8c1a1dc4673c55eba7fdeea400c087dd256cd275d9db5437a267f05ee1,0.11290322580642559,1.6666666666667156,2024_11,1.4795698924731853,1.4795698924731853,TARGET,2024-11-20T16:35:00Z,TARGET,1162fe3a0c95bebe5c3b8dbbed65b57a80d92adf13cba48dc4bbdd0f1697a9ab,2024-11-20T16:35:00Z,RETEST_EXPIRED,2024-11-20T14:15:00Z,,2626.25,False,False,INITIAL_CONFIRMATION_TARGET,fa951c567825b264255252c1c97d65909be9914f2ae7454117b81714b8eee592,6f34251a997f70488368091c75ff2bbc3ae8672692ea95398958253a5b3219f0,2618.82,5.092142857142952,0.25460714285714764,NOT_STRICTLY_CLOSER_THAN_CONTROL,H1_SOURCE_SWING_BUFFERED_ELSE_CONTROL,False,6f34251a997f70488368091c75ff2bbc3ae8672692ea95398958253a5b3219f0,2024-11-20T13:00:00Z,2618.82,2641.88,b11c90bffc61739ee2eefb3015f1edd8df810d8ed9cd534ec93a232f18aa086e
a82d92ca2e140697f84a32051df79c67c7a6d82b051d4bd25e5a433a006e11b4,2626.25,2024-11-20T14:00:00Z,6871811a3c1dafc5cb921c4feb686c7fd498bb8227cf05c1e1163e85bf251647,2024-11-20T14:00:00Z,2628.12,2618.82,2024-12-01T00:00:00Z,2024-11-20T13:00:00Z,-1.4795698924731853,LONG,1.0,0.0,CONTROL_V2_FILLED_STOP,,M5_BROKEN_CONTROL_FIRST_RETEST,,False,0e1fe6b08d392faec2f0d6405bf8d5630caa277e6d46503c05d58ec1456fe0db,,,2024_11,0.0,1.4795698924731853,TARGET,2024-11-20T16:35:00Z,NO_FILL,22e45953dd6dbadb9016bace895a2d6dcb23350538ea38cb604a689472d0d3f7,,RETEST_EXPIRED,2024-11-20T14:15:00Z,,2626.25,False,False,INITIAL_CONFIRMATION_TARGET,1097f3d8b283433cca589bc58c266f6e1e3d6632a53682d066f8244ecf5b7ee6,6f34251a997f70488368091c75ff2bbc3ae8672692ea95398958253a5b3219f0,2618.82,,,,CONTROL_V2_FILLED_STOP,False,,2024-11-20T14:00:00Z,2618.82,2641.88,b11c90bffc61739ee2eefb3015f1edd8df810d8ed9cd534ec93a232f18aa086e
a82d92ca2e140697f84a32051df79c67c7a6d82b051d4bd25e5a433a006e11b4,2626.25,2024-11-20T14:00:00Z,6871811a3c1dafc5cb921c4feb686c7fd498bb8227cf05c1e1163e85bf251647,2024-11-20T14:00:00Z,2628.12,2618.82,2024-12-01T00:00:00Z,2024-11-20T13:00:00Z,-1.4795698924731853,LONG,0.6368394777265812,0.0,M5_LATEST_CONFIRMED_OPPOSING_SWING_ELSE_CONTROL,,M5_BROKEN_CONTROL_FIRST_RETEST,,False,689a86fb114dcbe49e34ef9de16c5bc4990cd58caec8d0454c659608685eeace,,,2024_11,0.0,1.4795698924731853,TARGET,2024-11-20T16:35:00Z,NO_FILL,dc9296c1337dcdf8898729fa45f8f200f2502be83f672a29e17f8a80748b7e05,,RETEST_EXPIRED,2024-11-20T14:15:00Z,,2626.25,False,False,INITIAL_CONFIRMATION_TARGET,27212375ec6d96227e7dc2259ebe49c7bf7fe03cca2c669550a37544555e8133,6f34251a997f70488368091c75ff2bbc3ae8672692ea95398958253a5b3219f0,2622.197392857143,1.8521428571428455,0.09260714285714228,,M5_LATEST_CONFIRMED_OPPOSING_SWING_ELSE_CONTROL,True,e08a1745e56953718b52f67203a731c2edbea257c23675129a174e9e5d2553ee,2024-11-20T13:50:00Z,2622.29,2641.88,b11c90bffc61739ee2eefb3015f1edd8df810d8ed9cd534ec93a232f18aa086e
a82d92ca2e140697f84a32051df79c67c7a6d82b051d4bd25e5a433a006e11b4,2626.25,2024-11-20T14:00:00Z,6871811a3c1dafc5cb921c4feb686c7fd498bb8227cf05c1e1163e85bf251647,2024-11-20T14:00:00Z,2628.12,2618.82,2024-12-01T00:00:00Z,2024-11-20T13:00:00Z,-1.4795698924731853,LONG,0.7285061443932956,0.0,M15_LATEST_CONFIRMED_OPPOSING_SWING_ELSE_CONTROL,,M5_BROKEN_CONTROL_FIRST_RETEST,,False,16e9d2fec443558226974c11b3b935bbed701f5fe59b59f13797054ded15f04b,,,2024_11,0.0,1.4795698924731853,TARGET,2024-11-20T16:35:00Z,NO_FILL,36c138b69d0075860ab2f15c605f8f5de3945534d5d69f8091777d6df1ffd815,,RETEST_EXPIRED,2024-11-20T14:15:00Z,,2626.25,False,False,INITIAL_CONFIRMATION_TARGET,4d8ab3b844f7e68a5fb3eb41701bbedea4c1a4a65e2ba38f36d88f0c8d28b8fb,6f34251a997f70488368091c75ff2bbc3ae8672692ea95398958253a5b3219f0,2621.3448928571424,2.9021428571428975,0.14510714285714488,,M15_LATEST_CONFIRMED_OPPOSING_SWING_ELSE_CONTROL,True,38af912880a6c56d01b8758fd31f3f6ab912b671225af7120e1f2ada960698f3,2024-11-20T14:00:00Z,2621.49,2641.88,b11c90bffc61739ee2eefb3015f1edd8df810d8ed9cd534ec93a232f18aa086e
a82d92ca2e140697f84a32051df79c67c7a6d82b051d4bd25e5a433a006e11b4,2626.25,2024-11-20T14:00:00Z,6871811a3c1dafc5cb921c4feb686c7fd498bb8227cf05c1e1163e85bf251647,2024-11-20T14:00:00Z,2628.12,2618.82,2024-12-01T00:00:00Z,2024-11-20T13:00:00Z,-1.4795698924731853,LONG,1.0,0.0,CONTROL_V2_FILLED_STOP,,M5_BROKEN_CONTROL_FIRST_RETEST,,False,fa08fb8c1a1dc4673c55eba7fdeea400c087dd256cd275d9db5437a267f05ee1,,,2024_11,0.0,1.4795698924731853,TARGET,2024-11-20T16:35:00Z,NO_FILL,a2cda498ca965f65ef4a3502c366f05803e87fd219514b1a9ce98088bc43ba97,,RETEST_EXPIRED,2024-11-20T14:15:00Z,,2626.25,False,False,INITIAL_CONFIRMATION_TARGET,a81d9a63ca6a6e9f080d950285ce7678146c25a1a6169764e991a6165ff1747f,6f34251a997f70488368091c75ff2bbc3ae8672692ea95398958253a5b3219f0,2618.82,5.092142857142952,0.25460714285714764,NOT_STRICTLY_CLOSER_THAN_CONTROL,H1_SOURCE_SWING_BUFFERED_ELSE_CONTROL,False,6f34251a997f70488368091c75ff2bbc3ae8672692ea95398958253a5b3219f0,2024-11-20T13:00:00Z,2618.82,2641.88,b11c90bffc61739ee2eefb3015f1edd8df810d8ed9cd534ec93a232f18aa086e
a82d92ca2e140697f84a32051df79c67c7a6d82b051d4bd25e5a433a006e11b4,2626.25,2024-11-20T14:00:00Z,6871811a3c1dafc5cb921c4feb686c7fd498bb8227cf05c1e1163e85bf251647,2024-11-20T14:00:00Z,2628.12,2618.82,2024-12-01T00:00:00Z,2024-11-20T13:00:00Z,-1.109677419354889,LONG,1.0,18.494623655914815,CONTROL_V2_FILLED_STOP,2024-11-20T14:00:00Z,CONFIRMED_25_75_RETEST_SPLIT,2628.12,True,0e1fe6b08d392faec2f0d6405bf8d5630caa277e6d46503c05d58ec1456fe0db,0.028225806451606397,0.4166666666666789,2024_11,0.3698924731182963,1.4795698924731853,TARGET,2024-11-20T16:35:00Z,SPLIT_CONTROL_TARGET_NO_RETEST,37bb145d3da182e91bf239257ef0f25421c63a93f85cc2d6e9a9d5691454ab0b,2024-11-20T16:35:00Z,RETEST_EXPIRED,2024-11-20T14:15:00Z,,2626.25,False,False,INITIAL_CONFIRMATION_TARGET,bfe507980fd7905dc6768d1163653cc64c542af433a8bf5f4f117b0b47bffd4c,6f34251a997f70488368091c75ff2bbc3ae8672692ea95398958253a5b3219f0,2618.82,,,,CONTROL_V2_FILLED_STOP,False,,2024-11-20T14:00:00Z,2618.82,2641.88,b11c90bffc61739ee2eefb3015f1edd8df810d8ed9cd534ec93a232f18aa086e
a82d92ca2e140697f84a32051df79c67c7a6d82b051d4bd25e5a433a006e11b4,2626.25,2024-11-20T14:00:00Z,6871811a3c1dafc5cb921c4feb686c7fd498bb8227cf05c1e1163e85bf251647,2024-11-20T14:00:00Z,2628.12,2618.82,2024-12-01T00:00:00Z,2024-11-20T13:00:00Z,-0.8987446043821339,LONG,0.6368394777265812,29.04126440455257,M5_LATEST_CONFIRMED_OPPOSING_SWING_ELSE_CONTROL,2024-11-20T14:00:00Z,CONFIRMED_25_75_RETEST_SPLIT,2628.12,True,689a86fb114dcbe49e34ef9de16c5bc4990cd58caec8d0454c659608685eeace,0.04432169712902877,0.6542726719048804,2024_11,0.5808252880910514,1.4795698924731853,TARGET,2024-11-20T16:35:00Z,SPLIT_CONTROL_TARGET_NO_RETEST,457b9c1a7ff0025ce25da2a0df7ff4ca64fffc63d39c2e1977791bb2b8321aad,2024-11-20T16:35:00Z,RETEST_EXPIRED,2024-11-20T14:15:00Z,,2626.25,False,False,INITIAL_CONFIRMATION_TARGET,3823968c4832febcb3a1fca2bc934e175e840107869297ec182c00b58efcf939,6f34251a997f70488368091c75ff2bbc3ae8672692ea95398958253a5b3219f0,2622.197392857143,1.8521428571428455,0.09260714285714228,,M5_LATEST_CONFIRMED_OPPOSING_SWING_ELSE_CONTROL,True,e08a1745e56953718b52f67203a731c2edbea257c23675129a174e9e5d2553ee,2024-11-20T13:50:00Z,2622.29,2641.88,b11c90bffc61739ee2eefb3015f1edd8df810d8ed9cd534ec93a232f18aa086e
a82d92ca2e140697f84a32051df79c67c7a6d82b051d4bd25e5a433a006e11b4,2626.25,2024-11-20T14:00:00Z,6871811a3c1dafc5cb921c4feb686c7fd498bb8227cf05c1e1163e85bf251647,2024-11-20T14:00:00Z,2628.12,2618.82,2024-12-01T00:00:00Z,2024-11-20T13:00:00Z,-0.9718288446247213,LONG,0.7285061443932956,25.387052392423197,M15_LATEST_CONFIRMED_OPPOSING_SWING_ELSE_CONTROL,2024-11-20T14:00:00Z,CONFIRMED_25_75_RETEST_SPLIT,2628.12,True,16e9d2fec443558226974c11b3b935bbed701f5fe59b59f13797054ded15f04b,0.03874477472679798,0.5719466745385949,2024_11,0.507741047848464,1.4795698924731853,TARGET,2024-11-20T16:35:00Z,SPLIT_CONTROL_TARGET_NO_RETEST,0abe0b86d2774bbd093378c1b86b3fbb5a399582863f2a8c8f97e55efd6c4b0f,2024-11-20T16:35:00Z,RETEST_EXPIRED,2024-11-20T14:15:00Z,,2626.25,False,False,INITIAL_CONFIRMATION_TARGET,21327781f9a9b9b02764cdca7339331449fc9c1ec49a823e56858eb1238bb7a0,6f34251a997f70488368091c75ff2bbc3ae8672692ea95398958253a5b3219f0,2621.3448928571424,2.9021428571428975,0.14510714285714488,,M15_LATEST_CONFIRMED_OPPOSING_SWING_ELSE_CONTROL,True,38af912880a6c56d01b8758fd31f3f6ab912b671225af7120e1f2ada960698f3,2024-11-20T14:00:00Z,2621.49,2641.88,b11c90bffc61739ee2eefb3015f1edd8df810d8ed9cd534ec93a232f18aa086e
a82d92ca2e140697f84a32051df79c67c7a6d82b051d4bd25e5a433a006e11b4,2626.25,2024-11-20T14:00:00Z,6871811a3c1dafc5cb921c4feb686c7fd498bb8227cf05c1e1163e85bf251647,2024-11-20T14:00:00Z,2628.12,2618.82,2024-12-01T00:00:00Z,2024-11-20T13:00:00Z,-1.109677419354889,LONG,1.0,18.494623655914815,CONTROL_V2_FILLED_STOP,2024-11-20T14:00:00Z,CONFIRMED_25_75_RETEST_SPLIT,2628.12,True,fa08fb8c1a1dc4673c55eba7fdeea400c087dd256cd275d9db5437a267f05ee1,0.028225806451606397,0.4166666666666789,2024_11,0.3698924731182963,1.4795698924731853,TARGET,2024-11-20T16:35:00Z,SPLIT_CONTROL_TARGET_NO_RETEST,df353bae9ea02e2d71ff646c5f9add0ef724881373c08035e5d1b839fd159fd9,2024-11-20T16:35:00Z,RETEST_EXPIRED,2024-11-20T14:15:00Z,,2626.25,False,False,INITIAL_CONFIRMATION_TARGET,9e7cc41b2aeefd1cfd1241615cdb59a67704a6b3c8f16d875b0e0a054c8b69e4,6f34251a997f70488368091c75ff2bbc3ae8672692ea95398958253a5b3219f0,2618.82,5.092142857142952,0.25460714285714764,NOT_STRICTLY_CLOSER_THAN_CONTROL,H1_SOURCE_SWING_BUFFERED_ELSE_CONTROL,False,6f34251a997f70488368091c75ff2bbc3ae8672692ea95398958253a5b3219f0,2024-11-20T13:00:00Z,2618.82,2641.88,b11c90bffc61739ee2eefb3015f1edd8df810d8ed9cd534ec93a232f18aa086e
1db978b5c80c18381fb8733dab975b8faf7633aee907a4983740c4ddb5ec83d9,2649.45,2024-11-20T22:20:00Z,83540317d7e3caa72129068c96ad6d864ef97007f31fcdeb83d835826c4f24f8,2024-11-20T22:20:00Z,2648.96,2655.45,2024-12-01T00:00:00Z,2024-11-20T22:00:00Z,0.0,SHORT,1.0,-50.0,CONTROL_V2_FILLED_STOP,2024-11-20T22:20:00Z,CONTROL_NEXT_M1_OPEN,2648.96,True,7ff1db3c151f401a2952a851b0762f341a232a8c40d637db4c4aec6edb7c6415,1.038520801232667,0.266563944530058,2024_11,-1.0,-1.0,STOP,2024-11-21T02:32:00Z,STOP,39903eded63ea2410657c764713b8b5cbc14b51fb463e74207b421243bc97ed6,2024-11-21T02:32:00Z,FIRST_RETEST_FILLED,2024-11-20T22:35:00Z,2024-11-20T22:21:00Z,2649.45,True,False,INITIAL_CONFIRMATION_STOP,000420582c29423c43268ed2a395e6fc21adacbd3ed3e2f86df091635354b91e,974731bbd0af85ca59837c56af17ffe6ae35d05175e4fd0f0161556724974052,2655.45,,,,CONTROL_V2_FILLED_STOP,False,,2024-11-20T22:20:00Z,2655.45,2618.82,fad5defa62c8b5dc2d590716186a9db8311a5e48ff784b70e3c54094fe1c7732
1db978b5c80c18381fb8733dab975b8faf7633aee907a4983740c4ddb5ec83d9,2649.45,2024-11-20T22:20:00Z,83540317d7e3caa72129068c96ad6d864ef97007f31fcdeb83d835826c4f24f8,2024-11-20T22:20:00Z,2648.96,2655.45,2024-12-01T00:00:00Z,2024-11-20T22:00:00Z,0.0,SHORT,0.6554479418886529,-50.0,M5_LATEST_CONFIRMED_OPPOSING_SWING_ELSE_CONTROL,2024-11-20T22:20:00Z,CONTROL_NEXT_M1_OPEN,2648.96,True,ea8437c9523804ffb676fa71cc862f16fc9db65e00d296e59305e87bbba15da0,1.0037948752392576,0.40668972697047806,2024_11,-1.0,-1.0,STOP,2024-11-21T02:32:00Z,STOP,1a7ac34c9f6fa49806af94f2460f1fa18abf6dd233ccdc7deadea71553218ec3,2024-11-21T02:18:00Z,FIRST_RETEST_FILLED,2024-11-20T22:35:00Z,2024-11-20T22:21:00Z,2649.45,True,False,INITIAL_CONFIRMATION_STOP,67553f6b4c74a450ebfa8622e14c5d794b96b4377164162d2fc417b3fdd76c7c,974731bbd0af85ca59837c56af17ffe6ae35d05175e4fd0f0161556724974052,2653.2138571428573,1.2771428571428973,0.06385714285714487,,M5_LATEST_CONFIRMED_OPPOSING_SWING_ELSE_CONTROL,True,5dc18cb36c00fcaa0433c759811706cf89e6fdc52e076cde68527f9dead51a9a,2024-11-20T21:55:00Z,2653.15,2618.82,fad5defa62c8b5dc2d590716186a9db8311a5e48ff784b70e3c54094fe1c7732
1db978b5c80c18381fb8733dab975b8faf7633aee907a4983740c4ddb5ec83d9,2649.45,2024-11-20T22:20:00Z,83540317d7e3caa72129068c96ad6d864ef97007f31fcdeb83d835826c4f24f8,2024-11-20T22:20:00Z,2648.96,2655.45,2024-12-01T00:00:00Z,2024-11-20T22:00:00Z,0.0,SHORT,0.6684679727052842,-50.0,M15_LATEST_CONFIRMED_OPPOSING_SWING_ELSE_CONTROL,2024-11-20T22:20:00Z,CONTROL_NEXT_M1_OPEN,2648.96,True,94980c731e375332775a496a4c881c68e15674d2c9c218624e4916a9f2856c42,1.0487841019477824,0.39876846074057365,2024_11,-1.0,-1.0,STOP,2024-11-21T02:32:00Z,STOP,be5db5797d2da81bff3319cdd85f975555fecf8fa8d00070c23a11b5a2c8dbf2,2024-11-21T02:19:00Z,FIRST_RETEST_FILLED,2024-11-20T22:35:00Z,2024-11-20T22:21:00Z,2649.45,True,False,INITIAL_CONFIRMATION_STOP,c0f8d655ddefc1e082ac388536652def32d99e346aae11bb4e389fdc15685da6,974731bbd0af85ca59837c56af17ffe6ae35d05175e4fd0f0161556724974052,2653.298357142857,2.9671428571429197,0.148357142857146,,M15_LATEST_CONFIRMED_OPPOSING_SWING_ELSE_CONTROL,True,a6d907f56ace0305cd188539f1f3e658e4ec8aee337d6258fd1ddedd697a4c0c,2024-11-20T22:15:00Z,2653.15,2618.82,fad5defa62c8b5dc2d590716186a9db8311a5e48ff784b70e3c54094fe1c7732
1db978b5c80c18381fb8733dab975b8faf7633aee907a4983740c4ddb5ec83d9,2649.45,2024-11-20T22:20:00Z,83540317d7e3caa72129068c96ad6d864ef97007f31fcdeb83d835826c4f24f8,2024-11-20T22:20:00Z,2648.96,2655.45,2024-12-01T00:00:00Z,2024-11-20T22:00:00Z,0.0,SHORT,1.0,-50.0,CONTROL_V2_FILLED_STOP,2024-11-20T22:20:00Z,CONTROL_NEXT_M1_OPEN,2648.96,True,66034c3527912287b04c8d33fad0898dbb07a18bdc759f2e6efd4eb93fa93d5c,1.038520801232667,0.266563944530058,2024_11,-1.0,-1.0,STOP,2024-11-21T02:32:00Z,STOP,c28850a8bb64a694557da0ee9709f1897ebf79a6f083e7a198585c6045dc9d41,2024-11-21T02:32:00Z,FIRST_RETEST_FILLED,2024-11-20T22:35:00Z,2024-11-20T22:21:00Z,2649.45,True,False,INITIAL_CONFIRMATION_STOP,9ecb8121671c2da82cfce2b56995774486a8bcfe4a1a7f4d07d95f7308c12926,974731bbd0af85ca59837c56af17ffe6ae35d05175e4fd0f0161556724974052,2655.45,6.929999999999999,0.3465,NOT_STRICTLY_CLOSER_THAN_CONTROL,H1_SOURCE_SWING_BUFFERED_ELSE_CONTROL,False,974731bbd0af85ca59837c56af17ffe6ae35d05175e4fd0f0161556724974052,2024-11-20T22:00:00Z,2655.45,2618.82,fad5defa62c8b5dc2d590716186a9db8311a5e48ff784b70e3c54094fe1c7732
1db978b5c80c18381fb8733dab975b8faf7633aee907a4983740c4ddb5ec83d9,2649.45,2024-11-20T22:20:00Z,83540317d7e3caa72129068c96ad6d864ef97007f31fcdeb83d835826c4f24f8,2024-11-20T22:20:00Z,2648.96,2655.45,2024-12-01T00:00:00Z,2024-11-20T22:00:00Z,0.0,SHORT,1.0,-50.0,CONTROL_V2_FILLED_STOP,2024-11-20T22:21:00Z,M5_BROKEN_CONTROL_FIRST_RETEST,2649.45,True,7ff1db3c151f401a2952a851b0762f341a232a8c40d637db4c4aec6edb7c6415,1.0416666666666667,0.36999999999996663,2024_11,-1.0,-1.0,STOP,2024-11-21T02:32:00Z,STOP,6e1e8546dd955398a562ad44621a7ef94c89e8601463e99730f4fbc00f9a0387,2024-11-21T02:32:00Z,FIRST_RETEST_FILLED,2024-11-20T22:35:00Z,2024-11-20T22:21:00Z,2649.45,True,True,INITIAL_CONFIRMATION_STOP,19b987df439a9556a3283649fd5ecc75a25b1bb20d8fc47b1e42b5395ab1b7af,974731bbd0af85ca59837c56af17ffe6ae35d05175e4fd0f0161556724974052,2655.45,,,,CONTROL_V2_FILLED_STOP,False,,2024-11-20T22:20:00Z,2655.45,2618.82,fad5defa62c8b5dc2d590716186a9db8311a5e48ff784b70e3c54094fe1c7732
1db978b5c80c18381fb8733dab975b8faf7633aee907a4983740c4ddb5ec83d9,2649.45,2024-11-20T22:20:00Z,83540317d7e3caa72129068c96ad6d864ef97007f31fcdeb83d835826c4f24f8,2024-11-20T22:20:00Z,2648.96,2655.45,2024-12-01T00:00:00Z,2024-11-20T22:00:00Z,0.0,SHORT,0.6554479418886529,-50.0,M5_LATEST_CONFIRMED_OPPOSING_SWING_ELSE_CONTROL,2024-11-20T22:21:00Z,M5_BROKEN_CONTROL_FIRST_RETEST,2649.45,True,ea8437c9523804ffb676fa71cc862f16fc9db65e00d296e59305e87bbba15da0,1.0042889133487443,0.5898204729190194,2024_11,-1.0,-1.0,STOP,2024-11-21T02:32:00Z,STOP,a74ea1defec09879c3707f8f43bc718bb4599740b02e4777ce1888cdf0a70de3,2024-11-21T02:18:00Z,FIRST_RETEST_FILLED,2024-11-20T22:35:00Z,2024-11-20T22:21:00Z,2649.45,True,True,INITIAL_CONFIRMATION_STOP,54139315b529bb283a899077c85d877533f3e011915202ffb100ad15504065db,974731bbd0af85ca59837c56af17ffe6ae35d05175e4fd0f0161556724974052,2653.2138571428573,1.2771428571428973,0.06385714285714487,,M5_LATEST_CONFIRMED_OPPOSING_SWING_ELSE_CONTROL,True,5dc18cb36c00fcaa0433c759811706cf89e6fdc52e076cde68527f9dead51a9a,2024-11-20T21:55:00Z,2653.15,2618.82,fad5defa62c8b5dc2d590716186a9db8311a5e48ff784b70e3c54094fe1c7732
1db978b5c80c18381fb8733dab975b8faf7633aee907a4983740c4ddb5ec83d9,2649.45,2024-11-20T22:20:00Z,83540317d7e3caa72129068c96ad6d864ef97007f31fcdeb83d835826c4f24f8,2024-11-20T22:20:00Z,2648.96,2655.45,2024-12-01T00:00:00Z,2024-11-20T22:00:00Z,0.0,SHORT,0.6684679727052842,-50.0,M15_LATEST_CONFIRMED_OPPOSING_SWING_ELSE_CONTROL,2024-11-20T22:21:00Z,M5_BROKEN_CONTROL_FIRST_RETEST,2649.45,True,94980c731e375332775a496a4c881c68e15674d2c9c218624e4916a9f2856c42,1.0549956382130092,0.5768695361656252,2024_11,-1.0,-1.0,STOP,2024-11-21T02:32:00Z,STOP,9b732a141c0dbb0e15cf111c3fa77138cb691bd06b8c7f7731a10f893bf1c5a2,2024-11-21T02:19:00Z,FIRST_RETEST_FILLED,2024-11-20T22:35:00Z,2024-11-20T22:21:00Z,2649.45,True,True,INITIAL_CONFIRMATION_STOP,240939c96303f526f0ddda6d9f397783a909fece6e8238b351c87e5420195550,974731bbd0af85ca59837c56af17ffe6ae35d05175e4fd0f0161556724974052,2653.298357142857,2.9671428571429197,0.148357142857146,,M15_LATEST_CONFIRMED_OPPOSING_SWING_ELSE_CONTROL,True,a6d907f56ace0305cd188539f1f3e658e4ec8aee337d6258fd1ddedd697a4c0c,2024-11-20T22:15:00Z,2653.15,2618.82,fad5defa62c8b5dc2d590716186a9db8311a5e48ff784b70e3c54094fe1c7732
1db978b5c80c18381fb8733dab975b8faf7633aee907a4983740c4ddb5ec83d9,2649.45,2024-11-20T22:20:00Z,83540317d7e3caa72129068c96ad6d864ef97007f31fcdeb83d835826c4f24f8,2024-11-20T22:20:00Z,2648.96,2655.45,2024-12-01T00:00:00Z,2024-11-20T22:00:00Z,0.0,SHORT,1.0,-50.0,CONTROL_V2_FILLED_STOP,2024-11-20T22:21:00Z,M5_BROKEN_CONTROL_FIRST_RETEST,2649.45,True,66034c3527912287b04c8d33fad0898dbb07a18bdc759f2e6efd4eb93fa93d5c,1.0416666666666667,0.36999999999996663,2024_11,-1.0,-1.0,STOP,2024-11-21T02:32:00Z,STOP,6369fb01c44200949877578bc378b4db6d2fb0a9d5e4b6e0cd53ee74c8f3b442,2024-11-21T02:32:00Z,FIRST_RETEST_FILLED,2024-11-20T22:35:00Z,2024-11-20T22:21:00Z,2649.45,True,True,INITIAL_CONFIRMATION_STOP,6454b9d01ea08f21a7705e26fc7e037674fe98f7bdb01f477d3e81b83d8c9ace,974731bbd0af85ca59837c56af17ffe6ae35d05175e4fd0f0161556724974052,2655.45,6.929999999999999,0.3465,NOT_STRICTLY_CLOSER_THAN_CONTROL,H1_SOURCE_SWING_BUFFERED_ELSE_CONTROL,False,974731bbd0af85ca59837c56af17ffe6ae35d05175e4fd0f0161556724974052,2024-11-20T22:00:00Z,2655.45,2618.82,fad5defa62c8b5dc2d590716186a9db8311a5e48ff784b70e3c54094fe1c7732
1db978b5c80c18381fb8733dab975b8faf7633aee907a4983740c4ddb5ec83d9,2649.45,2024-11-20T22:20:00Z,83540317d7e3caa72129068c96ad6d864ef97007f31fcdeb83d835826c4f24f8,2024-11-20T22:20:00Z,2648.96,2655.45,2024-12-01T00:00:00Z,2024-11-20T22:00:00Z,0.0,SHORT,1.0,-50.0,CONTROL_V2_FILLED_STOP,2024-11-20T22:20:00Z,CONFIRMED_25_75_RETEST_SPLIT,2648.96,True,7ff1db3c151f401a2952a851b0762f341a232a8c40d637db4c4aec6edb7c6415,1.0408802003081667,0.3441409861324895,2024_11,-1.0,-1.0,STOP,2024-11-21T02:32:00Z,SPLIT_STOP_STOP,edbf569c29b5a466da5041443e400b8138cf56e7f6e89f533090213fb6f7d728,2024-11-21T02:32:00Z,FIRST_RETEST_FILLED,2024-11-20T22:35:00Z,2024-11-20T22:21:00Z,2649.45,True,True,INITIAL_CONFIRMATION_STOP,758edadd6a442d632ef6dabf97282f7078eacd49341114540185b51315b33f65,974731bbd0af85ca59837c56af17ffe6ae35d05175e4fd0f0161556724974052,2655.45,,,,CONTROL_V2_FILLED_STOP,False,,2024-11-20T22:20:00Z,2655.45,2618.82,fad5defa62c8b5dc2d590716186a9db8311a5e48ff784b70e3c54094fe1c7732
1db978b5c80c18381fb8733dab975b8faf7633aee907a4983740c4ddb5ec83d9,2649.45,2024-11-20T22:20:00Z,83540317d7e3caa72129068c96ad6d864ef97007f31fcdeb83d835826c4f24f8,2024-11-20T22:20:00Z,2648.96,2655.45,2024-12-01T00:00:00Z,2024-11-20T22:00:00Z,0.0,SHORT,0.6554479418886529,-50.0,M5_LATEST_CONFIRMED_OPPOSING_SWING_ELSE_CONTROL,2024-11-20T22:20:00Z,CONFIRMED_25_75_RETEST_SPLIT,2648.96,True,ea8437c9523804ffb676fa71cc862f16fc9db65e00d296e59305e87bbba15da0,1.0041654038213728,0.544037786431884,2024_11,-1.0,-1.0,STOP,2024-11-21T02:32:00Z,SPLIT_STOP_STOP,37f63e512bed3fe4950795d192dd1a3f3cce5da0a6884c7714a8671a108c806e,2024-11-21T02:18:00Z,FIRST_RETEST_FILLED,2024-11-20T22:35:00Z,2024-11-20T22:21:00Z,2649.45,True,True,INITIAL_CONFIRMATION_STOP,97a485923fbc0080aece4267dfe965513b0a543184fd982a604a55fb3c2a43f5,974731bbd0af85ca59837c56af17ffe6ae35d05175e4fd0f0161556724974052,2653.2138571428573,1.2771428571428973,0.06385714285714487,,M5_LATEST_CONFIRMED_OPPOSING_SWING_ELSE_CONTROL,True,5dc18cb36c00fcaa0433c759811706cf89e6fdc52e076cde68527f9dead51a9a,2024-11-20T21:55:00Z,2653.15,2618.82,fad5defa62c8b5dc2d590716186a9db8311a5e48ff784b70e3c54094fe1c7732
1db978b5c80c18381fb8733dab975b8faf7633aee907a4983740c4ddb5ec83d9,2649.45,2024-11-20T22:20:00Z,83540317d7e3caa72129068c96ad6d864ef97007f31fcdeb83d835826c4f24f8,2024-11-20T22:20:00Z,2648.96,2655.45,2024-12-01T00:00:00Z,2024-11-20T22:00:00Z,0.0,SHORT,0.6684679727052842,-50.0,M15_LATEST_CONFIRMED_OPPOSING_SWING_ELSE_CONTROL,2024-11-20T22:20:00Z,CONFIRMED_25_75_RETEST_SPLIT,2648.96,True,94980c731e375332775a496a4c881c68e15674d2c9c218624e4916a9f2856c42,1.0534427541467024,0.5323442673093624,2024_11,-1.0,-1.0,STOP,2024-11-21T02:32:00Z,SPLIT_STOP_STOP,3d995fdde90994f336b2790e494be4ec166c525c5fd3e32d072ed0d63ea128f9,2024-11-21T02:19:00Z,FIRST_RETEST_FILLED,2024-11-20T22:35:00Z,2024-11-20T22:21:00Z,2649.45,True,True,INITIAL_CONFIRMATION_STOP,980ea40146f43369f57f6936a0115177184d7bd2e9b9c19a35393bbaba59582e,974731bbd0af85ca59837c56af17ffe6ae35d05175e4fd0f0161556724974052,2653.298357142857,2.9671428571429197,0.148357142857146,,M15_LATEST_CONFIRMED_OPPOSING_SWING_ELSE_CONTROL,True,a6d907f56ace0305cd188539f1f3e658e4ec8aee337d6258fd1ddedd697a4c0c,2024-11-20T22:15:00Z,2653.15,2618.82,fad5defa62c8b5dc2d590716186a9db8311a5e48ff784b70e3c54094fe1c7732
1db978b5c80c18381fb8733dab975b8faf7633aee907a4983740c4ddb5ec83d9,2649.45,2024-11-20T22:20:00Z,83540317d7e3caa72129068c96ad6d864ef97007f31fcdeb83d835826c4f24f8,2024-11-20T22:20:00Z,2648.96,2655.45,2024-12-01T00:00:00Z,2024-11-20T22:00:00Z,0.0,SHORT,1.0,-50.0,CONTROL_V2_FILLED_STOP,2024-11-20T22:20:00Z,CONFIRMED_25_75_RETEST_SPLIT,2648.96,True,66034c3527912287b04c8d33fad0898dbb07a18bdc759f2e6efd4eb93fa93d5c,1.0408802003081667,0.3441409861324895,2024_11,-1.0,-1.0,STOP,2024-11-21T02:32:00Z,SPLIT_STOP_STOP,4b64b728fd30404990d5a06f2fab8e5d6cc18925a7241cbf83c58e459dd370d3,2024-11-21T02:32:00Z,FIRST_RETEST_FILLED,2024-11-20T22:35:00Z,2024-11-20T22:21:00Z,2649.45,True,True,INITIAL_CONFIRMATION_STOP,be57ae1e84122fc057d048f7cdabf501037a1825496ed3f79be09cf0a786c04e,974731bbd0af85ca59837c56af17ffe6ae35d05175e4fd0f0161556724974052,2655.45,6.929999999999999,0.3465,NOT_STRICTLY_CLOSER_THAN_CONTROL,H1_SOURCE_SWING_BUFFERED_ELSE_CONTROL,False,974731bbd0af85ca59837c56af17ffe6ae35d05175e4fd0f0161556724974052,2024-11-20T22:00:00Z,2655.45,2618.82,fad5defa62c8b5dc2d590716186a9db8311a5e48ff784b70e3c54094fe1c7732
9304f09eadef280a121bd253ed8d5fc4b9ce4191662626c6497be27e691e57ff,2649.47,2024-11-20T23:10:00Z,562bda823d91d240e1b5379723ff1d61887a1f8c74ce098ebc265d21f05a1009,2024-11-20T23:10:00Z,2649.47,2645.45,2024-12-01T00:00:00Z,2024-11-20T23:00:00Z,0.0,LONG,1.0,74.37810945273688,CONTROL_V2_FILLED_STOP,2024-11-20T23:10:00Z,CONTROL_NEXT_M1_OPEN,2649.47,True,f9158f178884dce02f708dcbeac27d611913f788f6ad85b2eae10394ad76946f,0.2910447761193093,1.549751243781106,2024_11,1.4875621890547377,1.4875621890547377,TARGET,2024-11-21T02:32:00Z,TARGET,5ad6f849939c57a4375f8918e448f18c8f2f6e63f26fcdc618b101ea8d9badcc,2024-11-21T02:32:00Z,INVALID_OR_NONIMPROVING_RETEST_GEOMETRY,2024-11-20T23:25:00Z,,2649.47,False,False,INITIAL_CONFIRMATION_TARGET,5502bec90723aa8f0875bddcf826d1f1a5ac30839d107430f4b45de5913f27a5,bf9491e7c0210d9b0e7df1242f67f49e76bae67977700dab0b0cb6abae08aeaf,2645.45,,,,CONTROL_V2_FILLED_STOP,False,,2024-11-20T23:10:00Z,2645.45,2655.45,d0d41db817f23e38b69c2afa8c2b76fe3b164e01e8f285c5635083766cb5e317
9304f09eadef280a121bd253ed8d5fc4b9ce4191662626c6497be27e691e57ff,2649.47,2024-11-20T23:10:00Z,562bda823d91d240e1b5379723ff1d61887a1f8c74ce098ebc265d21f05a1009,2024-11-20T23:10:00Z,2649.47,2645.45,2024-12-01T00:00:00Z,2024-11-20T23:00:00Z,1.097625169094993,LONG,0.5754175550817389,129.25936790748653,M5_LATEST_CONFIRMED_OPPOSING_SWING_ELSE_CONTROL,2024-11-20T23:10:00Z,CONTROL_NEXT_M1_OPEN,2649.47,True,99019ae0a770acd5bdb52d9cacc7584cea8e095d8a5ad207780a59ddcf13cdde,0.5057975265943458,2.6932637527212075,2024_11,2.5851873581497307,1.4875621890547377,TARGET,2024-11-21T02:32:00Z,TARGET,9af043e71f31df2516d86ac76ff18fcc1f61d5e97729c810998e711ba2f26d4c,2024-11-21T02:32:00Z,INVALID_OR_NONIMPROVING_RETEST_GEOMETRY,2024-11-20T23:25:00Z,,2649.47,False,False,INITIAL_CONFIRMATION_TARGET,6f4fafc8dda5914e57013a7d37a4f72ebf5c062cf4e1f500c06746f4cd0096b8,bf9491e7c0210d9b0e7df1242f67f49e76bae67977700dab0b0cb6abae08aeaf,2647.156821428571,1.463571428571478,0.07317857142857391,,M5_LATEST_CONFIRMED_OPPOSING_SWING_ELSE_CONTROL,True,481d49b83720155f9179598f4fb86e9220ec3035db24e683b844e33a3d49e5d6,2024-11-20T22:55:00Z,2647.23,2655.45,d0d41db817f23e38b69c2afa8c2b76fe3b164e01e8f285c5635083766cb5e317
9304f09eadef280a121bd253ed8d5fc4b9ce4191662626c6497be27e691e57ff,2649.47,2024-11-20T23:10:00Z,562bda823d91d240e1b5379723ff1d61887a1f8c74ce098ebc265d21f05a1009,2024-11-20T23:10:00Z,2649.47,2645.45,2024-12-01T00:00:00Z,2024-11-20T23:00:00Z,0.0,LONG,1.0,74.37810945273688,CONTROL_V2_FILLED_STOP,2024-11-20T23:10:00Z,CONTROL_NEXT_M1_OPEN,2649.47,True,3b7fa37836921b96e8b9304c8b5e1d752caa01d7d94968f404c3f1cb9b98f183,0.2910447761193093,1.549751243781106,2024_11,1.4875621890547377,1.4875621890547377,TARGET,2024-11-21T02:32:00Z,TARGET,96e53b4e51441d4e5c783d67dfd0bbdc6c4df3a6b656e04ba67c043d0184083b,2024-11-21T02:32:00Z,INVALID_OR_NONIMPROVING_RETEST_GEOMETRY,2024-11-20T23:25:00Z,,2649.47,False,False,INITIAL_CONFIRMATION_TARGET,19947bd5c76c54637f3071dc9be0894a40b493b46b082ff9e1140fffb6c33532,bf9491e7c0210d9b0e7df1242f67f49e76bae67977700dab0b0cb6abae08aeaf,2645.45,2.5942857142857583,0.12971428571428792,NOT_STRICTLY_CLOSER_THAN_CONTROL,M15_LATEST_CONFIRMED_OPPOSING_SWING_ELSE_CONTROL,False,bd55e6df6322495b016a4a799639242cea8434f1393bd549131f207e06f9273e,2024-11-20T21:00:00Z,2645.45,2655.45,d0d41db817f23e38b69c2afa8c2b76fe3b164e01e8f285c5635083766cb5e317
9304f09eadef280a121bd253ed8d5fc4b9ce4191662626c6497be27e691e57ff,2649.47,2024-11-20T23:10:00Z,562bda823d91d240e1b5379723ff1d61887a1f8c74ce098ebc265d21f05a1009,2024-11-20T23:10:00Z,2649.47,2645.45,2024-12-01T00:00:00Z,2024-11-20T23:00:00Z,0.0,LONG,1.0,74.37810945273688,CONTROL_V2_FILLED_STOP,2024-11-20T23:10:00Z,CONTROL_NEXT_M1_OPEN,2649.47,True,313806a61f2e53bc05abfee83646af2fbd0862fac83a8b3ac69c35c7ceebce37,0.2910447761193093,1.549751243781106,2024_11,1.4875621890547377,1.4875621890547377,TARGET,2024-11-21T02:32:00Z,TARGET,123ade8034f89ba20702bf8f871afff54cd7452190fa678d6068f28fa8c829a6,2024-11-21T02:32:00Z,INVALID_OR_NONIMPROVING_RETEST_GEOMETRY,2024-11-20T23:25:00Z,,2649.47,False,False,INITIAL_CONFIRMATION_TARGET,5f3b3a671cfb5f002bcc3718c3c72268e95f2ad7c90a20b2c483796a4dcd35e6,bf9491e7c0210d9b0e7df1242f67f49e76bae67977700dab0b0cb6abae08aeaf,2645.45,6.608571428571428,0.3304285714285714,NOT_STRICTLY_CLOSER_THAN_CONTROL,H1_SOURCE_SWING_BUFFERED_ELSE_CONTROL,False,bf9491e7c0210d9b0e7df1242f67f49e76bae67977700dab0b0cb6abae08aeaf,2024-11-20T23:00:00Z,2645.45,2655.45,d0d41db817f23e38b69c2afa8c2b76fe3b164e01e8f285c5635083766cb5e317
9304f09eadef280a121bd253ed8d5fc4b9ce4191662626c6497be27e691e57ff,2649.47,2024-11-20T23:10:00Z,562bda823d91d240e1b5379723ff1d61887a1f8c74ce098ebc265d21f05a1009,2024-11-20T23:10:00Z,2649.47,2645.45,2024-12-01T00:00:00Z,2024-11-20T23:00:00Z,-1.4875621890547377,LONG,1.0,0.0,CONTROL_V2_FILLED_STOP,,M5_BROKEN_CONTROL_FIRST_RETEST,,False,f9158f178884dce02f708dcbeac27d611913f788f6ad85b2eae10394ad76946f,,,2024_11,0.0,1.4875621890547377,TARGET,2024-11-21T02:32:00Z,NO_FILL,170f0f0db0fc3a2ad10a9e5d85f8b0bc91d73e65879ea7502fb7a103bd86b741,,INVALID_OR_NONIMPROVING_RETEST_GEOMETRY,2024-11-20T23:25:00Z,,2649.47,False,False,INITIAL_CONFIRMATION_TARGET,2fad189c5c414ab5467e81fcc10576c04ce6e27de632b18b53e0323dfd185b26,bf9491e7c0210d9b0e7df1242f67f49e76bae67977700dab0b0cb6abae08aeaf,2645.45,,,,CONTROL_V2_FILLED_STOP,False,,2024-11-20T23:10:00Z,2645.45,2655.45,d0d41db817f23e38b69c2afa8c2b76fe3b164e01e8f285c5635083766cb5e317
9304f09eadef280a121bd253ed8d5fc4b9ce4191662626c6497be27e691e57ff,2649.47,2024-11-20T23:10:00Z,562bda823d91d240e1b5379723ff1d61887a1f8c74ce098ebc265d21f05a1009,2024-11-20T23:10:00Z,2649.47,2645.45,2024-12-01T00:00:00Z,2024-11-20T23:00:00Z,-1.4875621890547377,LONG,0.5754175550817389,0.0,M5_LATEST_CONFIRMED_OPPOSING_SWING_ELSE_CONTROL,,M5_BROKEN_CONTROL_FIRST_RETEST,,False,99019ae0a770acd5bdb52d9cacc7584cea8e095d8a5ad207780a59ddcf13cdde,,,2024_11,0.0,1.4875621890547377,TARGET,2024-11-21T02:32:00Z,NO_FILL,09e9d804cdb038af85e2e96d40b968c7d4632d9aa484c2b13e0608230128f509,,INVALID_OR_NONIMPROVING_RETEST_GEOMETRY,2024-11-20T23:25:00Z,,2649.47,False,False,INITIAL_CONFIRMATION_TARGET,2005502d5daf8e412f603ffb7630a9a45cc034bd57ab101a377ebfa1bbd51783,bf9491e7c0210d9b0e7df1242f67f49e76bae67977700dab0b0cb6abae08aeaf,2647.156821428571,1.463571428571478,0.07317857142857391,,M5_LATEST_CONFIRMED_OPPOSING_SWING_ELSE_CONTROL,True,481d49b83720155f9179598f4fb86e9220ec3035db24e683b844e33a3d49e5d6,2024-11-20T22:55:00Z,2647.23,2655.45,d0d41db817f23e38b69c2afa8c2b76fe3b164e01e8f285c5635083766cb5e317
9304f09eadef280a121bd253ed8d5fc4b9ce4191662626c6497be27e691e57ff,2649.47,2024-11-20T23:10:00Z,562bda823d91d240e1b5379723ff1d61887a1f8c74ce098ebc265d21f05a1009,2024-11-20T23:10:00Z,2649.47,2645.45,2024-12-01T00:00:00Z,2024-11-20T23:00:00Z,-1.4875621890547377,LONG,1.0,0.0,CONTROL_V2_FILLED_STOP,,M5_BROKEN_CONTROL_FIRST_RETEST,,False,3b7fa37836921b96e8b9304c8b5e1d752caa01d7d94968f404c3f1cb9b98f183,,,2024_11,0.0,1.4875621890547377,TARGET,2024-11-21T02:32:00Z,NO_FILL,483a1c3ff36eb75fd0125f25f03e766a1210d13b8b6698fc3945cdec7f81ac65,,INVALID_OR_NONIMPROVING_RETEST_GEOMETRY,2024-11-20T23:25:00Z,,2649.47,False,False,INITIAL_CONFIRMATION_TARGET,113e70a5072fa839e8a74cc7d054dd4adc650ec619178e70d85420afc93b29c2,bf9491e7c0210d9b0e7df1242f67f49e76bae67977700dab0b0cb6abae08aeaf,2645.45,2.5942857142857583,0.12971428571428792,NOT_STRICTLY_CLOSER_THAN_CONTROL,M15_LATEST_CONFIRMED_OPPOSING_SWING_ELSE_CONTROL,False,bd55e6df6322495b016a4a799639242cea8434f1393bd549131f207e06f9273e,2024-11-20T21:00:00Z,2645.45,2655.45,d0d41db817f23e38b69c2afa8c2b76fe3b164e01e8f285c5635083766cb5e317
9304f09eadef280a121bd253ed8d5fc4b9ce4191662626c6497be27e691e57ff,2649.47,2024-11-20T23:10:00Z,562bda823d91d240e1b5379723ff1d61887a1f8c74ce098ebc265d21f05a1009,2024-11-20T23:10:00Z,2649.47,2645.45,2024-12-01T00:00:00Z,2024-11-20T23:00:00Z,-1.4875621890547377,LONG,1.0,0.0,CONTROL_V2_FILLED_STOP,,M5_BROKEN_CONTROL_FIRST_RETEST,,False,313806a61f2e53bc05abfee83646af2fbd0862fac83a8b3ac69c35c7ceebce37,,,2024_11,0.0,1.4875621890547377,TARGET,2024-11-21T02:32:00Z,NO_FILL,9c8d94831949907339269f1c3bb1daf39ed2d7c0e746686e863e5d43817b0dc5,,INVALID_OR_NONIMPROVING_RETEST_GEOMETRY,2024-11-20T23:25:00Z,,2649.47,False,False,INITIAL_CONFIRMATION_TARGET,a19c0bfb55678260efed57c4cb135dc5a5a6025562b340e52b71b3e587312803,bf9491e7c0210d9b0e7df1242f67f49e76bae67977700dab0b0cb6abae08aeaf,2645.45,6.608571428571428,0.3304285714285714,NOT_STRICTLY_CLOSER_THAN_CONTROL,H1_SOURCE_SWING_BUFFERED_ELSE_CONTROL,False,bf9491e7c0210d9b0e7df1242f67f49e76bae67977700dab0b0cb6abae08aeaf,2024-11-20T23:00:00Z,2645.45,2655.45,d0d41db817f23e38b69c2afa8c2b76fe3b164e01e8f285c5635083766cb5e317
9304f09eadef280a121bd253ed8d5fc4b9ce4191662626c6497be27e691e57ff,2649.47,2024-11-20T23:10:00Z,562bda823d91d240e1b5379723ff1d61887a1f8c74ce098ebc265d21f05a1009,2024-11-20T23:10:00Z,2649.47,2645.45,2024-12-01T00:00:00Z,2024-11-20T23:00:00Z,-1.1156716417910533,LONG,1.0,18.59452736318422,CONTROL_V2_FILLED_STOP,2024-11-20T23:10:00Z,CONFIRMED_25_75_RETEST_SPLIT,2649.47,True,f9158f178884dce02f708dcbeac27d611913f788f6ad85b2eae10394ad76946f,0.07276119402982732,0.3874378109452765,2024_11,0.3718905472636844,1.4875621890547377,TARGET,2024-11-21T02:32:00Z,SPLIT_CONTROL_TARGET_NO_RETEST,ce78d70dc7a0406153d42865897307ffd8938ee9d95292514c0f97cbd587e9f9,2024-11-21T02:32:00Z,INVALID_OR_NONIMPROVING_RETEST_GEOMETRY,2024-11-20T23:25:00Z,,2649.47,False,False,INITIAL_CONFIRMATION_TARGET,20e1170ae5daba980a6ed8e9bf9999730af828ddec93f79c3856ba59f69c1cee,bf9491e7c0210d9b0e7df1242f67f49e76bae67977700dab0b0cb6abae08aeaf,2645.45,,,,CONTROL_V2_FILLED_STOP,False,,2024-11-20T23:10:00Z,2645.45,2655.45,d0d41db817f23e38b69c2afa8c2b76fe3b164e01e8f285c5635083766cb5e317
9304f09eadef280a121bd253ed8d5fc4b9ce4191662626c6497be27e691e57ff,2649.47,2024-11-20T23:10:00Z,562bda823d91d240e1b5379723ff1d61887a1f8c74ce098ebc265d21f05a1009,2024-11-20T23:10:00Z,2649.47,2645.45,2024-12-01T00:00:00Z,2024-11-20T23:00:00Z,-0.841265349517305,LONG,0.5754175550817389,32.314841976871634,M5_LATEST_CONFIRMED_OPPOSING_SWING_ELSE_CONTROL,2024-11-20T23:10:00Z,CONFIRMED_25_75_RETEST_SPLIT,2649.47,True,99019ae0a770acd5bdb52d9cacc7584cea8e095d8a5ad207780a59ddcf13cdde,0.12644938164858646,0.6733159381803019,2024_11,0.6462968395374327,1.4875621890547377,TARGET,2024-11-21T02:32:00Z,SPLIT_CONTROL_TARGET_NO_RETEST,009592f2769fa649684f61534cc6522243ba2ae0bf7211dd4a15712c7f9a837a,2024-11-21T02:32:00Z,INVALID_OR_NONIMPROVING_RETEST_GEOMETRY,2024-11-20T23:25:00Z,,2649.47,False,False,INITIAL_CONFIRMATION_TARGET,38b5cdaa6734f289e6e8cbff908006f088c28ec466c3a35922110c9d7802d5f8,bf9491e7c0210d9b0e7df1242f67f49e76bae67977700dab0b0cb6abae08aeaf,2647.156821428571,1.463571428571478,0.07317857142857391,,M5_LATEST_CONFIRMED_OPPOSING_SWING_ELSE_CONTROL,True,481d49b83720155f9179598f4fb86e9220ec3035db24e683b844e33a3d49e5d6,2024-11-20T22:55:00Z,2647.23,2655.45,d0d41db817f23e38b69c2afa8c2b76fe3b164e01e8f285c5635083766cb5e317
9304f09eadef280a121bd253ed8d5fc4b9ce4191662626c6497be27e691e57ff,2649.47,2024-11-20T23:10:00Z,562bda823d91d240e1b5379723ff1d61887a1f8c74ce098ebc265d21f05a1009,2024-11-20T23:10:00Z,2649.47,2645.45,2024-12-01T00:00:00Z,2024-11-20T23:00:00Z,-1.1156716417910533,LONG,1.0,18.59452736318422,CONTROL_V2_FILLED_STOP,2024-11-20T23:10:00Z,CONFIRMED_25_75_RETEST_SPLIT,2649.47,True,3b7fa37836921b96e8b9304c8b5e1d752caa01d7d94968f404c3f1cb9b98f183,0.07276119402982732,0.3874378109452765,2024_11,0.3718905472636844,1.4875621890547377,TARGET,2024-11-21T02:32:00Z,SPLIT_CONTROL_TARGET_NO_RETEST,3dfdcb1b6821c5b0db51f1ebfbf0d35a63aa8f54a5ac198a0eff9f9c48fc8693,2024-11-21T02:32:00Z,INVALID_OR_NONIMPROVING_RETEST_GEOMETRY,2024-11-20T23:25:00Z,,2649.47,False,False,INITIAL_CONFIRMATION_TARGET,d8bd33d37872d5bee242b8ce1c81885d54863dd22daa646548054da7d7c4bacc,bf9491e7c0210d9b0e7df1242f67f49e76bae67977700dab0b0cb6abae08aeaf,2645.45,2.5942857142857583,0.12971428571428792,NOT_STRICTLY_CLOSER_THAN_CONTROL,M15_LATEST_CONFIRMED_OPPOSING_SWING_ELSE_CONTROL,False,bd55e6df6322495b016a4a799639242cea8434f1393bd549131f207e06f9273e,2024-11-20T21:00:00Z,2645.45,2655.45,d0d41db817f23e38b69c2afa8c2b76fe3b164e01e8f285c5635083766cb5e317
9304f09eadef280a121bd253ed8d5fc4b9ce4191662626c6497be27e691e57ff,2649.47,2024-11-20T23:10:00Z,562bda823d91d240e1b5379723ff1d61887a1f8c74ce098ebc265d21f05a1009,2024-11-20T23:10:00Z,2649.47,2645.45,2024-12-01T00:00:00Z,2024-11-20T23:00:00Z,-1.1156716417910533,LONG,1.0,18.59452736318422,CONTROL_V2_FILLED_STOP,2024-11-20T23:10:00Z,CONFIRMED_25_75_RETEST_SPLIT,2649.47,True,313806a61f2e53bc05abfee83646af2fbd0862fac83a8b3ac69c35c7ceebce37,0.07276119402982732,0.3874378109452765,2024_11,0.3718905472636844,1.4875621890547377,TARGET,2024-11-21T02:32:00Z,SPLIT_CONTROL_TARGET_NO_RETEST,02a92bd92c970d79c3dba81996cd054954b14645515f7891e9c32a5e2dd52f1a,2024-11-21T02:32:00Z,INVALID_OR_NONIMPROVING_RETEST_GEOMETRY,2024-11-20T23:25:00Z,,2649.47,False,False,INITIAL_CONFIRMATION_TARGET,a46831f6d827c4d74cef7566ba35bc266ca16863382a27da5f53a4b091d406be,bf9491e7c0210d9b0e7df1242f67f49e76bae67977700dab0b0cb6abae08aeaf,2645.45,6.608571428571428,0.3304285714285714,NOT_STRICTLY_CLOSER_THAN_CONTROL,H1_SOURCE_SWING_BUFFERED_ELSE_CONTROL,False,bf9491e7c0210d9b0e7df1242f67f49e76bae67977700dab0b0cb6abae08aeaf,2024-11-20T23:00:00Z,2645.45,2655.45,d0d41db817f23e38b69c2afa8c2b76fe3b164e01e8f285c5635083766cb5e317
231fe36d7424c3164fe0f262f5030a9bd34c429f1cf0ce80084fd981790602df,2658.96,2024-11-21T08:15:00Z,cbe7e58dc0c628c484f67786498159ce7ab3b95927e6d2c453edc236514b2f9e,2024-11-21T08:15:00Z,2659.44,2650.38,2024-12-01T00:00:00Z,2024-11-21T08:00:00Z,0.0,LONG,1.0,5.463576158939225,CONTROL_V2_FILLED_STOP,2024-11-21T08:15:00Z,CONTROL_NEXT_M1_OPEN,2659.44,True,c95cdd3d71f9b18adf581a0bf56c12b83823ed925d584b62c8703188c8098b5f,0.013245033112570815,0.14348785871961756,2024_11,0.10927152317878451,0.10927152317878451,TARGET,2024-11-21T08:18:00Z,TARGET,51acb109a8063d9aad2980e97b99a72782ffa6796a230ecd800cc77cac9e4ba6,2024-11-21T08:18:00Z,TARGET_BEFORE_RETEST,2024-11-21T08:30:00Z,,2658.96,False,False,INITIAL_CONFIRMATION_TARGET,ba985e9384f0e04ab6e65a62d572653d7b0d490fb0d2d74739fefa69eb0ede1a,9b639d325938229ae2338d8dacbaede568b3777aa2414a986e9ce741d7296718,2650.38,,,,CONTROL_V2_FILLED_STOP,False,,2024-11-21T08:15:00Z,2650.38,2660.43,8ed7859a2b73c328b904646f598f3b3e7decaa4c3fa52b6804fc9e8c10115c9d
231fe36d7424c3164fe0f262f5030a9bd34c429f1cf0ce80084fd981790602df,2658.96,2024-11-21T08:15:00Z,cbe7e58dc0c628c484f67786498159ce7ab3b95927e6d2c453edc236514b2f9e,2024-11-21T08:15:00Z,2659.44,2650.38,2024-12-01T00:00:00Z,2024-11-21T08:00:00Z,0.17662546314514765,LONG,0.38220592872908327,14.29484931619661,M5_LATEST_CONFIRMED_OPPOSING_SWING_ELSE_CONTROL,2024-11-21T08:15:00Z,CONTROL_NEXT_M1_OPEN,2659.44,True,711c1db2c5007993062040dbf3b3065cbd11e430d5cc893ed8194b0c80d6e533,0.03465418016045275,0.3754202850718341,2024_11,0.2858969863239322,0.10927152317878451,TARGET,2024-11-21T08:18:00Z,TARGET,3ea76426a6ca02cd5d0050baaf719ae1464239b0ef60e5ee01729e3a5b3ae495,2024-11-21T08:18:00Z,TARGET_BEFORE_RETEST,2024-11-21T08:30:00Z,,2658.96,False,False,INITIAL_CONFIRMATION_TARGET,6e5610ff9ecf2f803cd792cc08b170e41562bedd581408d71d3b00477834e5f8,9b639d325938229ae2338d8dacbaede568b3777aa2414a986e9ce741d7296718,2655.9772142857146,1.455714285714196,0.0727857142857098,,M5_LATEST_CONFIRMED_OPPOSING_SWING_ELSE_CONTROL,True,ddcea48f2c75f56fef8d046c99df89d044933c0c88c859e1e5d0c83ac2ed0b9f,2024-11-21T08:10:00Z,2656.05,2660.43,8ed7859a2b73c328b904646f598f3b3e7decaa4c3fa52b6804fc9e8c10115c9d
231fe36d7424c3164fe0f262f5030a9bd34c429f1cf0ce80084fd981790602df,2658.96,2024-11-21T08:15:00Z,cbe7e58dc0c628c484f67786498159ce7ab3b95927e6d2c453edc236514b2f9e,2024-11-21T08:15:00Z,2659.44,2650.38,2024-12-01T00:00:00Z,2024-11-21T08:00:00Z,0.09277665641956394,LONG,0.5408191422264004,10.102408979917422,M15_LATEST_CONFIRMED_OPPOSING_SWING_ELSE_CONTROL,2024-11-21T08:15:00Z,CONTROL_NEXT_M1_OPEN,2659.44,True,2cabb7e5e7719d91005a8d60ca58a66e9d519089b74026335b6ba5c6b1fa4419,0.024490688436146574,0.2653157913917735,2024_11,0.20204817959834845,0.10927152317878451,TARGET,2024-11-21T08:18:00Z,TARGET,8fa87496b81996781247c6ebefca34bc1f89068b90cccf8e3be6bc8749e5cba3,2024-11-21T08:18:00Z,TARGET_BEFORE_RETEST,2024-11-21T08:30:00Z,,2658.96,False,False,INITIAL_CONFIRMATION_TARGET,538771410d952a8a90b140bca252adf4734c34813deb8ee5cb0b6c76f4d27533,9b639d325938229ae2338d8dacbaede568b3777aa2414a986e9ce741d7296718,2654.540178571429,2.196428571428409,0.10982142857142047,,M15_LATEST_CONFIRMED_OPPOSING_SWING_ELSE_CONTROL,True,dbb6a3a62fd1babca7fd2c29a798fd752ff920d6fc64a250e01c4480b25397ff,2024-11-21T08:00:00Z,2654.65,2660.43,8ed7859a2b73c328b904646f598f3b3e7decaa4c3fa52b6804fc9e8c10115c9d
231fe36d7424c3164fe0f262f5030a9bd34c429f1cf0ce80084fd981790602df,2658.96,2024-11-21T08:15:00Z,cbe7e58dc0c628c484f67786498159ce7ab3b95927e6d2c453edc236514b2f9e,2024-11-21T08:15:00Z,2659.44,2650.38,2024-12-01T00:00:00Z,2024-11-21T08:00:00Z,0.0,LONG,1.0,5.463576158939225,CONTROL_V2_FILLED_STOP,2024-11-21T08:15:00Z,CONTROL_NEXT_M1_OPEN,2659.44,True,f558d2485f2e781af17336ccde529ab1469f33e0c483d86b5af0eea5852dca9d,0.013245033112570815,0.14348785871961756,2024_11,0.10927152317878451,0.10927152317878451,TARGET,2024-11-21T08:18:00Z,TARGET,cd91202606765271c496c79fd0697fde26835a4d28a5be85941d3e402837facf,2024-11-21T08:18:00Z,TARGET_BEFORE_RETEST,2024-11-21T08:30:00Z,,2658.96,False,False,INITIAL_CONFIRMATION_TARGET,bb31fe263c8009d7ef13c203c970d1fc5ab0ac8e57443d1483f6b2ba7f3eb0f4,9b639d325938229ae2338d8dacbaede568b3777aa2414a986e9ce741d7296718,2650.38,6.029999999999908,0.30149999999999544,NOT_STRICTLY_CLOSER_THAN_CONTROL,H1_SOURCE_SWING_BUFFERED_ELSE_CONTROL,False,9b639d325938229ae2338d8dacbaede568b3777aa2414a986e9ce741d7296718,2024-11-21T08:00:00Z,2650.38,2660.43,8ed7859a2b73c328b904646f598f3b3e7decaa4c3fa52b6804fc9e8c10115c9d
231fe36d7424c3164fe0f262f5030a9bd34c429f1cf0ce80084fd981790602df,2658.96,2024-11-21T08:15:00Z,cbe7e58dc0c628c484f67786498159ce7ab3b95927e6d2c453edc236514b2f9e,2024-11-21T08:15:00Z,2659.44,2650.38,2024-12-01T00:00:00Z,2024-11-21T08:00:00Z,-0.10927152317878451,LONG,1.0,0.0,CONTROL_V2_FILLED_STOP,,M5_BROKEN_CONTROL_FIRST_RETEST,,False,c95cdd3d71f9b18adf581a0bf56c12b83823ed925d584b62c8703188c8098b5f,,,2024_11,0.0,0.10927152317878451,TARGET,2024-11-21T08:18:00Z,NO_FILL,9cb43c40113a1af5387cedbb145747407117d5a43d8bcbefe0cc9dc79a2934b3,,TARGET_BEFORE_RETEST,2024-11-21T08:30:00Z,,2658.96,False,False,INITIAL_CONFIRMATION_TARGET,ce9549f01bfe963c0e50bfd909d996c78dff16b666fdb41805016ed7cadd4429,9b639d325938229ae2338d8dacbaede568b3777aa2414a986e9ce741d7296718,2650.38,,,,CONTROL_V2_FILLED_STOP,False,,2024-11-21T08:15:00Z,2650.38,2660.43,8ed7859a2b73c328b904646f598f3b3e7decaa4c3fa52b6804fc9e8c10115c9d
231fe36d7424c3164fe0f262f5030a9bd34c429f1cf0ce80084fd981790602df,2658.96,2024-11-21T08:15:00Z,cbe7e58dc0c628c484f67786498159ce7ab3b95927e6d2c453edc236514b2f9e,2024-11-21T08:15:00Z,2659.44,2650.38,2024-12-01T00:00:00Z,2024-11-21T08:00:00Z,-0.10927152317878451,LONG,0.38220592872908327,0.0,M5_LATEST_CONFIRMED_OPPOSING_SWING_ELSE_CONTROL,,M5_BROKEN_CONTROL_FIRST_RETEST,,False,711c1db2c5007993062040dbf3b3065cbd11e430d5cc893ed8194b0c80d6e533,,,2024_11,0.0,0.10927152317878451,TARGET,2024-11-21T08:18:00Z,NO_FILL,9a9553a440a7b9ff6543a9af8d5b7421e33f0e8a89b94db03fc2a858b1a153ad,,TARGET_BEFORE_RETEST,2024-11-21T08:30:00Z,,2658.96,False,False,INITIAL_CONFIRMATION_TARGET,81659974d0ef3f59adce45223f5c8b74e4a4f1abf44bd20572c41469113a077d,9b639d325938229ae2338d8dacbaede568b3777aa2414a986e9ce741d7296718,2655.9772142857146,1.455714285714196,0.0727857142857098,,M5_LATEST_CONFIRMED_OPPOSING_SWING_ELSE_CONTROL,True,ddcea48f2c75f56fef8d046c99df89d044933c0c88c859e1e5d0c83ac2ed0b9f,2024-11-21T08:10:00Z,2656.05,2660.43,8ed7859a2b73c328b904646f598f3b3e7decaa4c3fa52b6804fc9e8c10115c9d
231fe36d7424c3164fe0f262f5030a9bd34c429f1cf0ce80084fd981790602df,2658.96,2024-11-21T08:15:00Z,cbe7e58dc0c628c484f67786498159ce7ab3b95927e6d2c453edc236514b2f9e,2024-11-21T08:15:00Z,2659.44,2650.38,2024-12-01T00:00:00Z,2024-11-21T08:00:00Z,-0.10927152317878451,LONG,0.5408191422264004,0.0,M15_LATEST_CONFIRMED_OPPOSING_SWING_ELSE_CONTROL,,M5_BROKEN_CONTROL_FIRST_RETEST,,False,2cabb7e5e7719d91005a8d60ca58a66e9d519089b74026335b6ba5c6b1fa4419,,,2024_11,0.0,0.10927152317878451,TARGET,2024-11-21T08:18:00Z,NO_FILL,19eea80b990c96da07df32f4235694133c41708a4a9fc81537230f5958f036dd,,TARGET_BEFORE_RETEST,2024-11-21T08:30:00Z,,2658.96,False,False,INITIAL_CONFIRMATION_TARGET,528bd2b1451c0fcf303fc96ab9b4859eda73a08673c927bef0f598d705eaac33,9b639d325938229ae2338d8dacbaede568b3777aa2414a986e9ce741d7296718,2654.540178571429,2.196428571428409,0.10982142857142047,,M15_LATEST_CONFIRMED_OPPOSING_SWING_ELSE_CONTROL,True,dbb6a3a62fd1babca7fd2c29a798fd752ff920d6fc64a250e01c4480b25397ff,2024-11-21T08:00:00Z,2654.65,2660.43,8ed7859a2b73c328b904646f598f3b3e7decaa4c3fa52b6804fc9e8c10115c9d
231fe36d7424c3164fe0f262f5030a9bd34c429f1cf0ce80084fd981790602df,2658.96,2024-11-21T08:15:00Z,cbe7e58dc0c628c484f67786498159ce7ab3b95927e6d2c453edc236514b2f9e,2024-11-21T08:15:00Z,2659.44,2650.38,2024-12-01T00:00:00Z,2024-11-21T08:00:00Z,-0.10927152317878451,LONG,1.0,0.0,CONTROL_V2_FILLED_STOP,,M5_BROKEN_CONTROL_FIRST_RETEST,,False,f558d2485f2e781af17336ccde529ab1469f33e0c483d86b5af0eea5852dca9d,,,2024_11,0.0,0.10927152317878451,TARGET,2024-11-21T08:18:00Z,NO_FILL,954b424a01f9bfd755bb8d7da1c7488e235c04024ec211d99c4bb0a6aaf5723f,,TARGET_BEFORE_RETEST,2024-11-21T08:30:00Z,,2658.96,False,False,INITIAL_CONFIRMATION_TARGET,7d46e8516db0daebbd21169132b43491b309ba65bc3359ce7e2d47da50520158,9b639d325938229ae2338d8dacbaede568b3777aa2414a986e9ce741d7296718,2650.38,6.029999999999908,0.30149999999999544,NOT_STRICTLY_CLOSER_THAN_CONTROL,H1_SOURCE_SWING_BUFFERED_ELSE_CONTROL,False,9b639d325938229ae2338d8dacbaede568b3777aa2414a986e9ce741d7296718,2024-11-21T08:00:00Z,2650.38,2660.43,8ed7859a2b73c328b904646f598f3b3e7decaa4c3fa52b6804fc9e8c10115c9d
231fe36d7424c3164fe0f262f5030a9bd34c429f1cf0ce80084fd981790602df,2658.96,2024-11-21T08:15:00Z,cbe7e58dc0c628c484f67786498159ce7ab3b95927e6d2c453edc236514b2f9e,2024-11-21T08:15:00Z,2659.44,2650.38,2024-12-01T00:00:00Z,2024-11-21T08:00:00Z,-0.08195364238408838,LONG,1.0,1.3658940397348063,CONTROL_V2_FILLED_STOP,2024-11-21T08:15:00Z,CONFIRMED_25_75_RETEST_SPLIT,2659.44,True,c95cdd3d71f9b18adf581a0bf56c12b83823ed925d584b62c8703188c8098b5f,0.003311258278142704,0.03587196467990439,2024_11,0.027317880794696128,0.10927152317878451,TARGET,2024-11-21T08:18:00Z,SPLIT_CONTROL_TARGET_NO_RETEST,6b445225bece42c469a205921e88a77c82aebec6c1b286bcf4c0ff4a9931b0e0,2024-11-21T08:18:00Z,TARGET_BEFORE_RETEST,2024-11-21T08:30:00Z,,2658.96,False,False,INITIAL_CONFIRMATION_TARGET,8cc765b2528e31adcab927dcc07dba918c8e50b15768b47fbc3543109ef00d3c,9b639d325938229ae2338d8dacbaede568b3777aa2414a986e9ce741d7296718,2650.38,,,,CONTROL_V2_FILLED_STOP,False,,2024-11-21T08:15:00Z,2650.38,2660.43,8ed7859a2b73c328b904646f598f3b3e7decaa4c3fa52b6804fc9e8c10115c9d
231fe36d7424c3164fe0f262f5030a9bd34c429f1cf0ce80084fd981790602df,2658.96,2024-11-21T08:15:00Z,cbe7e58dc0c628c484f67786498159ce7ab3b95927e6d2c453edc236514b2f9e,2024-11-21T08:15:00Z,2659.44,2650.38,2024-12-01T00:00:00Z,2024-11-21T08:00:00Z,-0.037797276597801466,LONG,0.38220592872908327,3.5737123290491524,M5_LATEST_CONFIRMED_OPPOSING_SWING_ELSE_CONTROL,2024-11-21T08:15:00Z,CONFIRMED_25_75_RETEST_SPLIT,2659.44,True,711c1db2c5007993062040dbf3b3065cbd11e430d5cc893ed8194b0c80d6e533,0.008663545040113187,0.09385507126795853,2024_11,0.07147424658098304,0.10927152317878451,TARGET,2024-11-21T08:18:00Z,SPLIT_CONTROL_TARGET_NO_RETEST,b6c5c0590d8089fbf3b63f4296a1fc4e2df2d46e65c798d61ff7e4ed72cc8c36,2024-11-21T08:18:00Z,TARGET_BEFORE_RETEST,2024-11-21T08:30:00Z,,2658.96,False,False,INITIAL_CONFIRMATION_TARGET,12286d52f3ac654b97307b744be76784db02e1a1bd322e1a3769d6de8ac97a55,9b639d325938229ae2338d8dacbaede568b3777aa2414a986e9ce741d7296718,2655.9772142857146,1.455714285714196,0.0727857142857098,,M5_LATEST_CONFIRMED_OPPOSING_SWING_ELSE_CONTROL,True,ddcea48f2c75f56fef8d046c99df89d044933c0c88c859e1e5d0c83ac2ed0b9f,2024-11-21T08:10:00Z,2656.05,2660.43,8ed7859a2b73c328b904646f598f3b3e7decaa4c3fa52b6804fc9e8c10115c9d
231fe36d7424c3164fe0f262f5030a9bd34c429f1cf0ce80084fd981790602df,2658.96,2024-11-21T08:15:00Z,cbe7e58dc0c628c484f67786498159ce7ab3b95927e6d2c453edc236514b2f9e,2024-11-21T08:15:00Z,2659.44,2650.38,2024-12-01T00:00:00Z,2024-11-21T08:00:00Z,-0.0587594782791974,LONG,0.5408191422264004,2.5256022449793556,M15_LATEST_CONFIRMED_OPPOSING_SWING_ELSE_CONTROL,2024-11-21T08:15:00Z,CONFIRMED_25_75_RETEST_SPLIT,2659.44,True,2cabb7e5e7719d91005a8d60ca58a66e9d519089b74026335b6ba5c6b1fa4419,0.0061226721090366434,0.06632894784794338,2024_11,0.05051204489958711,0.10927152317878451,TARGET,2024-11-21T08:18:00Z,SPLIT_CONTROL_TARGET_NO_RETEST,af39e3a73ea252127b527c25cd342784baf4fac2ae2d2a4356bcaf6e61a2b106,2024-11-21T08:18:00Z,TARGET_BEFORE_RETEST,2024-11-21T08:30:00Z,,2658.96,False,False,INITIAL_CONFIRMATION_TARGET,28c1d3e03851029fa2385c56c8a36fbe315c29dc2a2b93e2b85325bd094b737e,9b639d325938229ae2338d8dacbaede568b3777aa2414a986e9ce741d7296718,2654.540178571429,2.196428571428409,0.10982142857142047,,M15_LATEST_CONFIRMED_OPPOSING_SWING_ELSE_CONTROL,True,dbb6a3a62fd1babca7fd2c29a798fd752ff920d6fc64a250e01c4480b25397ff,2024-11-21T08:00:00Z,2654.65,2660.43,8ed7859a2b73c328b904646f598f3b3e7decaa4c3fa52b6804fc9e8c10115c9d
231fe36d7424c3164fe0f262f5030a9bd34c429f1cf0ce80084fd981790602df,2658.96,2024-11-21T08:15:00Z,cbe7e58dc0c628c484f67786498159ce7ab3b95927e6d2c453edc236514b2f9e,2024-11-21T08:15:00Z,2659.44,2650.38,2024-12-01T00:00:00Z,2024-11-21T08:00:00Z,-0.08195364238408838,LONG,1.0,1.3658940397348063,CONTROL_V2_FILLED_STOP,2024-11-21T08:15:00Z,CONFIRMED_25_75_RETEST_SPLIT,2659.44,True,f558d2485f2e781af17336ccde529ab1469f33e0c483d86b5af0eea5852dca9d,0.003311258278142704,0.03587196467990439,2024_11,0.027317880794696128,0.10927152317878451,TARGET,2024-11-21T08:18:00Z,SPLIT_CONTROL_TARGET_NO_RETEST,1cebef24d81bdd57d933f6b908af75aeb775de699ae7686fe244dfc3566755fd,2024-11-21T08:18:00Z,TARGET_BEFORE_RETEST,2024-11-21T08:30:00Z,,2658.96,False,False,INITIAL_CONFIRMATION_TARGET,24f39d1412cfdf59094963b2cc785704991e2beb324c4c9182172a662f8fc7aa,9b639d325938229ae2338d8dacbaede568b3777aa2414a986e9ce741d7296718,2650.38,6.029999999999908,0.30149999999999544,NOT_STRICTLY_CLOSER_THAN_CONTROL,H1_SOURCE_SWING_BUFFERED_ELSE_CONTROL,False,9b639d325938229ae2338d8dacbaede568b3777aa2414a986e9ce741d7296718,2024-11-21T08:00:00Z,2650.38,2660.43,8ed7859a2b73c328b904646f598f3b3e7decaa4c3fa52b6804fc9e8c10115c9d
66dbf9c8f90432c59600d1cb1e329075a9c94a44c978974d840327b4fb89b8c4,2670.6,2024-11-21T19:55:00Z,bf5c6b112834028aa57a74cbf726bbf61ef4ce0cd02f672e2441c408b8f8242e,2024-11-21T19:55:00Z,2671.48,2660.45,2024-12-01T00:00:00Z,2024-11-21T18:00:00Z,0.0,LONG,1.0,9.33816863100593,CONTROL_V2_FILLED_STOP,2024-11-21T19:55:00Z,CONTROL_NEXT_M1_OPEN,2671.48,True,89a5bc100e613da011fc5aca25c05236d72764e3bc0f412822e7831de16c3344,0.3272892112420727,0.19401631912963135,2024_11,0.18676337262011858,0.18676337262011858,TARGET,2024-11-22T02:30:00Z,TARGET,1cae36610181617c368e42b3269168a87e89609cb38f8797cf46fb88f4965bd6,2024-11-22T02:30:00Z,FIRST_RETEST_FILLED,2024-11-21T20:10:00Z,2024-11-21T20:02:00Z,2670.6,True,False,INITIAL_CONFIRMATION_TARGET,b281d418e5f196e0842983e4c735c6d7b9f9657395295b3d016a48402dd708d0,709dddd6d4019e14636d88b8465819ad371479d2c28e8b51baa716aa42695f52,2660.45,,,,CONTROL_V2_FILLED_STOP,False,,2024-11-21T19:55:00Z,2660.45,2673.54,dc1d28c95837fa007ccdc3488749bcd090a3d01616ca0cba003efc5ec75d7a7b
66dbf9c8f90432c59600d1cb1e329075a9c94a44c978974d840327b4fb89b8c4,2670.6,2024-11-21T19:55:00Z,bf5c6b112834028aa57a74cbf726bbf61ef4ce0cd02f672e2441c408b8f8242e,2024-11-21T19:55:00Z,2671.48,2660.45,2024-12-01T00:00:00Z,2024-11-21T18:00:00Z,0.024349324520267113,LONG,0.8846619608858709,10.555634857019285,M5_LATEST_CONFIRMED_OPPOSING_SWING_ELSE_CONTROL,2024-11-21T19:55:00Z,CONTROL_NEXT_M1_OPEN,2671.48,True,ae8254c1df8ff6eed57d039f03079b0fcc93f4a58f312c004a4e6a0680509bbf,0.3699596294547764,0.21931124848563616,2024_11,0.2111126971403857,0.18676337262011858,TARGET,2024-11-22T02:30:00Z,TARGET,7730cd240d6338258bba0556248af0b6ffdc34976d00287bb68e03df9b2de85c,2024-11-22T02:30:00Z,FIRST_RETEST_FILLED,2024-11-21T20:10:00Z,2024-11-21T20:02:00Z,2670.6,True,False,INITIAL_CONFIRMATION_TARGET,c9c6f6781ab717d6a642f9a77bcc5863144b5517ed27dbad0fb00232a6667531,709dddd6d4019e14636d88b8465819ad371479d2c28e8b51baa716aa42695f52,2661.7221785714287,2.156428571428608,0.1078214285714304,,M5_LATEST_CONFIRMED_OPPOSING_SWING_ELSE_CONTROL,True,9459c5ab80fe0bf35f3845497c1cfe63df4b2c7825aaf14c9914a8b5b50707b9,2024-11-21T19:20:00Z,2661.83,2673.54,dc1d28c95837fa007ccdc3488749bcd090a3d01616ca0cba003efc5ec75d7a7b
66dbf9c8f90432c59600d1cb1e329075a9c94a44c978974d840327b4fb89b8c4,2670.6,2024-11-21T19:55:00Z,bf5c6b112834028aa57a74cbf726bbf61ef4ce0cd02f672e2441c408b8f8242e,2024-11-21T19:55:00Z,2671.48,2660.45,2024-12-01T00:00:00Z,2024-11-21T18:00:00Z,0.012368704284628274,LONG,0.937886931744579,9.956603845237343,M15_LATEST_CONFIRMED_OPPOSING_SWING_ELSE_CONTROL,2024-11-21T19:55:00Z,CONTROL_NEXT_M1_OPEN,2671.48,True,fc9612b8d121f709c657dfcb3167adede36459742b903fcf7c060dca9d553ee1,0.34896446486707794,0.2068653614447302,2024_11,0.19913207690474685,0.18676337262011858,TARGET,2024-11-22T02:30:00Z,TARGET,3fc9db9143aad9c197e1054691bb7933adb15eb54eaae5dfa37d6164e3e6a1ea,2024-11-22T02:30:00Z,FIRST_RETEST_FILLED,2024-11-21T20:10:00Z,2024-11-21T20:02:00Z,2670.6,True,False,INITIAL_CONFIRMATION_TARGET,6f76988745e5594bd3004eb82adcb06ca45e0005ff595f34b1065cb35a9af84a,709dddd6d4019e14636d88b8465819ad371479d2c28e8b51baa716aa42695f52,2661.135107142857,4.697857142857239,0.23489285714286195,,M15_LATEST_CONFIRMED_OPPOSING_SWING_ELSE_CONTROL,True,84588378a4c7a0e30ba426c408e09ea62cbd0825f024086bcf93e6d78df47b74,2024-11-21T19:30:00Z,2661.37,2673.54,dc1d28c95837fa007ccdc3488749bcd090a3d01616ca0cba003efc5ec75d7a7b
66dbf9c8f90432c59600d1cb1e329075a9c94a44c978974d840327b4fb89b8c4,2670.6,2024-11-21T19:55:00Z,bf5c6b112834028aa57a74cbf726bbf61ef4ce0cd02f672e2441c408b8f8242e,2024-11-21T19:55:00Z,2671.48,2660.45,2024-12-01T00:00:00Z,2024-11-21T18:00:00Z,0.0,LONG,1.0,9.33816863100593,CONTROL_V2_FILLED_STOP,2024-11-21T19:55:00Z,CONTROL_NEXT_M1_OPEN,2671.48,True,3b9ba19c956a5f168b6eb5ca70212a5abc4fe1a85d64dd0a4d7785e238530863,0.3272892112420727,0.19401631912963135,2024_11,0.18676337262011858,0.18676337262011858,TARGET,2024-11-22T02:30:00Z,TARGET,18192ebe38485f53280065f7e72aca27aecfd1241ed1716c6a451e26553bf7ae,2024-11-22T02:30:00Z,FIRST_RETEST_FILLED,2024-11-21T20:10:00Z,2024-11-21T20:02:00Z,2670.6,True,False,INITIAL_CONFIRMATION_TARGET,482484f029613fe560d86ea7c36a4223281efc7ac7b2556b709c8cae77ed4fe0,709dddd6d4019e14636d88b8465819ad371479d2c28e8b51baa716aa42695f52,2660.45,6.4500000000000455,0.3225000000000023,NOT_STRICTLY_CLOSER_THAN_CONTROL,H1_SOURCE_SWING_BUFFERED_ELSE_CONTROL,False,709dddd6d4019e14636d88b8465819ad371479d2c28e8b51baa716aa42695f52,2024-11-21T18:00:00Z,2660.45,2673.54,dc1d28c95837fa007ccdc3488749bcd090a3d01616ca0cba003efc5ec75d7a7b
66dbf9c8f90432c59600d1cb1e329075a9c94a44c978974d840327b4fb89b8c4,2670.6,2024-11-21T19:55:00Z,bf5c6b112834028aa57a74cbf726bbf61ef4ce0cd02f672e2441c408b8f8242e,2024-11-21T19:55:00Z,2671.48,2660.45,2024-12-01T00:00:00Z,2024-11-21T18:00:00Z,0.10289179979367732,LONG,1.0,14.482758620689795,CONTROL_V2_FILLED_STOP,2024-11-21T20:02:00Z,M5_BROKEN_CONTROL_FIRST_RETEST,2670.6,True,89a5bc100e613da011fc5aca25c05236d72764e3bc0f412822e7831de16c3344,0.2689655172413787,0.29753694581280343,2024_11,0.2896551724137959,0.18676337262011858,TARGET,2024-11-22T02:30:00Z,TARGET,2f1481778a8d52c42a1d5b268cce4b6d62633ddd5910a0b093ea636f1de2aad4,2024-11-22T02:30:00Z,FIRST_RETEST_FILLED,2024-11-21T20:10:00Z,2024-11-21T20:02:00Z,2670.6,True,True,INITIAL_CONFIRMATION_TARGET,20e28c4a85e131f670f4d5b3c1fbc840ebd1e72d0d0a82da6937bd667987df18,709dddd6d4019e14636d88b8465819ad371479d2c28e8b51baa716aa42695f52,2660.45,,,,CONTROL_V2_FILLED_STOP,False,,2024-11-21T19:55:00Z,2660.45,2673.54,dc1d28c95837fa007ccdc3488749bcd090a3d01616ca0cba003efc5ec75d7a7b
66dbf9c8f90432c59600d1cb1e329075a9c94a44c978974d840327b4fb89b8c4,2670.6,2024-11-21T19:55:00Z,bf5c6b112834028aa57a74cbf726bbf61ef4ce0cd02f672e2441c408b8f8242e,2024-11-21T19:55:00Z,2671.48,2660.45,2024-12-01T00:00:00Z,2024-11-21T18:00:00Z,0.14439895404465772,LONG,0.8846619608858709,16.558116333238814,M5_LATEST_CONFIRMED_OPPOSING_SWING_ELSE_CONTROL,2024-11-21T20:02:00Z,M5_BROKEN_CONTROL_FIRST_RETEST,2670.6,True,ae8254c1df8ff6eed57d039f03079b0fcc93f4a58f312c004a4e6a0680509bbf,0.30750787476014574,0.3401735464379591,2024_11,0.3311623266647763,0.18676337262011858,TARGET,2024-11-22T02:30:00Z,TARGET,6e19d37c4c16e929379116fee60e1ff8ed351902a1d5e216b50b503b17bfcbb3,2024-11-22T02:30:00Z,FIRST_RETEST_FILLED,2024-11-21T20:10:00Z,2024-11-21T20:02:00Z,2670.6,True,True,INITIAL_CONFIRMATION_TARGET,c170d19c1e033cfaf6fc4a03af15e789bdffe0f55a455838766fb216c726af08,709dddd6d4019e14636d88b8465819ad371479d2c28e8b51baa716aa42695f52,2661.7221785714287,2.156428571428608,0.1078214285714304,,M5_LATEST_CONFIRMED_OPPOSING_SWING_ELSE_CONTROL,True,9459c5ab80fe0bf35f3845497c1cfe63df4b2c7825aaf14c9914a8b5b50707b9,2024-11-21T19:20:00Z,2661.83,2673.54,dc1d28c95837fa007ccdc3488749bcd090a3d01616ca0cba003efc5ec75d7a7b
66dbf9c8f90432c59600d1cb1e329075a9c94a44c978974d840327b4fb89b8c4,2670.6,2024-11-21T19:55:00Z,bf5c6b112834028aa57a74cbf726bbf61ef4ce0cd02f672e2441c408b8f8242e,2024-11-21T19:55:00Z,2671.48,2660.45,2024-12-01T00:00:00Z,2024-11-21T18:00:00Z,0.1238582101462781,LONG,0.937886931744579,15.531079138319834,M15_LATEST_CONFIRMED_OPPOSING_SWING_ELSE_CONTROL,2024-11-21T20:02:00Z,M5_BROKEN_CONTROL_FIRST_RETEST,2670.6,True,fc9612b8d121f709c657dfcb3167adede36459742b903fcf7c060dca9d553ee1,0.28843432685450776,0.3190738707328214,2024_11,0.3106215827663967,0.18676337262011858,TARGET,2024-11-22T02:30:00Z,TARGET,f97abe11ac8e92bb33d39e083f46978c1006d412231d5e3b869425e6625cc958,2024-11-22T02:30:00Z,FIRST_RETEST_FILLED,2024-11-21T20:10:00Z,2024-11-21T20:02:00Z,2670.6,True,True,INITIAL_CONFIRMATION_TARGET,515c2fa16255ed14cdb9e4a7cb927caa0344c2e922c9b228f5ff46c03177cbec,709dddd6d4019e14636d88b8465819ad371479d2c28e8b51baa716aa42695f52,2661.135107142857,4.697857142857239,0.23489285714286195,,M15_LATEST_CONFIRMED_OPPOSING_SWING_ELSE_CONTROL,True,84588378a4c7a0e30ba426c408e09ea62cbd0825f024086bcf93e6d78df47b74,2024-11-21T19:30:00Z,2661.37,2673.54,dc1d28c95837fa007ccdc3488749bcd090a3d01616ca0cba003efc5ec75d7a7b
66dbf9c8f90432c59600d1cb1e329075a9c94a44c978974d840327b4fb89b8c4,2670.6,2024-11-21T19:55:00Z,bf5c6b112834028aa57a74cbf726bbf61ef4ce0cd02f672e2441c408b8f8242e,2024-11-21T19:55:00Z,2671.48,2660.45,2024-12-01T00:00:00Z,2024-11-21T18:00:00Z,0.10289179979367732,LONG,1.0,14.482758620689795,CONTROL_V2_FILLED_STOP,2024-11-21T20:02:00Z,M5_BROKEN_CONTROL_FIRST_RETEST,2670.6,True,3b9ba19c956a5f168b6eb5ca70212a5abc4fe1a85d64dd0a4d7785e238530863,0.2689655172413787,0.29753694581280343,2024_11,0.2896551724137959,0.18676337262011858,TARGET,2024-11-22T02:30:00Z,TARGET,e318060deb981e697cdea79910d769b7ca94fc1e2fa81c11b3bfbf100318b8cf,2024-11-22T02:30:00Z,FIRST_RETEST_FILLED,2024-11-21T20:10:00Z,2024-11-21T20:02:00Z,2670.6,True,True,INITIAL_CONFIRMATION_TARGET,02487e09301ef5f3ef64bc2c602a50add8677267d6600629e2ac24d5d64c3f87,709dddd6d4019e14636d88b8465819ad371479d2c28e8b51baa716aa42695f52,2660.45,6.4500000000000455,0.3225000000000023,NOT_STRICTLY_CLOSER_THAN_CONTROL,H1_SOURCE_SWING_BUFFERED_ELSE_CONTROL,False,709dddd6d4019e14636d88b8465819ad371479d2c28e8b51baa716aa42695f52,2024-11-21T18:00:00Z,2660.45,2673.54,dc1d28c95837fa007ccdc3488749bcd090a3d01616ca0cba003efc5ec75d7a7b
66dbf9c8f90432c59600d1cb1e329075a9c94a44c978974d840327b4fb89b8c4,2670.6,2024-11-21T19:55:00Z,bf5c6b112834028aa57a74cbf726bbf61ef4ce0cd02f672e2441c408b8f8242e,2024-11-21T19:55:00Z,2671.48,2660.45,2024-12-01T00:00:00Z,2024-11-21T18:00:00Z,0.07716884984525799,LONG,1.0,13.196611123268829,CONTROL_V2_FILLED_STOP,2024-11-21T19:55:00Z,CONFIRMED_25_75_RETEST_SPLIT,2671.48,True,89a5bc100e613da011fc5aca25c05236d72764e3bc0f412822e7831de16c3344,0.28354644074155216,0.2716567891420104,2024_11,0.26393222246537656,0.18676337262011858,TARGET,2024-11-22T02:30:00Z,SPLIT_TARGET_TARGET,bc78304e19104dc38496190e6ac99a87c0b59f752f3abcfa033197c05449aba5,2024-11-22T02:30:00Z,FIRST_RETEST_FILLED,2024-11-21T20:10:00Z,2024-11-21T20:02:00Z,2670.6,True,True,INITIAL_CONFIRMATION_TARGET,ba7f033487164c1040106fd7b7ae8f67f0db36ecaf1f239a80464a2ae2bdde6d,709dddd6d4019e14636d88b8465819ad371479d2c28e8b51baa716aa42695f52,2660.45,,,,CONTROL_V2_FILLED_STOP,False,,2024-11-21T19:55:00Z,2660.45,2673.54,dc1d28c95837fa007ccdc3488749bcd090a3d01616ca0cba003efc5ec75d7a7b
66dbf9c8f90432c59600d1cb1e329075a9c94a44c978974d840327b4fb89b8c4,2670.6,2024-11-21T19:55:00Z,bf5c6b112834028aa57a74cbf726bbf61ef4ce0cd02f672e2441c408b8f8242e,2024-11-21T19:55:00Z,2671.48,2660.45,2024-12-01T00:00:00Z,2024-11-21T18:00:00Z,0.11438654666356005,LONG,0.8846619608858709,15.057495964183932,M5_LATEST_CONFIRMED_OPPOSING_SWING_ELSE_CONTROL,2024-11-21T19:55:00Z,CONFIRMED_25_75_RETEST_SPLIT,2671.48,True,ae8254c1df8ff6eed57d039f03079b0fcc93f4a58f312c004a4e6a0680509bbf,0.3231208134338034,0.30995797194987834,2024_11,0.3011499192836786,0.18676337262011858,TARGET,2024-11-22T02:30:00Z,SPLIT_TARGET_TARGET,4b8746b663910784ea693b703c83de4f5f174daedd77c86af5dee134c721d744,2024-11-22T02:30:00Z,FIRST_RETEST_FILLED,2024-11-21T20:10:00Z,2024-11-21T20:02:00Z,2670.6,True,True,INITIAL_CONFIRMATION_TARGET,fc62865f6120e768b1a3d4ab12edfa35ebd7285b9209a4325946be188add0995,709dddd6d4019e14636d88b8465819ad371479d2c28e8b51baa716aa42695f52,2661.7221785714287,2.156428571428608,0.1078214285714304,,M5_LATEST_CONFIRMED_OPPOSING_SWING_ELSE_CONTROL,True,9459c5ab80fe0bf35f3845497c1cfe63df4b2c7825aaf14c9914a8b5b50707b9,2024-11-21T19:20:00Z,2661.83,2673.54,dc1d28c95837fa007ccdc3488749bcd090a3d01616ca0cba003efc5ec75d7a7b
66dbf9c8f90432c59600d1cb1e329075a9c94a44c978974d840327b4fb89b8c4,2670.6,2024-11-21T19:55:00Z,bf5c6b112834028aa57a74cbf726bbf61ef4ce0cd02f672e2441c408b8f8242e,2024-11-21T19:55:00Z,2671.48,2660.45,2024-12-01T00:00:00Z,2024-11-21T18:00:00Z,0.09598583368086563,LONG,0.937886931744579,14.13746031504921,M15_LATEST_CONFIRMED_OPPOSING_SWING_ELSE_CONTROL,2024-11-21T19:55:00Z,CONFIRMED_25_75_RETEST_SPLIT,2671.48,True,fc9612b8d121f709c657dfcb3167adede36459742b903fcf7c060dca9d553ee1,0.3035668613576503,0.2910217434107986,2024_11,0.2827492063009842,0.18676337262011858,TARGET,2024-11-22T02:30:00Z,SPLIT_TARGET_TARGET,fa8376152758893e990bb3cc1c5dbed52deb465d7ef000fd90dc450c04db0cb4,2024-11-22T02:30:00Z,FIRST_RETEST_FILLED,2024-11-21T20:10:00Z,2024-11-21T20:02:00Z,2670.6,True,True,INITIAL_CONFIRMATION_TARGET,160ed7d936fa2afd593cd1f3d4bb6e38ae9814c1a23b9f9455abb30f765102ee,709dddd6d4019e14636d88b8465819ad371479d2c28e8b51baa716aa42695f52,2661.135107142857,4.697857142857239,0.23489285714286195,,M15_LATEST_CONFIRMED_OPPOSING_SWING_ELSE_CONTROL,True,84588378a4c7a0e30ba426c408e09ea62cbd0825f024086bcf93e6d78df47b74,2024-11-21T19:30:00Z,2661.37,2673.54,dc1d28c95837fa007ccdc3488749bcd090a3d01616ca0cba003efc5ec75d7a7b
66dbf9c8f90432c59600d1cb1e329075a9c94a44c978974d840327b4fb89b8c4,2670.6,2024-11-21T19:55:00Z,bf5c6b112834028aa57a74cbf726bbf61ef4ce0cd02f672e2441c408b8f8242e,2024-11-21T19:55:00Z,2671.48,2660.45,2024-12-01T00:00:00Z,2024-11-21T18:00:00Z,0.07716884984525799,LONG,1.0,13.196611123268829,CONTROL_V2_FILLED_STOP,2024-11-21T19:55:00Z,CONFIRMED_25_75_RETEST_SPLIT,2671.48,True,3b9ba19c956a5f168b6eb5ca70212a5abc4fe1a85d64dd0a4d7785e238530863,0.28354644074155216,0.2716567891420104,2024_11,0.26393222246537656,0.18676337262011858,TARGET,2024-11-22T02:30:00Z,SPLIT_TARGET_TARGET,a6913f623e13a09913b2e1ff64b620a125b1b7b1945faa6f9d31d9b0f3201687,2024-11-22T02:30:00Z,FIRST_RETEST_FILLED,2024-11-21T20:10:00Z,2024-11-21T20:02:00Z,2670.6,True,True,INITIAL_CONFIRMATION_TARGET,f4dc4e9e930a96a7720380a293fe81939e431c0a3a1ffa1072b269eace2a4a3c,709dddd6d4019e14636d88b8465819ad371479d2c28e8b51baa716aa42695f52,2660.45,6.4500000000000455,0.3225000000000023,NOT_STRICTLY_CLOSER_THAN_CONTROL,H1_SOURCE_SWING_BUFFERED_ELSE_CONTROL,False,709dddd6d4019e14636d88b8465819ad371479d2c28e8b51baa716aa42695f52,2024-11-21T18:00:00Z,2660.45,2673.54,dc1d28c95837fa007ccdc3488749bcd090a3d01616ca0cba003efc5ec75d7a7b
c6685b3011c0f8d154b9007eca6c255c63acd91318b6b3a0efd0a46fcf8d003d,2673.08,2024-11-21T21:10:00Z,a428955640b002a386730f0f5bf7b8630ac1acd9dfac35ef3aa601ef939e1f06,2024-11-21T21:10:00Z,2673.1,2661.37,2024-12-01T00:00:00Z,2024-11-21T21:00:00Z,0.0,LONG,1.0,1.8755328218246117,CONTROL_V2_FILLED_STOP,2024-11-21T21:10:00Z,CONTROL_NEXT_M1_OPEN,2673.1,True,7fcbd4b30967e4890a82a13771bd9fc531f175e40fb36cabb4f572f12e170f5a,0.4458653026427971,0.04433077578857468,2024_11,0.037510656436492235,0.037510656436492235,TARGET,2024-11-22T02:30:00Z,TARGET,68352c280d3bd1b7a9ae9b34ca1a5eeedd0d625cf70a093d61823245a30d770a,2024-11-22T02:30:00Z,FIRST_RETEST_FILLED,2024-11-21T21:25:00Z,2024-11-21T21:10:00Z,2673.08,True,False,INITIAL_CONFIRMATION_TARGET,97d139f69ee20223b0b11650b12ce6a7a4eedeca30e33afc14ec7c9d8eb55933,f4eda80664065fce2e96970f09af726b3ac32f304e3e7fa6bef16c7c30f59fb7,2661.37,,,,CONTROL_V2_FILLED_STOP,False,,2024-11-21T21:10:00Z,2661.37,2673.54,4b38e075ffbcac9d18ad31f44f3480d914f6db8d8dbbd3de0f6bcc8f33883b32
c6685b3011c0f8d154b9007eca6c255c63acd91318b6b3a0efd0a46fcf8d003d,2673.08,2024-11-21T21:10:00Z,a428955640b002a386730f0f5bf7b8630ac1acd9dfac35ef3aa601ef939e1f06,2024-11-21T21:10:00Z,2673.1,2661.37,2024-12-01T00:00:00Z,2024-11-21T21:00:00Z,-1.0375106564364922,LONG,0.2601357934477978,-50.0,M5_LATEST_CONFIRMED_OPPOSING_SWING_ELSE_CONTROL,2024-11-21T21:10:00Z,CONTROL_NEXT_M1_OPEN,2673.1,True,84fba13b3bb1bc204ae4c930c0a748503dfddcd22c300fede7c1c06cca03b3ce,1.1797890892918168,0.08192979786748934,2024_11,-1.0,0.037510656436492235,TARGET,2024-11-22T02:30:00Z,STOP,4830772ec3d3490b715b37a49926c361313b88b21ed1ec251e84324397324f8f,2024-11-21T21:22:00Z,FIRST_RETEST_FILLED,2024-11-21T21:25:00Z,2024-11-21T21:10:00Z,2673.08,True,False,INITIAL_CONFIRMATION_TARGET,b6163ecd9f733817e2570a1a58522d621ed9562de6817c59ea1ce6830bd67c77,f4eda80664065fce2e96970f09af726b3ac32f304e3e7fa6bef16c7c30f59fb7,2670.0486071428572,1.4278571428571272,0.07139285714285636,,M5_LATEST_CONFIRMED_OPPOSING_SWING_ELSE_CONTROL,True,b63625b45b801eb65d72b6d761450419e16d3dee3ae05c265659155c32f27295,2024-11-21T20:55:00Z,2670.12,2673.54,4b38e075ffbcac9d18ad31f44f3480d914f6db8d8dbbd3de0f6bcc8f33883b32
c6685b3011c0f8d154b9007eca6c255c63acd91318b6b3a0efd0a46fcf8d003d,2673.08,2024-11-21T21:10:00Z,a428955640b002a386730f0f5bf7b8630ac1acd9dfac35ef3aa601ef939e1f06,2024-11-21T21:10:00Z,2673.1,2661.37,2024-12-01T00:00:00Z,2024-11-21T21:00:00Z,0.0,LONG,1.0,1.8755328218246117,CONTROL_V2_FILLED_STOP,2024-11-21T21:10:00Z,CONTROL_NEXT_M1_OPEN,2673.1,True,5d403f5c1d2d8dc876d5c86b7434d6e474fc1f05c8c0180c312c1b324a1458f3,0.4458653026427971,0.04433077578857468,2024_11,0.037510656436492235,0.037510656436492235,TARGET,2024-11-22T02:30:00Z,TARGET,3789163d288c084cd8667e034c5c950002f452b488a5d78f152bdf05b06d4937,2024-11-22T02:30:00Z,FIRST_RETEST_FILLED,2024-11-21T21:25:00Z,2024-11-21T21:10:00Z,2673.08,True,False,INITIAL_CONFIRMATION_TARGET,855a56a3973fd7e8a57d7c938185422804b1a85adf19c9b53c612507b65a09fb,f4eda80664065fce2e96970f09af726b3ac32f304e3e7fa6bef16c7c30f59fb7,2661.37,3.8264285714286155,0.19132142857143078,NOT_STRICTLY_CLOSER_THAN_CONTROL,M15_LATEST_CONFIRMED_OPPOSING_SWING_ELSE_CONTROL,False,84588378a4c7a0e30ba426c408e09ea62cbd0825f024086bcf93e6d78df47b74,2024-11-21T19:30:00Z,2661.37,2673.54,4b38e075ffbcac9d18ad31f44f3480d914f6db8d8dbbd3de0f6bcc8f33883b32
c6685b3011c0f8d154b9007eca6c255c63acd91318b6b3a0efd0a46fcf8d003d,2673.08,2024-11-21T21:10:00Z,a428955640b002a386730f0f5bf7b8630ac1acd9dfac35ef3aa601ef939e1f06,2024-11-21T21:10:00Z,2673.1,2661.37,2024-12-01T00:00:00Z,2024-11-21T21:00:00Z,0.0,LONG,1.0,1.8755328218246117,CONTROL_V2_FILLED_STOP,2024-11-21T21:10:00Z,CONTROL_NEXT_M1_OPEN,2673.1,True,f7dd50a83590b8cbb3e9a5477322423112e928ca8e43dd1d5fcae8268c04ee8c,0.4458653026427971,0.04433077578857468,2024_11,0.037510656436492235,0.037510656436492235,TARGET,2024-11-22T02:30:00Z,TARGET,115e6c5fd57f6eef649733ad62e163b23ccb3b41efa7c8f12c305d1a28485bbb,2024-11-22T02:30:00Z,FIRST_RETEST_FILLED,2024-11-21T21:25:00Z,2024-11-21T21:10:00Z,2673.08,True,False,INITIAL_CONFIRMATION_TARGET,0d4fe0496213a2602d429f6b244ee0d8d44823d6983a7d5d2e13328f5c8ed526,f4eda80664065fce2e96970f09af726b3ac32f304e3e7fa6bef16c7c30f59fb7,2661.37,6.881428571428647,0.34407142857143236,NOT_STRICTLY_CLOSER_THAN_CONTROL,H1_SOURCE_SWING_BUFFERED_ELSE_CONTROL,False,f4eda80664065fce2e96970f09af726b3ac32f304e3e7fa6bef16c7c30f59fb7,2024-11-21T21:00:00Z,2661.37,2673.54,4b38e075ffbcac9d18ad31f44f3480d914f6db8d8dbbd3de0f6bcc8f33883b32
c6685b3011c0f8d154b9007eca6c255c63acd91318b6b3a0efd0a46fcf8d003d,2673.08,2024-11-21T21:10:00Z,a428955640b002a386730f0f5bf7b8630ac1acd9dfac35ef3aa601ef939e1f06,2024-11-21T21:10:00Z,2673.1,2661.37,2024-12-01T00:00:00Z,2024-11-21T21:00:00Z,0.0017720079529215116,LONG,1.0,1.9641332194706873,CONTROL_V2_FILLED_STOP,2024-11-21T21:10:00Z,M5_BROKEN_CONTROL_FIRST_RETEST,2673.08,True,7fcbd4b30967e4890a82a13771bd9fc531f175e40fb36cabb4f572f12e170f5a,0.4449188727583279,0.046114432109305034,2024_11,0.039282664389413746,0.037510656436492235,TARGET,2024-11-22T02:30:00Z,TARGET,595a179ea541cc3a760e2b6d9e543bd1ed534ceefb4c04ae4505288738367c3c,2024-11-22T02:30:00Z,FIRST_RETEST_FILLED,2024-11-21T21:25:00Z,2024-11-21T21:10:00Z,2673.08,True,True,INITIAL_CONFIRMATION_TARGET,424c99fbf9c95942fa1eebab1a069e3e32377aef1d4a7e29ee7b76cf9ccb196e,f4eda80664065fce2e96970f09af726b3ac32f304e3e7fa6bef16c7c30f59fb7,2661.37,,,,CONTROL_V2_FILLED_STOP,False,,2024-11-21T21:10:00Z,2661.37,2673.54,4b38e075ffbcac9d18ad31f44f3480d914f6db8d8dbbd3de0f6bcc8f33883b32
c6685b3011c0f8d154b9007eca6c255c63acd91318b6b3a0efd0a46fcf8d003d,2673.08,2024-11-21T21:10:00Z,a428955640b002a386730f0f5bf7b8630ac1acd9dfac35ef3aa601ef939e1f06,2024-11-21T21:10:00Z,2673.1,2661.37,2024-12-01T00:00:00Z,2024-11-21T21:00:00Z,-1.0375106564364922,LONG,0.2601357934477978,-50.0,M5_LATEST_CONFIRMED_OPPOSING_SWING_ELSE_CONTROL,2024-11-21T21:10:00Z,M5_BROKEN_CONTROL_FIRST_RETEST,2673.08,True,84fba13b3bb1bc204ae4c930c0a748503dfddcd22c300fede7c1c06cca03b3ce,1.1809752706794783,0.08906796734174417,2024_11,-1.0,0.037510656436492235,TARGET,2024-11-22T02:30:00Z,STOP,7b10c3dc7b25a751e5d8eaed5b4aa96d3782c86179cf6cd880376ebda85eeec0,2024-11-21T21:22:00Z,FIRST_RETEST_FILLED,2024-11-21T21:25:00Z,2024-11-21T21:10:00Z,2673.08,True,True,INITIAL_CONFIRMATION_TARGET,a155b430024a2cd42f099c97f78af05242d5668ef50faaf99080d5177e27c135,f4eda80664065fce2e96970f09af726b3ac32f304e3e7fa6bef16c7c30f59fb7,2670.0486071428572,1.4278571428571272,0.07139285714285636,,M5_LATEST_CONFIRMED_OPPOSING_SWING_ELSE_CONTROL,True,b63625b45b801eb65d72b6d761450419e16d3dee3ae05c265659155c32f27295,2024-11-21T20:55:00Z,2670.12,2673.54,4b38e075ffbcac9d18ad31f44f3480d914f6db8d8dbbd3de0f6bcc8f33883b32
c6685b3011c0f8d154b9007eca6c255c63acd91318b6b3a0efd0a46fcf8d003d,2673.08,2024-11-21T21:10:00Z,a428955640b002a386730f0f5bf7b8630ac1acd9dfac35ef3aa601ef939e1f06,2024-11-21T21:10:00Z,2673.1,2661.37,2024-12-01T00:00:00Z,2024-11-21T21:00:00Z,0.0017720079529215116,LONG,1.0,1.9641332194706873,CONTROL_V2_FILLED_STOP,2024-11-21T21:10:00Z,M5_BROKEN_CONTROL_FIRST_RETEST,2673.08,True,5d403f5c1d2d8dc876d5c86b7434d6e474fc1f05c8c0180c312c1b324a1458f3,0.4449188727583279,0.046114432109305034,2024_11,0.039282664389413746,0.037510656436492235,TARGET,2024-11-22T02:30:00Z,TARGET,f19ee9b245d7bd033f417a428619c5f3594822e297dc73398b750a591915b87c,2024-11-22T02:30:00Z,FIRST_RETEST_FILLED,2024-11-21T21:25:00Z,2024-11-21T21:10:00Z,2673.08,True,True,INITIAL_CONFIRMATION_TARGET,a9ca58a400492b7f8d033607fd57d677a6796daa44f069c5825c7def08fbb201,f4eda80664065fce2e96970f09af726b3ac32f304e3e7fa6bef16c7c30f59fb7,2661.37,3.8264285714286155,0.19132142857143078,NOT_STRICTLY_CLOSER_THAN_CONTROL,M15_LATEST_CONFIRMED_OPPOSING_SWING_ELSE_CONTROL,False,84588378a4c7a0e30ba426c408e09ea62cbd0825f024086bcf93e6d78df47b74,2024-11-21T19:30:00Z,2661.37,2673.54,4b38e075ffbcac9d18ad31f44f3480d914f6db8d8dbbd3de0f6bcc8f33883b32
c6685b3011c0f8d154b9007eca6c255c63acd91318b6b3a0efd0a46fcf8d003d,2673.08,2024-11-21T21:10:00Z,a428955640b002a386730f0f5bf7b8630ac1acd9dfac35ef3aa601ef939e1f06,2024-11-21T21:10:00Z,2673.1,2661.37,2024-12-01T00:00:00Z,2024-11-21T21:00:00Z,0.0017720079529215116,LONG,1.0,1.9641332194706873,CONTROL_V2_FILLED_STOP,2024-11-21T21:10:00Z,M5_BROKEN_CONTROL_FIRST_RETEST,2673.08,True,f7dd50a83590b8cbb3e9a5477322423112e928ca8e43dd1d5fcae8268c04ee8c,0.4449188727583279,0.046114432109305034,2024_11,0.039282664389413746,0.037510656436492235,TARGET,2024-11-22T02:30:00Z,TARGET,6eeca5395f4fba8efb84db3a1ac5762d7828c9086ecd97b6340ebb99edfe8d2b,2024-11-22T02:30:00Z,FIRST_RETEST_FILLED,2024-11-21T21:25:00Z,2024-11-21T21:10:00Z,2673.08,True,True,INITIAL_CONFIRMATION_TARGET,3c3c93478533777ab34ee5b700e4c50b6fe381aca7e1d9835a853e9d8f9d25e8,f4eda80664065fce2e96970f09af726b3ac32f304e3e7fa6bef16c7c30f59fb7,2661.37,6.881428571428647,0.34407142857143236,NOT_STRICTLY_CLOSER_THAN_CONTROL,H1_SOURCE_SWING_BUFFERED_ELSE_CONTROL,False,f4eda80664065fce2e96970f09af726b3ac32f304e3e7fa6bef16c7c30f59fb7,2024-11-21T21:00:00Z,2661.37,2673.54,4b38e075ffbcac9d18ad31f44f3480d914f6db8d8dbbd3de0f6bcc8f33883b32
c6685b3011c0f8d154b9007eca6c255c63acd91318b6b3a0efd0a46fcf8d003d,2673.08,2024-11-21T21:10:00Z,a428955640b002a386730f0f5bf7b8630ac1acd9dfac35ef3aa601ef939e1f06,2024-11-21T21:10:00Z,2673.1,2661.37,2024-12-01T00:00:00Z,2024-11-21T21:00:00Z,0.0013290059646911337,LONG,1.0,1.9419831200591684,CONTROL_V2_FILLED_STOP,2024-11-21T21:10:00Z,CONFIRMED_25_75_RETEST_SPLIT,2673.1,True,7fcbd4b30967e4890a82a13771bd9fc531f175e40fb36cabb4f572f12e170f5a,0.4451554802294452,0.045668518029122446,2024_11,0.03883966240118337,0.037510656436492235,TARGET,2024-11-22T02:30:00Z,SPLIT_TARGET_TARGET,caa0589676a3d6366733fe5fb68c397547d8e04ef0f557af3097fabb3f0df77a,2024-11-22T02:30:00Z,FIRST_RETEST_FILLED,2024-11-21T21:25:00Z,2024-11-21T21:10:00Z,2673.08,True,True,INITIAL_CONFIRMATION_TARGET,b0948138d6e0b1111650f90f4de124c287ee5e6c24f414dd722028dedaf8981b,f4eda80664065fce2e96970f09af726b3ac32f304e3e7fa6bef16c7c30f59fb7,2661.37,,,,CONTROL_V2_FILLED_STOP,False,,2024-11-21T21:10:00Z,2661.37,2673.54,4b38e075ffbcac9d18ad31f44f3480d914f6db8d8dbbd3de0f6bcc8f33883b32
c6685b3011c0f8d154b9007eca6c255c63acd91318b6b3a0efd0a46fcf8d003d,2673.08,2024-11-21T21:10:00Z,a428955640b002a386730f0f5bf7b8630ac1acd9dfac35ef3aa601ef939e1f06,2024-11-21T21:10:00Z,2673.1,2661.37,2024-12-01T00:00:00Z,2024-11-21T21:00:00Z,-1.0375106564364922,LONG,0.2601357934477978,-50.0,M5_LATEST_CONFIRMED_OPPOSING_SWING_ELSE_CONTROL,2024-11-21T21:10:00Z,CONFIRMED_25_75_RETEST_SPLIT,2673.1,True,84fba13b3bb1bc204ae4c930c0a748503dfddcd22c300fede7c1c06cca03b3ce,1.180678725332563,0.08728342497318047,2024_11,-1.0,0.037510656436492235,TARGET,2024-11-22T02:30:00Z,SPLIT_STOP_STOP,5b32915f8d90bee5a3e8e5b4160a09f6e1a2d6c332637c8aba1a3d562b155558,2024-11-21T21:22:00Z,FIRST_RETEST_FILLED,2024-11-21T21:25:00Z,2024-11-21T21:10:00Z,2673.08,True,True,INITIAL_CONFIRMATION_TARGET,6b03d459a4b58575a2c0b4346ceae9f40a71ea8ef28cd6d193d6615585b3e642,f4eda80664065fce2e96970f09af726b3ac32f304e3e7fa6bef16c7c30f59fb7,2670.0486071428572,1.4278571428571272,0.07139285714285636,,M5_LATEST_CONFIRMED_OPPOSING_SWING_ELSE_CONTROL,True,b63625b45b801eb65d72b6d761450419e16d3dee3ae05c265659155c32f27295,2024-11-21T20:55:00Z,2670.12,2673.54,4b38e075ffbcac9d18ad31f44f3480d914f6db8d8dbbd3de0f6bcc8f33883b32
c6685b3011c0f8d154b9007eca6c255c63acd91318b6b3a0efd0a46fcf8d003d,2673.08,2024-11-21T21:10:00Z,a428955640b002a386730f0f5bf7b8630ac1acd9dfac35ef3aa601ef939e1f06,2024-11-21T21:10:00Z,2673.1,2661.37,2024-12-01T00:00:00Z,2024-11-21T21:00:00Z,0.0013290059646911337,LONG,1.0,1.9419831200591684,CONTROL_V2_FILLED_STOP,2024-11-21T21:10:00Z,CONFIRMED_25_75_RETEST_SPLIT,2673.1,True,5d403f5c1d2d8dc876d5c86b7434d6e474fc1f05c8c0180c312c1b324a1458f3,0.4451554802294452,0.045668518029122446,2024_11,0.03883966240118337,0.037510656436492235,TARGET,2024-11-22T02:30:00Z,SPLIT_TARGET_TARGET,e8692f7b77b9955f92de76276c726a1aefc2a77ea6ce4916d9d35fefb60bc225,2024-11-22T02:30:00Z,FIRST_RETEST_FILLED,2024-11-21T21:25:00Z,2024-11-21T21:10:00Z,2673.08,True,True,INITIAL_CONFIRMATION_TARGET,8caa763fcf84b2f2ffd294a4eeb14e9fb3a2d8ab334753f0e112b6a9e99e7f92,f4eda80664065fce2e96970f09af726b3ac32f304e3e7fa6bef16c7c30f59fb7,2661.37,3.8264285714286155,0.19132142857143078,NOT_STRICTLY_CLOSER_THAN_CONTROL,M15_LATEST_CONFIRMED_OPPOSING_SWING_ELSE_CONTROL,False,84588378a4c7a0e30ba426c408e09ea62cbd0825f024086bcf93e6d78df47b74,2024-11-21T19:30:00Z,2661.37,2673.54,4b38e075ffbcac9d18ad31f44f3480d914f6db8d8dbbd3de0f6bcc8f33883b32
c6685b3011c0f8d154b9007eca6c255c63acd91318b6b3a0efd0a46fcf8d003d,2673.08,2024-11-21T21:10:00Z,a428955640b002a386730f0f5bf7b8630ac1acd9dfac35ef3aa601ef939e1f06,2024-11-21T21:10:00Z,2673.1,2661.37,2024-12-01T00:00:00Z,2024-11-21T21:00:00Z,0.0013290059646911337,LONG,1.0,1.9419831200591684,CONTROL_V2_FILLED_STOP,2024-11-21T21:10:00Z,CONFIRMED_25_75_RETEST_SPLIT,2673.1,True,f7dd50a83590b8cbb3e9a5477322423112e928ca8e43dd1d5fcae8268c04ee8c,0.4451554802294452,0.045668518029122446,2024_11,0.03883966240118337,0.037510656436492235,TARGET,2024-11-22T02:30:00Z,SPLIT_TARGET_TARGET,a23a353adb8d8c3536cfcc30442df530340484090ba65b7ae967b5742b78e5be,2024-11-22T02:30:00Z,FIRST_RETEST_FILLED,2024-11-21T21:25:00Z,2024-11-21T21:10:00Z,2673.08,True,True,INITIAL_CONFIRMATION_TARGET,2c7d1081af068ac0494a2dbb4f57c49238e4db9581f944877bf5b09bfb809331,f4eda80664065fce2e96970f09af726b3ac32f304e3e7fa6bef16c7c30f59fb7,2661.37,6.881428571428647,0.34407142857143236,NOT_STRICTLY_CLOSER_THAN_CONTROL,H1_SOURCE_SWING_BUFFERED_ELSE_CONTROL,False,f4eda80664065fce2e96970f09af726b3ac32f304e3e7fa6bef16c7c30f59fb7,2024-11-21T21:00:00Z,2661.37,2673.54,4b38e075ffbcac9d18ad31f44f3480d914f6db8d8dbbd3de0f6bcc8f33883b32
2943e7fcff1f90ff58d47a37c39e85e81917b7e59771002abb91ef1a34037b25,2689.38,2024-11-22T16:30:00Z,1e09dc8bca763551524eaa8516b7b785867b3cbb02e612f59013b5e0c845cd18,2024-11-22T16:30:00Z,2687.69,2710.13,2024-12-01T00:00:00Z,2024-11-22T16:00:00Z,0.0,SHORT,1.0,-50.0,CONTROL_V2_FILLED_STOP,2024-11-22T16:30:00Z,CONTROL_NEXT_M1_OPEN,2687.69,True,284de441bdec122c8ac83606b9ce8744b6e3d04647fe10c8fbca92c54b166dd8,1.0129233511586435,0.14349376114083096,2024_11,-1.0,-1.0,STOP,2024-11-22T20:20:00Z,STOP,6636130db91bd7bc60b0961bf8a6112cdea5dc13e2197b751bde8c66614a1866,2024-11-22T20:20:00Z,FIRST_RETEST_FILLED,2024-11-22T16:45:00Z,2024-11-22T16:37:00Z,2689.38,True,False,INITIAL_CONFIRMATION_STOP,00d21704e3ae4040d27987448c7e315e2c5c27080a21bae25f3ec0b756c734bf,d6897452f6b5559436045934a95e0f0e0ab161b1e879b79fe3955b978be809c3,2710.13,,,,CONTROL_V2_FILLED_STOP,False,,2024-11-22T16:30:00Z,2710.13,2661.37,d8e95f828059151a0ee0e05b4d67cc4916623a96e6fa67e428a577fa501e5f08
2943e7fcff1f90ff58d47a37c39e85e81917b7e59771002abb91ef1a34037b25,2689.38,2024-11-22T16:30:00Z,1e09dc8bca763551524eaa8516b7b785867b3cbb02e612f59013b5e0c845cd18,2024-11-22T16:30:00Z,2687.69,2710.13,2024-12-01T00:00:00Z,2024-11-22T16:00:00Z,0.0,SHORT,0.339484657499363,-50.0,M5_LATEST_CONFIRMED_OPPOSING_SWING_ELSE_CONTROL,2024-11-22T16:30:00Z,CONTROL_NEXT_M1_OPEN,2687.69,True,b697fc32fdf0ef5828e75d7590c01ce8c6c597d8d2243d59c744c451c556301a,1.0160099388199695,0.42268113733858564,2024_11,-1.0,-1.0,STOP,2024-11-22T20:20:00Z,STOP,5e1f2419c4f17e1468b35b58756e025fa11946d940f578169fd5af5edb81979f,2024-11-22T16:56:00Z,FIRST_RETEST_FILLED,2024-11-22T16:45:00Z,2024-11-22T16:37:00Z,2689.38,True,False,INITIAL_CONFIRMATION_STOP,83271b77ede9e19c221a611ddf7c4a4930e50c71576812c99458fe6050b75cfc,d6897452f6b5559436045934a95e0f0e0ab161b1e879b79fe3955b978be809c3,2695.308035714286,3.3607142857142662,0.16803571428571332,,M5_LATEST_CONFIRMED_OPPOSING_SWING_ELSE_CONTROL,True,2160e05c9029f5975ab48575872f8a90133281b99e779ffe165ab3c322a0a983,2024-11-22T16:05:00Z,2695.14,2661.37,d8e95f828059151a0ee0e05b4d67cc4916623a96e6fa67e428a577fa501e5f08
2943e7fcff1f90ff58d47a37c39e85e81917b7e59771002abb91ef1a34037b25,2689.38,2024-11-22T16:30:00Z,1e09dc8bca763551524eaa8516b7b785867b3cbb02e612f59013b5e0c845cd18,2024-11-22T16:30:00Z,2687.69,2710.13,2024-12-01T00:00:00Z,2024-11-22T16:00:00Z,0.0,SHORT,0.7823163356251458,-50.0,M15_LATEST_CONFIRMED_OPPOSING_SWING_ELSE_CONTROL,2024-11-22T16:30:00Z,CONTROL_NEXT_M1_OPEN,2687.69,True,5263a8ccd7f9fc4f652e829c301ed25c170ade93f59aea57b7665944f985134d,1.0612253201639945,0.18342166027527174,2024_11,-1.0,-1.0,STOP,2024-11-22T20:20:00Z,STOP,d42608e21497a329e498643fa839cf2d904684577832526c89c3bc6ac0bba321,2024-11-22T18:12:00Z,FIRST_RETEST_FILLED,2024-11-22T16:45:00Z,2024-11-22T16:37:00Z,2689.38,True,False,INITIAL_CONFIRMATION_STOP,b635bde367995004f8c7b9d78c487157a9fe835e78975caca526b2a38369691f,d6897452f6b5559436045934a95e0f0e0ab161b1e879b79fe3955b978be809c3,2705.2451785714284,5.503571428571441,0.2751785714285721,,M15_LATEST_CONFIRMED_OPPOSING_SWING_ELSE_CONTROL,True,847cf2f79cd5c553fb781a9b03497dabddb3c0e3bf402c70f6ee7257db8b08ba,2024-11-22T15:30:00Z,2704.97,2661.37,d8e95f828059151a0ee0e05b4d67cc4916623a96e6fa67e428a577fa501e5f08
2943e7fcff1f90ff58d47a37c39e85e81917b7e59771002abb91ef1a34037b25,2689.38,2024-11-22T16:30:00Z,1e09dc8bca763551524eaa8516b7b785867b3cbb02e612f59013b5e0c845cd18,2024-11-22T16:30:00Z,2687.69,2710.13,2024-12-01T00:00:00Z,2024-11-22T16:00:00Z,0.0,SHORT,1.0,-50.0,CONTROL_V2_FILLED_STOP,2024-11-22T16:30:00Z,CONTROL_NEXT_M1_OPEN,2687.69,True,067cdc951a402f94413032f4fac6ffd7697d3f165beb9ec0203d29c07a49a74a,1.0129233511586435,0.14349376114083096,2024_11,-1.0,-1.0,STOP,2024-11-22T20:20:00Z,STOP,913972aa446433d11c40988a185f6245c34a21b93c35ee2de84d8d5b241b31b7,2024-11-22T20:20:00Z,FIRST_RETEST_FILLED,2024-11-22T16:45:00Z,2024-11-22T16:37:00Z,2689.38,True,False,INITIAL_CONFIRMATION_STOP,9afce968f1f99c15b1bb56cbb4cf684470309f5c2a7efc19f70cf17a040463c4,d6897452f6b5559436045934a95e0f0e0ab161b1e879b79fe3955b978be809c3,2710.13,8.697857142857108,0.4348928571428554,NOT_STRICTLY_CLOSER_THAN_CONTROL,H1_SOURCE_SWING_BUFFERED_ELSE_CONTROL,False,d6897452f6b5559436045934a95e0f0e0ab161b1e879b79fe3955b978be809c3,2024-11-22T16:00:00Z,2710.13,2661.37,d8e95f828059151a0ee0e05b4d67cc4916623a96e6fa67e428a577fa501e5f08
2943e7fcff1f90ff58d47a37c39e85e81917b7e59771002abb91ef1a34037b25,2689.38,2024-11-22T16:30:00Z,1e09dc8bca763551524eaa8516b7b785867b3cbb02e612f59013b5e0c845cd18,2024-11-22T16:30:00Z,2687.69,2710.13,2024-12-01T00:00:00Z,2024-11-22T16:00:00Z,0.0,SHORT,1.0,-50.0,CONTROL_V2_FILLED_STOP,2024-11-22T16:37:00Z,M5_BROKEN_CONTROL_FIRST_RETEST,2689.38,True,284de441bdec122c8ac83606b9ce8744b6e3d04647fe10c8fbca92c54b166dd8,1.013975903614456,0.07180722891567405,2024_11,-1.0,-1.0,STOP,2024-11-22T20:20:00Z,STOP,19db72533b451c762ebe7fe1c23009a0f9e14ccb811225ac495eca4f2f1d0324,2024-11-22T20:20:00Z,FIRST_RETEST_FILLED,2024-11-22T16:45:00Z,2024-11-22T16:37:00Z,2689.38,True,True,INITIAL_CONFIRMATION_STOP,e58db5c68947ae242d23a98438035487cc315d24b7cb09ff3e9550f2f4a9ef2c,d6897452f6b5559436045934a95e0f0e0ab161b1e879b79fe3955b978be809c3,2710.13,,,,CONTROL_V2_FILLED_STOP,False,,2024-11-22T16:30:00Z,2710.13,2661.37,d8e95f828059151a0ee0e05b4d67cc4916623a96e6fa67e428a577fa501e5f08
2943e7fcff1f90ff58d47a37c39e85e81917b7e59771002abb91ef1a34037b25,2689.38,2024-11-22T16:30:00Z,1e09dc8bca763551524eaa8516b7b785867b3cbb02e612f59013b5e0c845cd18,2024-11-22T16:30:00Z,2687.69,2710.13,2024-12-01T00:00:00Z,2024-11-22T16:00:00Z,0.0,SHORT,0.339484657499363,-50.0,M5_LATEST_CONFIRMED_OPPOSING_SWING_ELSE_CONTROL,2024-11-22T16:37:00Z,M5_BROKEN_CONTROL_FIRST_RETEST,2689.38,True,b697fc32fdf0ef5828e75d7590c01ce8c6c597d8d2243d59c744c451c556301a,1.0205741482663713,0.2513480133747443,2024_11,-1.0,-1.0,STOP,2024-11-22T20:20:00Z,STOP,15ed87603578f6543a44eb6ca6539bda568c2674634e11bda83809aa98dec815,2024-11-22T16:56:00Z,FIRST_RETEST_FILLED,2024-11-22T16:45:00Z,2024-11-22T16:37:00Z,2689.38,True,True,INITIAL_CONFIRMATION_STOP,82fba4560ac2cf8c603b5f1c61b93e38749fd4d8f6d6f955a6fe971136b1554a,d6897452f6b5559436045934a95e0f0e0ab161b1e879b79fe3955b978be809c3,2695.308035714286,3.3607142857142662,0.16803571428571332,,M5_LATEST_CONFIRMED_OPPOSING_SWING_ELSE_CONTROL,True,2160e05c9029f5975ab48575872f8a90133281b99e779ffe165ab3c322a0a983,2024-11-22T16:05:00Z,2695.14,2661.37,d8e95f828059151a0ee0e05b4d67cc4916623a96e6fa67e428a577fa501e5f08
2943e7fcff1f90ff58d47a37c39e85e81917b7e59771002abb91ef1a34037b25,2689.38,2024-11-22T16:30:00Z,1e09dc8bca763551524eaa8516b7b785867b3cbb02e612f59013b5e0c845cd18,2024-11-22T16:30:00Z,2687.69,2710.13,2024-12-01T00:00:00Z,2024-11-22T16:00:00Z,0.0,SHORT,0.7823163356251458,-50.0,M15_LATEST_CONFIRMED_OPPOSING_SWING_ELSE_CONTROL,2024-11-22T16:37:00Z,M5_BROKEN_CONTROL_FIRST_RETEST,2689.38,True,5263a8ccd7f9fc4f652e829c301ed25c170ade93f59aea57b7665944f985134d,1.0677472001801134,0.09391637120830085,2024_11,-1.0,-1.0,STOP,2024-11-22T20:20:00Z,STOP,c315e59335e623ed9bd4e920c8b4e68f9cedc8f8883baf98085de7165901d2c5,2024-11-22T18:12:00Z,FIRST_RETEST_FILLED,2024-11-22T16:45:00Z,2024-11-22T16:37:00Z,2689.38,True,True,INITIAL_CONFIRMATION_STOP,355f2e466ba4749a9687ff1a059f20a160a76c7949ddc45b5d9df18580562bc4,d6897452f6b5559436045934a95e0f0e0ab161b1e879b79fe3955b978be809c3,2705.2451785714284,5.503571428571441,0.2751785714285721,,M15_LATEST_CONFIRMED_OPPOSING_SWING_ELSE_CONTROL,True,847cf2f79cd5c553fb781a9b03497dabddb3c0e3bf402c70f6ee7257db8b08ba,2024-11-22T15:30:00Z,2704.97,2661.37,d8e95f828059151a0ee0e05b4d67cc4916623a96e6fa67e428a577fa501e5f08
2943e7fcff1f90ff58d47a37c39e85e81917b7e59771002abb91ef1a34037b25,2689.38,2024-11-22T16:30:00Z,1e09dc8bca763551524eaa8516b7b785867b3cbb02e612f59013b5e0c845cd18,2024-11-22T16:30:00Z,2687.69,2710.13,2024-12-01T00:00:00Z,2024-11-22T16:00:00Z,0.0,SHORT,1.0,-50.0,CONTROL_V2_FILLED_STOP,2024-11-22T16:37:00Z,M5_BROKEN_CONTROL_FIRST_RETEST,2689.38,True,067cdc951a402f94413032f4fac6ffd7697d3f165beb9ec0203d29c07a49a74a,1.013975903614456,0.07180722891567405,2024_11,-1.0,-1.0,STOP,2024-11-22T20:20:00Z,STOP,0ae85b18888f5e1d57b6b48480b543faea6e1f06c004dd05691d91b5accf62c0,2024-11-22T20:20:00Z,FIRST_RETEST_FILLED,2024-11-22T16:45:00Z,2024-11-22T16:37:00Z,2689.38,True,True,INITIAL_CONFIRMATION_STOP,8b744161cc5add2f5f08684f4cd41874f2fe72267a9a50b0c8b29cbaf381cf86,d6897452f6b5559436045934a95e0f0e0ab161b1e879b79fe3955b978be809c3,2710.13,8.697857142857108,0.4348928571428554,NOT_STRICTLY_CLOSER_THAN_CONTROL,H1_SOURCE_SWING_BUFFERED_ELSE_CONTROL,False,d6897452f6b5559436045934a95e0f0e0ab161b1e879b79fe3955b978be809c3,2024-11-22T16:00:00Z,2710.13,2661.37,d8e95f828059151a0ee0e05b4d67cc4916623a96e6fa67e428a577fa501e5f08
2943e7fcff1f90ff58d47a37c39e85e81917b7e59771002abb91ef1a34037b25,2689.38,2024-11-22T16:30:00Z,1e09dc8bca763551524eaa8516b7b785867b3cbb02e612f59013b5e0c845cd18,2024-11-22T16:30:00Z,2687.69,2710.13,2024-12-01T00:00:00Z,2024-11-22T16:00:00Z,0.0,SHORT,1.0,-50.0,CONTROL_V2_FILLED_STOP,2024-11-22T16:30:00Z,CONFIRMED_25_75_RETEST_SPLIT,2687.69,True,284de441bdec122c8ac83606b9ce8744b6e3d04647fe10c8fbca92c54b166dd8,1.013712765500503,0.08972886197196328,2024_11,-1.0,-1.0,STOP,2024-11-22T20:20:00Z,SPLIT_STOP_STOP,166ac1998fc0ebbc457c13e7b34258b04cd8a40275037e451256c901422bd647,2024-11-22T20:20:00Z,FIRST_RETEST_FILLED,2024-11-22T16:45:00Z,2024-11-22T16:37:00Z,2689.38,True,True,INITIAL_CONFIRMATION_STOP,a2cc9221b14440b6cd50fd517f98be5dac4e664326ce537a93a25f47841fe8de,d6897452f6b5559436045934a95e0f0e0ab161b1e879b79fe3955b978be809c3,2710.13,,,,CONTROL_V2_FILLED_STOP,False,,2024-11-22T16:30:00Z,2710.13,2661.37,d8e95f828059151a0ee0e05b4d67cc4916623a96e6fa67e428a577fa501e5f08
2943e7fcff1f90ff58d47a37c39e85e81917b7e59771002abb91ef1a34037b25,2689.38,2024-11-22T16:30:00Z,1e09dc8bca763551524eaa8516b7b785867b3cbb02e612f59013b5e0c845cd18,2024-11-22T16:30:00Z,2687.69,2710.13,2024-12-01T00:00:00Z,2024-11-22T16:00:00Z,0.0,SHORT,0.339484657499363,-50.0,M5_LATEST_CONFIRMED_OPPOSING_SWING_ELSE_CONTROL,2024-11-22T16:30:00Z,CONFIRMED_25_75_RETEST_SPLIT,2687.69,True,b697fc32fdf0ef5828e75d7590c01ce8c6c597d8d2243d59c744c451c556301a,1.0194330959047708,0.2941812943657046,2024_11,-1.0,-1.0,STOP,2024-11-22T20:20:00Z,SPLIT_STOP_STOP,7073ce43c7c529f1cfd8a154cf4401ec878d004842b3a7878706656b99c562f5,2024-11-22T16:56:00Z,FIRST_RETEST_FILLED,2024-11-22T16:45:00Z,2024-11-22T16:37:00Z,2689.38,True,True,INITIAL_CONFIRMATION_STOP,92f83784ab68c434ca4113e6818cbe468499d6390c97b7c03cdd5f7d390d2529,d6897452f6b5559436045934a95e0f0e0ab161b1e879b79fe3955b978be809c3,2695.308035714286,3.3607142857142662,0.16803571428571332,,M5_LATEST_CONFIRMED_OPPOSING_SWING_ELSE_CONTROL,True,2160e05c9029f5975ab48575872f8a90133281b99e779ffe165ab3c322a0a983,2024-11-22T16:05:00Z,2695.14,2661.37,d8e95f828059151a0ee0e05b4d67cc4916623a96e6fa67e428a577fa501e5f08
2943e7fcff1f90ff58d47a37c39e85e81917b7e59771002abb91ef1a34037b25,2689.38,2024-11-22T16:30:00Z,1e09dc8bca763551524eaa8516b7b785867b3cbb02e612f59013b5e0c845cd18,2024-11-22T16:30:00Z,2687.69,2710.13,2024-12-01T00:00:00Z,2024-11-22T16:00:00Z,0.0,SHORT,0.7823163356251458,-50.0,M15_LATEST_CONFIRMED_OPPOSING_SWING_ELSE_CONTROL,2024-11-22T16:30:00Z,CONFIRMED_25_75_RETEST_SPLIT,2687.69,True,5263a8ccd7f9fc4f652e829c301ed25c170ade93f59aea57b7665944f985134d,1.0661167301760837,0.11629269347504356,2024_11,-1.0,-1.0,STOP,2024-11-22T20:20:00Z,SPLIT_STOP_STOP,7404a20b1633c84b701566a7f31cf300bf77af80119d8ceddce697f1ef9acceb,2024-11-22T18:12:00Z,FIRST_RETEST_FILLED,2024-11-22T16:45:00Z,2024-11-22T16:37:00Z,2689.38,True,True,INITIAL_CONFIRMATION_STOP,98a627117d028793b6cfa82a28078a1d0fa257c39cccc977ee1c202aac2b498d,d6897452f6b5559436045934a95e0f0e0ab161b1e879b79fe3955b978be809c3,2705.2451785714284,5.503571428571441,0.2751785714285721,,M15_LATEST_CONFIRMED_OPPOSING_SWING_ELSE_CONTROL,True,847cf2f79cd5c553fb781a9b03497dabddb3c0e3bf402c70f6ee7257db8b08ba,2024-11-22T15:30:00Z,2704.97,2661.37,d8e95f828059151a0ee0e05b4d67cc4916623a96e6fa67e428a577fa501e5f08
2943e7fcff1f90ff58d47a37c39e85e81917b7e59771002abb91ef1a34037b25,2689.38,2024-11-22T16:30:00Z,1e09dc8bca763551524eaa8516b7b785867b3cbb02e612f59013b5e0c845cd18,2024-11-22T16:30:00Z,2687.69,2710.13,2024-12-01T00:00:00Z,2024-11-22T16:00:00Z,0.0,SHORT,1.0,-50.0,CONTROL_V2_FILLED_STOP,2024-11-22T16:30:00Z,CONFIRMED_25_75_RETEST_SPLIT,2687.69,True,067cdc951a402f94413032f4fac6ffd7697d3f165beb9ec0203d29c07a49a74a,1.013712765500503,0.08972886197196328,2024_11,-1.0,-1.0,STOP,2024-11-22T20:20:00Z,SPLIT_STOP_STOP,78c5179ef3e0a86c7890b00f75361ad89db7291a32c4632ea6e0d4050a9165cb,2024-11-22T20:20:00Z,FIRST_RETEST_FILLED,2024-11-22T16:45:00Z,2024-11-22T16:37:00Z,2689.38,True,True,INITIAL_CONFIRMATION_STOP,3fa1be632a8fba2d30cf4793c4d8b0420ef17c3f4e394f569d209df563fc3efa,d6897452f6b5559436045934a95e0f0e0ab161b1e879b79fe3955b978be809c3,2710.13,8.697857142857108,0.4348928571428554,NOT_STRICTLY_CLOSER_THAN_CONTROL,H1_SOURCE_SWING_BUFFERED_ELSE_CONTROL,False,d6897452f6b5559436045934a95e0f0e0ab161b1e879b79fe3955b978be809c3,2024-11-22T16:00:00Z,2710.13,2661.37,d8e95f828059151a0ee0e05b4d67cc4916623a96e6fa67e428a577fa501e5f08
79dee4cb47f9b2703b7fc5ba8eff70cd790e197ba545450af197894bf7665dac,2706.55,2024-11-22T19:05:00Z,2d1e0264f1112fd637e62d5e0c0e5e5d9cc2cc37a5a1a1a595f6bd8d75e35c84,2024-11-22T19:05:00Z,2706.56,2684.47,2024-12-01T00:00:00Z,2024-11-22T19:00:00Z,0.0,LONG,1.0,8.080579447714214,CONTROL_V2_FILLED_STOP,2024-11-22T19:05:00Z,CONTROL_NEXT_M1_OPEN,2706.56,True,81b8fa554de63f7d3eded3d9138e2124526b6d3f7cb61e6d4f255b6d47d95843,0.13128112267994893,0.17473970122227714,2024_11,0.1616115889542843,0.1616115889542843,TARGET,2024-11-22T20:20:00Z,TARGET,5ef93a2f6f0668134b3d2ba1cf06f5e00c3f101b163f8a18b96107be145f8bf6,2024-11-22T20:20:00Z,FIRST_RETEST_FILLED,2024-11-22T19:20:00Z,2024-11-22T19:05:00Z,2706.55,True,False,INITIAL_CONFIRMATION_TARGET,bc41a60e5e9e83097ba866931d904f07f11294012ffefdeb6c913f38eb82c5eb,c3bd226bd8bac719e4efab4fbd51e604dec7763b0f7eb4fe0a2b23b618625c77,2684.47,,,,CONTROL_V2_FILLED_STOP,False,,2024-11-22T19:05:00Z,2684.47,2710.13,751e9e6b0862c6d18f51bde792fdf027f93b9fa4fcd8e32651c00a0d3e3d66d3
79dee4cb47f9b2703b7fc5ba8eff70cd790e197ba545450af197894bf7665dac,2706.55,2024-11-22T19:05:00Z,2d1e0264f1112fd637e62d5e0c0e5e5d9cc2cc37a5a1a1a595f6bd8d75e35c84,2024-11-22T19:05:00Z,2706.56,2684.47,2024-12-01T00:00:00Z,2024-11-22T19:00:00Z,0.5266664764858622,LONG,0.23480566513613277,34.413903272007325,M5_LATEST_CONFIRMED_OPPOSING_SWING_ELSE_CONTROL,2024-11-22T19:05:00Z,CONTROL_NEXT_M1_OPEN,2706.56,True,2af207e4aae836fbcd90cede8c4ac1e94479f05572ea0b72b7c75e2107c4e628,0.5591054313099147,0.7441886085711292,2024_11,0.6882780654401465,0.1616115889542843,TARGET,2024-11-22T20:20:00Z,TARGET,08b487a8d40f5c7c382a7305afe0c5648fcce623e8400b436b76d03514fc9975,2024-11-22T20:20:00Z,FIRST_RETEST_FILLED,2024-11-22T19:20:00Z,2024-11-22T19:05:00Z,2706.55,True,False,INITIAL_CONFIRMATION_TARGET,efd7b88a78a19e28d8d97cbf65a69dc585bb22361aa747d0a498ff4a10aef58d,c3bd226bd8bac719e4efab4fbd51e604dec7763b0f7eb4fe0a2b23b618625c77,2701.3731428571427,2.3371428571429402,0.11685714285714702,,M5_LATEST_CONFIRMED_OPPOSING_SWING_ELSE_CONTROL,True,6ef0c02bbc00d0e3f910bb7cba89163f91872468a0117873edfa56d343a1245d,2024-11-22T18:55:00Z,2701.49,2710.13,751e9e6b0862c6d18f51bde792fdf027f93b9fa4fcd8e32651c00a0d3e3d66d3
79dee4cb47f9b2703b7fc5ba8eff70cd790e197ba545450af197894bf7665dac,2706.55,2024-11-22T19:05:00Z,2d1e0264f1112fd637e62d5e0c0e5e5d9cc2cc37a5a1a1a595f6bd8d75e35c84,2024-11-22T19:05:00Z,2706.56,2684.47,2024-12-01T00:00:00Z,2024-11-22T19:00:00Z,0.0,LONG,1.0,8.080579447714214,CONTROL_V2_FILLED_STOP,2024-11-22T19:05:00Z,CONTROL_NEXT_M1_OPEN,2706.56,True,57dce64a0740498583bd9a6a414ffdb755e651367a21df7325c57e2e04907c12,0.13128112267994893,0.17473970122227714,2024_11,0.1616115889542843,0.1616115889542843,TARGET,2024-11-22T20:20:00Z,TARGET,d1ba1b4a94b924da6d47bf9f48d2e0b0219b199fc5930ef197f02b5ee8e0c409,2024-11-22T20:20:00Z,FIRST_RETEST_FILLED,2024-11-22T19:20:00Z,2024-11-22T19:05:00Z,2706.55,True,False,INITIAL_CONFIRMATION_TARGET,8aecced3cbf173e10650ccd9e818d42b06c9a748d9e5af8d11d3fb2b3086f235,c3bd226bd8bac719e4efab4fbd51e604dec7763b0f7eb4fe0a2b23b618625c77,2684.47,5.387857142857196,0.2693928571428598,NOT_STRICTLY_CLOSER_THAN_CONTROL,M15_LATEST_CONFIRMED_OPPOSING_SWING_ELSE_CONTROL,False,b4c2c90e24685bee9aa8c460cfc3654f65d93e25079fb4fdc6c26e5263c0fdbf,2024-11-22T17:15:00Z,2684.47,2710.13,751e9e6b0862c6d18f51bde792fdf027f93b9fa4fcd8e32651c00a0d3e3d66d3
79dee4cb47f9b2703b7fc5ba8eff70cd790e197ba545450af197894bf7665dac,2706.55,2024-11-22T19:05:00Z,2d1e0264f1112fd637e62d5e0c0e5e5d9cc2cc37a5a1a1a595f6bd8d75e35c84,2024-11-22T19:05:00Z,2706.56,2684.47,2024-12-01T00:00:00Z,2024-11-22T19:00:00Z,0.0,LONG,1.0,8.080579447714214,CONTROL_V2_FILLED_STOP,2024-11-22T19:05:00Z,CONTROL_NEXT_M1_OPEN,2706.56,True,613af871040e3e27808a53486e03d2dfb2ad7cc5e2c15871100dad5af2bae30e,0.13128112267994893,0.17473970122227714,2024_11,0.1616115889542843,0.1616115889542843,TARGET,2024-11-22T20:20:00Z,TARGET,5d9fdf1c1a21c347bfec1fc89b8e73c4e78311cc582ae3ebfded52e3ea3e4abc,2024-11-22T20:20:00Z,FIRST_RETEST_FILLED,2024-11-22T19:20:00Z,2024-11-22T19:05:00Z,2706.55,True,False,INITIAL_CONFIRMATION_TARGET,252605ebf6fb40635405c26a8d6ede2aaac2b374a806f8f10f795544cddde8c5,c3bd226bd8bac719e4efab4fbd51e604dec7763b0f7eb4fe0a2b23b618625c77,2684.47,9.280000000000005,0.46400000000000025,NOT_STRICTLY_CLOSER_THAN_CONTROL,H1_SOURCE_SWING_BUFFERED_ELSE_CONTROL,False,c3bd226bd8bac719e4efab4fbd51e604dec7763b0f7eb4fe0a2b23b618625c77,2024-11-22T19:00:00Z,2684.47,2710.13,751e9e6b0862c6d18f51bde792fdf027f93b9fa4fcd8e32651c00a0d3e3d66d3
79dee4cb47f9b2703b7fc5ba8eff70cd790e197ba545450af197894bf7665dac,2706.55,2024-11-22T19:05:00Z,2d1e0264f1112fd637e62d5e0c0e5e5d9cc2cc37a5a1a1a595f6bd8d75e35c84,2024-11-22T19:05:00Z,2706.56,2684.47,2024-12-01T00:00:00Z,2024-11-22T19:00:00Z,0.0005260922051298911,LONG,1.0,8.10688405797071,CONTROL_V2_FILLED_STOP,2024-11-22T19:05:00Z,M5_BROKEN_CONTROL_FIRST_RETEST,2706.55,True,81b8fa554de63f7d3eded3d9138e2124526b6d3f7cb61e6d4f255b6d47d95843,0.13088768115943286,0.17527173913042682,2024_11,0.16213768115941418,0.1616115889542843,TARGET,2024-11-22T20:20:00Z,TARGET,65563081f38629612813ac8b1dcd0c8e20c202cbe4aad7dd1618a3c9d03421ae,2024-11-22T20:20:00Z,FIRST_RETEST_FILLED,2024-11-22T19:20:00Z,2024-11-22T19:05:00Z,2706.55,True,True,INITIAL_CONFIRMATION_TARGET,b50861b0910ae31f80dfbac18880f324bd7b30ba5e940a32a279f923a7d3f3c0,c3bd226bd8bac719e4efab4fbd51e604dec7763b0f7eb4fe0a2b23b618625c77,2684.47,,,,CONTROL_V2_FILLED_STOP,False,,2024-11-22T19:05:00Z,2684.47,2710.13,751e9e6b0862c6d18f51bde792fdf027f93b9fa4fcd8e32651c00a0d3e3d66d3
79dee4cb47f9b2703b7fc5ba8eff70cd790e197ba545450af197894bf7665dac,2706.55,2024-11-22T19:05:00Z,2d1e0264f1112fd637e62d5e0c0e5e5d9cc2cc37a5a1a1a595f6bd8d75e35c84,2024-11-22T19:05:00Z,2706.56,2684.47,2024-12-01T00:00:00Z,2024-11-22T19:00:00Z,0.5299276792171942,LONG,0.23480566513613277,34.576963408573924,M5_LATEST_CONFIRMED_OPPOSING_SWING_ELSE_CONTROL,2024-11-22T19:05:00Z,M5_BROKEN_CONTROL_FIRST_RETEST,2706.55,True,2af207e4aae836fbcd90cede8c4ac1e94479f05572ea0b72b7c75e2107c4e628,0.558253766764201,0.7475578122412292,2024_11,0.6915392681714785,0.1616115889542843,TARGET,2024-11-22T20:20:00Z,TARGET,da098af51df4d7d191758ed93559a4c5d023d4d24b23611284a02ab1fe5f8799,2024-11-22T20:20:00Z,FIRST_RETEST_FILLED,2024-11-22T19:20:00Z,2024-11-22T19:05:00Z,2706.55,True,True,INITIAL_CONFIRMATION_TARGET,f0e68a40b6aac5326e78a34a659b157b45863dab0af3fd0acd5a624e8ee8a04f,c3bd226bd8bac719e4efab4fbd51e604dec7763b0f7eb4fe0a2b23b618625c77,2701.3731428571427,2.3371428571429402,0.11685714285714702,,M5_LATEST_CONFIRMED_OPPOSING_SWING_ELSE_CONTROL,True,6ef0c02bbc00d0e3f910bb7cba89163f91872468a0117873edfa56d343a1245d,2024-11-22T18:55:00Z,2701.49,2710.13,751e9e6b0862c6d18f51bde792fdf027f93b9fa4fcd8e32651c00a0d3e3d66d3
79dee4cb47f9b2703b7fc5ba8eff70cd790e197ba545450af197894bf7665dac,2706.55,2024-11-22T19:05:00Z,2d1e0264f1112fd637e62d5e0c0e5e5d9cc2cc37a5a1a1a595f6bd8d75e35c84,2024-11-22T19:05:00Z,2706.56,2684.47,2024-12-01T00:00:00Z,2024-11-22T19:00:00Z,0.0005260922051298911,LONG,1.0,8.10688405797071,CONTROL_V2_FILLED_STOP,2024-11-22T19:05:00Z,M5_BROKEN_CONTROL_FIRST_RETEST,2706.55,True,57dce64a0740498583bd9a6a414ffdb755e651367a21df7325c57e2e04907c12,0.13088768115943286,0.17527173913042682,2024_11,0.16213768115941418,0.1616115889542843,TARGET,2024-11-22T20:20:00Z,TARGET,d9627e664e5552fb1df9ef332af24cc73773251cf191017be7f078f4de3918f0,2024-11-22T20:20:00Z,FIRST_RETEST_FILLED,2024-11-22T19:20:00Z,2024-11-22T19:05:00Z,2706.55,True,True,INITIAL_CONFIRMATION_TARGET,f4428e1be0e7d75497d730d2971781f09050ebfc60e679264cbb41bc45d59dc7,c3bd226bd8bac719e4efab4fbd51e604dec7763b0f7eb4fe0a2b23b618625c77,2684.47,5.387857142857196,0.2693928571428598,NOT_STRICTLY_CLOSER_THAN_CONTROL,M15_LATEST_CONFIRMED_OPPOSING_SWING_ELSE_CONTROL,False,b4c2c90e24685bee9aa8c460cfc3654f65d93e25079fb4fdc6c26e5263c0fdbf,2024-11-22T17:15:00Z,2684.47,2710.13,751e9e6b0862c6d18f51bde792fdf027f93b9fa4fcd8e32651c00a0d3e3d66d3
79dee4cb47f9b2703b7fc5ba8eff70cd790e197ba545450af197894bf7665dac,2706.55,2024-11-22T19:05:00Z,2d1e0264f1112fd637e62d5e0c0e5e5d9cc2cc37a5a1a1a595f6bd8d75e35c84,2024-11-22T19:05:00Z,2706.56,2684.47,2024-12-01T00:00:00Z,2024-11-22T19:00:00Z,0.0005260922051298911,LONG,1.0,8.10688405797071,CONTROL_V2_FILLED_STOP,2024-11-22T19:05:00Z,M5_BROKEN_CONTROL_FIRST_RETEST,2706.55,True,613af871040e3e27808a53486e03d2dfb2ad7cc5e2c15871100dad5af2bae30e,0.13088768115943286,0.17527173913042682,2024_11,0.16213768115941418,0.1616115889542843,TARGET,2024-11-22T20:20:00Z,TARGET,98e0b4b17c9d67653c697c7b8c13d251268d508d9f17fce81ed684ebbf6f25ab,2024-11-22T20:20:00Z,FIRST_RETEST_FILLED,2024-11-22T19:20:00Z,2024-11-22T19:05:00Z,2706.55,True,True,INITIAL_CONFIRMATION_TARGET,c5397ec109c14a02b606b8353764cb7386741602655c52384401c214fd311403,c3bd226bd8bac719e4efab4fbd51e604dec7763b0f7eb4fe0a2b23b618625c77,2684.47,9.280000000000005,0.46400000000000025,NOT_STRICTLY_CLOSER_THAN_CONTROL,H1_SOURCE_SWING_BUFFERED_ELSE_CONTROL,False,c3bd226bd8bac719e4efab4fbd51e604dec7763b0f7eb4fe0a2b23b618625c77,2024-11-22T19:00:00Z,2684.47,2710.13,751e9e6b0862c6d18f51bde792fdf027f93b9fa4fcd8e32651c00a0d3e3d66d3
79dee4cb47f9b2703b7fc5ba8eff70cd790e197ba545450af197894bf7665dac,2706.55,2024-11-22T19:05:00Z,2d1e0264f1112fd637e62d5e0c0e5e5d9cc2cc37a5a1a1a595f6bd8d75e35c84,2024-11-22T19:05:00Z,2706.56,2684.47,2024-12-01T00:00:00Z,2024-11-22T19:00:00Z,0.0003945691538474183,LONG,1.0,8.100307905406586,CONTROL_V2_FILLED_STOP,2024-11-22T19:05:00Z,CONFIRMED_25_75_RETEST_SPLIT,2706.56,True,81b8fa554de63f7d3eded3d9138e2124526b6d3f7cb61e6d4f255b6d47d95843,0.1309860415395619,0.1751387296533894,2024_11,0.1620061581081317,0.1616115889542843,TARGET,2024-11-22T20:20:00Z,SPLIT_TARGET_TARGET,50ff75c952882f94295cdf95388b64c437ca75eaef20d65a332341096ccef984,2024-11-22T20:20:00Z,FIRST_RETEST_FILLED,2024-11-22T19:20:00Z,2024-11-22T19:05:00Z,2706.55,True,True,INITIAL_CONFIRMATION_TARGET,b455104be7d552be0c21fb5fb694f6b86f6426d5b0dbe2b510d076f0ca8d89da,c3bd226bd8bac719e4efab4fbd51e604dec7763b0f7eb4fe0a2b23b618625c77,2684.47,,,,CONTROL_V2_FILLED_STOP,False,,2024-11-22T19:05:00Z,2684.47,2710.13,751e9e6b0862c6d18f51bde792fdf027f93b9fa4fcd8e32651c00a0d3e3d66d3
79dee4cb47f9b2703b7fc5ba8eff70cd790e197ba545450af197894bf7665dac,2706.55,2024-11-22T19:05:00Z,2d1e0264f1112fd637e62d5e0c0e5e5d9cc2cc37a5a1a1a595f6bd8d75e35c84,2024-11-22T19:05:00Z,2706.56,2684.47,2024-12-01T00:00:00Z,2024-11-22T19:00:00Z,0.5291123785343612,LONG,0.23480566513613277,34.536198374432274,M5_LATEST_CONFIRMED_OPPOSING_SWING_ELSE_CONTROL,2024-11-22T19:05:00Z,CONFIRMED_25_75_RETEST_SPLIT,2706.56,True,2af207e4aae836fbcd90cede8c4ac1e94479f05572ea0b72b7c75e2107c4e628,0.5584666829006294,0.7467155113237042,2024_11,0.6907239674886455,0.1616115889542843,TARGET,2024-11-22T20:20:00Z,SPLIT_TARGET_TARGET,f2d539362f0f7d63dac58587f4a046b56b7fcb865c15dc5e5641a93446c2b99a,2024-11-22T20:20:00Z,FIRST_RETEST_FILLED,2024-11-22T19:20:00Z,2024-11-22T19:05:00Z,2706.55,True,True,INITIAL_CONFIRMATION_TARGET,8172b4eb4fef42e88b5412c5d6464662e559e0af56680e4a88b2537f7f2d6462,c3bd226bd8bac719e4efab4fbd51e604dec7763b0f7eb4fe0a2b23b618625c77,2701.3731428571427,2.3371428571429402,0.11685714285714702,,M5_LATEST_CONFIRMED_OPPOSING_SWING_ELSE_CONTROL,True,6ef0c02bbc00d0e3f910bb7cba89163f91872468a0117873edfa56d343a1245d,2024-11-22T18:55:00Z,2701.49,2710.13,751e9e6b0862c6d18f51bde792fdf027f93b9fa4fcd8e32651c00a0d3e3d66d3
79dee4cb47f9b2703b7fc5ba8eff70cd790e197ba545450af197894bf7665dac,2706.55,2024-11-22T19:05:00Z,2d1e0264f1112fd637e62d5e0c0e5e5d9cc2cc37a5a1a1a595f6bd8d75e35c84,2024-11-22T19:05:00Z,2706.56,2684.47,2024-12-01T00:00:00Z,2024-11-22T19:00:00Z,0.0003945691538474183,LONG,1.0,8.100307905406586,CONTROL_V2_FILLED_STOP,2024-11-22T19:05:00Z,CONFIRMED_25_75_RETEST_SPLIT,2706.56,True,57dce64a0740498583bd9a6a414ffdb755e651367a21df7325c57e2e04907c12,0.1309860415395619,0.1751387296533894,2024_11,0.1620061581081317,0.1616115889542843,TARGET,2024-11-22T20:20:00Z,SPLIT_TARGET_TARGET,21203ae5bca375a9ded68d8e108627d460aafe9d6de8bb79bbc55a91f780d1df,2024-11-22T20:20:00Z,FIRST_RETEST_FILLED,2024-11-22T19:20:00Z,2024-11-22T19:05:00Z,2706.55,True,True,INITIAL_CONFIRMATION_TARGET,3fdb82f8d0a4d3c611df57610f2981869fd73e5583891f6a54ed86548ab0ac59,c3bd226bd8bac719e4efab4fbd51e604dec7763b0f7eb4fe0a2b23b618625c77,2684.47,5.387857142857196,0.2693928571428598,NOT_STRICTLY_CLOSER_THAN_CONTROL,M15_LATEST_CONFIRMED_OPPOSING_SWING_ELSE_CONTROL,False,b4c2c90e24685bee9aa8c460cfc3654f65d93e25079fb4fdc6c26e5263c0fdbf,2024-11-22T17:15:00Z,2684.47,2710.13,751e9e6b0862c6d18f51bde792fdf027f93b9fa4fcd8e32651c00a0d3e3d66d3
79dee4cb47f9b2703b7fc5ba8eff70cd790e197ba545450af197894bf7665dac,2706.55,2024-11-22T19:05:00Z,2d1e0264f1112fd637e62d5e0c0e5e5d9cc2cc37a5a1a1a595f6bd8d75e35c84,2024-11-22T19:05:00Z,2706.56,2684.47,2024-12-01T00:00:00Z,2024-11-22T19:00:00Z,0.0003945691538474183,LONG,1.0,8.100307905406586,CONTROL_V2_FILLED_STOP,2024-11-22T19:05:00Z,CONFIRMED_25_75_RETEST_SPLIT,2706.56,True,613af871040e3e27808a53486e03d2dfb2ad7cc5e2c15871100dad5af2bae30e,0.1309860415395619,0.1751387296533894,2024_11,0.1620061581081317,0.1616115889542843,TARGET,2024-11-22T20:20:00Z,SPLIT_TARGET_TARGET,9e255fa66d61285ceea309e0bacd44cf957164c99c4e73cd42d0c6f5477c3e89,2024-11-22T20:20:00Z,FIRST_RETEST_FILLED,2024-11-22T19:20:00Z,2024-11-22T19:05:00Z,2706.55,True,True,INITIAL_CONFIRMATION_TARGET,24282a87ae9541a1a7618f41304432faee84bdff1e7c5c8a7d7aa7e691486603,c3bd226bd8bac719e4efab4fbd51e604dec7763b0f7eb4fe0a2b23b618625c77,2684.47,9.280000000000005,0.46400000000000025,NOT_STRICTLY_CLOSER_THAN_CONTROL,H1_SOURCE_SWING_BUFFERED_ELSE_CONTROL,False,c3bd226bd8bac719e4efab4fbd51e604dec7763b0f7eb4fe0a2b23b618625c77,2024-11-22T19:00:00Z,2684.47,2710.13,751e9e6b0862c6d18f51bde792fdf027f93b9fa4fcd8e32651c00a0d3e3d66d3
15c0a72d91836e6c41460152a2861bcb0337cadec98f9adc36aa24266179ee8e,2694.9,2024-11-25T04:50:00Z,ee96f43e77298c53af41d211069edabb9f287495d37c2e8f6ea45f2d6b39c7ef,2024-11-25T04:50:00Z,2694.63,2721.38,2024-12-01T00:00:00Z,2024-11-25T04:00:00Z,0.0,SHORT,1.0,18.990654205608053,CONTROL_V2_FILLED_STOP,2024-11-25T04:50:00Z,CONTROL_NEXT_M1_OPEN,2694.63,True,cd3c037ffc9780938ed9cec82eaa2ab6257fcd80c8b6b278f4da52b831fbb016,0.1031775700934491,0.5753271028037505,2024_11,0.3798130841121611,0.3798130841121611,TARGET,2024-11-25T05:26:00Z,TARGET,3bbb73c25003752774a229afa50f9ab3e7ebff61633263e564750e84fd0c0783,2024-11-25T05:26:00Z,FIRST_RETEST_FILLED,2024-11-25T05:05:00Z,2024-11-25T04:52:00Z,2694.9,True,False,INITIAL_CONFIRMATION_TARGET,49f401097d36357af18c36e5f3844ab80e0cb6ad3fd488d28483cc9ad80703d2,010e7bc14e5baf47c7b0f3880c75e2a7dd757a51fc082221d77cd9abdc4a3dd5,2721.38,,,,CONTROL_V2_FILLED_STOP,False,,2024-11-25T04:50:00Z,2721.38,2684.47,20afa830878c642a525de34c9f26013391fb56b750720a2602b2688e73de3eaf
15c0a72d91836e6c41460152a2861bcb0337cadec98f9adc36aa24266179ee8e,2694.9,2024-11-25T04:50:00Z,ee96f43e77298c53af41d211069edabb9f287495d37c2e8f6ea45f2d6b39c7ef,2024-11-25T04:50:00Z,2694.63,2721.38,2024-12-01T00:00:00Z,2024-11-25T04:00:00Z,0.9269753436810008,SHORT,0.29064619492657295,65.3394213896581,M5_LATEST_CONFIRMED_OPPOSING_SWING_ELSE_CONTROL,2024-11-25T04:50:00Z,CONTROL_NEXT_M1_OPEN,2694.63,True,9cd8271bb726e221aefd8c55a7a934dbb6499eb3f66e25f5cafecf96efa75568,0.35499370676266806,1.9794757779268282,2024_11,1.3067884277931618,0.3798130841121611,TARGET,2024-11-25T05:26:00Z,TARGET,e0e108e2d95bb361c9f3f1d1af746118a3efd3d3085a0d37cb9656874518763f,2024-11-25T05:26:00Z,FIRST_RETEST_FILLED,2024-11-25T05:05:00Z,2024-11-25T04:52:00Z,2694.9,True,False,INITIAL_CONFIRMATION_TARGET,33134927e2250c8924ca9560bb9e1df87a94b0cd56569b1bfb4a9a86fbd22de1,010e7bc14e5baf47c7b0f3880c75e2a7dd757a51fc082221d77cd9abdc4a3dd5,2702.404785714286,2.4957142857142895,0.12478571428571449,,M5_LATEST_CONFIRMED_OPPOSING_SWING_ELSE_CONTROL,True,9131182984d1f5f97194966e1069e58d473c6daea2360d5b0c628a80b3927b34,2024-11-25T04:40:00Z,2702.28,2684.47,20afa830878c642a525de34c9f26013391fb56b750720a2602b2688e73de3eaf
15c0a72d91836e6c41460152a2861bcb0337cadec98f9adc36aa24266179ee8e,2694.9,2024-11-25T04:50:00Z,ee96f43e77298c53af41d211069edabb9f287495d37c2e8f6ea45f2d6b39c7ef,2024-11-25T04:50:00Z,2694.63,2721.38,2024-12-01T00:00:00Z,2024-11-25T04:00:00Z,0.6261061679546686,SHORT,0.3775781041388476,50.29596260334148,M15_LATEST_CONFIRMED_OPPOSING_SWING_ELSE_CONTROL,2024-11-25T04:50:00Z,CONTROL_NEXT_M1_OPEN,2694.63,True,9c15c2e9e6d172ba09f9f629d6db570adcd365e38d9ee7a4b7da6b4cbbda420f,0.27326152910473694,1.5237300481602722,2024_11,1.0059192520668296,0.3798130841121611,TARGET,2024-11-25T05:26:00Z,TARGET,3322f2b406849509c951629e2103e80ccfe5ff2f6ba9a8d5e212502f0575a12b,2024-11-25T05:26:00Z,FIRST_RETEST_FILLED,2024-11-25T05:05:00Z,2024-11-25T04:52:00Z,2694.9,True,False,INITIAL_CONFIRMATION_TARGET,f7b0432b2f0d22693f55456000a60174e89bbe40bd41d54a865fe5afe2750160,010e7bc14e5baf47c7b0f3880c75e2a7dd757a51fc082221d77cd9abdc4a3dd5,2704.7302142857143,5.004285714285743,0.25021428571428717,,M15_LATEST_CONFIRMED_OPPOSING_SWING_ELSE_CONTROL,True,ca125707f0d7caf36567694cfad97f0b9e3bcdefbaf80126f25a9d7a5d5fcbb9,2024-11-25T04:45:00Z,2704.48,2684.47,20afa830878c642a525de34c9f26013391fb56b750720a2602b2688e73de3eaf
15c0a72d91836e6c41460152a2861bcb0337cadec98f9adc36aa24266179ee8e,2694.9,2024-11-25T04:50:00Z,ee96f43e77298c53af41d211069edabb9f287495d37c2e8f6ea45f2d6b39c7ef,2024-11-25T04:50:00Z,2694.63,2721.38,2024-12-01T00:00:00Z,2024-11-25T04:00:00Z,0.0,SHORT,1.0,18.990654205608053,CONTROL_V2_FILLED_STOP,2024-11-25T04:50:00Z,CONTROL_NEXT_M1_OPEN,2694.63,True,5ce5f2243f018052741ae6a96d943a50a985365532c0b9fd842847f55fa0637a,0.1031775700934491,0.5753271028037505,2024_11,0.3798130841121611,0.3798130841121611,TARGET,2024-11-25T05:26:00Z,TARGET,3b0021a4557b50f3f1fcfa12a247a25d14c179de4982836ea878885d9f80ee51,2024-11-25T05:26:00Z,FIRST_RETEST_FILLED,2024-11-25T05:05:00Z,2024-11-25T04:52:00Z,2694.9,True,False,INITIAL_CONFIRMATION_TARGET,fdf423864f419f011dcc7a943d413e78a6fb7782f1ee48cb6865c9fd06be8823,010e7bc14e5baf47c7b0f3880c75e2a7dd757a51fc082221d77cd9abdc4a3dd5,2721.38,10.188571428571517,0.5094285714285759,NOT_STRICTLY_CLOSER_THAN_CONTROL,H1_SOURCE_SWING_BUFFERED_ELSE_CONTROL,False,010e7bc14e5baf47c7b0f3880c75e2a7dd757a51fc082221d77cd9abdc4a3dd5,2024-11-25T04:00:00Z,2721.38,2684.47,20afa830878c642a525de34c9f26013391fb56b750720a2602b2688e73de3eaf
15c0a72d91836e6c41460152a2861bcb0337cadec98f9adc36aa24266179ee8e,2694.9,2024-11-25T04:50:00Z,ee96f43e77298c53af41d211069edabb9f287495d37c2e8f6ea45f2d6b39c7ef,2024-11-25T04:50:00Z,2694.63,2721.38,2024-12-01T00:00:00Z,2024-11-25T04:00:00Z,0.014069091114435717,SHORT,1.0,19.69410876132984,CONTROL_V2_FILLED_STOP,2024-11-25T04:52:00Z,M5_BROKEN_CONTROL_FIRST_RETEST,2694.9,True,cd3c037ffc9780938ed9cec82eaa2ab6257fcd80c8b6b278f4da52b831fbb016,0.09403323262839049,0.591389728096688,2024_11,0.3938821752265968,0.3798130841121611,TARGET,2024-11-25T05:26:00Z,TARGET,e8695004832681050cc28dd1612db61d3962ffb291286b56f472bc5d6670ee63,2024-11-25T05:26:00Z,FIRST_RETEST_FILLED,2024-11-25T05:05:00Z,2024-11-25T04:52:00Z,2694.9,True,True,INITIAL_CONFIRMATION_TARGET,dc146467f8aac6d33e60bbe4237e353179ad6d03811832d3a27da9d09283516a,010e7bc14e5baf47c7b0f3880c75e2a7dd757a51fc082221d77cd9abdc4a3dd5,2721.38,,,,CONTROL_V2_FILLED_STOP,False,,2024-11-25T04:50:00Z,2721.38,2684.47,20afa830878c642a525de34c9f26013391fb56b750720a2602b2688e73de3eaf
15c0a72d91836e6c41460152a2861bcb0337cadec98f9adc36aa24266179ee8e,2694.9,2024-11-25T04:50:00Z,ee96f43e77298c53af41d211069edabb9f287495d37c2e8f6ea45f2d6b39c7ef,2024-11-25T04:50:00Z,2694.63,2721.38,2024-12-01T00:00:00Z,2024-11-25T04:00:00Z,1.0099667706471975,SHORT,0.29064619492657295,69.48899273796793,M5_LATEST_CONFIRMED_OPPOSING_SWING_ELSE_CONTROL,2024-11-25T04:52:00Z,M5_BROKEN_CONTROL_FIRST_RETEST,2694.9,True,9cd8271bb726e221aefd8c55a7a934dbb6499eb3f66e25f5cafecf96efa75568,0.3317882874736724,2.0866685067623565,2024_11,1.3897798547593587,0.3798130841121611,TARGET,2024-11-25T05:26:00Z,TARGET,ff20e1dfadb35b7265ac62561c9158449ba3f5d658ab98f5a5e15a232880ac40,2024-11-25T05:26:00Z,FIRST_RETEST_FILLED,2024-11-25T05:05:00Z,2024-11-25T04:52:00Z,2694.9,True,True,INITIAL_CONFIRMATION_TARGET,47c5aae547338645f9e4995f943c2e66d24834b4cd40d4c9eaa67826aef1d445,010e7bc14e5baf47c7b0f3880c75e2a7dd757a51fc082221d77cd9abdc4a3dd5,2702.404785714286,2.4957142857142895,0.12478571428571449,,M5_LATEST_CONFIRMED_OPPOSING_SWING_ELSE_CONTROL,True,9131182984d1f5f97194966e1069e58d473c6daea2360d5b0c628a80b3927b34,2024-11-25T04:40:00Z,2702.28,2684.47,20afa830878c642a525de34c9f26013391fb56b750720a2602b2688e73de3eaf
15c0a72d91836e6c41460152a2861bcb0337cadec98f9adc36aa24266179ee8e,2694.9,2024-11-25T04:50:00Z,ee96f43e77298c53af41d211069edabb9f287495d37c2e8f6ea45f2d6b39c7ef,2024-11-25T04:50:00Z,2694.63,2721.38,2024-12-01T00:00:00Z,2024-11-25T04:00:00Z,0.681201426543801,SHORT,0.3775781041388476,53.050725532798104,M15_LATEST_CONFIRMED_OPPOSING_SWING_ELSE_CONTROL,2024-11-25T04:52:00Z,M5_BROKEN_CONTROL_FIRST_RETEST,2694.9,True,9c15c2e9e6d172ba09f9f629d6db570adcd365e38d9ee7a4b7da6b4cbbda420f,0.25330068375196935,1.593047673717376,2024_11,1.061014510655962,0.3798130841121611,TARGET,2024-11-25T05:26:00Z,TARGET,cb66b55c065f7a801584e0c9d1443d494fd8ee6d11be5b285d2cc913f66ab77b,2024-11-25T05:26:00Z,FIRST_RETEST_FILLED,2024-11-25T05:05:00Z,2024-11-25T04:52:00Z,2694.9,True,True,INITIAL_CONFIRMATION_TARGET,e6bfe73a319e4880843714f8f945e393d5bbcff8122220e3142007769f27cf65,010e7bc14e5baf47c7b0f3880c75e2a7dd757a51fc082221d77cd9abdc4a3dd5,2704.7302142857143,5.004285714285743,0.25021428571428717,,M15_LATEST_CONFIRMED_OPPOSING_SWING_ELSE_CONTROL,True,ca125707f0d7caf36567694cfad97f0b9e3bcdefbaf80126f25a9d7a5d5fcbb9,2024-11-25T04:45:00Z,2704.48,2684.47,20afa830878c642a525de34c9f26013391fb56b750720a2602b2688e73de3eaf
15c0a72d91836e6c41460152a2861bcb0337cadec98f9adc36aa24266179ee8e,2694.9,2024-11-25T04:50:00Z,ee96f43e77298c53af41d211069edabb9f287495d37c2e8f6ea45f2d6b39c7ef,2024-11-25T04:50:00Z,2694.63,2721.38,2024-12-01T00:00:00Z,2024-11-25T04:00:00Z,0.014069091114435717,SHORT,1.0,19.69410876132984,CONTROL_V2_FILLED_STOP,2024-11-25T04:52:00Z,M5_BROKEN_CONTROL_FIRST_RETEST,2694.9,True,5ce5f2243f018052741ae6a96d943a50a985365532c0b9fd842847f55fa0637a,0.09403323262839049,0.591389728096688,2024_11,0.3938821752265968,0.3798130841121611,TARGET,2024-11-25T05:26:00Z,TARGET,13e04b121ef6b65a6a4f10cb599eac94b20eacb603509988c33ea5788a5d8890,2024-11-25T05:26:00Z,FIRST_RETEST_FILLED,2024-11-25T05:05:00Z,2024-11-25T04:52:00Z,2694.9,True,True,INITIAL_CONFIRMATION_TARGET,dc4fee96b72c241cbeae6859de31b0b013553c213d875f3d842c06db2f09c680,010e7bc14e5baf47c7b0f3880c75e2a7dd757a51fc082221d77cd9abdc4a3dd5,2721.38,10.188571428571517,0.5094285714285759,NOT_STRICTLY_CLOSER_THAN_CONTROL,H1_SOURCE_SWING_BUFFERED_ELSE_CONTROL,False,010e7bc14e5baf47c7b0f3880c75e2a7dd757a51fc082221d77cd9abdc4a3dd5,2024-11-25T04:00:00Z,2721.38,2684.47,20afa830878c642a525de34c9f26013391fb56b750720a2602b2688e73de3eaf
15c0a72d91836e6c41460152a2861bcb0337cadec98f9adc36aa24266179ee8e,2694.9,2024-11-25T04:50:00Z,ee96f43e77298c53af41d211069edabb9f287495d37c2e8f6ea45f2d6b39c7ef,2024-11-25T04:50:00Z,2694.63,2721.38,2024-12-01T00:00:00Z,2024-11-25T04:00:00Z,0.010551818335826746,SHORT,1.0,19.518245122399392,CONTROL_V2_FILLED_STOP,2024-11-25T04:50:00Z,CONFIRMED_25_75_RETEST_SPLIT,2694.63,True,cd3c037ffc9780938ed9cec82eaa2ab6257fcd80c8b6b278f4da52b831fbb016,0.09631931699465515,0.5873740717734537,2024_11,0.3903649024479878,0.3798130841121611,TARGET,2024-11-25T05:26:00Z,SPLIT_TARGET_TARGET,7d5e12e427bb208f6d603f2f864864b253681c5599c65c734b1e094ae73fbced,2024-11-25T05:26:00Z,FIRST_RETEST_FILLED,2024-11-25T05:05:00Z,2024-11-25T04:52:00Z,2694.9,True,True,INITIAL_CONFIRMATION_TARGET,9a23e56b2059bf3379efc699dae658cab3322096dccd073b31a69209ac99fa4d,010e7bc14e5baf47c7b0f3880c75e2a7dd757a51fc082221d77cd9abdc4a3dd5,2721.38,,,,CONTROL_V2_FILLED_STOP,False,,2024-11-25T04:50:00Z,2721.38,2684.47,20afa830878c642a525de34c9f26013391fb56b750720a2602b2688e73de3eaf
15c0a72d91836e6c41460152a2861bcb0337cadec98f9adc36aa24266179ee8e,2694.9,2024-11-25T04:50:00Z,ee96f43e77298c53af41d211069edabb9f287495d37c2e8f6ea45f2d6b39c7ef,2024-11-25T04:50:00Z,2694.63,2721.38,2024-12-01T00:00:00Z,2024-11-25T04:00:00Z,0.9892189139056483,SHORT,0.29064619492657295,68.45159990089047,M5_LATEST_CONFIRMED_OPPOSING_SWING_ELSE_CONTROL,2024-11-25T04:50:00Z,CONFIRMED_25_75_RETEST_SPLIT,2694.63,True,9cd8271bb726e221aefd8c55a7a934dbb6499eb3f66e25f5cafecf96efa75568,0.3375896422959213,2.0598703245534744,2024_11,1.3690319980178094,0.3798130841121611,TARGET,2024-11-25T05:26:00Z,SPLIT_TARGET_TARGET,fd5f46162a9a4ff00033981361715cc59727d1254d84c6a1292399c5277dbabf,2024-11-25T05:26:00Z,FIRST_RETEST_FILLED,2024-11-25T05:05:00Z,2024-11-25T04:52:00Z,2694.9,True,True,INITIAL_CONFIRMATION_TARGET,e9b85e822d6e95661473cd4efe00375439eee0f951562d57acf429b529f48660,010e7bc14e5baf47c7b0f3880c75e2a7dd757a51fc082221d77cd9abdc4a3dd5,2702.404785714286,2.4957142857142895,0.12478571428571449,,M5_LATEST_CONFIRMED_OPPOSING_SWING_ELSE_CONTROL,True,9131182984d1f5f97194966e1069e58d473c6daea2360d5b0c628a80b3927b34,2024-11-25T04:40:00Z,2702.28,2684.47,20afa830878c642a525de34c9f26013391fb56b750720a2602b2688e73de3eaf
15c0a72d91836e6c41460152a2861bcb0337cadec98f9adc36aa24266179ee8e,2694.9,2024-11-25T04:50:00Z,ee96f43e77298c53af41d211069edabb9f287495d37c2e8f6ea45f2d6b39c7ef,2024-11-25T04:50:00Z,2694.63,2721.38,2024-12-01T00:00:00Z,2024-11-25T04:00:00Z,0.667427611896518,SHORT,0.3775781041388476,52.36203480043395,M15_LATEST_CONFIRMED_OPPOSING_SWING_ELSE_CONTROL,2024-11-25T04:50:00Z,CONFIRMED_25_75_RETEST_SPLIT,2694.63,True,9c15c2e9e6d172ba09f9f629d6db570adcd365e38d9ee7a4b7da6b4cbbda420f,0.25829089509016123,1.5757182673281003,2024_11,1.047240696008679,0.3798130841121611,TARGET,2024-11-25T05:26:00Z,SPLIT_TARGET_TARGET,87d8a483fa99e19141135058b10479a141b3db7b9903a88f9fbfde5c1d192648,2024-11-25T05:26:00Z,FIRST_RETEST_FILLED,2024-11-25T05:05:00Z,2024-11-25T04:52:00Z,2694.9,True,True,INITIAL_CONFIRMATION_TARGET,724941db7cddfa605404e4cf5a1343c7e66e990aca843d4a149558d8e22e8c62,010e7bc14e5baf47c7b0f3880c75e2a7dd757a51fc082221d77cd9abdc4a3dd5,2704.7302142857143,5.004285714285743,0.25021428571428717,,M15_LATEST_CONFIRMED_OPPOSING_SWING_ELSE_CONTROL,True,ca125707f0d7caf36567694cfad97f0b9e3bcdefbaf80126f25a9d7a5d5fcbb9,2024-11-25T04:45:00Z,2704.48,2684.47,20afa830878c642a525de34c9f26013391fb56b750720a2602b2688e73de3eaf
15c0a72d91836e6c41460152a2861bcb0337cadec98f9adc36aa24266179ee8e,2694.9,2024-11-25T04:50:00Z,ee96f43e77298c53af41d211069edabb9f287495d37c2e8f6ea45f2d6b39c7ef,2024-11-25T04:50:00Z,2694.63,2721.38,2024-12-01T00:00:00Z,2024-11-25T04:00:00Z,0.010551818335826746,SHORT,1.0,19.518245122399392,CONTROL_V2_FILLED_STOP,2024-11-25T04:50:00Z,CONFIRMED_25_75_RETEST_SPLIT,2694.63,True,5ce5f2243f018052741ae6a96d943a50a985365532c0b9fd842847f55fa0637a,0.09631931699465515,0.5873740717734537,2024_11,0.3903649024479878,0.3798130841121611,TARGET,2024-11-25T05:26:00Z,SPLIT_TARGET_TARGET,282107476b7f46ee65c13b6246ca1d3fea340d019e86e7a1214ecf386bfa5875,2024-11-25T05:26:00Z,FIRST_RETEST_FILLED,2024-11-25T05:05:00Z,2024-11-25T04:52:00Z,2694.9,True,True,INITIAL_CONFIRMATION_TARGET,96b66cdf522bd2cf55c10c3466cd95c64efb216b2a24160b5b742f3701bff5ea,010e7bc14e5baf47c7b0f3880c75e2a7dd757a51fc082221d77cd9abdc4a3dd5,2721.38,10.188571428571517,0.5094285714285759,NOT_STRICTLY_CLOSER_THAN_CONTROL,H1_SOURCE_SWING_BUFFERED_ELSE_CONTROL,False,010e7bc14e5baf47c7b0f3880c75e2a7dd757a51fc082221d77cd9abdc4a3dd5,2024-11-25T04:00:00Z,2721.38,2684.47,20afa830878c642a525de34c9f26013391fb56b750720a2602b2688e73de3eaf
eb80bc11d1576d259005614d558e70e809f84195728a27d333fa7d7007271f60,2670.3,2024-11-25T10:20:00Z,37c416f2a968467b822b8d74363ede18cb73902d4e6f5527b896b945cf60d254,2024-11-25T10:20:00Z,2672.94,2658.26,2024-12-01T00:00:00Z,2024-11-25T10:00:00Z,0.0,LONG,1.0,-50.0,CONTROL_V2_FILLED_STOP,2024-11-25T10:20:00Z,CONTROL_NEXT_M1_OPEN,2672.94,True,d798c0c672051d43f008ee4ac2976357954e4e899e9056b5f13021ebbab26e5e,1.2997275204359768,1.07970027247957,2024_11,-1.0,-1.0,STOP,2024-11-25T16:15:00Z,STOP,421af722d0962562cbc91fc9e87fd856a8227a07893a6e29f733272c358c513f,2024-11-25T16:15:00Z,FIRST_RETEST_FILLED,2024-11-25T10:35:00Z,2024-11-25T10:21:00Z,2670.3,True,False,INITIAL_CONFIRMATION_STOP,0174cbf10e69119785eeb623ba01c7fec28510574219770adcbd8fdc7817abcd,8698682a7f41c6d6f05f69c61bca8ac7e067077a3d6a5123b5b3839e266c1f8e,2658.26,,,,CONTROL_V2_FILLED_STOP,False,,2024-11-25T10:20:00Z,2658.26,2721.38,808bcde42a2e465a4bad829f16f62f71ff6a32e1b826af2adf2206f1a92c5b5f
eb80bc11d1576d259005614d558e70e809f84195728a27d333fa7d7007271f60,2670.3,2024-11-25T10:20:00Z,37c416f2a968467b822b8d74363ede18cb73902d4e6f5527b896b945cf60d254,2024-11-25T10:20:00Z,2672.94,2658.26,2024-12-01T00:00:00Z,2024-11-25T10:00:00Z,0.0,LONG,0.45650301673803895,-50.0,M5_LATEST_CONFIRMED_OPPOSING_SWING_ELSE_CONTROL,2024-11-25T10:20:00Z,CONTROL_NEXT_M1_OPEN,2672.94,True,37ac347601eaadcc91738c64fe71f94ec906fc189c5380f518fa8ce730b447ed,1.8398963979087477,2.3651547369710992,2024_11,-1.0,-1.0,STOP,2024-11-25T16:15:00Z,STOP,606af6708b850cbdbe2f1c665e041eb26c9aa2716ae67ef1606e960bf538588d,2024-11-25T16:10:00Z,FIRST_RETEST_FILLED,2024-11-25T10:35:00Z,2024-11-25T10:21:00Z,2670.3,True,False,INITIAL_CONFIRMATION_STOP,9625609f69b117d1ee5ca218dd6e3eefc85871f9e4b56add9e4e1d33eb63558f,8698682a7f41c6d6f05f69c61bca8ac7e067077a3d6a5123b5b3839e266c1f8e,2666.2385357142857,3.2292857142857168,0.16146428571428584,,M5_LATEST_CONFIRMED_OPPOSING_SWING_ELSE_CONTROL,True,e9b150aace918afa070066cc23d718fc393697cc007913682d22788e24b10c97,2024-11-25T10:10:00Z,2666.4,2721.38,808bcde42a2e465a4bad829f16f62f71ff6a32e1b826af2adf2206f1a92c5b5f
eb80bc11d1576d259005614d558e70e809f84195728a27d333fa7d7007271f60,2670.3,2024-11-25T10:20:00Z,37c416f2a968467b822b8d74363ede18cb73902d4e6f5527b896b945cf60d254,2024-11-25T10:20:00Z,2672.94,2658.26,2024-12-01T00:00:00Z,2024-11-25T10:00:00Z,0.0,LONG,0.6384877384196289,-50.0,M15_LATEST_CONFIRMED_OPPOSING_SWING_ELSE_CONTROL,2024-11-25T10:20:00Z,CONTROL_NEXT_M1_OPEN,2672.94,True,1bf8854b74d649a8884f6893f620f3fae3df4cfcaf50937164787ea4bc5bdfea,1.315480635868971,1.6910274191827408,2024_11,-1.0,-1.0,STOP,2024-11-25T16:15:00Z,STOP,82c40b3e2feea4b149e9251eecb99479654013651bd10923dfac312d5c344f95,2024-11-25T16:10:00Z,FIRST_RETEST_FILLED,2024-11-25T10:35:00Z,2024-11-25T10:21:00Z,2670.3,True,False,INITIAL_CONFIRMATION_STOP,e9df7967cb5a3afdeb4df1b030bfcba7bdccad3292ab47ec65b454e7613cc9e4,8698682a7f41c6d6f05f69c61bca8ac7e067077a3d6a5123b5b3839e266c1f8e,2663.567,5.059999999999978,0.25299999999999895,,M15_LATEST_CONFIRMED_OPPOSING_SWING_ELSE_CONTROL,True,21732da5d528e7a7958fa09708d68c84cb3f1f173e59c1b4bc1419e69566761c,2024-11-25T10:15:00Z,2663.82,2721.38,808bcde42a2e465a4bad829f16f62f71ff6a32e1b826af2adf2206f1a92c5b5f
eb80bc11d1576d259005614d558e70e809f84195728a27d333fa7d7007271f60,2670.3,2024-11-25T10:20:00Z,37c416f2a968467b822b8d74363ede18cb73902d4e6f5527b896b945cf60d254,2024-11-25T10:20:00Z,2672.94,2658.26,2024-12-01T00:00:00Z,2024-11-25T10:00:00Z,0.0,LONG,1.0,-50.0,CONTROL_V2_FILLED_STOP,2024-11-25T10:20:00Z,CONTROL_NEXT_M1_OPEN,2672.94,True,d993c23995cf8d22f0f748f3c62cdfcf6fca689da924c41f974a1570f9216f8b,1.2997275204359768,1.07970027247957,2024_11,-1.0,-1.0,STOP,2024-11-25T16:15:00Z,STOP,1bd09b33cef913ed361aebbaba52b47d3ef4ff939d2a63b2b916163dfeaecbf6,2024-11-25T16:15:00Z,FIRST_RETEST_FILLED,2024-11-25T10:35:00Z,2024-11-25T10:21:00Z,2670.3,True,False,INITIAL_CONFIRMATION_STOP,55bb2b2362d0e80480bfb5d60564b266c3ea01fcc424a505b6c689b985967edd,8698682a7f41c6d6f05f69c61bca8ac7e067077a3d6a5123b5b3839e266c1f8e,2658.26,12.436428571428612,0.6218214285714306,NOT_STRICTLY_CLOSER_THAN_CONTROL,H1_SOURCE_SWING_BUFFERED_ELSE_CONTROL,False,8698682a7f41c6d6f05f69c61bca8ac7e067077a3d6a5123b5b3839e266c1f8e,2024-11-25T10:00:00Z,2658.26,2721.38,808bcde42a2e465a4bad829f16f62f71ff6a32e1b826af2adf2206f1a92c5b5f
eb80bc11d1576d259005614d558e70e809f84195728a27d333fa7d7007271f60,2670.3,2024-11-25T10:20:00Z,37c416f2a968467b822b8d74363ede18cb73902d4e6f5527b896b945cf60d254,2024-11-25T10:20:00Z,2672.94,2658.26,2024-12-01T00:00:00Z,2024-11-25T10:00:00Z,0.0,LONG,1.0,-50.0,CONTROL_V2_FILLED_STOP,2024-11-25T10:21:00Z,M5_BROKEN_CONTROL_FIRST_RETEST,2670.3,True,d798c0c672051d43f008ee4ac2976357954e4e899e9056b5f13021ebbab26e5e,1.3654485049833973,1.5357142857142723,2024_11,-1.0,-1.0,STOP,2024-11-25T16:15:00Z,STOP,525450fcac7d144cfba983c80b1b135ee590b5da6367782f3e1feebd81d0ebd5,2024-11-25T16:15:00Z,FIRST_RETEST_FILLED,2024-11-25T10:35:00Z,2024-11-25T10:21:00Z,2670.3,True,True,INITIAL_CONFIRMATION_STOP,4a9c2918d43961d84ba9440dd4683e0080dac6941a91e324929c18aabb8d5e04,8698682a7f41c6d6f05f69c61bca8ac7e067077a3d6a5123b5b3839e266c1f8e,2658.26,,,,CONTROL_V2_FILLED_STOP,False,,2024-11-25T10:20:00Z,2658.26,2721.38,808bcde42a2e465a4bad829f16f62f71ff6a32e1b826af2adf2206f1a92c5b5f
eb80bc11d1576d259005614d558e70e809f84195728a27d333fa7d7007271f60,2670.3,2024-11-25T10:20:00Z,37c416f2a968467b822b8d74363ede18cb73902d4e6f5527b896b945cf60d254,2024-11-25T10:20:00Z,2672.94,2658.26,2024-12-01T00:00:00Z,2024-11-25T10:00:00Z,0.0,LONG,0.45650301673803895,-50.0,M5_LATEST_CONFIRMED_OPPOSING_SWING_ELSE_CONTROL,2024-11-25T10:21:00Z,M5_BROKEN_CONTROL_FIRST_RETEST,2670.3,True,37ac347601eaadcc91738c64fe71f94ec906fc189c5380f518fa8ce730b447ed,2.38583902709253,4.552545264286905,2024_11,-1.0,-1.0,STOP,2024-11-25T16:15:00Z,STOP,d68f7f67df1c2f8b7fb9a7427091eaf4931381d1075a1c52fc10268f663e88c8,2024-11-25T16:10:00Z,FIRST_RETEST_FILLED,2024-11-25T10:35:00Z,2024-11-25T10:21:00Z,2670.3,True,True,INITIAL_CONFIRMATION_STOP,bc5930f20f5970249ddab0b348fc986205d4712f73ad161e6798cde859547fe6,8698682a7f41c6d6f05f69c61bca8ac7e067077a3d6a5123b5b3839e266c1f8e,2666.2385357142857,3.2292857142857168,0.16146428571428584,,M5_LATEST_CONFIRMED_OPPOSING_SWING_ELSE_CONTROL,True,e9b150aace918afa070066cc23d718fc393697cc007913682d22788e24b10c97,2024-11-25T10:10:00Z,2666.4,2721.38,808bcde42a2e465a4bad829f16f62f71ff6a32e1b826af2adf2206f1a92c5b5f
eb80bc11d1576d259005614d558e70e809f84195728a27d333fa7d7007271f60,2670.3,2024-11-25T10:20:00Z,37c416f2a968467b822b8d74363ede18cb73902d4e6f5527b896b945cf60d254,2024-11-25T10:20:00Z,2672.94,2658.26,2024-12-01T00:00:00Z,2024-11-25T10:00:00Z,0.0,LONG,0.6384877384196289,-50.0,M15_LATEST_CONFIRMED_OPPOSING_SWING_ELSE_CONTROL,2024-11-25T10:21:00Z,M5_BROKEN_CONTROL_FIRST_RETEST,2670.3,True,1bf8854b74d649a8884f6893f620f3fae3df4cfcaf50937164787ea4bc5bdfea,1.439180157433507,2.7461755532451066,2024_11,-1.0,-1.0,STOP,2024-11-25T16:15:00Z,STOP,a0772443dd462903a399a8f30b038a79348cef09055f3db5444318c1a66f0e7b,2024-11-25T16:10:00Z,FIRST_RETEST_FILLED,2024-11-25T10:35:00Z,2024-11-25T10:21:00Z,2670.3,True,True,INITIAL_CONFIRMATION_STOP,cc8520d3addcc134bc4e64cb1eb8a9c85c29130b649a74ac99cc9c2a969a465e,8698682a7f41c6d6f05f69c61bca8ac7e067077a3d6a5123b5b3839e266c1f8e,2663.567,5.059999999999978,0.25299999999999895,,M15_LATEST_CONFIRMED_OPPOSING_SWING_ELSE_CONTROL,True,21732da5d528e7a7958fa09708d68c84cb3f1f173e59c1b4bc1419e69566761c,2024-11-25T10:15:00Z,2663.82,2721.38,808bcde42a2e465a4bad829f16f62f71ff6a32e1b826af2adf2206f1a92c5b5f
eb80bc11d1576d259005614d558e70e809f84195728a27d333fa7d7007271f60,2670.3,2024-11-25T10:20:00Z,37c416f2a968467b822b8d74363ede18cb73902d4e6f5527b896b945cf60d254,2024-11-25T10:20:00Z,2672.94,2658.26,2024-12-01T00:00:00Z,2024-11-25T10:00:00Z,0.0,LONG,1.0,-50.0,CONTROL_V2_FILLED_STOP,2024-11-25T10:21:00Z,M5_BROKEN_CONTROL_FIRST_RETEST,2670.3,True,d993c23995cf8d22f0f748f3c62cdfcf6fca689da924c41f974a1570f9216f8b,1.3654485049833973,1.5357142857142723,2024_11,-1.0,-1.0,STOP,2024-11-25T16:15:00Z,STOP,a5ace59762b403cc2c30b49fe16fbeec540f0ea7b78f8b1b1893d00b53a9a134,2024-11-25T16:15:00Z,FIRST_RETEST_FILLED,2024-11-25T10:35:00Z,2024-11-25T10:21:00Z,2670.3,True,True,INITIAL_CONFIRMATION_STOP,4732db05f1270efc80c392faaefcb06dceabb20d6af76445eba8264ba15cc9e9,8698682a7f41c6d6f05f69c61bca8ac7e067077a3d6a5123b5b3839e266c1f8e,2658.26,12.436428571428612,0.6218214285714306,NOT_STRICTLY_CLOSER_THAN_CONTROL,H1_SOURCE_SWING_BUFFERED_ELSE_CONTROL,False,8698682a7f41c6d6f05f69c61bca8ac7e067077a3d6a5123b5b3839e266c1f8e,2024-11-25T10:00:00Z,2658.26,2721.38,808bcde42a2e465a4bad829f16f62f71ff6a32e1b826af2adf2206f1a92c5b5f
eb80bc11d1576d259005614d558e70e809f84195728a27d333fa7d7007271f60,2670.3,2024-11-25T10:20:00Z,37c416f2a968467b822b8d74363ede18cb73902d4e6f5527b896b945cf60d254,2024-11-25T10:20:00Z,2672.94,2658.26,2024-12-01T00:00:00Z,2024-11-25T10:00:00Z,0.0,LONG,1.0,-50.0,CONTROL_V2_FILLED_STOP,2024-11-25T10:20:00Z,CONFIRMED_25_75_RETEST_SPLIT,2672.94,True,d798c0c672051d43f008ee4ac2976357954e4e899e9056b5f13021ebbab26e5e,1.3490182588465423,1.4217107824055968,2024_11,-1.0,-1.0,STOP,2024-11-25T16:15:00Z,SPLIT_STOP_STOP,826a6c5e126c540ae8b53a571d26c299308b3b0e10ac4de9edd781434ac8cfb9,2024-11-25T16:15:00Z,FIRST_RETEST_FILLED,2024-11-25T10:35:00Z,2024-11-25T10:21:00Z,2670.3,True,True,INITIAL_CONFIRMATION_STOP,fb1a87b9c9e90c057962b2df464e29c77daed64ee0133f57dc9332c3080b0755,8698682a7f41c6d6f05f69c61bca8ac7e067077a3d6a5123b5b3839e266c1f8e,2658.26,,,,CONTROL_V2_FILLED_STOP,False,,2024-11-25T10:20:00Z,2658.26,2721.38,808bcde42a2e465a4bad829f16f62f71ff6a32e1b826af2adf2206f1a92c5b5f
eb80bc11d1576d259005614d558e70e809f84195728a27d333fa7d7007271f60,2670.3,2024-11-25T10:20:00Z,37c416f2a968467b822b8d74363ede18cb73902d4e6f5527b896b945cf60d254,2024-11-25T10:20:00Z,2672.94,2658.26,2024-12-01T00:00:00Z,2024-11-25T10:00:00Z,0.0,LONG,0.45650301673803895,-50.0,M5_LATEST_CONFIRMED_OPPOSING_SWING_ELSE_CONTROL,2024-11-25T10:20:00Z,CONFIRMED_25_75_RETEST_SPLIT,2672.94,True,37ac347601eaadcc91738c64fe71f94ec906fc189c5380f518fa8ce730b447ed,2.249353369796584,4.005697632457953,2024_11,-1.0,-1.0,STOP,2024-11-25T16:15:00Z,SPLIT_STOP_STOP,c22ee1019abaaa90e80edb429bf739c755691c75ffa711ad5bbd649a26637a17,2024-11-25T16:10:00Z,FIRST_RETEST_FILLED,2024-11-25T10:35:00Z,2024-11-25T10:21:00Z,2670.3,True,True,INITIAL_CONFIRMATION_STOP,70463611f9dda3b1fe60d9f61e0298fa860c21e0ff66b376724bbd799c510810,8698682a7f41c6d6f05f69c61bca8ac7e067077a3d6a5123b5b3839e266c1f8e,2666.2385357142857,3.2292857142857168,0.16146428571428584,,M5_LATEST_CONFIRMED_OPPOSING_SWING_ELSE_CONTROL,True,e9b150aace918afa070066cc23d718fc393697cc007913682d22788e24b10c97,2024-11-25T10:10:00Z,2666.4,2721.38,808bcde42a2e465a4bad829f16f62f71ff6a32e1b826af2adf2206f1a92c5b5f
eb80bc11d1576d259005614d558e70e809f84195728a27d333fa7d7007271f60,2670.3,2024-11-25T10:20:00Z,37c416f2a968467b822b8d74363ede18cb73902d4e6f5527b896b945cf60d254,2024-11-25T10:20:00Z,2672.94,2658.26,2024-12-01T00:00:00Z,2024-11-25T10:00:00Z,0.0,LONG,0.6384877384196289,-50.0,M15_LATEST_CONFIRMED_OPPOSING_SWING_ELSE_CONTROL,2024-11-25T10:20:00Z,CONFIRMED_25_75_RETEST_SPLIT,2672.94,True,1bf8854b74d649a8884f6893f620f3fae3df4cfcaf50937164787ea4bc5bdfea,1.408255277042373,2.4823885197295152,2024_11,-1.0,-1.0,STOP,2024-11-25T16:15:00Z,SPLIT_STOP_STOP,fb179b37d331d91fdec7c8949953251e3ce885041c6264a2a6106df2d4d0e339,2024-11-25T16:10:00Z,FIRST_RETEST_FILLED,2024-11-25T10:35:00Z,2024-11-25T10:21:00Z,2670.3,True,True,INITIAL_CONFIRMATION_STOP,f313265f35481ee454befbf5a0465225de7192308a5d643cdbf421d0bfc4d5d7,8698682a7f41c6d6f05f69c61bca8ac7e067077a3d6a5123b5b3839e266c1f8e,2663.567,5.059999999999978,0.25299999999999895,,M15_LATEST_CONFIRMED_OPPOSING_SWING_ELSE_CONTROL,True,21732da5d528e7a7958fa09708d68c84cb3f1f173e59c1b4bc1419e69566761c,2024-11-25T10:15:00Z,2663.82,2721.38,808bcde42a2e465a4bad829f16f62f71ff6a32e1b826af2adf2206f1a92c5b5f
eb80bc11d1576d259005614d558e70e809f84195728a27d333fa7d7007271f60,2670.3,2024-11-25T10:20:00Z,37c416f2a968467b822b8d74363ede18cb73902d4e6f5527b896b945cf60d254,2024-11-25T10:20:00Z,2672.94,2658.26,2024-12-01T00:00:00Z,2024-11-25T10:00:00Z,0.0,LONG,1.0,-50.0,CONTROL_V2_FILLED_STOP,2024-11-25T10:20:00Z,CONFIRMED_25_75_RETEST_SPLIT,2672.94,True,d993c23995cf8d22f0f748f3c62cdfcf6fca689da924c41f974a1570f9216f8b,1.3490182588465423,1.4217107824055968,2024_11,-1.0,-1.0,STOP,2024-11-25T16:15:00Z,SPLIT_STOP_STOP,e925fc16a7263cdc5056fb10d10506adfa187482fa1e31ede07c7fca7538a8c7,2024-11-25T16:15:00Z,FIRST_RETEST_FILLED,2024-11-25T10:35:00Z,2024-11-25T10:21:00Z,2670.3,True,True,INITIAL_CONFIRMATION_STOP,bec4dbf80d1a59edd558d61e85b12aad004611ec37fef72c2c90a92bf34c0faf,8698682a7f41c6d6f05f69c61bca8ac7e067077a3d6a5123b5b3839e266c1f8e,2658.26,12.436428571428612,0.6218214285714306,NOT_STRICTLY_CLOSER_THAN_CONTROL,H1_SOURCE_SWING_BUFFERED_ELSE_CONTROL,False,8698682a7f41c6d6f05f69c61bca8ac7e067077a3d6a5123b5b3839e266c1f8e,2024-11-25T10:00:00Z,2658.26,2721.38,808bcde42a2e465a4bad829f16f62f71ff6a32e1b826af2adf2206f1a92c5b5f
314481467b70d9348cb7e7ea64629a5e29d9ee01573f983a1c6c9822f69adab0,2678.07,2024-11-25T16:05:00Z,41eb631dc4a6dc885ef5d2ce133b0df529c4f37453261231a3d97b0673a7a567,2024-11-25T16:05:00Z,2673.59,2688.79,2024-12-01T00:00:00Z,2024-11-25T16:00:00Z,0.0,SHORT,1.0,50.42763157894773,CONTROL_V2_FILLED_STOP,2024-11-25T16:05:00Z,CONTROL_NEXT_M1_OPEN,2673.59,True,58e6c75d067452a2b765574536da0d27f6592073e51d8600909ec03035ada98c,0.06249999999998878,1.2980263157894905,2024_11,1.0085526315789546,1.0085526315789546,TARGET,2024-11-25T16:15:00Z,TARGET,57ca95c1252784928a4a7319f06f0f53113de01842ecf947e27541b81e530762,2024-11-25T16:15:00Z,TARGET_BEFORE_RETEST,2024-11-25T16:20:00Z,,2678.07,False,False,INITIAL_CONFIRMATION_TARGET,28e1ab9c2a62d4b618252fd9c359dc25438a115a25c8cef2b9cc6ca341800b76,c426d7bdb9b7ff8ab065e21b7940d9ea9d0925cc70e600386d0b77f3a08e818b,2688.79,,,,CONTROL_V2_FILLED_STOP,False,,2024-11-25T16:05:00Z,2688.79,2658.26,f9cc40de09ed26d000a520bc5cfcd29c9c1e457a1ccbde2efbfd75449edf0f1b
314481467b70d9348cb7e7ea64629a5e29d9ee01573f983a1c6c9822f69adab0,2678.07,2024-11-25T16:05:00Z,41eb631dc4a6dc885ef5d2ce133b0df529c4f37453261231a3d97b0673a7a567,2024-11-25T16:05:00Z,2673.59,2688.79,2024-12-01T00:00:00Z,2024-11-25T16:00:00Z,0.04274863662485373,SHORT,0.9593374060150317,52.56506341019042,M5_LATEST_CONFIRMED_OPPOSING_SWING_ELSE_CONTROL,2024-11-25T16:05:00Z,CONTROL_NEXT_M1_OPEN,2673.59,True,f0f6f5208ce93e534638ea593e0cbec70568e6b768fa366ad1813c837898522f,0.0651491327327744,1.3530446198083013,2024_11,1.0513012682038083,1.0085526315789546,TARGET,2024-11-25T16:15:00Z,TARGET,ce827b46c9213134743bec15eb15f187a3774d2a5266c75e6d1c623cfa747e3e,2024-11-25T16:15:00Z,TARGET_BEFORE_RETEST,2024-11-25T16:20:00Z,,2678.07,False,False,INITIAL_CONFIRMATION_TARGET,90a2388ef32431bdc608e33c069e9ef4217c06bb0fa2eb0a7515abc3873e1706,c426d7bdb9b7ff8ab065e21b7940d9ea9d0925cc70e600386d0b77f3a08e818b,2688.1719285714285,3.6385714285714648,0.18192857142857324,,M5_LATEST_CONFIRMED_OPPOSING_SWING_ELSE_CONTROL,True,d13a6a57971ab670a1a7986f6471bf14f5ecfe21da95e712b1177405e5d2d935,2024-11-25T15:45:00Z,2687.99,2658.26,f9cc40de09ed26d000a520bc5cfcd29c9c1e457a1ccbde2efbfd75449edf0f1b
314481467b70d9348cb7e7ea64629a5e29d9ee01573f983a1c6c9822f69adab0,2678.07,2024-11-25T16:05:00Z,41eb631dc4a6dc885ef5d2ce133b0df529c4f37453261231a3d97b0673a7a567,2024-11-25T16:05:00Z,2673.59,2688.79,2024-12-01T00:00:00Z,2024-11-25T16:00:00Z,0.0,SHORT,1.0,50.42763157894773,CONTROL_V2_FILLED_STOP,2024-11-25T16:05:00Z,CONTROL_NEXT_M1_OPEN,2673.59,True,3166b08260852e9312e340d6ed182ac0cbc99d18234adc9a25ef2a7f2903faf7,0.06249999999998878,1.2980263157894905,2024_11,1.0085526315789546,1.0085526315789546,TARGET,2024-11-25T16:15:00Z,TARGET,da63e7fd9c562c8037e75e2000f8c81bb39ed660803eacf2a93f674666edc344,2024-11-25T16:15:00Z,TARGET_BEFORE_RETEST,2024-11-25T16:20:00Z,,2678.07,False,False,INITIAL_CONFIRMATION_TARGET,f150c4a50078fac68d2045576e4230a38e9d780c9886a0a76f6d09c18a702338,c426d7bdb9b7ff8ab065e21b7940d9ea9d0925cc70e600386d0b77f3a08e818b,2688.79,4.979285714285652,0.2489642857142826,NOT_STRICTLY_CLOSER_THAN_CONTROL,M15_LATEST_CONFIRMED_OPPOSING_SWING_ELSE_CONTROL,False,1e9ce665c340573adb25a370b7afc97f577a231058840e438570097da28db3ae,2024-11-25T14:30:00Z,2688.79,2658.26,f9cc40de09ed26d000a520bc5cfcd29c9c1e457a1ccbde2efbfd75449edf0f1b
314481467b70d9348cb7e7ea64629a5e29d9ee01573f983a1c6c9822f69adab0,2678.07,2024-11-25T16:05:00Z,41eb631dc4a6dc885ef5d2ce133b0df529c4f37453261231a3d97b0673a7a567,2024-11-25T16:05:00Z,2673.59,2688.79,2024-12-01T00:00:00Z,2024-11-25T16:00:00Z,0.0,SHORT,1.0,50.42763157894773,CONTROL_V2_FILLED_STOP,2024-11-25T16:05:00Z,CONTROL_NEXT_M1_OPEN,2673.59,True,012517ebd9fa66446e830d74a664dbfdd37b6f3743905ef6db8a1e9ede072925,0.06249999999998878,1.2980263157894905,2024_11,1.0085526315789546,1.0085526315789546,TARGET,2024-11-25T16:15:00Z,TARGET,4603f92dc51f2fdeafeeb26c1b3497b67850ca196dec38cc0713a59ea4374798,2024-11-25T16:15:00Z,TARGET_BEFORE_RETEST,2024-11-25T16:20:00Z,,2678.07,False,False,INITIAL_CONFIRMATION_TARGET,3eab713ae74d10acc7dd29706bcb956380e96d390053a3bbb4a7f89c882cfa7e,c426d7bdb9b7ff8ab065e21b7940d9ea9d0925cc70e600386d0b77f3a08e818b,2688.79,12.322857142857108,0.6161428571428554,NOT_STRICTLY_CLOSER_THAN_CONTROL,H1_SOURCE_SWING_BUFFERED_ELSE_CONTROL,False,c426d7bdb9b7ff8ab065e21b7940d9ea9d0925cc70e600386d0b77f3a08e818b,2024-11-25T16:00:00Z,2688.79,2658.26,f9cc40de09ed26d000a520bc5cfcd29c9c1e457a1ccbde2efbfd75449edf0f1b
314481467b70d9348cb7e7ea64629a5e29d9ee01573f983a1c6c9822f69adab0,2678.07,2024-11-25T16:05:00Z,41eb631dc4a6dc885ef5d2ce133b0df529c4f37453261231a3d97b0673a7a567,2024-11-25T16:05:00Z,2673.59,2688.79,2024-12-01T00:00:00Z,2024-11-25T16:00:00Z,-1.0085526315789546,SHORT,1.0,0.0,CONTROL_V2_FILLED_STOP,,M5_BROKEN_CONTROL_FIRST_RETEST,,False,58e6c75d067452a2b765574536da0d27f6592073e51d8600909ec03035ada98c,,,2024_11,0.0,1.0085526315789546,TARGET,2024-11-25T16:15:00Z,NO_FILL,8af6cf575b794a7f5cbfa5bc8f1e1b3ae15e9e055ee001141cd5b3e8b06ef4ba,,TARGET_BEFORE_RETEST,2024-11-25T16:20:00Z,,2678.07,False,False,INITIAL_CONFIRMATION_TARGET,11e339c7d9d48faaad0b0fb2bb70d381ad19287cf4becc9eea0c79b4d1fb852e,c426d7bdb9b7ff8ab065e21b7940d9ea9d0925cc70e600386d0b77f3a08e818b,2688.79,,,,CONTROL_V2_FILLED_STOP,False,,2024-11-25T16:05:00Z,2688.79,2658.26,f9cc40de09ed26d000a520bc5cfcd29c9c1e457a1ccbde2efbfd75449edf0f1b
314481467b70d9348cb7e7ea64629a5e29d9ee01573f983a1c6c9822f69adab0,2678.07,2024-11-25T16:05:00Z,41eb631dc4a6dc885ef5d2ce133b0df529c4f37453261231a3d97b0673a7a567,2024-11-25T16:05:00Z,2673.59,2688.79,2024-12-01T00:00:00Z,2024-11-25T16:00:00Z,-1.0085526315789546,SHORT,0.9593374060150317,0.0,M5_LATEST_CONFIRMED_OPPOSING_SWING_ELSE_CONTROL,,M5_BROKEN_CONTROL_FIRST_RETEST,,False,f0f6f5208ce93e534638ea593e0cbec70568e6b768fa366ad1813c837898522f,,,2024_11,0.0,1.0085526315789546,TARGET,2024-11-25T16:15:00Z,NO_FILL,396e264bc76a3b82e1d544bb8e832b763d2fb30ed9313046a42bcb0fe7a12293,,TARGET_BEFORE_RETEST,2024-11-25T16:20:00Z,,2678.07,False,False,INITIAL_CONFIRMATION_TARGET,4a1432120dcbade84da8c7abb9fa8544a6ba9b5e09cc9ab4437d5fb758a5c6f7,c426d7bdb9b7ff8ab065e21b7940d9ea9d0925cc70e600386d0b77f3a08e818b,2688.1719285714285,3.6385714285714648,0.18192857142857324,,M5_LATEST_CONFIRMED_OPPOSING_SWING_ELSE_CONTROL,True,d13a6a57971ab670a1a7986f6471bf14f5ecfe21da95e712b1177405e5d2d935,2024-11-25T15:45:00Z,2687.99,2658.26,f9cc40de09ed26d000a520bc5cfcd29c9c1e457a1ccbde2efbfd75449edf0f1b
314481467b70d9348cb7e7ea64629a5e29d9ee01573f983a1c6c9822f69adab0,2678.07,2024-11-25T16:05:00Z,41eb631dc4a6dc885ef5d2ce133b0df529c4f37453261231a3d97b0673a7a567,2024-11-25T16:05:00Z,2673.59,2688.79,2024-12-01T00:00:00Z,2024-11-25T16:00:00Z,-1.0085526315789546,SHORT,1.0,0.0,CONTROL_V2_FILLED_STOP,,M5_BROKEN_CONTROL_FIRST_RETEST,,False,3166b08260852e9312e340d6ed182ac0cbc99d18234adc9a25ef2a7f2903faf7,,,2024_11,0.0,1.0085526315789546,TARGET,2024-11-25T16:15:00Z,NO_FILL,49475489907228f7d4bea06cb83d472ba25a7683a2af1bacf38d9d72a4dab1f8,,TARGET_BEFORE_RETEST,2024-11-25T16:20:00Z,,2678.07,False,False,INITIAL_CONFIRMATION_TARGET,7e05147b6a344a1368e958f3fd319cfff9c615ff7a4592b16adae03332ad8c20,c426d7bdb9b7ff8ab065e21b7940d9ea9d0925cc70e600386d0b77f3a08e818b,2688.79,4.979285714285652,0.2489642857142826,NOT_STRICTLY_CLOSER_THAN_CONTROL,M15_LATEST_CONFIRMED_OPPOSING_SWING_ELSE_CONTROL,False,1e9ce665c340573adb25a370b7afc97f577a231058840e438570097da28db3ae,2024-11-25T14:30:00Z,2688.79,2658.26,f9cc40de09ed26d000a520bc5cfcd29c9c1e457a1ccbde2efbfd75449edf0f1b
314481467b70d9348cb7e7ea64629a5e29d9ee01573f983a1c6c9822f69adab0,2678.07,2024-11-25T16:05:00Z,41eb631dc4a6dc885ef5d2ce133b0df529c4f37453261231a3d97b0673a7a567,2024-11-25T16:05:00Z,2673.59,2688.79,2024-12-01T00:00:00Z,2024-11-25T16:00:00Z,-1.0085526315789546,SHORT,1.0,0.0,CONTROL_V2_FILLED_STOP,,M5_BROKEN_CONTROL_FIRST_RETEST,,False,012517ebd9fa66446e830d74a664dbfdd37b6f3743905ef6db8a1e9ede072925,,,2024_11,0.0,1.0085526315789546,TARGET,2024-11-25T16:15:00Z,NO_FILL,472ab368388dbfb91c2dddbac800c06ca2fc9e85993ddbf8ce3e7bd3fbfc00fa,,TARGET_BEFORE_RETEST,2024-11-25T16:20:00Z,,2678.07,False,False,INITIAL_CONFIRMATION_TARGET,b9a54fef6989c48700b2db15ff156a074e2feb0af27e8cb92874e9eb3dfe0472,c426d7bdb9b7ff8ab065e21b7940d9ea9d0925cc70e600386d0b77f3a08e818b,2688.79,12.322857142857108,0.6161428571428554,NOT_STRICTLY_CLOSER_THAN_CONTROL,H1_SOURCE_SWING_BUFFERED_ELSE_CONTROL,False,c426d7bdb9b7ff8ab065e21b7940d9ea9d0925cc70e600386d0b77f3a08e818b,2024-11-25T16:00:00Z,2688.79,2658.26,f9cc40de09ed26d000a520bc5cfcd29c9c1e457a1ccbde2efbfd75449edf0f1b
314481467b70d9348cb7e7ea64629a5e29d9ee01573f983a1c6c9822f69adab0,2678.07,2024-11-25T16:05:00Z,41eb631dc4a6dc885ef5d2ce133b0df529c4f37453261231a3d97b0673a7a567,2024-11-25T16:05:00Z,2673.59,2688.79,2024-12-01T00:00:00Z,2024-11-25T16:00:00Z,-0.756414473684216,SHORT,1.0,12.606907894736933,CONTROL_V2_FILLED_STOP,2024-11-25T16:05:00Z,CONFIRMED_25_75_RETEST_SPLIT,2673.59,True,58e6c75d067452a2b765574536da0d27f6592073e51d8600909ec03035ada98c,0.015624999999997195,0.3245065789473726,2024_11,0.25213815789473865,1.0085526315789546,TARGET,2024-11-25T16:15:00Z,SPLIT_CONTROL_TARGET_NO_RETEST,101b1684e9ede54585bb964251b7ca2225d1140b39832e42a3dedc109476b240,2024-11-25T16:15:00Z,TARGET_BEFORE_RETEST,2024-11-25T16:20:00Z,,2678.07,False,False,INITIAL_CONFIRMATION_TARGET,9a0bd91caa1e34cc89e60cdaf10b18b81c84e56359c40c206dc48d1b5ff6e5dd,c426d7bdb9b7ff8ab065e21b7940d9ea9d0925cc70e600386d0b77f3a08e818b,2688.79,,,,CONTROL_V2_FILLED_STOP,False,,2024-11-25T16:05:00Z,2688.79,2658.26,f9cc40de09ed26d000a520bc5cfcd29c9c1e457a1ccbde2efbfd75449edf0f1b
314481467b70d9348cb7e7ea64629a5e29d9ee01573f983a1c6c9822f69adab0,2678.07,2024-11-25T16:05:00Z,41eb631dc4a6dc885ef5d2ce133b0df529c4f37453261231a3d97b0673a7a567,2024-11-25T16:05:00Z,2673.59,2688.79,2024-12-01T00:00:00Z,2024-11-25T16:00:00Z,-0.7457273145280026,SHORT,0.9593374060150317,13.141265852547605,M5_LATEST_CONFIRMED_OPPOSING_SWING_ELSE_CONTROL,2024-11-25T16:05:00Z,CONFIRMED_25_75_RETEST_SPLIT,2673.59,True,f0f6f5208ce93e534638ea593e0cbec70568e6b768fa366ad1813c837898522f,0.0162872831831936,0.3382611549520753,2024_11,0.2628253170509521,1.0085526315789546,TARGET,2024-11-25T16:15:00Z,SPLIT_CONTROL_TARGET_NO_RETEST,d492436b607c7b2638458e1cf8ef1cbdbbd67d0bbd02e7fdbd02541d892097ae,2024-11-25T16:15:00Z,TARGET_BEFORE_RETEST,2024-11-25T16:20:00Z,,2678.07,False,False,INITIAL_CONFIRMATION_TARGET,f72d7e99891d5375a8f5bc8a7ee2a5fbca8e562019f42fd27e096abb7b0bab2f,c426d7bdb9b7ff8ab065e21b7940d9ea9d0925cc70e600386d0b77f3a08e818b,2688.1719285714285,3.6385714285714648,0.18192857142857324,,M5_LATEST_CONFIRMED_OPPOSING_SWING_ELSE_CONTROL,True,d13a6a57971ab670a1a7986f6471bf14f5ecfe21da95e712b1177405e5d2d935,2024-11-25T15:45:00Z,2687.99,2658.26,f9cc40de09ed26d000a520bc5cfcd29c9c1e457a1ccbde2efbfd75449edf0f1b
314481467b70d9348cb7e7ea64629a5e29d9ee01573f983a1c6c9822f69adab0,2678.07,2024-11-25T16:05:00Z,41eb631dc4a6dc885ef5d2ce133b0df529c4f37453261231a3d97b0673a7a567,2024-11-25T16:05:00Z,2673.59,2688.79,2024-12-01T00:00:00Z,2024-11-25T16:00:00Z,-0.756414473684216,SHORT,1.0,12.606907894736933,CONTROL_V2_FILLED_STOP,2024-11-25T16:05:00Z,CONFIRMED_25_75_RETEST_SPLIT,2673.59,True,3166b08260852e9312e340d6ed182ac0cbc99d18234adc9a25ef2a7f2903faf7,0.015624999999997195,0.3245065789473726,2024_11,0.25213815789473865,1.0085526315789546,TARGET,2024-11-25T16:15:00Z,SPLIT_CONTROL_TARGET_NO_RETEST,a72795c48314ceab4faf8d4ad9cc2aef32ab19ea065fcb4f1b06dee67807613e,2024-11-25T16:15:00Z,TARGET_BEFORE_RETEST,2024-11-25T16:20:00Z,,2678.07,False,False,INITIAL_CONFIRMATION_TARGET,1f67fb155e67ee3cfc9431bee4f3cbf6f88038eb31624bda9dbd18bc609fb344,c426d7bdb9b7ff8ab065e21b7940d9ea9d0925cc70e600386d0b77f3a08e818b,2688.79,4.979285714285652,0.2489642857142826,NOT_STRICTLY_CLOSER_THAN_CONTROL,M15_LATEST_CONFIRMED_OPPOSING_SWING_ELSE_CONTROL,False,1e9ce665c340573adb25a370b7afc97f577a231058840e438570097da28db3ae,2024-11-25T14:30:00Z,2688.79,2658.26,f9cc40de09ed26d000a520bc5cfcd29c9c1e457a1ccbde2efbfd75449edf0f1b
314481467b70d9348cb7e7ea64629a5e29d9ee01573f983a1c6c9822f69adab0,2678.07,2024-11-25T16:05:00Z,41eb631dc4a6dc885ef5d2ce133b0df529c4f37453261231a3d97b0673a7a567,2024-11-25T16:05:00Z,2673.59,2688.79,2024-12-01T00:00:00Z,2024-11-25T16:00:00Z,-0.756414473684216,SHORT,1.0,12.606907894736933,CONTROL_V2_FILLED_STOP,2024-11-25T16:05:00Z,CONFIRMED_25_75_RETEST_SPLIT,2673.59,True,012517ebd9fa66446e830d74a664dbfdd37b6f3743905ef6db8a1e9ede072925,0.015624999999997195,0.3245065789473726,2024_11,0.25213815789473865,1.0085526315789546,TARGET,2024-11-25T16:15:00Z,SPLIT_CONTROL_TARGET_NO_RETEST,5b85969f3cc52ddbd4a02c06231413d2c47ec573b5f76d20ffd968bdd1600dbc,2024-11-25T16:15:00Z,TARGET_BEFORE_RETEST,2024-11-25T16:20:00Z,,2678.07,False,False,INITIAL_CONFIRMATION_TARGET,2a681b6210e0254773611241bc1c65281878846139e4921c471a48258034642a,c426d7bdb9b7ff8ab065e21b7940d9ea9d0925cc70e600386d0b77f3a08e818b,2688.79,12.322857142857108,0.6161428571428554,NOT_STRICTLY_CLOSER_THAN_CONTROL,H1_SOURCE_SWING_BUFFERED_ELSE_CONTROL,False,c426d7bdb9b7ff8ab065e21b7940d9ea9d0925cc70e600386d0b77f3a08e818b,2024-11-25T16:00:00Z,2688.79,2658.26,f9cc40de09ed26d000a520bc5cfcd29c9c1e457a1ccbde2efbfd75449edf0f1b
aaebac8de465d0341c02b18a89ecf8e0dba42488d61802e279e0e25996f0002e,2627.88,2024-11-26T01:15:00Z,45479dcfa0fb498ed82ec26136d69f3b7c7d4aba35505666f8df388e43ed07d4,2024-11-26T01:15:00Z,2628.01,2615.65,2024-12-01T00:00:00Z,2024-11-25T23:00:00Z,0.0,LONG,1.0,-50.0,CONTROL_V2_FILLED_STOP,2024-11-26T01:15:00Z,CONTROL_NEXT_M1_OPEN,2628.01,True,7be3c20c4967342dfc62ac4db16212c8b8efb66992a47f51e732d8cc1332a604,1.3826860841423922,0.04611650485434491,2024_11,-1.0,-1.0,STOP,2024-11-26T01:42:00Z,STOP,2e72bb5cb948a6d0a40bb3d1be02eb906760281ed5807d758b7d58cd0593d706,2024-11-26T01:42:00Z,FIRST_RETEST_FILLED,2024-11-26T01:30:00Z,2024-11-26T01:15:00Z,2627.88,True,False,INITIAL_CONFIRMATION_STOP,db3c7f2f396a0428de7c8136d119f9d71c5bb7837b72a1326be1292b2d22f71b,54f882c3c18324965431bcb0f100b8191dfa2f3c5e0d453a31201922d1e42d69,2615.65,,,,CONTROL_V2_FILLED_STOP,False,,2024-11-26T01:15:00Z,2615.65,2688.79,695cdff6574221642366ee40908bd1021b70f3c0b6208288ad1abe59f69493f7
aaebac8de465d0341c02b18a89ecf8e0dba42488d61802e279e0e25996f0002e,2627.88,2024-11-26T01:15:00Z,45479dcfa0fb498ed82ec26136d69f3b7c7d4aba35505666f8df388e43ed07d4,2024-11-26T01:15:00Z,2628.01,2615.65,2024-12-01T00:00:00Z,2024-11-25T23:00:00Z,0.0,LONG,0.24682732316226821,-50.0,M5_LATEST_CONFIRMED_OPPOSING_SWING_ELSE_CONTROL,2024-11-26T01:15:00Z,CONTROL_NEXT_M1_OPEN,2628.01,True,407c66b13f730c06829d023eb3e285b1aabda49c2c3dd7b44f9b39ac0e193a51,1.5143639811759466,0.18683711456055935,2024_11,-1.0,-1.0,STOP,2024-11-26T01:42:00Z,STOP,92f73eec8bdb05b46081ffbf3336afc517a0791ded003bc574d86ccb74ecc505,2024-11-26T01:34:00Z,FIRST_RETEST_FILLED,2024-11-26T01:30:00Z,2024-11-26T01:15:00Z,2627.88,True,False,INITIAL_CONFIRMATION_STOP,12fa7413ff764f79c5b4898f60e4c6cc12415ad505b5ff4584f9fb3bb740f21e,54f882c3c18324965431bcb0f100b8191dfa2f3c5e0d453a31201922d1e42d69,2624.9592142857146,1.015714285714239,0.05078571428571195,,M5_LATEST_CONFIRMED_OPPOSING_SWING_ELSE_CONTROL,True,2672d5ea6472d17b27ed8415a2ad31d6af4ec7ecd538c31a5c213aeb7e10a6cc,2024-11-26T01:15:00Z,2625.01,2688.79,695cdff6574221642366ee40908bd1021b70f3c0b6208288ad1abe59f69493f7
aaebac8de465d0341c02b18a89ecf8e0dba42488d61802e279e0e25996f0002e,2627.88,2024-11-26T01:15:00Z,45479dcfa0fb498ed82ec26136d69f3b7c7d4aba35505666f8df388e43ed07d4,2024-11-26T01:15:00Z,2628.01,2615.65,2024-12-01T00:00:00Z,2024-11-25T23:00:00Z,0.0,LONG,0.4414095006934949,-50.0,M15_LATEST_CONFIRMED_OPPOSING_SWING_ELSE_CONTROL,2024-11-26T01:15:00Z,CONTROL_NEXT_M1_OPEN,2628.01,True,67606b2002115aff45d27e7d3a042494e45411f561f7c773987ff527906c7c29,1.0942440250584256,0.1044755601813999,2024_11,-1.0,-1.0,STOP,2024-11-26T01:42:00Z,STOP,6e51ace75eab45485fb054dae6e3df0f957bff9b31370daa41db872b0da40061,2024-11-26T01:35:00Z,FIRST_RETEST_FILLED,2024-11-26T01:30:00Z,2024-11-26T01:15:00Z,2627.88,True,False,INITIAL_CONFIRMATION_STOP,8f3d4ca50fabfc7f0360acab22bc7a84a2b9382360cd29a266f0548885359bbc,54f882c3c18324965431bcb0f100b8191dfa2f3c5e0d453a31201922d1e42d69,2622.5541785714286,2.9164285714286313,0.14582142857143157,,M15_LATEST_CONFIRMED_OPPOSING_SWING_ELSE_CONTROL,True,7b6d98f88826424f43ca57f58acd9e844cb186b42c3e26d91424b1bd45b96ec1,2024-11-25T22:45:00Z,2622.7,2688.79,695cdff6574221642366ee40908bd1021b70f3c0b6208288ad1abe59f69493f7
aaebac8de465d0341c02b18a89ecf8e0dba42488d61802e279e0e25996f0002e,2627.88,2024-11-26T01:15:00Z,45479dcfa0fb498ed82ec26136d69f3b7c7d4aba35505666f8df388e43ed07d4,2024-11-26T01:15:00Z,2628.01,2615.65,2024-12-01T00:00:00Z,2024-11-25T23:00:00Z,0.0,LONG,1.0,-50.0,CONTROL_V2_FILLED_STOP,2024-11-26T01:15:00Z,CONTROL_NEXT_M1_OPEN,2628.01,True,77ac990ffa4be946fa2eb4f65c0b099601c51686d97907b22f7b35cdeb575a25,1.3826860841423922,0.04611650485434491,2024_11,-1.0,-1.0,STOP,2024-11-26T01:42:00Z,STOP,17ae1853eba127e27ed41a9a5cbbda85db9fd514ca9b502cc488bed6107c6e57,2024-11-26T01:42:00Z,FIRST_RETEST_FILLED,2024-11-26T01:30:00Z,2024-11-26T01:15:00Z,2627.88,True,False,INITIAL_CONFIRMATION_STOP,205ab70080d77c8999f0ae92feda21d70711d1f352421de7687a802fba31eead,54f882c3c18324965431bcb0f100b8191dfa2f3c5e0d453a31201922d1e42d69,2615.65,11.927142857142858,0.5963571428571429,NOT_STRICTLY_CLOSER_THAN_CONTROL,H1_SOURCE_SWING_BUFFERED_ELSE_CONTROL,False,54f882c3c18324965431bcb0f100b8191dfa2f3c5e0d453a31201922d1e42d69,2024-11-25T23:00:00Z,2615.65,2688.79,695cdff6574221642366ee40908bd1021b70f3c0b6208288ad1abe59f69493f7
aaebac8de465d0341c02b18a89ecf8e0dba42488d61802e279e0e25996f0002e,2627.88,2024-11-26T01:15:00Z,45479dcfa0fb498ed82ec26136d69f3b7c7d4aba35505666f8df388e43ed07d4,2024-11-26T01:15:00Z,2628.01,2615.65,2024-12-01T00:00:00Z,2024-11-25T23:00:00Z,0.0,LONG,1.0,-50.0,CONTROL_V2_FILLED_STOP,2024-11-26T01:15:00Z,M5_BROKEN_CONTROL_FIRST_RETEST,2627.88,True,7be3c20c4967342dfc62ac4db16212c8b8efb66992a47f51e732d8cc1332a604,1.3867538838920697,0.05723630417005863,2024_11,-1.0,-1.0,STOP,2024-11-26T01:42:00Z,STOP,9d45efe3354821d86ad342baf51c5e0326062b5c74337d2a55b6a5b52fd7bd4d,2024-11-26T01:42:00Z,FIRST_RETEST_FILLED,2024-11-26T01:30:00Z,2024-11-26T01:15:00Z,2627.88,True,True,INITIAL_CONFIRMATION_STOP,8c7eacfb0f7d0a7a2271a1da9310601d4d6c096eb543f2ca4b6645526dc13a8a,54f882c3c18324965431bcb0f100b8191dfa2f3c5e0d453a31201922d1e42d69,2615.65,,,,CONTROL_V2_FILLED_STOP,False,,2024-11-26T01:15:00Z,2615.65,2688.79,695cdff6574221642366ee40908bd1021b70f3c0b6208288ad1abe59f69493f7
aaebac8de465d0341c02b18a89ecf8e0dba42488d61802e279e0e25996f0002e,2627.88,2024-11-26T01:15:00Z,45479dcfa0fb498ed82ec26136d69f3b7c7d4aba35505666f8df388e43ed07d4,2024-11-26T01:15:00Z,2628.01,2615.65,2024-12-01T00:00:00Z,2024-11-25T23:00:00Z,0.0,LONG,0.24682732316226821,-50.0,M5_LATEST_CONFIRMED_OPPOSING_SWING_ELSE_CONTROL,2024-11-26T01:15:00Z,M5_BROKEN_CONTROL_FIRST_RETEST,2627.88,True,407c66b13f730c06829d023eb3e285b1aabda49c2c3dd7b44f9b39ac0e193a51,1.5372575872443004,0.23966153921395858,2024_11,-1.0,-1.0,STOP,2024-11-26T01:42:00Z,STOP,9300bb7b8c6a3aee966c99fa7705776dd991a804609f33009ebbf3cfd1b731c1,2024-11-26T01:34:00Z,FIRST_RETEST_FILLED,2024-11-26T01:30:00Z,2024-11-26T01:15:00Z,2627.88,True,True,INITIAL_CONFIRMATION_STOP,3552e95a8bd7cb5da9b4ee5144601175dfcdb76b4dccf1da09ebe0960c6ec77c,54f882c3c18324965431bcb0f100b8191dfa2f3c5e0d453a31201922d1e42d69,2624.9592142857146,1.015714285714239,0.05078571428571195,,M5_LATEST_CONFIRMED_OPPOSING_SWING_ELSE_CONTROL,True,2672d5ea6472d17b27ed8415a2ad31d6af4ec7ecd538c31a5c213aeb7e10a6cc,2024-11-26T01:15:00Z,2625.01,2688.79,695cdff6574221642366ee40908bd1021b70f3c0b6208288ad1abe59f69493f7
aaebac8de465d0341c02b18a89ecf8e0dba42488d61802e279e0e25996f0002e,2627.88,2024-11-26T01:15:00Z,45479dcfa0fb498ed82ec26136d69f3b7c7d4aba35505666f8df388e43ed07d4,2024-11-26T01:15:00Z,2628.01,2615.65,2024-12-01T00:00:00Z,2024-11-25T23:00:00Z,0.0,LONG,0.4414095006934949,-50.0,M15_LATEST_CONFIRMED_OPPOSING_SWING_ELSE_CONTROL,2024-11-26T01:15:00Z,M5_BROKEN_CONTROL_FIRST_RETEST,2627.88,True,67606b2002115aff45d27e7d3a042494e45411f561f7c773987ff527906c7c29,1.096544463295404,0.1314351240250966,2024_11,-1.0,-1.0,STOP,2024-11-26T01:42:00Z,STOP,25a1dee7f203413b6b968abb04265afd636392571ca01cb67202330c1cf8fdbc,2024-11-26T01:35:00Z,FIRST_RETEST_FILLED,2024-11-26T01:30:00Z,2024-11-26T01:15:00Z,2627.88,True,True,INITIAL_CONFIRMATION_STOP,e5d6a79612457aac6027af36851451e2d40ae80af4cba894017ada72905a34b7,54f882c3c18324965431bcb0f100b8191dfa2f3c5e0d453a31201922d1e42d69,2622.5541785714286,2.9164285714286313,0.14582142857143157,,M15_LATEST_CONFIRMED_OPPOSING_SWING_ELSE_CONTROL,True,7b6d98f88826424f43ca57f58acd9e844cb186b42c3e26d91424b1bd45b96ec1,2024-11-25T22:45:00Z,2622.7,2688.79,695cdff6574221642366ee40908bd1021b70f3c0b6208288ad1abe59f69493f7
aaebac8de465d0341c02b18a89ecf8e0dba42488d61802e279e0e25996f0002e,2627.88,2024-11-26T01:15:00Z,45479dcfa0fb498ed82ec26136d69f3b7c7d4aba35505666f8df388e43ed07d4,2024-11-26T01:15:00Z,2628.01,2615.65,2024-12-01T00:00:00Z,2024-11-25T23:00:00Z,0.0,LONG,1.0,-50.0,CONTROL_V2_FILLED_STOP,2024-11-26T01:15:00Z,M5_BROKEN_CONTROL_FIRST_RETEST,2627.88,True,77ac990ffa4be946fa2eb4f65c0b099601c51686d97907b22f7b35cdeb575a25,1.3867538838920697,0.05723630417005863,2024_11,-1.0,-1.0,STOP,2024-11-26T01:42:00Z,STOP,9c6a0b37845f13224bb35addb1f48d7965f9de20541498286b2d03ad911a3f03,2024-11-26T01:42:00Z,FIRST_RETEST_FILLED,2024-11-26T01:30:00Z,2024-11-26T01:15:00Z,2627.88,True,True,INITIAL_CONFIRMATION_STOP,339de566851ce66068068b81d010f76fb4b4df75c2a83af4267b1d1a146bd4c5,54f882c3c18324965431bcb0f100b8191dfa2f3c5e0d453a31201922d1e42d69,2615.65,11.927142857142858,0.5963571428571429,NOT_STRICTLY_CLOSER_THAN_CONTROL,H1_SOURCE_SWING_BUFFERED_ELSE_CONTROL,False,54f882c3c18324965431bcb0f100b8191dfa2f3c5e0d453a31201922d1e42d69,2024-11-25T23:00:00Z,2615.65,2688.79,695cdff6574221642366ee40908bd1021b70f3c0b6208288ad1abe59f69493f7
aaebac8de465d0341c02b18a89ecf8e0dba42488d61802e279e0e25996f0002e,2627.88,2024-11-26T01:15:00Z,45479dcfa0fb498ed82ec26136d69f3b7c7d4aba35505666f8df388e43ed07d4,2024-11-26T01:15:00Z,2628.01,2615.65,2024-12-01T00:00:00Z,2024-11-25T23:00:00Z,0.0,LONG,1.0,-50.0,CONTROL_V2_FILLED_STOP,2024-11-26T01:15:00Z,CONFIRMED_25_75_RETEST_SPLIT,2628.01,True,7be3c20c4967342dfc62ac4db16212c8b8efb66992a47f51e732d8cc1332a604,1.3857369339546504,0.0544563543411302,2024_11,-1.0,-1.0,STOP,2024-11-26T01:42:00Z,SPLIT_STOP_STOP,f80d00cef04b744f5d9cf3bea1a60fd9b9adda7aa968cc26aa86e926190a6af2,2024-11-26T01:42:00Z,FIRST_RETEST_FILLED,2024-11-26T01:30:00Z,2024-11-26T01:15:00Z,2627.88,True,True,INITIAL_CONFIRMATION_STOP,b0464ff0ebd8201beb78638281c11e503d75d4abee4b071cad9f3538b8aa141a,54f882c3c18324965431bcb0f100b8191dfa2f3c5e0d453a31201922d1e42d69,2615.65,,,,CONTROL_V2_FILLED_STOP,False,,2024-11-26T01:15:00Z,2615.65,2688.79,695cdff6574221642366ee40908bd1021b70f3c0b6208288ad1abe59f69493f7
aaebac8de465d0341c02b18a89ecf8e0dba42488d61802e279e0e25996f0002e,2627.88,2024-11-26T01:15:00Z,45479dcfa0fb498ed82ec26136d69f3b7c7d4aba35505666f8df388e43ed07d4,2024-11-26T01:15:00Z,2628.01,2615.65,2024-12-01T00:00:00Z,2024-11-25T23:00:00Z,0.0,LONG,0.24682732316226821,-50.0,M5_LATEST_CONFIRMED_OPPOSING_SWING_ELSE_CONTROL,2024-11-26T01:15:00Z,CONFIRMED_25_75_RETEST_SPLIT,2628.01,True,407c66b13f730c06829d023eb3e285b1aabda49c2c3dd7b44f9b39ac0e193a51,1.531534185727212,0.22645543305060878,2024_11,-1.0,-1.0,STOP,2024-11-26T01:42:00Z,SPLIT_STOP_STOP,08397a6e9232fd6ba45c341b71c59bdad30295ce7c822a384b4605a2ce7260b0,2024-11-26T01:34:00Z,FIRST_RETEST_FILLED,2024-11-26T01:30:00Z,2024-11-26T01:15:00Z,2627.88,True,True,INITIAL_CONFIRMATION_STOP,be9787b2195c57ec5a7ef8b4db439e1eef0c02a0589b31ba360af9c26a88e471,54f882c3c18324965431bcb0f100b8191dfa2f3c5e0d453a31201922d1e42d69,2624.9592142857146,1.015714285714239,0.05078571428571195,,M5_LATEST_CONFIRMED_OPPOSING_SWING_ELSE_CONTROL,True,2672d5ea6472d17b27ed8415a2ad31d6af4ec7ecd538c31a5c213aeb7e10a6cc,2024-11-26T01:15:00Z,2625.01,2688.79,695cdff6574221642366ee40908bd1021b70f3c0b6208288ad1abe59f69493f7
aaebac8de465d0341c02b18a89ecf8e0dba42488d61802e279e0e25996f0002e,2627.88,2024-11-26T01:15:00Z,45479dcfa0fb498ed82ec26136d69f3b7c7d4aba35505666f8df388e43ed07d4,2024-11-26T01:15:00Z,2628.01,2615.65,2024-12-01T00:00:00Z,2024-11-25T23:00:00Z,0.0,LONG,0.4414095006934949,-50.0,M15_LATEST_CONFIRMED_OPPOSING_SWING_ELSE_CONTROL,2024-11-26T01:15:00Z,CONFIRMED_25_75_RETEST_SPLIT,2628.01,True,67606b2002115aff45d27e7d3a042494e45411f561f7c773987ff527906c7c29,1.0959693537361594,0.12469523306417243,2024_11,-1.0,-1.0,STOP,2024-11-26T01:42:00Z,SPLIT_STOP_STOP,a814012e1ce5b98d1cbb8dac1cccc0a40ab445d2aa1873d72c7f80ecfeb79d38,2024-11-26T01:35:00Z,FIRST_RETEST_FILLED,2024-11-26T01:30:00Z,2024-11-26T01:15:00Z,2627.88,True,True,INITIAL_CONFIRMATION_STOP,b65c59a1f645d11064bcd2004de2af022caf3f5afa92b2726ec8e68f69eae3b4,54f882c3c18324965431bcb0f100b8191dfa2f3c5e0d453a31201922d1e42d69,2622.5541785714286,2.9164285714286313,0.14582142857143157,,M15_LATEST_CONFIRMED_OPPOSING_SWING_ELSE_CONTROL,True,7b6d98f88826424f43ca57f58acd9e844cb186b42c3e26d91424b1bd45b96ec1,2024-11-25T22:45:00Z,2622.7,2688.79,695cdff6574221642366ee40908bd1021b70f3c0b6208288ad1abe59f69493f7
aaebac8de465d0341c02b18a89ecf8e0dba42488d61802e279e0e25996f0002e,2627.88,2024-11-26T01:15:00Z,45479dcfa0fb498ed82ec26136d69f3b7c7d4aba35505666f8df388e43ed07d4,2024-11-26T01:15:00Z,2628.01,2615.65,2024-12-01T00:00:00Z,2024-11-25T23:00:00Z,0.0,LONG,1.0,-50.0,CONTROL_V2_FILLED_STOP,2024-11-26T01:15:00Z,CONFIRMED_25_75_RETEST_SPLIT,2628.01,True,77ac990ffa4be946fa2eb4f65c0b099601c51686d97907b22f7b35cdeb575a25,1.3857369339546504,0.0544563543411302,2024_11,-1.0,-1.0,STOP,2024-11-26T01:42:00Z,SPLIT_STOP_STOP,592ff4fa70cf11c6f1ca9017459670a3860ff76b6baf9a8d5e76bb85822a0b9a,2024-11-26T01:42:00Z,FIRST_RETEST_FILLED,2024-11-26T01:30:00Z,2024-11-26T01:15:00Z,2627.88,True,True,INITIAL_CONFIRMATION_STOP,fb4507a5bf0a221b94930527b7328259c9dd34d3dffb5e2bab9a9123b395a2ce,54f882c3c18324965431bcb0f100b8191dfa2f3c5e0d453a31201922d1e42d69,2615.65,11.927142857142858,0.5963571428571429,NOT_STRICTLY_CLOSER_THAN_CONTROL,H1_SOURCE_SWING_BUFFERED_ELSE_CONTROL,False,54f882c3c18324965431bcb0f100b8191dfa2f3c5e0d453a31201922d1e42d69,2024-11-25T23:00:00Z,2615.65,2688.79,695cdff6574221642366ee40908bd1021b70f3c0b6208288ad1abe59f69493f7
13b94146a431dee1c6d611a2d3fcf4a7d7be4762cdaa9ba48425daebdd241a07,2622.96,2024-11-26T07:15:00Z,f3c85189805a5e78b9a7c4d95f5b7e2a98a9cb77bd80d463e0912e6fa7b6417d,2024-11-26T07:15:00Z,2621.93,2632.19,2024-12-01T00:00:00Z,2024-11-26T06:00:00Z,0.0,SHORT,1.0,-50.0,CONTROL_V2_FILLED_STOP,2024-11-26T07:15:00Z,CONTROL_NEXT_M1_OPEN,2621.93,True,ab08d821b74d0371fc54f4b69e2c59d2d96bda885a1558cc87084ed03327c838,1.031189083820678,1.0828460038985805,2024_11,-1.0,-1.0,STOP,2024-11-26T12:35:00Z,STOP,58b65441fb5c1ebf1729389553e157c5097a6e98162c31d5f58e12270708fbb6,2024-11-26T12:35:00Z,FIRST_RETEST_FILLED,2024-11-26T07:30:00Z,2024-11-26T07:15:00Z,2622.96,True,False,INITIAL_CONFIRMATION_STOP,e2912f1d989a354b79c84b049ed57a5f95cd2fe285630086c7d5f3ea4081965b,cbfa634b02431198844b2f3b4bce8a6f1f58c06b47363f297f7a00bb71b30988,2632.19,,,,CONTROL_V2_FILLED_STOP,False,,2024-11-26T07:15:00Z,2632.19,2605.28,c0916734b710eddc98576bbda5d05a0fd9062ece08a725bcdfde4bc78f88e9cc
13b94146a431dee1c6d611a2d3fcf4a7d7be4762cdaa9ba48425daebdd241a07,2622.96,2024-11-26T07:15:00Z,f3c85189805a5e78b9a7c4d95f5b7e2a98a9cb77bd80d463e0912e6fa7b6417d,2024-11-26T07:15:00Z,2621.93,2632.19,2024-12-01T00:00:00Z,2024-11-26T06:00:00Z,0.0,SHORT,0.9372876636034114,-50.0,M5_LATEST_CONFIRMED_OPPOSING_SWING_ELSE_CONTROL,2024-11-26T07:15:00Z,CONTROL_NEXT_M1_OPEN,2621.93,True,d95a4e5226107df7b83f70241ddabeaf8f3d285cbbc04b1f70513a415da1e487,1.0325925485769156,1.1552974032919292,2024_11,-1.0,-1.0,STOP,2024-11-26T12:35:00Z,STOP,c57fd55c07b2b841cec19677774e7c1078a7fbe0cbd9b9771bac6fb771394c01,2024-11-26T12:34:00Z,FIRST_RETEST_FILLED,2024-11-26T07:30:00Z,2024-11-26T07:15:00Z,2622.96,True,False,INITIAL_CONFIRMATION_STOP,d75e6d0f998967d648423514452bfc3b2bca38858740aad3f54cc758e8dce733,cbfa634b02431198844b2f3b4bce8a6f1f58c06b47363f297f7a00bb71b30988,2631.546571428571,1.531428571428543,0.07657142857142715,,M5_LATEST_CONFIRMED_OPPOSING_SWING_ELSE_CONTROL,True,e51316fb13deb8b1352db246a87548acd35218b4f5e9e6960e64f120e2876fa8,2024-11-26T06:15:00Z,2631.47,2605.28,c0916734b710eddc98576bbda5d05a0fd9062ece08a725bcdfde4bc78f88e9cc
13b94146a431dee1c6d611a2d3fcf4a7d7be4762cdaa9ba48425daebdd241a07,2622.96,2024-11-26T07:15:00Z,f3c85189805a5e78b9a7c4d95f5b7e2a98a9cb77bd80d463e0912e6fa7b6417d,2024-11-26T07:15:00Z,2621.93,2632.19,2024-12-01T00:00:00Z,2024-11-26T06:00:00Z,0.0,SHORT,0.9450675299359111,-50.0,M15_LATEST_CONFIRMED_OPPOSING_SWING_ELSE_CONTROL,2024-11-26T07:15:00Z,CONTROL_NEXT_M1_OPEN,2621.93,True,a504893862165a8ac8af7bd1f3f2cd1ec85c97c5f72b1b5ae5c7f73d5959fb8b,1.0240921697686325,1.1457869089757138,2024_11,-1.0,-1.0,STOP,2024-11-26T12:35:00Z,STOP,98eac7b9a25ecf2e9c12bcdf1db9c79c653c1f107ced09355e5cece0019e89bb,2024-11-26T12:34:00Z,FIRST_RETEST_FILLED,2024-11-26T07:30:00Z,2024-11-26T07:15:00Z,2622.96,True,False,INITIAL_CONFIRMATION_STOP,f4a461908d614dc13f5bf8b990f93ca2f576284ecd2d6dc2ad111241ddaca2da,cbfa634b02431198844b2f3b4bce8a6f1f58c06b47363f297f7a00bb71b30988,2631.6263928571425,3.1278571428571076,0.1563928571428554,,M15_LATEST_CONFIRMED_OPPOSING_SWING_ELSE_CONTROL,True,4250b5df9b15c18325c1a100e15ab14b848581940d7bbfafd3ffce02a462920e,2024-11-26T06:45:00Z,2631.47,2605.28,c0916734b710eddc98576bbda5d05a0fd9062ece08a725bcdfde4bc78f88e9cc
13b94146a431dee1c6d611a2d3fcf4a7d7be4762cdaa9ba48425daebdd241a07,2622.96,2024-11-26T07:15:00Z,f3c85189805a5e78b9a7c4d95f5b7e2a98a9cb77bd80d463e0912e6fa7b6417d,2024-11-26T07:15:00Z,2621.93,2632.19,2024-12-01T00:00:00Z,2024-11-26T06:00:00Z,0.0,SHORT,1.0,-50.0,CONTROL_V2_FILLED_STOP,2024-11-26T07:15:00Z,CONTROL_NEXT_M1_OPEN,2621.93,True,8ad33d35c8686d4ffebc795cf1fd65a7ebdd51cb6247665ba49846c807377a86,1.031189083820678,1.0828460038985805,2024_11,-1.0,-1.0,STOP,2024-11-26T12:35:00Z,STOP,a015dde9b7cbe7891ce2eb8a2023ae3c1c257d024e0acd94698a8370aef71851,2024-11-26T12:35:00Z,FIRST_RETEST_FILLED,2024-11-26T07:30:00Z,2024-11-26T07:15:00Z,2622.96,True,False,INITIAL_CONFIRMATION_STOP,347203be423e7e9b6328382094586b43f3b6d111a8c2d2db866362661fb5c882,cbfa634b02431198844b2f3b4bce8a6f1f58c06b47363f297f7a00bb71b30988,2632.19,13.748571428571429,0.6874285714285715,NOT_STRICTLY_CLOSER_THAN_CONTROL,H1_SOURCE_SWING_BUFFERED_ELSE_CONTROL,False,cbfa634b02431198844b2f3b4bce8a6f1f58c06b47363f297f7a00bb71b30988,2024-11-26T06:00:00Z,2632.19,2605.28,c0916734b710eddc98576bbda5d05a0fd9062ece08a725bcdfde4bc78f88e9cc
13b94146a431dee1c6d611a2d3fcf4a7d7be4762cdaa9ba48425daebdd241a07,2622.96,2024-11-26T07:15:00Z,f3c85189805a5e78b9a7c4d95f5b7e2a98a9cb77bd80d463e0912e6fa7b6417d,2024-11-26T07:15:00Z,2621.93,2632.19,2024-12-01T00:00:00Z,2024-11-26T06:00:00Z,0.0,SHORT,1.0,-50.0,CONTROL_V2_FILLED_STOP,2024-11-26T07:15:00Z,M5_BROKEN_CONTROL_FIRST_RETEST,2622.96,True,ab08d821b74d0371fc54f4b69e2c59d2d96bda885a1558cc87084ed03327c838,1.0346695557963341,1.3152762730227354,2024_11,-1.0,-1.0,STOP,2024-11-26T12:35:00Z,STOP,744e67623869cd46cacda27b86447c627364c0ee172c20fbe4db447a902c9289,2024-11-26T12:35:00Z,FIRST_RETEST_FILLED,2024-11-26T07:30:00Z,2024-11-26T07:15:00Z,2622.96,True,True,INITIAL_CONFIRMATION_STOP,65805b1e8bb16764aa5dd743a6372f8e48bf2cb55e834f1e926a956194530f8e,cbfa634b02431198844b2f3b4bce8a6f1f58c06b47363f297f7a00bb71b30988,2632.19,,,,CONTROL_V2_FILLED_STOP,False,,2024-11-26T07:15:00Z,2632.19,2605.28,c0916734b710eddc98576bbda5d05a0fd9062ece08a725bcdfde4bc78f88e9cc
13b94146a431dee1c6d611a2d3fcf4a7d7be4762cdaa9ba48425daebdd241a07,2622.96,2024-11-26T07:15:00Z,f3c85189805a5e78b9a7c4d95f5b7e2a98a9cb77bd80d463e0912e6fa7b6417d,2024-11-26T07:15:00Z,2621.93,2632.19,2024-12-01T00:00:00Z,2024-11-26T06:00:00Z,0.0,SHORT,0.9372876636034114,-50.0,M5_LATEST_CONFIRMED_OPPOSING_SWING_ELSE_CONTROL,2024-11-26T07:15:00Z,M5_BROKEN_CONTROL_FIRST_RETEST,2622.96,True,d95a4e5226107df7b83f70241ddabeaf8f3d285cbbc04b1f70513a415da1e487,1.0365021794829752,1.413835557182366,2024_11,-1.0,-1.0,STOP,2024-11-26T12:35:00Z,STOP,876ef2d30754f120aa949c717a4c4aefebd87d8d365c3bb51febb1a29e7899d7,2024-11-26T12:34:00Z,FIRST_RETEST_FILLED,2024-11-26T07:30:00Z,2024-11-26T07:15:00Z,2622.96,True,True,INITIAL_CONFIRMATION_STOP,55a73909761734889b52995554875cd901556475ca26b9c466257756ed082c48,cbfa634b02431198844b2f3b4bce8a6f1f58c06b47363f297f7a00bb71b30988,2631.546571428571,1.531428571428543,0.07657142857142715,,M5_LATEST_CONFIRMED_OPPOSING_SWING_ELSE_CONTROL,True,e51316fb13deb8b1352db246a87548acd35218b4f5e9e6960e64f120e2876fa8,2024-11-26T06:15:00Z,2631.47,2605.28,c0916734b710eddc98576bbda5d05a0fd9062ece08a725bcdfde4bc78f88e9cc
13b94146a431dee1c6d611a2d3fcf4a7d7be4762cdaa9ba48425daebdd241a07,2622.96,2024-11-26T07:15:00Z,f3c85189805a5e78b9a7c4d95f5b7e2a98a9cb77bd80d463e0912e6fa7b6417d,2024-11-26T07:15:00Z,2621.93,2632.19,2024-12-01T00:00:00Z,2024-11-26T06:00:00Z,0.0,SHORT,0.9450675299359111,-50.0,M15_LATEST_CONFIRMED_OPPOSING_SWING_ELSE_CONTROL,2024-11-26T07:15:00Z,M5_BROKEN_CONTROL_FIRST_RETEST,2622.96,True,a504893862165a8ac8af7bd1f3f2cd1ec85c97c5f72b1b5ae5c7f73d5959fb8b,1.0269555219464932,1.400813487239345,2024_11,-1.0,-1.0,STOP,2024-11-26T12:35:00Z,STOP,74150052a25a1ce783a7079b7c5f46d3a4e2b7ad5282a0a1f56829e218f35734,2024-11-26T12:34:00Z,FIRST_RETEST_FILLED,2024-11-26T07:30:00Z,2024-11-26T07:15:00Z,2622.96,True,True,INITIAL_CONFIRMATION_STOP,9a7dfc79a7bf3d478a28f77cdc42bc9a5c4dd71562931e40adc2f481ab1880f6,cbfa634b02431198844b2f3b4bce8a6f1f58c06b47363f297f7a00bb71b30988,2631.6263928571425,3.1278571428571076,0.1563928571428554,,M15_LATEST_CONFIRMED_OPPOSING_SWING_ELSE_CONTROL,True,4250b5df9b15c18325c1a100e15ab14b848581940d7bbfafd3ffce02a462920e,2024-11-26T06:45:00Z,2631.47,2605.28,c0916734b710eddc98576bbda5d05a0fd9062ece08a725bcdfde4bc78f88e9cc
13b94146a431dee1c6d611a2d3fcf4a7d7be4762cdaa9ba48425daebdd241a07,2622.96,2024-11-26T07:15:00Z,f3c85189805a5e78b9a7c4d95f5b7e2a98a9cb77bd80d463e0912e6fa7b6417d,2024-11-26T07:15:00Z,2621.93,2632.19,2024-12-01T00:00:00Z,2024-11-26T06:00:00Z,0.0,SHORT,1.0,-50.0,CONTROL_V2_FILLED_STOP,2024-11-26T07:15:00Z,M5_BROKEN_CONTROL_FIRST_RETEST,2622.96,True,8ad33d35c8686d4ffebc795cf1fd65a7ebdd51cb6247665ba49846c807377a86,1.0346695557963341,1.3152762730227354,2024_11,-1.0,-1.0,STOP,2024-11-26T12:35:00Z,STOP,c3eecf60460c6b4b591f864bdd360fd8633650242503015e84738607fd5af94b,2024-11-26T12:35:00Z,FIRST_RETEST_FILLED,2024-11-26T07:30:00Z,2024-11-26T07:15:00Z,2622.96,True,True,INITIAL_CONFIRMATION_STOP,029b2caeaaa94ba9fadc3e9028c129ac2ef97efc52e4ab9e0a2f9f71c0a8b444,cbfa634b02431198844b2f3b4bce8a6f1f58c06b47363f297f7a00bb71b30988,2632.19,13.748571428571429,0.6874285714285715,NOT_STRICTLY_CLOSER_THAN_CONTROL,H1_SOURCE_SWING_BUFFERED_ELSE_CONTROL,False,cbfa634b02431198844b2f3b4bce8a6f1f58c06b47363f297f7a00bb71b30988,2024-11-26T06:00:00Z,2632.19,2605.28,c0916734b710eddc98576bbda5d05a0fd9062ece08a725bcdfde4bc78f88e9cc
13b94146a431dee1c6d611a2d3fcf4a7d7be4762cdaa9ba48425daebdd241a07,2622.96,2024-11-26T07:15:00Z,f3c85189805a5e78b9a7c4d95f5b7e2a98a9cb77bd80d463e0912e6fa7b6417d,2024-11-26T07:15:00Z,2621.93,2632.19,2024-12-01T00:00:00Z,2024-11-26T06:00:00Z,0.0,SHORT,1.0,-50.0,CONTROL_V2_FILLED_STOP,2024-11-26T07:15:00Z,CONFIRMED_25_75_RETEST_SPLIT,2621.93,True,ab08d821b74d0371fc54f4b69e2c59d2d96bda885a1558cc87084ed03327c838,1.03379943780242,1.2571687057416967,2024_11,-1.0,-1.0,STOP,2024-11-26T12:35:00Z,SPLIT_STOP_STOP,4c4659400dac73079ff15d42277050b4c8d1519b16b023acc3a661328eb3bb0b,2024-11-26T12:35:00Z,FIRST_RETEST_FILLED,2024-11-26T07:30:00Z,2024-11-26T07:15:00Z,2622.96,True,True,INITIAL_CONFIRMATION_STOP,bc329b13cd1bc5bee14d4494026a85a22ece73bcd5a9e3ad68407dbf6fa621c6,cbfa634b02431198844b2f3b4bce8a6f1f58c06b47363f297f7a00bb71b30988,2632.19,,,,CONTROL_V2_FILLED_STOP,False,,2024-11-26T07:15:00Z,2632.19,2605.28,c0916734b710eddc98576bbda5d05a0fd9062ece08a725bcdfde4bc78f88e9cc
13b94146a431dee1c6d611a2d3fcf4a7d7be4762cdaa9ba48425daebdd241a07,2622.96,2024-11-26T07:15:00Z,f3c85189805a5e78b9a7c4d95f5b7e2a98a9cb77bd80d463e0912e6fa7b6417d,2024-11-26T07:15:00Z,2621.93,2632.19,2024-12-01T00:00:00Z,2024-11-26T06:00:00Z,0.0,SHORT,0.9372876636034114,-50.0,M5_LATEST_CONFIRMED_OPPOSING_SWING_ELSE_CONTROL,2024-11-26T07:15:00Z,CONFIRMED_25_75_RETEST_SPLIT,2621.93,True,d95a4e5226107df7b83f70241ddabeaf8f3d285cbbc04b1f70513a415da1e487,1.0355247717564602,1.3492010187097567,2024_11,-1.0,-1.0,STOP,2024-11-26T12:35:00Z,SPLIT_STOP_STOP,3c3ab54a708e89888b01a2babb9c6f3534b86d0a1f85cc9901aecd71a163cb66,2024-11-26T12:34:00Z,FIRST_RETEST_FILLED,2024-11-26T07:30:00Z,2024-11-26T07:15:00Z,2622.96,True,True,INITIAL_CONFIRMATION_STOP,94ecdfc275503bb5241d92b34d03989d76befd566c2c6bb9a1edd3178f9d97ca,cbfa634b02431198844b2f3b4bce8a6f1f58c06b47363f297f7a00bb71b30988,2631.546571428571,1.531428571428543,0.07657142857142715,,M5_LATEST_CONFIRMED_OPPOSING_SWING_ELSE_CONTROL,True,e51316fb13deb8b1352db246a87548acd35218b4f5e9e6960e64f120e2876fa8,2024-11-26T06:15:00Z,2631.47,2605.28,c0916734b710eddc98576bbda5d05a0fd9062ece08a725bcdfde4bc78f88e9cc
13b94146a431dee1c6d611a2d3fcf4a7d7be4762cdaa9ba48425daebdd241a07,2622.96,2024-11-26T07:15:00Z,f3c85189805a5e78b9a7c4d95f5b7e2a98a9cb77bd80d463e0912e6fa7b6417d,2024-11-26T07:15:00Z,2621.93,2632.19,2024-12-01T00:00:00Z,2024-11-26T06:00:00Z,0.0,SHORT,0.9450675299359111,-50.0,M15_LATEST_CONFIRMED_OPPOSING_SWING_ELSE_CONTROL,2024-11-26T07:15:00Z,CONFIRMED_25_75_RETEST_SPLIT,2621.93,True,a504893862165a8ac8af7bd1f3f2cd1ec85c97c5f72b1b5ae5c7f73d5959fb8b,1.026239683902028,1.337056842673437,2024_11,-1.0,-1.0,STOP,2024-11-26T12:35:00Z,SPLIT_STOP_STOP,b95f235055cb8ace9d5c93d04fd13ab87f6adbd627169f2edacaecde409f6e5e,2024-11-26T12:34:00Z,FIRST_RETEST_FILLED,2024-11-26T07:30:00Z,2024-11-26T07:15:00Z,2622.96,True,True,INITIAL_CONFIRMATION_STOP,3ae2b7411ba4f0cbf621a254d6db035211d4cb278b81043c5554d131fb872420,cbfa634b02431198844b2f3b4bce8a6f1f58c06b47363f297f7a00bb71b30988,2631.6263928571425,3.1278571428571076,0.1563928571428554,,M15_LATEST_CONFIRMED_OPPOSING_SWING_ELSE_CONTROL,True,4250b5df9b15c18325c1a100e15ab14b848581940d7bbfafd3ffce02a462920e,2024-11-26T06:45:00Z,2631.47,2605.28,c0916734b710eddc98576bbda5d05a0fd9062ece08a725bcdfde4bc78f88e9cc
13b94146a431dee1c6d611a2d3fcf4a7d7be4762cdaa9ba48425daebdd241a07,2622.96,2024-11-26T07:15:00Z,f3c85189805a5e78b9a7c4d95f5b7e2a98a9cb77bd80d463e0912e6fa7b6417d,2024-11-26T07:15:00Z,2621.93,2632.19,2024-12-01T00:00:00Z,2024-11-26T06:00:00Z,0.0,SHORT,1.0,-50.0,CONTROL_V2_FILLED_STOP,2024-11-26T07:15:00Z,CONFIRMED_25_75_RETEST_SPLIT,2621.93,True,8ad33d35c8686d4ffebc795cf1fd65a7ebdd51cb6247665ba49846c807377a86,1.03379943780242,1.2571687057416967,2024_11,-1.0,-1.0,STOP,2024-11-26T12:35:00Z,SPLIT_STOP_STOP,ee07979314bd0994caf238f549e1d2c7cf12d0ecdef2e9cbfbca009b5242a75d,2024-11-26T12:35:00Z,FIRST_RETEST_FILLED,2024-11-26T07:30:00Z,2024-11-26T07:15:00Z,2622.96,True,True,INITIAL_CONFIRMATION_STOP,5121fd5981f5a5f324edb2810ebecb8b6681dc1d2fae755967febf18965a635c,cbfa634b02431198844b2f3b4bce8a6f1f58c06b47363f297f7a00bb71b30988,2632.19,13.748571428571429,0.6874285714285715,NOT_STRICTLY_CLOSER_THAN_CONTROL,H1_SOURCE_SWING_BUFFERED_ELSE_CONTROL,False,cbfa634b02431198844b2f3b4bce8a6f1f58c06b47363f297f7a00bb71b30988,2024-11-26T06:00:00Z,2632.19,2605.28,c0916734b710eddc98576bbda5d05a0fd9062ece08a725bcdfde4bc78f88e9cc
03a9737ddfa61d3e9636e526c0327af049317e0a24ebbe38eddbf70229254206,2621.61,2024-11-26T09:05:00Z,ff8b3fafb35f314ac921a9b267bcbc65206a1d51ad7080b7e37612e1abdebe48,2024-11-26T09:05:00Z,2621.03,2631.47,2024-12-01T00:00:00Z,2024-11-26T09:00:00Z,0.0,SHORT,1.0,-50.0,CONTROL_V2_FILLED_STOP,2024-11-26T09:05:00Z,CONTROL_NEXT_M1_OPEN,2621.03,True,cfe74394e77742f55c971cdbab40c4e63db1daa2f81836f3b1881fe40ce0090f,1.0373563218391133,0.9779693486590448,2024_11,-1.0,-1.0,STOP,2024-11-26T12:34:00Z,STOP,9c0ded48fde48796fb7a6960431a040e1f02445f60244007dad502a1127225db,2024-11-26T12:34:00Z,FIRST_RETEST_FILLED,2024-11-26T09:20:00Z,2024-11-26T09:05:00Z,2621.61,True,False,INITIAL_CONFIRMATION_STOP,cc5dc02a52c642db2510519744048d51ea280ce35bb1ad2f86d63cd798630e79,66c7941294ae27790547b8de39497c055ecc5f5b7c0b15f2a0b3f7620c52ddc0,2631.47,,,,CONTROL_V2_FILLED_STOP,False,,2024-11-26T09:05:00Z,2631.47,2605.28,d8d23d1d71cce2c520ca6d9e1331fe4ecb10b400bb19b824b4b4288fd008f3d7
03a9737ddfa61d3e9636e526c0327af049317e0a24ebbe38eddbf70229254206,2621.61,2024-11-26T09:05:00Z,ff8b3fafb35f314ac921a9b267bcbc65206a1d51ad7080b7e37612e1abdebe48,2024-11-26T09:05:00Z,2621.03,2631.47,2024-12-01T00:00:00Z,2024-11-26T09:00:00Z,0.0,SHORT,0.27836617405581915,-50.0,M5_LATEST_CONFIRMED_OPPOSING_SWING_ELSE_CONTROL,2024-11-26T09:05:00Z,CONTROL_NEXT_M1_OPEN,2621.03,True,5356a14c62c1da3e21a562c7997fcf0794a3a21651ee6478f9c09ac76a0e5819,1.194022513886861,3.5132478002263965,2024_11,-1.0,-1.0,STOP,2024-11-26T12:34:00Z,STOP,3223541f2b7dc0958d9e4a1696abcfa0fac650488b3930e83d0e488a8d6227af,2024-11-26T11:35:00Z,FIRST_RETEST_FILLED,2024-11-26T09:20:00Z,2024-11-26T09:05:00Z,2621.61,True,False,INITIAL_CONFIRMATION_STOP,b9c1957a7af251c9d5ef3642db8eb43790f68e366756490f51e87492a5c4d2e9,66c7941294ae27790547b8de39497c055ecc5f5b7c0b15f2a0b3f7620c52ddc0,2623.936142857143,1.9228571428571481,0.09614285714285742,,M5_LATEST_CONFIRMED_OPPOSING_SWING_ELSE_CONTROL,True,968fbc237803235970983d1109b72e89614ec3c20ddbb101e6b533fdd10863d0,2024-11-26T08:45:00Z,2623.84,2605.28,d8d23d1d71cce2c520ca6d9e1331fe4ecb10b400bb19b824b4b4288fd008f3d7
03a9737ddfa61d3e9636e526c0327af049317e0a24ebbe38eddbf70229254206,2621.61,2024-11-26T09:05:00Z,ff8b3fafb35f314ac921a9b267bcbc65206a1d51ad7080b7e37612e1abdebe48,2024-11-26T09:05:00Z,2621.03,2631.47,2024-12-01T00:00:00Z,2024-11-26T09:00:00Z,0.0,SHORT,0.49728721948549637,-50.0,M15_LATEST_CONFIRMED_OPPOSING_SWING_ELSE_CONTROL,2024-11-26T09:05:00Z,CONTROL_NEXT_M1_OPEN,2621.03,True,ab6eb377838cb8cc4302eacb4412d8765f1a37c2a4e4164303c89b9518ab1f39,1.0073813176305888,1.9666086525828514,2024_11,-1.0,-1.0,STOP,2024-11-26T12:34:00Z,STOP,5bb80e2c541c22f07ce36efc32fefddd76faebbb3e38f684065cd5d3afc0b4fa,2024-11-26T11:38:00Z,FIRST_RETEST_FILLED,2024-11-26T09:20:00Z,2024-11-26T09:05:00Z,2621.61,True,False,INITIAL_CONFIRMATION_STOP,b1de78697fa6553f39d5270e8f104ce79faa001431c23cf30852cafed80c97c5,66c7941294ae27790547b8de39497c055ecc5f5b7c0b15f2a0b3f7620c52ddc0,2626.2216785714286,3.033571428571414,0.15167857142857072,,M15_LATEST_CONFIRMED_OPPOSING_SWING_ELSE_CONTROL,True,6ad12ddcc41f54dfe341ab3d3bf13360b8fe1a5fbb5dcb390f651368828252c2,2024-11-26T08:45:00Z,2626.07,2605.28,d8d23d1d71cce2c520ca6d9e1331fe4ecb10b400bb19b824b4b4288fd008f3d7
03a9737ddfa61d3e9636e526c0327af049317e0a24ebbe38eddbf70229254206,2621.61,2024-11-26T09:05:00Z,ff8b3fafb35f314ac921a9b267bcbc65206a1d51ad7080b7e37612e1abdebe48,2024-11-26T09:05:00Z,2621.03,2631.47,2024-12-01T00:00:00Z,2024-11-26T09:00:00Z,0.0,SHORT,1.0,-50.0,CONTROL_V2_FILLED_STOP,2024-11-26T09:05:00Z,CONTROL_NEXT_M1_OPEN,2621.03,True,313f18410ebbd30ecc91da46ee11b7d212d1079930a70bfb9dc9fbb89c737f43,1.0373563218391133,0.9779693486590448,2024_11,-1.0,-1.0,STOP,2024-11-26T12:34:00Z,STOP,2457e36d71121914569314350ec913d8fe194694b40db5e2a9b5c307bc9188f2,2024-11-26T12:34:00Z,FIRST_RETEST_FILLED,2024-11-26T09:20:00Z,2024-11-26T09:05:00Z,2621.61,True,False,INITIAL_CONFIRMATION_STOP,de47fe2be3a054aac2a14828f6b8ec11f5733ecf907d88dbb5da4f15d5375bee,66c7941294ae27790547b8de39497c055ecc5f5b7c0b15f2a0b3f7620c52ddc0,2631.47,10.685000000000011,0.5342500000000006,NOT_STRICTLY_CLOSER_THAN_CONTROL,H1_SOURCE_SWING_BUFFERED_ELSE_CONTROL,False,66c7941294ae27790547b8de39497c055ecc5f5b7c0b15f2a0b3f7620c52ddc0,2024-11-26T09:00:00Z,2631.47,2605.28,d8d23d1d71cce2c520ca6d9e1331fe4ecb10b400bb19b824b4b4288fd008f3d7
03a9737ddfa61d3e9636e526c0327af049317e0a24ebbe38eddbf70229254206,2621.61,2024-11-26T09:05:00Z,ff8b3fafb35f314ac921a9b267bcbc65206a1d51ad7080b7e37612e1abdebe48,2024-11-26T09:05:00Z,2621.03,2631.47,2024-12-01T00:00:00Z,2024-11-26T09:00:00Z,0.0,SHORT,1.0,-50.0,CONTROL_V2_FILLED_STOP,2024-11-26T09:05:00Z,M5_BROKEN_CONTROL_FIRST_RETEST,2621.61,True,cfe74394e77742f55c971cdbab40c4e63db1daa2f81836f3b1881fe40ce0090f,1.0395537525355314,1.0943204868154486,2024_11,-1.0,-1.0,STOP,2024-11-26T12:34:00Z,STOP,285351ca9c4136788539708c66b4864f8424c9317532fcef48edf4f3c2f3c54c,2024-11-26T12:34:00Z,FIRST_RETEST_FILLED,2024-11-26T09:20:00Z,2024-11-26T09:05:00Z,2621.61,True,True,INITIAL_CONFIRMATION_STOP,a93042a9758a7a102587d79552b7ec3d4beaa977eb87a83982a17cbd063281fe,66c7941294ae27790547b8de39497c055ecc5f5b7c0b15f2a0b3f7620c52ddc0,2631.47,,,,CONTROL_V2_FILLED_STOP,False,,2024-11-26T09:05:00Z,2631.47,2605.28,d8d23d1d71cce2c520ca6d9e1331fe4ecb10b400bb19b824b4b4288fd008f3d7
03a9737ddfa61d3e9636e526c0327af049317e0a24ebbe38eddbf70229254206,2621.61,2024-11-26T09:05:00Z,ff8b3fafb35f314ac921a9b267bcbc65206a1d51ad7080b7e37612e1abdebe48,2024-11-26T09:05:00Z,2621.03,2631.47,2024-12-01T00:00:00Z,2024-11-26T09:00:00Z,0.0,SHORT,0.27836617405581915,-50.0,M5_LATEST_CONFIRMED_OPPOSING_SWING_ELSE_CONTROL,2024-11-26T09:05:00Z,M5_BROKEN_CONTROL_FIRST_RETEST,2621.61,True,5356a14c62c1da3e21a562c7997fcf0794a3a21651ee6478f9c09ac76a0e5819,1.2424000491310176,4.638580114229836,2024_11,-1.0,-1.0,STOP,2024-11-26T12:34:00Z,STOP,d21de805c358809aec08b6b09f1b10ee51ecbeddaa25d07424906826748873ce,2024-11-26T11:35:00Z,FIRST_RETEST_FILLED,2024-11-26T09:20:00Z,2024-11-26T09:05:00Z,2621.61,True,True,INITIAL_CONFIRMATION_STOP,c53bed987f85fcb0679340bc720d7a76cd50ce44a1f6f19fc079cecaa31ec239,66c7941294ae27790547b8de39497c055ecc5f5b7c0b15f2a0b3f7620c52ddc0,2623.936142857143,1.9228571428571481,0.09614285714285742,,M5_LATEST_CONFIRMED_OPPOSING_SWING_ELSE_CONTROL,True,968fbc237803235970983d1109b72e89614ec3c20ddbb101e6b533fdd10863d0,2024-11-26T08:45:00Z,2623.84,2605.28,d8d23d1d71cce2c520ca6d9e1331fe4ecb10b400bb19b824b4b4288fd008f3d7
03a9737ddfa61d3e9636e526c0327af049317e0a24ebbe38eddbf70229254206,2621.61,2024-11-26T09:05:00Z,ff8b3fafb35f314ac921a9b267bcbc65206a1d51ad7080b7e37612e1abdebe48,2024-11-26T09:05:00Z,2621.03,2631.47,2024-12-01T00:00:00Z,2024-11-26T09:00:00Z,0.0,SHORT,0.49728721948549637,-50.0,M15_LATEST_CONFIRMED_OPPOSING_SWING_ELSE_CONTROL,2024-11-26T09:05:00Z,M5_BROKEN_CONTROL_FIRST_RETEST,2621.61,True,ab6eb377838cb8cc4302eacb4412d8765f1a37c2a4e4164303c89b9518ab1f39,1.0083096486405307,2.3397120664152853,2024_11,-1.0,-1.0,STOP,2024-11-26T12:34:00Z,STOP,977efbba27926f9247ca8d95abb7154849ede754ab13ace10c2a4e9ff1fa727f,2024-11-26T11:38:00Z,FIRST_RETEST_FILLED,2024-11-26T09:20:00Z,2024-11-26T09:05:00Z,2621.61,True,True,INITIAL_CONFIRMATION_STOP,001655c284aecf7a0c90e5712cf605190fe398e59d11fe36b763d4e4600a04e6,66c7941294ae27790547b8de39497c055ecc5f5b7c0b15f2a0b3f7620c52ddc0,2626.2216785714286,3.033571428571414,0.15167857142857072,,M15_LATEST_CONFIRMED_OPPOSING_SWING_ELSE_CONTROL,True,6ad12ddcc41f54dfe341ab3d3bf13360b8fe1a5fbb5dcb390f651368828252c2,2024-11-26T08:45:00Z,2626.07,2605.28,d8d23d1d71cce2c520ca6d9e1331fe4ecb10b400bb19b824b4b4288fd008f3d7
03a9737ddfa61d3e9636e526c0327af049317e0a24ebbe38eddbf70229254206,2621.61,2024-11-26T09:05:00Z,ff8b3fafb35f314ac921a9b267bcbc65206a1d51ad7080b7e37612e1abdebe48,2024-11-26T09:05:00Z,2621.03,2631.47,2024-12-01T00:00:00Z,2024-11-26T09:00:00Z,0.0,SHORT,1.0,-50.0,CONTROL_V2_FILLED_STOP,2024-11-26T09:05:00Z,M5_BROKEN_CONTROL_FIRST_RETEST,2621.61,True,313f18410ebbd30ecc91da46ee11b7d212d1079930a70bfb9dc9fbb89c737f43,1.0395537525355314,1.0943204868154486,2024_11,-1.0,-1.0,STOP,2024-11-26T12:34:00Z,STOP,5d0798a5a0764c02c8604ba4214db3b2d21ba4a91d34b081a336636bc7a49a1d,2024-11-26T12:34:00Z,FIRST_RETEST_FILLED,2024-11-26T09:20:00Z,2024-11-26T09:05:00Z,2621.61,True,True,INITIAL_CONFIRMATION_STOP,0f2f0e69beb34ed204e15ec9342bbd813da69b80e0d15afafaff48d5c8c72968,66c7941294ae27790547b8de39497c055ecc5f5b7c0b15f2a0b3f7620c52ddc0,2631.47,10.685000000000011,0.5342500000000006,NOT_STRICTLY_CLOSER_THAN_CONTROL,H1_SOURCE_SWING_BUFFERED_ELSE_CONTROL,False,66c7941294ae27790547b8de39497c055ecc5f5b7c0b15f2a0b3f7620c52ddc0,2024-11-26T09:00:00Z,2631.47,2605.28,d8d23d1d71cce2c520ca6d9e1331fe4ecb10b400bb19b824b4b4288fd008f3d7
03a9737ddfa61d3e9636e526c0327af049317e0a24ebbe38eddbf70229254206,2621.61,2024-11-26T09:05:00Z,ff8b3fafb35f314ac921a9b267bcbc65206a1d51ad7080b7e37612e1abdebe48,2024-11-26T09:05:00Z,2621.03,2631.47,2024-12-01T00:00:00Z,2024-11-26T09:00:00Z,0.0,SHORT,1.0,-50.0,CONTROL_V2_FILLED_STOP,2024-11-26T09:05:00Z,CONFIRMED_25_75_RETEST_SPLIT,2621.03,True,cfe74394e77742f55c971cdbab40c4e63db1daa2f81836f3b1881fe40ce0090f,1.039004394861427,1.0652327022763477,2024_11,-1.0,-1.0,STOP,2024-11-26T12:34:00Z,SPLIT_STOP_STOP,e02c419b6ffa26f708a69daf9c3e8fe86cfecff1e48bdd82a090f90384ab3595,2024-11-26T12:34:00Z,FIRST_RETEST_FILLED,2024-11-26T09:20:00Z,2024-11-26T09:05:00Z,2621.61,True,True,INITIAL_CONFIRMATION_STOP,be0ea76d90eadaf65cb49d13890ce960c521ed0e1f904d454e825823489ddb1e,66c7941294ae27790547b8de39497c055ecc5f5b7c0b15f2a0b3f7620c52ddc0,2631.47,,,,CONTROL_V2_FILLED_STOP,False,,2024-11-26T09:05:00Z,2631.47,2605.28,d8d23d1d71cce2c520ca6d9e1331fe4ecb10b400bb19b824b4b4288fd008f3d7
03a9737ddfa61d3e9636e526c0327af049317e0a24ebbe38eddbf70229254206,2621.61,2024-11-26T09:05:00Z,ff8b3fafb35f314ac921a9b267bcbc65206a1d51ad7080b7e37612e1abdebe48,2024-11-26T09:05:00Z,2621.03,2631.47,2024-12-01T00:00:00Z,2024-11-26T09:00:00Z,0.0,SHORT,0.27836617405581915,-50.0,M5_LATEST_CONFIRMED_OPPOSING_SWING_ELSE_CONTROL,2024-11-26T09:05:00Z,CONFIRMED_25_75_RETEST_SPLIT,2621.03,True,5356a14c62c1da3e21a562c7997fcf0794a3a21651ee6478f9c09ac76a0e5819,1.2303056653199786,4.357247035728976,2024_11,-1.0,-1.0,STOP,2024-11-26T12:34:00Z,SPLIT_STOP_STOP,6ff1636ee00c2667508d4a2309f9a884d4007fbdda11230582a1b338851f6630,2024-11-26T11:35:00Z,FIRST_RETEST_FILLED,2024-11-26T09:20:00Z,2024-11-26T09:05:00Z,2621.61,True,True,INITIAL_CONFIRMATION_STOP,fa90c741e04aa90af5f95baae8291f2bbaee1d174f374c36c1ca4cf0fa6ee7a0,66c7941294ae27790547b8de39497c055ecc5f5b7c0b15f2a0b3f7620c52ddc0,2623.936142857143,1.9228571428571481,0.09614285714285742,,M5_LATEST_CONFIRMED_OPPOSING_SWING_ELSE_CONTROL,True,968fbc237803235970983d1109b72e89614ec3c20ddbb101e6b533fdd10863d0,2024-11-26T08:45:00Z,2623.84,2605.28,d8d23d1d71cce2c520ca6d9e1331fe4ecb10b400bb19b824b4b4288fd008f3d7
03a9737ddfa61d3e9636e526c0327af049317e0a24ebbe38eddbf70229254206,2621.61,2024-11-26T09:05:00Z,ff8b3fafb35f314ac921a9b267bcbc65206a1d51ad7080b7e37612e1abdebe48,2024-11-26T09:05:00Z,2621.03,2631.47,2024-12-01T00:00:00Z,2024-11-26T09:00:00Z,0.0,SHORT,0.49728721948549637,-50.0,M15_LATEST_CONFIRMED_OPPOSING_SWING_ELSE_CONTROL,2024-11-26T09:05:00Z,CONFIRMED_25_75_RETEST_SPLIT,2621.03,True,ab6eb377838cb8cc4302eacb4412d8765f1a37c2a4e4164303c89b9518ab1f39,1.0080775658880452,2.246436212957177,2024_11,-1.0,-1.0,STOP,2024-11-26T12:34:00Z,SPLIT_STOP_STOP,d53563764b4bf0ed6f932e8084b48fcdc65f52dfccd4fa951ef92da966f95134,2024-11-26T11:38:00Z,FIRST_RETEST_FILLED,2024-11-26T09:20:00Z,2024-11-26T09:05:00Z,2621.61,True,True,INITIAL_CONFIRMATION_STOP,a1b7a82ee0713689b297be82c08fe85f6badf67a50d95f84f83434cba494c256,66c7941294ae27790547b8de39497c055ecc5f5b7c0b15f2a0b3f7620c52ddc0,2626.2216785714286,3.033571428571414,0.15167857142857072,,M15_LATEST_CONFIRMED_OPPOSING_SWING_ELSE_CONTROL,True,6ad12ddcc41f54dfe341ab3d3bf13360b8fe1a5fbb5dcb390f651368828252c2,2024-11-26T08:45:00Z,2626.07,2605.28,d8d23d1d71cce2c520ca6d9e1331fe4ecb10b400bb19b824b4b4288fd008f3d7
03a9737ddfa61d3e9636e526c0327af049317e0a24ebbe38eddbf70229254206,2621.61,2024-11-26T09:05:00Z,ff8b3fafb35f314ac921a9b267bcbc65206a1d51ad7080b7e37612e1abdebe48,2024-11-26T09:05:00Z,2621.03,2631.47,2024-12-01T00:00:00Z,2024-11-26T09:00:00Z,0.0,SHORT,1.0,-50.0,CONTROL_V2_FILLED_STOP,2024-11-26T09:05:00Z,CONFIRMED_25_75_RETEST_SPLIT,2621.03,True,313f18410ebbd30ecc91da46ee11b7d212d1079930a70bfb9dc9fbb89c737f43,1.039004394861427,1.0652327022763477,2024_11,-1.0,-1.0,STOP,2024-11-26T12:34:00Z,SPLIT_STOP_STOP,0fdc5c5ee223d327d80c53dd47de40b4cf712c010dbfd153e58b60626379eac3,2024-11-26T12:34:00Z,FIRST_RETEST_FILLED,2024-11-26T09:20:00Z,2024-11-26T09:05:00Z,2621.61,True,True,INITIAL_CONFIRMATION_STOP,ab2fed7799a00176b1decf49e8255f06644eb66cdc14a296b406d356f5fd4349,66c7941294ae27790547b8de39497c055ecc5f5b7c0b15f2a0b3f7620c52ddc0,2631.47,10.685000000000011,0.5342500000000006,NOT_STRICTLY_CLOSER_THAN_CONTROL,H1_SOURCE_SWING_BUFFERED_ELSE_CONTROL,False,66c7941294ae27790547b8de39497c055ecc5f5b7c0b15f2a0b3f7620c52ddc0,2024-11-26T09:00:00Z,2631.47,2605.28,d8d23d1d71cce2c520ca6d9e1331fe4ecb10b400bb19b824b4b4288fd008f3d7
003b7c067c1e8d2f6b90c26b04e6c0e69d7e57d735c8a266a971728639a47fb1,2627.18,2024-11-26T12:10:00Z,e6a096c683f198f6e834737e99893ee3326139b714ec157077dafe226f31ce3f,2024-11-26T12:10:00Z,2627.6,2610.82,2024-12-01T00:00:00Z,2024-11-26T12:00:00Z,0.0,LONG,1.0,11.531585220500446,CONTROL_V2_FILLED_STOP,2024-11-26T12:10:00Z,CONTROL_NEXT_M1_OPEN,2627.6,True,246a1684ac417b2a87ecb8d5b441dc7bee3fae4381391a0c606b774ec7a21241,0.00476758045291588,0.25387365911801446,2024_11,0.2306317044100089,0.2306317044100089,TARGET,2024-11-26T12:34:00Z,TARGET,60c9416eca0be500c5a5755e6b2bba419088ccb2a929946f1f0b066da04e4b29,2024-11-26T12:34:00Z,RETEST_EXPIRED,2024-11-26T12:25:00Z,,2627.18,False,False,INITIAL_CONFIRMATION_TARGET,a3656b3f1876ff08ca7b3f8ed26e0b20d26fd510ccfd3a82acba0d331f0b4aac,44a0fa4b41c04bb085d589baab81e66b42d76f717c45fdcda102e530041e7417,2610.82,,,,CONTROL_V2_FILLED_STOP,False,,2024-11-26T12:10:00Z,2610.82,2631.47,361820de87f411e8dc468c12c4445f8ba1f29ee5dd3951dfd9308eabd841807f
003b7c067c1e8d2f6b90c26b04e6c0e69d7e57d735c8a266a971728639a47fb1,2627.18,2024-11-26T12:10:00Z,e6a096c683f198f6e834737e99893ee3326139b714ec157077dafe226f31ce3f,2024-11-26T12:10:00Z,2627.6,2610.82,2024-12-01T00:00:00Z,2024-11-26T12:00:00Z,0.6665738430956609,LONG,0.25705559339349876,44.860277375283495,M5_LATEST_CONFIRMED_OPPOSING_SWING_ELSE_CONTROL,2024-11-26T12:10:00Z,CONTROL_NEXT_M1_OPEN,2627.6,True,a8db1c45a8954ca57bd793c08d84b02ddd70d6542a79a57c147f3efc8af1bef5,0.018546884702943238,0.9876216104326763,2024_11,0.8972055475056698,0.2306317044100089,TARGET,2024-11-26T12:34:00Z,TARGET,915c77c057d4bd172c8324ea47e70a74b857303e97c85ace2f39a6cd6c7d47f1,2024-11-26T12:34:00Z,RETEST_EXPIRED,2024-11-26T12:25:00Z,,2627.18,False,False,INITIAL_CONFIRMATION_TARGET,68a0a1ef5d566cbd24588a415a94d57081cacfc4457bf2105b667727940bbc70,44a0fa4b41c04bb085d589baab81e66b42d76f717c45fdcda102e530041e7417,2623.286607142857,2.4678571428571234,0.12339285714285618,,M5_LATEST_CONFIRMED_OPPOSING_SWING_ELSE_CONTROL,True,41eebbe86013100f2b198cba4a8cf57964263fb7952d1f6defcddc01d84fe79d,2024-11-26T12:05:00Z,2623.41,2631.47,361820de87f411e8dc468c12c4445f8ba1f29ee5dd3951dfd9308eabd841807f
003b7c067c1e8d2f6b90c26b04e6c0e69d7e57d735c8a266a971728639a47fb1,2627.18,2024-11-26T12:10:00Z,e6a096c683f198f6e834737e99893ee3326139b714ec157077dafe226f31ce3f,2024-11-26T12:10:00Z,2627.6,2610.82,2024-12-01T00:00:00Z,2024-11-26T12:00:00Z,0.022214448179697144,LONG,0.9121424314660442,12.642307629485302,M15_LATEST_CONFIRMED_OPPOSING_SWING_ELSE_CONTROL,2024-11-26T12:10:00Z,CONTROL_NEXT_M1_OPEN,2627.6,True,e226a0ecacd252e0a039493ed21428655db9b468adae581880dff50c0c5d6ab9,0.005226793851978982,0.27832677261814814,2024_11,0.25284615258970605,0.2306317044100089,TARGET,2024-11-26T12:34:00Z,TARGET,a363d3a2fcafebac8cfed75b082a6337825d1430c9118c2191b5654ee02aacbb,2024-11-26T12:34:00Z,RETEST_EXPIRED,2024-11-26T12:25:00Z,,2627.18,False,False,INITIAL_CONFIRMATION_TARGET,7c8350c67afdd0d51b55ee0ac9bb728069ba1e9cc5a878b58919317f8a8d400f,44a0fa4b41c04bb085d589baab81e66b42d76f717c45fdcda102e530041e7417,2612.29425,4.115000000000074,0.2057500000000037,,M15_LATEST_CONFIRMED_OPPOSING_SWING_ELSE_CONTROL,True,a1174be16a31c246b81e0e51a76a2723296a51e6eae103f3a28fa2a3a87dee62,2024-11-26T11:15:00Z,2612.5,2631.47,361820de87f411e8dc468c12c4445f8ba1f29ee5dd3951dfd9308eabd841807f
003b7c067c1e8d2f6b90c26b04e6c0e69d7e57d735c8a266a971728639a47fb1,2627.18,2024-11-26T12:10:00Z,e6a096c683f198f6e834737e99893ee3326139b714ec157077dafe226f31ce3f,2024-11-26T12:10:00Z,2627.6,2610.82,2024-12-01T00:00:00Z,2024-11-26T12:00:00Z,0.0,LONG,1.0,11.531585220500446,CONTROL_V2_FILLED_STOP,2024-11-26T12:10:00Z,CONTROL_NEXT_M1_OPEN,2627.6,True,70aef6d5e12a0c1f14e5caae5401ef911e7f94893653314e17543baa22c98bcb,0.00476758045291588,0.25387365911801446,2024_11,0.2306317044100089,0.2306317044100089,TARGET,2024-11-26T12:34:00Z,TARGET,dfebed0dbaa74a27fe5854f758f86569d78cdfa86964654a4a4612b5dbdca566,2024-11-26T12:34:00Z,RETEST_EXPIRED,2024-11-26T12:25:00Z,,2627.18,False,False,INITIAL_CONFIRMATION_TARGET,a6a34f06a2dff79129121f4f104cd3da929d170f81e4fa38c8fcc188cbdb8502,44a0fa4b41c04bb085d589baab81e66b42d76f717c45fdcda102e530041e7417,2610.82,10.402142857142865,0.5201071428571432,NOT_STRICTLY_CLOSER_THAN_CONTROL,H1_SOURCE_SWING_BUFFERED_ELSE_CONTROL,False,44a0fa4b41c04bb085d589baab81e66b42d76f717c45fdcda102e530041e7417,2024-11-26T12:00:00Z,2610.82,2631.47,361820de87f411e8dc468c12c4445f8ba1f29ee5dd3951dfd9308eabd841807f
003b7c067c1e8d2f6b90c26b04e6c0e69d7e57d735c8a266a971728639a47fb1,2627.18,2024-11-26T12:10:00Z,e6a096c683f198f6e834737e99893ee3326139b714ec157077dafe226f31ce3f,2024-11-26T12:10:00Z,2627.6,2610.82,2024-12-01T00:00:00Z,2024-11-26T12:00:00Z,-0.2306317044100089,LONG,1.0,0.0,CONTROL_V2_FILLED_STOP,,M5_BROKEN_CONTROL_FIRST_RETEST,,False,246a1684ac417b2a87ecb8d5b441dc7bee3fae4381391a0c606b774ec7a21241,,,2024_11,0.0,0.2306317044100089,TARGET,2024-11-26T12:34:00Z,NO_FILL,8a6b159c63165f1b102f8041a89d2d18e8a548ffa59f17b324b9910569208f64,,RETEST_EXPIRED,2024-11-26T12:25:00Z,,2627.18,False,False,INITIAL_CONFIRMATION_TARGET,89919e4cc4e3debfd9900a745e3e2ac91fd2cd5598700852866a75ea888c3397,44a0fa4b41c04bb085d589baab81e66b42d76f717c45fdcda102e530041e7417,2610.82,,,,CONTROL_V2_FILLED_STOP,False,,2024-11-26T12:10:00Z,2610.82,2631.47,361820de87f411e8dc468c12c4445f8ba1f29ee5dd3951dfd9308eabd841807f
003b7c067c1e8d2f6b90c26b04e6c0e69d7e57d735c8a266a971728639a47fb1,2627.18,2024-11-26T12:10:00Z,e6a096c683f198f6e834737e99893ee3326139b714ec157077dafe226f31ce3f,2024-11-26T12:10:00Z,2627.6,2610.82,2024-12-01T00:00:00Z,2024-11-26T12:00:00Z,-0.2306317044100089,LONG,0.25705559339349876,0.0,M5_LATEST_CONFIRMED_OPPOSING_SWING_ELSE_CONTROL,,M5_BROKEN_CONTROL_FIRST_RETEST,,False,a8db1c45a8954ca57bd793c08d84b02ddd70d6542a79a57c147f3efc8af1bef5,,,2024_11,0.0,0.2306317044100089,TARGET,2024-11-26T12:34:00Z,NO_FILL,bbec0eedf9c06e32488c5d49a4e76f5eee5fe195242ee86fa03b9ac0cf4aa665,,RETEST_EXPIRED,2024-11-26T12:25:00Z,,2627.18,False,False,INITIAL_CONFIRMATION_TARGET,e9ec183d8e600ac4ccd495a037ec1dd0843f7b484cf0eef4d8a33b7fab317027,44a0fa4b41c04bb085d589baab81e66b42d76f717c45fdcda102e530041e7417,2623.286607142857,2.4678571428571234,0.12339285714285618,,M5_LATEST_CONFIRMED_OPPOSING_SWING_ELSE_CONTROL,True,41eebbe86013100f2b198cba4a8cf57964263fb7952d1f6defcddc01d84fe79d,2024-11-26T12:05:00Z,2623.41,2631.47,361820de87f411e8dc468c12c4445f8ba1f29ee5dd3951dfd9308eabd841807f
003b7c067c1e8d2f6b90c26b04e6c0e69d7e57d735c8a266a971728639a47fb1,2627.18,2024-11-26T12:10:00Z,e6a096c683f198f6e834737e99893ee3326139b714ec157077dafe226f31ce3f,2024-11-26T12:10:00Z,2627.6,2610.82,2024-12-01T00:00:00Z,2024-11-26T12:00:00Z,-0.2306317044100089,LONG,0.9121424314660442,0.0,M15_LATEST_CONFIRMED_OPPOSING_SWING_ELSE_CONTROL,,M5_BROKEN_CONTROL_FIRST_RETEST,,False,e226a0ecacd252e0a039493ed21428655db9b468adae581880dff50c0c5d6ab9,,,2024_11,0.0,0.2306317044100089,TARGET,2024-11-26T12:34:00Z,NO_FILL,44b1da14fb1c6b2758e3690ba5d7df2e55f7d1d16c440d2dd6787041842f54df,,RETEST_EXPIRED,2024-11-26T12:25:00Z,,2627.18,False,False,INITIAL_CONFIRMATION_TARGET,c4d3a49220eb4928b87412c6f89389b3a4f310d776d9dd9f2c592fca25c858b5,44a0fa4b41c04bb085d589baab81e66b42d76f717c45fdcda102e530041e7417,2612.29425,4.115000000000074,0.2057500000000037,,M15_LATEST_CONFIRMED_OPPOSING_SWING_ELSE_CONTROL,True,a1174be16a31c246b81e0e51a76a2723296a51e6eae103f3a28fa2a3a87dee62,2024-11-26T11:15:00Z,2612.5,2631.47,361820de87f411e8dc468c12c4445f8ba1f29ee5dd3951dfd9308eabd841807f
003b7c067c1e8d2f6b90c26b04e6c0e69d7e57d735c8a266a971728639a47fb1,2627.18,2024-11-26T12:10:00Z,e6a096c683f198f6e834737e99893ee3326139b714ec157077dafe226f31ce3f,2024-11-26T12:10:00Z,2627.6,2610.82,2024-12-01T00:00:00Z,2024-11-26T12:00:00Z,-0.2306317044100089,LONG,1.0,0.0,CONTROL_V2_FILLED_STOP,,M5_BROKEN_CONTROL_FIRST_RETEST,,False,70aef6d5e12a0c1f14e5caae5401ef911e7f94893653314e17543baa22c98bcb,,,2024_11,0.0,0.2306317044100089,TARGET,2024-11-26T12:34:00Z,NO_FILL,818e812c738736bc08a6eaf94eae32a8b16fcc5bdf423046dea2a2f84e71eab2,,RETEST_EXPIRED,2024-11-26T12:25:00Z,,2627.18,False,False,INITIAL_CONFIRMATION_TARGET,99832acfb8779450b4dc08d89a933253f2d318405b043e3d87d07a6974878576,44a0fa4b41c04bb085d589baab81e66b42d76f717c45fdcda102e530041e7417,2610.82,10.402142857142865,0.5201071428571432,NOT_STRICTLY_CLOSER_THAN_CONTROL,H1_SOURCE_SWING_BUFFERED_ELSE_CONTROL,False,44a0fa4b41c04bb085d589baab81e66b42d76f717c45fdcda102e530041e7417,2024-11-26T12:00:00Z,2610.82,2631.47,361820de87f411e8dc468c12c4445f8ba1f29ee5dd3951dfd9308eabd841807f
003b7c067c1e8d2f6b90c26b04e6c0e69d7e57d735c8a266a971728639a47fb1,2627.18,2024-11-26T12:10:00Z,e6a096c683f198f6e834737e99893ee3326139b714ec157077dafe226f31ce3f,2024-11-26T12:10:00Z,2627.6,2610.82,2024-12-01T00:00:00Z,2024-11-26T12:00:00Z,-0.17297377830750668,LONG,1.0,2.8828963051251115,CONTROL_V2_FILLED_STOP,2024-11-26T12:10:00Z,CONFIRMED_25_75_RETEST_SPLIT,2627.6,True,246a1684ac417b2a87ecb8d5b441dc7bee3fae4381391a0c606b774ec7a21241,0.00119189511322897,0.06346841477950362,2024_11,0.05765792610250223,0.2306317044100089,TARGET,2024-11-26T12:34:00Z,SPLIT_CONTROL_TARGET_NO_RETEST,5d3d8793b4a5c77963a973290e2abe9b3b74b32840a3004cab09f3dabdc2c481,2024-11-26T12:34:00Z,RETEST_EXPIRED,2024-11-26T12:25:00Z,,2627.18,False,False,INITIAL_CONFIRMATION_TARGET,50b1436637463c5d29e634ad5ffa5fe7a36adba2a16997f142b70d86d742f852,44a0fa4b41c04bb085d589baab81e66b42d76f717c45fdcda102e530041e7417,2610.82,,,,CONTROL_V2_FILLED_STOP,False,,2024-11-26T12:10:00Z,2610.82,2631.47,361820de87f411e8dc468c12c4445f8ba1f29ee5dd3951dfd9308eabd841807f
003b7c067c1e8d2f6b90c26b04e6c0e69d7e57d735c8a266a971728639a47fb1,2627.18,2024-11-26T12:10:00Z,e6a096c683f198f6e834737e99893ee3326139b714ec157077dafe226f31ce3f,2024-11-26T12:10:00Z,2627.6,2610.82,2024-12-01T00:00:00Z,2024-11-26T12:00:00Z,-0.006330317533591451,LONG,0.25705559339349876,11.215069343820874,M5_LATEST_CONFIRMED_OPPOSING_SWING_ELSE_CONTROL,2024-11-26T12:10:00Z,CONFIRMED_25_75_RETEST_SPLIT,2627.6,True,a8db1c45a8954ca57bd793c08d84b02ddd70d6542a79a57c147f3efc8af1bef5,0.0046367211757358095,0.24690540260816907,2024_11,0.22430138687641746,0.2306317044100089,TARGET,2024-11-26T12:34:00Z,SPLIT_CONTROL_TARGET_NO_RETEST,3a274572401de632337eb4e849dfd71cb8f9380a8510ee52d86445dbdfbd93ca,2024-11-26T12:34:00Z,RETEST_EXPIRED,2024-11-26T12:25:00Z,,2627.18,False,False,INITIAL_CONFIRMATION_TARGET,b2efcbd4cd8cb13146b6c6c08eb494a1ad103c1970275d0383e728a15c10ba7f,44a0fa4b41c04bb085d589baab81e66b42d76f717c45fdcda102e530041e7417,2623.286607142857,2.4678571428571234,0.12339285714285618,,M5_LATEST_CONFIRMED_OPPOSING_SWING_ELSE_CONTROL,True,41eebbe86013100f2b198cba4a8cf57964263fb7952d1f6defcddc01d84fe79d,2024-11-26T12:05:00Z,2623.41,2631.47,361820de87f411e8dc468c12c4445f8ba1f29ee5dd3951dfd9308eabd841807f
003b7c067c1e8d2f6b90c26b04e6c0e69d7e57d735c8a266a971728639a47fb1,2627.18,2024-11-26T12:10:00Z,e6a096c683f198f6e834737e99893ee3326139b714ec157077dafe226f31ce3f,2024-11-26T12:10:00Z,2627.6,2610.82,2024-12-01T00:00:00Z,2024-11-26T12:00:00Z,-0.16742016626258238,LONG,0.9121424314660442,3.1605769073713255,M15_LATEST_CONFIRMED_OPPOSING_SWING_ELSE_CONTROL,2024-11-26T12:10:00Z,CONFIRMED_25_75_RETEST_SPLIT,2627.6,True,e226a0ecacd252e0a039493ed21428655db9b468adae581880dff50c0c5d6ab9,0.0013066984629947454,0.06958169315453704,2024_11,0.06321153814742651,0.2306317044100089,TARGET,2024-11-26T12:34:00Z,SPLIT_CONTROL_TARGET_NO_RETEST,d7b491318d2a63d1e8e9928082906c6abd92b6168048104e8c70c97b89fc0d56,2024-11-26T12:34:00Z,RETEST_EXPIRED,2024-11-26T12:25:00Z,,2627.18,False,False,INITIAL_CONFIRMATION_TARGET,33cf933a8276e485e0482a6039c63df56a671837ef014b6fa8339dc508fdaa94,44a0fa4b41c04bb085d589baab81e66b42d76f717c45fdcda102e530041e7417,2612.29425,4.115000000000074,0.2057500000000037,,M15_LATEST_CONFIRMED_OPPOSING_SWING_ELSE_CONTROL,True,a1174be16a31c246b81e0e51a76a2723296a51e6eae103f3a28fa2a3a87dee62,2024-11-26T11:15:00Z,2612.5,2631.47,361820de87f411e8dc468c12c4445f8ba1f29ee5dd3951dfd9308eabd841807f
003b7c067c1e8d2f6b90c26b04e6c0e69d7e57d735c8a266a971728639a47fb1,2627.18,2024-11-26T12:10:00Z,e6a096c683f198f6e834737e99893ee3326139b714ec157077dafe226f31ce3f,2024-11-26T12:10:00Z,2627.6,2610.82,2024-12-01T00:00:00Z,2024-11-26T12:00:00Z,-0.17297377830750668,LONG,1.0,2.8828963051251115,CONTROL_V2_FILLED_STOP,2024-11-26T12:10:00Z,CONFIRMED_25_75_RETEST_SPLIT,2627.6,True,70aef6d5e12a0c1f14e5caae5401ef911e7f94893653314e17543baa22c98bcb,0.00119189511322897,0.06346841477950362,2024_11,0.05765792610250223,0.2306317044100089,TARGET,2024-11-26T12:34:00Z,SPLIT_CONTROL_TARGET_NO_RETEST,9151367ecbf1215cf660083b9e0b5771f4b5c9b003990d295ade606243456b2a,2024-11-26T12:34:00Z,RETEST_EXPIRED,2024-11-26T12:25:00Z,,2627.18,False,False,INITIAL_CONFIRMATION_TARGET,23b0012d6e79543280b6eac630e5406f13ef967a460f14faf9ada3c3b63c7a14,44a0fa4b41c04bb085d589baab81e66b42d76f717c45fdcda102e530041e7417,2610.82,10.402142857142865,0.5201071428571432,NOT_STRICTLY_CLOSER_THAN_CONTROL,H1_SOURCE_SWING_BUFFERED_ELSE_CONTROL,False,44a0fa4b41c04bb085d589baab81e66b42d76f717c45fdcda102e530041e7417,2024-11-26T12:00:00Z,2610.82,2631.47,361820de87f411e8dc468c12c4445f8ba1f29ee5dd3951dfd9308eabd841807f
7f6502ffb23a4c1dd1e378086b20cb35fc3e857915aa25d3c202ec0328415a0c,2621.4,2024-11-26T20:15:00Z,0cabbdff60f69b5d99565a7754ed709493dc0706605f825a34a72f9566db3488,2024-11-26T20:15:00Z,2620.56,2641.96,2024-12-01T00:00:00Z,2024-11-26T18:00:00Z,0.0,SHORT,1.0,-50.0,CONTROL_V2_FILLED_STOP,2024-11-26T20:15:00Z,CONTROL_NEXT_M1_OPEN,2620.56,True,4aa54ce3d0e536bd103567b6d8d1753e3055f0b802c63bc7cadcc24e5a01c620,1.0158878504672963,0.04392523364486218,2024_11,-1.0,-1.0,STOP,2024-11-27T07:31:00Z,STOP,9cc4afcb5b945dba677530050063c34e158c8057d26a9f5d363e4c3017244c48,2024-11-27T07:31:00Z,FIRST_RETEST_FILLED,2024-11-26T20:30:00Z,2024-11-26T20:15:00Z,2621.4,True,False,INITIAL_CONFIRMATION_STOP,fa25bd7d831e3473e1a601333875d2a87cb2b95e5530ffd77de24263638242cd,9c0852bfb021290357d69b616a1c4678747c3daa74efc525c0999d9d1ab45538,2641.96,,,,CONTROL_V2_FILLED_STOP,False,,2024-11-26T20:15:00Z,2641.96,2610.82,850d51071daa51df13b7139107a987fc8c9bb6d74fd35a9d8cd622b47986c6c9
7f6502ffb23a4c1dd1e378086b20cb35fc3e857915aa25d3c202ec0328415a0c,2621.4,2024-11-26T20:15:00Z,0cabbdff60f69b5d99565a7754ed709493dc0706605f825a34a72f9566db3488,2024-11-26T20:15:00Z,2620.56,2641.96,2024-12-01T00:00:00Z,2024-11-26T18:00:00Z,0.0,SHORT,0.34061582109479727,-50.0,M5_LATEST_CONFIRMED_OPPOSING_SWING_ELSE_CONTROL,2024-11-26T20:15:00Z,CONTROL_NEXT_M1_OPEN,2620.56,True,a0f587b97af12a703ce0c530a5fec06c4de228b1b497744abdd1f9a8272fed3f,1.0028564849066623,0.12895828944081045,2024_11,-1.0,-1.0,STOP,2024-11-27T07:31:00Z,STOP,3a2671bfc24e28bd281fb5d50f902fe86ae0dba88c90e3af198458380316993f,2024-11-26T21:07:00Z,FIRST_RETEST_FILLED,2024-11-26T20:30:00Z,2024-11-26T20:15:00Z,2621.4,True,False,INITIAL_CONFIRMATION_STOP,538078572d52116a7a885cf4e5c8968b298a57f4a36c38d6e35e20f970950b6f,9c0852bfb021290357d69b616a1c4678747c3daa74efc525c0999d9d1ab45538,2627.8491785714286,1.7835714285714468,0.08917857142857234,,M5_LATEST_CONFIRMED_OPPOSING_SWING_ELSE_CONTROL,True,a22bc82412b1e339e56aea1c8bbcdf6d7b46cd9185d5726a2b5fd166102dc959,2024-11-26T19:45:00Z,2627.76,2610.82,850d51071daa51df13b7139107a987fc8c9bb6d74fd35a9d8cd622b47986c6c9
7f6502ffb23a4c1dd1e378086b20cb35fc3e857915aa25d3c202ec0328415a0c,2621.4,2024-11-26T20:15:00Z,0cabbdff60f69b5d99565a7754ed709493dc0706605f825a34a72f9566db3488,2024-11-26T20:15:00Z,2620.56,2641.96,2024-12-01T00:00:00Z,2024-11-26T18:00:00Z,0.0,SHORT,0.5178204272363103,-50.0,M15_LATEST_CONFIRMED_OPPOSING_SWING_ELSE_CONTROL,2024-11-26T20:15:00Z,CONTROL_NEXT_M1_OPEN,2620.56,True,5432cc1baa5443eeaee65f4626f104b31d018a27c9c0bd777d75f2d8fe80be3d,1.0233403592907189,0.0848271550029382,2024_11,-1.0,-1.0,STOP,2024-11-27T07:31:00Z,STOP,80552ff82fd49b1e779f24ce2f40b337173f26c87a702ee37c10dd071c02c640,2024-11-26T22:54:00Z,FIRST_RETEST_FILLED,2024-11-26T20:30:00Z,2024-11-26T20:15:00Z,2621.4,True,False,INITIAL_CONFIRMATION_STOP,89db875b5446b005f8f7a8b3b4d783febd307b27106e27af28fdf761165f8ba4,9c0852bfb021290357d69b616a1c4678747c3daa74efc525c0999d9d1ab45538,2631.641357142857,4.027142857142865,0.20135714285714323,,M15_LATEST_CONFIRMED_OPPOSING_SWING_ELSE_CONTROL,True,fc4ecc3490969e75aa6d2cd7970cffbdca14667d4bfa316bd5da1642f204224b,2024-11-26T19:15:00Z,2631.44,2610.82,850d51071daa51df13b7139107a987fc8c9bb6d74fd35a9d8cd622b47986c6c9
7f6502ffb23a4c1dd1e378086b20cb35fc3e857915aa25d3c202ec0328415a0c,2621.4,2024-11-26T20:15:00Z,0cabbdff60f69b5d99565a7754ed709493dc0706605f825a34a72f9566db3488,2024-11-26T20:15:00Z,2620.56,2641.96,2024-12-01T00:00:00Z,2024-11-26T18:00:00Z,0.0,SHORT,1.0,-50.0,CONTROL_V2_FILLED_STOP,2024-11-26T20:15:00Z,CONTROL_NEXT_M1_OPEN,2620.56,True,e2c12f5dd42f9b4b1f5d849701f90a6a3f228470106dfbc7f3bb5eaa19f7512c,1.0158878504672963,0.04392523364486218,2024_11,-1.0,-1.0,STOP,2024-11-27T07:31:00Z,STOP,6373955815c10c4b2a098aa30de59a76bd46e784e33ade41b36316758a804a69,2024-11-27T07:31:00Z,FIRST_RETEST_FILLED,2024-11-26T20:30:00Z,2024-11-26T20:15:00Z,2621.4,True,False,INITIAL_CONFIRMATION_STOP,e4691324177a258d236e65d6ec8c42931b15cd5ded0a162cc1b5a5d402639018,9c0852bfb021290357d69b616a1c4678747c3daa74efc525c0999d9d1ab45538,2641.96,9.079285714285723,0.45396428571428615,NOT_STRICTLY_CLOSER_THAN_CONTROL,H1_SOURCE_SWING_BUFFERED_ELSE_CONTROL,False,9c0852bfb021290357d69b616a1c4678747c3daa74efc525c0999d9d1ab45538,2024-11-26T18:00:00Z,2641.96,2610.82,850d51071daa51df13b7139107a987fc8c9bb6d74fd35a9d8cd622b47986c6c9
7f6502ffb23a4c1dd1e378086b20cb35fc3e857915aa25d3c202ec0328415a0c,2621.4,2024-11-26T20:15:00Z,0cabbdff60f69b5d99565a7754ed709493dc0706605f825a34a72f9566db3488,2024-11-26T20:15:00Z,2620.56,2641.96,2024-12-01T00:00:00Z,2024-11-26T18:00:00Z,0.0,SHORT,1.0,-50.0,CONTROL_V2_FILLED_STOP,2024-11-26T20:15:00Z,M5_BROKEN_CONTROL_FIRST_RETEST,2621.4,True,4aa54ce3d0e536bd103567b6d8d1753e3055f0b802c63bc7cadcc24e5a01c620,1.0165369649805518,0.08657587548639128,2024_11,-1.0,-1.0,STOP,2024-11-27T07:31:00Z,STOP,4f08d48737dcfff5a70e00b39d058b6c51ba702c0bb91e0dbd9060ae81546d90,2024-11-27T07:31:00Z,FIRST_RETEST_FILLED,2024-11-26T20:30:00Z,2024-11-26T20:15:00Z,2621.4,True,True,INITIAL_CONFIRMATION_STOP,5441b3761a96666a175a4057a88ce6d50429cac76e90cc623b990ad752874a0f,9c0852bfb021290357d69b616a1c4678747c3daa74efc525c0999d9d1ab45538,2641.96,,,,CONTROL_V2_FILLED_STOP,False,,2024-11-26T20:15:00Z,2641.96,2610.82,850d51071daa51df13b7139107a987fc8c9bb6d74fd35a9d8cd622b47986c6c9
7f6502ffb23a4c1dd1e378086b20cb35fc3e857915aa25d3c202ec0328415a0c,2621.4,2024-11-26T20:15:00Z,0cabbdff60f69b5d99565a7754ed709493dc0706605f825a34a72f9566db3488,2024-11-26T20:15:00Z,2620.56,2641.96,2024-12-01T00:00:00Z,2024-11-26T18:00:00Z,0.0,SHORT,0.34061582109479727,-50.0,M5_LATEST_CONFIRMED_OPPOSING_SWING_ELSE_CONTROL,2024-11-26T20:15:00Z,M5_BROKEN_CONTROL_FIRST_RETEST,2621.4,True,a0f587b97af12a703ce0c530a5fec06c4de228b1b497744abdd1f9a8272fed3f,1.0032285396257279,0.27600414227728776,2024_11,-1.0,-1.0,STOP,2024-11-27T07:31:00Z,STOP,9ecbe8529ade761000d3c966dcd23fd0371e83a8b2e47bb30809d2ad5388116b,2024-11-26T21:07:00Z,FIRST_RETEST_FILLED,2024-11-26T20:30:00Z,2024-11-26T20:15:00Z,2621.4,True,True,INITIAL_CONFIRMATION_STOP,bb4661c490ac6771f6a2b2ec0749ce29b494f2be53cf7d3ebc0fa0e4680b9b33,9c0852bfb021290357d69b616a1c4678747c3daa74efc525c0999d9d1ab45538,2627.8491785714286,1.7835714285714468,0.08917857142857234,,M5_LATEST_CONFIRMED_OPPOSING_SWING_ELSE_CONTROL,True,a22bc82412b1e339e56aea1c8bbcdf6d7b46cd9185d5726a2b5fd166102dc959,2024-11-26T19:45:00Z,2627.76,2610.82,850d51071daa51df13b7139107a987fc8c9bb6d74fd35a9d8cd622b47986c6c9
7f6502ffb23a4c1dd1e378086b20cb35fc3e857915aa25d3c202ec0328415a0c,2621.4,2024-11-26T20:15:00Z,0cabbdff60f69b5d99565a7754ed709493dc0706605f825a34a72f9566db3488,2024-11-26T20:15:00Z,2620.56,2641.96,2024-12-01T00:00:00Z,2024-11-26T18:00:00Z,0.0,SHORT,0.5178204272363103,-50.0,M15_LATEST_CONFIRMED_OPPOSING_SWING_ELSE_CONTROL,2024-11-26T20:15:00Z,M5_BROKEN_CONTROL_FIRST_RETEST,2621.4,True,5432cc1baa5443eeaee65f4626f104b31d018a27c9c0bd777d75f2d8fe80be3d,1.0252547444186588,0.1738050900062303,2024_11,-1.0,-1.0,STOP,2024-11-27T07:31:00Z,STOP,0495ee72ea8f5b0b909ae80b875402c9b830b53a2cbb3e645ccf9d6f6353b0cc,2024-11-26T22:54:00Z,FIRST_RETEST_FILLED,2024-11-26T20:30:00Z,2024-11-26T20:15:00Z,2621.4,True,True,INITIAL_CONFIRMATION_STOP,11331c4d73beb3e7c1f0349b2762834f30672c45f5ff60ea87d6e5dee6b82a8c,9c0852bfb021290357d69b616a1c4678747c3daa74efc525c0999d9d1ab45538,2631.641357142857,4.027142857142865,0.20135714285714323,,M15_LATEST_CONFIRMED_OPPOSING_SWING_ELSE_CONTROL,True,fc4ecc3490969e75aa6d2cd7970cffbdca14667d4bfa316bd5da1642f204224b,2024-11-26T19:15:00Z,2631.44,2610.82,850d51071daa51df13b7139107a987fc8c9bb6d74fd35a9d8cd622b47986c6c9
7f6502ffb23a4c1dd1e378086b20cb35fc3e857915aa25d3c202ec0328415a0c,2621.4,2024-11-26T20:15:00Z,0cabbdff60f69b5d99565a7754ed709493dc0706605f825a34a72f9566db3488,2024-11-26T20:15:00Z,2620.56,2641.96,2024-12-01T00:00:00Z,2024-11-26T18:00:00Z,0.0,SHORT,1.0,-50.0,CONTROL_V2_FILLED_STOP,2024-11-26T20:15:00Z,M5_BROKEN_CONTROL_FIRST_RETEST,2621.4,True,e2c12f5dd42f9b4b1f5d849701f90a6a3f228470106dfbc7f3bb5eaa19f7512c,1.0165369649805518,0.08657587548639128,2024_11,-1.0,-1.0,STOP,2024-11-27T07:31:00Z,STOP,6bf6db5d7be492c0c22cf3e571556f88c3ba1098ddc7f4d3e50dc4b22c72d19a,2024-11-27T07:31:00Z,FIRST_RETEST_FILLED,2024-11-26T20:30:00Z,2024-11-26T20:15:00Z,2621.4,True,True,INITIAL_CONFIRMATION_STOP,27c57756a987c20d636d0b13b9cdb40f508458a7f41cdae5fc473d410a3b6e8d,9c0852bfb021290357d69b616a1c4678747c3daa74efc525c0999d9d1ab45538,2641.96,9.079285714285723,0.45396428571428615,NOT_STRICTLY_CLOSER_THAN_CONTROL,H1_SOURCE_SWING_BUFFERED_ELSE_CONTROL,False,9c0852bfb021290357d69b616a1c4678747c3daa74efc525c0999d9d1ab45538,2024-11-26T18:00:00Z,2641.96,2610.82,850d51071daa51df13b7139107a987fc8c9bb6d74fd35a9d8cd622b47986c6c9
7f6502ffb23a4c1dd1e378086b20cb35fc3e857915aa25d3c202ec0328415a0c,2621.4,2024-11-26T20:15:00Z,0cabbdff60f69b5d99565a7754ed709493dc0706605f825a34a72f9566db3488,2024-11-26T20:15:00Z,2620.56,2641.96,2024-12-01T00:00:00Z,2024-11-26T18:00:00Z,0.0,SHORT,1.0,-50.0,CONTROL_V2_FILLED_STOP,2024-11-26T20:15:00Z,CONFIRMED_25_75_RETEST_SPLIT,2620.56,True,4aa54ce3d0e536bd103567b6d8d1753e3055f0b802c63bc7cadcc24e5a01c620,1.016374686352238,0.075913215026009,2024_11,-1.0,-1.0,STOP,2024-11-27T07:31:00Z,SPLIT_STOP_STOP,f483de0d67343446e6a34784c108225e36d43a86f256f75911de3204651a3057,2024-11-27T07:31:00Z,FIRST_RETEST_FILLED,2024-11-26T20:30:00Z,2024-11-26T20:15:00Z,2621.4,True,True,INITIAL_CONFIRMATION_STOP,2e4b80dc027bb565f91bea7e3fd4aed7eaa5496ff116951d2463a69a782135f9,9c0852bfb021290357d69b616a1c4678747c3daa74efc525c0999d9d1ab45538,2641.96,,,,CONTROL_V2_FILLED_STOP,False,,2024-11-26T20:15:00Z,2641.96,2610.82,850d51071daa51df13b7139107a987fc8c9bb6d74fd35a9d8cd622b47986c6c9
7f6502ffb23a4c1dd1e378086b20cb35fc3e857915aa25d3c202ec0328415a0c,2621.4,2024-11-26T20:15:00Z,0cabbdff60f69b5d99565a7754ed709493dc0706605f825a34a72f9566db3488,2024-11-26T20:15:00Z,2620.56,2641.96,2024-12-01T00:00:00Z,2024-11-26T18:00:00Z,0.0,SHORT,0.34061582109479727,-50.0,M5_LATEST_CONFIRMED_OPPOSING_SWING_ELSE_CONTROL,2024-11-26T20:15:00Z,CONFIRMED_25_75_RETEST_SPLIT,2620.56,True,a0f587b97af12a703ce0c530a5fec06c4de228b1b497744abdd1f9a8272fed3f,1.0031355259459613,0.23924267906816843,2024_11,-1.0,-1.0,STOP,2024-11-27T07:31:00Z,SPLIT_STOP_STOP,89b2baa7fc0586c5a7368cacf6a26c7bcce5b9227ebcbace601405643aa8b1d6,2024-11-26T21:07:00Z,FIRST_RETEST_FILLED,2024-11-26T20:30:00Z,2024-11-26T20:15:00Z,2621.4,True,True,INITIAL_CONFIRMATION_STOP,f6c2b81db1a4b7eb9e65e2729b90b6f8d745bb87d354d19e31af86cfdbcad81e,9c0852bfb021290357d69b616a1c4678747c3daa74efc525c0999d9d1ab45538,2627.8491785714286,1.7835714285714468,0.08917857142857234,,M5_LATEST_CONFIRMED_OPPOSING_SWING_ELSE_CONTROL,True,a22bc82412b1e339e56aea1c8bbcdf6d7b46cd9185d5726a2b5fd166102dc959,2024-11-26T19:45:00Z,2627.76,2610.82,850d51071daa51df13b7139107a987fc8c9bb6d74fd35a9d8cd622b47986c6c9
7f6502ffb23a4c1dd1e378086b20cb35fc3e857915aa25d3c202ec0328415a0c,2621.4,2024-11-26T20:15:00Z,0cabbdff60f69b5d99565a7754ed709493dc0706605f825a34a72f9566db3488,2024-11-26T20:15:00Z,2620.56,2641.96,2024-12-01T00:00:00Z,2024-11-26T18:00:00Z,0.0,SHORT,0.5178204272363103,-50.0,M15_LATEST_CONFIRMED_OPPOSING_SWING_ELSE_CONTROL,2024-11-26T20:15:00Z,CONFIRMED_25_75_RETEST_SPLIT,2620.56,True,5432cc1baa5443eeaee65f4626f104b31d018a27c9c0bd777d75f2d8fe80be3d,1.024776148136674,0.1515606062554073,2024_11,-1.0,-1.0,STOP,2024-11-27T07:31:00Z,SPLIT_STOP_STOP,faf725258833dcc3995f2800272d1fc566686f5cb385e0c2d8ffa94d3755b258,2024-11-26T22:54:00Z,FIRST_RETEST_FILLED,2024-11-26T20:30:00Z,2024-11-26T20:15:00Z,2621.4,True,True,INITIAL_CONFIRMATION_STOP,b1dd0830c2f999973c35a3a4b7a988c6734c21072a0e1d9d9519798c98b5c14d,9c0852bfb021290357d69b616a1c4678747c3daa74efc525c0999d9d1ab45538,2631.641357142857,4.027142857142865,0.20135714285714323,,M15_LATEST_CONFIRMED_OPPOSING_SWING_ELSE_CONTROL,True,fc4ecc3490969e75aa6d2cd7970cffbdca14667d4bfa316bd5da1642f204224b,2024-11-26T19:15:00Z,2631.44,2610.82,850d51071daa51df13b7139107a987fc8c9bb6d74fd35a9d8cd622b47986c6c9
7f6502ffb23a4c1dd1e378086b20cb35fc3e857915aa25d3c202ec0328415a0c,2621.4,2024-11-26T20:15:00Z,0cabbdff60f69b5d99565a7754ed709493dc0706605f825a34a72f9566db3488,2024-11-26T20:15:00Z,2620.56,2641.96,2024-12-01T00:00:00Z,2024-11-26T18:00:00Z,0.0,SHORT,1.0,-50.0,CONTROL_V2_FILLED_STOP,2024-11-26T20:15:00Z,CONFIRMED_25_75_RETEST_SPLIT,2620.56,True,e2c12f5dd42f9b4b1f5d849701f90a6a3f228470106dfbc7f3bb5eaa19f7512c,1.016374686352238,0.075913215026009,2024_11,-1.0,-1.0,STOP,2024-11-27T07:31:00Z,SPLIT_STOP_STOP,eb55f9d3da6ce0bf2104f670203c003ce92736244185911d6bf21fcc1c0e01df,2024-11-27T07:31:00Z,FIRST_RETEST_FILLED,2024-11-26T20:30:00Z,2024-11-26T20:15:00Z,2621.4,True,True,INITIAL_CONFIRMATION_STOP,556d9b5eebd9205203d4c86d94fced3dcd04efa1e56c351754ebbf3f7707ce29,9c0852bfb021290357d69b616a1c4678747c3daa74efc525c0999d9d1ab45538,2641.96,9.079285714285723,0.45396428571428615,NOT_STRICTLY_CLOSER_THAN_CONTROL,H1_SOURCE_SWING_BUFFERED_ELSE_CONTROL,False,9c0852bfb021290357d69b616a1c4678747c3daa74efc525c0999d9d1ab45538,2024-11-26T18:00:00Z,2641.96,2610.82,850d51071daa51df13b7139107a987fc8c9bb6d74fd35a9d8cd622b47986c6c9
2d17827544368e48ed923ffa2badde1baea69fe20efae952a71e4a0cf5bace19,2631.44,2024-11-26T22:55:00Z,e4818aad7dfac5173eb5404141bd8428b64fd1018a580e303c0fc14c7b29d358,2024-11-26T22:55:00Z,2631.77,2616.84,2024-12-01T00:00:00Z,2024-11-26T19:00:00Z,0.0,LONG,1.0,34.12592096450156,CONTROL_V2_FILLED_STOP,2024-11-26T22:55:00Z,CONTROL_NEXT_M1_OPEN,2631.77,True,1960162f93b9b55224d9453949ecfffca026e87401bc7daa1b3b66db3b5c49f5,0.31480241125250297,0.7052913596785207,2024_11,0.6825184192900312,0.6825184192900312,TARGET,2024-11-27T07:31:00Z,TARGET,d10de65190fd5b0ed07ba3ba3d023c7242b6a8f37e5663f45f706ba0149086b0,2024-11-27T07:31:00Z,FIRST_RETEST_FILLED,2024-11-26T23:10:00Z,2024-11-26T22:58:00Z,2631.44,True,False,INITIAL_CONFIRMATION_TARGET,bd71bdc26ac5a5fca0284563b12720d9fbe9bd82323df0e664383e75e4524d69,93638fe110e886a7b57b5760deaa651abf3ba6d78d77a9587d37ef761068d21e,2616.84,,,,CONTROL_V2_FILLED_STOP,False,,2024-11-26T22:55:00Z,2616.84,2641.96,198a7004bae3db0d81fd8eca41aeadad6fa68bd5f35edf23d5732fd08057c53e
2d17827544368e48ed923ffa2badde1baea69fe20efae952a71e4a0cf5bace19,2631.44,2024-11-26T22:55:00Z,e4818aad7dfac5173eb5404141bd8428b64fd1018a580e303c0fc14c7b29d358,2024-11-26T22:55:00Z,2631.77,2616.84,2024-12-01T00:00:00Z,2024-11-26T19:00:00Z,-1.682518419290031,LONG,0.2839800019136872,-50.0,M5_LATEST_CONFIRMED_OPPOSING_SWING_ELSE_CONTROL,2024-11-26T22:55:00Z,CONTROL_NEXT_M1_OPEN,2631.77,True,82945485d5de96c1f8b15d3f340849601092286763aac17d5e8cae10b15f1343,1.0731584045824778,0.5707787558438616,2024_11,-1.0,0.6825184192900312,TARGET,2024-11-27T07:31:00Z,STOP,bb38b08f9db606f2943ddc98b3d2d3f23379a23dea2580c20504f98a68f15a5c,2024-11-27T02:48:00Z,FIRST_RETEST_FILLED,2024-11-26T23:10:00Z,2024-11-26T22:58:00Z,2631.44,True,False,INITIAL_CONFIRMATION_TARGET,b5320b48101d284fe6b073602cd867df894eed17bbb4104e83363b037655cdc1,93638fe110e886a7b57b5760deaa651abf3ba6d78d77a9587d37ef761068d21e,2627.5301785714287,1.1964285714286365,0.05982142857143183,,M5_LATEST_CONFIRMED_OPPOSING_SWING_ELSE_CONTROL,True,e7df436a2ebe6f6f96f271e848fdb88e681130b444d7c09ea6d6cc6f8af934b2,2024-11-26T22:40:00Z,2627.59,2641.96,198a7004bae3db0d81fd8eca41aeadad6fa68bd5f35edf23d5732fd08057c53e
2d17827544368e48ed923ffa2badde1baea69fe20efae952a71e4a0cf5bace19,2631.44,2024-11-26T22:55:00Z,e4818aad7dfac5173eb5404141bd8428b64fd1018a580e303c0fc14c7b29d358,2024-11-26T22:55:00Z,2631.77,2616.84,2024-12-01T00:00:00Z,2024-11-26T19:00:00Z,0.1460186604449064,LONG,0.823763276241517,41.42685398674688,M15_LATEST_CONFIRMED_OPPOSING_SWING_ELSE_CONTROL,2024-11-26T22:55:00Z,CONTROL_NEXT_M1_OPEN,2631.77,True,59ff2ac848d8523f96f313a46ec2f5afc3f77ea6900926e740b86fc57461dc1c,0.38215154806222135,0.8561820853394517,2024_11,0.8285370797349376,0.6825184192900312,TARGET,2024-11-27T07:31:00Z,TARGET,e717de05249ab8c7ee2a9fbfbe5d1bcf12c65d03c3487e0959ce1364efd22c1e,2024-11-27T07:31:00Z,FIRST_RETEST_FILLED,2024-11-26T23:10:00Z,2024-11-26T22:58:00Z,2631.44,True,False,INITIAL_CONFIRMATION_TARGET,e63f6b26d53b4db2021e2ffddebf931c418a9e080ba3ffbcb743ed1900c19cd5,93638fe110e886a7b57b5760deaa651abf3ba6d78d77a9587d37ef761068d21e,2619.4712142857143,2.9757142857142753,0.14878571428571377,,M15_LATEST_CONFIRMED_OPPOSING_SWING_ELSE_CONTROL,True,47ea7e323afd26269b440a016a91ad4ba629465bf17c51cf47b387588bc97ff2,2024-11-26T21:15:00Z,2619.62,2641.96,198a7004bae3db0d81fd8eca41aeadad6fa68bd5f35edf23d5732fd08057c53e
2d17827544368e48ed923ffa2badde1baea69fe20efae952a71e4a0cf5bace19,2631.44,2024-11-26T22:55:00Z,e4818aad7dfac5173eb5404141bd8428b64fd1018a580e303c0fc14c7b29d358,2024-11-26T22:55:00Z,2631.77,2616.84,2024-12-01T00:00:00Z,2024-11-26T19:00:00Z,0.0,LONG,1.0,34.12592096450156,CONTROL_V2_FILLED_STOP,2024-11-26T22:55:00Z,CONTROL_NEXT_M1_OPEN,2631.77,True,6daf8bfed5a982ce5acad31c22094dd2cae94c1b3ab71aa5d2af95fb49cfcaea,0.31480241125250297,0.7052913596785207,2024_11,0.6825184192900312,0.6825184192900312,TARGET,2024-11-27T07:31:00Z,TARGET,e8e39ba70772769cb829a0dd5cce1537b184652a2807082ce8e5ef3b0830f8f7,2024-11-27T07:31:00Z,FIRST_RETEST_FILLED,2024-11-26T23:10:00Z,2024-11-26T22:58:00Z,2631.44,True,False,INITIAL_CONFIRMATION_TARGET,0f8e6384186f96aee232331032afade17777fa1a44323393ee55c4797c2e4e7e,93638fe110e886a7b57b5760deaa651abf3ba6d78d77a9587d37ef761068d21e,2616.84,8.847857142857167,0.44239285714285836,NOT_STRICTLY_CLOSER_THAN_CONTROL,H1_SOURCE_SWING_BUFFERED_ELSE_CONTROL,False,93638fe110e886a7b57b5760deaa651abf3ba6d78d77a9587d37ef761068d21e,2024-11-26T19:00:00Z,2616.84,2641.96,198a7004bae3db0d81fd8eca41aeadad6fa68bd5f35edf23d5732fd08057c53e
2d17827544368e48ed923ffa2badde1baea69fe20efae952a71e4a0cf5bace19,2631.44,2024-11-26T22:55:00Z,e4818aad7dfac5173eb5404141bd8428b64fd1018a580e303c0fc14c7b29d358,2024-11-26T22:55:00Z,2631.77,2616.84,2024-12-01T00:00:00Z,2024-11-26T19:00:00Z,0.0380295259154515,LONG,1.0,36.027397260274135,CONTROL_V2_FILLED_STOP,2024-11-26T22:58:00Z,M5_BROKEN_CONTROL_FIRST_RETEST,2631.44,True,1960162f93b9b55224d9453949ecfffca026e87401bc7daa1b3b66db3b5c49f5,0.2993150684931451,0.7438356164383695,2024_11,0.7205479452054827,0.6825184192900312,TARGET,2024-11-27T07:31:00Z,TARGET,dcd4a7d54b65345f2a1025723de1e8265b809608aaf82d10fd16f11fed54743e,2024-11-27T07:31:00Z,FIRST_RETEST_FILLED,2024-11-26T23:10:00Z,2024-11-26T22:58:00Z,2631.44,True,True,INITIAL_CONFIRMATION_TARGET,6cc113c20e1f686f21d9aefad0423f8bd70569a31ee0f7d423a999f96d040672,93638fe110e886a7b57b5760deaa651abf3ba6d78d77a9587d37ef761068d21e,2616.84,,,,CONTROL_V2_FILLED_STOP,False,,2024-11-26T22:55:00Z,2616.84,2641.96,198a7004bae3db0d81fd8eca41aeadad6fa68bd5f35edf23d5732fd08057c53e
2d17827544368e48ed923ffa2badde1baea69fe20efae952a71e4a0cf5bace19,2631.44,2024-11-26T22:55:00Z,e4818aad7dfac5173eb5404141bd8428b64fd1018a580e303c0fc14c7b29d358,2024-11-26T22:55:00Z,2631.77,2616.84,2024-12-01T00:00:00Z,2024-11-26T19:00:00Z,-1.682518419290031,LONG,0.2839800019136872,-50.0,M5_LATEST_CONFIRMED_OPPOSING_SWING_ELSE_CONTROL,2024-11-26T22:58:00Z,M5_BROKEN_CONTROL_FIRST_RETEST,2631.44,True,82945485d5de96c1f8b15d3f340849601092286763aac17d5e8cae10b15f1343,1.0793331810916529,0.7033569308061295,2024_11,-1.0,0.6825184192900312,TARGET,2024-11-27T07:31:00Z,STOP,434bb61e7eaa9b16e837d14d8660cb4cbc5a7e8e6a8ea926b4d227d02a168cff,2024-11-27T02:48:00Z,FIRST_RETEST_FILLED,2024-11-26T23:10:00Z,2024-11-26T22:58:00Z,2631.44,True,True,INITIAL_CONFIRMATION_TARGET,33a65f7b84676722c8f8706e49a34b4a2bf7c7bc479512a6688470b8835397c8,93638fe110e886a7b57b5760deaa651abf3ba6d78d77a9587d37ef761068d21e,2627.5301785714287,1.1964285714286365,0.05982142857143183,,M5_LATEST_CONFIRMED_OPPOSING_SWING_ELSE_CONTROL,True,e7df436a2ebe6f6f96f271e848fdb88e681130b444d7c09ea6d6cc6f8af934b2,2024-11-26T22:40:00Z,2627.59,2641.96,198a7004bae3db0d81fd8eca41aeadad6fa68bd5f35edf23d5732fd08057c53e
2d17827544368e48ed923ffa2badde1baea69fe20efae952a71e4a0cf5bace19,2631.44,2024-11-26T22:55:00Z,e4818aad7dfac5173eb5404141bd8428b64fd1018a580e303c0fc14c7b29d358,2024-11-26T22:55:00Z,2631.77,2616.84,2024-12-01T00:00:00Z,2024-11-26T19:00:00Z,0.19643457152535682,LONG,0.823763276241517,43.947649540769405,M15_LATEST_CONFIRMED_OPPOSING_SWING_ELSE_CONTROL,2024-11-26T22:58:00Z,M5_BROKEN_CONTROL_FIRST_RETEST,2631.44,True,59ff2ac848d8523f96f313a46ec2f5afc3f77ea6900926e740b86fc57461dc1c,0.3651164039793875,0.9073602167543006,2024_11,0.878952990815388,0.6825184192900312,TARGET,2024-11-27T07:31:00Z,TARGET,984d4f2664ed052e6231cab64bfd958cb808cd01e5500aa075f892d96c7b1bf0,2024-11-27T07:31:00Z,FIRST_RETEST_FILLED,2024-11-26T23:10:00Z,2024-11-26T22:58:00Z,2631.44,True,True,INITIAL_CONFIRMATION_TARGET,d82122d1ab5454788cade45e11b9d7f9f10b4837321a2379c891acbaa3381219,93638fe110e886a7b57b5760deaa651abf3ba6d78d77a9587d37ef761068d21e,2619.4712142857143,2.9757142857142753,0.14878571428571377,,M15_LATEST_CONFIRMED_OPPOSING_SWING_ELSE_CONTROL,True,47ea7e323afd26269b440a016a91ad4ba629465bf17c51cf47b387588bc97ff2,2024-11-26T21:15:00Z,2619.62,2641.96,198a7004bae3db0d81fd8eca41aeadad6fa68bd5f35edf23d5732fd08057c53e
2d17827544368e48ed923ffa2badde1baea69fe20efae952a71e4a0cf5bace19,2631.44,2024-11-26T22:55:00Z,e4818aad7dfac5173eb5404141bd8428b64fd1018a580e303c0fc14c7b29d358,2024-11-26T22:55:00Z,2631.77,2616.84,2024-12-01T00:00:00Z,2024-11-26T19:00:00Z,0.0380295259154515,LONG,1.0,36.027397260274135,CONTROL_V2_FILLED_STOP,2024-11-26T22:58:00Z,M5_BROKEN_CONTROL_FIRST_RETEST,2631.44,True,6daf8bfed5a982ce5acad31c22094dd2cae94c1b3ab71aa5d2af95fb49cfcaea,0.2993150684931451,0.7438356164383695,2024_11,0.7205479452054827,0.6825184192900312,TARGET,2024-11-27T07:31:00Z,TARGET,33d32d26bc7605b6256d4054bb084f229485d971b768005470d3d7569a62da17,2024-11-27T07:31:00Z,FIRST_RETEST_FILLED,2024-11-26T23:10:00Z,2024-11-26T22:58:00Z,2631.44,True,True,INITIAL_CONFIRMATION_TARGET,3a7187b8fedde451572f7624fdb400c1dc1fc8837a21511985447e3d67a7c58e,93638fe110e886a7b57b5760deaa651abf3ba6d78d77a9587d37ef761068d21e,2616.84,8.847857142857167,0.44239285714285836,NOT_STRICTLY_CLOSER_THAN_CONTROL,H1_SOURCE_SWING_BUFFERED_ELSE_CONTROL,False,93638fe110e886a7b57b5760deaa651abf3ba6d78d77a9587d37ef761068d21e,2024-11-26T19:00:00Z,2616.84,2641.96,198a7004bae3db0d81fd8eca41aeadad6fa68bd5f35edf23d5732fd08057c53e
2d17827544368e48ed923ffa2badde1baea69fe20efae952a71e4a0cf5bace19,2631.44,2024-11-26T22:55:00Z,e4818aad7dfac5173eb5404141bd8428b64fd1018a580e303c0fc14c7b29d358,2024-11-26T22:55:00Z,2631.77,2616.84,2024-12-01T00:00:00Z,2024-11-26T19:00:00Z,0.028522144436588626,LONG,1.0,35.55202818633099,CONTROL_V2_FILLED_STOP,2024-11-26T22:55:00Z,CONFIRMED_25_75_RETEST_SPLIT,2631.77,True,1960162f93b9b55224d9453949ecfffca026e87401bc7daa1b3b66db3b5c49f5,0.30318690418298455,0.7341995522484073,2024_11,0.7110405637266198,0.6825184192900312,TARGET,2024-11-27T07:31:00Z,SPLIT_TARGET_TARGET,1dd6c0e00380b363d46626e91cb5e923877c017494b5182f488bc8061001eb0f,2024-11-27T07:31:00Z,FIRST_RETEST_FILLED,2024-11-26T23:10:00Z,2024-11-26T22:58:00Z,2631.44,True,True,INITIAL_CONFIRMATION_TARGET,0b81db65e553cf815c9bc9264c8f02479725a38b2ed903d66bbb5246ffe86fdc,93638fe110e886a7b57b5760deaa651abf3ba6d78d77a9587d37ef761068d21e,2616.84,,,,CONTROL_V2_FILLED_STOP,False,,2024-11-26T22:55:00Z,2616.84,2641.96,198a7004bae3db0d81fd8eca41aeadad6fa68bd5f35edf23d5732fd08057c53e
2d17827544368e48ed923ffa2badde1baea69fe20efae952a71e4a0cf5bace19,2631.44,2024-11-26T22:55:00Z,e4818aad7dfac5173eb5404141bd8428b64fd1018a580e303c0fc14c7b29d358,2024-11-26T22:55:00Z,2631.77,2616.84,2024-12-01T00:00:00Z,2024-11-26T19:00:00Z,-1.682518419290031,LONG,0.2839800019136872,-50.0,M5_LATEST_CONFIRMED_OPPOSING_SWING_ELSE_CONTROL,2024-11-26T22:55:00Z,CONFIRMED_25_75_RETEST_SPLIT,2631.77,True,82945485d5de96c1f8b15d3f340849601092286763aac17d5e8cae10b15f1343,1.0777894869643592,0.6702123870655625,2024_11,-1.0,0.6825184192900312,TARGET,2024-11-27T07:31:00Z,SPLIT_STOP_STOP,8e483bb149793628baa5af9c5b7c09f5ffe9224f87872c2c3bb6208b7c3f01c5,2024-11-27T02:48:00Z,FIRST_RETEST_FILLED,2024-11-26T23:10:00Z,2024-11-26T22:58:00Z,2631.44,True,True,INITIAL_CONFIRMATION_TARGET,40eb82f1d6cac2d4e2de6ff314dd134b8728b57f198ec91f877da7fe2fbfd327,93638fe110e886a7b57b5760deaa651abf3ba6d78d77a9587d37ef761068d21e,2627.5301785714287,1.1964285714286365,0.05982142857143183,,M5_LATEST_CONFIRMED_OPPOSING_SWING_ELSE_CONTROL,True,e7df436a2ebe6f6f96f271e848fdb88e681130b444d7c09ea6d6cc6f8af934b2,2024-11-26T22:40:00Z,2627.59,2641.96,198a7004bae3db0d81fd8eca41aeadad6fa68bd5f35edf23d5732fd08057c53e
2d17827544368e48ed923ffa2badde1baea69fe20efae952a71e4a0cf5bace19,2631.44,2024-11-26T22:55:00Z,e4818aad7dfac5173eb5404141bd8428b64fd1018a580e303c0fc14c7b29d358,2024-11-26T22:55:00Z,2631.77,2616.84,2024-12-01T00:00:00Z,2024-11-26T19:00:00Z,0.18383059375524424,LONG,0.823763276241517,43.31745065226377,M15_LATEST_CONFIRMED_OPPOSING_SWING_ELSE_CONTROL,2024-11-26T22:55:00Z,CONFIRMED_25_75_RETEST_SPLIT,2631.77,True,59ff2ac848d8523f96f313a46ec2f5afc3f77ea6900926e740b86fc57461dc1c,0.36937519000009594,0.8945656839005884,2024_11,0.8663490130452755,0.6825184192900312,TARGET,2024-11-27T07:31:00Z,SPLIT_TARGET_TARGET,cd37b972c4e70c00b88710ebab0c63864613ed5ebc58497048b79058fcf9dbaa,2024-11-27T07:31:00Z,FIRST_RETEST_FILLED,2024-11-26T23:10:00Z,2024-11-26T22:58:00Z,2631.44,True,True,INITIAL_CONFIRMATION_TARGET,33b220fb4dec9bcbf02d8b8b2bd0b14d51d7073957a6f80ae3ba9504046e7d80,93638fe110e886a7b57b5760deaa651abf3ba6d78d77a9587d37ef761068d21e,2619.4712142857143,2.9757142857142753,0.14878571428571377,,M15_LATEST_CONFIRMED_OPPOSING_SWING_ELSE_CONTROL,True,47ea7e323afd26269b440a016a91ad4ba629465bf17c51cf47b387588bc97ff2,2024-11-26T21:15:00Z,2619.62,2641.96,198a7004bae3db0d81fd8eca41aeadad6fa68bd5f35edf23d5732fd08057c53e
2d17827544368e48ed923ffa2badde1baea69fe20efae952a71e4a0cf5bace19,2631.44,2024-11-26T22:55:00Z,e4818aad7dfac5173eb5404141bd8428b64fd1018a580e303c0fc14c7b29d358,2024-11-26T22:55:00Z,2631.77,2616.84,2024-12-01T00:00:00Z,2024-11-26T19:00:00Z,0.028522144436588626,LONG,1.0,35.55202818633099,CONTROL_V2_FILLED_STOP,2024-11-26T22:55:00Z,CONFIRMED_25_75_RETEST_SPLIT,2631.77,True,6daf8bfed5a982ce5acad31c22094dd2cae94c1b3ab71aa5d2af95fb49cfcaea,0.30318690418298455,0.7341995522484073,2024_11,0.7110405637266198,0.6825184192900312,TARGET,2024-11-27T07:31:00Z,SPLIT_TARGET_TARGET,5cc66afbbbc28035c08043f65e4c92aa925b49d0fe716df0c784265b46a6da5d,2024-11-27T07:31:00Z,FIRST_RETEST_FILLED,2024-11-26T23:10:00Z,2024-11-26T22:58:00Z,2631.44,True,True,INITIAL_CONFIRMATION_TARGET,57e583a116f6e35eece691121dc83069d7d1a6818942333e01fdfd795a24109a,93638fe110e886a7b57b5760deaa651abf3ba6d78d77a9587d37ef761068d21e,2616.84,8.847857142857167,0.44239285714285836,NOT_STRICTLY_CLOSER_THAN_CONTROL,H1_SOURCE_SWING_BUFFERED_ELSE_CONTROL,False,93638fe110e886a7b57b5760deaa651abf3ba6d78d77a9587d37ef761068d21e,2024-11-26T19:00:00Z,2616.84,2641.96,198a7004bae3db0d81fd8eca41aeadad6fa68bd5f35edf23d5732fd08057c53e
2607c95100c0d0a3c2234751e7e2f37d1cb497f2b510261d384cfedec08239af,2630.14,2024-11-26T23:05:00Z,77434980fb64bb4875c60abfb86ceeea507eb58b9939edc5befb9c9d0708ce83,2024-11-26T23:05:00Z,2631.46,2619.62,2024-12-01T00:00:00Z,2024-11-26T23:00:00Z,0.0,LONG,1.0,44.34121621621567,CONTROL_V2_FILLED_STOP,2024-11-26T23:05:00Z,CONTROL_NEXT_M1_OPEN,2631.46,True,7ae9b7e5a8be20a00075b8e3c91f00b0771424a07c6f42b1b25e822825da50f9,0.3707770270270117,0.9155405405405416,2024_11,0.8868243243243135,0.8868243243243135,TARGET,2024-11-27T07:31:00Z,TARGET,37d785b5d35ddac671d72589baa25496f0bea2abcdebbd76b43dc871e2723545,2024-11-27T07:31:00Z,RETEST_EXPIRED,2024-11-26T23:20:00Z,,2630.14,False,False,INITIAL_CONFIRMATION_TARGET,292fcc5675c017493eb091af846a630ec68f82c461fc4114e6fc0d6e18ba7626,111f9b21a5ee413cb597fbac6a17b848353d95de47b634f5adcd43d1b47b90a6,2619.62,,,,CONTROL_V2_FILLED_STOP,False,,2024-11-26T23:05:00Z,2619.62,2641.96,ec4c699c338de9ede54ccac1ac149f6d17cb46709abe36e29ac6a7b683afabb7
2607c95100c0d0a3c2234751e7e2f37d1cb497f2b510261d384cfedec08239af,2630.14,2024-11-26T23:05:00Z,77434980fb64bb4875c60abfb86ceeea507eb58b9939edc5befb9c9d0708ce83,2024-11-26T23:05:00Z,2631.46,2619.62,2024-12-01T00:00:00Z,2024-11-26T23:00:00Z,-1.8868243243243135,LONG,0.3319105936293336,-50.0,M5_LATEST_CONFIRMED_OPPOSING_SWING_ELSE_CONTROL,2024-11-26T23:05:00Z,CONTROL_NEXT_M1_OPEN,2631.46,True,35d065bac7fddcf9834d242a1de97502e2b2a66aeec13392b7ede0a9c603db64,1.078929431544588,0.6946880538010803,2024_11,-1.0,0.8868243243243135,TARGET,2024-11-27T07:31:00Z,STOP,fa736712041886bf13a81a7863c7659219145588e1b8f1385a9e9b52e34ed761,2024-11-27T02:48:00Z,RETEST_EXPIRED,2024-11-26T23:20:00Z,,2630.14,False,False,INITIAL_CONFIRMATION_TARGET,e7b4a1666bdd7b9f3ee51c0a6526d5db94eb232059af6c3127b078c7ac199b4f,111f9b21a5ee413cb597fbac6a17b848353d95de47b634f5adcd43d1b47b90a6,2627.5301785714287,1.1964285714286038,0.05982142857143019,,M5_LATEST_CONFIRMED_OPPOSING_SWING_ELSE_CONTROL,True,e7df436a2ebe6f6f96f271e848fdb88e681130b444d7c09ea6d6cc6f8af934b2,2024-11-26T22:40:00Z,2627.59,2641.96,ec4c699c338de9ede54ccac1ac149f6d17cb46709abe36e29ac6a7b683afabb7
2607c95100c0d0a3c2234751e7e2f37d1cb497f2b510261d384cfedec08239af,2630.14,2024-11-26T23:05:00Z,77434980fb64bb4875c60abfb86ceeea507eb58b9939edc5befb9c9d0708ce83,2024-11-26T23:05:00Z,2631.46,2619.62,2024-12-01T00:00:00Z,2024-11-26T23:00:00Z,0.0,LONG,1.0,44.34121621621567,CONTROL_V2_FILLED_STOP,2024-11-26T23:05:00Z,CONTROL_NEXT_M1_OPEN,2631.46,True,fc53355cedc17251be6ef36ce539c36b3f671f20d22bc34bff0a5f65fd2b14a8,0.3707770270270117,0.9155405405405416,2024_11,0.8868243243243135,0.8868243243243135,TARGET,2024-11-27T07:31:00Z,TARGET,3a66c77677bcf418f505bb29f76486d52fadf84f857c6a84bd65386f8cbc7084,2024-11-27T07:31:00Z,RETEST_EXPIRED,2024-11-26T23:20:00Z,,2630.14,False,False,INITIAL_CONFIRMATION_TARGET,2b3f51268f881e44ae1c95e287075d10b3fbb2e20ec5e8b3847459e81a4b86c4,111f9b21a5ee413cb597fbac6a17b848353d95de47b634f5adcd43d1b47b90a6,2619.62,2.964999999999983,0.14824999999999916,NOT_STRICTLY_CLOSER_THAN_CONTROL,M15_LATEST_CONFIRMED_OPPOSING_SWING_ELSE_CONTROL,False,47ea7e323afd26269b440a016a91ad4ba629465bf17c51cf47b387588bc97ff2,2024-11-26T21:15:00Z,2619.62,2641.96,ec4c699c338de9ede54ccac1ac149f6d17cb46709abe36e29ac6a7b683afabb7
2607c95100c0d0a3c2234751e7e2f37d1cb497f2b510261d384cfedec08239af,2630.14,2024-11-26T23:05:00Z,77434980fb64bb4875c60abfb86ceeea507eb58b9939edc5befb9c9d0708ce83,2024-11-26T23:05:00Z,2631.46,2619.62,2024-12-01T00:00:00Z,2024-11-26T23:00:00Z,0.0,LONG,1.0,44.34121621621567,CONTROL_V2_FILLED_STOP,2024-11-26T23:05:00Z,CONTROL_NEXT_M1_OPEN,2631.46,True,4077ea3ca8186af535482a5105d7e2bc5c137869c5e2c4c3ddc69a3b2ec92d2b,0.3707770270270117,0.9155405405405416,2024_11,0.8868243243243135,0.8868243243243135,TARGET,2024-11-27T07:31:00Z,TARGET,826fc91d0a18f22f7c480e03150cf1dfdfbe90316bb1528693d509bad2397877,2024-11-27T07:31:00Z,RETEST_EXPIRED,2024-11-26T23:20:00Z,,2630.14,False,False,INITIAL_CONFIRMATION_TARGET,2a9e54f6c326e0871552273d197db04f36341b5312c5fe767d1f73f15a1d63d8,111f9b21a5ee413cb597fbac6a17b848353d95de47b634f5adcd43d1b47b90a6,2619.62,8.876428571428571,0.4438214285714286,NOT_STRICTLY_CLOSER_THAN_CONTROL,H1_SOURCE_SWING_BUFFERED_ELSE_CONTROL,False,111f9b21a5ee413cb597fbac6a17b848353d95de47b634f5adcd43d1b47b90a6,2024-11-26T23:00:00Z,2619.62,2641.96,ec4c699c338de9ede54ccac1ac149f6d17cb46709abe36e29ac6a7b683afabb7
2607c95100c0d0a3c2234751e7e2f37d1cb497f2b510261d384cfedec08239af,2630.14,2024-11-26T23:05:00Z,77434980fb64bb4875c60abfb86ceeea507eb58b9939edc5befb9c9d0708ce83,2024-11-26T23:05:00Z,2631.46,2619.62,2024-12-01T00:00:00Z,2024-11-26T23:00:00Z,-0.8868243243243135,LONG,1.0,0.0,CONTROL_V2_FILLED_STOP,,M5_BROKEN_CONTROL_FIRST_RETEST,,False,7ae9b7e5a8be20a00075b8e3c91f00b0771424a07c6f42b1b25e822825da50f9,,,2024_11,0.0,0.8868243243243135,TARGET,2024-11-27T07:31:00Z,NO_FILL,7b2a8b714fbdc771233120772aa55b2737ae451a05a47a95c193f4f7ffdb5ffc,,RETEST_EXPIRED,2024-11-26T23:20:00Z,,2630.14,False,False,INITIAL_CONFIRMATION_TARGET,a00684102aae704785db60d336c5506cddcbc260302646172feae65a9c34c7ed,111f9b21a5ee413cb597fbac6a17b848353d95de47b634f5adcd43d1b47b90a6,2619.62,,,,CONTROL_V2_FILLED_STOP,False,,2024-11-26T23:05:00Z,2619.62,2641.96,ec4c699c338de9ede54ccac1ac149f6d17cb46709abe36e29ac6a7b683afabb7
2607c95100c0d0a3c2234751e7e2f37d1cb497f2b510261d384cfedec08239af,2630.14,2024-11-26T23:05:00Z,77434980fb64bb4875c60abfb86ceeea507eb58b9939edc5befb9c9d0708ce83,2024-11-26T23:05:00Z,2631.46,2619.62,2024-12-01T00:00:00Z,2024-11-26T23:00:00Z,-0.8868243243243135,LONG,0.3319105936293336,0.0,M5_LATEST_CONFIRMED_OPPOSING_SWING_ELSE_CONTROL,,M5_BROKEN_CONTROL_FIRST_RETEST,,False,35d065bac7fddcf9834d242a1de97502e2b2a66aeec13392b7ede0a9c603db64,,,2024_11,0.0,0.8868243243243135,TARGET,2024-11-27T07:31:00Z,NO_FILL,6197d767f7d33229e7484ff0e951eb0a4691d4f4aab4a1a767df12cf7455c33c,,RETEST_EXPIRED,2024-11-26T23:20:00Z,,2630.14,False,False,INITIAL_CONFIRMATION_TARGET,5a80a736ee95af4f2244506fd8606bdcdf0cf9b8bca8b45c0e936f4930a74709,111f9b21a5ee413cb597fbac6a17b848353d95de47b634f5adcd43d1b47b90a6,2627.5301785714287,1.1964285714286038,0.05982142857143019,,M5_LATEST_CONFIRMED_OPPOSING_SWING_ELSE_CONTROL,True,e7df436a2ebe6f6f96f271e848fdb88e681130b444d7c09ea6d6cc6f8af934b2,2024-11-26T22:40:00Z,2627.59,2641.96,ec4c699c338de9ede54ccac1ac149f6d17cb46709abe36e29ac6a7b683afabb7
2607c95100c0d0a3c2234751e7e2f37d1cb497f2b510261d384cfedec08239af,2630.14,2024-11-26T23:05:00Z,77434980fb64bb4875c60abfb86ceeea507eb58b9939edc5befb9c9d0708ce83,2024-11-26T23:05:00Z,2631.46,2619.62,2024-12-01T00:00:00Z,2024-11-26T23:00:00Z,-0.8868243243243135,LONG,1.0,0.0,CONTROL_V2_FILLED_STOP,,M5_BROKEN_CONTROL_FIRST_RETEST,,False,fc53355cedc17251be6ef36ce539c36b3f671f20d22bc34bff0a5f65fd2b14a8,,,2024_11,0.0,0.8868243243243135,TARGET,2024-11-27T07:31:00Z,NO_FILL,4aeb121225312865ee25e8f8a0216ddd549631f06f2d696af26fe395cfb2de35,,RETEST_EXPIRED,2024-11-26T23:20:00Z,,2630.14,False,False,INITIAL_CONFIRMATION_TARGET,f874810a37dad831f5554dceb62003c6772f34e2d6bc3fedcb3fc25e1e52ba98,111f9b21a5ee413cb597fbac6a17b848353d95de47b634f5adcd43d1b47b90a6,2619.62,2.964999999999983,0.14824999999999916,NOT_STRICTLY_CLOSER_THAN_CONTROL,M15_LATEST_CONFIRMED_OPPOSING_SWING_ELSE_CONTROL,False,47ea7e323afd26269b440a016a91ad4ba629465bf17c51cf47b387588bc97ff2,2024-11-26T21:15:00Z,2619.62,2641.96,ec4c699c338de9ede54ccac1ac149f6d17cb46709abe36e29ac6a7b683afabb7
2607c95100c0d0a3c2234751e7e2f37d1cb497f2b510261d384cfedec08239af,2630.14,2024-11-26T23:05:00Z,77434980fb64bb4875c60abfb86ceeea507eb58b9939edc5befb9c9d0708ce83,2024-11-26T23:05:00Z,2631.46,2619.62,2024-12-01T00:00:00Z,2024-11-26T23:00:00Z,-0.8868243243243135,LONG,1.0,0.0,CONTROL_V2_FILLED_STOP,,M5_BROKEN_CONTROL_FIRST_RETEST,,False,4077ea3ca8186af535482a5105d7e2bc5c137869c5e2c4c3ddc69a3b2ec92d2b,,,2024_11,0.0,0.8868243243243135,TARGET,2024-11-27T07:31:00Z,NO_FILL,c3cb0b3cc90d6471475397df6a7a52a83fc50d6fc0d0a562ab8edbf3fc2e1dd2,,RETEST_EXPIRED,2024-11-26T23:20:00Z,,2630.14,False,False,INITIAL_CONFIRMATION_TARGET,6863e3acee0a29a193d41679165a6574dba71d1accedaee184dff4ace71b0be5,111f9b21a5ee413cb597fbac6a17b848353d95de47b634f5adcd43d1b47b90a6,2619.62,8.876428571428571,0.4438214285714286,NOT_STRICTLY_CLOSER_THAN_CONTROL,H1_SOURCE_SWING_BUFFERED_ELSE_CONTROL,False,111f9b21a5ee413cb597fbac6a17b848353d95de47b634f5adcd43d1b47b90a6,2024-11-26T23:00:00Z,2619.62,2641.96,ec4c699c338de9ede54ccac1ac149f6d17cb46709abe36e29ac6a7b683afabb7
2607c95100c0d0a3c2234751e7e2f37d1cb497f2b510261d384cfedec08239af,2630.14,2024-11-26T23:05:00Z,77434980fb64bb4875c60abfb86ceeea507eb58b9939edc5befb9c9d0708ce83,2024-11-26T23:05:00Z,2631.46,2619.62,2024-12-01T00:00:00Z,2024-11-26T23:00:00Z,-0.6651182432432351,LONG,1.0,11.085304054053918,CONTROL_V2_FILLED_STOP,2024-11-26T23:05:00Z,CONFIRMED_25_75_RETEST_SPLIT,2631.46,True,7ae9b7e5a8be20a00075b8e3c91f00b0771424a07c6f42b1b25e822825da50f9,0.09269425675675293,0.2288851351351354,2024_11,0.22170608108107837,0.8868243243243135,TARGET,2024-11-27T07:31:00Z,SPLIT_CONTROL_TARGET_NO_RETEST,aad304d5c0591f3b31838f6166826874b7539905211beec6c6746852d82e85d5,2024-11-27T07:31:00Z,RETEST_EXPIRED,2024-11-26T23:20:00Z,,2630.14,False,False,INITIAL_CONFIRMATION_TARGET,086c2f8e3b2788b034ce152f16f71057c49ffd9d4e66981c115baeee0fd3d786,111f9b21a5ee413cb597fbac6a17b848353d95de47b634f5adcd43d1b47b90a6,2619.62,,,,CONTROL_V2_FILLED_STOP,False,,2024-11-26T23:05:00Z,2619.62,2641.96,ec4c699c338de9ede54ccac1ac149f6d17cb46709abe36e29ac6a7b683afabb7
2607c95100c0d0a3c2234751e7e2f37d1cb497f2b510261d384cfedec08239af,2630.14,2024-11-26T23:05:00Z,77434980fb64bb4875c60abfb86ceeea507eb58b9939edc5befb9c9d0708ce83,2024-11-26T23:05:00Z,2631.46,2619.62,2024-12-01T00:00:00Z,2024-11-26T23:00:00Z,-1.1368243243243135,LONG,0.3319105936293336,-12.5,M5_LATEST_CONFIRMED_OPPOSING_SWING_ELSE_CONTROL,2024-11-26T23:05:00Z,CONFIRMED_25_75_RETEST_SPLIT,2631.46,True,35d065bac7fddcf9834d242a1de97502e2b2a66aeec13392b7ede0a9c603db64,0.269732357886147,0.17367201345027009,2024_11,-0.25,0.8868243243243135,TARGET,2024-11-27T07:31:00Z,SPLIT_CONTROL_STOP_NO_RETEST,745b539026a1cb7679a4654ffa91b25e7e6f9097ec4c47ef51be1d748912f677,2024-11-27T02:48:00Z,RETEST_EXPIRED,2024-11-26T23:20:00Z,,2630.14,False,False,INITIAL_CONFIRMATION_TARGET,46f67a51c6da432379abecdbcaa63d9820d68758273ce5082bfdc90ac8b9a7a8,111f9b21a5ee413cb597fbac6a17b848353d95de47b634f5adcd43d1b47b90a6,2627.5301785714287,1.1964285714286038,0.05982142857143019,,M5_LATEST_CONFIRMED_OPPOSING_SWING_ELSE_CONTROL,True,e7df436a2ebe6f6f96f271e848fdb88e681130b444d7c09ea6d6cc6f8af934b2,2024-11-26T22:40:00Z,2627.59,2641.96,ec4c699c338de9ede54ccac1ac149f6d17cb46709abe36e29ac6a7b683afabb7
2607c95100c0d0a3c2234751e7e2f37d1cb497f2b510261d384cfedec08239af,2630.14,2024-11-26T23:05:00Z,77434980fb64bb4875c60abfb86ceeea507eb58b9939edc5befb9c9d0708ce83,2024-11-26T23:05:00Z,2631.46,2619.62,2024-12-01T00:00:00Z,2024-11-26T23:00:00Z,-0.6651182432432351,LONG,1.0,11.085304054053918,CONTROL_V2_FILLED_STOP,2024-11-26T23:05:00Z,CONFIRMED_25_75_RETEST_SPLIT,2631.46,True,fc53355cedc17251be6ef36ce539c36b3f671f20d22bc34bff0a5f65fd2b14a8,0.09269425675675293,0.2288851351351354,2024_11,0.22170608108107837,0.8868243243243135,TARGET,2024-11-27T07:31:00Z,SPLIT_CONTROL_TARGET_NO_RETEST,a9b6c717a3640b458308f87d7a034f07d57270a190f8b3b08299dd5f9837f7f5,2024-11-27T07:31:00Z,RETEST_EXPIRED,2024-11-26T23:20:00Z,,2630.14,False,False,INITIAL_CONFIRMATION_TARGET,bb9fb31bcb07d866afbdbbdfe6c22804c725a611f250d6a4261eb571217e39df,111f9b21a5ee413cb597fbac6a17b848353d95de47b634f5adcd43d1b47b90a6,2619.62,2.964999999999983,0.14824999999999916,NOT_STRICTLY_CLOSER_THAN_CONTROL,M15_LATEST_CONFIRMED_OPPOSING_SWING_ELSE_CONTROL,False,47ea7e323afd26269b440a016a91ad4ba629465bf17c51cf47b387588bc97ff2,2024-11-26T21:15:00Z,2619.62,2641.96,ec4c699c338de9ede54ccac1ac149f6d17cb46709abe36e29ac6a7b683afabb7
2607c95100c0d0a3c2234751e7e2f37d1cb497f2b510261d384cfedec08239af,2630.14,2024-11-26T23:05:00Z,77434980fb64bb4875c60abfb86ceeea507eb58b9939edc5befb9c9d0708ce83,2024-11-26T23:05:00Z,2631.46,2619.62,2024-12-01T00:00:00Z,2024-11-26T23:00:00Z,-0.6651182432432351,LONG,1.0,11.085304054053918,CONTROL_V2_FILLED_STOP,2024-11-26T23:05:00Z,CONFIRMED_25_75_RETEST_SPLIT,2631.46,True,4077ea3ca8186af535482a5105d7e2bc5c137869c5e2c4c3ddc69a3b2ec92d2b,0.09269425675675293,0.2288851351351354,2024_11,0.22170608108107837,0.8868243243243135,TARGET,2024-11-27T07:31:00Z,SPLIT_CONTROL_TARGET_NO_RETEST,68a672df28d702397516e3cd7669aecb5cccfce2c96fa8f26fa655ba1e35c9b8,2024-11-27T07:31:00Z,RETEST_EXPIRED,2024-11-26T23:20:00Z,,2630.14,False,False,INITIAL_CONFIRMATION_TARGET,7d7b6bb76940c9fa3bc9530d439dac2cd8bf253f4e16d939e1964e7892bfcfc5,111f9b21a5ee413cb597fbac6a17b848353d95de47b634f5adcd43d1b47b90a6,2619.62,8.876428571428571,0.4438214285714286,NOT_STRICTLY_CLOSER_THAN_CONTROL,H1_SOURCE_SWING_BUFFERED_ELSE_CONTROL,False,111f9b21a5ee413cb597fbac6a17b848353d95de47b634f5adcd43d1b47b90a6,2024-11-26T23:00:00Z,2619.62,2641.96,ec4c699c338de9ede54ccac1ac149f6d17cb46709abe36e29ac6a7b683afabb7
1df9b242b1909d1126ab4e5adc3e98bf13b18d7bc520add277003cf0033afc76,2651.98,2024-11-27T15:10:00Z,8ac9ddc10c6f2b21fd0cff4eb4498ff6ff0646d92d3f2c0c8317be5cf48abe93,2024-11-27T15:10:00Z,2649.69,2655.11,2024-12-01T00:00:00Z,2024-11-27T14:00:00Z,0.0,SHORT,1.0,-50.0,CONTROL_V2_FILLED_STOP,2024-11-27T15:10:00Z,CONTROL_NEXT_M1_OPEN,2649.69,True,d7813292d7f0d734741adf26f6013d68840ac994e93408a5960a772d8ef72aa5,1.1051660516604616,0.7047970479705005,2024_11,-1.0,-1.0,STOP,2024-11-27T15:50:00Z,STOP,a416e73a8e505ea0bf58a943c44f528bb48e62146d30ffd9b7761214dd9c588f,2024-11-27T15:50:00Z,RETEST_EXPIRED,2024-11-27T15:25:00Z,,2651.98,False,False,RECLAIM_CONFIRMATION_STOP,11f42f1488ed94fa5616531896b4d62122f969c371c8f80673d68c29933c4653,a967988e6cae58af84b31953bbbe45cdf612a5ccba6ff98b8cd2d7416faa54ea,2655.11,,,,CONTROL_V2_FILLED_STOP,False,,2024-11-27T15:10:00Z,2655.11,2627.07,567f17d36384e49380a5b63c3664244c869fbf8a238122832d9466e577931bae
1df9b242b1909d1126ab4e5adc3e98bf13b18d7bc520add277003cf0033afc76,2651.98,2024-11-27T15:10:00Z,8ac9ddc10c6f2b21fd0cff4eb4498ff6ff0646d92d3f2c0c8317be5cf48abe93,2024-11-27T15:10:00Z,2649.69,2655.11,2024-12-01T00:00:00Z,2024-11-27T14:00:00Z,0.0,SHORT,1.0,-50.0,CONTROL_V2_FILLED_STOP,2024-11-27T15:10:00Z,CONTROL_NEXT_M1_OPEN,2649.69,True,f53c4d5d08ccef179f87e9784b61a581e57dabce37ec79214a50fb7f43367357,1.1051660516604616,0.7047970479705005,2024_11,-1.0,-1.0,STOP,2024-11-27T15:50:00Z,STOP,12769032a3095cf09963fb2f93dcde72c70c1dd409573b469c2616e41d108433,2024-11-27T15:50:00Z,RETEST_EXPIRED,2024-11-27T15:25:00Z,,2651.98,False,False,RECLAIM_CONFIRMATION_STOP,e3a2769008ce075d27f88ffb14cfee2dbbbd027f6641196f2eae253817a72cbc,a967988e6cae58af84b31953bbbe45cdf612a5ccba6ff98b8cd2d7416faa54ea,2655.11,1.9242857142858156,0.09621428571429079,NOT_STRICTLY_CLOSER_THAN_CONTROL,M5_LATEST_CONFIRMED_OPPOSING_SWING_ELSE_CONTROL,False,42eb0d7e3da94cf7f07783301eb0368d52edf60d9e909b5e1aebe7fbaa3aa76c,2024-11-27T14:50:00Z,2655.09,2627.07,567f17d36384e49380a5b63c3664244c869fbf8a238122832d9466e577931bae
1df9b242b1909d1126ab4e5adc3e98bf13b18d7bc520add277003cf0033afc76,2651.98,2024-11-27T15:10:00Z,8ac9ddc10c6f2b21fd0cff4eb4498ff6ff0646d92d3f2c0c8317be5cf48abe93,2024-11-27T15:10:00Z,2649.69,2655.11,2024-12-01T00:00:00Z,2024-11-27T14:00:00Z,0.0,SHORT,0.07921718502897368,-50.0,M15_LATEST_CONFIRMED_OPPOSING_SWING_ELSE_CONTROL,2024-11-27T15:10:00Z,CONTROL_NEXT_M1_OPEN,2649.69,True,ce1193c04c4975c96fc0685a3bf4d825e6a246e9132d71dc12fac4457d388046,1.1179504242225613,4.5183829645661415,2024_11,-1.0,-1.0,STOP,2024-11-27T15:50:00Z,STOP,c408e410ad72ec11eb042e0e91606f79e8c1afad6308caaf6d0998979d9cdff8,2024-11-27T15:10:00Z,INVALID_OR_NONIMPROVING_RETEST_GEOMETRY,2024-11-27T15:25:00Z,,2651.98,False,False,RECLAIM_CONFIRMATION_STOP,37e2b4ff2ed5f1629d4c9502d23fdf76dd4921f3924e7412913fe2422220d575,a967988e6cae58af84b31953bbbe45cdf612a5ccba6ff98b8cd2d7416faa54ea,2650.119357142857,2.9871428571428686,0.14935714285714344,,M15_LATEST_CONFIRMED_OPPOSING_SWING_ELSE_CONTROL,True,7554210844ae44a2327960960116393716476aeb1390644f2cb46bd3927baaac,2024-11-27T13:15:00Z,2649.97,2627.07,567f17d36384e49380a5b63c3664244c869fbf8a238122832d9466e577931bae
1df9b242b1909d1126ab4e5adc3e98bf13b18d7bc520add277003cf0033afc76,2651.98,2024-11-27T15:10:00Z,8ac9ddc10c6f2b21fd0cff4eb4498ff6ff0646d92d3f2c0c8317be5cf48abe93,2024-11-27T15:10:00Z,2649.69,2655.11,2024-12-01T00:00:00Z,2024-11-27T14:00:00Z,0.0,SHORT,0.8126449657353921,-50.0,H1_SOURCE_SWING_BUFFERED_ELSE_CONTROL,2024-11-27T15:10:00Z,CONTROL_NEXT_M1_OPEN,2649.69,True,7a6469678e490706aab270ea71ad8971e4857b40eb3cd48159dc0b6ecbc9f141,1.0443779545435505,0.8672877796427421,2024_11,-1.0,-1.0,STOP,2024-11-27T15:50:00Z,STOP,f6edf57e3f7902a864d7584b9d3e7f3a69890aea5362bd23b776cb32f11830c6,2024-11-27T15:45:00Z,RETEST_EXPIRED,2024-11-27T15:25:00Z,,2651.98,False,False,RECLAIM_CONFIRMATION_STOP,c15be079808f643906baa16217eaa360f1763c7f03bf2be837c7bfacd9eb0aee,a967988e6cae58af84b31953bbbe45cdf612a5ccba6ff98b8cd2d7416faa54ea,2654.094535714286,5.890714285714304,0.2945357142857152,,H1_SOURCE_SWING_BUFFERED_ELSE_CONTROL,True,a967988e6cae58af84b31953bbbe45cdf612a5ccba6ff98b8cd2d7416faa54ea,2024-11-27T14:00:00Z,2653.8,2627.07,567f17d36384e49380a5b63c3664244c869fbf8a238122832d9466e577931bae
1df9b242b1909d1126ab4e5adc3e98bf13b18d7bc520add277003cf0033afc76,2651.98,2024-11-27T15:10:00Z,8ac9ddc10c6f2b21fd0cff4eb4498ff6ff0646d92d3f2c0c8317be5cf48abe93,2024-11-27T15:10:00Z,2649.69,2655.11,2024-12-01T00:00:00Z,2024-11-27T14:00:00Z,1.0,SHORT,1.0,0.0,CONTROL_V2_FILLED_STOP,,M5_BROKEN_CONTROL_FIRST_RETEST,,False,d7813292d7f0d734741adf26f6013d68840ac994e93408a5960a772d8ef72aa5,,,2024_11,0.0,-1.0,STOP,2024-11-27T15:50:00Z,NO_FILL,92a01abc2839117d6a61b4f6d670943a51464cf640688eb8b3a69b09bdcbe698,,RETEST_EXPIRED,2024-11-27T15:25:00Z,,2651.98,False,False,RECLAIM_CONFIRMATION_STOP,5abf1e830922ad0440014186dd1496c846c4b4c711c9871cf0a1162ad4d70534,a967988e6cae58af84b31953bbbe45cdf612a5ccba6ff98b8cd2d7416faa54ea,2655.11,,,,CONTROL_V2_FILLED_STOP,False,,2024-11-27T15:10:00Z,2655.11,2627.07,567f17d36384e49380a5b63c3664244c869fbf8a238122832d9466e577931bae
1df9b242b1909d1126ab4e5adc3e98bf13b18d7bc520add277003cf0033afc76,2651.98,2024-11-27T15:10:00Z,8ac9ddc10c6f2b21fd0cff4eb4498ff6ff0646d92d3f2c0c8317be5cf48abe93,2024-11-27T15:10:00Z,2649.69,2655.11,2024-12-01T00:00:00Z,2024-11-27T14:00:00Z,1.0,SHORT,1.0,0.0,CONTROL_V2_FILLED_STOP,,M5_BROKEN_CONTROL_FIRST_RETEST,,False,f53c4d5d08ccef179f87e9784b61a581e57dabce37ec79214a50fb7f43367357,,,2024_11,0.0,-1.0,STOP,2024-11-27T15:50:00Z,NO_FILL,c220411f74c200875507d86480676073a737f45f6a31950ad447a46226c4137f,,RETEST_EXPIRED,2024-11-27T15:25:00Z,,2651.98,False,False,RECLAIM_CONFIRMATION_STOP,cb328f8f381cb971a750484ddd448b8854b308e9eabd3949fc04f326ce2f62e5,a967988e6cae58af84b31953bbbe45cdf612a5ccba6ff98b8cd2d7416faa54ea,2655.11,1.9242857142858156,0.09621428571429079,NOT_STRICTLY_CLOSER_THAN_CONTROL,M5_LATEST_CONFIRMED_OPPOSING_SWING_ELSE_CONTROL,False,42eb0d7e3da94cf7f07783301eb0368d52edf60d9e909b5e1aebe7fbaa3aa76c,2024-11-27T14:50:00Z,2655.09,2627.07,567f17d36384e49380a5b63c3664244c869fbf8a238122832d9466e577931bae
1df9b242b1909d1126ab4e5adc3e98bf13b18d7bc520add277003cf0033afc76,2651.98,2024-11-27T15:10:00Z,8ac9ddc10c6f2b21fd0cff4eb4498ff6ff0646d92d3f2c0c8317be5cf48abe93,2024-11-27T15:10:00Z,2649.69,2655.11,2024-12-01T00:00:00Z,2024-11-27T14:00:00Z,1.0,SHORT,0.07921718502897368,0.0,M15_LATEST_CONFIRMED_OPPOSING_SWING_ELSE_CONTROL,,M5_BROKEN_CONTROL_FIRST_RETEST,,False,ce1193c04c4975c96fc0685a3bf4d825e6a246e9132d71dc12fac4457d388046,,,2024_11,0.0,-1.0,STOP,2024-11-27T15:50:00Z,NO_FILL,8482e8cb83679509c54dff46ab3b421b0e31dfc456b88169c5308cc557baf219,,INVALID_OR_NONIMPROVING_RETEST_GEOMETRY,2024-11-27T15:25:00Z,,2651.98,False,False,RECLAIM_CONFIRMATION_STOP,0b8b2d2a5d32cb97f607b253bd00ba1d54a572a15192453ef92304818c309478,a967988e6cae58af84b31953bbbe45cdf612a5ccba6ff98b8cd2d7416faa54ea,2650.119357142857,2.9871428571428686,0.14935714285714344,,M15_LATEST_CONFIRMED_OPPOSING_SWING_ELSE_CONTROL,True,7554210844ae44a2327960960116393716476aeb1390644f2cb46bd3927baaac,2024-11-27T13:15:00Z,2649.97,2627.07,567f17d36384e49380a5b63c3664244c869fbf8a238122832d9466e577931bae
1df9b242b1909d1126ab4e5adc3e98bf13b18d7bc520add277003cf0033afc76,2651.98,2024-11-27T15:10:00Z,8ac9ddc10c6f2b21fd0cff4eb4498ff6ff0646d92d3f2c0c8317be5cf48abe93,2024-11-27T15:10:00Z,2649.69,2655.11,2024-12-01T00:00:00Z,2024-11-27T14:00:00Z,1.0,SHORT,0.8126449657353921,0.0,H1_SOURCE_SWING_BUFFERED_ELSE_CONTROL,,M5_BROKEN_CONTROL_FIRST_RETEST,,False,7a6469678e490706aab270ea71ad8971e4857b40eb3cd48159dc0b6ecbc9f141,,,2024_11,0.0,-1.0,STOP,2024-11-27T15:50:00Z,NO_FILL,274e43b5046108f59992c3d84872f82e1eb8848dcacbce608f31a352c56d91d7,,RETEST_EXPIRED,2024-11-27T15:25:00Z,,2651.98,False,False,RECLAIM_CONFIRMATION_STOP,611086c78826281f11cdd3b7275ff9f47d8e8067fd8be1914d03b9f151bca96a,a967988e6cae58af84b31953bbbe45cdf612a5ccba6ff98b8cd2d7416faa54ea,2654.094535714286,5.890714285714304,0.2945357142857152,,H1_SOURCE_SWING_BUFFERED_ELSE_CONTROL,True,a967988e6cae58af84b31953bbbe45cdf612a5ccba6ff98b8cd2d7416faa54ea,2024-11-27T14:00:00Z,2653.8,2627.07,567f17d36384e49380a5b63c3664244c869fbf8a238122832d9466e577931bae
1df9b242b1909d1126ab4e5adc3e98bf13b18d7bc520add277003cf0033afc76,2651.98,2024-11-27T15:10:00Z,8ac9ddc10c6f2b21fd0cff4eb4498ff6ff0646d92d3f2c0c8317be5cf48abe93,2024-11-27T15:10:00Z,2649.69,2655.11,2024-12-01T00:00:00Z,2024-11-27T14:00:00Z,0.75,SHORT,1.0,-12.5,CONTROL_V2_FILLED_STOP,2024-11-27T15:10:00Z,CONFIRMED_25_75_RETEST_SPLIT,2649.69,True,d7813292d7f0d734741adf26f6013d68840ac994e93408a5960a772d8ef72aa5,0.2762915129151154,0.17619926199262512,2024_11,-0.25,-1.0,STOP,2024-11-27T15:50:00Z,SPLIT_CONTROL_STOP_NO_RETEST,5b89f5aef7b5ed68162dda493d1da1c937ccd1580b84cecc680f806e79401aa2,2024-11-27T15:50:00Z,RETEST_EXPIRED,2024-11-27T15:25:00Z,,2651.98,False,False,RECLAIM_CONFIRMATION_STOP,ee83518b1deccea8bbfda728706acbe471cc2fea58967493260bf20580d4ca8e,a967988e6cae58af84b31953bbbe45cdf612a5ccba6ff98b8cd2d7416faa54ea,2655.11,,,,CONTROL_V2_FILLED_STOP,False,,2024-11-27T15:10:00Z,2655.11,2627.07,567f17d36384e49380a5b63c3664244c869fbf8a238122832d9466e577931bae
1df9b242b1909d1126ab4e5adc3e98bf13b18d7bc520add277003cf0033afc76,2651.98,2024-11-27T15:10:00Z,8ac9ddc10c6f2b21fd0cff4eb4498ff6ff0646d92d3f2c0c8317be5cf48abe93,2024-11-27T15:10:00Z,2649.69,2655.11,2024-12-01T00:00:00Z,2024-11-27T14:00:00Z,0.75,SHORT,1.0,-12.5,CONTROL_V2_FILLED_STOP,2024-11-27T15:10:00Z,CONFIRMED_25_75_RETEST_SPLIT,2649.69,True,f53c4d5d08ccef179f87e9784b61a581e57dabce37ec79214a50fb7f43367357,0.2762915129151154,0.17619926199262512,2024_11,-0.25,-1.0,STOP,2024-11-27T15:50:00Z,SPLIT_CONTROL_STOP_NO_RETEST,5c860708cb9f144f3664757ce5d1b0221a2be35a097feae257248670e783448f,2024-11-27T15:50:00Z,RETEST_EXPIRED,2024-11-27T15:25:00Z,,2651.98,False,False,RECLAIM_CONFIRMATION_STOP,7066e11fc47c617230b2804772cf9c6436a545a5c130b8ccb54c84ccba55f5a5,a967988e6cae58af84b31953bbbe45cdf612a5ccba6ff98b8cd2d7416faa54ea,2655.11,1.9242857142858156,0.09621428571429079,NOT_STRICTLY_CLOSER_THAN_CONTROL,M5_LATEST_CONFIRMED_OPPOSING_SWING_ELSE_CONTROL,False,42eb0d7e3da94cf7f07783301eb0368d52edf60d9e909b5e1aebe7fbaa3aa76c,2024-11-27T14:50:00Z,2655.09,2627.07,567f17d36384e49380a5b63c3664244c869fbf8a238122832d9466e577931bae
1df9b242b1909d1126ab4e5adc3e98bf13b18d7bc520add277003cf0033afc76,2651.98,2024-11-27T15:10:00Z,8ac9ddc10c6f2b21fd0cff4eb4498ff6ff0646d92d3f2c0c8317be5cf48abe93,2024-11-27T15:10:00Z,2649.69,2655.11,2024-12-01T00:00:00Z,2024-11-27T14:00:00Z,0.75,SHORT,0.07921718502897368,-12.5,M15_LATEST_CONFIRMED_OPPOSING_SWING_ELSE_CONTROL,2024-11-27T15:10:00Z,CONFIRMED_25_75_RETEST_SPLIT,2649.69,True,ce1193c04c4975c96fc0685a3bf4d825e6a246e9132d71dc12fac4457d388046,0.2794876060556403,1.1295957411415354,2024_11,-0.25,-1.0,STOP,2024-11-27T15:50:00Z,SPLIT_CONTROL_STOP_NO_RETEST,5a6d1004a2a243dfdd319e2af58d7c91e8b1f1da7ae1af774d8df0752e5b8581,2024-11-27T15:10:00Z,INVALID_OR_NONIMPROVING_RETEST_GEOMETRY,2024-11-27T15:25:00Z,,2651.98,False,False,RECLAIM_CONFIRMATION_STOP,5c563f45a83953d61e67d420011e61d0c1bb482d9a1ef7534860d087335ef2ed,a967988e6cae58af84b31953bbbe45cdf612a5ccba6ff98b8cd2d7416faa54ea,2650.119357142857,2.9871428571428686,0.14935714285714344,,M15_LATEST_CONFIRMED_OPPOSING_SWING_ELSE_CONTROL,True,7554210844ae44a2327960960116393716476aeb1390644f2cb46bd3927baaac,2024-11-27T13:15:00Z,2649.97,2627.07,567f17d36384e49380a5b63c3664244c869fbf8a238122832d9466e577931bae
1df9b242b1909d1126ab4e5adc3e98bf13b18d7bc520add277003cf0033afc76,2651.98,2024-11-27T15:10:00Z,8ac9ddc10c6f2b21fd0cff4eb4498ff6ff0646d92d3f2c0c8317be5cf48abe93,2024-11-27T15:10:00Z,2649.69,2655.11,2024-12-01T00:00:00Z,2024-11-27T14:00:00Z,0.75,SHORT,0.8126449657353921,-12.5,H1_SOURCE_SWING_BUFFERED_ELSE_CONTROL,2024-11-27T15:10:00Z,CONFIRMED_25_75_RETEST_SPLIT,2649.69,True,7a6469678e490706aab270ea71ad8971e4857b40eb3cd48159dc0b6ecbc9f141,0.26109448863588763,0.21682194491068552,2024_11,-0.25,-1.0,STOP,2024-11-27T15:50:00Z,SPLIT_CONTROL_STOP_NO_RETEST,cc9c00362ce82222e64b70ebe76b29943604d65b6c1e5581715d4e498223c550,2024-11-27T15:45:00Z,RETEST_EXPIRED,2024-11-27T15:25:00Z,,2651.98,False,False,RECLAIM_CONFIRMATION_STOP,699278a7396c6cfaddfdced3f8fd1be589ad4186763cc03b02e09fbac6d6948a,a967988e6cae58af84b31953bbbe45cdf612a5ccba6ff98b8cd2d7416faa54ea,2654.094535714286,5.890714285714304,0.2945357142857152,,H1_SOURCE_SWING_BUFFERED_ELSE_CONTROL,True,a967988e6cae58af84b31953bbbe45cdf612a5ccba6ff98b8cd2d7416faa54ea,2024-11-27T14:00:00Z,2653.8,2627.07,567f17d36384e49380a5b63c3664244c869fbf8a238122832d9466e577931bae
c69565f97fafbea0c3358585f8b6065b07a1b586c841c9100184b4d9369fedd8,2638.04,2024-11-28T02:40:00Z,1489a96cf212cd4d75375d5fc5b6bc53d85f12f27b2b36ecf1e06e4ff6e292be,2024-11-28T02:40:00Z,2638.06,2633.82,2024-12-01T00:00:00Z,2024-11-28T02:00:00Z,0.0,LONG,1.0,-50.0,CONTROL_V2_FILLED_STOP,2024-11-28T02:40:00Z,CONTROL_NEXT_M1_OPEN,2638.06,True,76ef5936a8270ff1780cb78ee0410d85a1081d7563aea7a9346b6b19d9aea0eb,1.379716981132125,0.03301886792449997,2024_11,-1.0,-1.0,STOP,2024-11-28T03:01:00Z,STOP,1ea4583e1b819a613d48dbf21afb09fc02f877085383331c5051d35682197ace,2024-11-28T03:01:00Z,FIRST_RETEST_FILLED,2024-11-28T02:55:00Z,2024-11-28T02:40:00Z,2638.04,True,False,INITIAL_CONFIRMATION_STOP,5da6b4a31d6b51e4c50db9c22282534e61800527d75cb8c091f1dab5257f8778,2b5dcf0ad616d5730df55be0f50d1de4ab4bc465c8c6666f45067ed1682ae74c,2633.82,,,,CONTROL_V2_FILLED_STOP,False,,2024-11-28T02:40:00Z,2633.82,2658.25,cfa63585385bde15c0474f7e03f684d19d2e8fb1c2fd44e8587f8a1b0bcb5fa8
c69565f97fafbea0c3358585f8b6065b07a1b586c841c9100184b4d9369fedd8,2638.04,2024-11-28T02:40:00Z,1489a96cf212cd4d75375d5fc5b6bc53d85f12f27b2b36ecf1e06e4ff6e292be,2024-11-28T02:40:00Z,2638.06,2633.82,2024-12-01T00:00:00Z,2024-11-28T02:00:00Z,0.0,LONG,0.6936573450135176,-50.0,M5_LATEST_CONFIRMED_OPPOSING_SWING_ELSE_CONTROL,2024-11-28T02:40:00Z,CONTROL_NEXT_M1_OPEN,2638.06,True,d4db2d40eea858b7e92f2b8726f49d087e12be7d564e90ce92c6440e3c4ee40d,1.2988306152931215,0.047601122026404145,2024_11,-1.0,-1.0,STOP,2024-11-28T03:01:00Z,STOP,1ff3de8f35496f62f36d177cbb5cb87e6aab815510ff0a618aac588a1639f034,2024-11-28T03:00:00Z,FIRST_RETEST_FILLED,2024-11-28T02:55:00Z,2024-11-28T02:40:00Z,2638.04,True,False,INITIAL_CONFIRMATION_STOP,974036dc95b8f1061a6969c27387ce541551e7e331e6a49fe4d3ca301e1fdd88,2b5dcf0ad616d5730df55be0f50d1de4ab4bc465c8c6666f45067ed1682ae74c,2635.118892857143,0.8221428571429052,0.041107142857145264,,M5_LATEST_CONFIRMED_OPPOSING_SWING_ELSE_CONTROL,True,553ca0e78fa4763e27bf0ce78068a5c012cc3ca91299e2ea979dbca4ca9cc9c8,2024-11-28T02:35:00Z,2635.16,2658.25,cfa63585385bde15c0474f7e03f684d19d2e8fb1c2fd44e8587f8a1b0bcb5fa8
c69565f97fafbea0c3358585f8b6065b07a1b586c841c9100184b4d9369fedd8,2638.04,2024-11-28T02:40:00Z,1489a96cf212cd4d75375d5fc5b6bc53d85f12f27b2b36ecf1e06e4ff6e292be,2024-11-28T02:40:00Z,2638.06,2633.82,2024-12-01T00:00:00Z,2024-11-28T02:00:00Z,0.0,LONG,0.77547169811325,-50.0,M15_LATEST_CONFIRMED_OPPOSING_SWING_ELSE_CONTROL,2024-11-28T02:40:00Z,CONTROL_NEXT_M1_OPEN,2638.06,True,86d76f04653f705811d00c6b0e61933fac9cc07c2fa59be705d71dc2e0211084,1.161800486618051,0.042579075425751886,2024_11,-1.0,-1.0,STOP,2024-11-28T03:01:00Z,STOP,7d49db8b9c76e8aa50f7683f24a740fd84f57b89e66a91b2c464daccf441de2e,2024-11-28T03:00:00Z,FIRST_RETEST_FILLED,2024-11-28T02:55:00Z,2024-11-28T02:40:00Z,2638.04,True,False,INITIAL_CONFIRMATION_STOP,a3fdedf77b91dc84b5616a0e2924170df3d92cc595f2f5e2fb726816e1c078d0,2b5dcf0ad616d5730df55be0f50d1de4ab4bc465c8c6666f45067ed1682ae74c,2634.772,1.759999999999991,0.08799999999999955,,M15_LATEST_CONFIRMED_OPPOSING_SWING_ELSE_CONTROL,True,5253d3c912575de8816d157555616b495eac48b48b5e386362bdac8db882f031,2024-11-28T01:30:00Z,2634.86,2658.25,cfa63585385bde15c0474f7e03f684d19d2e8fb1c2fd44e8587f8a1b0bcb5fa8
c69565f97fafbea0c3358585f8b6065b07a1b586c841c9100184b4d9369fedd8,2638.04,2024-11-28T02:40:00Z,1489a96cf212cd4d75375d5fc5b6bc53d85f12f27b2b36ecf1e06e4ff6e292be,2024-11-28T02:40:00Z,2638.06,2633.82,2024-12-01T00:00:00Z,2024-11-28T02:00:00Z,0.0,LONG,1.0,-50.0,CONTROL_V2_FILLED_STOP,2024-11-28T02:40:00Z,CONTROL_NEXT_M1_OPEN,2638.06,True,bf0cbf0f78162ad47a8acf3b76aa482d48340384a7de11e3496c32d14cb89130,1.379716981132125,0.03301886792449997,2024_11,-1.0,-1.0,STOP,2024-11-28T03:01:00Z,STOP,3a619e5f82389ac0d4228a01d40f204c598eacd99005e20c4bcda33529797a7a,2024-11-28T03:01:00Z,FIRST_RETEST_FILLED,2024-11-28T02:55:00Z,2024-11-28T02:40:00Z,2638.04,True,False,INITIAL_CONFIRMATION_STOP,7522c0e4e6ca401247b040932d020b9e1fdc38cde869d79bd03927e3608af5cb,2b5dcf0ad616d5730df55be0f50d1de4ab4bc465c8c6666f45067ed1682ae74c,2633.82,6.9578571428571,0.347892857142855,NOT_STRICTLY_CLOSER_THAN_CONTROL,H1_SOURCE_SWING_BUFFERED_ELSE_CONTROL,False,2b5dcf0ad616d5730df55be0f50d1de4ab4bc465c8c6666f45067ed1682ae74c,2024-11-28T02:00:00Z,2633.82,2658.25,cfa63585385bde15c0474f7e03f684d19d2e8fb1c2fd44e8587f8a1b0bcb5fa8
c69565f97fafbea0c3358585f8b6065b07a1b586c841c9100184b4d9369fedd8,2638.04,2024-11-28T02:40:00Z,1489a96cf212cd4d75375d5fc5b6bc53d85f12f27b2b36ecf1e06e4ff6e292be,2024-11-28T02:40:00Z,2638.06,2633.82,2024-12-01T00:00:00Z,2024-11-28T02:00:00Z,0.0,LONG,1.0,-50.0,CONTROL_V2_FILLED_STOP,2024-11-28T02:40:00Z,M5_BROKEN_CONTROL_FIRST_RETEST,2638.04,True,76ef5936a8270ff1780cb78ee0410d85a1081d7563aea7a9346b6b19d9aea0eb,1.3815165876777733,0.037914691943095276,2024_11,-1.0,-1.0,STOP,2024-11-28T03:01:00Z,STOP,f4a693b46aaeda823301f787c5ca1d12107b09331f098b86a434c56824489734,2024-11-28T03:01:00Z,FIRST_RETEST_FILLED,2024-11-28T02:55:00Z,2024-11-28T02:40:00Z,2638.04,True,True,INITIAL_CONFIRMATION_STOP,0e92563fc68e34e603182a3d172c970bfa86481fd25c3222879f77673e30164e,2b5dcf0ad616d5730df55be0f50d1de4ab4bc465c8c6666f45067ed1682ae74c,2633.82,,,,CONTROL_V2_FILLED_STOP,False,,2024-11-28T02:40:00Z,2633.82,2658.25,cfa63585385bde15c0474f7e03f684d19d2e8fb1c2fd44e8587f8a1b0bcb5fa8
c69565f97fafbea0c3358585f8b6065b07a1b586c841c9100184b4d9369fedd8,2638.04,2024-11-28T02:40:00Z,1489a96cf212cd4d75375d5fc5b6bc53d85f12f27b2b36ecf1e06e4ff6e292be,2024-11-28T02:40:00Z,2638.06,2633.82,2024-12-01T00:00:00Z,2024-11-28T02:00:00Z,0.0,LONG,0.6936573450135176,-50.0,M5_LATEST_CONFIRMED_OPPOSING_SWING_ELSE_CONTROL,2024-11-28T02:40:00Z,M5_BROKEN_CONTROL_FIRST_RETEST,2638.04,True,d4db2d40eea858b7e92f2b8726f49d087e12be7d564e90ce92c6440e3c4ee40d,1.3008766245675403,0.05477375261331768,2024_11,-1.0,-1.0,STOP,2024-11-28T03:01:00Z,STOP,f5b40c51c429c406164a3b69833c9fe25ba9312276242c01a0e9bb798711928e,2024-11-28T03:00:00Z,FIRST_RETEST_FILLED,2024-11-28T02:55:00Z,2024-11-28T02:40:00Z,2638.04,True,True,INITIAL_CONFIRMATION_STOP,6e29df53e2f6832cbf47803cf07fdde2ee72dc092d411a86763884e5481666b7,2b5dcf0ad616d5730df55be0f50d1de4ab4bc465c8c6666f45067ed1682ae74c,2635.118892857143,0.8221428571429052,0.041107142857145264,,M5_LATEST_CONFIRMED_OPPOSING_SWING_ELSE_CONTROL,True,553ca0e78fa4763e27bf0ce78068a5c012cc3ca91299e2ea979dbca4ca9cc9c8,2024-11-28T02:35:00Z,2635.16,2658.25,cfa63585385bde15c0474f7e03f684d19d2e8fb1c2fd44e8587f8a1b0bcb5fa8
c69565f97fafbea0c3358585f8b6065b07a1b586c841c9100184b4d9369fedd8,2638.04,2024-11-28T02:40:00Z,1489a96cf212cd4d75375d5fc5b6bc53d85f12f27b2b36ecf1e06e4ff6e292be,2024-11-28T02:40:00Z,2638.06,2633.82,2024-12-01T00:00:00Z,2024-11-28T02:00:00Z,0.0,LONG,0.77547169811325,-50.0,M15_LATEST_CONFIRMED_OPPOSING_SWING_ELSE_CONTROL,2024-11-28T02:40:00Z,M5_BROKEN_CONTROL_FIRST_RETEST,2638.04,True,86d76f04653f705811d00c6b0e61933fac9cc07c2fa59be705d71dc2e0211084,1.162790697674464,0.048959608323088454,2024_11,-1.0,-1.0,STOP,2024-11-28T03:01:00Z,STOP,e3e762b23319a35d7a9dae5d1c5f7e1f4619c37696b2aceba85a07d016bb04d0,2024-11-28T03:00:00Z,FIRST_RETEST_FILLED,2024-11-28T02:55:00Z,2024-11-28T02:40:00Z,2638.04,True,True,INITIAL_CONFIRMATION_STOP,87bfe026684053d483c7aea35aec32bac9358c04cf4824080de9e77bd1881a82,2b5dcf0ad616d5730df55be0f50d1de4ab4bc465c8c6666f45067ed1682ae74c,2634.772,1.759999999999991,0.08799999999999955,,M15_LATEST_CONFIRMED_OPPOSING_SWING_ELSE_CONTROL,True,5253d3c912575de8816d157555616b495eac48b48b5e386362bdac8db882f031,2024-11-28T01:30:00Z,2634.86,2658.25,cfa63585385bde15c0474f7e03f684d19d2e8fb1c2fd44e8587f8a1b0bcb5fa8
c69565f97fafbea0c3358585f8b6065b07a1b586c841c9100184b4d9369fedd8,2638.04,2024-11-28T02:40:00Z,1489a96cf212cd4d75375d5fc5b6bc53d85f12f27b2b36ecf1e06e4ff6e292be,2024-11-28T02:40:00Z,2638.06,2633.82,2024-12-01T00:00:00Z,2024-11-28T02:00:00Z,0.0,LONG,1.0,-50.0,CONTROL_V2_FILLED_STOP,2024-11-28T02:40:00Z,M5_BROKEN_CONTROL_FIRST_RETEST,2638.04,True,bf0cbf0f78162ad47a8acf3b76aa482d48340384a7de11e3496c32d14cb89130,1.3815165876777733,0.037914691943095276,2024_11,-1.0,-1.0,STOP,2024-11-28T03:01:00Z,STOP,8e62ec58e61290cc64cb2bce38ce43dfab2af67bf1f214f62334eaa323a6b468,2024-11-28T03:01:00Z,FIRST_RETEST_FILLED,2024-11-28T02:55:00Z,2024-11-28T02:40:00Z,2638.04,True,True,INITIAL_CONFIRMATION_STOP,f4b6b951da0835ccc300809f789c61372dd8de2845547b26e70377b33825277c,2b5dcf0ad616d5730df55be0f50d1de4ab4bc465c8c6666f45067ed1682ae74c,2633.82,6.9578571428571,0.347892857142855,NOT_STRICTLY_CLOSER_THAN_CONTROL,H1_SOURCE_SWING_BUFFERED_ELSE_CONTROL,False,2b5dcf0ad616d5730df55be0f50d1de4ab4bc465c8c6666f45067ed1682ae74c,2024-11-28T02:00:00Z,2633.82,2658.25,cfa63585385bde15c0474f7e03f684d19d2e8fb1c2fd44e8587f8a1b0bcb5fa8
c69565f97fafbea0c3358585f8b6065b07a1b586c841c9100184b4d9369fedd8,2638.04,2024-11-28T02:40:00Z,1489a96cf212cd4d75375d5fc5b6bc53d85f12f27b2b36ecf1e06e4ff6e292be,2024-11-28T02:40:00Z,2638.06,2633.82,2024-12-01T00:00:00Z,2024-11-28T02:00:00Z,0.0,LONG,1.0,-50.0,CONTROL_V2_FILLED_STOP,2024-11-28T02:40:00Z,CONFIRMED_25_75_RETEST_SPLIT,2638.06,True,76ef5936a8270ff1780cb78ee0410d85a1081d7563aea7a9346b6b19d9aea0eb,1.3810666860413612,0.03669073593844645,2024_11,-1.0,-1.0,STOP,2024-11-28T03:01:00Z,SPLIT_STOP_STOP,d46cdafbae7dedb7474ad173ca530276f6632390554545fae1854834e8c6e02a,2024-11-28T03:01:00Z,FIRST_RETEST_FILLED,2024-11-28T02:55:00Z,2024-11-28T02:40:00Z,2638.04,True,True,INITIAL_CONFIRMATION_STOP,e5b983cc9fced3b2410aa6cb6ca97110e4587601689d8bbc9552cc7de757b9ed,2b5dcf0ad616d5730df55be0f50d1de4ab4bc465c8c6666f45067ed1682ae74c,2633.82,,,,CONTROL_V2_FILLED_STOP,False,,2024-11-28T02:40:00Z,2633.82,2658.25,cfa63585385bde15c0474f7e03f684d19d2e8fb1c2fd44e8587f8a1b0bcb5fa8
c69565f97fafbea0c3358585f8b6065b07a1b586c841c9100184b4d9369fedd8,2638.04,2024-11-28T02:40:00Z,1489a96cf212cd4d75375d5fc5b6bc53d85f12f27b2b36ecf1e06e4ff6e292be,2024-11-28T02:40:00Z,2638.06,2633.82,2024-12-01T00:00:00Z,2024-11-28T02:00:00Z,0.0,LONG,0.6936573450135176,-50.0,M5_LATEST_CONFIRMED_OPPOSING_SWING_ELSE_CONTROL,2024-11-28T02:40:00Z,CONFIRMED_25_75_RETEST_SPLIT,2638.06,True,d4db2d40eea858b7e92f2b8726f49d087e12be7d564e90ce92c6440e3c4ee40d,1.3003651222489356,0.0529805949665893,2024_11,-1.0,-1.0,STOP,2024-11-28T03:01:00Z,SPLIT_STOP_STOP,427003deae171770c590b119bf13b925a881729b26b9b695da73a947d5f61360,2024-11-28T03:00:00Z,FIRST_RETEST_FILLED,2024-11-28T02:55:00Z,2024-11-28T02:40:00Z,2638.04,True,True,INITIAL_CONFIRMATION_STOP,b5ae378feff223a3791319f980512980ac4d1513e155d8462065df2619c70dfc,2b5dcf0ad616d5730df55be0f50d1de4ab4bc465c8c6666f45067ed1682ae74c,2635.118892857143,0.8221428571429052,0.041107142857145264,,M5_LATEST_CONFIRMED_OPPOSING_SWING_ELSE_CONTROL,True,553ca0e78fa4763e27bf0ce78068a5c012cc3ca91299e2ea979dbca4ca9cc9c8,2024-11-28T02:35:00Z,2635.16,2658.25,cfa63585385bde15c0474f7e03f684d19d2e8fb1c2fd44e8587f8a1b0bcb5fa8
c69565f97fafbea0c3358585f8b6065b07a1b586c841c9100184b4d9369fedd8,2638.04,2024-11-28T02:40:00Z,1489a96cf212cd4d75375d5fc5b6bc53d85f12f27b2b36ecf1e06e4ff6e292be,2024-11-28T02:40:00Z,2638.06,2633.82,2024-12-01T00:00:00Z,2024-11-28T02:00:00Z,0.0,LONG,0.77547169811325,-50.0,M15_LATEST_CONFIRMED_OPPOSING_SWING_ELSE_CONTROL,2024-11-28T02:40:00Z,CONFIRMED_25_75_RETEST_SPLIT,2638.06,True,86d76f04653f705811d00c6b0e61933fac9cc07c2fa59be705d71dc2e0211084,1.1625431449103607,0.04736447509875431,2024_11,-1.0,-1.0,STOP,2024-11-28T03:01:00Z,SPLIT_STOP_STOP,949501cae690bdf92471e2f1e1c7cbcf08006111f20fd734dac77ba1ee59ad2e,2024-11-28T03:00:00Z,FIRST_RETEST_FILLED,2024-11-28T02:55:00Z,2024-11-28T02:40:00Z,2638.04,True,True,INITIAL_CONFIRMATION_STOP,e4f5baecdea168c51c7bbd16fcc3b66edd532c560cd950232348014e68dcd93a,2b5dcf0ad616d5730df55be0f50d1de4ab4bc465c8c6666f45067ed1682ae74c,2634.772,1.759999999999991,0.08799999999999955,,M15_LATEST_CONFIRMED_OPPOSING_SWING_ELSE_CONTROL,True,5253d3c912575de8816d157555616b495eac48b48b5e386362bdac8db882f031,2024-11-28T01:30:00Z,2634.86,2658.25,cfa63585385bde15c0474f7e03f684d19d2e8fb1c2fd44e8587f8a1b0bcb5fa8
c69565f97fafbea0c3358585f8b6065b07a1b586c841c9100184b4d9369fedd8,2638.04,2024-11-28T02:40:00Z,1489a96cf212cd4d75375d5fc5b6bc53d85f12f27b2b36ecf1e06e4ff6e292be,2024-11-28T02:40:00Z,2638.06,2633.82,2024-12-01T00:00:00Z,2024-11-28T02:00:00Z,0.0,LONG,1.0,-50.0,CONTROL_V2_FILLED_STOP,2024-11-28T02:40:00Z,CONFIRMED_25_75_RETEST_SPLIT,2638.06,True,bf0cbf0f78162ad47a8acf3b76aa482d48340384a7de11e3496c32d14cb89130,1.3810666860413612,0.03669073593844645,2024_11,-1.0,-1.0,STOP,2024-11-28T03:01:00Z,SPLIT_STOP_STOP,cc6c2306b6391796e372169fe895e7e4f7f942e964b45afd63e6c2e6fc6a4a29,2024-11-28T03:01:00Z,FIRST_RETEST_FILLED,2024-11-28T02:55:00Z,2024-11-28T02:40:00Z,2638.04,True,True,INITIAL_CONFIRMATION_STOP,d6f6138607e0ff1a31df66d677fc948a779653a65133aec49d7e48e7c1292a09,2b5dcf0ad616d5730df55be0f50d1de4ab4bc465c8c6666f45067ed1682ae74c,2633.82,6.9578571428571,0.347892857142855,NOT_STRICTLY_CLOSER_THAN_CONTROL,H1_SOURCE_SWING_BUFFERED_ELSE_CONTROL,False,2b5dcf0ad616d5730df55be0f50d1de4ab4bc465c8c6666f45067ed1682ae74c,2024-11-28T02:00:00Z,2633.82,2658.25,cfa63585385bde15c0474f7e03f684d19d2e8fb1c2fd44e8587f8a1b0bcb5fa8
fe69b2d2a947b56cde9ab8ad00e62de24198fb8d79cf1619b164d05579475189,2632.15,2024-11-28T06:20:00Z,c6f43009f1c9b9634aa115fbc0db76886305021b3f6b5ae5c1e202323d622c02,2024-11-28T06:20:00Z,2633.1,2620.95,2024-12-01T00:00:00Z,2024-11-28T06:00:00Z,0.0,LONG,1.0,103.49794238683087,CONTROL_V2_FILLED_STOP,2024-11-28T06:20:00Z,CONTROL_NEXT_M1_OPEN,2633.1,True,d3347dad99aa68ba02f553967d3f0b021ccc9592da25a2e5f1e6c55b59e999f7,0.2378600823045145,2.3934156378600586,2024_11,2.0699588477366175,2.0699588477366175,TARGET,2024-11-29T04:22:00Z,TARGET,99b8eb96202added6f4e7b2f6c4f82a6f8be2e232968f748256739819d3bb5f4,2024-11-29T04:22:00Z,RETEST_EXPIRED,2024-11-28T06:35:00Z,,2632.15,False,False,INITIAL_CONFIRMATION_TARGET,7af2d10dbd22d7346680fadad36f90b5181d182b657bcecdc5fea51f100567b3,0bfbbe89ab94606f7ed28551f242ad6d6c497baa56b8bf82c92f06bbc8d9db48,2620.95,,,,CONTROL_V2_FILLED_STOP,False,,2024-11-28T06:20:00Z,2620.95,2658.25,e1afedc72393108d42c498754d1877c614170595a4e695675ecefd7742af358c
fe69b2d2a947b56cde9ab8ad00e62de24198fb8d79cf1619b164d05579475189,2632.15,2024-11-28T06:20:00Z,c6f43009f1c9b9634aa115fbc0db76886305021b3f6b5ae5c1e202323d622c02,2024-11-28T06:20:00Z,2633.1,2620.95,2024-12-01T00:00:00Z,2024-11-28T06:00:00Z,1.3025496050857703,LONG,0.6137742504408872,168.6254226411194,M5_LATEST_CONFIRMED_OPPOSING_SWING_ELSE_CONTROL,2024-11-28T06:20:00Z,CONTROL_NEXT_M1_OPEN,2633.1,True,ad61bddf9feb464e3ba925f0058d6ca75f415d86cab2bcac7ef6033dfcee3009,0.3875367566066098,3.899504803501966,2024_11,3.372508452822388,2.0699588477366175,TARGET,2024-11-29T04:22:00Z,TARGET,de8e5b7b783294800c0eaea3f9d2531a8aecb344e16c9b08b04e2cafd7b26084,2024-11-29T04:22:00Z,RETEST_EXPIRED,2024-11-28T06:35:00Z,,2632.15,False,False,INITIAL_CONFIRMATION_TARGET,45f3febb85125a7d62e55a44175bfb1951a4e3fbfb971e6a41ba11fe54bb350c,0bfbbe89ab94606f7ed28551f242ad6d6c497baa56b8bf82c92f06bbc8d9db48,2625.642642857143,1.3471428571428663,0.06735714285714332,,M5_LATEST_CONFIRMED_OPPOSING_SWING_ELSE_CONTROL,True,64470cf3b462f3d7ef078c2e4cdd955dcd1b07594174bb6a7497645696e4ea74,2024-11-28T05:15:00Z,2625.71,2658.25,e1afedc72393108d42c498754d1877c614170595a4e695675ecefd7742af358c
fe69b2d2a947b56cde9ab8ad00e62de24198fb8d79cf1619b164d05579475189,2632.15,2024-11-28T06:20:00Z,c6f43009f1c9b9634aa115fbc0db76886305021b3f6b5ae5c1e202323d622c02,2024-11-28T06:20:00Z,2633.1,2620.95,2024-12-01T00:00:00Z,2024-11-28T06:00:00Z,1.2342053751374076,LONG,0.6264697236919199,165.20821114370125,M15_LATEST_CONFIRMED_OPPOSING_SWING_ELSE_CONTROL,2024-11-28T06:20:00Z,CONTROL_NEXT_M1_OPEN,2633.1,True,6f8a01756d649671accacaa0ffea8d1b1d6526faac958e2eef87b4a14bb37571,0.37968328445747423,3.820480938416543,2024_11,3.304164222874025,2.0699588477366175,TARGET,2024-11-29T04:22:00Z,TARGET,0fd733442be1ae2a9168042c7a5252507c8ec183d5abb5adfbeebb96a3025de4,2024-11-29T04:22:00Z,RETEST_EXPIRED,2024-11-28T06:35:00Z,,2632.15,False,False,INITIAL_CONFIRMATION_TARGET,93580356feb7dda62babe2a914970c8b29b8f141fefdbf63957319dc181090d3,0bfbbe89ab94606f7ed28551f242ad6d6c497baa56b8bf82c92f06bbc8d9db48,2625.488392857143,4.032142857142811,0.20160714285714057,,M15_LATEST_CONFIRMED_OPPOSING_SWING_ELSE_CONTROL,True,a82362b114a7ccbc00c78cfd9d89a0511cf60b450713c1d8f1c8692df7429e94,2024-11-28T05:15:00Z,2625.69,2658.25,e1afedc72393108d42c498754d1877c614170595a4e695675ecefd7742af358c
fe69b2d2a947b56cde9ab8ad00e62de24198fb8d79cf1619b164d05579475189,2632.15,2024-11-28T06:20:00Z,c6f43009f1c9b9634aa115fbc0db76886305021b3f6b5ae5c1e202323d622c02,2024-11-28T06:20:00Z,2633.1,2620.95,2024-12-01T00:00:00Z,2024-11-28T06:00:00Z,0.0,LONG,1.0,103.49794238683087,CONTROL_V2_FILLED_STOP,2024-11-28T06:20:00Z,CONTROL_NEXT_M1_OPEN,2633.1,True,3240f9ae1f148b55b0880638b42de7b5215e50a580487ac5c128834609dbcc46,0.2378600823045145,2.3934156378600586,2024_11,2.0699588477366175,2.0699588477366175,TARGET,2024-11-29T04:22:00Z,TARGET,a4696dcc4b6329e60b985301141d9640932959951aed707fce87325a416568ef,2024-11-29T04:22:00Z,RETEST_EXPIRED,2024-11-28T06:35:00Z,,2632.15,False,False,INITIAL_CONFIRMATION_TARGET,aef2e36a9f5cdd1cccdab4f8b539382a4d56b77f904f31998ef91857f711998c,0bfbbe89ab94606f7ed28551f242ad6d6c497baa56b8bf82c92f06bbc8d9db48,2620.95,7.25,0.36250000000000004,NOT_STRICTLY_CLOSER_THAN_CONTROL,H1_SOURCE_SWING_BUFFERED_ELSE_CONTROL,False,0bfbbe89ab94606f7ed28551f242ad6d6c497baa56b8bf82c92f06bbc8d9db48,2024-11-28T06:00:00Z,2620.95,2658.25,e1afedc72393108d42c498754d1877c614170595a4e695675ecefd7742af358c
fe69b2d2a947b56cde9ab8ad00e62de24198fb8d79cf1619b164d05579475189,2632.15,2024-11-28T06:20:00Z,c6f43009f1c9b9634aa115fbc0db76886305021b3f6b5ae5c1e202323d622c02,2024-11-28T06:20:00Z,2633.1,2620.95,2024-12-01T00:00:00Z,2024-11-28T06:00:00Z,-2.0699588477366175,LONG,1.0,0.0,CONTROL_V2_FILLED_STOP,,M5_BROKEN_CONTROL_FIRST_RETEST,,False,d3347dad99aa68ba02f553967d3f0b021ccc9592da25a2e5f1e6c55b59e999f7,,,2024_11,0.0,2.0699588477366175,TARGET,2024-11-29T04:22:00Z,NO_FILL,681ec7983791b28f83ae846e1a0364a3ee58fa9f618be2982b744a9b71c4a8c4,,RETEST_EXPIRED,2024-11-28T06:35:00Z,,2632.15,False,False,INITIAL_CONFIRMATION_TARGET,767e31be603efacfa01bd04ddaea71c6a94ed4419270b32119851fe7e7c7edfa,0bfbbe89ab94606f7ed28551f242ad6d6c497baa56b8bf82c92f06bbc8d9db48,2620.95,,,,CONTROL_V2_FILLED_STOP,False,,2024-11-28T06:20:00Z,2620.95,2658.25,e1afedc72393108d42c498754d1877c614170595a4e695675ecefd7742af358c
fe69b2d2a947b56cde9ab8ad00e62de24198fb8d79cf1619b164d05579475189,2632.15,2024-11-28T06:20:00Z,c6f43009f1c9b9634aa115fbc0db76886305021b3f6b5ae5c1e202323d622c02,2024-11-28T06:20:00Z,2633.1,2620.95,2024-12-01T00:00:00Z,2024-11-28T06:00:00Z,-2.0699588477366175,LONG,0.6137742504408872,0.0,M5_LATEST_CONFIRMED_OPPOSING_SWING_ELSE_CONTROL,,M5_BROKEN_CONTROL_FIRST_RETEST,,False,ad61bddf9feb464e3ba925f0058d6ca75f415d86cab2bcac7ef6033dfcee3009,,,2024_11,0.0,2.0699588477366175,TARGET,2024-11-29T04:22:00Z,NO_FILL,8d9f9c9209ba6ece1fa0d772a303f9bab86cd2c5a57ef5f720af42944bf53e79,,RETEST_EXPIRED,2024-11-28T06:35:00Z,,2632.15,False,False,INITIAL_CONFIRMATION_TARGET,c6f2d705fe942261fe3e4750056643dcbd695995f3444c54bdf101687e4f4b67,0bfbbe89ab94606f7ed28551f242ad6d6c497baa56b8bf82c92f06bbc8d9db48,2625.642642857143,1.3471428571428663,0.06735714285714332,,M5_LATEST_CONFIRMED_OPPOSING_SWING_ELSE_CONTROL,True,64470cf3b462f3d7ef078c2e4cdd955dcd1b07594174bb6a7497645696e4ea74,2024-11-28T05:15:00Z,2625.71,2658.25,e1afedc72393108d42c498754d1877c614170595a4e695675ecefd7742af358c
fe69b2d2a947b56cde9ab8ad00e62de24198fb8d79cf1619b164d05579475189,2632.15,2024-11-28T06:20:00Z,c6f43009f1c9b9634aa115fbc0db76886305021b3f6b5ae5c1e202323d622c02,2024-11-28T06:20:00Z,2633.1,2620.95,2024-12-01T00:00:00Z,2024-11-28T06:00:00Z,-2.0699588477366175,LONG,0.6264697236919199,0.0,M15_LATEST_CONFIRMED_OPPOSING_SWING_ELSE_CONTROL,,M5_BROKEN_CONTROL_FIRST_RETEST,,False,6f8a01756d649671accacaa0ffea8d1b1d6526faac958e2eef87b4a14bb37571,,,2024_11,0.0,2.0699588477366175,TARGET,2024-11-29T04:22:00Z,NO_FILL,3df0f01d66a1b638aa0eab63004c41f8469171e6f7fca2608b64dd97ffd8eacd,,RETEST_EXPIRED,2024-11-28T06:35:00Z,,2632.15,False,False,INITIAL_CONFIRMATION_TARGET,82a8ab88b2ba0bf34c3c0f5f859258f7d6844ebbecde19d96b4082ec31d6c69e,0bfbbe89ab94606f7ed28551f242ad6d6c497baa56b8bf82c92f06bbc8d9db48,2625.488392857143,4.032142857142811,0.20160714285714057,,M15_LATEST_CONFIRMED_OPPOSING_SWING_ELSE_CONTROL,True,a82362b114a7ccbc00c78cfd9d89a0511cf60b450713c1d8f1c8692df7429e94,2024-11-28T05:15:00Z,2625.69,2658.25,e1afedc72393108d42c498754d1877c614170595a4e695675ecefd7742af358c
fe69b2d2a947b56cde9ab8ad00e62de24198fb8d79cf1619b164d05579475189,2632.15,2024-11-28T06:20:00Z,c6f43009f1c9b9634aa115fbc0db76886305021b3f6b5ae5c1e202323d622c02,2024-11-28T06:20:00Z,2633.1,2620.95,2024-12-01T00:00:00Z,2024-11-28T06:00:00Z,-2.0699588477366175,LONG,1.0,0.0,CONTROL_V2_FILLED_STOP,,M5_BROKEN_CONTROL_FIRST_RETEST,,False,3240f9ae1f148b55b0880638b42de7b5215e50a580487ac5c128834609dbcc46,,,2024_11,0.0,2.0699588477366175,TARGET,2024-11-29T04:22:00Z,NO_FILL,e0917fd03beb12eda70dfc5a12baa2070ca01a6767288e769cb1646ad43e2465,,RETEST_EXPIRED,2024-11-28T06:35:00Z,,2632.15,False,False,INITIAL_CONFIRMATION_TARGET,c50aaa92fab3114d1821df4489cdaebf1084632768f96097d4be825b0e46ca5c,0bfbbe89ab94606f7ed28551f242ad6d6c497baa56b8bf82c92f06bbc8d9db48,2620.95,7.25,0.36250000000000004,NOT_STRICTLY_CLOSER_THAN_CONTROL,H1_SOURCE_SWING_BUFFERED_ELSE_CONTROL,False,0bfbbe89ab94606f7ed28551f242ad6d6c497baa56b8bf82c92f06bbc8d9db48,2024-11-28T06:00:00Z,2620.95,2658.25,e1afedc72393108d42c498754d1877c614170595a4e695675ecefd7742af358c
fe69b2d2a947b56cde9ab8ad00e62de24198fb8d79cf1619b164d05579475189,2632.15,2024-11-28T06:20:00Z,c6f43009f1c9b9634aa115fbc0db76886305021b3f6b5ae5c1e202323d622c02,2024-11-28T06:20:00Z,2633.1,2620.95,2024-12-01T00:00:00Z,2024-11-28T06:00:00Z,-1.5524691358024632,LONG,1.0,25.874485596707718,CONTROL_V2_FILLED_STOP,2024-11-28T06:20:00Z,CONFIRMED_25_75_RETEST_SPLIT,2633.1,True,d3347dad99aa68ba02f553967d3f0b021ccc9592da25a2e5f1e6c55b59e999f7,0.059465020576128624,0.5983539094650147,2024_11,0.5174897119341544,2.0699588477366175,TARGET,2024-11-29T04:22:00Z,SPLIT_CONTROL_TARGET_NO_RETEST,db3cb1220b04077a4cd3b68886ce139bd7444fb6465a2b930dc0beffb82e46e6,2024-11-29T04:22:00Z,RETEST_EXPIRED,2024-11-28T06:35:00Z,,2632.15,False,False,INITIAL_CONFIRMATION_TARGET,73b8a6dda1a56226f2918075cbe962916044139bff916f8953861cd4d44a7d25,0bfbbe89ab94606f7ed28551f242ad6d6c497baa56b8bf82c92f06bbc8d9db48,2620.95,,,,CONTROL_V2_FILLED_STOP,False,,2024-11-28T06:20:00Z,2620.95,2658.25,e1afedc72393108d42c498754d1877c614170595a4e695675ecefd7742af358c
fe69b2d2a947b56cde9ab8ad00e62de24198fb8d79cf1619b164d05579475189,2632.15,2024-11-28T06:20:00Z,c6f43009f1c9b9634aa115fbc0db76886305021b3f6b5ae5c1e202323d622c02,2024-11-28T06:20:00Z,2633.1,2620.95,2024-12-01T00:00:00Z,2024-11-28T06:00:00Z,-1.2268317345310207,LONG,0.6137742504408872,42.15635566027985,M5_LATEST_CONFIRMED_OPPOSING_SWING_ELSE_CONTROL,2024-11-28T06:20:00Z,CONFIRMED_25_75_RETEST_SPLIT,2633.1,True,ad61bddf9feb464e3ba925f0058d6ca75f415d86cab2bcac7ef6033dfcee3009,0.09688418915165245,0.9748762008754915,2024_11,0.843127113205597,2.0699588477366175,TARGET,2024-11-29T04:22:00Z,SPLIT_CONTROL_TARGET_NO_RETEST,fe16b9ed4eb62e980882fbcc10d6d29fcccd7dd3fc3d40dab5afd6666524f4e8,2024-11-29T04:22:00Z,RETEST_EXPIRED,2024-11-28T06:35:00Z,,2632.15,False,False,INITIAL_CONFIRMATION_TARGET,974583e9f3b5ac98c5cecf86a4f8947d7849dd74060b1e38c5c35e6014fa47e5,0bfbbe89ab94606f7ed28551f242ad6d6c497baa56b8bf82c92f06bbc8d9db48,2625.642642857143,1.3471428571428663,0.06735714285714332,,M5_LATEST_CONFIRMED_OPPOSING_SWING_ELSE_CONTROL,True,64470cf3b462f3d7ef078c2e4cdd955dcd1b07594174bb6a7497645696e4ea74,2024-11-28T05:15:00Z,2625.71,2658.25,e1afedc72393108d42c498754d1877c614170595a4e695675ecefd7742af358c
fe69b2d2a947b56cde9ab8ad00e62de24198fb8d79cf1619b164d05579475189,2632.15,2024-11-28T06:20:00Z,c6f43009f1c9b9634aa115fbc0db76886305021b3f6b5ae5c1e202323d622c02,2024-11-28T06:20:00Z,2633.1,2620.95,2024-12-01T00:00:00Z,2024-11-28T06:00:00Z,-1.2439177920181113,LONG,0.6264697236919199,41.30205278592531,M15_LATEST_CONFIRMED_OPPOSING_SWING_ELSE_CONTROL,2024-11-28T06:20:00Z,CONFIRMED_25_75_RETEST_SPLIT,2633.1,True,6f8a01756d649671accacaa0ffea8d1b1d6526faac958e2eef87b4a14bb37571,0.09492082111436856,0.9551202346041358,2024_11,0.8260410557185063,2.0699588477366175,TARGET,2024-11-29T04:22:00Z,SPLIT_CONTROL_TARGET_NO_RETEST,1bf1f5ea3ca16973020aa75e9fbc235333ec84ed3faa15a7ff72db330e410a8a,2024-11-29T04:22:00Z,RETEST_EXPIRED,2024-11-28T06:35:00Z,,2632.15,False,False,INITIAL_CONFIRMATION_TARGET,e505982938ab9fa7b0b6bbbb5218f3f0eec420b25a34183afec69f271fd85c40,0bfbbe89ab94606f7ed28551f242ad6d6c497baa56b8bf82c92f06bbc8d9db48,2625.488392857143,4.032142857142811,0.20160714285714057,,M15_LATEST_CONFIRMED_OPPOSING_SWING_ELSE_CONTROL,True,a82362b114a7ccbc00c78cfd9d89a0511cf60b450713c1d8f1c8692df7429e94,2024-11-28T05:15:00Z,2625.69,2658.25,e1afedc72393108d42c498754d1877c614170595a4e695675ecefd7742af358c
fe69b2d2a947b56cde9ab8ad00e62de24198fb8d79cf1619b164d05579475189,2632.15,2024-11-28T06:20:00Z,c6f43009f1c9b9634aa115fbc0db76886305021b3f6b5ae5c1e202323d622c02,2024-11-28T06:20:00Z,2633.1,2620.95,2024-12-01T00:00:00Z,2024-11-28T06:00:00Z,-1.5524691358024632,LONG,1.0,25.874485596707718,CONTROL_V2_FILLED_STOP,2024-11-28T06:20:00Z,CONFIRMED_25_75_RETEST_SPLIT,2633.1,True,3240f9ae1f148b55b0880638b42de7b5215e50a580487ac5c128834609dbcc46,0.059465020576128624,0.5983539094650147,2024_11,0.5174897119341544,2.0699588477366175,TARGET,2024-11-29T04:22:00Z,SPLIT_CONTROL_TARGET_NO_RETEST,0fc15a16f37de365408269e6ce3f232482181011a35f3ab90dbba5b7d1223c94,2024-11-29T04:22:00Z,RETEST_EXPIRED,2024-11-28T06:35:00Z,,2632.15,False,False,INITIAL_CONFIRMATION_TARGET,a4bb1e5ada71eb680a1c76d48aed2994c1a3c1d7ee14303f0844d69d0ba33ff2,0bfbbe89ab94606f7ed28551f242ad6d6c497baa56b8bf82c92f06bbc8d9db48,2620.95,7.25,0.36250000000000004,NOT_STRICTLY_CLOSER_THAN_CONTROL,H1_SOURCE_SWING_BUFFERED_ELSE_CONTROL,False,0bfbbe89ab94606f7ed28551f242ad6d6c497baa56b8bf82c92f06bbc8d9db48,2024-11-28T06:00:00Z,2620.95,2658.25,e1afedc72393108d42c498754d1877c614170595a4e695675ecefd7742af358c
cbec6a54082843a2d6c23c2b86838fd4d29e64014299dfe9b0bb52aa93f26345,2643.9,2024-11-28T15:05:00Z,e00b97e46fa2554bef3f5600a049102b9333cdd667479ba73c9c0696d70ef4ad,2024-11-28T15:05:00Z,2643.66,2649.73,2024-12-01T00:00:00Z,2024-11-28T15:00:00Z,0.0,SHORT,1.0,-50.0,CONTROL_V2_FILLED_STOP,2024-11-28T15:05:00Z,CONTROL_NEXT_M1_OPEN,2643.66,True,f31991b292e21746dbfcae0741b163542f07126eabc6171887c1033d10d342d3,1.1103789126853467,1.5831960461284043,2024_11,-1.0,-1.0,STOP,2024-11-29T04:08:00Z,STOP,c51cc742d27dd6e370b3e8f4144c854ca1f941351497b0926c9940b364b6616c,2024-11-29T04:08:00Z,FIRST_RETEST_FILLED,2024-11-28T15:20:00Z,2024-11-28T15:05:00Z,2643.9,True,False,INITIAL_CONFIRMATION_STOP,e163dd800bd7ca401b3724380dc1aaa0a667690df8bd2006afe0c1feefb3b57a,b5dca11907f8b40f9892b4bdf631b4de93f26d2b36650f46001b6154c44d0e6d,2649.73,,,,CONTROL_V2_FILLED_STOP,False,,2024-11-28T15:05:00Z,2649.73,2620.95,855a64692c6760ee7126b19f95195745664b6257244e651024e6560e9ff4ecf3
cbec6a54082843a2d6c23c2b86838fd4d29e64014299dfe9b0bb52aa93f26345,2643.9,2024-11-28T15:05:00Z,e00b97e46fa2554bef3f5600a049102b9333cdd667479ba73c9c0696d70ef4ad,2024-11-28T15:05:00Z,2643.66,2649.73,2024-12-01T00:00:00Z,2024-11-28T15:00:00Z,0.0,SHORT,0.6080313014827196,-50.0,M5_LATEST_CONFIRMED_OPPOSING_SWING_ELSE_CONTROL,2024-11-28T15:05:00Z,CONTROL_NEXT_M1_OPEN,2643.66,True,3f73709a2b81d4cd610a57c2f921c7568847b8afaa78625c4d558afc8758663b,1.0648242227189786,0.23572444625071923,2024_11,-1.0,-1.0,STOP,2024-11-29T04:08:00Z,STOP,35dccf4a0e9360c4d122d0a0ccb5b8bf55bb6e8804cc8cbf78322f8601ac6ef7,2024-11-28T15:45:00Z,FIRST_RETEST_FILLED,2024-11-28T15:20:00Z,2024-11-28T15:05:00Z,2643.9,True,False,INITIAL_CONFIRMATION_STOP,f1a6157ae45de40e73bc33ddacfbd02404a2be131204abfa50d73f05494ca429,b5dca11907f8b40f9892b4bdf631b4de93f26d2b36650f46001b6154c44d0e6d,2647.35075,1.4149999999998986,0.07074999999999493,,M5_LATEST_CONFIRMED_OPPOSING_SWING_ELSE_CONTROL,True,e64271822f021679a3e9807ddfc666effed3d15347da6abb22f357dc378b7721,2024-11-28T14:50:00Z,2647.28,2620.95,855a64692c6760ee7126b19f95195745664b6257244e651024e6560e9ff4ecf3
cbec6a54082843a2d6c23c2b86838fd4d29e64014299dfe9b0bb52aa93f26345,2643.9,2024-11-28T15:05:00Z,e00b97e46fa2554bef3f5600a049102b9333cdd667479ba73c9c0696d70ef4ad,2024-11-28T15:05:00Z,2643.66,2649.73,2024-12-01T00:00:00Z,2024-11-28T15:00:00Z,0.0,SHORT,1.0,-50.0,CONTROL_V2_FILLED_STOP,2024-11-28T15:05:00Z,CONTROL_NEXT_M1_OPEN,2643.66,True,b63459c5b16b38a75095575377c72bfbff8021fcf75b01414ce8d6ce895e0485,1.1103789126853467,1.5831960461284043,2024_11,-1.0,-1.0,STOP,2024-11-29T04:08:00Z,STOP,31c87a1254b4cf36cced63dc3b2884085eede5794d299d8587e476a3aba80525,2024-11-29T04:08:00Z,FIRST_RETEST_FILLED,2024-11-28T15:20:00Z,2024-11-28T15:05:00Z,2643.9,True,False,INITIAL_CONFIRMATION_STOP,35ed17f3fb209a1c6ff12bee835561987d211fe600d1fe66285643ceece368f0,b5dca11907f8b40f9892b4bdf631b4de93f26d2b36650f46001b6154c44d0e6d,2649.73,2.2085714285713687,0.11042857142856843,NOT_STRICTLY_CLOSER_THAN_CONTROL,M15_LATEST_CONFIRMED_OPPOSING_SWING_ELSE_CONTROL,False,6aeeafc333bd69b50822473a4f86f093467651f9173b40d3770b54bac9630349,2024-11-28T13:15:00Z,2649.73,2620.95,855a64692c6760ee7126b19f95195745664b6257244e651024e6560e9ff4ecf3
cbec6a54082843a2d6c23c2b86838fd4d29e64014299dfe9b0bb52aa93f26345,2643.9,2024-11-28T15:05:00Z,e00b97e46fa2554bef3f5600a049102b9333cdd667479ba73c9c0696d70ef4ad,2024-11-28T15:05:00Z,2643.66,2649.73,2024-12-01T00:00:00Z,2024-11-28T15:00:00Z,0.0,SHORT,1.0,-50.0,CONTROL_V2_FILLED_STOP,2024-11-28T15:05:00Z,CONTROL_NEXT_M1_OPEN,2643.66,True,ebed501df9ced3b0b4026150d2c4922689db6a53edb5dfdf1050bfc1b5e6c339,1.1103789126853467,1.5831960461284043,2024_11,-1.0,-1.0,STOP,2024-11-29T04:08:00Z,STOP,3c80a0c03701055065034085298c2f1008c60a073dcc6fc60d9a0f788dbc3353,2024-11-29T04:08:00Z,FIRST_RETEST_FILLED,2024-11-28T15:20:00Z,2024-11-28T15:05:00Z,2643.9,True,False,INITIAL_CONFIRMATION_STOP,e7c2883759e5e69a2fa436b200173bdcd14852934432f091f8f91384179df37f,b5dca11907f8b40f9892b4bdf631b4de93f26d2b36650f46001b6154c44d0e6d,2649.73,5.765000000000067,0.2882500000000034,NOT_STRICTLY_CLOSER_THAN_CONTROL,H1_SOURCE_SWING_BUFFERED_ELSE_CONTROL,False,b5dca11907f8b40f9892b4bdf631b4de93f26d2b36650f46001b6154c44d0e6d,2024-11-28T15:00:00Z,2649.73,2620.95,855a64692c6760ee7126b19f95195745664b6257244e651024e6560e9ff4ecf3
cbec6a54082843a2d6c23c2b86838fd4d29e64014299dfe9b0bb52aa93f26345,2643.9,2024-11-28T15:05:00Z,e00b97e46fa2554bef3f5600a049102b9333cdd667479ba73c9c0696d70ef4ad,2024-11-28T15:05:00Z,2643.66,2649.73,2024-12-01T00:00:00Z,2024-11-28T15:00:00Z,0.0,SHORT,1.0,-50.0,CONTROL_V2_FILLED_STOP,2024-11-28T15:05:00Z,M5_BROKEN_CONTROL_FIRST_RETEST,2643.9,True,f31991b292e21746dbfcae0741b163542f07126eabc6171887c1033d10d342d3,1.1149228130360345,1.689536878216129,2024_11,-1.0,-1.0,STOP,2024-11-29T04:08:00Z,STOP,4008e09de677a2603e44a6df77758ce67a8b738a2efeb9e30681165d7a6ecc17,2024-11-29T04:08:00Z,FIRST_RETEST_FILLED,2024-11-28T15:20:00Z,2024-11-28T15:05:00Z,2643.9,True,True,INITIAL_CONFIRMATION_STOP,be27370e43a5288507feb5d179afa3032872f54c49b4ac5e11ab42da163f0d55,b5dca11907f8b40f9892b4bdf631b4de93f26d2b36650f46001b6154c44d0e6d,2649.73,,,,CONTROL_V2_FILLED_STOP,False,,2024-11-28T15:05:00Z,2649.73,2620.95,855a64692c6760ee7126b19f95195745664b6257244e651024e6560e9ff4ecf3
cbec6a54082843a2d6c23c2b86838fd4d29e64014299dfe9b0bb52aa93f26345,2643.9,2024-11-28T15:05:00Z,e00b97e46fa2554bef3f5600a049102b9333cdd667479ba73c9c0696d70ef4ad,2024-11-28T15:05:00Z,2643.66,2649.73,2024-12-01T00:00:00Z,2024-11-28T15:00:00Z,0.0,SHORT,0.6080313014827196,-50.0,M5_LATEST_CONFIRMED_OPPOSING_SWING_ELSE_CONTROL,2024-11-28T15:05:00Z,M5_BROKEN_CONTROL_FIRST_RETEST,2643.9,True,3f73709a2b81d4cd610a57c2f921c7568847b8afaa78625c4d558afc8758663b,1.0693327537492099,0.3216692023473554,2024_11,-1.0,-1.0,STOP,2024-11-29T04:08:00Z,STOP,79f99b5f368672eb1b7d383b19cbb8f4d0fc4586ee4b1889b4fdbe068e7eb90e,2024-11-28T15:45:00Z,FIRST_RETEST_FILLED,2024-11-28T15:20:00Z,2024-11-28T15:05:00Z,2643.9,True,True,INITIAL_CONFIRMATION_STOP,84c856c72c5ee44d0191fea14cef1962ccf4782623f487d31298421bcb896d80,b5dca11907f8b40f9892b4bdf631b4de93f26d2b36650f46001b6154c44d0e6d,2647.35075,1.4149999999998986,0.07074999999999493,,M5_LATEST_CONFIRMED_OPPOSING_SWING_ELSE_CONTROL,True,e64271822f021679a3e9807ddfc666effed3d15347da6abb22f357dc378b7721,2024-11-28T14:50:00Z,2647.28,2620.95,855a64692c6760ee7126b19f95195745664b6257244e651024e6560e9ff4ecf3
cbec6a54082843a2d6c23c2b86838fd4d29e64014299dfe9b0bb52aa93f26345,2643.9,2024-11-28T15:05:00Z,e00b97e46fa2554bef3f5600a049102b9333cdd667479ba73c9c0696d70ef4ad,2024-11-28T15:05:00Z,2643.66,2649.73,2024-12-01T00:00:00Z,2024-11-28T15:00:00Z,0.0,SHORT,1.0,-50.0,CONTROL_V2_FILLED_STOP,2024-11-28T15:05:00Z,M5_BROKEN_CONTROL_FIRST_RETEST,2643.9,True,b63459c5b16b38a75095575377c72bfbff8021fcf75b01414ce8d6ce895e0485,1.1149228130360345,1.689536878216129,2024_11,-1.0,-1.0,STOP,2024-11-29T04:08:00Z,STOP,a4fc47bfaf62aa34b4713f8750ab15d0770e8f962ae82ddc0a0fef5172fc755e,2024-11-29T04:08:00Z,FIRST_RETEST_FILLED,2024-11-28T15:20:00Z,2024-11-28T15:05:00Z,2643.9,True,True,INITIAL_CONFIRMATION_STOP,4ffafacd0a60193d16b82223b0bd093f81dbdd30e0beae9bbc325785b8a1eaa1,b5dca11907f8b40f9892b4bdf631b4de93f26d2b36650f46001b6154c44d0e6d,2649.73,2.2085714285713687,0.11042857142856843,NOT_STRICTLY_CLOSER_THAN_CONTROL,M15_LATEST_CONFIRMED_OPPOSING_SWING_ELSE_CONTROL,False,6aeeafc333bd69b50822473a4f86f093467651f9173b40d3770b54bac9630349,2024-11-28T13:15:00Z,2649.73,2620.95,855a64692c6760ee7126b19f95195745664b6257244e651024e6560e9ff4ecf3
cbec6a54082843a2d6c23c2b86838fd4d29e64014299dfe9b0bb52aa93f26345,2643.9,2024-11-28T15:05:00Z,e00b97e46fa2554bef3f5600a049102b9333cdd667479ba73c9c0696d70ef4ad,2024-11-28T15:05:00Z,2643.66,2649.73,2024-12-01T00:00:00Z,2024-11-28T15:00:00Z,0.0,SHORT,1.0,-50.0,CONTROL_V2_FILLED_STOP,2024-11-28T15:05:00Z,M5_BROKEN_CONTROL_FIRST_RETEST,2643.9,True,ebed501df9ced3b0b4026150d2c4922689db6a53edb5dfdf1050bfc1b5e6c339,1.1149228130360345,1.689536878216129,2024_11,-1.0,-1.0,STOP,2024-11-29T04:08:00Z,STOP,bc72950dea1912349f1d114cabe96df49cc9bdc45807ee293d029919fc959661,2024-11-29T04:08:00Z,FIRST_RETEST_FILLED,2024-11-28T15:20:00Z,2024-11-28T15:05:00Z,2643.9,True,True,INITIAL_CONFIRMATION_STOP,93210bd77077c5a400ade5bd3897b8456fab7b747607ca26f40610a4aaf6a14b,b5dca11907f8b40f9892b4bdf631b4de93f26d2b36650f46001b6154c44d0e6d,2649.73,5.765000000000067,0.2882500000000034,NOT_STRICTLY_CLOSER_THAN_CONTROL,H1_SOURCE_SWING_BUFFERED_ELSE_CONTROL,False,b5dca11907f8b40f9892b4bdf631b4de93f26d2b36650f46001b6154c44d0e6d,2024-11-28T15:00:00Z,2649.73,2620.95,855a64692c6760ee7126b19f95195745664b6257244e651024e6560e9ff4ecf3
cbec6a54082843a2d6c23c2b86838fd4d29e64014299dfe9b0bb52aa93f26345,2643.9,2024-11-28T15:05:00Z,e00b97e46fa2554bef3f5600a049102b9333cdd667479ba73c9c0696d70ef4ad,2024-11-28T15:05:00Z,2643.66,2649.73,2024-12-01T00:00:00Z,2024-11-28T15:00:00Z,0.0,SHORT,1.0,-50.0,CONTROL_V2_FILLED_STOP,2024-11-28T15:05:00Z,CONFIRMED_25_75_RETEST_SPLIT,2643.66,True,f31991b292e21746dbfcae0741b163542f07126eabc6171887c1033d10d342d3,1.1137868379483624,1.6629516701941978,2024_11,-1.0,-1.0,STOP,2024-11-29T04:08:00Z,SPLIT_STOP_STOP,ac75785efcd9402c51a771bbf9fe281d489ca8cf0bb2f4cc1d915c3a0c7d881c,2024-11-29T04:08:00Z,FIRST_RETEST_FILLED,2024-11-28T15:20:00Z,2024-11-28T15:05:00Z,2643.9,True,True,INITIAL_CONFIRMATION_STOP,d251ad75875112d1c02f4620df8277a0416251aaedf647208620fe52e3267d9d,b5dca11907f8b40f9892b4bdf631b4de93f26d2b36650f46001b6154c44d0e6d,2649.73,,,,CONTROL_V2_FILLED_STOP,False,,2024-11-28T15:05:00Z,2649.73,2620.95,855a64692c6760ee7126b19f95195745664b6257244e651024e6560e9ff4ecf3
cbec6a54082843a2d6c23c2b86838fd4d29e64014299dfe9b0bb52aa93f26345,2643.9,2024-11-28T15:05:00Z,e00b97e46fa2554bef3f5600a049102b9333cdd667479ba73c9c0696d70ef4ad,2024-11-28T15:05:00Z,2643.66,2649.73,2024-12-01T00:00:00Z,2024-11-28T15:00:00Z,0.0,SHORT,0.6080313014827196,-50.0,M5_LATEST_CONFIRMED_OPPOSING_SWING_ELSE_CONTROL,2024-11-28T15:05:00Z,CONFIRMED_25_75_RETEST_SPLIT,2643.66,True,3f73709a2b81d4cd610a57c2f921c7568847b8afaa78625c4d558afc8758663b,1.0682056209916522,0.30018301332319636,2024_11,-1.0,-1.0,STOP,2024-11-29T04:08:00Z,SPLIT_STOP_STOP,842e2e98ed1fd0ad30aa2dbf0c674a8063b886e49327af4ffc17f598645e7b21,2024-11-28T15:45:00Z,FIRST_RETEST_FILLED,2024-11-28T15:20:00Z,2024-11-28T15:05:00Z,2643.9,True,True,INITIAL_CONFIRMATION_STOP,7108b4817e97582c91cc9062ee5ea6df132855db1c218ba8553c4a3969b09f7b,b5dca11907f8b40f9892b4bdf631b4de93f26d2b36650f46001b6154c44d0e6d,2647.35075,1.4149999999998986,0.07074999999999493,,M5_LATEST_CONFIRMED_OPPOSING_SWING_ELSE_CONTROL,True,e64271822f021679a3e9807ddfc666effed3d15347da6abb22f357dc378b7721,2024-11-28T14:50:00Z,2647.28,2620.95,855a64692c6760ee7126b19f95195745664b6257244e651024e6560e9ff4ecf3
cbec6a54082843a2d6c23c2b86838fd4d29e64014299dfe9b0bb52aa93f26345,2643.9,2024-11-28T15:05:00Z,e00b97e46fa2554bef3f5600a049102b9333cdd667479ba73c9c0696d70ef4ad,2024-11-28T15:05:00Z,2643.66,2649.73,2024-12-01T00:00:00Z,2024-11-28T15:00:00Z,0.0,SHORT,1.0,-50.0,CONTROL_V2_FILLED_STOP,2024-11-28T15:05:00Z,CONFIRMED_25_75_RETEST_SPLIT,2643.66,True,b63459c5b16b38a75095575377c72bfbff8021fcf75b01414ce8d6ce895e0485,1.1137868379483624,1.6629516701941978,2024_11,-1.0,-1.0,STOP,2024-11-29T04:08:00Z,SPLIT_STOP_STOP,daa70707ff058720725ccfc4e6e451d9ec08d765fc06862026651b66766ce4d9,2024-11-29T04:08:00Z,FIRST_RETEST_FILLED,2024-11-28T15:20:00Z,2024-11-28T15:05:00Z,2643.9,True,True,INITIAL_CONFIRMATION_STOP,430c4bef3e582aa1363afefcd71c994d900c3b7d4f4b3015b93b5bb2c6df6eb1,b5dca11907f8b40f9892b4bdf631b4de93f26d2b36650f46001b6154c44d0e6d,2649.73,2.2085714285713687,0.11042857142856843,NOT_STRICTLY_CLOSER_THAN_CONTROL,M15_LATEST_CONFIRMED_OPPOSING_SWING_ELSE_CONTROL,False,6aeeafc333bd69b50822473a4f86f093467651f9173b40d3770b54bac9630349,2024-11-28T13:15:00Z,2649.73,2620.95,855a64692c6760ee7126b19f95195745664b6257244e651024e6560e9ff4ecf3
cbec6a54082843a2d6c23c2b86838fd4d29e64014299dfe9b0bb52aa93f26345,2643.9,2024-11-28T15:05:00Z,e00b97e46fa2554bef3f5600a049102b9333cdd667479ba73c9c0696d70ef4ad,2024-11-28T15:05:00Z,2643.66,2649.73,2024-12-01T00:00:00Z,2024-11-28T15:00:00Z,0.0,SHORT,1.0,-50.0,CONTROL_V2_FILLED_STOP,2024-11-28T15:05:00Z,CONFIRMED_25_75_RETEST_SPLIT,2643.66,True,ebed501df9ced3b0b4026150d2c4922689db6a53edb5dfdf1050bfc1b5e6c339,1.1137868379483624,1.6629516701941978,2024_11,-1.0,-1.0,STOP,2024-11-29T04:08:00Z,SPLIT_STOP_STOP,3817a407d477af11dadf741222814f16fad592f1d327c1013eac68f759b3e36a,2024-11-29T04:08:00Z,FIRST_RETEST_FILLED,2024-11-28T15:20:00Z,2024-11-28T15:05:00Z,2643.9,True,True,INITIAL_CONFIRMATION_STOP,27c80b796abeb759cc832150d86d9cc4fc04b9e234d6270b00a0bab68ae8ea58,b5dca11907f8b40f9892b4bdf631b4de93f26d2b36650f46001b6154c44d0e6d,2649.73,5.765000000000067,0.2882500000000034,NOT_STRICTLY_CLOSER_THAN_CONTROL,H1_SOURCE_SWING_BUFFERED_ELSE_CONTROL,False,b5dca11907f8b40f9892b4bdf631b4de93f26d2b36650f46001b6154c44d0e6d,2024-11-28T15:00:00Z,2649.73,2620.95,855a64692c6760ee7126b19f95195745664b6257244e651024e6560e9ff4ecf3
396a8c672f6bacda151c68750e2bd71b76729148314a51f612ecaedc080ffabb,2640.47,2024-11-28T19:30:00Z,6f3c4783832c3f1676ad696d415e58ddaca5a7e60dee8f1fa107439bc8299b0a,2024-11-28T19:30:00Z,2640.34,2647.96,2024-12-01T00:00:00Z,2024-11-28T19:00:00Z,0.0,SHORT,1.0,-50.0,CONTROL_V2_FILLED_STOP,2024-11-28T19:30:00Z,CONTROL_NEXT_M1_OPEN,2640.34,True,ad70f6e7deda904e95f6c7236bfe65d77ed5931e036a042e59f6d63a91cc1cd1,1.0026246719160081,0.8254593175853089,2024_11,-1.0,-1.0,STOP,2024-11-29T04:03:00Z,STOP,04d508e544276d296c442297b15e0661a428037568f67f105d98a521e84870af,2024-11-29T04:03:00Z,FIRST_RETEST_FILLED,2024-11-28T19:45:00Z,2024-11-28T19:32:00Z,2640.47,True,False,INITIAL_CONFIRMATION_STOP,d107e49ecce4ea1e3e8ea7d90986c48a741fe586d2fd4ae15f1b9402ac5a9c19,1e685f9cca3ca623f11968be674b094da0039a474b1a0d2496e8f248ba318074,2647.96,,,,CONTROL_V2_FILLED_STOP,False,,2024-11-28T19:30:00Z,2647.96,2620.95,892a0b5c2a2646253dc8314186f9164245e88cd0aa86517181df5155bbcc5de1
396a8c672f6bacda151c68750e2bd71b76729148314a51f612ecaedc080ffabb,2640.47,2024-11-28T19:30:00Z,6f3c4783832c3f1676ad696d415e58ddaca5a7e60dee8f1fa107439bc8299b0a,2024-11-28T19:30:00Z,2640.34,2647.96,2024-12-01T00:00:00Z,2024-11-28T19:00:00Z,0.0,SHORT,0.2694600674915683,-50.0,M5_LATEST_CONFIRMED_OPPOSING_SWING_ELSE_CONTROL,2024-11-28T19:30:00Z,CONTROL_NEXT_M1_OPEN,2640.34,True,8218a1c04f5291027d83f3e4fb2f23c2c176c73e5dd0b3e0112583d4c5d69d73,1.1152856049537112,3.063382731510443,2024_11,-1.0,-1.0,STOP,2024-11-29T04:03:00Z,STOP,4a45265a7006b2bfae3c974fd9a774edb2c4e6f83bd05de54dd93effc6d1a577,2024-11-29T03:16:00Z,FIRST_RETEST_FILLED,2024-11-28T19:45:00Z,2024-11-28T19:32:00Z,2640.47,True,False,INITIAL_CONFIRMATION_STOP,d2f21bf0f16394b2167a5b760f15b5677e9dbb3b22126ce06217abc9423a0419,1e685f9cca3ca623f11968be674b094da0039a474b1a0d2496e8f248ba318074,2642.393285714286,1.0657142857143884,0.053285714285719425,,M5_LATEST_CONFIRMED_OPPOSING_SWING_ELSE_CONTROL,True,d1cd3d42eb515015f0ecd22a3ff9c67b8e0abb4d123a3c9c6e2eb33a8ea9d80b,2024-11-28T19:25:00Z,2642.34,2620.95,892a0b5c2a2646253dc8314186f9164245e88cd0aa86517181df5155bbcc5de1
396a8c672f6bacda151c68750e2bd71b76729148314a51f612ecaedc080ffabb,2640.47,2024-11-28T19:30:00Z,6f3c4783832c3f1676ad696d415e58ddaca5a7e60dee8f1fa107439bc8299b0a,2024-11-28T19:30:00Z,2640.34,2647.96,2024-12-01T00:00:00Z,2024-11-28T19:00:00Z,0.0,SHORT,0.3056852268466379,-50.0,M15_LATEST_CONFIRMED_OPPOSING_SWING_ELSE_CONTROL,2024-11-28T19:30:00Z,CONTROL_NEXT_M1_OPEN,2640.34,True,2de38e642158fdcf39e4384a7c09460a19ec9491f89acb1fd69f92d8ebd85609,1.1548427653670466,2.7003572468990833,2024_11,-1.0,-1.0,STOP,2024-11-29T04:03:00Z,STOP,2fde2fcde467119b42190253c8dcf2096969b54df1baa8ec9b457878d3cc54e7,2024-11-29T03:19:00Z,FIRST_RETEST_FILLED,2024-11-28T19:45:00Z,2024-11-28T19:32:00Z,2640.47,True,False,INITIAL_CONFIRMATION_STOP,e83e2fd9ec8656377c9b24aa39f7a99fe16d90773cec42cbdf8358cc77b40e08,1e685f9cca3ca623f11968be674b094da0039a474b1a0d2496e8f248ba318074,2642.6693214285715,2.5864285714285415,0.1293214285714271,,M15_LATEST_CONFIRMED_OPPOSING_SWING_ELSE_CONTROL,True,1d7c2926d529cd97a914921c8b1088f5afb65b6f12da09acd1235ab89372df12,2024-11-28T19:30:00Z,2642.54,2620.95,892a0b5c2a2646253dc8314186f9164245e88cd0aa86517181df5155bbcc5de1
396a8c672f6bacda151c68750e2bd71b76729148314a51f612ecaedc080ffabb,2640.47,2024-11-28T19:30:00Z,6f3c4783832c3f1676ad696d415e58ddaca5a7e60dee8f1fa107439bc8299b0a,2024-11-28T19:30:00Z,2640.34,2647.96,2024-12-01T00:00:00Z,2024-11-28T19:00:00Z,0.0,SHORT,1.0,-50.0,CONTROL_V2_FILLED_STOP,2024-11-28T19:30:00Z,CONTROL_NEXT_M1_OPEN,2640.34,True,9700d2b921e0ebee7ec976a2bc1620508ddcd83cf7526e218a6f8d6adc3143cf,1.0026246719160081,0.8254593175853089,2024_11,-1.0,-1.0,STOP,2024-11-29T04:03:00Z,STOP,ab0dc296080f1387582db4e620269106c7e538e78e89a7f655d64483ca0cfcba,2024-11-29T04:03:00Z,FIRST_RETEST_FILLED,2024-11-28T19:45:00Z,2024-11-28T19:32:00Z,2640.47,True,False,INITIAL_CONFIRMATION_STOP,14a066a1a9c142b8d1f26de6fbe706290014c456c805e98726ea794f21e887a8,1e685f9cca3ca623f11968be674b094da0039a474b1a0d2496e8f248ba318074,2647.96,5.687857142857183,0.28439285714285917,NOT_STRICTLY_CLOSER_THAN_CONTROL,H1_SOURCE_SWING_BUFFERED_ELSE_CONTROL,False,1e685f9cca3ca623f11968be674b094da0039a474b1a0d2496e8f248ba318074,2024-11-28T19:00:00Z,2647.96,2620.95,892a0b5c2a2646253dc8314186f9164245e88cd0aa86517181df5155bbcc5de1
396a8c672f6bacda151c68750e2bd71b76729148314a51f612ecaedc080ffabb,2640.47,2024-11-28T19:30:00Z,6f3c4783832c3f1676ad696d415e58ddaca5a7e60dee8f1fa107439bc8299b0a,2024-11-28T19:30:00Z,2640.34,2647.96,2024-12-01T00:00:00Z,2024-11-28T19:00:00Z,0.0,SHORT,1.0,-50.0,CONTROL_V2_FILLED_STOP,2024-11-28T19:32:00Z,M5_BROKEN_CONTROL_FIRST_RETEST,2640.47,True,ad70f6e7deda904e95f6c7236bfe65d77ed5931e036a042e59f6d63a91cc1cd1,1.00267022696929,0.857142857142779,2024_11,-1.0,-1.0,STOP,2024-11-29T04:03:00Z,STOP,6ff0476067331cf8ee4df85af269a7e57eca90544608018f60771568a563d053,2024-11-29T04:03:00Z,FIRST_RETEST_FILLED,2024-11-28T19:45:00Z,2024-11-28T19:32:00Z,2640.47,True,True,INITIAL_CONFIRMATION_STOP,9aa9edd4c95eab28e28e4a000a6455f619885fedbd84fcc7b31a24eb43936bcf,1e685f9cca3ca623f11968be674b094da0039a474b1a0d2496e8f248ba318074,2647.96,,,,CONTROL_V2_FILLED_STOP,False,,2024-11-28T19:30:00Z,2647.96,2620.95,892a0b5c2a2646253dc8314186f9164245e88cd0aa86517181df5155bbcc5de1
396a8c672f6bacda151c68750e2bd71b76729148314a51f612ecaedc080ffabb,2640.47,2024-11-28T19:30:00Z,6f3c4783832c3f1676ad696d415e58ddaca5a7e60dee8f1fa107439bc8299b0a,2024-11-28T19:30:00Z,2640.34,2647.96,2024-12-01T00:00:00Z,2024-11-28T19:00:00Z,0.0,SHORT,0.2694600674915683,-50.0,M5_LATEST_CONFIRMED_OPPOSING_SWING_ELSE_CONTROL,2024-11-28T19:32:00Z,M5_BROKEN_CONTROL_FIRST_RETEST,2640.47,True,8218a1c04f5291027d83f3e4fb2f23c2c176c73e5dd0b3e0112583d4c5d69d73,1.1230780658099528,3.3380375844900168,2024_11,-1.0,-1.0,STOP,2024-11-29T04:03:00Z,STOP,a2bedc2c5e775fefe8c8f3d75ffce1b9e7554166a53c8fb5df07ff7e44c5f384,2024-11-29T03:16:00Z,FIRST_RETEST_FILLED,2024-11-28T19:45:00Z,2024-11-28T19:32:00Z,2640.47,True,True,INITIAL_CONFIRMATION_STOP,3ea7a28ad1e226ed071ccb7bf31206d687458627206e4eaf69475c68854ce8b5,1e685f9cca3ca623f11968be674b094da0039a474b1a0d2496e8f248ba318074,2642.393285714286,1.0657142857143884,0.053285714285719425,,M5_LATEST_CONFIRMED_OPPOSING_SWING_ELSE_CONTROL,True,d1cd3d42eb515015f0ecd22a3ff9c67b8e0abb4d123a3c9c6e2eb33a8ea9d80b,2024-11-28T19:25:00Z,2642.34,2620.95,892a0b5c2a2646253dc8314186f9164245e88cd0aa86517181df5155bbcc5de1
396a8c672f6bacda151c68750e2bd71b76729148314a51f612ecaedc080ffabb,2640.47,2024-11-28T19:30:00Z,6f3c4783832c3f1676ad696d415e58ddaca5a7e60dee8f1fa107439bc8299b0a,2024-11-28T19:30:00Z,2640.34,2647.96,2024-12-01T00:00:00Z,2024-11-28T19:00:00Z,0.0,SHORT,0.3056852268466379,-50.0,M15_LATEST_CONFIRMED_OPPOSING_SWING_ELSE_CONTROL,2024-11-28T19:32:00Z,M5_BROKEN_CONTROL_FIRST_RETEST,2640.47,True,2de38e642158fdcf39e4384a7c09460a19ec9491f89acb1fd69f92d8ebd85609,1.163995388187957,2.919082184439481,2024_11,-1.0,-1.0,STOP,2024-11-29T04:03:00Z,STOP,edee9389eb66235b8b91f9a38aa6e720947af805c40b86bf51161f2ead9ee781,2024-11-29T03:19:00Z,FIRST_RETEST_FILLED,2024-11-28T19:45:00Z,2024-11-28T19:32:00Z,2640.47,True,True,INITIAL_CONFIRMATION_STOP,5c6c7f2db96f43bf3e751a5babf1d23835a6b01c2c4b1826bf00804ad685dad0,1e685f9cca3ca623f11968be674b094da0039a474b1a0d2496e8f248ba318074,2642.6693214285715,2.5864285714285415,0.1293214285714271,,M15_LATEST_CONFIRMED_OPPOSING_SWING_ELSE_CONTROL,True,1d7c2926d529cd97a914921c8b1088f5afb65b6f12da09acd1235ab89372df12,2024-11-28T19:30:00Z,2642.54,2620.95,892a0b5c2a2646253dc8314186f9164245e88cd0aa86517181df5155bbcc5de1
396a8c672f6bacda151c68750e2bd71b76729148314a51f612ecaedc080ffabb,2640.47,2024-11-28T19:30:00Z,6f3c4783832c3f1676ad696d415e58ddaca5a7e60dee8f1fa107439bc8299b0a,2024-11-28T19:30:00Z,2640.34,2647.96,2024-12-01T00:00:00Z,2024-11-28T19:00:00Z,0.0,SHORT,1.0,-50.0,CONTROL_V2_FILLED_STOP,2024-11-28T19:32:00Z,M5_BROKEN_CONTROL_FIRST_RETEST,2640.47,True,9700d2b921e0ebee7ec976a2bc1620508ddcd83cf7526e218a6f8d6adc3143cf,1.00267022696929,0.857142857142779,2024_11,-1.0,-1.0,STOP,2024-11-29T04:03:00Z,STOP,3ece5461f54ec8a4d0ed0b19d4a0d14f99dbbe78be14677e36f4226a969f7b64,2024-11-29T04:03:00Z,FIRST_RETEST_FILLED,2024-11-28T19:45:00Z,2024-11-28T19:32:00Z,2640.47,True,True,INITIAL_CONFIRMATION_STOP,07caa3a6f6c7f65ddb356e3b5e1fe92188db906abbf694050443483d4b12ac82,1e685f9cca3ca623f11968be674b094da0039a474b1a0d2496e8f248ba318074,2647.96,5.687857142857183,0.28439285714285917,NOT_STRICTLY_CLOSER_THAN_CONTROL,H1_SOURCE_SWING_BUFFERED_ELSE_CONTROL,False,1e685f9cca3ca623f11968be674b094da0039a474b1a0d2496e8f248ba318074,2024-11-28T19:00:00Z,2647.96,2620.95,892a0b5c2a2646253dc8314186f9164245e88cd0aa86517181df5155bbcc5de1
396a8c672f6bacda151c68750e2bd71b76729148314a51f612ecaedc080ffabb,2640.47,2024-11-28T19:30:00Z,6f3c4783832c3f1676ad696d415e58ddaca5a7e60dee8f1fa107439bc8299b0a,2024-11-28T19:30:00Z,2640.34,2647.96,2024-12-01T00:00:00Z,2024-11-28T19:00:00Z,0.0,SHORT,1.0,-50.0,CONTROL_V2_FILLED_STOP,2024-11-28T19:30:00Z,CONFIRMED_25_75_RETEST_SPLIT,2640.34,True,ad70f6e7deda904e95f6c7236bfe65d77ed5931e036a042e59f6d63a91cc1cd1,1.0026588382059696,0.8492219722534116,2024_11,-1.0,-1.0,STOP,2024-11-29T04:03:00Z,SPLIT_STOP_STOP,f1f4c0859367109c249f3d00690c745a2b81871efcbb03bc75c4813ce03c1768,2024-11-29T04:03:00Z,FIRST_RETEST_FILLED,2024-11-28T19:45:00Z,2024-11-28T19:32:00Z,2640.47,True,True,INITIAL_CONFIRMATION_STOP,0f8bd4a2d6428f7dc716e7d27a2d3118860689b438108c52df31311a3d163a83,1e685f9cca3ca623f11968be674b094da0039a474b1a0d2496e8f248ba318074,2647.96,,,,CONTROL_V2_FILLED_STOP,False,,2024-11-28T19:30:00Z,2647.96,2620.95,892a0b5c2a2646253dc8314186f9164245e88cd0aa86517181df5155bbcc5de1
396a8c672f6bacda151c68750e2bd71b76729148314a51f612ecaedc080ffabb,2640.47,2024-11-28T19:30:00Z,6f3c4783832c3f1676ad696d415e58ddaca5a7e60dee8f1fa107439bc8299b0a,2024-11-28T19:30:00Z,2640.34,2647.96,2024-12-01T00:00:00Z,2024-11-28T19:00:00Z,0.0,SHORT,0.2694600674915683,-50.0,M5_LATEST_CONFIRMED_OPPOSING_SWING_ELSE_CONTROL,2024-11-28T19:30:00Z,CONFIRMED_25_75_RETEST_SPLIT,2640.34,True,8218a1c04f5291027d83f3e4fb2f23c2c176c73e5dd0b3e0112583d4c5d69d73,1.1211299505958925,3.269373871245123,2024_11,-1.0,-1.0,STOP,2024-11-29T04:03:00Z,SPLIT_STOP_STOP,a03ce4c3a4d3a1022078913bc2a5d83816fa1928aef64c80bbcd4b19f0cad3ab,2024-11-29T03:16:00Z,FIRST_RETEST_FILLED,2024-11-28T19:45:00Z,2024-11-28T19:32:00Z,2640.47,True,True,INITIAL_CONFIRMATION_STOP,d137f0bc6852330d66e91ba2ee18af29a7e7ecaca14106227ef2cb1f4a8e344c,1e685f9cca3ca623f11968be674b094da0039a474b1a0d2496e8f248ba318074,2642.393285714286,1.0657142857143884,0.053285714285719425,,M5_LATEST_CONFIRMED_OPPOSING_SWING_ELSE_CONTROL,True,d1cd3d42eb515015f0ecd22a3ff9c67b8e0abb4d123a3c9c6e2eb33a8ea9d80b,2024-11-28T19:25:00Z,2642.34,2620.95,892a0b5c2a2646253dc8314186f9164245e88cd0aa86517181df5155bbcc5de1
396a8c672f6bacda151c68750e2bd71b76729148314a51f612ecaedc080ffabb,2640.47,2024-11-28T19:30:00Z,6f3c4783832c3f1676ad696d415e58ddaca5a7e60dee8f1fa107439bc8299b0a,2024-11-28T19:30:00Z,2640.34,2647.96,2024-12-01T00:00:00Z,2024-11-28T19:00:00Z,0.0,SHORT,0.3056852268466379,-50.0,M15_LATEST_CONFIRMED_OPPOSING_SWING_ELSE_CONTROL,2024-11-28T19:30:00Z,CONFIRMED_25_75_RETEST_SPLIT,2640.34,True,2de38e642158fdcf39e4384a7c09460a19ec9491f89acb1fd69f92d8ebd85609,1.1617072324827293,2.8644009500543812,2024_11,-1.0,-1.0,STOP,2024-11-29T04:03:00Z,SPLIT_STOP_STOP,0ce09611adf895b1e929aba1395adc2ec424ccda33f72c7a3287b85bc1c151bf,2024-11-29T03:19:00Z,FIRST_RETEST_FILLED,2024-11-28T19:45:00Z,2024-11-28T19:32:00Z,2640.47,True,True,INITIAL_CONFIRMATION_STOP,43cf3199979f0b3293599039d4451bcec406d7e156a9c1c6d10c8863afe147c1,1e685f9cca3ca623f11968be674b094da0039a474b1a0d2496e8f248ba318074,2642.6693214285715,2.5864285714285415,0.1293214285714271,,M15_LATEST_CONFIRMED_OPPOSING_SWING_ELSE_CONTROL,True,1d7c2926d529cd97a914921c8b1088f5afb65b6f12da09acd1235ab89372df12,2024-11-28T19:30:00Z,2642.54,2620.95,892a0b5c2a2646253dc8314186f9164245e88cd0aa86517181df5155bbcc5de1
396a8c672f6bacda151c68750e2bd71b76729148314a51f612ecaedc080ffabb,2640.47,2024-11-28T19:30:00Z,6f3c4783832c3f1676ad696d415e58ddaca5a7e60dee8f1fa107439bc8299b0a,2024-11-28T19:30:00Z,2640.34,2647.96,2024-12-01T00:00:00Z,2024-11-28T19:00:00Z,0.0,SHORT,1.0,-50.0,CONTROL_V2_FILLED_STOP,2024-11-28T19:30:00Z,CONFIRMED_25_75_RETEST_SPLIT,2640.34,True,9700d2b921e0ebee7ec976a2bc1620508ddcd83cf7526e218a6f8d6adc3143cf,1.0026588382059696,0.8492219722534116,2024_11,-1.0,-1.0,STOP,2024-11-29T04:03:00Z,SPLIT_STOP_STOP,929dbc51a91ecffd5e7cb19e059d1845b991d10ef161cb712678c602240fc318,2024-11-29T04:03:00Z,FIRST_RETEST_FILLED,2024-11-28T19:45:00Z,2024-11-28T19:32:00Z,2640.47,True,True,INITIAL_CONFIRMATION_STOP,9944b2fe5354fd12184893b6e6ee79b59830f75d581ee75cf37218fc3a573379,1e685f9cca3ca623f11968be674b094da0039a474b1a0d2496e8f248ba318074,2647.96,5.687857142857183,0.28439285714285917,NOT_STRICTLY_CLOSER_THAN_CONTROL,H1_SOURCE_SWING_BUFFERED_ELSE_CONTROL,False,1e685f9cca3ca623f11968be674b094da0039a474b1a0d2496e8f248ba318074,2024-11-28T19:00:00Z,2647.96,2620.95,892a0b5c2a2646253dc8314186f9164245e88cd0aa86517181df5155bbcc5de1
02ccc821f725e24ed843a81ecb0e0a00bcc1070b55206def2f319776bafa716b,2659.05,2024-11-29T15:20:00Z,3f13c38141b73ce1c5e1b14dde901ce017922b3f34704f4ce20ed27867da61fa,2024-11-29T15:20:00Z,2658.5,2665.88,2024-12-01T00:00:00Z,2024-11-29T15:00:00Z,0.0,SHORT,1.0,26.219512195120824,CONTROL_V2_FILLED_STOP,2024-11-29T15:20:00Z,CONTROL_NEXT_M1_OPEN,2658.5,True,9b4ebb684d6cb908433a634f38f9cb5dd4e02ecc6bc9030a6a099330c5cc5dec,0.6463414634146222,0.8875338753387649,2024_11,0.5243902439024165,0.5243902439024165,TARGET,2024-11-29T16:45:00Z,TARGET,2575f0b1bc5f962253a5b080c7636fc6e0e667b438c594c4c88bc49498f4a251,2024-11-29T16:45:00Z,FIRST_RETEST_FILLED,2024-11-29T15:35:00Z,2024-11-29T15:20:00Z,2659.05,True,False,INITIAL_CONFIRMATION_TARGET,2d5bf13749b122b4baadd8e50b9b771203805bd70a96613f525bfd42a8e2bf5f,acd5e3b76150c73b609b42aad8610e9742f71e4ef5620e49a03376b76d2349be,2665.88,,,,CONTROL_V2_FILLED_STOP,False,,2024-11-29T15:20:00Z,2665.88,2654.63,3d82fd945f1cb02c0ad6f69b62c01ba683645799fe73f4d0d8d2b95f2f2f392c
02ccc821f725e24ed843a81ecb0e0a00bcc1070b55206def2f319776bafa716b,2659.05,2024-11-29T15:20:00Z,3f13c38141b73ce1c5e1b14dde901ce017922b3f34704f4ce20ed27867da61fa,2024-11-29T15:20:00Z,2658.5,2665.88,2024-12-01T00:00:00Z,2024-11-29T15:00:00Z,-1.5243902439024164,SHORT,0.48823557878434826,-50.0,M5_LATEST_CONFIRMED_OPPOSING_SWING_ELSE_CONTROL,2024-11-29T15:20:00Z,CONTROL_NEXT_M1_OPEN,2658.5,True,067a56ddd133295f6f0b247b4b1eb7001ccf6cdd6e9226efd0363c62b636ba84,1.2877518857357833,0.008325982019899187,2024_11,-1.0,0.5243902439024165,TARGET,2024-11-29T16:45:00Z,STOP,acebc9e82f174630dfb202b27463fed14e5b45e4026480ea1a4e2b9269f5a827,2024-11-29T15:25:00Z,FIRST_RETEST_FILLED,2024-11-29T15:35:00Z,2024-11-29T15:20:00Z,2659.05,True,False,INITIAL_CONFIRMATION_TARGET,a77b92cee96158d862bade87937627482f1417ba086253c30b826b6a9951fa58,acd5e3b76150c73b609b42aad8610e9742f71e4ef5620e49a03376b76d2349be,2662.1031785714285,2.2635714285714648,0.11317857142857324,,M5_LATEST_CONFIRMED_OPPOSING_SWING_ELSE_CONTROL,True,9271d11eff440edd14fd6e3d62eae4a43a50537ce2db2a12d61336ea7a627ec6,2024-11-29T15:20:00Z,2661.99,2654.63,3d82fd945f1cb02c0ad6f69b62c01ba683645799fe73f4d0d8d2b95f2f2f392c
02ccc821f725e24ed843a81ecb0e0a00bcc1070b55206def2f319776bafa716b,2659.05,2024-11-29T15:20:00Z,3f13c38141b73ce1c5e1b14dde901ce017922b3f34704f4ce20ed27867da61fa,2024-11-29T15:20:00Z,2658.5,2665.88,2024-12-01T00:00:00Z,2024-11-29T15:00:00Z,0.05416539589382374,SHORT,0.9063782423538381,28.92778198981201,M15_LATEST_CONFIRMED_OPPOSING_SWING_ELSE_CONTROL,2024-11-29T15:20:00Z,CONTROL_NEXT_M1_OPEN,2658.5,True,bc44be6d1065f2a3f958603248ec2154948eb8ae310edeb4f52f3e6c66d562f4,0.7131034630046856,0.979209157794725,2024_11,0.5785556397962403,0.5243902439024165,TARGET,2024-11-29T16:45:00Z,TARGET,43e30751d42fbf136a4292105bebf4503e911d4c285aa04d827ea7629f85434c,2024-11-29T16:45:00Z,FIRST_RETEST_FILLED,2024-11-29T15:35:00Z,2024-11-29T15:20:00Z,2659.05,True,False,INITIAL_CONFIRMATION_TARGET,34f0bd5a656343ffb68c3ddbf2c08eed72e9150dfa3a182b1ffc1ebf84273822,acd5e3b76150c73b609b42aad8610e9742f71e4ef5620e49a03376b76d2349be,2665.1890714285714,3.1814285714286337,0.1590714285714317,,M15_LATEST_CONFIRMED_OPPOSING_SWING_ELSE_CONTROL,True,2e6e37e8dfd3b22b6270c100b8dd5070090ebff211a34261deef16d985dbeaaf,2024-11-29T15:00:00Z,2665.03,2654.63,3d82fd945f1cb02c0ad6f69b62c01ba683645799fe73f4d0d8d2b95f2f2f392c
02ccc821f725e24ed843a81ecb0e0a00bcc1070b55206def2f319776bafa716b,2659.05,2024-11-29T15:20:00Z,3f13c38141b73ce1c5e1b14dde901ce017922b3f34704f4ce20ed27867da61fa,2024-11-29T15:20:00Z,2658.5,2665.88,2024-12-01T00:00:00Z,2024-11-29T15:00:00Z,0.0,SHORT,1.0,26.219512195120824,CONTROL_V2_FILLED_STOP,2024-11-29T15:20:00Z,CONTROL_NEXT_M1_OPEN,2658.5,True,29025c6601b0fcfd353beb5a78a3ebc666ad47dff2cd35acfbe360e974a54f1f,0.6463414634146222,0.8875338753387649,2024_11,0.5243902439024165,0.5243902439024165,TARGET,2024-11-29T16:45:00Z,TARGET,a4c63decce5494d03465c2dcc037f7c0baac2b958f8b2e8ee947b4df9cd1c8fa,2024-11-29T16:45:00Z,FIRST_RETEST_FILLED,2024-11-29T15:35:00Z,2024-11-29T15:20:00Z,2659.05,True,False,INITIAL_CONFIRMATION_TARGET,3eec162f07943a9786a06a14c4145b1c5b4d2f7936e9fdf87f8c137f927d0c9f,acd5e3b76150c73b609b42aad8610e9742f71e4ef5620e49a03376b76d2349be,2665.88,6.906428571428543,0.34532142857142717,NOT_STRICTLY_CLOSER_THAN_CONTROL,H1_SOURCE_SWING_BUFFERED_ELSE_CONTROL,False,acd5e3b76150c73b609b42aad8610e9742f71e4ef5620e49a03376b76d2349be,2024-11-29T15:00:00Z,2665.88,2654.63,3d82fd945f1cb02c0ad6f69b62c01ba683645799fe73f4d0d8d2b95f2f2f392c
02ccc821f725e24ed843a81ecb0e0a00bcc1070b55206def2f319776bafa716b,2659.05,2024-11-29T15:20:00Z,3f13c38141b73ce1c5e1b14dde901ce017922b3f34704f4ce20ed27867da61fa,2024-11-29T15:20:00Z,2658.5,2665.88,2024-12-01T00:00:00Z,2024-11-29T15:00:00Z,0.12275470485309148,SHORT,1.0,32.3572474377754,CONTROL_V2_FILLED_STOP,2024-11-29T15:20:00Z,M5_BROKEN_CONTROL_FIRST_RETEST,2659.05,True,9b4ebb684d6cb908433a634f38f9cb5dd4e02ecc6bc9030a6a099330c5cc5dec,0.6178623718887035,1.0395314787701961,2024_11,0.647144948755508,0.5243902439024165,TARGET,2024-11-29T16:45:00Z,TARGET,4fe028f6a81389cd368776059b0d581408c23905dea7b2f9853ba8342ca15f2e,2024-11-29T16:45:00Z,FIRST_RETEST_FILLED,2024-11-29T15:35:00Z,2024-11-29T15:20:00Z,2659.05,True,True,INITIAL_CONFIRMATION_TARGET,6d2e80084da13130a9f888bc6d0bdca2ec8c0b4fe4d290d932d60db85b373a5d,acd5e3b76150c73b609b42aad8610e9742f71e4ef5620e49a03376b76d2349be,2665.88,,,,CONTROL_V2_FILLED_STOP,False,,2024-11-29T15:20:00Z,2665.88,2654.63,3d82fd945f1cb02c0ad6f69b62c01ba683645799fe73f4d0d8d2b95f2f2f392c
02ccc821f725e24ed843a81ecb0e0a00bcc1070b55206def2f319776bafa716b,2659.05,2024-11-29T15:20:00Z,3f13c38141b73ce1c5e1b14dde901ce017922b3f34704f4ce20ed27867da61fa,2024-11-29T15:20:00Z,2658.5,2665.88,2024-12-01T00:00:00Z,2024-11-29T15:00:00Z,-1.5243902439024164,SHORT,0.48823557878434826,-50.0,M5_LATEST_CONFIRMED_OPPOSING_SWING_ELSE_CONTROL,2024-11-29T15:20:00Z,M5_BROKEN_CONTROL_FIRST_RETEST,2659.05,True,067a56ddd133295f6f0b247b4b1eb7001ccf6cdd6e9226efd0363c62b636ba84,1.3395875492753362,0.18996596053307224,2024_11,-1.0,0.5243902439024165,TARGET,2024-11-29T16:45:00Z,STOP,168bedaa942c2534acf53c9bf145e3ab69448c9b500c4638399b0d43017a5152,2024-11-29T15:25:00Z,FIRST_RETEST_FILLED,2024-11-29T15:35:00Z,2024-11-29T15:20:00Z,2659.05,True,True,INITIAL_CONFIRMATION_TARGET,4c08e9497c2ca06f3467af79ef58ef257733c1860280f323f51603c1caf4e64d,acd5e3b76150c73b609b42aad8610e9742f71e4ef5620e49a03376b76d2349be,2662.1031785714285,2.2635714285714648,0.11317857142857324,,M5_LATEST_CONFIRMED_OPPOSING_SWING_ELSE_CONTROL,True,9271d11eff440edd14fd6e3d62eae4a43a50537ce2db2a12d61336ea7a627ec6,2024-11-29T15:20:00Z,2661.99,2654.63,3d82fd945f1cb02c0ad6f69b62c01ba683645799fe73f4d0d8d2b95f2f2f392c
02ccc821f725e24ed843a81ecb0e0a00bcc1070b55206def2f319776bafa716b,2659.05,2024-11-29T15:20:00Z,3f13c38141b73ce1c5e1b14dde901ce017922b3f34704f4ce20ed27867da61fa,2024-11-29T15:20:00Z,2658.5,2665.88,2024-12-01T00:00:00Z,2024-11-29T15:00:00Z,0.19558834755514343,SHORT,0.9063782423538381,35.998929572878,M15_LATEST_CONFIRMED_OPPOSING_SWING_ELSE_CONTROL,2024-11-29T15:20:00Z,M5_BROKEN_CONTROL_FIRST_RETEST,2659.05,True,bc44be6d1065f2a3f958603248ec2154948eb8ae310edeb4f52f3e6c66d562f4,0.6874003746494816,1.1565266966852608,2024_11,0.7199785914575599,0.5243902439024165,TARGET,2024-11-29T16:45:00Z,TARGET,993e1c0cc5d6411fe7be14584a0edbba5f93ea71921b07cf304a692d17eb34fb,2024-11-29T16:45:00Z,FIRST_RETEST_FILLED,2024-11-29T15:35:00Z,2024-11-29T15:20:00Z,2659.05,True,True,INITIAL_CONFIRMATION_TARGET,2f197826a5013a70f7ef1479701cf9bedfe34336bc347bf32bbe9e00e5c39149,acd5e3b76150c73b609b42aad8610e9742f71e4ef5620e49a03376b76d2349be,2665.1890714285714,3.1814285714286337,0.1590714285714317,,M15_LATEST_CONFIRMED_OPPOSING_SWING_ELSE_CONTROL,True,2e6e37e8dfd3b22b6270c100b8dd5070090ebff211a34261deef16d985dbeaaf,2024-11-29T15:00:00Z,2665.03,2654.63,3d82fd945f1cb02c0ad6f69b62c01ba683645799fe73f4d0d8d2b95f2f2f392c
02ccc821f725e24ed843a81ecb0e0a00bcc1070b55206def2f319776bafa716b,2659.05,2024-11-29T15:20:00Z,3f13c38141b73ce1c5e1b14dde901ce017922b3f34704f4ce20ed27867da61fa,2024-11-29T15:20:00Z,2658.5,2665.88,2024-12-01T00:00:00Z,2024-11-29T15:00:00Z,0.12275470485309148,SHORT,1.0,32.3572474377754,CONTROL_V2_FILLED_STOP,2024-11-29T15:20:00Z,M5_BROKEN_CONTROL_FIRST_RETEST,2659.05,True,29025c6601b0fcfd353beb5a78a3ebc666ad47dff2cd35acfbe360e974a54f1f,0.6178623718887035,1.0395314787701961,2024_11,0.647144948755508,0.5243902439024165,TARGET,2024-11-29T16:45:00Z,TARGET,2773fa8abeb5cda817ff386b301b71ef95781b1776237cdfc7946a644f6cc62e,2024-11-29T16:45:00Z,FIRST_RETEST_FILLED,2024-11-29T15:35:00Z,2024-11-29T15:20:00Z,2659.05,True,True,INITIAL_CONFIRMATION_TARGET,35c306f8d24d9d6160cf8097fafd291418d8e6c28db968a34f71dd52171b68fb,acd5e3b76150c73b609b42aad8610e9742f71e4ef5620e49a03376b76d2349be,2665.88,6.906428571428543,0.34532142857142717,NOT_STRICTLY_CLOSER_THAN_CONTROL,H1_SOURCE_SWING_BUFFERED_ELSE_CONTROL,False,acd5e3b76150c73b609b42aad8610e9742f71e4ef5620e49a03376b76d2349be,2024-11-29T15:00:00Z,2665.88,2654.63,3d82fd945f1cb02c0ad6f69b62c01ba683645799fe73f4d0d8d2b95f2f2f392c
02ccc821f725e24ed843a81ecb0e0a00bcc1070b55206def2f319776bafa716b,2659.05,2024-11-29T15:20:00Z,3f13c38141b73ce1c5e1b14dde901ce017922b3f34704f4ce20ed27867da61fa,2024-11-29T15:20:00Z,2658.5,2665.88,2024-12-01T00:00:00Z,2024-11-29T15:00:00Z,0.09206602863981861,SHORT,1.0,30.822813627111756,CONTROL_V2_FILLED_STOP,2024-11-29T15:20:00Z,CONFIRMED_25_75_RETEST_SPLIT,2658.5,True,9b4ebb684d6cb908433a634f38f9cb5dd4e02ecc6bc9030a6a099330c5cc5dec,0.6249821447701832,1.0015320779123384,2024_11,0.6164562725422351,0.5243902439024165,TARGET,2024-11-29T16:45:00Z,SPLIT_TARGET_TARGET,8845e7c14e0eb7bac2e23baeaf4fa2c351875882cb2f5b54a5de83b5bd448b2c,2024-11-29T16:45:00Z,FIRST_RETEST_FILLED,2024-11-29T15:35:00Z,2024-11-29T15:20:00Z,2659.05,True,True,INITIAL_CONFIRMATION_TARGET,512ad7219e69fab09e9f2ac2b248f6e878f3b4c28db7e13bc4d1e1cdfe977ec2,acd5e3b76150c73b609b42aad8610e9742f71e4ef5620e49a03376b76d2349be,2665.88,,,,CONTROL_V2_FILLED_STOP,False,,2024-11-29T15:20:00Z,2665.88,2654.63,3d82fd945f1cb02c0ad6f69b62c01ba683645799fe73f4d0d8d2b95f2f2f392c
02ccc821f725e24ed843a81ecb0e0a00bcc1070b55206def2f319776bafa716b,2659.05,2024-11-29T15:20:00Z,3f13c38141b73ce1c5e1b14dde901ce017922b3f34704f4ce20ed27867da61fa,2024-11-29T15:20:00Z,2658.5,2665.88,2024-12-01T00:00:00Z,2024-11-29T15:00:00Z,-1.5243902439024164,SHORT,0.48823557878434826,-50.0,M5_LATEST_CONFIRMED_OPPOSING_SWING_ELSE_CONTROL,2024-11-29T15:20:00Z,CONFIRMED_25_75_RETEST_SPLIT,2658.5,True,067a56ddd133295f6f0b247b4b1eb7001ccf6cdd6e9226efd0363c62b636ba84,1.326628633390448,0.14455596590477898,2024_11,-1.0,0.5243902439024165,TARGET,2024-11-29T16:45:00Z,SPLIT_STOP_STOP,e4ea93bc2056bf9cd7a4134433c7526b4490f496351012f3a9293a288acd0b4a,2024-11-29T15:25:00Z,FIRST_RETEST_FILLED,2024-11-29T15:35:00Z,2024-11-29T15:20:00Z,2659.05,True,True,INITIAL_CONFIRMATION_TARGET,29ff946cf653ba6fb6f5bd81c0d434a43274958904d866734968b6c96bd207f4,acd5e3b76150c73b609b42aad8610e9742f71e4ef5620e49a03376b76d2349be,2662.1031785714285,2.2635714285714648,0.11317857142857324,,M5_LATEST_CONFIRMED_OPPOSING_SWING_ELSE_CONTROL,True,9271d11eff440edd14fd6e3d62eae4a43a50537ce2db2a12d61336ea7a627ec6,2024-11-29T15:20:00Z,2661.99,2654.63,3d82fd945f1cb02c0ad6f69b62c01ba683645799fe73f4d0d8d2b95f2f2f392c
02ccc821f725e24ed843a81ecb0e0a00bcc1070b55206def2f319776bafa716b,2659.05,2024-11-29T15:20:00Z,3f13c38141b73ce1c5e1b14dde901ce017922b3f34704f4ce20ed27867da61fa,2024-11-29T15:20:00Z,2658.5,2665.88,2024-12-01T00:00:00Z,2024-11-29T15:00:00Z,0.16023260963981345,SHORT,0.9063782423538381,34.2311426771115,M15_LATEST_CONFIRMED_OPPOSING_SWING_ELSE_CONTROL,2024-11-29T15:20:00Z,CONFIRMED_25_75_RETEST_SPLIT,2658.5,True,bc44be6d1065f2a3f958603248ec2154948eb8ae310edeb4f52f3e6c66d562f4,0.6938261467382826,1.1121973119626267,2024_11,0.68462285354223,0.5243902439024165,TARGET,2024-11-29T16:45:00Z,SPLIT_TARGET_TARGET,59141d65e3e15004092620be72589b1ca5999a0cd33463fa26f9d3e9a19fd838,2024-11-29T16:45:00Z,FIRST_RETEST_FILLED,2024-11-29T15:35:00Z,2024-11-29T15:20:00Z,2659.05,True,True,INITIAL_CONFIRMATION_TARGET,6c9139598b29fb1ad45e70ff0c9551d330afe8ebf76dc466ff16177be4ada1c7,acd5e3b76150c73b609b42aad8610e9742f71e4ef5620e49a03376b76d2349be,2665.1890714285714,3.1814285714286337,0.1590714285714317,,M15_LATEST_CONFIRMED_OPPOSING_SWING_ELSE_CONTROL,True,2e6e37e8dfd3b22b6270c100b8dd5070090ebff211a34261deef16d985dbeaaf,2024-11-29T15:00:00Z,2665.03,2654.63,3d82fd945f1cb02c0ad6f69b62c01ba683645799fe73f4d0d8d2b95f2f2f392c
02ccc821f725e24ed843a81ecb0e0a00bcc1070b55206def2f319776bafa716b,2659.05,2024-11-29T15:20:00Z,3f13c38141b73ce1c5e1b14dde901ce017922b3f34704f4ce20ed27867da61fa,2024-11-29T15:20:00Z,2658.5,2665.88,2024-12-01T00:00:00Z,2024-11-29T15:00:00Z,0.09206602863981861,SHORT,1.0,30.822813627111756,CONTROL_V2_FILLED_STOP,2024-11-29T15:20:00Z,CONFIRMED_25_75_RETEST_SPLIT,2658.5,True,29025c6601b0fcfd353beb5a78a3ebc666ad47dff2cd35acfbe360e974a54f1f,0.6249821447701832,1.0015320779123384,2024_11,0.6164562725422351,0.5243902439024165,TARGET,2024-11-29T16:45:00Z,SPLIT_TARGET_TARGET,6751207ea010fd2b55acc1113a64fd62c146e770a01dc81f0931fa34dc626494,2024-11-29T16:45:00Z,FIRST_RETEST_FILLED,2024-11-29T15:35:00Z,2024-11-29T15:20:00Z,2659.05,True,True,INITIAL_CONFIRMATION_TARGET,c98545737d809b4a47edd80a76ba8eddc05c7e740124a2a95e2f2b5650ff980c,acd5e3b76150c73b609b42aad8610e9742f71e4ef5620e49a03376b76d2349be,2665.88,6.906428571428543,0.34532142857142717,NOT_STRICTLY_CLOSER_THAN_CONTROL,H1_SOURCE_SWING_BUFFERED_ELSE_CONTROL,False,acd5e3b76150c73b609b42aad8610e9742f71e4ef5620e49a03376b76d2349be,2024-11-29T15:00:00Z,2665.88,2654.63,3d82fd945f1cb02c0ad6f69b62c01ba683645799fe73f4d0d8d2b95f2f2f392c
8e06557e9e21e5b56da820facf84f086118ef10fafa8314c2096de550f67efd6,2654.63,2024-11-29T17:00:00Z,cec346aef9a29ee5be43307f45df30428a3b40618be92fe8ff5161efcf6a2480,2024-11-29T17:00:00Z,2653.52,2666.26,2024-12-01T00:00:00Z,2024-11-29T11:00:00Z,0.0,SHORT,1.0,12.28414442700177,CONTROL_V2_FILLED_STOP,2024-11-29T17:00:00Z,CONTROL_NEXT_M1_OPEN,2653.52,True,e425a9c7e12ebf41ea7ea379e7f59e004788217480d090e10ab5dd7aae1e681b,0.6930926216640316,0.3830455259026702,2024_11,0.2456828885400354,0.2456828885400354,TIME_EXIT,2024-11-29T21:45:00Z,TIME_EXIT,f814e2ca043bee91cc3c2ad4748ac9068903712929fa933901b11becfd68dede,2024-11-29T21:45:00Z,FIRST_RETEST_FILLED,2024-11-29T17:15:00Z,2024-11-29T17:10:00Z,2654.63,True,False,INITIAL_CONFIRMATION_TIME_EXIT,e2a5bb108ba0c7645f3649b4b4e5f7582402293c93e9a7f2fe95402c5256f660,2e6f9d0f3ab929a5187f69fe7806553ed401e5c16097fa55e500a00cb43370c3,2666.26,,,,CONTROL_V2_FILLED_STOP,False,,2024-11-29T17:00:00Z,2666.26,2634.05,3e861d3c72d08032d544a0106dc44ecfe0361fd18597004d1cd565055376018f
8e06557e9e21e5b56da820facf84f086118ef10fafa8314c2096de550f67efd6,2654.63,2024-11-29T17:00:00Z,cec346aef9a29ee5be43307f45df30428a3b40618be92fe8ff5161efcf6a2480,2024-11-29T17:00:00Z,2653.52,2666.26,2024-12-01T00:00:00Z,2024-11-29T11:00:00Z,-1.2456828885400353,SHORT,0.4732086790760373,-50.0,M5_LATEST_CONFIRMED_OPPOSING_SWING_ELSE_CONTROL,2024-11-29T17:00:00Z,CONTROL_NEXT_M1_OPEN,2653.52,True,ec30013a754a31e32d75319ae76faaade10fe65482e74d5e03c8b370cb5aa740,1.0748624135826543,0.47771662825897426,2024_11,-1.0,0.2456828885400354,TIME_EXIT,2024-11-29T21:45:00Z,STOP,bca8123267b3d19eafd9bd6dc4f1d30ead174136f6b2e0ea5502eb6cc8c25215,2024-11-29T18:00:00Z,FIRST_RETEST_FILLED,2024-11-29T17:15:00Z,2024-11-29T17:10:00Z,2654.63,True,False,INITIAL_CONFIRMATION_TIME_EXIT,7db857cc7700d28ba520eb663ee5f7d9b510cebe70416bcd1c70915375b80f58,2e6f9d0f3ab929a5187f69fe7806553ed401e5c16097fa55e500a00cb43370c3,2659.548678571429,2.9735714285714687,0.14867857142857344,,M5_LATEST_CONFIRMED_OPPOSING_SWING_ELSE_CONTROL,True,1bf88b56aabe193fcf2e9526139151e80ea49262dca178a9def97008a92d57d0,2024-11-29T16:50:00Z,2659.4,2634.05,3e861d3c72d08032d544a0106dc44ecfe0361fd18597004d1cd565055376018f
8e06557e9e21e5b56da820facf84f086118ef10fafa8314c2096de550f67efd6,2654.63,2024-11-29T17:00:00Z,cec346aef9a29ee5be43307f45df30428a3b40618be92fe8ff5161efcf6a2480,2024-11-29T17:00:00Z,2653.52,2666.26,2024-12-01T00:00:00Z,2024-11-29T11:00:00Z,0.0686090759281981,SHORT,0.7817027360394617,15.714598223411674,M15_LATEST_CONFIRMED_OPPOSING_SWING_ELSE_CONTROL,2024-11-29T17:00:00Z,CONTROL_NEXT_M1_OPEN,2653.52,True,e34d16a98b4866882665f8cd64561828cd57de03ba8dd5b1ed009200d79345da,0.8866447432122626,0.4900143088194761,2024_11,0.3142919644682335,0.2456828885400354,TIME_EXIT,2024-11-29T21:45:00Z,TIME_EXIT,a64fb7dc558269380b2c6ff44b4886a9e1bc93e37d5e861d70a393893e9518dc,2024-11-29T21:45:00Z,FIRST_RETEST_FILLED,2024-11-29T17:15:00Z,2024-11-29T17:10:00Z,2654.63,True,False,INITIAL_CONFIRMATION_TIME_EXIT,586e2d012c9d377eb54ae14c0bae11e58ff577013f92db199d288a23b85b528d,2e6f9d0f3ab929a5187f69fe7806553ed401e5c16097fa55e500a00cb43370c3,2663.478892857143,4.177857142857159,0.208892857142858,,M15_LATEST_CONFIRMED_OPPOSING_SWING_ELSE_CONTROL,True,a3a5fc5d2eab65dfcef799a709f014c247097bb3cfcc7a2616c84fa96c17ea1d,2024-11-29T16:00:00Z,2663.27,2634.05,3e861d3c72d08032d544a0106dc44ecfe0361fd18597004d1cd565055376018f
8e06557e9e21e5b56da820facf84f086118ef10fafa8314c2096de550f67efd6,2654.63,2024-11-29T17:00:00Z,cec346aef9a29ee5be43307f45df30428a3b40618be92fe8ff5161efcf6a2480,2024-11-29T17:00:00Z,2653.52,2666.26,2024-12-01T00:00:00Z,2024-11-29T11:00:00Z,0.0,SHORT,1.0,12.28414442700177,CONTROL_V2_FILLED_STOP,2024-11-29T17:00:00Z,CONTROL_NEXT_M1_OPEN,2653.52,True,6950ee92d73458b47e3af3c3f348b4b0497c9099255e3d2c6cb5818bad444900,0.6930926216640316,0.3830455259026702,2024_11,0.2456828885400354,0.2456828885400354,TIME_EXIT,2024-11-29T21:45:00Z,TIME_EXIT,6b99037d25c0d23150a57929defec16d247ec4d6407b326cbd6ff18729961912,2024-11-29T21:45:00Z,FIRST_RETEST_FILLED,2024-11-29T17:15:00Z,2024-11-29T17:10:00Z,2654.63,True,False,INITIAL_CONFIRMATION_TIME_EXIT,f7a5b9beaa598189ef0077517504093172d19dc19f88c241723b45061ec2f72d,2e6f9d0f3ab929a5187f69fe7806553ed401e5c16097fa55e500a00cb43370c3,2666.26,7.734999999999998,0.3867499999999999,NOT_STRICTLY_CLOSER_THAN_CONTROL,H1_SOURCE_SWING_BUFFERED_ELSE_CONTROL,False,2e6f9d0f3ab929a5187f69fe7806553ed401e5c16097fa55e500a00cb43370c3,2024-11-29T11:00:00Z,2666.26,2634.05,3e861d3c72d08032d544a0106dc44ecfe0361fd18597004d1cd565055376018f
8e06557e9e21e5b56da820facf84f086118ef10fafa8314c2096de550f67efd6,2654.63,2024-11-29T17:00:00Z,cec346aef9a29ee5be43307f45df30428a3b40618be92fe8ff5161efcf6a2480,2024-11-29T17:00:00Z,2653.52,2666.26,2024-12-01T00:00:00Z,2024-11-29T11:00:00Z,0.1188914880721913,SHORT,1.0,18.228718830611335,CONTROL_V2_FILLED_STOP,2024-11-29T17:10:00Z,M5_BROKEN_CONTROL_FIRST_RETEST,2654.63,True,e425a9c7e12ebf41ea7ea379e7f59e004788217480d090e10ab5dd7aae1e681b,0.6638005159071133,0.5150472914875478,2024_11,0.3645743766122267,0.2456828885400354,TIME_EXIT,2024-11-29T21:45:00Z,TIME_EXIT,2b1eca3c615cf00c968095b1a0842ac22fbf5d09994927f54cb98706fa5f031c,2024-11-29T21:45:00Z,FIRST_RETEST_FILLED,2024-11-29T17:15:00Z,2024-11-29T17:10:00Z,2654.63,True,True,INITIAL_CONFIRMATION_TIME_EXIT,b5c51e239a11284d4971461e61ec8f39e179932456b2fd559955c887c097ef36,2e6f9d0f3ab929a5187f69fe7806553ed401e5c16097fa55e500a00cb43370c3,2666.26,,,,CONTROL_V2_FILLED_STOP,False,,2024-11-29T17:00:00Z,2666.26,2634.05,3e861d3c72d08032d544a0106dc44ecfe0361fd18597004d1cd565055376018f
8e06557e9e21e5b56da820facf84f086118ef10fafa8314c2096de550f67efd6,2654.63,2024-11-29T17:00:00Z,cec346aef9a29ee5be43307f45df30428a3b40618be92fe8ff5161efcf6a2480,2024-11-29T17:00:00Z,2653.52,2666.26,2024-12-01T00:00:00Z,2024-11-29T11:00:00Z,-1.2456828885400353,SHORT,0.4732086790760373,-50.0,M5_LATEST_CONFIRMED_OPPOSING_SWING_ELSE_CONTROL,2024-11-29T17:10:00Z,M5_BROKEN_CONTROL_FIRST_RETEST,2654.63,True,ec30013a754a31e32d75319ae76faaade10fe65482e74d5e03c8b370cb5aa740,1.0917566419551783,0.6180521771962327,2024_11,-1.0,0.2456828885400354,TIME_EXIT,2024-11-29T21:45:00Z,STOP,052a6eb7e88219c25f249a5156e52af4078f0394a6ca73f37bf26cd223693e06,2024-11-29T18:00:00Z,FIRST_RETEST_FILLED,2024-11-29T17:15:00Z,2024-11-29T17:10:00Z,2654.63,True,True,INITIAL_CONFIRMATION_TIME_EXIT,95f1ad30ce2b647ce4fcc81cc81c6a31068e2ac297cf42141b0dd167779be038,2e6f9d0f3ab929a5187f69fe7806553ed401e5c16097fa55e500a00cb43370c3,2659.548678571429,2.9735714285714687,0.14867857142857344,,M5_LATEST_CONFIRMED_OPPOSING_SWING_ELSE_CONTROL,True,1bf88b56aabe193fcf2e9526139151e80ea49262dca178a9def97008a92d57d0,2024-11-29T16:50:00Z,2659.4,2634.05,3e861d3c72d08032d544a0106dc44ecfe0361fd18597004d1cd565055376018f
8e06557e9e21e5b56da820facf84f086118ef10fafa8314c2096de550f67efd6,2654.63,2024-11-29T17:00:00Z,cec346aef9a29ee5be43307f45df30428a3b40618be92fe8ff5161efcf6a2480,2024-11-29T17:00:00Z,2653.52,2666.26,2024-12-01T00:00:00Z,2024-11-29T11:00:00Z,0.23347309949723877,SHORT,0.7817027360394617,23.957799401863706,M15_LATEST_CONFIRMED_OPPOSING_SWING_ELSE_CONTROL,2024-11-29T17:10:00Z,M5_BROKEN_CONTROL_FIRST_RETEST,2654.63,True,e34d16a98b4866882665f8cd64561828cd57de03ba8dd5b1ed009200d79345da,0.8724255253885506,0.6769208415903833,2024_11,0.47915598803727416,0.2456828885400354,TIME_EXIT,2024-11-29T21:45:00Z,TIME_EXIT,f321971952416c9a9b71614589323d19586099faad5d551153466e05f2e7cca7,2024-11-29T21:45:00Z,FIRST_RETEST_FILLED,2024-11-29T17:15:00Z,2024-11-29T17:10:00Z,2654.63,True,True,INITIAL_CONFIRMATION_TIME_EXIT,a090b84a5cd01ab6a3003894b3d6b58755f0073d0533981431ee44d0a6210c01,2e6f9d0f3ab929a5187f69fe7806553ed401e5c16097fa55e500a00cb43370c3,2663.478892857143,4.177857142857159,0.208892857142858,,M15_LATEST_CONFIRMED_OPPOSING_SWING_ELSE_CONTROL,True,a3a5fc5d2eab65dfcef799a709f014c247097bb3cfcc7a2616c84fa96c17ea1d,2024-11-29T16:00:00Z,2663.27,2634.05,3e861d3c72d08032d544a0106dc44ecfe0361fd18597004d1cd565055376018f
8e06557e9e21e5b56da820facf84f086118ef10fafa8314c2096de550f67efd6,2654.63,2024-11-29T17:00:00Z,cec346aef9a29ee5be43307f45df30428a3b40618be92fe8ff5161efcf6a2480,2024-11-29T17:00:00Z,2653.52,2666.26,2024-12-01T00:00:00Z,2024-11-29T11:00:00Z,0.1188914880721913,SHORT,1.0,18.228718830611335,CONTROL_V2_FILLED_STOP,2024-11-29T17:10:00Z,M5_BROKEN_CONTROL_FIRST_RETEST,2654.63,True,6950ee92d73458b47e3af3c3f348b4b0497c9099255e3d2c6cb5818bad444900,0.6638005159071133,0.5150472914875478,2024_11,0.3645743766122267,0.2456828885400354,TIME_EXIT,2024-11-29T21:45:00Z,TIME_EXIT,869562676762a55fe77209cc878185f1fddbfb465a9fa58fd014791550fc4078,2024-11-29T21:45:00Z,FIRST_RETEST_FILLED,2024-11-29T17:15:00Z,2024-11-29T17:10:00Z,2654.63,True,True,INITIAL_CONFIRMATION_TIME_EXIT,2bbf7553dc8cf4a3fc4456c76856ab24887a76fa22523353518d311d1f97b1a2,2e6f9d0f3ab929a5187f69fe7806553ed401e5c16097fa55e500a00cb43370c3,2666.26,7.734999999999998,0.3867499999999999,NOT_STRICTLY_CLOSER_THAN_CONTROL,H1_SOURCE_SWING_BUFFERED_ELSE_CONTROL,False,2e6f9d0f3ab929a5187f69fe7806553ed401e5c16097fa55e500a00cb43370c3,2024-11-29T11:00:00Z,2666.26,2634.05,3e861d3c72d08032d544a0106dc44ecfe0361fd18597004d1cd565055376018f
8e06557e9e21e5b56da820facf84f086118ef10fafa8314c2096de550f67efd6,2654.63,2024-11-29T17:00:00Z,cec346aef9a29ee5be43307f45df30428a3b40618be92fe8ff5161efcf6a2480,2024-11-29T17:00:00Z,2653.52,2666.26,2024-12-01T00:00:00Z,2024-11-29T11:00:00Z,0.0891686160541435,SHORT,1.0,16.742575229708944,CONTROL_V2_FILLED_STOP,2024-11-29T17:00:00Z,CONFIRMED_25_75_RETEST_SPLIT,2653.52,True,e425a9c7e12ebf41ea7ea379e7f59e004788217480d090e10ab5dd7aae1e681b,0.6711235423463429,0.48204685009132836,2024_11,0.3348515045941789,0.2456828885400354,TIME_EXIT,2024-11-29T21:45:00Z,SPLIT_TIME_EXIT_TIME_EXIT,4f270cbe864bd6dfea954b66f2c66ba66b7d64a83a35b3729e3cc6043820d73e,2024-11-29T21:45:00Z,FIRST_RETEST_FILLED,2024-11-29T17:15:00Z,2024-11-29T17:10:00Z,2654.63,True,True,INITIAL_CONFIRMATION_TIME_EXIT,00c15d5898b7c6dcb5ca70fb49f245262d47f01180df8b424950ec3dde79e408,2e6f9d0f3ab929a5187f69fe7806553ed401e5c16097fa55e500a00cb43370c3,2666.26,,,,CONTROL_V2_FILLED_STOP,False,,2024-11-29T17:00:00Z,2666.26,2634.05,3e861d3c72d08032d544a0106dc44ecfe0361fd18597004d1cd565055376018f
8e06557e9e21e5b56da820facf84f086118ef10fafa8314c2096de550f67efd6,2654.63,2024-11-29T17:00:00Z,cec346aef9a29ee5be43307f45df30428a3b40618be92fe8ff5161efcf6a2480,2024-11-29T17:00:00Z,2653.52,2666.26,2024-12-01T00:00:00Z,2024-11-29T11:00:00Z,-1.2456828885400353,SHORT,0.4732086790760373,-50.0,M5_LATEST_CONFIRMED_OPPOSING_SWING_ELSE_CONTROL,2024-11-29T17:00:00Z,CONFIRMED_25_75_RETEST_SPLIT,2653.52,True,ec30013a754a31e32d75319ae76faaade10fe65482e74d5e03c8b370cb5aa740,1.0875330848620473,0.5829682899619181,2024_11,-1.0,0.2456828885400354,TIME_EXIT,2024-11-29T21:45:00Z,SPLIT_STOP_STOP,4e6256ac8089a17a3150f2c2719a42356c83c2b4d48b038bf1e82ae163c43013,2024-11-29T18:00:00Z,FIRST_RETEST_FILLED,2024-11-29T17:15:00Z,2024-11-29T17:10:00Z,2654.63,True,True,INITIAL_CONFIRMATION_TIME_EXIT,e50301be6f1fca3fb076ca0dd9d38205008d7c6319bf90a3959090a916e35877,2e6f9d0f3ab929a5187f69fe7806553ed401e5c16097fa55e500a00cb43370c3,2659.548678571429,2.9735714285714687,0.14867857142857344,,M5_LATEST_CONFIRMED_OPPOSING_SWING_ELSE_CONTROL,True,1bf88b56aabe193fcf2e9526139151e80ea49262dca178a9def97008a92d57d0,2024-11-29T16:50:00Z,2659.4,2634.05,3e861d3c72d08032d544a0106dc44ecfe0361fd18597004d1cd565055376018f
8e06557e9e21e5b56da820facf84f086118ef10fafa8314c2096de550f67efd6,2654.63,2024-11-29T17:00:00Z,cec346aef9a29ee5be43307f45df30428a3b40618be92fe8ff5161efcf6a2480,2024-11-29T17:00:00Z,2653.52,2666.26,2024-12-01T00:00:00Z,2024-11-29T11:00:00Z,0.19225709360497856,SHORT,0.7817027360394617,21.896999107250696,M15_LATEST_CONFIRMED_OPPOSING_SWING_ELSE_CONTROL,2024-11-29T17:00:00Z,CONFIRMED_25_75_RETEST_SPLIT,2653.52,True,e34d16a98b4866882665f8cd64561828cd57de03ba8dd5b1ed009200d79345da,0.8759803298444786,0.6301942083976566,2024_11,0.43793998214501395,0.2456828885400354,TIME_EXIT,2024-11-29T21:45:00Z,SPLIT_TIME_EXIT_TIME_EXIT,593906d6cf2f70ba6ddbe64fabb54efcbb217d7a87d5f13de7a1740952bde289,2024-11-29T21:45:00Z,FIRST_RETEST_FILLED,2024-11-29T17:15:00Z,2024-11-29T17:10:00Z,2654.63,True,True,INITIAL_CONFIRMATION_TIME_EXIT,3a7ced4124dcf58e49973e0ac1e27934b2be49b554ded21f2d2aa991e76617b3,2e6f9d0f3ab929a5187f69fe7806553ed401e5c16097fa55e500a00cb43370c3,2663.478892857143,4.177857142857159,0.208892857142858,,M15_LATEST_CONFIRMED_OPPOSING_SWING_ELSE_CONTROL,True,a3a5fc5d2eab65dfcef799a709f014c247097bb3cfcc7a2616c84fa96c17ea1d,2024-11-29T16:00:00Z,2663.27,2634.05,3e861d3c72d08032d544a0106dc44ecfe0361fd18597004d1cd565055376018f
8e06557e9e21e5b56da820facf84f086118ef10fafa8314c2096de550f67efd6,2654.63,2024-11-29T17:00:00Z,cec346aef9a29ee5be43307f45df30428a3b40618be92fe8ff5161efcf6a2480,2024-11-29T17:00:00Z,2653.52,2666.26,2024-12-01T00:00:00Z,2024-11-29T11:00:00Z,0.0891686160541435,SHORT,1.0,16.742575229708944,CONTROL_V2_FILLED_STOP,2024-11-29T17:00:00Z,CONFIRMED_25_75_RETEST_SPLIT,2653.52,True,6950ee92d73458b47e3af3c3f348b4b0497c9099255e3d2c6cb5818bad444900,0.6711235423463429,0.48204685009132836,2024_11,0.3348515045941789,0.2456828885400354,TIME_EXIT,2024-11-29T21:45:00Z,SPLIT_TIME_EXIT_TIME_EXIT,7e5a12d50730259da6af476a6f5802d2eb5f210020848e9cb0ad8b87ae53cf81,2024-11-29T21:45:00Z,FIRST_RETEST_FILLED,2024-11-29T17:15:00Z,2024-11-29T17:10:00Z,2654.63,True,True,INITIAL_CONFIRMATION_TIME_EXIT,c21eaebff37a76337452cb932a86d01da24740653a1698c3eb4fc8906afde729,2e6f9d0f3ab929a5187f69fe7806553ed401e5c16097fa55e500a00cb43370c3,2666.26,7.734999999999998,0.3867499999999999,NOT_STRICTLY_CLOSER_THAN_CONTROL,H1_SOURCE_SWING_BUFFERED_ELSE_CONTROL,False,2e6f9d0f3ab929a5187f69fe7806553ed401e5c16097fa55e500a00cb43370c3,2024-11-29T11:00:00Z,2666.26,2634.05,3e861d3c72d08032d544a0106dc44ecfe0361fd18597004d1cd565055376018f
