broken_m5_control_identity,broken_m5_control_level,confirmation_at,confirmation_bar_identity,control_entry_at,control_entry_price,control_stop,deadline,decision_at,delta_vs_original_r,direction,distance_ratio_to_control,dollars_at_50_max_case_risk,effective_stop_policy,entry_at,entry_policy,entry_price,filled,geometry_sha256,mae_r,mfe_r,month,net_r,original_net_r,original_outcome,original_resolution_at,outcome,policy_result_sha256,resolution_at,retest_disposition,retest_expiry_at,retest_fill_at,retest_level,retest_opportunity,retest_used,route,row_sha256,source_h1_swing_identity,stop,stop_atr14,stop_buffer,stop_fallback_reason,stop_policy,stop_replaced_control,stop_source_identity,stop_source_known_at,stop_source_level,target,trade_identity
10bc2eea770d77fece243f3e093554a6c19d23594b304f40c1f0eecb7755ca50,2328.57,2024-06-03T13:40:00Z,16112d55004c3e5e4b6e34644006a42857807a06d713e8a75f359447fba849a5,2024-06-03T13:40:00Z,2328.63,2314.79,2024-07-01T00:00:00Z,2024-06-03T12:00:00Z,0.0,LONG,1.0,8.815028901734207,CONTROL_V2_FILLED_STOP,2024-06-03T13:40:00Z,CONTROL_NEXT_M1_OPEN,2328.63,True,1be1a4890142d908a3be684d18430e895428471bc775ff66ec01a9903aad42c7,0.0057803468208039305,0.2854046242774405,2024_06,0.17630057803468416,0.17630057803468416,TARGET,2024-06-03T13:42:00Z,TARGET,c24c51e16d3219a53aabc2d4f4f84a1b76af6a076a857b8a02bd65fb9512e451,2024-06-03T13:42:00Z,FIRST_RETEST_FILLED,2024-06-03T13:55:00Z,2024-06-03T13:40:00Z,2328.57,True,False,INITIAL_CONFIRMATION_TARGET,84e549b63e01a30051d938a06ed0ce6d431ad1ec26f36afa5759082703349168,cf29f730587594280ab7071416da35806184c20ddf79406f8d97bc09f7bf2bff,2314.79,,,,CONTROL_V2_FILLED_STOP,False,,2024-06-03T13:40:00Z,2314.79,2331.07,d7751ffff3d763efd25a02f6820110ae4e450ca1cac3029b7fef8a5bff9faf77
10bc2eea770d77fece243f3e093554a6c19d23594b304f40c1f0eecb7755ca50,2328.57,2024-06-03T13:40:00Z,16112d55004c3e5e4b6e34644006a42857807a06d713e8a75f359447fba849a5,2024-06-03T13:40:00Z,2328.63,2314.79,2024-07-01T00:00:00Z,2024-06-03T12:00:00Z,0.9189573654710209,LONG,0.1609671758877007,54.762897175285254,M5_LATEST_CONFIRMED_OPPOSING_SWING_ELSE_CONTROL,2024-06-03T13:40:00Z,CONTROL_NEXT_M1_OPEN,2328.63,True,61fe4c4b67555afa76a223cba8d7980f6e93457b9ef4eda90b4574a6093ca9b5,0.03591009650835031,1.7730610151013273,2024_06,1.095257943505705,0.17630057803468416,TARGET,2024-06-03T13:42:00Z,TARGET,d68089390ca129edab0465238d4cee8637ef8ae8cf9c36ae4282354852cf00d3,2024-06-03T13:42:00Z,FIRST_RETEST_FILLED,2024-06-03T13:55:00Z,2024-06-03T13:40:00Z,2328.57,True,False,INITIAL_CONFIRMATION_TARGET,10e961cc7cdd9413813309b51b3056623ac24424814d443cdcd45e2418da6ca8,cf29f730587594280ab7071416da35806184c20ddf79406f8d97bc09f7bf2bff,2326.4022142857143,1.355714285714287,0.06778571428571435,,M5_LATEST_CONFIRMED_OPPOSING_SWING_ELSE_CONTROL,True,d01cc07ab3be93a067af1755f21acc26c79aa45fe0a61b7d4b5b085bf46eb5f5,2024-06-03T13:35:00Z,2326.47,2331.07,d7751ffff3d763efd25a02f6820110ae4e450ca1cac3029b7fef8a5bff9faf77
10bc2eea770d77fece243f3e093554a6c19d23594b304f40c1f0eecb7755ca50,2328.57,2024-06-03T13:40:00Z,16112d55004c3e5e4b6e34644006a42857807a06d713e8a75f359447fba849a5,2024-06-03T13:40:00Z,2328.63,2314.79,2024-07-01T00:00:00Z,2024-06-03T12:00:00Z,0.3770635877477906,LONG,0.31859774979355504,27.668208289123736,M15_LATEST_CONFIRMED_OPPOSING_SWING_ELSE_CONTROL,2024-06-03T13:40:00Z,CONTROL_NEXT_M1_OPEN,2328.63,True,ae3460a984a77a5e821120394bed2218192410a220d1c29dc66c392520e7220a,0.01814308740268718,0.8958149405084531,2024_06,0.5533641657824747,0.17630057803468416,TARGET,2024-06-03T13:42:00Z,TARGET,946317b740fd5b74be90a77bebf2d9b967f6ed661d4087b485d50536e40063e8,2024-06-03T13:42:00Z,FIRST_RETEST_FILLED,2024-06-03T13:55:00Z,2024-06-03T13:40:00Z,2328.57,True,False,INITIAL_CONFIRMATION_TARGET,6326a0b91a1767bfdc97fdc79d0046192b0f87f10ab0fa91f611620e47873de6,cf29f730587594280ab7071416da35806184c20ddf79406f8d97bc09f7bf2bff,2324.2206071428573,2.7878571428571246,0.13939285714285624,,M15_LATEST_CONFIRMED_OPPOSING_SWING_ELSE_CONTROL,True,c342b4fcba9adab4a7e70be8e917e07f20d5751ab46a271757d97054638f6ae3,2024-06-03T13:15:00Z,2324.36,2331.07,d7751ffff3d763efd25a02f6820110ae4e450ca1cac3029b7fef8a5bff9faf77
10bc2eea770d77fece243f3e093554a6c19d23594b304f40c1f0eecb7755ca50,2328.57,2024-06-03T13:40:00Z,16112d55004c3e5e4b6e34644006a42857807a06d713e8a75f359447fba849a5,2024-06-03T13:40:00Z,2328.63,2314.79,2024-07-01T00:00:00Z,2024-06-03T12:00:00Z,0.0,LONG,1.0,8.815028901734207,CONTROL_V2_FILLED_STOP,2024-06-03T13:40:00Z,CONTROL_NEXT_M1_OPEN,2328.63,True,aa46c3d3e9d87f6de0bba0b66f20d157e132488714763bbb2e67efbf619f1931,0.0057803468208039305,0.2854046242774405,2024_06,0.17630057803468416,0.17630057803468416,TARGET,2024-06-03T13:42:00Z,TARGET,51bd0ef4934c9f0f9a750ac1992885affc3dbb02e73c7ee2b724fbcda10195ae,2024-06-03T13:42:00Z,FIRST_RETEST_FILLED,2024-06-03T13:55:00Z,2024-06-03T13:40:00Z,2328.57,True,False,INITIAL_CONFIRMATION_TARGET,5c47f3ad05debdae52e164b374051aecae7f0ef2c52000ed144220bc72ca66df,cf29f730587594280ab7071416da35806184c20ddf79406f8d97bc09f7bf2bff,2314.79,5.4500000000000455,0.2725000000000023,NOT_STRICTLY_CLOSER_THAN_CONTROL,H1_SOURCE_SWING_BUFFERED_ELSE_CONTROL,False,cf29f730587594280ab7071416da35806184c20ddf79406f8d97bc09f7bf2bff,2024-06-03T12:00:00Z,2314.79,2331.07,d7751ffff3d763efd25a02f6820110ae4e450ca1cac3029b7fef8a5bff9faf77
10bc2eea770d77fece243f3e093554a6c19d23594b304f40c1f0eecb7755ca50,2328.57,2024-06-03T13:40:00Z,16112d55004c3e5e4b6e34644006a42857807a06d713e8a75f359447fba849a5,2024-06-03T13:40:00Z,2328.63,2314.79,2024-07-01T00:00:00Z,2024-06-03T12:00:00Z,0.005121773198985186,LONG,1.0,9.071117561683467,CONTROL_V2_FILLED_STOP,2024-06-03T13:40:00Z,M5_BROKEN_CONTROL_FIRST_RETEST,2328.57,True,1be1a4890142d908a3be684d18430e895428471bc775ff66ec01a9903aad42c7,0.0014513788098680347,0.29100145137878847,2024_06,0.18142235123366934,0.17630057803468416,TARGET,2024-06-03T13:42:00Z,TARGET,d653990f19b4399dfb4e778b7dedfd86f5329dc3fb71a985da2622fc130a3d1c,2024-06-03T13:42:00Z,FIRST_RETEST_FILLED,2024-06-03T13:55:00Z,2024-06-03T13:40:00Z,2328.57,True,True,INITIAL_CONFIRMATION_TARGET,17c79d36dbadacf0e8964d8c855a344aab78b675af54d2b481f9a925a5087b6e,cf29f730587594280ab7071416da35806184c20ddf79406f8d97bc09f7bf2bff,2314.79,,,,CONTROL_V2_FILLED_STOP,False,,2024-06-03T13:40:00Z,2314.79,2331.07,d7751ffff3d763efd25a02f6820110ae4e450ca1cac3029b7fef8a5bff9faf77
10bc2eea770d77fece243f3e093554a6c19d23594b304f40c1f0eecb7755ca50,2328.57,2024-06-03T13:40:00Z,16112d55004c3e5e4b6e34644006a42857807a06d713e8a75f359447fba849a5,2024-06-03T13:40:00Z,2328.63,2314.79,2024-07-01T00:00:00Z,2024-06-03T12:00:00Z,0.9769499409279742,LONG,0.1609671758877007,57.66252594813292,M5_LATEST_CONFIRMED_OPPOSING_SWING_ELSE_CONTROL,2024-06-03T13:40:00Z,M5_BROKEN_CONTROL_FIRST_RETEST,2328.57,True,61fe4c4b67555afa76a223cba8d7980f6e93457b9ef4eda90b4574a6093ca9b5,0.009226004151692876,1.849813832415995,2024_06,1.1532505189626583,0.17630057803468416,TARGET,2024-06-03T13:42:00Z,TARGET,d4b89e3cab59622b8f851035f9ce313d8955c273dd191d24b81ed33a2cba7603,2024-06-03T13:42:00Z,FIRST_RETEST_FILLED,2024-06-03T13:55:00Z,2024-06-03T13:40:00Z,2328.57,True,True,INITIAL_CONFIRMATION_TARGET,cd21936f0bd21c440633e2eb1779782aba4d46d3f24bb6fa85d7d7fb90fc351b,cf29f730587594280ab7071416da35806184c20ddf79406f8d97bc09f7bf2bff,2326.4022142857143,1.355714285714287,0.06778571428571435,,M5_LATEST_CONFIRMED_OPPOSING_SWING_ELSE_CONTROL,True,d01cc07ab3be93a067af1755f21acc26c79aa45fe0a61b7d4b5b085bf46eb5f5,2024-06-03T13:35:00Z,2326.47,2331.07,d7751ffff3d763efd25a02f6820110ae4e450ca1cac3029b7fef8a5bff9faf77
10bc2eea770d77fece243f3e093554a6c19d23594b304f40c1f0eecb7755ca50,2328.57,2024-06-03T13:40:00Z,16112d55004c3e5e4b6e34644006a42857807a06d713e8a75f359447fba849a5,2024-06-03T13:40:00Z,2328.63,2314.79,2024-07-01T00:00:00Z,2024-06-03T12:00:00Z,0.39849229124920005,LONG,0.31859774979355504,28.73964346419421,M15_LATEST_CONFIRMED_OPPOSING_SWING_ELSE_CONTROL,2024-06-03T13:40:00Z,M5_BROKEN_CONTROL_FIRST_RETEST,2328.57,True,ae3460a984a77a5e821120394bed2218192410a220d1c29dc66c392520e7220a,0.004598342954266891,0.921967762331296,2024_06,0.5747928692838842,0.17630057803468416,TARGET,2024-06-03T13:42:00Z,TARGET,9571aab2598526b688cd7f8a4c828d9ac0bff2ec76e55c6519fc47caa78d14fd,2024-06-03T13:42:00Z,FIRST_RETEST_FILLED,2024-06-03T13:55:00Z,2024-06-03T13:40:00Z,2328.57,True,True,INITIAL_CONFIRMATION_TARGET,78e8f202d36c217ab631dd5cb8aa2d9cb6082bc25c8df5ae11db4091fe18c8d5,cf29f730587594280ab7071416da35806184c20ddf79406f8d97bc09f7bf2bff,2324.2206071428573,2.7878571428571246,0.13939285714285624,,M15_LATEST_CONFIRMED_OPPOSING_SWING_ELSE_CONTROL,True,c342b4fcba9adab4a7e70be8e917e07f20d5751ab46a271757d97054638f6ae3,2024-06-03T13:15:00Z,2324.36,2331.07,d7751ffff3d763efd25a02f6820110ae4e450ca1cac3029b7fef8a5bff9faf77
10bc2eea770d77fece243f3e093554a6c19d23594b304f40c1f0eecb7755ca50,2328.57,2024-06-03T13:40:00Z,16112d55004c3e5e4b6e34644006a42857807a06d713e8a75f359447fba849a5,2024-06-03T13:40:00Z,2328.63,2314.79,2024-07-01T00:00:00Z,2024-06-03T12:00:00Z,0.005121773198985186,LONG,1.0,9.071117561683467,CONTROL_V2_FILLED_STOP,2024-06-03T13:40:00Z,M5_BROKEN_CONTROL_FIRST_RETEST,2328.57,True,aa46c3d3e9d87f6de0bba0b66f20d157e132488714763bbb2e67efbf619f1931,0.0014513788098680347,0.29100145137878847,2024_06,0.18142235123366934,0.17630057803468416,TARGET,2024-06-03T13:42:00Z,TARGET,13c3427577f9c2e4ccd01ecf132e52ee4545bea8a24981c12bbecb8b6ccea865,2024-06-03T13:42:00Z,FIRST_RETEST_FILLED,2024-06-03T13:55:00Z,2024-06-03T13:40:00Z,2328.57,True,True,INITIAL_CONFIRMATION_TARGET,0d16a8d61f07223211f3ec7ec9477d5491f3977d76b36fa10dbe4af9dc94a924,cf29f730587594280ab7071416da35806184c20ddf79406f8d97bc09f7bf2bff,2314.79,5.4500000000000455,0.2725000000000023,NOT_STRICTLY_CLOSER_THAN_CONTROL,H1_SOURCE_SWING_BUFFERED_ELSE_CONTROL,False,cf29f730587594280ab7071416da35806184c20ddf79406f8d97bc09f7bf2bff,2024-06-03T12:00:00Z,2314.79,2331.07,d7751ffff3d763efd25a02f6820110ae4e450ca1cac3029b7fef8a5bff9faf77
10bc2eea770d77fece243f3e093554a6c19d23594b304f40c1f0eecb7755ca50,2328.57,2024-06-03T13:40:00Z,16112d55004c3e5e4b6e34644006a42857807a06d713e8a75f359447fba849a5,2024-06-03T13:40:00Z,2328.63,2314.79,2024-07-01T00:00:00Z,2024-06-03T12:00:00Z,0.0038413298992388822,LONG,1.0,9.007095396696151,CONTROL_V2_FILLED_STOP,2024-06-03T13:40:00Z,CONFIRMED_25_75_RETEST_SPLIT,2328.63,True,1be1a4890142d908a3be684d18430e895428471bc775ff66ec01a9903aad42c7,0.0025336208126020086,0.2896022446034515,2024_06,0.18014190793392304,0.17630057803468416,TARGET,2024-06-03T13:42:00Z,SPLIT_TARGET_TARGET,b1c793dd11f17022b40cdd2d42dca94bf08a12fb335d7259c830b5f1858373cf,2024-06-03T13:42:00Z,FIRST_RETEST_FILLED,2024-06-03T13:55:00Z,2024-06-03T13:40:00Z,2328.57,True,True,INITIAL_CONFIRMATION_TARGET,fc18093abe6cd55cfa8e99f08f5a7a074bce87df31113ca5a79c145e395ccec0,cf29f730587594280ab7071416da35806184c20ddf79406f8d97bc09f7bf2bff,2314.79,,,,CONTROL_V2_FILLED_STOP,False,,2024-06-03T13:40:00Z,2314.79,2331.07,d7751ffff3d763efd25a02f6820110ae4e450ca1cac3029b7fef8a5bff9faf77
10bc2eea770d77fece243f3e093554a6c19d23594b304f40c1f0eecb7755ca50,2328.57,2024-06-03T13:40:00Z,16112d55004c3e5e4b6e34644006a42857807a06d713e8a75f359447fba849a5,2024-06-03T13:40:00Z,2328.63,2314.79,2024-07-01T00:00:00Z,2024-06-03T12:00:00Z,0.9624517970637357,LONG,0.1609671758877007,56.93761875492099,M5_LATEST_CONFIRMED_OPPOSING_SWING_ELSE_CONTROL,2024-06-03T13:40:00Z,CONFIRMED_25_75_RETEST_SPLIT,2328.63,True,61fe4c4b67555afa76a223cba8d7980f6e93457b9ef4eda90b4574a6093ca9b5,0.015897027240857235,1.830625628087328,2024_06,1.1387523750984199,0.17630057803468416,TARGET,2024-06-03T13:42:00Z,SPLIT_TARGET_TARGET,7e35ee451ff0e10e2efb0781f718da1e8caad8e38876b040b0a2691950b0db97,2024-06-03T13:42:00Z,FIRST_RETEST_FILLED,2024-06-03T13:55:00Z,2024-06-03T13:40:00Z,2328.57,True,True,INITIAL_CONFIRMATION_TARGET,a8bcf56b19526820d89972c6a3a5fb9a7aa95236593a03a7748b3ef7fb74517c,cf29f730587594280ab7071416da35806184c20ddf79406f8d97bc09f7bf2bff,2326.4022142857143,1.355714285714287,0.06778571428571435,,M5_LATEST_CONFIRMED_OPPOSING_SWING_ELSE_CONTROL,True,d01cc07ab3be93a067af1755f21acc26c79aa45fe0a61b7d4b5b085bf46eb5f5,2024-06-03T13:35:00Z,2326.47,2331.07,d7751ffff3d763efd25a02f6820110ae4e450ca1cac3029b7fef8a5bff9faf77
10bc2eea770d77fece243f3e093554a6c19d23594b304f40c1f0eecb7755ca50,2328.57,2024-06-03T13:40:00Z,16112d55004c3e5e4b6e34644006a42857807a06d713e8a75f359447fba849a5,2024-06-03T13:40:00Z,2328.63,2314.79,2024-07-01T00:00:00Z,2024-06-03T12:00:00Z,0.3931351153738477,LONG,0.31859774979355504,28.471784670426594,M15_LATEST_CONFIRMED_OPPOSING_SWING_ELSE_CONTROL,2024-06-03T13:40:00Z,CONFIRMED_25_75_RETEST_SPLIT,2328.63,True,ae3460a984a77a5e821120394bed2218192410a220d1c29dc66c392520e7220a,0.007984529066371964,0.9154295568755852,2024_06,0.5694356934085318,0.17630057803468416,TARGET,2024-06-03T13:42:00Z,SPLIT_TARGET_TARGET,5a6be39eb5728f92fde85b16dcace6da1d520fdb0c8b0969aca2808b9dcc1554,2024-06-03T13:42:00Z,FIRST_RETEST_FILLED,2024-06-03T13:55:00Z,2024-06-03T13:40:00Z,2328.57,True,True,INITIAL_CONFIRMATION_TARGET,d0f61f95cdea275e98ee01caaae2d2f7b585d2b6b59da4513bb3a66425cbce4d,cf29f730587594280ab7071416da35806184c20ddf79406f8d97bc09f7bf2bff,2324.2206071428573,2.7878571428571246,0.13939285714285624,,M15_LATEST_CONFIRMED_OPPOSING_SWING_ELSE_CONTROL,True,c342b4fcba9adab4a7e70be8e917e07f20d5751ab46a271757d97054638f6ae3,2024-06-03T13:15:00Z,2324.36,2331.07,d7751ffff3d763efd25a02f6820110ae4e450ca1cac3029b7fef8a5bff9faf77
10bc2eea770d77fece243f3e093554a6c19d23594b304f40c1f0eecb7755ca50,2328.57,2024-06-03T13:40:00Z,16112d55004c3e5e4b6e34644006a42857807a06d713e8a75f359447fba849a5,2024-06-03T13:40:00Z,2328.63,2314.79,2024-07-01T00:00:00Z,2024-06-03T12:00:00Z,0.0038413298992388822,LONG,1.0,9.007095396696151,CONTROL_V2_FILLED_STOP,2024-06-03T13:40:00Z,CONFIRMED_25_75_RETEST_SPLIT,2328.63,True,aa46c3d3e9d87f6de0bba0b66f20d157e132488714763bbb2e67efbf619f1931,0.0025336208126020086,0.2896022446034515,2024_06,0.18014190793392304,0.17630057803468416,TARGET,2024-06-03T13:42:00Z,SPLIT_TARGET_TARGET,ec7d22f6367331c2538835f094c4e2f7e85c66239687834405bd7483412904cb,2024-06-03T13:42:00Z,FIRST_RETEST_FILLED,2024-06-03T13:55:00Z,2024-06-03T13:40:00Z,2328.57,True,True,INITIAL_CONFIRMATION_TARGET,5d6d71ad00ccfe6818e6e114aeb52ae2123d0cb4541fdf26320e7b347f2d9e4b,cf29f730587594280ab7071416da35806184c20ddf79406f8d97bc09f7bf2bff,2314.79,5.4500000000000455,0.2725000000000023,NOT_STRICTLY_CLOSER_THAN_CONTROL,H1_SOURCE_SWING_BUFFERED_ELSE_CONTROL,False,cf29f730587594280ab7071416da35806184c20ddf79406f8d97bc09f7bf2bff,2024-06-03T12:00:00Z,2314.79,2331.07,d7751ffff3d763efd25a02f6820110ae4e450ca1cac3029b7fef8a5bff9faf77
b9e958fd90a368717497888b21888dee6188844672770931346a520aa53c3f25,2351.21,2024-06-04T03:05:00Z,9fa09af17b0be97cbfbaae56b0dc5b2bfb0df141a287fdc3df07fb942cf8449a,2024-06-04T03:05:00Z,2351.39,2344.78,2024-07-01T00:00:00Z,2024-06-04T03:00:00Z,0.0,LONG,1.0,-50.0,CONTROL_V2_FILLED_STOP,2024-06-04T03:05:00Z,CONTROL_NEXT_M1_OPEN,2351.39,True,93a8b024c345cfc826c71ce25d30248cbbabaab3372923c92eaf61df1b13f153,1.2375189107413376,0.2223903177005034,2024_06,-1.0,-1.0,STOP,2024-06-04T04:43:00Z,STOP,7702cf3e8eedba75017f6c0708e97ae09744a8354cb0292af40f4b538c4b4e8b,2024-06-04T04:43:00Z,FIRST_RETEST_FILLED,2024-06-04T03:20:00Z,2024-06-04T03:05:00Z,2351.21,True,False,INITIAL_CONFIRMATION_STOP,ea786abaa424b959da0373b78ed9375a2d0bb49207103f948eae5c45fe6c603d,9336277d1eb64292a3b0674ca27212d54dd5d93579abc0a4bc45a415c2b4333a,2344.78,,,,CONTROL_V2_FILLED_STOP,False,,2024-06-04T03:05:00Z,2344.78,2354.77,9b9934af225335a88e20705d60c3855407c78e6bab946daa1a686b515d9847e0
b9e958fd90a368717497888b21888dee6188844672770931346a520aa53c3f25,2351.21,2024-06-04T03:05:00Z,9fa09af17b0be97cbfbaae56b0dc5b2bfb0df141a287fdc3df07fb942cf8449a,2024-06-04T03:05:00Z,2351.39,2344.78,2024-07-01T00:00:00Z,2024-06-04T03:00:00Z,0.0,LONG,0.24642316835965125,-50.0,M5_LATEST_CONFIRMED_OPPOSING_SWING_ELSE_CONTROL,2024-06-04T03:05:00Z,CONTROL_NEXT_M1_OPEN,2351.39,True,9341ab8b3f6b23e59717fadd78b2b172c0fb96b4c88cd3391f915035b0d23821,1.0927907384667315,0.9024732503070806,2024_06,-1.0,-1.0,STOP,2024-06-04T04:43:00Z,STOP,96fb06eaf26f6d4ede22a74256cbd5b5d121b4698653b762c9b433213796601d,2024-06-04T04:07:00Z,FIRST_RETEST_FILLED,2024-06-04T03:20:00Z,2024-06-04T03:05:00Z,2351.21,True,False,INITIAL_CONFIRMATION_STOP,3daeeb9bf320f71e1126d5bfbf20b82b515f3624464f7dc1014991896bba9117,9336277d1eb64292a3b0674ca27212d54dd5d93579abc0a4bc45a415c2b4333a,2349.7611428571427,0.5771428571428194,0.02885714285714097,,M5_LATEST_CONFIRMED_OPPOSING_SWING_ELSE_CONTROL,True,c7572ee131c15fe1aec6554fc481bca6abd54690e7a2696d3c0304518987c21b,2024-06-04T02:55:00Z,2349.79,2354.77,9b9934af225335a88e20705d60c3855407c78e6bab946daa1a686b515d9847e0
b9e958fd90a368717497888b21888dee6188844672770931346a520aa53c3f25,2351.21,2024-06-04T03:05:00Z,9fa09af17b0be97cbfbaae56b0dc5b2bfb0df141a287fdc3df07fb942cf8449a,2024-06-04T03:05:00Z,2351.39,2344.78,2024-07-01T00:00:00Z,2024-06-04T03:00:00Z,0.0,LONG,1.0,-50.0,CONTROL_V2_FILLED_STOP,2024-06-04T03:05:00Z,CONTROL_NEXT_M1_OPEN,2351.39,True,aaca74ecaa2f4b89d8af770a4cbcc124453be87b504a0a2998cfb6bab0777597,1.2375189107413376,0.2223903177005034,2024_06,-1.0,-1.0,STOP,2024-06-04T04:43:00Z,STOP,f5879ea9d5567106d7fb1d4f73ed2fb211e4d5ff0562e37bc5c0c9bc6430f4d3,2024-06-04T04:43:00Z,FIRST_RETEST_FILLED,2024-06-04T03:20:00Z,2024-06-04T03:05:00Z,2351.21,True,False,INITIAL_CONFIRMATION_STOP,bd02e89d2c0470e5aaec7977176eb0ef5941e5160dbc06e8d591661f28552b93,9336277d1eb64292a3b0674ca27212d54dd5d93579abc0a4bc45a415c2b4333a,2344.78,1.4971428571427623,0.07485714285713811,NOT_STRICTLY_CLOSER_THAN_CONTROL,M15_LATEST_CONFIRMED_OPPOSING_SWING_ELSE_CONTROL,False,9b0e60a3e739178fff838e571e85bf4c337cf6cff53c772dd0bee8917d8eced9,2024-06-03T23:15:00Z,2344.78,2354.77,9b9934af225335a88e20705d60c3855407c78e6bab946daa1a686b515d9847e0
b9e958fd90a368717497888b21888dee6188844672770931346a520aa53c3f25,2351.21,2024-06-04T03:05:00Z,9fa09af17b0be97cbfbaae56b0dc5b2bfb0df141a287fdc3df07fb942cf8449a,2024-06-04T03:05:00Z,2351.39,2344.78,2024-07-01T00:00:00Z,2024-06-04T03:00:00Z,0.0,LONG,1.0,-50.0,CONTROL_V2_FILLED_STOP,2024-06-04T03:05:00Z,CONTROL_NEXT_M1_OPEN,2351.39,True,c10640b0f129d2fd64f781fcda87591a6a6e2bb4d1eb1bba103ddb8ba8373644,1.2375189107413376,0.2223903177005034,2024_06,-1.0,-1.0,STOP,2024-06-04T04:43:00Z,STOP,ae8613b455b702d9effc186b03f5be449cb28d62db658621f0ebd3329cffedfb,2024-06-04T04:43:00Z,FIRST_RETEST_FILLED,2024-06-04T03:20:00Z,2024-06-04T03:05:00Z,2351.21,True,False,INITIAL_CONFIRMATION_STOP,dd7503a7706139d2eb0f80fa32c3afa0a96238e8bc6c8bf72e4a0ce63eac4721,9336277d1eb64292a3b0674ca27212d54dd5d93579abc0a4bc45a415c2b4333a,2344.78,6.130714285714248,0.3065357142857124,NOT_STRICTLY_CLOSER_THAN_CONTROL,H1_SOURCE_SWING_BUFFERED_ELSE_CONTROL,False,9336277d1eb64292a3b0674ca27212d54dd5d93579abc0a4bc45a415c2b4333a,2024-06-04T03:00:00Z,2344.78,2354.77,9b9934af225335a88e20705d60c3855407c78e6bab946daa1a686b515d9847e0
b9e958fd90a368717497888b21888dee6188844672770931346a520aa53c3f25,2351.21,2024-06-04T03:05:00Z,9fa09af17b0be97cbfbaae56b0dc5b2bfb0df141a287fdc3df07fb942cf8449a,2024-06-04T03:05:00Z,2351.39,2344.78,2024-07-01T00:00:00Z,2024-06-04T03:00:00Z,0.0,LONG,1.0,-50.0,CONTROL_V2_FILLED_STOP,2024-06-04T03:05:00Z,M5_BROKEN_CONTROL_FIRST_RETEST,2351.21,True,93a8b024c345cfc826c71ce25d30248cbbabaab3372923c92eaf61df1b13f153,1.2441679626749929,0.2566096423017314,2024_06,-1.0,-1.0,STOP,2024-06-04T04:43:00Z,STOP,20a7a763fdb5f93072097d4f7014ec3670be6be447d5a6d54b3415cb2c477821,2024-06-04T04:43:00Z,FIRST_RETEST_FILLED,2024-06-04T03:20:00Z,2024-06-04T03:05:00Z,2351.21,True,True,INITIAL_CONFIRMATION_STOP,a0e587683c087271602a4232ca7356d1e859e8642de65045b7f597b7036c65ef,9336277d1eb64292a3b0674ca27212d54dd5d93579abc0a4bc45a415c2b4333a,2344.78,,,,CONTROL_V2_FILLED_STOP,False,,2024-06-04T03:05:00Z,2344.78,2354.77,9b9934af225335a88e20705d60c3855407c78e6bab946daa1a686b515d9847e0
b9e958fd90a368717497888b21888dee6188844672770931346a520aa53c3f25,2351.21,2024-06-04T03:05:00Z,9fa09af17b0be97cbfbaae56b0dc5b2bfb0df141a287fdc3df07fb942cf8449a,2024-06-04T03:05:00Z,2351.39,2344.78,2024-07-01T00:00:00Z,2024-06-04T03:00:00Z,0.0,LONG,0.24642316835965125,-50.0,M5_LATEST_CONFIRMED_OPPOSING_SWING_ELSE_CONTROL,2024-06-04T03:05:00Z,M5_BROKEN_CONTROL_FIRST_RETEST,2351.21,True,9341ab8b3f6b23e59717fadd78b2b172c0fb96b4c88cd3391f915035b0d23821,1.1043186748173484,1.138828633405518,2024_06,-1.0,-1.0,STOP,2024-06-04T04:43:00Z,STOP,9c2009c125e7441dc1ba21da37de6f8853e95cf7053fc765b5379ba41ba515e7,2024-06-04T04:07:00Z,FIRST_RETEST_FILLED,2024-06-04T03:20:00Z,2024-06-04T03:05:00Z,2351.21,True,True,INITIAL_CONFIRMATION_STOP,69c7d87c4c4f1588f2fb106ce42d31db6b461f880641ecc1e09e1a3e409f1ea0,9336277d1eb64292a3b0674ca27212d54dd5d93579abc0a4bc45a415c2b4333a,2349.7611428571427,0.5771428571428194,0.02885714285714097,,M5_LATEST_CONFIRMED_OPPOSING_SWING_ELSE_CONTROL,True,c7572ee131c15fe1aec6554fc481bca6abd54690e7a2696d3c0304518987c21b,2024-06-04T02:55:00Z,2349.79,2354.77,9b9934af225335a88e20705d60c3855407c78e6bab946daa1a686b515d9847e0
b9e958fd90a368717497888b21888dee6188844672770931346a520aa53c3f25,2351.21,2024-06-04T03:05:00Z,9fa09af17b0be97cbfbaae56b0dc5b2bfb0df141a287fdc3df07fb942cf8449a,2024-06-04T03:05:00Z,2351.39,2344.78,2024-07-01T00:00:00Z,2024-06-04T03:00:00Z,0.0,LONG,1.0,-50.0,CONTROL_V2_FILLED_STOP,2024-06-04T03:05:00Z,M5_BROKEN_CONTROL_FIRST_RETEST,2351.21,True,aaca74ecaa2f4b89d8af770a4cbcc124453be87b504a0a2998cfb6bab0777597,1.2441679626749929,0.2566096423017314,2024_06,-1.0,-1.0,STOP,2024-06-04T04:43:00Z,STOP,5e7fca535d29d59ab1776ef917eddf3fbbc575e8c848d5203c0e242576ad6bec,2024-06-04T04:43:00Z,FIRST_RETEST_FILLED,2024-06-04T03:20:00Z,2024-06-04T03:05:00Z,2351.21,True,True,INITIAL_CONFIRMATION_STOP,177cd058dbb3e409ac211f420ecbbcfb92183ba14adbb06d77e5cdea76411a15,9336277d1eb64292a3b0674ca27212d54dd5d93579abc0a4bc45a415c2b4333a,2344.78,1.4971428571427623,0.07485714285713811,NOT_STRICTLY_CLOSER_THAN_CONTROL,M15_LATEST_CONFIRMED_OPPOSING_SWING_ELSE_CONTROL,False,9b0e60a3e739178fff838e571e85bf4c337cf6cff53c772dd0bee8917d8eced9,2024-06-03T23:15:00Z,2344.78,2354.77,9b9934af225335a88e20705d60c3855407c78e6bab946daa1a686b515d9847e0
b9e958fd90a368717497888b21888dee6188844672770931346a520aa53c3f25,2351.21,2024-06-04T03:05:00Z,9fa09af17b0be97cbfbaae56b0dc5b2bfb0df141a287fdc3df07fb942cf8449a,2024-06-04T03:05:00Z,2351.39,2344.78,2024-07-01T00:00:00Z,2024-06-04T03:00:00Z,0.0,LONG,1.0,-50.0,CONTROL_V2_FILLED_STOP,2024-06-04T03:05:00Z,M5_BROKEN_CONTROL_FIRST_RETEST,2351.21,True,c10640b0f129d2fd64f781fcda87591a6a6e2bb4d1eb1bba103ddb8ba8373644,1.2441679626749929,0.2566096423017314,2024_06,-1.0,-1.0,STOP,2024-06-04T04:43:00Z,STOP,f70ae3722066f8c7f6d7c600cd0fd93ce892c26e5551abc256fa772859ca993d,2024-06-04T04:43:00Z,FIRST_RETEST_FILLED,2024-06-04T03:20:00Z,2024-06-04T03:05:00Z,2351.21,True,True,INITIAL_CONFIRMATION_STOP,50a0a859bf8af8aa75d28a60187632ae28407685363bce1c7e1f96850edf35e1,9336277d1eb64292a3b0674ca27212d54dd5d93579abc0a4bc45a415c2b4333a,2344.78,6.130714285714248,0.3065357142857124,NOT_STRICTLY_CLOSER_THAN_CONTROL,H1_SOURCE_SWING_BUFFERED_ELSE_CONTROL,False,9336277d1eb64292a3b0674ca27212d54dd5d93579abc0a4bc45a415c2b4333a,2024-06-04T03:00:00Z,2344.78,2354.77,9b9934af225335a88e20705d60c3855407c78e6bab946daa1a686b515d9847e0
b9e958fd90a368717497888b21888dee6188844672770931346a520aa53c3f25,2351.21,2024-06-04T03:05:00Z,9fa09af17b0be97cbfbaae56b0dc5b2bfb0df141a287fdc3df07fb942cf8449a,2024-06-04T03:05:00Z,2351.39,2344.78,2024-07-01T00:00:00Z,2024-06-04T03:00:00Z,0.0,LONG,1.0,-50.0,CONTROL_V2_FILLED_STOP,2024-06-04T03:05:00Z,CONFIRMED_25_75_RETEST_SPLIT,2351.39,True,93a8b024c345cfc826c71ce25d30248cbbabaab3372923c92eaf61df1b13f153,1.2425056996915789,0.2480548111514244,2024_06,-1.0,-1.0,STOP,2024-06-04T04:43:00Z,SPLIT_STOP_STOP,ac12459a12c118582bc27cdc193bbca89535107fcf6251eb86560a0ca6c6aaa8,2024-06-04T04:43:00Z,FIRST_RETEST_FILLED,2024-06-04T03:20:00Z,2024-06-04T03:05:00Z,2351.21,True,True,INITIAL_CONFIRMATION_STOP,c812c6469ffdcedf0207edefe6b29fdd6be3948a2332e9c27f78c191e97be282,9336277d1eb64292a3b0674ca27212d54dd5d93579abc0a4bc45a415c2b4333a,2344.78,,,,CONTROL_V2_FILLED_STOP,False,,2024-06-04T03:05:00Z,2344.78,2354.77,9b9934af225335a88e20705d60c3855407c78e6bab946daa1a686b515d9847e0
b9e958fd90a368717497888b21888dee6188844672770931346a520aa53c3f25,2351.21,2024-06-04T03:05:00Z,9fa09af17b0be97cbfbaae56b0dc5b2bfb0df141a287fdc3df07fb942cf8449a,2024-06-04T03:05:00Z,2351.39,2344.78,2024-07-01T00:00:00Z,2024-06-04T03:00:00Z,0.0,LONG,0.24642316835965125,-50.0,M5_LATEST_CONFIRMED_OPPOSING_SWING_ELSE_CONTROL,2024-06-04T03:05:00Z,CONFIRMED_25_75_RETEST_SPLIT,2351.39,True,9341ab8b3f6b23e59717fadd78b2b172c0fb96b4c88cd3391f915035b0d23821,1.1014366907296942,1.0797397876309087,2024_06,-1.0,-1.0,STOP,2024-06-04T04:43:00Z,SPLIT_STOP_STOP,0cc6be5a10e536efc1e106c90e9b41b53f053cd6bf14fc2e0d311e82c92242d7,2024-06-04T04:07:00Z,FIRST_RETEST_FILLED,2024-06-04T03:20:00Z,2024-06-04T03:05:00Z,2351.21,True,True,INITIAL_CONFIRMATION_STOP,166d361398ed4166261a8831b0e81186a03c7be4f7c9a816322d979cd98b8f00,9336277d1eb64292a3b0674ca27212d54dd5d93579abc0a4bc45a415c2b4333a,2349.7611428571427,0.5771428571428194,0.02885714285714097,,M5_LATEST_CONFIRMED_OPPOSING_SWING_ELSE_CONTROL,True,c7572ee131c15fe1aec6554fc481bca6abd54690e7a2696d3c0304518987c21b,2024-06-04T02:55:00Z,2349.79,2354.77,9b9934af225335a88e20705d60c3855407c78e6bab946daa1a686b515d9847e0
b9e958fd90a368717497888b21888dee6188844672770931346a520aa53c3f25,2351.21,2024-06-04T03:05:00Z,9fa09af17b0be97cbfbaae56b0dc5b2bfb0df141a287fdc3df07fb942cf8449a,2024-06-04T03:05:00Z,2351.39,2344.78,2024-07-01T00:00:00Z,2024-06-04T03:00:00Z,0.0,LONG,1.0,-50.0,CONTROL_V2_FILLED_STOP,2024-06-04T03:05:00Z,CONFIRMED_25_75_RETEST_SPLIT,2351.39,True,aaca74ecaa2f4b89d8af770a4cbcc124453be87b504a0a2998cfb6bab0777597,1.2425056996915789,0.2480548111514244,2024_06,-1.0,-1.0,STOP,2024-06-04T04:43:00Z,SPLIT_STOP_STOP,57a5cb2844e5c5bc23be9bdcd9b28121ce53178277b1278b6b699fd51849a64b,2024-06-04T04:43:00Z,FIRST_RETEST_FILLED,2024-06-04T03:20:00Z,2024-06-04T03:05:00Z,2351.21,True,True,INITIAL_CONFIRMATION_STOP,af1cef04bd6497acc58efb8f43de424ca410e3f9211a39571b27588476fdd3d3,9336277d1eb64292a3b0674ca27212d54dd5d93579abc0a4bc45a415c2b4333a,2344.78,1.4971428571427623,0.07485714285713811,NOT_STRICTLY_CLOSER_THAN_CONTROL,M15_LATEST_CONFIRMED_OPPOSING_SWING_ELSE_CONTROL,False,9b0e60a3e739178fff838e571e85bf4c337cf6cff53c772dd0bee8917d8eced9,2024-06-03T23:15:00Z,2344.78,2354.77,9b9934af225335a88e20705d60c3855407c78e6bab946daa1a686b515d9847e0
b9e958fd90a368717497888b21888dee6188844672770931346a520aa53c3f25,2351.21,2024-06-04T03:05:00Z,9fa09af17b0be97cbfbaae56b0dc5b2bfb0df141a287fdc3df07fb942cf8449a,2024-06-04T03:05:00Z,2351.39,2344.78,2024-07-01T00:00:00Z,2024-06-04T03:00:00Z,0.0,LONG,1.0,-50.0,CONTROL_V2_FILLED_STOP,2024-06-04T03:05:00Z,CONFIRMED_25_75_RETEST_SPLIT,2351.39,True,c10640b0f129d2fd64f781fcda87591a6a6e2bb4d1eb1bba103ddb8ba8373644,1.2425056996915789,0.2480548111514244,2024_06,-1.0,-1.0,STOP,2024-06-04T04:43:00Z,SPLIT_STOP_STOP,30515e39e93bcde31d087f9d9215870197bc8d56071732190f625dc89f0ecd41,2024-06-04T04:43:00Z,FIRST_RETEST_FILLED,2024-06-04T03:20:00Z,2024-06-04T03:05:00Z,2351.21,True,True,INITIAL_CONFIRMATION_STOP,3b8cb555863913accee57ffe2db425ef023b6be91a7bb0cd6367796ec54d43fe,9336277d1eb64292a3b0674ca27212d54dd5d93579abc0a4bc45a415c2b4333a,2344.78,6.130714285714248,0.3065357142857124,NOT_STRICTLY_CLOSER_THAN_CONTROL,H1_SOURCE_SWING_BUFFERED_ELSE_CONTROL,False,9336277d1eb64292a3b0674ca27212d54dd5d93579abc0a4bc45a415c2b4333a,2024-06-04T03:00:00Z,2344.78,2354.77,9b9934af225335a88e20705d60c3855407c78e6bab946daa1a686b515d9847e0
2189910c31253133177636de453573901d142059db686302099f759d43e72266,2344.78,2024-06-04T04:45:00Z,c86aa3b5accbd3ad568881ac4ba15ecc97abd19b4936f9d81a336e24573698ba,2024-06-04T04:45:00Z,2344.38,2354.77,2024-07-01T00:00:00Z,2024-06-03T23:00:00Z,0.0,SHORT,1.0,89.65351299326437,CONTROL_V2_FILLED_STOP,2024-06-04T04:45:00Z,CONTROL_NEXT_M1_OPEN,2344.38,True,fb506fd7cdd089afb6cf303c2c2e7dd151452b5e5ef341bef3f90dc6450aebc5,0.7228103946101883,1.8103946102021344,2024_06,1.7930702598652875,1.7930702598652875,TARGET,2024-06-04T14:28:00Z,TARGET,e3384fbc391c1843ed7f6f0d1978b8b7a7df5b76c2b900784ddb8b0141513d4b,2024-06-04T14:28:00Z,FIRST_RETEST_FILLED,2024-06-04T05:00:00Z,2024-06-04T04:48:00Z,2344.78,True,False,INITIAL_CONFIRMATION_TARGET,f57a41e97fb14c6708eea64707b4b365b4643e0860faacc1c3b631617b31a863,ff48d0f0bf7dd9069a67cbeaca591fbf33ba56705c894573fe17ca6b52adb3b6,2354.77,,,,CONTROL_V2_FILLED_STOP,False,,2024-06-04T04:45:00Z,2354.77,2325.75,bb72b304ef710302543c71b7443e49757b3345c9a5bfdc110ce3103c88e35967
2189910c31253133177636de453573901d142059db686302099f759d43e72266,2344.78,2024-06-04T04:45:00Z,c86aa3b5accbd3ad568881ac4ba15ecc97abd19b4936f9d81a336e24573698ba,2024-06-04T04:45:00Z,2344.38,2354.77,2024-07-01T00:00:00Z,2024-06-03T23:00:00Z,0.5202096805333147,SHORT,0.7751203079884585,115.66399701993011,M5_LATEST_CONFIRMED_OPPOSING_SWING_ELSE_CONTROL,2024-06-04T04:45:00Z,CONTROL_NEXT_M1_OPEN,2344.38,True,69cd63f2b8d03e0836b7ca53beee677e12f21bccd2e6d4577656b15d89f5b495,0.9325138138697184,2.335630471223689,2024_06,2.313279940398602,1.7930702598652875,TARGET,2024-06-04T14:28:00Z,TARGET,ffa4650e0d2376fd767d6a44606fa2f6305296f7fa6ab0057928a4dfa7304ac4,2024-06-04T14:28:00Z,FIRST_RETEST_FILLED,2024-06-04T05:00:00Z,2024-06-04T04:48:00Z,2344.78,True,False,INITIAL_CONFIRMATION_TARGET,421b7bdac35b563bdd23d14c2abe49f59ce3a7e9dfa187358d1004e74616b544,ff48d0f0bf7dd9069a67cbeaca591fbf33ba56705c894573fe17ca6b52adb3b6,2352.4335,1.4699999999999949,0.07349999999999975,,M5_LATEST_CONFIRMED_OPPOSING_SWING_ELSE_CONTROL,True,5af9fc58829fabb1d124e326b3713159b33f295c4f16da41c73f7e0a20691215,2024-06-04T04:15:00Z,2352.36,2325.75,bb72b304ef710302543c71b7443e49757b3345c9a5bfdc110ce3103c88e35967
2189910c31253133177636de453573901d142059db686302099f759d43e72266,2344.78,2024-06-04T04:45:00Z,c86aa3b5accbd3ad568881ac4ba15ecc97abd19b4936f9d81a336e24573698ba,2024-06-04T04:45:00Z,2344.38,2354.77,2024-07-01T00:00:00Z,2024-06-03T23:00:00Z,0.381535164558769,SHORT,0.8245497043861102,108.73027122120283,M15_LATEST_CONFIRMED_OPPOSING_SWING_ELSE_CONTROL,2024-06-04T04:45:00Z,CONTROL_NEXT_M1_OPEN,2344.38,True,003b7af2cd772af36ba78b14b6b8712d21db355aa5df337d652c4acf4b57338b,0.8766122779078934,2.195616104853255,2024_06,2.1746054244240565,1.7930702598652875,TARGET,2024-06-04T14:28:00Z,TARGET,df3d26a78ce859e9c2c44a7770af6b6e2f6b66e906750759b40b9aee15579aa2,2024-06-04T14:28:00Z,FIRST_RETEST_FILLED,2024-06-04T05:00:00Z,2024-06-04T04:48:00Z,2344.78,True,False,INITIAL_CONFIRMATION_TARGET,0a93e873a0aca4a3b4ea99f2534efbf720be5d5aacc7843ec21ca07a9e721d2d,ff48d0f0bf7dd9069a67cbeaca591fbf33ba56705c894573fe17ca6b52adb3b6,2352.9470714285717,1.7414285714285143,0.08707142857142572,,M15_LATEST_CONFIRMED_OPPOSING_SWING_ELSE_CONTROL,True,743002669c700c5417c5b2b05141c7975c8d74d4367ed54c1fba842104186d21,2024-06-04T04:15:00Z,2352.86,2325.75,bb72b304ef710302543c71b7443e49757b3345c9a5bfdc110ce3103c88e35967
2189910c31253133177636de453573901d142059db686302099f759d43e72266,2344.78,2024-06-04T04:45:00Z,c86aa3b5accbd3ad568881ac4ba15ecc97abd19b4936f9d81a336e24573698ba,2024-06-04T04:45:00Z,2344.38,2354.77,2024-07-01T00:00:00Z,2024-06-03T23:00:00Z,0.0,SHORT,1.0,89.65351299326437,CONTROL_V2_FILLED_STOP,2024-06-04T04:45:00Z,CONTROL_NEXT_M1_OPEN,2344.38,True,eefe50defe683e96a3569ecf552ce99ea29d5d1cd8ed10e411ac9ae3e4a3a044,0.7228103946101883,1.8103946102021344,2024_06,1.7930702598652875,1.7930702598652875,TARGET,2024-06-04T14:28:00Z,TARGET,3e5a3726497888e648195043d1347798fd0df5ef197194f0266f13c8ec017ae8,2024-06-04T14:28:00Z,FIRST_RETEST_FILLED,2024-06-04T05:00:00Z,2024-06-04T04:48:00Z,2344.78,True,False,INITIAL_CONFIRMATION_TARGET,019ea410b8674b4e9f706398031fc2175f750aba3022cfd77452344a7bb12cb9,ff48d0f0bf7dd9069a67cbeaca591fbf33ba56705c894573fe17ca6b52adb3b6,2354.77,6.050714285714256,0.3025357142857128,NOT_STRICTLY_CLOSER_THAN_CONTROL,H1_SOURCE_SWING_BUFFERED_ELSE_CONTROL,False,ff48d0f0bf7dd9069a67cbeaca591fbf33ba56705c894573fe17ca6b52adb3b6,2024-06-03T23:00:00Z,2354.77,2325.75,bb72b304ef710302543c71b7443e49757b3345c9a5bfdc110ce3103c88e35967
2189910c31253133177636de453573901d142059db686302099f759d43e72266,2344.78,2024-06-04T04:45:00Z,c86aa3b5accbd3ad568881ac4ba15ecc97abd19b4936f9d81a336e24573698ba,2024-06-04T04:45:00Z,2344.38,2354.77,2024-07-01T00:00:00Z,2024-06-03T23:00:00Z,0.11183464503967899,SHORT,1.0,95.24524524524833,CONTROL_V2_FILLED_STOP,2024-06-04T04:48:00Z,M5_BROKEN_CONTROL_FIRST_RETEST,2344.78,True,fb506fd7cdd089afb6cf303c2c2e7dd151452b5e5ef341bef3f90dc6450aebc5,0.7117117117116945,1.9229229229229685,2024_06,1.9049049049049664,1.7930702598652875,TARGET,2024-06-04T14:28:00Z,TARGET,4391d9bced5048bf98aca0403e43995d3b6c536c610a873e6eeaff01cc209b35,2024-06-04T14:28:00Z,FIRST_RETEST_FILLED,2024-06-04T05:00:00Z,2024-06-04T04:48:00Z,2344.78,True,True,INITIAL_CONFIRMATION_TARGET,6e7b7406f84f4a0aee15b7104abc2c69493dc18b202d3fe394873c3688764fcf,ff48d0f0bf7dd9069a67cbeaca591fbf33ba56705c894573fe17ca6b52adb3b6,2354.77,,,,CONTROL_V2_FILLED_STOP,False,,2024-06-04T04:45:00Z,2354.77,2325.75,bb72b304ef710302543c71b7443e49757b3345c9a5bfdc110ce3103c88e35967
2189910c31253133177636de453573901d142059db686302099f759d43e72266,2344.78,2024-06-04T04:45:00Z,c86aa3b5accbd3ad568881ac4ba15ecc97abd19b4936f9d81a336e24573698ba,2024-06-04T04:45:00Z,2344.38,2354.77,2024-07-01T00:00:00Z,2024-06-03T23:00:00Z,0.6933738506724356,SHORT,0.7751203079884585,124.32220552688615,M5_LATEST_CONFIRMED_OPPOSING_SWING_ELSE_CONTROL,2024-06-04T04:48:00Z,M5_BROKEN_CONTROL_FIRST_RETEST,2344.78,True,69cd63f2b8d03e0836b7ca53beee677e12f21bccd2e6d4577656b15d89f5b495,0.9289867380936526,2.5099627621350105,2024_06,2.486444110537723,1.7930702598652875,TARGET,2024-06-04T14:28:00Z,TARGET,8b119777411136d786df801391e01239d0499f994e77d91b08f80c7f651da4c2,2024-06-04T14:28:00Z,FIRST_RETEST_FILLED,2024-06-04T05:00:00Z,2024-06-04T04:48:00Z,2344.78,True,True,INITIAL_CONFIRMATION_TARGET,fe70b130c2ecd48ed08511e900f282c7a92cd5d3b1553f3ebe2c124bada409c3,ff48d0f0bf7dd9069a67cbeaca591fbf33ba56705c894573fe17ca6b52adb3b6,2352.4335,1.4699999999999949,0.07349999999999975,,M5_LATEST_CONFIRMED_OPPOSING_SWING_ELSE_CONTROL,True,5af9fc58829fabb1d124e326b3713159b33f295c4f16da41c73f7e0a20691215,2024-06-04T04:15:00Z,2352.36,2325.75,bb72b304ef710302543c71b7443e49757b3345c9a5bfdc110ce3103c88e35967
2189910c31253133177636de453573901d142059db686302099f759d43e72266,2344.78,2024-06-04T04:45:00Z,c86aa3b5accbd3ad568881ac4ba15ecc97abd19b4936f9d81a336e24573698ba,2024-06-04T04:45:00Z,2344.38,2354.77,2024-07-01T00:00:00Z,2024-06-03T23:00:00Z,0.5370183363267451,SHORT,0.8245497043861102,116.50442980960163,M15_LATEST_CONFIRMED_OPPOSING_SWING_ELSE_CONTROL,2024-06-04T04:48:00Z,M5_BROKEN_CONTROL_FIRST_RETEST,2344.78,True,003b7af2cd772af36ba78b14b6b8712d21db355aa5df337d652c4acf4b57338b,0.8705690971584032,2.3521283201707073,2024_06,2.3300885961920326,1.7930702598652875,TARGET,2024-06-04T14:28:00Z,TARGET,82ab5c19e3354a5c6a034d0b96d1d4cd480ee1fef0a9b59b8f776809389f67ec,2024-06-04T14:28:00Z,FIRST_RETEST_FILLED,2024-06-04T05:00:00Z,2024-06-04T04:48:00Z,2344.78,True,True,INITIAL_CONFIRMATION_TARGET,3856fe5c8875011cdcd96f507dcaf47850cfc145632d326052d988de10ddde0e,ff48d0f0bf7dd9069a67cbeaca591fbf33ba56705c894573fe17ca6b52adb3b6,2352.9470714285717,1.7414285714285143,0.08707142857142572,,M15_LATEST_CONFIRMED_OPPOSING_SWING_ELSE_CONTROL,True,743002669c700c5417c5b2b05141c7975c8d74d4367ed54c1fba842104186d21,2024-06-04T04:15:00Z,2352.86,2325.75,bb72b304ef710302543c71b7443e49757b3345c9a5bfdc110ce3103c88e35967
2189910c31253133177636de453573901d142059db686302099f759d43e72266,2344.78,2024-06-04T04:45:00Z,c86aa3b5accbd3ad568881ac4ba15ecc97abd19b4936f9d81a336e24573698ba,2024-06-04T04:45:00Z,2344.38,2354.77,2024-07-01T00:00:00Z,2024-06-03T23:00:00Z,0.11183464503967899,SHORT,1.0,95.24524524524833,CONTROL_V2_FILLED_STOP,2024-06-04T04:48:00Z,M5_BROKEN_CONTROL_FIRST_RETEST,2344.78,True,eefe50defe683e96a3569ecf552ce99ea29d5d1cd8ed10e411ac9ae3e4a3a044,0.7117117117116945,1.9229229229229685,2024_06,1.9049049049049664,1.7930702598652875,TARGET,2024-06-04T14:28:00Z,TARGET,1f4772932c22cacd138602d5ed358115ff655333508faf99842fd37bab4a58e2,2024-06-04T14:28:00Z,FIRST_RETEST_FILLED,2024-06-04T05:00:00Z,2024-06-04T04:48:00Z,2344.78,True,True,INITIAL_CONFIRMATION_TARGET,555deb2ff0974400e1f2480c66df5e5a438e9711cc1892b401497a5f6fdbdc5e,ff48d0f0bf7dd9069a67cbeaca591fbf33ba56705c894573fe17ca6b52adb3b6,2354.77,6.050714285714256,0.3025357142857128,NOT_STRICTLY_CLOSER_THAN_CONTROL,H1_SOURCE_SWING_BUFFERED_ELSE_CONTROL,False,ff48d0f0bf7dd9069a67cbeaca591fbf33ba56705c894573fe17ca6b52adb3b6,2024-06-03T23:00:00Z,2354.77,2325.75,bb72b304ef710302543c71b7443e49757b3345c9a5bfdc110ce3103c88e35967
2189910c31253133177636de453573901d142059db686302099f759d43e72266,2344.78,2024-06-04T04:45:00Z,c86aa3b5accbd3ad568881ac4ba15ecc97abd19b4936f9d81a336e24573698ba,2024-06-04T04:45:00Z,2344.38,2354.77,2024-07-01T00:00:00Z,2024-06-03T23:00:00Z,0.08387598377975936,SHORT,1.0,93.84731218225234,CONTROL_V2_FILLED_STOP,2024-06-04T04:45:00Z,CONFIRMED_25_75_RETEST_SPLIT,2344.38,True,fb506fd7cdd089afb6cf303c2c2e7dd151452b5e5ef341bef3f90dc6450aebc5,0.7144863824363179,1.8947908447427602,2024_06,1.8769462436450468,1.7930702598652875,TARGET,2024-06-04T14:28:00Z,SPLIT_TARGET_TARGET,0c493b1c8de219fd448d4248f69a4f6b83ae472dc3bf689d84033c70bd9197ef,2024-06-04T14:28:00Z,FIRST_RETEST_FILLED,2024-06-04T05:00:00Z,2024-06-04T04:48:00Z,2344.78,True,True,INITIAL_CONFIRMATION_TARGET,8995bd0e9525fb3b54e78bd46a2a5ae091a96d2310ede98b995c834b846ec8b1,ff48d0f0bf7dd9069a67cbeaca591fbf33ba56705c894573fe17ca6b52adb3b6,2354.77,,,,CONTROL_V2_FILLED_STOP,False,,2024-06-04T04:45:00Z,2354.77,2325.75,bb72b304ef710302543c71b7443e49757b3345c9a5bfdc110ce3103c88e35967
2189910c31253133177636de453573901d142059db686302099f759d43e72266,2344.78,2024-06-04T04:45:00Z,c86aa3b5accbd3ad568881ac4ba15ecc97abd19b4936f9d81a336e24573698ba,2024-06-04T04:45:00Z,2344.38,2354.77,2024-07-01T00:00:00Z,2024-06-03T23:00:00Z,0.6500828081376551,SHORT,0.7751203079884585,122.15765340014713,M5_LATEST_CONFIRMED_OPPOSING_SWING_ELSE_CONTROL,2024-06-04T04:45:00Z,CONFIRMED_25_75_RETEST_SPLIT,2344.38,True,69cd63f2b8d03e0836b7ca53beee677e12f21bccd2e6d4577656b15d89f5b495,0.9298685070376691,2.46637968940718,2024_06,2.4431530680029425,1.7930702598652875,TARGET,2024-06-04T14:28:00Z,SPLIT_TARGET_TARGET,5cb72030d9440ecd6fa284848c84c45eff0f47a54001f349b73c74ab24531794,2024-06-04T14:28:00Z,FIRST_RETEST_FILLED,2024-06-04T05:00:00Z,2024-06-04T04:48:00Z,2344.78,True,True,INITIAL_CONFIRMATION_TARGET,25e6e8cea99ce060c3619467b09ba76b019f3af234f3fdc63cdaa8825c0cc95e,ff48d0f0bf7dd9069a67cbeaca591fbf33ba56705c894573fe17ca6b52adb3b6,2352.4335,1.4699999999999949,0.07349999999999975,,M5_LATEST_CONFIRMED_OPPOSING_SWING_ELSE_CONTROL,True,5af9fc58829fabb1d124e326b3713159b33f295c4f16da41c73f7e0a20691215,2024-06-04T04:15:00Z,2352.36,2325.75,bb72b304ef710302543c71b7443e49757b3345c9a5bfdc110ce3103c88e35967
2189910c31253133177636de453573901d142059db686302099f759d43e72266,2344.78,2024-06-04T04:45:00Z,c86aa3b5accbd3ad568881ac4ba15ecc97abd19b4936f9d81a336e24573698ba,2024-06-04T04:45:00Z,2344.38,2354.77,2024-07-01T00:00:00Z,2024-06-03T23:00:00Z,0.4981475433847511,SHORT,0.8245497043861102,114.56089016250192,M15_LATEST_CONFIRMED_OPPOSING_SWING_ELSE_CONTROL,2024-06-04T04:45:00Z,CONFIRMED_25_75_RETEST_SPLIT,2344.38,True,003b7af2cd772af36ba78b14b6b8712d21db355aa5df337d652c4acf4b57338b,0.8720798923457758,2.3130002663413443,2024_06,2.2912178032500385,1.7930702598652875,TARGET,2024-06-04T14:28:00Z,SPLIT_TARGET_TARGET,40bd3692accd70e7f19fb7332fe602d76da7e80543ae1e21d29546cdeefe79ca,2024-06-04T14:28:00Z,FIRST_RETEST_FILLED,2024-06-04T05:00:00Z,2024-06-04T04:48:00Z,2344.78,True,True,INITIAL_CONFIRMATION_TARGET,0e6a56aa878ad6379642b511bb8044cab1bd77b21bfe3b879b1fed55f271e206,ff48d0f0bf7dd9069a67cbeaca591fbf33ba56705c894573fe17ca6b52adb3b6,2352.9470714285717,1.7414285714285143,0.08707142857142572,,M15_LATEST_CONFIRMED_OPPOSING_SWING_ELSE_CONTROL,True,743002669c700c5417c5b2b05141c7975c8d74d4367ed54c1fba842104186d21,2024-06-04T04:15:00Z,2352.86,2325.75,bb72b304ef710302543c71b7443e49757b3345c9a5bfdc110ce3103c88e35967
2189910c31253133177636de453573901d142059db686302099f759d43e72266,2344.78,2024-06-04T04:45:00Z,c86aa3b5accbd3ad568881ac4ba15ecc97abd19b4936f9d81a336e24573698ba,2024-06-04T04:45:00Z,2344.38,2354.77,2024-07-01T00:00:00Z,2024-06-03T23:00:00Z,0.08387598377975936,SHORT,1.0,93.84731218225234,CONTROL_V2_FILLED_STOP,2024-06-04T04:45:00Z,CONFIRMED_25_75_RETEST_SPLIT,2344.38,True,eefe50defe683e96a3569ecf552ce99ea29d5d1cd8ed10e411ac9ae3e4a3a044,0.7144863824363179,1.8947908447427602,2024_06,1.8769462436450468,1.7930702598652875,TARGET,2024-06-04T14:28:00Z,SPLIT_TARGET_TARGET,8c43b863a2ada2308afca76301317a776615857617f3ec9f2c414e3510b58bc8,2024-06-04T14:28:00Z,FIRST_RETEST_FILLED,2024-06-04T05:00:00Z,2024-06-04T04:48:00Z,2344.78,True,True,INITIAL_CONFIRMATION_TARGET,57d874d4eb2eb2081fb5a053e2296970c1d4f09dc88e00b7942a5580aef33939,ff48d0f0bf7dd9069a67cbeaca591fbf33ba56705c894573fe17ca6b52adb3b6,2354.77,6.050714285714256,0.3025357142857128,NOT_STRICTLY_CLOSER_THAN_CONTROL,H1_SOURCE_SWING_BUFFERED_ELSE_CONTROL,False,ff48d0f0bf7dd9069a67cbeaca591fbf33ba56705c894573fe17ca6b52adb3b6,2024-06-03T23:00:00Z,2354.77,2325.75,bb72b304ef710302543c71b7443e49757b3345c9a5bfdc110ce3103c88e35967
b75fdedcdb8b8bb0c3b2fd8741d2b0e5d543153c3360b4b7ddf4354084a96ab4,2345.69,2024-06-04T06:05:00Z,44f9f022cb54699312e932bd39a28cc2630cae1b47a38f54fb48a14a74e8833b,2024-06-04T06:05:00Z,2345.66,2352.86,2024-07-01T00:00:00Z,2024-06-04T06:00:00Z,0.0,SHORT,1.0,6.11111111110848,CONTROL_V2_FILLED_STOP,2024-06-04T06:05:00Z,CONTROL_NEXT_M1_OPEN,2345.66,True,7ade24dacf77eb9030eb0224d9845389d662b5b2948643bf9c0411ebca36c915,0.09861111111111243,0.1222222222221696,2024_06,0.1222222222221696,0.1222222222221696,TARGET,2024-06-04T06:32:00Z,TARGET,72cc8ed8f5607903e87cc4e02bc03715afb1d7f74637810c2035504767749e5c,2024-06-04T06:32:00Z,FIRST_RETEST_FILLED,2024-06-04T06:20:00Z,2024-06-04T06:05:00Z,2345.69,True,False,INITIAL_CONFIRMATION_TARGET,d53ad1fad6212664533caa3b1909078a5bc2e84bcec95e46a11141eae5bc117c,a4ec64c2a0d12ca603962f7838a29aabf9c4d44a858f6b6657f39d3e41666e98,2352.86,,,,CONTROL_V2_FILLED_STOP,False,,2024-06-04T06:05:00Z,2352.86,2344.78,3f874b56d883f4c68604524ebff3070be9e446877891d027e420286996a19b69
b75fdedcdb8b8bb0c3b2fd8741d2b0e5d543153c3360b4b7ddf4354084a96ab4,2345.69,2024-06-04T06:05:00Z,44f9f022cb54699312e932bd39a28cc2630cae1b47a38f54fb48a14a74e8833b,2024-06-04T06:05:00Z,2345.66,2352.86,2024-07-01T00:00:00Z,2024-06-04T06:00:00Z,0.09216541568538404,SHORT,0.5700992063491702,10.719381895377682,M5_LATEST_CONFIRMED_OPPOSING_SWING_ELSE_CONTROL,2024-06-04T06:05:00Z,CONTROL_NEXT_M1_OPEN,2345.66,True,3da8712ccbe1dc2ff7f6572faa3e47715adafd6363e03e9fee7a23cfa3052bb2,0.17297184422094392,0.21438763790755364,2024_06,0.21438763790755364,0.1222222222221696,TARGET,2024-06-04T06:32:00Z,TARGET,40d67f74893162b25bf700fdfb392e264f6c2dd7d58b55f0ea0ab94e2c65a0cb,2024-06-04T06:32:00Z,FIRST_RETEST_FILLED,2024-06-04T06:20:00Z,2024-06-04T06:05:00Z,2345.69,True,False,INITIAL_CONFIRMATION_TARGET,c9611c1a6819f6a73ca50778e10fd285bf493695945b316d2b3b35ac9609c126,a4ec64c2a0d12ca603962f7838a29aabf9c4d44a858f6b6657f39d3e41666e98,2349.764714285714,1.2942857142856414,0.06471428571428207,,M5_LATEST_CONFIRMED_OPPOSING_SWING_ELSE_CONTROL,True,2dea86e8cf94fd36734f696122ab6a25d456ab103cd1aba5c6cd713071974678,2024-06-04T05:25:00Z,2349.7,2344.78,3f874b56d883f4c68604524ebff3070be9e446877891d027e420286996a19b69
b75fdedcdb8b8bb0c3b2fd8741d2b0e5d543153c3360b4b7ddf4354084a96ab4,2345.69,2024-06-04T06:05:00Z,44f9f022cb54699312e932bd39a28cc2630cae1b47a38f54fb48a14a74e8833b,2024-06-04T06:05:00Z,2345.66,2352.86,2024-07-01T00:00:00Z,2024-06-04T06:00:00Z,0.08937982166112295,SHORT,0.5776041666666524,10.580102194164628,M15_LATEST_CONFIRMED_OPPOSING_SWING_ELSE_CONTROL,2024-06-04T06:05:00Z,CONTROL_NEXT_M1_OPEN,2345.66,True,07ca992f6d6416206b3251c38d961168ab08ad63a972b32714a140fe3cf7bf88,0.170724376315005,0.21160204388329254,2024_06,0.21160204388329254,0.1222222222221696,TARGET,2024-06-04T06:32:00Z,TARGET,08653101b6bda55fee07b45cffea23cf0d8b073425a3dfc5faad0f9cc59589b9,2024-06-04T06:32:00Z,FIRST_RETEST_FILLED,2024-06-04T06:20:00Z,2024-06-04T06:05:00Z,2345.69,True,False,INITIAL_CONFIRMATION_TARGET,4d003a5ee13e257d30d8675c8e0ddf1c6aee21d2b1766c823834b99db3e84c09,a4ec64c2a0d12ca603962f7838a29aabf9c4d44a858f6b6657f39d3e41666e98,2349.81875,2.3749999999999027,0.11874999999999514,,M15_LATEST_CONFIRMED_OPPOSING_SWING_ELSE_CONTROL,True,ae1727c638c6bcd8141b1c1f31b46f4f4d3cc54d962877bf7dc561aa2f74ea44,2024-06-04T05:45:00Z,2349.7,2344.78,3f874b56d883f4c68604524ebff3070be9e446877891d027e420286996a19b69
b75fdedcdb8b8bb0c3b2fd8741d2b0e5d543153c3360b4b7ddf4354084a96ab4,2345.69,2024-06-04T06:05:00Z,44f9f022cb54699312e932bd39a28cc2630cae1b47a38f54fb48a14a74e8833b,2024-06-04T06:05:00Z,2345.66,2352.86,2024-07-01T00:00:00Z,2024-06-04T06:00:00Z,0.0,SHORT,1.0,6.11111111110848,CONTROL_V2_FILLED_STOP,2024-06-04T06:05:00Z,CONTROL_NEXT_M1_OPEN,2345.66,True,88236941dc9584df70cb380d2718c2d3dca6471e68d7545ab7ce80cd15a4fef1,0.09861111111111243,0.1222222222221696,2024_06,0.1222222222221696,0.1222222222221696,TARGET,2024-06-04T06:32:00Z,TARGET,197cf0ec2bf1b55341fdefd90992828640bbeb8191bf2c48adf4b3d57b99340a,2024-06-04T06:32:00Z,FIRST_RETEST_FILLED,2024-06-04T06:20:00Z,2024-06-04T06:05:00Z,2345.69,True,False,INITIAL_CONFIRMATION_TARGET,2d0ed114de78fc063d8b46f3800a7a30d74aba49b6a7b01c18cdf7404f111f78,a4ec64c2a0d12ca603962f7838a29aabf9c4d44a858f6b6657f39d3e41666e98,2352.86,6.1707142857142765,0.30853571428571386,NOT_STRICTLY_CLOSER_THAN_CONTROL,H1_SOURCE_SWING_BUFFERED_ELSE_CONTROL,False,a4ec64c2a0d12ca603962f7838a29aabf9c4d44a858f6b6657f39d3e41666e98,2024-06-04T06:00:00Z,2352.86,2344.78,3f874b56d883f4c68604524ebff3070be9e446877891d027e420286996a19b69
b75fdedcdb8b8bb0c3b2fd8741d2b0e5d543153c3360b4b7ddf4354084a96ab4,2345.69,2024-06-04T06:05:00Z,44f9f022cb54699312e932bd39a28cc2630cae1b47a38f54fb48a14a74e8833b,2024-06-04T06:05:00Z,2345.66,2352.86,2024-07-01T00:00:00Z,2024-06-04T06:00:00Z,0.00469549046958008,SHORT,1.0,6.345885634587484,CONTROL_V2_FILLED_STOP,2024-06-04T06:05:00Z,M5_BROKEN_CONTROL_FIRST_RETEST,2345.69,True,7ade24dacf77eb9030eb0224d9845389d662b5b2948643bf9c0411ebca36c915,0.09483960948393716,0.12691771269174967,2024_06,0.12691771269174967,0.1222222222221696,TARGET,2024-06-04T06:32:00Z,TARGET,f8bb504b9f1bebc719a49a41d05d399744a85242e69c245e9b9ff50eb99d2d02,2024-06-04T06:32:00Z,FIRST_RETEST_FILLED,2024-06-04T06:20:00Z,2024-06-04T06:05:00Z,2345.69,True,True,INITIAL_CONFIRMATION_TARGET,81d20740553b1ce1642375cff1c91baaa9975433daffdb26dd2e0677d0f7ba50,a4ec64c2a0d12ca603962f7838a29aabf9c4d44a858f6b6657f39d3e41666e98,2352.86,,,,CONTROL_V2_FILLED_STOP,False,,2024-06-04T06:05:00Z,2352.86,2344.78,3f874b56d883f4c68604524ebff3070be9e446877891d027e420286996a19b69
b75fdedcdb8b8bb0c3b2fd8741d2b0e5d543153c3360b4b7ddf4354084a96ab4,2345.69,2024-06-04T06:05:00Z,44f9f022cb54699312e932bd39a28cc2630cae1b47a38f54fb48a14a74e8833b,2024-06-04T06:05:00Z,2345.66,2352.86,2024-07-01T00:00:00Z,2024-06-04T06:00:00Z,0.10110631965629545,SHORT,0.5700992063491702,11.166427093923252,M5_LATEST_CONFIRMED_OPPOSING_SWING_ELSE_CONTROL,2024-06-04T06:05:00Z,M5_BROKEN_CONTROL_FIRST_RETEST,2345.69,True,3da8712ccbe1dc2ff7f6572faa3e47715adafd6363e03e9fee7a23cfa3052bb2,0.16688286645861972,0.22332854187846504,2024_06,0.22332854187846504,0.1222222222221696,TARGET,2024-06-04T06:32:00Z,TARGET,6edfd43c3d7ec4d44ac09830b1c6292ad18ecc4a86e9375e4e1a5fb4c954d1fb,2024-06-04T06:32:00Z,FIRST_RETEST_FILLED,2024-06-04T06:20:00Z,2024-06-04T06:05:00Z,2345.69,True,True,INITIAL_CONFIRMATION_TARGET,1db68707e72e175c16aa445110dfb8c33a87fae7825867e8ed357cf4387565e0,a4ec64c2a0d12ca603962f7838a29aabf9c4d44a858f6b6657f39d3e41666e98,2349.764714285714,1.2942857142856414,0.06471428571428207,,M5_LATEST_CONFIRMED_OPPOSING_SWING_ELSE_CONTROL,True,2dea86e8cf94fd36734f696122ab6a25d456ab103cd1aba5c6cd713071974678,2024-06-04T05:25:00Z,2349.7,2344.78,3f874b56d883f4c68604524ebff3070be9e446877891d027e420286996a19b69
b75fdedcdb8b8bb0c3b2fd8741d2b0e5d543153c3360b4b7ddf4354084a96ab4,2345.69,2024-06-04T06:05:00Z,44f9f022cb54699312e932bd39a28cc2630cae1b47a38f54fb48a14a74e8833b,2024-06-04T06:05:00Z,2345.66,2352.86,2024-07-01T00:00:00Z,2024-06-04T06:00:00Z,0.09818346957314049,SHORT,0.5776041666666524,11.020284589765504,M15_LATEST_CONFIRMED_OPPOSING_SWING_ELSE_CONTROL,2024-06-04T06:05:00Z,M5_BROKEN_CONTROL_FIRST_RETEST,2345.69,True,07ca992f6d6416206b3251c38d961168ab08ad63a972b32714a140fe3cf7bf88,0.16469875870417444,0.22040569179531008,2024_06,0.22040569179531008,0.1222222222221696,TARGET,2024-06-04T06:32:00Z,TARGET,19ba02980d0ae59bb5545de7f0e0b5b4951888d3e51cdbe7fcbe25203d76a7d3,2024-06-04T06:32:00Z,FIRST_RETEST_FILLED,2024-06-04T06:20:00Z,2024-06-04T06:05:00Z,2345.69,True,True,INITIAL_CONFIRMATION_TARGET,2adad97fb2e6676bd33a0cf3f071d04e85c4e7da74ea7557d53208b4d6782127,a4ec64c2a0d12ca603962f7838a29aabf9c4d44a858f6b6657f39d3e41666e98,2349.81875,2.3749999999999027,0.11874999999999514,,M15_LATEST_CONFIRMED_OPPOSING_SWING_ELSE_CONTROL,True,ae1727c638c6bcd8141b1c1f31b46f4f4d3cc54d962877bf7dc561aa2f74ea44,2024-06-04T05:45:00Z,2349.7,2344.78,3f874b56d883f4c68604524ebff3070be9e446877891d027e420286996a19b69
b75fdedcdb8b8bb0c3b2fd8741d2b0e5d543153c3360b4b7ddf4354084a96ab4,2345.69,2024-06-04T06:05:00Z,44f9f022cb54699312e932bd39a28cc2630cae1b47a38f54fb48a14a74e8833b,2024-06-04T06:05:00Z,2345.66,2352.86,2024-07-01T00:00:00Z,2024-06-04T06:00:00Z,0.00469549046958008,SHORT,1.0,6.345885634587484,CONTROL_V2_FILLED_STOP,2024-06-04T06:05:00Z,M5_BROKEN_CONTROL_FIRST_RETEST,2345.69,True,88236941dc9584df70cb380d2718c2d3dca6471e68d7545ab7ce80cd15a4fef1,0.09483960948393716,0.12691771269174967,2024_06,0.12691771269174967,0.1222222222221696,TARGET,2024-06-04T06:32:00Z,TARGET,939ccd093062961489182add58b5c38ed06b32d446fb54c57672cf9e07d71720,2024-06-04T06:32:00Z,FIRST_RETEST_FILLED,2024-06-04T06:20:00Z,2024-06-04T06:05:00Z,2345.69,True,True,INITIAL_CONFIRMATION_TARGET,a9abb0f0684571a6a99e14b07a4ce5bf00febf3e191c58599e2e10956506995f,a4ec64c2a0d12ca603962f7838a29aabf9c4d44a858f6b6657f39d3e41666e98,2352.86,6.1707142857142765,0.30853571428571386,NOT_STRICTLY_CLOSER_THAN_CONTROL,H1_SOURCE_SWING_BUFFERED_ELSE_CONTROL,False,a4ec64c2a0d12ca603962f7838a29aabf9c4d44a858f6b6657f39d3e41666e98,2024-06-04T06:00:00Z,2352.86,2344.78,3f874b56d883f4c68604524ebff3070be9e446877891d027e420286996a19b69
b75fdedcdb8b8bb0c3b2fd8741d2b0e5d543153c3360b4b7ddf4354084a96ab4,2345.69,2024-06-04T06:05:00Z,44f9f022cb54699312e932bd39a28cc2630cae1b47a38f54fb48a14a74e8833b,2024-06-04T06:05:00Z,2345.66,2352.86,2024-07-01T00:00:00Z,2024-06-04T06:00:00Z,0.0035216178521850633,SHORT,1.0,6.287192003717733,CONTROL_V2_FILLED_STOP,2024-06-04T06:05:00Z,CONFIRMED_25_75_RETEST_SPLIT,2345.66,True,7ade24dacf77eb9030eb0224d9845389d662b5b2948643bf9c0411ebca36c915,0.09578248489073098,0.12574384007435466,2024_06,0.12574384007435466,0.1222222222221696,TARGET,2024-06-04T06:32:00Z,SPLIT_TARGET_TARGET,a64db09cb8d05c8727b79bae2fcae153803d79e5b38379a72f4c1514733021aa,2024-06-04T06:32:00Z,FIRST_RETEST_FILLED,2024-06-04T06:20:00Z,2024-06-04T06:05:00Z,2345.69,True,True,INITIAL_CONFIRMATION_TARGET,e97026af7fc170affa1ec69fad0d5cfc235d162c9d7acb52c0ef080f506c6e53,a4ec64c2a0d12ca603962f7838a29aabf9c4d44a858f6b6657f39d3e41666e98,2352.86,,,,CONTROL_V2_FILLED_STOP,False,,2024-06-04T06:05:00Z,2352.86,2344.78,3f874b56d883f4c68604524ebff3070be9e446877891d027e420286996a19b69
b75fdedcdb8b8bb0c3b2fd8741d2b0e5d543153c3360b4b7ddf4354084a96ab4,2345.69,2024-06-04T06:05:00Z,44f9f022cb54699312e932bd39a28cc2630cae1b47a38f54fb48a14a74e8833b,2024-06-04T06:05:00Z,2345.66,2352.86,2024-07-01T00:00:00Z,2024-06-04T06:00:00Z,0.0988710936635676,SHORT,0.5700992063491702,11.05466579428686,M5_LATEST_CONFIRMED_OPPOSING_SWING_ELSE_CONTROL,2024-06-04T06:05:00Z,CONFIRMED_25_75_RETEST_SPLIT,2345.66,True,3da8712ccbe1dc2ff7f6572faa3e47715adafd6363e03e9fee7a23cfa3052bb2,0.16840511089920077,0.2210933158857372,2024_06,0.2210933158857372,0.1222222222221696,TARGET,2024-06-04T06:32:00Z,SPLIT_TARGET_TARGET,fae50223ea5b2ffaa097aa8d636a34de7bcd257644170e60d410bd007695ae6b,2024-06-04T06:32:00Z,FIRST_RETEST_FILLED,2024-06-04T06:20:00Z,2024-06-04T06:05:00Z,2345.69,True,True,INITIAL_CONFIRMATION_TARGET,27cbe4381c8bbd4eff8345efc7418b103253f17488dbcd02bf4b14bf614c1bf5,a4ec64c2a0d12ca603962f7838a29aabf9c4d44a858f6b6657f39d3e41666e98,2349.764714285714,1.2942857142856414,0.06471428571428207,,M5_LATEST_CONFIRMED_OPPOSING_SWING_ELSE_CONTROL,True,2dea86e8cf94fd36734f696122ab6a25d456ab103cd1aba5c6cd713071974678,2024-06-04T05:25:00Z,2349.7,2344.78,3f874b56d883f4c68604524ebff3070be9e446877891d027e420286996a19b69
b75fdedcdb8b8bb0c3b2fd8741d2b0e5d543153c3360b4b7ddf4354084a96ab4,2345.69,2024-06-04T06:05:00Z,44f9f022cb54699312e932bd39a28cc2630cae1b47a38f54fb48a14a74e8833b,2024-06-04T06:05:00Z,2345.66,2352.86,2024-07-01T00:00:00Z,2024-06-04T06:00:00Z,0.09598255759513609,SHORT,0.5776041666666524,10.910238990865285,M15_LATEST_CONFIRMED_OPPOSING_SWING_ELSE_CONTROL,2024-06-04T06:05:00Z,CONFIRMED_25_75_RETEST_SPLIT,2345.66,True,07ca992f6d6416206b3251c38d961168ab08ad63a972b32714a140fe3cf7bf88,0.16620516310688208,0.21820477981730568,2024_06,0.21820477981730568,0.1222222222221696,TARGET,2024-06-04T06:32:00Z,SPLIT_TARGET_TARGET,5e0f77acef53380059821ab75202a976ac199625862982c44c61cca62a265ac7,2024-06-04T06:32:00Z,FIRST_RETEST_FILLED,2024-06-04T06:20:00Z,2024-06-04T06:05:00Z,2345.69,True,True,INITIAL_CONFIRMATION_TARGET,457b01fb928f0c8f9b6f88af8c890f91e5b88bf6f7510b5798193e0667299275,a4ec64c2a0d12ca603962f7838a29aabf9c4d44a858f6b6657f39d3e41666e98,2349.81875,2.3749999999999027,0.11874999999999514,,M15_LATEST_CONFIRMED_OPPOSING_SWING_ELSE_CONTROL,True,ae1727c638c6bcd8141b1c1f31b46f4f4d3cc54d962877bf7dc561aa2f74ea44,2024-06-04T05:45:00Z,2349.7,2344.78,3f874b56d883f4c68604524ebff3070be9e446877891d027e420286996a19b69
b75fdedcdb8b8bb0c3b2fd8741d2b0e5d543153c3360b4b7ddf4354084a96ab4,2345.69,2024-06-04T06:05:00Z,44f9f022cb54699312e932bd39a28cc2630cae1b47a38f54fb48a14a74e8833b,2024-06-04T06:05:00Z,2345.66,2352.86,2024-07-01T00:00:00Z,2024-06-04T06:00:00Z,0.0035216178521850633,SHORT,1.0,6.287192003717733,CONTROL_V2_FILLED_STOP,2024-06-04T06:05:00Z,CONFIRMED_25_75_RETEST_SPLIT,2345.66,True,88236941dc9584df70cb380d2718c2d3dca6471e68d7545ab7ce80cd15a4fef1,0.09578248489073098,0.12574384007435466,2024_06,0.12574384007435466,0.1222222222221696,TARGET,2024-06-04T06:32:00Z,SPLIT_TARGET_TARGET,086068ca7d207f4d771be58ffa34c623d87e38a799a6a24eeae42b8585faa502,2024-06-04T06:32:00Z,FIRST_RETEST_FILLED,2024-06-04T06:20:00Z,2024-06-04T06:05:00Z,2345.69,True,True,INITIAL_CONFIRMATION_TARGET,8a09b249b6c5b28f974f49de5090f307534c0e33bb3bce9fe92963b88220886e,a4ec64c2a0d12ca603962f7838a29aabf9c4d44a858f6b6657f39d3e41666e98,2352.86,6.1707142857142765,0.30853571428571386,NOT_STRICTLY_CLOSER_THAN_CONTROL,H1_SOURCE_SWING_BUFFERED_ELSE_CONTROL,False,a4ec64c2a0d12ca603962f7838a29aabf9c4d44a858f6b6657f39d3e41666e98,2024-06-04T06:00:00Z,2352.86,2344.78,3f874b56d883f4c68604524ebff3070be9e446877891d027e420286996a19b69
1677bc5329e9500c8efafa8f149d6544a5c91b823cd8211c6a1706d8c68a1804,2346.37,2024-06-04T07:05:00Z,4b3dbe627e1702a10f5a690c2b9e52ce09fde2e454ecf95fbe02a3dcdf52bc8d,2024-06-04T07:05:00Z,2346.69,2343.21,2024-07-01T00:00:00Z,2024-06-04T07:00:00Z,0.0,LONG,1.0,-50.0,CONTROL_V2_FILLED_STOP,2024-06-04T07:05:00Z,CONTROL_NEXT_M1_OPEN,2346.69,True,738e94eab293bff893288b83669eae4a56c159ec661af732f3332049d934a7b3,1.0086206896552299,1.4942528735631584,2024_06,-1.0,-1.0,STOP,2024-06-04T10:10:00Z,STOP,78b8aa0ef96ef0b16486bf25f6381c07a4fb6515a0aa7ce0fc4ae2c0467972dc,2024-06-04T10:10:00Z,RETEST_EXPIRED,2024-06-04T07:20:00Z,,2346.37,False,False,INITIAL_CONFIRMATION_STOP,6701935eb9805f4eb084c41634896d633e2db87dd0b94cd5e47fdd78e0d7b63e,40be714342a3a9cb47440e5182a5b2777996c3834cf6e3f9ae4b17ec07e11851,2343.21,,,,CONTROL_V2_FILLED_STOP,False,,2024-06-04T07:05:00Z,2343.21,2352.86,19f69d942f13d1cb4fc0777e9888937bd69b1854c108c41ca18ae93d05da2a0d
1677bc5329e9500c8efafa8f149d6544a5c91b823cd8211c6a1706d8c68a1804,2346.37,2024-06-04T07:05:00Z,4b3dbe627e1702a10f5a690c2b9e52ce09fde2e454ecf95fbe02a3dcdf52bc8d,2024-06-04T07:05:00Z,2346.69,2343.21,2024-07-01T00:00:00Z,2024-06-04T07:00:00Z,0.0,LONG,0.7352935139572558,-50.0,M5_LATEST_CONFIRMED_OPPOSING_SWING_ELSE_CONTROL,2024-06-04T07:05:00Z,CONTROL_NEXT_M1_OPEN,2346.69,True,35fcf58304d690ea6dc38bf23ef3dd4c0d925a907522fa5bddcb1f651e325467,1.2466676902034597,2.0321855765071013,2024_06,-1.0,-1.0,STOP,2024-06-04T10:10:00Z,STOP,8d70f27652d5e797e81aa2a99de5a629b182fd82bc879d1981984408b4b813c4,2024-06-04T10:00:00Z,RETEST_EXPIRED,2024-06-04T07:20:00Z,,2346.37,False,False,INITIAL_CONFIRMATION_STOP,a0d4cd16b9d8eee0cac0b6f42fa81fc571a572f3c656c89eeb0a34d4f66f7879,40be714342a3a9cb47440e5182a5b2777996c3834cf6e3f9ae4b17ec07e11851,2344.131178571429,1.1764285714285572,0.05882142857142786,,M5_LATEST_CONFIRMED_OPPOSING_SWING_ELSE_CONTROL,True,33f84840466889cbf420632ad4f0510730900d6fb9103d1b1a97ac0146c19ad8,2024-06-04T06:50:00Z,2344.19,2352.86,19f69d942f13d1cb4fc0777e9888937bd69b1854c108c41ca18ae93d05da2a0d
1677bc5329e9500c8efafa8f149d6544a5c91b823cd8211c6a1706d8c68a1804,2346.37,2024-06-04T07:05:00Z,4b3dbe627e1702a10f5a690c2b9e52ce09fde2e454ecf95fbe02a3dcdf52bc8d,2024-06-04T07:05:00Z,2346.69,2343.21,2024-07-01T00:00:00Z,2024-06-04T07:00:00Z,0.0,LONG,1.0,-50.0,CONTROL_V2_FILLED_STOP,2024-06-04T07:05:00Z,CONTROL_NEXT_M1_OPEN,2346.69,True,976043c63e9c06a294e7f055e9262be37727073d28d177b2e5eb54dcb15e0576,1.0086206896552299,1.4942528735631584,2024_06,-1.0,-1.0,STOP,2024-06-04T10:10:00Z,STOP,8f300835b60d7c08dc22d52cafd2efe8917be4d5bebcd6d20155638859885857,2024-06-04T10:10:00Z,RETEST_EXPIRED,2024-06-04T07:20:00Z,,2346.37,False,False,INITIAL_CONFIRMATION_STOP,4c974722f35be14408b75c4e7107ca8f79f2839ac0562b929bfea57bde1a2894,40be714342a3a9cb47440e5182a5b2777996c3834cf6e3f9ae4b17ec07e11851,2343.21,2.506428571428484,0.12532142857142423,NOT_STRICTLY_CLOSER_THAN_CONTROL,M15_LATEST_CONFIRMED_OPPOSING_SWING_ELSE_CONTROL,False,8b6b17a55ee0fdcec2a261330d9ac04315a01eba646e8dbdb595f929507e8b68,2024-06-04T05:15:00Z,2343.21,2352.86,19f69d942f13d1cb4fc0777e9888937bd69b1854c108c41ca18ae93d05da2a0d
1677bc5329e9500c8efafa8f149d6544a5c91b823cd8211c6a1706d8c68a1804,2346.37,2024-06-04T07:05:00Z,4b3dbe627e1702a10f5a690c2b9e52ce09fde2e454ecf95fbe02a3dcdf52bc8d,2024-06-04T07:05:00Z,2346.69,2343.21,2024-07-01T00:00:00Z,2024-06-04T07:00:00Z,0.0,LONG,1.0,-50.0,CONTROL_V2_FILLED_STOP,2024-06-04T07:05:00Z,CONTROL_NEXT_M1_OPEN,2346.69,True,5e886abb66539fe75cd70eb699e2996019d9d83185ab397a3b97e86d4f694c5a,1.0086206896552299,1.4942528735631584,2024_06,-1.0,-1.0,STOP,2024-06-04T10:10:00Z,STOP,0784bd7ead42b87e65682b5460f7885d6202bf564cc4483d843ea3db5b4bbc4a,2024-06-04T10:10:00Z,RETEST_EXPIRED,2024-06-04T07:20:00Z,,2346.37,False,False,INITIAL_CONFIRMATION_STOP,441150ed273add34dc95a31308ba5ffdebdf00a4035a1f24676e375c995b10fe,40be714342a3a9cb47440e5182a5b2777996c3834cf6e3f9ae4b17ec07e11851,2343.21,6.12785714285714,0.306392857142857,NOT_STRICTLY_CLOSER_THAN_CONTROL,H1_SOURCE_SWING_BUFFERED_ELSE_CONTROL,False,40be714342a3a9cb47440e5182a5b2777996c3834cf6e3f9ae4b17ec07e11851,2024-06-04T07:00:00Z,2343.21,2352.86,19f69d942f13d1cb4fc0777e9888937bd69b1854c108c41ca18ae93d05da2a0d
1677bc5329e9500c8efafa8f149d6544a5c91b823cd8211c6a1706d8c68a1804,2346.37,2024-06-04T07:05:00Z,4b3dbe627e1702a10f5a690c2b9e52ce09fde2e454ecf95fbe02a3dcdf52bc8d,2024-06-04T07:05:00Z,2346.69,2343.21,2024-07-01T00:00:00Z,2024-06-04T07:00:00Z,1.0,LONG,1.0,0.0,CONTROL_V2_FILLED_STOP,,M5_BROKEN_CONTROL_FIRST_RETEST,,False,738e94eab293bff893288b83669eae4a56c159ec661af732f3332049d934a7b3,,,2024_06,0.0,-1.0,STOP,2024-06-04T10:10:00Z,NO_FILL,8c0facb03558eb6602c095cc51b2d27e6a4e9cb272bf4bb916712102331945d3,,RETEST_EXPIRED,2024-06-04T07:20:00Z,,2346.37,False,False,INITIAL_CONFIRMATION_STOP,4969e4d933ecb5fd49617a6d1999428037f695d49efd1a035106aff2133f9035,40be714342a3a9cb47440e5182a5b2777996c3834cf6e3f9ae4b17ec07e11851,2343.21,,,,CONTROL_V2_FILLED_STOP,False,,2024-06-04T07:05:00Z,2343.21,2352.86,19f69d942f13d1cb4fc0777e9888937bd69b1854c108c41ca18ae93d05da2a0d
1677bc5329e9500c8efafa8f149d6544a5c91b823cd8211c6a1706d8c68a1804,2346.37,2024-06-04T07:05:00Z,4b3dbe627e1702a10f5a690c2b9e52ce09fde2e454ecf95fbe02a3dcdf52bc8d,2024-06-04T07:05:00Z,2346.69,2343.21,2024-07-01T00:00:00Z,2024-06-04T07:00:00Z,1.0,LONG,0.7352935139572558,0.0,M5_LATEST_CONFIRMED_OPPOSING_SWING_ELSE_CONTROL,,M5_BROKEN_CONTROL_FIRST_RETEST,,False,35fcf58304d690ea6dc38bf23ef3dd4c0d925a907522fa5bddcb1f651e325467,,,2024_06,0.0,-1.0,STOP,2024-06-04T10:10:00Z,NO_FILL,2a838fff4970b2136b046da6936e414fc9fa2075b109840b252f38bd7a177e34,,RETEST_EXPIRED,2024-06-04T07:20:00Z,,2346.37,False,False,INITIAL_CONFIRMATION_STOP,227a445b15b38b2221cfa5b0b6004953a953dd131fc50b80d920b16dad9e3601,40be714342a3a9cb47440e5182a5b2777996c3834cf6e3f9ae4b17ec07e11851,2344.131178571429,1.1764285714285572,0.05882142857142786,,M5_LATEST_CONFIRMED_OPPOSING_SWING_ELSE_CONTROL,True,33f84840466889cbf420632ad4f0510730900d6fb9103d1b1a97ac0146c19ad8,2024-06-04T06:50:00Z,2344.19,2352.86,19f69d942f13d1cb4fc0777e9888937bd69b1854c108c41ca18ae93d05da2a0d
1677bc5329e9500c8efafa8f149d6544a5c91b823cd8211c6a1706d8c68a1804,2346.37,2024-06-04T07:05:00Z,4b3dbe627e1702a10f5a690c2b9e52ce09fde2e454ecf95fbe02a3dcdf52bc8d,2024-06-04T07:05:00Z,2346.69,2343.21,2024-07-01T00:00:00Z,2024-06-04T07:00:00Z,1.0,LONG,1.0,0.0,CONTROL_V2_FILLED_STOP,,M5_BROKEN_CONTROL_FIRST_RETEST,,False,976043c63e9c06a294e7f055e9262be37727073d28d177b2e5eb54dcb15e0576,,,2024_06,0.0,-1.0,STOP,2024-06-04T10:10:00Z,NO_FILL,e3a6a69d634aa69781f6a924ad4874a57ce9cee157e3c283230076c82cf350d0,,RETEST_EXPIRED,2024-06-04T07:20:00Z,,2346.37,False,False,INITIAL_CONFIRMATION_STOP,0c62868dcf40a1eff2018f9e164c67737ba791d865fea206820f3297c4abc9a1,40be714342a3a9cb47440e5182a5b2777996c3834cf6e3f9ae4b17ec07e11851,2343.21,2.506428571428484,0.12532142857142423,NOT_STRICTLY_CLOSER_THAN_CONTROL,M15_LATEST_CONFIRMED_OPPOSING_SWING_ELSE_CONTROL,False,8b6b17a55ee0fdcec2a261330d9ac04315a01eba646e8dbdb595f929507e8b68,2024-06-04T05:15:00Z,2343.21,2352.86,19f69d942f13d1cb4fc0777e9888937bd69b1854c108c41ca18ae93d05da2a0d
1677bc5329e9500c8efafa8f149d6544a5c91b823cd8211c6a1706d8c68a1804,2346.37,2024-06-04T07:05:00Z,4b3dbe627e1702a10f5a690c2b9e52ce09fde2e454ecf95fbe02a3dcdf52bc8d,2024-06-04T07:05:00Z,2346.69,2343.21,2024-07-01T00:00:00Z,2024-06-04T07:00:00Z,1.0,LONG,1.0,0.0,CONTROL_V2_FILLED_STOP,,M5_BROKEN_CONTROL_FIRST_RETEST,,False,5e886abb66539fe75cd70eb699e2996019d9d83185ab397a3b97e86d4f694c5a,,,2024_06,0.0,-1.0,STOP,2024-06-04T10:10:00Z,NO_FILL,f811ae431dc013c10b3158c34382ab07cec1612c8846f452e96cb85ea82295a9,,RETEST_EXPIRED,2024-06-04T07:20:00Z,,2346.37,False,False,INITIAL_CONFIRMATION_STOP,b27da9aa561f972f022565968b08138ae6bb6f2d4d72a7645dd8b6ead489c35c,40be714342a3a9cb47440e5182a5b2777996c3834cf6e3f9ae4b17ec07e11851,2343.21,6.12785714285714,0.306392857142857,NOT_STRICTLY_CLOSER_THAN_CONTROL,H1_SOURCE_SWING_BUFFERED_ELSE_CONTROL,False,40be714342a3a9cb47440e5182a5b2777996c3834cf6e3f9ae4b17ec07e11851,2024-06-04T07:00:00Z,2343.21,2352.86,19f69d942f13d1cb4fc0777e9888937bd69b1854c108c41ca18ae93d05da2a0d
1677bc5329e9500c8efafa8f149d6544a5c91b823cd8211c6a1706d8c68a1804,2346.37,2024-06-04T07:05:00Z,4b3dbe627e1702a10f5a690c2b9e52ce09fde2e454ecf95fbe02a3dcdf52bc8d,2024-06-04T07:05:00Z,2346.69,2343.21,2024-07-01T00:00:00Z,2024-06-04T07:00:00Z,0.75,LONG,1.0,-12.5,CONTROL_V2_FILLED_STOP,2024-06-04T07:05:00Z,CONFIRMED_25_75_RETEST_SPLIT,2346.69,True,738e94eab293bff893288b83669eae4a56c159ec661af732f3332049d934a7b3,0.25215517241380747,0.3735632183907896,2024_06,-0.25,-1.0,STOP,2024-06-04T10:10:00Z,SPLIT_CONTROL_STOP_NO_RETEST,6e2f61d26aad82a1d47785e7ee2c5fd148a96d5675c22bbb5634c3de210daaeb,2024-06-04T10:10:00Z,RETEST_EXPIRED,2024-06-04T07:20:00Z,,2346.37,False,False,INITIAL_CONFIRMATION_STOP,e4c678f88c3bb061d5a7c247635a90880611550367cdce83eea31656612ed7d5,40be714342a3a9cb47440e5182a5b2777996c3834cf6e3f9ae4b17ec07e11851,2343.21,,,,CONTROL_V2_FILLED_STOP,False,,2024-06-04T07:05:00Z,2343.21,2352.86,19f69d942f13d1cb4fc0777e9888937bd69b1854c108c41ca18ae93d05da2a0d
1677bc5329e9500c8efafa8f149d6544a5c91b823cd8211c6a1706d8c68a1804,2346.37,2024-06-04T07:05:00Z,4b3dbe627e1702a10f5a690c2b9e52ce09fde2e454ecf95fbe02a3dcdf52bc8d,2024-06-04T07:05:00Z,2346.69,2343.21,2024-07-01T00:00:00Z,2024-06-04T07:00:00Z,0.75,LONG,0.7352935139572558,-12.5,M5_LATEST_CONFIRMED_OPPOSING_SWING_ELSE_CONTROL,2024-06-04T07:05:00Z,CONFIRMED_25_75_RETEST_SPLIT,2346.69,True,35fcf58304d690ea6dc38bf23ef3dd4c0d925a907522fa5bddcb1f651e325467,0.3116669225508649,0.5080463941267753,2024_06,-0.25,-1.0,STOP,2024-06-04T10:10:00Z,SPLIT_CONTROL_STOP_NO_RETEST,fb2dd41e3bcf1271e2ef33e0ddb4da23c0e324810fdf373691c9d37ce437dddb,2024-06-04T10:00:00Z,RETEST_EXPIRED,2024-06-04T07:20:00Z,,2346.37,False,False,INITIAL_CONFIRMATION_STOP,12b1ffca6efb9c4639e0cadc08d12e1a1176d65e014ef52c359265ca18473d6b,40be714342a3a9cb47440e5182a5b2777996c3834cf6e3f9ae4b17ec07e11851,2344.131178571429,1.1764285714285572,0.05882142857142786,,M5_LATEST_CONFIRMED_OPPOSING_SWING_ELSE_CONTROL,True,33f84840466889cbf420632ad4f0510730900d6fb9103d1b1a97ac0146c19ad8,2024-06-04T06:50:00Z,2344.19,2352.86,19f69d942f13d1cb4fc0777e9888937bd69b1854c108c41ca18ae93d05da2a0d
1677bc5329e9500c8efafa8f149d6544a5c91b823cd8211c6a1706d8c68a1804,2346.37,2024-06-04T07:05:00Z,4b3dbe627e1702a10f5a690c2b9e52ce09fde2e454ecf95fbe02a3dcdf52bc8d,2024-06-04T07:05:00Z,2346.69,2343.21,2024-07-01T00:00:00Z,2024-06-04T07:00:00Z,0.75,LONG,1.0,-12.5,CONTROL_V2_FILLED_STOP,2024-06-04T07:05:00Z,CONFIRMED_25_75_RETEST_SPLIT,2346.69,True,976043c63e9c06a294e7f055e9262be37727073d28d177b2e5eb54dcb15e0576,0.25215517241380747,0.3735632183907896,2024_06,-0.25,-1.0,STOP,2024-06-04T10:10:00Z,SPLIT_CONTROL_STOP_NO_RETEST,13005745b89415a27fed305b49ee583c1151b8430a00218a1048e48f887546f3,2024-06-04T10:10:00Z,RETEST_EXPIRED,2024-06-04T07:20:00Z,,2346.37,False,False,INITIAL_CONFIRMATION_STOP,1371b17d360c86850718855b90355b3964ffcced046a6d9bb210c2a0ca868322,40be714342a3a9cb47440e5182a5b2777996c3834cf6e3f9ae4b17ec07e11851,2343.21,2.506428571428484,0.12532142857142423,NOT_STRICTLY_CLOSER_THAN_CONTROL,M15_LATEST_CONFIRMED_OPPOSING_SWING_ELSE_CONTROL,False,8b6b17a55ee0fdcec2a261330d9ac04315a01eba646e8dbdb595f929507e8b68,2024-06-04T05:15:00Z,2343.21,2352.86,19f69d942f13d1cb4fc0777e9888937bd69b1854c108c41ca18ae93d05da2a0d
1677bc5329e9500c8efafa8f149d6544a5c91b823cd8211c6a1706d8c68a1804,2346.37,2024-06-04T07:05:00Z,4b3dbe627e1702a10f5a690c2b9e52ce09fde2e454ecf95fbe02a3dcdf52bc8d,2024-06-04T07:05:00Z,2346.69,2343.21,2024-07-01T00:00:00Z,2024-06-04T07:00:00Z,0.75,LONG,1.0,-12.5,CONTROL_V2_FILLED_STOP,2024-06-04T07:05:00Z,CONFIRMED_25_75_RETEST_SPLIT,2346.69,True,5e886abb66539fe75cd70eb699e2996019d9d83185ab397a3b97e86d4f694c5a,0.25215517241380747,0.3735632183907896,2024_06,-0.25,-1.0,STOP,2024-06-04T10:10:00Z,SPLIT_CONTROL_STOP_NO_RETEST,cc28bd070f2dd96a1144abb69e0223410ffcc39cf3811935466028a30711b352,2024-06-04T10:10:00Z,RETEST_EXPIRED,2024-06-04T07:20:00Z,,2346.37,False,False,INITIAL_CONFIRMATION_STOP,4715b5a38180fd27ee7c6b1b601c42d30cbd9ff6bfe47981c72d4550f52a6056,40be714342a3a9cb47440e5182a5b2777996c3834cf6e3f9ae4b17ec07e11851,2343.21,6.12785714285714,0.306392857142857,NOT_STRICTLY_CLOSER_THAN_CONTROL,H1_SOURCE_SWING_BUFFERED_ELSE_CONTROL,False,40be714342a3a9cb47440e5182a5b2777996c3834cf6e3f9ae4b17ec07e11851,2024-06-04T07:00:00Z,2343.21,2352.86,19f69d942f13d1cb4fc0777e9888937bd69b1854c108c41ca18ae93d05da2a0d
9b8c1fbe991ad56421d846451199645c163cd6ac9adc9b69556d421e889f4f41,2326.66,2024-06-04T20:20:00Z,f1a3976823ab157d77868b132ed8619205d65810fbf85e5498f472e8cea42b5f,2024-06-04T20:20:00Z,2326.86,2315.66,2024-07-01T00:00:00Z,2024-06-04T20:00:00Z,0.0,LONG,1.0,49.73214285714108,CONTROL_V2_FILLED_STOP,2024-06-04T20:20:00Z,CONTROL_NEXT_M1_OPEN,2326.86,True,242739c7dfe4734a4279018469c97b04d096e314a0d17ed334f804b2dc88a208,0.15357142857144757,0.9955357142856982,2024_06,0.9946428571428215,0.9946428571428215,TARGET,2024-06-05T07:48:00Z,TARGET,0ca29c697abea2a4fb28187c65e84013bb6be63db1ffa77c05aa4c0b3400f206,2024-06-05T07:48:00Z,FIRST_RETEST_FILLED,2024-06-04T20:35:00Z,2024-06-04T20:20:00Z,2326.66,True,False,INITIAL_CONFIRMATION_TARGET,9945b87c4c3089bcbae09a2faf27221dab9bb0a887ce3d92698c6fd6cf3499fd,5a244c848f655bec72483ab093ffb98b855fd09e013b224112ba7e21baa528b2,2315.66,,,,CONTROL_V2_FILLED_STOP,False,,2024-06-04T20:20:00Z,2315.66,2338.0,dd1ce0492f3c70cd7b8bca8d26c75c907684cc7162cefa70ab8f5e32022e4532
9b8c1fbe991ad56421d846451199645c163cd6ac9adc9b69556d421e889f4f41,2326.66,2024-06-04T20:20:00Z,f1a3976823ab157d77868b132ed8619205d65810fbf85e5498f472e8cea42b5f,2024-06-04T20:20:00Z,2326.86,2315.66,2024-07-01T00:00:00Z,2024-06-04T20:00:00Z,1.5914797001270307,LONG,0.38460778061224515,129.3061278634926,M5_LATEST_CONFIRMED_OPPOSING_SWING_ELSE_CONTROL,2024-06-04T20:20:00Z,CONTROL_NEXT_M1_OPEN,2326.86,True,50e98fe4a33beb067528e61e56c93ace2dcb01fa3cc30ac4e0e10e08a5b228c9,0.39929360848338014,2.5884440317378288,2024_06,2.586122557269852,0.9946428571428215,TARGET,2024-06-05T07:48:00Z,TARGET,c0d210436ae11135a5dc4a640297a55ef377081081f3db08b41ee56115306870,2024-06-05T07:48:00Z,FIRST_RETEST_FILLED,2024-06-04T20:35:00Z,2024-06-04T20:20:00Z,2326.66,True,False,INITIAL_CONFIRMATION_TARGET,b9c27758c3cb18e3f26451318e044d0cfb4e5b54f3c311534cb40ae15d293d55,5a244c848f655bec72483ab093ffb98b855fd09e013b224112ba7e21baa528b2,2322.552392857143,1.9521428571428519,0.0976071428571426,,M5_LATEST_CONFIRMED_OPPOSING_SWING_ELSE_CONTROL,True,cfb74f52fe01e09f06a1bf90278f4c7b8eed3dfa25b4918fabaee1dd5d817032,2024-06-04T20:05:00Z,2322.65,2338.0,dd1ce0492f3c70cd7b8bca8d26c75c907684cc7162cefa70ab8f5e32022e4532
9b8c1fbe991ad56421d846451199645c163cd6ac9adc9b69556d421e889f4f41,2326.66,2024-06-04T20:20:00Z,f1a3976823ab157d77868b132ed8619205d65810fbf85e5498f472e8cea42b5f,2024-06-04T20:20:00Z,2326.86,2315.66,2024-07-01T00:00:00Z,2024-06-04T20:00:00Z,1.4549393505595498,LONG,0.4060459183673465,122.47911038511856,M15_LATEST_CONFIRMED_OPPOSING_SWING_ELSE_CONTROL,2024-06-04T20:20:00Z,CONTROL_NEXT_M1_OPEN,2326.86,True,831ea1daf56a3422a6662469393ab8f855f1ef3de3ecf00ce0f16488c02ae6e4,0.3782119746183798,2.4517811145315958,2024_06,2.4495822077023712,0.9946428571428215,TARGET,2024-06-05T07:48:00Z,TARGET,21d969e0d2e981d4d724bb38a8891eb0ae515778fc7cae2165a8d7e9785b1cd9,2024-06-05T07:48:00Z,FIRST_RETEST_FILLED,2024-06-04T20:35:00Z,2024-06-04T20:20:00Z,2326.66,True,False,INITIAL_CONFIRMATION_TARGET,a5c44c51462b68587109108c1b8d681ba6cf695c04d3b6878c9ef03f2459d3c1,5a244c848f655bec72483ab093ffb98b855fd09e013b224112ba7e21baa528b2,2322.3122857142857,5.35428571428575,0.2677142857142875,,M15_LATEST_CONFIRMED_OPPOSING_SWING_ELSE_CONTROL,True,c515196e6c06967fd98a6dbf2984b1ec657e3004b83c9eaf3c68b67d9c259b71,2024-06-04T20:15:00Z,2322.58,2338.0,dd1ce0492f3c70cd7b8bca8d26c75c907684cc7162cefa70ab8f5e32022e4532
9b8c1fbe991ad56421d846451199645c163cd6ac9adc9b69556d421e889f4f41,2326.66,2024-06-04T20:20:00Z,f1a3976823ab157d77868b132ed8619205d65810fbf85e5498f472e8cea42b5f,2024-06-04T20:20:00Z,2326.86,2315.66,2024-07-01T00:00:00Z,2024-06-04T20:00:00Z,0.0,LONG,1.0,49.73214285714108,CONTROL_V2_FILLED_STOP,2024-06-04T20:20:00Z,CONTROL_NEXT_M1_OPEN,2326.86,True,3c3758595df0184a34e1e4c5f0b8d9c8842bfdcbe5e96e8c93164963e7498ccd,0.15357142857144757,0.9955357142856982,2024_06,0.9946428571428215,0.9946428571428215,TARGET,2024-06-05T07:48:00Z,TARGET,bcc8ffd1f94afae04463a141f3020ba2f685312549097a68ec0c1c00d5ee25b3,2024-06-05T07:48:00Z,FIRST_RETEST_FILLED,2024-06-04T20:35:00Z,2024-06-04T20:20:00Z,2326.66,True,False,INITIAL_CONFIRMATION_TARGET,f03abe5031c8e0e680a513ed46b35d9fcc9e8036bded442da0a4d750dee34870,5a244c848f655bec72483ab093ffb98b855fd09e013b224112ba7e21baa528b2,2315.66,7.811428571428613,0.3905714285714307,NOT_STRICTLY_CLOSER_THAN_CONTROL,H1_SOURCE_SWING_BUFFERED_ELSE_CONTROL,False,5a244c848f655bec72483ab093ffb98b855fd09e013b224112ba7e21baa528b2,2024-06-04T20:00:00Z,2315.66,2338.0,dd1ce0492f3c70cd7b8bca8d26c75c907684cc7162cefa70ab8f5e32022e4532
9b8c1fbe991ad56421d846451199645c163cd6ac9adc9b69556d421e889f4f41,2326.66,2024-06-04T20:20:00Z,f1a3976823ab157d77868b132ed8619205d65810fbf85e5498f472e8cea42b5f,2024-06-04T20:20:00Z,2326.86,2315.66,2024-07-01T00:00:00Z,2024-06-04T20:00:00Z,0.036266233766282574,LONG,1.0,51.54545454545521,CONTROL_V2_FILLED_STOP,2024-06-04T20:20:00Z,M5_BROKEN_CONTROL_FIRST_RETEST,2326.66,True,242739c7dfe4734a4279018469c97b04d096e314a0d17ed334f804b2dc88a208,0.13818181818181652,1.0318181818182148,2024_06,1.030909090909104,0.9946428571428215,TARGET,2024-06-05T07:48:00Z,TARGET,fc0595eea427f3f89df4ac4d71dd111ee2708d0a90263040427eaba28c9cb792,2024-06-05T07:48:00Z,FIRST_RETEST_FILLED,2024-06-04T20:35:00Z,2024-06-04T20:20:00Z,2326.66,True,True,INITIAL_CONFIRMATION_TARGET,49e20f2b61ad26019175d9d5bcf5998f52cf52f7aa1828517a82f51787e3ba13,5a244c848f655bec72483ab093ffb98b855fd09e013b224112ba7e21baa528b2,2315.66,,,,CONTROL_V2_FILLED_STOP,False,,2024-06-04T20:20:00Z,2315.66,2338.0,dd1ce0492f3c70cd7b8bca8d26c75c907684cc7162cefa70ab8f5e32022e4532
9b8c1fbe991ad56421d846451199645c163cd6ac9adc9b69556d421e889f4f41,2326.66,2024-06-04T20:20:00Z,f1a3976823ab157d77868b132ed8619205d65810fbf85e5498f472e8cea42b5f,2024-06-04T20:20:00Z,2326.86,2315.66,2024-07-01T00:00:00Z,2024-06-04T20:00:00Z,1.766088538438694,LONG,0.38460778061224515,138.03656977907576,M5_LATEST_CONFIRMED_OPPOSING_SWING_ELSE_CONTROL,2024-06-04T20:20:00Z,M5_BROKEN_CONTROL_FIRST_RETEST,2326.66,True,50e98fe4a33beb067528e61e56c93ace2dcb01fa3cc30ac4e0e10e08a5b228c9,0.3700451253336684,2.76316590298508,2024_06,2.7607313955815154,0.9946428571428215,TARGET,2024-06-05T07:48:00Z,TARGET,839c487d2652177a03c9d51a62bd9637c236d8e2d739528022857e655804e70a,2024-06-05T07:48:00Z,FIRST_RETEST_FILLED,2024-06-04T20:35:00Z,2024-06-04T20:20:00Z,2326.66,True,True,INITIAL_CONFIRMATION_TARGET,eac70d6586ad04cf560d3fdec18bdbf641af2270358740720428f5af2c808ad9,5a244c848f655bec72483ab093ffb98b855fd09e013b224112ba7e21baa528b2,2322.552392857143,1.9521428571428519,0.0976071428571426,,M5_LATEST_CONFIRMED_OPPOSING_SWING_ELSE_CONTROL,True,cfb74f52fe01e09f06a1bf90278f4c7b8eed3dfa25b4918fabaee1dd5d817032,2024-06-04T20:05:00Z,2322.65,2338.0,dd1ce0492f3c70cd7b8bca8d26c75c907684cc7162cefa70ab8f5e32022e4532
9b8c1fbe991ad56421d846451199645c163cd6ac9adc9b69556d421e889f4f41,2326.66,2024-06-04T20:20:00Z,f1a3976823ab157d77868b132ed8619205d65810fbf85e5498f472e8cea42b5f,2024-06-04T20:20:00Z,2326.86,2315.66,2024-07-01T00:00:00Z,2024-06-04T20:00:00Z,1.613624212581962,LONG,0.4060459183673465,130.41335348623917,M15_LATEST_CONFIRMED_OPPOSING_SWING_ELSE_CONTROL,2024-06-04T20:20:00Z,M5_BROKEN_CONTROL_FIRST_RETEST,2326.66,True,831ea1daf56a3422a6662469393ab8f855f1ef3de3ecf00ce0f16488c02ae6e4,0.34960898994546497,2.610567128869212,2024_06,2.6082670697247834,0.9946428571428215,TARGET,2024-06-05T07:48:00Z,TARGET,bb68e5934c23e5e1d0ca32e21c23f51ed9b0acc16cea32ad4c2892402ff0067d,2024-06-05T07:48:00Z,FIRST_RETEST_FILLED,2024-06-04T20:35:00Z,2024-06-04T20:20:00Z,2326.66,True,True,INITIAL_CONFIRMATION_TARGET,e1673c168616c886a1d05e1167f1594392d6c9de712fd974e3281e6685fd94ee,5a244c848f655bec72483ab093ffb98b855fd09e013b224112ba7e21baa528b2,2322.3122857142857,5.35428571428575,0.2677142857142875,,M15_LATEST_CONFIRMED_OPPOSING_SWING_ELSE_CONTROL,True,c515196e6c06967fd98a6dbf2984b1ec657e3004b83c9eaf3c68b67d9c259b71,2024-06-04T20:15:00Z,2322.58,2338.0,dd1ce0492f3c70cd7b8bca8d26c75c907684cc7162cefa70ab8f5e32022e4532
9b8c1fbe991ad56421d846451199645c163cd6ac9adc9b69556d421e889f4f41,2326.66,2024-06-04T20:20:00Z,f1a3976823ab157d77868b132ed8619205d65810fbf85e5498f472e8cea42b5f,2024-06-04T20:20:00Z,2326.86,2315.66,2024-07-01T00:00:00Z,2024-06-04T20:00:00Z,0.036266233766282574,LONG,1.0,51.54545454545521,CONTROL_V2_FILLED_STOP,2024-06-04T20:20:00Z,M5_BROKEN_CONTROL_FIRST_RETEST,2326.66,True,3c3758595df0184a34e1e4c5f0b8d9c8842bfdcbe5e96e8c93164963e7498ccd,0.13818181818181652,1.0318181818182148,2024_06,1.030909090909104,0.9946428571428215,TARGET,2024-06-05T07:48:00Z,TARGET,08e2d84d02739b65313bf615b891b23f3a53fce0771c1b0a7f0df158324d457a,2024-06-05T07:48:00Z,FIRST_RETEST_FILLED,2024-06-04T20:35:00Z,2024-06-04T20:20:00Z,2326.66,True,True,INITIAL_CONFIRMATION_TARGET,1db5d791ed443dbae3b10bf0357177454bdf77eb024485eec1ef05dd166b1f5e,5a244c848f655bec72483ab093ffb98b855fd09e013b224112ba7e21baa528b2,2315.66,7.811428571428613,0.3905714285714307,NOT_STRICTLY_CLOSER_THAN_CONTROL,H1_SOURCE_SWING_BUFFERED_ELSE_CONTROL,False,5a244c848f655bec72483ab093ffb98b855fd09e013b224112ba7e21baa528b2,2024-06-04T20:00:00Z,2315.66,2338.0,dd1ce0492f3c70cd7b8bca8d26c75c907684cc7162cefa70ab8f5e32022e4532
9b8c1fbe991ad56421d846451199645c163cd6ac9adc9b69556d421e889f4f41,2326.66,2024-06-04T20:20:00Z,f1a3976823ab157d77868b132ed8619205d65810fbf85e5498f472e8cea42b5f,2024-06-04T20:20:00Z,2326.86,2315.66,2024-07-01T00:00:00Z,2024-06-04T20:00:00Z,0.027199675324712014,LONG,1.0,51.09212662337668,CONTROL_V2_FILLED_STOP,2024-06-04T20:20:00Z,CONFIRMED_25_75_RETEST_SPLIT,2326.86,True,242739c7dfe4734a4279018469c97b04d096e314a0d17ed334f804b2dc88a208,0.14202922077922428,1.0227475649350857,2024_06,1.0218425324675335,0.9946428571428215,TARGET,2024-06-05T07:48:00Z,SPLIT_TARGET_TARGET,39570b51257d17dac8f7a9b9d573e478ce8d1d5fae8e5c3dd9e60183c096bab8,2024-06-05T07:48:00Z,FIRST_RETEST_FILLED,2024-06-04T20:35:00Z,2024-06-04T20:20:00Z,2326.66,True,True,INITIAL_CONFIRMATION_TARGET,46a9849ac9df3db7e68256f8e04461cda8f0fea47b8d8f42e3be0b973bd07fd4,5a244c848f655bec72483ab093ffb98b855fd09e013b224112ba7e21baa528b2,2315.66,,,,CONTROL_V2_FILLED_STOP,False,,2024-06-04T20:20:00Z,2315.66,2338.0,dd1ce0492f3c70cd7b8bca8d26c75c907684cc7162cefa70ab8f5e32022e4532
9b8c1fbe991ad56421d846451199645c163cd6ac9adc9b69556d421e889f4f41,2326.66,2024-06-04T20:20:00Z,f1a3976823ab157d77868b132ed8619205d65810fbf85e5498f472e8cea42b5f,2024-06-04T20:20:00Z,2326.86,2315.66,2024-07-01T00:00:00Z,2024-06-04T20:00:00Z,1.7224363288607778,LONG,0.38460778061224515,135.85395930017995,M5_LATEST_CONFIRMED_OPPOSING_SWING_ELSE_CONTROL,2024-06-04T20:20:00Z,CONFIRMED_25_75_RETEST_SPLIT,2326.86,True,50e98fe4a33beb067528e61e56c93ace2dcb01fa3cc30ac4e0e10e08a5b228c9,0.37735724612109633,2.7194854351732674,2024_06,2.717079186003599,0.9946428571428215,TARGET,2024-06-05T07:48:00Z,SPLIT_TARGET_TARGET,6a0195c60af652056de95d18e42603116f2e5ec053bc5b7861438394a7dddbbb,2024-06-05T07:48:00Z,FIRST_RETEST_FILLED,2024-06-04T20:35:00Z,2024-06-04T20:20:00Z,2326.66,True,True,INITIAL_CONFIRMATION_TARGET,1a3c8a7aae16fca0f2de9a8a1d999f22363e39ab21c681017c0c5270795ee428,5a244c848f655bec72483ab093ffb98b855fd09e013b224112ba7e21baa528b2,2322.552392857143,1.9521428571428519,0.0976071428571426,,M5_LATEST_CONFIRMED_OPPOSING_SWING_ELSE_CONTROL,True,cfb74f52fe01e09f06a1bf90278f4c7b8eed3dfa25b4918fabaee1dd5d817032,2024-06-04T20:05:00Z,2322.65,2338.0,dd1ce0492f3c70cd7b8bca8d26c75c907684cc7162cefa70ab8f5e32022e4532
9b8c1fbe991ad56421d846451199645c163cd6ac9adc9b69556d421e889f4f41,2326.66,2024-06-04T20:20:00Z,f1a3976823ab157d77868b132ed8619205d65810fbf85e5498f472e8cea42b5f,2024-06-04T20:20:00Z,2326.86,2315.66,2024-07-01T00:00:00Z,2024-06-04T20:00:00Z,1.5739529970763586,LONG,0.4060459183673465,128.429792710959,M15_LATEST_CONFIRMED_OPPOSING_SWING_ELSE_CONTROL,2024-06-04T20:20:00Z,CONFIRMED_25_75_RETEST_SPLIT,2326.86,True,831ea1daf56a3422a6662469393ab8f855f1ef3de3ecf00ce0f16488c02ae6e4,0.35675973611369366,2.5708706252848077,2024_06,2.56859585421918,0.9946428571428215,TARGET,2024-06-05T07:48:00Z,SPLIT_TARGET_TARGET,6bfc790e26c2929ffbd70b8d42ac41d22f3fc410c3769a790fa4253bdbd391fe,2024-06-05T07:48:00Z,FIRST_RETEST_FILLED,2024-06-04T20:35:00Z,2024-06-04T20:20:00Z,2326.66,True,True,INITIAL_CONFIRMATION_TARGET,d2d1ff2032f81569c915b6caea8d4fe1781db0e7f55607cc3477836e6fd0fed2,5a244c848f655bec72483ab093ffb98b855fd09e013b224112ba7e21baa528b2,2322.3122857142857,5.35428571428575,0.2677142857142875,,M15_LATEST_CONFIRMED_OPPOSING_SWING_ELSE_CONTROL,True,c515196e6c06967fd98a6dbf2984b1ec657e3004b83c9eaf3c68b67d9c259b71,2024-06-04T20:15:00Z,2322.58,2338.0,dd1ce0492f3c70cd7b8bca8d26c75c907684cc7162cefa70ab8f5e32022e4532
9b8c1fbe991ad56421d846451199645c163cd6ac9adc9b69556d421e889f4f41,2326.66,2024-06-04T20:20:00Z,f1a3976823ab157d77868b132ed8619205d65810fbf85e5498f472e8cea42b5f,2024-06-04T20:20:00Z,2326.86,2315.66,2024-07-01T00:00:00Z,2024-06-04T20:00:00Z,0.027199675324712014,LONG,1.0,51.09212662337668,CONTROL_V2_FILLED_STOP,2024-06-04T20:20:00Z,CONFIRMED_25_75_RETEST_SPLIT,2326.86,True,3c3758595df0184a34e1e4c5f0b8d9c8842bfdcbe5e96e8c93164963e7498ccd,0.14202922077922428,1.0227475649350857,2024_06,1.0218425324675335,0.9946428571428215,TARGET,2024-06-05T07:48:00Z,SPLIT_TARGET_TARGET,1b13c72ecf4bedee92f08ff355342c4a7e1afaee4ee687b06d07a07daf1b8ce1,2024-06-05T07:48:00Z,FIRST_RETEST_FILLED,2024-06-04T20:35:00Z,2024-06-04T20:20:00Z,2326.66,True,True,INITIAL_CONFIRMATION_TARGET,03e03718bc09768be7f65e7f91e0eda72d8288219545bf9ede52cde905119241,5a244c848f655bec72483ab093ffb98b855fd09e013b224112ba7e21baa528b2,2315.66,7.811428571428613,0.3905714285714307,NOT_STRICTLY_CLOSER_THAN_CONTROL,H1_SOURCE_SWING_BUFFERED_ELSE_CONTROL,False,5a244c848f655bec72483ab093ffb98b855fd09e013b224112ba7e21baa528b2,2024-06-04T20:00:00Z,2315.66,2338.0,dd1ce0492f3c70cd7b8bca8d26c75c907684cc7162cefa70ab8f5e32022e4532
716e45869f98547c51708302e5e41947212734a005f3681179fcb639cf752da6,2326.35,2024-06-04T23:35:00Z,e3b4295679c2748ed10866481e0265b27a8fca67cd831453f65fc1c5432fefef,2024-06-04T23:35:00Z,2326.23,2330.42,2024-07-01T00:00:00Z,2024-06-04T23:00:00Z,0.0,SHORT,1.0,-50.0,CONTROL_V2_FILLED_STOP,2024-06-04T23:35:00Z,CONTROL_NEXT_M1_OPEN,2326.23,True,8d27878f857885bc7664424c282764766d9fe877f5b66d6a71a8600d3e965296,1.1241050119331684,0.07637231503583759,2024_06,-1.0,-1.0,STOP,2024-06-05T04:54:00Z,STOP,ae17e738e19aff0681e2282b57583dafda889d553e0927cf6f9ac126e8f9dfe6,2024-06-05T04:54:00Z,FIRST_RETEST_FILLED,2024-06-04T23:50:00Z,2024-06-04T23:35:00Z,2326.35,True,False,INITIAL_CONFIRMATION_STOP,6d081208651d32a191937932790d3f4cac0f9f7e3997d7398e9e964ff8930579,faa872b271ad00391a04a762c86f7bd49132957499965f9dbe88935940bdfa7d,2330.42,,,,CONTROL_V2_FILLED_STOP,False,,2024-06-04T23:35:00Z,2330.42,2315.66,63bfdb992a094d7e2b30d55a16a559599cd112f7e35edcbf663ae13e04d27d35
716e45869f98547c51708302e5e41947212734a005f3681179fcb639cf752da6,2326.35,2024-06-04T23:35:00Z,e3b4295679c2748ed10866481e0265b27a8fca67cd831453f65fc1c5432fefef,2024-06-04T23:35:00Z,2326.23,2330.42,2024-07-01T00:00:00Z,2024-06-04T23:00:00Z,0.0,SHORT,0.43070235254006134,-50.0,M5_LATEST_CONFIRMED_OPPOSING_SWING_ELSE_CONTROL,2024-06-04T23:35:00Z,CONTROL_NEXT_M1_OPEN,2326.23,True,9a35bb8722de970e18a03a5b4294475baa860382e16968b50a397af9e57b600c,1.141500098951073,0.08866020186019924,2024_06,-1.0,-1.0,STOP,2024-06-05T04:54:00Z,STOP,5c247ec805cb23c9776afd91b448905c07a98d3f82b96097f23ee454b8871645,2024-06-05T01:02:00Z,FIRST_RETEST_FILLED,2024-06-04T23:50:00Z,2024-06-04T23:35:00Z,2326.35,True,False,INITIAL_CONFIRMATION_STOP,9ef74ace83d5fa75769df75c9d9ef4caa9be9aa7098c91e67f8520d212a576f2,faa872b271ad00391a04a762c86f7bd49132957499965f9dbe88935940bdfa7d,2328.034642857143,0.6928571428572273,0.03464285714286137,,M5_LATEST_CONFIRMED_OPPOSING_SWING_ELSE_CONTROL,True,8e6f99283f4aefb14c4f7575d11b5a5a120881c65af932c22b35ca8f6a069d0e,2024-06-04T23:10:00Z,2328.0,2315.66,63bfdb992a094d7e2b30d55a16a559599cd112f7e35edcbf663ae13e04d27d35
716e45869f98547c51708302e5e41947212734a005f3681179fcb639cf752da6,2326.35,2024-06-04T23:35:00Z,e3b4295679c2748ed10866481e0265b27a8fca67cd831453f65fc1c5432fefef,2024-06-04T23:35:00Z,2326.23,2330.42,2024-07-01T00:00:00Z,2024-06-04T23:00:00Z,0.0,SHORT,0.44555063075346507,-50.0,M15_LATEST_CONFIRMED_OPPOSING_SWING_ELSE_CONTROL,2024-06-04T23:35:00Z,CONTROL_NEXT_M1_OPEN,2326.23,True,47541d9c0bf050634371c1f828c53f5d09036ee0a5c695f0d3bba070882289f0,1.1034588307315878,0.08570554025092143,2024_06,-1.0,-1.0,STOP,2024-06-05T04:54:00Z,STOP,27b4ac700117873416d1e3d2025daad744e06dd6facd5407d052026b5c6cfefc,2024-06-05T01:02:00Z,FIRST_RETEST_FILLED,2024-06-04T23:50:00Z,2024-06-04T23:35:00Z,2326.35,True,False,INITIAL_CONFIRMATION_STOP,27326c564c68dbf2add29dd7c0a5b408fd5f6c35b0612df33dbda4c20da98ad5,faa872b271ad00391a04a762c86f7bd49132957499965f9dbe88935940bdfa7d,2328.096857142857,1.9371428571428493,0.09685714285714248,,M15_LATEST_CONFIRMED_OPPOSING_SWING_ELSE_CONTROL,True,8f1b5db497e6d32d8e404ad1c10c68adfc3f5468e5bcb11b8e17ca9df2d60d26,2024-06-04T23:30:00Z,2328.0,2315.66,63bfdb992a094d7e2b30d55a16a559599cd112f7e35edcbf663ae13e04d27d35
716e45869f98547c51708302e5e41947212734a005f3681179fcb639cf752da6,2326.35,2024-06-04T23:35:00Z,e3b4295679c2748ed10866481e0265b27a8fca67cd831453f65fc1c5432fefef,2024-06-04T23:35:00Z,2326.23,2330.42,2024-07-01T00:00:00Z,2024-06-04T23:00:00Z,0.0,SHORT,1.0,-50.0,CONTROL_V2_FILLED_STOP,2024-06-04T23:35:00Z,CONTROL_NEXT_M1_OPEN,2326.23,True,3218c4221b74d2023e1ef1ad6f8cf215d782442e583b4331736d98da0a3a2ed3,1.1241050119331684,0.07637231503583759,2024_06,-1.0,-1.0,STOP,2024-06-05T04:54:00Z,STOP,978b4d1fb5284e00d6e2cfcff868cada2e2eaab030b8285caddff907c0e6a149,2024-06-05T04:54:00Z,FIRST_RETEST_FILLED,2024-06-04T23:50:00Z,2024-06-04T23:35:00Z,2326.35,True,False,INITIAL_CONFIRMATION_STOP,c2a036b2be0f59e4cc7a7e3575966e8c395b00f9170a059b4a65509a28f1c126,faa872b271ad00391a04a762c86f7bd49132957499965f9dbe88935940bdfa7d,2330.42,7.9950000000000205,0.39975000000000105,NOT_STRICTLY_CLOSER_THAN_CONTROL,H1_SOURCE_SWING_BUFFERED_ELSE_CONTROL,False,faa872b271ad00391a04a762c86f7bd49132957499965f9dbe88935940bdfa7d,2024-06-04T23:00:00Z,2330.42,2315.66,63bfdb992a094d7e2b30d55a16a559599cd112f7e35edcbf663ae13e04d27d35
716e45869f98547c51708302e5e41947212734a005f3681179fcb639cf752da6,2326.35,2024-06-04T23:35:00Z,e3b4295679c2748ed10866481e0265b27a8fca67cd831453f65fc1c5432fefef,2024-06-04T23:35:00Z,2326.23,2330.42,2024-07-01T00:00:00Z,2024-06-04T23:00:00Z,0.0,SHORT,1.0,-50.0,CONTROL_V2_FILLED_STOP,2024-06-04T23:35:00Z,M5_BROKEN_CONTROL_FIRST_RETEST,2326.35,True,8d27878f857885bc7664424c282764766d9fe877f5b66d6a71a8600d3e965296,1.1277641277641182,0.10810810810811716,2024_06,-1.0,-1.0,STOP,2024-06-05T04:54:00Z,STOP,5fecd755b0eaa3bc23611e45f04ef43c8ab88300d79eb520a757a79b419e697e,2024-06-05T04:54:00Z,FIRST_RETEST_FILLED,2024-06-04T23:50:00Z,2024-06-04T23:35:00Z,2326.35,True,True,INITIAL_CONFIRMATION_STOP,d539fbd628e45fbcf75f1ec11647b8654995e72ee07c0b61f1369e74819efbb8,faa872b271ad00391a04a762c86f7bd49132957499965f9dbe88935940bdfa7d,2330.42,,,,CONTROL_V2_FILLED_STOP,False,,2024-06-04T23:35:00Z,2330.42,2315.66,63bfdb992a094d7e2b30d55a16a559599cd112f7e35edcbf663ae13e04d27d35
716e45869f98547c51708302e5e41947212734a005f3681179fcb639cf752da6,2326.35,2024-06-04T23:35:00Z,e3b4295679c2748ed10866481e0265b27a8fca67cd831453f65fc1c5432fefef,2024-06-04T23:35:00Z,2326.23,2330.42,2024-07-01T00:00:00Z,2024-06-04T23:00:00Z,0.0,SHORT,0.43070235254006134,-50.0,M5_LATEST_CONFIRMED_OPPOSING_SWING_ELSE_CONTROL,2024-06-04T23:35:00Z,M5_BROKEN_CONTROL_FIRST_RETEST,2326.35,True,9a35bb8722de970e18a03a5b4294475baa860382e16968b50a397af9e57b600c,1.151579393682367,0.16620733517049507,2024_06,-1.0,-1.0,STOP,2024-06-05T04:54:00Z,STOP,921b03fb315d2b9de44eabc01f1807c96ea162f7dec255040da77892ef6c68b6,2024-06-05T01:02:00Z,FIRST_RETEST_FILLED,2024-06-04T23:50:00Z,2024-06-04T23:35:00Z,2326.35,True,True,INITIAL_CONFIRMATION_STOP,06ca86d33fb6251864cec0f57f70125411fdd51e50927c78d815557c868718c8,faa872b271ad00391a04a762c86f7bd49132957499965f9dbe88935940bdfa7d,2328.034642857143,0.6928571428572273,0.03464285714286137,,M5_LATEST_CONFIRMED_OPPOSING_SWING_ELSE_CONTROL,True,8e6f99283f4aefb14c4f7575d11b5a5a120881c65af932c22b35ca8f6a069d0e,2024-06-04T23:10:00Z,2328.0,2315.66,63bfdb992a094d7e2b30d55a16a559599cd112f7e35edcbf663ae13e04d27d35
716e45869f98547c51708302e5e41947212734a005f3681179fcb639cf752da6,2326.35,2024-06-04T23:35:00Z,e3b4295679c2748ed10866481e0265b27a8fca67cd831453f65fc1c5432fefef,2024-06-04T23:35:00Z,2326.23,2330.42,2024-07-01T00:00:00Z,2024-06-04T23:00:00Z,0.0,SHORT,0.44555063075346507,-50.0,M15_LATEST_CONFIRMED_OPPOSING_SWING_ELSE_CONTROL,2024-06-04T23:35:00Z,M5_BROKEN_CONTROL_FIRST_RETEST,2326.35,True,47541d9c0bf050634371c1f828c53f5d09036ee0a5c695f0d3bba070882289f0,1.1105659142950859,0.16028786391872807,2024_06,-1.0,-1.0,STOP,2024-06-05T04:54:00Z,STOP,ab9e96c859e79467e79b04c091955a6f30d49014548c3ab24226e3141f8d25de,2024-06-05T01:02:00Z,FIRST_RETEST_FILLED,2024-06-04T23:50:00Z,2024-06-04T23:35:00Z,2326.35,True,True,INITIAL_CONFIRMATION_STOP,a189ecc203cfe3ae50336b12a911e0ff1ade5a9081aa85cb3717f5ad4dafc655,faa872b271ad00391a04a762c86f7bd49132957499965f9dbe88935940bdfa7d,2328.096857142857,1.9371428571428493,0.09685714285714248,,M15_LATEST_CONFIRMED_OPPOSING_SWING_ELSE_CONTROL,True,8f1b5db497e6d32d8e404ad1c10c68adfc3f5468e5bcb11b8e17ca9df2d60d26,2024-06-04T23:30:00Z,2328.0,2315.66,63bfdb992a094d7e2b30d55a16a559599cd112f7e35edcbf663ae13e04d27d35
716e45869f98547c51708302e5e41947212734a005f3681179fcb639cf752da6,2326.35,2024-06-04T23:35:00Z,e3b4295679c2748ed10866481e0265b27a8fca67cd831453f65fc1c5432fefef,2024-06-04T23:35:00Z,2326.23,2330.42,2024-07-01T00:00:00Z,2024-06-04T23:00:00Z,0.0,SHORT,1.0,-50.0,CONTROL_V2_FILLED_STOP,2024-06-04T23:35:00Z,M5_BROKEN_CONTROL_FIRST_RETEST,2326.35,True,3218c4221b74d2023e1ef1ad6f8cf215d782442e583b4331736d98da0a3a2ed3,1.1277641277641182,0.10810810810811716,2024_06,-1.0,-1.0,STOP,2024-06-05T04:54:00Z,STOP,3a65837fb205ebab1e2fdaf82aa8ed0f96680eb06ed10e3357c113fdbecec663,2024-06-05T04:54:00Z,FIRST_RETEST_FILLED,2024-06-04T23:50:00Z,2024-06-04T23:35:00Z,2326.35,True,True,INITIAL_CONFIRMATION_STOP,d5f04cdc3d8ff2b78276ceb7280d151039bcd481cd35cbb1e8e18fc19124cd16,faa872b271ad00391a04a762c86f7bd49132957499965f9dbe88935940bdfa7d,2330.42,7.9950000000000205,0.39975000000000105,NOT_STRICTLY_CLOSER_THAN_CONTROL,H1_SOURCE_SWING_BUFFERED_ELSE_CONTROL,False,faa872b271ad00391a04a762c86f7bd49132957499965f9dbe88935940bdfa7d,2024-06-04T23:00:00Z,2330.42,2315.66,63bfdb992a094d7e2b30d55a16a559599cd112f7e35edcbf663ae13e04d27d35
716e45869f98547c51708302e5e41947212734a005f3681179fcb639cf752da6,2326.35,2024-06-04T23:35:00Z,e3b4295679c2748ed10866481e0265b27a8fca67cd831453f65fc1c5432fefef,2024-06-04T23:35:00Z,2326.23,2330.42,2024-07-01T00:00:00Z,2024-06-04T23:00:00Z,0.0,SHORT,1.0,-50.0,CONTROL_V2_FILLED_STOP,2024-06-04T23:35:00Z,CONFIRMED_25_75_RETEST_SPLIT,2326.23,True,8d27878f857885bc7664424c282764766d9fe877f5b66d6a71a8600d3e965296,1.1268493488063807,0.10017415984004727,2024_06,-1.0,-1.0,STOP,2024-06-05T04:54:00Z,SPLIT_STOP_STOP,74724176b81fd35a1597401d642c9fe1a64124a22e6d5cbdafbacad3a7e85eb0,2024-06-05T04:54:00Z,FIRST_RETEST_FILLED,2024-06-04T23:50:00Z,2024-06-04T23:35:00Z,2326.35,True,True,INITIAL_CONFIRMATION_STOP,1879c76a708472223c1c0ace89be08f9e69e36acbb0707b18888c47bdfd916f7,faa872b271ad00391a04a762c86f7bd49132957499965f9dbe88935940bdfa7d,2330.42,,,,CONTROL_V2_FILLED_STOP,False,,2024-06-04T23:35:00Z,2330.42,2315.66,63bfdb992a094d7e2b30d55a16a559599cd112f7e35edcbf663ae13e04d27d35
716e45869f98547c51708302e5e41947212734a005f3681179fcb639cf752da6,2326.35,2024-06-04T23:35:00Z,e3b4295679c2748ed10866481e0265b27a8fca67cd831453f65fc1c5432fefef,2024-06-04T23:35:00Z,2326.23,2330.42,2024-07-01T00:00:00Z,2024-06-04T23:00:00Z,0.0,SHORT,0.43070235254006134,-50.0,M5_LATEST_CONFIRMED_OPPOSING_SWING_ELSE_CONTROL,2024-06-04T23:35:00Z,CONFIRMED_25_75_RETEST_SPLIT,2326.23,True,9a35bb8722de970e18a03a5b4294475baa860382e16968b50a397af9e57b600c,1.1490595699995436,0.14682055184292112,2024_06,-1.0,-1.0,STOP,2024-06-05T04:54:00Z,SPLIT_STOP_STOP,26caadf7bb12564e3bdc9ed224fc8073efd288f6ee372366270792ef7da2d6ea,2024-06-05T01:02:00Z,FIRST_RETEST_FILLED,2024-06-04T23:50:00Z,2024-06-04T23:35:00Z,2326.35,True,True,INITIAL_CONFIRMATION_STOP,321e156b31d46eba5b23eb4ee4434b5a661bd55a13680633cb2f71158e618f7b,faa872b271ad00391a04a762c86f7bd49132957499965f9dbe88935940bdfa7d,2328.034642857143,0.6928571428572273,0.03464285714286137,,M5_LATEST_CONFIRMED_OPPOSING_SWING_ELSE_CONTROL,True,8e6f99283f4aefb14c4f7575d11b5a5a120881c65af932c22b35ca8f6a069d0e,2024-06-04T23:10:00Z,2328.0,2315.66,63bfdb992a094d7e2b30d55a16a559599cd112f7e35edcbf663ae13e04d27d35
716e45869f98547c51708302e5e41947212734a005f3681179fcb639cf752da6,2326.35,2024-06-04T23:35:00Z,e3b4295679c2748ed10866481e0265b27a8fca67cd831453f65fc1c5432fefef,2024-06-04T23:35:00Z,2326.23,2330.42,2024-07-01T00:00:00Z,2024-06-04T23:00:00Z,0.0,SHORT,0.44555063075346507,-50.0,M15_LATEST_CONFIRMED_OPPOSING_SWING_ELSE_CONTROL,2024-06-04T23:35:00Z,CONFIRMED_25_75_RETEST_SPLIT,2326.23,True,47541d9c0bf050634371c1f828c53f5d09036ee0a5c695f0d3bba070882289f0,1.1087891434042114,0.14164228300177642,2024_06,-1.0,-1.0,STOP,2024-06-05T04:54:00Z,SPLIT_STOP_STOP,2d959a88eb69a3d0c9a92013d935acd8fd19a6d59ad667cfdb23f5d4559042da,2024-06-05T01:02:00Z,FIRST_RETEST_FILLED,2024-06-04T23:50:00Z,2024-06-04T23:35:00Z,2326.35,True,True,INITIAL_CONFIRMATION_STOP,60becb77d38a484181ce38729199bd73c70acecc6366355d66206820df529994,faa872b271ad00391a04a762c86f7bd49132957499965f9dbe88935940bdfa7d,2328.096857142857,1.9371428571428493,0.09685714285714248,,M15_LATEST_CONFIRMED_OPPOSING_SWING_ELSE_CONTROL,True,8f1b5db497e6d32d8e404ad1c10c68adfc3f5468e5bcb11b8e17ca9df2d60d26,2024-06-04T23:30:00Z,2328.0,2315.66,63bfdb992a094d7e2b30d55a16a559599cd112f7e35edcbf663ae13e04d27d35
716e45869f98547c51708302e5e41947212734a005f3681179fcb639cf752da6,2326.35,2024-06-04T23:35:00Z,e3b4295679c2748ed10866481e0265b27a8fca67cd831453f65fc1c5432fefef,2024-06-04T23:35:00Z,2326.23,2330.42,2024-07-01T00:00:00Z,2024-06-04T23:00:00Z,0.0,SHORT,1.0,-50.0,CONTROL_V2_FILLED_STOP,2024-06-04T23:35:00Z,CONFIRMED_25_75_RETEST_SPLIT,2326.23,True,3218c4221b74d2023e1ef1ad6f8cf215d782442e583b4331736d98da0a3a2ed3,1.1268493488063807,0.10017415984004727,2024_06,-1.0,-1.0,STOP,2024-06-05T04:54:00Z,SPLIT_STOP_STOP,c257df2b468007fb92afea95cde2966d29b27a8e5b6babbac220bbaf94c09d45,2024-06-05T04:54:00Z,FIRST_RETEST_FILLED,2024-06-04T23:50:00Z,2024-06-04T23:35:00Z,2326.35,True,True,INITIAL_CONFIRMATION_STOP,b155ddeef2c576fde89ac5566a775315282be44baf8478170cf6628e00efbc9b,faa872b271ad00391a04a762c86f7bd49132957499965f9dbe88935940bdfa7d,2330.42,7.9950000000000205,0.39975000000000105,NOT_STRICTLY_CLOSER_THAN_CONTROL,H1_SOURCE_SWING_BUFFERED_ELSE_CONTROL,False,faa872b271ad00391a04a762c86f7bd49132957499965f9dbe88935940bdfa7d,2024-06-04T23:00:00Z,2330.42,2315.66,63bfdb992a094d7e2b30d55a16a559599cd112f7e35edcbf663ae13e04d27d35
b1f20b1fbd2b663163ff9650b8d3e97e3ad5ac3a6320c85c0ae7d2c81aa45bb4,2335.15,2024-06-05T15:25:00Z,6daaa2cb91b6416dd124e78791bcfac90fd609c375693e358bbe607265629792,2024-06-05T15:25:00Z,2336.06,2328.13,2024-07-01T00:00:00Z,2024-06-05T12:00:00Z,0.0,LONG,1.0,35.62421185372136,CONTROL_V2_FILLED_STOP,2024-06-05T15:25:00Z,CONTROL_NEXT_M1_OPEN,2336.06,True,dd216a44743bfd29078ec75272177b1e8600bc550c14ec4dff2128e8a62fcce3,0.23959646910468224,0.779319041614119,2024_06,0.7124842370744272,0.7124842370744272,TARGET,2024-06-05T15:53:00Z,TARGET,a46593c9f15576752eb2b77290837530a81025560116b9edfbb83bad67edba9a,2024-06-05T15:53:00Z,FIRST_RETEST_FILLED,2024-06-05T15:40:00Z,2024-06-05T15:26:00Z,2335.15,True,False,INITIAL_CONFIRMATION_TARGET,7e6141abb7633848974ee555b6233fb5fde92f4673e36ece594f7d74d7d95246,ff95ff85003a2cd3c33f6182853455c83ab9914eb31bef2c9176ce12a713a3be,2328.13,,,,CONTROL_V2_FILLED_STOP,False,,2024-06-05T15:25:00Z,2328.13,2341.71,f2acd7076781319c6cedd271c08d45b1127921118a6fdd04eba63fe4a4b09087
b1f20b1fbd2b663163ff9650b8d3e97e3ad5ac3a6320c85c0ae7d2c81aa45bb4,2335.15,2024-06-05T15:25:00Z,6daaa2cb91b6416dd124e78791bcfac90fd609c375693e358bbe607265629792,2024-06-05T15:25:00Z,2336.06,2328.13,2024-07-01T00:00:00Z,2024-06-05T12:00:00Z,0.39989253661112467,LONG,0.6405062150963547,55.61883868427759,M5_LATEST_CONFIRMED_OPPOSING_SWING_ELSE_CONTROL,2024-06-05T15:25:00Z,CONTROL_NEXT_M1_OPEN,2336.06,True,5932c729562e213184988746cb9079ee5cb6b6d399aee30e34093a4736dcd021,0.3740736053101975,1.2167236214825519,2024_06,1.1123767736855519,0.7124842370744272,TARGET,2024-06-05T15:53:00Z,TARGET,69e5a33a3643006752a616f37de85804b74f4bf0f48b4a6173299b2baa210591,2024-06-05T15:53:00Z,FIRST_RETEST_FILLED,2024-06-05T15:40:00Z,2024-06-05T15:26:00Z,2335.15,True,False,INITIAL_CONFIRMATION_TARGET,974f9f5ebcc9b5413f12c73f9893c5bd55d240cb512f15ded2a11b0b821cf127,ff95ff85003a2cd3c33f6182853455c83ab9914eb31bef2c9176ce12a713a3be,2330.980785714286,1.7842857142857156,0.08921428571428579,,M5_LATEST_CONFIRMED_OPPOSING_SWING_ELSE_CONTROL,True,55b1304669a74acc1d565e5754327bf8e1560404f0125a09395593962bb92d92,2024-06-05T15:10:00Z,2331.07,2341.71,f2acd7076781319c6cedd271c08d45b1127921118a6fdd04eba63fe4a4b09087
b1f20b1fbd2b663163ff9650b8d3e97e3ad5ac3a6320c85c0ae7d2c81aa45bb4,2335.15,2024-06-05T15:25:00Z,6daaa2cb91b6416dd124e78791bcfac90fd609c375693e358bbe607265629792,2024-06-05T15:25:00Z,2336.06,2328.13,2024-07-01T00:00:00Z,2024-06-05T12:00:00Z,0.13950544426426625,LONG,0.8362592325706719,42.59948406693467,M15_LATEST_CONFIRMED_OPPOSING_SWING_ELSE_CONTROL,2024-06-05T15:25:00Z,CONTROL_NEXT_M1_OPEN,2336.06,True,a041f33ad0b310e91eff16f8db358ed5f83a65eed1472a523da436ffec5bee52,0.28650980434399453,0.9319108372872392,2024_06,0.8519896813386935,0.7124842370744272,TARGET,2024-06-05T15:53:00Z,TARGET,c9ca21fb6c6877d3f3f4eda95d535351397a14af30237629b478c7d486cd8563,2024-06-05T15:53:00Z,FIRST_RETEST_FILLED,2024-06-05T15:40:00Z,2024-06-05T15:26:00Z,2335.15,True,False,INITIAL_CONFIRMATION_TARGET,f4e138cbd21d081362972dc3520df9cfa7a9bb8843f9751e54a404c35cd9f3e6,ff95ff85003a2cd3c33f6182853455c83ab9914eb31bef2c9176ce12a713a3be,2329.4284642857147,2.4307142857142674,0.12153571428571337,,M15_LATEST_CONFIRMED_OPPOSING_SWING_ELSE_CONTROL,True,d1841c16fd908d95377be948f9114c8849bbafdafa6a647bbbb8b02cbc5417ea,2024-06-05T13:45:00Z,2329.55,2341.71,f2acd7076781319c6cedd271c08d45b1127921118a6fdd04eba63fe4a4b09087
b1f20b1fbd2b663163ff9650b8d3e97e3ad5ac3a6320c85c0ae7d2c81aa45bb4,2335.15,2024-06-05T15:25:00Z,6daaa2cb91b6416dd124e78791bcfac90fd609c375693e358bbe607265629792,2024-06-05T15:25:00Z,2336.06,2328.13,2024-07-01T00:00:00Z,2024-06-05T12:00:00Z,0.0,LONG,1.0,35.62421185372136,CONTROL_V2_FILLED_STOP,2024-06-05T15:25:00Z,CONTROL_NEXT_M1_OPEN,2336.06,True,50f1e192d5b6877a0dd8a228ac497aa764c186cf42fb8aa613624e57acd7ad8c,0.23959646910468224,0.779319041614119,2024_06,0.7124842370744272,0.7124842370744272,TARGET,2024-06-05T15:53:00Z,TARGET,28eb20f4b939645ec74eebbcfaa6308d1cf002bcdc2b2083b7b92b07021a7845,2024-06-05T15:53:00Z,FIRST_RETEST_FILLED,2024-06-05T15:40:00Z,2024-06-05T15:26:00Z,2335.15,True,False,INITIAL_CONFIRMATION_TARGET,4ff47e99398dddab0f96a98cf2118046cd22a0dfd633426e74b6f4f2a4380fd5,ff95ff85003a2cd3c33f6182853455c83ab9914eb31bef2c9176ce12a713a3be,2328.13,4.107857142857126,0.20539285714285632,NOT_STRICTLY_CLOSER_THAN_CONTROL,H1_SOURCE_SWING_BUFFERED_ELSE_CONTROL,False,ff95ff85003a2cd3c33f6182853455c83ab9914eb31bef2c9176ce12a713a3be,2024-06-05T12:00:00Z,2328.13,2341.71,f2acd7076781319c6cedd271c08d45b1127921118a6fdd04eba63fe4a4b09087
b1f20b1fbd2b663163ff9650b8d3e97e3ad5ac3a6320c85c0ae7d2c81aa45bb4,2335.15,2024-06-05T15:25:00Z,6daaa2cb91b6416dd124e78791bcfac90fd609c375693e358bbe607265629792,2024-06-05T15:25:00Z,2336.06,2328.13,2024-07-01T00:00:00Z,2024-06-05T12:00:00Z,0.2219886973985019,LONG,1.0,46.72364672364645,CONTROL_V2_FILLED_STOP,2024-06-05T15:26:00Z,M5_BROKEN_CONTROL_FIRST_RETEST,2335.15,True,dd216a44743bfd29078ec75272177b1e8600bc550c14ec4dff2128e8a62fcce3,0.14102564102567508,1.0099715099714686,2024_06,0.9344729344729291,0.7124842370744272,TARGET,2024-06-05T15:53:00Z,TARGET,b51c0e62cb14b3375880b7da2e795271d13a6371c3db050894060a25703c77fc,2024-06-05T15:53:00Z,FIRST_RETEST_FILLED,2024-06-05T15:40:00Z,2024-06-05T15:26:00Z,2335.15,True,True,INITIAL_CONFIRMATION_TARGET,9efd39e5e3a06d88d68e780c63caf1b450ed464e21ed2c80f3347a370c4ef145,ff95ff85003a2cd3c33f6182853455c83ab9914eb31bef2c9176ce12a713a3be,2328.13,,,,CONTROL_V2_FILLED_STOP,False,,2024-06-05T15:25:00Z,2328.13,2341.71,f2acd7076781319c6cedd271c08d45b1127921118a6fdd04eba63fe4a4b09087
b1f20b1fbd2b663163ff9650b8d3e97e3ad5ac3a6320c85c0ae7d2c81aa45bb4,2335.15,2024-06-05T15:25:00Z,6daaa2cb91b6416dd124e78791bcfac90fd609c375693e358bbe607265629792,2024-06-05T15:25:00Z,2336.06,2328.13,2024-07-01T00:00:00Z,2024-06-05T12:00:00Z,0.8609537180045118,LONG,0.6405062150963547,78.67189775394695,M5_LATEST_CONFIRMED_OPPOSING_SWING_ELSE_CONTROL,2024-06-05T15:26:00Z,M5_BROKEN_CONTROL_FIRST_RETEST,2335.15,True,5932c729562e213184988746cb9079ee5cb6b6d399aee30e34093a4736dcd021,0.23745481334276441,1.7005602288886104,2024_06,1.573437955078939,0.7124842370744272,TARGET,2024-06-05T15:53:00Z,TARGET,4a47e1b1f1d72de73fef650c2511e777ee05ac444a53dff033e292b3ee646dc1,2024-06-05T15:53:00Z,FIRST_RETEST_FILLED,2024-06-05T15:40:00Z,2024-06-05T15:26:00Z,2335.15,True,True,INITIAL_CONFIRMATION_TARGET,9f66bf12d4079b7c1e302083e1b1ee8648e3e691314f438b86c8257ad7e8dcee,ff95ff85003a2cd3c33f6182853455c83ab9914eb31bef2c9176ce12a713a3be,2330.980785714286,1.7842857142857156,0.08921428571428579,,M5_LATEST_CONFIRMED_OPPOSING_SWING_ELSE_CONTROL,True,55b1304669a74acc1d565e5754327bf8e1560404f0125a09395593962bb92d92,2024-06-05T15:10:00Z,2331.07,2341.71,f2acd7076781319c6cedd271c08d45b1127921118a6fdd04eba63fe4a4b09087
b1f20b1fbd2b663163ff9650b8d3e97e3ad5ac3a6320c85c0ae7d2c81aa45bb4,2335.15,2024-06-05T15:25:00Z,6daaa2cb91b6416dd124e78791bcfac90fd609c375693e358bbe607265629792,2024-06-05T15:25:00Z,2336.06,2328.13,2024-07-01T00:00:00Z,2024-06-05T12:00:00Z,0.43406108355007655,LONG,0.8362592325706719,57.327266031225186,M15_LATEST_CONFIRMED_OPPOSING_SWING_ELSE_CONTROL,2024-06-05T15:26:00Z,M5_BROKEN_CONTROL_FIRST_RETEST,2335.15,True,a041f33ad0b310e91eff16f8db358ed5f83a65eed1472a523da436ffec5bee52,0.17303046759428953,1.2391777931749153,2024_06,1.1465453206245038,0.7124842370744272,TARGET,2024-06-05T15:53:00Z,TARGET,f297e2d05ae8d91386569cab56da0af5b902029379062c23ca53b626245660cd,2024-06-05T15:53:00Z,FIRST_RETEST_FILLED,2024-06-05T15:40:00Z,2024-06-05T15:26:00Z,2335.15,True,True,INITIAL_CONFIRMATION_TARGET,59c53342983a4314f98ff16aba12b8b9fc4c93f89cd52e1fe31cb448df2b0793,ff95ff85003a2cd3c33f6182853455c83ab9914eb31bef2c9176ce12a713a3be,2329.4284642857147,2.4307142857142674,0.12153571428571337,,M15_LATEST_CONFIRMED_OPPOSING_SWING_ELSE_CONTROL,True,d1841c16fd908d95377be948f9114c8849bbafdafa6a647bbbb8b02cbc5417ea,2024-06-05T13:45:00Z,2329.55,2341.71,f2acd7076781319c6cedd271c08d45b1127921118a6fdd04eba63fe4a4b09087
b1f20b1fbd2b663163ff9650b8d3e97e3ad5ac3a6320c85c0ae7d2c81aa45bb4,2335.15,2024-06-05T15:25:00Z,6daaa2cb91b6416dd124e78791bcfac90fd609c375693e358bbe607265629792,2024-06-05T15:25:00Z,2336.06,2328.13,2024-07-01T00:00:00Z,2024-06-05T12:00:00Z,0.2219886973985019,LONG,1.0,46.72364672364645,CONTROL_V2_FILLED_STOP,2024-06-05T15:26:00Z,M5_BROKEN_CONTROL_FIRST_RETEST,2335.15,True,50f1e192d5b6877a0dd8a228ac497aa764c186cf42fb8aa613624e57acd7ad8c,0.14102564102567508,1.0099715099714686,2024_06,0.9344729344729291,0.7124842370744272,TARGET,2024-06-05T15:53:00Z,TARGET,cc2a2f0420c3c81b905a14598285d2c76013dc35b6aaa52544afd465c9516bf0,2024-06-05T15:53:00Z,FIRST_RETEST_FILLED,2024-06-05T15:40:00Z,2024-06-05T15:26:00Z,2335.15,True,True,INITIAL_CONFIRMATION_TARGET,8d2009a7c86e08483edd094cc193dfae7694f8e906909c2d369ddd002d690da5,ff95ff85003a2cd3c33f6182853455c83ab9914eb31bef2c9176ce12a713a3be,2328.13,4.107857142857126,0.20539285714285632,NOT_STRICTLY_CLOSER_THAN_CONTROL,H1_SOURCE_SWING_BUFFERED_ELSE_CONTROL,False,ff95ff85003a2cd3c33f6182853455c83ab9914eb31bef2c9176ce12a713a3be,2024-06-05T12:00:00Z,2328.13,2341.71,f2acd7076781319c6cedd271c08d45b1127921118a6fdd04eba63fe4a4b09087
b1f20b1fbd2b663163ff9650b8d3e97e3ad5ac3a6320c85c0ae7d2c81aa45bb4,2335.15,2024-06-05T15:25:00Z,6daaa2cb91b6416dd124e78791bcfac90fd609c375693e358bbe607265629792,2024-06-05T15:25:00Z,2336.06,2328.13,2024-07-01T00:00:00Z,2024-06-05T12:00:00Z,0.16649152304887638,LONG,1.0,43.94878800616518,CONTROL_V2_FILLED_STOP,2024-06-05T15:25:00Z,CONFIRMED_25_75_RETEST_SPLIT,2336.06,True,dd216a44743bfd29078ec75272177b1e8600bc550c14ec4dff2128e8a62fcce3,0.16566834804542688,0.9523083928821311,2024_06,0.8789757601233036,0.7124842370744272,TARGET,2024-06-05T15:53:00Z,SPLIT_TARGET_TARGET,d093893cd165891c02ec4c0e9357cc21782b77530d8a8ab99f8c1a2746e5c5e1,2024-06-05T15:53:00Z,FIRST_RETEST_FILLED,2024-06-05T15:40:00Z,2024-06-05T15:26:00Z,2335.15,True,True,INITIAL_CONFIRMATION_TARGET,d345ed39a7102108995e8bce2b25fea838e273c2ba01faeec8a5e8d4d332c094,ff95ff85003a2cd3c33f6182853455c83ab9914eb31bef2c9176ce12a713a3be,2328.13,,,,CONTROL_V2_FILLED_STOP,False,,2024-06-05T15:25:00Z,2328.13,2341.71,f2acd7076781319c6cedd271c08d45b1127921118a6fdd04eba63fe4a4b09087
b1f20b1fbd2b663163ff9650b8d3e97e3ad5ac3a6320c85c0ae7d2c81aa45bb4,2335.15,2024-06-05T15:25:00Z,6daaa2cb91b6416dd124e78791bcfac90fd609c375693e358bbe607265629792,2024-06-05T15:25:00Z,2336.06,2328.13,2024-07-01T00:00:00Z,2024-06-05T12:00:00Z,0.745688422656165,LONG,0.6405062150963547,72.90863298652961,M5_LATEST_CONFIRMED_OPPOSING_SWING_ELSE_CONTROL,2024-06-05T15:25:00Z,CONFIRMED_25_75_RETEST_SPLIT,2336.06,True,5932c729562e213184988746cb9079ee5cb6b6d399aee30e34093a4736dcd021,0.2716095113346227,1.5796010770370956,2024_06,1.4581726597305922,0.7124842370744272,TARGET,2024-06-05T15:53:00Z,SPLIT_TARGET_TARGET,fbcd923e3dd718abeaa7133f7b74b0219c2da39c626f91f87c9b6accda5c2819,2024-06-05T15:53:00Z,FIRST_RETEST_FILLED,2024-06-05T15:40:00Z,2024-06-05T15:26:00Z,2335.15,True,True,INITIAL_CONFIRMATION_TARGET,33b228aedcaadc714a9b26c6aad569b90ae5b03446d2935fd5f82bc4c65bc801,ff95ff85003a2cd3c33f6182853455c83ab9914eb31bef2c9176ce12a713a3be,2330.980785714286,1.7842857142857156,0.08921428571428579,,M5_LATEST_CONFIRMED_OPPOSING_SWING_ELSE_CONTROL,True,55b1304669a74acc1d565e5754327bf8e1560404f0125a09395593962bb92d92,2024-06-05T15:10:00Z,2331.07,2341.71,f2acd7076781319c6cedd271c08d45b1127921118a6fdd04eba63fe4a4b09087
b1f20b1fbd2b663163ff9650b8d3e97e3ad5ac3a6320c85c0ae7d2c81aa45bb4,2335.15,2024-06-05T15:25:00Z,6daaa2cb91b6416dd124e78791bcfac90fd609c375693e358bbe607265629792,2024-06-05T15:25:00Z,2336.06,2328.13,2024-07-01T00:00:00Z,2024-06-05T12:00:00Z,0.36042217372862406,LONG,0.8362592325706719,53.64532054015256,M15_LATEST_CONFIRMED_OPPOSING_SWING_ELSE_CONTROL,2024-06-05T15:25:00Z,CONFIRMED_25_75_RETEST_SPLIT,2336.06,True,a041f33ad0b310e91eff16f8db358ed5f83a65eed1472a523da436ffec5bee52,0.20140030178171578,1.1623610542029963,2024_06,1.0729064108030513,0.7124842370744272,TARGET,2024-06-05T15:53:00Z,SPLIT_TARGET_TARGET,12aba22fa6fb12c1c9881a12e847ff6c28c1f74b81bbd39824e957acb0d0f9ce,2024-06-05T15:53:00Z,FIRST_RETEST_FILLED,2024-06-05T15:40:00Z,2024-06-05T15:26:00Z,2335.15,True,True,INITIAL_CONFIRMATION_TARGET,7d1df83d7e9d796b181734fd84ecaf510eabcbb6be22701ec32ca85ee2989872,ff95ff85003a2cd3c33f6182853455c83ab9914eb31bef2c9176ce12a713a3be,2329.4284642857147,2.4307142857142674,0.12153571428571337,,M15_LATEST_CONFIRMED_OPPOSING_SWING_ELSE_CONTROL,True,d1841c16fd908d95377be948f9114c8849bbafdafa6a647bbbb8b02cbc5417ea,2024-06-05T13:45:00Z,2329.55,2341.71,f2acd7076781319c6cedd271c08d45b1127921118a6fdd04eba63fe4a4b09087
b1f20b1fbd2b663163ff9650b8d3e97e3ad5ac3a6320c85c0ae7d2c81aa45bb4,2335.15,2024-06-05T15:25:00Z,6daaa2cb91b6416dd124e78791bcfac90fd609c375693e358bbe607265629792,2024-06-05T15:25:00Z,2336.06,2328.13,2024-07-01T00:00:00Z,2024-06-05T12:00:00Z,0.16649152304887638,LONG,1.0,43.94878800616518,CONTROL_V2_FILLED_STOP,2024-06-05T15:25:00Z,CONFIRMED_25_75_RETEST_SPLIT,2336.06,True,50f1e192d5b6877a0dd8a228ac497aa764c186cf42fb8aa613624e57acd7ad8c,0.16566834804542688,0.9523083928821311,2024_06,0.8789757601233036,0.7124842370744272,TARGET,2024-06-05T15:53:00Z,SPLIT_TARGET_TARGET,99452110e493b3e7af3f08ca6a7f1d8d14cec7d690fae9d5b74165e8d8bcb79d,2024-06-05T15:53:00Z,FIRST_RETEST_FILLED,2024-06-05T15:40:00Z,2024-06-05T15:26:00Z,2335.15,True,True,INITIAL_CONFIRMATION_TARGET,bf7b4e378347133372d02f01f92e8b424d3824ad82832671dc7d3b28eb46d64e,ff95ff85003a2cd3c33f6182853455c83ab9914eb31bef2c9176ce12a713a3be,2328.13,4.107857142857126,0.20539285714285632,NOT_STRICTLY_CLOSER_THAN_CONTROL,H1_SOURCE_SWING_BUFFERED_ELSE_CONTROL,False,ff95ff85003a2cd3c33f6182853455c83ab9914eb31bef2c9176ce12a713a3be,2024-06-05T12:00:00Z,2328.13,2341.71,f2acd7076781319c6cedd271c08d45b1127921118a6fdd04eba63fe4a4b09087
8b36f120edbf8f869b654615f7015e0583c58d39a812bd1ec2eea0517fc9259d,2355.26,2024-06-06T02:55:00Z,08b5287ff964cd5411944a2c7a208d1861d00ae970fdcd0d715cc8a073ce9c95,2024-06-06T02:55:00Z,2355.07,2357.81,2024-07-01T00:00:00Z,2024-06-05T21:00:00Z,0.0,SHORT,1.0,-50.0,CONTROL_V2_FILLED_STOP,2024-06-06T02:55:00Z,CONTROL_NEXT_M1_OPEN,2355.07,True,7eae79ff931a2ea66e17b44822da85ac6dd07e0b0c45406f98e17000d3b7220a,1.1861313868614083,0.1897810218978187,2024_06,-1.0,-1.0,STOP,2024-06-06T04:02:00Z,STOP,a9a584318549d2b5e77c790e619bd1e84ac0d5d90a344f6a59be9190c824aab2,2024-06-06T04:02:00Z,FIRST_RETEST_FILLED,2024-06-06T03:10:00Z,2024-06-06T03:00:00Z,2355.26,True,False,RECLAIM_CONFIRMATION_STOP,24e7ac07c5fda9dd62129bec1d3558e90cb2052fe9dac601da421b3ffabcc43b,0c6a2431fc920e7987c0acab9e01749550723d2a5abd147f77dcaf7434f740e4,2357.81,,,,CONTROL_V2_FILLED_STOP,False,,2024-06-06T02:55:00Z,2357.81,2329.55,5156b0885c57358c7012806a0003588464cce31cda31c8c453b761436bff433a
8b36f120edbf8f869b654615f7015e0583c58d39a812bd1ec2eea0517fc9259d,2355.26,2024-06-06T02:55:00Z,08b5287ff964cd5411944a2c7a208d1861d00ae970fdcd0d715cc8a073ce9c95,2024-06-06T02:55:00Z,2355.07,2357.81,2024-07-01T00:00:00Z,2024-06-05T21:00:00Z,0.0,SHORT,0.9358706986443204,-50.0,M5_LATEST_CONFIRMED_OPPOSING_SWING_ELSE_CONTROL,2024-06-06T02:55:00Z,CONTROL_NEXT_M1_OPEN,2355.07,True,c31de4f2d3c9760ab9f99169800d1a350cbdfd9512745ef34781fc9d826b0cfb,1.2674094707523267,0.20278551532036518,2024_06,-1.0,-1.0,STOP,2024-06-06T04:02:00Z,STOP,d0ffac345e9b55547a99ab9be7458d54d6ef87f9668f794b427c71a618d5411a,2024-06-06T04:02:00Z,FIRST_RETEST_FILLED,2024-06-06T03:10:00Z,2024-06-06T03:00:00Z,2355.26,True,False,RECLAIM_CONFIRMATION_STOP,aca091fedf1ef5cf91ee5d3be9bf6fa8b143081ad66f56327986eee3eb24e7f4,0c6a2431fc920e7987c0acab9e01749550723d2a5abd147f77dcaf7434f740e4,2357.6342857142854,0.6857142857142468,0.03428571428571234,,M5_LATEST_CONFIRMED_OPPOSING_SWING_ELSE_CONTROL,True,76ebbdef6e59880fd53a8f9a01c15faf308371d2dd8cf32e6d44ae7bee05c596,2024-06-06T02:20:00Z,2357.6,2329.55,5156b0885c57358c7012806a0003588464cce31cda31c8c453b761436bff433a
8b36f120edbf8f869b654615f7015e0583c58d39a812bd1ec2eea0517fc9259d,2355.26,2024-06-06T02:55:00Z,08b5287ff964cd5411944a2c7a208d1861d00ae970fdcd0d715cc8a073ce9c95,2024-06-06T02:55:00Z,2355.07,2357.81,2024-07-01T00:00:00Z,2024-06-05T21:00:00Z,0.0,SHORT,0.9475886339937784,-50.0,M15_LATEST_CONFIRMED_OPPOSING_SWING_ELSE_CONTROL,2024-06-06T02:55:00Z,CONTROL_NEXT_M1_OPEN,2355.07,True,ddf149c001015ace6a25ec83b062fe58e1678a442abe2341e00bbe8dc22dd302,1.251736612608205,0.2002778580173058,2024_06,-1.0,-1.0,STOP,2024-06-06T04:02:00Z,STOP,ce144a1bd4d1af49b2045ba90df8f44c97858d09f94e568f9025540e9f73cd35,2024-06-06T04:02:00Z,FIRST_RETEST_FILLED,2024-06-06T03:10:00Z,2024-06-06T03:00:00Z,2355.26,True,False,RECLAIM_CONFIRMATION_STOP,028781306d855c89cac60bc223e986561a9dad794e6a8f976d284fb7836e9d78,0c6a2431fc920e7987c0acab9e01749550723d2a5abd147f77dcaf7434f740e4,2357.666392857143,1.3278571428570882,0.06639285714285441,,M15_LATEST_CONFIRMED_OPPOSING_SWING_ELSE_CONTROL,True,1a1e2c93d7ccac5e5aed0164fd2fec85d0f9fa245514647c849a36e6dc30f8cd,2024-06-06T02:45:00Z,2357.6,2329.55,5156b0885c57358c7012806a0003588464cce31cda31c8c453b761436bff433a
8b36f120edbf8f869b654615f7015e0583c58d39a812bd1ec2eea0517fc9259d,2355.26,2024-06-06T02:55:00Z,08b5287ff964cd5411944a2c7a208d1861d00ae970fdcd0d715cc8a073ce9c95,2024-06-06T02:55:00Z,2355.07,2357.81,2024-07-01T00:00:00Z,2024-06-05T21:00:00Z,0.0,SHORT,0.9748696558916717,-50.0,H1_SOURCE_SWING_BUFFERED_ELSE_CONTROL,2024-06-06T02:55:00Z,CONTROL_NEXT_M1_OPEN,2355.07,True,21bb1927975f60895e8886dd749600af2b5a0442cfb0f38a15e9e3e642671692,1.2167076692693901,0.19467322708309562,2024_06,-1.0,-1.0,STOP,2024-06-06T04:02:00Z,STOP,3c19ffe0135bf911c9e66103661995eb85f619f885603d669a7d3ecd943e7ee5,2024-06-06T04:02:00Z,FIRST_RETEST_FILLED,2024-06-06T03:10:00Z,2024-06-06T03:00:00Z,2355.26,True,False,RECLAIM_CONFIRMATION_STOP,e2522bbe76f28cede1ba0783dd3ed10efe3f92a33981b15c795bfcd4f8ebfeb3,0c6a2431fc920e7987c0acab9e01749550723d2a5abd147f77dcaf7434f740e4,2357.741142857143,6.022857142857122,0.3011428571428561,,H1_SOURCE_SWING_BUFFERED_ELSE_CONTROL,True,0c6a2431fc920e7987c0acab9e01749550723d2a5abd147f77dcaf7434f740e4,2024-06-05T21:00:00Z,2357.44,2329.55,5156b0885c57358c7012806a0003588464cce31cda31c8c453b761436bff433a
8b36f120edbf8f869b654615f7015e0583c58d39a812bd1ec2eea0517fc9259d,2355.26,2024-06-06T02:55:00Z,08b5287ff964cd5411944a2c7a208d1861d00ae970fdcd0d715cc8a073ce9c95,2024-06-06T02:55:00Z,2355.07,2357.81,2024-07-01T00:00:00Z,2024-06-05T21:00:00Z,0.0,SHORT,1.0,-50.0,CONTROL_V2_FILLED_STOP,2024-06-06T03:00:00Z,M5_BROKEN_CONTROL_FIRST_RETEST,2355.26,True,7eae79ff931a2ea66e17b44822da85ac6dd07e0b0c45406f98e17000d3b7220a,1.200000000000107,0.2784313725490637,2024_06,-1.0,-1.0,STOP,2024-06-06T04:02:00Z,STOP,fa761cab81b9cbbf5c1a35def3c6119121016f5e0b267a1adc9fc863f511025e,2024-06-06T04:02:00Z,FIRST_RETEST_FILLED,2024-06-06T03:10:00Z,2024-06-06T03:00:00Z,2355.26,True,True,RECLAIM_CONFIRMATION_STOP,7c0b09d26b3b2d68685182753d3b6ce29243e88dc984c19f9766f250ecc3f26c,0c6a2431fc920e7987c0acab9e01749550723d2a5abd147f77dcaf7434f740e4,2357.81,,,,CONTROL_V2_FILLED_STOP,False,,2024-06-06T02:55:00Z,2357.81,2329.55,5156b0885c57358c7012806a0003588464cce31cda31c8c453b761436bff433a
8b36f120edbf8f869b654615f7015e0583c58d39a812bd1ec2eea0517fc9259d,2355.26,2024-06-06T02:55:00Z,08b5287ff964cd5411944a2c7a208d1861d00ae970fdcd0d715cc8a073ce9c95,2024-06-06T02:55:00Z,2355.07,2357.81,2024-07-01T00:00:00Z,2024-06-05T21:00:00Z,0.0,SHORT,0.9358706986443204,-50.0,M5_LATEST_CONFIRMED_OPPOSING_SWING_ELSE_CONTROL,2024-06-06T03:00:00Z,M5_BROKEN_CONTROL_FIRST_RETEST,2355.26,True,c31de4f2d3c9760ab9f99169800d1a350cbdfd9512745ef34781fc9d826b0cfb,1.2888086642601955,0.29903730445254967,2024_06,-1.0,-1.0,STOP,2024-06-06T04:02:00Z,STOP,c16f6eda6cae3729bc12d49cf104992f806f6ca1f62cdfb26acefdf4b185d371,2024-06-06T04:02:00Z,FIRST_RETEST_FILLED,2024-06-06T03:10:00Z,2024-06-06T03:00:00Z,2355.26,True,True,RECLAIM_CONFIRMATION_STOP,2b71436bab9f8c97c4d0239a17f3ca25d265bce13467f8cb6e467964ec7f3c1f,0c6a2431fc920e7987c0acab9e01749550723d2a5abd147f77dcaf7434f740e4,2357.6342857142854,0.6857142857142468,0.03428571428571234,,M5_LATEST_CONFIRMED_OPPOSING_SWING_ELSE_CONTROL,True,76ebbdef6e59880fd53a8f9a01c15faf308371d2dd8cf32e6d44ae7bee05c596,2024-06-06T02:20:00Z,2357.6,2329.55,5156b0885c57358c7012806a0003588464cce31cda31c8c453b761436bff433a
8b36f120edbf8f869b654615f7015e0583c58d39a812bd1ec2eea0517fc9259d,2355.26,2024-06-06T02:55:00Z,08b5287ff964cd5411944a2c7a208d1861d00ae970fdcd0d715cc8a073ce9c95,2024-06-06T02:55:00Z,2355.07,2357.81,2024-07-01T00:00:00Z,2024-06-05T21:00:00Z,0.0,SHORT,0.9475886339937784,-50.0,M15_LATEST_CONFIRMED_OPPOSING_SWING_ELSE_CONTROL,2024-06-06T03:00:00Z,M5_BROKEN_CONTROL_FIRST_RETEST,2355.26,True,ddf149c001015ace6a25ec83b062fe58e1678a442abe2341e00bbe8dc22dd302,1.2716128170498875,0.295047418335125,2024_06,-1.0,-1.0,STOP,2024-06-06T04:02:00Z,STOP,278e7988e312aad8b12dcaea94ad65d83347b4bcad19c38b75bc96a08e14ca3a,2024-06-06T04:02:00Z,FIRST_RETEST_FILLED,2024-06-06T03:10:00Z,2024-06-06T03:00:00Z,2355.26,True,True,RECLAIM_CONFIRMATION_STOP,3820bae9cc405f5b54ac1b6ba44eb154d03eadd79751c2b6aabcebea895bcfc0,0c6a2431fc920e7987c0acab9e01749550723d2a5abd147f77dcaf7434f740e4,2357.666392857143,1.3278571428570882,0.06639285714285441,,M15_LATEST_CONFIRMED_OPPOSING_SWING_ELSE_CONTROL,True,1a1e2c93d7ccac5e5aed0164fd2fec85d0f9fa245514647c849a36e6dc30f8cd,2024-06-06T02:45:00Z,2357.6,2329.55,5156b0885c57358c7012806a0003588464cce31cda31c8c453b761436bff433a
8b36f120edbf8f869b654615f7015e0583c58d39a812bd1ec2eea0517fc9259d,2355.26,2024-06-06T02:55:00Z,08b5287ff964cd5411944a2c7a208d1861d00ae970fdcd0d715cc8a073ce9c95,2024-06-06T02:55:00Z,2355.07,2357.81,2024-07-01T00:00:00Z,2024-06-05T21:00:00Z,0.0,SHORT,0.9748696558916717,-50.0,H1_SOURCE_SWING_BUFFERED_ELSE_CONTROL,2024-06-06T03:00:00Z,M5_BROKEN_CONTROL_FIRST_RETEST,2355.26,True,21bb1927975f60895e8886dd749600af2b5a0442cfb0f38a15e9e3e642671692,1.2333026255181445,0.2861584523261252,2024_06,-1.0,-1.0,STOP,2024-06-06T04:02:00Z,STOP,3980c9ff5946caad07b711c557b905803273b1fb1d1f667090faf61b334647c9,2024-06-06T04:02:00Z,FIRST_RETEST_FILLED,2024-06-06T03:10:00Z,2024-06-06T03:00:00Z,2355.26,True,True,RECLAIM_CONFIRMATION_STOP,4dacda9fe7f390f11b8b7a48159db967a779aede5d3e41b337252ffa9ae2cc71,0c6a2431fc920e7987c0acab9e01749550723d2a5abd147f77dcaf7434f740e4,2357.741142857143,6.022857142857122,0.3011428571428561,,H1_SOURCE_SWING_BUFFERED_ELSE_CONTROL,True,0c6a2431fc920e7987c0acab9e01749550723d2a5abd147f77dcaf7434f740e4,2024-06-05T21:00:00Z,2357.44,2329.55,5156b0885c57358c7012806a0003588464cce31cda31c8c453b761436bff433a
8b36f120edbf8f869b654615f7015e0583c58d39a812bd1ec2eea0517fc9259d,2355.26,2024-06-06T02:55:00Z,08b5287ff964cd5411944a2c7a208d1861d00ae970fdcd0d715cc8a073ce9c95,2024-06-06T02:55:00Z,2355.07,2357.81,2024-07-01T00:00:00Z,2024-06-05T21:00:00Z,0.0,SHORT,1.0,-50.0,CONTROL_V2_FILLED_STOP,2024-06-06T02:55:00Z,CONFIRMED_25_75_RETEST_SPLIT,2355.07,True,7eae79ff931a2ea66e17b44822da85ac6dd07e0b0c45406f98e17000d3b7220a,1.1965328467154324,0.25626878488625243,2024_06,-1.0,-1.0,STOP,2024-06-06T04:02:00Z,SPLIT_STOP_STOP,4e4ec11d06f44540f9a362fb9f0778d8a1f5ad6a44c6a5ffa4825468c366355c,2024-06-06T04:02:00Z,FIRST_RETEST_FILLED,2024-06-06T03:10:00Z,2024-06-06T03:00:00Z,2355.26,True,True,RECLAIM_CONFIRMATION_STOP,30f74dde444887370e0349d9b570a6e8a20811d9bebdb9cf5a242427cbe3339c,0c6a2431fc920e7987c0acab9e01749550723d2a5abd147f77dcaf7434f740e4,2357.81,,,,CONTROL_V2_FILLED_STOP,False,,2024-06-06T02:55:00Z,2357.81,2329.55,5156b0885c57358c7012806a0003588464cce31cda31c8c453b761436bff433a
8b36f120edbf8f869b654615f7015e0583c58d39a812bd1ec2eea0517fc9259d,2355.26,2024-06-06T02:55:00Z,08b5287ff964cd5411944a2c7a208d1861d00ae970fdcd0d715cc8a073ce9c95,2024-06-06T02:55:00Z,2355.07,2357.81,2024-07-01T00:00:00Z,2024-06-05T21:00:00Z,0.0,SHORT,0.9358706986443204,-50.0,M5_LATEST_CONFIRMED_OPPOSING_SWING_ELSE_CONTROL,2024-06-06T02:55:00Z,CONFIRMED_25_75_RETEST_SPLIT,2355.07,True,c31de4f2d3c9760ab9f99169800d1a350cbdfd9512745ef34781fc9d826b0cfb,1.2834588658832282,0.2749743571695036,2024_06,-1.0,-1.0,STOP,2024-06-06T04:02:00Z,SPLIT_STOP_STOP,6f4e71cbe775d062d1ea06fd30f1e40ac4a6244cab7bc058a1498f9b11b8193b,2024-06-06T04:02:00Z,FIRST_RETEST_FILLED,2024-06-06T03:10:00Z,2024-06-06T03:00:00Z,2355.26,True,True,RECLAIM_CONFIRMATION_STOP,634850a0727bcc884ba2164b3dc67df23579633ee27b94c6c2fee6c3dfe69a25,0c6a2431fc920e7987c0acab9e01749550723d2a5abd147f77dcaf7434f740e4,2357.6342857142854,0.6857142857142468,0.03428571428571234,,M5_LATEST_CONFIRMED_OPPOSING_SWING_ELSE_CONTROL,True,76ebbdef6e59880fd53a8f9a01c15faf308371d2dd8cf32e6d44ae7bee05c596,2024-06-06T02:20:00Z,2357.6,2329.55,5156b0885c57358c7012806a0003588464cce31cda31c8c453b761436bff433a
8b36f120edbf8f869b654615f7015e0583c58d39a812bd1ec2eea0517fc9259d,2355.26,2024-06-06T02:55:00Z,08b5287ff964cd5411944a2c7a208d1861d00ae970fdcd0d715cc8a073ce9c95,2024-06-06T02:55:00Z,2355.07,2357.81,2024-07-01T00:00:00Z,2024-06-05T21:00:00Z,0.0,SHORT,0.9475886339937784,-50.0,M15_LATEST_CONFIRMED_OPPOSING_SWING_ELSE_CONTROL,2024-06-06T02:55:00Z,CONFIRMED_25_75_RETEST_SPLIT,2355.07,True,ddf149c001015ace6a25ec83b062fe58e1678a442abe2341e00bbe8dc22dd302,1.266643765939467,0.27135502825567015,2024_06,-1.0,-1.0,STOP,2024-06-06T04:02:00Z,SPLIT_STOP_STOP,e530dc786a866f8955173d6bcec8abf6aac9b0f434e36e0b0d4ec5cebeed430b,2024-06-06T04:02:00Z,FIRST_RETEST_FILLED,2024-06-06T03:10:00Z,2024-06-06T03:00:00Z,2355.26,True,True,RECLAIM_CONFIRMATION_STOP,d0b03dcb3fa796369abf2d1072d025411f5f3d40a8dd252269d7223871f4095e,0c6a2431fc920e7987c0acab9e01749550723d2a5abd147f77dcaf7434f740e4,2357.666392857143,1.3278571428570882,0.06639285714285441,,M15_LATEST_CONFIRMED_OPPOSING_SWING_ELSE_CONTROL,True,1a1e2c93d7ccac5e5aed0164fd2fec85d0f9fa245514647c849a36e6dc30f8cd,2024-06-06T02:45:00Z,2357.6,2329.55,5156b0885c57358c7012806a0003588464cce31cda31c8c453b761436bff433a
8b36f120edbf8f869b654615f7015e0583c58d39a812bd1ec2eea0517fc9259d,2355.26,2024-06-06T02:55:00Z,08b5287ff964cd5411944a2c7a208d1861d00ae970fdcd0d715cc8a073ce9c95,2024-06-06T02:55:00Z,2355.07,2357.81,2024-07-01T00:00:00Z,2024-06-05T21:00:00Z,0.0,SHORT,0.9748696558916717,-50.0,H1_SOURCE_SWING_BUFFERED_ELSE_CONTROL,2024-06-06T02:55:00Z,CONFIRMED_25_75_RETEST_SPLIT,2355.07,True,21bb1927975f60895e8886dd749600af2b5a0442cfb0f38a15e9e3e642671692,1.229153886455956,0.2632871460153678,2024_06,-1.0,-1.0,STOP,2024-06-06T04:02:00Z,SPLIT_STOP_STOP,dcd32b75b19035a874fe061edfefdd11b0bd6519fb09a82cf3612c47221dc8b5,2024-06-06T04:02:00Z,FIRST_RETEST_FILLED,2024-06-06T03:10:00Z,2024-06-06T03:00:00Z,2355.26,True,True,RECLAIM_CONFIRMATION_STOP,78fe7fbc6a28af8c88672f90b2b08e83eebf6efb14b42d31086a8e86b8329c87,0c6a2431fc920e7987c0acab9e01749550723d2a5abd147f77dcaf7434f740e4,2357.741142857143,6.022857142857122,0.3011428571428561,,H1_SOURCE_SWING_BUFFERED_ELSE_CONTROL,True,0c6a2431fc920e7987c0acab9e01749550723d2a5abd147f77dcaf7434f740e4,2024-06-05T21:00:00Z,2357.44,2329.55,5156b0885c57358c7012806a0003588464cce31cda31c8c453b761436bff433a
54485fb2b8c083c13ee9789c3866f87eed07331e926ca3d8b4a1cb55fbf73316,2367.55,2024-06-06T09:05:00Z,e0061f96fd85fc2ec92b7cc21c9d97bbba160a71b9b76ec3b9e594fce1d47d34,2024-06-06T09:05:00Z,2367.16,2374.98,2024-07-01T00:00:00Z,2024-06-06T09:00:00Z,0.0,SHORT,1.0,80.62659846546937,CONTROL_V2_FILLED_STOP,2024-06-06T09:05:00Z,CONTROL_NEXT_M1_OPEN,2367.16,True,1ba0096d4bba6dc42e42e1f7610e1d261eac9d96372486b3ece038e2904f66b0,0.15473145780051292,1.661125319693032,2024_06,1.6125319693093874,1.6125319693093874,TARGET,2024-06-06T16:05:00Z,TARGET,43c41ed69ee60cc060a69441d47683baeeb373a353bb68fe502e06cad59ca9f6,2024-06-06T16:05:00Z,FIRST_RETEST_FILLED,2024-06-06T09:20:00Z,2024-06-06T09:05:00Z,2367.55,True,False,INITIAL_CONFIRMATION_TARGET,f26d5b4b2cf569fb021d8404ebe9fe604ba689850d26cb63f59786e935a25f59,c7c31cc10fc410f11a78b0a3e20976b653149900997e75a77bbb11a8a701967c,2374.98,,,,CONTROL_V2_FILLED_STOP,False,,2024-06-06T09:05:00Z,2374.98,2354.55,ec4c6b3453f1609012afcab07c0658e0f64c789c76471f3ce1343aa208fc86a6
54485fb2b8c083c13ee9789c3866f87eed07331e926ca3d8b4a1cb55fbf73316,2367.55,2024-06-06T09:05:00Z,e0061f96fd85fc2ec92b7cc21c9d97bbba160a71b9b76ec3b9e594fce1d47d34,2024-06-06T09:05:00Z,2367.16,2374.98,2024-07-01T00:00:00Z,2024-06-06T09:00:00Z,3.4361560981811037,SHORT,0.3193962367556043,252.43440337452455,M5_LATEST_CONFIRMED_OPPOSING_SWING_ELSE_CONTROL,2024-06-06T09:05:00Z,CONTROL_NEXT_M1_OPEN,2367.16,True,10365309cf69422d300cffcd91cd3f56e8c51ff0eb5cb8006378cc324f4c8d9f,0.48444984628579196,5.200829341530696,2024_06,5.048688067490491,1.6125319693093874,TARGET,2024-06-06T16:05:00Z,TARGET,5d47426c727f5abf865a30a6c1f077b4eae8baaf9fb2cccf76306c6dfa2214ab,2024-06-06T16:05:00Z,FIRST_RETEST_FILLED,2024-06-06T09:20:00Z,2024-06-06T09:05:00Z,2367.55,True,False,INITIAL_CONFIRMATION_TARGET,a5d04f7df37ef8e5a096b0d2b2df05da8e957acff6b75ac25f234bb0b2eb0b48,c7c31cc10fc410f11a78b0a3e20976b653149900997e75a77bbb11a8a701967c,2369.6576785714287,1.3535714285714806,0.06767857142857403,,M5_LATEST_CONFIRMED_OPPOSING_SWING_ELSE_CONTROL,True,e990a51ec7355119b69da24f11863eb9ebacf16462c9041d61b4417b30653ebf,2024-06-06T08:55:00Z,2369.59,2354.55,ec4c6b3453f1609012afcab07c0658e0f64c789c76471f3ce1343aa208fc86a6
54485fb2b8c083c13ee9789c3866f87eed07331e926ca3d8b4a1cb55fbf73316,2367.55,2024-06-06T09:05:00Z,e0061f96fd85fc2ec92b7cc21c9d97bbba160a71b9b76ec3b9e594fce1d47d34,2024-06-06T09:05:00Z,2367.16,2374.98,2024-07-01T00:00:00Z,2024-06-06T09:00:00Z,1.247781864829782,SHORT,0.5637605042016971,143.01569170695848,M15_LATEST_CONFIRMED_OPPOSING_SWING_ELSE_CONTROL,2024-06-06T09:05:00Z,CONTROL_NEXT_M1_OPEN,2367.16,True,8a3971a86bcd84e9da7ccf1847d2de58e142ffb8c0698a92a14b321b0ae43559,0.2744631038309745,2.946508858482803,2024_06,2.8603138341391694,1.6125319693093874,TARGET,2024-06-06T16:05:00Z,TARGET,81dc1469402c28d7c86c524e9fe636c1bdbaa358bb45b574502566662887c541,2024-06-06T16:05:00Z,FIRST_RETEST_FILLED,2024-06-06T09:20:00Z,2024-06-06T09:05:00Z,2367.55,True,False,INITIAL_CONFIRMATION_TARGET,be7e5c602e33595f7e8d7b34d4e03b0e0a36c475dd2a35bd56e71dc687c4309d,c7c31cc10fc410f11a78b0a3e20976b653149900997e75a77bbb11a8a701967c,2371.568607142857,2.572142857142938,0.1286071428571469,,M15_LATEST_CONFIRMED_OPPOSING_SWING_ELSE_CONTROL,True,fa002667a3eeb45012acb2e1e6b70d2c4174669dd49749830a60fe988a62debc,2024-06-06T08:45:00Z,2371.44,2354.55,ec4c6b3453f1609012afcab07c0658e0f64c789c76471f3ce1343aa208fc86a6
54485fb2b8c083c13ee9789c3866f87eed07331e926ca3d8b4a1cb55fbf73316,2367.55,2024-06-06T09:05:00Z,e0061f96fd85fc2ec92b7cc21c9d97bbba160a71b9b76ec3b9e594fce1d47d34,2024-06-06T09:05:00Z,2367.16,2374.98,2024-07-01T00:00:00Z,2024-06-06T09:00:00Z,0.0,SHORT,1.0,80.62659846546937,CONTROL_V2_FILLED_STOP,2024-06-06T09:05:00Z,CONTROL_NEXT_M1_OPEN,2367.16,True,899b780da241070f0cf2ff570ef2577589db883f141def80e6edf294552c7f6e,0.15473145780051292,1.661125319693032,2024_06,1.6125319693093874,1.6125319693093874,TARGET,2024-06-06T16:05:00Z,TARGET,a6b69603d5ccbc6bb8868be834620e3adf8884216cdbbacc36336ee271bfffc3,2024-06-06T16:05:00Z,FIRST_RETEST_FILLED,2024-06-06T09:20:00Z,2024-06-06T09:05:00Z,2367.55,True,False,INITIAL_CONFIRMATION_TARGET,5392182bed05f59935c7d3d23571b4344eac27cc259094633ab7c0ddf7e6c28b,c7c31cc10fc410f11a78b0a3e20976b653149900997e75a77bbb11a8a701967c,2374.98,6.434285714285774,0.32171428571428873,NOT_STRICTLY_CLOSER_THAN_CONTROL,H1_SOURCE_SWING_BUFFERED_ELSE_CONTROL,False,c7c31cc10fc410f11a78b0a3e20976b653149900997e75a77bbb11a8a701967c,2024-06-06T09:00:00Z,2374.98,2354.55,ec4c6b3453f1609012afcab07c0658e0f64c789c76471f3ce1343aa208fc86a6
54485fb2b8c083c13ee9789c3866f87eed07331e926ca3d8b4a1cb55fbf73316,2367.55,2024-06-06T09:05:00Z,e0061f96fd85fc2ec92b7cc21c9d97bbba160a71b9b76ec3b9e594fce1d47d34,2024-06-06T09:05:00Z,2367.16,2374.98,2024-07-01T00:00:00Z,2024-06-06T09:00:00Z,0.1371315569356042,SHORT,1.0,87.48317631224958,CONTROL_V2_FILLED_STOP,2024-06-06T09:05:00Z,M5_BROKEN_CONTROL_FIRST_RETEST,2367.55,True,1ba0096d4bba6dc42e42e1f7610e1d261eac9d96372486b3ece038e2904f66b0,0.11036339165541413,1.8008075370121674,2024_06,1.7496635262449916,1.6125319693093874,TARGET,2024-06-06T16:05:00Z,TARGET,b959c91bdfde50bab41e7ef8193160c2052d917563976a062186217a51e393da,2024-06-06T16:05:00Z,FIRST_RETEST_FILLED,2024-06-06T09:20:00Z,2024-06-06T09:05:00Z,2367.55,True,True,INITIAL_CONFIRMATION_TARGET,093c623d66ecc126559ecb3bda23bedbf116558fc5e5d2c0d357c31d5fc79a44,c7c31cc10fc410f11a78b0a3e20976b653149900997e75a77bbb11a8a701967c,2374.98,,,,CONTROL_V2_FILLED_STOP,False,,2024-06-06T09:05:00Z,2374.98,2354.55,ec4c6b3453f1609012afcab07c0658e0f64c789c76471f3ce1343aa208fc86a6
54485fb2b8c083c13ee9789c3866f87eed07331e926ca3d8b4a1cb55fbf73316,2367.55,2024-06-06T09:05:00Z,e0061f96fd85fc2ec92b7cc21c9d97bbba160a71b9b76ec3b9e594fce1d47d34,2024-06-06T09:05:00Z,2367.16,2374.98,2024-07-01T00:00:00Z,2024-06-06T09:00:00Z,4.555391439993393,SHORT,0.3193962367556043,308.396170465139,M5_LATEST_CONFIRMED_OPPOSING_SWING_ELSE_CONTROL,2024-06-06T09:05:00Z,M5_BROKEN_CONTROL_FIRST_RETEST,2367.55,True,10365309cf69422d300cffcd91cd3f56e8c51ff0eb5cb8006378cc324f4c8d9f,0.38905363043280655,6.348216555113221,2024_06,6.16792340930278,1.6125319693093874,TARGET,2024-06-06T16:05:00Z,TARGET,02f3fa1423828c160ef1a287996759e06207b0c9ad2d1d5df16e6063fcf712b5,2024-06-06T16:05:00Z,FIRST_RETEST_FILLED,2024-06-06T09:20:00Z,2024-06-06T09:05:00Z,2367.55,True,True,INITIAL_CONFIRMATION_TARGET,19c5a16e4e3978618badc227c7b27256b95e93fefac5c3e371c0f854f5613221,c7c31cc10fc410f11a78b0a3e20976b653149900997e75a77bbb11a8a701967c,2369.6576785714287,1.3535714285714806,0.06767857142857403,,M5_LATEST_CONFIRMED_OPPOSING_SWING_ELSE_CONTROL,True,e990a51ec7355119b69da24f11863eb9ebacf16462c9041d61b4417b30653ebf,2024-06-06T08:55:00Z,2369.59,2354.55,ec4c6b3453f1609012afcab07c0658e0f64c789c76471f3ce1343aa208fc86a6
54485fb2b8c083c13ee9789c3866f87eed07331e926ca3d8b4a1cb55fbf73316,2367.55,2024-06-06T09:05:00Z,e0061f96fd85fc2ec92b7cc21c9d97bbba160a71b9b76ec3b9e594fce1d47d34,2024-06-06T09:05:00Z,2367.16,2374.98,2024-07-01T00:00:00Z,2024-06-06T09:00:00Z,1.6224197285959787,SHORT,0.5637605042016971,161.7475848952683,M15_LATEST_CONFIRMED_OPPOSING_SWING_ELSE_CONTROL,2024-06-06T09:05:00Z,M5_BROKEN_CONTROL_FIRST_RETEST,2367.55,True,8a3971a86bcd84e9da7ccf1847d2de58e142ffb8c0698a92a14b321b0ae43559,0.20405079940626605,3.32951182445955,2024_06,3.234951697905366,1.6125319693093874,TARGET,2024-06-06T16:05:00Z,TARGET,780aba851b1c7869efa482831a46ab53b7ff6b0a0a85433dad8a4e39a24b22bc,2024-06-06T16:05:00Z,FIRST_RETEST_FILLED,2024-06-06T09:20:00Z,2024-06-06T09:05:00Z,2367.55,True,True,INITIAL_CONFIRMATION_TARGET,058fa4151cfc72842c5ee814b540ebfc02c3147bc74aec5122a38c342687ea0e,c7c31cc10fc410f11a78b0a3e20976b653149900997e75a77bbb11a8a701967c,2371.568607142857,2.572142857142938,0.1286071428571469,,M15_LATEST_CONFIRMED_OPPOSING_SWING_ELSE_CONTROL,True,fa002667a3eeb45012acb2e1e6b70d2c4174669dd49749830a60fe988a62debc,2024-06-06T08:45:00Z,2371.44,2354.55,ec4c6b3453f1609012afcab07c0658e0f64c789c76471f3ce1343aa208fc86a6
54485fb2b8c083c13ee9789c3866f87eed07331e926ca3d8b4a1cb55fbf73316,2367.55,2024-06-06T09:05:00Z,e0061f96fd85fc2ec92b7cc21c9d97bbba160a71b9b76ec3b9e594fce1d47d34,2024-06-06T09:05:00Z,2367.16,2374.98,2024-07-01T00:00:00Z,2024-06-06T09:00:00Z,0.1371315569356042,SHORT,1.0,87.48317631224958,CONTROL_V2_FILLED_STOP,2024-06-06T09:05:00Z,M5_BROKEN_CONTROL_FIRST_RETEST,2367.55,True,899b780da241070f0cf2ff570ef2577589db883f141def80e6edf294552c7f6e,0.11036339165541413,1.8008075370121674,2024_06,1.7496635262449916,1.6125319693093874,TARGET,2024-06-06T16:05:00Z,TARGET,05ce83fa06febef685cf7d5c2f9d43c8f0d629a19ef77ec7eab853628ca89358,2024-06-06T16:05:00Z,FIRST_RETEST_FILLED,2024-06-06T09:20:00Z,2024-06-06T09:05:00Z,2367.55,True,True,INITIAL_CONFIRMATION_TARGET,510ae9b8176c05c98ef4e7b69883c82b334d878ee1fce1c844e51af296cc1c96,c7c31cc10fc410f11a78b0a3e20976b653149900997e75a77bbb11a8a701967c,2374.98,6.434285714285774,0.32171428571428873,NOT_STRICTLY_CLOSER_THAN_CONTROL,H1_SOURCE_SWING_BUFFERED_ELSE_CONTROL,False,c7c31cc10fc410f11a78b0a3e20976b653149900997e75a77bbb11a8a701967c,2024-06-06T09:00:00Z,2374.98,2354.55,ec4c6b3453f1609012afcab07c0658e0f64c789c76471f3ce1343aa208fc86a6
54485fb2b8c083c13ee9789c3866f87eed07331e926ca3d8b4a1cb55fbf73316,2367.55,2024-06-06T09:05:00Z,e0061f96fd85fc2ec92b7cc21c9d97bbba160a71b9b76ec3b9e594fce1d47d34,2024-06-06T09:05:00Z,2367.16,2374.98,2024-07-01T00:00:00Z,2024-06-06T09:00:00Z,0.10284866770170309,SHORT,1.0,85.76903185055453,CONTROL_V2_FILLED_STOP,2024-06-06T09:05:00Z,CONFIRMED_25_75_RETEST_SPLIT,2367.16,True,1ba0096d4bba6dc42e42e1f7610e1d261eac9d96372486b3ece038e2904f66b0,0.12145540819168882,1.7658869826823838,2024_06,1.7153806370110904,1.6125319693093874,TARGET,2024-06-06T16:05:00Z,SPLIT_TARGET_TARGET,26f38a64b6d864a70b31d151a71db7ae2671d6a9bcbe962554d5faf4e7f05964,2024-06-06T16:05:00Z,FIRST_RETEST_FILLED,2024-06-06T09:20:00Z,2024-06-06T09:05:00Z,2367.55,True,True,INITIAL_CONFIRMATION_TARGET,f6943da72d04438e257758c692a638025b3518b07f5157232b2ab27c1f6e87d4,c7c31cc10fc410f11a78b0a3e20976b653149900997e75a77bbb11a8a701967c,2374.98,,,,CONTROL_V2_FILLED_STOP,False,,2024-06-06T09:05:00Z,2374.98,2354.55,ec4c6b3453f1609012afcab07c0658e0f64c789c76471f3ce1343aa208fc86a6
54485fb2b8c083c13ee9789c3866f87eed07331e926ca3d8b4a1cb55fbf73316,2367.55,2024-06-06T09:05:00Z,e0061f96fd85fc2ec92b7cc21c9d97bbba160a71b9b76ec3b9e594fce1d47d34,2024-06-06T09:05:00Z,2367.16,2374.98,2024-07-01T00:00:00Z,2024-06-06T09:00:00Z,4.275582604540321,SHORT,0.3193962367556043,294.4057286924854,M5_LATEST_CONFIRMED_OPPOSING_SWING_ELSE_CONTROL,2024-06-06T09:05:00Z,CONFIRMED_25_75_RETEST_SPLIT,2367.16,True,10365309cf69422d300cffcd91cd3f56e8c51ff0eb5cb8006378cc324f4c8d9f,0.41290268439605293,6.0613697517175895,2024_06,5.888114573849708,1.6125319693093874,TARGET,2024-06-06T16:05:00Z,SPLIT_TARGET_TARGET,257a80988bf78034d40905a6b3c3b2a9a57cc53a5244191c28ad54cbd5175b2a,2024-06-06T16:05:00Z,FIRST_RETEST_FILLED,2024-06-06T09:20:00Z,2024-06-06T09:05:00Z,2367.55,True,True,INITIAL_CONFIRMATION_TARGET,7b462605c3927476ca77f209a0e436c472520eb09dc9a8c5df7a762c456be957,c7c31cc10fc410f11a78b0a3e20976b653149900997e75a77bbb11a8a701967c,2369.6576785714287,1.3535714285714806,0.06767857142857403,,M5_LATEST_CONFIRMED_OPPOSING_SWING_ELSE_CONTROL,True,e990a51ec7355119b69da24f11863eb9ebacf16462c9041d61b4417b30653ebf,2024-06-06T08:55:00Z,2369.59,2354.55,ec4c6b3453f1609012afcab07c0658e0f64c789c76471f3ce1343aa208fc86a6
54485fb2b8c083c13ee9789c3866f87eed07331e926ca3d8b4a1cb55fbf73316,2367.55,2024-06-06T09:05:00Z,e0061f96fd85fc2ec92b7cc21c9d97bbba160a71b9b76ec3b9e594fce1d47d34,2024-06-06T09:05:00Z,2367.16,2374.98,2024-07-01T00:00:00Z,2024-06-06T09:00:00Z,1.5287602626544297,SHORT,0.5637605042016971,157.06461159819085,M15_LATEST_CONFIRMED_OPPOSING_SWING_ELSE_CONTROL,2024-06-06T09:05:00Z,CONFIRMED_25_75_RETEST_SPLIT,2367.16,True,8a3971a86bcd84e9da7ccf1847d2de58e142ffb8c0698a92a14b321b0ae43559,0.22165387551244317,3.2337610829653634,2024_06,3.141292231963817,1.6125319693093874,TARGET,2024-06-06T16:05:00Z,SPLIT_TARGET_TARGET,e7adf1183478cb37c81b1616db6e737137386be32fce38ef13f3042ed9c4b000,2024-06-06T16:05:00Z,FIRST_RETEST_FILLED,2024-06-06T09:20:00Z,2024-06-06T09:05:00Z,2367.55,True,True,INITIAL_CONFIRMATION_TARGET,f41350180e725828d3ac07844194cb37e8eec3768e74a1aaa9d002bb2c540c20,c7c31cc10fc410f11a78b0a3e20976b653149900997e75a77bbb11a8a701967c,2371.568607142857,2.572142857142938,0.1286071428571469,,M15_LATEST_CONFIRMED_OPPOSING_SWING_ELSE_CONTROL,True,fa002667a3eeb45012acb2e1e6b70d2c4174669dd49749830a60fe988a62debc,2024-06-06T08:45:00Z,2371.44,2354.55,ec4c6b3453f1609012afcab07c0658e0f64c789c76471f3ce1343aa208fc86a6
54485fb2b8c083c13ee9789c3866f87eed07331e926ca3d8b4a1cb55fbf73316,2367.55,2024-06-06T09:05:00Z,e0061f96fd85fc2ec92b7cc21c9d97bbba160a71b9b76ec3b9e594fce1d47d34,2024-06-06T09:05:00Z,2367.16,2374.98,2024-07-01T00:00:00Z,2024-06-06T09:00:00Z,0.10284866770170309,SHORT,1.0,85.76903185055453,CONTROL_V2_FILLED_STOP,2024-06-06T09:05:00Z,CONFIRMED_25_75_RETEST_SPLIT,2367.16,True,899b780da241070f0cf2ff570ef2577589db883f141def80e6edf294552c7f6e,0.12145540819168882,1.7658869826823838,2024_06,1.7153806370110904,1.6125319693093874,TARGET,2024-06-06T16:05:00Z,SPLIT_TARGET_TARGET,40e9ee1b46f362aef14a5c4614592f2c5f1c5fc92f83ea1c8d9640eff51dd3dd,2024-06-06T16:05:00Z,FIRST_RETEST_FILLED,2024-06-06T09:20:00Z,2024-06-06T09:05:00Z,2367.55,True,True,INITIAL_CONFIRMATION_TARGET,52f963f3713432cf05a52dd28d988447c429bb1539da50e14cbaad62722d7f8f,c7c31cc10fc410f11a78b0a3e20976b653149900997e75a77bbb11a8a701967c,2374.98,6.434285714285774,0.32171428571428873,NOT_STRICTLY_CLOSER_THAN_CONTROL,H1_SOURCE_SWING_BUFFERED_ELSE_CONTROL,False,c7c31cc10fc410f11a78b0a3e20976b653149900997e75a77bbb11a8a701967c,2024-06-06T09:00:00Z,2374.98,2354.55,ec4c6b3453f1609012afcab07c0658e0f64c789c76471f3ce1343aa208fc86a6
2959faa17f62112d32ee027d28a25c283daa23f8bab83f83e0ba9ccfbc32c202,2370.73,2024-06-06T21:10:00Z,59d4bb6982dcf59fa2253978863a586a69c8b7f3541fdfe2c22f0a5f9d9be916,2024-06-06T21:10:00Z,2369.12,2378.52,2024-07-01T00:00:00Z,2024-06-06T21:00:00Z,0.0,SHORT,1.0,-50.0,CONTROL_V2_FILLED_STOP,2024-06-06T21:10:00Z,CONTROL_NEXT_M1_OPEN,2369.12,True,d3b491ae767ad869fbe80e60128faa4e57376e5b9a64b763d1668ec632b25740,1.0148936170212628,0.0,2024_06,-1.0,-1.0,STOP,2024-06-07T03:46:00Z,STOP,8c5ee650a37ad8fa0261b4e5d570e8c4b7f217eeac14356a73472b223050b4db,2024-06-07T03:46:00Z,FIRST_RETEST_FILLED,2024-06-06T21:25:00Z,2024-06-06T21:15:00Z,2370.73,True,False,INITIAL_CONFIRMATION_STOP,f2914cf7d85037995dd5f75019faadb3489a59b81fd1dd87c6398117a3eda2b0,6c891a9a77ce49f1aff66bd4bb351947fd78efd14cf359c3a4a55c76d98ae75d,2378.52,,,,CONTROL_V2_FILLED_STOP,False,,2024-06-06T21:10:00Z,2378.52,2353.5,8bdcce03a154ecd54c706de086ab7eff45ff87294ecfd7dc94d41db31ee9dc53
2959faa17f62112d32ee027d28a25c283daa23f8bab83f83e0ba9ccfbc32c202,2370.73,2024-06-06T21:10:00Z,59d4bb6982dcf59fa2253978863a586a69c8b7f3541fdfe2c22f0a5f9d9be916,2024-06-06T21:10:00Z,2369.12,2378.52,2024-07-01T00:00:00Z,2024-06-06T21:00:00Z,0.0,SHORT,0.5340995440729598,-50.0,M5_LATEST_CONFIRMED_OPPOSING_SWING_ELSE_CONTROL,2024-06-06T21:10:00Z,CONTROL_NEXT_M1_OPEN,2369.12,True,54ba2835e49a7146ae044941dfdc032d984083c858f758d6dc1df258ecd6a0bd,1.1512715632224833,0.0,2024_06,-1.0,-1.0,STOP,2024-06-07T03:46:00Z,STOP,d0c2aae0d77fc78a2272a68140b10e8f2b26716a5139aa84c315d37ff02c6924,2024-06-06T22:15:00Z,FIRST_RETEST_FILLED,2024-06-06T21:25:00Z,2024-06-06T21:15:00Z,2370.73,True,False,INITIAL_CONFIRMATION_STOP,2ef67729483d91ff1d1f4f580b7944e7549623d86e0088f7cc5561ea36954c76,6c891a9a77ce49f1aff66bd4bb351947fd78efd14cf359c3a4a55c76d98ae75d,2374.1405357142858,1.6107142857142338,0.0805357142857117,,M5_LATEST_CONFIRMED_OPPOSING_SWING_ELSE_CONTROL,True,68fc82fa5349b5b343859b80b268797156a1b350c79c1c1827031c4c4786dd45,2024-06-06T21:05:00Z,2374.06,2353.5,8bdcce03a154ecd54c706de086ab7eff45ff87294ecfd7dc94d41db31ee9dc53
2959faa17f62112d32ee027d28a25c283daa23f8bab83f83e0ba9ccfbc32c202,2370.73,2024-06-06T21:10:00Z,59d4bb6982dcf59fa2253978863a586a69c8b7f3541fdfe2c22f0a5f9d9be916,2024-06-06T21:10:00Z,2369.12,2378.52,2024-07-01T00:00:00Z,2024-06-06T21:00:00Z,0.0,SHORT,1.0,-50.0,CONTROL_V2_FILLED_STOP,2024-06-06T21:10:00Z,CONTROL_NEXT_M1_OPEN,2369.12,True,b4efa7019e5397e6243a719d776a8c665b3fd4a60ea28eb0320ebe0c911a48ed,1.0148936170212628,0.0,2024_06,-1.0,-1.0,STOP,2024-06-07T03:46:00Z,STOP,77e8f07868fe210a1364152d3a2fa6936cecbccb32583411a83ca1422c4591cc,2024-06-07T03:46:00Z,FIRST_RETEST_FILLED,2024-06-06T21:25:00Z,2024-06-06T21:15:00Z,2370.73,True,False,INITIAL_CONFIRMATION_STOP,6f06fb743fcebe904c44ba8efccce1dc67cf184259542772e9a0bb286ad25e8f,6c891a9a77ce49f1aff66bd4bb351947fd78efd14cf359c3a4a55c76d98ae75d,2378.52,3.7942857142856417,0.1897142857142821,NOT_STRICTLY_CLOSER_THAN_CONTROL,M15_LATEST_CONFIRMED_OPPOSING_SWING_ELSE_CONTROL,False,190c7aae4faa175d2b1cede04245ba7aae06a564cdf310540d1e4eb59e1abc53,2024-06-06T19:30:00Z,2378.52,2353.5,8bdcce03a154ecd54c706de086ab7eff45ff87294ecfd7dc94d41db31ee9dc53
2959faa17f62112d32ee027d28a25c283daa23f8bab83f83e0ba9ccfbc32c202,2370.73,2024-06-06T21:10:00Z,59d4bb6982dcf59fa2253978863a586a69c8b7f3541fdfe2c22f0a5f9d9be916,2024-06-06T21:10:00Z,2369.12,2378.52,2024-07-01T00:00:00Z,2024-06-06T21:00:00Z,0.0,SHORT,1.0,-50.0,CONTROL_V2_FILLED_STOP,2024-06-06T21:10:00Z,CONTROL_NEXT_M1_OPEN,2369.12,True,d39bfa4032892dacaa939f9b915ca60b1cfbbd04e5ac328a1ee52bbffb5dcddd,1.0148936170212628,0.0,2024_06,-1.0,-1.0,STOP,2024-06-07T03:46:00Z,STOP,63b42b446d6e20ea29c575dab0d42526f8c4841666cd442ddfdfc6ef12dc8f25,2024-06-07T03:46:00Z,FIRST_RETEST_FILLED,2024-06-06T21:25:00Z,2024-06-06T21:15:00Z,2370.73,True,False,INITIAL_CONFIRMATION_STOP,395534e919abd8609a69c8e53ba820da76f1d39653b92b6f0935db8bec0b6826,6c891a9a77ce49f1aff66bd4bb351947fd78efd14cf359c3a4a55c76d98ae75d,2378.52,6.379285714285743,0.31896428571428714,NOT_STRICTLY_CLOSER_THAN_CONTROL,H1_SOURCE_SWING_BUFFERED_ELSE_CONTROL,False,6c891a9a77ce49f1aff66bd4bb351947fd78efd14cf359c3a4a55c76d98ae75d,2024-06-06T21:00:00Z,2378.52,2353.5,8bdcce03a154ecd54c706de086ab7eff45ff87294ecfd7dc94d41db31ee9dc53
2959faa17f62112d32ee027d28a25c283daa23f8bab83f83e0ba9ccfbc32c202,2370.73,2024-06-06T21:10:00Z,59d4bb6982dcf59fa2253978863a586a69c8b7f3541fdfe2c22f0a5f9d9be916,2024-06-06T21:10:00Z,2369.12,2378.52,2024-07-01T00:00:00Z,2024-06-06T21:00:00Z,0.0,SHORT,1.0,-50.0,CONTROL_V2_FILLED_STOP,2024-06-06T21:15:00Z,M5_BROKEN_CONTROL_FIRST_RETEST,2370.73,True,d3b491ae767ad869fbe80e60128faa4e57376e5b9a64b763d1668ec632b25740,1.0179717586649388,0.04364569961490977,2024_06,-1.0,-1.0,STOP,2024-06-07T03:46:00Z,STOP,d5851e0fe23c6bff259c77257e493cad4f08d41b62fd09f5cff41ecedb624a59,2024-06-07T03:46:00Z,FIRST_RETEST_FILLED,2024-06-06T21:25:00Z,2024-06-06T21:15:00Z,2370.73,True,True,INITIAL_CONFIRMATION_STOP,32f1d0eda308aba8ef62765a52e94c13d51dcbedc2590f2e0a98d63966f49051,6c891a9a77ce49f1aff66bd4bb351947fd78efd14cf359c3a4a55c76d98ae75d,2378.52,,,,CONTROL_V2_FILLED_STOP,False,,2024-06-06T21:10:00Z,2378.52,2353.5,8bdcce03a154ecd54c706de086ab7eff45ff87294ecfd7dc94d41db31ee9dc53
2959faa17f62112d32ee027d28a25c283daa23f8bab83f83e0ba9ccfbc32c202,2370.73,2024-06-06T21:10:00Z,59d4bb6982dcf59fa2253978863a586a69c8b7f3541fdfe2c22f0a5f9d9be916,2024-06-06T21:10:00Z,2369.12,2378.52,2024-07-01T00:00:00Z,2024-06-06T21:00:00Z,0.0,SHORT,0.5340995440729598,-50.0,M5_LATEST_CONFIRMED_OPPOSING_SWING_ELSE_CONTROL,2024-06-06T21:15:00Z,M5_BROKEN_CONTROL_FIRST_RETEST,2370.73,True,54ba2835e49a7146ae044941dfdc032d984083c858f758d6dc1df258ecd6a0bd,1.2226818158018855,0.09969108330283255,2024_06,-1.0,-1.0,STOP,2024-06-07T03:46:00Z,STOP,5330d9ef7e269a2a67a2b98263bb9ef62cfc4a21080600603681b36e919842d2,2024-06-06T22:15:00Z,FIRST_RETEST_FILLED,2024-06-06T21:25:00Z,2024-06-06T21:15:00Z,2370.73,True,True,INITIAL_CONFIRMATION_STOP,9679d920e863a198dc0adb6566134a2e6c97b23b14f4512041260224f75c1522,6c891a9a77ce49f1aff66bd4bb351947fd78efd14cf359c3a4a55c76d98ae75d,2374.1405357142858,1.6107142857142338,0.0805357142857117,,M5_LATEST_CONFIRMED_OPPOSING_SWING_ELSE_CONTROL,True,68fc82fa5349b5b343859b80b268797156a1b350c79c1c1827031c4c4786dd45,2024-06-06T21:05:00Z,2374.06,2353.5,8bdcce03a154ecd54c706de086ab7eff45ff87294ecfd7dc94d41db31ee9dc53
2959faa17f62112d32ee027d28a25c283daa23f8bab83f83e0ba9ccfbc32c202,2370.73,2024-06-06T21:10:00Z,59d4bb6982dcf59fa2253978863a586a69c8b7f3541fdfe2c22f0a5f9d9be916,2024-06-06T21:10:00Z,2369.12,2378.52,2024-07-01T00:00:00Z,2024-06-06T21:00:00Z,0.0,SHORT,1.0,-50.0,CONTROL_V2_FILLED_STOP,2024-06-06T21:15:00Z,M5_BROKEN_CONTROL_FIRST_RETEST,2370.73,True,b4efa7019e5397e6243a719d776a8c665b3fd4a60ea28eb0320ebe0c911a48ed,1.0179717586649388,0.04364569961490977,2024_06,-1.0,-1.0,STOP,2024-06-07T03:46:00Z,STOP,c2de44e6eb6c8c89b17236458e9f601db3eeaf7933760d8f669f444b7a6ee127,2024-06-07T03:46:00Z,FIRST_RETEST_FILLED,2024-06-06T21:25:00Z,2024-06-06T21:15:00Z,2370.73,True,True,INITIAL_CONFIRMATION_STOP,b9a0fed0c2ebf3971e2eb2a533f7c54b8ac5e4d4489757bcd3dac0707edfb9b2,6c891a9a77ce49f1aff66bd4bb351947fd78efd14cf359c3a4a55c76d98ae75d,2378.52,3.7942857142856417,0.1897142857142821,NOT_STRICTLY_CLOSER_THAN_CONTROL,M15_LATEST_CONFIRMED_OPPOSING_SWING_ELSE_CONTROL,False,190c7aae4faa175d2b1cede04245ba7aae06a564cdf310540d1e4eb59e1abc53,2024-06-06T19:30:00Z,2378.52,2353.5,8bdcce03a154ecd54c706de086ab7eff45ff87294ecfd7dc94d41db31ee9dc53
2959faa17f62112d32ee027d28a25c283daa23f8bab83f83e0ba9ccfbc32c202,2370.73,2024-06-06T21:10:00Z,59d4bb6982dcf59fa2253978863a586a69c8b7f3541fdfe2c22f0a5f9d9be916,2024-06-06T21:10:00Z,2369.12,2378.52,2024-07-01T00:00:00Z,2024-06-06T21:00:00Z,0.0,SHORT,1.0,-50.0,CONTROL_V2_FILLED_STOP,2024-06-06T21:15:00Z,M5_BROKEN_CONTROL_FIRST_RETEST,2370.73,True,d39bfa4032892dacaa939f9b915ca60b1cfbbd04e5ac328a1ee52bbffb5dcddd,1.0179717586649388,0.04364569961490977,2024_06,-1.0,-1.0,STOP,2024-06-07T03:46:00Z,STOP,c585aa5d58cfd77e75f7c6eb7768f4c89a7fc902fd0089810641687a835784ce,2024-06-07T03:46:00Z,FIRST_RETEST_FILLED,2024-06-06T21:25:00Z,2024-06-06T21:15:00Z,2370.73,True,True,INITIAL_CONFIRMATION_STOP,fb3a6174dbf79cdbf2753264d39b83feea8f7b050aae07b9390d7233d4cef496,6c891a9a77ce49f1aff66bd4bb351947fd78efd14cf359c3a4a55c76d98ae75d,2378.52,6.379285714285743,0.31896428571428714,NOT_STRICTLY_CLOSER_THAN_CONTROL,H1_SOURCE_SWING_BUFFERED_ELSE_CONTROL,False,6c891a9a77ce49f1aff66bd4bb351947fd78efd14cf359c3a4a55c76d98ae75d,2024-06-06T21:00:00Z,2378.52,2353.5,8bdcce03a154ecd54c706de086ab7eff45ff87294ecfd7dc94d41db31ee9dc53
2959faa17f62112d32ee027d28a25c283daa23f8bab83f83e0ba9ccfbc32c202,2370.73,2024-06-06T21:10:00Z,59d4bb6982dcf59fa2253978863a586a69c8b7f3541fdfe2c22f0a5f9d9be916,2024-06-06T21:10:00Z,2369.12,2378.52,2024-07-01T00:00:00Z,2024-06-06T21:00:00Z,0.0,SHORT,1.0,-50.0,CONTROL_V2_FILLED_STOP,2024-06-06T21:10:00Z,CONFIRMED_25_75_RETEST_SPLIT,2369.12,True,d3b491ae767ad869fbe80e60128faa4e57376e5b9a64b763d1668ec632b25740,1.0172022232540199,0.03273427471118233,2024_06,-1.0,-1.0,STOP,2024-06-07T03:46:00Z,SPLIT_STOP_STOP,f02127fe959bf36820efd45f5c8b8add6f30a7b0e5ed6e0bd2ff7a0d40c231e1,2024-06-07T03:46:00Z,FIRST_RETEST_FILLED,2024-06-06T21:25:00Z,2024-06-06T21:15:00Z,2370.73,True,True,INITIAL_CONFIRMATION_STOP,6f553bc875af7ff66d40dea4c2975c1edbf711cf1931cf1e3a02543b5a19cf0c,6c891a9a77ce49f1aff66bd4bb351947fd78efd14cf359c3a4a55c76d98ae75d,2378.52,,,,CONTROL_V2_FILLED_STOP,False,,2024-06-06T21:10:00Z,2378.52,2353.5,8bdcce03a154ecd54c706de086ab7eff45ff87294ecfd7dc94d41db31ee9dc53
2959faa17f62112d32ee027d28a25c283daa23f8bab83f83e0ba9ccfbc32c202,2370.73,2024-06-06T21:10:00Z,59d4bb6982dcf59fa2253978863a586a69c8b7f3541fdfe2c22f0a5f9d9be916,2024-06-06T21:10:00Z,2369.12,2378.52,2024-07-01T00:00:00Z,2024-06-06T21:00:00Z,0.0,SHORT,0.5340995440729598,-50.0,M5_LATEST_CONFIRMED_OPPOSING_SWING_ELSE_CONTROL,2024-06-06T21:10:00Z,CONFIRMED_25_75_RETEST_SPLIT,2369.12,True,54ba2835e49a7146ae044941dfdc032d984083c858f758d6dc1df258ecd6a0bd,1.204829252657035,0.07476831247712441,2024_06,-1.0,-1.0,STOP,2024-06-07T03:46:00Z,SPLIT_STOP_STOP,bc8808c95a5e45e63bc7b26dddd95deb111d4bfd57cffcf324ae8c7887ceca0b,2024-06-06T22:15:00Z,FIRST_RETEST_FILLED,2024-06-06T21:25:00Z,2024-06-06T21:15:00Z,2370.73,True,True,INITIAL_CONFIRMATION_STOP,c60913cd3babad3a19f5d66650233560c85893a7af912737368db5f5e1ecf711,6c891a9a77ce49f1aff66bd4bb351947fd78efd14cf359c3a4a55c76d98ae75d,2374.1405357142858,1.6107142857142338,0.0805357142857117,,M5_LATEST_CONFIRMED_OPPOSING_SWING_ELSE_CONTROL,True,68fc82fa5349b5b343859b80b268797156a1b350c79c1c1827031c4c4786dd45,2024-06-06T21:05:00Z,2374.06,2353.5,8bdcce03a154ecd54c706de086ab7eff45ff87294ecfd7dc94d41db31ee9dc53
2959faa17f62112d32ee027d28a25c283daa23f8bab83f83e0ba9ccfbc32c202,2370.73,2024-06-06T21:10:00Z,59d4bb6982dcf59fa2253978863a586a69c8b7f3541fdfe2c22f0a5f9d9be916,2024-06-06T21:10:00Z,2369.12,2378.52,2024-07-01T00:00:00Z,2024-06-06T21:00:00Z,0.0,SHORT,1.0,-50.0,CONTROL_V2_FILLED_STOP,2024-06-06T21:10:00Z,CONFIRMED_25_75_RETEST_SPLIT,2369.12,True,b4efa7019e5397e6243a719d776a8c665b3fd4a60ea28eb0320ebe0c911a48ed,1.0172022232540199,0.03273427471118233,2024_06,-1.0,-1.0,STOP,2024-06-07T03:46:00Z,SPLIT_STOP_STOP,d97294ca4028195b6139f5e42c0260af1cf810d6c2bf42491f6001607c49274e,2024-06-07T03:46:00Z,FIRST_RETEST_FILLED,2024-06-06T21:25:00Z,2024-06-06T21:15:00Z,2370.73,True,True,INITIAL_CONFIRMATION_STOP,9bb042bcf5a8f823abbabd2b6d2240130b8d05d1be64c530d1aafda6c330bb74,6c891a9a77ce49f1aff66bd4bb351947fd78efd14cf359c3a4a55c76d98ae75d,2378.52,3.7942857142856417,0.1897142857142821,NOT_STRICTLY_CLOSER_THAN_CONTROL,M15_LATEST_CONFIRMED_OPPOSING_SWING_ELSE_CONTROL,False,190c7aae4faa175d2b1cede04245ba7aae06a564cdf310540d1e4eb59e1abc53,2024-06-06T19:30:00Z,2378.52,2353.5,8bdcce03a154ecd54c706de086ab7eff45ff87294ecfd7dc94d41db31ee9dc53
2959faa17f62112d32ee027d28a25c283daa23f8bab83f83e0ba9ccfbc32c202,2370.73,2024-06-06T21:10:00Z,59d4bb6982dcf59fa2253978863a586a69c8b7f3541fdfe2c22f0a5f9d9be916,2024-06-06T21:10:00Z,2369.12,2378.52,2024-07-01T00:00:00Z,2024-06-06T21:00:00Z,0.0,SHORT,1.0,-50.0,CONTROL_V2_FILLED_STOP,2024-06-06T21:10:00Z,CONFIRMED_25_75_RETEST_SPLIT,2369.12,True,d39bfa4032892dacaa939f9b915ca60b1cfbbd04e5ac328a1ee52bbffb5dcddd,1.0172022232540199,0.03273427471118233,2024_06,-1.0,-1.0,STOP,2024-06-07T03:46:00Z,SPLIT_STOP_STOP,721fc56529d6e563c76226d83f5b8fee700b20d63a8e718c799c6907e212e47f,2024-06-07T03:46:00Z,FIRST_RETEST_FILLED,2024-06-06T21:25:00Z,2024-06-06T21:15:00Z,2370.73,True,True,INITIAL_CONFIRMATION_STOP,2ca2213c433ab44ef076914bed92526b4a2c639d2064ebc8467ce69b37acad98,6c891a9a77ce49f1aff66bd4bb351947fd78efd14cf359c3a4a55c76d98ae75d,2378.52,6.379285714285743,0.31896428571428714,NOT_STRICTLY_CLOSER_THAN_CONTROL,H1_SOURCE_SWING_BUFFERED_ELSE_CONTROL,False,6c891a9a77ce49f1aff66bd4bb351947fd78efd14cf359c3a4a55c76d98ae75d,2024-06-06T21:00:00Z,2378.52,2353.5,8bdcce03a154ecd54c706de086ab7eff45ff87294ecfd7dc94d41db31ee9dc53
17b25eabd496aa583d121434cbe39bacf70e3d6f859da15d044c29435292b85e,2376.94,2024-06-07T02:05:00Z,9f811bd7b738a290a2ae7e03bb17c5113df6c5e39f31005f4892bf6c489b69bc,2024-06-07T02:05:00Z,2377.08,2369.0,2024-07-01T00:00:00Z,2024-06-07T02:00:00Z,0.0,LONG,1.0,8.910891089109327,CONTROL_V2_FILLED_STOP,2024-06-07T02:05:00Z,CONTROL_NEXT_M1_OPEN,2377.08,True,fbdc71e0913957cf139483fb7cf655e4862b052f26ac84fc3da3319db99699e3,0.12128712871287463,0.1955445544554383,2024_06,0.17821782178218656,0.17821782178218656,TARGET,2024-06-07T03:46:00Z,TARGET,5df882b220ce122421f691215557a5af9d67db1f272ef5e0024ab227c883704a,2024-06-07T03:46:00Z,FIRST_RETEST_FILLED,2024-06-07T02:20:00Z,2024-06-07T02:05:00Z,2376.94,True,False,INITIAL_CONFIRMATION_TARGET,42b417e15a5895a487282ac70add83998fce8bbc8998ffd310f9a0c9b6faee2f,4be1e5eb0ccdb8b739ae6c4ffd9e20b517d687cc74b60bf9e1421270dd8ca8a2,2369.0,,,,CONTROL_V2_FILLED_STOP,False,,2024-06-07T02:05:00Z,2369.0,2378.52,09dab32991119dbc73d986d8ae663cad51eebd0f08a900d7fb98593269303e56
17b25eabd496aa583d121434cbe39bacf70e3d6f859da15d044c29435292b85e,2376.94,2024-06-07T02:05:00Z,9f811bd7b738a290a2ae7e03bb17c5113df6c5e39f31005f4892bf6c489b69bc,2024-06-07T02:05:00Z,2377.08,2369.0,2024-07-01T00:00:00Z,2024-06-07T02:00:00Z,1.2053997616917722,LONG,0.12880569306926623,69.18087917369795,M5_LATEST_CONFIRMED_OPPOSING_SWING_ELSE_CONTROL,2024-06-07T02:05:00Z,CONTROL_NEXT_M1_OPEN,2377.08,True,57838c5f7f0b6537173839443f72aa035ad9245f1f8293fb865af2067cd7695e,0.9416286331975371,1.5181359596449107,2024_06,1.3836175834739588,0.17821782178218656,TARGET,2024-06-07T03:46:00Z,TARGET,423f203658c4ef542bc089f2fd4fc130d9eb1603cbf5c7bed8ceb455046c7c16,2024-06-07T03:46:00Z,FIRST_RETEST_FILLED,2024-06-07T02:20:00Z,2024-06-07T02:05:00Z,2376.94,True,False,INITIAL_CONFIRMATION_TARGET,74ff083b24cfc9d052f3991a67fc39d620adab5105953ec898e2a6c1adda5709,4be1e5eb0ccdb8b739ae6c4ffd9e20b517d687cc74b60bf9e1421270dd8ca8a2,2376.0392500000003,0.6149999999999441,0.03074999999999721,,M5_LATEST_CONFIRMED_OPPOSING_SWING_ELSE_CONTROL,True,da04c6cc104bb57d6f09d401f7f44cc5cd49ac47a82518c286b7e83684025ad8,2024-06-07T01:50:00Z,2376.07,2378.52,09dab32991119dbc73d986d8ae663cad51eebd0f08a900d7fb98593269303e56
17b25eabd496aa583d121434cbe39bacf70e3d6f859da15d044c29435292b85e,2376.94,2024-06-07T02:05:00Z,9f811bd7b738a290a2ae7e03bb17c5113df6c5e39f31005f4892bf6c489b69bc,2024-06-07T02:05:00Z,2377.08,2369.0,2024-07-01T00:00:00Z,2024-06-07T02:00:00Z,0.08761197330736056,LONG,0.6704207920792036,13.291489754477356,M15_LATEST_CONFIRMED_OPPOSING_SWING_ELSE_CONTROL,2024-06-07T02:05:00Z,CONTROL_NEXT_M1_OPEN,2377.08,True,a5965ab67762067687e76470aa991b9934f28aa33aee7264d5f530406743d920,0.18091194388038276,0.29167435850100637,2024_06,0.2658297950895471,0.17821782178218656,TARGET,2024-06-07T03:46:00Z,TARGET,2974acc28c7e7eee82b6c6f691c690888ea2454b45279fc38c7c20e62d9d9802,2024-06-07T03:46:00Z,FIRST_RETEST_FILLED,2024-06-07T02:20:00Z,2024-06-07T02:05:00Z,2376.94,True,False,INITIAL_CONFIRMATION_TARGET,df09d1a9b4a1008bcde44bd2fe6bfb0a6f4f95e8c37e2d72e6ac9bf76df5652d,4be1e5eb0ccdb8b739ae6c4ffd9e20b517d687cc74b60bf9e1421270dd8ca8a2,2371.663,1.5399999999999312,0.07699999999999657,,M15_LATEST_CONFIRMED_OPPOSING_SWING_ELSE_CONTROL,True,9d61441b80ca3e2c51eaa80587816bd32b6b0c091403aaa0ea0dec31252c11a8,2024-06-06T23:30:00Z,2371.74,2378.52,09dab32991119dbc73d986d8ae663cad51eebd0f08a900d7fb98593269303e56
17b25eabd496aa583d121434cbe39bacf70e3d6f859da15d044c29435292b85e,2376.94,2024-06-07T02:05:00Z,9f811bd7b738a290a2ae7e03bb17c5113df6c5e39f31005f4892bf6c489b69bc,2024-06-07T02:05:00Z,2377.08,2369.0,2024-07-01T00:00:00Z,2024-06-07T02:00:00Z,0.0,LONG,1.0,8.910891089109327,CONTROL_V2_FILLED_STOP,2024-06-07T02:05:00Z,CONTROL_NEXT_M1_OPEN,2377.08,True,893adddf7310fc4734d716af0fc97ac6dd4d9174d28be3d43d3b81ea55b679aa,0.12128712871287463,0.1955445544554383,2024_06,0.17821782178218656,0.17821782178218656,TARGET,2024-06-07T03:46:00Z,TARGET,53548ad847832c6ffa99e1b779324ec3d748f9eac299af7af9ed3528248cb71a,2024-06-07T03:46:00Z,FIRST_RETEST_FILLED,2024-06-07T02:20:00Z,2024-06-07T02:05:00Z,2376.94,True,False,INITIAL_CONFIRMATION_TARGET,60826b3dc68255f0b41583b204ea393268c0d119a937e432ad62e85571ed9ceb,4be1e5eb0ccdb8b739ae6c4ffd9e20b517d687cc74b60bf9e1421270dd8ca8a2,2369.0,6.387142857142862,0.3193571428571431,NOT_STRICTLY_CLOSER_THAN_CONTROL,H1_SOURCE_SWING_BUFFERED_ELSE_CONTROL,False,4be1e5eb0ccdb8b739ae6c4ffd9e20b517d687cc74b60bf9e1421270dd8ca8a2,2024-06-07T02:00:00Z,2369.0,2378.52,09dab32991119dbc73d986d8ae663cad51eebd0f08a900d7fb98593269303e56
17b25eabd496aa583d121434cbe39bacf70e3d6f859da15d044c29435292b85e,2376.94,2024-06-07T02:05:00Z,9f811bd7b738a290a2ae7e03bb17c5113df6c5e39f31005f4892bf6c489b69bc,2024-06-07T02:05:00Z,2377.08,2369.0,2024-07-01T00:00:00Z,2024-06-07T02:00:00Z,0.02077462154273993,LONG,1.0,9.949622166246325,CONTROL_V2_FILLED_STOP,2024-06-07T02:05:00Z,M5_BROKEN_CONTROL_FIRST_RETEST,2376.94,True,fbdc71e0913957cf139483fb7cf655e4862b052f26ac84fc3da3319db99699e3,0.1057934508816297,0.21662468513851235,2024_06,0.1989924433249265,0.17821782178218656,TARGET,2024-06-07T03:46:00Z,TARGET,e2eabc6e903bc2ecedd942e7f77e31572b308e6dc18cb233f5c407b356b24fe5,2024-06-07T03:46:00Z,FIRST_RETEST_FILLED,2024-06-07T02:20:00Z,2024-06-07T02:05:00Z,2376.94,True,True,INITIAL_CONFIRMATION_TARGET,6ef88fb0b47490817c513ed0a4b2678223666d4fa22c0e60a840f8af417775ad,4be1e5eb0ccdb8b739ae6c4ffd9e20b517d687cc74b60bf9e1421270dd8ca8a2,2369.0,,,,CONTROL_V2_FILLED_STOP,False,,2024-06-07T02:05:00Z,2369.0,2378.52,09dab32991119dbc73d986d8ae663cad51eebd0f08a900d7fb98593269303e56
17b25eabd496aa583d121434cbe39bacf70e3d6f859da15d044c29435292b85e,2376.94,2024-06-07T02:05:00Z,9f811bd7b738a290a2ae7e03bb17c5113df6c5e39f31005f4892bf6c489b69bc,2024-06-07T02:05:00Z,2377.08,2369.0,2024-07-01T00:00:00Z,2024-06-07T02:00:00Z,1.575875988931438,LONG,0.12880569306926623,87.70469053568122,M5_LATEST_CONFIRMED_OPPOSING_SWING_ELSE_CONTROL,2024-06-07T02:05:00Z,M5_BROKEN_CONTROL_FIRST_RETEST,2376.94,True,57838c5f7f0b6537173839443f72aa035ad9245f1f8293fb865af2067cd7695e,0.93255620316441,1.9095198445741912,2024_06,1.7540938107136246,0.17821782178218656,TARGET,2024-06-07T03:46:00Z,TARGET,f17a811c492bb694de7c575c903af24ce091cc5f733f1e19a342cbc0cb29ce64,2024-06-07T03:46:00Z,FIRST_RETEST_FILLED,2024-06-07T02:20:00Z,2024-06-07T02:05:00Z,2376.94,True,True,INITIAL_CONFIRMATION_TARGET,be11743a05d3f22e6ee15589973852c6efdd83270dbe465ab3826b1d1a83d20d,4be1e5eb0ccdb8b739ae6c4ffd9e20b517d687cc74b60bf9e1421270dd8ca8a2,2376.0392500000003,0.6149999999999441,0.03074999999999721,,M5_LATEST_CONFIRMED_OPPOSING_SWING_ELSE_CONTROL,True,da04c6cc104bb57d6f09d401f7f44cc5cd49ac47a82518c286b7e83684025ad8,2024-06-07T01:50:00Z,2376.07,2378.52,09dab32991119dbc73d986d8ae663cad51eebd0f08a900d7fb98593269303e56
17b25eabd496aa583d121434cbe39bacf70e3d6f859da15d044c29435292b85e,2376.94,2024-06-07T02:05:00Z,9f811bd7b738a290a2ae7e03bb17c5113df6c5e39f31005f4892bf6c489b69bc,2024-06-07T02:05:00Z,2377.08,2369.0,2024-07-01T00:00:00Z,2024-06-07T02:00:00Z,0.12119472322442973,LONG,0.6704207920792036,14.970627250330814,M15_LATEST_CONFIRMED_OPPOSING_SWING_ELSE_CONTROL,2024-06-07T02:05:00Z,M5_BROKEN_CONTROL_FIRST_RETEST,2376.94,True,a5965ab67762067687e76470aa991b9934f28aa33aee7264d5f530406743d920,0.1591813530415271,0.32594277051350873,2024_06,0.2994125450066163,0.17821782178218656,TARGET,2024-06-07T03:46:00Z,TARGET,5a734b80d01ba9ca4be07ef53d6568ddbdefd61e2cb61bb5e0b16cd61ddc361c,2024-06-07T03:46:00Z,FIRST_RETEST_FILLED,2024-06-07T02:20:00Z,2024-06-07T02:05:00Z,2376.94,True,True,INITIAL_CONFIRMATION_TARGET,d38864d859a4fc6a60c4ba6a81268b0334ad7bc06e91fa28a6fcb1061a075a49,4be1e5eb0ccdb8b739ae6c4ffd9e20b517d687cc74b60bf9e1421270dd8ca8a2,2371.663,1.5399999999999312,0.07699999999999657,,M15_LATEST_CONFIRMED_OPPOSING_SWING_ELSE_CONTROL,True,9d61441b80ca3e2c51eaa80587816bd32b6b0c091403aaa0ea0dec31252c11a8,2024-06-06T23:30:00Z,2371.74,2378.52,09dab32991119dbc73d986d8ae663cad51eebd0f08a900d7fb98593269303e56
17b25eabd496aa583d121434cbe39bacf70e3d6f859da15d044c29435292b85e,2376.94,2024-06-07T02:05:00Z,9f811bd7b738a290a2ae7e03bb17c5113df6c5e39f31005f4892bf6c489b69bc,2024-06-07T02:05:00Z,2377.08,2369.0,2024-07-01T00:00:00Z,2024-06-07T02:00:00Z,0.02077462154273993,LONG,1.0,9.949622166246325,CONTROL_V2_FILLED_STOP,2024-06-07T02:05:00Z,M5_BROKEN_CONTROL_FIRST_RETEST,2376.94,True,893adddf7310fc4734d716af0fc97ac6dd4d9174d28be3d43d3b81ea55b679aa,0.1057934508816297,0.21662468513851235,2024_06,0.1989924433249265,0.17821782178218656,TARGET,2024-06-07T03:46:00Z,TARGET,8585d88424104203b5a6972b62058b50ce85b368519f862ff3a81029a84e829a,2024-06-07T03:46:00Z,FIRST_RETEST_FILLED,2024-06-07T02:20:00Z,2024-06-07T02:05:00Z,2376.94,True,True,INITIAL_CONFIRMATION_TARGET,d7aec073f317e6a821efad1803c1533dd77d98a7e3d349dfb5791275fd939e8c,4be1e5eb0ccdb8b739ae6c4ffd9e20b517d687cc74b60bf9e1421270dd8ca8a2,2369.0,6.387142857142862,0.3193571428571431,NOT_STRICTLY_CLOSER_THAN_CONTROL,H1_SOURCE_SWING_BUFFERED_ELSE_CONTROL,False,4be1e5eb0ccdb8b739ae6c4ffd9e20b517d687cc74b60bf9e1421270dd8ca8a2,2024-06-07T02:00:00Z,2369.0,2378.52,09dab32991119dbc73d986d8ae663cad51eebd0f08a900d7fb98593269303e56
17b25eabd496aa583d121434cbe39bacf70e3d6f859da15d044c29435292b85e,2376.94,2024-06-07T02:05:00Z,9f811bd7b738a290a2ae7e03bb17c5113df6c5e39f31005f4892bf6c489b69bc,2024-06-07T02:05:00Z,2377.08,2369.0,2024-07-01T00:00:00Z,2024-06-07T02:00:00Z,0.015580966157054954,LONG,1.0,9.689939396962076,CONTROL_V2_FILLED_STOP,2024-06-07T02:05:00Z,CONFIRMED_25_75_RETEST_SPLIT,2377.08,True,fbdc71e0913957cf139483fb7cf655e4862b052f26ac84fc3da3319db99699e3,0.10966687033944092,0.21135465246774385,2024_06,0.19379878793924152,0.17821782178218656,TARGET,2024-06-07T03:46:00Z,SPLIT_TARGET_TARGET,6480d7007b45fb0c93b9855e0635a76e8efc3b5ad68786c3848613da6b6cd216,2024-06-07T03:46:00Z,FIRST_RETEST_FILLED,2024-06-07T02:20:00Z,2024-06-07T02:05:00Z,2376.94,True,True,INITIAL_CONFIRMATION_TARGET,38f34746f0cd7280ed0ea36d7c0220df4dd9cece261240ed949986c130ce57b3,4be1e5eb0ccdb8b739ae6c4ffd9e20b517d687cc74b60bf9e1421270dd8ca8a2,2369.0,,,,CONTROL_V2_FILLED_STOP,False,,2024-06-07T02:05:00Z,2369.0,2378.52,09dab32991119dbc73d986d8ae663cad51eebd0f08a900d7fb98593269303e56
17b25eabd496aa583d121434cbe39bacf70e3d6f859da15d044c29435292b85e,2376.94,2024-06-07T02:05:00Z,9f811bd7b738a290a2ae7e03bb17c5113df6c5e39f31005f4892bf6c489b69bc,2024-06-07T02:05:00Z,2377.08,2369.0,2024-07-01T00:00:00Z,2024-06-07T02:00:00Z,1.4832569321215217,LONG,0.12880569306926623,83.07373769518541,M5_LATEST_CONFIRMED_OPPOSING_SWING_ELSE_CONTROL,2024-06-07T02:05:00Z,CONFIRMED_25_75_RETEST_SPLIT,2377.08,True,57838c5f7f0b6537173839443f72aa035ad9245f1f8293fb865af2067cd7695e,0.9348243106726918,1.8116738733418711,2024_06,1.6614747539037082,0.17821782178218656,TARGET,2024-06-07T03:46:00Z,SPLIT_TARGET_TARGET,a9772e688cf26f694cf27060c16ffca3e9fe301947f908e8df826b2a9a7f5387,2024-06-07T03:46:00Z,FIRST_RETEST_FILLED,2024-06-07T02:20:00Z,2024-06-07T02:05:00Z,2376.94,True,True,INITIAL_CONFIRMATION_TARGET,4ae8faecefe705bd044ffbb387e94094f2ed79a58d87efa02c87afb50c8c294c,4be1e5eb0ccdb8b739ae6c4ffd9e20b517d687cc74b60bf9e1421270dd8ca8a2,2376.0392500000003,0.6149999999999441,0.03074999999999721,,M5_LATEST_CONFIRMED_OPPOSING_SWING_ELSE_CONTROL,True,da04c6cc104bb57d6f09d401f7f44cc5cd49ac47a82518c286b7e83684025ad8,2024-06-07T01:50:00Z,2376.07,2378.52,09dab32991119dbc73d986d8ae663cad51eebd0f08a900d7fb98593269303e56
17b25eabd496aa583d121434cbe39bacf70e3d6f859da15d044c29435292b85e,2376.94,2024-06-07T02:05:00Z,9f811bd7b738a290a2ae7e03bb17c5113df6c5e39f31005f4892bf6c489b69bc,2024-06-07T02:05:00Z,2377.08,2369.0,2024-07-01T00:00:00Z,2024-06-07T02:00:00Z,0.11279903574516245,LONG,0.6704207920792036,14.55084287636745,M15_LATEST_CONFIRMED_OPPOSING_SWING_ELSE_CONTROL,2024-06-07T02:05:00Z,CONFIRMED_25_75_RETEST_SPLIT,2377.08,True,a5965ab67762067687e76470aa991b9934f28aa33aee7264d5f530406743d920,0.16461400075124102,0.31737566751038315,2024_06,0.291016857527349,0.17821782178218656,TARGET,2024-06-07T03:46:00Z,SPLIT_TARGET_TARGET,4948103b3fbbb22bf373e887747d45ee0b03416d2331b7766e9b5c6528382a6c,2024-06-07T03:46:00Z,FIRST_RETEST_FILLED,2024-06-07T02:20:00Z,2024-06-07T02:05:00Z,2376.94,True,True,INITIAL_CONFIRMATION_TARGET,46d711e74da394fc6613da8cb449a145c57427daf4e161c009505590e3bcaf97,4be1e5eb0ccdb8b739ae6c4ffd9e20b517d687cc74b60bf9e1421270dd8ca8a2,2371.663,1.5399999999999312,0.07699999999999657,,M15_LATEST_CONFIRMED_OPPOSING_SWING_ELSE_CONTROL,True,9d61441b80ca3e2c51eaa80587816bd32b6b0c091403aaa0ea0dec31252c11a8,2024-06-06T23:30:00Z,2371.74,2378.52,09dab32991119dbc73d986d8ae663cad51eebd0f08a900d7fb98593269303e56
17b25eabd496aa583d121434cbe39bacf70e3d6f859da15d044c29435292b85e,2376.94,2024-06-07T02:05:00Z,9f811bd7b738a290a2ae7e03bb17c5113df6c5e39f31005f4892bf6c489b69bc,2024-06-07T02:05:00Z,2377.08,2369.0,2024-07-01T00:00:00Z,2024-06-07T02:00:00Z,0.015580966157054954,LONG,1.0,9.689939396962076,CONTROL_V2_FILLED_STOP,2024-06-07T02:05:00Z,CONFIRMED_25_75_RETEST_SPLIT,2377.08,True,893adddf7310fc4734d716af0fc97ac6dd4d9174d28be3d43d3b81ea55b679aa,0.10966687033944092,0.21135465246774385,2024_06,0.19379878793924152,0.17821782178218656,TARGET,2024-06-07T03:46:00Z,SPLIT_TARGET_TARGET,afa7c946e175d5054c7d7060e692477ab5e6d927220b23542b3783af2b17ab25,2024-06-07T03:46:00Z,FIRST_RETEST_FILLED,2024-06-07T02:20:00Z,2024-06-07T02:05:00Z,2376.94,True,True,INITIAL_CONFIRMATION_TARGET,293f5b396619f221514ac37d79b0c0a31f6285817c03792cdfc88b6521632951,4be1e5eb0ccdb8b739ae6c4ffd9e20b517d687cc74b60bf9e1421270dd8ca8a2,2369.0,6.387142857142862,0.3193571428571431,NOT_STRICTLY_CLOSER_THAN_CONTROL,H1_SOURCE_SWING_BUFFERED_ELSE_CONTROL,False,4be1e5eb0ccdb8b739ae6c4ffd9e20b517d687cc74b60bf9e1421270dd8ca8a2,2024-06-07T02:00:00Z,2369.0,2378.52,09dab32991119dbc73d986d8ae663cad51eebd0f08a900d7fb98593269303e56
bb62998a1647f9deeee691546cd033ac512d7d0207151578486a1dbd2e459039,2295.85,2024-06-10T08:35:00Z,0dbe848abc3072e7b65f592de7413ca76c25c14d11dcb9d1ae50191f6c664189,2024-06-10T08:35:00Z,2296.79,2292.15,2024-07-01T00:00:00Z,2024-06-10T07:00:00Z,0.0,LONG,1.0,-50.0,CONTROL_V2_FILLED_STOP,2024-06-10T08:35:00Z,CONTROL_NEXT_M1_OPEN,2296.79,True,0044b73c5cfd52b9e64864b629bc523b932ff828e891bfcb2a1359f1ed76a668,1.0280172413793347,0.12068965517240535,2024_06,-1.0,-1.0,STOP,2024-06-10T09:27:00Z,STOP,16633b686d59ec75c2917b153ba2fcc18c856c283a5c6ac1b1bf3c00ee718116,2024-06-10T09:27:00Z,FIRST_RETEST_FILLED,2024-06-10T08:50:00Z,2024-06-10T08:36:00Z,2295.85,True,False,RECLAIM_CONFIRMATION_STOP,72c55f8eeea62fb05cb723377575dbd8924ad771c47ffee59453a5e8a8df3303,f8e2d947d000c4805a14c6e127f37747323fd69eb7d5def2cffbdaaad5e190c2,2292.15,,,,CONTROL_V2_FILLED_STOP,False,,2024-06-10T08:35:00Z,2292.15,2339.43,ae997d623083aca38dc0330c9f93c242e2d942bd033542a2cd5443d2cbe3f5ec
bb62998a1647f9deeee691546cd033ac512d7d0207151578486a1dbd2e459039,2295.85,2024-06-10T08:35:00Z,0dbe848abc3072e7b65f592de7413ca76c25c14d11dcb9d1ae50191f6c664189,2024-06-10T08:35:00Z,2296.79,2292.15,2024-07-01T00:00:00Z,2024-06-10T07:00:00Z,0.0,LONG,1.0,-50.0,CONTROL_V2_FILLED_STOP,2024-06-10T08:35:00Z,CONTROL_NEXT_M1_OPEN,2296.79,True,d0dd0e620e696e1c8d36f79923e5362b5f1e607767930bef20f7234238ea21c9,1.0280172413793347,0.12068965517240535,2024_06,-1.0,-1.0,STOP,2024-06-10T09:27:00Z,STOP,b023041ed6a7d04990c30a5b3ce923d173c6919318f309deb0e990fe9a52202f,2024-06-10T09:27:00Z,FIRST_RETEST_FILLED,2024-06-10T08:50:00Z,2024-06-10T08:36:00Z,2295.85,True,False,RECLAIM_CONFIRMATION_STOP,96c5899cf1a6d4eabbf9960c249a291725f123af624cf6241cd7d4269de8d2cf,f8e2d947d000c4805a14c6e127f37747323fd69eb7d5def2cffbdaaad5e190c2,2292.15,1.3014285714285247,0.06507142857142624,NOT_STRICTLY_CLOSER_THAN_CONTROL,M5_LATEST_CONFIRMED_OPPOSING_SWING_ELSE_CONTROL,False,a98c359041060b897c23b5a24481d48c122b403fed8bb598cb8cd08821d78e23,2024-06-10T08:30:00Z,2292.17,2339.43,ae997d623083aca38dc0330c9f93c242e2d942bd033542a2cd5443d2cbe3f5ec
bb62998a1647f9deeee691546cd033ac512d7d0207151578486a1dbd2e459039,2295.85,2024-06-10T08:35:00Z,0dbe848abc3072e7b65f592de7413ca76c25c14d11dcb9d1ae50191f6c664189,2024-06-10T08:35:00Z,2296.79,2292.15,2024-07-01T00:00:00Z,2024-06-10T07:00:00Z,0.0,LONG,0.8895089285713869,-50.0,M15_LATEST_CONFIRMED_OPPOSING_SWING_ELSE_CONTROL,2024-06-10T08:35:00Z,CONTROL_NEXT_M1_OPEN,2296.79,True,26915565773250f3691c313129052647c64774bfe4c2581e8118f6c8a72f1d24,1.0151862588154739,0.13568121836195765,2024_06,-1.0,-1.0,STOP,2024-06-10T09:27:00Z,STOP,4c0480a6d7a72734f6f05601e305a01dd6704f24c970fe761c1820efc6c419b2,2024-06-10T09:19:00Z,FIRST_RETEST_FILLED,2024-06-10T08:50:00Z,2024-06-10T08:36:00Z,2295.85,True,False,RECLAIM_CONFIRMATION_STOP,4638e316e48818d65c88d97f7e11709b775b3857307066b11e40cf8dd7ae9945,f8e2d947d000c4805a14c6e127f37747323fd69eb7d5def2cffbdaaad5e190c2,2292.662678571429,2.3464285714285,0.11732142857142501,,M15_LATEST_CONFIRMED_OPPOSING_SWING_ELSE_CONTROL,True,bd29c7b6b34718798fdcbb68f790c83d49d176f9d1f8b91b36fe63606261f339,2024-06-10T07:45:00Z,2292.78,2339.43,ae997d623083aca38dc0330c9f93c242e2d942bd033542a2cd5443d2cbe3f5ec
bb62998a1647f9deeee691546cd033ac512d7d0207151578486a1dbd2e459039,2295.85,2024-06-10T08:35:00Z,0dbe848abc3072e7b65f592de7413ca76c25c14d11dcb9d1ae50191f6c664189,2024-06-10T08:35:00Z,2296.79,2292.15,2024-07-01T00:00:00Z,2024-06-10T07:00:00Z,0.0,LONG,0.7028633004926497,-50.0,H1_SOURCE_SWING_BUFFERED_ELSE_CONTROL,2024-06-10T08:35:00Z,CONTROL_NEXT_M1_OPEN,2296.79,True,6fc55792563e4e63395b508829d5a773949c1cc1a5c57a8ee5ce90781943c015,1.1774497349862136,0.17171141968546627,2024_06,-1.0,-1.0,STOP,2024-06-10T09:27:00Z,STOP,8ce5ffbbcb4e4fc1331a6ed9cdb3ae13eadf77bc754a159702021798b935c3f8,2024-06-10T09:05:00Z,FIRST_RETEST_FILLED,2024-06-10T08:50:00Z,2024-06-10T08:36:00Z,2295.85,True,False,RECLAIM_CONFIRMATION_STOP,b60a5c60b189020c396e685964364a6e878c9d3860807366ec4e2f825a827271,f8e2d947d000c4805a14c6e127f37747323fd69eb7d5def2cffbdaaad5e190c2,2293.528714285714,8.82571428571425,0.4412857142857125,,H1_SOURCE_SWING_BUFFERED_ELSE_CONTROL,True,f8e2d947d000c4805a14c6e127f37747323fd69eb7d5def2cffbdaaad5e190c2,2024-06-10T07:00:00Z,2293.97,2339.43,ae997d623083aca38dc0330c9f93c242e2d942bd033542a2cd5443d2cbe3f5ec
bb62998a1647f9deeee691546cd033ac512d7d0207151578486a1dbd2e459039,2295.85,2024-06-10T08:35:00Z,0dbe848abc3072e7b65f592de7413ca76c25c14d11dcb9d1ae50191f6c664189,2024-06-10T08:35:00Z,2296.79,2292.15,2024-07-01T00:00:00Z,2024-06-10T07:00:00Z,0.0,LONG,1.0,-50.0,CONTROL_V2_FILLED_STOP,2024-06-10T08:36:00Z,M5_BROKEN_CONTROL_FIRST_RETEST,2295.85,True,0044b73c5cfd52b9e64864b629bc523b932ff828e891bfcb2a1359f1ed76a668,1.0351351351351663,0.40540540540542536,2024_06,-1.0,-1.0,STOP,2024-06-10T09:27:00Z,STOP,9d56a7e77c46d2814632ab35ca1ac48ca7955b797292f452df8ff1907e4a5b19,2024-06-10T09:27:00Z,FIRST_RETEST_FILLED,2024-06-10T08:50:00Z,2024-06-10T08:36:00Z,2295.85,True,True,RECLAIM_CONFIRMATION_STOP,48046be659e2d94a3fcba4b00f61d6c065e7a24fbd250ce59085a34e32488235,f8e2d947d000c4805a14c6e127f37747323fd69eb7d5def2cffbdaaad5e190c2,2292.15,,,,CONTROL_V2_FILLED_STOP,False,,2024-06-10T08:35:00Z,2292.15,2339.43,ae997d623083aca38dc0330c9f93c242e2d942bd033542a2cd5443d2cbe3f5ec
bb62998a1647f9deeee691546cd033ac512d7d0207151578486a1dbd2e459039,2295.85,2024-06-10T08:35:00Z,0dbe848abc3072e7b65f592de7413ca76c25c14d11dcb9d1ae50191f6c664189,2024-06-10T08:35:00Z,2296.79,2292.15,2024-07-01T00:00:00Z,2024-06-10T07:00:00Z,0.0,LONG,1.0,-50.0,CONTROL_V2_FILLED_STOP,2024-06-10T08:36:00Z,M5_BROKEN_CONTROL_FIRST_RETEST,2295.85,True,d0dd0e620e696e1c8d36f79923e5362b5f1e607767930bef20f7234238ea21c9,1.0351351351351663,0.40540540540542536,2024_06,-1.0,-1.0,STOP,2024-06-10T09:27:00Z,STOP,1c984200a4fa95c65002c7b12b1cab5304c60cd9a9d9ddce14b8628cad111b6f,2024-06-10T09:27:00Z,FIRST_RETEST_FILLED,2024-06-10T08:50:00Z,2024-06-10T08:36:00Z,2295.85,True,True,RECLAIM_CONFIRMATION_STOP,4e1d51c7d1e8cde5ce38d0f79671bbd0abb8b452b0a5dc048280a51058b41cde,f8e2d947d000c4805a14c6e127f37747323fd69eb7d5def2cffbdaaad5e190c2,2292.15,1.3014285714285247,0.06507142857142624,NOT_STRICTLY_CLOSER_THAN_CONTROL,M5_LATEST_CONFIRMED_OPPOSING_SWING_ELSE_CONTROL,False,a98c359041060b897c23b5a24481d48c122b403fed8bb598cb8cd08821d78e23,2024-06-10T08:30:00Z,2292.17,2339.43,ae997d623083aca38dc0330c9f93c242e2d942bd033542a2cd5443d2cbe3f5ec
bb62998a1647f9deeee691546cd033ac512d7d0207151578486a1dbd2e459039,2295.85,2024-06-10T08:35:00Z,0dbe848abc3072e7b65f592de7413ca76c25c14d11dcb9d1ae50191f6c664189,2024-06-10T08:35:00Z,2296.79,2292.15,2024-07-01T00:00:00Z,2024-06-10T07:00:00Z,0.0,LONG,0.8895089285713869,-50.0,M15_LATEST_CONFIRMED_OPPOSING_SWING_ELSE_CONTROL,2024-06-10T08:36:00Z,M5_BROKEN_CONTROL_FIRST_RETEST,2295.85,True,26915565773250f3691c313129052647c64774bfe4c2581e8118f6c8a72f1d24,1.01966496722517,0.47061460025777085,2024_06,-1.0,-1.0,STOP,2024-06-10T09:27:00Z,STOP,acf98adcdbd4a9b79777dfdd4c460431e7ebb1127a6d07c640e06787b4adb7f5,2024-06-10T09:19:00Z,FIRST_RETEST_FILLED,2024-06-10T08:50:00Z,2024-06-10T08:36:00Z,2295.85,True,True,RECLAIM_CONFIRMATION_STOP,791c70f34aee6eda84f08251e844508baddf20f00048b14de2afd8ac3db0db5c,f8e2d947d000c4805a14c6e127f37747323fd69eb7d5def2cffbdaaad5e190c2,2292.662678571429,2.3464285714285,0.11732142857142501,,M15_LATEST_CONFIRMED_OPPOSING_SWING_ELSE_CONTROL,True,bd29c7b6b34718798fdcbb68f790c83d49d176f9d1f8b91b36fe63606261f339,2024-06-10T07:45:00Z,2292.78,2339.43,ae997d623083aca38dc0330c9f93c242e2d942bd033542a2cd5443d2cbe3f5ec
bb62998a1647f9deeee691546cd033ac512d7d0207151578486a1dbd2e459039,2295.85,2024-06-10T08:35:00Z,0dbe848abc3072e7b65f592de7413ca76c25c14d11dcb9d1ae50191f6c664189,2024-06-10T08:35:00Z,2296.79,2292.15,2024-07-01T00:00:00Z,2024-06-10T07:00:00Z,0.0,LONG,0.7028633004926497,-50.0,H1_SOURCE_SWING_BUFFERED_ELSE_CONTROL,2024-06-10T08:36:00Z,M5_BROKEN_CONTROL_FIRST_RETEST,2295.85,True,6fc55792563e4e63395b508829d5a773949c1cc1a5c57a8ee5ce90781943c015,1.24930764970154,0.6461936119145694,2024_06,-1.0,-1.0,STOP,2024-06-10T09:27:00Z,STOP,a360ad80886fd7ae1404f66e28d5ed7a0b60997e7f0e79abab3f0008c0e2c9cd,2024-06-10T09:05:00Z,FIRST_RETEST_FILLED,2024-06-10T08:50:00Z,2024-06-10T08:36:00Z,2295.85,True,True,RECLAIM_CONFIRMATION_STOP,003d5914a20e27286919c177646743a36437fdb079d8f400bb4bfb668a644dfb,f8e2d947d000c4805a14c6e127f37747323fd69eb7d5def2cffbdaaad5e190c2,2293.528714285714,8.82571428571425,0.4412857142857125,,H1_SOURCE_SWING_BUFFERED_ELSE_CONTROL,True,f8e2d947d000c4805a14c6e127f37747323fd69eb7d5def2cffbdaaad5e190c2,2024-06-10T07:00:00Z,2293.97,2339.43,ae997d623083aca38dc0330c9f93c242e2d942bd033542a2cd5443d2cbe3f5ec
bb62998a1647f9deeee691546cd033ac512d7d0207151578486a1dbd2e459039,2295.85,2024-06-10T08:35:00Z,0dbe848abc3072e7b65f592de7413ca76c25c14d11dcb9d1ae50191f6c664189,2024-06-10T08:35:00Z,2296.79,2292.15,2024-07-01T00:00:00Z,2024-06-10T07:00:00Z,0.0,LONG,1.0,-50.0,CONTROL_V2_FILLED_STOP,2024-06-10T08:35:00Z,CONFIRMED_25_75_RETEST_SPLIT,2296.79,True,0044b73c5cfd52b9e64864b629bc523b932ff828e891bfcb2a1359f1ed76a668,1.0333556616962083,0.33422646784717036,2024_06,-1.0,-1.0,STOP,2024-06-10T09:27:00Z,SPLIT_STOP_STOP,168e84d55e7dee4e78e6a2920c5f2b9828b010eea966e899c525af2892939006,2024-06-10T09:27:00Z,FIRST_RETEST_FILLED,2024-06-10T08:50:00Z,2024-06-10T08:36:00Z,2295.85,True,True,RECLAIM_CONFIRMATION_STOP,86696983c4ec01c6b4934c43fb204799de97f569f9d248a60adfb58837930270,f8e2d947d000c4805a14c6e127f37747323fd69eb7d5def2cffbdaaad5e190c2,2292.15,,,,CONTROL_V2_FILLED_STOP,False,,2024-06-10T08:35:00Z,2292.15,2339.43,ae997d623083aca38dc0330c9f93c242e2d942bd033542a2cd5443d2cbe3f5ec
bb62998a1647f9deeee691546cd033ac512d7d0207151578486a1dbd2e459039,2295.85,2024-06-10T08:35:00Z,0dbe848abc3072e7b65f592de7413ca76c25c14d11dcb9d1ae50191f6c664189,2024-06-10T08:35:00Z,2296.79,2292.15,2024-07-01T00:00:00Z,2024-06-10T07:00:00Z,0.0,LONG,1.0,-50.0,CONTROL_V2_FILLED_STOP,2024-06-10T08:35:00Z,CONFIRMED_25_75_RETEST_SPLIT,2296.79,True,d0dd0e620e696e1c8d36f79923e5362b5f1e607767930bef20f7234238ea21c9,1.0333556616962083,0.33422646784717036,2024_06,-1.0,-1.0,STOP,2024-06-10T09:27:00Z,SPLIT_STOP_STOP,d946253888ffbdaf94452629a2a6199261234108f81ae8f78e19325dc6928296,2024-06-10T09:27:00Z,FIRST_RETEST_FILLED,2024-06-10T08:50:00Z,2024-06-10T08:36:00Z,2295.85,True,True,RECLAIM_CONFIRMATION_STOP,845499d35d1c31418e745fee51ae4bf2519ce6d6e67a07b2cf68b7e3c17aa0ec,f8e2d947d000c4805a14c6e127f37747323fd69eb7d5def2cffbdaaad5e190c2,2292.15,1.3014285714285247,0.06507142857142624,NOT_STRICTLY_CLOSER_THAN_CONTROL,M5_LATEST_CONFIRMED_OPPOSING_SWING_ELSE_CONTROL,False,a98c359041060b897c23b5a24481d48c122b403fed8bb598cb8cd08821d78e23,2024-06-10T08:30:00Z,2292.17,2339.43,ae997d623083aca38dc0330c9f93c242e2d942bd033542a2cd5443d2cbe3f5ec
bb62998a1647f9deeee691546cd033ac512d7d0207151578486a1dbd2e459039,2295.85,2024-06-10T08:35:00Z,0dbe848abc3072e7b65f592de7413ca76c25c14d11dcb9d1ae50191f6c664189,2024-06-10T08:35:00Z,2296.79,2292.15,2024-07-01T00:00:00Z,2024-06-10T07:00:00Z,0.0,LONG,0.8895089285713869,-50.0,M15_LATEST_CONFIRMED_OPPOSING_SWING_ELSE_CONTROL,2024-06-10T08:35:00Z,CONFIRMED_25_75_RETEST_SPLIT,2296.79,True,26915565773250f3691c313129052647c64774bfe4c2581e8118f6c8a72f1d24,1.018545290122746,0.3868812547838175,2024_06,-1.0,-1.0,STOP,2024-06-10T09:27:00Z,SPLIT_STOP_STOP,c55ab8061823a20f5d29c55e0037a383e50af484d7ddd16e71f327035871e2b9,2024-06-10T09:19:00Z,FIRST_RETEST_FILLED,2024-06-10T08:50:00Z,2024-06-10T08:36:00Z,2295.85,True,True,RECLAIM_CONFIRMATION_STOP,4a65fe82a3903a31160c3b433a72f57c0addccc129e644c645c8fdebdec66e29,f8e2d947d000c4805a14c6e127f37747323fd69eb7d5def2cffbdaaad5e190c2,2292.662678571429,2.3464285714285,0.11732142857142501,,M15_LATEST_CONFIRMED_OPPOSING_SWING_ELSE_CONTROL,True,bd29c7b6b34718798fdcbb68f790c83d49d176f9d1f8b91b36fe63606261f339,2024-06-10T07:45:00Z,2292.78,2339.43,ae997d623083aca38dc0330c9f93c242e2d942bd033542a2cd5443d2cbe3f5ec
bb62998a1647f9deeee691546cd033ac512d7d0207151578486a1dbd2e459039,2295.85,2024-06-10T08:35:00Z,0dbe848abc3072e7b65f592de7413ca76c25c14d11dcb9d1ae50191f6c664189,2024-06-10T08:35:00Z,2296.79,2292.15,2024-07-01T00:00:00Z,2024-06-10T07:00:00Z,0.0,LONG,0.7028633004926497,-50.0,H1_SOURCE_SWING_BUFFERED_ELSE_CONTROL,2024-06-10T08:35:00Z,CONFIRMED_25_75_RETEST_SPLIT,2296.79,True,6fc55792563e4e63395b508829d5a773949c1cc1a5c57a8ee5ce90781943c015,1.2313431710227085,0.5275730638572935,2024_06,-1.0,-1.0,STOP,2024-06-10T09:27:00Z,SPLIT_STOP_STOP,6757af545760adb2d60348a1bc83797923ea568ba782d0a616843c75cd1bd124,2024-06-10T09:05:00Z,FIRST_RETEST_FILLED,2024-06-10T08:50:00Z,2024-06-10T08:36:00Z,2295.85,True,True,RECLAIM_CONFIRMATION_STOP,5bf6aec9cfa3095e90f30a3fbeb05cf9534515e9e514dc6c716d708efc324165,f8e2d947d000c4805a14c6e127f37747323fd69eb7d5def2cffbdaaad5e190c2,2293.528714285714,8.82571428571425,0.4412857142857125,,H1_SOURCE_SWING_BUFFERED_ELSE_CONTROL,True,f8e2d947d000c4805a14c6e127f37747323fd69eb7d5def2cffbdaaad5e190c2,2024-06-10T07:00:00Z,2293.97,2339.43,ae997d623083aca38dc0330c9f93c242e2d942bd033542a2cd5443d2cbe3f5ec
8ddeb508cffaf80c04599fcb4bd04d21f212a013344f0b3571aabbe5ff972088,2297.48,2024-06-10T13:55:00Z,63bf9d639304bc55e6eb84d8a143dcb5f30b20ef0a2c505d2746b83ee517dd60,2024-06-10T13:55:00Z,2298.26,2287.79,2024-07-01T00:00:00Z,2024-06-10T12:00:00Z,0.0,LONG,1.0,14.947468958928262,CONTROL_V2_FILLED_STOP,2024-06-10T13:55:00Z,CONTROL_NEXT_M1_OPEN,2298.26,True,6a33d7ca765be5772a89151651c90d390ba6f671b9a76e76c4a0e03597285273,0.04489016236869563,0.37822349570195657,2024_06,0.29894937917856523,0.29894937917856523,TARGET,2024-06-10T14:54:00Z,TARGET,a305ffae058cfdad42e038895f49c78c74ba2d09488a8dc4b394643242bb06ae,2024-06-10T14:54:00Z,RETEST_EXPIRED,2024-06-10T14:10:00Z,,2297.48,False,False,INITIAL_CONFIRMATION_TARGET,c5a87d6aba9d862cef7e10b58f99f93a50df2bd4754ea4b0a7ca34327c4a7715,99828bdba04f85b4d69f70ad358d65039affec226b7a5d38e1aceb5c3b08b4e5,2287.79,,,,CONTROL_V2_FILLED_STOP,False,,2024-06-10T13:55:00Z,2287.79,2301.39,25351e129feef6de89164bed229b47a70481613300330dfcaec4608d517bf4f8
8ddeb508cffaf80c04599fcb4bd04d21f212a013344f0b3571aabbe5ff972088,2297.48,2024-06-10T13:55:00Z,63bf9d639304bc55e6eb84d8a143dcb5f30b20ef0a2c505d2746b83ee517dd60,2024-06-10T13:55:00Z,2298.26,2287.79,2024-07-01T00:00:00Z,2024-06-10T12:00:00Z,0.8546031519503755,LONG,0.2591554100150031,57.67762655644704,M5_LATEST_CONFIRMED_OPPOSING_SWING_ELSE_CONTROL,2024-06-10T13:55:00Z,CONTROL_NEXT_M1_OPEN,2298.26,True,a4ba8baba1e66e566d72a84b75ee27ee5c83b4562e84740342bfe7d02dadfc52,0.17321715323672707,1.4594466528021173,2024_06,1.1535525311289407,0.29894937917856523,TARGET,2024-06-10T14:54:00Z,TARGET,518bce19b971ce4b9059b1fde697edc58cd58cf9c9553612eeed70e2637790bd,2024-06-10T14:54:00Z,RETEST_EXPIRED,2024-06-10T14:10:00Z,,2297.48,False,False,INITIAL_CONFIRMATION_TARGET,b68767bfb76b84ff300af327921c3385e517f809bdd15980a31ec1b03846d716,99828bdba04f85b4d69f70ad358d65039affec226b7a5d38e1aceb5c3b08b4e5,2295.546642857143,1.267142857142744,0.06335714285713721,,M5_LATEST_CONFIRMED_OPPOSING_SWING_ELSE_CONTROL,True,801d2c70bdc0dea4525f886a127f7a0ac8a906927dba2ed317797cc9cada3e15,2024-06-10T13:50:00Z,2295.61,2301.39,25351e129feef6de89164bed229b47a70481613300330dfcaec4608d517bf4f8
8ddeb508cffaf80c04599fcb4bd04d21f212a013344f0b3571aabbe5ff972088,2297.48,2024-06-10T13:55:00Z,63bf9d639304bc55e6eb84d8a143dcb5f30b20ef0a2c505d2746b83ee517dd60,2024-06-10T13:55:00Z,2298.26,2287.79,2024-07-01T00:00:00Z,2024-06-10T12:00:00Z,0.18553592428803245,LONG,0.6170452994951909,24.224265173329883,M15_LATEST_CONFIRMED_OPPOSING_SWING_ELSE_CONTROL,2024-06-10T13:55:00Z,CONTROL_NEXT_M1_OPEN,2298.26,True,c4f9d884784ef03e84efc9bc659ef9ba301c8a56cb29e3de486b84a488949f58,0.07275018933848225,0.6129590420855386,2024_06,0.4844853034665977,0.29894937917856523,TARGET,2024-06-10T14:54:00Z,TARGET,8cfe322a7cff78716f45cc69eae8dba0fd09e473c1316e4180f66533c5959874,2024-06-10T14:54:00Z,RETEST_EXPIRED,2024-06-10T14:10:00Z,,2297.48,False,False,INITIAL_CONFIRMATION_TARGET,9288cd8474e85de9d07880f5d76f9be34a20ac149fc5f2845c26d9742c544779,99828bdba04f85b4d69f70ad358d65039affec226b7a5d38e1aceb5c3b08b4e5,2291.7995357142854,2.6092857142856962,0.1304642857142848,,M15_LATEST_CONFIRMED_OPPOSING_SWING_ELSE_CONTROL,True,eebf454b6b2d2ee19119d116ff977d735f59e56cb6c98b20d798a65b892e2f50,2024-06-10T12:45:00Z,2291.93,2301.39,25351e129feef6de89164bed229b47a70481613300330dfcaec4608d517bf4f8
8ddeb508cffaf80c04599fcb4bd04d21f212a013344f0b3571aabbe5ff972088,2297.48,2024-06-10T13:55:00Z,63bf9d639304bc55e6eb84d8a143dcb5f30b20ef0a2c505d2746b83ee517dd60,2024-06-10T13:55:00Z,2298.26,2287.79,2024-07-01T00:00:00Z,2024-06-10T12:00:00Z,0.0,LONG,1.0,14.947468958928262,CONTROL_V2_FILLED_STOP,2024-06-10T13:55:00Z,CONTROL_NEXT_M1_OPEN,2298.26,True,571ad35098258fdf5e7a550d68407888f3d14a10ec3050d8e858c06f95ee46b1,0.04489016236869563,0.37822349570195657,2024_06,0.29894937917856523,0.29894937917856523,TARGET,2024-06-10T14:54:00Z,TARGET,f3dd9354ed1dee72f3190ccfed8b5fa5fca4c6d31c5b087d394637e64c874c8c,2024-06-10T14:54:00Z,RETEST_EXPIRED,2024-06-10T14:10:00Z,,2297.48,False,False,INITIAL_CONFIRMATION_TARGET,af3ee37d5e5f2bb7af366eb95698ef4e2a4c366f88159f16dbe8b530f04bfdcf,99828bdba04f85b4d69f70ad358d65039affec226b7a5d38e1aceb5c3b08b4e5,2287.79,6.243571428571419,0.312178571428571,NOT_STRICTLY_CLOSER_THAN_CONTROL,H1_SOURCE_SWING_BUFFERED_ELSE_CONTROL,False,99828bdba04f85b4d69f70ad358d65039affec226b7a5d38e1aceb5c3b08b4e5,2024-06-10T12:00:00Z,2287.79,2301.39,25351e129feef6de89164bed229b47a70481613300330dfcaec4608d517bf4f8
8ddeb508cffaf80c04599fcb4bd04d21f212a013344f0b3571aabbe5ff972088,2297.48,2024-06-10T13:55:00Z,63bf9d639304bc55e6eb84d8a143dcb5f30b20ef0a2c505d2746b83ee517dd60,2024-06-10T13:55:00Z,2298.26,2287.79,2024-07-01T00:00:00Z,2024-06-10T12:00:00Z,-0.29894937917856523,LONG,1.0,0.0,CONTROL_V2_FILLED_STOP,,M5_BROKEN_CONTROL_FIRST_RETEST,,False,6a33d7ca765be5772a89151651c90d390ba6f671b9a76e76c4a0e03597285273,,,2024_06,0.0,0.29894937917856523,TARGET,2024-06-10T14:54:00Z,NO_FILL,848a734b0d13ba4adef1cee54c0f779f66fb6f66be7b1b20ceb2e849670f310f,,RETEST_EXPIRED,2024-06-10T14:10:00Z,,2297.48,False,False,INITIAL_CONFIRMATION_TARGET,45038bdd2c268c634797abf0b15b296398eb88b64fd30bea055d2c057f914833,99828bdba04f85b4d69f70ad358d65039affec226b7a5d38e1aceb5c3b08b4e5,2287.79,,,,CONTROL_V2_FILLED_STOP,False,,2024-06-10T13:55:00Z,2287.79,2301.39,25351e129feef6de89164bed229b47a70481613300330dfcaec4608d517bf4f8
8ddeb508cffaf80c04599fcb4bd04d21f212a013344f0b3571aabbe5ff972088,2297.48,2024-06-10T13:55:00Z,63bf9d639304bc55e6eb84d8a143dcb5f30b20ef0a2c505d2746b83ee517dd60,2024-06-10T13:55:00Z,2298.26,2287.79,2024-07-01T00:00:00Z,2024-06-10T12:00:00Z,-0.29894937917856523,LONG,0.2591554100150031,0.0,M5_LATEST_CONFIRMED_OPPOSING_SWING_ELSE_CONTROL,,M5_BROKEN_CONTROL_FIRST_RETEST,,False,a4ba8baba1e66e566d72a84b75ee27ee5c83b4562e84740342bfe7d02dadfc52,,,2024_06,0.0,0.29894937917856523,TARGET,2024-06-10T14:54:00Z,NO_FILL,bbe643ab010136f7b3de5ff7d572a4b77d97e223917c4f399882a129be7fe957,,RETEST_EXPIRED,2024-06-10T14:10:00Z,,2297.48,False,False,INITIAL_CONFIRMATION_TARGET,c85bb1ea70a18c3a3b8d8033927f697fe2fd89d5a2fb1e2c8347a57760b73cf3,99828bdba04f85b4d69f70ad358d65039affec226b7a5d38e1aceb5c3b08b4e5,2295.546642857143,1.267142857142744,0.06335714285713721,,M5_LATEST_CONFIRMED_OPPOSING_SWING_ELSE_CONTROL,True,801d2c70bdc0dea4525f886a127f7a0ac8a906927dba2ed317797cc9cada3e15,2024-06-10T13:50:00Z,2295.61,2301.39,25351e129feef6de89164bed229b47a70481613300330dfcaec4608d517bf4f8
8ddeb508cffaf80c04599fcb4bd04d21f212a013344f0b3571aabbe5ff972088,2297.48,2024-06-10T13:55:00Z,63bf9d639304bc55e6eb84d8a143dcb5f30b20ef0a2c505d2746b83ee517dd60,2024-06-10T13:55:00Z,2298.26,2287.79,2024-07-01T00:00:00Z,2024-06-10T12:00:00Z,-0.29894937917856523,LONG,0.6170452994951909,0.0,M15_LATEST_CONFIRMED_OPPOSING_SWING_ELSE_CONTROL,,M5_BROKEN_CONTROL_FIRST_RETEST,,False,c4f9d884784ef03e84efc9bc659ef9ba301c8a56cb29e3de486b84a488949f58,,,2024_06,0.0,0.29894937917856523,TARGET,2024-06-10T14:54:00Z,NO_FILL,f6b3e1b9c8a23d201abe82ad668393105aa3ebc1f9ca2ab1eccbeb8570ea7e0f,,RETEST_EXPIRED,2024-06-10T14:10:00Z,,2297.48,False,False,INITIAL_CONFIRMATION_TARGET,712f48ee08d13c5f1d3a945faf999449957da0bb37da721fc3432f6086004818,99828bdba04f85b4d69f70ad358d65039affec226b7a5d38e1aceb5c3b08b4e5,2291.7995357142854,2.6092857142856962,0.1304642857142848,,M15_LATEST_CONFIRMED_OPPOSING_SWING_ELSE_CONTROL,True,eebf454b6b2d2ee19119d116ff977d735f59e56cb6c98b20d798a65b892e2f50,2024-06-10T12:45:00Z,2291.93,2301.39,25351e129feef6de89164bed229b47a70481613300330dfcaec4608d517bf4f8
8ddeb508cffaf80c04599fcb4bd04d21f212a013344f0b3571aabbe5ff972088,2297.48,2024-06-10T13:55:00Z,63bf9d639304bc55e6eb84d8a143dcb5f30b20ef0a2c505d2746b83ee517dd60,2024-06-10T13:55:00Z,2298.26,2287.79,2024-07-01T00:00:00Z,2024-06-10T12:00:00Z,-0.29894937917856523,LONG,1.0,0.0,CONTROL_V2_FILLED_STOP,,M5_BROKEN_CONTROL_FIRST_RETEST,,False,571ad35098258fdf5e7a550d68407888f3d14a10ec3050d8e858c06f95ee46b1,,,2024_06,0.0,0.29894937917856523,TARGET,2024-06-10T14:54:00Z,NO_FILL,76cc3b4494b62eaaaaa635f271410894526e900c542246059c673f5cf8bb3334,,RETEST_EXPIRED,2024-06-10T14:10:00Z,,2297.48,False,False,INITIAL_CONFIRMATION_TARGET,c154eb47a6920728f714dec7279a9d1db7a56b13c3c31ad7d774e9a20e35c2ca,99828bdba04f85b4d69f70ad358d65039affec226b7a5d38e1aceb5c3b08b4e5,2287.79,6.243571428571419,0.312178571428571,NOT_STRICTLY_CLOSER_THAN_CONTROL,H1_SOURCE_SWING_BUFFERED_ELSE_CONTROL,False,99828bdba04f85b4d69f70ad358d65039affec226b7a5d38e1aceb5c3b08b4e5,2024-06-10T12:00:00Z,2287.79,2301.39,25351e129feef6de89164bed229b47a70481613300330dfcaec4608d517bf4f8
8ddeb508cffaf80c04599fcb4bd04d21f212a013344f0b3571aabbe5ff972088,2297.48,2024-06-10T13:55:00Z,63bf9d639304bc55e6eb84d8a143dcb5f30b20ef0a2c505d2746b83ee517dd60,2024-06-10T13:55:00Z,2298.26,2287.79,2024-07-01T00:00:00Z,2024-06-10T12:00:00Z,-0.22421203438392392,LONG,1.0,3.7368672397320655,CONTROL_V2_FILLED_STOP,2024-06-10T13:55:00Z,CONFIRMED_25_75_RETEST_SPLIT,2298.26,True,6a33d7ca765be5772a89151651c90d390ba6f671b9a76e76c4a0e03597285273,0.011222540592173907,0.09455587392548914,2024_06,0.07473734479464131,0.29894937917856523,TARGET,2024-06-10T14:54:00Z,SPLIT_CONTROL_TARGET_NO_RETEST,a6e7dce5d62cd6b32aa6c37e45520dcd3f31babf75f5777f298acec05c0172e0,2024-06-10T14:54:00Z,RETEST_EXPIRED,2024-06-10T14:10:00Z,,2297.48,False,False,INITIAL_CONFIRMATION_TARGET,44abb46907fa884dcf5420163fd74963cfcc6689b799ef223c5cbebc754827a2,99828bdba04f85b4d69f70ad358d65039affec226b7a5d38e1aceb5c3b08b4e5,2287.79,,,,CONTROL_V2_FILLED_STOP,False,,2024-06-10T13:55:00Z,2287.79,2301.39,25351e129feef6de89164bed229b47a70481613300330dfcaec4608d517bf4f8
8ddeb508cffaf80c04599fcb4bd04d21f212a013344f0b3571aabbe5ff972088,2297.48,2024-06-10T13:55:00Z,63bf9d639304bc55e6eb84d8a143dcb5f30b20ef0a2c505d2746b83ee517dd60,2024-06-10T13:55:00Z,2298.26,2287.79,2024-07-01T00:00:00Z,2024-06-10T12:00:00Z,-0.010561246396330048,LONG,0.2591554100150031,14.41940663911176,M5_LATEST_CONFIRMED_OPPOSING_SWING_ELSE_CONTROL,2024-06-10T13:55:00Z,CONFIRMED_25_75_RETEST_SPLIT,2298.26,True,a4ba8baba1e66e566d72a84b75ee27ee5c83b4562e84740342bfe7d02dadfc52,0.04330428830918177,0.3648616632005293,2024_06,0.2883881327822352,0.29894937917856523,TARGET,2024-06-10T14:54:00Z,SPLIT_CONTROL_TARGET_NO_RETEST,9f7e7df4a416ce1ef7e416c7182a4e94097ef63bf7234e28489315a30466ba70,2024-06-10T14:54:00Z,RETEST_EXPIRED,2024-06-10T14:10:00Z,,2297.48,False,False,INITIAL_CONFIRMATION_TARGET,0d88d2f65799d4109e7319d970c31f54190dd86d88a6c5bf615bdcbcf2d1793d,99828bdba04f85b4d69f70ad358d65039affec226b7a5d38e1aceb5c3b08b4e5,2295.546642857143,1.267142857142744,0.06335714285713721,,M5_LATEST_CONFIRMED_OPPOSING_SWING_ELSE_CONTROL,True,801d2c70bdc0dea4525f886a127f7a0ac8a906927dba2ed317797cc9cada3e15,2024-06-10T13:50:00Z,2295.61,2301.39,25351e129feef6de89164bed229b47a70481613300330dfcaec4608d517bf4f8
8ddeb508cffaf80c04599fcb4bd04d21f212a013344f0b3571aabbe5ff972088,2297.48,2024-06-10T13:55:00Z,63bf9d639304bc55e6eb84d8a143dcb5f30b20ef0a2c505d2746b83ee517dd60,2024-06-10T13:55:00Z,2298.26,2287.79,2024-07-01T00:00:00Z,2024-06-10T12:00:00Z,-0.1778280533119158,LONG,0.6170452994951909,6.056066293332471,M15_LATEST_CONFIRMED_OPPOSING_SWING_ELSE_CONTROL,2024-06-10T13:55:00Z,CONFIRMED_25_75_RETEST_SPLIT,2298.26,True,c4f9d884784ef03e84efc9bc659ef9ba301c8a56cb29e3de486b84a488949f58,0.018187547334620562,0.15323976052138466,2024_06,0.12112132586664942,0.29894937917856523,TARGET,2024-06-10T14:54:00Z,SPLIT_CONTROL_TARGET_NO_RETEST,64e3f47123f888dab52bf7c154b504bda483d17ca2af43a90832cbbe992a9a3e,2024-06-10T14:54:00Z,RETEST_EXPIRED,2024-06-10T14:10:00Z,,2297.48,False,False,INITIAL_CONFIRMATION_TARGET,42b5d137654bd4a92892d1e55dc2e6f2026970e42925c7930ad94bb9040d3a48,99828bdba04f85b4d69f70ad358d65039affec226b7a5d38e1aceb5c3b08b4e5,2291.7995357142854,2.6092857142856962,0.1304642857142848,,M15_LATEST_CONFIRMED_OPPOSING_SWING_ELSE_CONTROL,True,eebf454b6b2d2ee19119d116ff977d735f59e56cb6c98b20d798a65b892e2f50,2024-06-10T12:45:00Z,2291.93,2301.39,25351e129feef6de89164bed229b47a70481613300330dfcaec4608d517bf4f8
8ddeb508cffaf80c04599fcb4bd04d21f212a013344f0b3571aabbe5ff972088,2297.48,2024-06-10T13:55:00Z,63bf9d639304bc55e6eb84d8a143dcb5f30b20ef0a2c505d2746b83ee517dd60,2024-06-10T13:55:00Z,2298.26,2287.79,2024-07-01T00:00:00Z,2024-06-10T12:00:00Z,-0.22421203438392392,LONG,1.0,3.7368672397320655,CONTROL_V2_FILLED_STOP,2024-06-10T13:55:00Z,CONFIRMED_25_75_RETEST_SPLIT,2298.26,True,571ad35098258fdf5e7a550d68407888f3d14a10ec3050d8e858c06f95ee46b1,0.011222540592173907,0.09455587392548914,2024_06,0.07473734479464131,0.29894937917856523,TARGET,2024-06-10T14:54:00Z,SPLIT_CONTROL_TARGET_NO_RETEST,92a66313ee4ec58612752410c4f7c8be03ced06d5597e98f4cdadad4d8b24414,2024-06-10T14:54:00Z,RETEST_EXPIRED,2024-06-10T14:10:00Z,,2297.48,False,False,INITIAL_CONFIRMATION_TARGET,b91846aa568570a36d8ea14594fdb30981e175719b5c1092055bbe2be6734a2c,99828bdba04f85b4d69f70ad358d65039affec226b7a5d38e1aceb5c3b08b4e5,2287.79,6.243571428571419,0.312178571428571,NOT_STRICTLY_CLOSER_THAN_CONTROL,H1_SOURCE_SWING_BUFFERED_ELSE_CONTROL,False,99828bdba04f85b4d69f70ad358d65039affec226b7a5d38e1aceb5c3b08b4e5,2024-06-10T12:00:00Z,2287.79,2301.39,25351e129feef6de89164bed229b47a70481613300330dfcaec4608d517bf4f8
a3d10f63816ea6884ea83ba3491ffea46c95713aff59d0293e2274489fe46933,2300.12,2024-06-10T14:15:00Z,ca9d661d09391008ef7ba2eff6324ee56236161a30e9a16f4cdf94ffd5dcecaf,2024-06-10T14:15:00Z,2300.51,2287.74,2024-07-01T00:00:00Z,2024-06-10T03:00:00Z,0.0,LONG,1.0,152.38841033672,CONTROL_V2_FILLED_STOP,2024-06-10T14:15:00Z,CONTROL_NEXT_M1_OPEN,2300.51,True,4fed4fe03785806922c5a07e81ea286e3397dea711ef89b5f15f5b33fd0364ce,0.21456538762726254,3.0571652310100728,2024_06,3.0477682067344,3.0477682067344,TARGET,2024-06-12T16:00:00Z,TARGET,a7246eeedd3f54f7f16c971025314d5ee971cf52e793cd899859b6144dee65e0,2024-06-12T16:00:00Z,FIRST_RETEST_FILLED,2024-06-10T14:30:00Z,2024-06-10T14:17:00Z,2300.12,True,False,INITIAL_CONFIRMATION_TARGET,bd1eb9c09af569398310cdd0f8bffe963493834c5dfdf386fd6292b01a0120ff,a62345b4fbf794c3ca8f01bd51988d518f67dfbf7eaf549ffb42bdc71f267045,2287.74,,,,CONTROL_V2_FILLED_STOP,False,,2024-06-10T14:15:00Z,2287.74,2339.43,3ce3104fca6aa3b8332dab8661ddcafcfea7174adddbe385756688fac1df505c
a3d10f63816ea6884ea83ba3491ffea46c95713aff59d0293e2274489fe46933,2300.12,2024-06-10T14:15:00Z,ca9d661d09391008ef7ba2eff6324ee56236161a30e9a16f4cdf94ffd5dcecaf,2024-06-10T14:15:00Z,2300.51,2287.74,2024-07-01T00:00:00Z,2024-06-10T03:00:00Z,4.7900326980473915,LONG,0.3888550173397459,391.89004523908955,M5_LATEST_CONFIRMED_OPPOSING_SWING_ELSE_CONTROL,2024-06-10T14:15:00Z,CONTROL_NEXT_M1_OPEN,2300.51,True,939fdae10ef67fd643fd049a1a2235e920f66a42b9f9cdbaa10b69eeb1774a21,0.551787627931762,7.861966786297119,2024_06,7.837800904781791,3.0477682067344,TARGET,2024-06-12T16:00:00Z,TARGET,3e2d9725e371ac8d2362a43a74fdec2e38d716432d3d1f7a809ce8ded9ce939a,2024-06-12T16:00:00Z,FIRST_RETEST_FILLED,2024-06-10T14:30:00Z,2024-06-10T14:17:00Z,2300.12,True,False,INITIAL_CONFIRMATION_TARGET,caf62c03d742fd73717fc187244ddb7770243befc7acdd05c345537de389a789,a62345b4fbf794c3ca8f01bd51988d518f67dfbf7eaf549ffb42bdc71f267045,2295.5443214285715,1.3135714285712896,0.06567857142856448,,M5_LATEST_CONFIRMED_OPPOSING_SWING_ELSE_CONTROL,True,801d2c70bdc0dea4525f886a127f7a0ac8a906927dba2ed317797cc9cada3e15,2024-06-10T13:50:00Z,2295.61,2339.43,3ce3104fca6aa3b8332dab8661ddcafcfea7174adddbe385756688fac1df505c
a3d10f63816ea6884ea83ba3491ffea46c95713aff59d0293e2274489fe46933,2300.12,2024-06-10T14:15:00Z,ca9d661d09391008ef7ba2eff6324ee56236161a30e9a16f4cdf94ffd5dcecaf,2024-06-10T14:15:00Z,2300.51,2287.74,2024-07-01T00:00:00Z,2024-06-10T03:00:00Z,1.4218684835293072,LONG,0.6818827609352256,223.48183451318536,M15_LATEST_CONFIRMED_OPPOSING_SWING_ELSE_CONTROL,2024-06-10T14:15:00Z,CONTROL_NEXT_M1_OPEN,2300.51,True,98eefb9cb7672c832866ee2f708c7b74f0835e1287946e19a4bbfb5a98f0f5c5,0.31466609792712574,4.4834176872532545,2024_06,4.469636690263707,3.0477682067344,TARGET,2024-06-12T16:00:00Z,TARGET,5087257c2abdd4538b8fa82db414ca91346c0444ea5b6aac7c4afb94c155174b,2024-06-12T16:00:00Z,FIRST_RETEST_FILLED,2024-06-10T14:30:00Z,2024-06-10T14:17:00Z,2300.12,True,False,INITIAL_CONFIRMATION_TARGET,a20ca2f8aa36ad7f2da97f999ee2478a66dc02074d3f691c4b8c7787195b7dd5,a62345b4fbf794c3ca8f01bd51988d518f67dfbf7eaf549ffb42bdc71f267045,2291.802357142857,2.5528571428571274,0.12764285714285636,,M15_LATEST_CONFIRMED_OPPOSING_SWING_ELSE_CONTROL,True,eebf454b6b2d2ee19119d116ff977d735f59e56cb6c98b20d798a65b892e2f50,2024-06-10T12:45:00Z,2291.93,2339.43,3ce3104fca6aa3b8332dab8661ddcafcfea7174adddbe385756688fac1df505c
a3d10f63816ea6884ea83ba3491ffea46c95713aff59d0293e2274489fe46933,2300.12,2024-06-10T14:15:00Z,ca9d661d09391008ef7ba2eff6324ee56236161a30e9a16f4cdf94ffd5dcecaf,2024-06-10T14:15:00Z,2300.51,2287.74,2024-07-01T00:00:00Z,2024-06-10T03:00:00Z,0.0,LONG,1.0,152.38841033672,CONTROL_V2_FILLED_STOP,2024-06-10T14:15:00Z,CONTROL_NEXT_M1_OPEN,2300.51,True,7fe0b620b7a8b35c4da045e83420d00edc61427ae35a1ae36b06b9d5f9f7bed3,0.21456538762726254,3.0571652310100728,2024_06,3.0477682067344,3.0477682067344,TARGET,2024-06-12T16:00:00Z,TARGET,bd7f75c030cc96ca8a9b0dd8c499bf53cc9e8cf2935d80e084e83aaba752aca9,2024-06-12T16:00:00Z,FIRST_RETEST_FILLED,2024-06-10T14:30:00Z,2024-06-10T14:17:00Z,2300.12,True,False,INITIAL_CONFIRMATION_TARGET,b62c79656322394f7cddc357c564e8493726a2fff9ad8daef336347b845d83e7,a62345b4fbf794c3ca8f01bd51988d518f67dfbf7eaf549ffb42bdc71f267045,2287.74,5.982142857142857,0.29910714285714285,NOT_STRICTLY_CLOSER_THAN_CONTROL,H1_SOURCE_SWING_BUFFERED_ELSE_CONTROL,False,a62345b4fbf794c3ca8f01bd51988d518f67dfbf7eaf549ffb42bdc71f267045,2024-06-10T03:00:00Z,2287.74,2339.43,3ce3104fca6aa3b8332dab8661ddcafcfea7174adddbe385756688fac1df505c
a3d10f63816ea6884ea83ba3491ffea46c95713aff59d0293e2274489fe46933,2300.12,2024-06-10T14:15:00Z,ca9d661d09391008ef7ba2eff6324ee56236161a30e9a16f4cdf94ffd5dcecaf,2024-06-10T14:15:00Z,2300.51,2287.74,2024-07-01T00:00:00Z,2024-06-10T03:00:00Z,0.12751450732049507,LONG,1.0,158.76413570274474,CONTROL_V2_FILLED_STOP,2024-06-10T14:17:00Z,M5_BROKEN_CONTROL_FIRST_RETEST,2300.12,True,4fed4fe03785806922c5a07e81ea286e3397dea711ef89b5f15f5b33fd0364ce,0.1898222940226081,3.184975767366716,2024_06,3.175282714054895,3.0477682067344,TARGET,2024-06-12T16:00:00Z,TARGET,2640ea4d74ad7168bf3ad21dbecbb72669d6ddc03f46df002c3be61fba6b1722,2024-06-12T16:00:00Z,FIRST_RETEST_FILLED,2024-06-10T14:30:00Z,2024-06-10T14:17:00Z,2300.12,True,True,INITIAL_CONFIRMATION_TARGET,842df2966ecb1b8db9fa485a3682a3b61d5826c3f9bdae9df9d7e6e2e6fdaf99,a62345b4fbf794c3ca8f01bd51988d518f67dfbf7eaf549ffb42bdc71f267045,2287.74,,,,CONTROL_V2_FILLED_STOP,False,,2024-06-10T14:15:00Z,2287.74,2339.43,3ce3104fca6aa3b8332dab8661ddcafcfea7174adddbe385756688fac1df505c
a3d10f63816ea6884ea83ba3491ffea46c95713aff59d0293e2274489fe46933,2300.12,2024-06-10T14:15:00Z,ca9d661d09391008ef7ba2eff6324ee56236161a30e9a16f4cdf94ffd5dcecaf,2024-06-10T14:15:00Z,2300.51,2287.74,2024-07-01T00:00:00Z,2024-06-10T03:00:00Z,5.5433072777764085,LONG,0.3888550173397459,429.5537742255404,M5_LATEST_CONFIRMED_OPPOSING_SWING_ELSE_CONTROL,2024-06-10T14:17:00Z,M5_BROKEN_CONTROL_FIRST_RETEST,2300.12,True,939fdae10ef67fd643fd049a1a2235e920f66a42b9f9cdbaa10b69eeb1774a21,0.5135850264207491,8.617301102881306,2024_06,8.591075484510808,3.0477682067344,TARGET,2024-06-12T16:00:00Z,TARGET,4c537ef4072e289c0aa4942b7dade7a3a9f5a400a33d25fa071b2f33c161d9fb,2024-06-12T16:00:00Z,FIRST_RETEST_FILLED,2024-06-10T14:30:00Z,2024-06-10T14:17:00Z,2300.12,True,True,INITIAL_CONFIRMATION_TARGET,3acf57f6b863ab171b8a678c4cc821e1fd6e4ff2eaf4f3c6cc8d21e9288a3f23,a62345b4fbf794c3ca8f01bd51988d518f67dfbf7eaf549ffb42bdc71f267045,2295.5443214285715,1.3135714285712896,0.06567857142856448,,M5_LATEST_CONFIRMED_OPPOSING_SWING_ELSE_CONTROL,True,801d2c70bdc0dea4525f886a127f7a0ac8a906927dba2ed317797cc9cada3e15,2024-06-10T13:50:00Z,2295.61,2339.43,3ce3104fca6aa3b8332dab8661ddcafcfea7174adddbe385756688fac1df505c
a3d10f63816ea6884ea83ba3491ffea46c95713aff59d0293e2274489fe46933,2300.12,2024-06-10T14:15:00Z,ca9d661d09391008ef7ba2eff6324ee56236161a30e9a16f4cdf94ffd5dcecaf,2024-06-10T14:15:00Z,2300.51,2287.74,2024-07-01T00:00:00Z,2024-06-10T03:00:00Z,1.6783303617130736,LONG,0.6818827609352256,236.30492842237368,M15_LATEST_CONFIRMED_OPPOSING_SWING_ELSE_CONTROL,2024-06-10T14:17:00Z,M5_BROKEN_CONTROL_FIRST_RETEST,2300.12,True,98eefb9cb7672c832866ee2f708c7b74f0835e1287946e19a4bbfb5a98f0f5c5,0.282531967332769,4.740525732736849,2024_06,4.7260985684474734,3.0477682067344,TARGET,2024-06-12T16:00:00Z,TARGET,797665767adce3ed966c20243011bc1aefaee438355043be85dfaf37203de93a,2024-06-12T16:00:00Z,FIRST_RETEST_FILLED,2024-06-10T14:30:00Z,2024-06-10T14:17:00Z,2300.12,True,True,INITIAL_CONFIRMATION_TARGET,cba130a56a250d098e5cd723b7bdec356f44e40116c656f45cf10cbca187a976,a62345b4fbf794c3ca8f01bd51988d518f67dfbf7eaf549ffb42bdc71f267045,2291.802357142857,2.5528571428571274,0.12764285714285636,,M15_LATEST_CONFIRMED_OPPOSING_SWING_ELSE_CONTROL,True,eebf454b6b2d2ee19119d116ff977d735f59e56cb6c98b20d798a65b892e2f50,2024-06-10T12:45:00Z,2291.93,2339.43,3ce3104fca6aa3b8332dab8661ddcafcfea7174adddbe385756688fac1df505c
a3d10f63816ea6884ea83ba3491ffea46c95713aff59d0293e2274489fe46933,2300.12,2024-06-10T14:15:00Z,ca9d661d09391008ef7ba2eff6324ee56236161a30e9a16f4cdf94ffd5dcecaf,2024-06-10T14:15:00Z,2300.51,2287.74,2024-07-01T00:00:00Z,2024-06-10T03:00:00Z,0.12751450732049507,LONG,1.0,158.76413570274474,CONTROL_V2_FILLED_STOP,2024-06-10T14:17:00Z,M5_BROKEN_CONTROL_FIRST_RETEST,2300.12,True,7fe0b620b7a8b35c4da045e83420d00edc61427ae35a1ae36b06b9d5f9f7bed3,0.1898222940226081,3.184975767366716,2024_06,3.175282714054895,3.0477682067344,TARGET,2024-06-12T16:00:00Z,TARGET,446351d92f9a6d3dd85952bf2f8dc88c21d58e07e72edc467db287bc7fc930a9,2024-06-12T16:00:00Z,FIRST_RETEST_FILLED,2024-06-10T14:30:00Z,2024-06-10T14:17:00Z,2300.12,True,True,INITIAL_CONFIRMATION_TARGET,93c087da32c635932a6b1f1a38bda0ca8ef12eac4bdd8c2ad4d8cb840d0a8ea8,a62345b4fbf794c3ca8f01bd51988d518f67dfbf7eaf549ffb42bdc71f267045,2287.74,5.982142857142857,0.29910714285714285,NOT_STRICTLY_CLOSER_THAN_CONTROL,H1_SOURCE_SWING_BUFFERED_ELSE_CONTROL,False,a62345b4fbf794c3ca8f01bd51988d518f67dfbf7eaf549ffb42bdc71f267045,2024-06-10T03:00:00Z,2287.74,2339.43,3ce3104fca6aa3b8332dab8661ddcafcfea7174adddbe385756688fac1df505c
a3d10f63816ea6884ea83ba3491ffea46c95713aff59d0293e2274489fe46933,2300.12,2024-06-10T14:15:00Z,ca9d661d09391008ef7ba2eff6324ee56236161a30e9a16f4cdf94ffd5dcecaf,2024-06-10T14:15:00Z,2300.51,2287.74,2024-07-01T00:00:00Z,2024-06-10T03:00:00Z,0.09563588049037142,LONG,1.0,157.17020436123858,CONTROL_V2_FILLED_STOP,2024-06-10T14:15:00Z,CONFIRMED_25_75_RETEST_SPLIT,2300.51,True,4fed4fe03785806922c5a07e81ea286e3397dea711ef89b5f15f5b33fd0364ce,0.19600806742377172,3.1530231332775553,2024_06,3.1434040872247713,3.0477682067344,TARGET,2024-06-12T16:00:00Z,SPLIT_TARGET_TARGET,3f38371506301a0bbec1454a9e9db5f1b28ba06c6ad80db71faab0ad66cff406,2024-06-12T16:00:00Z,FIRST_RETEST_FILLED,2024-06-10T14:30:00Z,2024-06-10T14:17:00Z,2300.12,True,True,INITIAL_CONFIRMATION_TARGET,01c9b6fc2347fa689c12218bb17ca7636a7d53e4b0e3b287116a859360c8477a,a62345b4fbf794c3ca8f01bd51988d518f67dfbf7eaf549ffb42bdc71f267045,2287.74,,,,CONTROL_V2_FILLED_STOP,False,,2024-06-10T14:15:00Z,2287.74,2339.43,3ce3104fca6aa3b8332dab8661ddcafcfea7174adddbe385756688fac1df505c
a3d10f63816ea6884ea83ba3491ffea46c95713aff59d0293e2274489fe46933,2300.12,2024-06-10T14:15:00Z,ca9d661d09391008ef7ba2eff6324ee56236161a30e9a16f4cdf94ffd5dcecaf,2024-06-10T14:15:00Z,2300.51,2287.74,2024-07-01T00:00:00Z,2024-06-10T03:00:00Z,5.3549886328441545,LONG,0.3888550173397459,420.1378419789277,M5_LATEST_CONFIRMED_OPPOSING_SWING_ELSE_CONTROL,2024-06-10T14:15:00Z,CONFIRMED_25_75_RETEST_SPLIT,2300.51,True,939fdae10ef67fd643fd049a1a2235e920f66a42b9f9cdbaa10b69eeb1774a21,0.5231356767985023,8.428467523735259,2024_06,8.402756839578554,3.0477682067344,TARGET,2024-06-12T16:00:00Z,SPLIT_TARGET_TARGET,d88147613fda19a096566eedf6b1d9ab53144cf19c39c2c737bdbee8a1c06ebd,2024-06-12T16:00:00Z,FIRST_RETEST_FILLED,2024-06-10T14:30:00Z,2024-06-10T14:17:00Z,2300.12,True,True,INITIAL_CONFIRMATION_TARGET,5ef77a6c57738db89121fbaab70d2c5fbe6bc3d57c453781a63cf087be314013,a62345b4fbf794c3ca8f01bd51988d518f67dfbf7eaf549ffb42bdc71f267045,2295.5443214285715,1.3135714285712896,0.06567857142856448,,M5_LATEST_CONFIRMED_OPPOSING_SWING_ELSE_CONTROL,True,801d2c70bdc0dea4525f886a127f7a0ac8a906927dba2ed317797cc9cada3e15,2024-06-10T13:50:00Z,2295.61,2339.43,3ce3104fca6aa3b8332dab8661ddcafcfea7174adddbe385756688fac1df505c
a3d10f63816ea6884ea83ba3491ffea46c95713aff59d0293e2274489fe46933,2300.12,2024-06-10T14:15:00Z,ca9d661d09391008ef7ba2eff6324ee56236161a30e9a16f4cdf94ffd5dcecaf,2024-06-10T14:15:00Z,2300.51,2287.74,2024-07-01T00:00:00Z,2024-06-10T03:00:00Z,1.6142148921671318,LONG,0.6818827609352256,233.09915494507658,M15_LATEST_CONFIRMED_OPPOSING_SWING_ELSE_CONTROL,2024-06-10T14:15:00Z,CONFIRMED_25_75_RETEST_SPLIT,2300.51,True,98eefb9cb7672c832866ee2f708c7b74f0835e1287946e19a4bbfb5a98f0f5c5,0.29056549998135817,4.67624872136595,2024_06,4.661983098901532,3.0477682067344,TARGET,2024-06-12T16:00:00Z,SPLIT_TARGET_TARGET,8749273fabd6f75a6aa7de8e5d8fbeb144d150cb293a41d080d01c4face30c86,2024-06-12T16:00:00Z,FIRST_RETEST_FILLED,2024-06-10T14:30:00Z,2024-06-10T14:17:00Z,2300.12,True,True,INITIAL_CONFIRMATION_TARGET,2ba644ee808b57ea870d558b3382184ff141076a67cfd45eccf3a0f46ef15a3d,a62345b4fbf794c3ca8f01bd51988d518f67dfbf7eaf549ffb42bdc71f267045,2291.802357142857,2.5528571428571274,0.12764285714285636,,M15_LATEST_CONFIRMED_OPPOSING_SWING_ELSE_CONTROL,True,eebf454b6b2d2ee19119d116ff977d735f59e56cb6c98b20d798a65b892e2f50,2024-06-10T12:45:00Z,2291.93,2339.43,3ce3104fca6aa3b8332dab8661ddcafcfea7174adddbe385756688fac1df505c
a3d10f63816ea6884ea83ba3491ffea46c95713aff59d0293e2274489fe46933,2300.12,2024-06-10T14:15:00Z,ca9d661d09391008ef7ba2eff6324ee56236161a30e9a16f4cdf94ffd5dcecaf,2024-06-10T14:15:00Z,2300.51,2287.74,2024-07-01T00:00:00Z,2024-06-10T03:00:00Z,0.09563588049037142,LONG,1.0,157.17020436123858,CONTROL_V2_FILLED_STOP,2024-06-10T14:15:00Z,CONFIRMED_25_75_RETEST_SPLIT,2300.51,True,7fe0b620b7a8b35c4da045e83420d00edc61427ae35a1ae36b06b9d5f9f7bed3,0.19600806742377172,3.1530231332775553,2024_06,3.1434040872247713,3.0477682067344,TARGET,2024-06-12T16:00:00Z,SPLIT_TARGET_TARGET,63af8961217e05c605145beb0e239aec3579f860ac1f7091737b95618469091c,2024-06-12T16:00:00Z,FIRST_RETEST_FILLED,2024-06-10T14:30:00Z,2024-06-10T14:17:00Z,2300.12,True,True,INITIAL_CONFIRMATION_TARGET,950d64cb259a480e73292035dc1ed8853322c19afa8b6c0989cd55a8bc4b877b,a62345b4fbf794c3ca8f01bd51988d518f67dfbf7eaf549ffb42bdc71f267045,2287.74,5.982142857142857,0.29910714285714285,NOT_STRICTLY_CLOSER_THAN_CONTROL,H1_SOURCE_SWING_BUFFERED_ELSE_CONTROL,False,a62345b4fbf794c3ca8f01bd51988d518f67dfbf7eaf549ffb42bdc71f267045,2024-06-10T03:00:00Z,2287.74,2339.43,3ce3104fca6aa3b8332dab8661ddcafcfea7174adddbe385756688fac1df505c
3e4d23d5aa7b5ce2270d1bc84b46ee4c42c7ac460f88cdaee01cbd20418c07f8,2302.41,2024-06-10T18:05:00Z,6eef2a0f29318c277a119e3d037203e4d1ced742f4188a8fa56c58aa8d777630,2024-06-10T18:05:00Z,2301.84,2308.7,2024-07-01T00:00:00Z,2024-06-10T18:00:00Z,0.0,SHORT,1.0,-50.0,CONTROL_V2_FILLED_STOP,2024-06-10T18:05:00Z,CONTROL_NEXT_M1_OPEN,2301.84,True,c836d56340ef04d768f4ff94e06f55d032d6d2998a63814c8b9847210be9dccf,1.0918367346938977,0.026239067055437264,2024_06,-1.0,-1.0,STOP,2024-06-10T19:01:00Z,STOP,5a40ee6f5a92238ffdd2e819df5f4bd6159b79e8d261d18a4e3712d38d01dca3,2024-06-10T19:01:00Z,FIRST_RETEST_FILLED,2024-06-10T18:20:00Z,2024-06-10T18:05:00Z,2302.41,True,False,INITIAL_CONFIRMATION_STOP,dde502b2a6ae7912cb1c853c3994325bc0fd470dfed6e5b866aa46f0694911ed,f2010f4c533c4bf404f311598436342665c8b31c905cfe772a85e2b0bc1e73aa,2308.7,,,,CONTROL_V2_FILLED_STOP,False,,2024-06-10T18:05:00Z,2308.7,2287.79,e6b6698ceb5a382a8741767d416560126c8b08504f0e2187fad10acc5e07edf2
3e4d23d5aa7b5ce2270d1bc84b46ee4c42c7ac460f88cdaee01cbd20418c07f8,2302.41,2024-06-10T18:05:00Z,6eef2a0f29318c277a119e3d037203e4d1ced742f4188a8fa56c58aa8d777630,2024-06-10T18:05:00Z,2301.84,2308.7,2024-07-01T00:00:00Z,2024-06-10T18:00:00Z,0.0,SHORT,0.8096470220741735,-50.0,M5_LATEST_CONFIRMED_OPPOSING_SWING_ELSE_CONTROL,2024-06-10T18:05:00Z,CONTROL_NEXT_M1_OPEN,2301.84,True,320833f7a0c5176d9f4853cff5875691c67721a0bf0e57e733e64d84dd10c752,1.0010481169261152,0.03240803256240896,2024_06,-1.0,-1.0,STOP,2024-06-10T19:01:00Z,STOP,e232bd0cf7a347bbfc466244ba7b23620122e186e7c4e5ac803db5fc6f996b1a,2024-06-10T18:42:00Z,FIRST_RETEST_FILLED,2024-06-10T18:20:00Z,2024-06-10T18:05:00Z,2302.41,True,False,INITIAL_CONFIRMATION_STOP,89643d1717077cd60b5b7112153529602592d1440472fed621ee2ba6014add59,f2010f4c533c4bf404f311598436342665c8b31c905cfe772a85e2b0bc1e73aa,2307.3941785714287,2.083571428571531,0.10417857142857656,,M5_LATEST_CONFIRMED_OPPOSING_SWING_ELSE_CONTROL,True,d4cc72e60927dcb54411379fd861a68261a6f742022aeb24cb6622a99106c459,2024-06-10T18:00:00Z,2307.29,2287.79,e6b6698ceb5a382a8741767d416560126c8b08504f0e2187fad10acc5e07edf2
3e4d23d5aa7b5ce2270d1bc84b46ee4c42c7ac460f88cdaee01cbd20418c07f8,2302.41,2024-06-10T18:05:00Z,6eef2a0f29318c277a119e3d037203e4d1ced742f4188a8fa56c58aa8d777630,2024-06-10T18:05:00Z,2301.84,2308.7,2024-07-01T00:00:00Z,2024-06-10T18:00:00Z,0.0,SHORT,0.7263952519783573,-50.0,M15_LATEST_CONFIRMED_OPPOSING_SWING_ELSE_CONTROL,2024-06-10T18:05:00Z,CONTROL_NEXT_M1_OPEN,2301.84,True,c025e0f6a2851c90ac9d822dd2177818ccd9d074db002276dfb14b31a7dd7d82,1.1157777045138735,0.03612229978647912,2024_06,-1.0,-1.0,STOP,2024-06-10T19:01:00Z,STOP,274a7f6a3f051ace7991a4c0bf36be1a4e1db83e9e387220d8cf097df4741143,2024-06-10T18:42:00Z,FIRST_RETEST_FILLED,2024-06-10T18:20:00Z,2024-06-10T18:05:00Z,2302.41,True,False,INITIAL_CONFIRMATION_STOP,0a2f4922ff0fd8b037300c1571fd31a4f581eeede6ace6aa15c9e9179389b6f7,f2010f4c533c4bf404f311598436342665c8b31c905cfe772a85e2b0bc1e73aa,2306.8230714285714,3.8614285714286,0.19307142857143,,M15_LATEST_CONFIRMED_OPPOSING_SWING_ELSE_CONTROL,True,1bb4f6a0144229537b683e347585d46b50a8380a553d0412899b7672ab0aeb20,2024-06-10T17:45:00Z,2306.63,2287.79,e6b6698ceb5a382a8741767d416560126c8b08504f0e2187fad10acc5e07edf2
3e4d23d5aa7b5ce2270d1bc84b46ee4c42c7ac460f88cdaee01cbd20418c07f8,2302.41,2024-06-10T18:05:00Z,6eef2a0f29318c277a119e3d037203e4d1ced742f4188a8fa56c58aa8d777630,2024-06-10T18:05:00Z,2301.84,2308.7,2024-07-01T00:00:00Z,2024-06-10T18:00:00Z,0.0,SHORT,1.0,-50.0,CONTROL_V2_FILLED_STOP,2024-06-10T18:05:00Z,CONTROL_NEXT_M1_OPEN,2301.84,True,38538db1be5f00e89c35ae9abf242708defc2ac2b6a389c66ea7b334f45580d4,1.0918367346938977,0.026239067055437264,2024_06,-1.0,-1.0,STOP,2024-06-10T19:01:00Z,STOP,45a960964d73b2c13f68c215f6b7ccdb651a7134dcc9598946516bfbda108e4a,2024-06-10T19:01:00Z,FIRST_RETEST_FILLED,2024-06-10T18:20:00Z,2024-06-10T18:05:00Z,2302.41,True,False,INITIAL_CONFIRMATION_STOP,f72a1656c5272abab23d98708213d6400d3853b75fd5ee9710ffaf344f903050,f2010f4c533c4bf404f311598436342665c8b31c905cfe772a85e2b0bc1e73aa,2308.7,5.453571428571422,0.2726785714285711,NOT_STRICTLY_CLOSER_THAN_CONTROL,H1_SOURCE_SWING_BUFFERED_ELSE_CONTROL,False,f2010f4c533c4bf404f311598436342665c8b31c905cfe772a85e2b0bc1e73aa,2024-06-10T18:00:00Z,2308.7,2287.79,e6b6698ceb5a382a8741767d416560126c8b08504f0e2187fad10acc5e07edf2
3e4d23d5aa7b5ce2270d1bc84b46ee4c42c7ac460f88cdaee01cbd20418c07f8,2302.41,2024-06-10T18:05:00Z,6eef2a0f29318c277a119e3d037203e4d1ced742f4188a8fa56c58aa8d777630,2024-06-10T18:05:00Z,2301.84,2308.7,2024-07-01T00:00:00Z,2024-06-10T18:00:00Z,0.0,SHORT,1.0,-50.0,CONTROL_V2_FILLED_STOP,2024-06-10T18:05:00Z,M5_BROKEN_CONTROL_FIRST_RETEST,2302.41,True,c836d56340ef04d768f4ff94e06f55d032d6d2998a63814c8b9847210be9dccf,1.1001589825119416,0.11923688394276699,2024_06,-1.0,-1.0,STOP,2024-06-10T19:01:00Z,STOP,9218572c7c1f30822b9e26d692117e806b47c1f0a25af58a748fa418cab2409d,2024-06-10T19:01:00Z,FIRST_RETEST_FILLED,2024-06-10T18:20:00Z,2024-06-10T18:05:00Z,2302.41,True,True,INITIAL_CONFIRMATION_STOP,1b29472a556ca3f3bc4ef65425fc267eed982873e43f40c5a5afb8874603e2bc,f2010f4c533c4bf404f311598436342665c8b31c905cfe772a85e2b0bc1e73aa,2308.7,,,,CONTROL_V2_FILLED_STOP,False,,2024-06-10T18:05:00Z,2308.7,2287.79,e6b6698ceb5a382a8741767d416560126c8b08504f0e2187fad10acc5e07edf2
3e4d23d5aa7b5ce2270d1bc84b46ee4c42c7ac460f88cdaee01cbd20418c07f8,2302.41,2024-06-10T18:05:00Z,6eef2a0f29318c277a119e3d037203e4d1ced742f4188a8fa56c58aa8d777630,2024-06-10T18:05:00Z,2301.84,2308.7,2024-07-01T00:00:00Z,2024-06-10T18:00:00Z,0.0,SHORT,0.8096470220741735,-50.0,M5_LATEST_CONFIRMED_OPPOSING_SWING_ELSE_CONTROL,2024-06-10T18:05:00Z,M5_BROKEN_CONTROL_FIRST_RETEST,2302.41,True,320833f7a0c5176d9f4853cff5875691c67721a0bf0e57e733e64d84dd10c752,1.0011679815415826,0.15047614953029084,2024_06,-1.0,-1.0,STOP,2024-06-10T19:01:00Z,STOP,2bb4fdf4a9578f3483a40d1014466fedfe2b9eea71fbcb3b2f40ead42ec9da22,2024-06-10T18:42:00Z,FIRST_RETEST_FILLED,2024-06-10T18:20:00Z,2024-06-10T18:05:00Z,2302.41,True,True,INITIAL_CONFIRMATION_STOP,42e3114e18bfbd81a7a19d6fc3134bda51705cd44d78125f181b7f15bcd2cf41,f2010f4c533c4bf404f311598436342665c8b31c905cfe772a85e2b0bc1e73aa,2307.3941785714287,2.083571428571531,0.10417857142857656,,M5_LATEST_CONFIRMED_OPPOSING_SWING_ELSE_CONTROL,True,d4cc72e60927dcb54411379fd861a68261a6f742022aeb24cb6622a99106c459,2024-06-10T18:00:00Z,2307.29,2287.79,e6b6698ceb5a382a8741767d416560126c8b08504f0e2187fad10acc5e07edf2
3e4d23d5aa7b5ce2270d1bc84b46ee4c42c7ac460f88cdaee01cbd20418c07f8,2302.41,2024-06-10T18:05:00Z,6eef2a0f29318c277a119e3d037203e4d1ced742f4188a8fa56c58aa8d777630,2024-06-10T18:05:00Z,2301.84,2308.7,2024-07-01T00:00:00Z,2024-06-10T18:00:00Z,0.0,SHORT,0.7263952519783573,-50.0,M15_LATEST_CONFIRMED_OPPOSING_SWING_ELSE_CONTROL,2024-06-10T18:05:00Z,M5_BROKEN_CONTROL_FIRST_RETEST,2302.41,True,c025e0f6a2851c90ac9d822dd2177818ccd9d074db002276dfb14b31a7dd7d82,1.1307317546898152,0.16994966252852128,2024_06,-1.0,-1.0,STOP,2024-06-10T19:01:00Z,STOP,6f3d3ff03a7ed750bdfe09634ddad98028dd3fb51c8930ed4928d77dab1f71a2,2024-06-10T18:42:00Z,FIRST_RETEST_FILLED,2024-06-10T18:20:00Z,2024-06-10T18:05:00Z,2302.41,True,True,INITIAL_CONFIRMATION_STOP,7282fae1e7229ee0676d0c27362c28370d28de6286f13328f36e3705951b45fb,f2010f4c533c4bf404f311598436342665c8b31c905cfe772a85e2b0bc1e73aa,2306.8230714285714,3.8614285714286,0.19307142857143,,M15_LATEST_CONFIRMED_OPPOSING_SWING_ELSE_CONTROL,True,1bb4f6a0144229537b683e347585d46b50a8380a553d0412899b7672ab0aeb20,2024-06-10T17:45:00Z,2306.63,2287.79,e6b6698ceb5a382a8741767d416560126c8b08504f0e2187fad10acc5e07edf2
3e4d23d5aa7b5ce2270d1bc84b46ee4c42c7ac460f88cdaee01cbd20418c07f8,2302.41,2024-06-10T18:05:00Z,6eef2a0f29318c277a119e3d037203e4d1ced742f4188a8fa56c58aa8d777630,2024-06-10T18:05:00Z,2301.84,2308.7,2024-07-01T00:00:00Z,2024-06-10T18:00:00Z,0.0,SHORT,1.0,-50.0,CONTROL_V2_FILLED_STOP,2024-06-10T18:05:00Z,M5_BROKEN_CONTROL_FIRST_RETEST,2302.41,True,38538db1be5f00e89c35ae9abf242708defc2ac2b6a389c66ea7b334f45580d4,1.1001589825119416,0.11923688394276699,2024_06,-1.0,-1.0,STOP,2024-06-10T19:01:00Z,STOP,ad4fd80b046ce3e0fb6e08cf9d3fe45e61d517e2929a5a8df59e588fe53aa64a,2024-06-10T19:01:00Z,FIRST_RETEST_FILLED,2024-06-10T18:20:00Z,2024-06-10T18:05:00Z,2302.41,True,True,INITIAL_CONFIRMATION_STOP,f36cbb6181595732e33515eaec6264e17ebef94ac7a375ae6d029f19df43e641,f2010f4c533c4bf404f311598436342665c8b31c905cfe772a85e2b0bc1e73aa,2308.7,5.453571428571422,0.2726785714285711,NOT_STRICTLY_CLOSER_THAN_CONTROL,H1_SOURCE_SWING_BUFFERED_ELSE_CONTROL,False,f2010f4c533c4bf404f311598436342665c8b31c905cfe772a85e2b0bc1e73aa,2024-06-10T18:00:00Z,2308.7,2287.79,e6b6698ceb5a382a8741767d416560126c8b08504f0e2187fad10acc5e07edf2
3e4d23d5aa7b5ce2270d1bc84b46ee4c42c7ac460f88cdaee01cbd20418c07f8,2302.41,2024-06-10T18:05:00Z,6eef2a0f29318c277a119e3d037203e4d1ced742f4188a8fa56c58aa8d777630,2024-06-10T18:05:00Z,2301.84,2308.7,2024-07-01T00:00:00Z,2024-06-10T18:00:00Z,0.0,SHORT,1.0,-50.0,CONTROL_V2_FILLED_STOP,2024-06-10T18:05:00Z,CONFIRMED_25_75_RETEST_SPLIT,2301.84,True,c836d56340ef04d768f4ff94e06f55d032d6d2998a63814c8b9847210be9dccf,1.0980784205574305,0.09598742972093456,2024_06,-1.0,-1.0,STOP,2024-06-10T19:01:00Z,SPLIT_STOP_STOP,8fc67e26c62b74bea175479b31c9c0f41947f151ff567bfa726759d7077f0ff5,2024-06-10T19:01:00Z,FIRST_RETEST_FILLED,2024-06-10T18:20:00Z,2024-06-10T18:05:00Z,2302.41,True,True,INITIAL_CONFIRMATION_STOP,ed3d5932053c0ab6109fb4bead56bb8eade0c4196b52bc20ef01c7e732fa358c,f2010f4c533c4bf404f311598436342665c8b31c905cfe772a85e2b0bc1e73aa,2308.7,,,,CONTROL_V2_FILLED_STOP,False,,2024-06-10T18:05:00Z,2308.7,2287.79,e6b6698ceb5a382a8741767d416560126c8b08504f0e2187fad10acc5e07edf2
3e4d23d5aa7b5ce2270d1bc84b46ee4c42c7ac460f88cdaee01cbd20418c07f8,2302.41,2024-06-10T18:05:00Z,6eef2a0f29318c277a119e3d037203e4d1ced742f4188a8fa56c58aa8d777630,2024-06-10T18:05:00Z,2301.84,2308.7,2024-07-01T00:00:00Z,2024-06-10T18:00:00Z,0.0,SHORT,0.8096470220741735,-50.0,M5_LATEST_CONFIRMED_OPPOSING_SWING_ELSE_CONTROL,2024-06-10T18:05:00Z,CONFIRMED_25_75_RETEST_SPLIT,2301.84,True,320833f7a0c5176d9f4853cff5875691c67721a0bf0e57e733e64d84dd10c752,1.0011380153877156,0.12095912028832037,2024_06,-1.0,-1.0,STOP,2024-06-10T19:01:00Z,SPLIT_STOP_STOP,e1100d3a0ec320832d9e5481929f18bb4797cc864d2d4d1cca4f62ee67132229,2024-06-10T18:42:00Z,FIRST_RETEST_FILLED,2024-06-10T18:20:00Z,2024-06-10T18:05:00Z,2302.41,True,True,INITIAL_CONFIRMATION_STOP,28d76b7650a224bb8c8a1d68a2b4b656120fa380540df28956121c05c55b9418,f2010f4c533c4bf404f311598436342665c8b31c905cfe772a85e2b0bc1e73aa,2307.3941785714287,2.083571428571531,0.10417857142857656,,M5_LATEST_CONFIRMED_OPPOSING_SWING_ELSE_CONTROL,True,d4cc72e60927dcb54411379fd861a68261a6f742022aeb24cb6622a99106c459,2024-06-10T18:00:00Z,2307.29,2287.79,e6b6698ceb5a382a8741767d416560126c8b08504f0e2187fad10acc5e07edf2
3e4d23d5aa7b5ce2270d1bc84b46ee4c42c7ac460f88cdaee01cbd20418c07f8,2302.41,2024-06-10T18:05:00Z,6eef2a0f29318c277a119e3d037203e4d1ced742f4188a8fa56c58aa8d777630,2024-06-10T18:05:00Z,2301.84,2308.7,2024-07-01T00:00:00Z,2024-06-10T18:00:00Z,0.0,SHORT,0.7263952519783573,-50.0,M15_LATEST_CONFIRMED_OPPOSING_SWING_ELSE_CONTROL,2024-06-10T18:05:00Z,CONFIRMED_25_75_RETEST_SPLIT,2301.84,True,c025e0f6a2851c90ac9d822dd2177818ccd9d074db002276dfb14b31a7dd7d82,1.1269932421458297,0.13649282184301073,2024_06,-1.0,-1.0,STOP,2024-06-10T19:01:00Z,SPLIT_STOP_STOP,46156eb8fd4f1895472a23227e6b6a88f072a618205c2246de9594b0c42cee6e,2024-06-10T18:42:00Z,FIRST_RETEST_FILLED,2024-06-10T18:20:00Z,2024-06-10T18:05:00Z,2302.41,True,True,INITIAL_CONFIRMATION_STOP,4e790e9ba51531a8fda785aad4d3da7c9ae3faf85867a5523f56dad75eb4631b,f2010f4c533c4bf404f311598436342665c8b31c905cfe772a85e2b0bc1e73aa,2306.8230714285714,3.8614285714286,0.19307142857143,,M15_LATEST_CONFIRMED_OPPOSING_SWING_ELSE_CONTROL,True,1bb4f6a0144229537b683e347585d46b50a8380a553d0412899b7672ab0aeb20,2024-06-10T17:45:00Z,2306.63,2287.79,e6b6698ceb5a382a8741767d416560126c8b08504f0e2187fad10acc5e07edf2
3e4d23d5aa7b5ce2270d1bc84b46ee4c42c7ac460f88cdaee01cbd20418c07f8,2302.41,2024-06-10T18:05:00Z,6eef2a0f29318c277a119e3d037203e4d1ced742f4188a8fa56c58aa8d777630,2024-06-10T18:05:00Z,2301.84,2308.7,2024-07-01T00:00:00Z,2024-06-10T18:00:00Z,0.0,SHORT,1.0,-50.0,CONTROL_V2_FILLED_STOP,2024-06-10T18:05:00Z,CONFIRMED_25_75_RETEST_SPLIT,2301.84,True,38538db1be5f00e89c35ae9abf242708defc2ac2b6a389c66ea7b334f45580d4,1.0980784205574305,0.09598742972093456,2024_06,-1.0,-1.0,STOP,2024-06-10T19:01:00Z,SPLIT_STOP_STOP,f0009db719ade58389aba95ada79ed0045f20f968871948758264939584faeb5,2024-06-10T19:01:00Z,FIRST_RETEST_FILLED,2024-06-10T18:20:00Z,2024-06-10T18:05:00Z,2302.41,True,True,INITIAL_CONFIRMATION_STOP,8a44fd2c389ca56405fc1099657bbf2cda16fae8b6ba5f2fb45d77f55c65ad6a,f2010f4c533c4bf404f311598436342665c8b31c905cfe772a85e2b0bc1e73aa,2308.7,5.453571428571422,0.2726785714285711,NOT_STRICTLY_CLOSER_THAN_CONTROL,H1_SOURCE_SWING_BUFFERED_ELSE_CONTROL,False,f2010f4c533c4bf404f311598436342665c8b31c905cfe772a85e2b0bc1e73aa,2024-06-10T18:00:00Z,2308.7,2287.79,e6b6698ceb5a382a8741767d416560126c8b08504f0e2187fad10acc5e07edf2
a3e15ece439bfe486b884939748881898e91a85bf198a90dc1d874074138a0ba,2310.19,2024-06-10T22:55:00Z,92543e534a079e1ab541e5575459aff9a48b800e0b5ae2965b1d86b00631ce8e,2024-06-10T22:55:00Z,2309.66,2313.8,2024-07-01T00:00:00Z,2024-06-10T22:00:00Z,0.0,SHORT,1.0,-50.0,CONTROL_V2_FILLED_STOP,2024-06-10T22:55:00Z,CONTROL_NEXT_M1_OPEN,2309.66,True,716e30c5ad941bdf13bd9a30755954ab58feafa4629bd4eace0e5f823de2030b,1.2125603864733296,2.8719806763282447,2024_06,-1.0,-1.0,STOP,2024-06-11T15:20:00Z,STOP,e29d05c37c09e6f74492ab4639383a52ad40d15fdbfd3408241870a6d40788fc,2024-06-11T15:20:00Z,RETEST_EXPIRED,2024-06-10T23:10:00Z,,2310.19,False,False,INITIAL_CONFIRMATION_STOP,5ad813315f65040652433ead973491afacc882e05e5b1e7e9187286f34f3ba93,329a536b761f32a8d3f111b9a34673bda1381d690b6c7a7144ec7201287dc6fd,2313.8,,,,CONTROL_V2_FILLED_STOP,False,,2024-06-10T22:55:00Z,2313.8,2287.79,aa4ea66a5405ef2f64b55820a688d9badfa06a691dcbdde4fdae7f1008057d3f
a3e15ece439bfe486b884939748881898e91a85bf198a90dc1d874074138a0ba,2310.19,2024-06-10T22:55:00Z,92543e534a079e1ab541e5575459aff9a48b800e0b5ae2965b1d86b00631ce8e,2024-06-10T22:55:00Z,2309.66,2313.8,2024-07-01T00:00:00Z,2024-06-10T22:00:00Z,0.0,SHORT,0.6501811594202279,-50.0,M5_LATEST_CONFIRMED_OPPOSING_SWING_ELSE_CONTROL,2024-06-10T22:55:00Z,CONTROL_NEXT_M1_OPEN,2309.66,True,5d8ea2472f9a0aeac9b26aaee4148555ce1e349691829c7589e667b7179bfb29,1.0327853626823609,0.4123711340205036,2024_06,-1.0,-1.0,STOP,2024-06-11T15:20:00Z,STOP,9988d510ef8246131d961ad7909f57322e4f456ec5a1d0f934183d0139333c5a,2024-06-11T01:00:00Z,RETEST_EXPIRED,2024-06-10T23:10:00Z,,2310.19,False,False,INITIAL_CONFIRMATION_STOP,d2a2196b90f0f8714d89ce0cb0b4580bbbaa5d0837df431bcda496278202e6ea,329a536b761f32a8d3f111b9a34673bda1381d690b6c7a7144ec7201287dc6fd,2312.35175,0.8349999999999714,0.04174999999999857,,M5_LATEST_CONFIRMED_OPPOSING_SWING_ELSE_CONTROL,True,31a9f2ca32af894e833f7dd149448ce62b7fb01dcdb779ed5bd993979ee11aad,2024-06-10T22:25:00Z,2312.31,2287.79,aa4ea66a5405ef2f64b55820a688d9badfa06a691dcbdde4fdae7f1008057d3f
a3e15ece439bfe486b884939748881898e91a85bf198a90dc1d874074138a0ba,2310.19,2024-06-10T22:55:00Z,92543e534a079e1ab541e5575459aff9a48b800e0b5ae2965b1d86b00631ce8e,2024-06-10T22:55:00Z,2309.66,2313.8,2024-07-01T00:00:00Z,2024-06-10T22:00:00Z,0.0,SHORT,0.6658816425120273,-50.0,M15_LATEST_CONFIRMED_OPPOSING_SWING_ELSE_CONTROL,2024-06-10T22:55:00Z,CONTROL_NEXT_M1_OPEN,2309.66,True,f5ebac792677d4391158750790d4bc1f06e859e07b35f6aeea0d792dc4992608,1.008433844200667,0.40264804570587404,2024_06,-1.0,-1.0,STOP,2024-06-11T15:20:00Z,STOP,44f14e8837c3b6f31af9925a89cceb389bbaa6e38f93f9f6ebbc6b88fc27974f,2024-06-11T01:00:00Z,RETEST_EXPIRED,2024-06-10T23:10:00Z,,2310.19,False,False,INITIAL_CONFIRMATION_STOP,5a58fade849f90c39c0823f9b544c32eb6a78a956f3e6058ac5aa1d52e3d5480,329a536b761f32a8d3f111b9a34673bda1381d690b6c7a7144ec7201287dc6fd,2312.41675,2.1350000000000557,0.10675000000000279,,M15_LATEST_CONFIRMED_OPPOSING_SWING_ELSE_CONTROL,True,60d5f1949a805107f6d0b6d8ca43744bb35a5e73bcf4408fc138c8f8f4b3232f,2024-06-10T22:45:00Z,2312.31,2287.79,aa4ea66a5405ef2f64b55820a688d9badfa06a691dcbdde4fdae7f1008057d3f
a3e15ece439bfe486b884939748881898e91a85bf198a90dc1d874074138a0ba,2310.19,2024-06-10T22:55:00Z,92543e534a079e1ab541e5575459aff9a48b800e0b5ae2965b1d86b00631ce8e,2024-06-10T22:55:00Z,2309.66,2313.8,2024-07-01T00:00:00Z,2024-06-10T22:00:00Z,0.0,SHORT,1.0,-50.0,CONTROL_V2_FILLED_STOP,2024-06-10T22:55:00Z,CONTROL_NEXT_M1_OPEN,2309.66,True,a672137a158bc496a09ff849a65f8bf1b75deda9c61f635823857fa28e83ab79,1.2125603864733296,2.8719806763282447,2024_06,-1.0,-1.0,STOP,2024-06-11T15:20:00Z,STOP,080db93ae3102eb3c7da89a9c73adcc77e535b821a26b3e401476036ad9f3681,2024-06-11T15:20:00Z,RETEST_EXPIRED,2024-06-10T23:10:00Z,,2310.19,False,False,INITIAL_CONFIRMATION_STOP,db4031ceabd6999b598d97468758d664280b1205b03c7734c92a5e04c5bf79d8,329a536b761f32a8d3f111b9a34673bda1381d690b6c7a7144ec7201287dc6fd,2313.8,5.7814285714286076,0.28907142857143037,NOT_STRICTLY_CLOSER_THAN_CONTROL,H1_SOURCE_SWING_BUFFERED_ELSE_CONTROL,False,329a536b761f32a8d3f111b9a34673bda1381d690b6c7a7144ec7201287dc6fd,2024-06-10T22:00:00Z,2313.8,2287.79,aa4ea66a5405ef2f64b55820a688d9badfa06a691dcbdde4fdae7f1008057d3f
a3e15ece439bfe486b884939748881898e91a85bf198a90dc1d874074138a0ba,2310.19,2024-06-10T22:55:00Z,92543e534a079e1ab541e5575459aff9a48b800e0b5ae2965b1d86b00631ce8e,2024-06-10T22:55:00Z,2309.66,2313.8,2024-07-01T00:00:00Z,2024-06-10T22:00:00Z,1.0,SHORT,1.0,0.0,CONTROL_V2_FILLED_STOP,,M5_BROKEN_CONTROL_FIRST_RETEST,,False,716e30c5ad941bdf13bd9a30755954ab58feafa4629bd4eace0e5f823de2030b,,,2024_06,0.0,-1.0,STOP,2024-06-11T15:20:00Z,NO_FILL,821f1ca628bbf2d9fe4a15cbd5fec71ce82020e879ce8e6070137add4086832e,,RETEST_EXPIRED,2024-06-10T23:10:00Z,,2310.19,False,False,INITIAL_CONFIRMATION_STOP,cc087bd34b645617ebd59bb852186524f74e3c91800208f0dc0af830c052214c,329a536b761f32a8d3f111b9a34673bda1381d690b6c7a7144ec7201287dc6fd,2313.8,,,,CONTROL_V2_FILLED_STOP,False,,2024-06-10T22:55:00Z,2313.8,2287.79,aa4ea66a5405ef2f64b55820a688d9badfa06a691dcbdde4fdae7f1008057d3f
a3e15ece439bfe486b884939748881898e91a85bf198a90dc1d874074138a0ba,2310.19,2024-06-10T22:55:00Z,92543e534a079e1ab541e5575459aff9a48b800e0b5ae2965b1d86b00631ce8e,2024-06-10T22:55:00Z,2309.66,2313.8,2024-07-01T00:00:00Z,2024-06-10T22:00:00Z,1.0,SHORT,0.6501811594202279,0.0,M5_LATEST_CONFIRMED_OPPOSING_SWING_ELSE_CONTROL,,M5_BROKEN_CONTROL_FIRST_RETEST,,False,5d8ea2472f9a0aeac9b26aaee4148555ce1e349691829c7589e667b7179bfb29,,,2024_06,0.0,-1.0,STOP,2024-06-11T15:20:00Z,NO_FILL,aad59149b49b207a384b3806d8e5864ee3daa232a2c55161f5246f5cf541ccda,,RETEST_EXPIRED,2024-06-10T23:10:00Z,,2310.19,False,False,INITIAL_CONFIRMATION_STOP,8f275bbed685828b422544a64839cff496eb50fe3cbe743f8b55416a0d71ca1a,329a536b761f32a8d3f111b9a34673bda1381d690b6c7a7144ec7201287dc6fd,2312.35175,0.8349999999999714,0.04174999999999857,,M5_LATEST_CONFIRMED_OPPOSING_SWING_ELSE_CONTROL,True,31a9f2ca32af894e833f7dd149448ce62b7fb01dcdb779ed5bd993979ee11aad,2024-06-10T22:25:00Z,2312.31,2287.79,aa4ea66a5405ef2f64b55820a688d9badfa06a691dcbdde4fdae7f1008057d3f
a3e15ece439bfe486b884939748881898e91a85bf198a90dc1d874074138a0ba,2310.19,2024-06-10T22:55:00Z,92543e534a079e1ab541e5575459aff9a48b800e0b5ae2965b1d86b00631ce8e,2024-06-10T22:55:00Z,2309.66,2313.8,2024-07-01T00:00:00Z,2024-06-10T22:00:00Z,1.0,SHORT,0.6658816425120273,0.0,M15_LATEST_CONFIRMED_OPPOSING_SWING_ELSE_CONTROL,,M5_BROKEN_CONTROL_FIRST_RETEST,,False,f5ebac792677d4391158750790d4bc1f06e859e07b35f6aeea0d792dc4992608,,,2024_06,0.0,-1.0,STOP,2024-06-11T15:20:00Z,NO_FILL,8644feba9e9d201beb036bcc4de7774b8a96b391718efd257dfbdf9fcda03935,,RETEST_EXPIRED,2024-06-10T23:10:00Z,,2310.19,False,False,INITIAL_CONFIRMATION_STOP,21d1ab224e7ed04fe14e29c8a0c0736e9f7813b1095eedcfed07aa17d96d81ff,329a536b761f32a8d3f111b9a34673bda1381d690b6c7a7144ec7201287dc6fd,2312.41675,2.1350000000000557,0.10675000000000279,,M15_LATEST_CONFIRMED_OPPOSING_SWING_ELSE_CONTROL,True,60d5f1949a805107f6d0b6d8ca43744bb35a5e73bcf4408fc138c8f8f4b3232f,2024-06-10T22:45:00Z,2312.31,2287.79,aa4ea66a5405ef2f64b55820a688d9badfa06a691dcbdde4fdae7f1008057d3f
a3e15ece439bfe486b884939748881898e91a85bf198a90dc1d874074138a0ba,2310.19,2024-06-10T22:55:00Z,92543e534a079e1ab541e5575459aff9a48b800e0b5ae2965b1d86b00631ce8e,2024-06-10T22:55:00Z,2309.66,2313.8,2024-07-01T00:00:00Z,2024-06-10T22:00:00Z,1.0,SHORT,1.0,0.0,CONTROL_V2_FILLED_STOP,,M5_BROKEN_CONTROL_FIRST_RETEST,,False,a672137a158bc496a09ff849a65f8bf1b75deda9c61f635823857fa28e83ab79,,,2024_06,0.0,-1.0,STOP,2024-06-11T15:20:00Z,NO_FILL,8c87d25331e4983332a69cae2826cfe18b2406c7c62cf1544f5aa8c9e140fec4,,RETEST_EXPIRED,2024-06-10T23:10:00Z,,2310.19,False,False,INITIAL_CONFIRMATION_STOP,82dcd4e5192114d4c776f1b798cae9dfc28949dfd58c6cb36d3c37c43ed36933,329a536b761f32a8d3f111b9a34673bda1381d690b6c7a7144ec7201287dc6fd,2313.8,5.7814285714286076,0.28907142857143037,NOT_STRICTLY_CLOSER_THAN_CONTROL,H1_SOURCE_SWING_BUFFERED_ELSE_CONTROL,False,329a536b761f32a8d3f111b9a34673bda1381d690b6c7a7144ec7201287dc6fd,2024-06-10T22:00:00Z,2313.8,2287.79,aa4ea66a5405ef2f64b55820a688d9badfa06a691dcbdde4fdae7f1008057d3f
a3e15ece439bfe486b884939748881898e91a85bf198a90dc1d874074138a0ba,2310.19,2024-06-10T22:55:00Z,92543e534a079e1ab541e5575459aff9a48b800e0b5ae2965b1d86b00631ce8e,2024-06-10T22:55:00Z,2309.66,2313.8,2024-07-01T00:00:00Z,2024-06-10T22:00:00Z,0.75,SHORT,1.0,-12.5,CONTROL_V2_FILLED_STOP,2024-06-10T22:55:00Z,CONFIRMED_25_75_RETEST_SPLIT,2309.66,True,716e30c5ad941bdf13bd9a30755954ab58feafa4629bd4eace0e5f823de2030b,0.3031400966183324,0.7179951690820612,2024_06,-0.25,-1.0,STOP,2024-06-11T15:20:00Z,SPLIT_CONTROL_STOP_NO_RETEST,ed5d35259cb0e2e5ce946737f1eb24edda55293552c0f4a952faea7d3edd7443,2024-06-11T15:20:00Z,RETEST_EXPIRED,2024-06-10T23:10:00Z,,2310.19,False,False,INITIAL_CONFIRMATION_STOP,6d9e590df2e47d68bed8af4ba5a78b8b1bc001b0a0e63af158a020e14fabdc3c,329a536b761f32a8d3f111b9a34673bda1381d690b6c7a7144ec7201287dc6fd,2313.8,,,,CONTROL_V2_FILLED_STOP,False,,2024-06-10T22:55:00Z,2313.8,2287.79,aa4ea66a5405ef2f64b55820a688d9badfa06a691dcbdde4fdae7f1008057d3f
a3e15ece439bfe486b884939748881898e91a85bf198a90dc1d874074138a0ba,2310.19,2024-06-10T22:55:00Z,92543e534a079e1ab541e5575459aff9a48b800e0b5ae2965b1d86b00631ce8e,2024-06-10T22:55:00Z,2309.66,2313.8,2024-07-01T00:00:00Z,2024-06-10T22:00:00Z,0.75,SHORT,0.6501811594202279,-12.5,M5_LATEST_CONFIRMED_OPPOSING_SWING_ELSE_CONTROL,2024-06-10T22:55:00Z,CONFIRMED_25_75_RETEST_SPLIT,2309.66,True,5d8ea2472f9a0aeac9b26aaee4148555ce1e349691829c7589e667b7179bfb29,0.2581963406705902,0.1030927835051259,2024_06,-0.25,-1.0,STOP,2024-06-11T15:20:00Z,SPLIT_CONTROL_STOP_NO_RETEST,b2572e2b6d7a96ae11e8c5bd02eea19204c6010ef8f4ac78a60bc9b5ccf3fc9d,2024-06-11T01:00:00Z,RETEST_EXPIRED,2024-06-10T23:10:00Z,,2310.19,False,False,INITIAL_CONFIRMATION_STOP,1eded00b0c710d1135bcfdf1d9c0d42e6912a668e7b7c9e39cc8cb192d2f548d,329a536b761f32a8d3f111b9a34673bda1381d690b6c7a7144ec7201287dc6fd,2312.35175,0.8349999999999714,0.04174999999999857,,M5_LATEST_CONFIRMED_OPPOSING_SWING_ELSE_CONTROL,True,31a9f2ca32af894e833f7dd149448ce62b7fb01dcdb779ed5bd993979ee11aad,2024-06-10T22:25:00Z,2312.31,2287.79,aa4ea66a5405ef2f64b55820a688d9badfa06a691dcbdde4fdae7f1008057d3f
a3e15ece439bfe486b884939748881898e91a85bf198a90dc1d874074138a0ba,2310.19,2024-06-10T22:55:00Z,92543e534a079e1ab541e5575459aff9a48b800e0b5ae2965b1d86b00631ce8e,2024-06-10T22:55:00Z,2309.66,2313.8,2024-07-01T00:00:00Z,2024-06-10T22:00:00Z,0.75,SHORT,0.6658816425120273,-12.5,M15_LATEST_CONFIRMED_OPPOSING_SWING_ELSE_CONTROL,2024-06-10T22:55:00Z,CONFIRMED_25_75_RETEST_SPLIT,2309.66,True,f5ebac792677d4391158750790d4bc1f06e859e07b35f6aeea0d792dc4992608,0.25210846105016677,0.10066201142646851,2024_06,-0.25,-1.0,STOP,2024-06-11T15:20:00Z,SPLIT_CONTROL_STOP_NO_RETEST,c6a8592e68c5c328309890eb3d75677f20f85eaa7d39f018e1b441c5a4451637,2024-06-11T01:00:00Z,RETEST_EXPIRED,2024-06-10T23:10:00Z,,2310.19,False,False,INITIAL_CONFIRMATION_STOP,e62c8ee8973bfb92e4921d562b599decd317865c24a8d43bbca4f58941ebdec8,329a536b761f32a8d3f111b9a34673bda1381d690b6c7a7144ec7201287dc6fd,2312.41675,2.1350000000000557,0.10675000000000279,,M15_LATEST_CONFIRMED_OPPOSING_SWING_ELSE_CONTROL,True,60d5f1949a805107f6d0b6d8ca43744bb35a5e73bcf4408fc138c8f8f4b3232f,2024-06-10T22:45:00Z,2312.31,2287.79,aa4ea66a5405ef2f64b55820a688d9badfa06a691dcbdde4fdae7f1008057d3f
a3e15ece439bfe486b884939748881898e91a85bf198a90dc1d874074138a0ba,2310.19,2024-06-10T22:55:00Z,92543e534a079e1ab541e5575459aff9a48b800e0b5ae2965b1d86b00631ce8e,2024-06-10T22:55:00Z,2309.66,2313.8,2024-07-01T00:00:00Z,2024-06-10T22:00:00Z,0.75,SHORT,1.0,-12.5,CONTROL_V2_FILLED_STOP,2024-06-10T22:55:00Z,CONFIRMED_25_75_RETEST_SPLIT,2309.66,True,a672137a158bc496a09ff849a65f8bf1b75deda9c61f635823857fa28e83ab79,0.3031400966183324,0.7179951690820612,2024_06,-0.25,-1.0,STOP,2024-06-11T15:20:00Z,SPLIT_CONTROL_STOP_NO_RETEST,c006f643ec24287dd38c48c4dd8963661d1f6addf408a5e2b49b68c4cb7ae365,2024-06-11T15:20:00Z,RETEST_EXPIRED,2024-06-10T23:10:00Z,,2310.19,False,False,INITIAL_CONFIRMATION_STOP,c485c505c6946bfa429c8d1c9ad8f1189a819a0090e671d84f50e10658b104fc,329a536b761f32a8d3f111b9a34673bda1381d690b6c7a7144ec7201287dc6fd,2313.8,5.7814285714286076,0.28907142857143037,NOT_STRICTLY_CLOSER_THAN_CONTROL,H1_SOURCE_SWING_BUFFERED_ELSE_CONTROL,False,329a536b761f32a8d3f111b9a34673bda1381d690b6c7a7144ec7201287dc6fd,2024-06-10T22:00:00Z,2313.8,2287.79,aa4ea66a5405ef2f64b55820a688d9badfa06a691dcbdde4fdae7f1008057d3f
2e9c45a325bca557638fa299f745be6c113132af5478ca1f3a718f8fe76c96c4,2310.58,2024-06-11T03:45:00Z,68409c9726ffa5855f6a98dbb36c02db36af4fbb6875af271127caa43fbbab83,2024-06-11T03:45:00Z,2310.74,2308.68,2024-07-01T00:00:00Z,2024-06-11T03:00:00Z,0.0,LONG,1.0,-50.0,CONTROL_V2_FILLED_STOP,2024-06-11T03:45:00Z,CONTROL_NEXT_M1_OPEN,2310.74,True,518f777f7a50b0305e79b7def85a5ea01519348c63490cc4373d9f657edcd01e,1.3009708737863628,0.6019417475729463,2024_06,-1.0,-1.0,STOP,2024-06-11T04:01:00Z,STOP,bdc94c759a10354d1e491de2d7659e2584eee3841309757c5c406dead16eb214,2024-06-11T04:01:00Z,FIRST_RETEST_FILLED,2024-06-11T04:00:00Z,2024-06-11T03:45:00Z,2310.58,True,False,INITIAL_CONFIRMATION_STOP,91ba72ab5e9ee325d22edf79ee08b74e768e5be81c5aeadd0ae68900e8f91690,c20112f34dd7fc21d174f5dec830795e6cd0a56333ecb015483a636009063f06,2308.68,,,,CONTROL_V2_FILLED_STOP,False,,2024-06-11T03:45:00Z,2308.68,2313.8,5afc196124ca591940b90cb2de5359e3800e293814abc22b65b8038f3439aa83
2e9c45a325bca557638fa299f745be6c113132af5478ca1f3a718f8fe76c96c4,2310.58,2024-06-11T03:45:00Z,68409c9726ffa5855f6a98dbb36c02db36af4fbb6875af271127caa43fbbab83,2024-06-11T03:45:00Z,2310.74,2308.68,2024-07-01T00:00:00Z,2024-06-11T03:00:00Z,0.0,LONG,0.7960471567265874,-50.0,M5_LATEST_CONFIRMED_OPPOSING_SWING_ELSE_CONTROL,2024-06-11T03:45:00Z,CONTROL_NEXT_M1_OPEN,2310.74,True,b9f53c7506ef4cfa8d69ce58d4da4d75e52163e1aea006bbbaa6c941ebdf27de,1.0793623137906627,0.7561634288704467,2024_06,-1.0,-1.0,STOP,2024-06-11T04:01:00Z,STOP,19089d6bf89b958d269ad49cdcd3c944fc04d5c3656bed760778c2e6f0507865,2024-06-11T04:00:00Z,FIRST_RETEST_FILLED,2024-06-11T04:00:00Z,2024-06-11T03:45:00Z,2310.58,True,False,INITIAL_CONFIRMATION_STOP,c5dfd688b0460cdab12866b8c54f535d5625f813744b2058d3e460883081f322,c20112f34dd7fc21d174f5dec830795e6cd0a56333ecb015483a636009063f06,2309.100142857143,0.5971428571427688,0.029857142857138443,,M5_LATEST_CONFIRMED_OPPOSING_SWING_ELSE_CONTROL,True,1f7ff13cab88d630966cd33d9209554a2ae4be66068e28b7cec57e48c79db2cb,2024-06-11T03:45:00Z,2309.13,2313.8,5afc196124ca591940b90cb2de5359e3800e293814abc22b65b8038f3439aa83
2e9c45a325bca557638fa299f745be6c113132af5478ca1f3a718f8fe76c96c4,2310.58,2024-06-11T03:45:00Z,68409c9726ffa5855f6a98dbb36c02db36af4fbb6875af271127caa43fbbab83,2024-06-11T03:45:00Z,2310.74,2308.68,2024-07-01T00:00:00Z,2024-06-11T03:00:00Z,0.0,LONG,0.9692787794728441,-50.0,M15_LATEST_CONFIRMED_OPPOSING_SWING_ELSE_CONTROL,2024-06-11T03:45:00Z,CONTROL_NEXT_M1_OPEN,2310.74,True,f05cba01b351dc1427ec655920dda8f2d6fa81fa087f920f5e658204546ad951,1.3422050511555756,0.621020247549751,2024_06,-1.0,-1.0,STOP,2024-06-11T04:01:00Z,STOP,8f0613b990999f68c9b9e1793a432b55f3cb07464d8d3905cdbe396dad251ddb,2024-06-11T04:01:00Z,FIRST_RETEST_FILLED,2024-06-11T04:00:00Z,2024-06-11T03:45:00Z,2310.58,True,False,INITIAL_CONFIRMATION_STOP,9ed7171dd246b0458b90e33ace1cff5d115e3873f05abca6bf45af3a00437631,c20112f34dd7fc21d174f5dec830795e6cd0a56333ecb015483a636009063f06,2308.743285714286,1.1342857142856897,0.05671428571428449,,M15_LATEST_CONFIRMED_OPPOSING_SWING_ELSE_CONTROL,True,db4d7436907114f8ee6bbb3563b1d6e20ae8507d81476cabc6e4b627d6c38d9c,2024-06-11T03:15:00Z,2308.8,2313.8,5afc196124ca591940b90cb2de5359e3800e293814abc22b65b8038f3439aa83
2e9c45a325bca557638fa299f745be6c113132af5478ca1f3a718f8fe76c96c4,2310.58,2024-06-11T03:45:00Z,68409c9726ffa5855f6a98dbb36c02db36af4fbb6875af271127caa43fbbab83,2024-06-11T03:45:00Z,2310.74,2308.68,2024-07-01T00:00:00Z,2024-06-11T03:00:00Z,0.0,LONG,1.0,-50.0,CONTROL_V2_FILLED_STOP,2024-06-11T03:45:00Z,CONTROL_NEXT_M1_OPEN,2310.74,True,f7e3df3cf8a9020f7a4e93e0f112e36d37983cc3cf06960f6650d29a08731ac0,1.3009708737863628,0.6019417475729463,2024_06,-1.0,-1.0,STOP,2024-06-11T04:01:00Z,STOP,0f89559368a428a2804a17d6872a4c2b187bbcf2d3925d29285ae68de177bbc5,2024-06-11T04:01:00Z,FIRST_RETEST_FILLED,2024-06-11T04:00:00Z,2024-06-11T03:45:00Z,2310.58,True,False,INITIAL_CONFIRMATION_STOP,8bf5fdbe64ac1142e7a32d2a9cd153a22977e0447c9e6d4bc813ac768d7f9850,c20112f34dd7fc21d174f5dec830795e6cd0a56333ecb015483a636009063f06,2308.68,4.943571428571464,0.24717857142857322,NOT_STRICTLY_CLOSER_THAN_CONTROL,H1_SOURCE_SWING_BUFFERED_ELSE_CONTROL,False,c20112f34dd7fc21d174f5dec830795e6cd0a56333ecb015483a636009063f06,2024-06-11T03:00:00Z,2308.68,2313.8,5afc196124ca591940b90cb2de5359e3800e293814abc22b65b8038f3439aa83
2e9c45a325bca557638fa299f745be6c113132af5478ca1f3a718f8fe76c96c4,2310.58,2024-06-11T03:45:00Z,68409c9726ffa5855f6a98dbb36c02db36af4fbb6875af271127caa43fbbab83,2024-06-11T03:45:00Z,2310.74,2308.68,2024-07-01T00:00:00Z,2024-06-11T03:00:00Z,0.0,LONG,1.0,-50.0,CONTROL_V2_FILLED_STOP,2024-06-11T03:45:00Z,M5_BROKEN_CONTROL_FIRST_RETEST,2310.58,True,518f777f7a50b0305e79b7def85a5ea01519348c63490cc4373d9f657edcd01e,1.326315789473611,0.7368421052631705,2024_06,-1.0,-1.0,STOP,2024-06-11T04:01:00Z,STOP,2326ad6cec583ae0663c501a2ee5d155331cb3aab1241e749d9d24ca20b3b098,2024-06-11T04:01:00Z,FIRST_RETEST_FILLED,2024-06-11T04:00:00Z,2024-06-11T03:45:00Z,2310.58,True,True,INITIAL_CONFIRMATION_STOP,947afdb3690409a0287cd1129818b4d2c866f18e0987f55155d10ad69f8afede,c20112f34dd7fc21d174f5dec830795e6cd0a56333ecb015483a636009063f06,2308.68,,,,CONTROL_V2_FILLED_STOP,False,,2024-06-11T03:45:00Z,2308.68,2313.8,5afc196124ca591940b90cb2de5359e3800e293814abc22b65b8038f3439aa83
2e9c45a325bca557638fa299f745be6c113132af5478ca1f3a718f8fe76c96c4,2310.58,2024-06-11T03:45:00Z,68409c9726ffa5855f6a98dbb36c02db36af4fbb6875af271127caa43fbbab83,2024-06-11T03:45:00Z,2310.74,2308.68,2024-07-01T00:00:00Z,2024-06-11T03:00:00Z,0.0,LONG,0.7960471567265874,-50.0,M5_LATEST_CONFIRMED_OPPOSING_SWING_ELSE_CONTROL,2024-06-11T03:45:00Z,M5_BROKEN_CONTROL_FIRST_RETEST,2310.58,True,b9f53c7506ef4cfa8d69ce58d4da4d75e52163e1aea006bbbaa6c941ebdf27de,1.08794285162689,0.9460372622842388,2024_06,-1.0,-1.0,STOP,2024-06-11T04:01:00Z,STOP,aea185de3dfcd5ebcb8977749fbee8a0d952331c2f82f93d8c064db2d584c4c5,2024-06-11T04:00:00Z,FIRST_RETEST_FILLED,2024-06-11T04:00:00Z,2024-06-11T03:45:00Z,2310.58,True,True,INITIAL_CONFIRMATION_STOP,aa481a84ad88b838d2f965849bec036934098a5cd044e9cc8ae70b42792a7d61,c20112f34dd7fc21d174f5dec830795e6cd0a56333ecb015483a636009063f06,2309.100142857143,0.5971428571427688,0.029857142857138443,,M5_LATEST_CONFIRMED_OPPOSING_SWING_ELSE_CONTROL,True,1f7ff13cab88d630966cd33d9209554a2ae4be66068e28b7cec57e48c79db2cb,2024-06-11T03:45:00Z,2309.13,2313.8,5afc196124ca591940b90cb2de5359e3800e293814abc22b65b8038f3439aa83
2e9c45a325bca557638fa299f745be6c113132af5478ca1f3a718f8fe76c96c4,2310.58,2024-06-11T03:45:00Z,68409c9726ffa5855f6a98dbb36c02db36af4fbb6875af271127caa43fbbab83,2024-06-11T03:45:00Z,2310.74,2308.68,2024-07-01T00:00:00Z,2024-06-11T03:00:00Z,0.0,LONG,0.9692787794728441,-50.0,M15_LATEST_CONFIRMED_OPPOSING_SWING_ELSE_CONTROL,2024-06-11T03:45:00Z,M5_BROKEN_CONTROL_FIRST_RETEST,2310.58,True,f05cba01b351dc1427ec655920dda8f2d6fa81fa087f920f5e658204546ad951,1.3720152446139193,0.7622306914522324,2024_06,-1.0,-1.0,STOP,2024-06-11T04:01:00Z,STOP,3c8a03b0a4be1b2bb3e480e4fe545ab1f3273e6f26cd81cf50ad291464990808,2024-06-11T04:01:00Z,FIRST_RETEST_FILLED,2024-06-11T04:00:00Z,2024-06-11T03:45:00Z,2310.58,True,True,INITIAL_CONFIRMATION_STOP,cb7afb3a52e2491929879ad40d7bb9daf4b73b9d310d1ac0293fdb911922dcbb,c20112f34dd7fc21d174f5dec830795e6cd0a56333ecb015483a636009063f06,2308.743285714286,1.1342857142856897,0.05671428571428449,,M15_LATEST_CONFIRMED_OPPOSING_SWING_ELSE_CONTROL,True,db4d7436907114f8ee6bbb3563b1d6e20ae8507d81476cabc6e4b627d6c38d9c,2024-06-11T03:15:00Z,2308.8,2313.8,5afc196124ca591940b90cb2de5359e3800e293814abc22b65b8038f3439aa83
2e9c45a325bca557638fa299f745be6c113132af5478ca1f3a718f8fe76c96c4,2310.58,2024-06-11T03:45:00Z,68409c9726ffa5855f6a98dbb36c02db36af4fbb6875af271127caa43fbbab83,2024-06-11T03:45:00Z,2310.74,2308.68,2024-07-01T00:00:00Z,2024-06-11T03:00:00Z,0.0,LONG,1.0,-50.0,CONTROL_V2_FILLED_STOP,2024-06-11T03:45:00Z,M5_BROKEN_CONTROL_FIRST_RETEST,2310.58,True,f7e3df3cf8a9020f7a4e93e0f112e36d37983cc3cf06960f6650d29a08731ac0,1.326315789473611,0.7368421052631705,2024_06,-1.0,-1.0,STOP,2024-06-11T04:01:00Z,STOP,6a44c1e6f96c6cc397b7f02696eeb4dfa98fda21d2bbc571c4d993090a7242c1,2024-06-11T04:01:00Z,FIRST_RETEST_FILLED,2024-06-11T04:00:00Z,2024-06-11T03:45:00Z,2310.58,True,True,INITIAL_CONFIRMATION_STOP,763a341e464898f1d602420f0bfc761243e0e34b65712089c2564dc2fccc309e,c20112f34dd7fc21d174f5dec830795e6cd0a56333ecb015483a636009063f06,2308.68,4.943571428571464,0.24717857142857322,NOT_STRICTLY_CLOSER_THAN_CONTROL,H1_SOURCE_SWING_BUFFERED_ELSE_CONTROL,False,c20112f34dd7fc21d174f5dec830795e6cd0a56333ecb015483a636009063f06,2024-06-11T03:00:00Z,2308.68,2313.8,5afc196124ca591940b90cb2de5359e3800e293814abc22b65b8038f3439aa83
2e9c45a325bca557638fa299f745be6c113132af5478ca1f3a718f8fe76c96c4,2310.58,2024-06-11T03:45:00Z,68409c9726ffa5855f6a98dbb36c02db36af4fbb6875af271127caa43fbbab83,2024-06-11T03:45:00Z,2310.74,2308.68,2024-07-01T00:00:00Z,2024-06-11T03:00:00Z,0.0,LONG,1.0,-50.0,CONTROL_V2_FILLED_STOP,2024-06-11T03:45:00Z,CONFIRMED_25_75_RETEST_SPLIT,2310.74,True,518f777f7a50b0305e79b7def85a5ea01519348c63490cc4373d9f657edcd01e,1.319979560551799,0.7031170158406145,2024_06,-1.0,-1.0,STOP,2024-06-11T04:01:00Z,SPLIT_STOP_STOP,5e7c826eeea4ebf93786a514c0bc0c98a0f6718d92a3d8c7f92205a8e95c0ba0,2024-06-11T04:01:00Z,FIRST_RETEST_FILLED,2024-06-11T04:00:00Z,2024-06-11T03:45:00Z,2310.58,True,True,INITIAL_CONFIRMATION_STOP,80fb6bceb44672d09798d36b5b9c2a933c60d27d8a86206075425daf3a0834f2,c20112f34dd7fc21d174f5dec830795e6cd0a56333ecb015483a636009063f06,2308.68,,,,CONTROL_V2_FILLED_STOP,False,,2024-06-11T03:45:00Z,2308.68,2313.8,5afc196124ca591940b90cb2de5359e3800e293814abc22b65b8038f3439aa83
2e9c45a325bca557638fa299f745be6c113132af5478ca1f3a718f8fe76c96c4,2310.58,2024-06-11T03:45:00Z,68409c9726ffa5855f6a98dbb36c02db36af4fbb6875af271127caa43fbbab83,2024-06-11T03:45:00Z,2310.74,2308.68,2024-07-01T00:00:00Z,2024-06-11T03:00:00Z,0.0,LONG,0.7960471567265874,-50.0,M5_LATEST_CONFIRMED_OPPOSING_SWING_ELSE_CONTROL,2024-06-11T03:45:00Z,CONFIRMED_25_75_RETEST_SPLIT,2310.74,True,b9f53c7506ef4cfa8d69ce58d4da4d75e52163e1aea006bbbaa6c941ebdf27de,1.0857977171678332,0.8985688039307907,2024_06,-1.0,-1.0,STOP,2024-06-11T04:01:00Z,SPLIT_STOP_STOP,3f94d2f3c997e44307b98549fcefa5d5bcc13112244c5bb8df2f9446870192ae,2024-06-11T04:00:00Z,FIRST_RETEST_FILLED,2024-06-11T04:00:00Z,2024-06-11T03:45:00Z,2310.58,True,True,INITIAL_CONFIRMATION_STOP,9545f0152b502caa472483b9d4f0c4fcedc3aa915b2bbbc55e691603c0d69f5f,c20112f34dd7fc21d174f5dec830795e6cd0a56333ecb015483a636009063f06,2309.100142857143,0.5971428571427688,0.029857142857138443,,M5_LATEST_CONFIRMED_OPPOSING_SWING_ELSE_CONTROL,True,1f7ff13cab88d630966cd33d9209554a2ae4be66068e28b7cec57e48c79db2cb,2024-06-11T03:45:00Z,2309.13,2313.8,5afc196124ca591940b90cb2de5359e3800e293814abc22b65b8038f3439aa83
2e9c45a325bca557638fa299f745be6c113132af5478ca1f3a718f8fe76c96c4,2310.58,2024-06-11T03:45:00Z,68409c9726ffa5855f6a98dbb36c02db36af4fbb6875af271127caa43fbbab83,2024-06-11T03:45:00Z,2310.74,2308.68,2024-07-01T00:00:00Z,2024-06-11T03:00:00Z,0.0,LONG,0.9692787794728441,-50.0,M15_LATEST_CONFIRMED_OPPOSING_SWING_ELSE_CONTROL,2024-06-11T03:45:00Z,CONFIRMED_25_75_RETEST_SPLIT,2310.74,True,f05cba01b351dc1427ec655920dda8f2d6fa81fa087f920f5e658204546ad951,1.3645626962493334,0.7269280804766121,2024_06,-1.0,-1.0,STOP,2024-06-11T04:01:00Z,SPLIT_STOP_STOP,9becec58095db33d397470ad42632f07b723644969d0591a07acf15b011233f5,2024-06-11T04:01:00Z,FIRST_RETEST_FILLED,2024-06-11T04:00:00Z,2024-06-11T03:45:00Z,2310.58,True,True,INITIAL_CONFIRMATION_STOP,cc795779fb335f74efaf0c3779681ce6a49c5a4024737c570526bd3bfbd32bd6,c20112f34dd7fc21d174f5dec830795e6cd0a56333ecb015483a636009063f06,2308.743285714286,1.1342857142856897,0.05671428571428449,,M15_LATEST_CONFIRMED_OPPOSING_SWING_ELSE_CONTROL,True,db4d7436907114f8ee6bbb3563b1d6e20ae8507d81476cabc6e4b627d6c38d9c,2024-06-11T03:15:00Z,2308.8,2313.8,5afc196124ca591940b90cb2de5359e3800e293814abc22b65b8038f3439aa83
2e9c45a325bca557638fa299f745be6c113132af5478ca1f3a718f8fe76c96c4,2310.58,2024-06-11T03:45:00Z,68409c9726ffa5855f6a98dbb36c02db36af4fbb6875af271127caa43fbbab83,2024-06-11T03:45:00Z,2310.74,2308.68,2024-07-01T00:00:00Z,2024-06-11T03:00:00Z,0.0,LONG,1.0,-50.0,CONTROL_V2_FILLED_STOP,2024-06-11T03:45:00Z,CONFIRMED_25_75_RETEST_SPLIT,2310.74,True,f7e3df3cf8a9020f7a4e93e0f112e36d37983cc3cf06960f6650d29a08731ac0,1.319979560551799,0.7031170158406145,2024_06,-1.0,-1.0,STOP,2024-06-11T04:01:00Z,SPLIT_STOP_STOP,2d95ae68a6ea91482f70eedfddd4fe3548f3a613e6284efa36b57db4f3d86b7d,2024-06-11T04:01:00Z,FIRST_RETEST_FILLED,2024-06-11T04:00:00Z,2024-06-11T03:45:00Z,2310.58,True,True,INITIAL_CONFIRMATION_STOP,48e21b410f87def9411c9bff4dac3ef6715a6b413b148eacd124d91f91575b26,c20112f34dd7fc21d174f5dec830795e6cd0a56333ecb015483a636009063f06,2308.68,4.943571428571464,0.24717857142857322,NOT_STRICTLY_CLOSER_THAN_CONTROL,H1_SOURCE_SWING_BUFFERED_ELSE_CONTROL,False,c20112f34dd7fc21d174f5dec830795e6cd0a56333ecb015483a636009063f06,2024-06-11T03:00:00Z,2308.68,2313.8,5afc196124ca591940b90cb2de5359e3800e293814abc22b65b8038f3439aa83
a22e6534126f88bddf93a13888c4ecc7f591a7803da0be5d510432f443e41781,2302.87,2024-06-11T09:30:00Z,4f8f616c7eabd9522f8c1e4469491d57e4024e0d162f2f8f092d5b9a1dbe3afb,2024-06-11T09:30:00Z,2303.44,2297.75,2024-07-01T00:00:00Z,2024-06-11T08:00:00Z,0.0,LONG,1.0,79.08611599296937,CONTROL_V2_FILLED_STOP,2024-06-11T09:30:00Z,CONTROL_NEXT_M1_OPEN,2303.44,True,921c08f085b55baab17814803994cd334e1714e5194a1e81a87aaaf0d29e6988,0.3690685413005077,1.5817223198593873,2024_06,1.5817223198593873,1.5817223198593873,TARGET,2024-06-11T15:14:00Z,TARGET,61d923fe12d5c9d16ecdb421f76a1c6113ba5497a05b744b68855ce47e43ee84,2024-06-11T15:14:00Z,FIRST_RETEST_FILLED,2024-06-11T09:45:00Z,2024-06-11T09:39:00Z,2302.87,True,False,RECLAIM_CONFIRMATION_TARGET,8cea0a2f6dca5b4074757e7284b83aa4cacc35aeb1c7617e6c8ce7737e5f3742,b6a663f209539379cb42ea05b905952396cba78f62419bd978cfea9ecf80acab,2297.75,,,,CONTROL_V2_FILLED_STOP,False,,2024-06-11T09:30:00Z,2297.75,2312.44,de8c8b2a8cdba02c7edbf928ef2acb1062c3363b1cc46ee9ecc890f08cdd22d8
a22e6534126f88bddf93a13888c4ecc7f591a7803da0be5d510432f443e41781,2302.87,2024-06-11T09:30:00Z,4f8f616c7eabd9522f8c1e4469491d57e4024e0d162f2f8f092d5b9a1dbe3afb,2024-06-11T09:30:00Z,2303.44,2297.75,2024-07-01T00:00:00Z,2024-06-11T08:00:00Z,0.29950645099654927,LONG,0.8407921164950728,94.06143854279682,M5_LATEST_CONFIRMED_OPPOSING_SWING_ELSE_CONTROL,2024-06-11T09:30:00Z,CONTROL_NEXT_M1_OPEN,2303.44,True,ed08575e74bb76db03189b47246606e3b7af68ecb9ddd60644abd5a7de62fc22,0.4389533798663662,1.8812287708559365,2024_06,1.8812287708559365,1.5817223198593873,TARGET,2024-06-11T15:14:00Z,TARGET,1b57af58d73bddfef133d2c02d8422395226ee3e99c39cccbd7aa63e16b7c0f9,2024-06-11T15:14:00Z,FIRST_RETEST_FILLED,2024-06-11T09:45:00Z,2024-06-11T09:39:00Z,2302.87,True,False,RECLAIM_CONFIRMATION_TARGET,c805321d34d06351bc3caee87aa01401798184db2ab8f62b324094bbbcdaddc5,b6a663f209539379cb42ea05b905952396cba78f62419bd978cfea9ecf80acab,2298.655892857143,1.4821428571428246,0.07410714285714123,,M5_LATEST_CONFIRMED_OPPOSING_SWING_ELSE_CONTROL,True,8497687a19874eeaec99f37987117ec53c2649bcc85e0b742cc1f9a613725e6a,2024-06-11T09:15:00Z,2298.73,2312.44,de8c8b2a8cdba02c7edbf928ef2acb1062c3363b1cc46ee9ecc890f08cdd22d8
a22e6534126f88bddf93a13888c4ecc7f591a7803da0be5d510432f443e41781,2302.87,2024-06-11T09:30:00Z,4f8f616c7eabd9522f8c1e4469491d57e4024e0d162f2f8f092d5b9a1dbe3afb,2024-06-11T09:30:00Z,2303.44,2297.75,2024-07-01T00:00:00Z,2024-06-11T08:00:00Z,0.0,LONG,1.0,79.08611599296937,CONTROL_V2_FILLED_STOP,2024-06-11T09:30:00Z,CONTROL_NEXT_M1_OPEN,2303.44,True,cca6df700397d0c38be90a87c874b6792152002f3c889027e528e70b0aa6bf35,0.3690685413005077,1.5817223198593873,2024_06,1.5817223198593873,1.5817223198593873,TARGET,2024-06-11T15:14:00Z,TARGET,8d54abc0fb1b45b029c4f70899c99dc0b943eed0e90f140f076bccf0005092a1,2024-06-11T15:14:00Z,FIRST_RETEST_FILLED,2024-06-11T09:45:00Z,2024-06-11T09:39:00Z,2302.87,True,False,RECLAIM_CONFIRMATION_TARGET,7ec3aa3f0726d9ce2cba7561cef6cadbb705374d73f21b08f2ea8977827344f2,b6a663f209539379cb42ea05b905952396cba78f62419bd978cfea9ecf80acab,2297.75,1.9892857142856752,0.09946428571428377,NOT_STRICTLY_CLOSER_THAN_CONTROL,M15_LATEST_CONFIRMED_OPPOSING_SWING_ELSE_CONTROL,False,40f5ef64d5c4e5b68c7ab7697334f0c650ea45cf92b83a0c3956744a5f54dce4,2024-06-11T09:15:00Z,2297.77,2312.44,de8c8b2a8cdba02c7edbf928ef2acb1062c3363b1cc46ee9ecc890f08cdd22d8
a22e6534126f88bddf93a13888c4ecc7f591a7803da0be5d510432f443e41781,2302.87,2024-06-11T09:30:00Z,4f8f616c7eabd9522f8c1e4469491d57e4024e0d162f2f8f092d5b9a1dbe3afb,2024-06-11T09:30:00Z,2303.44,2297.75,2024-07-01T00:00:00Z,2024-06-11T08:00:00Z,0.2738657984859423,LONG,0.852410243534996,92.77940591726647,H1_SOURCE_SWING_BUFFERED_ELSE_CONTROL,2024-06-11T09:30:00Z,CONTROL_NEXT_M1_OPEN,2303.44,True,a48ad167a88bb2f79635560ec3818d76e3294dfea89f9fd8991f86b257c90f85,0.4329705609472248,1.8555881183453296,2024_06,1.8555881183453296,1.5817223198593873,TARGET,2024-06-11T15:14:00Z,TARGET,44305e1162d162e2c8b0da6e5501cd2c72c46647135d1cffed2409086dc37288,2024-06-11T15:14:00Z,FIRST_RETEST_FILLED,2024-06-11T09:45:00Z,2024-06-11T09:39:00Z,2302.87,True,False,RECLAIM_CONFIRMATION_TARGET,63897a3054d590fb46b81e9533f2a69fdf98fedc2eb89452c4be7297ee1ca3f9,b6a663f209539379cb42ea05b905952396cba78f62419bd978cfea9ecf80acab,2298.589785714286,4.604285714285717,0.23021428571428584,,H1_SOURCE_SWING_BUFFERED_ELSE_CONTROL,True,b6a663f209539379cb42ea05b905952396cba78f62419bd978cfea9ecf80acab,2024-06-11T08:00:00Z,2298.82,2312.44,de8c8b2a8cdba02c7edbf928ef2acb1062c3363b1cc46ee9ecc890f08cdd22d8
a22e6534126f88bddf93a13888c4ecc7f591a7803da0be5d510432f443e41781,2302.87,2024-06-11T09:30:00Z,4f8f616c7eabd9522f8c1e4469491d57e4024e0d162f2f8f092d5b9a1dbe3afb,2024-06-11T09:30:00Z,2303.44,2297.75,2024-07-01T00:00:00Z,2024-06-11T08:00:00Z,0.28741830514068445,LONG,1.0,93.45703125000358,CONTROL_V2_FILLED_STOP,2024-06-11T09:39:00Z,M5_BROKEN_CONTROL_FIRST_RETEST,2302.87,True,921c08f085b55baab17814803994cd334e1714e5194a1e81a87aaaf0d29e6988,0.29882812499995665,1.8691406250000717,2024_06,1.8691406250000717,1.5817223198593873,TARGET,2024-06-11T15:14:00Z,TARGET,6f2f409e5ecd6550733a9ed779aeb46ee2275ebf551255ca73b5f8f331817a03,2024-06-11T15:14:00Z,FIRST_RETEST_FILLED,2024-06-11T09:45:00Z,2024-06-11T09:39:00Z,2302.87,True,True,RECLAIM_CONFIRMATION_TARGET,a7b17736a2ac18b5b1fdc10918d447d6fd914a6a5639814c6ae597cab94428a7,b6a663f209539379cb42ea05b905952396cba78f62419bd978cfea9ecf80acab,2297.75,,,,CONTROL_V2_FILLED_STOP,False,,2024-06-11T09:30:00Z,2297.75,2312.44,de8c8b2a8cdba02c7edbf928ef2acb1062c3363b1cc46ee9ecc890f08cdd22d8
a22e6534126f88bddf93a13888c4ecc7f591a7803da0be5d510432f443e41781,2302.87,2024-06-11T09:30:00Z,4f8f616c7eabd9522f8c1e4469491d57e4024e0d162f2f8f092d5b9a1dbe3afb,2024-06-11T09:30:00Z,2303.44,2297.75,2024-07-01T00:00:00Z,2024-06-11T08:00:00Z,0.6892213641952203,LONG,0.8407921164950728,113.54718420273038,M5_LATEST_CONFIRMED_OPPOSING_SWING_ELSE_CONTROL,2024-06-11T09:39:00Z,M5_BROKEN_CONTROL_FIRST_RETEST,2302.87,True,ed08575e74bb76db03189b47246606e3b7af68ecb9ddd60644abd5a7de62fc22,0.363066231619949,2.2709436840546076,2024_06,2.2709436840546076,1.5817223198593873,TARGET,2024-06-11T15:14:00Z,TARGET,8465a0354792c4abdf3178264d077de3c2d9548071959985c78e6519d47fe481,2024-06-11T15:14:00Z,FIRST_RETEST_FILLED,2024-06-11T09:45:00Z,2024-06-11T09:39:00Z,2302.87,True,True,RECLAIM_CONFIRMATION_TARGET,fe6fda865085aa3d63b8e9bc7997a57f5239ad34e4d149fd82c5f20628afd6fc,b6a663f209539379cb42ea05b905952396cba78f62419bd978cfea9ecf80acab,2298.655892857143,1.4821428571428246,0.07410714285714123,,M5_LATEST_CONFIRMED_OPPOSING_SWING_ELSE_CONTROL,True,8497687a19874eeaec99f37987117ec53c2649bcc85e0b742cc1f9a613725e6a,2024-06-11T09:15:00Z,2298.73,2312.44,de8c8b2a8cdba02c7edbf928ef2acb1062c3363b1cc46ee9ecc890f08cdd22d8
a22e6534126f88bddf93a13888c4ecc7f591a7803da0be5d510432f443e41781,2302.87,2024-06-11T09:30:00Z,4f8f616c7eabd9522f8c1e4469491d57e4024e0d162f2f8f092d5b9a1dbe3afb,2024-06-11T09:30:00Z,2303.44,2297.75,2024-07-01T00:00:00Z,2024-06-11T08:00:00Z,0.28741830514068445,LONG,1.0,93.45703125000358,CONTROL_V2_FILLED_STOP,2024-06-11T09:39:00Z,M5_BROKEN_CONTROL_FIRST_RETEST,2302.87,True,cca6df700397d0c38be90a87c874b6792152002f3c889027e528e70b0aa6bf35,0.29882812499995665,1.8691406250000717,2024_06,1.8691406250000717,1.5817223198593873,TARGET,2024-06-11T15:14:00Z,TARGET,cd5fa36e3cc1f6d759e4c0fc92bd787133fed7d3d51ef819117da950338bd027,2024-06-11T15:14:00Z,FIRST_RETEST_FILLED,2024-06-11T09:45:00Z,2024-06-11T09:39:00Z,2302.87,True,True,RECLAIM_CONFIRMATION_TARGET,977c130e80f60b0796f1f7ebd52b76adeafa28e97e0e33bc8db2d0ae04ca7722,b6a663f209539379cb42ea05b905952396cba78f62419bd978cfea9ecf80acab,2297.75,1.9892857142856752,0.09946428571428377,NOT_STRICTLY_CLOSER_THAN_CONTROL,M15_LATEST_CONFIRMED_OPPOSING_SWING_ELSE_CONTROL,False,40f5ef64d5c4e5b68c7ab7697334f0c650ea45cf92b83a0c3956744a5f54dce4,2024-06-11T09:15:00Z,2297.77,2312.44,de8c8b2a8cdba02c7edbf928ef2acb1062c3363b1cc46ee9ecc890f08cdd22d8
a22e6534126f88bddf93a13888c4ecc7f591a7803da0be5d510432f443e41781,2302.87,2024-06-11T09:30:00Z,4f8f616c7eabd9522f8c1e4469491d57e4024e0d162f2f8f092d5b9a1dbe3afb,2024-06-11T09:30:00Z,2303.44,2297.75,2024-07-01T00:00:00Z,2024-06-11T08:00:00Z,0.6541470458267586,LONG,0.852410243534996,111.7934682843073,H1_SOURCE_SWING_BUFFERED_ELSE_CONTROL,2024-06-11T09:39:00Z,M5_BROKEN_CONTROL_FIRST_RETEST,2302.87,True,a48ad167a88bb2f79635560ec3818d76e3294dfea89f9fd8991f86b257c90f85,0.3574587387146474,2.235869365686146,2024_06,2.235869365686146,1.5817223198593873,TARGET,2024-06-11T15:14:00Z,TARGET,b944ba76f7f5df41acc73f7548308ef85cd1947f78e8ce0d562bfbbb43923dcf,2024-06-11T15:14:00Z,FIRST_RETEST_FILLED,2024-06-11T09:45:00Z,2024-06-11T09:39:00Z,2302.87,True,True,RECLAIM_CONFIRMATION_TARGET,dc62ee3c0b9a41cb313237fded75fc2dacbc9109ac5afb5d0561bdfa82fbbe5c,b6a663f209539379cb42ea05b905952396cba78f62419bd978cfea9ecf80acab,2298.589785714286,4.604285714285717,0.23021428571428584,,H1_SOURCE_SWING_BUFFERED_ELSE_CONTROL,True,b6a663f209539379cb42ea05b905952396cba78f62419bd978cfea9ecf80acab,2024-06-11T08:00:00Z,2298.82,2312.44,de8c8b2a8cdba02c7edbf928ef2acb1062c3363b1cc46ee9ecc890f08cdd22d8
a22e6534126f88bddf93a13888c4ecc7f591a7803da0be5d510432f443e41781,2302.87,2024-06-11T09:30:00Z,4f8f616c7eabd9522f8c1e4469491d57e4024e0d162f2f8f092d5b9a1dbe3afb,2024-06-11T09:30:00Z,2303.44,2297.75,2024-07-01T00:00:00Z,2024-06-11T08:00:00Z,0.21556372885551323,LONG,1.0,89.86430243574503,CONTROL_V2_FILLED_STOP,2024-06-11T09:30:00Z,CONFIRMED_25_75_RETEST_SPLIT,2303.44,True,921c08f085b55baab17814803994cd334e1714e5194a1e81a87aaaf0d29e6988,0.3163882290750944,1.7972860487149005,2024_06,1.7972860487149005,1.5817223198593873,TARGET,2024-06-11T15:14:00Z,SPLIT_TARGET_TARGET,20ebc70541d0bef11dd874b000ddb712bcec13360f6307a17e67182c313782bc,2024-06-11T15:14:00Z,FIRST_RETEST_FILLED,2024-06-11T09:45:00Z,2024-06-11T09:39:00Z,2302.87,True,True,RECLAIM_CONFIRMATION_TARGET,e20d4cfb0ab1397668f5a506254fc1e225690b21b365b384bfe1630e9e71d1a2,b6a663f209539379cb42ea05b905952396cba78f62419bd978cfea9ecf80acab,2297.75,,,,CONTROL_V2_FILLED_STOP,False,,2024-06-11T09:30:00Z,2297.75,2312.44,de8c8b2a8cdba02c7edbf928ef2acb1062c3363b1cc46ee9ecc890f08cdd22d8
a22e6534126f88bddf93a13888c4ecc7f591a7803da0be5d510432f443e41781,2302.87,2024-06-11T09:30:00Z,4f8f616c7eabd9522f8c1e4469491d57e4024e0d162f2f8f092d5b9a1dbe3afb,2024-06-11T09:30:00Z,2303.44,2297.75,2024-07-01T00:00:00Z,2024-06-11T08:00:00Z,0.5917926358955528,LONG,0.8407921164950728,108.675747787747,M5_LATEST_CONFIRMED_OPPOSING_SWING_ELSE_CONTROL,2024-06-11T09:30:00Z,CONFIRMED_25_75_RETEST_SPLIT,2303.44,True,ed08575e74bb76db03189b47246606e3b7af68ecb9ddd60644abd5a7de62fc22,0.3820380186815533,2.17351495575494,2024_06,2.17351495575494,1.5817223198593873,TARGET,2024-06-11T15:14:00Z,SPLIT_TARGET_TARGET,d74f1ac4a8dceaebffe98f8e427d52d7b0be77ac96f28a96abebbe1827a3ab5b,2024-06-11T15:14:00Z,FIRST_RETEST_FILLED,2024-06-11T09:45:00Z,2024-06-11T09:39:00Z,2302.87,True,True,RECLAIM_CONFIRMATION_TARGET,1c848dff848a9b99178163764a3df05fefb5d99177ac65905b6e5ed022113480,b6a663f209539379cb42ea05b905952396cba78f62419bd978cfea9ecf80acab,2298.655892857143,1.4821428571428246,0.07410714285714123,,M5_LATEST_CONFIRMED_OPPOSING_SWING_ELSE_CONTROL,True,8497687a19874eeaec99f37987117ec53c2649bcc85e0b742cc1f9a613725e6a,2024-06-11T09:15:00Z,2298.73,2312.44,de8c8b2a8cdba02c7edbf928ef2acb1062c3363b1cc46ee9ecc890f08cdd22d8
a22e6534126f88bddf93a13888c4ecc7f591a7803da0be5d510432f443e41781,2302.87,2024-06-11T09:30:00Z,4f8f616c7eabd9522f8c1e4469491d57e4024e0d162f2f8f092d5b9a1dbe3afb,2024-06-11T09:30:00Z,2303.44,2297.75,2024-07-01T00:00:00Z,2024-06-11T08:00:00Z,0.21556372885551323,LONG,1.0,89.86430243574503,CONTROL_V2_FILLED_STOP,2024-06-11T09:30:00Z,CONFIRMED_25_75_RETEST_SPLIT,2303.44,True,cca6df700397d0c38be90a87c874b6792152002f3c889027e528e70b0aa6bf35,0.3163882290750944,1.7972860487149005,2024_06,1.7972860487149005,1.5817223198593873,TARGET,2024-06-11T15:14:00Z,SPLIT_TARGET_TARGET,6cd24f18062cdab5cf7c2728ebbbac31f02fc42ee7f5df41a10c7b394ef88dcb,2024-06-11T15:14:00Z,FIRST_RETEST_FILLED,2024-06-11T09:45:00Z,2024-06-11T09:39:00Z,2302.87,True,True,RECLAIM_CONFIRMATION_TARGET,bc5d949ce7fc6d6e351585a413645960e22e5c444e8beb3568c0d224b75dd383,b6a663f209539379cb42ea05b905952396cba78f62419bd978cfea9ecf80acab,2297.75,1.9892857142856752,0.09946428571428377,NOT_STRICTLY_CLOSER_THAN_CONTROL,M15_LATEST_CONFIRMED_OPPOSING_SWING_ELSE_CONTROL,False,40f5ef64d5c4e5b68c7ab7697334f0c650ea45cf92b83a0c3956744a5f54dce4,2024-06-11T09:15:00Z,2297.77,2312.44,de8c8b2a8cdba02c7edbf928ef2acb1062c3363b1cc46ee9ecc890f08cdd22d8
a22e6534126f88bddf93a13888c4ecc7f591a7803da0be5d510432f443e41781,2302.87,2024-06-11T09:30:00Z,4f8f616c7eabd9522f8c1e4469491d57e4024e0d162f2f8f092d5b9a1dbe3afb,2024-06-11T09:30:00Z,2303.44,2297.75,2024-07-01T00:00:00Z,2024-06-11T08:00:00Z,0.5590767339915546,LONG,0.852410243534996,107.03995269254709,H1_SOURCE_SWING_BUFFERED_ELSE_CONTROL,2024-06-11T09:30:00Z,CONFIRMED_25_75_RETEST_SPLIT,2303.44,True,a48ad167a88bb2f79635560ec3818d76e3294dfea89f9fd8991f86b257c90f85,0.3763366942727917,2.140799053850942,2024_06,2.140799053850942,1.5817223198593873,TARGET,2024-06-11T15:14:00Z,SPLIT_TARGET_TARGET,7c6ab30c1d3c8bd0a116f3003a2713068f0e11d8e73dd4adc696700497bd3524,2024-06-11T15:14:00Z,FIRST_RETEST_FILLED,2024-06-11T09:45:00Z,2024-06-11T09:39:00Z,2302.87,True,True,RECLAIM_CONFIRMATION_TARGET,62f5da448cb01bda366346052e11b1e4f782173b05326df9bd802c54068a288d,b6a663f209539379cb42ea05b905952396cba78f62419bd978cfea9ecf80acab,2298.589785714286,4.604285714285717,0.23021428571428584,,H1_SOURCE_SWING_BUFFERED_ELSE_CONTROL,True,b6a663f209539379cb42ea05b905952396cba78f62419bd978cfea9ecf80acab,2024-06-11T08:00:00Z,2298.82,2312.44,de8c8b2a8cdba02c7edbf928ef2acb1062c3363b1cc46ee9ecc890f08cdd22d8
33a68135c438155c6859f41ef12aa6e2e54d0f3083a9994e9b857d968284e5a2,2305.46,2024-06-11T11:10:00Z,958167c90af463f8b2f831dcd2fc6f44d28e3adf5725cfe0acf157a22da41d5a,2024-06-11T11:10:00Z,2305.52,2297.77,2024-07-01T00:00:00Z,2024-06-11T11:00:00Z,0.0,LONG,1.0,44.645161290323045,CONTROL_V2_FILLED_STOP,2024-06-11T11:10:00Z,CONTROL_NEXT_M1_OPEN,2305.52,True,7adfabe538c2294e7308c6a8d5dfaffe2bbbe2181e0c7dfa4bea6f611fcd084d,0.5083870967742006,0.892903225806461,2024_06,0.892903225806461,0.892903225806461,TARGET,2024-06-11T15:14:00Z,TARGET,1c3e8f12c46ad346b1e33a2f4742f32fd13a125df170e6c71b3d75c52d55f44f,2024-06-11T15:14:00Z,FIRST_RETEST_FILLED,2024-06-11T11:25:00Z,2024-06-11T11:10:00Z,2305.46,True,False,INITIAL_CONFIRMATION_TARGET,589272521dc34291b78ea20b1aa4d15517191f7f8fe7845c93d48d700d419193,7f3c07591432456970dcd0ea4941ded37faf57a5caf02846e506cd7b9aa3cc8b,2297.77,,,,CONTROL_V2_FILLED_STOP,False,,2024-06-11T11:10:00Z,2297.77,2312.44,9c724fa03c4c68bf077b6181d3d2e45e4ce9e5d8f88053e4482973c991bea66c
33a68135c438155c6859f41ef12aa6e2e54d0f3083a9994e9b857d968284e5a2,2305.46,2024-06-11T11:10:00Z,958167c90af463f8b2f831dcd2fc6f44d28e3adf5725cfe0acf157a22da41d5a,2024-06-11T11:10:00Z,2305.52,2297.77,2024-07-01T00:00:00Z,2024-06-11T11:00:00Z,-1.892903225806461,LONG,0.3117603686635947,-50.0,M5_LATEST_CONFIRMED_OPPOSING_SWING_ELSE_CONTROL,2024-06-11T11:10:00Z,CONTROL_NEXT_M1_OPEN,2305.52,True,1ffa3d63ae0364d9b331dc323c48c687e5527e8b86ea5bfc95956274aaae6c9a,1.0015964051321764,0.9312363270856732,2024_06,-1.0,0.892903225806461,TARGET,2024-06-11T15:14:00Z,STOP,49591a0290df0cc20420723628ed5e49f18273764685d0b20e33cd9738983dcd,2024-06-11T12:28:00Z,FIRST_RETEST_FILLED,2024-06-11T11:25:00Z,2024-06-11T11:10:00Z,2305.46,True,False,INITIAL_CONFIRMATION_TARGET,c0a0504c5a03a9bab27c65e383ec8a61621363ef5ca809cc177f5d5ab21f83b0,7f3c07591432456970dcd0ea4941ded37faf57a5caf02846e506cd7b9aa3cc8b,2303.103857142857,1.5228571428572195,0.07614285714286098,,M5_LATEST_CONFIRMED_OPPOSING_SWING_ELSE_CONTROL,True,c5e49ec4113de6f6974d135f63f007953c971d5d4d45e6290a3f0176c441994a,2024-06-11T11:10:00Z,2303.18,2312.44,9c724fa03c4c68bf077b6181d3d2e45e4ce9e5d8f88053e4482973c991bea66c
33a68135c438155c6859f41ef12aa6e2e54d0f3083a9994e9b857d968284e5a2,2305.46,2024-06-11T11:10:00Z,958167c90af463f8b2f831dcd2fc6f44d28e3adf5725cfe0acf157a22da41d5a,2024-06-11T11:10:00Z,2305.52,2297.77,2024-07-01T00:00:00Z,2024-06-11T11:00:00Z,0.0,LONG,1.0,44.645161290323045,CONTROL_V2_FILLED_STOP,2024-06-11T11:10:00Z,CONTROL_NEXT_M1_OPEN,2305.52,True,16a15d6d2d9c9ad9f349706e00915719005acf7407bf925d8536065a2c36d1d7,0.5083870967742006,0.892903225806461,2024_06,0.892903225806461,0.892903225806461,TARGET,2024-06-11T15:14:00Z,TARGET,8ac616ae6c5be980f2569e3a19cf3a255b2f72a434a93e43c391378baa57b924,2024-06-11T15:14:00Z,FIRST_RETEST_FILLED,2024-06-11T11:25:00Z,2024-06-11T11:10:00Z,2305.46,True,False,INITIAL_CONFIRMATION_TARGET,581073cb40ffc87428b9be9ed35d5730ce7666b06f31105cfe8ba2635261038c,7f3c07591432456970dcd0ea4941ded37faf57a5caf02846e506cd7b9aa3cc8b,2297.77,2.2400000000000415,0.11200000000000208,NOT_STRICTLY_CLOSER_THAN_CONTROL,M15_LATEST_CONFIRMED_OPPOSING_SWING_ELSE_CONTROL,False,40f5ef64d5c4e5b68c7ab7697334f0c650ea45cf92b83a0c3956744a5f54dce4,2024-06-11T09:15:00Z,2297.77,2312.44,9c724fa03c4c68bf077b6181d3d2e45e4ce9e5d8f88053e4482973c991bea66c
33a68135c438155c6859f41ef12aa6e2e54d0f3083a9994e9b857d968284e5a2,2305.46,2024-06-11T11:10:00Z,958167c90af463f8b2f831dcd2fc6f44d28e3adf5725cfe0acf157a22da41d5a,2024-06-11T11:10:00Z,2305.52,2297.77,2024-07-01T00:00:00Z,2024-06-11T11:00:00Z,0.0,LONG,1.0,44.645161290323045,CONTROL_V2_FILLED_STOP,2024-06-11T11:10:00Z,CONTROL_NEXT_M1_OPEN,2305.52,True,9cf5ff927e0f9fc2719db34e274b654dc7f5db2f7e7668c03760034a58fea62a,0.5083870967742006,0.892903225806461,2024_06,0.892903225806461,0.892903225806461,TARGET,2024-06-11T15:14:00Z,TARGET,ef9729bfb34ab4582148f66e88b68a5dbaae8722d351896b923c187490142e4f,2024-06-11T15:14:00Z,FIRST_RETEST_FILLED,2024-06-11T11:25:00Z,2024-06-11T11:10:00Z,2305.46,True,False,INITIAL_CONFIRMATION_TARGET,8a9b2f0d445c1b4d95ce9472554cd5b5f31cb03a2badeabc672ff43a5d31c252,7f3c07591432456970dcd0ea4941ded37faf57a5caf02846e506cd7b9aa3cc8b,2297.77,4.390000000000035,0.21950000000000178,NOT_STRICTLY_CLOSER_THAN_CONTROL,H1_SOURCE_SWING_BUFFERED_ELSE_CONTROL,False,7f3c07591432456970dcd0ea4941ded37faf57a5caf02846e506cd7b9aa3cc8b,2024-06-11T11:00:00Z,2297.77,2312.44,9c724fa03c4c68bf077b6181d3d2e45e4ce9e5d8f88053e4482973c991bea66c
33a68135c438155c6859f41ef12aa6e2e54d0f3083a9994e9b857d968284e5a2,2305.46,2024-06-11T11:10:00Z,958167c90af463f8b2f831dcd2fc6f44d28e3adf5725cfe0acf157a22da41d5a,2024-06-11T11:10:00Z,2305.52,2297.77,2024-07-01T00:00:00Z,2024-06-11T11:00:00Z,0.014769075884042082,LONG,1.0,45.383615084525154,CONTROL_V2_FILLED_STOP,2024-06-11T11:10:00Z,M5_BROKEN_CONTROL_FIRST_RETEST,2305.46,True,7adfabe538c2294e7308c6a8d5dfaffe2bbbe2181e0c7dfa4bea6f611fcd084d,0.5045513654096335,0.9076723016905031,2024_06,0.9076723016905031,0.892903225806461,TARGET,2024-06-11T15:14:00Z,TARGET,a3d7fcb9be614f9d73ae1dbb37b3e31da8ea16987be2c5729ef18807d34fdc0b,2024-06-11T15:14:00Z,FIRST_RETEST_FILLED,2024-06-11T11:25:00Z,2024-06-11T11:10:00Z,2305.46,True,True,INITIAL_CONFIRMATION_TARGET,e3763c82ea73cf66530f33ed4e7ee006ca236c97247fb4002488f882842cc5e0,7f3c07591432456970dcd0ea4941ded37faf57a5caf02846e506cd7b9aa3cc8b,2297.77,,,,CONTROL_V2_FILLED_STOP,False,,2024-06-11T11:10:00Z,2297.77,2312.44,9c724fa03c4c68bf077b6181d3d2e45e4ce9e5d8f88053e4482973c991bea66c
33a68135c438155c6859f41ef12aa6e2e54d0f3083a9994e9b857d968284e5a2,2305.46,2024-06-11T11:10:00Z,958167c90af463f8b2f831dcd2fc6f44d28e3adf5725cfe0acf157a22da41d5a,2024-06-11T11:10:00Z,2305.52,2297.77,2024-07-01T00:00:00Z,2024-06-11T11:00:00Z,-1.892903225806461,LONG,0.3117603686635947,-50.0,M5_LATEST_CONFIRMED_OPPOSING_SWING_ELSE_CONTROL,2024-06-11T11:10:00Z,M5_BROKEN_CONTROL_FIRST_RETEST,2305.46,True,1ffa3d63ae0364d9b331dc323c48c687e5527e8b86ea5bfc95956274aaae6c9a,1.0016370581459102,0.9804159340325734,2024_06,-1.0,0.892903225806461,TARGET,2024-06-11T15:14:00Z,STOP,6a43af23ce458914e3c4d735576e3f65d20ec83e5f1a26dfee35894676704cb3,2024-06-11T12:28:00Z,FIRST_RETEST_FILLED,2024-06-11T11:25:00Z,2024-06-11T11:10:00Z,2305.46,True,True,INITIAL_CONFIRMATION_TARGET,b2abb8459476192960fcec949885302a4036429c0f8c1b4d8dbe46d579f784c5,7f3c07591432456970dcd0ea4941ded37faf57a5caf02846e506cd7b9aa3cc8b,2303.103857142857,1.5228571428572195,0.07614285714286098,,M5_LATEST_CONFIRMED_OPPOSING_SWING_ELSE_CONTROL,True,c5e49ec4113de6f6974d135f63f007953c971d5d4d45e6290a3f0176c441994a,2024-06-11T11:10:00Z,2303.18,2312.44,9c724fa03c4c68bf077b6181d3d2e45e4ce9e5d8f88053e4482973c991bea66c
33a68135c438155c6859f41ef12aa6e2e54d0f3083a9994e9b857d968284e5a2,2305.46,2024-06-11T11:10:00Z,958167c90af463f8b2f831dcd2fc6f44d28e3adf5725cfe0acf157a22da41d5a,2024-06-11T11:10:00Z,2305.52,2297.77,2024-07-01T00:00:00Z,2024-06-11T11:00:00Z,0.014769075884042082,LONG,1.0,45.383615084525154,CONTROL_V2_FILLED_STOP,2024-06-11T11:10:00Z,M5_BROKEN_CONTROL_FIRST_RETEST,2305.46,True,16a15d6d2d9c9ad9f349706e00915719005acf7407bf925d8536065a2c36d1d7,0.5045513654096335,0.9076723016905031,2024_06,0.9076723016905031,0.892903225806461,TARGET,2024-06-11T15:14:00Z,TARGET,f3c505e8da4ff42474c961669f0a5d014a4341399242cd3a171ce06a5678499a,2024-06-11T15:14:00Z,FIRST_RETEST_FILLED,2024-06-11T11:25:00Z,2024-06-11T11:10:00Z,2305.46,True,True,INITIAL_CONFIRMATION_TARGET,6411b5d50330d47a50e946b3ef69dc0e595884ec1520987b7fc5c44319dc9593,7f3c07591432456970dcd0ea4941ded37faf57a5caf02846e506cd7b9aa3cc8b,2297.77,2.2400000000000415,0.11200000000000208,NOT_STRICTLY_CLOSER_THAN_CONTROL,M15_LATEST_CONFIRMED_OPPOSING_SWING_ELSE_CONTROL,False,40f5ef64d5c4e5b68c7ab7697334f0c650ea45cf92b83a0c3956744a5f54dce4,2024-06-11T09:15:00Z,2297.77,2312.44,9c724fa03c4c68bf077b6181d3d2e45e4ce9e5d8f88053e4482973c991bea66c
33a68135c438155c6859f41ef12aa6e2e54d0f3083a9994e9b857d968284e5a2,2305.46,2024-06-11T11:10:00Z,958167c90af463f8b2f831dcd2fc6f44d28e3adf5725cfe0acf157a22da41d5a,2024-06-11T11:10:00Z,2305.52,2297.77,2024-07-01T00:00:00Z,2024-06-11T11:00:00Z,0.014769075884042082,LONG,1.0,45.383615084525154,CONTROL_V2_FILLED_STOP,2024-06-11T11:10:00Z,M5_BROKEN_CONTROL_FIRST_RETEST,2305.46,True,9cf5ff927e0f9fc2719db34e274b654dc7f5db2f7e7668c03760034a58fea62a,0.5045513654096335,0.9076723016905031,2024_06,0.9076723016905031,0.892903225806461,TARGET,2024-06-11T15:14:00Z,TARGET,db59b7c5f48c2a365063531f294bd3cf6a5ac6b95783cd70348d0c66cc94eb06,2024-06-11T15:14:00Z,FIRST_RETEST_FILLED,2024-06-11T11:25:00Z,2024-06-11T11:10:00Z,2305.46,True,True,INITIAL_CONFIRMATION_TARGET,a53d5ce4297810a1eb9e51fece87aaec167bc85c570bc23409f4b622002427bd,7f3c07591432456970dcd0ea4941ded37faf57a5caf02846e506cd7b9aa3cc8b,2297.77,4.390000000000035,0.21950000000000178,NOT_STRICTLY_CLOSER_THAN_CONTROL,H1_SOURCE_SWING_BUFFERED_ELSE_CONTROL,False,7f3c07591432456970dcd0ea4941ded37faf57a5caf02846e506cd7b9aa3cc8b,2024-06-11T11:00:00Z,2297.77,2312.44,9c724fa03c4c68bf077b6181d3d2e45e4ce9e5d8f88053e4482973c991bea66c
33a68135c438155c6859f41ef12aa6e2e54d0f3083a9994e9b857d968284e5a2,2305.46,2024-06-11T11:10:00Z,958167c90af463f8b2f831dcd2fc6f44d28e3adf5725cfe0acf157a22da41d5a,2024-06-11T11:10:00Z,2305.52,2297.77,2024-07-01T00:00:00Z,2024-06-11T11:00:00Z,0.01107680691303159,LONG,1.0,45.199001635974625,CONTROL_V2_FILLED_STOP,2024-06-11T11:10:00Z,CONFIRMED_25_75_RETEST_SPLIT,2305.52,True,7adfabe538c2294e7308c6a8d5dfaffe2bbbe2181e0c7dfa4bea6f611fcd084d,0.5055102982507753,0.9039800327194926,2024_06,0.9039800327194926,0.892903225806461,TARGET,2024-06-11T15:14:00Z,SPLIT_TARGET_TARGET,b9f034b799c12e7e6873c34fe1828a9ffa6b6167c3bcabda491a7b8bcdacc358,2024-06-11T15:14:00Z,FIRST_RETEST_FILLED,2024-06-11T11:25:00Z,2024-06-11T11:10:00Z,2305.46,True,True,INITIAL_CONFIRMATION_TARGET,5ba51bc5d05c3c9929e6bc0d6a764d5852088d2b8e387f2e5e1b68d08f8294c6,7f3c07591432456970dcd0ea4941ded37faf57a5caf02846e506cd7b9aa3cc8b,2297.77,,,,CONTROL_V2_FILLED_STOP,False,,2024-06-11T11:10:00Z,2297.77,2312.44,9c724fa03c4c68bf077b6181d3d2e45e4ce9e5d8f88053e4482973c991bea66c
33a68135c438155c6859f41ef12aa6e2e54d0f3083a9994e9b857d968284e5a2,2305.46,2024-06-11T11:10:00Z,958167c90af463f8b2f831dcd2fc6f44d28e3adf5725cfe0acf157a22da41d5a,2024-06-11T11:10:00Z,2305.52,2297.77,2024-07-01T00:00:00Z,2024-06-11T11:00:00Z,-1.892903225806461,LONG,0.3117603686635947,-50.0,M5_LATEST_CONFIRMED_OPPOSING_SWING_ELSE_CONTROL,2024-06-11T11:10:00Z,CONFIRMED_25_75_RETEST_SPLIT,2305.52,True,1ffa3d63ae0364d9b331dc323c48c687e5527e8b86ea5bfc95956274aaae6c9a,1.001626894892477,0.9681210322958484,2024_06,-1.0,0.892903225806461,TARGET,2024-06-11T15:14:00Z,SPLIT_STOP_STOP,0b82d81a2235f21bce1e7d84953ae7f61834dab067dadce26d40d7e59c0e52e6,2024-06-11T12:28:00Z,FIRST_RETEST_FILLED,2024-06-11T11:25:00Z,2024-06-11T11:10:00Z,2305.46,True,True,INITIAL_CONFIRMATION_TARGET,b6c96cb5d2ffc7ad408c7a8f695f9ddcc16de1c02339718766aa66f134de7200,7f3c07591432456970dcd0ea4941ded37faf57a5caf02846e506cd7b9aa3cc8b,2303.103857142857,1.5228571428572195,0.07614285714286098,,M5_LATEST_CONFIRMED_OPPOSING_SWING_ELSE_CONTROL,True,c5e49ec4113de6f6974d135f63f007953c971d5d4d45e6290a3f0176c441994a,2024-06-11T11:10:00Z,2303.18,2312.44,9c724fa03c4c68bf077b6181d3d2e45e4ce9e5d8f88053e4482973c991bea66c
33a68135c438155c6859f41ef12aa6e2e54d0f3083a9994e9b857d968284e5a2,2305.46,2024-06-11T11:10:00Z,958167c90af463f8b2f831dcd2fc6f44d28e3adf5725cfe0acf157a22da41d5a,2024-06-11T11:10:00Z,2305.52,2297.77,2024-07-01T00:00:00Z,2024-06-11T11:00:00Z,0.01107680691303159,LONG,1.0,45.199001635974625,CONTROL_V2_FILLED_STOP,2024-06-11T11:10:00Z,CONFIRMED_25_75_RETEST_SPLIT,2305.52,True,16a15d6d2d9c9ad9f349706e00915719005acf7407bf925d8536065a2c36d1d7,0.5055102982507753,0.9039800327194926,2024_06,0.9039800327194926,0.892903225806461,TARGET,2024-06-11T15:14:00Z,SPLIT_TARGET_TARGET,ce002496e0c02133f21b9348e9e248e66b886262560a3e79657f32997eff45b3,2024-06-11T15:14:00Z,FIRST_RETEST_FILLED,2024-06-11T11:25:00Z,2024-06-11T11:10:00Z,2305.46,True,True,INITIAL_CONFIRMATION_TARGET,d5451670a2bf055c1f64f521d4bedf911827dcdc2c22f9510faf89654b571266,7f3c07591432456970dcd0ea4941ded37faf57a5caf02846e506cd7b9aa3cc8b,2297.77,2.2400000000000415,0.11200000000000208,NOT_STRICTLY_CLOSER_THAN_CONTROL,M15_LATEST_CONFIRMED_OPPOSING_SWING_ELSE_CONTROL,False,40f5ef64d5c4e5b68c7ab7697334f0c650ea45cf92b83a0c3956744a5f54dce4,2024-06-11T09:15:00Z,2297.77,2312.44,9c724fa03c4c68bf077b6181d3d2e45e4ce9e5d8f88053e4482973c991bea66c
33a68135c438155c6859f41ef12aa6e2e54d0f3083a9994e9b857d968284e5a2,2305.46,2024-06-11T11:10:00Z,958167c90af463f8b2f831dcd2fc6f44d28e3adf5725cfe0acf157a22da41d5a,2024-06-11T11:10:00Z,2305.52,2297.77,2024-07-01T00:00:00Z,2024-06-11T11:00:00Z,0.01107680691303159,LONG,1.0,45.199001635974625,CONTROL_V2_FILLED_STOP,2024-06-11T11:10:00Z,CONFIRMED_25_75_RETEST_SPLIT,2305.52,True,9cf5ff927e0f9fc2719db34e274b654dc7f5db2f7e7668c03760034a58fea62a,0.5055102982507753,0.9039800327194926,2024_06,0.9039800327194926,0.892903225806461,TARGET,2024-06-11T15:14:00Z,SPLIT_TARGET_TARGET,b361e48f0791085a086c7c349d4fc4698ef1fc35dfb7f865feadefdc76ad0a98,2024-06-11T15:14:00Z,FIRST_RETEST_FILLED,2024-06-11T11:25:00Z,2024-06-11T11:10:00Z,2305.46,True,True,INITIAL_CONFIRMATION_TARGET,af5c6708a8abb10eed6aed884e088b7f15dd23bba80742e769f1f27d9df2c673,7f3c07591432456970dcd0ea4941ded37faf57a5caf02846e506cd7b9aa3cc8b,2297.77,4.390000000000035,0.21950000000000178,NOT_STRICTLY_CLOSER_THAN_CONTROL,H1_SOURCE_SWING_BUFFERED_ELSE_CONTROL,False,7f3c07591432456970dcd0ea4941ded37faf57a5caf02846e506cd7b9aa3cc8b,2024-06-11T11:00:00Z,2297.77,2312.44,9c724fa03c4c68bf077b6181d3d2e45e4ce9e5d8f88053e4482973c991bea66c
878ce1d1c5dc4d16a8e17aec8f3ce2370c5f61a40607612cd2e3144fcd6ab6b7,2307.78,2024-06-11T15:05:00Z,f22c1a7adbe12aeb71f473313834e0f1c79c6257edaf53c3169923db27c66fc0,2024-06-11T15:05:00Z,2309.66,2301.58,2024-07-01T00:00:00Z,2024-06-11T15:00:00Z,0.0,LONG,1.0,17.202970297031094,CONTROL_V2_FILLED_STOP,2024-06-11T15:05:00Z,CONTROL_NEXT_M1_OPEN,2309.66,True,f1726a122ed26f276b899bce46945c76b86fee57ab5432d7efc3111162287790,0.051980198019811456,0.3440594059406219,2024_06,0.3440594059406219,0.3440594059406219,TARGET,2024-06-11T15:14:00Z,TARGET,80449d158c42bf7cb7db7af2982156abc4672917872e7319bd829e27abb0d60a,2024-06-11T15:14:00Z,TARGET_BEFORE_RETEST,2024-06-11T15:20:00Z,,2307.78,False,False,INITIAL_CONFIRMATION_TARGET,4d8b37f5cf2e56c6d5290d9b365efa68494b08f845e2ef0ac692ecd5cde29af2,a456a77aed9e8636e1ff5b18c81ac8f213d989bd9e169dd4d55756286fd57048,2301.58,,,,CONTROL_V2_FILLED_STOP,False,,2024-06-11T15:05:00Z,2301.58,2312.44,abf8f0619bd49bd33b2911b3f911326db95d5da50716c74b4d139de67333e413
878ce1d1c5dc4d16a8e17aec8f3ce2370c5f61a40607612cd2e3144fcd6ab6b7,2307.78,2024-06-11T15:05:00Z,f22c1a7adbe12aeb71f473313834e0f1c79c6257edaf53c3169923db27c66fc0,2024-06-11T15:05:00Z,2309.66,2301.58,2024-07-01T00:00:00Z,2024-06-11T15:00:00Z,0.3480978055123831,LONG,0.49708274398869323,34.60786057265025,M5_LATEST_CONFIRMED_OPPOSING_SWING_ELSE_CONTROL,2024-06-11T15:05:00Z,CONTROL_NEXT_M1_OPEN,2309.66,True,8756e8ca954e5560ba77cc4d1468ae5960b58c1a9499a48727f33e5e77f3c138,0.10457051396053653,0.692157211453005,2024_06,0.692157211453005,0.3440594059406219,TARGET,2024-06-11T15:14:00Z,TARGET,ac68751c7316d9d33b157b258eda3ffe8875b4c27e90ba4e0f9c47bc5dee73eb,2024-06-11T15:14:00Z,TARGET_BEFORE_RETEST,2024-06-11T15:20:00Z,,2307.78,False,False,INITIAL_CONFIRMATION_TARGET,e31273432162a270d784bcbfe174827e18e9008f62804f6988e5bb549fd4e35a,a456a77aed9e8636e1ff5b18c81ac8f213d989bd9e169dd4d55756286fd57048,2305.6435714285712,1.328571428571422,0.0664285714285711,,M5_LATEST_CONFIRMED_OPPOSING_SWING_ELSE_CONTROL,True,91cd58d857b1cf6259b066ecedfcf3508d5138034fa4213a1ea1d8f8ea59684b,2024-06-11T14:50:00Z,2305.71,2312.44,abf8f0619bd49bd33b2911b3f911326db95d5da50716c74b4d139de67333e413
878ce1d1c5dc4d16a8e17aec8f3ce2370c5f61a40607612cd2e3144fcd6ab6b7,2307.78,2024-06-11T15:05:00Z,f22c1a7adbe12aeb71f473313834e0f1c79c6257edaf53c3169923db27c66fc0,2024-06-11T15:05:00Z,2309.66,2301.58,2024-07-01T00:00:00Z,2024-06-11T15:00:00Z,0.3138342188133001,LONG,0.5229711810466527,32.8946812376961,M15_LATEST_CONFIRMED_OPPOSING_SWING_ELSE_CONTROL,2024-06-11T15:05:00Z,CONTROL_NEXT_M1_OPEN,2309.66,True,ae871a487e8a455ce326d0d2e16488be41bca5ae216869b2bdc6685c626a5cbc,0.09939400086211339,0.657893624753922,2024_06,0.657893624753922,0.3440594059406219,TARGET,2024-06-11T15:14:00Z,TARGET,6ff5a057646468eb530d6b4b3c1c1cab353bb7caaba8d571c63339cac08701c7,2024-06-11T15:14:00Z,TARGET_BEFORE_RETEST,2024-06-11T15:20:00Z,,2307.78,False,False,INITIAL_CONFIRMATION_TARGET,933092b0dc717b069421d9ef277630f6ec0192568de3021e4d56f32abefed0ed,a456a77aed9e8636e1ff5b18c81ac8f213d989bd9e169dd4d55756286fd57048,2305.434392857143,2.3121428571428493,0.11560714285714246,,M15_LATEST_CONFIRMED_OPPOSING_SWING_ELSE_CONTROL,True,96b77c91927b4b476be60e53a7a83ae4afab2a4f276d9deb424fce9ecc0737f1,2024-06-11T14:45:00Z,2305.55,2312.44,abf8f0619bd49bd33b2911b3f911326db95d5da50716c74b4d139de67333e413
878ce1d1c5dc4d16a8e17aec8f3ce2370c5f61a40607612cd2e3144fcd6ab6b7,2307.78,2024-06-11T15:05:00Z,f22c1a7adbe12aeb71f473313834e0f1c79c6257edaf53c3169923db27c66fc0,2024-06-11T15:05:00Z,2309.66,2301.58,2024-07-01T00:00:00Z,2024-06-11T15:00:00Z,0.0,LONG,1.0,17.202970297031094,CONTROL_V2_FILLED_STOP,2024-06-11T15:05:00Z,CONTROL_NEXT_M1_OPEN,2309.66,True,e4fe40a0d5af384800e43ad872f5ee531af5fbb941570eb974fb26efecad83eb,0.051980198019811456,0.3440594059406219,2024_06,0.3440594059406219,0.3440594059406219,TARGET,2024-06-11T15:14:00Z,TARGET,5e8481a1e5c58cd868eb30a5bec4ae6f69a3a7b6494958928bb7c7f9d1373564,2024-06-11T15:14:00Z,TARGET_BEFORE_RETEST,2024-06-11T15:20:00Z,,2307.78,False,False,INITIAL_CONFIRMATION_TARGET,d9c73e280d16641695a685ed517055d71dc589904f4b3ebef29038389266bd7c,a456a77aed9e8636e1ff5b18c81ac8f213d989bd9e169dd4d55756286fd57048,2301.58,4.392142857142842,0.2196071428571421,NOT_STRICTLY_CLOSER_THAN_CONTROL,H1_SOURCE_SWING_BUFFERED_ELSE_CONTROL,False,a456a77aed9e8636e1ff5b18c81ac8f213d989bd9e169dd4d55756286fd57048,2024-06-11T15:00:00Z,2301.58,2312.44,abf8f0619bd49bd33b2911b3f911326db95d5da50716c74b4d139de67333e413
878ce1d1c5dc4d16a8e17aec8f3ce2370c5f61a40607612cd2e3144fcd6ab6b7,2307.78,2024-06-11T15:05:00Z,f22c1a7adbe12aeb71f473313834e0f1c79c6257edaf53c3169923db27c66fc0,2024-06-11T15:05:00Z,2309.66,2301.58,2024-07-01T00:00:00Z,2024-06-11T15:00:00Z,-0.3440594059406219,LONG,1.0,0.0,CONTROL_V2_FILLED_STOP,,M5_BROKEN_CONTROL_FIRST_RETEST,,False,f1726a122ed26f276b899bce46945c76b86fee57ab5432d7efc3111162287790,,,2024_06,0.0,0.3440594059406219,TARGET,2024-06-11T15:14:00Z,NO_FILL,0e8863638e17523c42b2551fb88bea3184f7182c224426d3074fdf5f9c2d318e,,TARGET_BEFORE_RETEST,2024-06-11T15:20:00Z,,2307.78,False,False,INITIAL_CONFIRMATION_TARGET,d900563f1e895999446be06387571f44342e562b4216fa6193759759c941a30c,a456a77aed9e8636e1ff5b18c81ac8f213d989bd9e169dd4d55756286fd57048,2301.58,,,,CONTROL_V2_FILLED_STOP,False,,2024-06-11T15:05:00Z,2301.58,2312.44,abf8f0619bd49bd33b2911b3f911326db95d5da50716c74b4d139de67333e413
878ce1d1c5dc4d16a8e17aec8f3ce2370c5f61a40607612cd2e3144fcd6ab6b7,2307.78,2024-06-11T15:05:00Z,f22c1a7adbe12aeb71f473313834e0f1c79c6257edaf53c3169923db27c66fc0,2024-06-11T15:05:00Z,2309.66,2301.58,2024-07-01T00:00:00Z,2024-06-11T15:00:00Z,-0.3440594059406219,LONG,0.49708274398869323,0.0,M5_LATEST_CONFIRMED_OPPOSING_SWING_ELSE_CONTROL,,M5_BROKEN_CONTROL_FIRST_RETEST,,False,8756e8ca954e5560ba77cc4d1468ae5960b58c1a9499a48727f33e5e77f3c138,,,2024_06,0.0,0.3440594059406219,TARGET,2024-06-11T15:14:00Z,NO_FILL,a3ee6c9230198c504f5b3d97a1ce0768b923933be60215fb171853b57f98f8bd,,TARGET_BEFORE_RETEST,2024-06-11T15:20:00Z,,2307.78,False,False,INITIAL_CONFIRMATION_TARGET,5f93722861cc49fae69c80b1772ac02327cddda236b4e9d84f6f67592c071363,a456a77aed9e8636e1ff5b18c81ac8f213d989bd9e169dd4d55756286fd57048,2305.6435714285712,1.328571428571422,0.0664285714285711,,M5_LATEST_CONFIRMED_OPPOSING_SWING_ELSE_CONTROL,True,91cd58d857b1cf6259b066ecedfcf3508d5138034fa4213a1ea1d8f8ea59684b,2024-06-11T14:50:00Z,2305.71,2312.44,abf8f0619bd49bd33b2911b3f911326db95d5da50716c74b4d139de67333e413
878ce1d1c5dc4d16a8e17aec8f3ce2370c5f61a40607612cd2e3144fcd6ab6b7,2307.78,2024-06-11T15:05:00Z,f22c1a7adbe12aeb71f473313834e0f1c79c6257edaf53c3169923db27c66fc0,2024-06-11T15:05:00Z,2309.66,2301.58,2024-07-01T00:00:00Z,2024-06-11T15:00:00Z,-0.3440594059406219,LONG,0.5229711810466527,0.0,M15_LATEST_CONFIRMED_OPPOSING_SWING_ELSE_CONTROL,,M5_BROKEN_CONTROL_FIRST_RETEST,,False,ae871a487e8a455ce326d0d2e16488be41bca5ae216869b2bdc6685c626a5cbc,,,2024_06,0.0,0.3440594059406219,TARGET,2024-06-11T15:14:00Z,NO_FILL,9d0feb8cc871c6a1313e3ecb152ad0f91a595e08b16309a1bac204dbb5b0857e,,TARGET_BEFORE_RETEST,2024-06-11T15:20:00Z,,2307.78,False,False,INITIAL_CONFIRMATION_TARGET,eb767431976882ff7bf49aacdbcafb7760f6d06d2646dd21dc54da29fd54fe00,a456a77aed9e8636e1ff5b18c81ac8f213d989bd9e169dd4d55756286fd57048,2305.434392857143,2.3121428571428493,0.11560714285714246,,M15_LATEST_CONFIRMED_OPPOSING_SWING_ELSE_CONTROL,True,96b77c91927b4b476be60e53a7a83ae4afab2a4f276d9deb424fce9ecc0737f1,2024-06-11T14:45:00Z,2305.55,2312.44,abf8f0619bd49bd33b2911b3f911326db95d5da50716c74b4d139de67333e413
878ce1d1c5dc4d16a8e17aec8f3ce2370c5f61a40607612cd2e3144fcd6ab6b7,2307.78,2024-06-11T15:05:00Z,f22c1a7adbe12aeb71f473313834e0f1c79c6257edaf53c3169923db27c66fc0,2024-06-11T15:05:00Z,2309.66,2301.58,2024-07-01T00:00:00Z,2024-06-11T15:00:00Z,-0.3440594059406219,LONG,1.0,0.0,CONTROL_V2_FILLED_STOP,,M5_BROKEN_CONTROL_FIRST_RETEST,,False,e4fe40a0d5af384800e43ad872f5ee531af5fbb941570eb974fb26efecad83eb,,,2024_06,0.0,0.3440594059406219,TARGET,2024-06-11T15:14:00Z,NO_FILL,22826fbe89bc97b85c4cdbb791001e93e4ffdea2898d078ad5d735969d3d3e3a,,TARGET_BEFORE_RETEST,2024-06-11T15:20:00Z,,2307.78,False,False,INITIAL_CONFIRMATION_TARGET,27e07c36d4c82ce6553e196e6cafa89974c91bf5bc3915e5f50faeb582ce182c,a456a77aed9e8636e1ff5b18c81ac8f213d989bd9e169dd4d55756286fd57048,2301.58,4.392142857142842,0.2196071428571421,NOT_STRICTLY_CLOSER_THAN_CONTROL,H1_SOURCE_SWING_BUFFERED_ELSE_CONTROL,False,a456a77aed9e8636e1ff5b18c81ac8f213d989bd9e169dd4d55756286fd57048,2024-06-11T15:00:00Z,2301.58,2312.44,abf8f0619bd49bd33b2911b3f911326db95d5da50716c74b4d139de67333e413
878ce1d1c5dc4d16a8e17aec8f3ce2370c5f61a40607612cd2e3144fcd6ab6b7,2307.78,2024-06-11T15:05:00Z,f22c1a7adbe12aeb71f473313834e0f1c79c6257edaf53c3169923db27c66fc0,2024-06-11T15:05:00Z,2309.66,2301.58,2024-07-01T00:00:00Z,2024-06-11T15:00:00Z,-0.2580445544554664,LONG,1.0,4.300742574257773,CONTROL_V2_FILLED_STOP,2024-06-11T15:05:00Z,CONFIRMED_25_75_RETEST_SPLIT,2309.66,True,f1726a122ed26f276b899bce46945c76b86fee57ab5432d7efc3111162287790,0.012995049504952864,0.08601485148515547,2024_06,0.08601485148515547,0.3440594059406219,TARGET,2024-06-11T15:14:00Z,SPLIT_CONTROL_TARGET_NO_RETEST,735d386dada5b49197e16366b16fe11f45ccfc812a7537a5101622aa132e15d2,2024-06-11T15:14:00Z,TARGET_BEFORE_RETEST,2024-06-11T15:20:00Z,,2307.78,False,False,INITIAL_CONFIRMATION_TARGET,c4ea93cf94234a675f007e4d81f3dfa606392728cc3024ecb4caadb24b089a0f,a456a77aed9e8636e1ff5b18c81ac8f213d989bd9e169dd4d55756286fd57048,2301.58,,,,CONTROL_V2_FILLED_STOP,False,,2024-06-11T15:05:00Z,2301.58,2312.44,abf8f0619bd49bd33b2911b3f911326db95d5da50716c74b4d139de67333e413
878ce1d1c5dc4d16a8e17aec8f3ce2370c5f61a40607612cd2e3144fcd6ab6b7,2307.78,2024-06-11T15:05:00Z,f22c1a7adbe12aeb71f473313834e0f1c79c6257edaf53c3169923db27c66fc0,2024-06-11T15:05:00Z,2309.66,2301.58,2024-07-01T00:00:00Z,2024-06-11T15:00:00Z,-0.17102010307737064,LONG,0.49708274398869323,8.651965143162563,M5_LATEST_CONFIRMED_OPPOSING_SWING_ELSE_CONTROL,2024-06-11T15:05:00Z,CONFIRMED_25_75_RETEST_SPLIT,2309.66,True,8756e8ca954e5560ba77cc4d1468ae5960b58c1a9499a48727f33e5e77f3c138,0.026142628490134132,0.17303930286325125,2024_06,0.17303930286325125,0.3440594059406219,TARGET,2024-06-11T15:14:00Z,SPLIT_CONTROL_TARGET_NO_RETEST,64fdfdfe7b2f647148ddb83bab440b0d25bb4b70d065dac157b38078366ac6ef,2024-06-11T15:14:00Z,TARGET_BEFORE_RETEST,2024-06-11T15:20:00Z,,2307.78,False,False,INITIAL_CONFIRMATION_TARGET,61e729ad4ce8dc26be256bf0a9ef6b2c58652f9423b12a01141be802421c28e5,a456a77aed9e8636e1ff5b18c81ac8f213d989bd9e169dd4d55756286fd57048,2305.6435714285712,1.328571428571422,0.0664285714285711,,M5_LATEST_CONFIRMED_OPPOSING_SWING_ELSE_CONTROL,True,91cd58d857b1cf6259b066ecedfcf3508d5138034fa4213a1ea1d8f8ea59684b,2024-06-11T14:50:00Z,2305.71,2312.44,abf8f0619bd49bd33b2911b3f911326db95d5da50716c74b4d139de67333e413
878ce1d1c5dc4d16a8e17aec8f3ce2370c5f61a40607612cd2e3144fcd6ab6b7,2307.78,2024-06-11T15:05:00Z,f22c1a7adbe12aeb71f473313834e0f1c79c6257edaf53c3169923db27c66fc0,2024-06-11T15:05:00Z,2309.66,2301.58,2024-07-01T00:00:00Z,2024-06-11T15:00:00Z,-0.1795859997521414,LONG,0.5229711810466527,8.223670309424024,M15_LATEST_CONFIRMED_OPPOSING_SWING_ELSE_CONTROL,2024-06-11T15:05:00Z,CONFIRMED_25_75_RETEST_SPLIT,2309.66,True,ae871a487e8a455ce326d0d2e16488be41bca5ae216869b2bdc6685c626a5cbc,0.024848500215528348,0.1644734061884805,2024_06,0.1644734061884805,0.3440594059406219,TARGET,2024-06-11T15:14:00Z,SPLIT_CONTROL_TARGET_NO_RETEST,17dfbb886069ae1a95ef3f334e2424bb588d0b63c6b11293e8eb40c0a73ee151,2024-06-11T15:14:00Z,TARGET_BEFORE_RETEST,2024-06-11T15:20:00Z,,2307.78,False,False,INITIAL_CONFIRMATION_TARGET,f7b5c281192510feea4c1aae6a1636a582d29bf2ebb413d98f2e45c7a24e9315,a456a77aed9e8636e1ff5b18c81ac8f213d989bd9e169dd4d55756286fd57048,2305.434392857143,2.3121428571428493,0.11560714285714246,,M15_LATEST_CONFIRMED_OPPOSING_SWING_ELSE_CONTROL,True,96b77c91927b4b476be60e53a7a83ae4afab2a4f276d9deb424fce9ecc0737f1,2024-06-11T14:45:00Z,2305.55,2312.44,abf8f0619bd49bd33b2911b3f911326db95d5da50716c74b4d139de67333e413
878ce1d1c5dc4d16a8e17aec8f3ce2370c5f61a40607612cd2e3144fcd6ab6b7,2307.78,2024-06-11T15:05:00Z,f22c1a7adbe12aeb71f473313834e0f1c79c6257edaf53c3169923db27c66fc0,2024-06-11T15:05:00Z,2309.66,2301.58,2024-07-01T00:00:00Z,2024-06-11T15:00:00Z,-0.2580445544554664,LONG,1.0,4.300742574257773,CONTROL_V2_FILLED_STOP,2024-06-11T15:05:00Z,CONFIRMED_25_75_RETEST_SPLIT,2309.66,True,e4fe40a0d5af384800e43ad872f5ee531af5fbb941570eb974fb26efecad83eb,0.012995049504952864,0.08601485148515547,2024_06,0.08601485148515547,0.3440594059406219,TARGET,2024-06-11T15:14:00Z,SPLIT_CONTROL_TARGET_NO_RETEST,7c6023e3a0b6fbbbfe4b6bea5ba5cee72c30373c7f6a353db36266ea324c4809,2024-06-11T15:14:00Z,TARGET_BEFORE_RETEST,2024-06-11T15:20:00Z,,2307.78,False,False,INITIAL_CONFIRMATION_TARGET,e8ff74804f72ac6d019cf22ea31fa7d23ba690942068795deb2f3e56a695c996,a456a77aed9e8636e1ff5b18c81ac8f213d989bd9e169dd4d55756286fd57048,2301.58,4.392142857142842,0.2196071428571421,NOT_STRICTLY_CLOSER_THAN_CONTROL,H1_SOURCE_SWING_BUFFERED_ELSE_CONTROL,False,a456a77aed9e8636e1ff5b18c81ac8f213d989bd9e169dd4d55756286fd57048,2024-06-11T15:00:00Z,2301.58,2312.44,abf8f0619bd49bd33b2911b3f911326db95d5da50716c74b4d139de67333e413
e31ee18698d7296479e72b3e26de66f46a1bbe60fed93876fb825f02bb5b90cb,2313.03,2024-06-11T18:15:00Z,45d5598c4eace427e39f4d0ce83ffa0a11760495a2fb9e0925619bf3b0fe777b,2024-06-11T18:15:00Z,2312.09,2319.97,2024-07-01T00:00:00Z,2024-06-11T18:00:00Z,0.0,SHORT,1.0,-50.0,CONTROL_V2_FILLED_STOP,2024-06-11T18:15:00Z,CONTROL_NEXT_M1_OPEN,2312.09,True,bfb43b32ba4410a69f78efd3460f9dae1382367b98124af171c2eb216f8f9e2c,2.007614213198021,0.7817258883249466,2024_06,-1.0,-1.0,STOP,2024-06-12T15:30:00Z,STOP,2121265758d7aeb28ea418eb12dc80110c467afb0ef21fce852ca7d7590fdf83,2024-06-12T15:30:00Z,FIRST_RETEST_FILLED,2024-06-11T18:30:00Z,2024-06-11T18:20:00Z,2313.03,True,False,INITIAL_CONFIRMATION_STOP,63d6b630c90c153a9271e37024819f5db35c7d7132bede4cde8da528e1c3a4f8,c0e0b54f856760c412ae9851a8553b7da6ef34270b2d0c9c967528076cf777ed,2319.97,,,,CONTROL_V2_FILLED_STOP,False,,2024-06-11T18:15:00Z,2319.97,2301.58,2ba5747bb25d49515c772cfef2a66550410ece5cbf6d693e1b0a92c05b08ba17
e31ee18698d7296479e72b3e26de66f46a1bbe60fed93876fb825f02bb5b90cb,2313.03,2024-06-11T18:15:00Z,45d5598c4eace427e39f4d0ce83ffa0a11760495a2fb9e0925619bf3b0fe777b,2024-06-11T18:15:00Z,2312.09,2319.97,2024-07-01T00:00:00Z,2024-06-11T18:00:00Z,0.0,SHORT,0.7419234952864487,-50.0,M5_LATEST_CONFIRMED_OPPOSING_SWING_ELSE_CONTROL,2024-06-11T18:15:00Z,CONTROL_NEXT_M1_OPEN,2312.09,True,cf4e5ff6e0d060ea37c17a18a008961f97c20b00b34e60d173bab05ea8943e37,2.7059585333969003,1.0536475705262989,2024_06,-1.0,-1.0,STOP,2024-06-12T15:30:00Z,STOP,31f19fb18cac721f1c213184322cd4ed2925bbd4cd36dc7088e804fa86a890fa,2024-06-12T15:30:00Z,FIRST_RETEST_FILLED,2024-06-11T18:30:00Z,2024-06-11T18:20:00Z,2313.03,True,False,INITIAL_CONFIRMATION_STOP,fe9c85f0e5a9a97dbec401af2cb743a2728a398dd88ec37451e48794f669a57b,c0e0b54f856760c412ae9851a8553b7da6ef34270b2d0c9c967528076cf777ed,2317.936357142857,2.327142857142852,0.1163571428571426,,M5_LATEST_CONFIRMED_OPPOSING_SWING_ELSE_CONTROL,True,a27c3fb100098c63eea07698812c2ec635cced06cf82f335ac101312affa7730,2024-06-11T18:00:00Z,2317.82,2301.58,2ba5747bb25d49515c772cfef2a66550410ece5cbf6d693e1b0a92c05b08ba17
e31ee18698d7296479e72b3e26de66f46a1bbe60fed93876fb825f02bb5b90cb,2313.03,2024-06-11T18:15:00Z,45d5598c4eace427e39f4d0ce83ffa0a11760495a2fb9e0925619bf3b0fe777b,2024-06-11T18:15:00Z,2312.09,2319.97,2024-07-01T00:00:00Z,2024-06-11T18:00:00Z,0.0,SHORT,0.6818255982596471,-50.0,M15_LATEST_CONFIRMED_OPPOSING_SWING_ELSE_CONTROL,2024-06-11T18:15:00Z,CONTROL_NEXT_M1_OPEN,2312.09,True,97b7c3f93c6cea3433e273acf2d42fa59905cbc2439258a4fd4def27a74dec76,1.0087876733272185,1.1465188316782093,2024_06,-1.0,-1.0,STOP,2024-06-12T15:30:00Z,STOP,5127e0e9c18ca7d26732a4335943131e0d732a1c18b528136a29ff3babc46b4a,2024-06-12T01:46:00Z,FIRST_RETEST_FILLED,2024-06-11T18:30:00Z,2024-06-11T18:20:00Z,2313.03,True,False,INITIAL_CONFIRMATION_STOP,b625625e8d43857962cba66ad92018186d09258c95b950f8cc62d96db96310d1,c0e0b54f856760c412ae9851a8553b7da6ef34270b2d0c9c967528076cf777ed,2317.462785714286,4.255714285714281,0.21278571428571405,,M15_LATEST_CONFIRMED_OPPOSING_SWING_ELSE_CONTROL,True,d41592cb19f92469bd6572341f283efc97056c26edc5875fa4a858c8196ce83f,2024-06-11T17:45:00Z,2317.25,2301.58,2ba5747bb25d49515c772cfef2a66550410ece5cbf6d693e1b0a92c05b08ba17
e31ee18698d7296479e72b3e26de66f46a1bbe60fed93876fb825f02bb5b90cb,2313.03,2024-06-11T18:15:00Z,45d5598c4eace427e39f4d0ce83ffa0a11760495a2fb9e0925619bf3b0fe777b,2024-06-11T18:15:00Z,2312.09,2319.97,2024-07-01T00:00:00Z,2024-06-11T18:00:00Z,0.0,SHORT,1.0,-50.0,CONTROL_V2_FILLED_STOP,2024-06-11T18:15:00Z,CONTROL_NEXT_M1_OPEN,2312.09,True,8e47b966bbd31dde54e14407ce0d931957db77044ac0851918656d8353fe23e7,2.007614213198021,0.7817258883249466,2024_06,-1.0,-1.0,STOP,2024-06-12T15:30:00Z,STOP,412f7d1c6b506a2ff2101ba8eb0afe1417e682be1a3f31ee43a86f68df449504,2024-06-12T15:30:00Z,FIRST_RETEST_FILLED,2024-06-11T18:30:00Z,2024-06-11T18:20:00Z,2313.03,True,False,INITIAL_CONFIRMATION_STOP,8dfb1484724fe2c7db0c3f407debb90177e6756d9e73872a8a168d8590fcc7f6,c0e0b54f856760c412ae9851a8553b7da6ef34270b2d0c9c967528076cf777ed,2319.97,5.801428571428557,0.29007142857142787,NOT_STRICTLY_CLOSER_THAN_CONTROL,H1_SOURCE_SWING_BUFFERED_ELSE_CONTROL,False,c0e0b54f856760c412ae9851a8553b7da6ef34270b2d0c9c967528076cf777ed,2024-06-11T18:00:00Z,2319.97,2301.58,2ba5747bb25d49515c772cfef2a66550410ece5cbf6d693e1b0a92c05b08ba17
e31ee18698d7296479e72b3e26de66f46a1bbe60fed93876fb825f02bb5b90cb,2313.03,2024-06-11T18:15:00Z,45d5598c4eace427e39f4d0ce83ffa0a11760495a2fb9e0925619bf3b0fe777b,2024-06-11T18:15:00Z,2312.09,2319.97,2024-07-01T00:00:00Z,2024-06-11T18:00:00Z,0.0,SHORT,1.0,-50.0,CONTROL_V2_FILLED_STOP,2024-06-11T18:20:00Z,M5_BROKEN_CONTROL_FIRST_RETEST,2313.03,True,bfb43b32ba4410a69f78efd3460f9dae1382367b98124af171c2eb216f8f9e2c,2.144092219020247,1.023054755043339,2024_06,-1.0,-1.0,STOP,2024-06-12T15:30:00Z,STOP,6901b6a2a33d664f5aaeedb53eae5d6b876d54bf2f3d5f56c664fffcfd8bef33,2024-06-12T15:30:00Z,FIRST_RETEST_FILLED,2024-06-11T18:30:00Z,2024-06-11T18:20:00Z,2313.03,True,True,INITIAL_CONFIRMATION_STOP,73ca52dc6fd793c420e1080713d7edcb65622fcdd8b9fb8971bab380d884bd9f,c0e0b54f856760c412ae9851a8553b7da6ef34270b2d0c9c967528076cf777ed,2319.97,,,,CONTROL_V2_FILLED_STOP,False,,2024-06-11T18:15:00Z,2319.97,2301.58,2ba5747bb25d49515c772cfef2a66550410ece5cbf6d693e1b0a92c05b08ba17
e31ee18698d7296479e72b3e26de66f46a1bbe60fed93876fb825f02bb5b90cb,2313.03,2024-06-11T18:15:00Z,45d5598c4eace427e39f4d0ce83ffa0a11760495a2fb9e0925619bf3b0fe777b,2024-06-11T18:15:00Z,2312.09,2319.97,2024-07-01T00:00:00Z,2024-06-11T18:00:00Z,0.0,SHORT,0.7419234952864487,-50.0,M5_LATEST_CONFIRMED_OPPOSING_SWING_ELSE_CONTROL,2024-06-11T18:20:00Z,M5_BROKEN_CONTROL_FIRST_RETEST,2313.03,True,cf4e5ff6e0d060ea37c17a18a008961f97c20b00b34e60d173bab05ea8943e37,3.032800011646774,1.4471021560950068,2024_06,-1.0,-1.0,STOP,2024-06-12T15:30:00Z,STOP,0200feaea73fe0c5c750ade436abeb5f2a5c25a9bd2d6ab99680a791124f2845,2024-06-12T15:30:00Z,FIRST_RETEST_FILLED,2024-06-11T18:30:00Z,2024-06-11T18:20:00Z,2313.03,True,True,INITIAL_CONFIRMATION_STOP,d1acc36b96e7a5511270f7211f7fb5de6cb7b76e8430ac3194a1ab7418c3d8e3,c0e0b54f856760c412ae9851a8553b7da6ef34270b2d0c9c967528076cf777ed,2317.936357142857,2.327142857142852,0.1163571428571426,,M5_LATEST_CONFIRMED_OPPOSING_SWING_ELSE_CONTROL,True,a27c3fb100098c63eea07698812c2ec635cced06cf82f335ac101312affa7730,2024-06-11T18:00:00Z,2317.82,2301.58,2ba5747bb25d49515c772cfef2a66550410ece5cbf6d693e1b0a92c05b08ba17
e31ee18698d7296479e72b3e26de66f46a1bbe60fed93876fb825f02bb5b90cb,2313.03,2024-06-11T18:15:00Z,45d5598c4eace427e39f4d0ce83ffa0a11760495a2fb9e0925619bf3b0fe777b,2024-06-11T18:15:00Z,2312.09,2319.97,2024-07-01T00:00:00Z,2024-06-11T18:00:00Z,0.0,SHORT,0.6818255982596471,-50.0,M15_LATEST_CONFIRMED_OPPOSING_SWING_ELSE_CONTROL,2024-06-11T18:20:00Z,M5_BROKEN_CONTROL_FIRST_RETEST,2313.03,True,97b7c3f93c6cea3433e273acf2d42fa59905cbc2439258a4fd4def27a74dec76,1.010651154546481,1.601701606535793,2024_06,-1.0,-1.0,STOP,2024-06-12T15:30:00Z,STOP,c3e8b91b284e16a414b20fbf5ab1a5893a16eb31e6a0f6c16b7fb79eccd9c726,2024-06-12T01:46:00Z,FIRST_RETEST_FILLED,2024-06-11T18:30:00Z,2024-06-11T18:20:00Z,2313.03,True,True,INITIAL_CONFIRMATION_STOP,3d25799eb3a145adcef3ed95a19e2547636f613212b4e36eade60b8b013494e2,c0e0b54f856760c412ae9851a8553b7da6ef34270b2d0c9c967528076cf777ed,2317.462785714286,4.255714285714281,0.21278571428571405,,M15_LATEST_CONFIRMED_OPPOSING_SWING_ELSE_CONTROL,True,d41592cb19f92469bd6572341f283efc97056c26edc5875fa4a858c8196ce83f,2024-06-11T17:45:00Z,2317.25,2301.58,2ba5747bb25d49515c772cfef2a66550410ece5cbf6d693e1b0a92c05b08ba17
e31ee18698d7296479e72b3e26de66f46a1bbe60fed93876fb825f02bb5b90cb,2313.03,2024-06-11T18:15:00Z,45d5598c4eace427e39f4d0ce83ffa0a11760495a2fb9e0925619bf3b0fe777b,2024-06-11T18:15:00Z,2312.09,2319.97,2024-07-01T00:00:00Z,2024-06-11T18:00:00Z,0.0,SHORT,1.0,-50.0,CONTROL_V2_FILLED_STOP,2024-06-11T18:20:00Z,M5_BROKEN_CONTROL_FIRST_RETEST,2313.03,True,8e47b966bbd31dde54e14407ce0d931957db77044ac0851918656d8353fe23e7,2.144092219020247,1.023054755043339,2024_06,-1.0,-1.0,STOP,2024-06-12T15:30:00Z,STOP,fbdf38ff76e3622c32e0fd8b4ef6289fb9f5d1d71a86cd7437c3167a0c54215e,2024-06-12T15:30:00Z,FIRST_RETEST_FILLED,2024-06-11T18:30:00Z,2024-06-11T18:20:00Z,2313.03,True,True,INITIAL_CONFIRMATION_STOP,8188b0bdb3808c25b5175548ecf1334d2cdb4c03b42143ccc2414e0038d3daa1,c0e0b54f856760c412ae9851a8553b7da6ef34270b2d0c9c967528076cf777ed,2319.97,5.801428571428557,0.29007142857142787,NOT_STRICTLY_CLOSER_THAN_CONTROL,H1_SOURCE_SWING_BUFFERED_ELSE_CONTROL,False,c0e0b54f856760c412ae9851a8553b7da6ef34270b2d0c9c967528076cf777ed,2024-06-11T18:00:00Z,2319.97,2301.58,2ba5747bb25d49515c772cfef2a66550410ece5cbf6d693e1b0a92c05b08ba17
e31ee18698d7296479e72b3e26de66f46a1bbe60fed93876fb825f02bb5b90cb,2313.03,2024-06-11T18:15:00Z,45d5598c4eace427e39f4d0ce83ffa0a11760495a2fb9e0925619bf3b0fe777b,2024-06-11T18:15:00Z,2312.09,2319.97,2024-07-01T00:00:00Z,2024-06-11T18:00:00Z,0.0,SHORT,1.0,-50.0,CONTROL_V2_FILLED_STOP,2024-06-11T18:15:00Z,CONFIRMED_25_75_RETEST_SPLIT,2312.09,True,bfb43b32ba4410a69f78efd3460f9dae1382367b98124af171c2eb216f8f9e2c,2.1099727175646903,0.962722538363741,2024_06,-1.0,-1.0,STOP,2024-06-12T15:30:00Z,SPLIT_STOP_STOP,624b9723216bb5fbd33fccfe8ded3c1f0dc837d5a848e57dac604eb83ef81a1d,2024-06-12T15:30:00Z,FIRST_RETEST_FILLED,2024-06-11T18:30:00Z,2024-06-11T18:20:00Z,2313.03,True,True,INITIAL_CONFIRMATION_STOP,86064856515d18548344b8d64e257fa56f998f3ec89b0a85cab78aa42722914e,c0e0b54f856760c412ae9851a8553b7da6ef34270b2d0c9c967528076cf777ed,2319.97,,,,CONTROL_V2_FILLED_STOP,False,,2024-06-11T18:15:00Z,2319.97,2301.58,2ba5747bb25d49515c772cfef2a66550410ece5cbf6d693e1b0a92c05b08ba17
e31ee18698d7296479e72b3e26de66f46a1bbe60fed93876fb825f02bb5b90cb,2313.03,2024-06-11T18:15:00Z,45d5598c4eace427e39f4d0ce83ffa0a11760495a2fb9e0925619bf3b0fe777b,2024-06-11T18:15:00Z,2312.09,2319.97,2024-07-01T00:00:00Z,2024-06-11T18:00:00Z,0.0,SHORT,0.7419234952864487,-50.0,M5_LATEST_CONFIRMED_OPPOSING_SWING_ELSE_CONTROL,2024-06-11T18:15:00Z,CONFIRMED_25_75_RETEST_SPLIT,2312.09,True,cf4e5ff6e0d060ea37c17a18a008961f97c20b00b34e60d173bab05ea8943e37,2.951089642084306,1.34873850970283,2024_06,-1.0,-1.0,STOP,2024-06-12T15:30:00Z,SPLIT_STOP_STOP,c2909a7ef02312b972247141715d786777d98b07662d5261263a6956f975494c,2024-06-12T15:30:00Z,FIRST_RETEST_FILLED,2024-06-11T18:30:00Z,2024-06-11T18:20:00Z,2313.03,True,True,INITIAL_CONFIRMATION_STOP,4e13c78466d5633bd338f7e298d718ea34acf840dac63d82799446b3ed31878b,c0e0b54f856760c412ae9851a8553b7da6ef34270b2d0c9c967528076cf777ed,2317.936357142857,2.327142857142852,0.1163571428571426,,M5_LATEST_CONFIRMED_OPPOSING_SWING_ELSE_CONTROL,True,a27c3fb100098c63eea07698812c2ec635cced06cf82f335ac101312affa7730,2024-06-11T18:00:00Z,2317.82,2301.58,2ba5747bb25d49515c772cfef2a66550410ece5cbf6d693e1b0a92c05b08ba17
e31ee18698d7296479e72b3e26de66f46a1bbe60fed93876fb825f02bb5b90cb,2313.03,2024-06-11T18:15:00Z,45d5598c4eace427e39f4d0ce83ffa0a11760495a2fb9e0925619bf3b0fe777b,2024-06-11T18:15:00Z,2312.09,2319.97,2024-07-01T00:00:00Z,2024-06-11T18:00:00Z,0.0,SHORT,0.6818255982596471,-50.0,M15_LATEST_CONFIRMED_OPPOSING_SWING_ELSE_CONTROL,2024-06-11T18:15:00Z,CONFIRMED_25_75_RETEST_SPLIT,2312.09,True,97b7c3f93c6cea3433e273acf2d42fa59905cbc2439258a4fd4def27a74dec76,1.0101852842416654,1.4879059128213972,2024_06,-1.0,-1.0,STOP,2024-06-12T15:30:00Z,SPLIT_STOP_STOP,80b7c985d2826bc93ea395dc1372e9a0c94dfb8d5e37f1287ddaf339cd31e1a5,2024-06-12T01:46:00Z,FIRST_RETEST_FILLED,2024-06-11T18:30:00Z,2024-06-11T18:20:00Z,2313.03,True,True,INITIAL_CONFIRMATION_STOP,e58d2dd03735f23dbbca9471f866c66f3813031f19d29106ffce9c8352898007,c0e0b54f856760c412ae9851a8553b7da6ef34270b2d0c9c967528076cf777ed,2317.462785714286,4.255714285714281,0.21278571428571405,,M15_LATEST_CONFIRMED_OPPOSING_SWING_ELSE_CONTROL,True,d41592cb19f92469bd6572341f283efc97056c26edc5875fa4a858c8196ce83f,2024-06-11T17:45:00Z,2317.25,2301.58,2ba5747bb25d49515c772cfef2a66550410ece5cbf6d693e1b0a92c05b08ba17
e31ee18698d7296479e72b3e26de66f46a1bbe60fed93876fb825f02bb5b90cb,2313.03,2024-06-11T18:15:00Z,45d5598c4eace427e39f4d0ce83ffa0a11760495a2fb9e0925619bf3b0fe777b,2024-06-11T18:15:00Z,2312.09,2319.97,2024-07-01T00:00:00Z,2024-06-11T18:00:00Z,0.0,SHORT,1.0,-50.0,CONTROL_V2_FILLED_STOP,2024-06-11T18:15:00Z,CONFIRMED_25_75_RETEST_SPLIT,2312.09,True,8e47b966bbd31dde54e14407ce0d931957db77044ac0851918656d8353fe23e7,2.1099727175646903,0.962722538363741,2024_06,-1.0,-1.0,STOP,2024-06-12T15:30:00Z,SPLIT_STOP_STOP,3a5108ea1a49f6e1099d7de244fff45fad494204c1ca31fdd1230fc4f105f877,2024-06-12T15:30:00Z,FIRST_RETEST_FILLED,2024-06-11T18:30:00Z,2024-06-11T18:20:00Z,2313.03,True,True,INITIAL_CONFIRMATION_STOP,6cd71ffa23ede4ef51d60641b47658eb14375ec8cf06954136f2bfd029047c68,c0e0b54f856760c412ae9851a8553b7da6ef34270b2d0c9c967528076cf777ed,2319.97,5.801428571428557,0.29007142857142787,NOT_STRICTLY_CLOSER_THAN_CONTROL,H1_SOURCE_SWING_BUFFERED_ELSE_CONTROL,False,c0e0b54f856760c412ae9851a8553b7da6ef34270b2d0c9c967528076cf777ed,2024-06-11T18:00:00Z,2319.97,2301.58,2ba5747bb25d49515c772cfef2a66550410ece5cbf6d693e1b0a92c05b08ba17
8cf5a3189ce0eecc7a29da49d371195381467a2bfb0bafe921ee257bb58a76a6,2315.75,2024-06-11T23:20:00Z,e751b35d7a17b091f71ce3ff624591b339987435614a3eb015355cedcc7d1024,2024-06-11T23:20:00Z,2316.51,2305.93,2024-07-01T00:00:00Z,2024-06-11T22:00:00Z,0.0,LONG,1.0,16.351606805290437,CONTROL_V2_FILLED_STOP,2024-06-11T23:20:00Z,CONTROL_NEXT_M1_OPEN,2316.51,True,ee2c2b67e8b78bbe0e6bc4bdf8736f45cb3dfab66ec71f3c70f5f13bef93c915,0.5491493383743091,1.0775047258978474,2024_06,0.3270321361058088,0.3270321361058088,TARGET,2024-06-12T15:30:00Z,TARGET,e2ae2a9fa4d9cd54f866c2e94756d6e581346afcd7cd9ea598183bde0f147e0f,2024-06-12T15:30:00Z,RETEST_EXPIRED,2024-06-11T23:35:00Z,,2315.75,False,False,INITIAL_CONFIRMATION_TARGET,512b4df83729ded5e207a596cfe32de04e6fb44ed3f9f50f9c88bfa89fe911f8,f521513c7d5ecbaaf448ad24622b2e0c228cb40c6751175c142d76bf6f01c718,2305.93,,,,CONTROL_V2_FILLED_STOP,False,,2024-06-11T23:20:00Z,2305.93,2319.97,bc7fb470018d857a412a1821acf71f2dcbbd509e28087a91fd8760b18556c8d1
8cf5a3189ce0eecc7a29da49d371195381467a2bfb0bafe921ee257bb58a76a6,2315.75,2024-06-11T23:20:00Z,e751b35d7a17b091f71ce3ff624591b339987435614a3eb015355cedcc7d1024,2024-06-11T23:20:00Z,2316.51,2305.93,2024-07-01T00:00:00Z,2024-06-11T22:00:00Z,-1.3270321361058088,LONG,0.16344517958410235,-50.0,M5_LATEST_CONFIRMED_OPPOSING_SWING_ELSE_CONTROL,2024-06-11T23:20:00Z,CONTROL_NEXT_M1_OPEN,2316.51,True,5d77550a8067821e6519dcede95f1849452b30083b7035ffbcedc3c90a84bd85,1.1912678907043865,0.6881596067657612,2024_06,-1.0,0.3270321361058088,TARGET,2024-06-12T15:30:00Z,STOP,323406918dc945e62b4590ffcf72060f52f61bcec22ef81b2fbc46d4c7a050af,2024-06-12T02:39:00Z,RETEST_EXPIRED,2024-06-11T23:35:00Z,,2315.75,False,False,INITIAL_CONFIRMATION_TARGET,c5fc67830b21b4d989dbe69a47c866afc195843a94f75e77d0bf333663252a02,f521513c7d5ecbaaf448ad24622b2e0c228cb40c6751175c142d76bf6f01c718,2314.7807500000004,0.7850000000000169,0.03925000000000085,,M5_LATEST_CONFIRMED_OPPOSING_SWING_ELSE_CONTROL,True,ee1fe1b29eb8180e1819fa396617327c10dbe9f7ed5ebb2ce2d87df5da8d2c0e,2024-06-11T23:15:00Z,2314.82,2319.97,bc7fb470018d857a412a1821acf71f2dcbbd509e28087a91fd8760b18556c8d1
8cf5a3189ce0eecc7a29da49d371195381467a2bfb0bafe921ee257bb58a76a6,2315.75,2024-06-11T23:20:00Z,e751b35d7a17b091f71ce3ff624591b339987435614a3eb015355cedcc7d1024,2024-06-11T23:20:00Z,2316.51,2305.93,2024-07-01T00:00:00Z,2024-06-11T22:00:00Z,-1.3270321361058088,LONG,0.3827876046449084,-50.0,M15_LATEST_CONFIRMED_OPPOSING_SWING_ELSE_CONTROL,2024-06-11T23:20:00Z,CONTROL_NEXT_M1_OPEN,2316.51,True,eca82bd715613e5a97ad961acfff2b696c863ab90857ddfb3a70870123984b8f,1.093856098485809,0.29383493390464777,2024_06,-1.0,0.3270321361058088,TARGET,2024-06-12T15:30:00Z,STOP,a6cd6a120c9f25d7ea21aa39a0a542a56fabc2295c71543864ecf13849e74ba5,2024-06-12T04:05:00Z,RETEST_EXPIRED,2024-06-11T23:35:00Z,,2315.75,False,False,INITIAL_CONFIRMATION_TARGET,8c739f8a71e8708306cdf5204a146a02ee426f7f10f14cc9d523136b816cb565,f521513c7d5ecbaaf448ad24622b2e0c228cb40c6751175c142d76bf6f01c718,2312.460107142857,1.9978571428570961,0.09989285714285481,,M15_LATEST_CONFIRMED_OPPOSING_SWING_ELSE_CONTROL,True,f66efe075818981e8a747fe06514ed20d76b6eee9a7e20b30abc900cbdd69fa6,2024-06-11T23:15:00Z,2312.56,2319.97,bc7fb470018d857a412a1821acf71f2dcbbd509e28087a91fd8760b18556c8d1
8cf5a3189ce0eecc7a29da49d371195381467a2bfb0bafe921ee257bb58a76a6,2315.75,2024-06-11T23:20:00Z,e751b35d7a17b091f71ce3ff624591b339987435614a3eb015355cedcc7d1024,2024-06-11T23:20:00Z,2316.51,2305.93,2024-07-01T00:00:00Z,2024-06-11T22:00:00Z,0.0,LONG,1.0,16.351606805290437,CONTROL_V2_FILLED_STOP,2024-06-11T23:20:00Z,CONTROL_NEXT_M1_OPEN,2316.51,True,c217fb87f2e0900dfe34fa71b616991d86abd6dec724911a736b3d088e65fe5f,0.5491493383743091,1.0775047258978474,2024_06,0.3270321361058088,0.3270321361058088,TARGET,2024-06-12T15:30:00Z,TARGET,c70525f651177935443c3821710b54ae1513215f15390663346f58bd8790a9e1,2024-06-12T15:30:00Z,RETEST_EXPIRED,2024-06-11T23:35:00Z,,2315.75,False,False,INITIAL_CONFIRMATION_TARGET,4f323fcf5f3e2cb517bb2328f29e8bf0d1beb2d19a917f18d92d6121aa877f83,f521513c7d5ecbaaf448ad24622b2e0c228cb40c6751175c142d76bf6f01c718,2305.93,5.649999999999993,0.2824999999999997,NOT_STRICTLY_CLOSER_THAN_CONTROL,H1_SOURCE_SWING_BUFFERED_ELSE_CONTROL,False,f521513c7d5ecbaaf448ad24622b2e0c228cb40c6751175c142d76bf6f01c718,2024-06-11T22:00:00Z,2305.93,2319.97,bc7fb470018d857a412a1821acf71f2dcbbd509e28087a91fd8760b18556c8d1
8cf5a3189ce0eecc7a29da49d371195381467a2bfb0bafe921ee257bb58a76a6,2315.75,2024-06-11T23:20:00Z,e751b35d7a17b091f71ce3ff624591b339987435614a3eb015355cedcc7d1024,2024-06-11T23:20:00Z,2316.51,2305.93,2024-07-01T00:00:00Z,2024-06-11T22:00:00Z,-0.3270321361058088,LONG,1.0,0.0,CONTROL_V2_FILLED_STOP,,M5_BROKEN_CONTROL_FIRST_RETEST,,False,ee2c2b67e8b78bbe0e6bc4bdf8736f45cb3dfab66ec71f3c70f5f13bef93c915,,,2024_06,0.0,0.3270321361058088,TARGET,2024-06-12T15:30:00Z,NO_FILL,c1a471a6bb6a071023090e935b214097eff9163f2b03c13f9bbbf0202d96c4bf,,RETEST_EXPIRED,2024-06-11T23:35:00Z,,2315.75,False,False,INITIAL_CONFIRMATION_TARGET,0e080704d689fdc155f13dd48175616814bc9ed8eaf8d4a870c5ec519c9234f2,f521513c7d5ecbaaf448ad24622b2e0c228cb40c6751175c142d76bf6f01c718,2305.93,,,,CONTROL_V2_FILLED_STOP,False,,2024-06-11T23:20:00Z,2305.93,2319.97,bc7fb470018d857a412a1821acf71f2dcbbd509e28087a91fd8760b18556c8d1
8cf5a3189ce0eecc7a29da49d371195381467a2bfb0bafe921ee257bb58a76a6,2315.75,2024-06-11T23:20:00Z,e751b35d7a17b091f71ce3ff624591b339987435614a3eb015355cedcc7d1024,2024-06-11T23:20:00Z,2316.51,2305.93,2024-07-01T00:00:00Z,2024-06-11T22:00:00Z,-0.3270321361058088,LONG,0.16344517958410235,0.0,M5_LATEST_CONFIRMED_OPPOSING_SWING_ELSE_CONTROL,,M5_BROKEN_CONTROL_FIRST_RETEST,,False,5d77550a8067821e6519dcede95f1849452b30083b7035ffbcedc3c90a84bd85,,,2024_06,0.0,0.3270321361058088,TARGET,2024-06-12T15:30:00Z,NO_FILL,f5058ea1018fca70b0c7cccc1b0af68be02c15bf2a97b33c504e76e47f957709,,RETEST_EXPIRED,2024-06-11T23:35:00Z,,2315.75,False,False,INITIAL_CONFIRMATION_TARGET,a180b3ac7c15327e93217d35d3d1a5c5e991c0e07308e35a23ffbae4141297d9,f521513c7d5ecbaaf448ad24622b2e0c228cb40c6751175c142d76bf6f01c718,2314.7807500000004,0.7850000000000169,0.03925000000000085,,M5_LATEST_CONFIRMED_OPPOSING_SWING_ELSE_CONTROL,True,ee1fe1b29eb8180e1819fa396617327c10dbe9f7ed5ebb2ce2d87df5da8d2c0e,2024-06-11T23:15:00Z,2314.82,2319.97,bc7fb470018d857a412a1821acf71f2dcbbd509e28087a91fd8760b18556c8d1
8cf5a3189ce0eecc7a29da49d371195381467a2bfb0bafe921ee257bb58a76a6,2315.75,2024-06-11T23:20:00Z,e751b35d7a17b091f71ce3ff624591b339987435614a3eb015355cedcc7d1024,2024-06-11T23:20:00Z,2316.51,2305.93,2024-07-01T00:00:00Z,2024-06-11T22:00:00Z,-0.3270321361058088,LONG,0.3827876046449084,0.0,M15_LATEST_CONFIRMED_OPPOSING_SWING_ELSE_CONTROL,,M5_BROKEN_CONTROL_FIRST_RETEST,,False,eca82bd715613e5a97ad961acfff2b696c863ab90857ddfb3a70870123984b8f,,,2024_06,0.0,0.3270321361058088,TARGET,2024-06-12T15:30:00Z,NO_FILL,13a247222cd7a43194d2c337f37971c18d770f22dc37b547c0dc7fe6244f50f8,,RETEST_EXPIRED,2024-06-11T23:35:00Z,,2315.75,False,False,INITIAL_CONFIRMATION_TARGET,d017ea9b6ec2683f855b72e73efcee9f86115167817fc08ed447ccb9a94db608,f521513c7d5ecbaaf448ad24622b2e0c228cb40c6751175c142d76bf6f01c718,2312.460107142857,1.9978571428570961,0.09989285714285481,,M15_LATEST_CONFIRMED_OPPOSING_SWING_ELSE_CONTROL,True,f66efe075818981e8a747fe06514ed20d76b6eee9a7e20b30abc900cbdd69fa6,2024-06-11T23:15:00Z,2312.56,2319.97,bc7fb470018d857a412a1821acf71f2dcbbd509e28087a91fd8760b18556c8d1
8cf5a3189ce0eecc7a29da49d371195381467a2bfb0bafe921ee257bb58a76a6,2315.75,2024-06-11T23:20:00Z,e751b35d7a17b091f71ce3ff624591b339987435614a3eb015355cedcc7d1024,2024-06-11T23:20:00Z,2316.51,2305.93,2024-07-01T00:00:00Z,2024-06-11T22:00:00Z,-0.3270321361058088,LONG,1.0,0.0,CONTROL_V2_FILLED_STOP,,M5_BROKEN_CONTROL_FIRST_RETEST,,False,c217fb87f2e0900dfe34fa71b616991d86abd6dec724911a736b3d088e65fe5f,,,2024_06,0.0,0.3270321361058088,TARGET,2024-06-12T15:30:00Z,NO_FILL,230248c89423c18378eca1d4781b8dfb520c337f199e363dddb12df21ad65e3b,,RETEST_EXPIRED,2024-06-11T23:35:00Z,,2315.75,False,False,INITIAL_CONFIRMATION_TARGET,83299ae8d56450be6a5cc5d5f725087eb08f6f7fe7a978bbabcba11cada6e6c6,f521513c7d5ecbaaf448ad24622b2e0c228cb40c6751175c142d76bf6f01c718,2305.93,5.649999999999993,0.2824999999999997,NOT_STRICTLY_CLOSER_THAN_CONTROL,H1_SOURCE_SWING_BUFFERED_ELSE_CONTROL,False,f521513c7d5ecbaaf448ad24622b2e0c228cb40c6751175c142d76bf6f01c718,2024-06-11T22:00:00Z,2305.93,2319.97,bc7fb470018d857a412a1821acf71f2dcbbd509e28087a91fd8760b18556c8d1
8cf5a3189ce0eecc7a29da49d371195381467a2bfb0bafe921ee257bb58a76a6,2315.75,2024-06-11T23:20:00Z,e751b35d7a17b091f71ce3ff624591b339987435614a3eb015355cedcc7d1024,2024-06-11T23:20:00Z,2316.51,2305.93,2024-07-01T00:00:00Z,2024-06-11T22:00:00Z,-0.24527410207935657,LONG,1.0,4.087901701322609,CONTROL_V2_FILLED_STOP,2024-06-11T23:20:00Z,CONFIRMED_25_75_RETEST_SPLIT,2316.51,True,ee2c2b67e8b78bbe0e6bc4bdf8736f45cb3dfab66ec71f3c70f5f13bef93c915,0.13728733459357728,0.26937618147446185,2024_06,0.0817580340264522,0.3270321361058088,TARGET,2024-06-12T15:30:00Z,SPLIT_CONTROL_TARGET_NO_RETEST,294ce7154a4a5fdc76cb968a065bfa961a796965339dbafb42384d180316ec87,2024-06-12T15:30:00Z,RETEST_EXPIRED,2024-06-11T23:35:00Z,,2315.75,False,False,INITIAL_CONFIRMATION_TARGET,acc2330dd993c6bfa3fecdc58a6c35c70d718267b02d5c4cfce6aa754167e764,f521513c7d5ecbaaf448ad24622b2e0c228cb40c6751175c142d76bf6f01c718,2305.93,,,,CONTROL_V2_FILLED_STOP,False,,2024-06-11T23:20:00Z,2305.93,2319.97,bc7fb470018d857a412a1821acf71f2dcbbd509e28087a91fd8760b18556c8d1
8cf5a3189ce0eecc7a29da49d371195381467a2bfb0bafe921ee257bb58a76a6,2315.75,2024-06-11T23:20:00Z,e751b35d7a17b091f71ce3ff624591b339987435614a3eb015355cedcc7d1024,2024-06-11T23:20:00Z,2316.51,2305.93,2024-07-01T00:00:00Z,2024-06-11T22:00:00Z,-0.5770321361058088,LONG,0.16344517958410235,-12.5,M5_LATEST_CONFIRMED_OPPOSING_SWING_ELSE_CONTROL,2024-06-11T23:20:00Z,CONFIRMED_25_75_RETEST_SPLIT,2316.51,True,5d77550a8067821e6519dcede95f1849452b30083b7035ffbcedc3c90a84bd85,0.29781697267609664,0.1720399016914403,2024_06,-0.25,0.3270321361058088,TARGET,2024-06-12T15:30:00Z,SPLIT_CONTROL_STOP_NO_RETEST,a9eb185f13bc746e515365979fd71aca5fe355cc82027ab06532a33a4d9f4aad,2024-06-12T02:39:00Z,RETEST_EXPIRED,2024-06-11T23:35:00Z,,2315.75,False,False,INITIAL_CONFIRMATION_TARGET,953a7fc9f40e3c9e8d7c0675864af294857be15aa6248091bc45146a77a2c1e6,f521513c7d5ecbaaf448ad24622b2e0c228cb40c6751175c142d76bf6f01c718,2314.7807500000004,0.7850000000000169,0.03925000000000085,,M5_LATEST_CONFIRMED_OPPOSING_SWING_ELSE_CONTROL,True,ee1fe1b29eb8180e1819fa396617327c10dbe9f7ed5ebb2ce2d87df5da8d2c0e,2024-06-11T23:15:00Z,2314.82,2319.97,bc7fb470018d857a412a1821acf71f2dcbbd509e28087a91fd8760b18556c8d1
8cf5a3189ce0eecc7a29da49d371195381467a2bfb0bafe921ee257bb58a76a6,2315.75,2024-06-11T23:20:00Z,e751b35d7a17b091f71ce3ff624591b339987435614a3eb015355cedcc7d1024,2024-06-11T23:20:00Z,2316.51,2305.93,2024-07-01T00:00:00Z,2024-06-11T22:00:00Z,-0.5770321361058088,LONG,0.3827876046449084,-12.5,M15_LATEST_CONFIRMED_OPPOSING_SWING_ELSE_CONTROL,2024-06-11T23:20:00Z,CONFIRMED_25_75_RETEST_SPLIT,2316.51,True,eca82bd715613e5a97ad961acfff2b696c863ab90857ddfb3a70870123984b8f,0.27346402462145225,0.07345873347616194,2024_06,-0.25,0.3270321361058088,TARGET,2024-06-12T15:30:00Z,SPLIT_CONTROL_STOP_NO_RETEST,68309343ca35ef2b1a9261b37d04c74b308ffb2488e1cc28dd8f1cad8bab141a,2024-06-12T04:05:00Z,RETEST_EXPIRED,2024-06-11T23:35:00Z,,2315.75,False,False,INITIAL_CONFIRMATION_TARGET,7139b58d89bce1892f7ba7fc5f96c20c344c0d47878e272f1b6fbce9d307e0c8,f521513c7d5ecbaaf448ad24622b2e0c228cb40c6751175c142d76bf6f01c718,2312.460107142857,1.9978571428570961,0.09989285714285481,,M15_LATEST_CONFIRMED_OPPOSING_SWING_ELSE_CONTROL,True,f66efe075818981e8a747fe06514ed20d76b6eee9a7e20b30abc900cbdd69fa6,2024-06-11T23:15:00Z,2312.56,2319.97,bc7fb470018d857a412a1821acf71f2dcbbd509e28087a91fd8760b18556c8d1
8cf5a3189ce0eecc7a29da49d371195381467a2bfb0bafe921ee257bb58a76a6,2315.75,2024-06-11T23:20:00Z,e751b35d7a17b091f71ce3ff624591b339987435614a3eb015355cedcc7d1024,2024-06-11T23:20:00Z,2316.51,2305.93,2024-07-01T00:00:00Z,2024-06-11T22:00:00Z,-0.24527410207935657,LONG,1.0,4.087901701322609,CONTROL_V2_FILLED_STOP,2024-06-11T23:20:00Z,CONFIRMED_25_75_RETEST_SPLIT,2316.51,True,c217fb87f2e0900dfe34fa71b616991d86abd6dec724911a736b3d088e65fe5f,0.13728733459357728,0.26937618147446185,2024_06,0.0817580340264522,0.3270321361058088,TARGET,2024-06-12T15:30:00Z,SPLIT_CONTROL_TARGET_NO_RETEST,f21fa0391ae9aef23b3b13b8109415d92155b4fd77f584d6437888f7fc316cdd,2024-06-12T15:30:00Z,RETEST_EXPIRED,2024-06-11T23:35:00Z,,2315.75,False,False,INITIAL_CONFIRMATION_TARGET,e13649d4eee79e04b5f7ea900b120ca2b1ec0b0d9f28305eb82f3cef9edb61e5,f521513c7d5ecbaaf448ad24622b2e0c228cb40c6751175c142d76bf6f01c718,2305.93,5.649999999999993,0.2824999999999997,NOT_STRICTLY_CLOSER_THAN_CONTROL,H1_SOURCE_SWING_BUFFERED_ELSE_CONTROL,False,f521513c7d5ecbaaf448ad24622b2e0c228cb40c6751175c142d76bf6f01c718,2024-06-11T22:00:00Z,2305.93,2319.97,bc7fb470018d857a412a1821acf71f2dcbbd509e28087a91fd8760b18556c8d1
2c7d8bf7bf9d4e6136539a79319a1d9eb9a5c0b7b8a0c340e9d113d008bfdc77,2314.52,2024-06-12T04:05:00Z,a9aa59d872e57908562f88450c92a4c233479f7f121fee0a23f6b5bcf120aeb2,2024-06-12T04:05:00Z,2312.89,2317.7,2024-07-01T00:00:00Z,2024-06-12T04:00:00Z,0.0,SHORT,1.0,-50.0,CONTROL_V2_FILLED_STOP,2024-06-12T04:05:00Z,CONTROL_NEXT_M1_OPEN,2312.89,True,28b3b106be53f2628bdc647197ad436a64ffb0e5272d02f74978a5d47970b9fb,1.0166320166320963,0.4553014553014718,2024_06,-1.0,-1.0,STOP,2024-06-12T09:21:00Z,STOP,d75141fdf9dab802c084374e8434dec808cb96322ac6fded43c0c25839ce35e4,2024-06-12T09:21:00Z,RETEST_EXPIRED,2024-06-12T04:20:00Z,,2314.52,False,False,INITIAL_CONFIRMATION_STOP,a59922c50bba9b301d4b2cb508566ad250493de5c0237ad7b29e6697d60c5ee2,6cf3fd9238e2f75f53d1e10eb097437457e4cae6ecfb93a286be937dfb5d46c7,2317.7,,,,CONTROL_V2_FILLED_STOP,False,,2024-06-12T04:05:00Z,2317.7,2305.93,d031a0607107d30fe0e4f4027c410c1910e5f3ba542f6c741e22328776c0f65d
2c7d8bf7bf9d4e6136539a79319a1d9eb9a5c0b7b8a0c340e9d113d008bfdc77,2314.52,2024-06-12T04:05:00Z,a9aa59d872e57908562f88450c92a4c233479f7f121fee0a23f6b5bcf120aeb2,2024-06-12T04:05:00Z,2312.89,2317.7,2024-07-01T00:00:00Z,2024-06-12T04:00:00Z,0.0,SHORT,0.5793139293139692,-50.0,M5_LATEST_CONFIRMED_OPPOSING_SWING_ELSE_CONTROL,2024-06-12T04:05:00Z,CONTROL_NEXT_M1_OPEN,2312.89,True,fbc0a9c9d07c7dc25439443dde07108c7badce10048afe2bb5d6765ed24f1596,1.0156109815179488,0.7859321729768272,2024_06,-1.0,-1.0,STOP,2024-06-12T09:21:00Z,STOP,1b22d132ea40df535fe76509823836707215ff5ba54d074319fa15e747fce90b,2024-06-12T06:22:00Z,RETEST_EXPIRED,2024-06-12T04:20:00Z,,2314.52,False,False,INITIAL_CONFIRMATION_STOP,dd361426f7efe4c3eaee12930b171e206d8246db21e052fde76fcbbfc65981c9,6cf3fd9238e2f75f53d1e10eb097437457e4cae6ecfb93a286be937dfb5d46c7,2315.6765,0.7300000000000507,0.03650000000000254,,M5_LATEST_CONFIRMED_OPPOSING_SWING_ELSE_CONTROL,True,e4a93d5249d963067c2c673e87c7a55193cbaf5733ece9a63f5dda18706fe6d6,2024-06-12T03:50:00Z,2315.64,2305.93,d031a0607107d30fe0e4f4027c410c1910e5f3ba542f6c741e22328776c0f65d
2c7d8bf7bf9d4e6136539a79319a1d9eb9a5c0b7b8a0c340e9d113d008bfdc77,2314.52,2024-06-12T04:05:00Z,a9aa59d872e57908562f88450c92a4c233479f7f121fee0a23f6b5bcf120aeb2,2024-06-12T04:05:00Z,2312.89,2317.7,2024-07-01T00:00:00Z,2024-06-12T04:00:00Z,0.0,SHORT,1.0,-50.0,CONTROL_V2_FILLED_STOP,2024-06-12T04:05:00Z,CONTROL_NEXT_M1_OPEN,2312.89,True,2dfe24cbf9c6b67fb35b3dbe2c3ba20af1db10e1191c25337aecad39dcf15b57,1.0166320166320963,0.4553014553014718,2024_06,-1.0,-1.0,STOP,2024-06-12T09:21:00Z,STOP,37d1070efd1f7206c08770705a156f4cbba360817d2998085436050d8a5b37ae,2024-06-12T09:21:00Z,RETEST_EXPIRED,2024-06-12T04:20:00Z,,2314.52,False,False,INITIAL_CONFIRMATION_STOP,75de54b13bf8eab38783741576353554610c9ee7109bcc48518dc03bea2c2518,6cf3fd9238e2f75f53d1e10eb097437457e4cae6ecfb93a286be937dfb5d46c7,2317.7,1.380714285714248,0.06903571428571241,NOT_STRICTLY_CLOSER_THAN_CONTROL,M15_LATEST_CONFIRMED_OPPOSING_SWING_ELSE_CONTROL,False,4f8b074044d599232753fde0d154625332b1767eb77cd666f9edac9594348505,2024-06-12T02:30:00Z,2317.7,2305.93,d031a0607107d30fe0e4f4027c410c1910e5f3ba542f6c741e22328776c0f65d
2c7d8bf7bf9d4e6136539a79319a1d9eb9a5c0b7b8a0c340e9d113d008bfdc77,2314.52,2024-06-12T04:05:00Z,a9aa59d872e57908562f88450c92a4c233479f7f121fee0a23f6b5bcf120aeb2,2024-06-12T04:05:00Z,2312.89,2317.7,2024-07-01T00:00:00Z,2024-06-12T04:00:00Z,0.0,SHORT,1.0,-50.0,CONTROL_V2_FILLED_STOP,2024-06-12T04:05:00Z,CONTROL_NEXT_M1_OPEN,2312.89,True,f855516416dea465c5fac8a800a4038e48873cd7c1a5b96e9ac6f6a7c8f37152,1.0166320166320963,0.4553014553014718,2024_06,-1.0,-1.0,STOP,2024-06-12T09:21:00Z,STOP,e7efd7a8133be7da387325d287936e38308d2fda3461f9aee32f3dfc9acf7e4f,2024-06-12T09:21:00Z,RETEST_EXPIRED,2024-06-12T04:20:00Z,,2314.52,False,False,INITIAL_CONFIRMATION_STOP,894a195642732f176cc53287620d053d36964610fbcd69705947d1b1af892a7f,6cf3fd9238e2f75f53d1e10eb097437457e4cae6ecfb93a286be937dfb5d46c7,2317.7,5.224999999999942,0.2612499999999971,NOT_STRICTLY_CLOSER_THAN_CONTROL,H1_SOURCE_SWING_BUFFERED_ELSE_CONTROL,False,6cf3fd9238e2f75f53d1e10eb097437457e4cae6ecfb93a286be937dfb5d46c7,2024-06-12T04:00:00Z,2317.7,2305.93,d031a0607107d30fe0e4f4027c410c1910e5f3ba542f6c741e22328776c0f65d
2c7d8bf7bf9d4e6136539a79319a1d9eb9a5c0b7b8a0c340e9d113d008bfdc77,2314.52,2024-06-12T04:05:00Z,a9aa59d872e57908562f88450c92a4c233479f7f121fee0a23f6b5bcf120aeb2,2024-06-12T04:05:00Z,2312.89,2317.7,2024-07-01T00:00:00Z,2024-06-12T04:00:00Z,1.0,SHORT,1.0,0.0,CONTROL_V2_FILLED_STOP,,M5_BROKEN_CONTROL_FIRST_RETEST,,False,28b3b106be53f2628bdc647197ad436a64ffb0e5272d02f74978a5d47970b9fb,,,2024_06,0.0,-1.0,STOP,2024-06-12T09:21:00Z,NO_FILL,3686f0d5564adad661b73fd850f96bf2ebc2cd307300e3585f6ea6212bd3bde4,,RETEST_EXPIRED,2024-06-12T04:20:00Z,,2314.52,False,False,INITIAL_CONFIRMATION_STOP,952adb385e99bb3edef332ede1350e7d2347772b522ae01d8ee4e99e193526d8,6cf3fd9238e2f75f53d1e10eb097437457e4cae6ecfb93a286be937dfb5d46c7,2317.7,,,,CONTROL_V2_FILLED_STOP,False,,2024-06-12T04:05:00Z,2317.7,2305.93,d031a0607107d30fe0e4f4027c410c1910e5f3ba542f6c741e22328776c0f65d
2c7d8bf7bf9d4e6136539a79319a1d9eb9a5c0b7b8a0c340e9d113d008bfdc77,2314.52,2024-06-12T04:05:00Z,a9aa59d872e57908562f88450c92a4c233479f7f121fee0a23f6b5bcf120aeb2,2024-06-12T04:05:00Z,2312.89,2317.7,2024-07-01T00:00:00Z,2024-06-12T04:00:00Z,1.0,SHORT,0.5793139293139692,0.0,M5_LATEST_CONFIRMED_OPPOSING_SWING_ELSE_CONTROL,,M5_BROKEN_CONTROL_FIRST_RETEST,,False,fbc0a9c9d07c7dc25439443dde07108c7badce10048afe2bb5d6765ed24f1596,,,2024_06,0.0,-1.0,STOP,2024-06-12T09:21:00Z,NO_FILL,6b0dc0ff5bf85aae997d6de0fd7c04e39761a195b695781cfdeb8a762124e078,,RETEST_EXPIRED,2024-06-12T04:20:00Z,,2314.52,False,False,INITIAL_CONFIRMATION_STOP,13ebd435fbc3b252bf32487baa7ff9c9085d586214e981cf0145a5c72c19f621,6cf3fd9238e2f75f53d1e10eb097437457e4cae6ecfb93a286be937dfb5d46c7,2315.6765,0.7300000000000507,0.03650000000000254,,M5_LATEST_CONFIRMED_OPPOSING_SWING_ELSE_CONTROL,True,e4a93d5249d963067c2c673e87c7a55193cbaf5733ece9a63f5dda18706fe6d6,2024-06-12T03:50:00Z,2315.64,2305.93,d031a0607107d30fe0e4f4027c410c1910e5f3ba542f6c741e22328776c0f65d
2c7d8bf7bf9d4e6136539a79319a1d9eb9a5c0b7b8a0c340e9d113d008bfdc77,2314.52,2024-06-12T04:05:00Z,a9aa59d872e57908562f88450c92a4c233479f7f121fee0a23f6b5bcf120aeb2,2024-06-12T04:05:00Z,2312.89,2317.7,2024-07-01T00:00:00Z,2024-06-12T04:00:00Z,1.0,SHORT,1.0,0.0,CONTROL_V2_FILLED_STOP,,M5_BROKEN_CONTROL_FIRST_RETEST,,False,2dfe24cbf9c6b67fb35b3dbe2c3ba20af1db10e1191c25337aecad39dcf15b57,,,2024_06,0.0,-1.0,STOP,2024-06-12T09:21:00Z,NO_FILL,7147346ab6eae75c4b568689be0117bbf242db3680351f49305aefb0d44df3ce,,RETEST_EXPIRED,2024-06-12T04:20:00Z,,2314.52,False,False,INITIAL_CONFIRMATION_STOP,1f244a0a2372c0ded8a978b6e1b249777e7d29362c247eab7975c7f33720bc31,6cf3fd9238e2f75f53d1e10eb097437457e4cae6ecfb93a286be937dfb5d46c7,2317.7,1.380714285714248,0.06903571428571241,NOT_STRICTLY_CLOSER_THAN_CONTROL,M15_LATEST_CONFIRMED_OPPOSING_SWING_ELSE_CONTROL,False,4f8b074044d599232753fde0d154625332b1767eb77cd666f9edac9594348505,2024-06-12T02:30:00Z,2317.7,2305.93,d031a0607107d30fe0e4f4027c410c1910e5f3ba542f6c741e22328776c0f65d
2c7d8bf7bf9d4e6136539a79319a1d9eb9a5c0b7b8a0c340e9d113d008bfdc77,2314.52,2024-06-12T04:05:00Z,a9aa59d872e57908562f88450c92a4c233479f7f121fee0a23f6b5bcf120aeb2,2024-06-12T04:05:00Z,2312.89,2317.7,2024-07-01T00:00:00Z,2024-06-12T04:00:00Z,1.0,SHORT,1.0,0.0,CONTROL_V2_FILLED_STOP,,M5_BROKEN_CONTROL_FIRST_RETEST,,False,f855516416dea465c5fac8a800a4038e48873cd7c1a5b96e9ac6f6a7c8f37152,,,2024_06,0.0,-1.0,STOP,2024-06-12T09:21:00Z,NO_FILL,66af66fc630647395f1a916c52ee6886d3dbdbc0e56611e64da6298089c5fedf,,RETEST_EXPIRED,2024-06-12T04:20:00Z,,2314.52,False,False,INITIAL_CONFIRMATION_STOP,a8dce119f8b7ef426cba0a89d2944a602095a19807a51e9d309825a01f46a77a,6cf3fd9238e2f75f53d1e10eb097437457e4cae6ecfb93a286be937dfb5d46c7,2317.7,5.224999999999942,0.2612499999999971,NOT_STRICTLY_CLOSER_THAN_CONTROL,H1_SOURCE_SWING_BUFFERED_ELSE_CONTROL,False,6cf3fd9238e2f75f53d1e10eb097437457e4cae6ecfb93a286be937dfb5d46c7,2024-06-12T04:00:00Z,2317.7,2305.93,d031a0607107d30fe0e4f4027c410c1910e5f3ba542f6c741e22328776c0f65d
2c7d8bf7bf9d4e6136539a79319a1d9eb9a5c0b7b8a0c340e9d113d008bfdc77,2314.52,2024-06-12T04:05:00Z,a9aa59d872e57908562f88450c92a4c233479f7f121fee0a23f6b5bcf120aeb2,2024-06-12T04:05:00Z,2312.89,2317.7,2024-07-01T00:00:00Z,2024-06-12T04:00:00Z,0.75,SHORT,1.0,-12.5,CONTROL_V2_FILLED_STOP,2024-06-12T04:05:00Z,CONFIRMED_25_75_RETEST_SPLIT,2312.89,True,28b3b106be53f2628bdc647197ad436a64ffb0e5272d02f74978a5d47970b9fb,0.2541580041580241,0.11382536382536795,2024_06,-0.25,-1.0,STOP,2024-06-12T09:21:00Z,SPLIT_CONTROL_STOP_NO_RETEST,9a54547fb467584638a9bb21c2ae5aa62f819d8738a598b6f290dc89e88864c7,2024-06-12T09:21:00Z,RETEST_EXPIRED,2024-06-12T04:20:00Z,,2314.52,False,False,INITIAL_CONFIRMATION_STOP,80dcab3ee5aa21fc8e7def2b076ccec877157a353257434db6ed951f8c622319,6cf3fd9238e2f75f53d1e10eb097437457e4cae6ecfb93a286be937dfb5d46c7,2317.7,,,,CONTROL_V2_FILLED_STOP,False,,2024-06-12T04:05:00Z,2317.7,2305.93,d031a0607107d30fe0e4f4027c410c1910e5f3ba542f6c741e22328776c0f65d
2c7d8bf7bf9d4e6136539a79319a1d9eb9a5c0b7b8a0c340e9d113d008bfdc77,2314.52,2024-06-12T04:05:00Z,a9aa59d872e57908562f88450c92a4c233479f7f121fee0a23f6b5bcf120aeb2,2024-06-12T04:05:00Z,2312.89,2317.7,2024-07-01T00:00:00Z,2024-06-12T04:00:00Z,0.75,SHORT,0.5793139293139692,-12.5,M5_LATEST_CONFIRMED_OPPOSING_SWING_ELSE_CONTROL,2024-06-12T04:05:00Z,CONFIRMED_25_75_RETEST_SPLIT,2312.89,True,fbc0a9c9d07c7dc25439443dde07108c7badce10048afe2bb5d6765ed24f1596,0.2539027453794872,0.1964830432442068,2024_06,-0.25,-1.0,STOP,2024-06-12T09:21:00Z,SPLIT_CONTROL_STOP_NO_RETEST,953054f4bdb72192554f3b4fbae45bda7135405523a9bdb859b01f8bc70af434,2024-06-12T06:22:00Z,RETEST_EXPIRED,2024-06-12T04:20:00Z,,2314.52,False,False,INITIAL_CONFIRMATION_STOP,f54042da0ac0358e92db9f4245a9fb66875432dc0a147360bb9fbf85c13eaf84,6cf3fd9238e2f75f53d1e10eb097437457e4cae6ecfb93a286be937dfb5d46c7,2315.6765,0.7300000000000507,0.03650000000000254,,M5_LATEST_CONFIRMED_OPPOSING_SWING_ELSE_CONTROL,True,e4a93d5249d963067c2c673e87c7a55193cbaf5733ece9a63f5dda18706fe6d6,2024-06-12T03:50:00Z,2315.64,2305.93,d031a0607107d30fe0e4f4027c410c1910e5f3ba542f6c741e22328776c0f65d
2c7d8bf7bf9d4e6136539a79319a1d9eb9a5c0b7b8a0c340e9d113d008bfdc77,2314.52,2024-06-12T04:05:00Z,a9aa59d872e57908562f88450c92a4c233479f7f121fee0a23f6b5bcf120aeb2,2024-06-12T04:05:00Z,2312.89,2317.7,2024-07-01T00:00:00Z,2024-06-12T04:00:00Z,0.75,SHORT,1.0,-12.5,CONTROL_V2_FILLED_STOP,2024-06-12T04:05:00Z,CONFIRMED_25_75_RETEST_SPLIT,2312.89,True,2dfe24cbf9c6b67fb35b3dbe2c3ba20af1db10e1191c25337aecad39dcf15b57,0.2541580041580241,0.11382536382536795,2024_06,-0.25,-1.0,STOP,2024-06-12T09:21:00Z,SPLIT_CONTROL_STOP_NO_RETEST,3e48e37a0ee28ab4d8463242ae852d9c0b5800170d5594660c45074db961061f,2024-06-12T09:21:00Z,RETEST_EXPIRED,2024-06-12T04:20:00Z,,2314.52,False,False,INITIAL_CONFIRMATION_STOP,3316566ee8c66729104abb4f815fb007f97246d416f8d4d74d0cd393f95c05c4,6cf3fd9238e2f75f53d1e10eb097437457e4cae6ecfb93a286be937dfb5d46c7,2317.7,1.380714285714248,0.06903571428571241,NOT_STRICTLY_CLOSER_THAN_CONTROL,M15_LATEST_CONFIRMED_OPPOSING_SWING_ELSE_CONTROL,False,4f8b074044d599232753fde0d154625332b1767eb77cd666f9edac9594348505,2024-06-12T02:30:00Z,2317.7,2305.93,d031a0607107d30fe0e4f4027c410c1910e5f3ba542f6c741e22328776c0f65d
2c7d8bf7bf9d4e6136539a79319a1d9eb9a5c0b7b8a0c340e9d113d008bfdc77,2314.52,2024-06-12T04:05:00Z,a9aa59d872e57908562f88450c92a4c233479f7f121fee0a23f6b5bcf120aeb2,2024-06-12T04:05:00Z,2312.89,2317.7,2024-07-01T00:00:00Z,2024-06-12T04:00:00Z,0.75,SHORT,1.0,-12.5,CONTROL_V2_FILLED_STOP,2024-06-12T04:05:00Z,CONFIRMED_25_75_RETEST_SPLIT,2312.89,True,f855516416dea465c5fac8a800a4038e48873cd7c1a5b96e9ac6f6a7c8f37152,0.2541580041580241,0.11382536382536795,2024_06,-0.25,-1.0,STOP,2024-06-12T09:21:00Z,SPLIT_CONTROL_STOP_NO_RETEST,00373342e3a46b1a5088777469e4fefd78cd5778de3d7d318063b95a566552d0,2024-06-12T09:21:00Z,RETEST_EXPIRED,2024-06-12T04:20:00Z,,2314.52,False,False,INITIAL_CONFIRMATION_STOP,6c9883d538cdb0f4491e74c5ef8e0bcfffe0ceff9b73e22d36b817ec754f1881,6cf3fd9238e2f75f53d1e10eb097437457e4cae6ecfb93a286be937dfb5d46c7,2317.7,5.224999999999942,0.2612499999999971,NOT_STRICTLY_CLOSER_THAN_CONTROL,H1_SOURCE_SWING_BUFFERED_ELSE_CONTROL,False,6cf3fd9238e2f75f53d1e10eb097437457e4cae6ecfb93a286be937dfb5d46c7,2024-06-12T04:00:00Z,2317.7,2305.93,d031a0607107d30fe0e4f4027c410c1910e5f3ba542f6c741e22328776c0f65d
197510bfff2d9462d01a44b7d022b936a147771f3732e96a8ff8df674e812018,2313.85,2024-06-12T08:45:00Z,5f788ceadac9b3e88584b0e25bd57e1d68b88d31e21b38a0b3fdef79420eda02,2024-06-12T08:45:00Z,2314.25,2310.7,2024-07-01T00:00:00Z,2024-06-12T08:00:00Z,0.0,LONG,1.0,48.591549295769596,CONTROL_V2_FILLED_STOP,2024-06-12T08:45:00Z,CONTROL_NEXT_M1_OPEN,2314.25,True,c7c37bed9fb1e714c36cd020a126585898979cebd7e7725687e2667d81d86a2f,0.23380281690137597,0.994366197183104,2024_06,0.971830985915392,0.971830985915392,TARGET,2024-06-12T09:21:00Z,TARGET,64be98b4de6ea19db5880c6207261909fa9bc8339939a6e89ece99338782f06c,2024-06-12T09:21:00Z,FIRST_RETEST_FILLED,2024-06-12T09:00:00Z,2024-06-12T08:45:00Z,2313.85,True,False,INITIAL_CONFIRMATION_TARGET,501d8e544f7f3b266c4a671dbdb9cc8efb04d6296f05616638224956ab7c74b2,a9f5798425ee480a433535c0104bb7db4d0c779c23b2d9864b32820568ad5839,2310.7,,,,CONTROL_V2_FILLED_STOP,False,,2024-06-12T08:45:00Z,2310.7,2317.7,9552434a37afd62c192c334aec9cb702d5734642dd22571ce26906480f39eef8
197510bfff2d9462d01a44b7d022b936a147771f3732e96a8ff8df674e812018,2313.85,2024-06-12T08:45:00Z,5f788ceadac9b3e88584b0e25bd57e1d68b88d31e21b38a0b3fdef79420eda02,2024-06-12T08:45:00Z,2314.25,2310.7,2024-07-01T00:00:00Z,2024-06-12T08:00:00Z,0.9368072816889907,LONG,0.5091750503017948,95.43191338021913,M5_LATEST_CONFIRMED_OPPOSING_SWING_ELSE_CONTROL,2024-06-12T08:45:00Z,CONTROL_NEXT_M1_OPEN,2314.25,True,b646f4212c162e8e17dcb148430a8f9e7877997e731c5afb13e8ea2338cb323c,0.45917964119176297,1.9528965462736836,2024_06,1.9086382676043827,0.971830985915392,TARGET,2024-06-12T09:21:00Z,TARGET,6c9fd2d7c7e30ee66199c047232d42d8bc18916a1015321aad425a3ab7d14392,2024-06-12T09:21:00Z,FIRST_RETEST_FILLED,2024-06-12T09:00:00Z,2024-06-12T08:45:00Z,2313.85,True,False,INITIAL_CONFIRMATION_TARGET,7d4da18316f2283557f6e19eaf3c0f63e308a9c4a43de64ec21af56c70051668,a9f5798425ee480a433535c0104bb7db4d0c779c23b2d9864b32820568ad5839,2312.4424285714285,0.7514285714285701,0.037571428571428506,,M5_LATEST_CONFIRMED_OPPOSING_SWING_ELSE_CONTROL,True,27a94f7f4b2132605f39b69410ae4da6778f3bf9ce3b5a6a39c092d902ef401d,2024-06-12T08:20:00Z,2312.48,2317.7,9552434a37afd62c192c334aec9cb702d5734642dd22571ce26906480f39eef8
197510bfff2d9462d01a44b7d022b936a147771f3732e96a8ff8df674e812018,2313.85,2024-06-12T08:45:00Z,5f788ceadac9b3e88584b0e25bd57e1d68b88d31e21b38a0b3fdef79420eda02,2024-06-12T08:45:00Z,2314.25,2310.7,2024-07-01T00:00:00Z,2024-06-12T08:00:00Z,0.8856827146900548,LONG,0.5231891348088732,92.87568503027234,M15_LATEST_CONFIRMED_OPPOSING_SWING_ELSE_CONTROL,2024-06-12T08:45:00Z,CONTROL_NEXT_M1_OPEN,2314.25,True,dd596c7318787845706b6dba36d2ebc6f6d04a6a32f174f8ff4de595340c9e5d,0.44688010768187447,1.9005864820689693,2024_06,1.8575137006054467,0.971830985915392,TARGET,2024-06-12T09:21:00Z,TARGET,e10449da000fdb64b5fb1ff2d9fe92a61679df5df864b70b81b7fd38a5b46d53,2024-06-12T09:21:00Z,FIRST_RETEST_FILLED,2024-06-12T09:00:00Z,2024-06-12T08:45:00Z,2313.85,True,False,INITIAL_CONFIRMATION_TARGET,b55528d9172b6d36b6fd7991ecfbc2547c4c255365cf53845e9d84528a7a80cc,a9f5798425ee480a433535c0104bb7db4d0c779c23b2d9864b32820568ad5839,2312.3926785714284,1.746428571428591,0.08732142857142955,,M15_LATEST_CONFIRMED_OPPOSING_SWING_ELSE_CONTROL,True,a2bc043769fae9a4d6a07533c19604ba261c081da2e8cc332304f9edac72005b,2024-06-12T08:45:00Z,2312.48,2317.7,9552434a37afd62c192c334aec9cb702d5734642dd22571ce26906480f39eef8
197510bfff2d9462d01a44b7d022b936a147771f3732e96a8ff8df674e812018,2313.85,2024-06-12T08:45:00Z,5f788ceadac9b3e88584b0e25bd57e1d68b88d31e21b38a0b3fdef79420eda02,2024-06-12T08:45:00Z,2314.25,2310.7,2024-07-01T00:00:00Z,2024-06-12T08:00:00Z,0.0,LONG,1.0,48.591549295769596,CONTROL_V2_FILLED_STOP,2024-06-12T08:45:00Z,CONTROL_NEXT_M1_OPEN,2314.25,True,1defd126e89c7ea5b8abf023909ad1cef18d3f744ccb75351b0d686166a469f2,0.23380281690137597,0.994366197183104,2024_06,0.971830985915392,0.971830985915392,TARGET,2024-06-12T09:21:00Z,TARGET,72f281792975eed5af2cba2da9dd3b42b6648b0a1da583cde05bdf60870b5dca,2024-06-12T09:21:00Z,FIRST_RETEST_FILLED,2024-06-12T09:00:00Z,2024-06-12T08:45:00Z,2313.85,True,False,INITIAL_CONFIRMATION_TARGET,e115ec24ea0f1f264166469ae063e12148504756c0d74406c38b5126055406a9,a9f5798425ee480a433535c0104bb7db4d0c779c23b2d9864b32820568ad5839,2310.7,4.488571428571439,0.22442857142857198,NOT_STRICTLY_CLOSER_THAN_CONTROL,H1_SOURCE_SWING_BUFFERED_ELSE_CONTROL,False,a9f5798425ee480a433535c0104bb7db4d0c779c23b2d9864b32820568ad5839,2024-06-12T08:00:00Z,2310.7,2317.7,9552434a37afd62c192c334aec9cb702d5734642dd22571ce26906480f39eef8
197510bfff2d9462d01a44b7d022b936a147771f3732e96a8ff8df674e812018,2313.85,2024-06-12T08:45:00Z,5f788ceadac9b3e88584b0e25bd57e1d68b88d31e21b38a0b3fdef79420eda02,2024-06-12T08:45:00Z,2314.25,2310.7,2024-07-01T00:00:00Z,2024-06-12T08:00:00Z,0.2503912363067662,LONG,1.0,61.11111111110791,CONTROL_V2_FILLED_STOP,2024-06-12T08:45:00Z,M5_BROKEN_CONTROL_FIRST_RETEST,2313.85,True,c7c37bed9fb1e714c36cd020a126585898979cebd7e7725687e2667d81d86a2f,0.1365079365078806,1.247619047619104,2024_06,1.2222222222221582,0.971830985915392,TARGET,2024-06-12T09:21:00Z,TARGET,41577676910c92dd60fe2530f62d35f1f37236a6d000e0887f612920246052f0,2024-06-12T09:21:00Z,FIRST_RETEST_FILLED,2024-06-12T09:00:00Z,2024-06-12T08:45:00Z,2313.85,True,True,INITIAL_CONFIRMATION_TARGET,e3b2992034ef4593fdfba0404239b19a7a6196e5c42bd2fa8314446e3d87180e,a9f5798425ee480a433535c0104bb7db4d0c779c23b2d9864b32820568ad5839,2310.7,,,,CONTROL_V2_FILLED_STOP,False,,2024-06-12T08:45:00Z,2310.7,2317.7,9552434a37afd62c192c334aec9cb702d5734642dd22571ce26906480f39eef8
197510bfff2d9462d01a44b7d022b936a147771f3732e96a8ff8df674e812018,2313.85,2024-06-12T08:45:00Z,5f788ceadac9b3e88584b0e25bd57e1d68b88d31e21b38a0b3fdef79420eda02,2024-06-12T08:45:00Z,2314.25,2310.7,2024-07-01T00:00:00Z,2024-06-12T08:00:00Z,1.7633765650843471,LONG,0.5091750503017948,136.76037754998697,M5_LATEST_CONFIRMED_OPPOSING_SWING_ELSE_CONTROL,2024-06-12T08:45:00Z,M5_BROKEN_CONTROL_FIRST_RETEST,2313.85,True,b646f4212c162e8e17dcb148430a8f9e7877997e731c5afb13e8ea2338cb323c,0.30549071348817347,2.792043032579227,2024_06,2.735207550999739,0.971830985915392,TARGET,2024-06-12T09:21:00Z,TARGET,c71df0b6c95733794914bd51b0dd65ec960a70016f08db32af87fb108b8cb88e,2024-06-12T09:21:00Z,FIRST_RETEST_FILLED,2024-06-12T09:00:00Z,2024-06-12T08:45:00Z,2313.85,True,True,INITIAL_CONFIRMATION_TARGET,4cb8cd41b621523f8e4c03c03a537f3cffad96e9ccb2c2aeb6a08af42ad92a5d,a9f5798425ee480a433535c0104bb7db4d0c779c23b2d9864b32820568ad5839,2312.4424285714285,0.7514285714285701,0.037571428571428506,,M5_LATEST_CONFIRMED_OPPOSING_SWING_ELSE_CONTROL,True,27a94f7f4b2132605f39b69410ae4da6778f3bf9ce3b5a6a39c092d902ef401d,2024-06-12T08:20:00Z,2312.48,2317.7,9552434a37afd62c192c334aec9cb702d5734642dd22571ce26906480f39eef8
197510bfff2d9462d01a44b7d022b936a147771f3732e96a8ff8df674e812018,2313.85,2024-06-12T08:45:00Z,5f788ceadac9b3e88584b0e25bd57e1d68b88d31e21b38a0b3fdef79420eda02,2024-06-12T08:45:00Z,2314.25,2310.7,2024-07-01T00:00:00Z,2024-06-12T08:00:00Z,1.6700021227720698,LONG,0.5231891348088732,132.09165543437308,M15_LATEST_CONFIRMED_OPPOSING_SWING_ELSE_CONTROL,2024-06-12T08:45:00Z,M5_BROKEN_CONTROL_FIRST_RETEST,2313.85,True,dd596c7318787845706b6dba36d2ebc6f6d04a6a32f174f8ff4de595340c9e5d,0.2950618796714813,2.696728342114997,2024_06,2.641833108687462,0.971830985915392,TARGET,2024-06-12T09:21:00Z,TARGET,b13123e6f43b45e85f2c748babf39f13e41d086cf6282a4362d88e7f558f84f3,2024-06-12T09:21:00Z,FIRST_RETEST_FILLED,2024-06-12T09:00:00Z,2024-06-12T08:45:00Z,2313.85,True,True,INITIAL_CONFIRMATION_TARGET,97e5cf032c0df998edc7bab369006844e5c6cfb740e966c2a14b7c5c9e68737b,a9f5798425ee480a433535c0104bb7db4d0c779c23b2d9864b32820568ad5839,2312.3926785714284,1.746428571428591,0.08732142857142955,,M15_LATEST_CONFIRMED_OPPOSING_SWING_ELSE_CONTROL,True,a2bc043769fae9a4d6a07533c19604ba261c081da2e8cc332304f9edac72005b,2024-06-12T08:45:00Z,2312.48,2317.7,9552434a37afd62c192c334aec9cb702d5734642dd22571ce26906480f39eef8
197510bfff2d9462d01a44b7d022b936a147771f3732e96a8ff8df674e812018,2313.85,2024-06-12T08:45:00Z,5f788ceadac9b3e88584b0e25bd57e1d68b88d31e21b38a0b3fdef79420eda02,2024-06-12T08:45:00Z,2314.25,2310.7,2024-07-01T00:00:00Z,2024-06-12T08:00:00Z,0.2503912363067662,LONG,1.0,61.11111111110791,CONTROL_V2_FILLED_STOP,2024-06-12T08:45:00Z,M5_BROKEN_CONTROL_FIRST_RETEST,2313.85,True,1defd126e89c7ea5b8abf023909ad1cef18d3f744ccb75351b0d686166a469f2,0.1365079365078806,1.247619047619104,2024_06,1.2222222222221582,0.971830985915392,TARGET,2024-06-12T09:21:00Z,TARGET,02980c17ca8157d8f957b7b5159f3689b13cf13666c19e85f008a2bd7a6fe561,2024-06-12T09:21:00Z,FIRST_RETEST_FILLED,2024-06-12T09:00:00Z,2024-06-12T08:45:00Z,2313.85,True,True,INITIAL_CONFIRMATION_TARGET,232fb41ea39ac269e6160b7e9f09dead22d3bb2b40f10c3af89d74755bdc7860,a9f5798425ee480a433535c0104bb7db4d0c779c23b2d9864b32820568ad5839,2310.7,4.488571428571439,0.22442857142857198,NOT_STRICTLY_CLOSER_THAN_CONTROL,H1_SOURCE_SWING_BUFFERED_ELSE_CONTROL,False,a9f5798425ee480a433535c0104bb7db4d0c779c23b2d9864b32820568ad5839,2024-06-12T08:00:00Z,2310.7,2317.7,9552434a37afd62c192c334aec9cb702d5734642dd22571ce26906480f39eef8
197510bfff2d9462d01a44b7d022b936a147771f3732e96a8ff8df674e812018,2313.85,2024-06-12T08:45:00Z,5f788ceadac9b3e88584b0e25bd57e1d68b88d31e21b38a0b3fdef79420eda02,2024-06-12T08:45:00Z,2314.25,2310.7,2024-07-01T00:00:00Z,2024-06-12T08:00:00Z,0.18779342723007453,LONG,1.0,57.981220657273326,CONTROL_V2_FILLED_STOP,2024-06-12T08:45:00Z,CONFIRMED_25_75_RETEST_SPLIT,2314.25,True,c7c37bed9fb1e714c36cd020a126585898979cebd7e7725687e2667d81d86a2f,0.16083165660625443,1.1843058350101041,2024_06,1.1596244131454665,0.971830985915392,TARGET,2024-06-12T09:21:00Z,SPLIT_TARGET_TARGET,068bffedabe4ed262fcb8d1c218f8a5202dd094e4a10fe598b89fbcba1792fcb,2024-06-12T09:21:00Z,FIRST_RETEST_FILLED,2024-06-12T09:00:00Z,2024-06-12T08:45:00Z,2313.85,True,True,INITIAL_CONFIRMATION_TARGET,7f6e6175a4aebeccd8874c08055f87e68bfd9d444d524330abed86f0cebf1b91,a9f5798425ee480a433535c0104bb7db4d0c779c23b2d9864b32820568ad5839,2310.7,,,,CONTROL_V2_FILLED_STOP,False,,2024-06-12T08:45:00Z,2310.7,2317.7,9552434a37afd62c192c334aec9cb702d5734642dd22571ce26906480f39eef8
197510bfff2d9462d01a44b7d022b936a147771f3732e96a8ff8df674e812018,2313.85,2024-06-12T08:45:00Z,5f788ceadac9b3e88584b0e25bd57e1d68b88d31e21b38a0b3fdef79420eda02,2024-06-12T08:45:00Z,2314.25,2310.7,2024-07-01T00:00:00Z,2024-06-12T08:00:00Z,1.556734244235508,LONG,0.5091750503017948,126.428261507545,M5_LATEST_CONFIRMED_OPPOSING_SWING_ELSE_CONTROL,2024-06-12T08:45:00Z,CONFIRMED_25_75_RETEST_SPLIT,2314.25,True,b646f4212c162e8e17dcb148430a8f9e7877997e731c5afb13e8ea2338cb323c,0.34391294541407086,2.582256411002841,2024_06,2.5285652301509,0.971830985915392,TARGET,2024-06-12T09:21:00Z,SPLIT_TARGET_TARGET,553ab2ee6e5e3b10a96323cc520f39217aaf6880a8ae9d7160d53abdcaa0438a,2024-06-12T09:21:00Z,FIRST_RETEST_FILLED,2024-06-12T09:00:00Z,2024-06-12T08:45:00Z,2313.85,True,True,INITIAL_CONFIRMATION_TARGET,ff09307db9d2210bf6766343e5c28808a691df878302cf4fadee6837b12677d9,a9f5798425ee480a433535c0104bb7db4d0c779c23b2d9864b32820568ad5839,2312.4424285714285,0.7514285714285701,0.037571428571428506,,M5_LATEST_CONFIRMED_OPPOSING_SWING_ELSE_CONTROL,True,27a94f7f4b2132605f39b69410ae4da6778f3bf9ce3b5a6a39c092d902ef401d,2024-06-12T08:20:00Z,2312.48,2317.7,9552434a37afd62c192c334aec9cb702d5734642dd22571ce26906480f39eef8
197510bfff2d9462d01a44b7d022b936a147771f3732e96a8ff8df674e812018,2313.85,2024-06-12T08:45:00Z,5f788ceadac9b3e88584b0e25bd57e1d68b88d31e21b38a0b3fdef79420eda02,2024-06-12T08:45:00Z,2314.25,2310.7,2024-07-01T00:00:00Z,2024-06-12T08:00:00Z,1.4739222707515662,LONG,0.5231891348088732,122.28766283334791,M15_LATEST_CONFIRMED_OPPOSING_SWING_ELSE_CONTROL,2024-06-12T08:45:00Z,CONFIRMED_25_75_RETEST_SPLIT,2314.25,True,dd596c7318787845706b6dba36d2ebc6f6d04a6a32f174f8ff4de595340c9e5d,0.3330164366740796,2.49769287710349,2024_06,2.445753256666958,0.971830985915392,TARGET,2024-06-12T09:21:00Z,SPLIT_TARGET_TARGET,e0c3fcf481541f357d100cc8666fa0b404abdd12dc70b6e8d42afb30f9c061c8,2024-06-12T09:21:00Z,FIRST_RETEST_FILLED,2024-06-12T09:00:00Z,2024-06-12T08:45:00Z,2313.85,True,True,INITIAL_CONFIRMATION_TARGET,9d70cdb09e7f0bad545b657e0edd600df87d3bbbff00337996f13d32ac13b5e7,a9f5798425ee480a433535c0104bb7db4d0c779c23b2d9864b32820568ad5839,2312.3926785714284,1.746428571428591,0.08732142857142955,,M15_LATEST_CONFIRMED_OPPOSING_SWING_ELSE_CONTROL,True,a2bc043769fae9a4d6a07533c19604ba261c081da2e8cc332304f9edac72005b,2024-06-12T08:45:00Z,2312.48,2317.7,9552434a37afd62c192c334aec9cb702d5734642dd22571ce26906480f39eef8
197510bfff2d9462d01a44b7d022b936a147771f3732e96a8ff8df674e812018,2313.85,2024-06-12T08:45:00Z,5f788ceadac9b3e88584b0e25bd57e1d68b88d31e21b38a0b3fdef79420eda02,2024-06-12T08:45:00Z,2314.25,2310.7,2024-07-01T00:00:00Z,2024-06-12T08:00:00Z,0.18779342723007453,LONG,1.0,57.981220657273326,CONTROL_V2_FILLED_STOP,2024-06-12T08:45:00Z,CONFIRMED_25_75_RETEST_SPLIT,2314.25,True,1defd126e89c7ea5b8abf023909ad1cef18d3f744ccb75351b0d686166a469f2,0.16083165660625443,1.1843058350101041,2024_06,1.1596244131454665,0.971830985915392,TARGET,2024-06-12T09:21:00Z,SPLIT_TARGET_TARGET,0e30d7aa0d302c15b182563ac29beaab3fb2d904a2074dc42fdfc3b85a937ec0,2024-06-12T09:21:00Z,FIRST_RETEST_FILLED,2024-06-12T09:00:00Z,2024-06-12T08:45:00Z,2313.85,True,True,INITIAL_CONFIRMATION_TARGET,f3fbce2647db8b79320a1e52f65b4ddf909d275f603a08349c726eb9cdef0029,a9f5798425ee480a433535c0104bb7db4d0c779c23b2d9864b32820568ad5839,2310.7,4.488571428571439,0.22442857142857198,NOT_STRICTLY_CLOSER_THAN_CONTROL,H1_SOURCE_SWING_BUFFERED_ELSE_CONTROL,False,a9f5798425ee480a433535c0104bb7db4d0c779c23b2d9864b32820568ad5839,2024-06-12T08:00:00Z,2310.7,2317.7,9552434a37afd62c192c334aec9cb702d5734642dd22571ce26906480f39eef8
701f0e2943fd07bdb3814375398d01cc8b266959870c2b23f4894ad2224aa738,2312.56,2024-06-12T10:25:00Z,e84ab76d9e56dbd0419f6daa222bff1d797b5c2411cd904e479a41e7422a2c5a,2024-06-12T10:25:00Z,2312.39,2317.8,2024-07-01T00:00:00Z,2024-06-12T09:00:00Z,0.0,SHORT,1.0,-50.0,CONTROL_V2_FILLED_STOP,2024-06-12T10:25:00Z,CONTROL_NEXT_M1_OPEN,2312.39,True,dc94433917dbf681a6989710531b91eef7e1b829f3594e66b987c69a033f50e7,2.8687615526800543,0.2809611829944353,2024_06,-1.0,-1.0,STOP,2024-06-12T15:30:00Z,STOP,b635f4a512c74ebab45a34232db4ff707fd5775652325a0a77a8640d28fa8cb7,2024-06-12T15:30:00Z,FIRST_RETEST_FILLED,2024-06-12T10:40:00Z,2024-06-12T10:25:00Z,2312.56,True,False,RECLAIM_CONFIRMATION_STOP,222205eea40ad42cb56ab3e6d96fb8dc3acdf7bb26f6e8fb5802ce95c36e9e6a,5652453e571ec6808a0e442d0eb541c9f5dda53f26eac57e035c061cf2e64e97,2317.8,,,,CONTROL_V2_FILLED_STOP,False,,2024-06-12T10:25:00Z,2317.8,2310.7,88f8a88ca959959fb93eefde7335b53b163f8b18a40a26b2b8f0ca05bd6d4fa7
701f0e2943fd07bdb3814375398d01cc8b266959870c2b23f4894ad2224aa738,2312.56,2024-06-12T10:25:00Z,e84ab76d9e56dbd0419f6daa222bff1d797b5c2411cd904e479a41e7422a2c5a,2024-06-12T10:25:00Z,2312.39,2317.8,2024-07-01T00:00:00Z,2024-06-12T09:00:00Z,0.0,SHORT,1.0,-50.0,CONTROL_V2_FILLED_STOP,2024-06-12T10:25:00Z,CONTROL_NEXT_M1_OPEN,2312.39,True,31b2d2333b36574e03ff6e4aa844abda99bd76cc8d4d0141942173c3ca8f7aa5,2.8687615526800543,0.2809611829944353,2024_06,-1.0,-1.0,STOP,2024-06-12T15:30:00Z,STOP,4c2cb5fab75c08d4e4c9c758aace45da2b76b9cd0e655690ded7e4521261e007,2024-06-12T15:30:00Z,FIRST_RETEST_FILLED,2024-06-12T10:40:00Z,2024-06-12T10:25:00Z,2312.56,True,False,RECLAIM_CONFIRMATION_STOP,4dcab4bbffe7f0c08d85d1c313e36c77e2f2223af4f83f102ea7b93ce7754d3b,5652453e571ec6808a0e442d0eb541c9f5dda53f26eac57e035c061cf2e64e97,2317.8,1.4307142857142676,0.07153571428571338,NOT_STRICTLY_CLOSER_THAN_CONTROL,M5_LATEST_CONFIRMED_OPPOSING_SWING_ELSE_CONTROL,False,29c81f09568d6b164f0570dae8b92e8c98a2981ef1828ea746651d92b6621af9,2024-06-12T10:05:00Z,2317.77,2310.7,88f8a88ca959959fb93eefde7335b53b163f8b18a40a26b2b8f0ca05bd6d4fa7
701f0e2943fd07bdb3814375398d01cc8b266959870c2b23f4894ad2224aa738,2312.56,2024-06-12T10:25:00Z,e84ab76d9e56dbd0419f6daa222bff1d797b5c2411cd904e479a41e7422a2c5a,2024-06-12T10:25:00Z,2312.39,2317.8,2024-07-01T00:00:00Z,2024-06-12T09:00:00Z,0.0,SHORT,1.0,-50.0,CONTROL_V2_FILLED_STOP,2024-06-12T10:25:00Z,CONTROL_NEXT_M1_OPEN,2312.39,True,b71703a952a495477c224038a491006b19e9a8cfc0efb625d960431915c8d381,2.8687615526800543,0.2809611829944353,2024_06,-1.0,-1.0,STOP,2024-06-12T15:30:00Z,STOP,50ff24777232c15c0b521faae89d41d64fb17ede40cea43c0fd45ac609c645a5,2024-06-12T15:30:00Z,FIRST_RETEST_FILLED,2024-06-12T10:40:00Z,2024-06-12T10:25:00Z,2312.56,True,False,RECLAIM_CONFIRMATION_STOP,cecfe8b065eab7d239fe15b26ef55024ba0aec640361f8c8cf73fa1c580a8cea,5652453e571ec6808a0e442d0eb541c9f5dda53f26eac57e035c061cf2e64e97,2317.8,1.6700000000000403,0.08350000000000202,NOT_STRICTLY_CLOSER_THAN_CONTROL,M15_LATEST_CONFIRMED_OPPOSING_SWING_ELSE_CONTROL,False,f4a5ea017b499fc57cf87ca059934d3f944888167b027685b3351215b900a342,2024-06-12T10:00:00Z,2317.78,2310.7,88f8a88ca959959fb93eefde7335b53b163f8b18a40a26b2b8f0ca05bd6d4fa7
701f0e2943fd07bdb3814375398d01cc8b266959870c2b23f4894ad2224aa738,2312.56,2024-06-12T10:25:00Z,e84ab76d9e56dbd0419f6daa222bff1d797b5c2411cd904e479a41e7422a2c5a,2024-06-12T10:25:00Z,2312.39,2317.8,2024-07-01T00:00:00Z,2024-06-12T09:00:00Z,0.0,SHORT,0.8434710852918251,-50.0,H1_SOURCE_SWING_BUFFERED_ELSE_CONTROL,2024-06-12T10:25:00Z,CONTROL_NEXT_M1_OPEN,2312.39,True,3590965c65662ca130be6bb4960f4c7ac7dbb791ee338ad6758730aa3807979a,3.401137991218178,0.33310114346981795,2024_06,-1.0,-1.0,STOP,2024-06-12T15:30:00Z,STOP,eb42b20f8aab7161a31586e56a54ec018e5d277d8a5befabf7c1f5a509ae60cc,2024-06-12T15:30:00Z,FIRST_RETEST_FILLED,2024-06-12T10:40:00Z,2024-06-12T10:25:00Z,2312.56,True,False,RECLAIM_CONFIRMATION_STOP,9eeb57fd32d611cdfbd5a18fae7f89d25134fdc98ec650704f20fd1e37cab755,5652453e571ec6808a0e442d0eb541c9f5dda53f26eac57e035c061cf2e64e97,2316.953178571429,3.8635714285714067,0.19317857142857034,,H1_SOURCE_SWING_BUFFERED_ELSE_CONTROL,True,5652453e571ec6808a0e442d0eb541c9f5dda53f26eac57e035c061cf2e64e97,2024-06-12T09:00:00Z,2316.76,2310.7,88f8a88ca959959fb93eefde7335b53b163f8b18a40a26b2b8f0ca05bd6d4fa7
701f0e2943fd07bdb3814375398d01cc8b266959870c2b23f4894ad2224aa738,2312.56,2024-06-12T10:25:00Z,e84ab76d9e56dbd0419f6daa222bff1d797b5c2411cd904e479a41e7422a2c5a,2024-06-12T10:25:00Z,2312.39,2317.8,2024-07-01T00:00:00Z,2024-06-12T09:00:00Z,0.0,SHORT,1.0,-50.0,CONTROL_V2_FILLED_STOP,2024-06-12T10:25:00Z,M5_BROKEN_CONTROL_FIRST_RETEST,2312.56,True,dc94433917dbf681a6989710531b91eef7e1b829f3594e66b987c69a033f50e7,2.9293893129769497,0.3225190839694615,2024_06,-1.0,-1.0,STOP,2024-06-12T15:30:00Z,STOP,a232b99985140ad51f063e5bfcc31c43e4b65661e2adf71a41a84dbcaf439e60,2024-06-12T15:30:00Z,FIRST_RETEST_FILLED,2024-06-12T10:40:00Z,2024-06-12T10:25:00Z,2312.56,True,True,RECLAIM_CONFIRMATION_STOP,44d991163f61d0348753e7a81d0473bc12c6a39eac890680a70df8d4fca04cea,5652453e571ec6808a0e442d0eb541c9f5dda53f26eac57e035c061cf2e64e97,2317.8,,,,CONTROL_V2_FILLED_STOP,False,,2024-06-12T10:25:00Z,2317.8,2310.7,88f8a88ca959959fb93eefde7335b53b163f8b18a40a26b2b8f0ca05bd6d4fa7
701f0e2943fd07bdb3814375398d01cc8b266959870c2b23f4894ad2224aa738,2312.56,2024-06-12T10:25:00Z,e84ab76d9e56dbd0419f6daa222bff1d797b5c2411cd904e479a41e7422a2c5a,2024-06-12T10:25:00Z,2312.39,2317.8,2024-07-01T00:00:00Z,2024-06-12T09:00:00Z,0.0,SHORT,1.0,-50.0,CONTROL_V2_FILLED_STOP,2024-06-12T10:25:00Z,M5_BROKEN_CONTROL_FIRST_RETEST,2312.56,True,31b2d2333b36574e03ff6e4aa844abda99bd76cc8d4d0141942173c3ca8f7aa5,2.9293893129769497,0.3225190839694615,2024_06,-1.0,-1.0,STOP,2024-06-12T15:30:00Z,STOP,f7427892ffdd36a61ea8a09538ebfd43a7abfbf036bba562fae5cf756da9fcaa,2024-06-12T15:30:00Z,FIRST_RETEST_FILLED,2024-06-12T10:40:00Z,2024-06-12T10:25:00Z,2312.56,True,True,RECLAIM_CONFIRMATION_STOP,c1c02a270a8d03bef01eede5f87aedc788ed077b4aac6f7749434310b62b5ce9,5652453e571ec6808a0e442d0eb541c9f5dda53f26eac57e035c061cf2e64e97,2317.8,1.4307142857142676,0.07153571428571338,NOT_STRICTLY_CLOSER_THAN_CONTROL,M5_LATEST_CONFIRMED_OPPOSING_SWING_ELSE_CONTROL,False,29c81f09568d6b164f0570dae8b92e8c98a2981ef1828ea746651d92b6621af9,2024-06-12T10:05:00Z,2317.77,2310.7,88f8a88ca959959fb93eefde7335b53b163f8b18a40a26b2b8f0ca05bd6d4fa7
701f0e2943fd07bdb3814375398d01cc8b266959870c2b23f4894ad2224aa738,2312.56,2024-06-12T10:25:00Z,e84ab76d9e56dbd0419f6daa222bff1d797b5c2411cd904e479a41e7422a2c5a,2024-06-12T10:25:00Z,2312.39,2317.8,2024-07-01T00:00:00Z,2024-06-12T09:00:00Z,0.0,SHORT,1.0,-50.0,CONTROL_V2_FILLED_STOP,2024-06-12T10:25:00Z,M5_BROKEN_CONTROL_FIRST_RETEST,2312.56,True,b71703a952a495477c224038a491006b19e9a8cfc0efb625d960431915c8d381,2.9293893129769497,0.3225190839694615,2024_06,-1.0,-1.0,STOP,2024-06-12T15:30:00Z,STOP,27eede79ff42ec83f75b50ba954c312d10f80249f0fbaf8c69661a14b42b6a60,2024-06-12T15:30:00Z,FIRST_RETEST_FILLED,2024-06-12T10:40:00Z,2024-06-12T10:25:00Z,2312.56,True,True,RECLAIM_CONFIRMATION_STOP,3cf41278ad2299aad0fc78b9cc535c4f437bd2c3381ffc6390156165d1c37bba,5652453e571ec6808a0e442d0eb541c9f5dda53f26eac57e035c061cf2e64e97,2317.8,1.6700000000000403,0.08350000000000202,NOT_STRICTLY_CLOSER_THAN_CONTROL,M15_LATEST_CONFIRMED_OPPOSING_SWING_ELSE_CONTROL,False,f4a5ea017b499fc57cf87ca059934d3f944888167b027685b3351215b900a342,2024-06-12T10:00:00Z,2317.78,2310.7,88f8a88ca959959fb93eefde7335b53b163f8b18a40a26b2b8f0ca05bd6d4fa7
701f0e2943fd07bdb3814375398d01cc8b266959870c2b23f4894ad2224aa738,2312.56,2024-06-12T10:25:00Z,e84ab76d9e56dbd0419f6daa222bff1d797b5c2411cd904e479a41e7422a2c5a,2024-06-12T10:25:00Z,2312.39,2317.8,2024-07-01T00:00:00Z,2024-06-12T09:00:00Z,0.0,SHORT,0.8434710852918251,-50.0,H1_SOURCE_SWING_BUFFERED_ELSE_CONTROL,2024-06-12T10:25:00Z,M5_BROKEN_CONTROL_FIRST_RETEST,2312.56,True,3590965c65662ca130be6bb4960f4c7ac7dbb791ee338ad6758730aa3807979a,3.49405328065393,0.38468729930328127,2024_06,-1.0,-1.0,STOP,2024-06-12T15:30:00Z,STOP,762901c81b7a2c2455d6c3391722d52658da2564f2d1403efdc974501bca10ff,2024-06-12T15:30:00Z,FIRST_RETEST_FILLED,2024-06-12T10:40:00Z,2024-06-12T10:25:00Z,2312.56,True,True,RECLAIM_CONFIRMATION_STOP,72737234f252b8598f94162f6862f961ed827503d81a08ca4d0211b38f5de331,5652453e571ec6808a0e442d0eb541c9f5dda53f26eac57e035c061cf2e64e97,2316.953178571429,3.8635714285714067,0.19317857142857034,,H1_SOURCE_SWING_BUFFERED_ELSE_CONTROL,True,5652453e571ec6808a0e442d0eb541c9f5dda53f26eac57e035c061cf2e64e97,2024-06-12T09:00:00Z,2316.76,2310.7,88f8a88ca959959fb93eefde7335b53b163f8b18a40a26b2b8f0ca05bd6d4fa7
701f0e2943fd07bdb3814375398d01cc8b266959870c2b23f4894ad2224aa738,2312.56,2024-06-12T10:25:00Z,e84ab76d9e56dbd0419f6daa222bff1d797b5c2411cd904e479a41e7422a2c5a,2024-06-12T10:25:00Z,2312.39,2317.8,2024-07-01T00:00:00Z,2024-06-12T09:00:00Z,0.0,SHORT,1.0,-50.0,CONTROL_V2_FILLED_STOP,2024-06-12T10:25:00Z,CONFIRMED_25_75_RETEST_SPLIT,2312.39,True,dc94433917dbf681a6989710531b91eef7e1b829f3594e66b987c69a033f50e7,2.9142323729027257,0.31212960872570494,2024_06,-1.0,-1.0,STOP,2024-06-12T15:30:00Z,SPLIT_STOP_STOP,3bfdb2ab54987f0db13d923926bd7c6e2de00ef207a9177ef419b1286244d31b,2024-06-12T15:30:00Z,FIRST_RETEST_FILLED,2024-06-12T10:40:00Z,2024-06-12T10:25:00Z,2312.56,True,True,RECLAIM_CONFIRMATION_STOP,ead2c9e0cad9d20ee0344073c6ca2d23748a75c5ef4851ecafafd6387587a5f5,5652453e571ec6808a0e442d0eb541c9f5dda53f26eac57e035c061cf2e64e97,2317.8,,,,CONTROL_V2_FILLED_STOP,False,,2024-06-12T10:25:00Z,2317.8,2310.7,88f8a88ca959959fb93eefde7335b53b163f8b18a40a26b2b8f0ca05bd6d4fa7
701f0e2943fd07bdb3814375398d01cc8b266959870c2b23f4894ad2224aa738,2312.56,2024-06-12T10:25:00Z,e84ab76d9e56dbd0419f6daa222bff1d797b5c2411cd904e479a41e7422a2c5a,2024-06-12T10:25:00Z,2312.39,2317.8,2024-07-01T00:00:00Z,2024-06-12T09:00:00Z,0.0,SHORT,1.0,-50.0,CONTROL_V2_FILLED_STOP,2024-06-12T10:25:00Z,CONFIRMED_25_75_RETEST_SPLIT,2312.39,True,31b2d2333b36574e03ff6e4aa844abda99bd76cc8d4d0141942173c3ca8f7aa5,2.9142323729027257,0.31212960872570494,2024_06,-1.0,-1.0,STOP,2024-06-12T15:30:00Z,SPLIT_STOP_STOP,eaeccccc65d166b702f0e23c1bb5832b1b661bf6bb259001e2a0ef34f21e7bd5,2024-06-12T15:30:00Z,FIRST_RETEST_FILLED,2024-06-12T10:40:00Z,2024-06-12T10:25:00Z,2312.56,True,True,RECLAIM_CONFIRMATION_STOP,8985ef444d41db877ddf143dd3bbc2db982f2f668d2b6bb1e7f9ede385a0a2d4,5652453e571ec6808a0e442d0eb541c9f5dda53f26eac57e035c061cf2e64e97,2317.8,1.4307142857142676,0.07153571428571338,NOT_STRICTLY_CLOSER_THAN_CONTROL,M5_LATEST_CONFIRMED_OPPOSING_SWING_ELSE_CONTROL,False,29c81f09568d6b164f0570dae8b92e8c98a2981ef1828ea746651d92b6621af9,2024-06-12T10:05:00Z,2317.77,2310.7,88f8a88ca959959fb93eefde7335b53b163f8b18a40a26b2b8f0ca05bd6d4fa7
701f0e2943fd07bdb3814375398d01cc8b266959870c2b23f4894ad2224aa738,2312.56,2024-06-12T10:25:00Z,e84ab76d9e56dbd0419f6daa222bff1d797b5c2411cd904e479a41e7422a2c5a,2024-06-12T10:25:00Z,2312.39,2317.8,2024-07-01T00:00:00Z,2024-06-12T09:00:00Z,0.0,SHORT,1.0,-50.0,CONTROL_V2_FILLED_STOP,2024-06-12T10:25:00Z,CONFIRMED_25_75_RETEST_SPLIT,2312.39,True,b71703a952a495477c224038a491006b19e9a8cfc0efb625d960431915c8d381,2.9142323729027257,0.31212960872570494,2024_06,-1.0,-1.0,STOP,2024-06-12T15:30:00Z,SPLIT_STOP_STOP,fb163d411640abbcfaea3ad0b497843fe14e7db72ab7b725cedef153a4c51cea,2024-06-12T15:30:00Z,FIRST_RETEST_FILLED,2024-06-12T10:40:00Z,2024-06-12T10:25:00Z,2312.56,True,True,RECLAIM_CONFIRMATION_STOP,963001b6ba8d335af47949f1a5658d6fa37846f58483dc42433bcf06dd402bb1,5652453e571ec6808a0e442d0eb541c9f5dda53f26eac57e035c061cf2e64e97,2317.8,1.6700000000000403,0.08350000000000202,NOT_STRICTLY_CLOSER_THAN_CONTROL,M15_LATEST_CONFIRMED_OPPOSING_SWING_ELSE_CONTROL,False,f4a5ea017b499fc57cf87ca059934d3f944888167b027685b3351215b900a342,2024-06-12T10:00:00Z,2317.78,2310.7,88f8a88ca959959fb93eefde7335b53b163f8b18a40a26b2b8f0ca05bd6d4fa7
701f0e2943fd07bdb3814375398d01cc8b266959870c2b23f4894ad2224aa738,2312.56,2024-06-12T10:25:00Z,e84ab76d9e56dbd0419f6daa222bff1d797b5c2411cd904e479a41e7422a2c5a,2024-06-12T10:25:00Z,2312.39,2317.8,2024-07-01T00:00:00Z,2024-06-12T09:00:00Z,0.0,SHORT,0.8434710852918251,-50.0,H1_SOURCE_SWING_BUFFERED_ELSE_CONTROL,2024-06-12T10:25:00Z,CONFIRMED_25_75_RETEST_SPLIT,2312.39,True,3590965c65662ca130be6bb4960f4c7ac7dbb791ee338ad6758730aa3807979a,3.470824458294992,0.3717907603449154,2024_06,-1.0,-1.0,STOP,2024-06-12T15:30:00Z,SPLIT_STOP_STOP,916122455093de8a5fd28a125a833331a7e4c7eaeaf24b5853872d44c83dbac1,2024-06-12T15:30:00Z,FIRST_RETEST_FILLED,2024-06-12T10:40:00Z,2024-06-12T10:25:00Z,2312.56,True,True,RECLAIM_CONFIRMATION_STOP,828488677a183e3f9dc8537fe9dcf7dbf02e31663ada37da201377bfc9985e64,5652453e571ec6808a0e442d0eb541c9f5dda53f26eac57e035c061cf2e64e97,2316.953178571429,3.8635714285714067,0.19317857142857034,,H1_SOURCE_SWING_BUFFERED_ELSE_CONTROL,True,5652453e571ec6808a0e442d0eb541c9f5dda53f26eac57e035c061cf2e64e97,2024-06-12T09:00:00Z,2316.76,2310.7,88f8a88ca959959fb93eefde7335b53b163f8b18a40a26b2b8f0ca05bd6d4fa7
78373787288dc446409e82f2feadb25c460dbf52e6cbc3b1f12a2a7fd99ec580,2314.26,2024-06-12T15:20:00Z,937d52c07beb7aca65c68f30be8b47b8863e1beb09e3656764c96f4f1533007e,2024-06-12T15:20:00Z,2314.4,2310.87,2024-07-01T00:00:00Z,2024-06-12T14:00:00Z,0.0,LONG,1.0,47.87535410764755,CONTROL_V2_FILLED_STOP,2024-06-12T15:20:00Z,CONTROL_NEXT_M1_OPEN,2314.4,True,3e793aa4942a21e9412a76af488d8a131659ed339d76d787c442c91ca935f167,0.3597733711047903,3.8271954674218125,2024_06,0.9575070821529511,0.9575070821529511,TARGET,2024-06-12T15:30:00Z,TARGET,061d7bb2b42905d4088e75b27c0686d44a76ead86cbf033e87a297e108a02e5a,2024-06-12T15:30:00Z,FIRST_RETEST_FILLED,2024-06-12T15:35:00Z,2024-06-12T15:23:00Z,2314.26,True,False,INITIAL_CONFIRMATION_TARGET,384edfe1dda2534eeb8380fb650f05627b5d51b35d0ba4e82fc9440e7f2e8141,8ab6f41d73710adcb0ccb0ceda47a704595dcee1621227cbdfcdc3a79202201e,2310.87,,,,CONTROL_V2_FILLED_STOP,False,,2024-06-12T15:20:00Z,2310.87,2317.78,3424d6b9e7d0de16d4be32d1a3e3a5fa7d0dd119444512f74d2f3aca23086b7c
78373787288dc446409e82f2feadb25c460dbf52e6cbc3b1f12a2a7fd99ec580,2314.26,2024-06-12T15:20:00Z,937d52c07beb7aca65c68f30be8b47b8863e1beb09e3656764c96f4f1533007e,2024-06-12T15:20:00Z,2314.4,2310.87,2024-07-01T00:00:00Z,2024-06-12T14:00:00Z,0.25885155342768484,LONG,0.7871914204776287,60.817931779031795,M5_LATEST_CONFIRMED_OPPOSING_SWING_ELSE_CONTROL,2024-06-12T15:20:00Z,CONTROL_NEXT_M1_OPEN,2314.4,True,331826315b28bfd9fc44e808bd39a6932823b8e693b9e00c82bdba455a339b7b,0.45703416188974433,4.861835848134193,2024_06,1.216358635580636,0.9575070821529511,TARGET,2024-06-12T15:30:00Z,TARGET,73417211042a271b004cc35e1b76b48b6a842eeb5a13ffa9ce410cd26e520197,2024-06-12T15:30:00Z,FIRST_RETEST_FILLED,2024-06-12T15:35:00Z,2024-06-12T15:23:00Z,2314.26,True,False,INITIAL_CONFIRMATION_TARGET,3e56db7fcf7cdfde0b6debd6e62b0dfc24f2a1836361a4926d2d19470cba4a03,8ab6f41d73710adcb0ccb0ceda47a704595dcee1621227cbdfcdc3a79202201e,2311.621214285714,1.1757142857143532,0.05878571428571766,,M5_LATEST_CONFIRMED_OPPOSING_SWING_ELSE_CONTROL,True,e291b4e0f41369d7adf5bdc1a797bd3744f70abf5b867e7511921064a86282e2,2024-06-12T15:20:00Z,2311.68,2317.78,3424d6b9e7d0de16d4be32d1a3e3a5fa7d0dd119444512f74d2f3aca23086b7c
78373787288dc446409e82f2feadb25c460dbf52e6cbc3b1f12a2a7fd99ec580,2314.26,2024-06-12T15:20:00Z,937d52c07beb7aca65c68f30be8b47b8863e1beb09e3656764c96f4f1533007e,2024-06-12T15:20:00Z,2314.4,2310.87,2024-07-01T00:00:00Z,2024-06-12T14:00:00Z,0.5549663488796001,LONG,0.6330736543909206,75.62367155162755,M15_LATEST_CONFIRMED_OPPOSING_SWING_ELSE_CONTROL,2024-06-12T15:20:00Z,CONTROL_NEXT_M1_OPEN,2314.4,True,a6caa20f674f5f9d95f35f0d8f93018cf37a48110dec286d03db6b9400c8cdb8,0.5682962300033285,6.04541895066531,2024_06,1.5124734310325512,0.9575070821529511,TARGET,2024-06-12T15:30:00Z,TARGET,747b8d8e377a485f861a640ed5118e4efb40e9b1167375a9cc7c198b2728df25,2024-06-12T15:30:00Z,FIRST_RETEST_FILLED,2024-06-12T15:35:00Z,2024-06-12T15:23:00Z,2314.26,True,False,INITIAL_CONFIRMATION_TARGET,2ef7e1accfca14ef8abe2ad58ed2c52aeed1b370c39f1d9c9d0d8abc7408cc68,8ab6f41d73710adcb0ccb0ceda47a704595dcee1621227cbdfcdc3a79202201e,2312.16525,1.8949999999999494,0.09474999999999748,,M15_LATEST_CONFIRMED_OPPOSING_SWING_ELSE_CONTROL,True,d12f87f18c5b017dbdb599c8687441617d016cabb801f3464e682352211f51af,2024-06-12T13:30:00Z,2312.26,2317.78,3424d6b9e7d0de16d4be32d1a3e3a5fa7d0dd119444512f74d2f3aca23086b7c
78373787288dc446409e82f2feadb25c460dbf52e6cbc3b1f12a2a7fd99ec580,2314.26,2024-06-12T15:20:00Z,937d52c07beb7aca65c68f30be8b47b8863e1beb09e3656764c96f4f1533007e,2024-06-12T15:20:00Z,2314.4,2310.87,2024-07-01T00:00:00Z,2024-06-12T14:00:00Z,0.0,LONG,1.0,47.87535410764755,CONTROL_V2_FILLED_STOP,2024-06-12T15:20:00Z,CONTROL_NEXT_M1_OPEN,2314.4,True,3766acb3a60ab2bece422aa3534c83f4b47d3525f8a93fd52a127320b8e14f3e,0.3597733711047903,3.8271954674218125,2024_06,0.9575070821529511,0.9575070821529511,TARGET,2024-06-12T15:30:00Z,TARGET,b92059220617f55946799be537b1848884fbbbb599abcf90238e390f66e13c18,2024-06-12T15:30:00Z,FIRST_RETEST_FILLED,2024-06-12T15:35:00Z,2024-06-12T15:23:00Z,2314.26,True,False,INITIAL_CONFIRMATION_TARGET,945183738cfa20936d891867ed53549e4d9d7b0909f8b74beb754c687008e014,8ab6f41d73710adcb0ccb0ceda47a704595dcee1621227cbdfcdc3a79202201e,2310.87,3.3385714285714454,0.1669285714285723,NOT_STRICTLY_CLOSER_THAN_CONTROL,H1_SOURCE_SWING_BUFFERED_ELSE_CONTROL,False,8ab6f41d73710adcb0ccb0ceda47a704595dcee1621227cbdfcdc3a79202201e,2024-06-12T14:00:00Z,2310.87,2317.78,3424d6b9e7d0de16d4be32d1a3e3a5fa7d0dd119444512f74d2f3aca23086b7c
78373787288dc446409e82f2feadb25c460dbf52e6cbc3b1f12a2a7fd99ec580,2314.26,2024-06-12T15:20:00Z,937d52c07beb7aca65c68f30be8b47b8863e1beb09e3656764c96f4f1533007e,2024-06-12T15:20:00Z,2314.4,2310.87,2024-07-01T00:00:00Z,2024-06-12T14:00:00Z,0.0808410004428134,LONG,1.0,51.917404129788224,CONTROL_V2_FILLED_STOP,2024-06-12T15:23:00Z,M5_BROKEN_CONTROL_FIRST_RETEST,2314.26,True,3e793aa4942a21e9412a76af488d8a131659ed339d76d787c442c91ca935f167,0.3333333333333333,4.026548672565876,2024_06,1.0383480825957645,0.9575070821529511,TARGET,2024-06-12T15:30:00Z,TARGET,248f69f73dac320592b8c6d955df59615d054193eb3bf79201f8c6cab07e3897,2024-06-12T15:30:00Z,FIRST_RETEST_FILLED,2024-06-12T15:35:00Z,2024-06-12T15:23:00Z,2314.26,True,True,INITIAL_CONFIRMATION_TARGET,ff5ac5b292888c252bf4f31302cfe9445720d6de24f26b1a47453827955f3bba,8ab6f41d73710adcb0ccb0ceda47a704595dcee1621227cbdfcdc3a79202201e,2310.87,,,,CONTROL_V2_FILLED_STOP,False,,2024-06-12T15:20:00Z,2310.87,2317.78,3424d6b9e7d0de16d4be32d1a3e3a5fa7d0dd119444512f74d2f3aca23086b7c
78373787288dc446409e82f2feadb25c460dbf52e6cbc3b1f12a2a7fd99ec580,2314.26,2024-06-12T15:20:00Z,937d52c07beb7aca65c68f30be8b47b8863e1beb09e3656764c96f4f1533007e,2024-06-12T15:20:00Z,2314.4,2310.87,2024-07-01T00:00:00Z,2024-06-12T14:00:00Z,0.3764398090033855,LONG,0.7871914204776287,66.69734455781683,M5_LATEST_CONFIRMED_OPPOSING_SWING_ELSE_CONTROL,2024-06-12T15:23:00Z,M5_BROKEN_CONTROL_FIRST_RETEST,2314.26,True,331826315b28bfd9fc44e808bd39a6932823b8e693b9e00c82bdba455a339b7b,0.42822726903602665,5.172833825080569,2024_06,1.3339468911563366,0.9575070821529511,TARGET,2024-06-12T15:30:00Z,TARGET,6746a091a5a060c99cf09370d414700cb25abe12ab957d41a1050f6e95624a45,2024-06-12T15:30:00Z,FIRST_RETEST_FILLED,2024-06-12T15:35:00Z,2024-06-12T15:23:00Z,2314.26,True,True,INITIAL_CONFIRMATION_TARGET,eb9ea477116d8a4f8a9736b0d1e79d8c6c9414122df0f36377763d51197ab048,8ab6f41d73710adcb0ccb0ceda47a704595dcee1621227cbdfcdc3a79202201e,2311.621214285714,1.1757142857143532,0.05878571428571766,,M5_LATEST_CONFIRMED_OPPOSING_SWING_ELSE_CONTROL,True,e291b4e0f41369d7adf5bdc1a797bd3744f70abf5b867e7511921064a86282e2,2024-06-12T15:20:00Z,2311.68,2317.78,3424d6b9e7d0de16d4be32d1a3e3a5fa7d0dd119444512f74d2f3aca23086b7c
78373787288dc446409e82f2feadb25c460dbf52e6cbc3b1f12a2a7fd99ec580,2314.26,2024-06-12T15:20:00Z,937d52c07beb7aca65c68f30be8b47b8863e1beb09e3656764c96f4f1533007e,2024-06-12T15:20:00Z,2314.4,2310.87,2024-07-01T00:00:00Z,2024-06-12T14:00:00Z,0.7228843726744217,LONG,0.6330736543909206,84.01957274136865,M15_LATEST_CONFIRMED_OPPOSING_SWING_ELSE_CONTROL,2024-06-12T15:23:00Z,M5_BROKEN_CONTROL_FIRST_RETEST,2314.26,True,a6caa20f674f5f9d95f35f0d8f93018cf37a48110dec286d03db6b9400c8cdb8,0.539443847714524,6.516290726816235,2024_06,1.6803914548273728,0.9575070821529511,TARGET,2024-06-12T15:30:00Z,TARGET,b421ebb8f55eb523386ca2e12bba07b761f6205a57bbba94d723322702e5636f,2024-06-12T15:30:00Z,FIRST_RETEST_FILLED,2024-06-12T15:35:00Z,2024-06-12T15:23:00Z,2314.26,True,True,INITIAL_CONFIRMATION_TARGET,c7606cea4fd683bf5271ba9616fc80a137a3edeab4368c43eb075dfc526276c2,8ab6f41d73710adcb0ccb0ceda47a704595dcee1621227cbdfcdc3a79202201e,2312.16525,1.8949999999999494,0.09474999999999748,,M15_LATEST_CONFIRMED_OPPOSING_SWING_ELSE_CONTROL,True,d12f87f18c5b017dbdb599c8687441617d016cabb801f3464e682352211f51af,2024-06-12T13:30:00Z,2312.26,2317.78,3424d6b9e7d0de16d4be32d1a3e3a5fa7d0dd119444512f74d2f3aca23086b7c
78373787288dc446409e82f2feadb25c460dbf52e6cbc3b1f12a2a7fd99ec580,2314.26,2024-06-12T15:20:00Z,937d52c07beb7aca65c68f30be8b47b8863e1beb09e3656764c96f4f1533007e,2024-06-12T15:20:00Z,2314.4,2310.87,2024-07-01T00:00:00Z,2024-06-12T14:00:00Z,0.0808410004428134,LONG,1.0,51.917404129788224,CONTROL_V2_FILLED_STOP,2024-06-12T15:23:00Z,M5_BROKEN_CONTROL_FIRST_RETEST,2314.26,True,3766acb3a60ab2bece422aa3534c83f4b47d3525f8a93fd52a127320b8e14f3e,0.3333333333333333,4.026548672565876,2024_06,1.0383480825957645,0.9575070821529511,TARGET,2024-06-12T15:30:00Z,TARGET,063637772b0386d35cdc11cfcf0fd8fbbef7dfd81daf137ca68588cbdb0f3f2c,2024-06-12T15:30:00Z,FIRST_RETEST_FILLED,2024-06-12T15:35:00Z,2024-06-12T15:23:00Z,2314.26,True,True,INITIAL_CONFIRMATION_TARGET,03ffe55ca4909e2a84e087c2d8dcf3c8df6adf43ab23dd67b17e538f96d30eea,8ab6f41d73710adcb0ccb0ceda47a704595dcee1621227cbdfcdc3a79202201e,2310.87,3.3385714285714454,0.1669285714285723,NOT_STRICTLY_CLOSER_THAN_CONTROL,H1_SOURCE_SWING_BUFFERED_ELSE_CONTROL,False,8ab6f41d73710adcb0ccb0ceda47a704595dcee1621227cbdfcdc3a79202201e,2024-06-12T14:00:00Z,2310.87,2317.78,3424d6b9e7d0de16d4be32d1a3e3a5fa7d0dd119444512f74d2f3aca23086b7c
78373787288dc446409e82f2feadb25c460dbf52e6cbc3b1f12a2a7fd99ec580,2314.26,2024-06-12T15:20:00Z,937d52c07beb7aca65c68f30be8b47b8863e1beb09e3656764c96f4f1533007e,2024-06-12T15:20:00Z,2314.4,2310.87,2024-07-01T00:00:00Z,2024-06-12T14:00:00Z,0.06063075033211007,LONG,1.0,50.906891624253056,CONTROL_V2_FILLED_STOP,2024-06-12T15:20:00Z,CONFIRMED_25_75_RETEST_SPLIT,2314.4,True,3e793aa4942a21e9412a76af488d8a131659ed339d76d787c442c91ca935f167,0.3399433427761976,3.97671037127986,2024_06,1.0181378324850612,0.9575070821529511,TARGET,2024-06-12T15:30:00Z,SPLIT_TARGET_TARGET,ea605d98f6222aa8a5917026961f750cbcb8a26f232ccee23d4034130f8fc082,2024-06-12T15:30:00Z,FIRST_RETEST_FILLED,2024-06-12T15:35:00Z,2024-06-12T15:23:00Z,2314.26,True,True,INITIAL_CONFIRMATION_TARGET,3b007def4881fa67222beeb8321f46f9caf52426f5e856856889b7062f116d54,8ab6f41d73710adcb0ccb0ceda47a704595dcee1621227cbdfcdc3a79202201e,2310.87,,,,CONTROL_V2_FILLED_STOP,False,,2024-06-12T15:20:00Z,2310.87,2317.78,3424d6b9e7d0de16d4be32d1a3e3a5fa7d0dd119444512f74d2f3aca23086b7c
78373787288dc446409e82f2feadb25c460dbf52e6cbc3b1f12a2a7fd99ec580,2314.26,2024-06-12T15:20:00Z,937d52c07beb7aca65c68f30be8b47b8863e1beb09e3656764c96f4f1533007e,2024-06-12T15:20:00Z,2314.4,2310.87,2024-07-01T00:00:00Z,2024-06-12T14:00:00Z,0.3470427451094603,LONG,0.7871914204776287,65.22749136312058,M5_LATEST_CONFIRMED_OPPOSING_SWING_ELSE_CONTROL,2024-06-12T15:20:00Z,CONFIRMED_25_75_RETEST_SPLIT,2314.4,True,331826315b28bfd9fc44e808bd39a6932823b8e693b9e00c82bdba455a339b7b,0.4354289922494561,5.095084330843974,2024_06,1.3045498272624114,0.9575070821529511,TARGET,2024-06-12T15:30:00Z,SPLIT_TARGET_TARGET,8d7445b6a64c9953f4a49454dc04204d33f86ac064d1e0e1159659a2c07fd815,2024-06-12T15:30:00Z,FIRST_RETEST_FILLED,2024-06-12T15:35:00Z,2024-06-12T15:23:00Z,2314.26,True,True,INITIAL_CONFIRMATION_TARGET,8b732fe40428568fa566b8693206effbd30180cf930b2bc8b3f851091398b4d5,8ab6f41d73710adcb0ccb0ceda47a704595dcee1621227cbdfcdc3a79202201e,2311.621214285714,1.1757142857143532,0.05878571428571766,,M5_LATEST_CONFIRMED_OPPOSING_SWING_ELSE_CONTROL,True,e291b4e0f41369d7adf5bdc1a797bd3744f70abf5b867e7511921064a86282e2,2024-06-12T15:20:00Z,2311.68,2317.78,3424d6b9e7d0de16d4be32d1a3e3a5fa7d0dd119444512f74d2f3aca23086b7c
78373787288dc446409e82f2feadb25c460dbf52e6cbc3b1f12a2a7fd99ec580,2314.26,2024-06-12T15:20:00Z,937d52c07beb7aca65c68f30be8b47b8863e1beb09e3656764c96f4f1533007e,2024-06-12T15:20:00Z,2314.4,2310.87,2024-07-01T00:00:00Z,2024-06-12T14:00:00Z,0.6809048667257164,LONG,0.6330736543909206,81.92059744393337,M15_LATEST_CONFIRMED_OPPOSING_SWING_ELSE_CONTROL,2024-06-12T15:20:00Z,CONFIRMED_25_75_RETEST_SPLIT,2314.4,True,a6caa20f674f5f9d95f35f0d8f93018cf37a48110dec286d03db6b9400c8cdb8,0.5466569432867252,6.398572782778503,2024_06,1.6384119488786675,0.9575070821529511,TARGET,2024-06-12T15:30:00Z,SPLIT_TARGET_TARGET,116bede3190b90b058e0e2d0ec724d494fc85b503eec9ad04938a0969a1f7b53,2024-06-12T15:30:00Z,FIRST_RETEST_FILLED,2024-06-12T15:35:00Z,2024-06-12T15:23:00Z,2314.26,True,True,INITIAL_CONFIRMATION_TARGET,bb9485f5b932c138a42e310fb5cc9d5489bb07047f9b97042a1b0472b9f433ab,8ab6f41d73710adcb0ccb0ceda47a704595dcee1621227cbdfcdc3a79202201e,2312.16525,1.8949999999999494,0.09474999999999748,,M15_LATEST_CONFIRMED_OPPOSING_SWING_ELSE_CONTROL,True,d12f87f18c5b017dbdb599c8687441617d016cabb801f3464e682352211f51af,2024-06-12T13:30:00Z,2312.26,2317.78,3424d6b9e7d0de16d4be32d1a3e3a5fa7d0dd119444512f74d2f3aca23086b7c
78373787288dc446409e82f2feadb25c460dbf52e6cbc3b1f12a2a7fd99ec580,2314.26,2024-06-12T15:20:00Z,937d52c07beb7aca65c68f30be8b47b8863e1beb09e3656764c96f4f1533007e,2024-06-12T15:20:00Z,2314.4,2310.87,2024-07-01T00:00:00Z,2024-06-12T14:00:00Z,0.06063075033211007,LONG,1.0,50.906891624253056,CONTROL_V2_FILLED_STOP,2024-06-12T15:20:00Z,CONFIRMED_25_75_RETEST_SPLIT,2314.4,True,3766acb3a60ab2bece422aa3534c83f4b47d3525f8a93fd52a127320b8e14f3e,0.3399433427761976,3.97671037127986,2024_06,1.0181378324850612,0.9575070821529511,TARGET,2024-06-12T15:30:00Z,SPLIT_TARGET_TARGET,b94165efc75e264aa0972c1146c326ac3ca51b3d9db525076c98690a0d51541f,2024-06-12T15:30:00Z,FIRST_RETEST_FILLED,2024-06-12T15:35:00Z,2024-06-12T15:23:00Z,2314.26,True,True,INITIAL_CONFIRMATION_TARGET,e4853cf89368b4f89e7708aa3a0676e79e7fdc6d2c695a87ad59e4bcf1940100,8ab6f41d73710adcb0ccb0ceda47a704595dcee1621227cbdfcdc3a79202201e,2310.87,3.3385714285714454,0.1669285714285723,NOT_STRICTLY_CLOSER_THAN_CONTROL,H1_SOURCE_SWING_BUFFERED_ELSE_CONTROL,False,8ab6f41d73710adcb0ccb0ceda47a704595dcee1621227cbdfcdc3a79202201e,2024-06-12T14:00:00Z,2310.87,2317.78,3424d6b9e7d0de16d4be32d1a3e3a5fa7d0dd119444512f74d2f3aca23086b7c
2ab30b4f8f1f59c539ace09b6350827e7c96b55aca01daba22a1c18218a87539,2324.76,2024-06-12T21:50:00Z,96f9d93720caf0e377bf48c39cbc0e0b72f98e2cd81bce294c9d1c915e3e57f7,2024-06-12T21:50:00Z,2321.22,2341.66,2024-07-01T00:00:00Z,2024-06-12T19:00:00Z,0.0,SHORT,1.0,23.336594911937226,CONTROL_V2_FILLED_STOP,2024-06-12T21:50:00Z,CONTROL_NEXT_M1_OPEN,2321.22,True,929c327b9d7fab70fe2a9d7ef5e8111978ecc763011dd2823b7603dd05eb126e,0.21379647749512398,0.5283757338551711,2024_06,0.4667318982387445,0.4667318982387445,TARGET,2024-06-13T04:25:00Z,TARGET,15334a4301b96e42b0c31d989d35fecc7c172c8253381048ca077f0ba05bf539,2024-06-13T04:25:00Z,FIRST_RETEST_FILLED,2024-06-12T22:05:00Z,2024-06-12T21:56:00Z,2324.76,True,False,INITIAL_CONFIRMATION_TARGET,89bd51e57f5055a73dc0805b6a3cd312f70de641d0c8abe21dd52db9cd71d35c,28038ca9b51491a45c7675fd3cb5e9f4dd4826636e2c6b1cd8448f61afddb130,2341.66,,,,CONTROL_V2_FILLED_STOP,False,,2024-06-12T21:50:00Z,2341.66,2311.68,28bdd48b49490d2495b835e0070d28e1f4d11180903887f1734a3471393a7c75
2ab30b4f8f1f59c539ace09b6350827e7c96b55aca01daba22a1c18218a87539,2324.76,2024-06-12T21:50:00Z,96f9d93720caf0e377bf48c39cbc0e0b72f98e2cd81bce294c9d1c915e3e57f7,2024-06-12T21:50:00Z,2321.22,2341.66,2024-07-01T00:00:00Z,2024-06-12T19:00:00Z,0.33334477877131863,SHORT,0.5833589600223706,40.003833850503156,M5_LATEST_CONFIRMED_OPPOSING_SWING_ELSE_CONTROL,2024-06-12T21:50:00Z,CONTROL_NEXT_M1_OPEN,2321.22,True,0da58cabf538cb62470fecfdb5ae254366ba27bbc2ca8641f463142cd7fb432e,0.3664921465968832,0.9057471815208068,2024_06,0.8000766770100631,0.4667318982387445,TARGET,2024-06-13T04:25:00Z,TARGET,722c1b1816f44cedbf9a7c99cc33fda6ea60b2c417fa25be8818984ca3a17c7a,2024-06-13T04:25:00Z,FIRST_RETEST_FILLED,2024-06-12T22:05:00Z,2024-06-12T21:56:00Z,2324.76,True,False,INITIAL_CONFIRMATION_TARGET,6a55017a36fc5edac16f81e7eea51bd2b23804f16ebbd09bfc363f93de3ea799,28038ca9b51491a45c7675fd3cb5e9f4dd4826636e2c6b1cd8448f61afddb130,2333.143857142857,4.077142857142819,0.20385714285714096,,M5_LATEST_CONFIRMED_OPPOSING_SWING_ELSE_CONTROL,True,7f5da1d151e01d3ba76309c4aaeb43b582775e17aa04d06da8707a0944794d35,2024-06-12T21:45:00Z,2332.94,2311.68,28bdd48b49490d2495b835e0070d28e1f4d11180903887f1734a3471393a7c75
2ab30b4f8f1f59c539ace09b6350827e7c96b55aca01daba22a1c18218a87539,2324.76,2024-06-12T21:50:00Z,96f9d93720caf0e377bf48c39cbc0e0b72f98e2cd81bce294c9d1c915e3e57f7,2024-06-12T21:50:00Z,2321.22,2341.66,2024-07-01T00:00:00Z,2024-06-12T19:00:00Z,0.04522664216576244,SHORT,0.9116595610847157,25.59792702022535,M15_LATEST_CONFIRMED_OPPOSING_SWING_ELSE_CONTROL,2024-06-12T21:50:00Z,CONTROL_NEXT_M1_OPEN,2321.22,True,6e7c9ea7b10dd342e57d7e2457b60527ee8c954f33e0e78b4028e76b52f79be2,0.2345135033090022,0.5795757061182973,2024_06,0.511958540404507,0.4667318982387445,TARGET,2024-06-13T04:25:00Z,TARGET,5549d175ebaba547cfb4a22a483b68ac68f6c852f24c8b76ee4fdda2aff74083,2024-06-13T04:25:00Z,FIRST_RETEST_FILLED,2024-06-12T22:05:00Z,2024-06-12T21:56:00Z,2324.76,True,False,INITIAL_CONFIRMATION_TARGET,e5e89ddf2e9f7f83dd9d222aa3f869377f1c7f90fc38f89228243452f326fd1f,28038ca9b51491a45c7675fd3cb5e9f4dd4826636e2c6b1cd8448f61afddb130,2339.8543214285714,4.886428571428561,0.24432142857142805,,M15_LATEST_CONFIRMED_OPPOSING_SWING_ELSE_CONTROL,True,52729e2f7da911758e663e1300e1e5e5e0c54fbd2b551b4ee09c06209d7247c0,2024-06-12T21:00:00Z,2339.61,2311.68,28bdd48b49490d2495b835e0070d28e1f4d11180903887f1734a3471393a7c75
2ab30b4f8f1f59c539ace09b6350827e7c96b55aca01daba22a1c18218a87539,2324.76,2024-06-12T21:50:00Z,96f9d93720caf0e377bf48c39cbc0e0b72f98e2cd81bce294c9d1c915e3e57f7,2024-06-12T21:50:00Z,2321.22,2341.66,2024-07-01T00:00:00Z,2024-06-12T19:00:00Z,0.0,SHORT,1.0,23.336594911937226,CONTROL_V2_FILLED_STOP,2024-06-12T21:50:00Z,CONTROL_NEXT_M1_OPEN,2321.22,True,e218ea371761ddc1dd711dd0b003588907b9f7d96da39275a304080faed7e587,0.21379647749512398,0.5283757338551711,2024_06,0.4667318982387445,0.4667318982387445,TARGET,2024-06-13T04:25:00Z,TARGET,9fb9c7f74011f68bf6a2a3ecec39658b4a0b7ad1bd3bd5479ce81fafed1e1972,2024-06-13T04:25:00Z,FIRST_RETEST_FILLED,2024-06-12T22:05:00Z,2024-06-12T21:56:00Z,2324.76,True,False,INITIAL_CONFIRMATION_TARGET,76ac326de5e5e0c2a689ac02ff43f54d8a53baa231cb12963210f9ef5754598f,28038ca9b51491a45c7675fd3cb5e9f4dd4826636e2c6b1cd8448f61afddb130,2341.66,7.3335714285714335,0.3666785714285717,NOT_STRICTLY_CLOSER_THAN_CONTROL,H1_SOURCE_SWING_BUFFERED_ELSE_CONTROL,False,28038ca9b51491a45c7675fd3cb5e9f4dd4826636e2c6b1cd8448f61afddb130,2024-06-12T19:00:00Z,2341.66,2311.68,28bdd48b49490d2495b835e0070d28e1f4d11180903887f1734a3471393a7c75
2ab30b4f8f1f59c539ace09b6350827e7c96b55aca01daba22a1c18218a87539,2324.76,2024-06-12T21:50:00Z,96f9d93720caf0e377bf48c39cbc0e0b72f98e2cd81bce294c9d1c915e3e57f7,2024-06-12T21:50:00Z,2321.22,2341.66,2024-07-01T00:00:00Z,2024-06-12T19:00:00Z,0.3072325988027149,SHORT,1.0,38.69822485207297,CONTROL_V2_FILLED_STOP,2024-06-12T21:56:00Z,M5_BROKEN_CONTROL_FIRST_RETEST,2324.76,True,929c327b9d7fab70fe2a9d7ef5e8111978ecc763011dd2823b7603dd05eb126e,0.04911242603549971,0.8485207100591985,2024_06,0.7739644970414594,0.4667318982387445,TARGET,2024-06-13T04:25:00Z,TARGET,b61ca80e7bb8139e2e7c9c98a7590fbcc63a1975d9424f953394e155b61cba21,2024-06-13T04:25:00Z,FIRST_RETEST_FILLED,2024-06-12T22:05:00Z,2024-06-12T21:56:00Z,2324.76,True,True,INITIAL_CONFIRMATION_TARGET,7dc48bb65e737d5c0328861b4268874578fc2cc7424b9a8ad704eb6ea7f912d1,28038ca9b51491a45c7675fd3cb5e9f4dd4826636e2c6b1cd8448f61afddb130,2341.66,,,,CONTROL_V2_FILLED_STOP,False,,2024-06-12T21:50:00Z,2341.66,2311.68,28bdd48b49490d2495b835e0070d28e1f4d11180903887f1734a3471393a7c75
2ab30b4f8f1f59c539ace09b6350827e7c96b55aca01daba22a1c18218a87539,2324.76,2024-06-12T21:50:00Z,96f9d93720caf0e377bf48c39cbc0e0b72f98e2cd81bce294c9d1c915e3e57f7,2024-06-12T21:50:00Z,2321.22,2341.66,2024-07-01T00:00:00Z,2024-06-12T19:00:00Z,1.0934091892253561,SHORT,0.5833589600223706,78.00705437320504,M5_LATEST_CONFIRMED_OPPOSING_SWING_ELSE_CONTROL,2024-06-12T21:56:00Z,M5_BROKEN_CONTROL_FIRST_RETEST,2324.76,True,0da58cabf538cb62470fecfdb5ae254366ba27bbc2ca8641f463142cd7fb432e,0.09899977848586025,1.7104299078161145,2024_06,1.5601410874641006,0.4667318982387445,TARGET,2024-06-13T04:25:00Z,TARGET,ed66cc94949c14264b7da043f02896b3a0763a0a4f5ddbd275810e7224642cf2,2024-06-13T04:25:00Z,FIRST_RETEST_FILLED,2024-06-12T22:05:00Z,2024-06-12T21:56:00Z,2324.76,True,True,INITIAL_CONFIRMATION_TARGET,6a29e182a690a7fff74e2796969846a83181c528472a310ddfeac86084fcfd4b,28038ca9b51491a45c7675fd3cb5e9f4dd4826636e2c6b1cd8448f61afddb130,2333.143857142857,4.077142857142819,0.20385714285714096,,M5_LATEST_CONFIRMED_OPPOSING_SWING_ELSE_CONTROL,True,7f5da1d151e01d3ba76309c4aaeb43b582775e17aa04d06da8707a0944794d35,2024-06-12T21:45:00Z,2332.94,2311.68,28bdd48b49490d2495b835e0070d28e1f4d11180903887f1734a3471393a7c75
2ab30b4f8f1f59c539ace09b6350827e7c96b55aca01daba22a1c18218a87539,2324.76,2024-06-12T21:50:00Z,96f9d93720caf0e377bf48c39cbc0e0b72f98e2cd81bce294c9d1c915e3e57f7,2024-06-12T21:50:00Z,2321.22,2341.66,2024-07-01T00:00:00Z,2024-06-12T19:00:00Z,0.3998191462647839,SHORT,0.9116595610847157,43.32755222517642,M15_LATEST_CONFIRMED_OPPOSING_SWING_ELSE_CONTROL,2024-06-12T21:56:00Z,M5_BROKEN_CONTROL_FIRST_RETEST,2324.76,True,6e7c9ea7b10dd342e57d7e2457b60527ee8c954f33e0e78b4028e76b52f79be2,0.05498756627965172,0.9500261451208227,2024_06,0.8665510445035284,0.4667318982387445,TARGET,2024-06-13T04:25:00Z,TARGET,814358b789356e66ad75f42c62f0d499a557dd526408de83d29de69cc85509ba,2024-06-13T04:25:00Z,FIRST_RETEST_FILLED,2024-06-12T22:05:00Z,2024-06-12T21:56:00Z,2324.76,True,True,INITIAL_CONFIRMATION_TARGET,383f2e429edbe90a3ca2055972676ec77117c65cf9877ffc61ca1236e2732efb,28038ca9b51491a45c7675fd3cb5e9f4dd4826636e2c6b1cd8448f61afddb130,2339.8543214285714,4.886428571428561,0.24432142857142805,,M15_LATEST_CONFIRMED_OPPOSING_SWING_ELSE_CONTROL,True,52729e2f7da911758e663e1300e1e5e5e0c54fbd2b551b4ee09c06209d7247c0,2024-06-12T21:00:00Z,2339.61,2311.68,28bdd48b49490d2495b835e0070d28e1f4d11180903887f1734a3471393a7c75
2ab30b4f8f1f59c539ace09b6350827e7c96b55aca01daba22a1c18218a87539,2324.76,2024-06-12T21:50:00Z,96f9d93720caf0e377bf48c39cbc0e0b72f98e2cd81bce294c9d1c915e3e57f7,2024-06-12T21:50:00Z,2321.22,2341.66,2024-07-01T00:00:00Z,2024-06-12T19:00:00Z,0.3072325988027149,SHORT,1.0,38.69822485207297,CONTROL_V2_FILLED_STOP,2024-06-12T21:56:00Z,M5_BROKEN_CONTROL_FIRST_RETEST,2324.76,True,e218ea371761ddc1dd711dd0b003588907b9f7d96da39275a304080faed7e587,0.04911242603549971,0.8485207100591985,2024_06,0.7739644970414594,0.4667318982387445,TARGET,2024-06-13T04:25:00Z,TARGET,63dd7397be72f2fdecf5681a6046ccb6c80036df03454489f7cad681e3125cda,2024-06-13T04:25:00Z,FIRST_RETEST_FILLED,2024-06-12T22:05:00Z,2024-06-12T21:56:00Z,2324.76,True,True,INITIAL_CONFIRMATION_TARGET,a78338ac45707b2f4f4fd9c25844d868d58fee77f98c2d52c1d5789eea3d6548,28038ca9b51491a45c7675fd3cb5e9f4dd4826636e2c6b1cd8448f61afddb130,2341.66,7.3335714285714335,0.3666785714285717,NOT_STRICTLY_CLOSER_THAN_CONTROL,H1_SOURCE_SWING_BUFFERED_ELSE_CONTROL,False,28038ca9b51491a45c7675fd3cb5e9f4dd4826636e2c6b1cd8448f61afddb130,2024-06-12T19:00:00Z,2341.66,2311.68,28bdd48b49490d2495b835e0070d28e1f4d11180903887f1734a3471393a7c75
2ab30b4f8f1f59c539ace09b6350827e7c96b55aca01daba22a1c18218a87539,2324.76,2024-06-12T21:50:00Z,96f9d93720caf0e377bf48c39cbc0e0b72f98e2cd81bce294c9d1c915e3e57f7,2024-06-12T21:50:00Z,2321.22,2341.66,2024-07-01T00:00:00Z,2024-06-12T19:00:00Z,0.2304244491020362,SHORT,1.0,34.85781736703903,CONTROL_V2_FILLED_STOP,2024-06-12T21:50:00Z,CONFIRMED_25_75_RETEST_SPLIT,2321.22,True,929c327b9d7fab70fe2a9d7ef5e8111978ecc763011dd2823b7603dd05eb126e,0.09028343890040577,0.7684844660081915,2024_06,0.6971563473407807,0.4667318982387445,TARGET,2024-06-13T04:25:00Z,SPLIT_TARGET_TARGET,169126f948854c4b34b73d7260d894f532e057f9eacbc0cb4f39b8ceece87c05,2024-06-13T04:25:00Z,FIRST_RETEST_FILLED,2024-06-12T22:05:00Z,2024-06-12T21:56:00Z,2324.76,True,True,INITIAL_CONFIRMATION_TARGET,ed79d897694e87c5497626a365753ab056b1ae6ed42bb606901ce61ba51f8e06,28038ca9b51491a45c7675fd3cb5e9f4dd4826636e2c6b1cd8448f61afddb130,2341.66,,,,CONTROL_V2_FILLED_STOP,False,,2024-06-12T21:50:00Z,2341.66,2311.68,28bdd48b49490d2495b835e0070d28e1f4d11180903887f1734a3471393a7c75
2ab30b4f8f1f59c539ace09b6350827e7c96b55aca01daba22a1c18218a87539,2324.76,2024-06-12T21:50:00Z,96f9d93720caf0e377bf48c39cbc0e0b72f98e2cd81bce294c9d1c915e3e57f7,2024-06-12T21:50:00Z,2321.22,2341.66,2024-07-01T00:00:00Z,2024-06-12T19:00:00Z,0.9033930866118467,SHORT,0.5833589600223706,68.50624924252956,M5_LATEST_CONFIRMED_OPPOSING_SWING_ELSE_CONTROL,2024-06-12T21:50:00Z,CONFIRMED_25_75_RETEST_SPLIT,2321.22,True,0da58cabf538cb62470fecfdb5ae254366ba27bbc2ca8641f463142cd7fb432e,0.165872870513616,1.5092592262422877,2024_06,1.3701249848505912,0.4667318982387445,TARGET,2024-06-13T04:25:00Z,SPLIT_TARGET_TARGET,b4ac3b5e5f7dd6f0fa476c69a27a7af47c39cae275edb66d58169f44718ffcaa,2024-06-13T04:25:00Z,FIRST_RETEST_FILLED,2024-06-12T22:05:00Z,2024-06-12T21:56:00Z,2324.76,True,True,INITIAL_CONFIRMATION_TARGET,1c166ecf5d5cfd72b95e2c767c974c84a3ad56ee2d3af9f1c3248ee71d2c1df5,28038ca9b51491a45c7675fd3cb5e9f4dd4826636e2c6b1cd8448f61afddb130,2333.143857142857,4.077142857142819,0.20385714285714096,,M5_LATEST_CONFIRMED_OPPOSING_SWING_ELSE_CONTROL,True,7f5da1d151e01d3ba76309c4aaeb43b582775e17aa04d06da8707a0944794d35,2024-06-12T21:45:00Z,2332.94,2311.68,28bdd48b49490d2495b835e0070d28e1f4d11180903887f1734a3471393a7c75
2ab30b4f8f1f59c539ace09b6350827e7c96b55aca01daba22a1c18218a87539,2324.76,2024-06-12T21:50:00Z,96f9d93720caf0e377bf48c39cbc0e0b72f98e2cd81bce294c9d1c915e3e57f7,2024-06-12T21:50:00Z,2321.22,2341.66,2024-07-01T00:00:00Z,2024-06-12T19:00:00Z,0.3111710202400285,SHORT,0.9116595610847157,38.89514592393865,M15_LATEST_CONFIRMED_OPPOSING_SWING_ELSE_CONTROL,2024-06-12T21:50:00Z,CONFIRMED_25_75_RETEST_SPLIT,2321.22,True,6e7c9ea7b10dd342e57d7e2457b60527ee8c954f33e0e78b4028e76b52f79be2,0.09986905053698933,0.8574135353701914,2024_06,0.777902918478773,0.4667318982387445,TARGET,2024-06-13T04:25:00Z,SPLIT_TARGET_TARGET,88175e0cab680d5223f8db6f8039199e224e215e27ac4ac0b015e85a13750355,2024-06-13T04:25:00Z,FIRST_RETEST_FILLED,2024-06-12T22:05:00Z,2024-06-12T21:56:00Z,2324.76,True,True,INITIAL_CONFIRMATION_TARGET,e397ba598fab88e10fcded0c8f1083ede4a393b16a2d6e4807977662d5b9963d,28038ca9b51491a45c7675fd3cb5e9f4dd4826636e2c6b1cd8448f61afddb130,2339.8543214285714,4.886428571428561,0.24432142857142805,,M15_LATEST_CONFIRMED_OPPOSING_SWING_ELSE_CONTROL,True,52729e2f7da911758e663e1300e1e5e5e0c54fbd2b551b4ee09c06209d7247c0,2024-06-12T21:00:00Z,2339.61,2311.68,28bdd48b49490d2495b835e0070d28e1f4d11180903887f1734a3471393a7c75
2ab30b4f8f1f59c539ace09b6350827e7c96b55aca01daba22a1c18218a87539,2324.76,2024-06-12T21:50:00Z,96f9d93720caf0e377bf48c39cbc0e0b72f98e2cd81bce294c9d1c915e3e57f7,2024-06-12T21:50:00Z,2321.22,2341.66,2024-07-01T00:00:00Z,2024-06-12T19:00:00Z,0.2304244491020362,SHORT,1.0,34.85781736703903,CONTROL_V2_FILLED_STOP,2024-06-12T21:50:00Z,CONFIRMED_25_75_RETEST_SPLIT,2321.22,True,e218ea371761ddc1dd711dd0b003588907b9f7d96da39275a304080faed7e587,0.09028343890040577,0.7684844660081915,2024_06,0.6971563473407807,0.4667318982387445,TARGET,2024-06-13T04:25:00Z,SPLIT_TARGET_TARGET,638fd0585b38ddda9604f5a8342c5abbd821629708590ca7178e2ac2f64f217d,2024-06-13T04:25:00Z,FIRST_RETEST_FILLED,2024-06-12T22:05:00Z,2024-06-12T21:56:00Z,2324.76,True,True,INITIAL_CONFIRMATION_TARGET,f38703e82993db55b4fa7bf0aa4cf68461a5265c4837a2bb54d2689267b46ad6,28038ca9b51491a45c7675fd3cb5e9f4dd4826636e2c6b1cd8448f61afddb130,2341.66,7.3335714285714335,0.3666785714285717,NOT_STRICTLY_CLOSER_THAN_CONTROL,H1_SOURCE_SWING_BUFFERED_ELSE_CONTROL,False,28038ca9b51491a45c7675fd3cb5e9f4dd4826636e2c6b1cd8448f61afddb130,2024-06-12T19:00:00Z,2341.66,2311.68,28bdd48b49490d2495b835e0070d28e1f4d11180903887f1734a3471393a7c75
d700e387e1b32341d84fe4a68047864410a3735feb540078e7e92377bb9c8ba2,2322.12,2024-06-13T03:35:00Z,307396bc6decdbbc594cb2b084869c2ec380afdb51f333b301eab81c100409ab,2024-06-13T03:35:00Z,2322.85,2315.91,2024-07-01T00:00:00Z,2024-06-13T03:00:00Z,0.0,LONG,1.0,-50.0,CONTROL_V2_FILLED_STOP,2024-06-13T03:35:00Z,CONTROL_NEXT_M1_OPEN,2322.85,True,a773817cd2517958af8feadee446ee4b7abb0d0f68b8ecf24694b0863201d573,1.2982708933717138,0.011527377521603259,2024_06,-1.0,-1.0,STOP,2024-06-13T04:13:00Z,STOP,2d9ad4d25752c66a73b31eac7a010d54f783ac1f88767be07c2737918de4385f,2024-06-13T04:13:00Z,FIRST_RETEST_FILLED,2024-06-13T03:50:00Z,2024-06-13T03:35:00Z,2322.12,True,False,INITIAL_CONFIRMATION_STOP,4e7c24b361b20f28d3a542d9e47d02e255d17aec6964d72cd49d0335d1e2506e,e81c318f602c7b8d848871461d930f1c55d9c3274a4ee2162d7c4906b7d0e916,2315.91,,,,CONTROL_V2_FILLED_STOP,False,,2024-06-13T03:35:00Z,2315.91,2339.61,6619487720eff4e5a2b8e5298c9dab1d90e6add2c6424647ffa5d263521a180a
d700e387e1b32341d84fe4a68047864410a3735feb540078e7e92377bb9c8ba2,2322.12,2024-06-13T03:35:00Z,307396bc6decdbbc594cb2b084869c2ec380afdb51f333b301eab81c100409ab,2024-06-13T03:35:00Z,2322.85,2315.91,2024-07-01T00:00:00Z,2024-06-13T03:00:00Z,0.0,LONG,0.766925689584206,-50.0,M5_LATEST_CONFIRMED_OPPOSING_SWING_ELSE_CONTROL,2024-06-13T03:35:00Z,CONTROL_NEXT_M1_OPEN,2322.85,True,9876c37c978a98c6d4b8708ad170104bca0cca72b95aa8050acc46d87c25af94,1.0840843057391183,0.015030631622019213,2024_06,-1.0,-1.0,STOP,2024-06-13T04:13:00Z,STOP,b0ceccf0b7f26a110ecec1591296b3a50d8d061a8bb0e9492b285624d9fd0e0e,2024-06-13T04:09:00Z,FIRST_RETEST_FILLED,2024-06-13T03:50:00Z,2024-06-13T03:35:00Z,2322.12,True,False,INITIAL_CONFIRMATION_STOP,4a4b1ef8ab9676b1024b47bc3f048232e355a58226e94db5aecde302fa71a852,e81c318f602c7b8d848871461d930f1c55d9c3274a4ee2162d7c4906b7d0e916,2317.5275357142855,1.0492857142856533,0.05246428571428267,,M5_LATEST_CONFIRMED_OPPOSING_SWING_ELSE_CONTROL,True,6863b5290fb210dffdbf9c8224351007142d3c9ff71cd8ac98851e144e64d50b,2024-06-13T03:20:00Z,2317.58,2339.61,6619487720eff4e5a2b8e5298c9dab1d90e6add2c6424647ffa5d263521a180a
d700e387e1b32341d84fe4a68047864410a3735feb540078e7e92377bb9c8ba2,2322.12,2024-06-13T03:35:00Z,307396bc6decdbbc594cb2b084869c2ec380afdb51f333b301eab81c100409ab,2024-06-13T03:35:00Z,2322.85,2315.91,2024-07-01T00:00:00Z,2024-06-13T03:00:00Z,0.0,LONG,0.3198744339234386,-50.0,M15_LATEST_CONFIRMED_OPPOSING_SWING_ELSE_CONTROL,2024-06-13T03:35:00Z,CONTROL_NEXT_M1_OPEN,2322.85,True,b20be3c4c26e0e2fa718366aba06cb467c43492a450f5e613f8791e9e1e995c8,1.2793204414554424,0.03603719553392728,2024_06,-1.0,-1.0,STOP,2024-06-13T04:13:00Z,STOP,d298a31b2bf1a1331a9fb2b6702f91aea04f2ca6538430aee2059bfa2a1177c4,2024-06-13T03:42:00Z,FIRST_RETEST_FILLED,2024-06-13T03:50:00Z,2024-06-13T03:35:00Z,2322.12,True,False,INITIAL_CONFIRMATION_STOP,ab79e1c2451d6b98645b4a62011bbbb421b3e3c3df41c8867737601c77de3fc3,e81c318f602c7b8d848871461d930f1c55d9c3274a4ee2162d7c4906b7d0e916,2320.6300714285712,1.9985714285714298,0.09992857142857149,,M15_LATEST_CONFIRMED_OPPOSING_SWING_ELSE_CONTROL,True,84947ba023bda1e2b9bb56c590dbdcdcc873e215a72d7745fc899da85d5c42a5,2024-06-13T02:45:00Z,2320.73,2339.61,6619487720eff4e5a2b8e5298c9dab1d90e6add2c6424647ffa5d263521a180a
d700e387e1b32341d84fe4a68047864410a3735feb540078e7e92377bb9c8ba2,2322.12,2024-06-13T03:35:00Z,307396bc6decdbbc594cb2b084869c2ec380afdb51f333b301eab81c100409ab,2024-06-13T03:35:00Z,2322.85,2315.91,2024-07-01T00:00:00Z,2024-06-13T03:00:00Z,0.0,LONG,1.0,-50.0,CONTROL_V2_FILLED_STOP,2024-06-13T03:35:00Z,CONTROL_NEXT_M1_OPEN,2322.85,True,8ac8facc1d0f77b89c1e8c9233d279546cb7873e87b45ec74d6b9768f78661bf,1.2982708933717138,0.011527377521603259,2024_06,-1.0,-1.0,STOP,2024-06-13T04:13:00Z,STOP,9a3b7b4da1696d4432949f9b284c4ab6e086d21d5a218a854ed20308238eccbd,2024-06-13T04:13:00Z,FIRST_RETEST_FILLED,2024-06-13T03:50:00Z,2024-06-13T03:35:00Z,2322.12,True,False,INITIAL_CONFIRMATION_STOP,22b09c237cc39b0e428fbcae927ce1f12f53e38720cad168403fc7ea74e4d259,e81c318f602c7b8d848871461d930f1c55d9c3274a4ee2162d7c4906b7d0e916,2315.91,8.592142857142855,0.4296071428571428,NOT_STRICTLY_CLOSER_THAN_CONTROL,H1_SOURCE_SWING_BUFFERED_ELSE_CONTROL,False,e81c318f602c7b8d848871461d930f1c55d9c3274a4ee2162d7c4906b7d0e916,2024-06-13T03:00:00Z,2315.91,2339.61,6619487720eff4e5a2b8e5298c9dab1d90e6add2c6424647ffa5d263521a180a
d700e387e1b32341d84fe4a68047864410a3735feb540078e7e92377bb9c8ba2,2322.12,2024-06-13T03:35:00Z,307396bc6decdbbc594cb2b084869c2ec380afdb51f333b301eab81c100409ab,2024-06-13T03:35:00Z,2322.85,2315.91,2024-07-01T00:00:00Z,2024-06-13T03:00:00Z,0.0,LONG,1.0,-50.0,CONTROL_V2_FILLED_STOP,2024-06-13T03:35:00Z,M5_BROKEN_CONTROL_FIRST_RETEST,2322.12,True,a773817cd2517958af8feadee446ee4b7abb0d0f68b8ecf24694b0863201d573,1.3333333333332844,0.1304347826086861,2024_06,-1.0,-1.0,STOP,2024-06-13T04:13:00Z,STOP,b07a394981a8593f1a8787c073ab085a9b8d3caf3eb140d0587815d7efca3878,2024-06-13T04:13:00Z,FIRST_RETEST_FILLED,2024-06-13T03:50:00Z,2024-06-13T03:35:00Z,2322.12,True,True,INITIAL_CONFIRMATION_STOP,5e3937da0e036d40af700f01c87edf0e3b445cac29dcc4212c28efbe5deff624,e81c318f602c7b8d848871461d930f1c55d9c3274a4ee2162d7c4906b7d0e916,2315.91,,,,CONTROL_V2_FILLED_STOP,False,,2024-06-13T03:35:00Z,2315.91,2339.61,6619487720eff4e5a2b8e5298c9dab1d90e6add2c6424647ffa5d263521a180a
d700e387e1b32341d84fe4a68047864410a3735feb540078e7e92377bb9c8ba2,2322.12,2024-06-13T03:35:00Z,307396bc6decdbbc594cb2b084869c2ec380afdb51f333b301eab81c100409ab,2024-06-13T03:35:00Z,2322.85,2315.91,2024-07-01T00:00:00Z,2024-06-13T03:00:00Z,0.0,LONG,0.766925689584206,-50.0,M5_LATEST_CONFIRMED_OPPOSING_SWING_ELSE_CONTROL,2024-06-13T03:35:00Z,M5_BROKEN_CONTROL_FIRST_RETEST,2322.12,True,9876c37c978a98c6d4b8708ad170104bca0cca72b95aa8050acc46d87c25af94,1.0974500151645556,0.17637589529429298,2024_06,-1.0,-1.0,STOP,2024-06-13T04:13:00Z,STOP,f01f8d39d2b8101efda44a40abbb1a1b29dfb11b85cfe9b5e9f05025debcfc76,2024-06-13T04:09:00Z,FIRST_RETEST_FILLED,2024-06-13T03:50:00Z,2024-06-13T03:35:00Z,2322.12,True,True,INITIAL_CONFIRMATION_STOP,43b2343c0c18bf4534a248e91d2f50444c91688692eea7dd88e503c53868f095,e81c318f602c7b8d848871461d930f1c55d9c3274a4ee2162d7c4906b7d0e916,2317.5275357142855,1.0492857142856533,0.05246428571428267,,M5_LATEST_CONFIRMED_OPPOSING_SWING_ELSE_CONTROL,True,6863b5290fb210dffdbf9c8224351007142d3c9ff71cd8ac98851e144e64d50b,2024-06-13T03:20:00Z,2317.58,2339.61,6619487720eff4e5a2b8e5298c9dab1d90e6add2c6424647ffa5d263521a180a
d700e387e1b32341d84fe4a68047864410a3735feb540078e7e92377bb9c8ba2,2322.12,2024-06-13T03:35:00Z,307396bc6decdbbc594cb2b084869c2ec380afdb51f333b301eab81c100409ab,2024-06-13T03:35:00Z,2322.85,2315.91,2024-07-01T00:00:00Z,2024-06-13T03:00:00Z,0.0,LONG,0.3198744339234386,-50.0,M15_LATEST_CONFIRMED_OPPOSING_SWING_ELSE_CONTROL,2024-06-13T03:35:00Z,M5_BROKEN_CONTROL_FIRST_RETEST,2322.12,True,b20be3c4c26e0e2fa718366aba06cb467c43492a450f5e613f8791e9e1e995c8,1.4161752720645089,0.5436502229252858,2024_06,-1.0,-1.0,STOP,2024-06-13T04:13:00Z,STOP,4b59413c7fb41403c637d0ea31def6db3991c0f8c9a965cfba1d93dbab2215db,2024-06-13T03:42:00Z,FIRST_RETEST_FILLED,2024-06-13T03:50:00Z,2024-06-13T03:35:00Z,2322.12,True,True,INITIAL_CONFIRMATION_STOP,ca3d788087d1663c66c539fedf77b421ee9e7cbb399ca83887e23f1b4991010e,e81c318f602c7b8d848871461d930f1c55d9c3274a4ee2162d7c4906b7d0e916,2320.6300714285712,1.9985714285714298,0.09992857142857149,,M15_LATEST_CONFIRMED_OPPOSING_SWING_ELSE_CONTROL,True,84947ba023bda1e2b9bb56c590dbdcdcc873e215a72d7745fc899da85d5c42a5,2024-06-13T02:45:00Z,2320.73,2339.61,6619487720eff4e5a2b8e5298c9dab1d90e6add2c6424647ffa5d263521a180a
d700e387e1b32341d84fe4a68047864410a3735feb540078e7e92377bb9c8ba2,2322.12,2024-06-13T03:35:00Z,307396bc6decdbbc594cb2b084869c2ec380afdb51f333b301eab81c100409ab,2024-06-13T03:35:00Z,2322.85,2315.91,2024-07-01T00:00:00Z,2024-06-13T03:00:00Z,0.0,LONG,1.0,-50.0,CONTROL_V2_FILLED_STOP,2024-06-13T03:35:00Z,M5_BROKEN_CONTROL_FIRST_RETEST,2322.12,True,8ac8facc1d0f77b89c1e8c9233d279546cb7873e87b45ec74d6b9768f78661bf,1.3333333333332844,0.1304347826086861,2024_06,-1.0,-1.0,STOP,2024-06-13T04:13:00Z,STOP,da16465ba337468270f42f9303b50b737a43beffcd5c302381042073c501ffc7,2024-06-13T04:13:00Z,FIRST_RETEST_FILLED,2024-06-13T03:50:00Z,2024-06-13T03:35:00Z,2322.12,True,True,INITIAL_CONFIRMATION_STOP,167fb1a72df454e9bcb481f95390a94ecdc857cbaae3990c9e3f1d39d75a0b8a,e81c318f602c7b8d848871461d930f1c55d9c3274a4ee2162d7c4906b7d0e916,2315.91,8.592142857142855,0.4296071428571428,NOT_STRICTLY_CLOSER_THAN_CONTROL,H1_SOURCE_SWING_BUFFERED_ELSE_CONTROL,False,e81c318f602c7b8d848871461d930f1c55d9c3274a4ee2162d7c4906b7d0e916,2024-06-13T03:00:00Z,2315.91,2339.61,6619487720eff4e5a2b8e5298c9dab1d90e6add2c6424647ffa5d263521a180a
d700e387e1b32341d84fe4a68047864410a3735feb540078e7e92377bb9c8ba2,2322.12,2024-06-13T03:35:00Z,307396bc6decdbbc594cb2b084869c2ec380afdb51f333b301eab81c100409ab,2024-06-13T03:35:00Z,2322.85,2315.91,2024-07-01T00:00:00Z,2024-06-13T03:00:00Z,0.0,LONG,1.0,-50.0,CONTROL_V2_FILLED_STOP,2024-06-13T03:35:00Z,CONFIRMED_25_75_RETEST_SPLIT,2322.85,True,a773817cd2517958af8feadee446ee4b7abb0d0f68b8ecf24694b0863201d573,1.3245677233428919,0.10070793133691539,2024_06,-1.0,-1.0,STOP,2024-06-13T04:13:00Z,SPLIT_STOP_STOP,db967b4a22406fc1e4a7bf92579aa1ff861bd3ffd65a0782f1ac50ff18862597,2024-06-13T04:13:00Z,FIRST_RETEST_FILLED,2024-06-13T03:50:00Z,2024-06-13T03:35:00Z,2322.12,True,True,INITIAL_CONFIRMATION_STOP,8f9c08360c1c024c63991e7eba9bc2f289d0729b6b0fae6c7650aea26a224fea,e81c318f602c7b8d848871461d930f1c55d9c3274a4ee2162d7c4906b7d0e916,2315.91,,,,CONTROL_V2_FILLED_STOP,False,,2024-06-13T03:35:00Z,2315.91,2339.61,6619487720eff4e5a2b8e5298c9dab1d90e6add2c6424647ffa5d263521a180a
d700e387e1b32341d84fe4a68047864410a3735feb540078e7e92377bb9c8ba2,2322.12,2024-06-13T03:35:00Z,307396bc6decdbbc594cb2b084869c2ec380afdb51f333b301eab81c100409ab,2024-06-13T03:35:00Z,2322.85,2315.91,2024-07-01T00:00:00Z,2024-06-13T03:00:00Z,0.0,LONG,0.766925689584206,-50.0,M5_LATEST_CONFIRMED_OPPOSING_SWING_ELSE_CONTROL,2024-06-13T03:35:00Z,CONFIRMED_25_75_RETEST_SPLIT,2322.85,True,9876c37c978a98c6d4b8708ad170104bca0cca72b95aa8050acc46d87c25af94,1.0941085878081962,0.13603957937622455,2024_06,-1.0,-1.0,STOP,2024-06-13T04:13:00Z,SPLIT_STOP_STOP,bf370ea60a27fbd994ea9c8958ead224b49bea09b93802175d55a56585274b90,2024-06-13T04:09:00Z,FIRST_RETEST_FILLED,2024-06-13T03:50:00Z,2024-06-13T03:35:00Z,2322.12,True,True,INITIAL_CONFIRMATION_STOP,296b8ac84e0460f6351ab86bb5268f1f7864a9a34ccac9c29a9c4a9b946dab44,e81c318f602c7b8d848871461d930f1c55d9c3274a4ee2162d7c4906b7d0e916,2317.5275357142855,1.0492857142856533,0.05246428571428267,,M5_LATEST_CONFIRMED_OPPOSING_SWING_ELSE_CONTROL,True,6863b5290fb210dffdbf9c8224351007142d3c9ff71cd8ac98851e144e64d50b,2024-06-13T03:20:00Z,2317.58,2339.61,6619487720eff4e5a2b8e5298c9dab1d90e6add2c6424647ffa5d263521a180a
d700e387e1b32341d84fe4a68047864410a3735feb540078e7e92377bb9c8ba2,2322.12,2024-06-13T03:35:00Z,307396bc6decdbbc594cb2b084869c2ec380afdb51f333b301eab81c100409ab,2024-06-13T03:35:00Z,2322.85,2315.91,2024-07-01T00:00:00Z,2024-06-13T03:00:00Z,0.0,LONG,0.3198744339234386,-50.0,M15_LATEST_CONFIRMED_OPPOSING_SWING_ELSE_CONTROL,2024-06-13T03:35:00Z,CONFIRMED_25_75_RETEST_SPLIT,2322.85,True,b20be3c4c26e0e2fa718366aba06cb467c43492a450f5e613f8791e9e1e995c8,1.3819615644122423,0.41674696607744616,2024_06,-1.0,-1.0,STOP,2024-06-13T04:13:00Z,SPLIT_STOP_STOP,1308410104cdb5824cc5c62e5d65f23c597e162b21eea1d4249f30ee721239a8,2024-06-13T03:42:00Z,FIRST_RETEST_FILLED,2024-06-13T03:50:00Z,2024-06-13T03:35:00Z,2322.12,True,True,INITIAL_CONFIRMATION_STOP,fe954cb3454714e50df7f3ce6bc06ae6630e7d60c11012bb73e94ef3ea10a677,e81c318f602c7b8d848871461d930f1c55d9c3274a4ee2162d7c4906b7d0e916,2320.6300714285712,1.9985714285714298,0.09992857142857149,,M15_LATEST_CONFIRMED_OPPOSING_SWING_ELSE_CONTROL,True,84947ba023bda1e2b9bb56c590dbdcdcc873e215a72d7745fc899da85d5c42a5,2024-06-13T02:45:00Z,2320.73,2339.61,6619487720eff4e5a2b8e5298c9dab1d90e6add2c6424647ffa5d263521a180a
d700e387e1b32341d84fe4a68047864410a3735feb540078e7e92377bb9c8ba2,2322.12,2024-06-13T03:35:00Z,307396bc6decdbbc594cb2b084869c2ec380afdb51f333b301eab81c100409ab,2024-06-13T03:35:00Z,2322.85,2315.91,2024-07-01T00:00:00Z,2024-06-13T03:00:00Z,0.0,LONG,1.0,-50.0,CONTROL_V2_FILLED_STOP,2024-06-13T03:35:00Z,CONFIRMED_25_75_RETEST_SPLIT,2322.85,True,8ac8facc1d0f77b89c1e8c9233d279546cb7873e87b45ec74d6b9768f78661bf,1.3245677233428919,0.10070793133691539,2024_06,-1.0,-1.0,STOP,2024-06-13T04:13:00Z,SPLIT_STOP_STOP,61acafa211e36b270f00ce79245b0499a33e9922d718cb7ad144514380914e3b,2024-06-13T04:13:00Z,FIRST_RETEST_FILLED,2024-06-13T03:50:00Z,2024-06-13T03:35:00Z,2322.12,True,True,INITIAL_CONFIRMATION_STOP,39f5ff3188a52f3adcdab882c41e18193c424a55ec2f3204d4fbc1aa6fcf0bb5,e81c318f602c7b8d848871461d930f1c55d9c3274a4ee2162d7c4906b7d0e916,2315.91,8.592142857142855,0.4296071428571428,NOT_STRICTLY_CLOSER_THAN_CONTROL,H1_SOURCE_SWING_BUFFERED_ELSE_CONTROL,False,e81c318f602c7b8d848871461d930f1c55d9c3274a4ee2162d7c4906b7d0e916,2024-06-13T03:00:00Z,2315.91,2339.61,6619487720eff4e5a2b8e5298c9dab1d90e6add2c6424647ffa5d263521a180a
db66f5ce76e05a94701cc869c7fb0191dba6321e6226b394c39d9ababca6ea02,2315.91,2024-06-13T04:15:00Z,c6ce7bdb11ce968af8e36d88f4d423edcbf29788872a650059eb1c202b4b3817,2024-06-13T04:15:00Z,2315.72,2339.61,2024-07-01T00:00:00Z,2024-06-12T23:00:00Z,0.0,SHORT,1.0,8.455420678107803,CONTROL_V2_FILLED_STOP,2024-06-13T04:15:00Z,CONTROL_NEXT_M1_OPEN,2315.72,True,28ab9ea83d230583f897e141405e8cb44bddb87ff733c190f182e64b216c8cf2,0.012557555462544069,0.22185014650479926,2024_06,0.16910841356215606,0.16910841356215606,TARGET,2024-06-13T04:25:00Z,TARGET,0cfe663a24419988acb3672fffd0c3a91b3c1e2a5c0eddd887044d0e1ec4797f,2024-06-13T04:25:00Z,FIRST_RETEST_FILLED,2024-06-13T04:30:00Z,2024-06-13T04:15:00Z,2315.91,True,False,INITIAL_CONFIRMATION_TARGET,5e8b82b5f3038ae20a01b5dfd5e1873b4beb41d388d07eb5550ac486756eecfc,b2e19d3fe8a5e495c820af76f118276711ad6d4ef716c0bf4b21b1bfcd90b6d1,2339.61,,,,CONTROL_V2_FILLED_STOP,False,,2024-06-13T04:15:00Z,2339.61,2311.68,4635c1c061fdfa35f0ea6773691ac61f3dcbf9611802505d6b1f1ef9077343e5
db66f5ce76e05a94701cc869c7fb0191dba6321e6226b394c39d9ababca6ea02,2315.91,2024-06-13T04:15:00Z,c6ce7bdb11ce968af8e36d88f4d423edcbf29788872a650059eb1c202b4b3817,2024-06-13T04:15:00Z,2315.72,2339.61,2024-07-01T00:00:00Z,2024-06-12T23:00:00Z,0.5103521985049737,SHORT,0.2488862644262422,33.97303060335649,M5_LATEST_CONFIRMED_OPPOSING_SWING_ELSE_CONTROL,2024-06-13T04:15:00Z,CONTROL_NEXT_M1_OPEN,2315.72,True,e2f674346ec99639299b09534206d653f68bde0c8cad51bbcedf2ba6b2eb33b4,0.050454995945609996,0.8913715950385236,2024_06,0.6794606120671298,0.16910841356215606,TARGET,2024-06-13T04:25:00Z,TARGET,121584a9d98ec73426bb6881272affb2d6dcbeea14c35f6c64e5bd00b5d58258,2024-06-13T04:25:00Z,FIRST_RETEST_FILLED,2024-06-13T04:30:00Z,2024-06-13T04:15:00Z,2315.91,True,False,INITIAL_CONFIRMATION_TARGET,b0db75a83c35fd104886b90545f71e80106f9e04c81cd48775fada42a4b8db9d,b2e19d3fe8a5e495c820af76f118276711ad6d4ef716c0bf4b21b1bfcd90b6d1,2321.665892857143,1.7178571428570908,0.08589285714285455,,M5_LATEST_CONFIRMED_OPPOSING_SWING_ELSE_CONTROL,True,137b9137bce396b6fe5c4382e32ed54f94e53d73a41eec527a3f7b0203332e03,2024-06-13T04:15:00Z,2321.58,2311.68,4635c1c061fdfa35f0ea6773691ac61f3dcbf9611802505d6b1f1ef9077343e5
db66f5ce76e05a94701cc869c7fb0191dba6321e6226b394c39d9ababca6ea02,2315.91,2024-06-13T04:15:00Z,c6ce7bdb11ce968af8e36d88f4d423edcbf29788872a650059eb1c202b4b3817,2024-06-13T04:15:00Z,2315.72,2339.61,2024-07-01T00:00:00Z,2024-06-12T23:00:00Z,0.377708427932505,SHORT,0.3092597022065334,27.34084207473305,M15_LATEST_CONFIRMED_OPPOSING_SWING_ELSE_CONTROL,2024-06-13T04:15:00Z,CONTROL_NEXT_M1_OPEN,2315.72,True,673403d544d1bfe7548ea37241b7d452557ae7b6a6c03dd44a0956cfff8d33f3,0.04060521100210378,0.7173587277033615,2024_06,0.546816841494661,0.16910841356215606,TARGET,2024-06-13T04:25:00Z,TARGET,661b19c6e75777c81339085fa33a66f77028fa508222dca85141a3dfacf6f4e0,2024-06-13T04:25:00Z,FIRST_RETEST_FILLED,2024-06-13T04:30:00Z,2024-06-13T04:15:00Z,2315.91,True,False,INITIAL_CONFIRMATION_TARGET,7ae2cf24401ad7d46e91c61ba56680ada206b4797c6ddafd4e650437e08d70e5,b2e19d3fe8a5e495c820af76f118276711ad6d4ef716c0bf4b21b1bfcd90b6d1,2323.108214285714,2.364285714285643,0.11821428571428215,,M15_LATEST_CONFIRMED_OPPOSING_SWING_ELSE_CONTROL,True,fb1efe278c7d54254a4f136e717bed8e870eba8dffeb17de3723819c7acf6286,2024-06-13T04:15:00Z,2322.99,2311.68,4635c1c061fdfa35f0ea6773691ac61f3dcbf9611802505d6b1f1ef9077343e5
db66f5ce76e05a94701cc869c7fb0191dba6321e6226b394c39d9ababca6ea02,2315.91,2024-06-13T04:15:00Z,c6ce7bdb11ce968af8e36d88f4d423edcbf29788872a650059eb1c202b4b3817,2024-06-13T04:15:00Z,2315.72,2339.61,2024-07-01T00:00:00Z,2024-06-12T23:00:00Z,0.0,SHORT,1.0,8.455420678107803,CONTROL_V2_FILLED_STOP,2024-06-13T04:15:00Z,CONTROL_NEXT_M1_OPEN,2315.72,True,fc61eede9e04b55984aa0f77048d65d803adeadd392b00a60264cb352af0cbd4,0.012557555462544069,0.22185014650479926,2024_06,0.16910841356215606,0.16910841356215606,TARGET,2024-06-13T04:25:00Z,TARGET,07af1ba8c8bf04a45082d88d753e9aa96f5408e21d35e7758210564a448447f1,2024-06-13T04:25:00Z,FIRST_RETEST_FILLED,2024-06-13T04:30:00Z,2024-06-13T04:15:00Z,2315.91,True,False,INITIAL_CONFIRMATION_TARGET,f5fa086bb5e64790d239d7a058769bc005306388051329bda51e0cdad336ac29,b2e19d3fe8a5e495c820af76f118276711ad6d4ef716c0bf4b21b1bfcd90b6d1,2339.61,8.627857142857108,0.4313928571428554,NOT_STRICTLY_CLOSER_THAN_CONTROL,H1_SOURCE_SWING_BUFFERED_ELSE_CONTROL,False,b2e19d3fe8a5e495c820af76f118276711ad6d4ef716c0bf4b21b1bfcd90b6d1,2024-06-12T23:00:00Z,2339.61,2311.68,4635c1c061fdfa35f0ea6773691ac61f3dcbf9611802505d6b1f1ef9077343e5
db66f5ce76e05a94701cc869c7fb0191dba6321e6226b394c39d9ababca6ea02,2315.91,2024-06-13T04:15:00Z,c6ce7bdb11ce968af8e36d88f4d423edcbf29788872a650059eb1c202b4b3817,2024-06-13T04:15:00Z,2315.72,2339.61,2024-07-01T00:00:00Z,2024-06-12T23:00:00Z,0.009372599096070494,SHORT,1.0,8.924050632911328,CONTROL_V2_FILLED_STOP,2024-06-13T04:15:00Z,M5_BROKEN_CONTROL_FIRST_RETEST,2315.91,True,28ab9ea83d230583f897e141405e8cb44bddb87ff733c190f182e64b216c8cf2,0.0046413502109757835,0.2316455696202413,2024_06,0.17848101265822655,0.16910841356215606,TARGET,2024-06-13T04:25:00Z,TARGET,2bfaa098a12751edfe845e13c14cf72c3e5f9a652b18b0c575c500d68890a3d4,2024-06-13T04:25:00Z,FIRST_RETEST_FILLED,2024-06-13T04:30:00Z,2024-06-13T04:15:00Z,2315.91,True,True,INITIAL_CONFIRMATION_TARGET,ff29391e0df67752a95040debc2b0080a7024bf01f7b1b46e4703d9a952264a8,b2e19d3fe8a5e495c820af76f118276711ad6d4ef716c0bf4b21b1bfcd90b6d1,2339.61,,,,CONTROL_V2_FILLED_STOP,False,,2024-06-13T04:15:00Z,2339.61,2311.68,4635c1c061fdfa35f0ea6773691ac61f3dcbf9611802505d6b1f1ef9077343e5
db66f5ce76e05a94701cc869c7fb0191dba6321e6226b394c39d9ababca6ea02,2315.91,2024-06-13T04:15:00Z,c6ce7bdb11ce968af8e36d88f4d423edcbf29788872a650059eb1c202b4b3817,2024-06-13T04:15:00Z,2315.72,2339.61,2024-07-01T00:00:00Z,2024-06-12T23:00:00Z,0.5657906029736832,SHORT,0.2488862644262422,36.744950826791964,M5_LATEST_CONFIRMED_OPPOSING_SWING_ELSE_CONTROL,2024-06-13T04:15:00Z,M5_BROKEN_CONTROL_FIRST_RETEST,2315.91,True,e2f674346ec99639299b09534206d653f68bde0c8cad51bbcedf2ba6b2eb33b4,0.019110849129795635,0.9538051065677493,2024_06,0.7348990165358392,0.16910841356215606,TARGET,2024-06-13T04:25:00Z,TARGET,8ff3ef5db38cd9b0cff9d7978cf40c1962a09b164ae7ddc54360bb793dff94b2,2024-06-13T04:25:00Z,FIRST_RETEST_FILLED,2024-06-13T04:30:00Z,2024-06-13T04:15:00Z,2315.91,True,True,INITIAL_CONFIRMATION_TARGET,0b0dc1192fa1b4f77ff5151442e8d3713c17089909fe94950fa1c3841cb75bec,b2e19d3fe8a5e495c820af76f118276711ad6d4ef716c0bf4b21b1bfcd90b6d1,2321.665892857143,1.7178571428570908,0.08589285714285455,,M5_LATEST_CONFIRMED_OPPOSING_SWING_ELSE_CONTROL,True,137b9137bce396b6fe5c4382e32ed54f94e53d73a41eec527a3f7b0203332e03,2024-06-13T04:15:00Z,2321.58,2311.68,4635c1c061fdfa35f0ea6773691ac61f3dcbf9611802505d6b1f1ef9077343e5
db66f5ce76e05a94701cc869c7fb0191dba6321e6226b394c39d9ababca6ea02,2315.91,2024-06-13T04:15:00Z,c6ce7bdb11ce968af8e36d88f4d423edcbf29788872a650059eb1c202b4b3817,2024-06-13T04:15:00Z,2315.72,2339.61,2024-07-01T00:00:00Z,2024-06-12T23:00:00Z,0.4185373319104467,SHORT,0.3092597022065334,29.382287273630137,M15_LATEST_CONFIRMED_OPPOSING_SWING_ELSE_CONTROL,2024-06-13T04:15:00Z,M5_BROKEN_CONTROL_FIRST_RETEST,2315.91,True,673403d544d1bfe7548ea37241b7d452557ae7b6a6c03dd44a0956cfff8d33f3,0.015281567849186961,0.7626891590175997,2024_06,0.5876457454726027,0.16910841356215606,TARGET,2024-06-13T04:25:00Z,TARGET,7b6e4815c07e0433fb4dfe2de78a160335523aec19f3bec6e1d561e30719b57f,2024-06-13T04:25:00Z,FIRST_RETEST_FILLED,2024-06-13T04:30:00Z,2024-06-13T04:15:00Z,2315.91,True,True,INITIAL_CONFIRMATION_TARGET,77d2c7f09a58fa24a04b3c6c32960ebbde9b1d0d55793a0d8cebda3111939e83,b2e19d3fe8a5e495c820af76f118276711ad6d4ef716c0bf4b21b1bfcd90b6d1,2323.108214285714,2.364285714285643,0.11821428571428215,,M15_LATEST_CONFIRMED_OPPOSING_SWING_ELSE_CONTROL,True,fb1efe278c7d54254a4f136e717bed8e870eba8dffeb17de3723819c7acf6286,2024-06-13T04:15:00Z,2322.99,2311.68,4635c1c061fdfa35f0ea6773691ac61f3dcbf9611802505d6b1f1ef9077343e5
db66f5ce76e05a94701cc869c7fb0191dba6321e6226b394c39d9ababca6ea02,2315.91,2024-06-13T04:15:00Z,c6ce7bdb11ce968af8e36d88f4d423edcbf29788872a650059eb1c202b4b3817,2024-06-13T04:15:00Z,2315.72,2339.61,2024-07-01T00:00:00Z,2024-06-12T23:00:00Z,0.009372599096070494,SHORT,1.0,8.924050632911328,CONTROL_V2_FILLED_STOP,2024-06-13T04:15:00Z,M5_BROKEN_CONTROL_FIRST_RETEST,2315.91,True,fc61eede9e04b55984aa0f77048d65d803adeadd392b00a60264cb352af0cbd4,0.0046413502109757835,0.2316455696202413,2024_06,0.17848101265822655,0.16910841356215606,TARGET,2024-06-13T04:25:00Z,TARGET,46743f19beaf8e3bdb6d97747193fb1b910574db44c502bbeae20023bba99815,2024-06-13T04:25:00Z,FIRST_RETEST_FILLED,2024-06-13T04:30:00Z,2024-06-13T04:15:00Z,2315.91,True,True,INITIAL_CONFIRMATION_TARGET,b6e1912dada954ba7ee56cb03306aee6f6078f658cd1df1e8632e47329076fe0,b2e19d3fe8a5e495c820af76f118276711ad6d4ef716c0bf4b21b1bfcd90b6d1,2339.61,8.627857142857108,0.4313928571428554,NOT_STRICTLY_CLOSER_THAN_CONTROL,H1_SOURCE_SWING_BUFFERED_ELSE_CONTROL,False,b2e19d3fe8a5e495c820af76f118276711ad6d4ef716c0bf4b21b1bfcd90b6d1,2024-06-12T23:00:00Z,2339.61,2311.68,4635c1c061fdfa35f0ea6773691ac61f3dcbf9611802505d6b1f1ef9077343e5
db66f5ce76e05a94701cc869c7fb0191dba6321e6226b394c39d9ababca6ea02,2315.91,2024-06-13T04:15:00Z,c6ce7bdb11ce968af8e36d88f4d423edcbf29788872a650059eb1c202b4b3817,2024-06-13T04:15:00Z,2315.72,2339.61,2024-07-01T00:00:00Z,2024-06-12T23:00:00Z,0.00702944932205285,SHORT,1.0,8.806893144210445,CONTROL_V2_FILLED_STOP,2024-06-13T04:15:00Z,CONFIRMED_25_75_RETEST_SPLIT,2315.72,True,28ab9ea83d230583f897e141405e8cb44bddb87ff733c190f182e64b216c8cf2,0.006620401523867855,0.2291967138413808,2024_06,0.1761378628842089,0.16910841356215606,TARGET,2024-06-13T04:25:00Z,SPLIT_TARGET_TARGET,ffa2c1a1509a273ea94fde14fadfc4ce6967860a1a990b76a0dee95c617ebcfb,2024-06-13T04:25:00Z,FIRST_RETEST_FILLED,2024-06-13T04:30:00Z,2024-06-13T04:15:00Z,2315.91,True,True,INITIAL_CONFIRMATION_TARGET,c3fd2ebdb680749ffa49d2990c543985c24b7f495fd4aababc699e27c5c9f9ea,b2e19d3fe8a5e495c820af76f118276711ad6d4ef716c0bf4b21b1bfcd90b6d1,2339.61,,,,CONTROL_V2_FILLED_STOP,False,,2024-06-13T04:15:00Z,2339.61,2311.68,4635c1c061fdfa35f0ea6773691ac61f3dcbf9611802505d6b1f1ef9077343e5
db66f5ce76e05a94701cc869c7fb0191dba6321e6226b394c39d9ababca6ea02,2315.91,2024-06-13T04:15:00Z,c6ce7bdb11ce968af8e36d88f4d423edcbf29788872a650059eb1c202b4b3817,2024-06-13T04:15:00Z,2315.72,2339.61,2024-07-01T00:00:00Z,2024-06-12T23:00:00Z,0.5519310018565058,SHORT,0.2488862644262422,36.051970770933096,M5_LATEST_CONFIRMED_OPPOSING_SWING_ELSE_CONTROL,2024-06-13T04:15:00Z,CONFIRMED_25_75_RETEST_SPLIT,2315.72,True,e2f674346ec99639299b09534206d653f68bde0c8cad51bbcedf2ba6b2eb33b4,0.026946885833749226,0.9381967286854429,2024_06,0.7210394154186619,0.16910841356215606,TARGET,2024-06-13T04:25:00Z,SPLIT_TARGET_TARGET,e6e92be36bbc0a1df541aaf341abe15d79b086e752c28b204b6f7c6b893ba4b3,2024-06-13T04:25:00Z,FIRST_RETEST_FILLED,2024-06-13T04:30:00Z,2024-06-13T04:15:00Z,2315.91,True,True,INITIAL_CONFIRMATION_TARGET,56452a031c7a0b411b61ca1d0dc2e5a20b944b7494ee4ec89db3ebc690a7075f,b2e19d3fe8a5e495c820af76f118276711ad6d4ef716c0bf4b21b1bfcd90b6d1,2321.665892857143,1.7178571428570908,0.08589285714285455,,M5_LATEST_CONFIRMED_OPPOSING_SWING_ELSE_CONTROL,True,137b9137bce396b6fe5c4382e32ed54f94e53d73a41eec527a3f7b0203332e03,2024-06-13T04:15:00Z,2321.58,2311.68,4635c1c061fdfa35f0ea6773691ac61f3dcbf9611802505d6b1f1ef9077343e5
db66f5ce76e05a94701cc869c7fb0191dba6321e6226b394c39d9ababca6ea02,2315.91,2024-06-13T04:15:00Z,c6ce7bdb11ce968af8e36d88f4d423edcbf29788872a650059eb1c202b4b3817,2024-06-13T04:15:00Z,2315.72,2339.61,2024-07-01T00:00:00Z,2024-06-12T23:00:00Z,0.40833010591596125,SHORT,0.3092597022065334,28.871925973905867,M15_LATEST_CONFIRMED_OPPOSING_SWING_ELSE_CONTROL,2024-06-13T04:15:00Z,CONFIRMED_25_75_RETEST_SPLIT,2315.72,True,673403d544d1bfe7548ea37241b7d452557ae7b6a6c03dd44a0956cfff8d33f3,0.021612478637416166,0.7513565511890401,2024_06,0.5774385194781173,0.16910841356215606,TARGET,2024-06-13T04:25:00Z,SPLIT_TARGET_TARGET,fabd9eafbaa5af3cd4537292295f1ac06ce978f4539f36d1fe8477c9595c08c8,2024-06-13T04:25:00Z,FIRST_RETEST_FILLED,2024-06-13T04:30:00Z,2024-06-13T04:15:00Z,2315.91,True,True,INITIAL_CONFIRMATION_TARGET,9190d56c29cf969b0d2047e6badef8fd62a8f13832af780cc72bd5402aed0ec4,b2e19d3fe8a5e495c820af76f118276711ad6d4ef716c0bf4b21b1bfcd90b6d1,2323.108214285714,2.364285714285643,0.11821428571428215,,M15_LATEST_CONFIRMED_OPPOSING_SWING_ELSE_CONTROL,True,fb1efe278c7d54254a4f136e717bed8e870eba8dffeb17de3723819c7acf6286,2024-06-13T04:15:00Z,2322.99,2311.68,4635c1c061fdfa35f0ea6773691ac61f3dcbf9611802505d6b1f1ef9077343e5
db66f5ce76e05a94701cc869c7fb0191dba6321e6226b394c39d9ababca6ea02,2315.91,2024-06-13T04:15:00Z,c6ce7bdb11ce968af8e36d88f4d423edcbf29788872a650059eb1c202b4b3817,2024-06-13T04:15:00Z,2315.72,2339.61,2024-07-01T00:00:00Z,2024-06-12T23:00:00Z,0.00702944932205285,SHORT,1.0,8.806893144210445,CONTROL_V2_FILLED_STOP,2024-06-13T04:15:00Z,CONFIRMED_25_75_RETEST_SPLIT,2315.72,True,fc61eede9e04b55984aa0f77048d65d803adeadd392b00a60264cb352af0cbd4,0.006620401523867855,0.2291967138413808,2024_06,0.1761378628842089,0.16910841356215606,TARGET,2024-06-13T04:25:00Z,SPLIT_TARGET_TARGET,99c05742c94d2aaefee3c4b7e7be5a66f7ce16f678f563f8d29f51708cf68252,2024-06-13T04:25:00Z,FIRST_RETEST_FILLED,2024-06-13T04:30:00Z,2024-06-13T04:15:00Z,2315.91,True,True,INITIAL_CONFIRMATION_TARGET,7114c2b9b44a268044872ef2a8674e53f686457547acaa6ece0682211b7880fc,b2e19d3fe8a5e495c820af76f118276711ad6d4ef716c0bf4b21b1bfcd90b6d1,2339.61,8.627857142857108,0.4313928571428554,NOT_STRICTLY_CLOSER_THAN_CONTROL,H1_SOURCE_SWING_BUFFERED_ELSE_CONTROL,False,b2e19d3fe8a5e495c820af76f118276711ad6d4ef716c0bf4b21b1bfcd90b6d1,2024-06-12T23:00:00Z,2339.61,2311.68,4635c1c061fdfa35f0ea6773691ac61f3dcbf9611802505d6b1f1ef9077343e5
b3a1dafe3a5cd03881d7e3d785f0d2809f21913629e7efaefeb7e67060eaadac,2316.35,2024-06-13T10:20:00Z,72e0eafb21add3e7b924c3da3adf27d59afa163ad7696f62c92bb790e457457b,2024-06-13T10:20:00Z,2316.82,2308.17,2024-07-01T00:00:00Z,2024-06-13T07:00:00Z,0.0,LONG,1.0,-50.0,CONTROL_V2_FILLED_STOP,2024-06-13T10:20:00Z,CONTROL_NEXT_M1_OPEN,2316.82,True,60c0cc85f06b29ea9f460acbb1e49e3b6776f05348a93de0ecc736a38c079d9a,1.091329479768781,0.36994219653176696,2024_06,-1.0,-1.0,STOP,2024-06-13T14:39:00Z,STOP,05537848732148da36505ac44b83bf78b3951841ba9faa997225c94cbe8e6232,2024-06-13T14:39:00Z,FIRST_RETEST_FILLED,2024-06-13T10:35:00Z,2024-06-13T10:21:00Z,2316.35,True,False,INITIAL_CONFIRMATION_STOP,1abd1bdcd630e505b33b1d178b6a8da5181c44ec1272c0a48ac19dfe6efd99d8,8c2c54049606dea39f4274a5c95f866082498d608b1b9b1f963211bb5badbaa2,2308.17,,,,CONTROL_V2_FILLED_STOP,False,,2024-06-13T10:20:00Z,2308.17,2339.61,8f38577cef1f5f2e3f5c9a001e6588d0ba43ded993b26d8943ec5c7a2943061e
b3a1dafe3a5cd03881d7e3d785f0d2809f21913629e7efaefeb7e67060eaadac,2316.35,2024-06-13T10:20:00Z,72e0eafb21add3e7b924c3da3adf27d59afa163ad7696f62c92bb790e457457b,2024-06-13T10:20:00Z,2316.82,2308.17,2024-07-01T00:00:00Z,2024-06-13T07:00:00Z,0.0,LONG,0.4801445086705497,-50.0,M5_LATEST_CONFIRMED_OPPOSING_SWING_ELSE_CONTROL,2024-06-13T10:20:00Z,CONTROL_NEXT_M1_OPEN,2316.82,True,28085e5103f11507f50080be7ad9f0a3031b1b493dd12eddfab32e24bc2996f5,1.0160717510383317,0.7704809486545688,2024_06,-1.0,-1.0,STOP,2024-06-13T14:39:00Z,STOP,20c3d2cab41ed78e9a29692f2780157ecc4759c1fc69447b62724134bc0585df,2024-06-13T14:07:00Z,FIRST_RETEST_FILLED,2024-06-13T10:35:00Z,2024-06-13T10:21:00Z,2316.35,True,False,INITIAL_CONFIRMATION_STOP,372f5d50715839157efdbb2a742bd71b7f45c3df16e3d9b5fce5acd9479483a5,8c2c54049606dea39f4274a5c95f866082498d608b1b9b1f963211bb5badbaa2,2312.66675,1.4649999999999506,0.07324999999999753,,M5_LATEST_CONFIRMED_OPPOSING_SWING_ELSE_CONTROL,True,0abd456df0908f7cf41b0115b3759e28eba9ba322c967a09a53057e11a60b71d,2024-06-13T09:55:00Z,2312.74,2339.61,8f38577cef1f5f2e3f5c9a001e6588d0ba43ded993b26d8943ec5c7a2943061e
b3a1dafe3a5cd03881d7e3d785f0d2809f21913629e7efaefeb7e67060eaadac,2316.35,2024-06-13T10:20:00Z,72e0eafb21add3e7b924c3da3adf27d59afa163ad7696f62c92bb790e457457b,2024-06-13T10:20:00Z,2316.82,2308.17,2024-07-01T00:00:00Z,2024-06-13T07:00:00Z,0.0,LONG,0.9105491329479968,-50.0,M15_LATEST_CONFIRMED_OPPOSING_SWING_ELSE_CONTROL,2024-06-13T10:20:00Z,CONTROL_NEXT_M1_OPEN,2316.82,True,f2e6128b03db6c86279d7c9627993326776e1dd2a9886957fdf86a54a8d2e652,1.1985399142992856,0.4062847167115968,2024_06,-1.0,-1.0,STOP,2024-06-13T14:39:00Z,STOP,10293104db0e80b6bac27fcc2aee731179d971afe37cf08bf900191c20d31222,2024-06-13T14:39:00Z,FIRST_RETEST_FILLED,2024-06-13T10:35:00Z,2024-06-13T10:21:00Z,2316.35,True,False,INITIAL_CONFIRMATION_STOP,6f9f2c6fb0e02da5e63904f80f8b2e50312fb50a7ece4e076c33a132204662a6,8c2c54049606dea39f4274a5c95f866082498d608b1b9b1f963211bb5badbaa2,2308.94375,2.3249999999999806,0.11624999999999903,,M15_LATEST_CONFIRMED_OPPOSING_SWING_ELSE_CONTROL,True,c8ec750a2730f9b76fb2c06bf39e5ed462526b527d500f5f65bd1edc53ce4a02,2024-06-13T09:15:00Z,2309.06,2339.61,8f38577cef1f5f2e3f5c9a001e6588d0ba43ded993b26d8943ec5c7a2943061e
b3a1dafe3a5cd03881d7e3d785f0d2809f21913629e7efaefeb7e67060eaadac,2316.35,2024-06-13T10:20:00Z,72e0eafb21add3e7b924c3da3adf27d59afa163ad7696f62c92bb790e457457b,2024-06-13T10:20:00Z,2316.82,2308.17,2024-07-01T00:00:00Z,2024-06-13T07:00:00Z,0.0,LONG,1.0,-50.0,CONTROL_V2_FILLED_STOP,2024-06-13T10:20:00Z,CONTROL_NEXT_M1_OPEN,2316.82,True,6ef0f3263ced30611c180e9999f9cb1ef60081631bae025b4e035381cb605feb,1.091329479768781,0.36994219653176696,2024_06,-1.0,-1.0,STOP,2024-06-13T14:39:00Z,STOP,ada7146e23ed18353906ca92351f64e623b250ffa6e118d86fdeeb57aa0b8ae2,2024-06-13T14:39:00Z,FIRST_RETEST_FILLED,2024-06-13T10:35:00Z,2024-06-13T10:21:00Z,2316.35,True,False,INITIAL_CONFIRMATION_STOP,8dba1d3785222576f1a228458981c0ef7c440a96e1b983f80461eb496e6c590c,8c2c54049606dea39f4274a5c95f866082498d608b1b9b1f963211bb5badbaa2,2308.17,6.8857142857142275,0.3442857142857114,NOT_STRICTLY_CLOSER_THAN_CONTROL,H1_SOURCE_SWING_BUFFERED_ELSE_CONTROL,False,8c2c54049606dea39f4274a5c95f866082498d608b1b9b1f963211bb5badbaa2,2024-06-13T07:00:00Z,2308.17,2339.61,8f38577cef1f5f2e3f5c9a001e6588d0ba43ded993b26d8943ec5c7a2943061e
b3a1dafe3a5cd03881d7e3d785f0d2809f21913629e7efaefeb7e67060eaadac,2316.35,2024-06-13T10:20:00Z,72e0eafb21add3e7b924c3da3adf27d59afa163ad7696f62c92bb790e457457b,2024-06-13T10:20:00Z,2316.82,2308.17,2024-07-01T00:00:00Z,2024-06-13T07:00:00Z,0.0,LONG,1.0,-50.0,CONTROL_V2_FILLED_STOP,2024-06-13T10:21:00Z,M5_BROKEN_CONTROL_FIRST_RETEST,2316.35,True,60c0cc85f06b29ea9f460acbb1e49e3b6776f05348a93de0ecc736a38c079d9a,1.0965770171149118,0.44865525672373424,2024_06,-1.0,-1.0,STOP,2024-06-13T14:39:00Z,STOP,bb09ebfaa49099b69a745bf6bcd2497659a861f314dfe57b66a2e916244852d7,2024-06-13T14:39:00Z,FIRST_RETEST_FILLED,2024-06-13T10:35:00Z,2024-06-13T10:21:00Z,2316.35,True,True,INITIAL_CONFIRMATION_STOP,95767f79a6194335d09f0984c57aec3583fac0e83aee3d36fc0b01fea916b494,8c2c54049606dea39f4274a5c95f866082498d608b1b9b1f963211bb5badbaa2,2308.17,,,,CONTROL_V2_FILLED_STOP,False,,2024-06-13T10:20:00Z,2308.17,2339.61,8f38577cef1f5f2e3f5c9a001e6588d0ba43ded993b26d8943ec5c7a2943061e
b3a1dafe3a5cd03881d7e3d785f0d2809f21913629e7efaefeb7e67060eaadac,2316.35,2024-06-13T10:20:00Z,72e0eafb21add3e7b924c3da3adf27d59afa163ad7696f62c92bb790e457457b,2024-06-13T10:20:00Z,2316.82,2308.17,2024-07-01T00:00:00Z,2024-06-13T07:00:00Z,0.0,LONG,0.4801445086705497,-50.0,M5_LATEST_CONFIRMED_OPPOSING_SWING_ELSE_CONTROL,2024-06-13T10:21:00Z,M5_BROKEN_CONTROL_FIRST_RETEST,2316.35,True,28085e5103f11507f50080be7ad9f0a3031b1b493dd12eddfab32e24bc2996f5,1.0181225819588557,0.9964026335437532,2024_06,-1.0,-1.0,STOP,2024-06-13T14:39:00Z,STOP,f3a3b7175c6cbdb53e60bfd5a818161132e836f405f6d67e1c2671eb53b8d58c,2024-06-13T14:07:00Z,FIRST_RETEST_FILLED,2024-06-13T10:35:00Z,2024-06-13T10:21:00Z,2316.35,True,True,INITIAL_CONFIRMATION_STOP,8431f66ae86eac06a880647a8bdc3bc238ac90e8f9e1e4b421913cebeffeee2d,8c2c54049606dea39f4274a5c95f866082498d608b1b9b1f963211bb5badbaa2,2312.66675,1.4649999999999506,0.07324999999999753,,M5_LATEST_CONFIRMED_OPPOSING_SWING_ELSE_CONTROL,True,0abd456df0908f7cf41b0115b3759e28eba9ba322c967a09a53057e11a60b71d,2024-06-13T09:55:00Z,2312.74,2339.61,8f38577cef1f5f2e3f5c9a001e6588d0ba43ded993b26d8943ec5c7a2943061e
b3a1dafe3a5cd03881d7e3d785f0d2809f21913629e7efaefeb7e67060eaadac,2316.35,2024-06-13T10:20:00Z,72e0eafb21add3e7b924c3da3adf27d59afa163ad7696f62c92bb790e457457b,2024-06-13T10:20:00Z,2316.82,2308.17,2024-07-01T00:00:00Z,2024-06-13T07:00:00Z,0.0,LONG,0.9105491329479968,-50.0,M15_LATEST_CONFIRMED_OPPOSING_SWING_ELSE_CONTROL,2024-06-13T10:21:00Z,M5_BROKEN_CONTROL_FIRST_RETEST,2316.35,True,f2e6128b03db6c86279d7c9627993326776e1dd2a9886957fdf86a54a8d2e652,1.2111392405063022,0.4955274261603474,2024_06,-1.0,-1.0,STOP,2024-06-13T14:39:00Z,STOP,4dcc56d56636c3558490136e1ffce7871ce0f46ee67efba677e896c9c8aaa4c5,2024-06-13T14:39:00Z,FIRST_RETEST_FILLED,2024-06-13T10:35:00Z,2024-06-13T10:21:00Z,2316.35,True,True,INITIAL_CONFIRMATION_STOP,4f40a499d9cd7eff5c3d41775dc71e1427140316331b74b9f743febc62e89b39,8c2c54049606dea39f4274a5c95f866082498d608b1b9b1f963211bb5badbaa2,2308.94375,2.3249999999999806,0.11624999999999903,,M15_LATEST_CONFIRMED_OPPOSING_SWING_ELSE_CONTROL,True,c8ec750a2730f9b76fb2c06bf39e5ed462526b527d500f5f65bd1edc53ce4a02,2024-06-13T09:15:00Z,2309.06,2339.61,8f38577cef1f5f2e3f5c9a001e6588d0ba43ded993b26d8943ec5c7a2943061e
b3a1dafe3a5cd03881d7e3d785f0d2809f21913629e7efaefeb7e67060eaadac,2316.35,2024-06-13T10:20:00Z,72e0eafb21add3e7b924c3da3adf27d59afa163ad7696f62c92bb790e457457b,2024-06-13T10:20:00Z,2316.82,2308.17,2024-07-01T00:00:00Z,2024-06-13T07:00:00Z,0.0,LONG,1.0,-50.0,CONTROL_V2_FILLED_STOP,2024-06-13T10:21:00Z,M5_BROKEN_CONTROL_FIRST_RETEST,2316.35,True,6ef0f3263ced30611c180e9999f9cb1ef60081631bae025b4e035381cb605feb,1.0965770171149118,0.44865525672373424,2024_06,-1.0,-1.0,STOP,2024-06-13T14:39:00Z,STOP,80aa99a69ad260b571827b9dda6c27210cf81ac4b52ac5b18de1b6e100f830d2,2024-06-13T14:39:00Z,FIRST_RETEST_FILLED,2024-06-13T10:35:00Z,2024-06-13T10:21:00Z,2316.35,True,True,INITIAL_CONFIRMATION_STOP,5b86c930f5bed61c2d9d4062b70142e8de12a9305b76513a5c4484eced28c2ce,8c2c54049606dea39f4274a5c95f866082498d608b1b9b1f963211bb5badbaa2,2308.17,6.8857142857142275,0.3442857142857114,NOT_STRICTLY_CLOSER_THAN_CONTROL,H1_SOURCE_SWING_BUFFERED_ELSE_CONTROL,False,8c2c54049606dea39f4274a5c95f866082498d608b1b9b1f963211bb5badbaa2,2024-06-13T07:00:00Z,2308.17,2339.61,8f38577cef1f5f2e3f5c9a001e6588d0ba43ded993b26d8943ec5c7a2943061e
b3a1dafe3a5cd03881d7e3d785f0d2809f21913629e7efaefeb7e67060eaadac,2316.35,2024-06-13T10:20:00Z,72e0eafb21add3e7b924c3da3adf27d59afa163ad7696f62c92bb790e457457b,2024-06-13T10:20:00Z,2316.82,2308.17,2024-07-01T00:00:00Z,2024-06-13T07:00:00Z,0.0,LONG,1.0,-50.0,CONTROL_V2_FILLED_STOP,2024-06-13T10:20:00Z,CONFIRMED_25_75_RETEST_SPLIT,2316.82,True,60c0cc85f06b29ea9f460acbb1e49e3b6776f05348a93de0ecc736a38c079d9a,1.0952651327783791,0.42897699167574244,2024_06,-1.0,-1.0,STOP,2024-06-13T14:39:00Z,SPLIT_STOP_STOP,1cba4715a4b8214d65af1e1a88bacd52f09324407a360b64e53b93cc5f8e57cc,2024-06-13T14:39:00Z,FIRST_RETEST_FILLED,2024-06-13T10:35:00Z,2024-06-13T10:21:00Z,2316.35,True,True,INITIAL_CONFIRMATION_STOP,f17666f3a232b0acab21de7c95cb6841d535eca73c04454b77e43d178ed6bc61,8c2c54049606dea39f4274a5c95f866082498d608b1b9b1f963211bb5badbaa2,2308.17,,,,CONTROL_V2_FILLED_STOP,False,,2024-06-13T10:20:00Z,2308.17,2339.61,8f38577cef1f5f2e3f5c9a001e6588d0ba43ded993b26d8943ec5c7a2943061e
b3a1dafe3a5cd03881d7e3d785f0d2809f21913629e7efaefeb7e67060eaadac,2316.35,2024-06-13T10:20:00Z,72e0eafb21add3e7b924c3da3adf27d59afa163ad7696f62c92bb790e457457b,2024-06-13T10:20:00Z,2316.82,2308.17,2024-07-01T00:00:00Z,2024-06-13T07:00:00Z,0.0,LONG,0.4801445086705497,-50.0,M5_LATEST_CONFIRMED_OPPOSING_SWING_ELSE_CONTROL,2024-06-13T10:20:00Z,CONFIRMED_25_75_RETEST_SPLIT,2316.82,True,28085e5103f11507f50080be7ad9f0a3031b1b493dd12eddfab32e24bc2996f5,1.0176098742287247,0.9399222123214571,2024_06,-1.0,-1.0,STOP,2024-06-13T14:39:00Z,SPLIT_STOP_STOP,aa81998877d5757dde05876bb94d751552b511dcd92e35172989ce693cc7840c,2024-06-13T14:07:00Z,FIRST_RETEST_FILLED,2024-06-13T10:35:00Z,2024-06-13T10:21:00Z,2316.35,True,True,INITIAL_CONFIRMATION_STOP,12eafdef1fb7b74fab84648f61fafe22da48af2a3e91fddb003af8b4c00c585b,8c2c54049606dea39f4274a5c95f866082498d608b1b9b1f963211bb5badbaa2,2312.66675,1.4649999999999506,0.07324999999999753,,M5_LATEST_CONFIRMED_OPPOSING_SWING_ELSE_CONTROL,True,0abd456df0908f7cf41b0115b3759e28eba9ba322c967a09a53057e11a60b71d,2024-06-13T09:55:00Z,2312.74,2339.61,8f38577cef1f5f2e3f5c9a001e6588d0ba43ded993b26d8943ec5c7a2943061e
b3a1dafe3a5cd03881d7e3d785f0d2809f21913629e7efaefeb7e67060eaadac,2316.35,2024-06-13T10:20:00Z,72e0eafb21add3e7b924c3da3adf27d59afa163ad7696f62c92bb790e457457b,2024-06-13T10:20:00Z,2316.82,2308.17,2024-07-01T00:00:00Z,2024-06-13T07:00:00Z,0.0,LONG,0.9105491329479968,-50.0,M15_LATEST_CONFIRMED_OPPOSING_SWING_ELSE_CONTROL,2024-06-13T10:20:00Z,CONFIRMED_25_75_RETEST_SPLIT,2316.82,True,f2e6128b03db6c86279d7c9627993326776e1dd2a9886957fdf86a54a8d2e652,1.207989408954548,0.4732167487981597,2024_06,-1.0,-1.0,STOP,2024-06-13T14:39:00Z,SPLIT_STOP_STOP,78ddb782ade50b62985c2c28229e3eabaaf98fe74dd73cfcbeb3dc2fe8b037be,2024-06-13T14:39:00Z,FIRST_RETEST_FILLED,2024-06-13T10:35:00Z,2024-06-13T10:21:00Z,2316.35,True,True,INITIAL_CONFIRMATION_STOP,047db4c4d72641786e14e2a68851a99b27e8445c392a0bbbd3df4b195d676268,8c2c54049606dea39f4274a5c95f866082498d608b1b9b1f963211bb5badbaa2,2308.94375,2.3249999999999806,0.11624999999999903,,M15_LATEST_CONFIRMED_OPPOSING_SWING_ELSE_CONTROL,True,c8ec750a2730f9b76fb2c06bf39e5ed462526b527d500f5f65bd1edc53ce4a02,2024-06-13T09:15:00Z,2309.06,2339.61,8f38577cef1f5f2e3f5c9a001e6588d0ba43ded993b26d8943ec5c7a2943061e
b3a1dafe3a5cd03881d7e3d785f0d2809f21913629e7efaefeb7e67060eaadac,2316.35,2024-06-13T10:20:00Z,72e0eafb21add3e7b924c3da3adf27d59afa163ad7696f62c92bb790e457457b,2024-06-13T10:20:00Z,2316.82,2308.17,2024-07-01T00:00:00Z,2024-06-13T07:00:00Z,0.0,LONG,1.0,-50.0,CONTROL_V2_FILLED_STOP,2024-06-13T10:20:00Z,CONFIRMED_25_75_RETEST_SPLIT,2316.82,True,6ef0f3263ced30611c180e9999f9cb1ef60081631bae025b4e035381cb605feb,1.0952651327783791,0.42897699167574244,2024_06,-1.0,-1.0,STOP,2024-06-13T14:39:00Z,SPLIT_STOP_STOP,5b442b25475e501a2b3cc882151457e30915ca01738024a1a7caa1a659c101e0,2024-06-13T14:39:00Z,FIRST_RETEST_FILLED,2024-06-13T10:35:00Z,2024-06-13T10:21:00Z,2316.35,True,True,INITIAL_CONFIRMATION_STOP,f7fee1740d75972d8873af80ae8b68d00023ad0f751e7e7f8bd81f11169d6fc4,8c2c54049606dea39f4274a5c95f866082498d608b1b9b1f963211bb5badbaa2,2308.17,6.8857142857142275,0.3442857142857114,NOT_STRICTLY_CLOSER_THAN_CONTROL,H1_SOURCE_SWING_BUFFERED_ELSE_CONTROL,False,8c2c54049606dea39f4274a5c95f866082498d608b1b9b1f963211bb5badbaa2,2024-06-13T07:00:00Z,2308.17,2339.61,8f38577cef1f5f2e3f5c9a001e6588d0ba43ded993b26d8943ec5c7a2943061e
cd1c8d90567baf00ddcdd6b638d2bbc8b8d64af3c7217615ad32f6e660c20fe9,2318.61,2024-06-13T13:25:00Z,26ccf1b2feb4bc3c0644fe6fb4ae96a99baa063ba04a450fcf0f6f99fa122e07,2024-06-13T13:25:00Z,2319.25,2309.06,2024-07-01T00:00:00Z,2024-06-13T11:00:00Z,0.0,LONG,1.0,-50.0,CONTROL_V2_FILLED_STOP,2024-06-13T13:25:00Z,CONTROL_NEXT_M1_OPEN,2319.25,True,6be0ece9d100bb854d17309b97ebc5ede8c82257a37cddd3011b5525f5521b29,1.1648675171736829,0.07556427870461017,2024_06,-1.0,-1.0,STOP,2024-06-13T14:39:00Z,STOP,792c23c4a147108d8a5de0e562d0e2c2684865d9467e100ead7687af6c3d867c,2024-06-13T14:39:00Z,FIRST_RETEST_FILLED,2024-06-13T13:40:00Z,2024-06-13T13:37:00Z,2318.61,True,False,INITIAL_CONFIRMATION_STOP,61f037abf54847da9c6d8677d8141e99178fb6c034749ed71ca9a62c4b6672e1,2d8c5fa8c84ac8ff3dfa08a56fe4ceae40200723324ee2ef19381fa1713eb688,2309.06,,,,CONTROL_V2_FILLED_STOP,False,,2024-06-13T13:25:00Z,2309.06,2339.61,2f1270cc83d458081167f984abf027bda57dd187f9f23713082b179dc58837ed
cd1c8d90567baf00ddcdd6b638d2bbc8b8d64af3c7217615ad32f6e660c20fe9,2318.61,2024-06-13T13:25:00Z,26ccf1b2feb4bc3c0644fe6fb4ae96a99baa063ba04a450fcf0f6f99fa122e07,2024-06-13T13:25:00Z,2319.25,2309.06,2024-07-01T00:00:00Z,2024-06-13T11:00:00Z,0.0,LONG,0.5726026917145758,-50.0,M5_LATEST_CONFIRMED_OPPOSING_SWING_ELSE_CONTROL,2024-06-13T13:25:00Z,CONTROL_NEXT_M1_OPEN,2319.25,True,c10b2c215c25f08ec378a18ce5d3a688b86c1d1c5d5b220306294690293cecf5,1.125998469778121,0.13196633511858613,2024_06,-1.0,-1.0,STOP,2024-06-13T14:39:00Z,STOP,1f83f8143943433dfb382c85c38a1427217422b4feff9e74d16350b4ddda4a8b,2024-06-13T14:06:00Z,FIRST_RETEST_FILLED,2024-06-13T13:40:00Z,2024-06-13T13:37:00Z,2318.61,True,False,INITIAL_CONFIRMATION_STOP,ffe7e65e05296d1c9dec07582ee431a96c9f3dafa73bb2dd5e45bf9cc09b0475,2d8c5fa8c84ac8ff3dfa08a56fe4ceae40200723324ee2ef19381fa1713eb688,2313.4151785714284,1.296428571428643,0.06482142857143215,,M5_LATEST_CONFIRMED_OPPOSING_SWING_ELSE_CONTROL,True,ed7aaaa2b2e9a91d2d0192ece281941cc219bb221ccd98e9d523dd5ea4ce0a39,2024-06-13T13:00:00Z,2313.48,2339.61,2f1270cc83d458081167f984abf027bda57dd187f9f23713082b179dc58837ed
cd1c8d90567baf00ddcdd6b638d2bbc8b8d64af3c7217615ad32f6e660c20fe9,2318.61,2024-06-13T13:25:00Z,26ccf1b2feb4bc3c0644fe6fb4ae96a99baa063ba04a450fcf0f6f99fa122e07,2024-06-13T13:25:00Z,2319.25,2309.06,2024-07-01T00:00:00Z,2024-06-13T11:00:00Z,0.0,LONG,0.5249579419598921,-50.0,M15_LATEST_CONFIRMED_OPPOSING_SWING_ELSE_CONTROL,2024-06-13T13:25:00Z,CONTROL_NEXT_M1_OPEN,2319.25,True,f735fdf0cc3eb09f54d0b75ed15221e65822938fe3199c9fee2141e145f4823e,1.0206902077032725,0.14394349082994431,2024_06,-1.0,-1.0,STOP,2024-06-13T14:39:00Z,STOP,f46e167f9759814c7e7a0f56c8fa1ddc965ca6ed4b9bb4d3a1f4bbc40f6ec492,2024-06-13T14:05:00Z,FIRST_RETEST_FILLED,2024-06-13T13:40:00Z,2024-06-13T13:37:00Z,2318.61,True,False,INITIAL_CONFIRMATION_STOP,78d4ef1c7bf5c3aba2ef3e467c62196627b43c5576ae0f7956bf7996125c140b,2d8c5fa8c84ac8ff3dfa08a56fe4ceae40200723324ee2ef19381fa1713eb688,2313.9006785714287,2.3864285714285933,0.11932142857142967,,M15_LATEST_CONFIRMED_OPPOSING_SWING_ELSE_CONTROL,True,a7ef39c577391f9595c8bc9791c7b7fdd8bbeeb128b6fedbdf400fd4960ea0de,2024-06-13T12:30:00Z,2314.02,2339.61,2f1270cc83d458081167f984abf027bda57dd187f9f23713082b179dc58837ed
cd1c8d90567baf00ddcdd6b638d2bbc8b8d64af3c7217615ad32f6e660c20fe9,2318.61,2024-06-13T13:25:00Z,26ccf1b2feb4bc3c0644fe6fb4ae96a99baa063ba04a450fcf0f6f99fa122e07,2024-06-13T13:25:00Z,2319.25,2309.06,2024-07-01T00:00:00Z,2024-06-13T11:00:00Z,0.0,LONG,1.0,-50.0,CONTROL_V2_FILLED_STOP,2024-06-13T13:25:00Z,CONTROL_NEXT_M1_OPEN,2319.25,True,6b5626b71696a899f54c23cd41ba19fb8ee8f49e58f22bba7cfbab53fa59ec6d,1.1648675171736829,0.07556427870461017,2024_06,-1.0,-1.0,STOP,2024-06-13T14:39:00Z,STOP,fca551117d665eea780a69faabaf144e42ee8c6ad4755679c31713fdcb37dd4a,2024-06-13T14:39:00Z,FIRST_RETEST_FILLED,2024-06-13T13:40:00Z,2024-06-13T13:37:00Z,2318.61,True,False,INITIAL_CONFIRMATION_STOP,974634ff6f375ee5ecf8a78e621552a3ae88730398b728b0abb645cfac3060da,2d8c5fa8c84ac8ff3dfa08a56fe4ceae40200723324ee2ef19381fa1713eb688,2309.06,6.136428571428561,0.3068214285714281,NOT_STRICTLY_CLOSER_THAN_CONTROL,H1_SOURCE_SWING_BUFFERED_ELSE_CONTROL,False,2d8c5fa8c84ac8ff3dfa08a56fe4ceae40200723324ee2ef19381fa1713eb688,2024-06-13T11:00:00Z,2309.06,2339.61,2f1270cc83d458081167f984abf027bda57dd187f9f23713082b179dc58837ed
cd1c8d90567baf00ddcdd6b638d2bbc8b8d64af3c7217615ad32f6e660c20fe9,2318.61,2024-06-13T13:25:00Z,26ccf1b2feb4bc3c0644fe6fb4ae96a99baa063ba04a450fcf0f6f99fa122e07,2024-06-13T13:25:00Z,2319.25,2309.06,2024-07-01T00:00:00Z,2024-06-13T11:00:00Z,0.0,LONG,1.0,-50.0,CONTROL_V2_FILLED_STOP,2024-06-13T13:37:00Z,M5_BROKEN_CONTROL_FIRST_RETEST,2318.61,True,6be0ece9d100bb854d17309b97ebc5ede8c82257a37cddd3011b5525f5521b29,1.1759162303664716,0.1162303664921101,2024_06,-1.0,-1.0,STOP,2024-06-13T14:39:00Z,STOP,01fa9d4282261f282cf12a6713b9d9d2a4eb65f231149294b1f175e2ce3ce542,2024-06-13T14:39:00Z,FIRST_RETEST_FILLED,2024-06-13T13:40:00Z,2024-06-13T13:37:00Z,2318.61,True,True,INITIAL_CONFIRMATION_STOP,cbfac1b014907da2c08b95669df261027dec1822b061d33e83afc94f37847883,2d8c5fa8c84ac8ff3dfa08a56fe4ceae40200723324ee2ef19381fa1713eb688,2309.06,,,,CONTROL_V2_FILLED_STOP,False,,2024-06-13T13:25:00Z,2309.06,2339.61,2f1270cc83d458081167f984abf027bda57dd187f9f23713082b179dc58837ed
cd1c8d90567baf00ddcdd6b638d2bbc8b8d64af3c7217615ad32f6e660c20fe9,2318.61,2024-06-13T13:25:00Z,26ccf1b2feb4bc3c0644fe6fb4ae96a99baa063ba04a450fcf0f6f99fa122e07,2024-06-13T13:25:00Z,2319.25,2309.06,2024-07-01T00:00:00Z,2024-06-13T11:00:00Z,0.0,LONG,0.5726026917145758,-50.0,M5_LATEST_CONFIRMED_OPPOSING_SWING_ELSE_CONTROL,2024-06-13T13:37:00Z,M5_BROKEN_CONTROL_FIRST_RETEST,2318.61,True,c10b2c215c25f08ec378a18ce5d3a688b86c1d1c5d5b220306294690293cecf5,1.141521432745522,0.21367433226763805,2024_06,-1.0,-1.0,STOP,2024-06-13T14:39:00Z,STOP,247c84d7f3eef3d3fd533882bc2ab6e02f3ad68e05996eb589407a55ca4eae8b,2024-06-13T14:06:00Z,FIRST_RETEST_FILLED,2024-06-13T13:40:00Z,2024-06-13T13:37:00Z,2318.61,True,True,INITIAL_CONFIRMATION_STOP,b10e8a6783f899144d459efba94d0559510bcede0514b0a48025d0a6e1249a31,2d8c5fa8c84ac8ff3dfa08a56fe4ceae40200723324ee2ef19381fa1713eb688,2313.4151785714284,1.296428571428643,0.06482142857143215,,M5_LATEST_CONFIRMED_OPPOSING_SWING_ELSE_CONTROL,True,ed7aaaa2b2e9a91d2d0192ece281941cc219bb221ccd98e9d523dd5ea4ce0a39,2024-06-13T13:00:00Z,2313.48,2339.61,2f1270cc83d458081167f984abf027bda57dd187f9f23713082b179dc58837ed
cd1c8d90567baf00ddcdd6b638d2bbc8b8d64af3c7217615ad32f6e660c20fe9,2318.61,2024-06-13T13:25:00Z,26ccf1b2feb4bc3c0644fe6fb4ae96a99baa063ba04a450fcf0f6f99fa122e07,2024-06-13T13:25:00Z,2319.25,2309.06,2024-07-01T00:00:00Z,2024-06-13T11:00:00Z,0.0,LONG,0.5249579419598921,-50.0,M15_LATEST_CONFIRMED_OPPOSING_SWING_ELSE_CONTROL,2024-06-13T13:37:00Z,M5_BROKEN_CONTROL_FIRST_RETEST,2318.61,True,f735fdf0cc3eb09f54d0b75ed15221e65822938fe3199c9fee2141e145f4823e,1.023502021067668,0.23570274759019458,2024_06,-1.0,-1.0,STOP,2024-06-13T14:39:00Z,STOP,705aade90c0596404d5938d34f010fb2e343e3cf7eb37b30b5a2de98babbe779,2024-06-13T14:05:00Z,FIRST_RETEST_FILLED,2024-06-13T13:40:00Z,2024-06-13T13:37:00Z,2318.61,True,True,INITIAL_CONFIRMATION_STOP,1ef39954bda988e749435eb894988d44df88552576f9657c9b081b619e5a4abc,2d8c5fa8c84ac8ff3dfa08a56fe4ceae40200723324ee2ef19381fa1713eb688,2313.9006785714287,2.3864285714285933,0.11932142857142967,,M15_LATEST_CONFIRMED_OPPOSING_SWING_ELSE_CONTROL,True,a7ef39c577391f9595c8bc9791c7b7fdd8bbeeb128b6fedbdf400fd4960ea0de,2024-06-13T12:30:00Z,2314.02,2339.61,2f1270cc83d458081167f984abf027bda57dd187f9f23713082b179dc58837ed
cd1c8d90567baf00ddcdd6b638d2bbc8b8d64af3c7217615ad32f6e660c20fe9,2318.61,2024-06-13T13:25:00Z,26ccf1b2feb4bc3c0644fe6fb4ae96a99baa063ba04a450fcf0f6f99fa122e07,2024-06-13T13:25:00Z,2319.25,2309.06,2024-07-01T00:00:00Z,2024-06-13T11:00:00Z,0.0,LONG,1.0,-50.0,CONTROL_V2_FILLED_STOP,2024-06-13T13:37:00Z,M5_BROKEN_CONTROL_FIRST_RETEST,2318.61,True,6b5626b71696a899f54c23cd41ba19fb8ee8f49e58f22bba7cfbab53fa59ec6d,1.1759162303664716,0.1162303664921101,2024_06,-1.0,-1.0,STOP,2024-06-13T14:39:00Z,STOP,1450bda2c63782f6e4d6383208d28623a241ac4fdaefad437af6e4b2752618eb,2024-06-13T14:39:00Z,FIRST_RETEST_FILLED,2024-06-13T13:40:00Z,2024-06-13T13:37:00Z,2318.61,True,True,INITIAL_CONFIRMATION_STOP,8760c304cd3726bfe840aa45b5184dd2abbfb974ed0b2a1e492d031f2a1976d8,2d8c5fa8c84ac8ff3dfa08a56fe4ceae40200723324ee2ef19381fa1713eb688,2309.06,6.136428571428561,0.3068214285714281,NOT_STRICTLY_CLOSER_THAN_CONTROL,H1_SOURCE_SWING_BUFFERED_ELSE_CONTROL,False,2d8c5fa8c84ac8ff3dfa08a56fe4ceae40200723324ee2ef19381fa1713eb688,2024-06-13T11:00:00Z,2309.06,2339.61,2f1270cc83d458081167f984abf027bda57dd187f9f23713082b179dc58837ed
cd1c8d90567baf00ddcdd6b638d2bbc8b8d64af3c7217615ad32f6e660c20fe9,2318.61,2024-06-13T13:25:00Z,26ccf1b2feb4bc3c0644fe6fb4ae96a99baa063ba04a450fcf0f6f99fa122e07,2024-06-13T13:25:00Z,2319.25,2309.06,2024-07-01T00:00:00Z,2024-06-13T11:00:00Z,0.0,LONG,1.0,-50.0,CONTROL_V2_FILLED_STOP,2024-06-13T13:25:00Z,CONFIRMED_25_75_RETEST_SPLIT,2319.25,True,6be0ece9d100bb854d17309b97ebc5ede8c82257a37cddd3011b5525f5521b29,1.1731540520682744,0.10606384454523513,2024_06,-1.0,-1.0,STOP,2024-06-13T14:39:00Z,SPLIT_STOP_STOP,81e89aaf596d4449dfb6c035992d51531e8190075cc7fa2b0bd04451c17e328c,2024-06-13T14:39:00Z,FIRST_RETEST_FILLED,2024-06-13T13:40:00Z,2024-06-13T13:37:00Z,2318.61,True,True,INITIAL_CONFIRMATION_STOP,b6e471c9c8fbabd9a7c6c26d0ebb3fa045c07ede6e12ef2554aa0c516f9d8407,2d8c5fa8c84ac8ff3dfa08a56fe4ceae40200723324ee2ef19381fa1713eb688,2309.06,,,,CONTROL_V2_FILLED_STOP,False,,2024-06-13T13:25:00Z,2309.06,2339.61,2f1270cc83d458081167f984abf027bda57dd187f9f23713082b179dc58837ed
cd1c8d90567baf00ddcdd6b638d2bbc8b8d64af3c7217615ad32f6e660c20fe9,2318.61,2024-06-13T13:25:00Z,26ccf1b2feb4bc3c0644fe6fb4ae96a99baa063ba04a450fcf0f6f99fa122e07,2024-06-13T13:25:00Z,2319.25,2309.06,2024-07-01T00:00:00Z,2024-06-13T11:00:00Z,0.0,LONG,0.5726026917145758,-50.0,M5_LATEST_CONFIRMED_OPPOSING_SWING_ELSE_CONTROL,2024-06-13T13:25:00Z,CONFIRMED_25_75_RETEST_SPLIT,2319.25,True,c10b2c215c25f08ec378a18ce5d3a688b86c1d1c5d5b220306294690293cecf5,1.137640692003672,0.19324733298037508,2024_06,-1.0,-1.0,STOP,2024-06-13T14:39:00Z,SPLIT_STOP_STOP,2d856e5f669e2ecbcbb30ccf21fdc9bf25b1b20786f9bf9fab410f10c4751b39,2024-06-13T14:06:00Z,FIRST_RETEST_FILLED,2024-06-13T13:40:00Z,2024-06-13T13:37:00Z,2318.61,True,True,INITIAL_CONFIRMATION_STOP,fd0860f63b51b60e2439c4d412c38dba3a34e3185cb86feb0e76828cee6de960,2d8c5fa8c84ac8ff3dfa08a56fe4ceae40200723324ee2ef19381fa1713eb688,2313.4151785714284,1.296428571428643,0.06482142857143215,,M5_LATEST_CONFIRMED_OPPOSING_SWING_ELSE_CONTROL,True,ed7aaaa2b2e9a91d2d0192ece281941cc219bb221ccd98e9d523dd5ea4ce0a39,2024-06-13T13:00:00Z,2313.48,2339.61,2f1270cc83d458081167f984abf027bda57dd187f9f23713082b179dc58837ed
cd1c8d90567baf00ddcdd6b638d2bbc8b8d64af3c7217615ad32f6e660c20fe9,2318.61,2024-06-13T13:25:00Z,26ccf1b2feb4bc3c0644fe6fb4ae96a99baa063ba04a450fcf0f6f99fa122e07,2024-06-13T13:25:00Z,2319.25,2309.06,2024-07-01T00:00:00Z,2024-06-13T11:00:00Z,0.0,LONG,0.5249579419598921,-50.0,M15_LATEST_CONFIRMED_OPPOSING_SWING_ELSE_CONTROL,2024-06-13T13:25:00Z,CONFIRMED_25_75_RETEST_SPLIT,2319.25,True,f735fdf0cc3eb09f54d0b75ed15221e65822938fe3199c9fee2141e145f4823e,1.022799067726569,0.212762933400132,2024_06,-1.0,-1.0,STOP,2024-06-13T14:39:00Z,SPLIT_STOP_STOP,a94294e7944466b6186a00e34a65e54bc0beb48187a217d743fbeebcdef5c137,2024-06-13T14:05:00Z,FIRST_RETEST_FILLED,2024-06-13T13:40:00Z,2024-06-13T13:37:00Z,2318.61,True,True,INITIAL_CONFIRMATION_STOP,75fb3d49d15a20f474484e8658837f6561c84380686eb64a455ef53896a005dd,2d8c5fa8c84ac8ff3dfa08a56fe4ceae40200723324ee2ef19381fa1713eb688,2313.9006785714287,2.3864285714285933,0.11932142857142967,,M15_LATEST_CONFIRMED_OPPOSING_SWING_ELSE_CONTROL,True,a7ef39c577391f9595c8bc9791c7b7fdd8bbeeb128b6fedbdf400fd4960ea0de,2024-06-13T12:30:00Z,2314.02,2339.61,2f1270cc83d458081167f984abf027bda57dd187f9f23713082b179dc58837ed
cd1c8d90567baf00ddcdd6b638d2bbc8b8d64af3c7217615ad32f6e660c20fe9,2318.61,2024-06-13T13:25:00Z,26ccf1b2feb4bc3c0644fe6fb4ae96a99baa063ba04a450fcf0f6f99fa122e07,2024-06-13T13:25:00Z,2319.25,2309.06,2024-07-01T00:00:00Z,2024-06-13T11:00:00Z,0.0,LONG,1.0,-50.0,CONTROL_V2_FILLED_STOP,2024-06-13T13:25:00Z,CONFIRMED_25_75_RETEST_SPLIT,2319.25,True,6b5626b71696a899f54c23cd41ba19fb8ee8f49e58f22bba7cfbab53fa59ec6d,1.1731540520682744,0.10606384454523513,2024_06,-1.0,-1.0,STOP,2024-06-13T14:39:00Z,SPLIT_STOP_STOP,5256e0e61303838fb292d0fa4e0b7ca19c7f59e927d6dafdc887fc0ddb7b2c42,2024-06-13T14:39:00Z,FIRST_RETEST_FILLED,2024-06-13T13:40:00Z,2024-06-13T13:37:00Z,2318.61,True,True,INITIAL_CONFIRMATION_STOP,90557c98efabbb911a69bc160e3b1a612df661e4f800a116cc57a954c8c9302e,2d8c5fa8c84ac8ff3dfa08a56fe4ceae40200723324ee2ef19381fa1713eb688,2309.06,6.136428571428561,0.3068214285714281,NOT_STRICTLY_CLOSER_THAN_CONTROL,H1_SOURCE_SWING_BUFFERED_ELSE_CONTROL,False,2d8c5fa8c84ac8ff3dfa08a56fe4ceae40200723324ee2ef19381fa1713eb688,2024-06-13T11:00:00Z,2309.06,2339.61,2f1270cc83d458081167f984abf027bda57dd187f9f23713082b179dc58837ed
ed7aaaa2b2e9a91d2d0192ece281941cc219bb221ccd98e9d523dd5ea4ce0a39,2313.48,2024-06-13T14:20:00Z,78c9e5a41922d522d5db005a691f9dbc9e9726ba5722bdd192a45c6ecbdc071f,2024-06-13T14:20:00Z,2312.58,2320.04,2024-07-01T00:00:00Z,2024-06-13T13:00:00Z,0.0,SHORT,1.0,23.592493297586895,CONTROL_V2_FILLED_STOP,2024-06-13T14:20:00Z,CONTROL_NEXT_M1_OPEN,2312.58,True,fa296f83d89ecc1a0acb55d9e0a4b4b148088b40c7dc36a59720de7e35ca7557,0.029490616622017907,0.6970509383377739,2024_06,0.4718498659517379,0.4718498659517379,TARGET,2024-06-13T14:39:00Z,TARGET,1985bdf5199bf8f5e48062ed2a349df7c177fe2357b91e290d8dd08811b7b6a6,2024-06-13T14:39:00Z,RETEST_EXPIRED,2024-06-13T14:35:00Z,,2313.48,False,False,RECLAIM_CONFIRMATION_TARGET,cf3b73863c5afa4b75e53ba1dc1d7ccbda4c3722094838f5556e4dbf6325767d,62281b0fab75035e7c172e4a330866888c59b64336a7c02397156d44fc345ca5,2320.04,,,,CONTROL_V2_FILLED_STOP,False,,2024-06-13T14:20:00Z,2320.04,2309.06,d9e4802c2ea729ef68aea96d89da35aec686a302b21bebe836157319fe80f192
ed7aaaa2b2e9a91d2d0192ece281941cc219bb221ccd98e9d523dd5ea4ce0a39,2313.48,2024-06-13T14:20:00Z,78c9e5a41922d522d5db005a691f9dbc9e9726ba5722bdd192a45c6ecbdc071f,2024-06-13T14:20:00Z,2312.58,2320.04,2024-07-01T00:00:00Z,2024-06-13T13:00:00Z,0.0,SHORT,1.0,23.592493297586895,CONTROL_V2_FILLED_STOP,2024-06-13T14:20:00Z,CONTROL_NEXT_M1_OPEN,2312.58,True,ea72793cd5d60e34ecedc17a219e8ccbdb97efcaa9452e12fb31c8d0eaafcec2,0.029490616622017907,0.6970509383377739,2024_06,0.4718498659517379,0.4718498659517379,TARGET,2024-06-13T14:39:00Z,TARGET,e7436ea1ca9b5e701a51299c74d0e2e69c603a3b060041521f38eca878c5a33f,2024-06-13T14:39:00Z,RETEST_EXPIRED,2024-06-13T14:35:00Z,,2313.48,False,False,RECLAIM_CONFIRMATION_TARGET,94178bfed1945ace942fd40f000146c22e5e2eb800b16b9ae5cba5ccf50f84f8,62281b0fab75035e7c172e4a330866888c59b64336a7c02397156d44fc345ca5,2320.04,1.4571428571428962,0.07285714285714481,NOT_STRICTLY_CLOSER_THAN_CONTROL,M5_LATEST_CONFIRMED_OPPOSING_SWING_ELSE_CONTROL,False,cfa4b1def489b08faa15610254d5c19be62fe343277ad7b30d7dfd745d3fa5c5,2024-06-13T13:40:00Z,2320.02,2309.06,d9e4802c2ea729ef68aea96d89da35aec686a302b21bebe836157319fe80f192
ed7aaaa2b2e9a91d2d0192ece281941cc219bb221ccd98e9d523dd5ea4ce0a39,2313.48,2024-06-13T14:20:00Z,78c9e5a41922d522d5db005a691f9dbc9e9726ba5722bdd192a45c6ecbdc071f,2024-06-13T14:20:00Z,2312.58,2320.04,2024-07-01T00:00:00Z,2024-06-13T13:00:00Z,0.0,SHORT,1.0,23.592493297586895,CONTROL_V2_FILLED_STOP,2024-06-13T14:20:00Z,CONTROL_NEXT_M1_OPEN,2312.58,True,91a61f4c9023f64a500843818597dfc514da32b6559cad3e08d0b997ddfed6bf,0.029490616622017907,0.6970509383377739,2024_06,0.4718498659517379,0.4718498659517379,TARGET,2024-06-13T14:39:00Z,TARGET,f00ea856ca169b1dde00e5692475e5db69de223754836a11521278f701524883,2024-06-13T14:39:00Z,RETEST_EXPIRED,2024-06-13T14:35:00Z,,2313.48,False,False,RECLAIM_CONFIRMATION_TARGET,71e0417b8567f2bee6e102592d131709f27b91dc153acdac79ccf00c3c114496,62281b0fab75035e7c172e4a330866888c59b64336a7c02397156d44fc345ca5,2320.04,2.4435714285714636,0.12217857142857319,NOT_STRICTLY_CLOSER_THAN_CONTROL,M15_LATEST_CONFIRMED_OPPOSING_SWING_ELSE_CONTROL,False,c831441df16d53c4fabe4207fca99b70d6fa1479c1e03217d58e350f1f4f8a97,2024-06-13T14:00:00Z,2320.02,2309.06,d9e4802c2ea729ef68aea96d89da35aec686a302b21bebe836157319fe80f192
ed7aaaa2b2e9a91d2d0192ece281941cc219bb221ccd98e9d523dd5ea4ce0a39,2313.48,2024-06-13T14:20:00Z,78c9e5a41922d522d5db005a691f9dbc9e9726ba5722bdd192a45c6ecbdc071f,2024-06-13T14:20:00Z,2312.58,2320.04,2024-07-01T00:00:00Z,2024-06-13T13:00:00Z,0.08702603139110004,SHORT,0.8442837993106105,27.943794867141897,H1_SOURCE_SWING_BUFFERED_ELSE_CONTROL,2024-06-13T14:20:00Z,CONTROL_NEXT_M1_OPEN,2312.58,True,14d5e28ee222022a4231a6e9d9687a945d5a674aa404d240b147ab42e05c6b44,0.03492974358396798,0.8256121210746222,2024_06,0.5588758973428379,0.4718498659517379,TARGET,2024-06-13T14:39:00Z,TARGET,794d2e56a8da5748efb9bbe41095c640ba3b96472bf35a76908c0f0153483a11,2024-06-13T14:39:00Z,RETEST_EXPIRED,2024-06-13T14:35:00Z,,2313.48,False,False,RECLAIM_CONFIRMATION_TARGET,5ab01a888bf2dc8cd46aea0dc233f35c60992d9f12b9b7f8f8e639d6f99dd6ee,62281b0fab75035e7c172e4a330866888c59b64336a7c02397156d44fc345ca5,2318.878357142857,5.367142857142848,0.2683571428571424,,H1_SOURCE_SWING_BUFFERED_ELSE_CONTROL,True,62281b0fab75035e7c172e4a330866888c59b64336a7c02397156d44fc345ca5,2024-06-13T13:00:00Z,2318.61,2309.06,d9e4802c2ea729ef68aea96d89da35aec686a302b21bebe836157319fe80f192
ed7aaaa2b2e9a91d2d0192ece281941cc219bb221ccd98e9d523dd5ea4ce0a39,2313.48,2024-06-13T14:20:00Z,78c9e5a41922d522d5db005a691f9dbc9e9726ba5722bdd192a45c6ecbdc071f,2024-06-13T14:20:00Z,2312.58,2320.04,2024-07-01T00:00:00Z,2024-06-13T13:00:00Z,-0.4718498659517379,SHORT,1.0,0.0,CONTROL_V2_FILLED_STOP,,M5_BROKEN_CONTROL_FIRST_RETEST,,False,fa296f83d89ecc1a0acb55d9e0a4b4b148088b40c7dc36a59720de7e35ca7557,,,2024_06,0.0,0.4718498659517379,TARGET,2024-06-13T14:39:00Z,NO_FILL,dbdf57f1362e88f8f76a4a19d99e7c5357299588a8f68deb9d8c6e80d69df9a8,,RETEST_EXPIRED,2024-06-13T14:35:00Z,,2313.48,False,False,RECLAIM_CONFIRMATION_TARGET,215d0347cc8cc563f51eb8eee840127d8cf1c43b563eed0c20e5930b83a1304d,62281b0fab75035e7c172e4a330866888c59b64336a7c02397156d44fc345ca5,2320.04,,,,CONTROL_V2_FILLED_STOP,False,,2024-06-13T14:20:00Z,2320.04,2309.06,d9e4802c2ea729ef68aea96d89da35aec686a302b21bebe836157319fe80f192
ed7aaaa2b2e9a91d2d0192ece281941cc219bb221ccd98e9d523dd5ea4ce0a39,2313.48,2024-06-13T14:20:00Z,78c9e5a41922d522d5db005a691f9dbc9e9726ba5722bdd192a45c6ecbdc071f,2024-06-13T14:20:00Z,2312.58,2320.04,2024-07-01T00:00:00Z,2024-06-13T13:00:00Z,-0.4718498659517379,SHORT,1.0,0.0,CONTROL_V2_FILLED_STOP,,M5_BROKEN_CONTROL_FIRST_RETEST,,False,ea72793cd5d60e34ecedc17a219e8ccbdb97efcaa9452e12fb31c8d0eaafcec2,,,2024_06,0.0,0.4718498659517379,TARGET,2024-06-13T14:39:00Z,NO_FILL,23918db6fe6c668aab8313aa05e6fe1947776e4017a41e37641c0a7d5ab9706b,,RETEST_EXPIRED,2024-06-13T14:35:00Z,,2313.48,False,False,RECLAIM_CONFIRMATION_TARGET,41d8aeefe7c2fdd71d2ba4410d07c2e1ff8cd6f8e2f97adbe8492a5c60e8ee9c,62281b0fab75035e7c172e4a330866888c59b64336a7c02397156d44fc345ca5,2320.04,1.4571428571428962,0.07285714285714481,NOT_STRICTLY_CLOSER_THAN_CONTROL,M5_LATEST_CONFIRMED_OPPOSING_SWING_ELSE_CONTROL,False,cfa4b1def489b08faa15610254d5c19be62fe343277ad7b30d7dfd745d3fa5c5,2024-06-13T13:40:00Z,2320.02,2309.06,d9e4802c2ea729ef68aea96d89da35aec686a302b21bebe836157319fe80f192
ed7aaaa2b2e9a91d2d0192ece281941cc219bb221ccd98e9d523dd5ea4ce0a39,2313.48,2024-06-13T14:20:00Z,78c9e5a41922d522d5db005a691f9dbc9e9726ba5722bdd192a45c6ecbdc071f,2024-06-13T14:20:00Z,2312.58,2320.04,2024-07-01T00:00:00Z,2024-06-13T13:00:00Z,-0.4718498659517379,SHORT,1.0,0.0,CONTROL_V2_FILLED_STOP,,M5_BROKEN_CONTROL_FIRST_RETEST,,False,91a61f4c9023f64a500843818597dfc514da32b6559cad3e08d0b997ddfed6bf,,,2024_06,0.0,0.4718498659517379,TARGET,2024-06-13T14:39:00Z,NO_FILL,21d08986c1deec3edbc0024fd7d9505cb219786ae4c2bf69e03c75c6463f5771,,RETEST_EXPIRED,2024-06-13T14:35:00Z,,2313.48,False,False,RECLAIM_CONFIRMATION_TARGET,b426e520665654d8fd4a7d4123b0f7263c9b4ad8a88bb83047ea9d259a69c12e,62281b0fab75035e7c172e4a330866888c59b64336a7c02397156d44fc345ca5,2320.04,2.4435714285714636,0.12217857142857319,NOT_STRICTLY_CLOSER_THAN_CONTROL,M15_LATEST_CONFIRMED_OPPOSING_SWING_ELSE_CONTROL,False,c831441df16d53c4fabe4207fca99b70d6fa1479c1e03217d58e350f1f4f8a97,2024-06-13T14:00:00Z,2320.02,2309.06,d9e4802c2ea729ef68aea96d89da35aec686a302b21bebe836157319fe80f192
ed7aaaa2b2e9a91d2d0192ece281941cc219bb221ccd98e9d523dd5ea4ce0a39,2313.48,2024-06-13T14:20:00Z,78c9e5a41922d522d5db005a691f9dbc9e9726ba5722bdd192a45c6ecbdc071f,2024-06-13T14:20:00Z,2312.58,2320.04,2024-07-01T00:00:00Z,2024-06-13T13:00:00Z,-0.4718498659517379,SHORT,0.8442837993106105,0.0,H1_SOURCE_SWING_BUFFERED_ELSE_CONTROL,,M5_BROKEN_CONTROL_FIRST_RETEST,,False,14d5e28ee222022a4231a6e9d9687a945d5a674aa404d240b147ab42e05c6b44,,,2024_06,0.0,0.4718498659517379,TARGET,2024-06-13T14:39:00Z,NO_FILL,e667e272b736f47461c64f354c02520fac4532526be85c369073d33227e75b70,,RETEST_EXPIRED,2024-06-13T14:35:00Z,,2313.48,False,False,RECLAIM_CONFIRMATION_TARGET,f18b11592c332b9766c281452944cb82b30171a8cdb30c84b294b21909d6aee0,62281b0fab75035e7c172e4a330866888c59b64336a7c02397156d44fc345ca5,2318.878357142857,5.367142857142848,0.2683571428571424,,H1_SOURCE_SWING_BUFFERED_ELSE_CONTROL,True,62281b0fab75035e7c172e4a330866888c59b64336a7c02397156d44fc345ca5,2024-06-13T13:00:00Z,2318.61,2309.06,d9e4802c2ea729ef68aea96d89da35aec686a302b21bebe836157319fe80f192
ed7aaaa2b2e9a91d2d0192ece281941cc219bb221ccd98e9d523dd5ea4ce0a39,2313.48,2024-06-13T14:20:00Z,78c9e5a41922d522d5db005a691f9dbc9e9726ba5722bdd192a45c6ecbdc071f,2024-06-13T14:20:00Z,2312.58,2320.04,2024-07-01T00:00:00Z,2024-06-13T13:00:00Z,-0.35388739946380343,SHORT,1.0,5.898123324396724,CONTROL_V2_FILLED_STOP,2024-06-13T14:20:00Z,CONFIRMED_25_75_RETEST_SPLIT,2312.58,True,fa296f83d89ecc1a0acb55d9e0a4b4b148088b40c7dc36a59720de7e35ca7557,0.007372654155504477,0.17426273458444347,2024_06,0.11796246648793447,0.4718498659517379,TARGET,2024-06-13T14:39:00Z,SPLIT_CONTROL_TARGET_NO_RETEST,dcabab18bf1b50b996707cb160ae740e357e5b5ba10f88cd12977e5061e7ab6d,2024-06-13T14:39:00Z,RETEST_EXPIRED,2024-06-13T14:35:00Z,,2313.48,False,False,RECLAIM_CONFIRMATION_TARGET,8ed331805f7b85aed633ce49c60983fb157d318a5c2aa114fae88db77d7e1373,62281b0fab75035e7c172e4a330866888c59b64336a7c02397156d44fc345ca5,2320.04,,,,CONTROL_V2_FILLED_STOP,False,,2024-06-13T14:20:00Z,2320.04,2309.06,d9e4802c2ea729ef68aea96d89da35aec686a302b21bebe836157319fe80f192
ed7aaaa2b2e9a91d2d0192ece281941cc219bb221ccd98e9d523dd5ea4ce0a39,2313.48,2024-06-13T14:20:00Z,78c9e5a41922d522d5db005a691f9dbc9e9726ba5722bdd192a45c6ecbdc071f,2024-06-13T14:20:00Z,2312.58,2320.04,2024-07-01T00:00:00Z,2024-06-13T13:00:00Z,-0.35388739946380343,SHORT,1.0,5.898123324396724,CONTROL_V2_FILLED_STOP,2024-06-13T14:20:00Z,CONFIRMED_25_75_RETEST_SPLIT,2312.58,True,ea72793cd5d60e34ecedc17a219e8ccbdb97efcaa9452e12fb31c8d0eaafcec2,0.007372654155504477,0.17426273458444347,2024_06,0.11796246648793447,0.4718498659517379,TARGET,2024-06-13T14:39:00Z,SPLIT_CONTROL_TARGET_NO_RETEST,5b6580448c4176359d392cd044d63912263624f6505608633ed676f8b97bcf7b,2024-06-13T14:39:00Z,RETEST_EXPIRED,2024-06-13T14:35:00Z,,2313.48,False,False,RECLAIM_CONFIRMATION_TARGET,079f49f8f2c5c8ccf5aca8743429db3014a5177b5311393e23ef1cc366cb28e3,62281b0fab75035e7c172e4a330866888c59b64336a7c02397156d44fc345ca5,2320.04,1.4571428571428962,0.07285714285714481,NOT_STRICTLY_CLOSER_THAN_CONTROL,M5_LATEST_CONFIRMED_OPPOSING_SWING_ELSE_CONTROL,False,cfa4b1def489b08faa15610254d5c19be62fe343277ad7b30d7dfd745d3fa5c5,2024-06-13T13:40:00Z,2320.02,2309.06,d9e4802c2ea729ef68aea96d89da35aec686a302b21bebe836157319fe80f192
ed7aaaa2b2e9a91d2d0192ece281941cc219bb221ccd98e9d523dd5ea4ce0a39,2313.48,2024-06-13T14:20:00Z,78c9e5a41922d522d5db005a691f9dbc9e9726ba5722bdd192a45c6ecbdc071f,2024-06-13T14:20:00Z,2312.58,2320.04,2024-07-01T00:00:00Z,2024-06-13T13:00:00Z,-0.35388739946380343,SHORT,1.0,5.898123324396724,CONTROL_V2_FILLED_STOP,2024-06-13T14:20:00Z,CONFIRMED_25_75_RETEST_SPLIT,2312.58,True,91a61f4c9023f64a500843818597dfc514da32b6559cad3e08d0b997ddfed6bf,0.007372654155504477,0.17426273458444347,2024_06,0.11796246648793447,0.4718498659517379,TARGET,2024-06-13T14:39:00Z,SPLIT_CONTROL_TARGET_NO_RETEST,84140500d29424e56c5e3718bee65470e950420b43aca1e3617f87b9f6b2c078,2024-06-13T14:39:00Z,RETEST_EXPIRED,2024-06-13T14:35:00Z,,2313.48,False,False,RECLAIM_CONFIRMATION_TARGET,06e9f4bb502399f1da920273e5728facd21c7eca284e823840658366a978f9da,62281b0fab75035e7c172e4a330866888c59b64336a7c02397156d44fc345ca5,2320.04,2.4435714285714636,0.12217857142857319,NOT_STRICTLY_CLOSER_THAN_CONTROL,M15_LATEST_CONFIRMED_OPPOSING_SWING_ELSE_CONTROL,False,c831441df16d53c4fabe4207fca99b70d6fa1479c1e03217d58e350f1f4f8a97,2024-06-13T14:00:00Z,2320.02,2309.06,d9e4802c2ea729ef68aea96d89da35aec686a302b21bebe836157319fe80f192
ed7aaaa2b2e9a91d2d0192ece281941cc219bb221ccd98e9d523dd5ea4ce0a39,2313.48,2024-06-13T14:20:00Z,78c9e5a41922d522d5db005a691f9dbc9e9726ba5722bdd192a45c6ecbdc071f,2024-06-13T14:20:00Z,2312.58,2320.04,2024-07-01T00:00:00Z,2024-06-13T13:00:00Z,-0.3321308916160284,SHORT,0.8442837993106105,6.985948716785474,H1_SOURCE_SWING_BUFFERED_ELSE_CONTROL,2024-06-13T14:20:00Z,CONFIRMED_25_75_RETEST_SPLIT,2312.58,True,14d5e28ee222022a4231a6e9d9687a945d5a674aa404d240b147ab42e05c6b44,0.008732435895991994,0.20640303026865556,2024_06,0.13971897433570948,0.4718498659517379,TARGET,2024-06-13T14:39:00Z,SPLIT_CONTROL_TARGET_NO_RETEST,37f2b773f5a4d67038e6570432d5a275b6a8e5e2073cdb486f6c6e697cb30b42,2024-06-13T14:39:00Z,RETEST_EXPIRED,2024-06-13T14:35:00Z,,2313.48,False,False,RECLAIM_CONFIRMATION_TARGET,73b738a9958fef2d5b2f0d4d3aa7f6f1c575a0e0c089726a4d436a19b931aafa,62281b0fab75035e7c172e4a330866888c59b64336a7c02397156d44fc345ca5,2318.878357142857,5.367142857142848,0.2683571428571424,,H1_SOURCE_SWING_BUFFERED_ELSE_CONTROL,True,62281b0fab75035e7c172e4a330866888c59b64336a7c02397156d44fc345ca5,2024-06-13T13:00:00Z,2318.61,2309.06,d9e4802c2ea729ef68aea96d89da35aec686a302b21bebe836157319fe80f192
acf966238d982902c3f1c7ae088996f39da684e361c507c290149ed24cd60b5a,2302.3,2024-06-13T22:05:00Z,d6923b7a9ebb071b0d7173b6f69dea551eef25acc606d275a832c4042aea2059,2024-06-13T22:05:00Z,2303.73,2295.55,2024-07-01T00:00:00Z,2024-06-13T22:00:00Z,0.0,LONG,1.0,140.52567237163962,CONTROL_V2_FILLED_STOP,2024-06-13T22:05:00Z,CONTROL_NEXT_M1_OPEN,2303.73,True,e17b398582a38c85f96ef72592d80d4511c43363ddd14f05a5fe69ee1ce989b4,0.2652811735941462,2.9572127139364963,2024_06,2.8105134474327924,2.8105134474327924,TARGET,2024-06-14T13:21:00Z,TARGET,ca385ffe6d618ebe2a89d6ba06e132100d3751a76b97ea21b98ea30cfec2d142,2024-06-14T13:21:00Z,RETEST_EXPIRED,2024-06-13T22:20:00Z,,2302.3,False,False,INITIAL_CONFIRMATION_TARGET,262a36864bc21f488605cf71f553b5cf859cb6b28cea6c5af086960ba895a94a,1d173f84422ffdb342bbbdf19ae4146cb252242d9dd167cf20879e1ae0f7a60c,2295.55,,,,CONTROL_V2_FILLED_STOP,False,,2024-06-13T22:05:00Z,2295.55,2326.72,842f2c2b54fe30566143b62ffbcd0927a6c55a1ccc23920675d6c68a77428f13
acf966238d982902c3f1c7ae088996f39da684e361c507c290149ed24cd60b5a,2302.3,2024-06-13T22:05:00Z,d6923b7a9ebb071b0d7173b6f69dea551eef25acc606d275a832c4042aea2059,2024-06-13T22:05:00Z,2303.73,2295.55,2024-07-01T00:00:00Z,2024-06-13T22:00:00Z,3.5042434169658625,LONG,0.4450707300035428,315.73784321993276,M5_LATEST_CONFIRMED_OPPOSING_SWING_ELSE_CONTROL,2024-06-13T22:05:00Z,CONTROL_NEXT_M1_OPEN,2303.73,True,d360736486a062c1a91dfc8af2cb35ca2e90520bb9d295de9fb53e29d6232908,0.5960427314373933,6.6443657481429,2024_06,6.314756864398655,2.8105134474327924,TARGET,2024-06-14T13:21:00Z,TARGET,a26a018e6ca86f40c944b3cd5a29b6eab7bde1b317d6bf497a703f4ad38fe083,2024-06-14T13:21:00Z,RETEST_EXPIRED,2024-06-13T22:20:00Z,,2302.3,False,False,INITIAL_CONFIRMATION_TARGET,31e011818b437977c8536e3212e4687bf403a6376d7325a25d6b0099cd42a399,1d173f84422ffdb342bbbdf19ae4146cb252242d9dd167cf20879e1ae0f7a60c,2300.089321428571,1.0135714285714974,0.050678571428574876,,M5_LATEST_CONFIRMED_OPPOSING_SWING_ELSE_CONTROL,True,a5526f0d0a09e53d877a9684f77d20fe039f6adc34cbd9741374d94b5f165828,2024-06-13T21:20:00Z,2300.14,2326.72,842f2c2b54fe30566143b62ffbcd0927a6c55a1ccc23920675d6c68a77428f13
acf966238d982902c3f1c7ae088996f39da684e361c507c290149ed24cd60b5a,2302.3,2024-06-13T22:05:00Z,d6923b7a9ebb071b0d7173b6f69dea551eef25acc606d275a832c4042aea2059,2024-06-13T22:05:00Z,2303.73,2295.55,2024-07-01T00:00:00Z,2024-06-13T22:00:00Z,3.3362518903563627,LONG,0.45723454418444853,307.33826688945777,M15_LATEST_CONFIRMED_OPPOSING_SWING_ELSE_CONTROL,2024-06-13T22:05:00Z,CONTROL_NEXT_M1_OPEN,2303.73,True,a2ac3498198f51b410a00ec6dec578fceb74a6ceec9d4fca8fc97639b8a8e491,0.580186201957505,6.4676056338025845,2024_06,6.146765337789155,2.8105134474327924,TARGET,2024-06-14T13:21:00Z,TARGET,1320c0ef2c1f7ea8ff0663a746541577a168ddc05628f063ca9d975ac39226d9,2024-06-14T13:21:00Z,RETEST_EXPIRED,2024-06-13T22:20:00Z,,2302.3,False,False,INITIAL_CONFIRMATION_TARGET,3c48ecb36114d673e49e616d049c65d1b4c1b58aa235a4361df7a673e2314480,1d173f84422ffdb342bbbdf19ae4146cb252242d9dd167cf20879e1ae0f7a60c,2299.9898214285713,3.0035714285714414,0.15017857142857208,,M15_LATEST_CONFIRMED_OPPOSING_SWING_ELSE_CONTROL,True,f8ef5658a8bb1071d6e6b20b001fb8999b2d3c90a47de40f87f7b027ca28c500,2024-06-13T21:45:00Z,2300.14,2326.72,842f2c2b54fe30566143b62ffbcd0927a6c55a1ccc23920675d6c68a77428f13
acf966238d982902c3f1c7ae088996f39da684e361c507c290149ed24cd60b5a,2302.3,2024-06-13T22:05:00Z,d6923b7a9ebb071b0d7173b6f69dea551eef25acc606d275a832c4042aea2059,2024-06-13T22:05:00Z,2303.73,2295.55,2024-07-01T00:00:00Z,2024-06-13T22:00:00Z,0.0,LONG,1.0,140.52567237163962,CONTROL_V2_FILLED_STOP,2024-06-13T22:05:00Z,CONTROL_NEXT_M1_OPEN,2303.73,True,e6e5000493d7eb0f8b6a36d56e34e4afeb0fe7d022a12384946665da19eef75d,0.2652811735941462,2.9572127139364963,2024_06,2.8105134474327924,2.8105134474327924,TARGET,2024-06-14T13:21:00Z,TARGET,4a5e991fa9d96f945dfb55e665b1ec7867e5e9483cd12eaaedb47ac212c8fa80,2024-06-14T13:21:00Z,RETEST_EXPIRED,2024-06-13T22:20:00Z,,2302.3,False,False,INITIAL_CONFIRMATION_TARGET,11c93754a61dd01fbdb4862e36f095e70c1fda9a2ad13e3eaefe634758462d81,1d173f84422ffdb342bbbdf19ae4146cb252242d9dd167cf20879e1ae0f7a60c,2295.55,8.4864285714286,0.42432142857143007,NOT_STRICTLY_CLOSER_THAN_CONTROL,H1_SOURCE_SWING_BUFFERED_ELSE_CONTROL,False,1d173f84422ffdb342bbbdf19ae4146cb252242d9dd167cf20879e1ae0f7a60c,2024-06-13T22:00:00Z,2295.55,2326.72,842f2c2b54fe30566143b62ffbcd0927a6c55a1ccc23920675d6c68a77428f13
acf966238d982902c3f1c7ae088996f39da684e361c507c290149ed24cd60b5a,2302.3,2024-06-13T22:05:00Z,d6923b7a9ebb071b0d7173b6f69dea551eef25acc606d275a832c4042aea2059,2024-06-13T22:05:00Z,2303.73,2295.55,2024-07-01T00:00:00Z,2024-06-13T22:00:00Z,-2.8105134474327924,LONG,1.0,0.0,CONTROL_V2_FILLED_STOP,,M5_BROKEN_CONTROL_FIRST_RETEST,,False,e17b398582a38c85f96ef72592d80d4511c43363ddd14f05a5fe69ee1ce989b4,,,2024_06,0.0,2.8105134474327924,TARGET,2024-06-14T13:21:00Z,NO_FILL,097f3420f5484ab2a1896611788c84a1a4c3ca9d8008aae8c0b13c54cc77ffb3,,RETEST_EXPIRED,2024-06-13T22:20:00Z,,2302.3,False,False,INITIAL_CONFIRMATION_TARGET,b16cf78e04ac3f7a6c8b30da5da70a11e49ae32cf6c41cfd6a3ff63e3a8e5d2d,1d173f84422ffdb342bbbdf19ae4146cb252242d9dd167cf20879e1ae0f7a60c,2295.55,,,,CONTROL_V2_FILLED_STOP,False,,2024-06-13T22:05:00Z,2295.55,2326.72,842f2c2b54fe30566143b62ffbcd0927a6c55a1ccc23920675d6c68a77428f13
acf966238d982902c3f1c7ae088996f39da684e361c507c290149ed24cd60b5a,2302.3,2024-06-13T22:05:00Z,d6923b7a9ebb071b0d7173b6f69dea551eef25acc606d275a832c4042aea2059,2024-06-13T22:05:00Z,2303.73,2295.55,2024-07-01T00:00:00Z,2024-06-13T22:00:00Z,-2.8105134474327924,LONG,0.4450707300035428,0.0,M5_LATEST_CONFIRMED_OPPOSING_SWING_ELSE_CONTROL,,M5_BROKEN_CONTROL_FIRST_RETEST,,False,d360736486a062c1a91dfc8af2cb35ca2e90520bb9d295de9fb53e29d6232908,,,2024_06,0.0,2.8105134474327924,TARGET,2024-06-14T13:21:00Z,NO_FILL,a939a692fad1d6e89d729d107dd685dc5bae713bdfb0dbb9b1835efafdaa5e13,,RETEST_EXPIRED,2024-06-13T22:20:00Z,,2302.3,False,False,INITIAL_CONFIRMATION_TARGET,6035864b972b0c0d02704b2529b23df4f33b477a21146195068190caef910049,1d173f84422ffdb342bbbdf19ae4146cb252242d9dd167cf20879e1ae0f7a60c,2300.089321428571,1.0135714285714974,0.050678571428574876,,M5_LATEST_CONFIRMED_OPPOSING_SWING_ELSE_CONTROL,True,a5526f0d0a09e53d877a9684f77d20fe039f6adc34cbd9741374d94b5f165828,2024-06-13T21:20:00Z,2300.14,2326.72,842f2c2b54fe30566143b62ffbcd0927a6c55a1ccc23920675d6c68a77428f13
acf966238d982902c3f1c7ae088996f39da684e361c507c290149ed24cd60b5a,2302.3,2024-06-13T22:05:00Z,d6923b7a9ebb071b0d7173b6f69dea551eef25acc606d275a832c4042aea2059,2024-06-13T22:05:00Z,2303.73,2295.55,2024-07-01T00:00:00Z,2024-06-13T22:00:00Z,-2.8105134474327924,LONG,0.45723454418444853,0.0,M15_LATEST_CONFIRMED_OPPOSING_SWING_ELSE_CONTROL,,M5_BROKEN_CONTROL_FIRST_RETEST,,False,a2ac3498198f51b410a00ec6dec578fceb74a6ceec9d4fca8fc97639b8a8e491,,,2024_06,0.0,2.8105134474327924,TARGET,2024-06-14T13:21:00Z,NO_FILL,2ce0eac602c3af6a654056b45fe1b71fcd14e2687e4880ce0f958f3bf0538556,,RETEST_EXPIRED,2024-06-13T22:20:00Z,,2302.3,False,False,INITIAL_CONFIRMATION_TARGET,afd12119969b12ea1c0686dad8435f1be8c50510946d306192a4d70995a9825f,1d173f84422ffdb342bbbdf19ae4146cb252242d9dd167cf20879e1ae0f7a60c,2299.9898214285713,3.0035714285714414,0.15017857142857208,,M15_LATEST_CONFIRMED_OPPOSING_SWING_ELSE_CONTROL,True,f8ef5658a8bb1071d6e6b20b001fb8999b2d3c90a47de40f87f7b027ca28c500,2024-06-13T21:45:00Z,2300.14,2326.72,842f2c2b54fe30566143b62ffbcd0927a6c55a1ccc23920675d6c68a77428f13
acf966238d982902c3f1c7ae088996f39da684e361c507c290149ed24cd60b5a,2302.3,2024-06-13T22:05:00Z,d6923b7a9ebb071b0d7173b6f69dea551eef25acc606d275a832c4042aea2059,2024-06-13T22:05:00Z,2303.73,2295.55,2024-07-01T00:00:00Z,2024-06-13T22:00:00Z,-2.8105134474327924,LONG,1.0,0.0,CONTROL_V2_FILLED_STOP,,M5_BROKEN_CONTROL_FIRST_RETEST,,False,e6e5000493d7eb0f8b6a36d56e34e4afeb0fe7d022a12384946665da19eef75d,,,2024_06,0.0,2.8105134474327924,TARGET,2024-06-14T13:21:00Z,NO_FILL,1e5320275476fb49c583040cb6bc6f7757cb67c6d77c93ed50786a2fc8924f5f,,RETEST_EXPIRED,2024-06-13T22:20:00Z,,2302.3,False,False,INITIAL_CONFIRMATION_TARGET,790179668e8c6e5e69630ba1ef13af4582778759c7384bb453709ac7b2072e92,1d173f84422ffdb342bbbdf19ae4146cb252242d9dd167cf20879e1ae0f7a60c,2295.55,8.4864285714286,0.42432142857143007,NOT_STRICTLY_CLOSER_THAN_CONTROL,H1_SOURCE_SWING_BUFFERED_ELSE_CONTROL,False,1d173f84422ffdb342bbbdf19ae4146cb252242d9dd167cf20879e1ae0f7a60c,2024-06-13T22:00:00Z,2295.55,2326.72,842f2c2b54fe30566143b62ffbcd0927a6c55a1ccc23920675d6c68a77428f13
acf966238d982902c3f1c7ae088996f39da684e361c507c290149ed24cd60b5a,2302.3,2024-06-13T22:05:00Z,d6923b7a9ebb071b0d7173b6f69dea551eef25acc606d275a832c4042aea2059,2024-06-13T22:05:00Z,2303.73,2295.55,2024-07-01T00:00:00Z,2024-06-13T22:00:00Z,-2.107885085574594,LONG,1.0,35.131418092909904,CONTROL_V2_FILLED_STOP,2024-06-13T22:05:00Z,CONFIRMED_25_75_RETEST_SPLIT,2303.73,True,e17b398582a38c85f96ef72592d80d4511c43363ddd14f05a5fe69ee1ce989b4,0.06632029339853655,0.7393031784841241,2024_06,0.7026283618581981,2.8105134474327924,TARGET,2024-06-14T13:21:00Z,SPLIT_CONTROL_TARGET_NO_RETEST,07ae209bb10f72118c55e141310677d70f4ae21ee351f0981f64e55ad205444d,2024-06-14T13:21:00Z,RETEST_EXPIRED,2024-06-13T22:20:00Z,,2302.3,False,False,INITIAL_CONFIRMATION_TARGET,e9a6101d2cca7bd588136987e4ec34d4dc7b4e91ed4b4b7cb50822c7c16bdcec,1d173f84422ffdb342bbbdf19ae4146cb252242d9dd167cf20879e1ae0f7a60c,2295.55,,,,CONTROL_V2_FILLED_STOP,False,,2024-06-13T22:05:00Z,2295.55,2326.72,842f2c2b54fe30566143b62ffbcd0927a6c55a1ccc23920675d6c68a77428f13
acf966238d982902c3f1c7ae088996f39da684e361c507c290149ed24cd60b5a,2302.3,2024-06-13T22:05:00Z,d6923b7a9ebb071b0d7173b6f69dea551eef25acc606d275a832c4042aea2059,2024-06-13T22:05:00Z,2303.73,2295.55,2024-07-01T00:00:00Z,2024-06-13T22:00:00Z,-1.2318242313331287,LONG,0.4450707300035428,78.93446080498319,M5_LATEST_CONFIRMED_OPPOSING_SWING_ELSE_CONTROL,2024-06-13T22:05:00Z,CONFIRMED_25_75_RETEST_SPLIT,2303.73,True,d360736486a062c1a91dfc8af2cb35ca2e90520bb9d295de9fb53e29d6232908,0.14901068285934832,1.661091437035725,2024_06,1.5786892160996637,2.8105134474327924,TARGET,2024-06-14T13:21:00Z,SPLIT_CONTROL_TARGET_NO_RETEST,59ef29b6eb8707a638b591740e2970863da73740d2b634dfab1771acb424b0ed,2024-06-14T13:21:00Z,RETEST_EXPIRED,2024-06-13T22:20:00Z,,2302.3,False,False,INITIAL_CONFIRMATION_TARGET,4cdd0bd745c7c4d19093d8f68244988384b58e99016c546a93f1de5896e16ba2,1d173f84422ffdb342bbbdf19ae4146cb252242d9dd167cf20879e1ae0f7a60c,2300.089321428571,1.0135714285714974,0.050678571428574876,,M5_LATEST_CONFIRMED_OPPOSING_SWING_ELSE_CONTROL,True,a5526f0d0a09e53d877a9684f77d20fe039f6adc34cbd9741374d94b5f165828,2024-06-13T21:20:00Z,2300.14,2326.72,842f2c2b54fe30566143b62ffbcd0927a6c55a1ccc23920675d6c68a77428f13
acf966238d982902c3f1c7ae088996f39da684e361c507c290149ed24cd60b5a,2302.3,2024-06-13T22:05:00Z,d6923b7a9ebb071b0d7173b6f69dea551eef25acc606d275a832c4042aea2059,2024-06-13T22:05:00Z,2303.73,2295.55,2024-07-01T00:00:00Z,2024-06-13T22:00:00Z,-1.2738221129855036,LONG,0.45723454418444853,76.83456672236444,M15_LATEST_CONFIRMED_OPPOSING_SWING_ELSE_CONTROL,2024-06-13T22:05:00Z,CONFIRMED_25_75_RETEST_SPLIT,2303.73,True,a2ac3498198f51b410a00ec6dec578fceb74a6ceec9d4fca8fc97639b8a8e491,0.14504655048937626,1.6169014084506461,2024_06,1.5366913344472888,2.8105134474327924,TARGET,2024-06-14T13:21:00Z,SPLIT_CONTROL_TARGET_NO_RETEST,3d84062630f081fc5097ebb36d712dec51714ff9036dc7dad77bf4d66d7fdd63,2024-06-14T13:21:00Z,RETEST_EXPIRED,2024-06-13T22:20:00Z,,2302.3,False,False,INITIAL_CONFIRMATION_TARGET,9560a687bff1d6e5f1623cd61c497b0a33f068c0c8a33e7d5eb5242b314eb551,1d173f84422ffdb342bbbdf19ae4146cb252242d9dd167cf20879e1ae0f7a60c,2299.9898214285713,3.0035714285714414,0.15017857142857208,,M15_LATEST_CONFIRMED_OPPOSING_SWING_ELSE_CONTROL,True,f8ef5658a8bb1071d6e6b20b001fb8999b2d3c90a47de40f87f7b027ca28c500,2024-06-13T21:45:00Z,2300.14,2326.72,842f2c2b54fe30566143b62ffbcd0927a6c55a1ccc23920675d6c68a77428f13
acf966238d982902c3f1c7ae088996f39da684e361c507c290149ed24cd60b5a,2302.3,2024-06-13T22:05:00Z,d6923b7a9ebb071b0d7173b6f69dea551eef25acc606d275a832c4042aea2059,2024-06-13T22:05:00Z,2303.73,2295.55,2024-07-01T00:00:00Z,2024-06-13T22:00:00Z,-2.107885085574594,LONG,1.0,35.131418092909904,CONTROL_V2_FILLED_STOP,2024-06-13T22:05:00Z,CONFIRMED_25_75_RETEST_SPLIT,2303.73,True,e6e5000493d7eb0f8b6a36d56e34e4afeb0fe7d022a12384946665da19eef75d,0.06632029339853655,0.7393031784841241,2024_06,0.7026283618581981,2.8105134474327924,TARGET,2024-06-14T13:21:00Z,SPLIT_CONTROL_TARGET_NO_RETEST,a2abc13c3089063412302a9e963644fc046fc5029013248e07268a7d4bed25d2,2024-06-14T13:21:00Z,RETEST_EXPIRED,2024-06-13T22:20:00Z,,2302.3,False,False,INITIAL_CONFIRMATION_TARGET,f6031bbfe2d57694961a94416ea08141f48ece2177218d577d2c0b657f09ec68,1d173f84422ffdb342bbbdf19ae4146cb252242d9dd167cf20879e1ae0f7a60c,2295.55,8.4864285714286,0.42432142857143007,NOT_STRICTLY_CLOSER_THAN_CONTROL,H1_SOURCE_SWING_BUFFERED_ELSE_CONTROL,False,1d173f84422ffdb342bbbdf19ae4146cb252242d9dd167cf20879e1ae0f7a60c,2024-06-13T22:00:00Z,2295.55,2326.72,842f2c2b54fe30566143b62ffbcd0927a6c55a1ccc23920675d6c68a77428f13
8540080b253f98be42cb0b803b38bcb12c368d15a75883b519afa71c7b02e4b6,2301.73,2024-06-14T03:15:00Z,7114b62d0f684e8795de3d9433f02be7ab79608dc7bb8c3fffc407b9a79c978c,2024-06-14T03:15:00Z,2301.62,2304.99,2024-07-01T00:00:00Z,2024-06-14T03:00:00Z,0.0,SHORT,1.0,-50.0,CONTROL_V2_FILLED_STOP,2024-06-14T03:15:00Z,CONTROL_NEXT_M1_OPEN,2301.62,True,429f1e197085ff634447332525ddf1cd5bbca5f7ffa6b1d6bda47811f526be44,1.0059347181010199,0.014836795252145036,2024_06,-1.0,-1.0,STOP,2024-06-14T03:38:00Z,STOP,034487f0a68a8ecbe003634f7ee2417b7627e53c503c0db314b773e27acf0cc2,2024-06-14T03:38:00Z,FIRST_RETEST_FILLED,2024-06-14T03:30:00Z,2024-06-14T03:15:00Z,2301.73,True,False,INITIAL_CONFIRMATION_STOP,2762279f2992385e481f313f119c384c2ced3165c6409d05a77e156a1f5d0558,808d50c48b782b330d05af5e868a057ddec93482a3ec460ac2b70d12028f29fa,2304.99,,,,CONTROL_V2_FILLED_STOP,False,,2024-06-14T03:15:00Z,2304.99,2295.55,71f5e8f45ddec1506bc86450a23cb970d43572af36ed63932d3b66891d9656c7
8540080b253f98be42cb0b803b38bcb12c368d15a75883b519afa71c7b02e4b6,2301.73,2024-06-14T03:15:00Z,7114b62d0f684e8795de3d9433f02be7ab79608dc7bb8c3fffc407b9a79c978c,2024-06-14T03:15:00Z,2301.62,2304.99,2024-07-01T00:00:00Z,2024-06-14T03:00:00Z,0.0,SHORT,0.6414794404409696,-50.0,M5_LATEST_CONFIRMED_OPPOSING_SWING_ELSE_CONTROL,2024-06-14T03:15:00Z,CONTROL_NEXT_M1_OPEN,2301.62,True,885ff4e919b34c0b03446ff9ac1b888744f7fc690495edc31ebd3f3ddc6cc75c,1.0223029902526501,0.023129026928666394,2024_06,-1.0,-1.0,STOP,2024-06-14T03:38:00Z,STOP,c3be0fbac69663a4b260f5e84d89047798b95b7dd05f42e844e834509a19b7ab,2024-06-14T03:24:00Z,FIRST_RETEST_FILLED,2024-06-14T03:30:00Z,2024-06-14T03:15:00Z,2301.73,True,False,INITIAL_CONFIRMATION_STOP,e007b00e90fcddacce91c6f6dd11f4309af3ac7d8944537f489dfa659fe9a359,808d50c48b782b330d05af5e868a057ddec93482a3ec460ac2b70d12028f29fa,2303.781785714286,0.6357142857143246,0.031785714285716235,,M5_LATEST_CONFIRMED_OPPOSING_SWING_ELSE_CONTROL,True,d9ab3206a97588464e218cf42e8aadaaf1932bfddfffc2c58f5067824bc6f4ff,2024-06-14T03:15:00Z,2303.75,2295.55,71f5e8f45ddec1506bc86450a23cb970d43572af36ed63932d3b66891d9656c7
8540080b253f98be42cb0b803b38bcb12c368d15a75883b519afa71c7b02e4b6,2301.73,2024-06-14T03:15:00Z,7114b62d0f684e8795de3d9433f02be7ab79608dc7bb8c3fffc407b9a79c978c,2024-06-14T03:15:00Z,2301.62,2304.99,2024-07-01T00:00:00Z,2024-06-14T03:00:00Z,0.0,SHORT,1.0,-50.0,CONTROL_V2_FILLED_STOP,2024-06-14T03:15:00Z,CONTROL_NEXT_M1_OPEN,2301.62,True,089300e89fe44b2630468d6a9bf92983eea7255a9300c04845111b140aa07db4,1.0059347181010199,0.014836795252145036,2024_06,-1.0,-1.0,STOP,2024-06-14T03:38:00Z,STOP,6dafd53ec5068813a5f6f37fc21217c67270c37dc4f2c15064f9dffaf833bb68,2024-06-14T03:38:00Z,FIRST_RETEST_FILLED,2024-06-14T03:30:00Z,2024-06-14T03:15:00Z,2301.73,True,False,INITIAL_CONFIRMATION_STOP,ced2a6b2ed54641bd5b74387f6916d7e64c2ee1196866dcb3eb2614fcb5d7b65,808d50c48b782b330d05af5e868a057ddec93482a3ec460ac2b70d12028f29fa,2304.99,1.0128571428571311,0.05064285714285656,NOT_STRICTLY_CLOSER_THAN_CONTROL,M15_LATEST_CONFIRMED_OPPOSING_SWING_ELSE_CONTROL,False,be4eaef36043acec58088cda137e6bb1d83b4994cd2765f8b9cbedc2bc5e1d4a,2024-06-13T23:15:00Z,2304.99,2295.55,71f5e8f45ddec1506bc86450a23cb970d43572af36ed63932d3b66891d9656c7
8540080b253f98be42cb0b803b38bcb12c368d15a75883b519afa71c7b02e4b6,2301.73,2024-06-14T03:15:00Z,7114b62d0f684e8795de3d9433f02be7ab79608dc7bb8c3fffc407b9a79c978c,2024-06-14T03:15:00Z,2301.62,2304.99,2024-07-01T00:00:00Z,2024-06-14T03:00:00Z,0.0,SHORT,1.0,-50.0,CONTROL_V2_FILLED_STOP,2024-06-14T03:15:00Z,CONTROL_NEXT_M1_OPEN,2301.62,True,dd4b06f30f69eaad2d1472ab89fca05a06ad3fc17bb4ec78f2a50e5af04daf8c,1.0059347181010199,0.014836795252145036,2024_06,-1.0,-1.0,STOP,2024-06-14T03:38:00Z,STOP,eca5bb8969b049fd724b3ced9d668b74f28c89b6ab8565179b5326722e36bdad,2024-06-14T03:38:00Z,FIRST_RETEST_FILLED,2024-06-14T03:30:00Z,2024-06-14T03:15:00Z,2301.73,True,False,INITIAL_CONFIRMATION_STOP,2aae08857d3179d10717efacc033e6c4a55ae01ec43550d5ecf24cd583cd99ab,808d50c48b782b330d05af5e868a057ddec93482a3ec460ac2b70d12028f29fa,2304.99,7.881428571428517,0.39407142857142585,NOT_STRICTLY_CLOSER_THAN_CONTROL,H1_SOURCE_SWING_BUFFERED_ELSE_CONTROL,False,808d50c48b782b330d05af5e868a057ddec93482a3ec460ac2b70d12028f29fa,2024-06-14T03:00:00Z,2304.99,2295.55,71f5e8f45ddec1506bc86450a23cb970d43572af36ed63932d3b66891d9656c7
8540080b253f98be42cb0b803b38bcb12c368d15a75883b519afa71c7b02e4b6,2301.73,2024-06-14T03:15:00Z,7114b62d0f684e8795de3d9433f02be7ab79608dc7bb8c3fffc407b9a79c978c,2024-06-14T03:15:00Z,2301.62,2304.99,2024-07-01T00:00:00Z,2024-06-14T03:00:00Z,0.0,SHORT,1.0,-50.0,CONTROL_V2_FILLED_STOP,2024-06-14T03:15:00Z,M5_BROKEN_CONTROL_FIRST_RETEST,2301.73,True,429f1e197085ff634447332525ddf1cd5bbca5f7ffa6b1d6bda47811f526be44,1.0061349693252877,0.04907975460118592,2024_06,-1.0,-1.0,STOP,2024-06-14T03:38:00Z,STOP,93dbf2662a94090d71698df61f3e282d99a7253b00b1ec9f64213f39479d8d68,2024-06-14T03:38:00Z,FIRST_RETEST_FILLED,2024-06-14T03:30:00Z,2024-06-14T03:15:00Z,2301.73,True,True,INITIAL_CONFIRMATION_STOP,228b2c5f055d2e145568f47f6717c9041316a212d598c578a5cb0310d5706b0c,808d50c48b782b330d05af5e868a057ddec93482a3ec460ac2b70d12028f29fa,2304.99,,,,CONTROL_V2_FILLED_STOP,False,,2024-06-14T03:15:00Z,2304.99,2295.55,71f5e8f45ddec1506bc86450a23cb970d43572af36ed63932d3b66891d9656c7
8540080b253f98be42cb0b803b38bcb12c368d15a75883b519afa71c7b02e4b6,2301.73,2024-06-14T03:15:00Z,7114b62d0f684e8795de3d9433f02be7ab79608dc7bb8c3fffc407b9a79c978c,2024-06-14T03:15:00Z,2301.62,2304.99,2024-07-01T00:00:00Z,2024-06-14T03:00:00Z,0.0,SHORT,0.6414794404409696,-50.0,M5_LATEST_CONFIRMED_OPPOSING_SWING_ELSE_CONTROL,2024-06-14T03:15:00Z,M5_BROKEN_CONTROL_FIRST_RETEST,2301.73,True,885ff4e919b34c0b03446ff9ac1b888744f7fc690495edc31ebd3f3ddc6cc75c,1.0234986945168492,0.07798085291550191,2024_06,-1.0,-1.0,STOP,2024-06-14T03:38:00Z,STOP,1c84ccbc78b64c27edb4d70155c556766fdc525e14f62171b7e5890ba90a6f79,2024-06-14T03:24:00Z,FIRST_RETEST_FILLED,2024-06-14T03:30:00Z,2024-06-14T03:15:00Z,2301.73,True,True,INITIAL_CONFIRMATION_STOP,f079470fed4972ccf75325a3adf1d147ad194132a29ecfc01a4b4931431d832e,808d50c48b782b330d05af5e868a057ddec93482a3ec460ac2b70d12028f29fa,2303.781785714286,0.6357142857143246,0.031785714285716235,,M5_LATEST_CONFIRMED_OPPOSING_SWING_ELSE_CONTROL,True,d9ab3206a97588464e218cf42e8aadaaf1932bfddfffc2c58f5067824bc6f4ff,2024-06-14T03:15:00Z,2303.75,2295.55,71f5e8f45ddec1506bc86450a23cb970d43572af36ed63932d3b66891d9656c7
8540080b253f98be42cb0b803b38bcb12c368d15a75883b519afa71c7b02e4b6,2301.73,2024-06-14T03:15:00Z,7114b62d0f684e8795de3d9433f02be7ab79608dc7bb8c3fffc407b9a79c978c,2024-06-14T03:15:00Z,2301.62,2304.99,2024-07-01T00:00:00Z,2024-06-14T03:00:00Z,0.0,SHORT,1.0,-50.0,CONTROL_V2_FILLED_STOP,2024-06-14T03:15:00Z,M5_BROKEN_CONTROL_FIRST_RETEST,2301.73,True,089300e89fe44b2630468d6a9bf92983eea7255a9300c04845111b140aa07db4,1.0061349693252877,0.04907975460118592,2024_06,-1.0,-1.0,STOP,2024-06-14T03:38:00Z,STOP,5bd9958fe7fb0ce54bb1c7425f842787b26fabbcdbd97622ab3f68cda5ecd747,2024-06-14T03:38:00Z,FIRST_RETEST_FILLED,2024-06-14T03:30:00Z,2024-06-14T03:15:00Z,2301.73,True,True,INITIAL_CONFIRMATION_STOP,d1ad5929bdf7ad34880cf1a6fccfb276ff58e4b40969bde6ef4ea199c853090f,808d50c48b782b330d05af5e868a057ddec93482a3ec460ac2b70d12028f29fa,2304.99,1.0128571428571311,0.05064285714285656,NOT_STRICTLY_CLOSER_THAN_CONTROL,M15_LATEST_CONFIRMED_OPPOSING_SWING_ELSE_CONTROL,False,be4eaef36043acec58088cda137e6bb1d83b4994cd2765f8b9cbedc2bc5e1d4a,2024-06-13T23:15:00Z,2304.99,2295.55,71f5e8f45ddec1506bc86450a23cb970d43572af36ed63932d3b66891d9656c7
8540080b253f98be42cb0b803b38bcb12c368d15a75883b519afa71c7b02e4b6,2301.73,2024-06-14T03:15:00Z,7114b62d0f684e8795de3d9433f02be7ab79608dc7bb8c3fffc407b9a79c978c,2024-06-14T03:15:00Z,2301.62,2304.99,2024-07-01T00:00:00Z,2024-06-14T03:00:00Z,0.0,SHORT,1.0,-50.0,CONTROL_V2_FILLED_STOP,2024-06-14T03:15:00Z,M5_BROKEN_CONTROL_FIRST_RETEST,2301.73,True,dd4b06f30f69eaad2d1472ab89fca05a06ad3fc17bb4ec78f2a50e5af04daf8c,1.0061349693252877,0.04907975460118592,2024_06,-1.0,-1.0,STOP,2024-06-14T03:38:00Z,STOP,9f07e8d5b490d70aaf17aa5cfb3347fd2a5bc65c5cff4619e13ca10013cac587,2024-06-14T03:38:00Z,FIRST_RETEST_FILLED,2024-06-14T03:30:00Z,2024-06-14T03:15:00Z,2301.73,True,True,INITIAL_CONFIRMATION_STOP,25a02031a5c4b7d47d1ca639e2b892eb98fd3a5b43cb77ec1b31866a19b7d674,808d50c48b782b330d05af5e868a057ddec93482a3ec460ac2b70d12028f29fa,2304.99,7.881428571428517,0.39407142857142585,NOT_STRICTLY_CLOSER_THAN_CONTROL,H1_SOURCE_SWING_BUFFERED_ELSE_CONTROL,False,808d50c48b782b330d05af5e868a057ddec93482a3ec460ac2b70d12028f29fa,2024-06-14T03:00:00Z,2304.99,2295.55,71f5e8f45ddec1506bc86450a23cb970d43572af36ed63932d3b66891d9656c7
8540080b253f98be42cb0b803b38bcb12c368d15a75883b519afa71c7b02e4b6,2301.73,2024-06-14T03:15:00Z,7114b62d0f684e8795de3d9433f02be7ab79608dc7bb8c3fffc407b9a79c978c,2024-06-14T03:15:00Z,2301.62,2304.99,2024-07-01T00:00:00Z,2024-06-14T03:00:00Z,0.0,SHORT,1.0,-50.0,CONTROL_V2_FILLED_STOP,2024-06-14T03:15:00Z,CONFIRMED_25_75_RETEST_SPLIT,2301.62,True,429f1e197085ff634447332525ddf1cd5bbca5f7ffa6b1d6bda47811f526be44,1.0060849065192206,0.0405190147639257,2024_06,-1.0,-1.0,STOP,2024-06-14T03:38:00Z,SPLIT_STOP_STOP,1dc870b82bb46965d9685461c3e0e9b1b56e7afa75b0fa0086a349d77ea8059c,2024-06-14T03:38:00Z,FIRST_RETEST_FILLED,2024-06-14T03:30:00Z,2024-06-14T03:15:00Z,2301.73,True,True,INITIAL_CONFIRMATION_STOP,9bc46746110ffe8a431e594023e62280a4d9c43c356c9fd9ab78c3f3ac6bb992,808d50c48b782b330d05af5e868a057ddec93482a3ec460ac2b70d12028f29fa,2304.99,,,,CONTROL_V2_FILLED_STOP,False,,2024-06-14T03:15:00Z,2304.99,2295.55,71f5e8f45ddec1506bc86450a23cb970d43572af36ed63932d3b66891d9656c7
8540080b253f98be42cb0b803b38bcb12c368d15a75883b519afa71c7b02e4b6,2301.73,2024-06-14T03:15:00Z,7114b62d0f684e8795de3d9433f02be7ab79608dc7bb8c3fffc407b9a79c978c,2024-06-14T03:15:00Z,2301.62,2304.99,2024-07-01T00:00:00Z,2024-06-14T03:00:00Z,0.0,SHORT,0.6414794404409696,-50.0,M5_LATEST_CONFIRMED_OPPOSING_SWING_ELSE_CONTROL,2024-06-14T03:15:00Z,CONFIRMED_25_75_RETEST_SPLIT,2301.62,True,885ff4e919b34c0b03446ff9ac1b888744f7fc690495edc31ebd3f3ddc6cc75c,1.0231997684507994,0.06426789641879303,2024_06,-1.0,-1.0,STOP,2024-06-14T03:38:00Z,SPLIT_STOP_STOP,67c2eefdf19cce9e87f2b8ed7c5ded9ae56599514556c5fcfdc7082f12ff5471,2024-06-14T03:24:00Z,FIRST_RETEST_FILLED,2024-06-14T03:30:00Z,2024-06-14T03:15:00Z,2301.73,True,True,INITIAL_CONFIRMATION_STOP,6c50b7244cad5c7436431d01fbf8fa763f978acf0d4ac6087240597bc28189a7,808d50c48b782b330d05af5e868a057ddec93482a3ec460ac2b70d12028f29fa,2303.781785714286,0.6357142857143246,0.031785714285716235,,M5_LATEST_CONFIRMED_OPPOSING_SWING_ELSE_CONTROL,True,d9ab3206a97588464e218cf42e8aadaaf1932bfddfffc2c58f5067824bc6f4ff,2024-06-14T03:15:00Z,2303.75,2295.55,71f5e8f45ddec1506bc86450a23cb970d43572af36ed63932d3b66891d9656c7
8540080b253f98be42cb0b803b38bcb12c368d15a75883b519afa71c7b02e4b6,2301.73,2024-06-14T03:15:00Z,7114b62d0f684e8795de3d9433f02be7ab79608dc7bb8c3fffc407b9a79c978c,2024-06-14T03:15:00Z,2301.62,2304.99,2024-07-01T00:00:00Z,2024-06-14T03:00:00Z,0.0,SHORT,1.0,-50.0,CONTROL_V2_FILLED_STOP,2024-06-14T03:15:00Z,CONFIRMED_25_75_RETEST_SPLIT,2301.62,True,089300e89fe44b2630468d6a9bf92983eea7255a9300c04845111b140aa07db4,1.0060849065192206,0.0405190147639257,2024_06,-1.0,-1.0,STOP,2024-06-14T03:38:00Z,SPLIT_STOP_STOP,8754b03895530eb0feef4a7334ecc59fe2a831f9ea0bdd5f557c72e3feeff7b4,2024-06-14T03:38:00Z,FIRST_RETEST_FILLED,2024-06-14T03:30:00Z,2024-06-14T03:15:00Z,2301.73,True,True,INITIAL_CONFIRMATION_STOP,6cbf08b759ec9b881ce18c3a9e1a1b19050ae7c5fe7d9c9f111208ad6c26c588,808d50c48b782b330d05af5e868a057ddec93482a3ec460ac2b70d12028f29fa,2304.99,1.0128571428571311,0.05064285714285656,NOT_STRICTLY_CLOSER_THAN_CONTROL,M15_LATEST_CONFIRMED_OPPOSING_SWING_ELSE_CONTROL,False,be4eaef36043acec58088cda137e6bb1d83b4994cd2765f8b9cbedc2bc5e1d4a,2024-06-13T23:15:00Z,2304.99,2295.55,71f5e8f45ddec1506bc86450a23cb970d43572af36ed63932d3b66891d9656c7
8540080b253f98be42cb0b803b38bcb12c368d15a75883b519afa71c7b02e4b6,2301.73,2024-06-14T03:15:00Z,7114b62d0f684e8795de3d9433f02be7ab79608dc7bb8c3fffc407b9a79c978c,2024-06-14T03:15:00Z,2301.62,2304.99,2024-07-01T00:00:00Z,2024-06-14T03:00:00Z,0.0,SHORT,1.0,-50.0,CONTROL_V2_FILLED_STOP,2024-06-14T03:15:00Z,CONFIRMED_25_75_RETEST_SPLIT,2301.62,True,dd4b06f30f69eaad2d1472ab89fca05a06ad3fc17bb4ec78f2a50e5af04daf8c,1.0060849065192206,0.0405190147639257,2024_06,-1.0,-1.0,STOP,2024-06-14T03:38:00Z,SPLIT_STOP_STOP,06672bfcc5282d3e7b3984281416734f72a115d4e4b0fe70fc03bb46d182b0a0,2024-06-14T03:38:00Z,FIRST_RETEST_FILLED,2024-06-14T03:30:00Z,2024-06-14T03:15:00Z,2301.73,True,True,INITIAL_CONFIRMATION_STOP,0d122c6123531003077a5a91afbf8b5e1016d13b8cab94d7512115ea751b6496,808d50c48b782b330d05af5e868a057ddec93482a3ec460ac2b70d12028f29fa,2304.99,7.881428571428517,0.39407142857142585,NOT_STRICTLY_CLOSER_THAN_CONTROL,H1_SOURCE_SWING_BUFFERED_ELSE_CONTROL,False,808d50c48b782b330d05af5e868a057ddec93482a3ec460ac2b70d12028f29fa,2024-06-14T03:00:00Z,2304.99,2295.55,71f5e8f45ddec1506bc86450a23cb970d43572af36ed63932d3b66891d9656c7
b12144886fc42a1dc39ffeef2273dced3f73fd4ce03de0d18a87d954ceb74da5,2332.47,2024-06-14T23:05:00Z,566983c2fd2b269e611b73cceff85f7f2d9a48b0cb0fac165aa5f568c8d1721c,2024-06-14T23:05:00Z,2332.09,2335.62,2024-07-01T00:00:00Z,2024-06-14T23:00:00Z,0.0,SHORT,1.0,113.59773371105611,CONTROL_V2_FILLED_STOP,2024-06-14T23:05:00Z,CONTROL_NEXT_M1_OPEN,2332.09,True,15b8a65f2cec20dcd913d6a06ec4e588c12569d25fd9bea31df615c9c9b22a9e,0.24362606232287098,2.5354107648727813,2024_06,2.271954674221122,2.271954674221122,TARGET,2024-06-17T04:01:00Z,TARGET,59502b3d275b64eb1a8e86665c476ed6444af15a379f43b585e56096eff3b41f,2024-06-17T04:01:00Z,RETEST_EXPIRED,2024-06-14T23:20:00Z,,2332.47,False,False,INITIAL_CONFIRMATION_TARGET,8d80a6ae9b64eafeed786cd0bd420b75c69b93c84bdfca286d3b80312f46929e,8ac4580256ecf4f198f27bd9cd6f5ad8b6cdfda4975b93ebab9ce96137c6cc96,2335.62,,,,CONTROL_V2_FILLED_STOP,False,,2024-06-14T23:05:00Z,2335.62,2324.07,1cf74abe053051dde40ef8588627fdf497ee08ae7ad54a0310b0bd73be32a071
b12144886fc42a1dc39ffeef2273dced3f73fd4ce03de0d18a87d954ceb74da5,2332.47,2024-06-14T23:05:00Z,566983c2fd2b269e611b73cceff85f7f2d9a48b0cb0fac165aa5f568c8d1721c,2024-06-14T23:05:00Z,2332.09,2335.62,2024-07-01T00:00:00Z,2024-06-14T23:00:00Z,0.06057885023547316,SHORT,0.9740287333063794,116.62667622282976,M5_LATEST_CONFIRMED_OPPOSING_SWING_ELSE_CONTROL,2024-06-14T23:05:00Z,CONTROL_NEXT_M1_OPEN,2332.09,True,8c9611e28043a89e81b8714dd9a5dfd91efc26875965454cf323a1d46ce07db6,0.2501220487570963,2.60301434462434,2024_06,2.3325335244565952,2.271954674221122,TARGET,2024-06-17T04:01:00Z,TARGET,9e2edd5f6afd5aa7c4b482267b7b4a1df781738610d9f96fd930475af2b22a28,2024-06-17T04:01:00Z,RETEST_EXPIRED,2024-06-14T23:20:00Z,,2332.47,False,False,INITIAL_CONFIRMATION_TARGET,dfd7e28485ebfaf2c0f0962436480d341d4e33ace24bc888e53cd1fd428ef0c0,8ac4580256ecf4f198f27bd9cd6f5ad8b6cdfda4975b93ebab9ce96137c6cc96,2335.5283214285714,0.9664285714285857,0.04832142857142929,,M5_LATEST_CONFIRMED_OPPOSING_SWING_ELSE_CONTROL,True,f967264c42bf80b43c2c177c7646f6ee3734209e63da2f4309f56607cb04463d,2024-06-14T22:55:00Z,2335.48,2324.07,1cf74abe053051dde40ef8588627fdf497ee08ae7ad54a0310b0bd73be32a071
b12144886fc42a1dc39ffeef2273dced3f73fd4ce03de0d18a87d954ceb74da5,2332.47,2024-06-14T23:05:00Z,566983c2fd2b269e611b73cceff85f7f2d9a48b0cb0fac165aa5f568c8d1721c,2024-06-14T23:05:00Z,2332.09,2335.62,2024-07-01T00:00:00Z,2024-06-14T23:00:00Z,0.23717971017191708,SHORT,0.9054734925131197,125.45671921965196,M15_LATEST_CONFIRMED_OPPOSING_SWING_ELSE_CONTROL,2024-06-14T23:05:00Z,CONTROL_NEXT_M1_OPEN,2332.09,True,1f10cc9eeeef256760b31a087f2e1ca02f46c52b85abc32a72f9e37afc3e5002,0.2690592980769573,2.800093857895067,2024_06,2.509134384393039,2.271954674221122,TARGET,2024-06-17T04:01:00Z,TARGET,8073da7e697696bee9f994f032d86db8e714967fc9fcc7e9134ff681f08303ba,2024-06-17T04:01:00Z,RETEST_EXPIRED,2024-06-14T23:20:00Z,,2332.47,False,False,INITIAL_CONFIRMATION_TARGET,e7203596a40d13dd7833ce033984cf6533a803a43a1d79049d3686eaa97a6ae0,8ac4580256ecf4f198f27bd9cd6f5ad8b6cdfda4975b93ebab9ce96137c6cc96,2335.2863214285712,2.12642857142857,0.10632142857142851,,M15_LATEST_CONFIRMED_OPPOSING_SWING_ELSE_CONTROL,True,b81460d0ca94f0a62652706e441f22e9bb0d4cae923b03a24c8bbf1a4e4a342e,2024-06-14T22:30:00Z,2335.18,2324.07,1cf74abe053051dde40ef8588627fdf497ee08ae7ad54a0310b0bd73be32a071
b12144886fc42a1dc39ffeef2273dced3f73fd4ce03de0d18a87d954ceb74da5,2332.47,2024-06-14T23:05:00Z,566983c2fd2b269e611b73cceff85f7f2d9a48b0cb0fac165aa5f568c8d1721c,2024-06-14T23:05:00Z,2332.09,2335.62,2024-07-01T00:00:00Z,2024-06-14T23:00:00Z,0.0,SHORT,1.0,113.59773371105611,CONTROL_V2_FILLED_STOP,2024-06-14T23:05:00Z,CONTROL_NEXT_M1_OPEN,2332.09,True,da7ac607a16b2577eff39a91640fa0fa86188bd5fcbc33c1acd289e20a2152cb,0.24362606232287098,2.5354107648727813,2024_06,2.271954674221122,2.271954674221122,TARGET,2024-06-17T04:01:00Z,TARGET,a8a5684816bf54f6b6fdf739e3f0e264dd930cb1757f3ec49bb427726a4cfe59,2024-06-17T04:01:00Z,RETEST_EXPIRED,2024-06-14T23:20:00Z,,2332.47,False,False,INITIAL_CONFIRMATION_TARGET,01c8b8b50151717afbd5fa68fdcdcb8f3c2994e85c2a26696fd015e113615c08,8ac4580256ecf4f198f27bd9cd6f5ad8b6cdfda4975b93ebab9ce96137c6cc96,2335.62,7.122142857142762,0.3561071428571381,NOT_STRICTLY_CLOSER_THAN_CONTROL,H1_SOURCE_SWING_BUFFERED_ELSE_CONTROL,False,8ac4580256ecf4f198f27bd9cd6f5ad8b6cdfda4975b93ebab9ce96137c6cc96,2024-06-14T23:00:00Z,2335.62,2324.07,1cf74abe053051dde40ef8588627fdf497ee08ae7ad54a0310b0bd73be32a071
b12144886fc42a1dc39ffeef2273dced3f73fd4ce03de0d18a87d954ceb74da5,2332.47,2024-06-14T23:05:00Z,566983c2fd2b269e611b73cceff85f7f2d9a48b0cb0fac165aa5f568c8d1721c,2024-06-14T23:05:00Z,2332.09,2335.62,2024-07-01T00:00:00Z,2024-06-14T23:00:00Z,-2.271954674221122,SHORT,1.0,0.0,CONTROL_V2_FILLED_STOP,,M5_BROKEN_CONTROL_FIRST_RETEST,,False,15b8a65f2cec20dcd913d6a06ec4e588c12569d25fd9bea31df615c9c9b22a9e,,,2024_06,0.0,2.271954674221122,TARGET,2024-06-17T04:01:00Z,NO_FILL,b3113ccc7be595d617aad5cb8422cd4d0015023aed0fb32aa5b8995e92eb3244,,RETEST_EXPIRED,2024-06-14T23:20:00Z,,2332.47,False,False,INITIAL_CONFIRMATION_TARGET,d085424e036dfef8534a18dc5648c7ae8a4ae3b2ce094a91536dae931ccf7634,8ac4580256ecf4f198f27bd9cd6f5ad8b6cdfda4975b93ebab9ce96137c6cc96,2335.62,,,,CONTROL_V2_FILLED_STOP,False,,2024-06-14T23:05:00Z,2335.62,2324.07,1cf74abe053051dde40ef8588627fdf497ee08ae7ad54a0310b0bd73be32a071
b12144886fc42a1dc39ffeef2273dced3f73fd4ce03de0d18a87d954ceb74da5,2332.47,2024-06-14T23:05:00Z,566983c2fd2b269e611b73cceff85f7f2d9a48b0cb0fac165aa5f568c8d1721c,2024-06-14T23:05:00Z,2332.09,2335.62,2024-07-01T00:00:00Z,2024-06-14T23:00:00Z,-2.271954674221122,SHORT,0.9740287333063794,0.0,M5_LATEST_CONFIRMED_OPPOSING_SWING_ELSE_CONTROL,,M5_BROKEN_CONTROL_FIRST_RETEST,,False,8c9611e28043a89e81b8714dd9a5dfd91efc26875965454cf323a1d46ce07db6,,,2024_06,0.0,2.271954674221122,TARGET,2024-06-17T04:01:00Z,NO_FILL,b2c1cf706928616162bfb6c167ffe517b6a1196f295a9f0c39eb3765a79ed83f,,RETEST_EXPIRED,2024-06-14T23:20:00Z,,2332.47,False,False,INITIAL_CONFIRMATION_TARGET,c9eae4c8d41d76bae7e22adfb1ed727b9204bd06930d5713b2069fdaed003777,8ac4580256ecf4f198f27bd9cd6f5ad8b6cdfda4975b93ebab9ce96137c6cc96,2335.5283214285714,0.9664285714285857,0.04832142857142929,,M5_LATEST_CONFIRMED_OPPOSING_SWING_ELSE_CONTROL,True,f967264c42bf80b43c2c177c7646f6ee3734209e63da2f4309f56607cb04463d,2024-06-14T22:55:00Z,2335.48,2324.07,1cf74abe053051dde40ef8588627fdf497ee08ae7ad54a0310b0bd73be32a071
b12144886fc42a1dc39ffeef2273dced3f73fd4ce03de0d18a87d954ceb74da5,2332.47,2024-06-14T23:05:00Z,566983c2fd2b269e611b73cceff85f7f2d9a48b0cb0fac165aa5f568c8d1721c,2024-06-14T23:05:00Z,2332.09,2335.62,2024-07-01T00:00:00Z,2024-06-14T23:00:00Z,-2.271954674221122,SHORT,0.9054734925131197,0.0,M15_LATEST_CONFIRMED_OPPOSING_SWING_ELSE_CONTROL,,M5_BROKEN_CONTROL_FIRST_RETEST,,False,1f10cc9eeeef256760b31a087f2e1ca02f46c52b85abc32a72f9e37afc3e5002,,,2024_06,0.0,2.271954674221122,TARGET,2024-06-17T04:01:00Z,NO_FILL,fcc237182d9cc433aeeb101f72ed5a4f35d157b2a545e264a053c5a64e757c83,,RETEST_EXPIRED,2024-06-14T23:20:00Z,,2332.47,False,False,INITIAL_CONFIRMATION_TARGET,5e5a56f7484e5820fcb53d1b2926139f9be0b68e30e4d3d3f37fbd835575dc31,8ac4580256ecf4f198f27bd9cd6f5ad8b6cdfda4975b93ebab9ce96137c6cc96,2335.2863214285712,2.12642857142857,0.10632142857142851,,M15_LATEST_CONFIRMED_OPPOSING_SWING_ELSE_CONTROL,True,b81460d0ca94f0a62652706e441f22e9bb0d4cae923b03a24c8bbf1a4e4a342e,2024-06-14T22:30:00Z,2335.18,2324.07,1cf74abe053051dde40ef8588627fdf497ee08ae7ad54a0310b0bd73be32a071
b12144886fc42a1dc39ffeef2273dced3f73fd4ce03de0d18a87d954ceb74da5,2332.47,2024-06-14T23:05:00Z,566983c2fd2b269e611b73cceff85f7f2d9a48b0cb0fac165aa5f568c8d1721c,2024-06-14T23:05:00Z,2332.09,2335.62,2024-07-01T00:00:00Z,2024-06-14T23:00:00Z,-2.271954674221122,SHORT,1.0,0.0,CONTROL_V2_FILLED_STOP,,M5_BROKEN_CONTROL_FIRST_RETEST,,False,da7ac607a16b2577eff39a91640fa0fa86188bd5fcbc33c1acd289e20a2152cb,,,2024_06,0.0,2.271954674221122,TARGET,2024-06-17T04:01:00Z,NO_FILL,7120041899c3028b6a1dd3d83c8a476a27b0ec396e1b3aa11c92a483f38739c8,,RETEST_EXPIRED,2024-06-14T23:20:00Z,,2332.47,False,False,INITIAL_CONFIRMATION_TARGET,ef33f99a4c714dc733f4acc80a460a747c742c0cf5aedf2098c83e1b420cc32d,8ac4580256ecf4f198f27bd9cd6f5ad8b6cdfda4975b93ebab9ce96137c6cc96,2335.62,7.122142857142762,0.3561071428571381,NOT_STRICTLY_CLOSER_THAN_CONTROL,H1_SOURCE_SWING_BUFFERED_ELSE_CONTROL,False,8ac4580256ecf4f198f27bd9cd6f5ad8b6cdfda4975b93ebab9ce96137c6cc96,2024-06-14T23:00:00Z,2335.62,2324.07,1cf74abe053051dde40ef8588627fdf497ee08ae7ad54a0310b0bd73be32a071
b12144886fc42a1dc39ffeef2273dced3f73fd4ce03de0d18a87d954ceb74da5,2332.47,2024-06-14T23:05:00Z,566983c2fd2b269e611b73cceff85f7f2d9a48b0cb0fac165aa5f568c8d1721c,2024-06-14T23:05:00Z,2332.09,2335.62,2024-07-01T00:00:00Z,2024-06-14T23:00:00Z,-1.7039660056658414,SHORT,1.0,28.399433427764027,CONTROL_V2_FILLED_STOP,2024-06-14T23:05:00Z,CONFIRMED_25_75_RETEST_SPLIT,2332.09,True,15b8a65f2cec20dcd913d6a06ec4e588c12569d25fd9bea31df615c9c9b22a9e,0.060906515580717746,0.6338526912181953,2024_06,0.5679886685552805,2.271954674221122,TARGET,2024-06-17T04:01:00Z,SPLIT_CONTROL_TARGET_NO_RETEST,98b2c8a2c9273f33a79f785843566d56e329a2efa5b733853efb58a471d78aee,2024-06-17T04:01:00Z,RETEST_EXPIRED,2024-06-14T23:20:00Z,,2332.47,False,False,INITIAL_CONFIRMATION_TARGET,fce17eaccca57a2ac98cb9a45e004a7318bb381612c2d14822ae170b89f9d7d4,8ac4580256ecf4f198f27bd9cd6f5ad8b6cdfda4975b93ebab9ce96137c6cc96,2335.62,,,,CONTROL_V2_FILLED_STOP,False,,2024-06-14T23:05:00Z,2335.62,2324.07,1cf74abe053051dde40ef8588627fdf497ee08ae7ad54a0310b0bd73be32a071
b12144886fc42a1dc39ffeef2273dced3f73fd4ce03de0d18a87d954ceb74da5,2332.47,2024-06-14T23:05:00Z,566983c2fd2b269e611b73cceff85f7f2d9a48b0cb0fac165aa5f568c8d1721c,2024-06-14T23:05:00Z,2332.09,2335.62,2024-07-01T00:00:00Z,2024-06-14T23:00:00Z,-1.6888212931069733,SHORT,0.9740287333063794,29.15666905570744,M5_LATEST_CONFIRMED_OPPOSING_SWING_ELSE_CONTROL,2024-06-14T23:05:00Z,CONFIRMED_25_75_RETEST_SPLIT,2332.09,True,8c9611e28043a89e81b8714dd9a5dfd91efc26875965454cf323a1d46ce07db6,0.06253051218927408,0.650753586156085,2024_06,0.5831333811141488,2.271954674221122,TARGET,2024-06-17T04:01:00Z,SPLIT_CONTROL_TARGET_NO_RETEST,68ef846ce69ca46a8d690a573bef370d258b62f748c3bd4b2fb174feab4d3c06,2024-06-17T04:01:00Z,RETEST_EXPIRED,2024-06-14T23:20:00Z,,2332.47,False,False,INITIAL_CONFIRMATION_TARGET,fd6f0d12d0959dde9fa6084d9151c6239e94af592c90577e854554da9c859415,8ac4580256ecf4f198f27bd9cd6f5ad8b6cdfda4975b93ebab9ce96137c6cc96,2335.5283214285714,0.9664285714285857,0.04832142857142929,,M5_LATEST_CONFIRMED_OPPOSING_SWING_ELSE_CONTROL,True,f967264c42bf80b43c2c177c7646f6ee3734209e63da2f4309f56607cb04463d,2024-06-14T22:55:00Z,2335.48,2324.07,1cf74abe053051dde40ef8588627fdf497ee08ae7ad54a0310b0bd73be32a071
b12144886fc42a1dc39ffeef2273dced3f73fd4ce03de0d18a87d954ceb74da5,2332.47,2024-06-14T23:05:00Z,566983c2fd2b269e611b73cceff85f7f2d9a48b0cb0fac165aa5f568c8d1721c,2024-06-14T23:05:00Z,2332.09,2335.62,2024-07-01T00:00:00Z,2024-06-14T23:00:00Z,-1.6446710781228622,SHORT,0.9054734925131197,31.36417980491299,M15_LATEST_CONFIRMED_OPPOSING_SWING_ELSE_CONTROL,2024-06-14T23:05:00Z,CONFIRMED_25_75_RETEST_SPLIT,2332.09,True,1f10cc9eeeef256760b31a087f2e1ca02f46c52b85abc32a72f9e37afc3e5002,0.06726482451923932,0.7000234644737667,2024_06,0.6272835960982598,2.271954674221122,TARGET,2024-06-17T04:01:00Z,SPLIT_CONTROL_TARGET_NO_RETEST,ee244c0ca40ad5474da799e7b6a9bad49228c4572593bfbf8a6b0867cff5d877,2024-06-17T04:01:00Z,RETEST_EXPIRED,2024-06-14T23:20:00Z,,2332.47,False,False,INITIAL_CONFIRMATION_TARGET,7533357dddbdf0f90da09d2ede8e35ba3158d6db229a7eafdb2d42898a83fa0f,8ac4580256ecf4f198f27bd9cd6f5ad8b6cdfda4975b93ebab9ce96137c6cc96,2335.2863214285712,2.12642857142857,0.10632142857142851,,M15_LATEST_CONFIRMED_OPPOSING_SWING_ELSE_CONTROL,True,b81460d0ca94f0a62652706e441f22e9bb0d4cae923b03a24c8bbf1a4e4a342e,2024-06-14T22:30:00Z,2335.18,2324.07,1cf74abe053051dde40ef8588627fdf497ee08ae7ad54a0310b0bd73be32a071
b12144886fc42a1dc39ffeef2273dced3f73fd4ce03de0d18a87d954ceb74da5,2332.47,2024-06-14T23:05:00Z,566983c2fd2b269e611b73cceff85f7f2d9a48b0cb0fac165aa5f568c8d1721c,2024-06-14T23:05:00Z,2332.09,2335.62,2024-07-01T00:00:00Z,2024-06-14T23:00:00Z,-1.7039660056658414,SHORT,1.0,28.399433427764027,CONTROL_V2_FILLED_STOP,2024-06-14T23:05:00Z,CONFIRMED_25_75_RETEST_SPLIT,2332.09,True,da7ac607a16b2577eff39a91640fa0fa86188bd5fcbc33c1acd289e20a2152cb,0.060906515580717746,0.6338526912181953,2024_06,0.5679886685552805,2.271954674221122,TARGET,2024-06-17T04:01:00Z,SPLIT_CONTROL_TARGET_NO_RETEST,f0ecc9b019ce81eb084c7965a7e5d12a251a41d434acf78ce9bf9c2d1e93a59e,2024-06-17T04:01:00Z,RETEST_EXPIRED,2024-06-14T23:20:00Z,,2332.47,False,False,INITIAL_CONFIRMATION_TARGET,64d5e890ad1a59b7e7b57a8a188849b2c3a7b2e03e3a450edef3295a44cdde3b,8ac4580256ecf4f198f27bd9cd6f5ad8b6cdfda4975b93ebab9ce96137c6cc96,2335.62,7.122142857142762,0.3561071428571381,NOT_STRICTLY_CLOSER_THAN_CONTROL,H1_SOURCE_SWING_BUFFERED_ELSE_CONTROL,False,8ac4580256ecf4f198f27bd9cd6f5ad8b6cdfda4975b93ebab9ce96137c6cc96,2024-06-14T23:00:00Z,2335.62,2324.07,1cf74abe053051dde40ef8588627fdf497ee08ae7ad54a0310b0bd73be32a071
375ab6bb56fcbe2b1b64e4425f8c6cdac3322906bbf25d2dfa761cbf41a26f80,2328.54,2024-06-17T01:45:00Z,10f173a5c6c953bf4f532f1062691ed8ff3f343b9f38f78da09a6ed156d303b7,2024-06-17T01:45:00Z,2328.35,2335.64,2024-07-01T00:00:00Z,2024-06-14T20:00:00Z,0.0,SHORT,1.0,-50.0,CONTROL_V2_FILLED_STOP,2024-06-17T01:45:00Z,CONTROL_NEXT_M1_OPEN,2328.35,True,5ee1cee5cc4795a991db4876b6ac1d1a30e7530033afd8af3011429cc3b09486,1.167352537722944,2.9807956104252575,2024_06,-1.0,-1.0,STOP,2024-06-20T04:34:00Z,STOP,a1890ca18f746bcdd5bef69a9596420ea9b43faac6f7beee142381e7a5bb2acf,2024-06-20T04:34:00Z,FIRST_RETEST_FILLED,2024-06-17T02:00:00Z,2024-06-17T01:46:00Z,2328.54,True,False,RECLAIM_CONFIRMATION_STOP,d16f1b1e2f3c85f0fe42c03a6c2dd7ce0a468ba46b9c8a55b9723bc334f2bd24,0cfcd061b4363b9a4269ecaf12a02186d8f00730c6525e0d21b19d74d58077e7,2335.64,,,,CONTROL_V2_FILLED_STOP,False,,2024-06-17T01:45:00Z,2335.64,2303.56,c8cda55e93653ce5e2adb0789e5f8342547844bcd92f9cc34747881d3ccc4c62
375ab6bb56fcbe2b1b64e4425f8c6cdac3322906bbf25d2dfa761cbf41a26f80,2328.54,2024-06-17T01:45:00Z,10f173a5c6c953bf4f532f1062691ed8ff3f343b9f38f78da09a6ed156d303b7,2024-06-17T01:45:00Z,2328.35,2335.64,2024-07-01T00:00:00Z,2024-06-14T20:00:00Z,0.0,SHORT,0.636782284930452,-50.0,M5_LATEST_CONFIRMED_OPPOSING_SWING_ELSE_CONTROL,2024-06-17T01:45:00Z,CONTROL_NEXT_M1_OPEN,2328.35,True,f166bffafd5d407f29bc42449257a25afd752deb91d5589cacd36ade4ac0989e,1.034005231574102,4.681027850438418,2024_06,-1.0,-1.0,STOP,2024-06-20T04:34:00Z,STOP,7b42336541e177cd4622f8c57fa228e8bc8433664bd0b89ab908ac40332adc0a,2024-06-18T20:36:00Z,FIRST_RETEST_FILLED,2024-06-17T02:00:00Z,2024-06-17T01:46:00Z,2328.54,True,False,RECLAIM_CONFIRMATION_STOP,2e7964aeb9df1c76ed8336ab9e5d41c2d5acaa13b4a6e21bbf9c7d4a6a85d285,0cfcd061b4363b9a4269ecaf12a02186d8f00730c6525e0d21b19d74d58077e7,2332.992142857143,0.8428571428571233,0.04214285714285617,,M5_LATEST_CONFIRMED_OPPOSING_SWING_ELSE_CONTROL,True,5b55667a797267eb3033e14d0ac0eba0fb97c663d8c3d0b1a1b34d3692a8fd0e,2024-06-17T01:10:00Z,2332.95,2303.56,c8cda55e93653ce5e2adb0789e5f8342547844bcd92f9cc34747881d3ccc4c62
375ab6bb56fcbe2b1b64e4425f8c6cdac3322906bbf25d2dfa761cbf41a26f80,2328.54,2024-06-17T01:45:00Z,10f173a5c6c953bf4f532f1062691ed8ff3f343b9f38f78da09a6ed156d303b7,2024-06-17T01:45:00Z,2328.35,2335.64,2024-07-01T00:00:00Z,2024-06-14T20:00:00Z,0.0,SHORT,0.6312512247697403,-50.0,M15_LATEST_CONFIRMED_OPPOSING_SWING_ELSE_CONTROL,2024-06-17T01:45:00Z,CONTROL_NEXT_M1_OPEN,2328.35,True,12e479ddb78a75e54b8948b2914e3998d98c8c2d94ccb1e87c144ae537b47420,1.0430652459042336,4.722043290312116,2024_06,-1.0,-1.0,STOP,2024-06-20T04:34:00Z,STOP,48f71d7532b10e75ec978b369b7dcf3f22b82c3caf76b04ce37079a6aebc7c1e,2024-06-18T20:36:00Z,FIRST_RETEST_FILLED,2024-06-17T02:00:00Z,2024-06-17T01:46:00Z,2328.54,True,False,RECLAIM_CONFIRMATION_STOP,6bbcaf18e43708a8c64865ef31045ea93ac868b657d6863027ff7ccfe135028f,0cfcd061b4363b9a4269ecaf12a02186d8f00730c6525e0d21b19d74d58077e7,2332.9518214285713,1.6364285714285935,0.08182142857142968,,M15_LATEST_CONFIRMED_OPPOSING_SWING_ELSE_CONTROL,True,c64d35b412d072fc71b1fdd31ffc1a7d33cda39030da0ea5987c31ece4a99d9b,2024-06-17T01:45:00Z,2332.87,2303.56,c8cda55e93653ce5e2adb0789e5f8342547844bcd92f9cc34747881d3ccc4c62
375ab6bb56fcbe2b1b64e4425f8c6cdac3322906bbf25d2dfa761cbf41a26f80,2328.54,2024-06-17T01:45:00Z,10f173a5c6c953bf4f532f1062691ed8ff3f343b9f38f78da09a6ed156d303b7,2024-06-17T01:45:00Z,2328.35,2335.64,2024-07-01T00:00:00Z,2024-06-14T20:00:00Z,0.0,SHORT,1.0,-50.0,CONTROL_V2_FILLED_STOP,2024-06-17T01:45:00Z,CONTROL_NEXT_M1_OPEN,2328.35,True,bc7c27315d2c696d006db691d06dbabd5daaf00e6030e2c43d017a992d9dcb94,1.167352537722944,2.9807956104252575,2024_06,-1.0,-1.0,STOP,2024-06-20T04:34:00Z,STOP,e8f1975594150739147d93a75ad0a7736dd81f0a354fd1b9b5037c9f20dcceab,2024-06-20T04:34:00Z,FIRST_RETEST_FILLED,2024-06-17T02:00:00Z,2024-06-17T01:46:00Z,2328.54,True,False,RECLAIM_CONFIRMATION_STOP,b73826ee04d562f30697f022f04cd442400cf661bbd601956f9d49593a69727b,0cfcd061b4363b9a4269ecaf12a02186d8f00730c6525e0d21b19d74d58077e7,2335.64,7.122142857142762,0.3561071428571381,NOT_STRICTLY_CLOSER_THAN_CONTROL,H1_SOURCE_SWING_BUFFERED_ELSE_CONTROL,False,0cfcd061b4363b9a4269ecaf12a02186d8f00730c6525e0d21b19d74d58077e7,2024-06-14T20:00:00Z,2335.5,2303.56,c8cda55e93653ce5e2adb0789e5f8342547844bcd92f9cc34747881d3ccc4c62
375ab6bb56fcbe2b1b64e4425f8c6cdac3322906bbf25d2dfa761cbf41a26f80,2328.54,2024-06-17T01:45:00Z,10f173a5c6c953bf4f532f1062691ed8ff3f343b9f38f78da09a6ed156d303b7,2024-06-17T01:45:00Z,2328.35,2335.64,2024-07-01T00:00:00Z,2024-06-14T20:00:00Z,0.0,SHORT,1.0,-50.0,CONTROL_V2_FILLED_STOP,2024-06-17T01:46:00Z,M5_BROKEN_CONTROL_FIRST_RETEST,2328.54,True,5ee1cee5cc4795a991db4876b6ac1d1a30e7530033afd8af3011429cc3b09486,1.171830985915531,3.0873239436620215,2024_06,-1.0,-1.0,STOP,2024-06-20T04:34:00Z,STOP,849e22801f6592c9ab16a5d7d22945322944ed44709a8494f68bfabfae9a500f,2024-06-20T04:34:00Z,FIRST_RETEST_FILLED,2024-06-17T02:00:00Z,2024-06-17T01:46:00Z,2328.54,True,True,RECLAIM_CONFIRMATION_STOP,68629c79cb106f93dc1b14c3627d40576f7f1a33f3563733fa43ed2779031dba,0cfcd061b4363b9a4269ecaf12a02186d8f00730c6525e0d21b19d74d58077e7,2335.64,,,,CONTROL_V2_FILLED_STOP,False,,2024-06-17T01:45:00Z,2335.64,2303.56,c8cda55e93653ce5e2adb0789e5f8342547844bcd92f9cc34747881d3ccc4c62
375ab6bb56fcbe2b1b64e4425f8c6cdac3322906bbf25d2dfa761cbf41a26f80,2328.54,2024-06-17T01:45:00Z,10f173a5c6c953bf4f532f1062691ed8ff3f343b9f38f78da09a6ed156d303b7,2024-06-17T01:45:00Z,2328.35,2335.64,2024-07-01T00:00:00Z,2024-06-14T20:00:00Z,0.0,SHORT,0.636782284930452,-50.0,M5_LATEST_CONFIRMED_OPPOSING_SWING_ELSE_CONTROL,2024-06-17T01:46:00Z,M5_BROKEN_CONTROL_FIRST_RETEST,2328.54,True,f166bffafd5d407f29bc42449257a25afd752deb91d5589cacd36ade4ac0989e,1.0354564415209517,4.9234718434140365,2024_06,-1.0,-1.0,STOP,2024-06-20T04:34:00Z,STOP,baa95ec771214cea28b87d72a8bdfe9c9f292f10045185bda30a326d7ad70cf8,2024-06-18T20:36:00Z,FIRST_RETEST_FILLED,2024-06-17T02:00:00Z,2024-06-17T01:46:00Z,2328.54,True,True,RECLAIM_CONFIRMATION_STOP,495a44bb8c5940a46866c5470526b2b7859e87c33c14ab40d16aecbbf639afa2,0cfcd061b4363b9a4269ecaf12a02186d8f00730c6525e0d21b19d74d58077e7,2332.992142857143,0.8428571428571233,0.04214285714285617,,M5_LATEST_CONFIRMED_OPPOSING_SWING_ELSE_CONTROL,True,5b55667a797267eb3033e14d0ac0eba0fb97c663d8c3d0b1a1b34d3692a8fd0e,2024-06-17T01:10:00Z,2332.95,2303.56,c8cda55e93653ce5e2adb0789e5f8342547844bcd92f9cc34747881d3ccc4c62
375ab6bb56fcbe2b1b64e4425f8c6cdac3322906bbf25d2dfa761cbf41a26f80,2328.54,2024-06-17T01:45:00Z,10f173a5c6c953bf4f532f1062691ed8ff3f343b9f38f78da09a6ed156d303b7,2024-06-17T01:45:00Z,2328.35,2335.64,2024-07-01T00:00:00Z,2024-06-14T20:00:00Z,0.0,SHORT,0.6312512247697403,-50.0,M15_LATEST_CONFIRMED_OPPOSING_SWING_ELSE_CONTROL,2024-06-17T01:46:00Z,M5_BROKEN_CONTROL_FIRST_RETEST,2328.54,True,12e479ddb78a75e54b8948b2914e3998d98c8c2d94ccb1e87c144ae537b47420,1.0449198986489745,4.968469453011923,2024_06,-1.0,-1.0,STOP,2024-06-20T04:34:00Z,STOP,aa539c24a3627ce1d11b660a88ed193d29f2f23809451c50f449f433483a3aca,2024-06-18T20:36:00Z,FIRST_RETEST_FILLED,2024-06-17T02:00:00Z,2024-06-17T01:46:00Z,2328.54,True,True,RECLAIM_CONFIRMATION_STOP,c59d57adc3cb48d3f7aa5ad079bac3318f2111712c835877f4d9d4ee0735fc0d,0cfcd061b4363b9a4269ecaf12a02186d8f00730c6525e0d21b19d74d58077e7,2332.9518214285713,1.6364285714285935,0.08182142857142968,,M15_LATEST_CONFIRMED_OPPOSING_SWING_ELSE_CONTROL,True,c64d35b412d072fc71b1fdd31ffc1a7d33cda39030da0ea5987c31ece4a99d9b,2024-06-17T01:45:00Z,2332.87,2303.56,c8cda55e93653ce5e2adb0789e5f8342547844bcd92f9cc34747881d3ccc4c62
375ab6bb56fcbe2b1b64e4425f8c6cdac3322906bbf25d2dfa761cbf41a26f80,2328.54,2024-06-17T01:45:00Z,10f173a5c6c953bf4f532f1062691ed8ff3f343b9f38f78da09a6ed156d303b7,2024-06-17T01:45:00Z,2328.35,2335.64,2024-07-01T00:00:00Z,2024-06-14T20:00:00Z,0.0,SHORT,1.0,-50.0,CONTROL_V2_FILLED_STOP,2024-06-17T01:46:00Z,M5_BROKEN_CONTROL_FIRST_RETEST,2328.54,True,bc7c27315d2c696d006db691d06dbabd5daaf00e6030e2c43d017a992d9dcb94,1.171830985915531,3.0873239436620215,2024_06,-1.0,-1.0,STOP,2024-06-20T04:34:00Z,STOP,ce17b92a4e0e982c82393d9f42d1c6e0407a7f50c4f8f66df5d06aa184078838,2024-06-20T04:34:00Z,FIRST_RETEST_FILLED,2024-06-17T02:00:00Z,2024-06-17T01:46:00Z,2328.54,True,True,RECLAIM_CONFIRMATION_STOP,03fce53f1425ad11c09fb78c6b0574421b2aa224473817ff6d9abfd13a04f988,0cfcd061b4363b9a4269ecaf12a02186d8f00730c6525e0d21b19d74d58077e7,2335.64,7.122142857142762,0.3561071428571381,NOT_STRICTLY_CLOSER_THAN_CONTROL,H1_SOURCE_SWING_BUFFERED_ELSE_CONTROL,False,0cfcd061b4363b9a4269ecaf12a02186d8f00730c6525e0d21b19d74d58077e7,2024-06-14T20:00:00Z,2335.5,2303.56,c8cda55e93653ce5e2adb0789e5f8342547844bcd92f9cc34747881d3ccc4c62
375ab6bb56fcbe2b1b64e4425f8c6cdac3322906bbf25d2dfa761cbf41a26f80,2328.54,2024-06-17T01:45:00Z,10f173a5c6c953bf4f532f1062691ed8ff3f343b9f38f78da09a6ed156d303b7,2024-06-17T01:45:00Z,2328.35,2335.64,2024-07-01T00:00:00Z,2024-06-14T20:00:00Z,0.0,SHORT,1.0,-50.0,CONTROL_V2_FILLED_STOP,2024-06-17T01:45:00Z,CONFIRMED_25_75_RETEST_SPLIT,2328.35,True,5ee1cee5cc4795a991db4876b6ac1d1a30e7530033afd8af3011429cc3b09486,1.1707113738673842,3.0606918603528306,2024_06,-1.0,-1.0,STOP,2024-06-20T04:34:00Z,SPLIT_STOP_STOP,4aad6b11aa822a0fe632d07015fd6ddb688b4f59faed7343e77c7342a5fc8669,2024-06-20T04:34:00Z,FIRST_RETEST_FILLED,2024-06-17T02:00:00Z,2024-06-17T01:46:00Z,2328.54,True,True,RECLAIM_CONFIRMATION_STOP,a586faeca0b7998b16aa66a3ba8a0b6658b8e7fed093b9c0cf12d4bfa3e51587,0cfcd061b4363b9a4269ecaf12a02186d8f00730c6525e0d21b19d74d58077e7,2335.64,,,,CONTROL_V2_FILLED_STOP,False,,2024-06-17T01:45:00Z,2335.64,2303.56,c8cda55e93653ce5e2adb0789e5f8342547844bcd92f9cc34747881d3ccc4c62
375ab6bb56fcbe2b1b64e4425f8c6cdac3322906bbf25d2dfa761cbf41a26f80,2328.54,2024-06-17T01:45:00Z,10f173a5c6c953bf4f532f1062691ed8ff3f343b9f38f78da09a6ed156d303b7,2024-06-17T01:45:00Z,2328.35,2335.64,2024-07-01T00:00:00Z,2024-06-14T20:00:00Z,0.0,SHORT,0.636782284930452,-50.0,M5_LATEST_CONFIRMED_OPPOSING_SWING_ELSE_CONTROL,2024-06-17T01:45:00Z,CONFIRMED_25_75_RETEST_SPLIT,2328.35,True,f166bffafd5d407f29bc42449257a25afd752deb91d5589cacd36ade4ac0989e,1.0350936390342393,4.862860845170132,2024_06,-1.0,-1.0,STOP,2024-06-20T04:34:00Z,SPLIT_STOP_STOP,929633311e79d035ad3d7ad206fed3a224d0b51dded981e6affc73c63aadf394,2024-06-18T20:36:00Z,FIRST_RETEST_FILLED,2024-06-17T02:00:00Z,2024-06-17T01:46:00Z,2328.54,True,True,RECLAIM_CONFIRMATION_STOP,3b247e4f6fadf44ed91d2e51dae9994eba9f58ea44475914fa0ef33b045872ea,0cfcd061b4363b9a4269ecaf12a02186d8f00730c6525e0d21b19d74d58077e7,2332.992142857143,0.8428571428571233,0.04214285714285617,,M5_LATEST_CONFIRMED_OPPOSING_SWING_ELSE_CONTROL,True,5b55667a797267eb3033e14d0ac0eba0fb97c663d8c3d0b1a1b34d3692a8fd0e,2024-06-17T01:10:00Z,2332.95,2303.56,c8cda55e93653ce5e2adb0789e5f8342547844bcd92f9cc34747881d3ccc4c62
375ab6bb56fcbe2b1b64e4425f8c6cdac3322906bbf25d2dfa761cbf41a26f80,2328.54,2024-06-17T01:45:00Z,10f173a5c6c953bf4f532f1062691ed8ff3f343b9f38f78da09a6ed156d303b7,2024-06-17T01:45:00Z,2328.35,2335.64,2024-07-01T00:00:00Z,2024-06-14T20:00:00Z,0.0,SHORT,0.6312512247697403,-50.0,M15_LATEST_CONFIRMED_OPPOSING_SWING_ELSE_CONTROL,2024-06-17T01:45:00Z,CONFIRMED_25_75_RETEST_SPLIT,2328.35,True,12e479ddb78a75e54b8948b2914e3998d98c8c2d94ccb1e87c144ae537b47420,1.0444562354627893,4.906862912336971,2024_06,-1.0,-1.0,STOP,2024-06-20T04:34:00Z,SPLIT_STOP_STOP,39db2083b41a11e6391c518968852760170fc256c805a39470e746cef779ed5c,2024-06-18T20:36:00Z,FIRST_RETEST_FILLED,2024-06-17T02:00:00Z,2024-06-17T01:46:00Z,2328.54,True,True,RECLAIM_CONFIRMATION_STOP,b271614d5ed8215ae34c4a7f5902df6bd99c524308508fd5841231b2f0bb1838,0cfcd061b4363b9a4269ecaf12a02186d8f00730c6525e0d21b19d74d58077e7,2332.9518214285713,1.6364285714285935,0.08182142857142968,,M15_LATEST_CONFIRMED_OPPOSING_SWING_ELSE_CONTROL,True,c64d35b412d072fc71b1fdd31ffc1a7d33cda39030da0ea5987c31ece4a99d9b,2024-06-17T01:45:00Z,2332.87,2303.56,c8cda55e93653ce5e2adb0789e5f8342547844bcd92f9cc34747881d3ccc4c62
375ab6bb56fcbe2b1b64e4425f8c6cdac3322906bbf25d2dfa761cbf41a26f80,2328.54,2024-06-17T01:45:00Z,10f173a5c6c953bf4f532f1062691ed8ff3f343b9f38f78da09a6ed156d303b7,2024-06-17T01:45:00Z,2328.35,2335.64,2024-07-01T00:00:00Z,2024-06-14T20:00:00Z,0.0,SHORT,1.0,-50.0,CONTROL_V2_FILLED_STOP,2024-06-17T01:45:00Z,CONFIRMED_25_75_RETEST_SPLIT,2328.35,True,bc7c27315d2c696d006db691d06dbabd5daaf00e6030e2c43d017a992d9dcb94,1.1707113738673842,3.0606918603528306,2024_06,-1.0,-1.0,STOP,2024-06-20T04:34:00Z,SPLIT_STOP_STOP,893e7dfb207dd5dea9082bf4fcc6f47851ff121cd040909e9059ab0dcfc796e5,2024-06-20T04:34:00Z,FIRST_RETEST_FILLED,2024-06-17T02:00:00Z,2024-06-17T01:46:00Z,2328.54,True,True,RECLAIM_CONFIRMATION_STOP,5eaa8fa4eb2098c004d4909c348a996df0c666da02d4d939532df893ae7e091a,0cfcd061b4363b9a4269ecaf12a02186d8f00730c6525e0d21b19d74d58077e7,2335.64,7.122142857142762,0.3561071428571381,NOT_STRICTLY_CLOSER_THAN_CONTROL,H1_SOURCE_SWING_BUFFERED_ELSE_CONTROL,False,0cfcd061b4363b9a4269ecaf12a02186d8f00730c6525e0d21b19d74d58077e7,2024-06-14T20:00:00Z,2335.5,2303.56,c8cda55e93653ce5e2adb0789e5f8342547844bcd92f9cc34747881d3ccc4c62
94146285213d3e021876769e6fc11ae5cbb6a7c6dd1d4d527a16cde05737c10a,2324.21,2024-06-17T04:10:00Z,fa55b1ec71916a9473396a03347ea14514bffe209dc5de061bd85ecae5dd0c98,2024-06-17T04:10:00Z,2323.67,2336.68,2024-07-01T00:00:00Z,2024-06-14T17:00:00Z,0.0,SHORT,1.0,-50.0,CONTROL_V2_FILLED_STOP,2024-06-17T04:10:00Z,CONTROL_NEXT_M1_OPEN,2323.67,True,6e87b30e37e7b55732f777663749e933760e5d7a54a4ed4ae804f0124a83fadb,1.0138355111452955,1.3105303612606065,2024_06,-1.0,-1.0,STOP,2024-06-20T04:34:00Z,STOP,c16e98fd5e12ea52ad7ac6ea2f04e6fd50110298b10cb8a29544fc1235165174,2024-06-20T04:34:00Z,FIRST_RETEST_FILLED,2024-06-17T04:25:00Z,2024-06-17T04:10:00Z,2324.21,True,False,INITIAL_CONFIRMATION_STOP,7236aa0955fba574fa3342d68b2a08aab3815f23d3458902a82629d5e9ece950,4f4d7389a067f0567ab70b4b7e7c601b5ac6e8a63194939e885558ce423d3c5d,2336.68,,,,CONTROL_V2_FILLED_STOP,False,,2024-06-17T04:10:00Z,2336.68,2303.56,53b9afe48f437f6e412d597dbb01db44de15c8e7d02171d2234c6883abaebe4b
94146285213d3e021876769e6fc11ae5cbb6a7c6dd1d4d527a16cde05737c10a,2324.21,2024-06-17T04:10:00Z,fa55b1ec71916a9473396a03347ea14514bffe209dc5de061bd85ecae5dd0c98,2024-06-17T04:10:00Z,2323.67,2336.68,2024-07-01T00:00:00Z,2024-06-14T17:00:00Z,0.0,SHORT,0.28167892829693114,-50.0,M5_LATEST_CONFIRMED_OPPOSING_SWING_ELSE_CONTROL,2024-06-17T04:10:00Z,CONTROL_NEXT_M1_OPEN,2323.67,True,ad05d17573ea5c1e13304910a5d266b56a645496e823f3bdf7db344f67c70aa3,1.1160705584250985,0.057304356300563075,2024_06,-1.0,-1.0,STOP,2024-06-20T04:34:00Z,STOP,9f775ec04eaa685023b3279b4a5cb4919a037b871bc453a5978572990390434f,2024-06-17T04:19:00Z,FIRST_RETEST_FILLED,2024-06-17T04:25:00Z,2024-06-17T04:10:00Z,2324.21,True,False,INITIAL_CONFIRMATION_STOP,e4858528a441f8a78462c01ac92141a1cde1b1dc9462c35ea65cc58cfe25445b,4f4d7389a067f0567ab70b4b7e7c601b5ac6e8a63194939e885558ce423d3c5d,2327.334642857143,1.492857142857117,0.07464285714285585,,M5_LATEST_CONFIRMED_OPPOSING_SWING_ELSE_CONTROL,True,be19c54208f76d98f80f10decc975db306a738c343aaa52b4277bafc5bfaf156,2024-06-17T04:00:00Z,2327.26,2303.56,53b9afe48f437f6e412d597dbb01db44de15c8e7d02171d2234c6883abaebe4b
94146285213d3e021876769e6fc11ae5cbb6a7c6dd1d4d527a16cde05737c10a,2324.21,2024-06-17T04:10:00Z,fa55b1ec71916a9473396a03347ea14514bffe209dc5de061bd85ecae5dd0c98,2024-06-17T04:10:00Z,2323.67,2336.68,2024-07-01T00:00:00Z,2024-06-14T17:00:00Z,0.0,SHORT,0.46719830899309267,-50.0,M15_LATEST_CONFIRMED_OPPOSING_SWING_ELSE_CONTROL,2024-06-17T04:10:00Z,CONTROL_NEXT_M1_OPEN,2323.67,True,a12892e76f451513fafccbd325ccd508fa8676b91e3b57b9a9d994241f4812b0,1.0101591741043634,2.805083700078166,2024_06,-1.0,-1.0,STOP,2024-06-20T04:34:00Z,STOP,89cb6fb1bb5d72a6fa299a519add0d0538ba1f42defdde798b58643988983a5e,2024-06-18T18:44:00Z,FIRST_RETEST_FILLED,2024-06-17T04:25:00Z,2024-06-17T04:10:00Z,2324.21,True,False,INITIAL_CONFIRMATION_STOP,0d26aeb560ddae329c9f59e722d4f47a4faaba4ff3d1cbc349c09c60e7e64c5a,4f4d7389a067f0567ab70b4b7e7c601b5ac6e8a63194939e885558ce423d3c5d,2329.74825,1.564999999999957,0.07824999999999786,,M15_LATEST_CONFIRMED_OPPOSING_SWING_ELSE_CONTROL,True,bdd20e19861f25a7213ed96eb4722b483b1df6251995edc42b0bfa5f43ab28fb,2024-06-17T03:15:00Z,2329.67,2303.56,53b9afe48f437f6e412d597dbb01db44de15c8e7d02171d2234c6883abaebe4b
94146285213d3e021876769e6fc11ae5cbb6a7c6dd1d4d527a16cde05737c10a,2324.21,2024-06-17T04:10:00Z,fa55b1ec71916a9473396a03347ea14514bffe209dc5de061bd85ecae5dd0c98,2024-06-17T04:10:00Z,2323.67,2336.68,2024-07-01T00:00:00Z,2024-06-14T17:00:00Z,0.0,SHORT,1.0,-50.0,CONTROL_V2_FILLED_STOP,2024-06-17T04:10:00Z,CONTROL_NEXT_M1_OPEN,2323.67,True,33c5975f4319ed01902c2785a221b822bc1640249b54f92f8bf1d51562e25daf,1.0138355111452955,1.3105303612606065,2024_06,-1.0,-1.0,STOP,2024-06-20T04:34:00Z,STOP,478f0b14da68b53a2fef76f7e85187117ad876f02181ca65186c646b00508121,2024-06-20T04:34:00Z,FIRST_RETEST_FILLED,2024-06-17T04:25:00Z,2024-06-17T04:10:00Z,2324.21,True,False,INITIAL_CONFIRMATION_STOP,a78385bb96aab4d3fbc8c0a1d8a0a7c98f0be865cad9c5622608ee1af16ce420,4f4d7389a067f0567ab70b4b7e7c601b5ac6e8a63194939e885558ce423d3c5d,2336.68,6.522857142857025,0.3261428571428513,NOT_STRICTLY_CLOSER_THAN_CONTROL,H1_SOURCE_SWING_BUFFERED_ELSE_CONTROL,False,4f4d7389a067f0567ab70b4b7e7c601b5ac6e8a63194939e885558ce423d3c5d,2024-06-14T17:00:00Z,2336.68,2303.56,53b9afe48f437f6e412d597dbb01db44de15c8e7d02171d2234c6883abaebe4b
94146285213d3e021876769e6fc11ae5cbb6a7c6dd1d4d527a16cde05737c10a,2324.21,2024-06-17T04:10:00Z,fa55b1ec71916a9473396a03347ea14514bffe209dc5de061bd85ecae5dd0c98,2024-06-17T04:10:00Z,2323.67,2336.68,2024-07-01T00:00:00Z,2024-06-14T17:00:00Z,0.0,SHORT,1.0,-50.0,CONTROL_V2_FILLED_STOP,2024-06-17T04:10:00Z,M5_BROKEN_CONTROL_FIRST_RETEST,2324.21,True,6e87b30e37e7b55732f777663749e933760e5d7a54a4ed4ae804f0124a83fadb,1.014434643143568,1.410585404971967,2024_06,-1.0,-1.0,STOP,2024-06-20T04:34:00Z,STOP,f6bd5af366ab1f72ffc1c392d5f07e38050c8798248e6ad5ad5972863f52c14b,2024-06-20T04:34:00Z,FIRST_RETEST_FILLED,2024-06-17T04:25:00Z,2024-06-17T04:10:00Z,2324.21,True,True,INITIAL_CONFIRMATION_STOP,c43b8b8b76d55e3d28d0953f11baef8285f78f07ebb60b1ceeb05a00c5b2673b,4f4d7389a067f0567ab70b4b7e7c601b5ac6e8a63194939e885558ce423d3c5d,2336.68,,,,CONTROL_V2_FILLED_STOP,False,,2024-06-17T04:10:00Z,2336.68,2303.56,53b9afe48f437f6e412d597dbb01db44de15c8e7d02171d2234c6883abaebe4b
94146285213d3e021876769e6fc11ae5cbb6a7c6dd1d4d527a16cde05737c10a,2324.21,2024-06-17T04:10:00Z,fa55b1ec71916a9473396a03347ea14514bffe209dc5de061bd85ecae5dd0c98,2024-06-17T04:10:00Z,2323.67,2336.68,2024-07-01T00:00:00Z,2024-06-14T17:00:00Z,0.0,SHORT,0.28167892829693114,-50.0,M5_LATEST_CONFIRMED_OPPOSING_SWING_ELSE_CONTROL,2024-06-17T04:10:00Z,M5_BROKEN_CONTROL_FIRST_RETEST,2324.21,True,ad05d17573ea5c1e13304910a5d266b56a645496e823f3bdf7db344f67c70aa3,1.1361298434106657,0.24002743170646637,2024_06,-1.0,-1.0,STOP,2024-06-20T04:34:00Z,STOP,bbadd89ab283d1c43647816825e3fbceb3c88c254a07f773d66bf5f33c6fbaff,2024-06-17T04:19:00Z,FIRST_RETEST_FILLED,2024-06-17T04:25:00Z,2024-06-17T04:10:00Z,2324.21,True,True,INITIAL_CONFIRMATION_STOP,bff1dbd89c50aa4d84e1fd5662f4f1df43ef3cd1f287b66e536e068ed11c6792,4f4d7389a067f0567ab70b4b7e7c601b5ac6e8a63194939e885558ce423d3c5d,2327.334642857143,1.492857142857117,0.07464285714285585,,M5_LATEST_CONFIRMED_OPPOSING_SWING_ELSE_CONTROL,True,be19c54208f76d98f80f10decc975db306a738c343aaa52b4277bafc5bfaf156,2024-06-17T04:00:00Z,2327.26,2303.56,53b9afe48f437f6e412d597dbb01db44de15c8e7d02171d2234c6883abaebe4b
94146285213d3e021876769e6fc11ae5cbb6a7c6dd1d4d527a16cde05737c10a,2324.21,2024-06-17T04:10:00Z,fa55b1ec71916a9473396a03347ea14514bffe209dc5de061bd85ecae5dd0c98,2024-06-17T04:10:00Z,2323.67,2336.68,2024-07-01T00:00:00Z,2024-06-14T17:00:00Z,0.0,SHORT,0.46719830899309267,-50.0,M15_LATEST_CONFIRMED_OPPOSING_SWING_ELSE_CONTROL,2024-06-17T04:10:00Z,M5_BROKEN_CONTROL_FIRST_RETEST,2324.21,True,a12892e76f451513fafccbd325ccd508fa8676b91e3b57b9a9d994241f4812b0,1.0111497314133249,3.1760935313501464,2024_06,-1.0,-1.0,STOP,2024-06-20T04:34:00Z,STOP,209f0ce7458db71501ebaec5aa0fe13390c9ddaf422eb0baa2e58d45265dd0a3,2024-06-18T18:44:00Z,FIRST_RETEST_FILLED,2024-06-17T04:25:00Z,2024-06-17T04:10:00Z,2324.21,True,True,INITIAL_CONFIRMATION_STOP,8d114ea9a1b9cdfab2c7b3d7781f99b9d4733d3ad6451579c5057e34067f7acb,4f4d7389a067f0567ab70b4b7e7c601b5ac6e8a63194939e885558ce423d3c5d,2329.74825,1.564999999999957,0.07824999999999786,,M15_LATEST_CONFIRMED_OPPOSING_SWING_ELSE_CONTROL,True,bdd20e19861f25a7213ed96eb4722b483b1df6251995edc42b0bfa5f43ab28fb,2024-06-17T03:15:00Z,2329.67,2303.56,53b9afe48f437f6e412d597dbb01db44de15c8e7d02171d2234c6883abaebe4b
94146285213d3e021876769e6fc11ae5cbb6a7c6dd1d4d527a16cde05737c10a,2324.21,2024-06-17T04:10:00Z,fa55b1ec71916a9473396a03347ea14514bffe209dc5de061bd85ecae5dd0c98,2024-06-17T04:10:00Z,2323.67,2336.68,2024-07-01T00:00:00Z,2024-06-14T17:00:00Z,0.0,SHORT,1.0,-50.0,CONTROL_V2_FILLED_STOP,2024-06-17T04:10:00Z,M5_BROKEN_CONTROL_FIRST_RETEST,2324.21,True,33c5975f4319ed01902c2785a221b822bc1640249b54f92f8bf1d51562e25daf,1.014434643143568,1.410585404971967,2024_06,-1.0,-1.0,STOP,2024-06-20T04:34:00Z,STOP,0406df9be8ff4568dc423896f3354c9ee3adb171f5c2408924eff0a11d17e5aa,2024-06-20T04:34:00Z,FIRST_RETEST_FILLED,2024-06-17T04:25:00Z,2024-06-17T04:10:00Z,2324.21,True,True,INITIAL_CONFIRMATION_STOP,10aa2de6ed7c7884b00ec66010146b7d25a54079cdbad295a6eb1c8b04a26dc3,4f4d7389a067f0567ab70b4b7e7c601b5ac6e8a63194939e885558ce423d3c5d,2336.68,6.522857142857025,0.3261428571428513,NOT_STRICTLY_CLOSER_THAN_CONTROL,H1_SOURCE_SWING_BUFFERED_ELSE_CONTROL,False,4f4d7389a067f0567ab70b4b7e7c601b5ac6e8a63194939e885558ce423d3c5d,2024-06-14T17:00:00Z,2336.68,2303.56,53b9afe48f437f6e412d597dbb01db44de15c8e7d02171d2234c6883abaebe4b
94146285213d3e021876769e6fc11ae5cbb6a7c6dd1d4d527a16cde05737c10a,2324.21,2024-06-17T04:10:00Z,fa55b1ec71916a9473396a03347ea14514bffe209dc5de061bd85ecae5dd0c98,2024-06-17T04:10:00Z,2323.67,2336.68,2024-07-01T00:00:00Z,2024-06-14T17:00:00Z,0.0,SHORT,1.0,-50.0,CONTROL_V2_FILLED_STOP,2024-06-17T04:10:00Z,CONFIRMED_25_75_RETEST_SPLIT,2323.67,True,6e87b30e37e7b55732f777663749e933760e5d7a54a4ed4ae804f0124a83fadb,1.0142848601439998,1.3855716440441268,2024_06,-1.0,-1.0,STOP,2024-06-20T04:34:00Z,SPLIT_STOP_STOP,db458121de08c7cc548b3bab6cb62c1af49579b28bb2fc75a695078c3ff2f7b7,2024-06-20T04:34:00Z,FIRST_RETEST_FILLED,2024-06-17T04:25:00Z,2024-06-17T04:10:00Z,2324.21,True,True,INITIAL_CONFIRMATION_STOP,946b98878253eefe93e10a56246cc6f726d5637550bab39d402657771c2cec9e,4f4d7389a067f0567ab70b4b7e7c601b5ac6e8a63194939e885558ce423d3c5d,2336.68,,,,CONTROL_V2_FILLED_STOP,False,,2024-06-17T04:10:00Z,2336.68,2303.56,53b9afe48f437f6e412d597dbb01db44de15c8e7d02171d2234c6883abaebe4b
94146285213d3e021876769e6fc11ae5cbb6a7c6dd1d4d527a16cde05737c10a,2324.21,2024-06-17T04:10:00Z,fa55b1ec71916a9473396a03347ea14514bffe209dc5de061bd85ecae5dd0c98,2024-06-17T04:10:00Z,2323.67,2336.68,2024-07-01T00:00:00Z,2024-06-14T17:00:00Z,0.0,SHORT,0.28167892829693114,-50.0,M5_LATEST_CONFIRMED_OPPOSING_SWING_ELSE_CONTROL,2024-06-17T04:10:00Z,CONFIRMED_25_75_RETEST_SPLIT,2323.67,True,ad05d17573ea5c1e13304910a5d266b56a645496e823f3bdf7db344f67c70aa3,1.1311150221642738,0.19434666285499055,2024_06,-1.0,-1.0,STOP,2024-06-20T04:34:00Z,SPLIT_STOP_STOP,9dfe78e4ab8c0bdf6c0415aeb6a0468f3d21d9be347cc4ca65ac4e3de6a8d3fd,2024-06-17T04:19:00Z,FIRST_RETEST_FILLED,2024-06-17T04:25:00Z,2024-06-17T04:10:00Z,2324.21,True,True,INITIAL_CONFIRMATION_STOP,ad7062aff855dc3346b88e3840802d7cb2d0c767a25990616c1184d3f65191d4,4f4d7389a067f0567ab70b4b7e7c601b5ac6e8a63194939e885558ce423d3c5d,2327.334642857143,1.492857142857117,0.07464285714285585,,M5_LATEST_CONFIRMED_OPPOSING_SWING_ELSE_CONTROL,True,be19c54208f76d98f80f10decc975db306a738c343aaa52b4277bafc5bfaf156,2024-06-17T04:00:00Z,2327.26,2303.56,53b9afe48f437f6e412d597dbb01db44de15c8e7d02171d2234c6883abaebe4b
94146285213d3e021876769e6fc11ae5cbb6a7c6dd1d4d527a16cde05737c10a,2324.21,2024-06-17T04:10:00Z,fa55b1ec71916a9473396a03347ea14514bffe209dc5de061bd85ecae5dd0c98,2024-06-17T04:10:00Z,2323.67,2336.68,2024-07-01T00:00:00Z,2024-06-14T17:00:00Z,0.0,SHORT,0.46719830899309267,-50.0,M15_LATEST_CONFIRMED_OPPOSING_SWING_ELSE_CONTROL,2024-06-17T04:10:00Z,CONFIRMED_25_75_RETEST_SPLIT,2323.67,True,a12892e76f451513fafccbd325ccd508fa8676b91e3b57b9a9d994241f4812b0,1.0109020920860845,3.0833410735321514,2024_06,-1.0,-1.0,STOP,2024-06-20T04:34:00Z,SPLIT_STOP_STOP,084710875334eaa68b0370ab21d4b17675ff806d4e228fd69e2fa4239810842c,2024-06-18T18:44:00Z,FIRST_RETEST_FILLED,2024-06-17T04:25:00Z,2024-06-17T04:10:00Z,2324.21,True,True,INITIAL_CONFIRMATION_STOP,80dc11973a9ce91ab279b02768e2fdfd61e6fc65c699d37747356f1b390544f3,4f4d7389a067f0567ab70b4b7e7c601b5ac6e8a63194939e885558ce423d3c5d,2329.74825,1.564999999999957,0.07824999999999786,,M15_LATEST_CONFIRMED_OPPOSING_SWING_ELSE_CONTROL,True,bdd20e19861f25a7213ed96eb4722b483b1df6251995edc42b0bfa5f43ab28fb,2024-06-17T03:15:00Z,2329.67,2303.56,53b9afe48f437f6e412d597dbb01db44de15c8e7d02171d2234c6883abaebe4b
94146285213d3e021876769e6fc11ae5cbb6a7c6dd1d4d527a16cde05737c10a,2324.21,2024-06-17T04:10:00Z,fa55b1ec71916a9473396a03347ea14514bffe209dc5de061bd85ecae5dd0c98,2024-06-17T04:10:00Z,2323.67,2336.68,2024-07-01T00:00:00Z,2024-06-14T17:00:00Z,0.0,SHORT,1.0,-50.0,CONTROL_V2_FILLED_STOP,2024-06-17T04:10:00Z,CONFIRMED_25_75_RETEST_SPLIT,2323.67,True,33c5975f4319ed01902c2785a221b822bc1640249b54f92f8bf1d51562e25daf,1.0142848601439998,1.3855716440441268,2024_06,-1.0,-1.0,STOP,2024-06-20T04:34:00Z,SPLIT_STOP_STOP,a88a5f6d734d635e001786a5f534fafeb8d55ca0362a6262ab57710069bb7b82,2024-06-20T04:34:00Z,FIRST_RETEST_FILLED,2024-06-17T04:25:00Z,2024-06-17T04:10:00Z,2324.21,True,True,INITIAL_CONFIRMATION_STOP,323ee44f4fe7691bfe45bd549efeb9597342f27e824f81c07776cbc8aadbdcde,4f4d7389a067f0567ab70b4b7e7c601b5ac6e8a63194939e885558ce423d3c5d,2336.68,6.522857142857025,0.3261428571428513,NOT_STRICTLY_CLOSER_THAN_CONTROL,H1_SOURCE_SWING_BUFFERED_ELSE_CONTROL,False,4f4d7389a067f0567ab70b4b7e7c601b5ac6e8a63194939e885558ce423d3c5d,2024-06-14T17:00:00Z,2336.68,2303.56,53b9afe48f437f6e412d597dbb01db44de15c8e7d02171d2234c6883abaebe4b
6373baaaa357f75638db7ef41820145c1f5c8f2e5b16e3e78f83e8636df31b06,2321.38,2024-06-17T12:05:00Z,005f1a08d2c05875d7dec86895c1144dd225fbdc7d8c67f86a5cb68be1b68f30,2024-06-17T12:05:00Z,2322.1,2315.52,2024-07-01T00:00:00Z,2024-06-17T12:00:00Z,0.0,LONG,1.0,-50.0,CONTROL_V2_FILLED_STOP,2024-06-17T12:05:00Z,CONTROL_NEXT_M1_OPEN,2322.1,True,20e45fd67f16b31d5c1ee46776fd9cba9121681359c173d310830e4a4c42dc1f,1.1808510638297975,0.8434650455927422,2024_06,-1.0,-1.0,STOP,2024-06-17T18:33:00Z,STOP,607328e710eaa9f33510966ef94fa27b1a46df9bdc89cc9311236d3f60d9bdb6,2024-06-17T18:33:00Z,FIRST_RETEST_FILLED,2024-06-17T12:20:00Z,2024-06-17T12:07:00Z,2321.38,True,False,INITIAL_CONFIRMATION_STOP,aec59483b5c0a854ef46ae2fdf4cfbbe5507f30577a7e16f1c07c5948bdc44c0,213d6d17e9abbcd3599ad2ec95ddd248a9ef0547d411aa72da7d890953e47324,2315.52,,,,CONTROL_V2_FILLED_STOP,False,,2024-06-17T12:05:00Z,2315.52,2335.62,12e2ba164f3323e3ec03df01503f47c1aeabad6fe98c14affdfb412bd91447a7
6373baaaa357f75638db7ef41820145c1f5c8f2e5b16e3e78f83e8636df31b06,2321.38,2024-06-17T12:05:00Z,005f1a08d2c05875d7dec86895c1144dd225fbdc7d8c67f86a5cb68be1b68f30,2024-06-17T12:05:00Z,2322.1,2315.52,2024-07-01T00:00:00Z,2024-06-17T12:00:00Z,0.0,LONG,0.5611702127659802,-50.0,M5_LATEST_CONFIRMED_OPPOSING_SWING_ELSE_CONTROL,2024-06-17T12:05:00Z,CONTROL_NEXT_M1_OPEN,2322.1,True,4e0c8007e0915032a93b04c823d56b40d0c111939dedb7fb5bff800b94c537f8,1.1049424509139625,0.16519972918080145,2024_06,-1.0,-1.0,STOP,2024-06-17T18:33:00Z,STOP,8a15b70d57b558aee76aa7821a50a52a5efdd864da1e17d6495cc6bb6c0941dd,2024-06-17T14:34:00Z,FIRST_RETEST_FILLED,2024-06-17T12:20:00Z,2024-06-17T12:07:00Z,2321.38,True,False,INITIAL_CONFIRMATION_STOP,240b8ac762286aaa6b698d5c5e40620bf331b9e5aac8247e1ab1a70217f57c7b,213d6d17e9abbcd3599ad2ec95ddd248a9ef0547d411aa72da7d890953e47324,2318.4075,1.449999999999948,0.0724999999999974,,M5_LATEST_CONFIRMED_OPPOSING_SWING_ELSE_CONTROL,True,653e47bbcc0ba993053ed3df3274c0273e898b2235cb215902ecbccfa3b8a1e4,2024-06-17T11:45:00Z,2318.48,2335.62,12e2ba164f3323e3ec03df01503f47c1aeabad6fe98c14affdfb412bd91447a7
6373baaaa357f75638db7ef41820145c1f5c8f2e5b16e3e78f83e8636df31b06,2321.38,2024-06-17T12:05:00Z,005f1a08d2c05875d7dec86895c1144dd225fbdc7d8c67f86a5cb68be1b68f30,2024-06-17T12:05:00Z,2322.1,2315.52,2024-07-01T00:00:00Z,2024-06-17T12:00:00Z,0.0,LONG,1.0,-50.0,CONTROL_V2_FILLED_STOP,2024-06-17T12:05:00Z,CONTROL_NEXT_M1_OPEN,2322.1,True,91f863fe0dbf842015a3f46a881e886ac5e7f48d16f6fbb8aa9785e489885e40,1.1808510638297975,0.8434650455927422,2024_06,-1.0,-1.0,STOP,2024-06-17T18:33:00Z,STOP,25f80374446acd54a97e964e4cfe8eb9e07076beadbadfd8cc60c782c596631a,2024-06-17T18:33:00Z,FIRST_RETEST_FILLED,2024-06-17T12:20:00Z,2024-06-17T12:07:00Z,2321.38,True,False,INITIAL_CONFIRMATION_STOP,3ad1e3e5286d4803a69db19776161e58c8a8e44aa015488facbf4abb2ffaaf09,213d6d17e9abbcd3599ad2ec95ddd248a9ef0547d411aa72da7d890953e47324,2315.52,2.8107142857142793,0.14053571428571396,NOT_STRICTLY_CLOSER_THAN_CONTROL,M15_LATEST_CONFIRMED_OPPOSING_SWING_ELSE_CONTROL,False,da1d52321a8b91ee8b9aefd1d53d031e46eb4f97c3eda573baf9ba960f984a17,2024-06-17T11:30:00Z,2315.64,2335.62,12e2ba164f3323e3ec03df01503f47c1aeabad6fe98c14affdfb412bd91447a7
6373baaaa357f75638db7ef41820145c1f5c8f2e5b16e3e78f83e8636df31b06,2321.38,2024-06-17T12:05:00Z,005f1a08d2c05875d7dec86895c1144dd225fbdc7d8c67f86a5cb68be1b68f30,2024-06-17T12:05:00Z,2322.1,2315.52,2024-07-01T00:00:00Z,2024-06-17T12:00:00Z,0.0,LONG,1.0,-50.0,CONTROL_V2_FILLED_STOP,2024-06-17T12:05:00Z,CONTROL_NEXT_M1_OPEN,2322.1,True,d0f4201957375fab97eb682b2a7ec159150ed88b867879207c8bbf144ed91db1,1.1808510638297975,0.8434650455927422,2024_06,-1.0,-1.0,STOP,2024-06-17T18:33:00Z,STOP,90cc41b851681e17f09d451c554a32bab8a25e07f7521f66c65f7bdc209c0c4a,2024-06-17T18:33:00Z,FIRST_RETEST_FILLED,2024-06-17T12:20:00Z,2024-06-17T12:07:00Z,2321.38,True,False,INITIAL_CONFIRMATION_STOP,5a545e12a1a91b26fa0a8e6235299ff787d31cb3adc390ee88d5b945c4075ef3,213d6d17e9abbcd3599ad2ec95ddd248a9ef0547d411aa72da7d890953e47324,2315.52,4.469285714285694,0.2234642857142847,NOT_STRICTLY_CLOSER_THAN_CONTROL,H1_SOURCE_SWING_BUFFERED_ELSE_CONTROL,False,213d6d17e9abbcd3599ad2ec95ddd248a9ef0547d411aa72da7d890953e47324,2024-06-17T12:00:00Z,2315.52,2335.62,12e2ba164f3323e3ec03df01503f47c1aeabad6fe98c14affdfb412bd91447a7
6373baaaa357f75638db7ef41820145c1f5c8f2e5b16e3e78f83e8636df31b06,2321.38,2024-06-17T12:05:00Z,005f1a08d2c05875d7dec86895c1144dd225fbdc7d8c67f86a5cb68be1b68f30,2024-06-17T12:05:00Z,2322.1,2315.52,2024-07-01T00:00:00Z,2024-06-17T12:00:00Z,0.0,LONG,1.0,-50.0,CONTROL_V2_FILLED_STOP,2024-06-17T12:07:00Z,M5_BROKEN_CONTROL_FIRST_RETEST,2321.38,True,20e45fd67f16b31d5c1ee46776fd9cba9121681359c173d310830e4a4c42dc1f,1.2030716723549537,1.0699658703071409,2024_06,-1.0,-1.0,STOP,2024-06-17T18:33:00Z,STOP,ec050392c43718d6ac48c28d0f20e31946de96d1ac7803f0d0c27bff9b89ec78,2024-06-17T18:33:00Z,FIRST_RETEST_FILLED,2024-06-17T12:20:00Z,2024-06-17T12:07:00Z,2321.38,True,True,INITIAL_CONFIRMATION_STOP,64e128af263ebfabbbc230bfb86a857e29282d9417a083cd363575631cfc8578,213d6d17e9abbcd3599ad2ec95ddd248a9ef0547d411aa72da7d890953e47324,2315.52,,,,CONTROL_V2_FILLED_STOP,False,,2024-06-17T12:05:00Z,2315.52,2335.62,12e2ba164f3323e3ec03df01503f47c1aeabad6fe98c14affdfb412bd91447a7
6373baaaa357f75638db7ef41820145c1f5c8f2e5b16e3e78f83e8636df31b06,2321.38,2024-06-17T12:05:00Z,005f1a08d2c05875d7dec86895c1144dd225fbdc7d8c67f86a5cb68be1b68f30,2024-06-17T12:05:00Z,2322.1,2315.52,2024-07-01T00:00:00Z,2024-06-17T12:00:00Z,0.0,LONG,0.5611702127659802,-50.0,M5_LATEST_CONFIRMED_OPPOSING_SWING_ELSE_CONTROL,2024-06-17T12:07:00Z,M5_BROKEN_CONTROL_FIRST_RETEST,2321.38,True,4e0c8007e0915032a93b04c823d56b40d0c111939dedb7fb5bff800b94c537f8,1.1303616484439958,0.44743481917570693,2024_06,-1.0,-1.0,STOP,2024-06-17T18:33:00Z,STOP,74791815001bf2329098ca477e9ba6931a279717507e95b4b705c63da96f162e,2024-06-17T14:34:00Z,FIRST_RETEST_FILLED,2024-06-17T12:20:00Z,2024-06-17T12:07:00Z,2321.38,True,True,INITIAL_CONFIRMATION_STOP,3fca808e7398122fb62fde14588c8c7f51119fd98e2b4a88f4e6a07270442899,213d6d17e9abbcd3599ad2ec95ddd248a9ef0547d411aa72da7d890953e47324,2318.4075,1.449999999999948,0.0724999999999974,,M5_LATEST_CONFIRMED_OPPOSING_SWING_ELSE_CONTROL,True,653e47bbcc0ba993053ed3df3274c0273e898b2235cb215902ecbccfa3b8a1e4,2024-06-17T11:45:00Z,2318.48,2335.62,12e2ba164f3323e3ec03df01503f47c1aeabad6fe98c14affdfb412bd91447a7
6373baaaa357f75638db7ef41820145c1f5c8f2e5b16e3e78f83e8636df31b06,2321.38,2024-06-17T12:05:00Z,005f1a08d2c05875d7dec86895c1144dd225fbdc7d8c67f86a5cb68be1b68f30,2024-06-17T12:05:00Z,2322.1,2315.52,2024-07-01T00:00:00Z,2024-06-17T12:00:00Z,0.0,LONG,1.0,-50.0,CONTROL_V2_FILLED_STOP,2024-06-17T12:07:00Z,M5_BROKEN_CONTROL_FIRST_RETEST,2321.38,True,91f863fe0dbf842015a3f46a881e886ac5e7f48d16f6fbb8aa9785e489885e40,1.2030716723549537,1.0699658703071409,2024_06,-1.0,-1.0,STOP,2024-06-17T18:33:00Z,STOP,6c20d1c953f8fe6271fc27305e80b20ebcc9e8847fa0ba74707335e41be9b3b8,2024-06-17T18:33:00Z,FIRST_RETEST_FILLED,2024-06-17T12:20:00Z,2024-06-17T12:07:00Z,2321.38,True,True,INITIAL_CONFIRMATION_STOP,f36271bf19c39729d5a953bd37ca8cb4546579af89eeb75274bdda8c53e1903c,213d6d17e9abbcd3599ad2ec95ddd248a9ef0547d411aa72da7d890953e47324,2315.52,2.8107142857142793,0.14053571428571396,NOT_STRICTLY_CLOSER_THAN_CONTROL,M15_LATEST_CONFIRMED_OPPOSING_SWING_ELSE_CONTROL,False,da1d52321a8b91ee8b9aefd1d53d031e46eb4f97c3eda573baf9ba960f984a17,2024-06-17T11:30:00Z,2315.64,2335.62,12e2ba164f3323e3ec03df01503f47c1aeabad6fe98c14affdfb412bd91447a7
6373baaaa357f75638db7ef41820145c1f5c8f2e5b16e3e78f83e8636df31b06,2321.38,2024-06-17T12:05:00Z,005f1a08d2c05875d7dec86895c1144dd225fbdc7d8c67f86a5cb68be1b68f30,2024-06-17T12:05:00Z,2322.1,2315.52,2024-07-01T00:00:00Z,2024-06-17T12:00:00Z,0.0,LONG,1.0,-50.0,CONTROL_V2_FILLED_STOP,2024-06-17T12:07:00Z,M5_BROKEN_CONTROL_FIRST_RETEST,2321.38,True,d0f4201957375fab97eb682b2a7ec159150ed88b867879207c8bbf144ed91db1,1.2030716723549537,1.0699658703071409,2024_06,-1.0,-1.0,STOP,2024-06-17T18:33:00Z,STOP,1aa0a51ac2dd254267c127039c4879f9a860dd7487e0697438ae4c22cc5b28cc,2024-06-17T18:33:00Z,FIRST_RETEST_FILLED,2024-06-17T12:20:00Z,2024-06-17T12:07:00Z,2321.38,True,True,INITIAL_CONFIRMATION_STOP,24e4a82631c828ed87d814912dbf69bebb0b4457def653e94af04139488a532b,213d6d17e9abbcd3599ad2ec95ddd248a9ef0547d411aa72da7d890953e47324,2315.52,4.469285714285694,0.2234642857142847,NOT_STRICTLY_CLOSER_THAN_CONTROL,H1_SOURCE_SWING_BUFFERED_ELSE_CONTROL,False,213d6d17e9abbcd3599ad2ec95ddd248a9ef0547d411aa72da7d890953e47324,2024-06-17T12:00:00Z,2315.52,2335.62,12e2ba164f3323e3ec03df01503f47c1aeabad6fe98c14affdfb412bd91447a7
6373baaaa357f75638db7ef41820145c1f5c8f2e5b16e3e78f83e8636df31b06,2321.38,2024-06-17T12:05:00Z,005f1a08d2c05875d7dec86895c1144dd225fbdc7d8c67f86a5cb68be1b68f30,2024-06-17T12:05:00Z,2322.1,2315.52,2024-07-01T00:00:00Z,2024-06-17T12:00:00Z,0.0,LONG,1.0,-50.0,CONTROL_V2_FILLED_STOP,2024-06-17T12:05:00Z,CONFIRMED_25_75_RETEST_SPLIT,2322.1,True,20e45fd67f16b31d5c1ee46776fd9cba9121681359c173d310830e4a4c42dc1f,1.1975165202236648,1.0133406641285412,2024_06,-1.0,-1.0,STOP,2024-06-17T18:33:00Z,SPLIT_STOP_STOP,245ce87a61c233d6d425c4c3c784376383d8ed29e089879b4f9b9b3ca0681a0b,2024-06-17T18:33:00Z,FIRST_RETEST_FILLED,2024-06-17T12:20:00Z,2024-06-17T12:07:00Z,2321.38,True,True,INITIAL_CONFIRMATION_STOP,25ba272aa78222c77d5f8f4dc3bdf116628449ea275ff2d7176988aa645a06ff,213d6d17e9abbcd3599ad2ec95ddd248a9ef0547d411aa72da7d890953e47324,2315.52,,,,CONTROL_V2_FILLED_STOP,False,,2024-06-17T12:05:00Z,2315.52,2335.62,12e2ba164f3323e3ec03df01503f47c1aeabad6fe98c14affdfb412bd91447a7
6373baaaa357f75638db7ef41820145c1f5c8f2e5b16e3e78f83e8636df31b06,2321.38,2024-06-17T12:05:00Z,005f1a08d2c05875d7dec86895c1144dd225fbdc7d8c67f86a5cb68be1b68f30,2024-06-17T12:05:00Z,2322.1,2315.52,2024-07-01T00:00:00Z,2024-06-17T12:00:00Z,0.0,LONG,0.5611702127659802,-50.0,M5_LATEST_CONFIRMED_OPPOSING_SWING_ELSE_CONTROL,2024-06-17T12:05:00Z,CONFIRMED_25_75_RETEST_SPLIT,2322.1,True,4e0c8007e0915032a93b04c823d56b40d0c111939dedb7fb5bff800b94c537f8,1.1240068490614874,0.37687604667698055,2024_06,-1.0,-1.0,STOP,2024-06-17T18:33:00Z,SPLIT_STOP_STOP,1d678a60b62457258aad8fc372822822e165bb7362179ba0b7407400063ad435,2024-06-17T14:34:00Z,FIRST_RETEST_FILLED,2024-06-17T12:20:00Z,2024-06-17T12:07:00Z,2321.38,True,True,INITIAL_CONFIRMATION_STOP,ac177e27ec720d31058e4a694da4b23172180c6c203aadbd2d83818771b03178,213d6d17e9abbcd3599ad2ec95ddd248a9ef0547d411aa72da7d890953e47324,2318.4075,1.449999999999948,0.0724999999999974,,M5_LATEST_CONFIRMED_OPPOSING_SWING_ELSE_CONTROL,True,653e47bbcc0ba993053ed3df3274c0273e898b2235cb215902ecbccfa3b8a1e4,2024-06-17T11:45:00Z,2318.48,2335.62,12e2ba164f3323e3ec03df01503f47c1aeabad6fe98c14affdfb412bd91447a7
6373baaaa357f75638db7ef41820145c1f5c8f2e5b16e3e78f83e8636df31b06,2321.38,2024-06-17T12:05:00Z,005f1a08d2c05875d7dec86895c1144dd225fbdc7d8c67f86a5cb68be1b68f30,2024-06-17T12:05:00Z,2322.1,2315.52,2024-07-01T00:00:00Z,2024-06-17T12:00:00Z,0.0,LONG,1.0,-50.0,CONTROL_V2_FILLED_STOP,2024-06-17T12:05:00Z,CONFIRMED_25_75_RETEST_SPLIT,2322.1,True,91f863fe0dbf842015a3f46a881e886ac5e7f48d16f6fbb8aa9785e489885e40,1.1975165202236648,1.0133406641285412,2024_06,-1.0,-1.0,STOP,2024-06-17T18:33:00Z,SPLIT_STOP_STOP,aef64086fe594e114b278546df15ad4d6d0bbc949e0bab1b09995d7fdea67cef,2024-06-17T18:33:00Z,FIRST_RETEST_FILLED,2024-06-17T12:20:00Z,2024-06-17T12:07:00Z,2321.38,True,True,INITIAL_CONFIRMATION_STOP,7260715695592bd161adc77522d7152921d44631d8e6ba6a022f896c7d04681e,213d6d17e9abbcd3599ad2ec95ddd248a9ef0547d411aa72da7d890953e47324,2315.52,2.8107142857142793,0.14053571428571396,NOT_STRICTLY_CLOSER_THAN_CONTROL,M15_LATEST_CONFIRMED_OPPOSING_SWING_ELSE_CONTROL,False,da1d52321a8b91ee8b9aefd1d53d031e46eb4f97c3eda573baf9ba960f984a17,2024-06-17T11:30:00Z,2315.64,2335.62,12e2ba164f3323e3ec03df01503f47c1aeabad6fe98c14affdfb412bd91447a7
6373baaaa357f75638db7ef41820145c1f5c8f2e5b16e3e78f83e8636df31b06,2321.38,2024-06-17T12:05:00Z,005f1a08d2c05875d7dec86895c1144dd225fbdc7d8c67f86a5cb68be1b68f30,2024-06-17T12:05:00Z,2322.1,2315.52,2024-07-01T00:00:00Z,2024-06-17T12:00:00Z,0.0,LONG,1.0,-50.0,CONTROL_V2_FILLED_STOP,2024-06-17T12:05:00Z,CONFIRMED_25_75_RETEST_SPLIT,2322.1,True,d0f4201957375fab97eb682b2a7ec159150ed88b867879207c8bbf144ed91db1,1.1975165202236648,1.0133406641285412,2024_06,-1.0,-1.0,STOP,2024-06-17T18:33:00Z,SPLIT_STOP_STOP,754f8affe260f777b1845f16e8d832c49149d122abd8985fea7c20dc25e76f1a,2024-06-17T18:33:00Z,FIRST_RETEST_FILLED,2024-06-17T12:20:00Z,2024-06-17T12:07:00Z,2321.38,True,True,INITIAL_CONFIRMATION_STOP,3c33c9f400530a8be8eb739ad265b5ed32ce45f7ee20ff8cf9afda8ec9cd2618,213d6d17e9abbcd3599ad2ec95ddd248a9ef0547d411aa72da7d890953e47324,2315.52,4.469285714285694,0.2234642857142847,NOT_STRICTLY_CLOSER_THAN_CONTROL,H1_SOURCE_SWING_BUFFERED_ELSE_CONTROL,False,213d6d17e9abbcd3599ad2ec95ddd248a9ef0547d411aa72da7d890953e47324,2024-06-17T12:00:00Z,2315.52,2335.62,12e2ba164f3323e3ec03df01503f47c1aeabad6fe98c14affdfb412bd91447a7
2a3032ee533b60db483d8b58f4148ed6d0784e4c25bee0e539ec369fa9738af9,2317.69,2024-06-17T15:35:00Z,9bf80477ec3254cda4d8cce1de4569b91bffe0d4cc75d00456cec346886ea99d,2024-06-17T15:35:00Z,2316.95,2322.71,2024-07-01T00:00:00Z,2024-06-17T15:00:00Z,0.0,SHORT,1.0,-50.0,CONTROL_V2_FILLED_STOP,2024-06-17T15:35:00Z,CONTROL_NEXT_M1_OPEN,2316.95,True,5cf782b11df568f630059361e94cf47295179b59154b7f59786ce92ac59b096f,1.1232638888888906,0.015624999999945722,2024_06,-1.0,-1.0,STOP,2024-06-17T16:10:00Z,STOP,f909455e7aa7064c61acf01d8ab091d04dcfc29b93aef0953291b0eca793038a,2024-06-17T16:10:00Z,FIRST_RETEST_FILLED,2024-06-17T15:50:00Z,2024-06-17T15:35:00Z,2317.69,True,False,INITIAL_CONFIRMATION_STOP,196f4eebca28ee4bcfe1e5b0c4ea91ba690d6c8dca6579f08f47d4c5f1f8a1c3,9b3745c1c4143ab9a5c22868efe16e35b0a065abd25b252aca36a3cea396805e,2322.71,,,,CONTROL_V2_FILLED_STOP,False,,2024-06-17T15:35:00Z,2322.71,2315.52,3269ae7cbadd6036d4b5d0936f8d141d84a5ef19181728fe6216ed3affb1aea8
2a3032ee533b60db483d8b58f4148ed6d0784e4c25bee0e539ec369fa9738af9,2317.69,2024-06-17T15:35:00Z,9bf80477ec3254cda4d8cce1de4569b91bffe0d4cc75d00456cec346886ea99d,2024-06-17T15:35:00Z,2316.95,2322.71,2024-07-01T00:00:00Z,2024-06-17T15:00:00Z,0.0,SHORT,0.612574404761917,-50.0,M5_LATEST_CONFIRMED_OPPOSING_SWING_ELSE_CONTROL,2024-06-17T15:35:00Z,CONTROL_NEXT_M1_OPEN,2316.95,True,d729245f2fee2f2d1c36c2da6c7333d2f903755708a6408717b8083cb38b213d,1.125146767075597,0.025507105550742898,2024_06,-1.0,-1.0,STOP,2024-06-17T16:10:00Z,STOP,1cff5269bad8186879d3c4abadfac1b99bce82865b8b401bdf847b136ea3e232,2024-06-17T15:46:00Z,FIRST_RETEST_FILLED,2024-06-17T15:50:00Z,2024-06-17T15:35:00Z,2317.69,True,False,INITIAL_CONFIRMATION_STOP,24cc565388b935f8fc1384cb19e65486e829d5db06f67cb4f56b132e0ce8f62a,9b3745c1c4143ab9a5c22868efe16e35b0a065abd25b252aca36a3cea396805e,2320.4784285714286,1.7685714285714442,0.08842857142857222,,M5_LATEST_CONFIRMED_OPPOSING_SWING_ELSE_CONTROL,True,f38ddbe065cc12e5cf7937f7e44ba40b59dc5dda89e3241a4b614a995b508dd1,2024-06-17T15:30:00Z,2320.39,2315.52,3269ae7cbadd6036d4b5d0936f8d141d84a5ef19181728fe6216ed3affb1aea8
2a3032ee533b60db483d8b58f4148ed6d0784e4c25bee0e539ec369fa9738af9,2317.69,2024-06-17T15:35:00Z,9bf80477ec3254cda4d8cce1de4569b91bffe0d4cc75d00456cec346886ea99d,2024-06-17T15:35:00Z,2316.95,2322.71,2024-07-01T00:00:00Z,2024-06-17T15:00:00Z,0.0,SHORT,0.8905567956348468,-50.0,M15_LATEST_CONFIRMED_OPPOSING_SWING_ELSE_CONTROL,2024-06-17T15:35:00Z,CONTROL_NEXT_M1_OPEN,2316.95,True,468d96536a18456f9a9df7cf19c6e7bb0cfc4ae199ca6d55b11f3af811abe26c,1.2613051681764496,0.01754520326669026,2024_06,-1.0,-1.0,STOP,2024-06-17T16:10:00Z,STOP,cc7c90f525b34e0dd5abbeb3edaa550a9fd564a40563fb2265e678a53d83d816,2024-06-17T16:10:00Z,FIRST_RETEST_FILLED,2024-06-17T15:50:00Z,2024-06-17T15:35:00Z,2317.69,True,False,INITIAL_CONFIRMATION_STOP,1a9a5cd3d9f609016f74c0eb26a30873017e14c2ce274c85565057ef8fadb1e4,9b3745c1c4143ab9a5c22868efe16e35b0a065abd25b252aca36a3cea396805e,2322.0796071428567,2.1921428571428287,0.10960714285714145,,M15_LATEST_CONFIRMED_OPPOSING_SWING_ELSE_CONTROL,True,8de94be7c094151343e7ce19329ffcdb98cb4abaca7c88c4b6561e1c689a4e10,2024-06-17T15:00:00Z,2321.97,2315.52,3269ae7cbadd6036d4b5d0936f8d141d84a5ef19181728fe6216ed3affb1aea8
2a3032ee533b60db483d8b58f4148ed6d0784e4c25bee0e539ec369fa9738af9,2317.69,2024-06-17T15:35:00Z,9bf80477ec3254cda4d8cce1de4569b91bffe0d4cc75d00456cec346886ea99d,2024-06-17T15:35:00Z,2316.95,2322.71,2024-07-01T00:00:00Z,2024-06-17T15:00:00Z,0.0,SHORT,1.0,-50.0,CONTROL_V2_FILLED_STOP,2024-06-17T15:35:00Z,CONTROL_NEXT_M1_OPEN,2316.95,True,8e0e5441afb9a140cfdef8b987072a1ebc7d3042e4e943ff312ba1bb93a3d4ed,1.1232638888888906,0.015624999999945722,2024_06,-1.0,-1.0,STOP,2024-06-17T16:10:00Z,STOP,130918257cbddc5a35aaf84768d42265caaaf1e4aed9dc3f66193b8383bff6d1,2024-06-17T16:10:00Z,FIRST_RETEST_FILLED,2024-06-17T15:50:00Z,2024-06-17T15:35:00Z,2317.69,True,False,INITIAL_CONFIRMATION_STOP,aa842adf46f4d755aae6f1429e8774e352a6cc7118188d09049170422ed2d02a,9b3745c1c4143ab9a5c22868efe16e35b0a065abd25b252aca36a3cea396805e,2322.71,4.284285714285683,0.21421428571428414,NOT_STRICTLY_CLOSER_THAN_CONTROL,H1_SOURCE_SWING_BUFFERED_ELSE_CONTROL,False,9b3745c1c4143ab9a5c22868efe16e35b0a065abd25b252aca36a3cea396805e,2024-06-17T15:00:00Z,2322.71,2315.52,3269ae7cbadd6036d4b5d0936f8d141d84a5ef19181728fe6216ed3affb1aea8
2a3032ee533b60db483d8b58f4148ed6d0784e4c25bee0e539ec369fa9738af9,2317.69,2024-06-17T15:35:00Z,9bf80477ec3254cda4d8cce1de4569b91bffe0d4cc75d00456cec346886ea99d,2024-06-17T15:35:00Z,2316.95,2322.71,2024-07-01T00:00:00Z,2024-06-17T15:00:00Z,0.0,SHORT,1.0,-50.0,CONTROL_V2_FILLED_STOP,2024-06-17T15:35:00Z,M5_BROKEN_CONTROL_FIRST_RETEST,2317.69,True,5cf782b11df568f630059361e94cf47295179b59154b7f59786ce92ac59b096f,1.141434262948215,0.1653386454183128,2024_06,-1.0,-1.0,STOP,2024-06-17T16:10:00Z,STOP,e4269e82b9dbf0af6f50669899c4b46c79cd4fe96909f9f9838963f8e2b2f7e1,2024-06-17T16:10:00Z,FIRST_RETEST_FILLED,2024-06-17T15:50:00Z,2024-06-17T15:35:00Z,2317.69,True,True,INITIAL_CONFIRMATION_STOP,c3e78ead8d293f582c92b4d2c0873340d444d39810abe92bd0fcb8aa6b7df29f,9b3745c1c4143ab9a5c22868efe16e35b0a065abd25b252aca36a3cea396805e,2322.71,,,,CONTROL_V2_FILLED_STOP,False,,2024-06-17T15:35:00Z,2322.71,2315.52,3269ae7cbadd6036d4b5d0936f8d141d84a5ef19181728fe6216ed3affb1aea8
2a3032ee533b60db483d8b58f4148ed6d0784e4c25bee0e539ec369fa9738af9,2317.69,2024-06-17T15:35:00Z,9bf80477ec3254cda4d8cce1de4569b91bffe0d4cc75d00456cec346886ea99d,2024-06-17T15:35:00Z,2316.95,2322.71,2024-07-01T00:00:00Z,2024-06-17T15:00:00Z,0.0,SHORT,0.612574404761917,-50.0,M5_LATEST_CONFIRMED_OPPOSING_SWING_ELSE_CONTROL,2024-06-17T15:35:00Z,M5_BROKEN_CONTROL_FIRST_RETEST,2317.69,True,d729245f2fee2f2d1c36c2da6c7333d2f903755708a6408717b8083cb38b213d,1.15835852246531,0.29765869153130575,2024_06,-1.0,-1.0,STOP,2024-06-17T16:10:00Z,STOP,1a01c1dba69ee16135b84f4c25aeb5f481ef858d205dbc1f423a148c5cb7a53a,2024-06-17T15:46:00Z,FIRST_RETEST_FILLED,2024-06-17T15:50:00Z,2024-06-17T15:35:00Z,2317.69,True,True,INITIAL_CONFIRMATION_STOP,9fa539cb948124ef316d54f88ac51e8d9809bcbed7b8472d329ba372b8ed5ada,9b3745c1c4143ab9a5c22868efe16e35b0a065abd25b252aca36a3cea396805e,2320.4784285714286,1.7685714285714442,0.08842857142857222,,M5_LATEST_CONFIRMED_OPPOSING_SWING_ELSE_CONTROL,True,f38ddbe065cc12e5cf7937f7e44ba40b59dc5dda89e3241a4b614a995b508dd1,2024-06-17T15:30:00Z,2320.39,2315.52,3269ae7cbadd6036d4b5d0936f8d141d84a5ef19181728fe6216ed3affb1aea8
2a3032ee533b60db483d8b58f4148ed6d0784e4c25bee0e539ec369fa9738af9,2317.69,2024-06-17T15:35:00Z,9bf80477ec3254cda4d8cce1de4569b91bffe0d4cc75d00456cec346886ea99d,2024-06-17T15:35:00Z,2316.95,2322.71,2024-07-01T00:00:00Z,2024-06-17T15:00:00Z,0.0,SHORT,0.8905567956348468,-50.0,M15_LATEST_CONFIRMED_OPPOSING_SWING_ELSE_CONTROL,2024-06-17T15:35:00Z,M5_BROKEN_CONTROL_FIRST_RETEST,2317.69,True,468d96536a18456f9a9df7cf19c6e7bb0cfc4ae199ca6d55b11f3af811abe26c,1.3053559950859384,0.18908298009096516,2024_06,-1.0,-1.0,STOP,2024-06-17T16:10:00Z,STOP,c735e245aef36ced5603b7f992cb4d8f17d2db8e82d90908a62265a16d6260fb,2024-06-17T16:10:00Z,FIRST_RETEST_FILLED,2024-06-17T15:50:00Z,2024-06-17T15:35:00Z,2317.69,True,True,INITIAL_CONFIRMATION_STOP,bdc9920580165f97cd9473d28e1c5689df04d28f9f50dbb1c4c335f6ab14e85b,9b3745c1c4143ab9a5c22868efe16e35b0a065abd25b252aca36a3cea396805e,2322.0796071428567,2.1921428571428287,0.10960714285714145,,M15_LATEST_CONFIRMED_OPPOSING_SWING_ELSE_CONTROL,True,8de94be7c094151343e7ce19329ffcdb98cb4abaca7c88c4b6561e1c689a4e10,2024-06-17T15:00:00Z,2321.97,2315.52,3269ae7cbadd6036d4b5d0936f8d141d84a5ef19181728fe6216ed3affb1aea8
2a3032ee533b60db483d8b58f4148ed6d0784e4c25bee0e539ec369fa9738af9,2317.69,2024-06-17T15:35:00Z,9bf80477ec3254cda4d8cce1de4569b91bffe0d4cc75d00456cec346886ea99d,2024-06-17T15:35:00Z,2316.95,2322.71,2024-07-01T00:00:00Z,2024-06-17T15:00:00Z,0.0,SHORT,1.0,-50.0,CONTROL_V2_FILLED_STOP,2024-06-17T15:35:00Z,M5_BROKEN_CONTROL_FIRST_RETEST,2317.69,True,8e0e5441afb9a140cfdef8b987072a1ebc7d3042e4e943ff312ba1bb93a3d4ed,1.141434262948215,0.1653386454183128,2024_06,-1.0,-1.0,STOP,2024-06-17T16:10:00Z,STOP,21aeaed89f927a80794af57da42e05e55c3ea56471156661219cb46a15794e0a,2024-06-17T16:10:00Z,FIRST_RETEST_FILLED,2024-06-17T15:50:00Z,2024-06-17T15:35:00Z,2317.69,True,True,INITIAL_CONFIRMATION_STOP,8a9eae8693b8590a18dac4ced5b9855721a288da259f0f78a121dfff9aafd487,9b3745c1c4143ab9a5c22868efe16e35b0a065abd25b252aca36a3cea396805e,2322.71,4.284285714285683,0.21421428571428414,NOT_STRICTLY_CLOSER_THAN_CONTROL,H1_SOURCE_SWING_BUFFERED_ELSE_CONTROL,False,9b3745c1c4143ab9a5c22868efe16e35b0a065abd25b252aca36a3cea396805e,2024-06-17T15:00:00Z,2322.71,2315.52,3269ae7cbadd6036d4b5d0936f8d141d84a5ef19181728fe6216ed3affb1aea8
2a3032ee533b60db483d8b58f4148ed6d0784e4c25bee0e539ec369fa9738af9,2317.69,2024-06-17T15:35:00Z,9bf80477ec3254cda4d8cce1de4569b91bffe0d4cc75d00456cec346886ea99d,2024-06-17T15:35:00Z,2316.95,2322.71,2024-07-01T00:00:00Z,2024-06-17T15:00:00Z,0.0,SHORT,1.0,-50.0,CONTROL_V2_FILLED_STOP,2024-06-17T15:35:00Z,CONFIRMED_25_75_RETEST_SPLIT,2316.95,True,5cf782b11df568f630059361e94cf47295179b59154b7f59786ce92ac59b096f,1.136891669433384,0.12791023406372104,2024_06,-1.0,-1.0,STOP,2024-06-17T16:10:00Z,SPLIT_STOP_STOP,b4d2350b62a31485b4dca8224dae7c6527bf810697cbaff1d659bdf00d428449,2024-06-17T16:10:00Z,FIRST_RETEST_FILLED,2024-06-17T15:50:00Z,2024-06-17T15:35:00Z,2317.69,True,True,INITIAL_CONFIRMATION_STOP,69e431cc567818e1f5536feb4713952252a6a5724ea184c9aac784246e85f8d6,9b3745c1c4143ab9a5c22868efe16e35b0a065abd25b252aca36a3cea396805e,2322.71,,,,CONTROL_V2_FILLED_STOP,False,,2024-06-17T15:35:00Z,2322.71,2315.52,3269ae7cbadd6036d4b5d0936f8d141d84a5ef19181728fe6216ed3affb1aea8
2a3032ee533b60db483d8b58f4148ed6d0784e4c25bee0e539ec369fa9738af9,2317.69,2024-06-17T15:35:00Z,9bf80477ec3254cda4d8cce1de4569b91bffe0d4cc75d00456cec346886ea99d,2024-06-17T15:35:00Z,2316.95,2322.71,2024-07-01T00:00:00Z,2024-06-17T15:00:00Z,0.0,SHORT,0.612574404761917,-50.0,M5_LATEST_CONFIRMED_OPPOSING_SWING_ELSE_CONTROL,2024-06-17T15:35:00Z,CONFIRMED_25_75_RETEST_SPLIT,2316.95,True,d729245f2fee2f2d1c36c2da6c7333d2f903755708a6408717b8083cb38b213d,1.1500555836178816,0.22962079503616503,2024_06,-1.0,-1.0,STOP,2024-06-17T16:10:00Z,SPLIT_STOP_STOP,99dceb1d94df29c8b0aa84c38ae75d08f143b48004f569f02871e8d60cd89d9e,2024-06-17T15:46:00Z,FIRST_RETEST_FILLED,2024-06-17T15:50:00Z,2024-06-17T15:35:00Z,2317.69,True,True,INITIAL_CONFIRMATION_STOP,80447c2e78a89197441047b81a1fbbb1e196799bda1f628b74d78272839d038e,9b3745c1c4143ab9a5c22868efe16e35b0a065abd25b252aca36a3cea396805e,2320.4784285714286,1.7685714285714442,0.08842857142857222,,M5_LATEST_CONFIRMED_OPPOSING_SWING_ELSE_CONTROL,True,f38ddbe065cc12e5cf7937f7e44ba40b59dc5dda89e3241a4b614a995b508dd1,2024-06-17T15:30:00Z,2320.39,2315.52,3269ae7cbadd6036d4b5d0936f8d141d84a5ef19181728fe6216ed3affb1aea8
2a3032ee533b60db483d8b58f4148ed6d0784e4c25bee0e539ec369fa9738af9,2317.69,2024-06-17T15:35:00Z,9bf80477ec3254cda4d8cce1de4569b91bffe0d4cc75d00456cec346886ea99d,2024-06-17T15:35:00Z,2316.95,2322.71,2024-07-01T00:00:00Z,2024-06-17T15:00:00Z,0.0,SHORT,0.8905567956348468,-50.0,M15_LATEST_CONFIRMED_OPPOSING_SWING_ELSE_CONTROL,2024-06-17T15:35:00Z,CONFIRMED_25_75_RETEST_SPLIT,2316.95,True,468d96536a18456f9a9df7cf19c6e7bb0cfc4ae199ca6d55b11f3af811abe26c,1.2943432883585662,0.14619853588489645,2024_06,-1.0,-1.0,STOP,2024-06-17T16:10:00Z,SPLIT_STOP_STOP,2bc0ec7f7249da1e034b60dee05c3e418db38db0b80a54e6040c0f06cf75ccd6,2024-06-17T16:10:00Z,FIRST_RETEST_FILLED,2024-06-17T15:50:00Z,2024-06-17T15:35:00Z,2317.69,True,True,INITIAL_CONFIRMATION_STOP,eca8107cf05584902d2de4e2e2b072d457a3b1f872cb4ed66b5db915bd95717f,9b3745c1c4143ab9a5c22868efe16e35b0a065abd25b252aca36a3cea396805e,2322.0796071428567,2.1921428571428287,0.10960714285714145,,M15_LATEST_CONFIRMED_OPPOSING_SWING_ELSE_CONTROL,True,8de94be7c094151343e7ce19329ffcdb98cb4abaca7c88c4b6561e1c689a4e10,2024-06-17T15:00:00Z,2321.97,2315.52,3269ae7cbadd6036d4b5d0936f8d141d84a5ef19181728fe6216ed3affb1aea8
2a3032ee533b60db483d8b58f4148ed6d0784e4c25bee0e539ec369fa9738af9,2317.69,2024-06-17T15:35:00Z,9bf80477ec3254cda4d8cce1de4569b91bffe0d4cc75d00456cec346886ea99d,2024-06-17T15:35:00Z,2316.95,2322.71,2024-07-01T00:00:00Z,2024-06-17T15:00:00Z,0.0,SHORT,1.0,-50.0,CONTROL_V2_FILLED_STOP,2024-06-17T15:35:00Z,CONFIRMED_25_75_RETEST_SPLIT,2316.95,True,8e0e5441afb9a140cfdef8b987072a1ebc7d3042e4e943ff312ba1bb93a3d4ed,1.136891669433384,0.12791023406372104,2024_06,-1.0,-1.0,STOP,2024-06-17T16:10:00Z,SPLIT_STOP_STOP,166187ad9a6553687a32105f37527126cbac135c833bc480d8d29fdb452f4054,2024-06-17T16:10:00Z,FIRST_RETEST_FILLED,2024-06-17T15:50:00Z,2024-06-17T15:35:00Z,2317.69,True,True,INITIAL_CONFIRMATION_STOP,4383913f266f34dc13888c11bd5e65602a6bc7c5d4a6bca31252dc943554383d,9b3745c1c4143ab9a5c22868efe16e35b0a065abd25b252aca36a3cea396805e,2322.71,4.284285714285683,0.21421428571428414,NOT_STRICTLY_CLOSER_THAN_CONTROL,H1_SOURCE_SWING_BUFFERED_ELSE_CONTROL,False,9b3745c1c4143ab9a5c22868efe16e35b0a065abd25b252aca36a3cea396805e,2024-06-17T15:00:00Z,2322.71,2315.52,3269ae7cbadd6036d4b5d0936f8d141d84a5ef19181728fe6216ed3affb1aea8
2db0713d6828c2a2930c5196916e5e3b3793e7bcd8e5403113d76280aeb1a2af,2318.46,2024-06-17T21:45:00Z,1501eea4944d70c2f8bc6cb8538c4002930b019359e84988d85871f12f4ecd33,2024-06-17T21:45:00Z,2318.78,2310.05,2024-07-01T00:00:00Z,2024-06-17T21:00:00Z,0.0,LONG,1.0,-50.0,CONTROL_V2_FILLED_STOP,2024-06-17T21:45:00Z,CONTROL_NEXT_M1_OPEN,2318.78,True,4ad708ee9efd2af553de31b3393a315633c733d465be9d28dc0dafde87033dbe,1.2256586483390894,0.7903780068728089,2024_06,-1.0,-1.0,STOP,2024-06-18T13:25:00Z,STOP,eeeb05bd791bc767d79755b37ff691f4a2c2183edda672edf043a1d78ab4354e,2024-06-18T13:25:00Z,FIRST_RETEST_FILLED,2024-06-17T22:00:00Z,2024-06-17T21:51:00Z,2318.46,True,False,INITIAL_CONFIRMATION_STOP,00a841df6314f9c25ee52d1a235276015d09430bc65a2c6c1e4cf520854f8e3b,d156f0dc1b1e18e089b01901f6e94a8a4a08039af00e5e74b24b12e0e2859e66,2310.05,,,,CONTROL_V2_FILLED_STOP,False,,2024-06-17T21:45:00Z,2310.05,2327.65,8297723f112161f816cfb2466ec793c25c7d0a20801f320824a114f3aa08ca02
2db0713d6828c2a2930c5196916e5e3b3793e7bcd8e5403113d76280aeb1a2af,2318.46,2024-06-17T21:45:00Z,1501eea4944d70c2f8bc6cb8538c4002930b019359e84988d85871f12f4ecd33,2024-06-17T21:45:00Z,2318.78,2310.05,2024-07-01T00:00:00Z,2024-06-17T21:00:00Z,0.0,LONG,0.29153575519558156,-50.0,M5_LATEST_CONFIRMED_OPPOSING_SWING_ELSE_CONTROL,2024-06-17T21:45:00Z,CONTROL_NEXT_M1_OPEN,2318.78,True,6fada232064a7e6b739b912831587a151cbc409d9619efc026a0ebb173f2cd5a,1.037284425297851,2.7110842933916315,2024_06,-1.0,-1.0,STOP,2024-06-18T13:25:00Z,STOP,ff3b9483191a82dbb351b4a4a7fb994d2b2184e41ce9399fa015132665a71561,2024-06-18T10:46:00Z,FIRST_RETEST_FILLED,2024-06-17T22:00:00Z,2024-06-17T21:51:00Z,2318.46,True,False,INITIAL_CONFIRMATION_STOP,3a993b3fc056ea4122d9f9c83b0c35816d0291da49dc0286875d47038b0c567c,d156f0dc1b1e18e089b01901f6e94a8a4a08039af00e5e74b24b12e0e2859e66,2316.2348928571428,1.1021428571429104,0.05510714285714552,,M5_LATEST_CONFIRMED_OPPOSING_SWING_ELSE_CONTROL,True,43fcbe2d594d85d5ada1db6371c8f11cdee96e77ed087528c6e269addadfdfe2,2024-06-17T21:45:00Z,2316.29,2327.65,8297723f112161f816cfb2466ec793c25c7d0a20801f320824a114f3aa08ca02
2db0713d6828c2a2930c5196916e5e3b3793e7bcd8e5403113d76280aeb1a2af,2318.46,2024-06-17T21:45:00Z,1501eea4944d70c2f8bc6cb8538c4002930b019359e84988d85871f12f4ecd33,2024-06-17T21:45:00Z,2318.78,2310.05,2024-07-01T00:00:00Z,2024-06-17T21:00:00Z,0.0,LONG,0.6388397970872608,-50.0,M15_LATEST_CONFIRMED_OPPOSING_SWING_ELSE_CONTROL,2024-06-17T21:45:00Z,CONTROL_NEXT_M1_OPEN,2318.78,True,57295c2186df22f76a14615288a5b281a3929019948882ead6b0852d76db8acc,1.0112834436916371,1.237208468346015,2024_06,-1.0,-1.0,STOP,2024-06-18T13:25:00Z,STOP,eb15cc13c840b155f7a770c5f3c192d8571ff9f890a8f3102635824cdbfdbfdd,2024-06-18T11:15:00Z,FIRST_RETEST_FILLED,2024-06-17T22:00:00Z,2024-06-17T21:51:00Z,2318.46,True,False,INITIAL_CONFIRMATION_STOP,4bfc80739108c50399ffde69d387c5a123826a774a49e020ada499722892d44d,d156f0dc1b1e18e089b01901f6e94a8a4a08039af00e5e74b24b12e0e2859e66,2313.2029285714284,2.9414285714285273,0.14707142857142638,,M15_LATEST_CONFIRMED_OPPOSING_SWING_ELSE_CONTROL,True,05da0b8592508e4e7a0ca7d7bf75d9f9f7e7a7da1a71f938898ec83aca36f41f,2024-06-17T21:15:00Z,2313.35,2327.65,8297723f112161f816cfb2466ec793c25c7d0a20801f320824a114f3aa08ca02
2db0713d6828c2a2930c5196916e5e3b3793e7bcd8e5403113d76280aeb1a2af,2318.46,2024-06-17T21:45:00Z,1501eea4944d70c2f8bc6cb8538c4002930b019359e84988d85871f12f4ecd33,2024-06-17T21:45:00Z,2318.78,2310.05,2024-07-01T00:00:00Z,2024-06-17T21:00:00Z,0.0,LONG,1.0,-50.0,CONTROL_V2_FILLED_STOP,2024-06-17T21:45:00Z,CONTROL_NEXT_M1_OPEN,2318.78,True,3c371830813bd4668fa013c7cd39c96825e4414eb6335e986fb3acf227ed67df,1.2256586483390894,0.7903780068728089,2024_06,-1.0,-1.0,STOP,2024-06-18T13:25:00Z,STOP,baebef5a9c9dfdaca9d95ecaeaeaa253f01fca60de1e8d7934303a549f9ffa3d,2024-06-18T13:25:00Z,FIRST_RETEST_FILLED,2024-06-17T22:00:00Z,2024-06-17T21:51:00Z,2318.46,True,False,INITIAL_CONFIRMATION_STOP,002cb2a90f10291caca37ebdf3837084127cb06f28e6ff1b99808235d2197b87,d156f0dc1b1e18e089b01901f6e94a8a4a08039af00e5e74b24b12e0e2859e66,2310.05,5.751428571428538,0.2875714285714269,NOT_STRICTLY_CLOSER_THAN_CONTROL,H1_SOURCE_SWING_BUFFERED_ELSE_CONTROL,False,d156f0dc1b1e18e089b01901f6e94a8a4a08039af00e5e74b24b12e0e2859e66,2024-06-17T21:00:00Z,2310.05,2327.65,8297723f112161f816cfb2466ec793c25c7d0a20801f320824a114f3aa08ca02
2db0713d6828c2a2930c5196916e5e3b3793e7bcd8e5403113d76280aeb1a2af,2318.46,2024-06-17T21:45:00Z,1501eea4944d70c2f8bc6cb8538c4002930b019359e84988d85871f12f4ecd33,2024-06-17T21:45:00Z,2318.78,2310.05,2024-07-01T00:00:00Z,2024-06-17T21:00:00Z,0.0,LONG,1.0,-50.0,CONTROL_V2_FILLED_STOP,2024-06-17T21:51:00Z,M5_BROKEN_CONTROL_FIRST_RETEST,2318.46,True,4ad708ee9efd2af553de31b3393a315633c733d465be9d28dc0dafde87033dbe,1.2342449464923055,0.8585017835909542,2024_06,-1.0,-1.0,STOP,2024-06-18T13:25:00Z,STOP,886c2c50dddf44b4852dcc9c26ede04ec2556920f57502b908f7a9f97ce34456,2024-06-18T13:25:00Z,FIRST_RETEST_FILLED,2024-06-17T22:00:00Z,2024-06-17T21:51:00Z,2318.46,True,True,INITIAL_CONFIRMATION_STOP,8d508cd1819dbdc3ff4c5ce2fbc895b627b10158607112250f8a1a0dbffc570e,d156f0dc1b1e18e089b01901f6e94a8a4a08039af00e5e74b24b12e0e2859e66,2310.05,,,,CONTROL_V2_FILLED_STOP,False,,2024-06-17T21:45:00Z,2310.05,2327.65,8297723f112161f816cfb2466ec793c25c7d0a20801f320824a114f3aa08ca02
2db0713d6828c2a2930c5196916e5e3b3793e7bcd8e5403113d76280aeb1a2af,2318.46,2024-06-17T21:45:00Z,1501eea4944d70c2f8bc6cb8538c4002930b019359e84988d85871f12f4ecd33,2024-06-17T21:45:00Z,2318.78,2310.05,2024-07-01T00:00:00Z,2024-06-17T21:00:00Z,0.0,LONG,0.29153575519558156,-50.0,M5_LATEST_CONFIRMED_OPPOSING_SWING_ELSE_CONTROL,2024-06-17T21:51:00Z,M5_BROKEN_CONTROL_FIRST_RETEST,2318.46,True,6fada232064a7e6b739b912831587a151cbc409d9619efc026a0ebb173f2cd5a,1.0426464215206477,3.2447875704216966,2024_06,-1.0,-1.0,STOP,2024-06-18T13:25:00Z,STOP,cf8db938b13b7bd8ebb56c878b0cb5c581f10f1c37ffdfcf2deb7e0896279762,2024-06-18T10:46:00Z,FIRST_RETEST_FILLED,2024-06-17T22:00:00Z,2024-06-17T21:51:00Z,2318.46,True,True,INITIAL_CONFIRMATION_STOP,b43d8cecb7e966ac91583b9edae9c7cf343eb41c8cf874f943f17b75b7aa36c9,d156f0dc1b1e18e089b01901f6e94a8a4a08039af00e5e74b24b12e0e2859e66,2316.2348928571428,1.1021428571429104,0.05510714285714552,,M5_LATEST_CONFIRMED_OPPOSING_SWING_ELSE_CONTROL,True,43fcbe2d594d85d5ada1db6371c8f11cdee96e77ed087528c6e269addadfdfe2,2024-06-17T21:45:00Z,2316.29,2327.65,8297723f112161f816cfb2466ec793c25c7d0a20801f320824a114f3aa08ca02
2db0713d6828c2a2930c5196916e5e3b3793e7bcd8e5403113d76280aeb1a2af,2318.46,2024-06-17T21:45:00Z,1501eea4944d70c2f8bc6cb8538c4002930b019359e84988d85871f12f4ecd33,2024-06-17T21:45:00Z,2318.78,2310.05,2024-07-01T00:00:00Z,2024-06-17T21:00:00Z,0.0,LONG,0.6388397970872608,-50.0,M15_LATEST_CONFIRMED_OPPOSING_SWING_ELSE_CONTROL,2024-06-17T21:51:00Z,M5_BROKEN_CONTROL_FIRST_RETEST,2318.46,True,57295c2186df22f76a14615288a5b281a3929019948882ead6b0852d76db8acc,1.0119702713351997,1.373388225383405,2024_06,-1.0,-1.0,STOP,2024-06-18T13:25:00Z,STOP,b1ffa5994a0d508ad02b9b29d7488ee578d2b9c1eca325599c426550f98bad7d,2024-06-18T11:15:00Z,FIRST_RETEST_FILLED,2024-06-17T22:00:00Z,2024-06-17T21:51:00Z,2318.46,True,True,INITIAL_CONFIRMATION_STOP,9604010de9adf1e7f5cb883f3c73bfd011766d3c169765cf4b1fa60c3d4d6ed0,d156f0dc1b1e18e089b01901f6e94a8a4a08039af00e5e74b24b12e0e2859e66,2313.2029285714284,2.9414285714285273,0.14707142857142638,,M15_LATEST_CONFIRMED_OPPOSING_SWING_ELSE_CONTROL,True,05da0b8592508e4e7a0ca7d7bf75d9f9f7e7a7da1a71f938898ec83aca36f41f,2024-06-17T21:15:00Z,2313.35,2327.65,8297723f112161f816cfb2466ec793c25c7d0a20801f320824a114f3aa08ca02
2db0713d6828c2a2930c5196916e5e3b3793e7bcd8e5403113d76280aeb1a2af,2318.46,2024-06-17T21:45:00Z,1501eea4944d70c2f8bc6cb8538c4002930b019359e84988d85871f12f4ecd33,2024-06-17T21:45:00Z,2318.78,2310.05,2024-07-01T00:00:00Z,2024-06-17T21:00:00Z,0.0,LONG,1.0,-50.0,CONTROL_V2_FILLED_STOP,2024-06-17T21:51:00Z,M5_BROKEN_CONTROL_FIRST_RETEST,2318.46,True,3c371830813bd4668fa013c7cd39c96825e4414eb6335e986fb3acf227ed67df,1.2342449464923055,0.8585017835909542,2024_06,-1.0,-1.0,STOP,2024-06-18T13:25:00Z,STOP,fa13fd98a7fe6c2f045ee5154d2d331eeb39c32153fd930587a88dcf05bdd43b,2024-06-18T13:25:00Z,FIRST_RETEST_FILLED,2024-06-17T22:00:00Z,2024-06-17T21:51:00Z,2318.46,True,True,INITIAL_CONFIRMATION_STOP,853f4425bf3294b16397d6f8e8f6be25cc3783a43691aa08f07da56dd68a113a,d156f0dc1b1e18e089b01901f6e94a8a4a08039af00e5e74b24b12e0e2859e66,2310.05,5.751428571428538,0.2875714285714269,NOT_STRICTLY_CLOSER_THAN_CONTROL,H1_SOURCE_SWING_BUFFERED_ELSE_CONTROL,False,d156f0dc1b1e18e089b01901f6e94a8a4a08039af00e5e74b24b12e0e2859e66,2024-06-17T21:00:00Z,2310.05,2327.65,8297723f112161f816cfb2466ec793c25c7d0a20801f320824a114f3aa08ca02
2db0713d6828c2a2930c5196916e5e3b3793e7bcd8e5403113d76280aeb1a2af,2318.46,2024-06-17T21:45:00Z,1501eea4944d70c2f8bc6cb8538c4002930b019359e84988d85871f12f4ecd33,2024-06-17T21:45:00Z,2318.78,2310.05,2024-07-01T00:00:00Z,2024-06-17T21:00:00Z,0.0,LONG,1.0,-50.0,CONTROL_V2_FILLED_STOP,2024-06-17T21:45:00Z,CONFIRMED_25_75_RETEST_SPLIT,2318.78,True,4ad708ee9efd2af553de31b3393a315633c733d465be9d28dc0dafde87033dbe,1.2320983719540015,0.8414708394114179,2024_06,-1.0,-1.0,STOP,2024-06-18T13:25:00Z,SPLIT_STOP_STOP,2d88af8c47665472f3a228c50e7b8f3f54153febaa4a58820b5f6e03f6e781a0,2024-06-18T13:25:00Z,FIRST_RETEST_FILLED,2024-06-17T22:00:00Z,2024-06-17T21:51:00Z,2318.46,True,True,INITIAL_CONFIRMATION_STOP,a6c2f22227418ebce2b49236198310cbf3cf3ea07d601334a6146f0838c6a3f8,d156f0dc1b1e18e089b01901f6e94a8a4a08039af00e5e74b24b12e0e2859e66,2310.05,,,,CONTROL_V2_FILLED_STOP,False,,2024-06-17T21:45:00Z,2310.05,2327.65,8297723f112161f816cfb2466ec793c25c7d0a20801f320824a114f3aa08ca02
2db0713d6828c2a2930c5196916e5e3b3793e7bcd8e5403113d76280aeb1a2af,2318.46,2024-06-17T21:45:00Z,1501eea4944d70c2f8bc6cb8538c4002930b019359e84988d85871f12f4ecd33,2024-06-17T21:45:00Z,2318.78,2310.05,2024-07-01T00:00:00Z,2024-06-17T21:00:00Z,0.0,LONG,0.29153575519558156,-50.0,M5_LATEST_CONFIRMED_OPPOSING_SWING_ELSE_CONTROL,2024-06-17T21:45:00Z,CONFIRMED_25_75_RETEST_SPLIT,2318.78,True,6fada232064a7e6b739b912831587a151cbc409d9619efc026a0ebb173f2cd5a,1.0413059224649486,3.1113617511641802,2024_06,-1.0,-1.0,STOP,2024-06-18T13:25:00Z,SPLIT_STOP_STOP,672ecc5b1731534a15b37d4894cb03e4ae65b44df1e0ba8f2b829a792c42f192,2024-06-18T10:46:00Z,FIRST_RETEST_FILLED,2024-06-17T22:00:00Z,2024-06-17T21:51:00Z,2318.46,True,True,INITIAL_CONFIRMATION_STOP,1d1d67d89d35729a2f6f0c8f13b87c5ea3c5223e03a887b4ebf518c8bdc2b1d5,d156f0dc1b1e18e089b01901f6e94a8a4a08039af00e5e74b24b12e0e2859e66,2316.2348928571428,1.1021428571429104,0.05510714285714552,,M5_LATEST_CONFIRMED_OPPOSING_SWING_ELSE_CONTROL,True,43fcbe2d594d85d5ada1db6371c8f11cdee96e77ed087528c6e269addadfdfe2,2024-06-17T21:45:00Z,2316.29,2327.65,8297723f112161f816cfb2466ec793c25c7d0a20801f320824a114f3aa08ca02
2db0713d6828c2a2930c5196916e5e3b3793e7bcd8e5403113d76280aeb1a2af,2318.46,2024-06-17T21:45:00Z,1501eea4944d70c2f8bc6cb8538c4002930b019359e84988d85871f12f4ecd33,2024-06-17T21:45:00Z,2318.78,2310.05,2024-07-01T00:00:00Z,2024-06-17T21:00:00Z,0.0,LONG,0.6388397970872608,-50.0,M15_LATEST_CONFIRMED_OPPOSING_SWING_ELSE_CONTROL,2024-06-17T21:45:00Z,CONFIRMED_25_75_RETEST_SPLIT,2318.78,True,57295c2186df22f76a14615288a5b281a3929019948882ead6b0852d76db8acc,1.011798564424309,1.3393432861240577,2024_06,-1.0,-1.0,STOP,2024-06-18T13:25:00Z,SPLIT_STOP_STOP,3e821b06faf487ace288321e0fa92da65045185e602e4042ee2ebd3b8c6e974e,2024-06-18T11:15:00Z,FIRST_RETEST_FILLED,2024-06-17T22:00:00Z,2024-06-17T21:51:00Z,2318.46,True,True,INITIAL_CONFIRMATION_STOP,647f1984e2aa83ffe8c4632f8cc3c1c3ec87a07e655e07df30f2065c0af19ec6,d156f0dc1b1e18e089b01901f6e94a8a4a08039af00e5e74b24b12e0e2859e66,2313.2029285714284,2.9414285714285273,0.14707142857142638,,M15_LATEST_CONFIRMED_OPPOSING_SWING_ELSE_CONTROL,True,05da0b8592508e4e7a0ca7d7bf75d9f9f7e7a7da1a71f938898ec83aca36f41f,2024-06-17T21:15:00Z,2313.35,2327.65,8297723f112161f816cfb2466ec793c25c7d0a20801f320824a114f3aa08ca02
2db0713d6828c2a2930c5196916e5e3b3793e7bcd8e5403113d76280aeb1a2af,2318.46,2024-06-17T21:45:00Z,1501eea4944d70c2f8bc6cb8538c4002930b019359e84988d85871f12f4ecd33,2024-06-17T21:45:00Z,2318.78,2310.05,2024-07-01T00:00:00Z,2024-06-17T21:00:00Z,0.0,LONG,1.0,-50.0,CONTROL_V2_FILLED_STOP,2024-06-17T21:45:00Z,CONFIRMED_25_75_RETEST_SPLIT,2318.78,True,3c371830813bd4668fa013c7cd39c96825e4414eb6335e986fb3acf227ed67df,1.2320983719540015,0.8414708394114179,2024_06,-1.0,-1.0,STOP,2024-06-18T13:25:00Z,SPLIT_STOP_STOP,41b7bcf0e65bd2949f3dae15f4be6bc8880b3cff163394217715648265705104,2024-06-18T13:25:00Z,FIRST_RETEST_FILLED,2024-06-17T22:00:00Z,2024-06-17T21:51:00Z,2318.46,True,True,INITIAL_CONFIRMATION_STOP,56850b8b0cf151a886349882316627495d59ee1a84ceddc902f0419ba9d54bb0,d156f0dc1b1e18e089b01901f6e94a8a4a08039af00e5e74b24b12e0e2859e66,2310.05,5.751428571428538,0.2875714285714269,NOT_STRICTLY_CLOSER_THAN_CONTROL,H1_SOURCE_SWING_BUFFERED_ELSE_CONTROL,False,d156f0dc1b1e18e089b01901f6e94a8a4a08039af00e5e74b24b12e0e2859e66,2024-06-17T21:00:00Z,2310.05,2327.65,8297723f112161f816cfb2466ec793c25c7d0a20801f320824a114f3aa08ca02
b2f5a077ee4e0cc9d2749f2d6abdd53ce426275e6354be94c7d58f78a79c9757,2322.59,2024-06-18T08:05:00Z,5b2a3d6cac52bbc82f565ef93650508d0017447df9933a89f33fe4d49d4934e0,2024-06-18T08:05:00Z,2321.44,2325.68,2024-07-01T00:00:00Z,2024-06-18T08:00:00Z,0.0,SHORT,1.0,134.31603773585448,CONTROL_V2_FILLED_STOP,2024-06-18T08:05:00Z,CONTROL_NEXT_M1_OPEN,2321.44,True,fadc57fae23bf7d8ed2f094589b5a6ce7b034c70c3afe46965ae86b732f77eae,0.5589622641509464,3.1509433962266074,2024_06,2.6863207547170895,2.6863207547170895,TARGET,2024-06-18T13:25:00Z,TARGET,324ea5d973a805f8170793b27a66b2e9935ade3dc9ff749719e1305e06ff76e2,2024-06-18T13:25:00Z,RETEST_EXPIRED,2024-06-18T08:20:00Z,,2322.59,False,False,INITIAL_CONFIRMATION_TARGET,3bf6322941192d3d48476dcd28ad4742c748db5c1619eda98452878837e73096,4459197da01a6eeb947e09779a825548522506d195a35b0f8a2cfd6889a34981,2325.68,,,,CONTROL_V2_FILLED_STOP,False,,2024-06-18T08:05:00Z,2325.68,2310.05,2bce2f4337aa8affc8388aa2420a95c31d6d1232e69dcae697c2c49697b2be24
b2f5a077ee4e0cc9d2749f2d6abdd53ce426275e6354be94c7d58f78a79c9757,2322.59,2024-06-18T08:05:00Z,5b2a3d6cac52bbc82f565ef93650508d0017447df9933a89f33fe4d49d4934e0,2024-06-18T08:05:00Z,2321.44,2325.68,2024-07-01T00:00:00Z,2024-06-18T08:00:00Z,0.5942091992001584,SHORT,0.8188679245282857,164.0264976958624,M5_LATEST_CONFIRMED_OPPOSING_SWING_ELSE_CONTROL,2024-06-18T08:05:00Z,CONTROL_NEXT_M1_OPEN,2321.44,True,c046d5afd0e46d6562541d9801f4bc53072ee536c99824f19071baa4759341e2,0.6826036866359619,3.8479262672814167,2024_06,3.280529953917248,2.6863207547170895,TARGET,2024-06-18T13:25:00Z,TARGET,28e8d1ed8b0d70279a6add78f940904e19e4ee565b51a5c57806cf82dcecc97e,2024-06-18T13:25:00Z,RETEST_EXPIRED,2024-06-18T08:20:00Z,,2322.59,False,False,INITIAL_CONFIRMATION_TARGET,c938c999f3fd352bf98066c9fdfb6223493fbde8aa53c040fb3a4922993b623b,4459197da01a6eeb947e09779a825548522506d195a35b0f8a2cfd6889a34981,2324.912,0.8399999999999181,0.04199999999999591,,M5_LATEST_CONFIRMED_OPPOSING_SWING_ELSE_CONTROL,True,72179e291f51c41dc1cf72c9e1f3c8843bd86549e1a04c337f224eaa56272ff2,2024-06-18T07:40:00Z,2324.87,2310.05,2bce2f4337aa8affc8388aa2420a95c31d6d1232e69dcae697c2c49697b2be24
b2f5a077ee4e0cc9d2749f2d6abdd53ce426275e6354be94c7d58f78a79c9757,2322.59,2024-06-18T08:05:00Z,5b2a3d6cac52bbc82f565ef93650508d0017447df9933a89f33fe4d49d4934e0,2024-06-18T08:05:00Z,2321.44,2325.68,2024-07-01T00:00:00Z,2024-06-18T08:00:00Z,0.0,SHORT,1.0,134.31603773585448,CONTROL_V2_FILLED_STOP,2024-06-18T08:05:00Z,CONTROL_NEXT_M1_OPEN,2321.44,True,8a8012116e0fd2ca09935a3133175190a9693cb438e82f93a4281203d7e78300,0.5589622641509464,3.1509433962266074,2024_06,2.6863207547170895,2.6863207547170895,TARGET,2024-06-18T13:25:00Z,TARGET,ff12bc7806c98e775509aaac58fcbca5468e896d9f27abfe0bf2ea610dfa53ab,2024-06-18T13:25:00Z,RETEST_EXPIRED,2024-06-18T08:20:00Z,,2322.59,False,False,INITIAL_CONFIRMATION_TARGET,20fcac77e4ef097525072f6f0cbd6314712032380603cd580fd8dfa2066b0560,4459197da01a6eeb947e09779a825548522506d195a35b0f8a2cfd6889a34981,2325.68,1.8042857142856323,0.09021428571428163,NOT_STRICTLY_CLOSER_THAN_CONTROL,M15_LATEST_CONFIRMED_OPPOSING_SWING_ELSE_CONTROL,False,873c8140e32734e5c0056a6c61304badf9b9144504cec9b0ca23b6b69d9fe8b8,2024-06-18T06:30:00Z,2325.68,2310.05,2bce2f4337aa8affc8388aa2420a95c31d6d1232e69dcae697c2c49697b2be24
b2f5a077ee4e0cc9d2749f2d6abdd53ce426275e6354be94c7d58f78a79c9757,2322.59,2024-06-18T08:05:00Z,5b2a3d6cac52bbc82f565ef93650508d0017447df9933a89f33fe4d49d4934e0,2024-06-18T08:05:00Z,2321.44,2325.68,2024-07-01T00:00:00Z,2024-06-18T08:00:00Z,0.0,SHORT,1.0,134.31603773585448,CONTROL_V2_FILLED_STOP,2024-06-18T08:05:00Z,CONTROL_NEXT_M1_OPEN,2321.44,True,c2b57539cfaec7c022b64e7d50868978242a0c47e0fa7b96506a2a22278f2ba7,0.5589622641509464,3.1509433962266074,2024_06,2.6863207547170895,2.6863207547170895,TARGET,2024-06-18T13:25:00Z,TARGET,403c330f5658c63d46bb0e2299e44fc3b15076ed93d07def69f4ee56d767df45,2024-06-18T13:25:00Z,RETEST_EXPIRED,2024-06-18T08:20:00Z,,2322.59,False,False,INITIAL_CONFIRMATION_TARGET,1c685ae6c16a56b78fae7aa0c557fa0cff336046c1249c83d16f7eed46befb8b,4459197da01a6eeb947e09779a825548522506d195a35b0f8a2cfd6889a34981,2325.68,5.140714285714206,0.2570357142857103,NOT_STRICTLY_CLOSER_THAN_CONTROL,H1_SOURCE_SWING_BUFFERED_ELSE_CONTROL,False,4459197da01a6eeb947e09779a825548522506d195a35b0f8a2cfd6889a34981,2024-06-18T08:00:00Z,2325.68,2310.05,2bce2f4337aa8affc8388aa2420a95c31d6d1232e69dcae697c2c49697b2be24
b2f5a077ee4e0cc9d2749f2d6abdd53ce426275e6354be94c7d58f78a79c9757,2322.59,2024-06-18T08:05:00Z,5b2a3d6cac52bbc82f565ef93650508d0017447df9933a89f33fe4d49d4934e0,2024-06-18T08:05:00Z,2321.44,2325.68,2024-07-01T00:00:00Z,2024-06-18T08:00:00Z,-2.6863207547170895,SHORT,1.0,0.0,CONTROL_V2_FILLED_STOP,,M5_BROKEN_CONTROL_FIRST_RETEST,,False,fadc57fae23bf7d8ed2f094589b5a6ce7b034c70c3afe46965ae86b732f77eae,,,2024_06,0.0,2.6863207547170895,TARGET,2024-06-18T13:25:00Z,NO_FILL,03e0022ac6978656037e5b3e2988cfd84126a4d032b8a283e46b4a986cac2792,,RETEST_EXPIRED,2024-06-18T08:20:00Z,,2322.59,False,False,INITIAL_CONFIRMATION_TARGET,34cba902567eb518d90ac56f3ae29c4e23a94b9980d94c748e735c7fcf157e25,4459197da01a6eeb947e09779a825548522506d195a35b0f8a2cfd6889a34981,2325.68,,,,CONTROL_V2_FILLED_STOP,False,,2024-06-18T08:05:00Z,2325.68,2310.05,2bce2f4337aa8affc8388aa2420a95c31d6d1232e69dcae697c2c49697b2be24
b2f5a077ee4e0cc9d2749f2d6abdd53ce426275e6354be94c7d58f78a79c9757,2322.59,2024-06-18T08:05:00Z,5b2a3d6cac52bbc82f565ef93650508d0017447df9933a89f33fe4d49d4934e0,2024-06-18T08:05:00Z,2321.44,2325.68,2024-07-01T00:00:00Z,2024-06-18T08:00:00Z,-2.6863207547170895,SHORT,0.8188679245282857,0.0,M5_LATEST_CONFIRMED_OPPOSING_SWING_ELSE_CONTROL,,M5_BROKEN_CONTROL_FIRST_RETEST,,False,c046d5afd0e46d6562541d9801f4bc53072ee536c99824f19071baa4759341e2,,,2024_06,0.0,2.6863207547170895,TARGET,2024-06-18T13:25:00Z,NO_FILL,969bb557f8a570ffdffbd53890213cb07737d5ce19a333ea044548347bb42db3,,RETEST_EXPIRED,2024-06-18T08:20:00Z,,2322.59,False,False,INITIAL_CONFIRMATION_TARGET,58717874cbf280393bc5f3db497ef22bedff1b3d3a3636826e88c7bbef060988,4459197da01a6eeb947e09779a825548522506d195a35b0f8a2cfd6889a34981,2324.912,0.8399999999999181,0.04199999999999591,,M5_LATEST_CONFIRMED_OPPOSING_SWING_ELSE_CONTROL,True,72179e291f51c41dc1cf72c9e1f3c8843bd86549e1a04c337f224eaa56272ff2,2024-06-18T07:40:00Z,2324.87,2310.05,2bce2f4337aa8affc8388aa2420a95c31d6d1232e69dcae697c2c49697b2be24
b2f5a077ee4e0cc9d2749f2d6abdd53ce426275e6354be94c7d58f78a79c9757,2322.59,2024-06-18T08:05:00Z,5b2a3d6cac52bbc82f565ef93650508d0017447df9933a89f33fe4d49d4934e0,2024-06-18T08:05:00Z,2321.44,2325.68,2024-07-01T00:00:00Z,2024-06-18T08:00:00Z,-2.6863207547170895,SHORT,1.0,0.0,CONTROL_V2_FILLED_STOP,,M5_BROKEN_CONTROL_FIRST_RETEST,,False,8a8012116e0fd2ca09935a3133175190a9693cb438e82f93a4281203d7e78300,,,2024_06,0.0,2.6863207547170895,TARGET,2024-06-18T13:25:00Z,NO_FILL,b2d70aa97ff2a33d70ebe519fe37f8143c1e8a9209577cfde522a85df34c2077,,RETEST_EXPIRED,2024-06-18T08:20:00Z,,2322.59,False,False,INITIAL_CONFIRMATION_TARGET,817e38c201df237f7a9cc928c8f4b7470d2cae2036b0c48899dadd2dca25b92c,4459197da01a6eeb947e09779a825548522506d195a35b0f8a2cfd6889a34981,2325.68,1.8042857142856323,0.09021428571428163,NOT_STRICTLY_CLOSER_THAN_CONTROL,M15_LATEST_CONFIRMED_OPPOSING_SWING_ELSE_CONTROL,False,873c8140e32734e5c0056a6c61304badf9b9144504cec9b0ca23b6b69d9fe8b8,2024-06-18T06:30:00Z,2325.68,2310.05,2bce2f4337aa8affc8388aa2420a95c31d6d1232e69dcae697c2c49697b2be24
b2f5a077ee4e0cc9d2749f2d6abdd53ce426275e6354be94c7d58f78a79c9757,2322.59,2024-06-18T08:05:00Z,5b2a3d6cac52bbc82f565ef93650508d0017447df9933a89f33fe4d49d4934e0,2024-06-18T08:05:00Z,2321.44,2325.68,2024-07-01T00:00:00Z,2024-06-18T08:00:00Z,-2.6863207547170895,SHORT,1.0,0.0,CONTROL_V2_FILLED_STOP,,M5_BROKEN_CONTROL_FIRST_RETEST,,False,c2b57539cfaec7c022b64e7d50868978242a0c47e0fa7b96506a2a22278f2ba7,,,2024_06,0.0,2.6863207547170895,TARGET,2024-06-18T13:25:00Z,NO_FILL,cdc8afa07582fc2b17f4f38760bbd4794b71b4642a2098ca97df00daed97a85a,,RETEST_EXPIRED,2024-06-18T08:20:00Z,,2322.59,False,False,INITIAL_CONFIRMATION_TARGET,dc5fa3901a4ffd9554a1963b68ba21f1411a6f82d92c8f349a2ea5a95069366e,4459197da01a6eeb947e09779a825548522506d195a35b0f8a2cfd6889a34981,2325.68,5.140714285714206,0.2570357142857103,NOT_STRICTLY_CLOSER_THAN_CONTROL,H1_SOURCE_SWING_BUFFERED_ELSE_CONTROL,False,4459197da01a6eeb947e09779a825548522506d195a35b0f8a2cfd6889a34981,2024-06-18T08:00:00Z,2325.68,2310.05,2bce2f4337aa8affc8388aa2420a95c31d6d1232e69dcae697c2c49697b2be24
b2f5a077ee4e0cc9d2749f2d6abdd53ce426275e6354be94c7d58f78a79c9757,2322.59,2024-06-18T08:05:00Z,5b2a3d6cac52bbc82f565ef93650508d0017447df9933a89f33fe4d49d4934e0,2024-06-18T08:05:00Z,2321.44,2325.68,2024-07-01T00:00:00Z,2024-06-18T08:00:00Z,-2.0147405660378173,SHORT,1.0,33.57900943396362,CONTROL_V2_FILLED_STOP,2024-06-18T08:05:00Z,CONFIRMED_25_75_RETEST_SPLIT,2321.44,True,fadc57fae23bf7d8ed2f094589b5a6ce7b034c70c3afe46965ae86b732f77eae,0.1397405660377366,0.7877358490566518,2024_06,0.6715801886792724,2.6863207547170895,TARGET,2024-06-18T13:25:00Z,SPLIT_CONTROL_TARGET_NO_RETEST,93924f73ad8b1d827deb608472724bb2eae571ef32fc6666975dfad2fdb07e19,2024-06-18T13:25:00Z,RETEST_EXPIRED,2024-06-18T08:20:00Z,,2322.59,False,False,INITIAL_CONFIRMATION_TARGET,cb5edc715950df6a306988accb9ca151b0ddd9dcde840d212d91121ccfe41184,4459197da01a6eeb947e09779a825548522506d195a35b0f8a2cfd6889a34981,2325.68,,,,CONTROL_V2_FILLED_STOP,False,,2024-06-18T08:05:00Z,2325.68,2310.05,2bce2f4337aa8affc8388aa2420a95c31d6d1232e69dcae697c2c49697b2be24
b2f5a077ee4e0cc9d2749f2d6abdd53ce426275e6354be94c7d58f78a79c9757,2322.59,2024-06-18T08:05:00Z,5b2a3d6cac52bbc82f565ef93650508d0017447df9933a89f33fe4d49d4934e0,2024-06-18T08:05:00Z,2321.44,2325.68,2024-07-01T00:00:00Z,2024-06-18T08:00:00Z,-1.8661882662377776,SHORT,0.8188679245282857,41.0066244239656,M5_LATEST_CONFIRMED_OPPOSING_SWING_ELSE_CONTROL,2024-06-18T08:05:00Z,CONFIRMED_25_75_RETEST_SPLIT,2321.44,True,c046d5afd0e46d6562541d9801f4bc53072ee536c99824f19071baa4759341e2,0.17065092165899048,0.9619815668203542,2024_06,0.820132488479312,2.6863207547170895,TARGET,2024-06-18T13:25:00Z,SPLIT_CONTROL_TARGET_NO_RETEST,04a09a1313ea42617a3eb06cc2cf5a6b3afd46430a3eec1245ebf04cbd3c82b2,2024-06-18T13:25:00Z,RETEST_EXPIRED,2024-06-18T08:20:00Z,,2322.59,False,False,INITIAL_CONFIRMATION_TARGET,d74cd74477f747e7b48933bd996bd1bede9e020bd9e3d7400ef0b6ca5b035661,4459197da01a6eeb947e09779a825548522506d195a35b0f8a2cfd6889a34981,2324.912,0.8399999999999181,0.04199999999999591,,M5_LATEST_CONFIRMED_OPPOSING_SWING_ELSE_CONTROL,True,72179e291f51c41dc1cf72c9e1f3c8843bd86549e1a04c337f224eaa56272ff2,2024-06-18T07:40:00Z,2324.87,2310.05,2bce2f4337aa8affc8388aa2420a95c31d6d1232e69dcae697c2c49697b2be24
b2f5a077ee4e0cc9d2749f2d6abdd53ce426275e6354be94c7d58f78a79c9757,2322.59,2024-06-18T08:05:00Z,5b2a3d6cac52bbc82f565ef93650508d0017447df9933a89f33fe4d49d4934e0,2024-06-18T08:05:00Z,2321.44,2325.68,2024-07-01T00:00:00Z,2024-06-18T08:00:00Z,-2.0147405660378173,SHORT,1.0,33.57900943396362,CONTROL_V2_FILLED_STOP,2024-06-18T08:05:00Z,CONFIRMED_25_75_RETEST_SPLIT,2321.44,True,8a8012116e0fd2ca09935a3133175190a9693cb438e82f93a4281203d7e78300,0.1397405660377366,0.7877358490566518,2024_06,0.6715801886792724,2.6863207547170895,TARGET,2024-06-18T13:25:00Z,SPLIT_CONTROL_TARGET_NO_RETEST,78e7ae53e807b093e3e2cf1085976d94d3ad68b0a4b266a1d03006b3483c8b55,2024-06-18T13:25:00Z,RETEST_EXPIRED,2024-06-18T08:20:00Z,,2322.59,False,False,INITIAL_CONFIRMATION_TARGET,1f55a25c29f4f7de6621dea9fd3c2c6ee24469409bad581474aa88cd9f4aac69,4459197da01a6eeb947e09779a825548522506d195a35b0f8a2cfd6889a34981,2325.68,1.8042857142856323,0.09021428571428163,NOT_STRICTLY_CLOSER_THAN_CONTROL,M15_LATEST_CONFIRMED_OPPOSING_SWING_ELSE_CONTROL,False,873c8140e32734e5c0056a6c61304badf9b9144504cec9b0ca23b6b69d9fe8b8,2024-06-18T06:30:00Z,2325.68,2310.05,2bce2f4337aa8affc8388aa2420a95c31d6d1232e69dcae697c2c49697b2be24
b2f5a077ee4e0cc9d2749f2d6abdd53ce426275e6354be94c7d58f78a79c9757,2322.59,2024-06-18T08:05:00Z,5b2a3d6cac52bbc82f565ef93650508d0017447df9933a89f33fe4d49d4934e0,2024-06-18T08:05:00Z,2321.44,2325.68,2024-07-01T00:00:00Z,2024-06-18T08:00:00Z,-2.0147405660378173,SHORT,1.0,33.57900943396362,CONTROL_V2_FILLED_STOP,2024-06-18T08:05:00Z,CONFIRMED_25_75_RETEST_SPLIT,2321.44,True,c2b57539cfaec7c022b64e7d50868978242a0c47e0fa7b96506a2a22278f2ba7,0.1397405660377366,0.7877358490566518,2024_06,0.6715801886792724,2.6863207547170895,TARGET,2024-06-18T13:25:00Z,SPLIT_CONTROL_TARGET_NO_RETEST,7e39928e51770a360662a7146fe55bb9c847303e8a0c7717de031c547b3bcea0,2024-06-18T13:25:00Z,RETEST_EXPIRED,2024-06-18T08:20:00Z,,2322.59,False,False,INITIAL_CONFIRMATION_TARGET,43da99dea554f82926f40882608eb9f3aa3e589be937e53852dee08bd5d821d0,4459197da01a6eeb947e09779a825548522506d195a35b0f8a2cfd6889a34981,2325.68,5.140714285714206,0.2570357142857103,NOT_STRICTLY_CLOSER_THAN_CONTROL,H1_SOURCE_SWING_BUFFERED_ELSE_CONTROL,False,4459197da01a6eeb947e09779a825548522506d195a35b0f8a2cfd6889a34981,2024-06-18T08:00:00Z,2325.68,2310.05,2bce2f4337aa8affc8388aa2420a95c31d6d1232e69dcae697c2c49697b2be24
278f9f0f5394898011b6d427121c203645d200de58006baeac7b25e604a73378,2328.54,2024-06-19T01:35:00Z,1bfebb30eecba49f6f4a4ae9ed87bcf9a0767fcca8183143d8ec38b3823be352,2024-06-19T01:35:00Z,2327.65,2333.17,2024-07-01T00:00:00Z,2024-06-18T23:00:00Z,0.0,SHORT,1.0,-50.0,CONTROL_V2_FILLED_STOP,2024-06-19T01:35:00Z,CONTROL_NEXT_M1_OPEN,2327.65,True,9ee08180726bc3fac7c5e1c7613c46aea3398209f0fd6cd96e63fff707dd6772,1.0833333333333401,0.20108695652176287,2024_06,-1.0,-1.0,STOP,2024-06-19T11:00:00Z,STOP,589696dbb1121555c1264571166ae96d311e385ddbfadff20f1c610680784bb7,2024-06-19T11:00:00Z,FIRST_RETEST_FILLED,2024-06-19T01:50:00Z,2024-06-19T01:38:00Z,2328.54,True,False,INITIAL_CONFIRMATION_STOP,d80a0bcaa8c27adb18e431ba3afe0e9ac58a35e00d386423211ca9f7570f75c8,75eb6f600bed85352c109c8b8d03225ac6113a73338ed1413f1d39642766a3eb,2333.17,,,,CONTROL_V2_FILLED_STOP,False,,2024-06-19T01:35:00Z,2333.17,2306.62,60a3cd6cbcb0bf73c255b97f426717093469e1f9812ae548bd31743dfb3f2e0b
278f9f0f5394898011b6d427121c203645d200de58006baeac7b25e604a73378,2328.54,2024-06-19T01:35:00Z,1bfebb30eecba49f6f4a4ae9ed87bcf9a0767fcca8183143d8ec38b3823be352,2024-06-19T01:35:00Z,2327.65,2333.17,2024-07-01T00:00:00Z,2024-06-18T23:00:00Z,0.0,SHORT,0.4893310041408316,-50.0,M5_LATEST_CONFIRMED_OPPOSING_SWING_ELSE_CONTROL,2024-06-19T01:35:00Z,CONTROL_NEXT_M1_OPEN,2327.65,True,daa07810726839a4442135768436c4ae3227bd551e193591d49ac5c7f1c1184d,1.1661884676917502,0.4109426029009377,2024_06,-1.0,-1.0,STOP,2024-06-19T11:00:00Z,STOP,e9347cde7843801e919a3c2fc4e802e8aef7007d2cca7a990a96f74834c944b0,2024-06-19T04:47:00Z,FIRST_RETEST_FILLED,2024-06-19T01:50:00Z,2024-06-19T01:38:00Z,2328.54,True,False,INITIAL_CONFIRMATION_STOP,489759da4652fbbb510b938adaa132430f519e4cd55074a00a1acd6957c2fec2,75eb6f600bed85352c109c8b8d03225ac6113a73338ed1413f1d39642766a3eb,2330.3511071428575,0.6221428571428272,0.031107142857141362,,M5_LATEST_CONFIRMED_OPPOSING_SWING_ELSE_CONTROL,True,c8e99e920949297981d525c9b5192f187a642bb79a31bfe7ddc759c8a603c30a,2024-06-19T01:15:00Z,2330.32,2306.62,60a3cd6cbcb0bf73c255b97f426717093469e1f9812ae548bd31743dfb3f2e0b
278f9f0f5394898011b6d427121c203645d200de58006baeac7b25e604a73378,2328.54,2024-06-19T01:35:00Z,1bfebb30eecba49f6f4a4ae9ed87bcf9a0767fcca8183143d8ec38b3823be352,2024-06-19T01:35:00Z,2327.65,2333.17,2024-07-01T00:00:00Z,2024-06-18T23:00:00Z,0.0,SHORT,0.5605395962732861,-50.0,M15_LATEST_CONFIRMED_OPPOSING_SWING_ELSE_CONTROL,2024-06-19T01:35:00Z,CONTROL_NEXT_M1_OPEN,2327.65,True,38840e66477c81bd3fc3f6e8d1ead7dc8cb08ad15d5103f329cae5998ff3743f,1.0180407908861544,0.3587381834551519,2024_06,-1.0,-1.0,STOP,2024-06-19T11:00:00Z,STOP,b9ae93372f020ccb959490a9e0c8c72c148d64b5f58247dc85388eaf4b48316e,2024-06-19T04:47:00Z,FIRST_RETEST_FILLED,2024-06-19T01:50:00Z,2024-06-19T01:38:00Z,2328.54,True,False,INITIAL_CONFIRMATION_STOP,d103e2927b76278b2c861cb79ff140c4f5c714998d7ced8a65cb3ac57929cf8a,75eb6f600bed85352c109c8b8d03225ac6113a73338ed1413f1d39642766a3eb,2330.7441785714286,1.4835714285713624,0.07417857142856812,,M15_LATEST_CONFIRMED_OPPOSING_SWING_ELSE_CONTROL,True,95a1f94d0b3e1fc8f7815c93703e191fb08136317b5b07841298ecfef811e9f7,2024-06-19T01:15:00Z,2330.67,2306.62,60a3cd6cbcb0bf73c255b97f426717093469e1f9812ae548bd31743dfb3f2e0b
278f9f0f5394898011b6d427121c203645d200de58006baeac7b25e604a73378,2328.54,2024-06-19T01:35:00Z,1bfebb30eecba49f6f4a4ae9ed87bcf9a0767fcca8183143d8ec38b3823be352,2024-06-19T01:35:00Z,2327.65,2333.17,2024-07-01T00:00:00Z,2024-06-18T23:00:00Z,0.0,SHORT,1.0,-50.0,CONTROL_V2_FILLED_STOP,2024-06-19T01:35:00Z,CONTROL_NEXT_M1_OPEN,2327.65,True,2832241f7b6d6e72ab53eb3341befb5e2e4cc23a8fd6365fa9a40829d68f66c7,1.0833333333333401,0.20108695652176287,2024_06,-1.0,-1.0,STOP,2024-06-19T11:00:00Z,STOP,428ca06bcb3122a0a51cf494f47c222d746f60ddc60e6f52ebd28508fea2f47e,2024-06-19T11:00:00Z,FIRST_RETEST_FILLED,2024-06-19T01:50:00Z,2024-06-19T01:38:00Z,2328.54,True,False,INITIAL_CONFIRMATION_STOP,03d665812ab68579c990fa504a8c6d5d0da70c949417718bcb649b33e2b74c8d,75eb6f600bed85352c109c8b8d03225ac6113a73338ed1413f1d39642766a3eb,2333.17,6.3600000000000625,0.31800000000000317,NOT_STRICTLY_CLOSER_THAN_CONTROL,H1_SOURCE_SWING_BUFFERED_ELSE_CONTROL,False,75eb6f600bed85352c109c8b8d03225ac6113a73338ed1413f1d39642766a3eb,2024-06-18T23:00:00Z,2333.17,2306.62,60a3cd6cbcb0bf73c255b97f426717093469e1f9812ae548bd31743dfb3f2e0b
278f9f0f5394898011b6d427121c203645d200de58006baeac7b25e604a73378,2328.54,2024-06-19T01:35:00Z,1bfebb30eecba49f6f4a4ae9ed87bcf9a0767fcca8183143d8ec38b3823be352,2024-06-19T01:35:00Z,2327.65,2333.17,2024-07-01T00:00:00Z,2024-06-18T23:00:00Z,0.0,SHORT,1.0,-50.0,CONTROL_V2_FILLED_STOP,2024-06-19T01:38:00Z,M5_BROKEN_CONTROL_FIRST_RETEST,2328.54,True,9ee08180726bc3fac7c5e1c7613c46aea3398209f0fd6cd96e63fff707dd6772,1.0993520518358586,0.43196544276456866,2024_06,-1.0,-1.0,STOP,2024-06-19T11:00:00Z,STOP,4e79e117e3b3c56cbbd0b81cb391297b17446f0ed09cef19fa3ecda50cfc589a,2024-06-19T11:00:00Z,FIRST_RETEST_FILLED,2024-06-19T01:50:00Z,2024-06-19T01:38:00Z,2328.54,True,True,INITIAL_CONFIRMATION_STOP,c2c75951eb1abbfe70db3f41269669e188d815c2ae84b919c6dfc7438beac507,75eb6f600bed85352c109c8b8d03225ac6113a73338ed1413f1d39642766a3eb,2333.17,,,,CONTROL_V2_FILLED_STOP,False,,2024-06-19T01:35:00Z,2333.17,2306.62,60a3cd6cbcb0bf73c255b97f426717093469e1f9812ae548bd31743dfb3f2e0b
278f9f0f5394898011b6d427121c203645d200de58006baeac7b25e604a73378,2328.54,2024-06-19T01:35:00Z,1bfebb30eecba49f6f4a4ae9ed87bcf9a0767fcca8183143d8ec38b3823be352,2024-06-19T01:35:00Z,2327.65,2333.17,2024-07-01T00:00:00Z,2024-06-18T23:00:00Z,0.0,SHORT,0.4893310041408316,-50.0,M5_LATEST_CONFIRMED_OPPOSING_SWING_ELSE_CONTROL,2024-06-19T01:38:00Z,M5_BROKEN_CONTROL_FIRST_RETEST,2328.54,True,daa07810726839a4442135768436c4ae3227bd551e193591d49ac5c7f1c1184d,1.247855494862916,1.1042968981086685,2024_06,-1.0,-1.0,STOP,2024-06-19T11:00:00Z,STOP,856e0bfbb66d32f169c5dfb55114247f1d464360521d39d62c9bef346825e306,2024-06-19T04:47:00Z,FIRST_RETEST_FILLED,2024-06-19T01:50:00Z,2024-06-19T01:38:00Z,2328.54,True,True,INITIAL_CONFIRMATION_STOP,ece7f7d9be1d90bf4fdd72b706567d33307e0847d6832e6eec6805b83ed6bca3,75eb6f600bed85352c109c8b8d03225ac6113a73338ed1413f1d39642766a3eb,2330.3511071428575,0.6221428571428272,0.031107142857141362,,M5_LATEST_CONFIRMED_OPPOSING_SWING_ELSE_CONTROL,True,c8e99e920949297981d525c9b5192f187a642bb79a31bfe7ddc759c8a603c30a,2024-06-19T01:15:00Z,2330.32,2306.62,60a3cd6cbcb0bf73c255b97f426717093469e1f9812ae548bd31743dfb3f2e0b
278f9f0f5394898011b6d427121c203645d200de58006baeac7b25e604a73378,2328.54,2024-06-19T01:35:00Z,1bfebb30eecba49f6f4a4ae9ed87bcf9a0767fcca8183143d8ec38b3823be352,2024-06-19T01:35:00Z,2327.65,2333.17,2024-07-01T00:00:00Z,2024-06-18T23:00:00Z,0.0,SHORT,0.5605395962732861,-50.0,M15_LATEST_CONFIRMED_OPPOSING_SWING_ELSE_CONTROL,2024-06-19T01:38:00Z,M5_BROKEN_CONTROL_FIRST_RETEST,2328.54,True,38840e66477c81bd3fc3f6e8d1ead7dc8cb08ad15d5103f329cae5998ff3743f,1.025325275045833,0.9073675000404726,2024_06,-1.0,-1.0,STOP,2024-06-19T11:00:00Z,STOP,e8820da44b287a10644fe8c1fc2f05db7c662349de8cb060d025f39b035cbc6a,2024-06-19T04:47:00Z,FIRST_RETEST_FILLED,2024-06-19T01:50:00Z,2024-06-19T01:38:00Z,2328.54,True,True,INITIAL_CONFIRMATION_STOP,3b820716498d68f87db43b281767079c46f066af7ac5726b5b0f7e2b0c448931,75eb6f600bed85352c109c8b8d03225ac6113a73338ed1413f1d39642766a3eb,2330.7441785714286,1.4835714285713624,0.07417857142856812,,M15_LATEST_CONFIRMED_OPPOSING_SWING_ELSE_CONTROL,True,95a1f94d0b3e1fc8f7815c93703e191fb08136317b5b07841298ecfef811e9f7,2024-06-19T01:15:00Z,2330.67,2306.62,60a3cd6cbcb0bf73c255b97f426717093469e1f9812ae548bd31743dfb3f2e0b
278f9f0f5394898011b6d427121c203645d200de58006baeac7b25e604a73378,2328.54,2024-06-19T01:35:00Z,1bfebb30eecba49f6f4a4ae9ed87bcf9a0767fcca8183143d8ec38b3823be352,2024-06-19T01:35:00Z,2327.65,2333.17,2024-07-01T00:00:00Z,2024-06-18T23:00:00Z,0.0,SHORT,1.0,-50.0,CONTROL_V2_FILLED_STOP,2024-06-19T01:38:00Z,M5_BROKEN_CONTROL_FIRST_RETEST,2328.54,True,2832241f7b6d6e72ab53eb3341befb5e2e4cc23a8fd6365fa9a40829d68f66c7,1.0993520518358586,0.43196544276456866,2024_06,-1.0,-1.0,STOP,2024-06-19T11:00:00Z,STOP,9ddbce5c931e1a8943958ff4909d98e6f23d0b15d25b45d0275684f687a952e2,2024-06-19T11:00:00Z,FIRST_RETEST_FILLED,2024-06-19T01:50:00Z,2024-06-19T01:38:00Z,2328.54,True,True,INITIAL_CONFIRMATION_STOP,b8036a740d1ba8ca378c16030bec67b6b6a10353f4d50c3fb6dcac560203ddcb,75eb6f600bed85352c109c8b8d03225ac6113a73338ed1413f1d39642766a3eb,2333.17,6.3600000000000625,0.31800000000000317,NOT_STRICTLY_CLOSER_THAN_CONTROL,H1_SOURCE_SWING_BUFFERED_ELSE_CONTROL,False,75eb6f600bed85352c109c8b8d03225ac6113a73338ed1413f1d39642766a3eb,2024-06-18T23:00:00Z,2333.17,2306.62,60a3cd6cbcb0bf73c255b97f426717093469e1f9812ae548bd31743dfb3f2e0b
278f9f0f5394898011b6d427121c203645d200de58006baeac7b25e604a73378,2328.54,2024-06-19T01:35:00Z,1bfebb30eecba49f6f4a4ae9ed87bcf9a0767fcca8183143d8ec38b3823be352,2024-06-19T01:35:00Z,2327.65,2333.17,2024-07-01T00:00:00Z,2024-06-18T23:00:00Z,0.0,SHORT,1.0,-50.0,CONTROL_V2_FILLED_STOP,2024-06-19T01:35:00Z,CONFIRMED_25_75_RETEST_SPLIT,2327.65,True,9ee08180726bc3fac7c5e1c7613c46aea3398209f0fd6cd96e63fff707dd6772,1.095347372210229,0.3742458212038672,2024_06,-1.0,-1.0,STOP,2024-06-19T11:00:00Z,SPLIT_STOP_STOP,898157aa463685cd55082a5742ef96d4dd93ce9fdac166b48490e219350b90f7,2024-06-19T11:00:00Z,FIRST_RETEST_FILLED,2024-06-19T01:50:00Z,2024-06-19T01:38:00Z,2328.54,True,True,INITIAL_CONFIRMATION_STOP,0654e0b1fd86ea4d7566e6b27900278a93f4f8d92ddb82920b3c270bf006f333,75eb6f600bed85352c109c8b8d03225ac6113a73338ed1413f1d39642766a3eb,2333.17,,,,CONTROL_V2_FILLED_STOP,False,,2024-06-19T01:35:00Z,2333.17,2306.62,60a3cd6cbcb0bf73c255b97f426717093469e1f9812ae548bd31743dfb3f2e0b
278f9f0f5394898011b6d427121c203645d200de58006baeac7b25e604a73378,2328.54,2024-06-19T01:35:00Z,1bfebb30eecba49f6f4a4ae9ed87bcf9a0767fcca8183143d8ec38b3823be352,2024-06-19T01:35:00Z,2327.65,2333.17,2024-07-01T00:00:00Z,2024-06-18T23:00:00Z,0.0,SHORT,0.4893310041408316,-50.0,M5_LATEST_CONFIRMED_OPPOSING_SWING_ELSE_CONTROL,2024-06-19T01:35:00Z,CONFIRMED_25_75_RETEST_SPLIT,2327.65,True,daa07810726839a4442135768436c4ae3227bd551e193591d49ac5c7f1c1184d,1.2274387380701244,0.9309583243067358,2024_06,-1.0,-1.0,STOP,2024-06-19T11:00:00Z,SPLIT_STOP_STOP,f6785ff113b9f217f12787427c5f552a6c3870134bc29ee7e8f188cc6d945968,2024-06-19T04:47:00Z,FIRST_RETEST_FILLED,2024-06-19T01:50:00Z,2024-06-19T01:38:00Z,2328.54,True,True,INITIAL_CONFIRMATION_STOP,977d6ace517db47c1bde9988064c55f60c250443b6ad38f9160ac17c65e3dc44,75eb6f600bed85352c109c8b8d03225ac6113a73338ed1413f1d39642766a3eb,2330.3511071428575,0.6221428571428272,0.031107142857141362,,M5_LATEST_CONFIRMED_OPPOSING_SWING_ELSE_CONTROL,True,c8e99e920949297981d525c9b5192f187a642bb79a31bfe7ddc759c8a603c30a,2024-06-19T01:15:00Z,2330.32,2306.62,60a3cd6cbcb0bf73c255b97f426717093469e1f9812ae548bd31743dfb3f2e0b
278f9f0f5394898011b6d427121c203645d200de58006baeac7b25e604a73378,2328.54,2024-06-19T01:35:00Z,1bfebb30eecba49f6f4a4ae9ed87bcf9a0767fcca8183143d8ec38b3823be352,2024-06-19T01:35:00Z,2327.65,2333.17,2024-07-01T00:00:00Z,2024-06-18T23:00:00Z,0.0,SHORT,0.5605395962732861,-50.0,M15_LATEST_CONFIRMED_OPPOSING_SWING_ELSE_CONTROL,2024-06-19T01:35:00Z,CONFIRMED_25_75_RETEST_SPLIT,2327.65,True,38840e66477c81bd3fc3f6e8d1ead7dc8cb08ad15d5103f329cae5998ff3743f,1.0235041540059133,0.7702101708941423,2024_06,-1.0,-1.0,STOP,2024-06-19T11:00:00Z,SPLIT_STOP_STOP,f932cd9a78293c0a0a6761038aab4ecdb7145b90b4d3a8c833f6f43ea2a2f4ea,2024-06-19T04:47:00Z,FIRST_RETEST_FILLED,2024-06-19T01:50:00Z,2024-06-19T01:38:00Z,2328.54,True,True,INITIAL_CONFIRMATION_STOP,39be842a8da1e4d60b08d1bf5499c32ca5a048f55197ab62dbde46f76698049e,75eb6f600bed85352c109c8b8d03225ac6113a73338ed1413f1d39642766a3eb,2330.7441785714286,1.4835714285713624,0.07417857142856812,,M15_LATEST_CONFIRMED_OPPOSING_SWING_ELSE_CONTROL,True,95a1f94d0b3e1fc8f7815c93703e191fb08136317b5b07841298ecfef811e9f7,2024-06-19T01:15:00Z,2330.67,2306.62,60a3cd6cbcb0bf73c255b97f426717093469e1f9812ae548bd31743dfb3f2e0b
278f9f0f5394898011b6d427121c203645d200de58006baeac7b25e604a73378,2328.54,2024-06-19T01:35:00Z,1bfebb30eecba49f6f4a4ae9ed87bcf9a0767fcca8183143d8ec38b3823be352,2024-06-19T01:35:00Z,2327.65,2333.17,2024-07-01T00:00:00Z,2024-06-18T23:00:00Z,0.0,SHORT,1.0,-50.0,CONTROL_V2_FILLED_STOP,2024-06-19T01:35:00Z,CONFIRMED_25_75_RETEST_SPLIT,2327.65,True,2832241f7b6d6e72ab53eb3341befb5e2e4cc23a8fd6365fa9a40829d68f66c7,1.095347372210229,0.3742458212038672,2024_06,-1.0,-1.0,STOP,2024-06-19T11:00:00Z,SPLIT_STOP_STOP,d3fd8c3fc6634fa2a77c6e8a52f8c21f2c77adab37f99c5dcf1cf259c185e7e2,2024-06-19T11:00:00Z,FIRST_RETEST_FILLED,2024-06-19T01:50:00Z,2024-06-19T01:38:00Z,2328.54,True,True,INITIAL_CONFIRMATION_STOP,ba312ea1a0f6059e4d6b6e9be28c99b3598069ee890405768e3530c91517bf24,75eb6f600bed85352c109c8b8d03225ac6113a73338ed1413f1d39642766a3eb,2333.17,6.3600000000000625,0.31800000000000317,NOT_STRICTLY_CLOSER_THAN_CONTROL,H1_SOURCE_SWING_BUFFERED_ELSE_CONTROL,False,75eb6f600bed85352c109c8b8d03225ac6113a73338ed1413f1d39642766a3eb,2024-06-18T23:00:00Z,2333.17,2306.62,60a3cd6cbcb0bf73c255b97f426717093469e1f9812ae548bd31743dfb3f2e0b
e65ec146f297f82de5821af6fde64833583d0e46467154a1187a286405d0c5d1,2331.78,2024-06-19T11:00:00Z,ef675258e80891b0222b7751cda185b4d12d5c6621515e2cfaf0b8f6fbdc9cb3,2024-06-19T11:00:00Z,2331.98,2326.54,2024-07-01T00:00:00Z,2024-06-19T07:00:00Z,0.0,LONG,1.0,10.93750000000039,CONTROL_V2_FILLED_STOP,2024-06-19T11:00:00Z,CONTROL_NEXT_M1_OPEN,2331.98,True,0305961232709905f1ecf3564548a82c56d1b454ea01ede65e918af13e99be68,0.0,0.30330882352942545,2024_06,0.21875000000000783,0.21875000000000783,TARGET,2024-06-19T11:00:00Z,TARGET,5cd22ad118e75d573b79cb2a991b67c074cbd9e45ff75a35dc525e021b4adffc,2024-06-19T11:00:00Z,TARGET_BEFORE_RETEST,2024-06-19T11:15:00Z,,2331.78,False,False,INITIAL_CONFIRMATION_TARGET,eda0c8af6161d8133d72be0c1fb2999ae4882e3748fde7352909d05555bdce25,ccf350a55da28ceeb72c718bc08c8d5b113bb3543cb0ea87254650fe4555aeeb,2326.54,,,,CONTROL_V2_FILLED_STOP,False,,2024-06-19T11:00:00Z,2326.54,2333.17,5ebd2bf6443111ef61cd37831f16bb741277c56041455768cfc10813ff2c255d
e65ec146f297f82de5821af6fde64833583d0e46467154a1187a286405d0c5d1,2331.78,2024-06-19T11:00:00Z,ef675258e80891b0222b7751cda185b4d12d5c6621515e2cfaf0b8f6fbdc9cb3,2024-06-19T11:00:00Z,2331.98,2326.54,2024-07-01T00:00:00Z,2024-06-19T07:00:00Z,0.5702812344599077,LONG,0.27723870798313854,39.45156172299578,M5_LATEST_CONFIRMED_OPPOSING_SWING_ELSE_CONTROL,2024-06-19T11:00:00Z,CONTROL_NEXT_M1_OPEN,2331.98,True,6e6e65340d27615ffb87c9bf58efe3490c4fa7757f1a5724178e5e78ec0c437f,0.0,1.0940349049234224,2024_06,0.7890312344599155,0.21875000000000783,TARGET,2024-06-19T11:00:00Z,TARGET,629ea8f42b2a55ec16c0848bde55d394b24a9c500c8d4fa280723346c8cb86bc,2024-06-19T11:00:00Z,TARGET_BEFORE_RETEST,2024-06-19T11:15:00Z,,2331.78,False,False,INITIAL_CONFIRMATION_TARGET,17458cc19d432bb073df6e62b3e99d93dc890f2d553632ff431f78ce4a70802c,ccf350a55da28ceeb72c718bc08c8d5b113bb3543cb0ea87254650fe4555aeeb,2330.4718214285717,1.1635714285714585,0.058178571428572926,,M5_LATEST_CONFIRMED_OPPOSING_SWING_ELSE_CONTROL,True,5d571300ebfa71a5510b322f58c4536f856176eded45ff94efe2d00de6c0c185,2024-06-19T11:00:00Z,2330.53,2333.17,5ebd2bf6443111ef61cd37831f16bb741277c56041455768cfc10813ff2c255d
e65ec146f297f82de5821af6fde64833583d0e46467154a1187a286405d0c5d1,2331.78,2024-06-19T11:00:00Z,ef675258e80891b0222b7751cda185b4d12d5c6621515e2cfaf0b8f6fbdc9cb3,2024-06-19T11:00:00Z,2331.98,2326.54,2024-07-01T00:00:00Z,2024-06-19T07:00:00Z,0.010322709272915481,LONG,0.9549369747898834,11.453635463646165,M15_LATEST_CONFIRMED_OPPOSING_SWING_ELSE_CONTROL,2024-06-19T11:00:00Z,CONTROL_NEXT_M1_OPEN,2331.98,True,8806b90b47415abd9c4f6c676a61c2142702e83acf1067bd29035c38c4444e95,0.0,0.3176218237817873,2024_06,0.2290727092729233,0.21875000000000783,TARGET,2024-06-19T11:00:00Z,TARGET,8eb6659b29140536190e394902d8392e6d672698f05d9010130c645105174452,2024-06-19T11:00:00Z,TARGET_BEFORE_RETEST,2024-06-19T11:15:00Z,,2331.78,False,False,INITIAL_CONFIRMATION_TARGET,e5342207679a0a9224c1a341b58918ebdbae742da552c06de5b51362df372a03,ccf350a55da28ceeb72c718bc08c8d5b113bb3543cb0ea87254650fe4555aeeb,2326.785142857143,1.4971428571428922,0.0748571428571446,,M15_LATEST_CONFIRMED_OPPOSING_SWING_ELSE_CONTROL,True,1cff2350990ac3286db3dddcc7938de275e2e5ec4b62ab3a314b832e4812631d,2024-06-19T09:15:00Z,2326.86,2333.17,5ebd2bf6443111ef61cd37831f16bb741277c56041455768cfc10813ff2c255d
e65ec146f297f82de5821af6fde64833583d0e46467154a1187a286405d0c5d1,2331.78,2024-06-19T11:00:00Z,ef675258e80891b0222b7751cda185b4d12d5c6621515e2cfaf0b8f6fbdc9cb3,2024-06-19T11:00:00Z,2331.98,2326.54,2024-07-01T00:00:00Z,2024-06-19T07:00:00Z,0.0,LONG,1.0,10.93750000000039,CONTROL_V2_FILLED_STOP,2024-06-19T11:00:00Z,CONTROL_NEXT_M1_OPEN,2331.98,True,7363cffc3e807b27c3244ced2171fb0443233387985dc85466ac67aab331029c,0.0,0.30330882352942545,2024_06,0.21875000000000783,0.21875000000000783,TARGET,2024-06-19T11:00:00Z,TARGET,5008d3b26ac15fd490e5f2cca1a82f8ecd5fc22f71aee8d44a3899fcbbbe8eab,2024-06-19T11:00:00Z,TARGET_BEFORE_RETEST,2024-06-19T11:15:00Z,,2331.78,False,False,INITIAL_CONFIRMATION_TARGET,a4ccdd25d19a72ed9d1dfe1b15f16a8e75f9162701247737fb5d77f63aece244,ccf350a55da28ceeb72c718bc08c8d5b113bb3543cb0ea87254650fe4555aeeb,2326.54,3.034285714285748,0.1517142857142874,NOT_STRICTLY_CLOSER_THAN_CONTROL,H1_SOURCE_SWING_BUFFERED_ELSE_CONTROL,False,ccf350a55da28ceeb72c718bc08c8d5b113bb3543cb0ea87254650fe4555aeeb,2024-06-19T07:00:00Z,2326.54,2333.17,5ebd2bf6443111ef61cd37831f16bb741277c56041455768cfc10813ff2c255d
e65ec146f297f82de5821af6fde64833583d0e46467154a1187a286405d0c5d1,2331.78,2024-06-19T11:00:00Z,ef675258e80891b0222b7751cda185b4d12d5c6621515e2cfaf0b8f6fbdc9cb3,2024-06-19T11:00:00Z,2331.98,2326.54,2024-07-01T00:00:00Z,2024-06-19T07:00:00Z,-0.21875000000000783,LONG,1.0,0.0,CONTROL_V2_FILLED_STOP,,M5_BROKEN_CONTROL_FIRST_RETEST,,False,0305961232709905f1ecf3564548a82c56d1b454ea01ede65e918af13e99be68,,,2024_06,0.0,0.21875000000000783,TARGET,2024-06-19T11:00:00Z,NO_FILL,5f4288da130564e7251ecddc09dd75db9e65507e169f2cd186183c266318dd70,,TARGET_BEFORE_RETEST,2024-06-19T11:15:00Z,,2331.78,False,False,INITIAL_CONFIRMATION_TARGET,93c8ac2750286edb1c2111614cf302ac380d22d870bbd411bdd9cc703cd09b40,ccf350a55da28ceeb72c718bc08c8d5b113bb3543cb0ea87254650fe4555aeeb,2326.54,,,,CONTROL_V2_FILLED_STOP,False,,2024-06-19T11:00:00Z,2326.54,2333.17,5ebd2bf6443111ef61cd37831f16bb741277c56041455768cfc10813ff2c255d
e65ec146f297f82de5821af6fde64833583d0e46467154a1187a286405d0c5d1,2331.78,2024-06-19T11:00:00Z,ef675258e80891b0222b7751cda185b4d12d5c6621515e2cfaf0b8f6fbdc9cb3,2024-06-19T11:00:00Z,2331.98,2326.54,2024-07-01T00:00:00Z,2024-06-19T07:00:00Z,-0.21875000000000783,LONG,0.27723870798313854,0.0,M5_LATEST_CONFIRMED_OPPOSING_SWING_ELSE_CONTROL,,M5_BROKEN_CONTROL_FIRST_RETEST,,False,6e6e65340d27615ffb87c9bf58efe3490c4fa7757f1a5724178e5e78ec0c437f,,,2024_06,0.0,0.21875000000000783,TARGET,2024-06-19T11:00:00Z,NO_FILL,7d25fb38aa139c0c622163fef142cf5ed5719e0430fb667a54d6ac701e9ca136,,TARGET_BEFORE_RETEST,2024-06-19T11:15:00Z,,2331.78,False,False,INITIAL_CONFIRMATION_TARGET,bff14eafa34d36226bcce98ed1d52d501784319afd6942cb3e8b7f091e8c2740,ccf350a55da28ceeb72c718bc08c8d5b113bb3543cb0ea87254650fe4555aeeb,2330.4718214285717,1.1635714285714585,0.058178571428572926,,M5_LATEST_CONFIRMED_OPPOSING_SWING_ELSE_CONTROL,True,5d571300ebfa71a5510b322f58c4536f856176eded45ff94efe2d00de6c0c185,2024-06-19T11:00:00Z,2330.53,2333.17,5ebd2bf6443111ef61cd37831f16bb741277c56041455768cfc10813ff2c255d
e65ec146f297f82de5821af6fde64833583d0e46467154a1187a286405d0c5d1,2331.78,2024-06-19T11:00:00Z,ef675258e80891b0222b7751cda185b4d12d5c6621515e2cfaf0b8f6fbdc9cb3,2024-06-19T11:00:00Z,2331.98,2326.54,2024-07-01T00:00:00Z,2024-06-19T07:00:00Z,-0.21875000000000783,LONG,0.9549369747898834,0.0,M15_LATEST_CONFIRMED_OPPOSING_SWING_ELSE_CONTROL,,M5_BROKEN_CONTROL_FIRST_RETEST,,False,8806b90b47415abd9c4f6c676a61c2142702e83acf1067bd29035c38c4444e95,,,2024_06,0.0,0.21875000000000783,TARGET,2024-06-19T11:00:00Z,NO_FILL,c489cc5eaf4a39c38ddec1e6467060a948106c292cfa78a3d0c0d2a0783ccf9c,,TARGET_BEFORE_RETEST,2024-06-19T11:15:00Z,,2331.78,False,False,INITIAL_CONFIRMATION_TARGET,c86ff82324257f8114fcaa9587de75a854ba45cf8531dda090d9691c383cfe4d,ccf350a55da28ceeb72c718bc08c8d5b113bb3543cb0ea87254650fe4555aeeb,2326.785142857143,1.4971428571428922,0.0748571428571446,,M15_LATEST_CONFIRMED_OPPOSING_SWING_ELSE_CONTROL,True,1cff2350990ac3286db3dddcc7938de275e2e5ec4b62ab3a314b832e4812631d,2024-06-19T09:15:00Z,2326.86,2333.17,5ebd2bf6443111ef61cd37831f16bb741277c56041455768cfc10813ff2c255d
e65ec146f297f82de5821af6fde64833583d0e46467154a1187a286405d0c5d1,2331.78,2024-06-19T11:00:00Z,ef675258e80891b0222b7751cda185b4d12d5c6621515e2cfaf0b8f6fbdc9cb3,2024-06-19T11:00:00Z,2331.98,2326.54,2024-07-01T00:00:00Z,2024-06-19T07:00:00Z,-0.21875000000000783,LONG,1.0,0.0,CONTROL_V2_FILLED_STOP,,M5_BROKEN_CONTROL_FIRST_RETEST,,False,7363cffc3e807b27c3244ced2171fb0443233387985dc85466ac67aab331029c,,,2024_06,0.0,0.21875000000000783,TARGET,2024-06-19T11:00:00Z,NO_FILL,078412c3826f5baac27c5d7395f71051a7c29a7512c45cad72b44813e677994c,,TARGET_BEFORE_RETEST,2024-06-19T11:15:00Z,,2331.78,False,False,INITIAL_CONFIRMATION_TARGET,5d718617e4259c46466010e416b39ddcb5fae5f2cb279f093e3427bb43291267,ccf350a55da28ceeb72c718bc08c8d5b113bb3543cb0ea87254650fe4555aeeb,2326.54,3.034285714285748,0.1517142857142874,NOT_STRICTLY_CLOSER_THAN_CONTROL,H1_SOURCE_SWING_BUFFERED_ELSE_CONTROL,False,ccf350a55da28ceeb72c718bc08c8d5b113bb3543cb0ea87254650fe4555aeeb,2024-06-19T07:00:00Z,2326.54,2333.17,5ebd2bf6443111ef61cd37831f16bb741277c56041455768cfc10813ff2c255d
e65ec146f297f82de5821af6fde64833583d0e46467154a1187a286405d0c5d1,2331.78,2024-06-19T11:00:00Z,ef675258e80891b0222b7751cda185b4d12d5c6621515e2cfaf0b8f6fbdc9cb3,2024-06-19T11:00:00Z,2331.98,2326.54,2024-07-01T00:00:00Z,2024-06-19T07:00:00Z,-0.16406250000000588,LONG,1.0,2.7343750000000977,CONTROL_V2_FILLED_STOP,2024-06-19T11:00:00Z,CONFIRMED_25_75_RETEST_SPLIT,2331.98,True,0305961232709905f1ecf3564548a82c56d1b454ea01ede65e918af13e99be68,0.0,0.07582720588235636,2024_06,0.05468750000000196,0.21875000000000783,TARGET,2024-06-19T11:00:00Z,SPLIT_CONTROL_TARGET_NO_RETEST,9f89db61df0eb6a63c76f529491cbfcbb075261303862b4c1730cab81a8b591f,2024-06-19T11:00:00Z,TARGET_BEFORE_RETEST,2024-06-19T11:15:00Z,,2331.78,False,False,INITIAL_CONFIRMATION_TARGET,ed43d3b4d547b56a15dc84210108dc8b8e080a860a656d21504aa6f8f3dfbad1,ccf350a55da28ceeb72c718bc08c8d5b113bb3543cb0ea87254650fe4555aeeb,2326.54,,,,CONTROL_V2_FILLED_STOP,False,,2024-06-19T11:00:00Z,2326.54,2333.17,5ebd2bf6443111ef61cd37831f16bb741277c56041455768cfc10813ff2c255d
e65ec146f297f82de5821af6fde64833583d0e46467154a1187a286405d0c5d1,2331.78,2024-06-19T11:00:00Z,ef675258e80891b0222b7751cda185b4d12d5c6621515e2cfaf0b8f6fbdc9cb3,2024-06-19T11:00:00Z,2331.98,2326.54,2024-07-01T00:00:00Z,2024-06-19T07:00:00Z,-0.021492191385028947,LONG,0.27723870798313854,9.862890430748944,M5_LATEST_CONFIRMED_OPPOSING_SWING_ELSE_CONTROL,2024-06-19T11:00:00Z,CONFIRMED_25_75_RETEST_SPLIT,2331.98,True,6e6e65340d27615ffb87c9bf58efe3490c4fa7757f1a5724178e5e78ec0c437f,0.0,0.2735087262308556,2024_06,0.19725780861497888,0.21875000000000783,TARGET,2024-06-19T11:00:00Z,SPLIT_CONTROL_TARGET_NO_RETEST,7eb062482b3312dc606296b58f370be986593b264d227f799335b10905e119e6,2024-06-19T11:00:00Z,TARGET_BEFORE_RETEST,2024-06-19T11:15:00Z,,2331.78,False,False,INITIAL_CONFIRMATION_TARGET,4d9bb2e863c4e8d2958265c8e44ee9f2305f369d2d123e554e0f673b231f12a0,ccf350a55da28ceeb72c718bc08c8d5b113bb3543cb0ea87254650fe4555aeeb,2330.4718214285717,1.1635714285714585,0.058178571428572926,,M5_LATEST_CONFIRMED_OPPOSING_SWING_ELSE_CONTROL,True,5d571300ebfa71a5510b322f58c4536f856176eded45ff94efe2d00de6c0c185,2024-06-19T11:00:00Z,2330.53,2333.17,5ebd2bf6443111ef61cd37831f16bb741277c56041455768cfc10813ff2c255d
e65ec146f297f82de5821af6fde64833583d0e46467154a1187a286405d0c5d1,2331.78,2024-06-19T11:00:00Z,ef675258e80891b0222b7751cda185b4d12d5c6621515e2cfaf0b8f6fbdc9cb3,2024-06-19T11:00:00Z,2331.98,2326.54,2024-07-01T00:00:00Z,2024-06-19T07:00:00Z,-0.161481822681777,LONG,0.9549369747898834,2.8634088659115413,M15_LATEST_CONFIRMED_OPPOSING_SWING_ELSE_CONTROL,2024-06-19T11:00:00Z,CONFIRMED_25_75_RETEST_SPLIT,2331.98,True,8806b90b47415abd9c4f6c676a61c2142702e83acf1067bd29035c38c4444e95,0.0,0.07940545594544683,2024_06,0.05726817731823083,0.21875000000000783,TARGET,2024-06-19T11:00:00Z,SPLIT_CONTROL_TARGET_NO_RETEST,74644087cce606ed60330358f82585a4f7ffc7f81cc110ede5f07512641a2577,2024-06-19T11:00:00Z,TARGET_BEFORE_RETEST,2024-06-19T11:15:00Z,,2331.78,False,False,INITIAL_CONFIRMATION_TARGET,c68aaf5d800c94883f3f9067107a0c5feedb72f2c3aaaccc52d3ec85fbdd898c,ccf350a55da28ceeb72c718bc08c8d5b113bb3543cb0ea87254650fe4555aeeb,2326.785142857143,1.4971428571428922,0.0748571428571446,,M15_LATEST_CONFIRMED_OPPOSING_SWING_ELSE_CONTROL,True,1cff2350990ac3286db3dddcc7938de275e2e5ec4b62ab3a314b832e4812631d,2024-06-19T09:15:00Z,2326.86,2333.17,5ebd2bf6443111ef61cd37831f16bb741277c56041455768cfc10813ff2c255d
e65ec146f297f82de5821af6fde64833583d0e46467154a1187a286405d0c5d1,2331.78,2024-06-19T11:00:00Z,ef675258e80891b0222b7751cda185b4d12d5c6621515e2cfaf0b8f6fbdc9cb3,2024-06-19T11:00:00Z,2331.98,2326.54,2024-07-01T00:00:00Z,2024-06-19T07:00:00Z,-0.16406250000000588,LONG,1.0,2.7343750000000977,CONTROL_V2_FILLED_STOP,2024-06-19T11:00:00Z,CONFIRMED_25_75_RETEST_SPLIT,2331.98,True,7363cffc3e807b27c3244ced2171fb0443233387985dc85466ac67aab331029c,0.0,0.07582720588235636,2024_06,0.05468750000000196,0.21875000000000783,TARGET,2024-06-19T11:00:00Z,SPLIT_CONTROL_TARGET_NO_RETEST,a204dc650aa286b2a51db9a0dca905d35bb7aa0064b4b53d1783d1f96b0014c8,2024-06-19T11:00:00Z,TARGET_BEFORE_RETEST,2024-06-19T11:15:00Z,,2331.78,False,False,INITIAL_CONFIRMATION_TARGET,73ab57c9035cb9f8da24e30ba841ac9969c03a2e75d6f34402d7b48ac300c8ff,ccf350a55da28ceeb72c718bc08c8d5b113bb3543cb0ea87254650fe4555aeeb,2326.54,3.034285714285748,0.1517142857142874,NOT_STRICTLY_CLOSER_THAN_CONTROL,H1_SOURCE_SWING_BUFFERED_ELSE_CONTROL,False,ccf350a55da28ceeb72c718bc08c8d5b113bb3543cb0ea87254650fe4555aeeb,2024-06-19T07:00:00Z,2326.54,2333.17,5ebd2bf6443111ef61cd37831f16bb741277c56041455768cfc10813ff2c255d
6d736b3b5bd01edb0067f4194831d3d7bf4f9c624e93a548ec94412400c31282,2328.72,2024-06-20T03:30:00Z,fc3e49381d1dcd801d614fd81a29a9b4077e7b799916a96ff6e6a57b0938526e,2024-06-20T03:30:00Z,2328.27,2331.38,2024-07-01T00:00:00Z,2024-06-20T03:00:00Z,0.0,SHORT,1.0,-50.0,CONTROL_V2_FILLED_STOP,2024-06-20T03:30:00Z,CONTROL_NEXT_M1_OPEN,2328.27,True,8ef05d997a09bdefbb42bd025a33b100eb670d98d8089c52b1f0ae0c1aae1ec9,1.0192926045015893,0.138263665594797,2024_06,-1.0,-1.0,STOP,2024-06-20T04:01:00Z,STOP,f0b739916c4e4bbf9e8aec505b14c84e89099b299a767acdb743a41719fea07d,2024-06-20T04:01:00Z,FIRST_RETEST_FILLED,2024-06-20T03:45:00Z,2024-06-20T03:31:00Z,2328.72,True,False,INITIAL_CONFIRMATION_STOP,a73d96f82d9918f8a3a6a5a2bbcba84b3819ae0c0cc15f68f58ca0a497a97753,72469ab510589582f24ba7f1fd9733a04077d1fce7174ec5e4d25ab0d5c1f997,2331.38,,,,CONTROL_V2_FILLED_STOP,False,,2024-06-20T03:30:00Z,2331.38,2323.78,7cfabaaee4f8f8e92733e0f5af928d36673bb54edfe6e9feb3a360c56a44d7d0
6d736b3b5bd01edb0067f4194831d3d7bf4f9c624e93a548ec94412400c31282,2328.72,2024-06-20T03:30:00Z,fc3e49381d1dcd801d614fd81a29a9b4077e7b799916a96ff6e6a57b0938526e,2024-06-20T03:30:00Z,2328.27,2331.38,2024-07-01T00:00:00Z,2024-06-20T03:00:00Z,0.0,SHORT,0.5097496554891128,-50.0,M5_LATEST_CONFIRMED_OPPOSING_SWING_ELSE_CONTROL,2024-06-20T03:30:00Z,CONTROL_NEXT_M1_OPEN,2328.27,True,326669a45a687a7dd64f40a5ad259d1de504ffe736ce9c467ffc408e1426718f,1.6526616954652562,0.2712383698663432,2024_06,-1.0,-1.0,STOP,2024-06-20T04:01:00Z,STOP,47a4b82c8bbaa1ad776af1bc0a013bcdfa2b87260cd402e4a967f23a3c6ec8bc,2024-06-20T04:00:00Z,FIRST_RETEST_FILLED,2024-06-20T03:45:00Z,2024-06-20T03:31:00Z,2328.72,True,False,INITIAL_CONFIRMATION_STOP,f22e17fcba1a8ce6a85eedca9e1d700110160d33c7c48108758d3a9d18921a9e,72469ab510589582f24ba7f1fd9733a04077d1fce7174ec5e4d25ab0d5c1f997,2329.855321428571,0.5064285714285168,0.025321428571425844,,M5_LATEST_CONFIRMED_OPPOSING_SWING_ELSE_CONTROL,True,d3ddcef1dd34c610378b485a9fc1bad01b6b8796cd670b1ecee15f5f69ed3874,2024-06-20T02:55:00Z,2329.83,2323.78,7cfabaaee4f8f8e92733e0f5af928d36673bb54edfe6e9feb3a360c56a44d7d0
6d736b3b5bd01edb0067f4194831d3d7bf4f9c624e93a548ec94412400c31282,2328.72,2024-06-20T03:30:00Z,fc3e49381d1dcd801d614fd81a29a9b4077e7b799916a96ff6e6a57b0938526e,2024-06-20T03:30:00Z,2328.27,2331.38,2024-07-01T00:00:00Z,2024-06-20T03:00:00Z,0.0,SHORT,0.8514469453376302,-50.0,M15_LATEST_CONFIRMED_OPPOSING_SWING_ELSE_CONTROL,2024-06-20T03:30:00Z,CONTROL_NEXT_M1_OPEN,2328.27,True,ce2429b0616ccb92b939f4a2d71f2f0adefce63aa6886bef6354ac74702fe39e,1.1971299093655239,0.1623867069485702,2024_06,-1.0,-1.0,STOP,2024-06-20T04:01:00Z,STOP,4c6135683695eaeacf71019d4c1906a8ad7982471e9c6f6e8a596c617ac80f19,2024-06-20T04:01:00Z,FIRST_RETEST_FILLED,2024-06-20T03:45:00Z,2024-06-20T03:31:00Z,2328.72,True,False,INITIAL_CONFIRMATION_STOP,649c15ea9bd680df61e8fe7cb36f8d862aaea6365325c7c896867b48f796b4e5,72469ab510589582f24ba7f1fd9733a04077d1fce7174ec5e4d25ab0d5c1f997,2330.918,1.1600000000000168,0.05800000000000084,,M15_LATEST_CONFIRMED_OPPOSING_SWING_ELSE_CONTROL,True,eab32405e668588d458710f71c0ef4d241f5041af949780d47de86463a473567,2024-06-20T02:00:00Z,2330.86,2323.78,7cfabaaee4f8f8e92733e0f5af928d36673bb54edfe6e9feb3a360c56a44d7d0
6d736b3b5bd01edb0067f4194831d3d7bf4f9c624e93a548ec94412400c31282,2328.72,2024-06-20T03:30:00Z,fc3e49381d1dcd801d614fd81a29a9b4077e7b799916a96ff6e6a57b0938526e,2024-06-20T03:30:00Z,2328.27,2331.38,2024-07-01T00:00:00Z,2024-06-20T03:00:00Z,0.0,SHORT,1.0,-50.0,CONTROL_V2_FILLED_STOP,2024-06-20T03:30:00Z,CONTROL_NEXT_M1_OPEN,2328.27,True,a3de43e8291ae08a881a5fe9b9a22533c33d057d6ba8deea6debf31e58943536,1.0192926045015893,0.138263665594797,2024_06,-1.0,-1.0,STOP,2024-06-20T04:01:00Z,STOP,7c0d4bfc676bc3d77846429a9f0c852c3afe9177a05427ac558eb49d58e6dc8c,2024-06-20T04:01:00Z,FIRST_RETEST_FILLED,2024-06-20T03:45:00Z,2024-06-20T03:31:00Z,2328.72,True,False,INITIAL_CONFIRMATION_STOP,16458285cf06538219ce23c9c70e0705e09a7940f44658e050fa6798a38e2817,72469ab510589582f24ba7f1fd9733a04077d1fce7174ec5e4d25ab0d5c1f997,2331.38,3.6842857142857093,0.18421428571428547,NOT_STRICTLY_CLOSER_THAN_CONTROL,H1_SOURCE_SWING_BUFFERED_ELSE_CONTROL,False,72469ab510589582f24ba7f1fd9733a04077d1fce7174ec5e4d25ab0d5c1f997,2024-06-20T03:00:00Z,2331.38,2323.78,7cfabaaee4f8f8e92733e0f5af928d36673bb54edfe6e9feb3a360c56a44d7d0
6d736b3b5bd01edb0067f4194831d3d7bf4f9c624e93a548ec94412400c31282,2328.72,2024-06-20T03:30:00Z,fc3e49381d1dcd801d614fd81a29a9b4077e7b799916a96ff6e6a57b0938526e,2024-06-20T03:30:00Z,2328.27,2331.38,2024-07-01T00:00:00Z,2024-06-20T03:00:00Z,0.0,SHORT,1.0,-50.0,CONTROL_V2_FILLED_STOP,2024-06-20T03:31:00Z,M5_BROKEN_CONTROL_FIRST_RETEST,2328.72,True,8ef05d997a09bdefbb42bd025a33b100eb670d98d8089c52b1f0ae0c1aae1ec9,1.0225563909774205,0.33082706766900455,2024_06,-1.0,-1.0,STOP,2024-06-20T04:01:00Z,STOP,d65ea3a8b14d47f9233e40518ee18d2a41731918b53bbf63048f46720f221bb7,2024-06-20T04:01:00Z,FIRST_RETEST_FILLED,2024-06-20T03:45:00Z,2024-06-20T03:31:00Z,2328.72,True,True,INITIAL_CONFIRMATION_STOP,e809d07ecdec26240597c01fc3381615ed9fdb58c00f64061ada11a67c97c18d,72469ab510589582f24ba7f1fd9733a04077d1fce7174ec5e4d25ab0d5c1f997,2331.38,,,,CONTROL_V2_FILLED_STOP,False,,2024-06-20T03:30:00Z,2331.38,2323.78,7cfabaaee4f8f8e92733e0f5af928d36673bb54edfe6e9feb3a360c56a44d7d0
6d736b3b5bd01edb0067f4194831d3d7bf4f9c624e93a548ec94412400c31282,2328.72,2024-06-20T03:30:00Z,fc3e49381d1dcd801d614fd81a29a9b4077e7b799916a96ff6e6a57b0938526e,2024-06-20T03:30:00Z,2328.27,2331.38,2024-07-01T00:00:00Z,2024-06-20T03:00:00Z,0.0,SHORT,0.5097496554891128,-50.0,M5_LATEST_CONFIRMED_OPPOSING_SWING_ELSE_CONTROL,2024-06-20T03:31:00Z,M5_BROKEN_CONTROL_FIRST_RETEST,2328.72,True,326669a45a687a7dd64f40a5ad259d1de504ffe736ce9c467ffc408e1426718f,1.9113529837366459,0.7751108874136089,2024_06,-1.0,-1.0,STOP,2024-06-20T04:01:00Z,STOP,135a6456f5e379ddb809e0b54deaed40acb6077566409b566d5a1ef0593f62ee,2024-06-20T04:00:00Z,FIRST_RETEST_FILLED,2024-06-20T03:45:00Z,2024-06-20T03:31:00Z,2328.72,True,True,INITIAL_CONFIRMATION_STOP,516814d30b6f9562a7274822fce09b1607f08d3e9531b7c09aa51d3333bd9161,72469ab510589582f24ba7f1fd9733a04077d1fce7174ec5e4d25ab0d5c1f997,2329.855321428571,0.5064285714285168,0.025321428571425844,,M5_LATEST_CONFIRMED_OPPOSING_SWING_ELSE_CONTROL,True,d3ddcef1dd34c610378b485a9fc1bad01b6b8796cd670b1ecee15f5f69ed3874,2024-06-20T02:55:00Z,2329.83,2323.78,7cfabaaee4f8f8e92733e0f5af928d36673bb54edfe6e9feb3a360c56a44d7d0
6d736b3b5bd01edb0067f4194831d3d7bf4f9c624e93a548ec94412400c31282,2328.72,2024-06-20T03:30:00Z,fc3e49381d1dcd801d614fd81a29a9b4077e7b799916a96ff6e6a57b0938526e,2024-06-20T03:30:00Z,2328.27,2331.38,2024-07-01T00:00:00Z,2024-06-20T03:00:00Z,0.0,SHORT,0.8514469453376302,-50.0,M15_LATEST_CONFIRMED_OPPOSING_SWING_ELSE_CONTROL,2024-06-20T03:31:00Z,M5_BROKEN_CONTROL_FIRST_RETEST,2328.72,True,ce2429b0616ccb92b939f4a2d71f2f0adefce63aa6886bef6354ac74702fe39e,1.2374886260235936,0.4003639672427326,2024_06,-1.0,-1.0,STOP,2024-06-20T04:01:00Z,STOP,36d8e644c76505d986e02cef6da654bf7367442ecb5aa38d28ffa798a8651463,2024-06-20T04:01:00Z,FIRST_RETEST_FILLED,2024-06-20T03:45:00Z,2024-06-20T03:31:00Z,2328.72,True,True,INITIAL_CONFIRMATION_STOP,47983026dbade64a8c0a625356ceb54f18e228eb4a8524edea522c45487d43a4,72469ab510589582f24ba7f1fd9733a04077d1fce7174ec5e4d25ab0d5c1f997,2330.918,1.1600000000000168,0.05800000000000084,,M15_LATEST_CONFIRMED_OPPOSING_SWING_ELSE_CONTROL,True,eab32405e668588d458710f71c0ef4d241f5041af949780d47de86463a473567,2024-06-20T02:00:00Z,2330.86,2323.78,7cfabaaee4f8f8e92733e0f5af928d36673bb54edfe6e9feb3a360c56a44d7d0
6d736b3b5bd01edb0067f4194831d3d7bf4f9c624e93a548ec94412400c31282,2328.72,2024-06-20T03:30:00Z,fc3e49381d1dcd801d614fd81a29a9b4077e7b799916a96ff6e6a57b0938526e,2024-06-20T03:30:00Z,2328.27,2331.38,2024-07-01T00:00:00Z,2024-06-20T03:00:00Z,0.0,SHORT,1.0,-50.0,CONTROL_V2_FILLED_STOP,2024-06-20T03:31:00Z,M5_BROKEN_CONTROL_FIRST_RETEST,2328.72,True,a3de43e8291ae08a881a5fe9b9a22533c33d057d6ba8deea6debf31e58943536,1.0225563909774205,0.33082706766900455,2024_06,-1.0,-1.0,STOP,2024-06-20T04:01:00Z,STOP,ac1aa91c512835346889e0e35a586cb4e837648a60bd404008f2108d296a87db,2024-06-20T04:01:00Z,FIRST_RETEST_FILLED,2024-06-20T03:45:00Z,2024-06-20T03:31:00Z,2328.72,True,True,INITIAL_CONFIRMATION_STOP,d5258954bedf2fb5eb1d9560f65edcd93bf119c682f87b46a5d0e0435b330255,72469ab510589582f24ba7f1fd9733a04077d1fce7174ec5e4d25ab0d5c1f997,2331.38,3.6842857142857093,0.18421428571428547,NOT_STRICTLY_CLOSER_THAN_CONTROL,H1_SOURCE_SWING_BUFFERED_ELSE_CONTROL,False,72469ab510589582f24ba7f1fd9733a04077d1fce7174ec5e4d25ab0d5c1f997,2024-06-20T03:00:00Z,2331.38,2323.78,7cfabaaee4f8f8e92733e0f5af928d36673bb54edfe6e9feb3a360c56a44d7d0
6d736b3b5bd01edb0067f4194831d3d7bf4f9c624e93a548ec94412400c31282,2328.72,2024-06-20T03:30:00Z,fc3e49381d1dcd801d614fd81a29a9b4077e7b799916a96ff6e6a57b0938526e,2024-06-20T03:30:00Z,2328.27,2331.38,2024-07-01T00:00:00Z,2024-06-20T03:00:00Z,0.0,SHORT,1.0,-50.0,CONTROL_V2_FILLED_STOP,2024-06-20T03:30:00Z,CONFIRMED_25_75_RETEST_SPLIT,2328.27,True,8ef05d997a09bdefbb42bd025a33b100eb670d98d8089c52b1f0ae0c1aae1ec9,1.0217404443584628,0.28268621715045267,2024_06,-1.0,-1.0,STOP,2024-06-20T04:01:00Z,SPLIT_STOP_STOP,dba98ced9873eaace14b8f86583100ce7d23c5fbd1ab7581876340d729ec4ab4,2024-06-20T04:01:00Z,FIRST_RETEST_FILLED,2024-06-20T03:45:00Z,2024-06-20T03:31:00Z,2328.72,True,True,INITIAL_CONFIRMATION_STOP,5acf0ef9ba3e4493488b5ca032d2a48d121f3bacfe8309f5598d7e191836ddf2,72469ab510589582f24ba7f1fd9733a04077d1fce7174ec5e4d25ab0d5c1f997,2331.38,,,,CONTROL_V2_FILLED_STOP,False,,2024-06-20T03:30:00Z,2331.38,2323.78,7cfabaaee4f8f8e92733e0f5af928d36673bb54edfe6e9feb3a360c56a44d7d0
6d736b3b5bd01edb0067f4194831d3d7bf4f9c624e93a548ec94412400c31282,2328.72,2024-06-20T03:30:00Z,fc3e49381d1dcd801d614fd81a29a9b4077e7b799916a96ff6e6a57b0938526e,2024-06-20T03:30:00Z,2328.27,2331.38,2024-07-01T00:00:00Z,2024-06-20T03:00:00Z,0.0,SHORT,0.5097496554891128,-50.0,M5_LATEST_CONFIRMED_OPPOSING_SWING_ELSE_CONTROL,2024-06-20T03:30:00Z,CONFIRMED_25_75_RETEST_SPLIT,2328.27,True,326669a45a687a7dd64f40a5ad259d1de504ffe736ce9c467ffc408e1426718f,1.8466801616687984,0.6491427580267924,2024_06,-1.0,-1.0,STOP,2024-06-20T04:01:00Z,SPLIT_STOP_STOP,aab3f0ae4939ee92cdc76a96d5581bae3a5ff3af94cce26a9adb94d2e1a4ca99,2024-06-20T04:00:00Z,FIRST_RETEST_FILLED,2024-06-20T03:45:00Z,2024-06-20T03:31:00Z,2328.72,True,True,INITIAL_CONFIRMATION_STOP,75bbe062325b536ee5785e134248951023adafd2b391d1e77e8d16e3bcac887f,72469ab510589582f24ba7f1fd9733a04077d1fce7174ec5e4d25ab0d5c1f997,2329.855321428571,0.5064285714285168,0.025321428571425844,,M5_LATEST_CONFIRMED_OPPOSING_SWING_ELSE_CONTROL,True,d3ddcef1dd34c610378b485a9fc1bad01b6b8796cd670b1ecee15f5f69ed3874,2024-06-20T02:55:00Z,2329.83,2323.78,7cfabaaee4f8f8e92733e0f5af928d36673bb54edfe6e9feb3a360c56a44d7d0
6d736b3b5bd01edb0067f4194831d3d7bf4f9c624e93a548ec94412400c31282,2328.72,2024-06-20T03:30:00Z,fc3e49381d1dcd801d614fd81a29a9b4077e7b799916a96ff6e6a57b0938526e,2024-06-20T03:30:00Z,2328.27,2331.38,2024-07-01T00:00:00Z,2024-06-20T03:00:00Z,0.0,SHORT,0.8514469453376302,-50.0,M15_LATEST_CONFIRMED_OPPOSING_SWING_ELSE_CONTROL,2024-06-20T03:30:00Z,CONFIRMED_25_75_RETEST_SPLIT,2328.27,True,ce2429b0616ccb92b939f4a2d71f2f0adefce63aa6886bef6354ac74702fe39e,1.227398946859076,0.340869652169192,2024_06,-1.0,-1.0,STOP,2024-06-20T04:01:00Z,SPLIT_STOP_STOP,199d48f44317fb1dc1dfc6bc0e9ddc67c463f36287cc75b8af0a8c7111f7b2b6,2024-06-20T04:01:00Z,FIRST_RETEST_FILLED,2024-06-20T03:45:00Z,2024-06-20T03:31:00Z,2328.72,True,True,INITIAL_CONFIRMATION_STOP,649a7f4af56983f18886893816fca4468ef4bff6972095d0d887835f107e4bbc,72469ab510589582f24ba7f1fd9733a04077d1fce7174ec5e4d25ab0d5c1f997,2330.918,1.1600000000000168,0.05800000000000084,,M15_LATEST_CONFIRMED_OPPOSING_SWING_ELSE_CONTROL,True,eab32405e668588d458710f71c0ef4d241f5041af949780d47de86463a473567,2024-06-20T02:00:00Z,2330.86,2323.78,7cfabaaee4f8f8e92733e0f5af928d36673bb54edfe6e9feb3a360c56a44d7d0
6d736b3b5bd01edb0067f4194831d3d7bf4f9c624e93a548ec94412400c31282,2328.72,2024-06-20T03:30:00Z,fc3e49381d1dcd801d614fd81a29a9b4077e7b799916a96ff6e6a57b0938526e,2024-06-20T03:30:00Z,2328.27,2331.38,2024-07-01T00:00:00Z,2024-06-20T03:00:00Z,0.0,SHORT,1.0,-50.0,CONTROL_V2_FILLED_STOP,2024-06-20T03:30:00Z,CONFIRMED_25_75_RETEST_SPLIT,2328.27,True,a3de43e8291ae08a881a5fe9b9a22533c33d057d6ba8deea6debf31e58943536,1.0217404443584628,0.28268621715045267,2024_06,-1.0,-1.0,STOP,2024-06-20T04:01:00Z,SPLIT_STOP_STOP,fe5daf5f4c2c0455f6493294c8b8cce1a6ed185586284c028c0ed3b6d76ff9ac,2024-06-20T04:01:00Z,FIRST_RETEST_FILLED,2024-06-20T03:45:00Z,2024-06-20T03:31:00Z,2328.72,True,True,INITIAL_CONFIRMATION_STOP,5fe03ee1f1e078ba6061d1330c624f5c50f261b98c617429f435644500d7485c,72469ab510589582f24ba7f1fd9733a04077d1fce7174ec5e4d25ab0d5c1f997,2331.38,3.6842857142857093,0.18421428571428547,NOT_STRICTLY_CLOSER_THAN_CONTROL,H1_SOURCE_SWING_BUFFERED_ELSE_CONTROL,False,72469ab510589582f24ba7f1fd9733a04077d1fce7174ec5e4d25ab0d5c1f997,2024-06-20T03:00:00Z,2331.38,2323.78,7cfabaaee4f8f8e92733e0f5af928d36673bb54edfe6e9feb3a360c56a44d7d0
bf79abbbf6e9cfc6f64ff9c9d8ef00818312d2ce4d1acde027ee421af3b397b0,2332.68,2024-06-20T12:15:00Z,0c6fa4c6cdee2c728357232275bd7bd27f90f9b2f2f142124162d11ed4b0ccff,2024-06-20T12:15:00Z,2332.3,2345.71,2024-07-01T00:00:00Z,2024-06-20T12:00:00Z,0.0,SHORT,1.0,-50.0,CONTROL_V2_FILLED_STOP,2024-06-20T12:15:00Z,CONTROL_NEXT_M1_OPEN,2332.3,True,70818d37c0a01c5603fc89fc697f7d4f116df2f289b8b2a1d0ae78a72962b5aa,1.1073825503355756,0.00447427293067866,2024_06,-1.0,-1.0,STOP,2024-06-20T16:48:00Z,STOP,1c0380db1c54f418626a8991e543a777965407e5803074f50bbfdab942a57753,2024-06-20T16:48:00Z,FIRST_RETEST_FILLED,2024-06-20T12:30:00Z,2024-06-20T12:15:00Z,2332.68,True,False,INITIAL_CONFIRMATION_STOP,dddf4f2f410baba076fd6b399b8975dd42508d5057076bc1d4269c51315d4a87,cd71c733c2b07f7f5ec05a0573e22b9ae20ce766a54c8828813c837857b807ad,2345.71,,,,CONTROL_V2_FILLED_STOP,False,,2024-06-20T12:15:00Z,2345.71,2327.75,91d3a3db369fb7ce5129f52cd5240dc2d98c81367a6fc87895532e46b208f0d0
bf79abbbf6e9cfc6f64ff9c9d8ef00818312d2ce4d1acde027ee421af3b397b0,2332.68,2024-06-20T12:15:00Z,0c6fa4c6cdee2c728357232275bd7bd27f90f9b2f2f142124162d11ed4b0ccff,2024-06-20T12:15:00Z,2332.3,2345.71,2024-07-01T00:00:00Z,2024-06-20T12:00:00Z,0.0,SHORT,0.20575796314048128,-50.0,M5_LATEST_CONFIRMED_OPPOSING_SWING_ELSE_CONTROL,2024-06-20T12:15:00Z,CONTROL_NEXT_M1_OPEN,2332.3,True,003fd1245700c27331201393d8014c6d81a48ff890d391f50a3d1e7aa8c68705,1.094514483937115,0.02174532087306798,2024_06,-1.0,-1.0,STOP,2024-06-20T16:48:00Z,STOP,7c520c850c36a2dce083c770b3890bbaa9a633e49c96dc28e3378f209a3af5e3,2024-06-20T12:39:00Z,FIRST_RETEST_FILLED,2024-06-20T12:30:00Z,2024-06-20T12:15:00Z,2332.68,True,False,INITIAL_CONFIRMATION_STOP,370f20a7c5ba5a4c90a920494c9b6d3882c0cc8abb670dafc0e08887a6b2a62b,cd71c733c2b07f7f5ec05a0573e22b9ae20ce766a54c8828813c837857b807ad,2335.059214285714,1.3842857142857221,0.0692142857142861,,M5_LATEST_CONFIRMED_OPPOSING_SWING_ELSE_CONTROL,True,b920b337c4cbeeb1855fa33124ba99da84d8a7609eb51490cc4608f19d53e14c,2024-06-20T12:10:00Z,2334.99,2327.75,91d3a3db369fb7ce5129f52cd5240dc2d98c81367a6fc87895532e46b208f0d0
bf79abbbf6e9cfc6f64ff9c9d8ef00818312d2ce4d1acde027ee421af3b397b0,2332.68,2024-06-20T12:15:00Z,0c6fa4c6cdee2c728357232275bd7bd27f90f9b2f2f142124162d11ed4b0ccff,2024-06-20T12:15:00Z,2332.3,2345.71,2024-07-01T00:00:00Z,2024-06-20T12:00:00Z,0.0,SHORT,0.955619473740272,-50.0,M15_LATEST_CONFIRMED_OPPOSING_SWING_ELSE_CONTROL,2024-06-20T12:15:00Z,CONTROL_NEXT_M1_OPEN,2332.3,True,4b4544920e29dae534ccad7e0e7bce32ce811d13405ca5e6a805a06bf6ac578b,1.0191295817355,0.00468206545976555,2024_06,-1.0,-1.0,STOP,2024-06-20T16:48:00Z,STOP,de3818d8e2b385e755f4c40b6d869821887ad9821cd58f1785040573dc5741f0,2024-06-20T16:44:00Z,FIRST_RETEST_FILLED,2024-06-20T12:30:00Z,2024-06-20T12:15:00Z,2332.68,True,False,INITIAL_CONFIRMATION_STOP,eda01578ae6cc8d6985cbe485b5adbb54edc969163e94dcee21962a50be4ff9e,cd71c733c2b07f7f5ec05a0573e22b9ae20ce766a54c8828813c837857b807ad,2345.114857142857,2.69714285714284,0.134857142857142,,M15_LATEST_CONFIRMED_OPPOSING_SWING_ELSE_CONTROL,True,934707d83150ae3c69a315cb95328a6ffcb210434b83eb52891c8e7b503f7c6f,2024-06-20T11:15:00Z,2344.98,2327.75,91d3a3db369fb7ce5129f52cd5240dc2d98c81367a6fc87895532e46b208f0d0
bf79abbbf6e9cfc6f64ff9c9d8ef00818312d2ce4d1acde027ee421af3b397b0,2332.68,2024-06-20T12:15:00Z,0c6fa4c6cdee2c728357232275bd7bd27f90f9b2f2f142124162d11ed4b0ccff,2024-06-20T12:15:00Z,2332.3,2345.71,2024-07-01T00:00:00Z,2024-06-20T12:00:00Z,0.0,SHORT,1.0,-50.0,CONTROL_V2_FILLED_STOP,2024-06-20T12:15:00Z,CONTROL_NEXT_M1_OPEN,2332.3,True,68f25a598b28e7bd0583859b9f7519e038461e9681752921e07eb4b4d6f6e878,1.1073825503355756,0.00447427293067866,2024_06,-1.0,-1.0,STOP,2024-06-20T16:48:00Z,STOP,47d5c34c8f542b8466a45ee0cb94e27fe45578d53f492206760c4feccaed43df,2024-06-20T16:48:00Z,FIRST_RETEST_FILLED,2024-06-20T12:30:00Z,2024-06-20T12:15:00Z,2332.68,True,False,INITIAL_CONFIRMATION_STOP,d4ad5a530056fc551b75da3a3e1101ad1465bbb714f5727996bc1d07f44dad99,cd71c733c2b07f7f5ec05a0573e22b9ae20ce766a54c8828813c837857b807ad,2345.71,4.515714285714304,0.2257857142857152,NOT_STRICTLY_CLOSER_THAN_CONTROL,H1_SOURCE_SWING_BUFFERED_ELSE_CONTROL,False,cd71c733c2b07f7f5ec05a0573e22b9ae20ce766a54c8828813c837857b807ad,2024-06-20T12:00:00Z,2345.71,2327.75,91d3a3db369fb7ce5129f52cd5240dc2d98c81367a6fc87895532e46b208f0d0
bf79abbbf6e9cfc6f64ff9c9d8ef00818312d2ce4d1acde027ee421af3b397b0,2332.68,2024-06-20T12:15:00Z,0c6fa4c6cdee2c728357232275bd7bd27f90f9b2f2f142124162d11ed4b0ccff,2024-06-20T12:15:00Z,2332.3,2345.71,2024-07-01T00:00:00Z,2024-06-20T12:00:00Z,0.0,SHORT,1.0,-50.0,CONTROL_V2_FILLED_STOP,2024-06-20T12:15:00Z,M5_BROKEN_CONTROL_FIRST_RETEST,2332.68,True,70818d37c0a01c5603fc89fc697f7d4f116df2f289b8b2a1d0ae78a72962b5aa,1.1105141980046072,0.03376822716807735,2024_06,-1.0,-1.0,STOP,2024-06-20T16:48:00Z,STOP,30269dd19487e10e7dc467f3f57e78ec99b461e9d28e8512dce0e1fc1f86e272,2024-06-20T16:48:00Z,FIRST_RETEST_FILLED,2024-06-20T12:30:00Z,2024-06-20T12:15:00Z,2332.68,True,True,INITIAL_CONFIRMATION_STOP,6b0de86bcdd3f4a4909dace62994f01064f0eb377d2b269371f1c42bc5d9df9a,cd71c733c2b07f7f5ec05a0573e22b9ae20ce766a54c8828813c837857b807ad,2345.71,,,,CONTROL_V2_FILLED_STOP,False,,2024-06-20T12:15:00Z,2345.71,2327.75,91d3a3db369fb7ce5129f52cd5240dc2d98c81367a6fc87895532e46b208f0d0
bf79abbbf6e9cfc6f64ff9c9d8ef00818312d2ce4d1acde027ee421af3b397b0,2332.68,2024-06-20T12:15:00Z,0c6fa4c6cdee2c728357232275bd7bd27f90f9b2f2f142124162d11ed4b0ccff,2024-06-20T12:15:00Z,2332.3,2345.71,2024-07-01T00:00:00Z,2024-06-20T12:00:00Z,0.0,SHORT,0.20575796314048128,-50.0,M5_LATEST_CONFIRMED_OPPOSING_SWING_ELSE_CONTROL,2024-06-20T12:15:00Z,M5_BROKEN_CONTROL_FIRST_RETEST,2332.68,True,003fd1245700c27331201393d8014c6d81a48ff890d391f50a3d1e7aa8c68705,1.1096100153113688,0.1849350025518948,2024_06,-1.0,-1.0,STOP,2024-06-20T16:48:00Z,STOP,3314e0b02db4e9b79a8306ec502bb833d2878e238afc14fe3c3616bb895cf90c,2024-06-20T12:39:00Z,FIRST_RETEST_FILLED,2024-06-20T12:30:00Z,2024-06-20T12:15:00Z,2332.68,True,True,INITIAL_CONFIRMATION_STOP,1b1589fba5e3c2b21865548f94129e17c24ffdea12e16c49afce6a8dddb5bd53,cd71c733c2b07f7f5ec05a0573e22b9ae20ce766a54c8828813c837857b807ad,2335.059214285714,1.3842857142857221,0.0692142857142861,,M5_LATEST_CONFIRMED_OPPOSING_SWING_ELSE_CONTROL,True,b920b337c4cbeeb1855fa33124ba99da84d8a7609eb51490cc4608f19d53e14c,2024-06-20T12:10:00Z,2334.99,2327.75,91d3a3db369fb7ce5129f52cd5240dc2d98c81367a6fc87895532e46b208f0d0
bf79abbbf6e9cfc6f64ff9c9d8ef00818312d2ce4d1acde027ee421af3b397b0,2332.68,2024-06-20T12:15:00Z,0c6fa4c6cdee2c728357232275bd7bd27f90f9b2f2f142124162d11ed4b0ccff,2024-06-20T12:15:00Z,2332.3,2345.71,2024-07-01T00:00:00Z,2024-06-20T12:00:00Z,0.0,SHORT,0.955619473740272,-50.0,M15_LATEST_CONFIRMED_OPPOSING_SWING_ELSE_CONTROL,2024-06-20T12:15:00Z,M5_BROKEN_CONTROL_FIRST_RETEST,2332.68,True,4b4544920e29dae534ccad7e0e7bce32ce811d13405ca5e6a805a06bf6ac578b,1.0197141675474615,0.03538440329029404,2024_06,-1.0,-1.0,STOP,2024-06-20T16:48:00Z,STOP,a73794210a556f3c09d5bf702fe2f6f12028710083cf76ca8532a6b7515c0fa3,2024-06-20T16:44:00Z,FIRST_RETEST_FILLED,2024-06-20T12:30:00Z,2024-06-20T12:15:00Z,2332.68,True,True,INITIAL_CONFIRMATION_STOP,f2d2cdf4597db4400fc3bbe611b03f52ee1c90528afe0387c5a44cc4c34e7e2c,cd71c733c2b07f7f5ec05a0573e22b9ae20ce766a54c8828813c837857b807ad,2345.114857142857,2.69714285714284,0.134857142857142,,M15_LATEST_CONFIRMED_OPPOSING_SWING_ELSE_CONTROL,True,934707d83150ae3c69a315cb95328a6ffcb210434b83eb52891c8e7b503f7c6f,2024-06-20T11:15:00Z,2344.98,2327.75,91d3a3db369fb7ce5129f52cd5240dc2d98c81367a6fc87895532e46b208f0d0
bf79abbbf6e9cfc6f64ff9c9d8ef00818312d2ce4d1acde027ee421af3b397b0,2332.68,2024-06-20T12:15:00Z,0c6fa4c6cdee2c728357232275bd7bd27f90f9b2f2f142124162d11ed4b0ccff,2024-06-20T12:15:00Z,2332.3,2345.71,2024-07-01T00:00:00Z,2024-06-20T12:00:00Z,0.0,SHORT,1.0,-50.0,CONTROL_V2_FILLED_STOP,2024-06-20T12:15:00Z,M5_BROKEN_CONTROL_FIRST_RETEST,2332.68,True,68f25a598b28e7bd0583859b9f7519e038461e9681752921e07eb4b4d6f6e878,1.1105141980046072,0.03376822716807735,2024_06,-1.0,-1.0,STOP,2024-06-20T16:48:00Z,STOP,6b289d71e1ad49ab2cbaaa92a64f9be987924ed1d35569981c0a82d0e59fa9c3,2024-06-20T16:48:00Z,FIRST_RETEST_FILLED,2024-06-20T12:30:00Z,2024-06-20T12:15:00Z,2332.68,True,True,INITIAL_CONFIRMATION_STOP,f7c1a0fe0629fb395cba73bab8e212b8e4fc164c67b66df6074bc11a655843c7,cd71c733c2b07f7f5ec05a0573e22b9ae20ce766a54c8828813c837857b807ad,2345.71,4.515714285714304,0.2257857142857152,NOT_STRICTLY_CLOSER_THAN_CONTROL,H1_SOURCE_SWING_BUFFERED_ELSE_CONTROL,False,cd71c733c2b07f7f5ec05a0573e22b9ae20ce766a54c8828813c837857b807ad,2024-06-20T12:00:00Z,2345.71,2327.75,91d3a3db369fb7ce5129f52cd5240dc2d98c81367a6fc87895532e46b208f0d0
bf79abbbf6e9cfc6f64ff9c9d8ef00818312d2ce4d1acde027ee421af3b397b0,2332.68,2024-06-20T12:15:00Z,0c6fa4c6cdee2c728357232275bd7bd27f90f9b2f2f142124162d11ed4b0ccff,2024-06-20T12:15:00Z,2332.3,2345.71,2024-07-01T00:00:00Z,2024-06-20T12:00:00Z,0.0,SHORT,1.0,-50.0,CONTROL_V2_FILLED_STOP,2024-06-20T12:15:00Z,CONFIRMED_25_75_RETEST_SPLIT,2332.3,True,70818d37c0a01c5603fc89fc697f7d4f116df2f289b8b2a1d0ae78a72962b5aa,1.1097312860873494,0.026444738608727678,2024_06,-1.0,-1.0,STOP,2024-06-20T16:48:00Z,SPLIT_STOP_STOP,2543a584ee8f32b0f34352da85850b6555dca30e6bba0d549525af778fa603ad,2024-06-20T16:48:00Z,FIRST_RETEST_FILLED,2024-06-20T12:30:00Z,2024-06-20T12:15:00Z,2332.68,True,True,INITIAL_CONFIRMATION_STOP,7c15b150558bc769958c83b3e7e43beb6b817de42db81ead782c3f106133e569,cd71c733c2b07f7f5ec05a0573e22b9ae20ce766a54c8828813c837857b807ad,2345.71,,,,CONTROL_V2_FILLED_STOP,False,,2024-06-20T12:15:00Z,2345.71,2327.75,91d3a3db369fb7ce5129f52cd5240dc2d98c81367a6fc87895532e46b208f0d0
bf79abbbf6e9cfc6f64ff9c9d8ef00818312d2ce4d1acde027ee421af3b397b0,2332.68,2024-06-20T12:15:00Z,0c6fa4c6cdee2c728357232275bd7bd27f90f9b2f2f142124162d11ed4b0ccff,2024-06-20T12:15:00Z,2332.3,2345.71,2024-07-01T00:00:00Z,2024-06-20T12:00:00Z,0.0,SHORT,0.20575796314048128,-50.0,M5_LATEST_CONFIRMED_OPPOSING_SWING_ELSE_CONTROL,2024-06-20T12:15:00Z,CONFIRMED_25_75_RETEST_SPLIT,2332.3,True,003fd1245700c27331201393d8014c6d81a48ff890d391f50a3d1e7aa8c68705,1.1058361324678052,0.1441375821321881,2024_06,-1.0,-1.0,STOP,2024-06-20T16:48:00Z,SPLIT_STOP_STOP,8967d3d003f8358c183fb394b76a4493eda84b751694e4850515a706e7e895f5,2024-06-20T12:39:00Z,FIRST_RETEST_FILLED,2024-06-20T12:30:00Z,2024-06-20T12:15:00Z,2332.68,True,True,INITIAL_CONFIRMATION_STOP,9e34d34209b89a64f3b5898ac0005665998b691a2050046e86ad642a6dcf5bc7,cd71c733c2b07f7f5ec05a0573e22b9ae20ce766a54c8828813c837857b807ad,2335.059214285714,1.3842857142857221,0.0692142857142861,,M5_LATEST_CONFIRMED_OPPOSING_SWING_ELSE_CONTROL,True,b920b337c4cbeeb1855fa33124ba99da84d8a7609eb51490cc4608f19d53e14c,2024-06-20T12:10:00Z,2334.99,2327.75,91d3a3db369fb7ce5129f52cd5240dc2d98c81367a6fc87895532e46b208f0d0
bf79abbbf6e9cfc6f64ff9c9d8ef00818312d2ce4d1acde027ee421af3b397b0,2332.68,2024-06-20T12:15:00Z,0c6fa4c6cdee2c728357232275bd7bd27f90f9b2f2f142124162d11ed4b0ccff,2024-06-20T12:15:00Z,2332.3,2345.71,2024-07-01T00:00:00Z,2024-06-20T12:00:00Z,0.0,SHORT,0.955619473740272,-50.0,M15_LATEST_CONFIRMED_OPPOSING_SWING_ELSE_CONTROL,2024-06-20T12:15:00Z,CONFIRMED_25_75_RETEST_SPLIT,2332.3,True,4b4544920e29dae534ccad7e0e7bce32ce811d13405ca5e6a805a06bf6ac578b,1.019568021094471,0.027708818832661915,2024_06,-1.0,-1.0,STOP,2024-06-20T16:48:00Z,SPLIT_STOP_STOP,d9ad5b344a89b6a3ad3b378db12bb7165d9e47020875f91b7344314d5adff194,2024-06-20T16:44:00Z,FIRST_RETEST_FILLED,2024-06-20T12:30:00Z,2024-06-20T12:15:00Z,2332.68,True,True,INITIAL_CONFIRMATION_STOP,ee495a931b64c56975ef70d757b50916294c4b0c05fb89b96548e05540c83211,cd71c733c2b07f7f5ec05a0573e22b9ae20ce766a54c8828813c837857b807ad,2345.114857142857,2.69714285714284,0.134857142857142,,M15_LATEST_CONFIRMED_OPPOSING_SWING_ELSE_CONTROL,True,934707d83150ae3c69a315cb95328a6ffcb210434b83eb52891c8e7b503f7c6f,2024-06-20T11:15:00Z,2344.98,2327.75,91d3a3db369fb7ce5129f52cd5240dc2d98c81367a6fc87895532e46b208f0d0
bf79abbbf6e9cfc6f64ff9c9d8ef00818312d2ce4d1acde027ee421af3b397b0,2332.68,2024-06-20T12:15:00Z,0c6fa4c6cdee2c728357232275bd7bd27f90f9b2f2f142124162d11ed4b0ccff,2024-06-20T12:15:00Z,2332.3,2345.71,2024-07-01T00:00:00Z,2024-06-20T12:00:00Z,0.0,SHORT,1.0,-50.0,CONTROL_V2_FILLED_STOP,2024-06-20T12:15:00Z,CONFIRMED_25_75_RETEST_SPLIT,2332.3,True,68f25a598b28e7bd0583859b9f7519e038461e9681752921e07eb4b4d6f6e878,1.1097312860873494,0.026444738608727678,2024_06,-1.0,-1.0,STOP,2024-06-20T16:48:00Z,SPLIT_STOP_STOP,53daf75369162402f94cdd9567a5372a17e41071f0aa2bbc515a3af81fc1700e,2024-06-20T16:48:00Z,FIRST_RETEST_FILLED,2024-06-20T12:30:00Z,2024-06-20T12:15:00Z,2332.68,True,True,INITIAL_CONFIRMATION_STOP,3061357e446bfcc64cf0e6be8fb70eb067cf7688776ee82c2489dfbb12fd32a2,cd71c733c2b07f7f5ec05a0573e22b9ae20ce766a54c8828813c837857b807ad,2345.71,4.515714285714304,0.2257857142857152,NOT_STRICTLY_CLOSER_THAN_CONTROL,H1_SOURCE_SWING_BUFFERED_ELSE_CONTROL,False,cd71c733c2b07f7f5ec05a0573e22b9ae20ce766a54c8828813c837857b807ad,2024-06-20T12:00:00Z,2345.71,2327.75,91d3a3db369fb7ce5129f52cd5240dc2d98c81367a6fc87895532e46b208f0d0
ec2accc7e1a2b35a36f57086809dc26ff70222079a64d9992d7cf748fe85a57a,2341.39,2024-06-20T16:45:00Z,8ce80c745ad87315665a58051bb6df03652f8088dacc2fafc5d2cc7978ff800e,2024-06-20T16:45:00Z,2345.24,2331.67,2024-07-01T00:00:00Z,2024-06-20T15:00:00Z,0.0,LONG,1.0,1.731761238026031,CONTROL_V2_FILLED_STOP,2024-06-20T16:45:00Z,CONTROL_NEXT_M1_OPEN,2345.24,True,67c925f2a3c2b497ab705d991286d519357af3321f73a43bdfc276439152e01d,0.14443625644801944,0.14075165806929626,2024_06,0.03463522476052062,0.03463522476052062,TARGET,2024-06-20T16:48:00Z,TARGET,1fda80ac0a997b0c6f8acf0c368d77caf6a93f18c9f5102d3c0b9ec94e5bed78,2024-06-20T16:48:00Z,TARGET_BEFORE_RETEST,2024-06-20T17:00:00Z,,2341.39,False,False,INITIAL_CONFIRMATION_TARGET,380eb0adde4d4b793e25e5ce330bc466a1b101a8d21a9913488792e8b1a2f396,56a9ba5e8eb1a2ad88efe83c9682aef4d979322a6effb822499701d0799bfbbd,2331.67,,,,CONTROL_V2_FILLED_STOP,False,,2024-06-20T16:45:00Z,2331.67,2345.71,4bccd35f13c19afee29118184351608c73a719c3579f59264867644aa04afe30
ec2accc7e1a2b35a36f57086809dc26ff70222079a64d9992d7cf748fe85a57a,2341.39,2024-06-20T16:45:00Z,8ce80c745ad87315665a58051bb6df03652f8088dacc2fafc5d2cc7978ff800e,2024-06-20T16:45:00Z,2345.24,2331.67,2024-07-01T00:00:00Z,2024-06-20T15:00:00Z,0.02496325538769474,LONG,0.5811427518686103,2.979924007410768,M5_LATEST_CONFIRMED_OPPOSING_SWING_ELSE_CONTROL,2024-06-20T16:45:00Z,CONTROL_NEXT_M1_OPEN,2345.24,True,0602f5ca43f4e7fcb86ccb421081ba039782bf28ae1a375c82c233acaed0b957,0.24853834274556144,0.24219807890010234,2024_06,0.05959848014821536,0.03463522476052062,TARGET,2024-06-20T16:48:00Z,TARGET,4333fd2b3b42d97075d7c748717dab9118ab2d6b4e0db50e180e73bde4285b4b,2024-06-20T16:48:00Z,TARGET_BEFORE_RETEST,2024-06-20T17:00:00Z,,2341.39,False,False,INITIAL_CONFIRMATION_TARGET,6552fd69a323cbd06af3bec54dc855e199b097e993fcc0a4a9c03293e821597b,56a9ba5e8eb1a2ad88efe83c9682aef4d979322a6effb822499701d0799bfbbd,2337.353892857143,2.922142857142847,0.14610714285714235,,M5_LATEST_CONFIRMED_OPPOSING_SWING_ELSE_CONTROL,True,00ee6dd5ae9ccdd7d258f7bc8af20af8c9cb642fb1a385510e897e9ba2ecf3fc,2024-06-20T16:45:00Z,2337.5,2345.71,4bccd35f13c19afee29118184351608c73a719c3579f59264867644aa04afe30
ec2accc7e1a2b35a36f57086809dc26ff70222079a64d9992d7cf748fe85a57a,2341.39,2024-06-20T16:45:00Z,8ce80c745ad87315665a58051bb6df03652f8088dacc2fafc5d2cc7978ff800e,2024-06-20T16:45:00Z,2345.24,2331.67,2024-07-01T00:00:00Z,2024-06-20T15:00:00Z,0.012252746479648288,LONG,0.738680387409226,2.344398562008445,M15_LATEST_CONFIRMED_OPPOSING_SWING_ELSE_CONTROL,2024-06-20T16:45:00Z,CONTROL_NEXT_M1_OPEN,2345.24,True,a4f758cfd524409a9e8153483a538a94ffe13600ee57b980bea633050999ce84,0.1955328162354503,0.1905447341886991,2024_06,0.046887971240168906,0.03463522476052062,TARGET,2024-06-20T16:48:00Z,TARGET,301ac4d7109cb44bc43ad3ddc671bbc391ec610be69fbaa3b6aae3e7fb361891,2024-06-20T16:48:00Z,TARGET_BEFORE_RETEST,2024-06-20T17:00:00Z,,2341.39,False,False,INITIAL_CONFIRMATION_TARGET,43ca75e545afe7783477fd8cb1897d2d2290a91667c1e852c6dbe69af53875f5,56a9ba5e8eb1a2ad88efe83c9682aef4d979322a6effb822499701d0799bfbbd,2335.216107142857,3.877857142857075,0.19389285714285376,,M15_LATEST_CONFIRMED_OPPOSING_SWING_ELSE_CONTROL,True,4fde6d1dcc56ca6c3e8e201e3a71a77dfa7dc1a3d914224a111ec397775a54f0,2024-06-20T16:30:00Z,2335.41,2345.71,4bccd35f13c19afee29118184351608c73a719c3579f59264867644aa04afe30
ec2accc7e1a2b35a36f57086809dc26ff70222079a64d9992d7cf748fe85a57a,2341.39,2024-06-20T16:45:00Z,8ce80c745ad87315665a58051bb6df03652f8088dacc2fafc5d2cc7978ff800e,2024-06-20T16:45:00Z,2345.24,2331.67,2024-07-01T00:00:00Z,2024-06-20T15:00:00Z,0.0,LONG,1.0,1.731761238026031,CONTROL_V2_FILLED_STOP,2024-06-20T16:45:00Z,CONTROL_NEXT_M1_OPEN,2345.24,True,1455b57b890dc30eac584c7ec7e71a2e718f6c56017bdc222e8f579012672fb4,0.14443625644801944,0.14075165806929626,2024_06,0.03463522476052062,0.03463522476052062,TARGET,2024-06-20T16:48:00Z,TARGET,913db704d78211deb42de5aaa385016e34e880ee1dee62cb1694dd08ba929798,2024-06-20T16:48:00Z,TARGET_BEFORE_RETEST,2024-06-20T17:00:00Z,,2341.39,False,False,INITIAL_CONFIRMATION_TARGET,0e6559b4731fa804de0f7241dc9936dea23227e365e3e3a9dcb520a4c31a6bff,56a9ba5e8eb1a2ad88efe83c9682aef4d979322a6effb822499701d0799bfbbd,2331.67,5.216428571428586,0.2608214285714293,NOT_STRICTLY_CLOSER_THAN_CONTROL,H1_SOURCE_SWING_BUFFERED_ELSE_CONTROL,False,56a9ba5e8eb1a2ad88efe83c9682aef4d979322a6effb822499701d0799bfbbd,2024-06-20T15:00:00Z,2331.67,2345.71,4bccd35f13c19afee29118184351608c73a719c3579f59264867644aa04afe30
ec2accc7e1a2b35a36f57086809dc26ff70222079a64d9992d7cf748fe85a57a,2341.39,2024-06-20T16:45:00Z,8ce80c745ad87315665a58051bb6df03652f8088dacc2fafc5d2cc7978ff800e,2024-06-20T16:45:00Z,2345.24,2331.67,2024-07-01T00:00:00Z,2024-06-20T15:00:00Z,-0.03463522476052062,LONG,1.0,0.0,CONTROL_V2_FILLED_STOP,,M5_BROKEN_CONTROL_FIRST_RETEST,,False,67c925f2a3c2b497ab705d991286d519357af3321f73a43bdfc276439152e01d,,,2024_06,0.0,0.03463522476052062,TARGET,2024-06-20T16:48:00Z,NO_FILL,0b234270807577547bf4f80521d492593f9d7badfe12b0c71b079f700c7777c0,,TARGET_BEFORE_RETEST,2024-06-20T17:00:00Z,,2341.39,False,False,INITIAL_CONFIRMATION_TARGET,9431730b8ea8a29f23cfeb8427a0bd500941cbf170e19b8b3218bef62bccd019,56a9ba5e8eb1a2ad88efe83c9682aef4d979322a6effb822499701d0799bfbbd,2331.67,,,,CONTROL_V2_FILLED_STOP,False,,2024-06-20T16:45:00Z,2331.67,2345.71,4bccd35f13c19afee29118184351608c73a719c3579f59264867644aa04afe30
ec2accc7e1a2b35a36f57086809dc26ff70222079a64d9992d7cf748fe85a57a,2341.39,2024-06-20T16:45:00Z,8ce80c745ad87315665a58051bb6df03652f8088dacc2fafc5d2cc7978ff800e,2024-06-20T16:45:00Z,2345.24,2331.67,2024-07-01T00:00:00Z,2024-06-20T15:00:00Z,-0.03463522476052062,LONG,0.5811427518686103,0.0,M5_LATEST_CONFIRMED_OPPOSING_SWING_ELSE_CONTROL,,M5_BROKEN_CONTROL_FIRST_RETEST,,False,0602f5ca43f4e7fcb86ccb421081ba039782bf28ae1a375c82c233acaed0b957,,,2024_06,0.0,0.03463522476052062,TARGET,2024-06-20T16:48:00Z,NO_FILL,f62a0a2db9ee9639bfba0b730ef4f6f67d5cc9a0661942e2adafd624da42594b,,TARGET_BEFORE_RETEST,2024-06-20T17:00:00Z,,2341.39,False,False,INITIAL_CONFIRMATION_TARGET,a8450e1284bed239e6dd8a947620e2ea767114f03c9340a249b75be2032046fc,56a9ba5e8eb1a2ad88efe83c9682aef4d979322a6effb822499701d0799bfbbd,2337.353892857143,2.922142857142847,0.14610714285714235,,M5_LATEST_CONFIRMED_OPPOSING_SWING_ELSE_CONTROL,True,00ee6dd5ae9ccdd7d258f7bc8af20af8c9cb642fb1a385510e897e9ba2ecf3fc,2024-06-20T16:45:00Z,2337.5,2345.71,4bccd35f13c19afee29118184351608c73a719c3579f59264867644aa04afe30
ec2accc7e1a2b35a36f57086809dc26ff70222079a64d9992d7cf748fe85a57a,2341.39,2024-06-20T16:45:00Z,8ce80c745ad87315665a58051bb6df03652f8088dacc2fafc5d2cc7978ff800e,2024-06-20T16:45:00Z,2345.24,2331.67,2024-07-01T00:00:00Z,2024-06-20T15:00:00Z,-0.03463522476052062,LONG,0.738680387409226,0.0,M15_LATEST_CONFIRMED_OPPOSING_SWING_ELSE_CONTROL,,M5_BROKEN_CONTROL_FIRST_RETEST,,False,a4f758cfd524409a9e8153483a538a94ffe13600ee57b980bea633050999ce84,,,2024_06,0.0,0.03463522476052062,TARGET,2024-06-20T16:48:00Z,NO_FILL,a6ba23e7045aad498c16a73eaadb2dc310ff9dbdac1908123320e4b00e0bb5bd,,TARGET_BEFORE_RETEST,2024-06-20T17:00:00Z,,2341.39,False,False,INITIAL_CONFIRMATION_TARGET,eb9039844165c9434fc9f8289de24469429bae6bdd2a8e075c82fbe24c0b865a,56a9ba5e8eb1a2ad88efe83c9682aef4d979322a6effb822499701d0799bfbbd,2335.216107142857,3.877857142857075,0.19389285714285376,,M15_LATEST_CONFIRMED_OPPOSING_SWING_ELSE_CONTROL,True,4fde6d1dcc56ca6c3e8e201e3a71a77dfa7dc1a3d914224a111ec397775a54f0,2024-06-20T16:30:00Z,2335.41,2345.71,4bccd35f13c19afee29118184351608c73a719c3579f59264867644aa04afe30
ec2accc7e1a2b35a36f57086809dc26ff70222079a64d9992d7cf748fe85a57a,2341.39,2024-06-20T16:45:00Z,8ce80c745ad87315665a58051bb6df03652f8088dacc2fafc5d2cc7978ff800e,2024-06-20T16:45:00Z,2345.24,2331.67,2024-07-01T00:00:00Z,2024-06-20T15:00:00Z,-0.03463522476052062,LONG,1.0,0.0,CONTROL_V2_FILLED_STOP,,M5_BROKEN_CONTROL_FIRST_RETEST,,False,1455b57b890dc30eac584c7ec7e71a2e718f6c56017bdc222e8f579012672fb4,,,2024_06,0.0,0.03463522476052062,TARGET,2024-06-20T16:48:00Z,NO_FILL,674ca8945950c321cc7a149e2c514f9a8fe277db009a5a56a1b115a9a6b06b82,,TARGET_BEFORE_RETEST,2024-06-20T17:00:00Z,,2341.39,False,False,INITIAL_CONFIRMATION_TARGET,0a1e0531df89cdb77dfb25373ad813e9680076c6a55cf34d50dd58f5cdd86fc9,56a9ba5e8eb1a2ad88efe83c9682aef4d979322a6effb822499701d0799bfbbd,2331.67,5.216428571428586,0.2608214285714293,NOT_STRICTLY_CLOSER_THAN_CONTROL,H1_SOURCE_SWING_BUFFERED_ELSE_CONTROL,False,56a9ba5e8eb1a2ad88efe83c9682aef4d979322a6effb822499701d0799bfbbd,2024-06-20T15:00:00Z,2331.67,2345.71,4bccd35f13c19afee29118184351608c73a719c3579f59264867644aa04afe30
ec2accc7e1a2b35a36f57086809dc26ff70222079a64d9992d7cf748fe85a57a,2341.39,2024-06-20T16:45:00Z,8ce80c745ad87315665a58051bb6df03652f8088dacc2fafc5d2cc7978ff800e,2024-06-20T16:45:00Z,2345.24,2331.67,2024-07-01T00:00:00Z,2024-06-20T15:00:00Z,-0.025976418570390465,LONG,1.0,0.43294030950650775,CONTROL_V2_FILLED_STOP,2024-06-20T16:45:00Z,CONFIRMED_25_75_RETEST_SPLIT,2345.24,True,67c925f2a3c2b497ab705d991286d519357af3321f73a43bdfc276439152e01d,0.03610906411200486,0.035187914517324066,2024_06,0.008658806190130154,0.03463522476052062,TARGET,2024-06-20T16:48:00Z,SPLIT_CONTROL_TARGET_NO_RETEST,45f06bf2182eef49148d32795cf41a517e8168fc5e3c832fa7ca2e598c354f2e,2024-06-20T16:48:00Z,TARGET_BEFORE_RETEST,2024-06-20T17:00:00Z,,2341.39,False,False,INITIAL_CONFIRMATION_TARGET,1d9dc69d619350f56ba58de461d7326cf417bfc91ca5a05133cab592ca7b0e02,56a9ba5e8eb1a2ad88efe83c9682aef4d979322a6effb822499701d0799bfbbd,2331.67,,,,CONTROL_V2_FILLED_STOP,False,,2024-06-20T16:45:00Z,2331.67,2345.71,4bccd35f13c19afee29118184351608c73a719c3579f59264867644aa04afe30
ec2accc7e1a2b35a36f57086809dc26ff70222079a64d9992d7cf748fe85a57a,2341.39,2024-06-20T16:45:00Z,8ce80c745ad87315665a58051bb6df03652f8088dacc2fafc5d2cc7978ff800e,2024-06-20T16:45:00Z,2345.24,2331.67,2024-07-01T00:00:00Z,2024-06-20T15:00:00Z,-0.019735604723466776,LONG,0.5811427518686103,0.744981001852692,M5_LATEST_CONFIRMED_OPPOSING_SWING_ELSE_CONTROL,2024-06-20T16:45:00Z,CONFIRMED_25_75_RETEST_SPLIT,2345.24,True,0602f5ca43f4e7fcb86ccb421081ba039782bf28ae1a375c82c233acaed0b957,0.06213458568639036,0.060549519725025584,2024_06,0.01489962003705384,0.03463522476052062,TARGET,2024-06-20T16:48:00Z,SPLIT_CONTROL_TARGET_NO_RETEST,4de90ef378fb6a36fc99c1c02d45cebb0477e5a8382acbe8001e7be5a70b8e31,2024-06-20T16:48:00Z,TARGET_BEFORE_RETEST,2024-06-20T17:00:00Z,,2341.39,False,False,INITIAL_CONFIRMATION_TARGET,4aa70650f1b609afe7de5876273e618e26304801a506660deabc75d14fd68499,56a9ba5e8eb1a2ad88efe83c9682aef4d979322a6effb822499701d0799bfbbd,2337.353892857143,2.922142857142847,0.14610714285714235,,M5_LATEST_CONFIRMED_OPPOSING_SWING_ELSE_CONTROL,True,00ee6dd5ae9ccdd7d258f7bc8af20af8c9cb642fb1a385510e897e9ba2ecf3fc,2024-06-20T16:45:00Z,2337.5,2345.71,4bccd35f13c19afee29118184351608c73a719c3579f59264867644aa04afe30
ec2accc7e1a2b35a36f57086809dc26ff70222079a64d9992d7cf748fe85a57a,2341.39,2024-06-20T16:45:00Z,8ce80c745ad87315665a58051bb6df03652f8088dacc2fafc5d2cc7978ff800e,2024-06-20T16:45:00Z,2345.24,2331.67,2024-07-01T00:00:00Z,2024-06-20T15:00:00Z,-0.02291323195047839,LONG,0.738680387409226,0.5860996405021113,M15_LATEST_CONFIRMED_OPPOSING_SWING_ELSE_CONTROL,2024-06-20T16:45:00Z,CONFIRMED_25_75_RETEST_SPLIT,2345.24,True,a4f758cfd524409a9e8153483a538a94ffe13600ee57b980bea633050999ce84,0.048883204058862574,0.047636183547174776,2024_06,0.011721992810042227,0.03463522476052062,TARGET,2024-06-20T16:48:00Z,SPLIT_CONTROL_TARGET_NO_RETEST,820663a60ba5a47c94f7257f97c4e72bf7b06951ef21364a81a921dbcb696032,2024-06-20T16:48:00Z,TARGET_BEFORE_RETEST,2024-06-20T17:00:00Z,,2341.39,False,False,INITIAL_CONFIRMATION_TARGET,9f8c97a4b852f66df3f15af5da05b623f5b27bede29853595ed3a11324398be7,56a9ba5e8eb1a2ad88efe83c9682aef4d979322a6effb822499701d0799bfbbd,2335.216107142857,3.877857142857075,0.19389285714285376,,M15_LATEST_CONFIRMED_OPPOSING_SWING_ELSE_CONTROL,True,4fde6d1dcc56ca6c3e8e201e3a71a77dfa7dc1a3d914224a111ec397775a54f0,2024-06-20T16:30:00Z,2335.41,2345.71,4bccd35f13c19afee29118184351608c73a719c3579f59264867644aa04afe30
ec2accc7e1a2b35a36f57086809dc26ff70222079a64d9992d7cf748fe85a57a,2341.39,2024-06-20T16:45:00Z,8ce80c745ad87315665a58051bb6df03652f8088dacc2fafc5d2cc7978ff800e,2024-06-20T16:45:00Z,2345.24,2331.67,2024-07-01T00:00:00Z,2024-06-20T15:00:00Z,-0.025976418570390465,LONG,1.0,0.43294030950650775,CONTROL_V2_FILLED_STOP,2024-06-20T16:45:00Z,CONFIRMED_25_75_RETEST_SPLIT,2345.24,True,1455b57b890dc30eac584c7ec7e71a2e718f6c56017bdc222e8f579012672fb4,0.03610906411200486,0.035187914517324066,2024_06,0.008658806190130154,0.03463522476052062,TARGET,2024-06-20T16:48:00Z,SPLIT_CONTROL_TARGET_NO_RETEST,0f01d4d74f0e4d7a272f21b2dc9ffcb2c09934149c81021b8fd08031bad28225,2024-06-20T16:48:00Z,TARGET_BEFORE_RETEST,2024-06-20T17:00:00Z,,2341.39,False,False,INITIAL_CONFIRMATION_TARGET,a94b29d6b8239930f184abf2ec02de299968d27594c1ade044ed9bf4f3b00407,56a9ba5e8eb1a2ad88efe83c9682aef4d979322a6effb822499701d0799bfbbd,2331.67,5.216428571428586,0.2608214285714293,NOT_STRICTLY_CLOSER_THAN_CONTROL,H1_SOURCE_SWING_BUFFERED_ELSE_CONTROL,False,56a9ba5e8eb1a2ad88efe83c9682aef4d979322a6effb822499701d0799bfbbd,2024-06-20T15:00:00Z,2331.67,2345.71,4bccd35f13c19afee29118184351608c73a719c3579f59264867644aa04afe30
e389c325117cc80685d28053716a132be3f2fa4871f09c738f832e195bbe0656,2361.42,2024-06-21T07:05:00Z,7186b8ca92c73c96fbb8a58eef4060f22cd3ed55c3193ad89ed78b982339f644,2024-06-21T07:05:00Z,2361.97,2357.16,2024-07-01T00:00:00Z,2024-06-21T07:00:00Z,0.0,LONG,1.0,30.353430353431456,CONTROL_V2_FILLED_STOP,2024-06-21T07:05:00Z,CONTROL_NEXT_M1_OPEN,2361.97,True,e0db47e1be1fa5148333e40345fa8c3abdb74e4166526d0d39341c16419bafe6,0.18087318087316023,0.7692307692308347,2024_06,0.6070686070686291,0.6070686070686291,TARGET,2024-06-21T08:51:00Z,TARGET,02048a9d605c244315c6385ff3494009057f0e29a4e785631fcd3fa3cab305d3,2024-06-21T08:51:00Z,FIRST_RETEST_FILLED,2024-06-21T07:20:00Z,2024-06-21T07:18:00Z,2361.42,True,False,INITIAL_CONFIRMATION_TARGET,34b41f64cf0c57bb056090274f42bb58d5f93f8ad3c7b454b3858288ad775884,603b3ec3bd3d36782c26c8c900bf96819506af9c7edc1d1027f0eee0846bb846,2357.16,,,,CONTROL_V2_FILLED_STOP,False,,2024-06-21T07:05:00Z,2357.16,2364.89,43051630f58f09a1d4987edd03a5bd9b3da4aca3aa4dcb40148018466f240c64
e389c325117cc80685d28053716a132be3f2fa4871f09c738f832e195bbe0656,2361.42,2024-06-21T07:05:00Z,7186b8ca92c73c96fbb8a58eef4060f22cd3ed55c3193ad89ed78b982339f644,2024-06-21T07:05:00Z,2361.97,2357.16,2024-07-01T00:00:00Z,2024-06-21T07:00:00Z,1.2421194329189058,LONG,0.3282892782892546,92.45940199937675,M5_LATEST_CONFIRMED_OPPOSING_SWING_ELSE_CONTROL,2024-06-21T07:05:00Z,CONTROL_NEXT_M1_OPEN,2361.97,True,0cebd93a34de12eb137c194c545812c829cd7798217391adc3d0be0ecb559a7f,0.5509567105441485,2.343149228751443,2024_06,1.849188039987535,0.6070686070686291,TARGET,2024-06-21T08:51:00Z,TARGET,e1799774987498c28e1525a5b7e960bc5b29694831d8d68ffab1b1a23fc37d26,2024-06-21T08:51:00Z,FIRST_RETEST_FILLED,2024-06-21T07:20:00Z,2024-06-21T07:18:00Z,2361.42,True,False,INITIAL_CONFIRMATION_TARGET,5486ac8a50088fdc59a6b42452c9393da37948023d84e79b318617e532760bb2,603b3ec3bd3d36782c26c8c900bf96819506af9c7edc1d1027f0eee0846bb846,2360.3909285714285,0.7814285714285754,0.03907142857142877,,M5_LATEST_CONFIRMED_OPPOSING_SWING_ELSE_CONTROL,True,4adb057b43fd41f224ff098b896e5f988fb022ef24ffc261f8f65d2a18cda349,2024-06-21T07:00:00Z,2360.43,2364.89,43051630f58f09a1d4987edd03a5bd9b3da4aca3aa4dcb40148018466f240c64
e389c325117cc80685d28053716a132be3f2fa4871f09c738f832e195bbe0656,2361.42,2024-06-21T07:05:00Z,7186b8ca92c73c96fbb8a58eef4060f22cd3ed55c3193ad89ed78b982339f644,2024-06-21T07:05:00Z,2361.97,2357.16,2024-07-01T00:00:00Z,2024-06-21T07:00:00Z,0.14780167268396804,LONG,0.804202554202546,37.74351398762985,M15_LATEST_CONFIRMED_OPPOSING_SWING_ELSE_CONTROL,2024-06-21T07:05:00Z,CONTROL_NEXT_M1_OPEN,2361.97,True,fe8f91132b476d5d3c9222278c16855a8a2e992b25ab9cc82abb7b426094e2ac,0.2249099806111852,0.9565137106454609,2024_06,0.7548702797525971,0.6070686070686291,TARGET,2024-06-21T08:51:00Z,TARGET,05c1a10c861f8bd903ffd628b27945720f12f3910d7f64c6ba28bf477e23d6a8,2024-06-21T08:51:00Z,FIRST_RETEST_FILLED,2024-06-21T07:20:00Z,2024-06-21T07:18:00Z,2361.42,True,False,INITIAL_CONFIRMATION_TARGET,fea2d70179a2c202d17d5af06ffdc634372ad8b8bffae7d56dcef02582c6d45c,603b3ec3bd3d36782c26c8c900bf96819506af9c7edc1d1027f0eee0846bb846,2358.1017857142856,1.9642857142857142,0.09821428571428571,,M15_LATEST_CONFIRMED_OPPOSING_SWING_ELSE_CONTROL,True,ad301371c6600ebedb7db4eb93ce8ad9e86010770ab80659b3bc9ea4605be905,2024-06-21T06:30:00Z,2358.2,2364.89,43051630f58f09a1d4987edd03a5bd9b3da4aca3aa4dcb40148018466f240c64
e389c325117cc80685d28053716a132be3f2fa4871f09c738f832e195bbe0656,2361.42,2024-06-21T07:05:00Z,7186b8ca92c73c96fbb8a58eef4060f22cd3ed55c3193ad89ed78b982339f644,2024-06-21T07:05:00Z,2361.97,2357.16,2024-07-01T00:00:00Z,2024-06-21T07:00:00Z,0.0,LONG,1.0,30.353430353431456,CONTROL_V2_FILLED_STOP,2024-06-21T07:05:00Z,CONTROL_NEXT_M1_OPEN,2361.97,True,d50ad9a02c96bfa1c369a089884ea4805e95e507125f39d9f251d9285a40c599,0.18087318087316023,0.7692307692308347,2024_06,0.6070686070686291,0.6070686070686291,TARGET,2024-06-21T08:51:00Z,TARGET,46b7d86b7e1cbd48eef51ed1074627a332b85234e000ec0d43debb48d6c61e91,2024-06-21T08:51:00Z,FIRST_RETEST_FILLED,2024-06-21T07:20:00Z,2024-06-21T07:18:00Z,2361.42,True,False,INITIAL_CONFIRMATION_TARGET,68819f4a8c704cf2da613c308d6a7b054cd00d416acf60fa9e92ff4a72bd002d,603b3ec3bd3d36782c26c8c900bf96819506af9c7edc1d1027f0eee0846bb846,2357.16,6.240000000000042,0.3120000000000021,NOT_STRICTLY_CLOSER_THAN_CONTROL,H1_SOURCE_SWING_BUFFERED_ELSE_CONTROL,False,603b3ec3bd3d36782c26c8c900bf96819506af9c7edc1d1027f0eee0846bb846,2024-06-21T07:00:00Z,2357.16,2364.89,43051630f58f09a1d4987edd03a5bd9b3da4aca3aa4dcb40148018466f240c64
e389c325117cc80685d28053716a132be3f2fa4871f09c738f832e195bbe0656,2361.42,2024-06-21T07:05:00Z,7186b8ca92c73c96fbb8a58eef4060f22cd3ed55c3193ad89ed78b982339f644,2024-06-21T07:05:00Z,2361.97,2357.16,2024-07-01T00:00:00Z,2024-06-21T07:00:00Z,0.20748538354161083,LONG,1.0,40.727699530512,CONTROL_V2_FILLED_STOP,2024-06-21T07:18:00Z,M5_BROKEN_CONTROL_FIRST_RETEST,2361.42,True,e0db47e1be1fa5148333e40345fa8c3abdb74e4166526d0d39341c16419bafe6,0.07511737089205336,0.9976525821595733,2024_06,0.8145539906102399,0.6070686070686291,TARGET,2024-06-21T08:51:00Z,TARGET,f5235090ecd438d3dd07c1f401a44343838c84170c942ea067dc4caf7146fa3f,2024-06-21T08:51:00Z,FIRST_RETEST_FILLED,2024-06-21T07:20:00Z,2024-06-21T07:18:00Z,2361.42,True,True,INITIAL_CONFIRMATION_TARGET,f421ab2fd0eb9214ab35b6354daf0a3e5d8bc9259719c98dad859ab8e991671b,603b3ec3bd3d36782c26c8c900bf96819506af9c7edc1d1027f0eee0846bb846,2357.16,,,,CONTROL_V2_FILLED_STOP,False,,2024-06-21T07:05:00Z,2357.16,2364.89,43051630f58f09a1d4987edd03a5bd9b3da4aca3aa4dcb40148018466f240c64
e389c325117cc80685d28053716a132be3f2fa4871f09c738f832e195bbe0656,2361.42,2024-06-21T07:05:00Z,7186b8ca92c73c96fbb8a58eef4060f22cd3ed55c3193ad89ed78b982339f644,2024-06-21T07:05:00Z,2361.97,2357.16,2024-07-01T00:00:00Z,2024-06-21T07:00:00Z,2.7649033510066503,LONG,0.3282892782892546,168.59859790376396,M5_LATEST_CONFIRMED_OPPOSING_SWING_ELSE_CONTROL,2024-06-21T07:18:00Z,M5_BROKEN_CONTROL_FIRST_RETEST,2361.42,True,0cebd93a34de12eb137c194c545812c829cd7798217391adc3d0be0ecb559a7f,0.3109599500244103,4.129936836259586,2024_06,3.3719719580752794,0.6070686070686291,TARGET,2024-06-21T08:51:00Z,TARGET,7dce5bf503621cb83fa22d68c92e518b4210e93e37929a6586ffd4c1fc7ee90f,2024-06-21T08:51:00Z,FIRST_RETEST_FILLED,2024-06-21T07:20:00Z,2024-06-21T07:18:00Z,2361.42,True,True,INITIAL_CONFIRMATION_TARGET,96c854214af3e4627cd9748b47ee528b1649119f0f7c5e8291c3666df1e64bec,603b3ec3bd3d36782c26c8c900bf96819506af9c7edc1d1027f0eee0846bb846,2360.3909285714285,0.7814285714285754,0.03907142857142877,,M5_LATEST_CONFIRMED_OPPOSING_SWING_ELSE_CONTROL,True,4adb057b43fd41f224ff098b896e5f988fb022ef24ffc261f8f65d2a18cda349,2024-06-21T07:00:00Z,2360.43,2364.89,43051630f58f09a1d4987edd03a5bd9b3da4aca3aa4dcb40148018466f240c64
e389c325117cc80685d28053716a132be3f2fa4871f09c738f832e195bbe0656,2361.42,2024-06-21T07:05:00Z,7186b8ca92c73c96fbb8a58eef4060f22cd3ed55c3193ad89ed78b982339f644,2024-06-21T07:05:00Z,2361.97,2357.16,2024-07-01T00:00:00Z,2024-06-21T07:00:00Z,0.4386745852679208,LONG,0.804202554202546,52.287159616827495,M15_LATEST_CONFIRMED_OPPOSING_SWING_ELSE_CONTROL,2024-06-21T07:18:00Z,M5_BROKEN_CONTROL_FIRST_RETEST,2361.42,True,fe8f91132b476d5d3c9222278c16855a8a2e992b25ab9cc82abb7b426094e2ac,0.09643741254982317,1.2808093854266838,2024_06,1.0457431923365499,0.6070686070686291,TARGET,2024-06-21T08:51:00Z,TARGET,796eb0f8a133b0b870cc4cae463da34e4d6f9551176b237ae9e904ada233bccf,2024-06-21T08:51:00Z,FIRST_RETEST_FILLED,2024-06-21T07:20:00Z,2024-06-21T07:18:00Z,2361.42,True,True,INITIAL_CONFIRMATION_TARGET,dfbb289fba022e649b41e62a535c40c6bb6b6ccddec983ff55d4bcfc36029f5f,603b3ec3bd3d36782c26c8c900bf96819506af9c7edc1d1027f0eee0846bb846,2358.1017857142856,1.9642857142857142,0.09821428571428571,,M15_LATEST_CONFIRMED_OPPOSING_SWING_ELSE_CONTROL,True,ad301371c6600ebedb7db4eb93ce8ad9e86010770ab80659b3bc9ea4605be905,2024-06-21T06:30:00Z,2358.2,2364.89,43051630f58f09a1d4987edd03a5bd9b3da4aca3aa4dcb40148018466f240c64
e389c325117cc80685d28053716a132be3f2fa4871f09c738f832e195bbe0656,2361.42,2024-06-21T07:05:00Z,7186b8ca92c73c96fbb8a58eef4060f22cd3ed55c3193ad89ed78b982339f644,2024-06-21T07:05:00Z,2361.97,2357.16,2024-07-01T00:00:00Z,2024-06-21T07:00:00Z,0.20748538354161083,LONG,1.0,40.727699530512,CONTROL_V2_FILLED_STOP,2024-06-21T07:18:00Z,M5_BROKEN_CONTROL_FIRST_RETEST,2361.42,True,d50ad9a02c96bfa1c369a089884ea4805e95e507125f39d9f251d9285a40c599,0.07511737089205336,0.9976525821595733,2024_06,0.8145539906102399,0.6070686070686291,TARGET,2024-06-21T08:51:00Z,TARGET,0d0abac63d916b73bbc0c4264bb89149da3a9ee49f88773fb2f11979be04c552,2024-06-21T08:51:00Z,FIRST_RETEST_FILLED,2024-06-21T07:20:00Z,2024-06-21T07:18:00Z,2361.42,True,True,INITIAL_CONFIRMATION_TARGET,2afe31bd61ccf4cb2951d5af7ca67ff5224adaa226be32f1b2aa46e8b4af61f5,603b3ec3bd3d36782c26c8c900bf96819506af9c7edc1d1027f0eee0846bb846,2357.16,6.240000000000042,0.3120000000000021,NOT_STRICTLY_CLOSER_THAN_CONTROL,H1_SOURCE_SWING_BUFFERED_ELSE_CONTROL,False,603b3ec3bd3d36782c26c8c900bf96819506af9c7edc1d1027f0eee0846bb846,2024-06-21T07:00:00Z,2357.16,2364.89,43051630f58f09a1d4987edd03a5bd9b3da4aca3aa4dcb40148018466f240c64
e389c325117cc80685d28053716a132be3f2fa4871f09c738f832e195bbe0656,2361.42,2024-06-21T07:05:00Z,7186b8ca92c73c96fbb8a58eef4060f22cd3ed55c3193ad89ed78b982339f644,2024-06-21T07:05:00Z,2361.97,2357.16,2024-07-01T00:00:00Z,2024-06-21T07:00:00Z,0.15561403765620807,LONG,1.0,38.13413223624186,CONTROL_V2_FILLED_STOP,2024-06-21T07:05:00Z,CONFIRMED_25_75_RETEST_SPLIT,2361.97,True,e0db47e1be1fa5148333e40345fa8c3abdb74e4166526d0d39341c16419bafe6,0.10155632338733009,0.9405471289273886,2024_06,0.7626826447248372,0.6070686070686291,TARGET,2024-06-21T08:51:00Z,SPLIT_TARGET_TARGET,2c03909e8235974f741c05eb0daca72ffb0f3f399bdc7edd9e0ab9a8a99fbb1e,2024-06-21T08:51:00Z,FIRST_RETEST_FILLED,2024-06-21T07:20:00Z,2024-06-21T07:18:00Z,2361.42,True,True,INITIAL_CONFIRMATION_TARGET,59f76537dd8d6b47fa4e840fe521e4aee6ba25f5e146d45d494693ec9f45c068,603b3ec3bd3d36782c26c8c900bf96819506af9c7edc1d1027f0eee0846bb846,2357.16,,,,CONTROL_V2_FILLED_STOP,False,,2024-06-21T07:05:00Z,2357.16,2364.89,43051630f58f09a1d4987edd03a5bd9b3da4aca3aa4dcb40148018466f240c64
e389c325117cc80685d28053716a132be3f2fa4871f09c738f832e195bbe0656,2361.42,2024-06-21T07:05:00Z,7186b8ca92c73c96fbb8a58eef4060f22cd3ed55c3193ad89ed78b982339f644,2024-06-21T07:05:00Z,2361.97,2357.16,2024-07-01T00:00:00Z,2024-06-21T07:00:00Z,2.384207371484714,LONG,0.3282892782892546,149.56379892766716,M5_LATEST_CONFIRMED_OPPOSING_SWING_ELSE_CONTROL,2024-06-21T07:05:00Z,CONFIRMED_25_75_RETEST_SPLIT,2361.97,True,0cebd93a34de12eb137c194c545812c829cd7798217391adc3d0be0ecb559a7f,0.37095914015434484,3.6832399343825504,2024_06,2.991275978553343,0.6070686070686291,TARGET,2024-06-21T08:51:00Z,SPLIT_TARGET_TARGET,d70f32771a8c8420020a86e5d54763e6db6c7c409df4d22b9d50d9f47bed5cd2,2024-06-21T08:51:00Z,FIRST_RETEST_FILLED,2024-06-21T07:20:00Z,2024-06-21T07:18:00Z,2361.42,True,True,INITIAL_CONFIRMATION_TARGET,6f47267be487e4bde8281b00c23dc282b918e7eb18d4fba62743e5ec421d1014,603b3ec3bd3d36782c26c8c900bf96819506af9c7edc1d1027f0eee0846bb846,2360.3909285714285,0.7814285714285754,0.03907142857142877,,M5_LATEST_CONFIRMED_OPPOSING_SWING_ELSE_CONTROL,True,4adb057b43fd41f224ff098b896e5f988fb022ef24ffc261f8f65d2a18cda349,2024-06-21T07:00:00Z,2360.43,2364.89,43051630f58f09a1d4987edd03a5bd9b3da4aca3aa4dcb40148018466f240c64
e389c325117cc80685d28053716a132be3f2fa4871f09c738f832e195bbe0656,2361.42,2024-06-21T07:05:00Z,7186b8ca92c73c96fbb8a58eef4060f22cd3ed55c3193ad89ed78b982339f644,2024-06-21T07:05:00Z,2361.97,2357.16,2024-07-01T00:00:00Z,2024-06-21T07:00:00Z,0.36595635712193253,LONG,0.804202554202546,48.65124820952808,M15_LATEST_CONFIRMED_OPPOSING_SWING_ELSE_CONTROL,2024-06-21T07:05:00Z,CONFIRMED_25_75_RETEST_SPLIT,2361.97,True,fe8f91132b476d5d3c9222278c16855a8a2e992b25ab9cc82abb7b426094e2ac,0.12855555456516368,1.199735466731378,2024_06,0.9730249641905616,0.6070686070686291,TARGET,2024-06-21T08:51:00Z,SPLIT_TARGET_TARGET,9e4f23fc9ca2408a15a16936b8e263a4a21e8d615d8d3dab97ee697657d326cd,2024-06-21T08:51:00Z,FIRST_RETEST_FILLED,2024-06-21T07:20:00Z,2024-06-21T07:18:00Z,2361.42,True,True,INITIAL_CONFIRMATION_TARGET,cdabe60c5054e77c8954a0e7fa94cb867eaaa730336409df64bf2df7b33a0330,603b3ec3bd3d36782c26c8c900bf96819506af9c7edc1d1027f0eee0846bb846,2358.1017857142856,1.9642857142857142,0.09821428571428571,,M15_LATEST_CONFIRMED_OPPOSING_SWING_ELSE_CONTROL,True,ad301371c6600ebedb7db4eb93ce8ad9e86010770ab80659b3bc9ea4605be905,2024-06-21T06:30:00Z,2358.2,2364.89,43051630f58f09a1d4987edd03a5bd9b3da4aca3aa4dcb40148018466f240c64
e389c325117cc80685d28053716a132be3f2fa4871f09c738f832e195bbe0656,2361.42,2024-06-21T07:05:00Z,7186b8ca92c73c96fbb8a58eef4060f22cd3ed55c3193ad89ed78b982339f644,2024-06-21T07:05:00Z,2361.97,2357.16,2024-07-01T00:00:00Z,2024-06-21T07:00:00Z,0.15561403765620807,LONG,1.0,38.13413223624186,CONTROL_V2_FILLED_STOP,2024-06-21T07:05:00Z,CONFIRMED_25_75_RETEST_SPLIT,2361.97,True,d50ad9a02c96bfa1c369a089884ea4805e95e507125f39d9f251d9285a40c599,0.10155632338733009,0.9405471289273886,2024_06,0.7626826447248372,0.6070686070686291,TARGET,2024-06-21T08:51:00Z,SPLIT_TARGET_TARGET,53eff51645b3f1dbab72476a536fd753c69c931f83d46d6fd8fe931a99e809c2,2024-06-21T08:51:00Z,FIRST_RETEST_FILLED,2024-06-21T07:20:00Z,2024-06-21T07:18:00Z,2361.42,True,True,INITIAL_CONFIRMATION_TARGET,a05f5b4ea3f7f392bcf03df380c42d9039d4ced70867cafcd8c37a246e082d3c,603b3ec3bd3d36782c26c8c900bf96819506af9c7edc1d1027f0eee0846bb846,2357.16,6.240000000000042,0.3120000000000021,NOT_STRICTLY_CLOSER_THAN_CONTROL,H1_SOURCE_SWING_BUFFERED_ELSE_CONTROL,False,603b3ec3bd3d36782c26c8c900bf96819506af9c7edc1d1027f0eee0846bb846,2024-06-21T07:00:00Z,2357.16,2364.89,43051630f58f09a1d4987edd03a5bd9b3da4aca3aa4dcb40148018466f240c64
d0143b2d98bd57542eac596afaf4b73e0325b919896e7b14cb9f1d85e215a94a,2362.62,2024-06-21T09:10:00Z,9eca1c61af0d5b9de4d4c1a0d83ce6c0b100c23c9ffe19bd952b0afc14ab26df,2024-06-21T09:10:00Z,2362.42,2365.69,2024-07-01T00:00:00Z,2024-06-20T21:00:00Z,0.0,SHORT,1.0,-50.0,CONTROL_V2_FILLED_STOP,2024-06-21T09:10:00Z,CONTROL_NEXT_M1_OPEN,2362.42,True,bec78c91823a13c9d19a38bee8992f8cda46c57a125e70b442065ac7b1d94743,1.2140672782874073,2.2171253822630095,2024_06,-1.0,-1.0,STOP,2024-06-21T11:16:00Z,STOP,1785e0e1d4a1a75b4c1e5df3c12b6ae8047b93a292dfa54e480bf80dc4cfcb9f,2024-06-21T11:16:00Z,FIRST_RETEST_FILLED,2024-06-21T09:25:00Z,2024-06-21T09:10:00Z,2362.62,True,False,RECLAIM_CONFIRMATION_STOP,519916f01a592507f46f1415aa35ccb05f45cf8ec28af4b122c2016270d6d91d,cd5689322861b0257c1e6086eb6421ebbd7e8ec77888d0e5fa8e8706a0e270a4,2365.69,,,,CONTROL_V2_FILLED_STOP,False,,2024-06-21T09:10:00Z,2365.69,2331.67,a3ab92f10eb9e7437d75576e6537cf9953b481157c0db38e3ca6f95ca13e2b5e
d0143b2d98bd57542eac596afaf4b73e0325b919896e7b14cb9f1d85e215a94a,2362.62,2024-06-21T09:10:00Z,9eca1c61af0d5b9de4d4c1a0d83ce6c0b100c23c9ffe19bd952b0afc14ab26df,2024-06-21T09:10:00Z,2362.42,2365.69,2024-07-01T00:00:00Z,2024-06-20T21:00:00Z,0.0,SHORT,1.0,-50.0,CONTROL_V2_FILLED_STOP,2024-06-21T09:10:00Z,CONTROL_NEXT_M1_OPEN,2362.42,True,2f1a1931435129404783ee1442cba3da94ef168098ec3773b242aea33cfd3901,1.2140672782874073,2.2171253822630095,2024_06,-1.0,-1.0,STOP,2024-06-21T11:16:00Z,STOP,126bc37f3131690a010f656d3267295e2ea79b7dcf1eb0007227621b99e4898f,2024-06-21T11:16:00Z,FIRST_RETEST_FILLED,2024-06-21T09:25:00Z,2024-06-21T09:10:00Z,2362.62,True,False,RECLAIM_CONFIRMATION_STOP,6e85d9bfafacda13ac088fb01dfc9f4c121d85faf42a898052390e34ae235c62,cd5689322861b0257c1e6086eb6421ebbd7e8ec77888d0e5fa8e8706a0e270a4,2365.69,0.9485714285715078,0.04742857142857539,NOT_STRICTLY_CLOSER_THAN_CONTROL,M5_LATEST_CONFIRMED_OPPOSING_SWING_ELSE_CONTROL,False,8b3ab3e1329f90cefaf570baa97327ebaf89df6500c401cd0bc7d7018b781cd7,2024-06-21T09:05:00Z,2365.67,2331.67,a3ab92f10eb9e7437d75576e6537cf9953b481157c0db38e3ca6f95ca13e2b5e
d0143b2d98bd57542eac596afaf4b73e0325b919896e7b14cb9f1d85e215a94a,2362.62,2024-06-21T09:10:00Z,9eca1c61af0d5b9de4d4c1a0d83ce6c0b100c23c9ffe19bd952b0afc14ab26df,2024-06-21T09:10:00Z,2362.42,2365.69,2024-07-01T00:00:00Z,2024-06-20T21:00:00Z,0.0,SHORT,1.0,-50.0,CONTROL_V2_FILLED_STOP,2024-06-21T09:10:00Z,CONTROL_NEXT_M1_OPEN,2362.42,True,be55ee3b398ba1fa23edafa7ee4696de0e5e8465dc25b2ea8d5dd72f113b2e37,1.2140672782874073,2.2171253822630095,2024_06,-1.0,-1.0,STOP,2024-06-21T11:16:00Z,STOP,1d8e5cb1f004f0ddb22a553a173d9ecf9406bc7d011bf81062d39da1807aea75,2024-06-21T11:16:00Z,FIRST_RETEST_FILLED,2024-06-21T09:25:00Z,2024-06-21T09:10:00Z,2362.62,True,False,RECLAIM_CONFIRMATION_STOP,e8cda2e0b473a068a78c5dacbe30dea7d8f4bc9ecabc85164ccae5c7e0079f20,cd5689322861b0257c1e6086eb6421ebbd7e8ec77888d0e5fa8e8706a0e270a4,2365.69,1.340000000000048,0.0670000000000024,INVALID_STOP_ENTRY_TARGET_ORDER,M15_LATEST_CONFIRMED_OPPOSING_SWING_ELSE_CONTROL,False,9064821e031f6e09de9c4e5940709f7eb16c2981f94b0713e283e4dd63df04e8,2024-06-21T05:45:00Z,2361.66,2331.67,a3ab92f10eb9e7437d75576e6537cf9953b481157c0db38e3ca6f95ca13e2b5e
d0143b2d98bd57542eac596afaf4b73e0325b919896e7b14cb9f1d85e215a94a,2362.62,2024-06-21T09:10:00Z,9eca1c61af0d5b9de4d4c1a0d83ce6c0b100c23c9ffe19bd952b0afc14ab26df,2024-06-21T09:10:00Z,2362.42,2365.69,2024-07-01T00:00:00Z,2024-06-20T21:00:00Z,0.0,SHORT,1.0,-50.0,CONTROL_V2_FILLED_STOP,2024-06-21T09:10:00Z,CONTROL_NEXT_M1_OPEN,2362.42,True,46af010282865d19546b5be922c887a43cbda6ea4fe8b2d7fec5085680db50db,1.2140672782874073,2.2171253822630095,2024_06,-1.0,-1.0,STOP,2024-06-21T11:16:00Z,STOP,3544e33442a5f74c2654976c05dfac58d5eb35657df0b17b86081ec989373f96,2024-06-21T11:16:00Z,FIRST_RETEST_FILLED,2024-06-21T09:25:00Z,2024-06-21T09:10:00Z,2362.62,True,False,RECLAIM_CONFIRMATION_STOP,8d6509a3d2322692a6eba59d64084b2e55bdb3d152d1d0d178107850cf275018,cd5689322861b0257c1e6086eb6421ebbd7e8ec77888d0e5fa8e8706a0e270a4,2365.69,5.104285714285782,0.2552142857142891,NOT_STRICTLY_CLOSER_THAN_CONTROL,H1_SOURCE_SWING_BUFFERED_ELSE_CONTROL,False,cd5689322861b0257c1e6086eb6421ebbd7e8ec77888d0e5fa8e8706a0e270a4,2024-06-20T21:00:00Z,2365.54,2331.67,a3ab92f10eb9e7437d75576e6537cf9953b481157c0db38e3ca6f95ca13e2b5e
d0143b2d98bd57542eac596afaf4b73e0325b919896e7b14cb9f1d85e215a94a,2362.62,2024-06-21T09:10:00Z,9eca1c61af0d5b9de4d4c1a0d83ce6c0b100c23c9ffe19bd952b0afc14ab26df,2024-06-21T09:10:00Z,2362.42,2365.69,2024-07-01T00:00:00Z,2024-06-20T21:00:00Z,0.0,SHORT,1.0,-50.0,CONTROL_V2_FILLED_STOP,2024-06-21T09:10:00Z,M5_BROKEN_CONTROL_FIRST_RETEST,2362.62,True,bec78c91823a13c9d19a38bee8992f8cda46c57a125e70b442065ac7b1d94743,1.2280130293158895,2.426710097719681,2024_06,-1.0,-1.0,STOP,2024-06-21T11:16:00Z,STOP,4c2d53029f53d0d1286005c3071f9839b76a1ace164d975ff8ae1a92a27ab2b8,2024-06-21T11:16:00Z,FIRST_RETEST_FILLED,2024-06-21T09:25:00Z,2024-06-21T09:10:00Z,2362.62,True,True,RECLAIM_CONFIRMATION_STOP,daba3923c315d00217ded560c0807f7d20ffd716e4e363201a13be46391453a7,cd5689322861b0257c1e6086eb6421ebbd7e8ec77888d0e5fa8e8706a0e270a4,2365.69,,,,CONTROL_V2_FILLED_STOP,False,,2024-06-21T09:10:00Z,2365.69,2331.67,a3ab92f10eb9e7437d75576e6537cf9953b481157c0db38e3ca6f95ca13e2b5e
d0143b2d98bd57542eac596afaf4b73e0325b919896e7b14cb9f1d85e215a94a,2362.62,2024-06-21T09:10:00Z,9eca1c61af0d5b9de4d4c1a0d83ce6c0b100c23c9ffe19bd952b0afc14ab26df,2024-06-21T09:10:00Z,2362.42,2365.69,2024-07-01T00:00:00Z,2024-06-20T21:00:00Z,0.0,SHORT,1.0,-50.0,CONTROL_V2_FILLED_STOP,2024-06-21T09:10:00Z,M5_BROKEN_CONTROL_FIRST_RETEST,2362.62,True,2f1a1931435129404783ee1442cba3da94ef168098ec3773b242aea33cfd3901,1.2280130293158895,2.426710097719681,2024_06,-1.0,-1.0,STOP,2024-06-21T11:16:00Z,STOP,b4a84ee4bb42b69fee097b1bf4485b3db11848ff17057cc38e19887e82972f93,2024-06-21T11:16:00Z,FIRST_RETEST_FILLED,2024-06-21T09:25:00Z,2024-06-21T09:10:00Z,2362.62,True,True,RECLAIM_CONFIRMATION_STOP,82188a6dc37401a705468c301c73143defcc44f1e6f5fdefd2f9169e6fe2b179,cd5689322861b0257c1e6086eb6421ebbd7e8ec77888d0e5fa8e8706a0e270a4,2365.69,0.9485714285715078,0.04742857142857539,NOT_STRICTLY_CLOSER_THAN_CONTROL,M5_LATEST_CONFIRMED_OPPOSING_SWING_ELSE_CONTROL,False,8b3ab3e1329f90cefaf570baa97327ebaf89df6500c401cd0bc7d7018b781cd7,2024-06-21T09:05:00Z,2365.67,2331.67,a3ab92f10eb9e7437d75576e6537cf9953b481157c0db38e3ca6f95ca13e2b5e
d0143b2d98bd57542eac596afaf4b73e0325b919896e7b14cb9f1d85e215a94a,2362.62,2024-06-21T09:10:00Z,9eca1c61af0d5b9de4d4c1a0d83ce6c0b100c23c9ffe19bd952b0afc14ab26df,2024-06-21T09:10:00Z,2362.42,2365.69,2024-07-01T00:00:00Z,2024-06-20T21:00:00Z,0.0,SHORT,1.0,-50.0,CONTROL_V2_FILLED_STOP,2024-06-21T09:10:00Z,M5_BROKEN_CONTROL_FIRST_RETEST,2362.62,True,be55ee3b398ba1fa23edafa7ee4696de0e5e8465dc25b2ea8d5dd72f113b2e37,1.2280130293158895,2.426710097719681,2024_06,-1.0,-1.0,STOP,2024-06-21T11:16:00Z,STOP,6b9dcfed8d2759c1d856d40a098281c459cc03c19db5a1b8ebc4df4e64c74fd2,2024-06-21T11:16:00Z,FIRST_RETEST_FILLED,2024-06-21T09:25:00Z,2024-06-21T09:10:00Z,2362.62,True,True,RECLAIM_CONFIRMATION_STOP,7fda164368e9427f35ddd13850ef9546ac0fe11aaa9d15875a2d2b30c81c52cd,cd5689322861b0257c1e6086eb6421ebbd7e8ec77888d0e5fa8e8706a0e270a4,2365.69,1.340000000000048,0.0670000000000024,INVALID_STOP_ENTRY_TARGET_ORDER,M15_LATEST_CONFIRMED_OPPOSING_SWING_ELSE_CONTROL,False,9064821e031f6e09de9c4e5940709f7eb16c2981f94b0713e283e4dd63df04e8,2024-06-21T05:45:00Z,2361.66,2331.67,a3ab92f10eb9e7437d75576e6537cf9953b481157c0db38e3ca6f95ca13e2b5e
d0143b2d98bd57542eac596afaf4b73e0325b919896e7b14cb9f1d85e215a94a,2362.62,2024-06-21T09:10:00Z,9eca1c61af0d5b9de4d4c1a0d83ce6c0b100c23c9ffe19bd952b0afc14ab26df,2024-06-21T09:10:00Z,2362.42,2365.69,2024-07-01T00:00:00Z,2024-06-20T21:00:00Z,0.0,SHORT,1.0,-50.0,CONTROL_V2_FILLED_STOP,2024-06-21T09:10:00Z,M5_BROKEN_CONTROL_FIRST_RETEST,2362.62,True,46af010282865d19546b5be922c887a43cbda6ea4fe8b2d7fec5085680db50db,1.2280130293158895,2.426710097719681,2024_06,-1.0,-1.0,STOP,2024-06-21T11:16:00Z,STOP,84180e3059179c742c4b0f70e247a6dfcf015a7d43a7f59394e9e112aad385d3,2024-06-21T11:16:00Z,FIRST_RETEST_FILLED,2024-06-21T09:25:00Z,2024-06-21T09:10:00Z,2362.62,True,True,RECLAIM_CONFIRMATION_STOP,cbb64ed5772bfad37dce6bb3697887f6e2095e39105fc738ccfd8371d7afbce6,cd5689322861b0257c1e6086eb6421ebbd7e8ec77888d0e5fa8e8706a0e270a4,2365.69,5.104285714285782,0.2552142857142891,NOT_STRICTLY_CLOSER_THAN_CONTROL,H1_SOURCE_SWING_BUFFERED_ELSE_CONTROL,False,cd5689322861b0257c1e6086eb6421ebbd7e8ec77888d0e5fa8e8706a0e270a4,2024-06-20T21:00:00Z,2365.54,2331.67,a3ab92f10eb9e7437d75576e6537cf9953b481157c0db38e3ca6f95ca13e2b5e
d0143b2d98bd57542eac596afaf4b73e0325b919896e7b14cb9f1d85e215a94a,2362.62,2024-06-21T09:10:00Z,9eca1c61af0d5b9de4d4c1a0d83ce6c0b100c23c9ffe19bd952b0afc14ab26df,2024-06-21T09:10:00Z,2362.42,2365.69,2024-07-01T00:00:00Z,2024-06-20T21:00:00Z,0.0,SHORT,1.0,-50.0,CONTROL_V2_FILLED_STOP,2024-06-21T09:10:00Z,CONFIRMED_25_75_RETEST_SPLIT,2362.42,True,bec78c91823a13c9d19a38bee8992f8cda46c57a125e70b442065ac7b1d94743,1.224526591558769,2.3743139188555134,2024_06,-1.0,-1.0,STOP,2024-06-21T11:16:00Z,SPLIT_STOP_STOP,7fb98c9577a4082a77baa4910affbc8aa15de63f053496c9e52ddbf45ad2e49c,2024-06-21T11:16:00Z,FIRST_RETEST_FILLED,2024-06-21T09:25:00Z,2024-06-21T09:10:00Z,2362.62,True,True,RECLAIM_CONFIRMATION_STOP,e9487f5cb9dd2404138138eb80c13fbfb640db5d1ded8a4be8aaea40b631b358,cd5689322861b0257c1e6086eb6421ebbd7e8ec77888d0e5fa8e8706a0e270a4,2365.69,,,,CONTROL_V2_FILLED_STOP,False,,2024-06-21T09:10:00Z,2365.69,2331.67,a3ab92f10eb9e7437d75576e6537cf9953b481157c0db38e3ca6f95ca13e2b5e
d0143b2d98bd57542eac596afaf4b73e0325b919896e7b14cb9f1d85e215a94a,2362.62,2024-06-21T09:10:00Z,9eca1c61af0d5b9de4d4c1a0d83ce6c0b100c23c9ffe19bd952b0afc14ab26df,2024-06-21T09:10:00Z,2362.42,2365.69,2024-07-01T00:00:00Z,2024-06-20T21:00:00Z,0.0,SHORT,1.0,-50.0,CONTROL_V2_FILLED_STOP,2024-06-21T09:10:00Z,CONFIRMED_25_75_RETEST_SPLIT,2362.42,True,2f1a1931435129404783ee1442cba3da94ef168098ec3773b242aea33cfd3901,1.224526591558769,2.3743139188555134,2024_06,-1.0,-1.0,STOP,2024-06-21T11:16:00Z,SPLIT_STOP_STOP,f8fc5134aaec18c2294c7dd201e8f1950cdda0558cbd3fead89cf5f107d24656,2024-06-21T11:16:00Z,FIRST_RETEST_FILLED,2024-06-21T09:25:00Z,2024-06-21T09:10:00Z,2362.62,True,True,RECLAIM_CONFIRMATION_STOP,951ef673ba434a0e838c180dc2eb08cde14c590ef477bfe1b2d1a6a687df3137,cd5689322861b0257c1e6086eb6421ebbd7e8ec77888d0e5fa8e8706a0e270a4,2365.69,0.9485714285715078,0.04742857142857539,NOT_STRICTLY_CLOSER_THAN_CONTROL,M5_LATEST_CONFIRMED_OPPOSING_SWING_ELSE_CONTROL,False,8b3ab3e1329f90cefaf570baa97327ebaf89df6500c401cd0bc7d7018b781cd7,2024-06-21T09:05:00Z,2365.67,2331.67,a3ab92f10eb9e7437d75576e6537cf9953b481157c0db38e3ca6f95ca13e2b5e
d0143b2d98bd57542eac596afaf4b73e0325b919896e7b14cb9f1d85e215a94a,2362.62,2024-06-21T09:10:00Z,9eca1c61af0d5b9de4d4c1a0d83ce6c0b100c23c9ffe19bd952b0afc14ab26df,2024-06-21T09:10:00Z,2362.42,2365.69,2024-07-01T00:00:00Z,2024-06-20T21:00:00Z,0.0,SHORT,1.0,-50.0,CONTROL_V2_FILLED_STOP,2024-06-21T09:10:00Z,CONFIRMED_25_75_RETEST_SPLIT,2362.42,True,be55ee3b398ba1fa23edafa7ee4696de0e5e8465dc25b2ea8d5dd72f113b2e37,1.224526591558769,2.3743139188555134,2024_06,-1.0,-1.0,STOP,2024-06-21T11:16:00Z,SPLIT_STOP_STOP,bbe230d3f0cd1a4cc7b0f406cfd3511b79e79598c94963a13a9a55e4dccdb353,2024-06-21T11:16:00Z,FIRST_RETEST_FILLED,2024-06-21T09:25:00Z,2024-06-21T09:10:00Z,2362.62,True,True,RECLAIM_CONFIRMATION_STOP,e87f3b8869877d749c9e9aab94f8c6be95a321ad4e1bb92a87b84267927f0ab0,cd5689322861b0257c1e6086eb6421ebbd7e8ec77888d0e5fa8e8706a0e270a4,2365.69,1.340000000000048,0.0670000000000024,INVALID_STOP_ENTRY_TARGET_ORDER,M15_LATEST_CONFIRMED_OPPOSING_SWING_ELSE_CONTROL,False,9064821e031f6e09de9c4e5940709f7eb16c2981f94b0713e283e4dd63df04e8,2024-06-21T05:45:00Z,2361.66,2331.67,a3ab92f10eb9e7437d75576e6537cf9953b481157c0db38e3ca6f95ca13e2b5e
d0143b2d98bd57542eac596afaf4b73e0325b919896e7b14cb9f1d85e215a94a,2362.62,2024-06-21T09:10:00Z,9eca1c61af0d5b9de4d4c1a0d83ce6c0b100c23c9ffe19bd952b0afc14ab26df,2024-06-21T09:10:00Z,2362.42,2365.69,2024-07-01T00:00:00Z,2024-06-20T21:00:00Z,0.0,SHORT,1.0,-50.0,CONTROL_V2_FILLED_STOP,2024-06-21T09:10:00Z,CONFIRMED_25_75_RETEST_SPLIT,2362.42,True,46af010282865d19546b5be922c887a43cbda6ea4fe8b2d7fec5085680db50db,1.224526591558769,2.3743139188555134,2024_06,-1.0,-1.0,STOP,2024-06-21T11:16:00Z,SPLIT_STOP_STOP,d51ab54971c857f16c8346346a8a020a643ea85c5b472e61bd9cd030f8a658be,2024-06-21T11:16:00Z,FIRST_RETEST_FILLED,2024-06-21T09:25:00Z,2024-06-21T09:10:00Z,2362.62,True,True,RECLAIM_CONFIRMATION_STOP,1992ca72fe26ad3f978fa1317b583c431a53536df356921b6792a6e174051623,cd5689322861b0257c1e6086eb6421ebbd7e8ec77888d0e5fa8e8706a0e270a4,2365.69,5.104285714285782,0.2552142857142891,NOT_STRICTLY_CLOSER_THAN_CONTROL,H1_SOURCE_SWING_BUFFERED_ELSE_CONTROL,False,cd5689322861b0257c1e6086eb6421ebbd7e8ec77888d0e5fa8e8706a0e270a4,2024-06-20T21:00:00Z,2365.54,2331.67,a3ab92f10eb9e7437d75576e6537cf9953b481157c0db38e3ca6f95ca13e2b5e
d0143b2d98bd57542eac596afaf4b73e0325b919896e7b14cb9f1d85e215a94a,2362.62,2024-06-21T09:10:00Z,9eca1c61af0d5b9de4d4c1a0d83ce6c0b100c23c9ffe19bd952b0afc14ab26df,2024-06-21T09:10:00Z,2362.42,2365.69,2024-07-01T00:00:00Z,2024-06-21T06:00:00Z,0.0,SHORT,1.0,-50.0,CONTROL_V2_FILLED_STOP,2024-06-21T09:10:00Z,CONTROL_NEXT_M1_OPEN,2362.42,True,bec78c91823a13c9d19a38bee8992f8cda46c57a125e70b442065ac7b1d94743,1.2140672782874073,2.2171253822630095,2024_06,-1.0,-1.0,STOP,2024-06-21T11:16:00Z,STOP,1785e0e1d4a1a75b4c1e5df3c12b6ae8047b93a292dfa54e480bf80dc4cfcb9f,2024-06-21T11:16:00Z,FIRST_RETEST_FILLED,2024-06-21T09:25:00Z,2024-06-21T09:10:00Z,2362.62,True,False,RECLAIM_CONFIRMATION_STOP,a350f3f9f9c1ee43a18a52e96df6af223c7edeb329f1ef16757b391c531f3835,a20ba11fbd2a3000308555717cfe3e969902fd68f6202d4734af9628f627fe8c,2365.69,,,,CONTROL_V2_FILLED_STOP,False,,2024-06-21T09:10:00Z,2365.69,2331.67,f454079f1eebd08a8e8df76af54c0b2b44d9ce9c2a44495cc27ebff5abee90db
d0143b2d98bd57542eac596afaf4b73e0325b919896e7b14cb9f1d85e215a94a,2362.62,2024-06-21T09:10:00Z,9eca1c61af0d5b9de4d4c1a0d83ce6c0b100c23c9ffe19bd952b0afc14ab26df,2024-06-21T09:10:00Z,2362.42,2365.69,2024-07-01T00:00:00Z,2024-06-21T06:00:00Z,0.0,SHORT,1.0,-50.0,CONTROL_V2_FILLED_STOP,2024-06-21T09:10:00Z,CONTROL_NEXT_M1_OPEN,2362.42,True,2f1a1931435129404783ee1442cba3da94ef168098ec3773b242aea33cfd3901,1.2140672782874073,2.2171253822630095,2024_06,-1.0,-1.0,STOP,2024-06-21T11:16:00Z,STOP,126bc37f3131690a010f656d3267295e2ea79b7dcf1eb0007227621b99e4898f,2024-06-21T11:16:00Z,FIRST_RETEST_FILLED,2024-06-21T09:25:00Z,2024-06-21T09:10:00Z,2362.62,True,False,RECLAIM_CONFIRMATION_STOP,70551bbffe3d0b2abfcbbec9bdfe1de0470fab7b005f8241bb328f5da7078e03,a20ba11fbd2a3000308555717cfe3e969902fd68f6202d4734af9628f627fe8c,2365.69,0.9485714285715078,0.04742857142857539,NOT_STRICTLY_CLOSER_THAN_CONTROL,M5_LATEST_CONFIRMED_OPPOSING_SWING_ELSE_CONTROL,False,8b3ab3e1329f90cefaf570baa97327ebaf89df6500c401cd0bc7d7018b781cd7,2024-06-21T09:05:00Z,2365.67,2331.67,f454079f1eebd08a8e8df76af54c0b2b44d9ce9c2a44495cc27ebff5abee90db
d0143b2d98bd57542eac596afaf4b73e0325b919896e7b14cb9f1d85e215a94a,2362.62,2024-06-21T09:10:00Z,9eca1c61af0d5b9de4d4c1a0d83ce6c0b100c23c9ffe19bd952b0afc14ab26df,2024-06-21T09:10:00Z,2362.42,2365.69,2024-07-01T00:00:00Z,2024-06-21T06:00:00Z,0.0,SHORT,1.0,-50.0,CONTROL_V2_FILLED_STOP,2024-06-21T09:10:00Z,CONTROL_NEXT_M1_OPEN,2362.42,True,be55ee3b398ba1fa23edafa7ee4696de0e5e8465dc25b2ea8d5dd72f113b2e37,1.2140672782874073,2.2171253822630095,2024_06,-1.0,-1.0,STOP,2024-06-21T11:16:00Z,STOP,1d8e5cb1f004f0ddb22a553a173d9ecf9406bc7d011bf81062d39da1807aea75,2024-06-21T11:16:00Z,FIRST_RETEST_FILLED,2024-06-21T09:25:00Z,2024-06-21T09:10:00Z,2362.62,True,False,RECLAIM_CONFIRMATION_STOP,e55da611fadd45db2cee3b458ae481f8a817b019fb92fe701315b469ef3d0c96,a20ba11fbd2a3000308555717cfe3e969902fd68f6202d4734af9628f627fe8c,2365.69,1.340000000000048,0.0670000000000024,INVALID_STOP_ENTRY_TARGET_ORDER,M15_LATEST_CONFIRMED_OPPOSING_SWING_ELSE_CONTROL,False,9064821e031f6e09de9c4e5940709f7eb16c2981f94b0713e283e4dd63df04e8,2024-06-21T05:45:00Z,2361.66,2331.67,f454079f1eebd08a8e8df76af54c0b2b44d9ce9c2a44495cc27ebff5abee90db
d0143b2d98bd57542eac596afaf4b73e0325b919896e7b14cb9f1d85e215a94a,2362.62,2024-06-21T09:10:00Z,9eca1c61af0d5b9de4d4c1a0d83ce6c0b100c23c9ffe19bd952b0afc14ab26df,2024-06-21T09:10:00Z,2362.42,2365.69,2024-07-01T00:00:00Z,2024-06-21T06:00:00Z,0.0,SHORT,0.8333988641327794,-50.0,H1_SOURCE_SWING_BUFFERED_ELSE_CONTROL,2024-06-21T09:10:00Z,CONTROL_NEXT_M1_OPEN,2362.42,True,c128a25fb47fb0c15343d634fee4cf904d09e8238fb9d2dcdfbcb19faca4e234,1.0421198857233684,2.6603412575683216,2024_06,-1.0,-1.0,STOP,2024-06-21T11:16:00Z,STOP,4d5224ddac7f6a0cd985c694f31ea9004ecf4fc3288d10a2d2941ae665772f70,2024-06-21T11:01:00Z,FIRST_RETEST_FILLED,2024-06-21T09:25:00Z,2024-06-21T09:10:00Z,2362.62,True,False,RECLAIM_CONFIRMATION_STOP,374a75e6004ebe27fef13a69d5e7236143901aeafa707def60ee60da304bbaa6,a20ba11fbd2a3000308555717cfe3e969902fd68f6202d4734af9628f627fe8c,2365.1452142857142,5.104285714285782,0.2552142857142891,,H1_SOURCE_SWING_BUFFERED_ELSE_CONTROL,True,a20ba11fbd2a3000308555717cfe3e969902fd68f6202d4734af9628f627fe8c,2024-06-21T06:00:00Z,2364.89,2331.67,f454079f1eebd08a8e8df76af54c0b2b44d9ce9c2a44495cc27ebff5abee90db
d0143b2d98bd57542eac596afaf4b73e0325b919896e7b14cb9f1d85e215a94a,2362.62,2024-06-21T09:10:00Z,9eca1c61af0d5b9de4d4c1a0d83ce6c0b100c23c9ffe19bd952b0afc14ab26df,2024-06-21T09:10:00Z,2362.42,2365.69,2024-07-01T00:00:00Z,2024-06-21T06:00:00Z,0.0,SHORT,1.0,-50.0,CONTROL_V2_FILLED_STOP,2024-06-21T09:10:00Z,M5_BROKEN_CONTROL_FIRST_RETEST,2362.62,True,bec78c91823a13c9d19a38bee8992f8cda46c57a125e70b442065ac7b1d94743,1.2280130293158895,2.426710097719681,2024_06,-1.0,-1.0,STOP,2024-06-21T11:16:00Z,STOP,4c2d53029f53d0d1286005c3071f9839b76a1ace164d975ff8ae1a92a27ab2b8,2024-06-21T11:16:00Z,FIRST_RETEST_FILLED,2024-06-21T09:25:00Z,2024-06-21T09:10:00Z,2362.62,True,True,RECLAIM_CONFIRMATION_STOP,cbc841c62125a768615aedbbfa1591d3328d63f5564fbce2d630b4a3ceae01c3,a20ba11fbd2a3000308555717cfe3e969902fd68f6202d4734af9628f627fe8c,2365.69,,,,CONTROL_V2_FILLED_STOP,False,,2024-06-21T09:10:00Z,2365.69,2331.67,f454079f1eebd08a8e8df76af54c0b2b44d9ce9c2a44495cc27ebff5abee90db
d0143b2d98bd57542eac596afaf4b73e0325b919896e7b14cb9f1d85e215a94a,2362.62,2024-06-21T09:10:00Z,9eca1c61af0d5b9de4d4c1a0d83ce6c0b100c23c9ffe19bd952b0afc14ab26df,2024-06-21T09:10:00Z,2362.42,2365.69,2024-07-01T00:00:00Z,2024-06-21T06:00:00Z,0.0,SHORT,1.0,-50.0,CONTROL_V2_FILLED_STOP,2024-06-21T09:10:00Z,M5_BROKEN_CONTROL_FIRST_RETEST,2362.62,True,2f1a1931435129404783ee1442cba3da94ef168098ec3773b242aea33cfd3901,1.2280130293158895,2.426710097719681,2024_06,-1.0,-1.0,STOP,2024-06-21T11:16:00Z,STOP,b4a84ee4bb42b69fee097b1bf4485b3db11848ff17057cc38e19887e82972f93,2024-06-21T11:16:00Z,FIRST_RETEST_FILLED,2024-06-21T09:25:00Z,2024-06-21T09:10:00Z,2362.62,True,True,RECLAIM_CONFIRMATION_STOP,2c7718536a138e3c1c65a624f62592714bb5afd59a59d1285be609a280abcb5e,a20ba11fbd2a3000308555717cfe3e969902fd68f6202d4734af9628f627fe8c,2365.69,0.9485714285715078,0.04742857142857539,NOT_STRICTLY_CLOSER_THAN_CONTROL,M5_LATEST_CONFIRMED_OPPOSING_SWING_ELSE_CONTROL,False,8b3ab3e1329f90cefaf570baa97327ebaf89df6500c401cd0bc7d7018b781cd7,2024-06-21T09:05:00Z,2365.67,2331.67,f454079f1eebd08a8e8df76af54c0b2b44d9ce9c2a44495cc27ebff5abee90db
d0143b2d98bd57542eac596afaf4b73e0325b919896e7b14cb9f1d85e215a94a,2362.62,2024-06-21T09:10:00Z,9eca1c61af0d5b9de4d4c1a0d83ce6c0b100c23c9ffe19bd952b0afc14ab26df,2024-06-21T09:10:00Z,2362.42,2365.69,2024-07-01T00:00:00Z,2024-06-21T06:00:00Z,0.0,SHORT,1.0,-50.0,CONTROL_V2_FILLED_STOP,2024-06-21T09:10:00Z,M5_BROKEN_CONTROL_FIRST_RETEST,2362.62,True,be55ee3b398ba1fa23edafa7ee4696de0e5e8465dc25b2ea8d5dd72f113b2e37,1.2280130293158895,2.426710097719681,2024_06,-1.0,-1.0,STOP,2024-06-21T11:16:00Z,STOP,6b9dcfed8d2759c1d856d40a098281c459cc03c19db5a1b8ebc4df4e64c74fd2,2024-06-21T11:16:00Z,FIRST_RETEST_FILLED,2024-06-21T09:25:00Z,2024-06-21T09:10:00Z,2362.62,True,True,RECLAIM_CONFIRMATION_STOP,4f905213ab1c8d44e95614247a774b466bef593ebc7c844ac4a1a084ed5b02b9,a20ba11fbd2a3000308555717cfe3e969902fd68f6202d4734af9628f627fe8c,2365.69,1.340000000000048,0.0670000000000024,INVALID_STOP_ENTRY_TARGET_ORDER,M15_LATEST_CONFIRMED_OPPOSING_SWING_ELSE_CONTROL,False,9064821e031f6e09de9c4e5940709f7eb16c2981f94b0713e283e4dd63df04e8,2024-06-21T05:45:00Z,2361.66,2331.67,f454079f1eebd08a8e8df76af54c0b2b44d9ce9c2a44495cc27ebff5abee90db
d0143b2d98bd57542eac596afaf4b73e0325b919896e7b14cb9f1d85e215a94a,2362.62,2024-06-21T09:10:00Z,9eca1c61af0d5b9de4d4c1a0d83ce6c0b100c23c9ffe19bd952b0afc14ab26df,2024-06-21T09:10:00Z,2362.42,2365.69,2024-07-01T00:00:00Z,2024-06-21T06:00:00Z,0.0,SHORT,0.8333988641327794,-50.0,H1_SOURCE_SWING_BUFFERED_ELSE_CONTROL,2024-06-21T09:10:00Z,M5_BROKEN_CONTROL_FIRST_RETEST,2362.62,True,c128a25fb47fb0c15343d634fee4cf904d09e8238fb9d2dcdfbcb19faca4e234,1.0454558311884017,2.9502446751334985,2024_06,-1.0,-1.0,STOP,2024-06-21T11:16:00Z,STOP,a459c719f0772f3be4c9445d71dd359ed193de61617256e90667f90e5c718a45,2024-06-21T11:01:00Z,FIRST_RETEST_FILLED,2024-06-21T09:25:00Z,2024-06-21T09:10:00Z,2362.62,True,True,RECLAIM_CONFIRMATION_STOP,7ac176ebb2c5e9ec372f8c57a21ba00b50596a93d6d0b9db46197c7d56ac2fc3,a20ba11fbd2a3000308555717cfe3e969902fd68f6202d4734af9628f627fe8c,2365.1452142857142,5.104285714285782,0.2552142857142891,,H1_SOURCE_SWING_BUFFERED_ELSE_CONTROL,True,a20ba11fbd2a3000308555717cfe3e969902fd68f6202d4734af9628f627fe8c,2024-06-21T06:00:00Z,2364.89,2331.67,f454079f1eebd08a8e8df76af54c0b2b44d9ce9c2a44495cc27ebff5abee90db
d0143b2d98bd57542eac596afaf4b73e0325b919896e7b14cb9f1d85e215a94a,2362.62,2024-06-21T09:10:00Z,9eca1c61af0d5b9de4d4c1a0d83ce6c0b100c23c9ffe19bd952b0afc14ab26df,2024-06-21T09:10:00Z,2362.42,2365.69,2024-07-01T00:00:00Z,2024-06-21T06:00:00Z,0.0,SHORT,1.0,-50.0,CONTROL_V2_FILLED_STOP,2024-06-21T09:10:00Z,CONFIRMED_25_75_RETEST_SPLIT,2362.42,True,bec78c91823a13c9d19a38bee8992f8cda46c57a125e70b442065ac7b1d94743,1.224526591558769,2.3743139188555134,2024_06,-1.0,-1.0,STOP,2024-06-21T11:16:00Z,SPLIT_STOP_STOP,7fb98c9577a4082a77baa4910affbc8aa15de63f053496c9e52ddbf45ad2e49c,2024-06-21T11:16:00Z,FIRST_RETEST_FILLED,2024-06-21T09:25:00Z,2024-06-21T09:10:00Z,2362.62,True,True,RECLAIM_CONFIRMATION_STOP,d4ebe4d19b0dfb6a769fb2750c0f49923e153938e1da045a9a7576274b59bad1,a20ba11fbd2a3000308555717cfe3e969902fd68f6202d4734af9628f627fe8c,2365.69,,,,CONTROL_V2_FILLED_STOP,False,,2024-06-21T09:10:00Z,2365.69,2331.67,f454079f1eebd08a8e8df76af54c0b2b44d9ce9c2a44495cc27ebff5abee90db
d0143b2d98bd57542eac596afaf4b73e0325b919896e7b14cb9f1d85e215a94a,2362.62,2024-06-21T09:10:00Z,9eca1c61af0d5b9de4d4c1a0d83ce6c0b100c23c9ffe19bd952b0afc14ab26df,2024-06-21T09:10:00Z,2362.42,2365.69,2024-07-01T00:00:00Z,2024-06-21T06:00:00Z,0.0,SHORT,1.0,-50.0,CONTROL_V2_FILLED_STOP,2024-06-21T09:10:00Z,CONFIRMED_25_75_RETEST_SPLIT,2362.42,True,2f1a1931435129404783ee1442cba3da94ef168098ec3773b242aea33cfd3901,1.224526591558769,2.3743139188555134,2024_06,-1.0,-1.0,STOP,2024-06-21T11:16:00Z,SPLIT_STOP_STOP,f8fc5134aaec18c2294c7dd201e8f1950cdda0558cbd3fead89cf5f107d24656,2024-06-21T11:16:00Z,FIRST_RETEST_FILLED,2024-06-21T09:25:00Z,2024-06-21T09:10:00Z,2362.62,True,True,RECLAIM_CONFIRMATION_STOP,f7914c02e607317f9abc55d456792348232ce26f5f39875f8900cb082120d146,a20ba11fbd2a3000308555717cfe3e969902fd68f6202d4734af9628f627fe8c,2365.69,0.9485714285715078,0.04742857142857539,NOT_STRICTLY_CLOSER_THAN_CONTROL,M5_LATEST_CONFIRMED_OPPOSING_SWING_ELSE_CONTROL,False,8b3ab3e1329f90cefaf570baa97327ebaf89df6500c401cd0bc7d7018b781cd7,2024-06-21T09:05:00Z,2365.67,2331.67,f454079f1eebd08a8e8df76af54c0b2b44d9ce9c2a44495cc27ebff5abee90db
d0143b2d98bd57542eac596afaf4b73e0325b919896e7b14cb9f1d85e215a94a,2362.62,2024-06-21T09:10:00Z,9eca1c61af0d5b9de4d4c1a0d83ce6c0b100c23c9ffe19bd952b0afc14ab26df,2024-06-21T09:10:00Z,2362.42,2365.69,2024-07-01T00:00:00Z,2024-06-21T06:00:00Z,0.0,SHORT,1.0,-50.0,CONTROL_V2_FILLED_STOP,2024-06-21T09:10:00Z,CONFIRMED_25_75_RETEST_SPLIT,2362.42,True,be55ee3b398ba1fa23edafa7ee4696de0e5e8465dc25b2ea8d5dd72f113b2e37,1.224526591558769,2.3743139188555134,2024_06,-1.0,-1.0,STOP,2024-06-21T11:16:00Z,SPLIT_STOP_STOP,bbe230d3f0cd1a4cc7b0f406cfd3511b79e79598c94963a13a9a55e4dccdb353,2024-06-21T11:16:00Z,FIRST_RETEST_FILLED,2024-06-21T09:25:00Z,2024-06-21T09:10:00Z,2362.62,True,True,RECLAIM_CONFIRMATION_STOP,ecd0593a1707a88c5d1b6abe8cd819877afb68377c5eabbddde67017664c7ef3,a20ba11fbd2a3000308555717cfe3e969902fd68f6202d4734af9628f627fe8c,2365.69,1.340000000000048,0.0670000000000024,INVALID_STOP_ENTRY_TARGET_ORDER,M15_LATEST_CONFIRMED_OPPOSING_SWING_ELSE_CONTROL,False,9064821e031f6e09de9c4e5940709f7eb16c2981f94b0713e283e4dd63df04e8,2024-06-21T05:45:00Z,2361.66,2331.67,f454079f1eebd08a8e8df76af54c0b2b44d9ce9c2a44495cc27ebff5abee90db
d0143b2d98bd57542eac596afaf4b73e0325b919896e7b14cb9f1d85e215a94a,2362.62,2024-06-21T09:10:00Z,9eca1c61af0d5b9de4d4c1a0d83ce6c0b100c23c9ffe19bd952b0afc14ab26df,2024-06-21T09:10:00Z,2362.42,2365.69,2024-07-01T00:00:00Z,2024-06-21T06:00:00Z,0.0,SHORT,0.8333988641327794,-50.0,H1_SOURCE_SWING_BUFFERED_ELSE_CONTROL,2024-06-21T09:10:00Z,CONFIRMED_25_75_RETEST_SPLIT,2362.42,True,c128a25fb47fb0c15343d634fee4cf904d09e8238fb9d2dcdfbcb19faca4e234,1.0446218448221434,2.877768820742204,2024_06,-1.0,-1.0,STOP,2024-06-21T11:16:00Z,SPLIT_STOP_STOP,a3f292296e46238486f0e1ba5462d06bb6dfa14d524706e79cc4e76a9186cf78,2024-06-21T11:01:00Z,FIRST_RETEST_FILLED,2024-06-21T09:25:00Z,2024-06-21T09:10:00Z,2362.62,True,True,RECLAIM_CONFIRMATION_STOP,ec2fc1774b98833ef7ac706b7a47e04fabe297a31aa0e98ecbc6a12d30db76d6,a20ba11fbd2a3000308555717cfe3e969902fd68f6202d4734af9628f627fe8c,2365.1452142857142,5.104285714285782,0.2552142857142891,,H1_SOURCE_SWING_BUFFERED_ELSE_CONTROL,True,a20ba11fbd2a3000308555717cfe3e969902fd68f6202d4734af9628f627fe8c,2024-06-21T06:00:00Z,2364.89,2331.67,f454079f1eebd08a8e8df76af54c0b2b44d9ce9c2a44495cc27ebff5abee90db
aef853d67dc4a24a484ba662f78dc0c63dc496ea958de41cc08460511d588c5f,2364.89,2024-06-21T12:25:00Z,4f46f7b74c3277ada516222c4d977a39970806adbff420d05fdfbfa70bb9a2c7,2024-06-21T12:25:00Z,2364.55,2368.17,2024-07-01T00:00:00Z,2024-06-21T11:00:00Z,0.0,SHORT,1.0,-50.0,CONTROL_V2_FILLED_STOP,2024-06-21T12:25:00Z,CONTROL_NEXT_M1_OPEN,2364.55,True,715d72a995480f6f734ac204d770fa628661e67b864cd9fcabe5ca3676c961ba,1.0027624309391612,0.8646408839779568,2024_06,-1.0,-1.0,STOP,2024-06-21T14:37:00Z,STOP,c88f8ffdd130678f814061b3d042b7801148e708335d56a00de7f8b31d79cc71,2024-06-21T14:37:00Z,RETEST_EXPIRED,2024-06-21T12:40:00Z,,2364.89,False,False,RECLAIM_CONFIRMATION_STOP,d22cd31bce189efe5739122a5d40978741a33c83ff33ee2c8d40d6cec3c985fc,69b329abb4b5013ac16c0e18634e7ef36f0857fdb9ff90a372475a884812f17d,2368.17,,,,CONTROL_V2_FILLED_STOP,False,,2024-06-21T12:25:00Z,2368.17,2357.16,7a64860f0bea719c440abb00021a4a72f304e8831c45027eaa05c20d6ca1b8da
aef853d67dc4a24a484ba662f78dc0c63dc496ea958de41cc08460511d588c5f,2364.89,2024-06-21T12:25:00Z,4f46f7b74c3277ada516222c4d977a39970806adbff420d05fdfbfa70bb9a2c7,2024-06-21T12:25:00Z,2364.55,2368.17,2024-07-01T00:00:00Z,2024-06-21T11:00:00Z,0.0,SHORT,0.789423835832588,-50.0,M5_LATEST_CONFIRMED_OPPOSING_SWING_ELSE_CONTROL,2024-06-21T12:25:00Z,CONTROL_NEXT_M1_OPEN,2364.55,True,bb1c0655d88dcc8853d06bdb14aa3078df780d547df3a22fecc2f45e94397446,1.0217956408718363,1.0952809438114306,2024_06,-1.0,-1.0,STOP,2024-06-21T14:37:00Z,STOP,27446cf0bf874a52795adce13a5826010ee40bb9b47c801b31da93dad46e08e9,2024-06-21T14:36:00Z,RETEST_EXPIRED,2024-06-21T12:40:00Z,,2364.89,False,False,RECLAIM_CONFIRMATION_STOP,0cba9f77b0bb31112ed45d3d51607424d1f800884d05295b199825eb12e52a26,69b329abb4b5013ac16c0e18634e7ef36f0857fdb9ff90a372475a884812f17d,2367.407714285714,1.5542857142856974,0.07771428571428488,,M5_LATEST_CONFIRMED_OPPOSING_SWING_ELSE_CONTROL,True,78e35200e57e70b1fcf2acfff75bc677f72beeec3b3b417a9cd8e976aed64324,2024-06-21T12:25:00Z,2367.33,2357.16,7a64860f0bea719c440abb00021a4a72f304e8831c45027eaa05c20d6ca1b8da
aef853d67dc4a24a484ba662f78dc0c63dc496ea958de41cc08460511d588c5f,2364.89,2024-06-21T12:25:00Z,4f46f7b74c3277ada516222c4d977a39970806adbff420d05fdfbfa70bb9a2c7,2024-06-21T12:25:00Z,2364.55,2368.17,2024-07-01T00:00:00Z,2024-06-21T11:00:00Z,0.0,SHORT,1.0,-50.0,CONTROL_V2_FILLED_STOP,2024-06-21T12:25:00Z,CONTROL_NEXT_M1_OPEN,2364.55,True,bf09c57e75cc22942490856968d6db92a01a3afdcccb5a5bf041dd1a5400d330,1.0027624309391612,0.8646408839779568,2024_06,-1.0,-1.0,STOP,2024-06-21T14:37:00Z,STOP,97fff241b49de6f25a93ffc3c8ca0545f8f438fbbac92e41c17347c5725a1f1c,2024-06-21T14:37:00Z,RETEST_EXPIRED,2024-06-21T12:40:00Z,,2364.89,False,False,RECLAIM_CONFIRMATION_STOP,936f99ad528e147fe8f33d97a7149138e20fc2b57c4ad412bba22b4d6dde2753,69b329abb4b5013ac16c0e18634e7ef36f0857fdb9ff90a372475a884812f17d,2368.17,2.8935714285714442,0.1446785714285722,NOT_STRICTLY_CLOSER_THAN_CONTROL,M15_LATEST_CONFIRMED_OPPOSING_SWING_ELSE_CONTROL,False,bcf4b31ffeb24db4e7ee7c5b389a70752e4aea708ad4b212a40eaa98e85e83f4,2024-06-21T12:00:00Z,2368.15,2357.16,7a64860f0bea719c440abb00021a4a72f304e8831c45027eaa05c20d6ca1b8da
aef853d67dc4a24a484ba662f78dc0c63dc496ea958de41cc08460511d588c5f,2364.89,2024-06-21T12:25:00Z,4f46f7b74c3277ada516222c4d977a39970806adbff420d05fdfbfa70bb9a2c7,2024-06-21T12:25:00Z,2364.55,2368.17,2024-07-01T00:00:00Z,2024-06-21T11:00:00Z,0.0,SHORT,0.3668606945540887,-50.0,H1_SOURCE_SWING_BUFFERED_ELSE_CONTROL,2024-06-21T12:25:00Z,CONTROL_NEXT_M1_OPEN,2364.55,True,0e7b30e21b30fd0d10211e80dd16a689f0a6d0dae2d8801aa94a3d4ea528896c,1.0617184348526163,2.35686432701358,2024_06,-1.0,-1.0,STOP,2024-06-21T14:37:00Z,STOP,071c84d0c8f726f3335fc04106ce38c08ad4804a54e1273c5dd34e34fae42b0e,2024-06-21T14:13:00Z,RETEST_EXPIRED,2024-06-21T12:40:00Z,,2364.89,False,False,RECLAIM_CONFIRMATION_STOP,d14b65cc65e89b328aa71e223d90bb129551c057f9065d4e633741492276a9a5,69b329abb4b5013ac16c0e18634e7ef36f0857fdb9ff90a372475a884812f17d,2365.878035714286,4.16071428571435,0.20803571428571754,,H1_SOURCE_SWING_BUFFERED_ELSE_CONTROL,True,69b329abb4b5013ac16c0e18634e7ef36f0857fdb9ff90a372475a884812f17d,2024-06-21T11:00:00Z,2365.67,2357.16,7a64860f0bea719c440abb00021a4a72f304e8831c45027eaa05c20d6ca1b8da
aef853d67dc4a24a484ba662f78dc0c63dc496ea958de41cc08460511d588c5f,2364.89,2024-06-21T12:25:00Z,4f46f7b74c3277ada516222c4d977a39970806adbff420d05fdfbfa70bb9a2c7,2024-06-21T12:25:00Z,2364.55,2368.17,2024-07-01T00:00:00Z,2024-06-21T11:00:00Z,1.0,SHORT,1.0,0.0,CONTROL_V2_FILLED_STOP,,M5_BROKEN_CONTROL_FIRST_RETEST,,False,715d72a995480f6f734ac204d770fa628661e67b864cd9fcabe5ca3676c961ba,,,2024_06,0.0,-1.0,STOP,2024-06-21T14:37:00Z,NO_FILL,ab911d01fc9e3e8a2591b11094e37bb01c92a7e9a857621af7c4cdf2349ed377,,RETEST_EXPIRED,2024-06-21T12:40:00Z,,2364.89,False,False,RECLAIM_CONFIRMATION_STOP,5f3c389fd55d0b1800876f1cdd90dcbc73f9cbec0a1200f1b0e985ba8052d4b2,69b329abb4b5013ac16c0e18634e7ef36f0857fdb9ff90a372475a884812f17d,2368.17,,,,CONTROL_V2_FILLED_STOP,False,,2024-06-21T12:25:00Z,2368.17,2357.16,7a64860f0bea719c440abb00021a4a72f304e8831c45027eaa05c20d6ca1b8da
aef853d67dc4a24a484ba662f78dc0c63dc496ea958de41cc08460511d588c5f,2364.89,2024-06-21T12:25:00Z,4f46f7b74c3277ada516222c4d977a39970806adbff420d05fdfbfa70bb9a2c7,2024-06-21T12:25:00Z,2364.55,2368.17,2024-07-01T00:00:00Z,2024-06-21T11:00:00Z,1.0,SHORT,0.789423835832588,0.0,M5_LATEST_CONFIRMED_OPPOSING_SWING_ELSE_CONTROL,,M5_BROKEN_CONTROL_FIRST_RETEST,,False,bb1c0655d88dcc8853d06bdb14aa3078df780d547df3a22fecc2f45e94397446,,,2024_06,0.0,-1.0,STOP,2024-06-21T14:37:00Z,NO_FILL,a9120fbec583d5952378350b74554e296b7647fcbdbf6b120f2f690650c35567,,RETEST_EXPIRED,2024-06-21T12:40:00Z,,2364.89,False,False,RECLAIM_CONFIRMATION_STOP,8c486ac9d6c65eedd32f21300935b39209f9b3ada1b55a07f05c176415b6ee65,69b329abb4b5013ac16c0e18634e7ef36f0857fdb9ff90a372475a884812f17d,2367.407714285714,1.5542857142856974,0.07771428571428488,,M5_LATEST_CONFIRMED_OPPOSING_SWING_ELSE_CONTROL,True,78e35200e57e70b1fcf2acfff75bc677f72beeec3b3b417a9cd8e976aed64324,2024-06-21T12:25:00Z,2367.33,2357.16,7a64860f0bea719c440abb00021a4a72f304e8831c45027eaa05c20d6ca1b8da
aef853d67dc4a24a484ba662f78dc0c63dc496ea958de41cc08460511d588c5f,2364.89,2024-06-21T12:25:00Z,4f46f7b74c3277ada516222c4d977a39970806adbff420d05fdfbfa70bb9a2c7,2024-06-21T12:25:00Z,2364.55,2368.17,2024-07-01T00:00:00Z,2024-06-21T11:00:00Z,1.0,SHORT,1.0,0.0,CONTROL_V2_FILLED_STOP,,M5_BROKEN_CONTROL_FIRST_RETEST,,False,bf09c57e75cc22942490856968d6db92a01a3afdcccb5a5bf041dd1a5400d330,,,2024_06,0.0,-1.0,STOP,2024-06-21T14:37:00Z,NO_FILL,fef97f1edab5292a1ab3c7ef4abea78898b2dc5254346d0186b43084c1c65488,,RETEST_EXPIRED,2024-06-21T12:40:00Z,,2364.89,False,False,RECLAIM_CONFIRMATION_STOP,0badad4d7eb011ff2e0c66e3b310524f33ce65ee2abdee9fcc0cb72848531947,69b329abb4b5013ac16c0e18634e7ef36f0857fdb9ff90a372475a884812f17d,2368.17,2.8935714285714442,0.1446785714285722,NOT_STRICTLY_CLOSER_THAN_CONTROL,M15_LATEST_CONFIRMED_OPPOSING_SWING_ELSE_CONTROL,False,bcf4b31ffeb24db4e7ee7c5b389a70752e4aea708ad4b212a40eaa98e85e83f4,2024-06-21T12:00:00Z,2368.15,2357.16,7a64860f0bea719c440abb00021a4a72f304e8831c45027eaa05c20d6ca1b8da
aef853d67dc4a24a484ba662f78dc0c63dc496ea958de41cc08460511d588c5f,2364.89,2024-06-21T12:25:00Z,4f46f7b74c3277ada516222c4d977a39970806adbff420d05fdfbfa70bb9a2c7,2024-06-21T12:25:00Z,2364.55,2368.17,2024-07-01T00:00:00Z,2024-06-21T11:00:00Z,1.0,SHORT,0.3668606945540887,0.0,H1_SOURCE_SWING_BUFFERED_ELSE_CONTROL,,M5_BROKEN_CONTROL_FIRST_RETEST,,False,0e7b30e21b30fd0d10211e80dd16a689f0a6d0dae2d8801aa94a3d4ea528896c,,,2024_06,0.0,-1.0,STOP,2024-06-21T14:37:00Z,NO_FILL,6a6355daf73c59fbeaadfa85a728c3b3942e4507322e31e89065f62b68a1b32d,,RETEST_EXPIRED,2024-06-21T12:40:00Z,,2364.89,False,False,RECLAIM_CONFIRMATION_STOP,84951bedf51d77f1c3e2b993cd0c7a54b18dedcfd5e9e1ffd9ce8ca1d01c518b,69b329abb4b5013ac16c0e18634e7ef36f0857fdb9ff90a372475a884812f17d,2365.878035714286,4.16071428571435,0.20803571428571754,,H1_SOURCE_SWING_BUFFERED_ELSE_CONTROL,True,69b329abb4b5013ac16c0e18634e7ef36f0857fdb9ff90a372475a884812f17d,2024-06-21T11:00:00Z,2365.67,2357.16,7a64860f0bea719c440abb00021a4a72f304e8831c45027eaa05c20d6ca1b8da
aef853d67dc4a24a484ba662f78dc0c63dc496ea958de41cc08460511d588c5f,2364.89,2024-06-21T12:25:00Z,4f46f7b74c3277ada516222c4d977a39970806adbff420d05fdfbfa70bb9a2c7,2024-06-21T12:25:00Z,2364.55,2368.17,2024-07-01T00:00:00Z,2024-06-21T11:00:00Z,0.75,SHORT,1.0,-12.5,CONTROL_V2_FILLED_STOP,2024-06-21T12:25:00Z,CONFIRMED_25_75_RETEST_SPLIT,2364.55,True,715d72a995480f6f734ac204d770fa628661e67b864cd9fcabe5ca3676c961ba,0.2506906077347903,0.2161602209944892,2024_06,-0.25,-1.0,STOP,2024-06-21T14:37:00Z,SPLIT_CONTROL_STOP_NO_RETEST,4c27101824cf7fac961e61f0091b245e4bfba10414ac2b204a758e683f3ac319,2024-06-21T14:37:00Z,RETEST_EXPIRED,2024-06-21T12:40:00Z,,2364.89,False,False,RECLAIM_CONFIRMATION_STOP,43214547fc0678159492f0ba47972302aa016a0d9ae7a22fe4436c8aa17e6983,69b329abb4b5013ac16c0e18634e7ef36f0857fdb9ff90a372475a884812f17d,2368.17,,,,CONTROL_V2_FILLED_STOP,False,,2024-06-21T12:25:00Z,2368.17,2357.16,7a64860f0bea719c440abb00021a4a72f304e8831c45027eaa05c20d6ca1b8da
aef853d67dc4a24a484ba662f78dc0c63dc496ea958de41cc08460511d588c5f,2364.89,2024-06-21T12:25:00Z,4f46f7b74c3277ada516222c4d977a39970806adbff420d05fdfbfa70bb9a2c7,2024-06-21T12:25:00Z,2364.55,2368.17,2024-07-01T00:00:00Z,2024-06-21T11:00:00Z,0.75,SHORT,0.789423835832588,-12.5,M5_LATEST_CONFIRMED_OPPOSING_SWING_ELSE_CONTROL,2024-06-21T12:25:00Z,CONFIRMED_25_75_RETEST_SPLIT,2364.55,True,bb1c0655d88dcc8853d06bdb14aa3078df780d547df3a22fecc2f45e94397446,0.25544891021795907,0.27382023595285765,2024_06,-0.25,-1.0,STOP,2024-06-21T14:37:00Z,SPLIT_CONTROL_STOP_NO_RETEST,4d36e438d8312c98733aed94e17d994769b6bfdfd63aa4a60bc8bb1cfa29171e,2024-06-21T14:36:00Z,RETEST_EXPIRED,2024-06-21T12:40:00Z,,2364.89,False,False,RECLAIM_CONFIRMATION_STOP,523e80aa7391bc4280422c951bd17028e3b1e78fe4a5676f6e1200915987fc01,69b329abb4b5013ac16c0e18634e7ef36f0857fdb9ff90a372475a884812f17d,2367.407714285714,1.5542857142856974,0.07771428571428488,,M5_LATEST_CONFIRMED_OPPOSING_SWING_ELSE_CONTROL,True,78e35200e57e70b1fcf2acfff75bc677f72beeec3b3b417a9cd8e976aed64324,2024-06-21T12:25:00Z,2367.33,2357.16,7a64860f0bea719c440abb00021a4a72f304e8831c45027eaa05c20d6ca1b8da
aef853d67dc4a24a484ba662f78dc0c63dc496ea958de41cc08460511d588c5f,2364.89,2024-06-21T12:25:00Z,4f46f7b74c3277ada516222c4d977a39970806adbff420d05fdfbfa70bb9a2c7,2024-06-21T12:25:00Z,2364.55,2368.17,2024-07-01T00:00:00Z,2024-06-21T11:00:00Z,0.75,SHORT,1.0,-12.5,CONTROL_V2_FILLED_STOP,2024-06-21T12:25:00Z,CONFIRMED_25_75_RETEST_SPLIT,2364.55,True,bf09c57e75cc22942490856968d6db92a01a3afdcccb5a5bf041dd1a5400d330,0.2506906077347903,0.2161602209944892,2024_06,-0.25,-1.0,STOP,2024-06-21T14:37:00Z,SPLIT_CONTROL_STOP_NO_RETEST,ebae372369cb3599c86dd1f6a21633c9a0e73bceb055875e3dc69501f4baf409,2024-06-21T14:37:00Z,RETEST_EXPIRED,2024-06-21T12:40:00Z,,2364.89,False,False,RECLAIM_CONFIRMATION_STOP,769229f1671f24383cc86607dc7840e6b0280cc661e06b5a4a6cb342351ad34e,69b329abb4b5013ac16c0e18634e7ef36f0857fdb9ff90a372475a884812f17d,2368.17,2.8935714285714442,0.1446785714285722,NOT_STRICTLY_CLOSER_THAN_CONTROL,M15_LATEST_CONFIRMED_OPPOSING_SWING_ELSE_CONTROL,False,bcf4b31ffeb24db4e7ee7c5b389a70752e4aea708ad4b212a40eaa98e85e83f4,2024-06-21T12:00:00Z,2368.15,2357.16,7a64860f0bea719c440abb00021a4a72f304e8831c45027eaa05c20d6ca1b8da
aef853d67dc4a24a484ba662f78dc0c63dc496ea958de41cc08460511d588c5f,2364.89,2024-06-21T12:25:00Z,4f46f7b74c3277ada516222c4d977a39970806adbff420d05fdfbfa70bb9a2c7,2024-06-21T12:25:00Z,2364.55,2368.17,2024-07-01T00:00:00Z,2024-06-21T11:00:00Z,0.75,SHORT,0.3668606945540887,-12.5,H1_SOURCE_SWING_BUFFERED_ELSE_CONTROL,2024-06-21T12:25:00Z,CONFIRMED_25_75_RETEST_SPLIT,2364.55,True,0e7b30e21b30fd0d10211e80dd16a689f0a6d0dae2d8801aa94a3d4ea528896c,0.2654296087131541,0.589216081753395,2024_06,-0.25,-1.0,STOP,2024-06-21T14:37:00Z,SPLIT_CONTROL_STOP_NO_RETEST,f3a7d4deae35943e2e22d4f3244635ef28f8feb5a2ef30c3d3f81bc58ed46a62,2024-06-21T14:13:00Z,RETEST_EXPIRED,2024-06-21T12:40:00Z,,2364.89,False,False,RECLAIM_CONFIRMATION_STOP,548a97c768ab28bb2562606588bdc088d3f6676e19b6a74266b4ce2c0e0dab61,69b329abb4b5013ac16c0e18634e7ef36f0857fdb9ff90a372475a884812f17d,2365.878035714286,4.16071428571435,0.20803571428571754,,H1_SOURCE_SWING_BUFFERED_ELSE_CONTROL,True,69b329abb4b5013ac16c0e18634e7ef36f0857fdb9ff90a372475a884812f17d,2024-06-21T11:00:00Z,2365.67,2357.16,7a64860f0bea719c440abb00021a4a72f304e8831c45027eaa05c20d6ca1b8da
9a6329350f8e504cab839ce11cc81ea19259b9e6f7761fbcd2171ebb0fdd1e86,2364.82,2024-06-21T15:30:00Z,fa8aa96ca07338b92952df44f5b2f2738bc39e87dd889166527159c7b3a55098,2024-06-21T15:30:00Z,2364.66,2368.79,2024-07-01T00:00:00Z,2024-06-21T14:00:00Z,0.0,SHORT,1.0,114.89104116222192,CONTROL_V2_FILLED_STOP,2024-06-21T15:30:00Z,CONTROL_NEXT_M1_OPEN,2364.66,True,6f1dd20226bcb345e2aa4c5c977bf1744b25e4fc0b2b0d553e8290c668e8d561,0.0,2.573849878934473,2024_06,2.2978208232444386,2.2978208232444386,TARGET,2024-06-21T16:25:00Z,TARGET,19bdfd4682d8c3c124ba5b627854beefb30dfdb77821bbf481faf624e9a8eb90,2024-06-21T16:25:00Z,RETEST_EXPIRED,2024-06-21T15:45:00Z,,2364.82,False,False,RECLAIM_CONFIRMATION_TARGET,b9967e8a49cc51ae1f799dac540e1ffc65bfbc12dd7a7fe51ba7248efe286f4b,0d91650c7344bf56e2397d08a676a90fa5af230dfe827d7bda0093f8f37eab4a,2368.79,,,,CONTROL_V2_FILLED_STOP,False,,2024-06-21T15:30:00Z,2368.79,2355.17,3cb8c462b4c5eefd9aa0e70e11669e3ddb27b29c5d2470f3f4cbe86e22547e47
9a6329350f8e504cab839ce11cc81ea19259b9e6f7761fbcd2171ebb0fdd1e86,2364.82,2024-06-21T15:30:00Z,fa8aa96ca07338b92952df44f5b2f2738bc39e87dd889166527159c7b3a55098,2024-06-21T15:30:00Z,2364.66,2368.79,2024-07-01T00:00:00Z,2024-06-21T14:00:00Z,0.384891773551149,SHORT,0.8565288827394744,134.13562983977937,M5_LATEST_CONFIRMED_OPPOSING_SWING_ELSE_CONTROL,2024-06-21T15:30:00Z,CONTROL_NEXT_M1_OPEN,2364.66,True,a50562f0328eed3b8b8a13b6182d6988646af84c88c217657d1c7d2ad4f09861,0.0,3.0049773344506665,2024_06,2.6827125967955876,2.2978208232444386,TARGET,2024-06-21T16:25:00Z,TARGET,07d7af8a4f32f56c30a3a04f63255f82b4ec079db69ec886cd701dfc15cc2df7,2024-06-21T16:25:00Z,RETEST_EXPIRED,2024-06-21T15:45:00Z,,2364.82,False,False,RECLAIM_CONFIRMATION_TARGET,45aef431f49cabe021f86beb9f5a790d952789a2b3b6f14ee363bf9efa32c0a3,0d91650c7344bf56e2397d08a676a90fa5af230dfe827d7bda0093f8f37eab4a,2368.197464285714,1.5492857142856207,0.07746428571428104,,M5_LATEST_CONFIRMED_OPPOSING_SWING_ELSE_CONTROL,True,5fe880b6feb559055174414aab90e60e81d5bc041d5ebe200665d70dac11d4ca,2024-06-21T15:20:00Z,2368.12,2355.17,3cb8c462b4c5eefd9aa0e70e11669e3ddb27b29c5d2470f3f4cbe86e22547e47
9a6329350f8e504cab839ce11cc81ea19259b9e6f7761fbcd2171ebb0fdd1e86,2364.82,2024-06-21T15:30:00Z,fa8aa96ca07338b92952df44f5b2f2738bc39e87dd889166527159c7b3a55098,2024-06-21T15:30:00Z,2364.66,2368.79,2024-07-01T00:00:00Z,2024-06-21T14:00:00Z,0.0,SHORT,1.0,114.89104116222192,CONTROL_V2_FILLED_STOP,2024-06-21T15:30:00Z,CONTROL_NEXT_M1_OPEN,2364.66,True,f6e43e7e466b466a8d3002c99e61471991191c1a605c983caf4eaba2d29adaec,0.0,2.573849878934473,2024_06,2.2978208232444386,2.2978208232444386,TARGET,2024-06-21T16:25:00Z,TARGET,9d51974f1cccc92d705fe4535bd77a96c0733473f3a65e2de80d4f4954fc058a,2024-06-21T16:25:00Z,RETEST_EXPIRED,2024-06-21T15:45:00Z,,2364.82,False,False,RECLAIM_CONFIRMATION_TARGET,62b41ce92fc904cf077752fd18fa72a4ce2d8b206c07909cb168be0581f561a2,0d91650c7344bf56e2397d08a676a90fa5af230dfe827d7bda0093f8f37eab4a,2368.79,2.2478571428570637,0.11239285714285319,NOT_STRICTLY_CLOSER_THAN_CONTROL,M15_LATEST_CONFIRMED_OPPOSING_SWING_ELSE_CONTROL,False,bbbcf4b18333d2b30586a813f8bbf171d9b335987e2ea09c66479bddd49ca2ae,2024-06-21T15:15:00Z,2368.77,2355.17,3cb8c462b4c5eefd9aa0e70e11669e3ddb27b29c5d2470f3f4cbe86e22547e47
9a6329350f8e504cab839ce11cc81ea19259b9e6f7761fbcd2171ebb0fdd1e86,2364.82,2024-06-21T15:30:00Z,fa8aa96ca07338b92952df44f5b2f2738bc39e87dd889166527159c7b3a55098,2024-06-21T15:30:00Z,2364.66,2368.79,2024-07-01T00:00:00Z,2024-06-21T14:00:00Z,0.25904765756838266,SHORT,0.8986855759252693,127.84342404064107,H1_SOURCE_SWING_BUFFERED_ELSE_CONTROL,2024-06-21T15:30:00Z,CONTROL_NEXT_M1_OPEN,2364.66,True,2ec206d7583696e2dc3a9d4c6963a3247c60a9ac9451b3f10a2f4c53a9adfc0f,0.0,2.8640160117007407,2024_06,2.5568684808128213,2.2978208232444386,TARGET,2024-06-21T16:25:00Z,TARGET,af4dc3d436486d41dae875ace340a9ba93e46486e1a772ca630affdc13c513b2,2024-06-21T16:25:00Z,RETEST_EXPIRED,2024-06-21T15:45:00Z,,2364.82,False,False,RECLAIM_CONFIRMATION_TARGET,5fad83e849bc274b8026f93aa5fa9f646418e7db8aa101ad836536c33b5b7612,0d91650c7344bf56e2397d08a676a90fa5af230dfe827d7bda0093f8f37eab4a,2368.3715714285713,4.431428571428602,0.22157142857143008,,H1_SOURCE_SWING_BUFFERED_ELSE_CONTROL,True,0d91650c7344bf56e2397d08a676a90fa5af230dfe827d7bda0093f8f37eab4a,2024-06-21T14:00:00Z,2368.15,2355.17,3cb8c462b4c5eefd9aa0e70e11669e3ddb27b29c5d2470f3f4cbe86e22547e47
9a6329350f8e504cab839ce11cc81ea19259b9e6f7761fbcd2171ebb0fdd1e86,2364.82,2024-06-21T15:30:00Z,fa8aa96ca07338b92952df44f5b2f2738bc39e87dd889166527159c7b3a55098,2024-06-21T15:30:00Z,2364.66,2368.79,2024-07-01T00:00:00Z,2024-06-21T14:00:00Z,-2.2978208232444386,SHORT,1.0,0.0,CONTROL_V2_FILLED_STOP,,M5_BROKEN_CONTROL_FIRST_RETEST,,False,6f1dd20226bcb345e2aa4c5c977bf1744b25e4fc0b2b0d553e8290c668e8d561,,,2024_06,0.0,2.2978208232444386,TARGET,2024-06-21T16:25:00Z,NO_FILL,90ebd99f1339b77294bc7755ceb6ba3a8016b358ddaa9893c0952f7f6015869b,,RETEST_EXPIRED,2024-06-21T15:45:00Z,,2364.82,False,False,RECLAIM_CONFIRMATION_TARGET,671023dd760a61bd6fdc545505618e6001b0c91df85ce19ec357b2d33b8511b2,0d91650c7344bf56e2397d08a676a90fa5af230dfe827d7bda0093f8f37eab4a,2368.79,,,,CONTROL_V2_FILLED_STOP,False,,2024-06-21T15:30:00Z,2368.79,2355.17,3cb8c462b4c5eefd9aa0e70e11669e3ddb27b29c5d2470f3f4cbe86e22547e47
9a6329350f8e504cab839ce11cc81ea19259b9e6f7761fbcd2171ebb0fdd1e86,2364.82,2024-06-21T15:30:00Z,fa8aa96ca07338b92952df44f5b2f2738bc39e87dd889166527159c7b3a55098,2024-06-21T15:30:00Z,2364.66,2368.79,2024-07-01T00:00:00Z,2024-06-21T14:00:00Z,-2.2978208232444386,SHORT,0.8565288827394744,0.0,M5_LATEST_CONFIRMED_OPPOSING_SWING_ELSE_CONTROL,,M5_BROKEN_CONTROL_FIRST_RETEST,,False,a50562f0328eed3b8b8a13b6182d6988646af84c88c217657d1c7d2ad4f09861,,,2024_06,0.0,2.2978208232444386,TARGET,2024-06-21T16:25:00Z,NO_FILL,37e12f1da1b02a26eae8fdca7b2b707c1f2d3713d94ddee012259082bd00c249,,RETEST_EXPIRED,2024-06-21T15:45:00Z,,2364.82,False,False,RECLAIM_CONFIRMATION_TARGET,9301e32f6699303f8dc739b7fd27e794b3b514b33e8828c854190ec76618249f,0d91650c7344bf56e2397d08a676a90fa5af230dfe827d7bda0093f8f37eab4a,2368.197464285714,1.5492857142856207,0.07746428571428104,,M5_LATEST_CONFIRMED_OPPOSING_SWING_ELSE_CONTROL,True,5fe880b6feb559055174414aab90e60e81d5bc041d5ebe200665d70dac11d4ca,2024-06-21T15:20:00Z,2368.12,2355.17,3cb8c462b4c5eefd9aa0e70e11669e3ddb27b29c5d2470f3f4cbe86e22547e47
9a6329350f8e504cab839ce11cc81ea19259b9e6f7761fbcd2171ebb0fdd1e86,2364.82,2024-06-21T15:30:00Z,fa8aa96ca07338b92952df44f5b2f2738bc39e87dd889166527159c7b3a55098,2024-06-21T15:30:00Z,2364.66,2368.79,2024-07-01T00:00:00Z,2024-06-21T14:00:00Z,-2.2978208232444386,SHORT,1.0,0.0,CONTROL_V2_FILLED_STOP,,M5_BROKEN_CONTROL_FIRST_RETEST,,False,f6e43e7e466b466a8d3002c99e61471991191c1a605c983caf4eaba2d29adaec,,,2024_06,0.0,2.2978208232444386,TARGET,2024-06-21T16:25:00Z,NO_FILL,05067119d9cefe436dbf337e2254812b3aa9c014f9cc041d6b67fb18877073da,,RETEST_EXPIRED,2024-06-21T15:45:00Z,,2364.82,False,False,RECLAIM_CONFIRMATION_TARGET,843155ac69478727912d590e526b16b340c99dafee45b5deb972cb9b98fd5022,0d91650c7344bf56e2397d08a676a90fa5af230dfe827d7bda0093f8f37eab4a,2368.79,2.2478571428570637,0.11239285714285319,NOT_STRICTLY_CLOSER_THAN_CONTROL,M15_LATEST_CONFIRMED_OPPOSING_SWING_ELSE_CONTROL,False,bbbcf4b18333d2b30586a813f8bbf171d9b335987e2ea09c66479bddd49ca2ae,2024-06-21T15:15:00Z,2368.77,2355.17,3cb8c462b4c5eefd9aa0e70e11669e3ddb27b29c5d2470f3f4cbe86e22547e47
9a6329350f8e504cab839ce11cc81ea19259b9e6f7761fbcd2171ebb0fdd1e86,2364.82,2024-06-21T15:30:00Z,fa8aa96ca07338b92952df44f5b2f2738bc39e87dd889166527159c7b3a55098,2024-06-21T15:30:00Z,2364.66,2368.79,2024-07-01T00:00:00Z,2024-06-21T14:00:00Z,-2.2978208232444386,SHORT,0.8986855759252693,0.0,H1_SOURCE_SWING_BUFFERED_ELSE_CONTROL,,M5_BROKEN_CONTROL_FIRST_RETEST,,False,2ec206d7583696e2dc3a9d4c6963a3247c60a9ac9451b3f10a2f4c53a9adfc0f,,,2024_06,0.0,2.2978208232444386,TARGET,2024-06-21T16:25:00Z,NO_FILL,28b5ba15dc094669ee5566acee42d33820dd873c46590bd57902f92d1cdf080d,,RETEST_EXPIRED,2024-06-21T15:45:00Z,,2364.82,False,False,RECLAIM_CONFIRMATION_TARGET,f98060776e2edd3512ca6573c92673d12c38cf01706c296027246c565a868d9a,0d91650c7344bf56e2397d08a676a90fa5af230dfe827d7bda0093f8f37eab4a,2368.3715714285713,4.431428571428602,0.22157142857143008,,H1_SOURCE_SWING_BUFFERED_ELSE_CONTROL,True,0d91650c7344bf56e2397d08a676a90fa5af230dfe827d7bda0093f8f37eab4a,2024-06-21T14:00:00Z,2368.15,2355.17,3cb8c462b4c5eefd9aa0e70e11669e3ddb27b29c5d2470f3f4cbe86e22547e47
9a6329350f8e504cab839ce11cc81ea19259b9e6f7761fbcd2171ebb0fdd1e86,2364.82,2024-06-21T15:30:00Z,fa8aa96ca07338b92952df44f5b2f2738bc39e87dd889166527159c7b3a55098,2024-06-21T15:30:00Z,2364.66,2368.79,2024-07-01T00:00:00Z,2024-06-21T14:00:00Z,-1.723365617433329,SHORT,1.0,28.72276029055548,CONTROL_V2_FILLED_STOP,2024-06-21T15:30:00Z,CONFIRMED_25_75_RETEST_SPLIT,2364.66,True,6f1dd20226bcb345e2aa4c5c977bf1744b25e4fc0b2b0d553e8290c668e8d561,0.0,0.6434624697336182,2024_06,0.5744552058111096,2.2978208232444386,TARGET,2024-06-21T16:25:00Z,SPLIT_CONTROL_TARGET_NO_RETEST,21f526ee6bb03fd575bab57214e9c2c4c287a01b4597c5abab0b6f69c9be1ec1,2024-06-21T16:25:00Z,RETEST_EXPIRED,2024-06-21T15:45:00Z,,2364.82,False,False,RECLAIM_CONFIRMATION_TARGET,2f3ded739c4adcc295685310ea3fc8537c2bc961a3d694f707eb1e804e6a55df,0d91650c7344bf56e2397d08a676a90fa5af230dfe827d7bda0093f8f37eab4a,2368.79,,,,CONTROL_V2_FILLED_STOP,False,,2024-06-21T15:30:00Z,2368.79,2355.17,3cb8c462b4c5eefd9aa0e70e11669e3ddb27b29c5d2470f3f4cbe86e22547e47
9a6329350f8e504cab839ce11cc81ea19259b9e6f7761fbcd2171ebb0fdd1e86,2364.82,2024-06-21T15:30:00Z,fa8aa96ca07338b92952df44f5b2f2738bc39e87dd889166527159c7b3a55098,2024-06-21T15:30:00Z,2364.66,2368.79,2024-07-01T00:00:00Z,2024-06-21T14:00:00Z,-1.6271426740455417,SHORT,0.8565288827394744,33.53390745994484,M5_LATEST_CONFIRMED_OPPOSING_SWING_ELSE_CONTROL,2024-06-21T15:30:00Z,CONFIRMED_25_75_RETEST_SPLIT,2364.66,True,a50562f0328eed3b8b8a13b6182d6988646af84c88c217657d1c7d2ad4f09861,0.0,0.7512443336126666,2024_06,0.6706781491988969,2.2978208232444386,TARGET,2024-06-21T16:25:00Z,SPLIT_CONTROL_TARGET_NO_RETEST,4529cafd366ebd8102284581b753e88e9d7b1672ac56b78aafeab111160bf362,2024-06-21T16:25:00Z,RETEST_EXPIRED,2024-06-21T15:45:00Z,,2364.82,False,False,RECLAIM_CONFIRMATION_TARGET,3b50b7ecac0a25899b5af783cdf7b9b699dc0a1722b37942b35ef7b6ce2c555b,0d91650c7344bf56e2397d08a676a90fa5af230dfe827d7bda0093f8f37eab4a,2368.197464285714,1.5492857142856207,0.07746428571428104,,M5_LATEST_CONFIRMED_OPPOSING_SWING_ELSE_CONTROL,True,5fe880b6feb559055174414aab90e60e81d5bc041d5ebe200665d70dac11d4ca,2024-06-21T15:20:00Z,2368.12,2355.17,3cb8c462b4c5eefd9aa0e70e11669e3ddb27b29c5d2470f3f4cbe86e22547e47
9a6329350f8e504cab839ce11cc81ea19259b9e6f7761fbcd2171ebb0fdd1e86,2364.82,2024-06-21T15:30:00Z,fa8aa96ca07338b92952df44f5b2f2738bc39e87dd889166527159c7b3a55098,2024-06-21T15:30:00Z,2364.66,2368.79,2024-07-01T00:00:00Z,2024-06-21T14:00:00Z,-1.723365617433329,SHORT,1.0,28.72276029055548,CONTROL_V2_FILLED_STOP,2024-06-21T15:30:00Z,CONFIRMED_25_75_RETEST_SPLIT,2364.66,True,f6e43e7e466b466a8d3002c99e61471991191c1a605c983caf4eaba2d29adaec,0.0,0.6434624697336182,2024_06,0.5744552058111096,2.2978208232444386,TARGET,2024-06-21T16:25:00Z,SPLIT_CONTROL_TARGET_NO_RETEST,a0c99c779e472854a9d5db21d777d2dbb78f0e5f39a706fd8459b848be452b84,2024-06-21T16:25:00Z,RETEST_EXPIRED,2024-06-21T15:45:00Z,,2364.82,False,False,RECLAIM_CONFIRMATION_TARGET,9b466b2ee13052b5623f55aed6236ae69f8113adaef452f6d39b540f46a2773a,0d91650c7344bf56e2397d08a676a90fa5af230dfe827d7bda0093f8f37eab4a,2368.79,2.2478571428570637,0.11239285714285319,NOT_STRICTLY_CLOSER_THAN_CONTROL,M15_LATEST_CONFIRMED_OPPOSING_SWING_ELSE_CONTROL,False,bbbcf4b18333d2b30586a813f8bbf171d9b335987e2ea09c66479bddd49ca2ae,2024-06-21T15:15:00Z,2368.77,2355.17,3cb8c462b4c5eefd9aa0e70e11669e3ddb27b29c5d2470f3f4cbe86e22547e47
9a6329350f8e504cab839ce11cc81ea19259b9e6f7761fbcd2171ebb0fdd1e86,2364.82,2024-06-21T15:30:00Z,fa8aa96ca07338b92952df44f5b2f2738bc39e87dd889166527159c7b3a55098,2024-06-21T15:30:00Z,2364.66,2368.79,2024-07-01T00:00:00Z,2024-06-21T14:00:00Z,-1.6586037030412333,SHORT,0.8986855759252693,31.960856010160267,H1_SOURCE_SWING_BUFFERED_ELSE_CONTROL,2024-06-21T15:30:00Z,CONFIRMED_25_75_RETEST_SPLIT,2364.66,True,2ec206d7583696e2dc3a9d4c6963a3247c60a9ac9451b3f10a2f4c53a9adfc0f,0.0,0.7160040029251852,2024_06,0.6392171202032053,2.2978208232444386,TARGET,2024-06-21T16:25:00Z,SPLIT_CONTROL_TARGET_NO_RETEST,bf04fc7b3859406ef009492c9adecaeb4123e7f2d33907e64233776a36743ebf,2024-06-21T16:25:00Z,RETEST_EXPIRED,2024-06-21T15:45:00Z,,2364.82,False,False,RECLAIM_CONFIRMATION_TARGET,fcd19a448215c603d662e46ce6bf67072b774e9b2977c236689fdd25104839f4,0d91650c7344bf56e2397d08a676a90fa5af230dfe827d7bda0093f8f37eab4a,2368.3715714285713,4.431428571428602,0.22157142857143008,,H1_SOURCE_SWING_BUFFERED_ELSE_CONTROL,True,0d91650c7344bf56e2397d08a676a90fa5af230dfe827d7bda0093f8f37eab4a,2024-06-21T14:00:00Z,2368.15,2355.17,3cb8c462b4c5eefd9aa0e70e11669e3ddb27b29c5d2470f3f4cbe86e22547e47
fcd0358f7c06fa36e9391bd7c0744c9d5a4167e4652e7b6ea77fc73bf83dbc9f,2323.39,2024-06-24T04:20:00Z,b13e690841e68a1ed9a959f5826a7e40bdbc3a28cfe1820725b88ee9eca01f20,2024-06-24T04:20:00Z,2323.65,2316.78,2024-07-01T00:00:00Z,2024-06-21T23:00:00Z,0.0,LONG,1.0,-50.0,CONTROL_V2_FILLED_STOP,2024-06-24T04:20:00Z,CONTROL_NEXT_M1_OPEN,2323.65,True,4109c81f929e0ba2be645c3aa4c98058708c2aec48af00f4ebd6b801186ee15b,1.0538573508006335,1.962154294032057,2024_06,-1.0,-1.0,STOP,2024-06-25T18:31:00Z,STOP,3db26b9da2fd8298f7637d2bedd4dfa6c0776a585a7475053be3b68793ad3b08,2024-06-25T18:31:00Z,FIRST_RETEST_FILLED,2024-06-24T04:35:00Z,2024-06-24T04:20:00Z,2323.39,True,False,INITIAL_CONFIRMATION_STOP,8d965bca5c582d1807eb6b4e16d9adfc8177ef48b0cec7323a8f69b6c36ff204,76c4b691f39398afdbdd13a9086a1947d9ad11c9f66200a4259886ebfe5ad0e3,2316.78,,,,CONTROL_V2_FILLED_STOP,False,,2024-06-24T04:20:00Z,2316.78,2368.77,b336b112180f50425bdf1d7a11a7056ee11045d7a7e0275e37cc81fc627849ef
fcd0358f7c06fa36e9391bd7c0744c9d5a4167e4652e7b6ea77fc73bf83dbc9f,2323.39,2024-06-24T04:20:00Z,b13e690841e68a1ed9a959f5826a7e40bdbc3a28cfe1820725b88ee9eca01f20,2024-06-24T04:20:00Z,2323.65,2316.78,2024-07-01T00:00:00Z,2024-06-21T23:00:00Z,0.0,LONG,0.6849033063007044,-50.0,M5_LATEST_CONFIRMED_OPPOSING_SWING_ELSE_CONTROL,2024-06-24T04:20:00Z,CONTROL_NEXT_M1_OPEN,2323.65,True,e6ab362e7cbc78b0243ddeb725c45d104d52e2522059e4ac78b46b6522562014,1.538695084555397,2.864863223730125,2024_06,-1.0,-1.0,STOP,2024-06-25T18:31:00Z,STOP,61cdea65f2c75e7755baa0e57a7bd29ed12a9c6820089fb1ad339847542d00f4,2024-06-25T18:31:00Z,FIRST_RETEST_FILLED,2024-06-24T04:35:00Z,2024-06-24T04:20:00Z,2323.39,True,False,INITIAL_CONFIRMATION_STOP,c63196edef57fa6685fbd165d2d6bdf8f9ba2708e4677558127f9059bb2d05be,76c4b691f39398afdbdd13a9086a1947d9ad11c9f66200a4259886ebfe5ad0e3,2318.9447142857143,1.505714285714313,0.07528571428571566,,M5_LATEST_CONFIRMED_OPPOSING_SWING_ELSE_CONTROL,True,cc115e5d0c8d2f32768d2173c336850286f8b494c85fb30efa9828a97c545c85,2024-06-24T04:15:00Z,2319.02,2368.77,b336b112180f50425bdf1d7a11a7056ee11045d7a7e0275e37cc81fc627849ef
fcd0358f7c06fa36e9391bd7c0744c9d5a4167e4652e7b6ea77fc73bf83dbc9f,2323.39,2024-06-24T04:20:00Z,b13e690841e68a1ed9a959f5826a7e40bdbc3a28cfe1820725b88ee9eca01f20,2024-06-24T04:20:00Z,2323.65,2316.78,2024-07-01T00:00:00Z,2024-06-21T23:00:00Z,0.0,LONG,0.8787585776668815,-50.0,M15_LATEST_CONFIRMED_OPPOSING_SWING_ELSE_CONTROL,2024-06-24T04:20:00Z,CONTROL_NEXT_M1_OPEN,2323.65,True,532751bbeb9c97e45bb8c2119889b741c6faf866848391ce8f599fed8e45b1d3,1.199256971805205,2.2328707154604497,2024_06,-1.0,-1.0,STOP,2024-06-25T18:31:00Z,STOP,c94cefb1bc807e96254b16689e06bad5db978fbed024bb3d0318e32f0b1b2dd0,2024-06-25T18:31:00Z,FIRST_RETEST_FILLED,2024-06-24T04:35:00Z,2024-06-24T04:20:00Z,2323.39,True,False,INITIAL_CONFIRMATION_STOP,a2caabd9c6800c0ad11c851905a113dcf024765f40c604741088b9f62b5eeb1c,76c4b691f39398afdbdd13a9086a1947d9ad11c9f66200a4259886ebfe5ad0e3,2317.6129285714287,1.9414285714285597,0.09707142857142799,,M15_LATEST_CONFIRMED_OPPOSING_SWING_ELSE_CONTROL,True,9de3ae2860d0562f5e03fa0634b64d813b1ea2dc8d99e61d3883c2655420659f,2024-06-24T03:30:00Z,2317.71,2368.77,b336b112180f50425bdf1d7a11a7056ee11045d7a7e0275e37cc81fc627849ef
fcd0358f7c06fa36e9391bd7c0744c9d5a4167e4652e7b6ea77fc73bf83dbc9f,2323.39,2024-06-24T04:20:00Z,b13e690841e68a1ed9a959f5826a7e40bdbc3a28cfe1820725b88ee9eca01f20,2024-06-24T04:20:00Z,2323.65,2316.78,2024-07-01T00:00:00Z,2024-06-21T23:00:00Z,0.0,LONG,1.0,-50.0,CONTROL_V2_FILLED_STOP,2024-06-24T04:20:00Z,CONTROL_NEXT_M1_OPEN,2323.65,True,60772bdb7481fe40ce20a0de4620c92d37dd974c1766a772f1cabdd12e6bf43d,1.0538573508006335,1.962154294032057,2024_06,-1.0,-1.0,STOP,2024-06-25T18:31:00Z,STOP,88eb41bd006501106d95e250105df0e5b1b0a172ab1505ce6cbe496394b2b0ee,2024-06-25T18:31:00Z,FIRST_RETEST_FILLED,2024-06-24T04:35:00Z,2024-06-24T04:20:00Z,2323.39,True,False,INITIAL_CONFIRMATION_STOP,5424dda6ac5d19bb95758752bd220893539fe3575844259ef7bc87aa82ced75d,76c4b691f39398afdbdd13a9086a1947d9ad11c9f66200a4259886ebfe5ad0e3,2316.78,7.707857142857067,0.3853928571428534,NOT_STRICTLY_CLOSER_THAN_CONTROL,H1_SOURCE_SWING_BUFFERED_ELSE_CONTROL,False,76c4b691f39398afdbdd13a9086a1947d9ad11c9f66200a4259886ebfe5ad0e3,2024-06-21T23:00:00Z,2316.78,2368.77,b336b112180f50425bdf1d7a11a7056ee11045d7a7e0275e37cc81fc627849ef
fcd0358f7c06fa36e9391bd7c0744c9d5a4167e4652e7b6ea77fc73bf83dbc9f,2323.39,2024-06-24T04:20:00Z,b13e690841e68a1ed9a959f5826a7e40bdbc3a28cfe1820725b88ee9eca01f20,2024-06-24T04:20:00Z,2323.65,2316.78,2024-07-01T00:00:00Z,2024-06-21T23:00:00Z,0.0,LONG,1.0,-50.0,CONTROL_V2_FILLED_STOP,2024-06-24T04:20:00Z,M5_BROKEN_CONTROL_FIRST_RETEST,2323.39,True,4109c81f929e0ba2be645c3aa4c98058708c2aec48af00f4ebd6b801186ee15b,1.0559757942511896,2.0786686838125443,2024_06,-1.0,-1.0,STOP,2024-06-25T18:31:00Z,STOP,d2cc4a2784efddc04586a5a51c215db20c77b10b9fcfa563e8547974c3736200,2024-06-25T18:31:00Z,FIRST_RETEST_FILLED,2024-06-24T04:35:00Z,2024-06-24T04:20:00Z,2323.39,True,True,INITIAL_CONFIRMATION_STOP,dec771d6508ad7b7677fca23116e7862a89aae39abb794710b99273b48242801,76c4b691f39398afdbdd13a9086a1947d9ad11c9f66200a4259886ebfe5ad0e3,2316.78,,,,CONTROL_V2_FILLED_STOP,False,,2024-06-24T04:20:00Z,2316.78,2368.77,b336b112180f50425bdf1d7a11a7056ee11045d7a7e0275e37cc81fc627849ef
fcd0358f7c06fa36e9391bd7c0744c9d5a4167e4652e7b6ea77fc73bf83dbc9f,2323.39,2024-06-24T04:20:00Z,b13e690841e68a1ed9a959f5826a7e40bdbc3a28cfe1820725b88ee9eca01f20,2024-06-24T04:20:00Z,2323.65,2316.78,2024-07-01T00:00:00Z,2024-06-21T23:00:00Z,0.0,LONG,0.6849033063007044,-50.0,M5_LATEST_CONFIRMED_OPPOSING_SWING_ELSE_CONTROL,2024-06-24T04:20:00Z,M5_BROKEN_CONTROL_FIRST_RETEST,2323.39,True,e6ab362e7cbc78b0243ddeb725c45d104d52e2522059e4ac78b46b6522562014,1.5702027830447014,3.090914933959099,2024_06,-1.0,-1.0,STOP,2024-06-25T18:31:00Z,STOP,47558cee3bb51b29b8b1badbe307422a5a7b0d23bc069f4bdbae5c111578b029,2024-06-25T18:31:00Z,FIRST_RETEST_FILLED,2024-06-24T04:35:00Z,2024-06-24T04:20:00Z,2323.39,True,True,INITIAL_CONFIRMATION_STOP,66f1d31ac0ef8be1ad0ebbdd2202a06d75e7b2ba0277e9fab61f9221ed5b1b01,76c4b691f39398afdbdd13a9086a1947d9ad11c9f66200a4259886ebfe5ad0e3,2318.9447142857143,1.505714285714313,0.07528571428571566,,M5_LATEST_CONFIRMED_OPPOSING_SWING_ELSE_CONTROL,True,cc115e5d0c8d2f32768d2173c336850286f8b494c85fb30efa9828a97c545c85,2024-06-24T04:15:00Z,2319.02,2368.77,b336b112180f50425bdf1d7a11a7056ee11045d7a7e0275e37cc81fc627849ef
fcd0358f7c06fa36e9391bd7c0744c9d5a4167e4652e7b6ea77fc73bf83dbc9f,2323.39,2024-06-24T04:20:00Z,b13e690841e68a1ed9a959f5826a7e40bdbc3a28cfe1820725b88ee9eca01f20,2024-06-24T04:20:00Z,2323.65,2316.78,2024-07-01T00:00:00Z,2024-06-21T23:00:00Z,0.0,LONG,0.8787585776668815,-50.0,M15_LATEST_CONFIRMED_OPPOSING_SWING_ELSE_CONTROL,2024-06-24T04:20:00Z,M5_BROKEN_CONTROL_FIRST_RETEST,2323.39,True,532751bbeb9c97e45bb8c2119889b741c6faf866848391ce8f599fed8e45b1d3,1.208224631857525,2.3783676850605495,2024_06,-1.0,-1.0,STOP,2024-06-25T18:31:00Z,STOP,667526bc7d1f482824072145df4444cfb506e99463320f8fbae23a0722c925e8,2024-06-25T18:31:00Z,FIRST_RETEST_FILLED,2024-06-24T04:35:00Z,2024-06-24T04:20:00Z,2323.39,True,True,INITIAL_CONFIRMATION_STOP,9644788f2bb49da7aac30d63acb0c80187512ab13e34ebde6901b8b3af889f65,76c4b691f39398afdbdd13a9086a1947d9ad11c9f66200a4259886ebfe5ad0e3,2317.6129285714287,1.9414285714285597,0.09707142857142799,,M15_LATEST_CONFIRMED_OPPOSING_SWING_ELSE_CONTROL,True,9de3ae2860d0562f5e03fa0634b64d813b1ea2dc8d99e61d3883c2655420659f,2024-06-24T03:30:00Z,2317.71,2368.77,b336b112180f50425bdf1d7a11a7056ee11045d7a7e0275e37cc81fc627849ef
fcd0358f7c06fa36e9391bd7c0744c9d5a4167e4652e7b6ea77fc73bf83dbc9f,2323.39,2024-06-24T04:20:00Z,b13e690841e68a1ed9a959f5826a7e40bdbc3a28cfe1820725b88ee9eca01f20,2024-06-24T04:20:00Z,2323.65,2316.78,2024-07-01T00:00:00Z,2024-06-21T23:00:00Z,0.0,LONG,1.0,-50.0,CONTROL_V2_FILLED_STOP,2024-06-24T04:20:00Z,M5_BROKEN_CONTROL_FIRST_RETEST,2323.39,True,60772bdb7481fe40ce20a0de4620c92d37dd974c1766a772f1cabdd12e6bf43d,1.0559757942511896,2.0786686838125443,2024_06,-1.0,-1.0,STOP,2024-06-25T18:31:00Z,STOP,e33ea9b3902b9ed9766d2655bb74594181d677358d202c791f13ef0ec58c136a,2024-06-25T18:31:00Z,FIRST_RETEST_FILLED,2024-06-24T04:35:00Z,2024-06-24T04:20:00Z,2323.39,True,True,INITIAL_CONFIRMATION_STOP,bc189540f127339b2f686acc2b470bc5ed9dc10e162f16f4e047cea55f826e0d,76c4b691f39398afdbdd13a9086a1947d9ad11c9f66200a4259886ebfe5ad0e3,2316.78,7.707857142857067,0.3853928571428534,NOT_STRICTLY_CLOSER_THAN_CONTROL,H1_SOURCE_SWING_BUFFERED_ELSE_CONTROL,False,76c4b691f39398afdbdd13a9086a1947d9ad11c9f66200a4259886ebfe5ad0e3,2024-06-21T23:00:00Z,2316.78,2368.77,b336b112180f50425bdf1d7a11a7056ee11045d7a7e0275e37cc81fc627849ef
fcd0358f7c06fa36e9391bd7c0744c9d5a4167e4652e7b6ea77fc73bf83dbc9f,2323.39,2024-06-24T04:20:00Z,b13e690841e68a1ed9a959f5826a7e40bdbc3a28cfe1820725b88ee9eca01f20,2024-06-24T04:20:00Z,2323.65,2316.78,2024-07-01T00:00:00Z,2024-06-21T23:00:00Z,0.0,LONG,1.0,-50.0,CONTROL_V2_FILLED_STOP,2024-06-24T04:20:00Z,CONFIRMED_25_75_RETEST_SPLIT,2323.65,True,4109c81f929e0ba2be645c3aa4c98058708c2aec48af00f4ebd6b801186ee15b,1.0554461833885507,2.0495400863674225,2024_06,-1.0,-1.0,STOP,2024-06-25T18:31:00Z,SPLIT_STOP_STOP,1e8fcabc92f2ced73f1a538e11257835f382daffac273bc65da23790357d35ef,2024-06-25T18:31:00Z,FIRST_RETEST_FILLED,2024-06-24T04:35:00Z,2024-06-24T04:20:00Z,2323.39,True,True,INITIAL_CONFIRMATION_STOP,1a7dc0b3fa10dd0cec2c0297dcd97bd2d83b8b31b41d5090974e7605d5459028,76c4b691f39398afdbdd13a9086a1947d9ad11c9f66200a4259886ebfe5ad0e3,2316.78,,,,CONTROL_V2_FILLED_STOP,False,,2024-06-24T04:20:00Z,2316.78,2368.77,b336b112180f50425bdf1d7a11a7056ee11045d7a7e0275e37cc81fc627849ef
fcd0358f7c06fa36e9391bd7c0744c9d5a4167e4652e7b6ea77fc73bf83dbc9f,2323.39,2024-06-24T04:20:00Z,b13e690841e68a1ed9a959f5826a7e40bdbc3a28cfe1820725b88ee9eca01f20,2024-06-24T04:20:00Z,2323.65,2316.78,2024-07-01T00:00:00Z,2024-06-21T23:00:00Z,0.0,LONG,0.6849033063007044,-50.0,M5_LATEST_CONFIRMED_OPPOSING_SWING_ELSE_CONTROL,2024-06-24T04:20:00Z,CONFIRMED_25_75_RETEST_SPLIT,2323.65,True,e6ab362e7cbc78b0243ddeb725c45d104d52e2522059e4ac78b46b6522562014,1.5623258584223754,3.034402006401856,2024_06,-1.0,-1.0,STOP,2024-06-25T18:31:00Z,SPLIT_STOP_STOP,f17f5b3147ef6dcd56332014fbfe047d5b9d4f3418f76b4bf10a077df92adff6,2024-06-25T18:31:00Z,FIRST_RETEST_FILLED,2024-06-24T04:35:00Z,2024-06-24T04:20:00Z,2323.39,True,True,INITIAL_CONFIRMATION_STOP,f223acb1b793c20f0eea9a90bae958311ac85fdc561e9925bf79fa404020ea88,76c4b691f39398afdbdd13a9086a1947d9ad11c9f66200a4259886ebfe5ad0e3,2318.9447142857143,1.505714285714313,0.07528571428571566,,M5_LATEST_CONFIRMED_OPPOSING_SWING_ELSE_CONTROL,True,cc115e5d0c8d2f32768d2173c336850286f8b494c85fb30efa9828a97c545c85,2024-06-24T04:15:00Z,2319.02,2368.77,b336b112180f50425bdf1d7a11a7056ee11045d7a7e0275e37cc81fc627849ef
fcd0358f7c06fa36e9391bd7c0744c9d5a4167e4652e7b6ea77fc73bf83dbc9f,2323.39,2024-06-24T04:20:00Z,b13e690841e68a1ed9a959f5826a7e40bdbc3a28cfe1820725b88ee9eca01f20,2024-06-24T04:20:00Z,2323.65,2316.78,2024-07-01T00:00:00Z,2024-06-21T23:00:00Z,0.0,LONG,0.8787585776668815,-50.0,M15_LATEST_CONFIRMED_OPPOSING_SWING_ELSE_CONTROL,2024-06-24T04:20:00Z,CONFIRMED_25_75_RETEST_SPLIT,2323.65,True,532751bbeb9c97e45bb8c2119889b741c6faf866848391ce8f599fed8e45b1d3,1.205982716844445,2.3419934426605247,2024_06,-1.0,-1.0,STOP,2024-06-25T18:31:00Z,SPLIT_STOP_STOP,d445a53da06307df4b1e1974fa00d980d2b78b1cdae39dbf9c9a0b85e6c3c140,2024-06-25T18:31:00Z,FIRST_RETEST_FILLED,2024-06-24T04:35:00Z,2024-06-24T04:20:00Z,2323.39,True,True,INITIAL_CONFIRMATION_STOP,060a74c05237ba0766966d7266c40cdf2cef37e096df2f98b1b6b660accfc099,76c4b691f39398afdbdd13a9086a1947d9ad11c9f66200a4259886ebfe5ad0e3,2317.6129285714287,1.9414285714285597,0.09707142857142799,,M15_LATEST_CONFIRMED_OPPOSING_SWING_ELSE_CONTROL,True,9de3ae2860d0562f5e03fa0634b64d813b1ea2dc8d99e61d3883c2655420659f,2024-06-24T03:30:00Z,2317.71,2368.77,b336b112180f50425bdf1d7a11a7056ee11045d7a7e0275e37cc81fc627849ef
fcd0358f7c06fa36e9391bd7c0744c9d5a4167e4652e7b6ea77fc73bf83dbc9f,2323.39,2024-06-24T04:20:00Z,b13e690841e68a1ed9a959f5826a7e40bdbc3a28cfe1820725b88ee9eca01f20,2024-06-24T04:20:00Z,2323.65,2316.78,2024-07-01T00:00:00Z,2024-06-21T23:00:00Z,0.0,LONG,1.0,-50.0,CONTROL_V2_FILLED_STOP,2024-06-24T04:20:00Z,CONFIRMED_25_75_RETEST_SPLIT,2323.65,True,60772bdb7481fe40ce20a0de4620c92d37dd974c1766a772f1cabdd12e6bf43d,1.0554461833885507,2.0495400863674225,2024_06,-1.0,-1.0,STOP,2024-06-25T18:31:00Z,SPLIT_STOP_STOP,e5b08007103bc0a1db5757f581b2608e39fa65c4e7c63cb2f2b786d89758b64f,2024-06-25T18:31:00Z,FIRST_RETEST_FILLED,2024-06-24T04:35:00Z,2024-06-24T04:20:00Z,2323.39,True,True,INITIAL_CONFIRMATION_STOP,8dac4398cfcefe9eefb8b90cd09a31c236209a42636481e5492df61490537123,76c4b691f39398afdbdd13a9086a1947d9ad11c9f66200a4259886ebfe5ad0e3,2316.78,7.707857142857067,0.3853928571428534,NOT_STRICTLY_CLOSER_THAN_CONTROL,H1_SOURCE_SWING_BUFFERED_ELSE_CONTROL,False,76c4b691f39398afdbdd13a9086a1947d9ad11c9f66200a4259886ebfe5ad0e3,2024-06-21T23:00:00Z,2316.78,2368.77,b336b112180f50425bdf1d7a11a7056ee11045d7a7e0275e37cc81fc627849ef
7f9f903f94b7d8e9f1d6c234aac587e02e1187e95b8a8fbd3c47dcff7a10d590,2326.37,2024-06-24T07:15:00Z,d0f4cfb9e3926f8c5f212f35103b7dcb7b51bc6f3b63c27365e4f7c7c2c3dc35,2024-06-24T07:15:00Z,2326.58,2317.71,2024-07-01T00:00:00Z,2024-06-24T05:00:00Z,0.0,LONG,1.0,-50.0,CONTROL_V2_FILLED_STOP,2024-06-24T07:15:00Z,CONTROL_NEXT_M1_OPEN,2326.58,True,fdd3b43b9b4242aaf44ca6bd388acc4a75089759f401fb822ad0e5d4d4abdb06,1.1465614430665387,1.18940248027061,2024_06,-1.0,-1.0,STOP,2024-06-25T18:31:00Z,STOP,0b073ce4696ad8cd03ef4eb5fe2bbb3604716f390199d3f829702353d5293157,2024-06-25T18:31:00Z,FIRST_RETEST_FILLED,2024-06-24T07:30:00Z,2024-06-24T07:15:00Z,2326.37,True,False,INITIAL_CONFIRMATION_STOP,3af60d69ec5d994e2f74c1dc76f56900cab9eaccb4bfc8fc8d8001f6442b1c21,828a31ad5b3228bc8754c44ca4aa67852dd4631590475ba4d44da12e44c49d67,2317.71,,,,CONTROL_V2_FILLED_STOP,False,,2024-06-24T07:15:00Z,2317.71,2368.77,22ebb38ca2b40a3b4f1c24775fa73a59dd5a2e9ec4127cc9ceb89cf92f9308ab
7f9f903f94b7d8e9f1d6c234aac587e02e1187e95b8a8fbd3c47dcff7a10d590,2326.37,2024-06-24T07:15:00Z,d0f4cfb9e3926f8c5f212f35103b7dcb7b51bc6f3b63c27365e4f7c7c2c3dc35,2024-06-24T07:15:00Z,2326.58,2317.71,2024-07-01T00:00:00Z,2024-06-24T05:00:00Z,0.0,LONG,0.20033821871477628,-50.0,M5_LATEST_CONFIRMED_OPPOSING_SWING_ELSE_CONTROL,2024-06-24T07:15:00Z,CONTROL_NEXT_M1_OPEN,2326.58,True,e8cd6af4bc13cf25d8338fdf5ad8e21c29cf8cd687d399eb8df62c272ee295bd,1.0354530106922344,0.01125492402925229,2024_06,-1.0,-1.0,STOP,2024-06-25T18:31:00Z,STOP,3994b00e3e0ccd7a89a9b05ec6bf77b2df6408d17e6db182ac5312ee819f4732,2024-06-24T07:43:00Z,FIRST_RETEST_FILLED,2024-06-24T07:30:00Z,2024-06-24T07:15:00Z,2326.37,True,False,INITIAL_CONFIRMATION_STOP,7c4421c0ba0a38aa26c8adcae05a3efda431e3539e8c874ff1d313942e2b7097,828a31ad5b3228bc8754c44ca4aa67852dd4631590475ba4d44da12e44c49d67,2324.803,0.9399999999999896,0.04699999999999949,,M5_LATEST_CONFIRMED_OPPOSING_SWING_ELSE_CONTROL,True,61253e60e49418aaf41114b1dd61c0f75b42695a56d0994478436c7fc2395fee,2024-06-24T07:05:00Z,2324.85,2368.77,22ebb38ca2b40a3b4f1c24775fa73a59dd5a2e9ec4127cc9ceb89cf92f9308ab
7f9f903f94b7d8e9f1d6c234aac587e02e1187e95b8a8fbd3c47dcff7a10d590,2326.37,2024-06-24T07:15:00Z,d0f4cfb9e3926f8c5f212f35103b7dcb7b51bc6f3b63c27365e4f7c7c2c3dc35,2024-06-24T07:15:00Z,2326.58,2317.71,2024-07-01T00:00:00Z,2024-06-24T05:00:00Z,0.0,LONG,0.7922129167337719,-50.0,M15_LATEST_CONFIRMED_OPPOSING_SWING_ELSE_CONTROL,2024-06-24T07:15:00Z,CONTROL_NEXT_M1_OPEN,2326.58,True,6674ff466ee19fe4507bb8c13cfd6cd1974ef6674c2512fc40b6f8075d0f050d,1.0018601908982883,1.5013671894853946,2024_06,-1.0,-1.0,STOP,2024-06-25T18:31:00Z,STOP,c6565d5c5ef227febfa710ab9463bb007a907c2ae765d6527aff1b0463e49e5d,2024-06-25T17:10:00Z,FIRST_RETEST_FILLED,2024-06-24T07:30:00Z,2024-06-24T07:15:00Z,2326.37,True,False,INITIAL_CONFIRMATION_STOP,ab09b32309025edc97ddf286393efef0f2814509cb4d3cf7a434841cd5d8939f,828a31ad5b3228bc8754c44ca4aa67852dd4631590475ba4d44da12e44c49d67,2319.5530714285715,2.338571428571413,0.11692857142857066,,M15_LATEST_CONFIRMED_OPPOSING_SWING_ELSE_CONTROL,True,224c43b67013e00098964445e1c3ccd11a40e42f5645216915c3d9810f818fa7,2024-06-24T05:45:00Z,2319.67,2368.77,22ebb38ca2b40a3b4f1c24775fa73a59dd5a2e9ec4127cc9ceb89cf92f9308ab
7f9f903f94b7d8e9f1d6c234aac587e02e1187e95b8a8fbd3c47dcff7a10d590,2326.37,2024-06-24T07:15:00Z,d0f4cfb9e3926f8c5f212f35103b7dcb7b51bc6f3b63c27365e4f7c7c2c3dc35,2024-06-24T07:15:00Z,2326.58,2317.71,2024-07-01T00:00:00Z,2024-06-24T05:00:00Z,0.0,LONG,1.0,-50.0,CONTROL_V2_FILLED_STOP,2024-06-24T07:15:00Z,CONTROL_NEXT_M1_OPEN,2326.58,True,e36f134fee96ac0ccbd1217fd735bb4cf8e1883375753515b9073b2fbdaf74c2,1.1465614430665387,1.18940248027061,2024_06,-1.0,-1.0,STOP,2024-06-25T18:31:00Z,STOP,e58ca8b51a711d80d0a18ec3b22ad3bc7a9fb4debdd0904e58df23d760fde1e0,2024-06-25T18:31:00Z,FIRST_RETEST_FILLED,2024-06-24T07:30:00Z,2024-06-24T07:15:00Z,2326.37,True,False,INITIAL_CONFIRMATION_STOP,71f5e2951511479e18a4287446cc134fab7d87d60a274936396d78bb406970a8,828a31ad5b3228bc8754c44ca4aa67852dd4631590475ba4d44da12e44c49d67,2317.71,7.902142857142768,0.39510714285713844,NOT_STRICTLY_CLOSER_THAN_CONTROL,H1_SOURCE_SWING_BUFFERED_ELSE_CONTROL,False,828a31ad5b3228bc8754c44ca4aa67852dd4631590475ba4d44da12e44c49d67,2024-06-24T05:00:00Z,2317.71,2368.77,22ebb38ca2b40a3b4f1c24775fa73a59dd5a2e9ec4127cc9ceb89cf92f9308ab
7f9f903f94b7d8e9f1d6c234aac587e02e1187e95b8a8fbd3c47dcff7a10d590,2326.37,2024-06-24T07:15:00Z,d0f4cfb9e3926f8c5f212f35103b7dcb7b51bc6f3b63c27365e4f7c7c2c3dc35,2024-06-24T07:15:00Z,2326.58,2317.71,2024-07-01T00:00:00Z,2024-06-24T05:00:00Z,0.0,LONG,1.0,-50.0,CONTROL_V2_FILLED_STOP,2024-06-24T07:15:00Z,M5_BROKEN_CONTROL_FIRST_RETEST,2326.37,True,fdd3b43b9b4242aaf44ca6bd388acc4a75089759f401fb822ad0e5d4d4abdb06,1.150115473441132,1.2424942263279906,2024_06,-1.0,-1.0,STOP,2024-06-25T18:31:00Z,STOP,56db6a7261e52d27a43c7e788dcd995042bf9c1e7b7b8dc596157cd18e067727,2024-06-25T18:31:00Z,FIRST_RETEST_FILLED,2024-06-24T07:30:00Z,2024-06-24T07:15:00Z,2326.37,True,True,INITIAL_CONFIRMATION_STOP,354710afab2b30a3442b5bd61367fa395894cf7dc41e467a6c3cba3d01563f06,828a31ad5b3228bc8754c44ca4aa67852dd4631590475ba4d44da12e44c49d67,2317.71,,,,CONTROL_V2_FILLED_STOP,False,,2024-06-24T07:15:00Z,2317.71,2368.77,22ebb38ca2b40a3b4f1c24775fa73a59dd5a2e9ec4127cc9ceb89cf92f9308ab
7f9f903f94b7d8e9f1d6c234aac587e02e1187e95b8a8fbd3c47dcff7a10d590,2326.37,2024-06-24T07:15:00Z,d0f4cfb9e3926f8c5f212f35103b7dcb7b51bc6f3b63c27365e4f7c7c2c3dc35,2024-06-24T07:15:00Z,2326.58,2317.71,2024-07-01T00:00:00Z,2024-06-24T05:00:00Z,0.0,LONG,0.20033821871477628,-50.0,M5_LATEST_CONFIRMED_OPPOSING_SWING_ELSE_CONTROL,2024-06-24T07:15:00Z,M5_BROKEN_CONTROL_FIRST_RETEST,2326.37,True,e8cd6af4bc13cf25d8338fdf5ad8e21c29cf8cd687d399eb8df62c272ee295bd,1.0402042118698798,0.146777281429494,2024_06,-1.0,-1.0,STOP,2024-06-25T18:31:00Z,STOP,3ec6ea6d662c2ddc82409de757024fa20334569639423404722bb032c53a3e7b,2024-06-24T07:43:00Z,FIRST_RETEST_FILLED,2024-06-24T07:30:00Z,2024-06-24T07:15:00Z,2326.37,True,True,INITIAL_CONFIRMATION_STOP,90baa6827b8b7baefcdf509d675747f094254095fc6c1e1b0e3d3bcc738c178c,828a31ad5b3228bc8754c44ca4aa67852dd4631590475ba4d44da12e44c49d67,2324.803,0.9399999999999896,0.04699999999999949,,M5_LATEST_CONFIRMED_OPPOSING_SWING_ELSE_CONTROL,True,61253e60e49418aaf41114b1dd61c0f75b42695a56d0994478436c7fc2395fee,2024-06-24T07:05:00Z,2324.85,2368.77,22ebb38ca2b40a3b4f1c24775fa73a59dd5a2e9ec4127cc9ceb89cf92f9308ab
7f9f903f94b7d8e9f1d6c234aac587e02e1187e95b8a8fbd3c47dcff7a10d590,2326.37,2024-06-24T07:15:00Z,d0f4cfb9e3926f8c5f212f35103b7dcb7b51bc6f3b63c27365e4f7c7c2c3dc35,2024-06-24T07:15:00Z,2326.58,2317.71,2024-07-01T00:00:00Z,2024-06-24T05:00:00Z,0.0,LONG,0.7922129167337719,-50.0,M15_LATEST_CONFIRMED_OPPOSING_SWING_ELSE_CONTROL,2024-06-24T07:15:00Z,M5_BROKEN_CONTROL_FIRST_RETEST,2326.37,True,6674ff466ee19fe4507bb8c13cfd6cd1974ef6674c2512fc40b6f8075d0f050d,1.0019174953110523,1.578423462598427,2024_06,-1.0,-1.0,STOP,2024-06-25T18:31:00Z,STOP,eab4b5916e805446a3f063c22564b025bebcc314f255d229a6bf82d28f8b9d42,2024-06-25T17:10:00Z,FIRST_RETEST_FILLED,2024-06-24T07:30:00Z,2024-06-24T07:15:00Z,2326.37,True,True,INITIAL_CONFIRMATION_STOP,691fbbb5ce937849044fcb03f2085cace03d3263f891ca107d524ba2ec7d4972,828a31ad5b3228bc8754c44ca4aa67852dd4631590475ba4d44da12e44c49d67,2319.5530714285715,2.338571428571413,0.11692857142857066,,M15_LATEST_CONFIRMED_OPPOSING_SWING_ELSE_CONTROL,True,224c43b67013e00098964445e1c3ccd11a40e42f5645216915c3d9810f818fa7,2024-06-24T05:45:00Z,2319.67,2368.77,22ebb38ca2b40a3b4f1c24775fa73a59dd5a2e9ec4127cc9ceb89cf92f9308ab
7f9f903f94b7d8e9f1d6c234aac587e02e1187e95b8a8fbd3c47dcff7a10d590,2326.37,2024-06-24T07:15:00Z,d0f4cfb9e3926f8c5f212f35103b7dcb7b51bc6f3b63c27365e4f7c7c2c3dc35,2024-06-24T07:15:00Z,2326.58,2317.71,2024-07-01T00:00:00Z,2024-06-24T05:00:00Z,0.0,LONG,1.0,-50.0,CONTROL_V2_FILLED_STOP,2024-06-24T07:15:00Z,M5_BROKEN_CONTROL_FIRST_RETEST,2326.37,True,e36f134fee96ac0ccbd1217fd735bb4cf8e1883375753515b9073b2fbdaf74c2,1.150115473441132,1.2424942263279906,2024_06,-1.0,-1.0,STOP,2024-06-25T18:31:00Z,STOP,da927e844696054bc41686d453165aed7250bf71cb625dc3ae85042060400342,2024-06-25T18:31:00Z,FIRST_RETEST_FILLED,2024-06-24T07:30:00Z,2024-06-24T07:15:00Z,2326.37,True,True,INITIAL_CONFIRMATION_STOP,92caab77e969a38cb60a8e17729ab6d62fe574564d8e166aa814763d4e87b6e6,828a31ad5b3228bc8754c44ca4aa67852dd4631590475ba4d44da12e44c49d67,2317.71,7.902142857142768,0.39510714285713844,NOT_STRICTLY_CLOSER_THAN_CONTROL,H1_SOURCE_SWING_BUFFERED_ELSE_CONTROL,False,828a31ad5b3228bc8754c44ca4aa67852dd4631590475ba4d44da12e44c49d67,2024-06-24T05:00:00Z,2317.71,2368.77,22ebb38ca2b40a3b4f1c24775fa73a59dd5a2e9ec4127cc9ceb89cf92f9308ab
7f9f903f94b7d8e9f1d6c234aac587e02e1187e95b8a8fbd3c47dcff7a10d590,2326.37,2024-06-24T07:15:00Z,d0f4cfb9e3926f8c5f212f35103b7dcb7b51bc6f3b63c27365e4f7c7c2c3dc35,2024-06-24T07:15:00Z,2326.58,2317.71,2024-07-01T00:00:00Z,2024-06-24T05:00:00Z,0.0,LONG,1.0,-50.0,CONTROL_V2_FILLED_STOP,2024-06-24T07:15:00Z,CONFIRMED_25_75_RETEST_SPLIT,2326.58,True,fdd3b43b9b4242aaf44ca6bd388acc4a75089759f401fb822ad0e5d4d4abdb06,1.1492269658474839,1.2292212898136454,2024_06,-1.0,-1.0,STOP,2024-06-25T18:31:00Z,SPLIT_STOP_STOP,da7365c96e4ae8e57d8bf0f1cbc0078fab508fd63793639785b5adface5c85f9,2024-06-25T18:31:00Z,FIRST_RETEST_FILLED,2024-06-24T07:30:00Z,2024-06-24T07:15:00Z,2326.37,True,True,INITIAL_CONFIRMATION_STOP,df8e2256862ae9475368d5c3aec4c147b1cdae73e1815c98579aa0b530fdf348,828a31ad5b3228bc8754c44ca4aa67852dd4631590475ba4d44da12e44c49d67,2317.71,,,,CONTROL_V2_FILLED_STOP,False,,2024-06-24T07:15:00Z,2317.71,2368.77,22ebb38ca2b40a3b4f1c24775fa73a59dd5a2e9ec4127cc9ceb89cf92f9308ab
7f9f903f94b7d8e9f1d6c234aac587e02e1187e95b8a8fbd3c47dcff7a10d590,2326.37,2024-06-24T07:15:00Z,d0f4cfb9e3926f8c5f212f35103b7dcb7b51bc6f3b63c27365e4f7c7c2c3dc35,2024-06-24T07:15:00Z,2326.58,2317.71,2024-07-01T00:00:00Z,2024-06-24T05:00:00Z,0.0,LONG,0.20033821871477628,-50.0,M5_LATEST_CONFIRMED_OPPOSING_SWING_ELSE_CONTROL,2024-06-24T07:15:00Z,CONFIRMED_25_75_RETEST_SPLIT,2326.58,True,e8cd6af4bc13cf25d8338fdf5ad8e21c29cf8cd687d399eb8df62c272ee295bd,1.0390164115754683,0.11289669207943358,2024_06,-1.0,-1.0,STOP,2024-06-25T18:31:00Z,SPLIT_STOP_STOP,b8a2b0eab7b391d69e6fa86a28c8a3a4b9873889eca17cf70fddc175e8614a7b,2024-06-24T07:43:00Z,FIRST_RETEST_FILLED,2024-06-24T07:30:00Z,2024-06-24T07:15:00Z,2326.37,True,True,INITIAL_CONFIRMATION_STOP,22c30c50acf2c6c49ef57ec723b648b7c9e22016c221a8c30f005fb3457867ad,828a31ad5b3228bc8754c44ca4aa67852dd4631590475ba4d44da12e44c49d67,2324.803,0.9399999999999896,0.04699999999999949,,M5_LATEST_CONFIRMED_OPPOSING_SWING_ELSE_CONTROL,True,61253e60e49418aaf41114b1dd61c0f75b42695a56d0994478436c7fc2395fee,2024-06-24T07:05:00Z,2324.85,2368.77,22ebb38ca2b40a3b4f1c24775fa73a59dd5a2e9ec4127cc9ceb89cf92f9308ab
7f9f903f94b7d8e9f1d6c234aac587e02e1187e95b8a8fbd3c47dcff7a10d590,2326.37,2024-06-24T07:15:00Z,d0f4cfb9e3926f8c5f212f35103b7dcb7b51bc6f3b63c27365e4f7c7c2c3dc35,2024-06-24T07:15:00Z,2326.58,2317.71,2024-07-01T00:00:00Z,2024-06-24T05:00:00Z,0.0,LONG,0.7922129167337719,-50.0,M15_LATEST_CONFIRMED_OPPOSING_SWING_ELSE_CONTROL,2024-06-24T07:15:00Z,CONFIRMED_25_75_RETEST_SPLIT,2326.58,True,6674ff466ee19fe4507bb8c13cfd6cd1974ef6674c2512fc40b6f8075d0f050d,1.0019031692078613,1.559159394320169,2024_06,-1.0,-1.0,STOP,2024-06-25T18:31:00Z,SPLIT_STOP_STOP,acdfa46078b51ba198b3f827b02faa55c97a0631c6d5df3817016f3887d91d02,2024-06-25T17:10:00Z,FIRST_RETEST_FILLED,2024-06-24T07:30:00Z,2024-06-24T07:15:00Z,2326.37,True,True,INITIAL_CONFIRMATION_STOP,a810a1ed73dec6efe812a3c2f5f6b70a427b750e923ce937dc914584c4ee7b82,828a31ad5b3228bc8754c44ca4aa67852dd4631590475ba4d44da12e44c49d67,2319.5530714285715,2.338571428571413,0.11692857142857066,,M15_LATEST_CONFIRMED_OPPOSING_SWING_ELSE_CONTROL,True,224c43b67013e00098964445e1c3ccd11a40e42f5645216915c3d9810f818fa7,2024-06-24T05:45:00Z,2319.67,2368.77,22ebb38ca2b40a3b4f1c24775fa73a59dd5a2e9ec4127cc9ceb89cf92f9308ab
7f9f903f94b7d8e9f1d6c234aac587e02e1187e95b8a8fbd3c47dcff7a10d590,2326.37,2024-06-24T07:15:00Z,d0f4cfb9e3926f8c5f212f35103b7dcb7b51bc6f3b63c27365e4f7c7c2c3dc35,2024-06-24T07:15:00Z,2326.58,2317.71,2024-07-01T00:00:00Z,2024-06-24T05:00:00Z,0.0,LONG,1.0,-50.0,CONTROL_V2_FILLED_STOP,2024-06-24T07:15:00Z,CONFIRMED_25_75_RETEST_SPLIT,2326.58,True,e36f134fee96ac0ccbd1217fd735bb4cf8e1883375753515b9073b2fbdaf74c2,1.1492269658474839,1.2292212898136454,2024_06,-1.0,-1.0,STOP,2024-06-25T18:31:00Z,SPLIT_STOP_STOP,e53a6354472e0680a0396db045c9b131ebe439a89c8cf9badfb1688219ec0210,2024-06-25T18:31:00Z,FIRST_RETEST_FILLED,2024-06-24T07:30:00Z,2024-06-24T07:15:00Z,2326.37,True,True,INITIAL_CONFIRMATION_STOP,c144e1543cf24a278545ffb2c119e54ba619aa56d739d695ed2c48423d275688,828a31ad5b3228bc8754c44ca4aa67852dd4631590475ba4d44da12e44c49d67,2317.71,7.902142857142768,0.39510714285713844,NOT_STRICTLY_CLOSER_THAN_CONTROL,H1_SOURCE_SWING_BUFFERED_ELSE_CONTROL,False,828a31ad5b3228bc8754c44ca4aa67852dd4631590475ba4d44da12e44c49d67,2024-06-24T05:00:00Z,2317.71,2368.77,22ebb38ca2b40a3b4f1c24775fa73a59dd5a2e9ec4127cc9ceb89cf92f9308ab
eef827614f617dd53328fc446c7c4b95b0d1e394cebdffffd33f1559bb813215,2326.34,2024-06-24T15:05:00Z,49fba03e231cb0581172159391a47c4bcfd83a20e3ac0a07118e29e5eb4209fa,2024-06-24T15:05:00Z,2326.48,2320.8,2024-07-01T00:00:00Z,2024-06-24T15:00:00Z,0.0,LONG,1.0,56.07394366197249,CONTROL_V2_FILLED_STOP,2024-06-24T15:05:00Z,CONTROL_NEXT_M1_OPEN,2326.48,True,aed9887842e9d7e825a8b8709824148409a1eb69d70b1a02b3ce178ca3b95011,0.5457746478873237,1.1496478873240121,2024_06,1.1214788732394498,1.1214788732394498,TARGET,2024-06-24T16:32:00Z,TARGET,d40777df526f20fe88a294dab671d984f90a7813b95e61efe83886b76b6bf627,2024-06-24T16:32:00Z,FIRST_RETEST_FILLED,2024-06-24T15:20:00Z,2024-06-24T15:05:00Z,2326.34,True,False,INITIAL_CONFIRMATION_TARGET,7e8867230f22f4383f0273dc71df9839bcf86ddb649e7dacbfc959a87c999c0e,19b6933903625d2a40a8709c535d0ccfd5321cfd29e35e70fc30aac2ede53a48,2320.8,,,,CONTROL_V2_FILLED_STOP,False,,2024-06-24T15:05:00Z,2320.8,2332.85,d841be1fd9acb3747c9cdf43e689953f05c296776baaa6dfddb50e2d7c292e59
eef827614f617dd53328fc446c7c4b95b0d1e394cebdffffd33f1559bb813215,2326.34,2024-06-24T15:05:00Z,49fba03e231cb0581172159391a47c4bcfd83a20e3ac0a07118e29e5eb4209fa,2024-06-24T15:05:00Z,2326.48,2320.8,2024-07-01T00:00:00Z,2024-06-24T15:00:00Z,-2.12147887323945,LONG,0.415147132796756,-50.0,M5_LATEST_CONFIRMED_OPPOSING_SWING_ELSE_CONTROL,2024-06-24T15:05:00Z,CONTROL_NEXT_M1_OPEN,2326.48,True,377de0b5dddda5f634884610616beeeae663ba10af5d4010644e4c8a9a3d30ca,1.0814085573648071,0.1017796289283526,2024_06,-1.0,1.1214788732394498,TARGET,2024-06-24T16:32:00Z,STOP,ff9ac472d482ca76e79269bf0b0fa552e4081d51d180aee7ef1e52bcfcb3927e,2024-06-24T15:25:00Z,FIRST_RETEST_FILLED,2024-06-24T15:20:00Z,2024-06-24T15:05:00Z,2326.34,True,False,INITIAL_CONFIRMATION_TARGET,8e8be7c9aa1cf4adc959a3f13dd26ccf788eebbdb1e84e63e90e68efb99fce9e,19b6933903625d2a40a8709c535d0ccfd5321cfd29e35e70fc30aac2ede53a48,2324.1219642857145,1.3607142857142986,0.06803571428571493,,M5_LATEST_CONFIRMED_OPPOSING_SWING_ELSE_CONTROL,True,c1b8a0a1051fc2875fa77258649b8231e4ad31f4baf2020e45a7c50dafee340f,2024-06-24T14:35:00Z,2324.19,2332.85,d841be1fd9acb3747c9cdf43e689953f05c296776baaa6dfddb50e2d7c292e59
eef827614f617dd53328fc446c7c4b95b0d1e394cebdffffd33f1559bb813215,2326.34,2024-06-24T15:05:00Z,49fba03e231cb0581172159391a47c4bcfd83a20e3ac0a07118e29e5eb4209fa,2024-06-24T15:05:00Z,2326.48,2320.8,2024-07-01T00:00:00Z,2024-06-24T15:00:00Z,-2.12147887323945,LONG,0.4274962273641605,-50.0,M15_LATEST_CONFIRMED_OPPOSING_SWING_ELSE_CONTROL,2024-06-24T15:05:00Z,CONTROL_NEXT_M1_OPEN,2326.48,True,57e807f158bb3f63eeab6330b3e34981f0a1c50a30bb175512f64d286607b2fd,1.0501698804219988,0.09883951815726763,2024_06,-1.0,1.1214788732394498,TARGET,2024-06-24T16:32:00Z,STOP,f6369c7808babf1d7cf66cb0f95d824c761f4235da8081fe051d73189413f221,2024-06-24T15:25:00Z,FIRST_RETEST_FILLED,2024-06-24T15:20:00Z,2024-06-24T15:05:00Z,2326.34,True,False,INITIAL_CONFIRMATION_TARGET,51947b8d6f5d7d275354b8f6917496c66d864cba708267547a3159d674c05ae8,19b6933903625d2a40a8709c535d0ccfd5321cfd29e35e70fc30aac2ede53a48,2324.0518214285717,2.7635714285714,0.13817857142857,,M15_LATEST_CONFIRMED_OPPOSING_SWING_ELSE_CONTROL,True,ac62e523b38e0f11c13d68ff8e2a5ef15e2c1c28d0e68c1000ff2c8c36059124,2024-06-24T15:00:00Z,2324.19,2332.85,d841be1fd9acb3747c9cdf43e689953f05c296776baaa6dfddb50e2d7c292e59
eef827614f617dd53328fc446c7c4b95b0d1e394cebdffffd33f1559bb813215,2326.34,2024-06-24T15:05:00Z,49fba03e231cb0581172159391a47c4bcfd83a20e3ac0a07118e29e5eb4209fa,2024-06-24T15:05:00Z,2326.48,2320.8,2024-07-01T00:00:00Z,2024-06-24T15:00:00Z,0.0,LONG,1.0,56.07394366197249,CONTROL_V2_FILLED_STOP,2024-06-24T15:05:00Z,CONTROL_NEXT_M1_OPEN,2326.48,True,8ecaf4ca35d8585b391efbe426eb9452267e93075663da6855c1758baa2e483e,0.5457746478873237,1.1496478873240121,2024_06,1.1214788732394498,1.1214788732394498,TARGET,2024-06-24T16:32:00Z,TARGET,c7c8780410c675b4098203adf451d759d15f4397c5b73170ebd2fead54a1f889,2024-06-24T16:32:00Z,FIRST_RETEST_FILLED,2024-06-24T15:20:00Z,2024-06-24T15:05:00Z,2326.34,True,False,INITIAL_CONFIRMATION_TARGET,bdb370276c3b735e984220eddc4549b8362550abfdfd44bc0c475be873d573e3,19b6933903625d2a40a8709c535d0ccfd5321cfd29e35e70fc30aac2ede53a48,2320.8,4.867857142857084,0.24339285714285422,NOT_STRICTLY_CLOSER_THAN_CONTROL,H1_SOURCE_SWING_BUFFERED_ELSE_CONTROL,False,19b6933903625d2a40a8709c535d0ccfd5321cfd29e35e70fc30aac2ede53a48,2024-06-24T15:00:00Z,2320.8,2332.85,d841be1fd9acb3747c9cdf43e689953f05c296776baaa6dfddb50e2d7c292e59
eef827614f617dd53328fc446c7c4b95b0d1e394cebdffffd33f1559bb813215,2326.34,2024-06-24T15:05:00Z,49fba03e231cb0581172159391a47c4bcfd83a20e3ac0a07118e29e5eb4209fa,2024-06-24T15:05:00Z,2326.48,2320.8,2024-07-01T00:00:00Z,2024-06-24T15:00:00Z,0.053611379468096354,LONG,1.0,58.75451263537731,CONTROL_V2_FILLED_STOP,2024-06-24T15:05:00Z,M5_BROKEN_CONTROL_FIRST_RETEST,2326.34,True,aed9887842e9d7e825a8b8709824148409a1eb69d70b1a02b3ce178ca3b95011,0.5342960288808765,1.2039711191335951,2024_06,1.1750902527075462,1.1214788732394498,TARGET,2024-06-24T16:32:00Z,TARGET,c741df4383702c901783b5b0bbf24f33390451ba4d9a5ece132477a8a69ff23e,2024-06-24T16:32:00Z,FIRST_RETEST_FILLED,2024-06-24T15:20:00Z,2024-06-24T15:05:00Z,2326.34,True,True,INITIAL_CONFIRMATION_TARGET,8e5fa54f008bd6df250fd7c20f15c9e2d102e040bdd34ef05ffe121d2bf3ea54,19b6933903625d2a40a8709c535d0ccfd5321cfd29e35e70fc30aac2ede53a48,2320.8,,,,CONTROL_V2_FILLED_STOP,False,,2024-06-24T15:05:00Z,2320.8,2332.85,d841be1fd9acb3747c9cdf43e689953f05c296776baaa6dfddb50e2d7c292e59
eef827614f617dd53328fc446c7c4b95b0d1e394cebdffffd33f1559bb813215,2326.34,2024-06-24T15:05:00Z,49fba03e231cb0581172159391a47c4bcfd83a20e3ac0a07118e29e5eb4209fa,2024-06-24T15:05:00Z,2326.48,2320.8,2024-07-01T00:00:00Z,2024-06-24T15:00:00Z,-2.12147887323945,LONG,0.415147132796756,-50.0,M5_LATEST_CONFIRMED_OPPOSING_SWING_ELSE_CONTROL,2024-06-24T15:05:00Z,M5_BROKEN_CONTROL_FIRST_RETEST,2326.34,True,377de0b5dddda5f634884610616beeeae663ba10af5d4010644e4c8a9a3d30ca,1.0865469768941487,0.1713227598420531,2024_06,-1.0,1.1214788732394498,TARGET,2024-06-24T16:32:00Z,STOP,c206ca6368b9e2809ef451faeb3bdb514909ad5e0c11d4c60f53542fe8d52af5,2024-06-24T15:25:00Z,FIRST_RETEST_FILLED,2024-06-24T15:20:00Z,2024-06-24T15:05:00Z,2326.34,True,True,INITIAL_CONFIRMATION_TARGET,504cb2e8e2dd46d8e225f4548d1c2d8833fc5d2f45da1a88f6c3fadbf6756ead,19b6933903625d2a40a8709c535d0ccfd5321cfd29e35e70fc30aac2ede53a48,2324.1219642857145,1.3607142857142986,0.06803571428571493,,M5_LATEST_CONFIRMED_OPPOSING_SWING_ELSE_CONTROL,True,c1b8a0a1051fc2875fa77258649b8231e4ad31f4baf2020e45a7c50dafee340f,2024-06-24T14:35:00Z,2324.19,2332.85,d841be1fd9acb3747c9cdf43e689953f05c296776baaa6dfddb50e2d7c292e59
eef827614f617dd53328fc446c7c4b95b0d1e394cebdffffd33f1559bb813215,2326.34,2024-06-24T15:05:00Z,49fba03e231cb0581172159391a47c4bcfd83a20e3ac0a07118e29e5eb4209fa,2024-06-24T15:05:00Z,2326.48,2320.8,2024-07-01T00:00:00Z,2024-06-24T15:00:00Z,-2.12147887323945,LONG,0.4274962273641605,-50.0,M15_LATEST_CONFIRMED_OPPOSING_SWING_ELSE_CONTROL,2024-06-24T15:05:00Z,M5_BROKEN_CONTROL_FIRST_RETEST,2326.34,True,57e807f158bb3f63eeab6330b3e34981f0a1c50a30bb175512f64d286607b2fd,1.0532394761899062,0.16607095475176306,2024_06,-1.0,1.1214788732394498,TARGET,2024-06-24T16:32:00Z,STOP,cbad4eeb7e6d3e23937f5a8ebe3385b0f39934029f91157b0327234fcf3f12c9,2024-06-24T15:25:00Z,FIRST_RETEST_FILLED,2024-06-24T15:20:00Z,2024-06-24T15:05:00Z,2326.34,True,True,INITIAL_CONFIRMATION_TARGET,202e90078ead0144ae5e31e891259986bb99fa4332337cc0ef09d76788b081a6,19b6933903625d2a40a8709c535d0ccfd5321cfd29e35e70fc30aac2ede53a48,2324.0518214285717,2.7635714285714,0.13817857142857,,M15_LATEST_CONFIRMED_OPPOSING_SWING_ELSE_CONTROL,True,ac62e523b38e0f11c13d68ff8e2a5ef15e2c1c28d0e68c1000ff2c8c36059124,2024-06-24T15:00:00Z,2324.19,2332.85,d841be1fd9acb3747c9cdf43e689953f05c296776baaa6dfddb50e2d7c292e59
eef827614f617dd53328fc446c7c4b95b0d1e394cebdffffd33f1559bb813215,2326.34,2024-06-24T15:05:00Z,49fba03e231cb0581172159391a47c4bcfd83a20e3ac0a07118e29e5eb4209fa,2024-06-24T15:05:00Z,2326.48,2320.8,2024-07-01T00:00:00Z,2024-06-24T15:00:00Z,0.053611379468096354,LONG,1.0,58.75451263537731,CONTROL_V2_FILLED_STOP,2024-06-24T15:05:00Z,M5_BROKEN_CONTROL_FIRST_RETEST,2326.34,True,8ecaf4ca35d8585b391efbe426eb9452267e93075663da6855c1758baa2e483e,0.5342960288808765,1.2039711191335951,2024_06,1.1750902527075462,1.1214788732394498,TARGET,2024-06-24T16:32:00Z,TARGET,e349b19ed5d6b92e857370f67f596f18edb7bb7227dce9b84401ffb07538141a,2024-06-24T16:32:00Z,FIRST_RETEST_FILLED,2024-06-24T15:20:00Z,2024-06-24T15:05:00Z,2326.34,True,True,INITIAL_CONFIRMATION_TARGET,2ad03fadba9e38be2ed11ab958ec2edd8c2571db252fdd1db5fe2f165dd44dbc,19b6933903625d2a40a8709c535d0ccfd5321cfd29e35e70fc30aac2ede53a48,2320.8,4.867857142857084,0.24339285714285422,NOT_STRICTLY_CLOSER_THAN_CONTROL,H1_SOURCE_SWING_BUFFERED_ELSE_CONTROL,False,19b6933903625d2a40a8709c535d0ccfd5321cfd29e35e70fc30aac2ede53a48,2024-06-24T15:00:00Z,2320.8,2332.85,d841be1fd9acb3747c9cdf43e689953f05c296776baaa6dfddb50e2d7c292e59
eef827614f617dd53328fc446c7c4b95b0d1e394cebdffffd33f1559bb813215,2326.34,2024-06-24T15:05:00Z,49fba03e231cb0581172159391a47c4bcfd83a20e3ac0a07118e29e5eb4209fa,2024-06-24T15:05:00Z,2326.48,2320.8,2024-07-01T00:00:00Z,2024-06-24T15:00:00Z,0.0402085346010721,LONG,1.0,58.084370392026095,CONTROL_V2_FILLED_STOP,2024-06-24T15:05:00Z,CONFIRMED_25_75_RETEST_SPLIT,2326.48,True,aed9887842e9d7e825a8b8709824148409a1eb69d70b1a02b3ce178ca3b95011,0.5371656836324883,1.1903903111811993,2024_06,1.161687407840522,1.1214788732394498,TARGET,2024-06-24T16:32:00Z,SPLIT_TARGET_TARGET,068f5d95cef926678fa94c9d1f3a832d51a8653eb8d665f0c30dc3308ea0da55,2024-06-24T16:32:00Z,FIRST_RETEST_FILLED,2024-06-24T15:20:00Z,2024-06-24T15:05:00Z,2326.34,True,True,INITIAL_CONFIRMATION_TARGET,8a10881a6f855e69e7c2829989258ed380ca86dac9068152cad378b21f34fcaa,19b6933903625d2a40a8709c535d0ccfd5321cfd29e35e70fc30aac2ede53a48,2320.8,,,,CONTROL_V2_FILLED_STOP,False,,2024-06-24T15:05:00Z,2320.8,2332.85,d841be1fd9acb3747c9cdf43e689953f05c296776baaa6dfddb50e2d7c292e59
eef827614f617dd53328fc446c7c4b95b0d1e394cebdffffd33f1559bb813215,2326.34,2024-06-24T15:05:00Z,49fba03e231cb0581172159391a47c4bcfd83a20e3ac0a07118e29e5eb4209fa,2024-06-24T15:05:00Z,2326.48,2320.8,2024-07-01T00:00:00Z,2024-06-24T15:00:00Z,-2.12147887323945,LONG,0.415147132796756,-50.0,M5_LATEST_CONFIRMED_OPPOSING_SWING_ELSE_CONTROL,2024-06-24T15:05:00Z,CONFIRMED_25_75_RETEST_SPLIT,2326.48,True,377de0b5dddda5f634884610616beeeae663ba10af5d4010644e4c8a9a3d30ca,1.0852623720118133,0.15393697711362797,2024_06,-1.0,1.1214788732394498,TARGET,2024-06-24T16:32:00Z,SPLIT_STOP_STOP,b2490f67f292501c24fa737305139fc543fbaeb7e3588c525404c2691a7618bf,2024-06-24T15:25:00Z,FIRST_RETEST_FILLED,2024-06-24T15:20:00Z,2024-06-24T15:05:00Z,2326.34,True,True,INITIAL_CONFIRMATION_TARGET,e3a2fe215ca7df0cc2212c46525bc46617fe33fa2eb04e30094ba074197c6683,19b6933903625d2a40a8709c535d0ccfd5321cfd29e35e70fc30aac2ede53a48,2324.1219642857145,1.3607142857142986,0.06803571428571493,,M5_LATEST_CONFIRMED_OPPOSING_SWING_ELSE_CONTROL,True,c1b8a0a1051fc2875fa77258649b8231e4ad31f4baf2020e45a7c50dafee340f,2024-06-24T14:35:00Z,2324.19,2332.85,d841be1fd9acb3747c9cdf43e689953f05c296776baaa6dfddb50e2d7c292e59
eef827614f617dd53328fc446c7c4b95b0d1e394cebdffffd33f1559bb813215,2326.34,2024-06-24T15:05:00Z,49fba03e231cb0581172159391a47c4bcfd83a20e3ac0a07118e29e5eb4209fa,2024-06-24T15:05:00Z,2326.48,2320.8,2024-07-01T00:00:00Z,2024-06-24T15:00:00Z,-2.12147887323945,LONG,0.4274962273641605,-50.0,M15_LATEST_CONFIRMED_OPPOSING_SWING_ELSE_CONTROL,2024-06-24T15:05:00Z,CONFIRMED_25_75_RETEST_SPLIT,2326.48,True,57e807f158bb3f63eeab6330b3e34981f0a1c50a30bb175512f64d286607b2fd,1.0524720772479292,0.14926309560313922,2024_06,-1.0,1.1214788732394498,TARGET,2024-06-24T16:32:00Z,SPLIT_STOP_STOP,c2abf2b1252028354fc32b3683737b699b9a221fd6739f5adf926851168e0be8,2024-06-24T15:25:00Z,FIRST_RETEST_FILLED,2024-06-24T15:20:00Z,2024-06-24T15:05:00Z,2326.34,True,True,INITIAL_CONFIRMATION_TARGET,0de408ab0b1df4c1b52ce99fc4c54a1a0c61280c92bf74b52ab2b328337dac7c,19b6933903625d2a40a8709c535d0ccfd5321cfd29e35e70fc30aac2ede53a48,2324.0518214285717,2.7635714285714,0.13817857142857,,M15_LATEST_CONFIRMED_OPPOSING_SWING_ELSE_CONTROL,True,ac62e523b38e0f11c13d68ff8e2a5ef15e2c1c28d0e68c1000ff2c8c36059124,2024-06-24T15:00:00Z,2324.19,2332.85,d841be1fd9acb3747c9cdf43e689953f05c296776baaa6dfddb50e2d7c292e59
eef827614f617dd53328fc446c7c4b95b0d1e394cebdffffd33f1559bb813215,2326.34,2024-06-24T15:05:00Z,49fba03e231cb0581172159391a47c4bcfd83a20e3ac0a07118e29e5eb4209fa,2024-06-24T15:05:00Z,2326.48,2320.8,2024-07-01T00:00:00Z,2024-06-24T15:00:00Z,0.0402085346010721,LONG,1.0,58.084370392026095,CONTROL_V2_FILLED_STOP,2024-06-24T15:05:00Z,CONFIRMED_25_75_RETEST_SPLIT,2326.48,True,8ecaf4ca35d8585b391efbe426eb9452267e93075663da6855c1758baa2e483e,0.5371656836324883,1.1903903111811993,2024_06,1.161687407840522,1.1214788732394498,TARGET,2024-06-24T16:32:00Z,SPLIT_TARGET_TARGET,efc6749894d9264caf33829ff0d00ea32376aa40b1acc4708def20d27b447c73,2024-06-24T16:32:00Z,FIRST_RETEST_FILLED,2024-06-24T15:20:00Z,2024-06-24T15:05:00Z,2326.34,True,True,INITIAL_CONFIRMATION_TARGET,a41d313dc7e7bf69d0172605590f2d6d9fde9055c2628fd93afb8f69bf962125,19b6933903625d2a40a8709c535d0ccfd5321cfd29e35e70fc30aac2ede53a48,2320.8,4.867857142857084,0.24339285714285422,NOT_STRICTLY_CLOSER_THAN_CONTROL,H1_SOURCE_SWING_BUFFERED_ELSE_CONTROL,False,19b6933903625d2a40a8709c535d0ccfd5321cfd29e35e70fc30aac2ede53a48,2024-06-24T15:00:00Z,2320.8,2332.85,d841be1fd9acb3747c9cdf43e689953f05c296776baaa6dfddb50e2d7c292e59
685499bea9928fb8910c6682949b1b2ac1751a84e292d7439098151260756053,2330.7,2024-06-24T16:35:00Z,7a2b41a75e76393c33a4adebacbaf98606905dec1b1a979d2df5ba69caa90b71,2024-06-24T16:35:00Z,2332.47,2320.78,2024-07-01T00:00:00Z,2024-06-24T12:00:00Z,0.0,LONG,1.0,-50.0,CONTROL_V2_FILLED_STOP,2024-06-24T16:35:00Z,CONTROL_NEXT_M1_OPEN,2332.47,True,16eb7f5b908128497af3ed7238dfab82f7b5364d161287db02e487a9d649546d,1.0359281437125822,0.3986313088109896,2024_06,-1.0,-1.0,STOP,2024-06-25T16:35:00Z,STOP,bd3694658de2085ff7eac5decbf3905c42d3b67b54898aa0f29e6caff186ec8e,2024-06-25T16:35:00Z,FIRST_RETEST_FILLED,2024-06-24T16:50:00Z,2024-06-24T16:41:00Z,2330.7,True,False,RECLAIM_CONFIRMATION_STOP,113fc4648d8755c96e6b57b2e66818fe549630305ca3b371445c5111ce59271c,db5f2340771dceffb3d35567e6a38f6aefcbb04c20a54aad53fee5baf9e124d5,2320.78,,,,CONTROL_V2_FILLED_STOP,False,,2024-06-24T16:35:00Z,2320.78,2368.77,86088d4b186884eea75743eb9530711abb450e96c236c35f83bd7330eef32ec4
685499bea9928fb8910c6682949b1b2ac1751a84e292d7439098151260756053,2330.7,2024-06-24T16:35:00Z,7a2b41a75e76393c33a4adebacbaf98606905dec1b1a979d2df5ba69caa90b71,2024-06-24T16:35:00Z,2332.47,2320.78,2024-07-01T00:00:00Z,2024-06-24T12:00:00Z,0.0,LONG,0.5647928632530895,-50.0,M5_LATEST_CONFIRMED_OPPOSING_SWING_ELSE_CONTROL,2024-06-24T16:35:00Z,CONTROL_NEXT_M1_OPEN,2332.47,True,57fc41505ee560631006bb01badd6c2a23da65f9e387b7c4c1554e26ae1a71c4,1.0193218945410005,0.3392691001147215,2024_06,-1.0,-1.0,STOP,2024-06-25T16:35:00Z,STOP,407575007438d6c9a732e052ac4c4d3a07509a42cb06a2219217f43bd14ff1d2,2024-06-25T04:33:00Z,FIRST_RETEST_FILLED,2024-06-24T16:50:00Z,2024-06-24T16:41:00Z,2330.7,True,False,RECLAIM_CONFIRMATION_STOP,5bf890f033b973c3880025a3840ff7d624a41429e069b95f681dc000b146abc7,db5f2340771dceffb3d35567e6a38f6aefcbb04c20a54aad53fee5baf9e124d5,2325.8675714285714,2.048571428571352,0.10242857142856761,,M5_LATEST_CONFIRMED_OPPOSING_SWING_ELSE_CONTROL,True,8d61d6720825ab91bde9723b346bc392f6cceddf619e4e7c802c50f77fbb00eb,2024-06-24T16:30:00Z,2325.97,2368.77,86088d4b186884eea75743eb9530711abb450e96c236c35f83bd7330eef32ec4
685499bea9928fb8910c6682949b1b2ac1751a84e292d7439098151260756053,2330.7,2024-06-24T16:35:00Z,7a2b41a75e76393c33a4adebacbaf98606905dec1b1a979d2df5ba69caa90b71,2024-06-24T16:35:00Z,2332.47,2320.78,2024-07-01T00:00:00Z,2024-06-24T12:00:00Z,0.0,LONG,0.788509715263348,-50.0,M15_LATEST_CONFIRMED_OPPOSING_SWING_ELSE_CONTROL,2024-06-24T16:35:00Z,CONTROL_NEXT_M1_OPEN,2332.47,True,39152d7fe09fef0c1416c98ac4270224b0d51d89590b23bcb19dce5279cce5a2,1.0056762044983796,0.2430112942908967,2024_06,-1.0,-1.0,STOP,2024-06-25T16:35:00Z,STOP,894a2a3a4edd2f1da71ce841115e07b48ee8c12582d8765046799d028d621613,2024-06-25T04:52:00Z,FIRST_RETEST_FILLED,2024-06-24T16:50:00Z,2024-06-24T16:41:00Z,2330.7,True,False,RECLAIM_CONFIRMATION_STOP,aaf66f07be97c142c139f8dbc153659e6646bd03e400c9a8e79b6beee59dbabb,db5f2340771dceffb3d35567e6a38f6aefcbb04c20a54aad53fee5baf9e124d5,2323.2523214285716,2.5535714285714612,0.12767857142857306,,M15_LATEST_CONFIRMED_OPPOSING_SWING_ELSE_CONTROL,True,303edbe5831bb7e5c995829a2085ccd483df8d3219ea970845627310a6e72160,2024-06-24T16:00:00Z,2323.38,2368.77,86088d4b186884eea75743eb9530711abb450e96c236c35f83bd7330eef32ec4
685499bea9928fb8910c6682949b1b2ac1751a84e292d7439098151260756053,2330.7,2024-06-24T16:35:00Z,7a2b41a75e76393c33a4adebacbaf98606905dec1b1a979d2df5ba69caa90b71,2024-06-24T16:35:00Z,2332.47,2320.78,2024-07-01T00:00:00Z,2024-06-24T12:00:00Z,0.0,LONG,0.9651289258218558,-50.0,H1_SOURCE_SWING_BUFFERED_ELSE_CONTROL,2024-06-24T16:35:00Z,CONTROL_NEXT_M1_OPEN,2332.47,True,5ff5f488c094b187b68ceb2d0e3ba6c440c2dd01bad4fe896075a7b6fce1f3fe,1.073357264502706,0.4130342570258528,2024_06,-1.0,-1.0,STOP,2024-06-25T16:35:00Z,STOP,14a495a339c467246983175d575dec727376ee7bb7e0527929e9625637da6210,2024-06-25T16:35:00Z,FIRST_RETEST_FILLED,2024-06-24T16:50:00Z,2024-06-24T16:41:00Z,2330.7,True,False,RECLAIM_CONFIRMATION_STOP,a3834e92f3bd689c876b48dee9b648b8644091644fb358a383c70ddc367f55a9,db5f2340771dceffb3d35567e6a38f6aefcbb04c20a54aad53fee5baf9e124d5,2321.1876428571427,4.847142857142801,0.24235714285714005,,H1_SOURCE_SWING_BUFFERED_ELSE_CONTROL,True,db5f2340771dceffb3d35567e6a38f6aefcbb04c20a54aad53fee5baf9e124d5,2024-06-24T12:00:00Z,2321.43,2368.77,86088d4b186884eea75743eb9530711abb450e96c236c35f83bd7330eef32ec4
685499bea9928fb8910c6682949b1b2ac1751a84e292d7439098151260756053,2330.7,2024-06-24T16:35:00Z,7a2b41a75e76393c33a4adebacbaf98606905dec1b1a979d2df5ba69caa90b71,2024-06-24T16:35:00Z,2332.47,2320.78,2024-07-01T00:00:00Z,2024-06-24T12:00:00Z,0.0,LONG,1.0,-50.0,CONTROL_V2_FILLED_STOP,2024-06-24T16:41:00Z,M5_BROKEN_CONTROL_FIRST_RETEST,2330.7,True,16eb7f5b908128497af3ed7238dfab82f7b5364d161287db02e487a9d649546d,1.0423387096774284,0.648185483871022,2024_06,-1.0,-1.0,STOP,2024-06-25T16:35:00Z,STOP,2144d3f06050785b59eac0e7544a12efeb09a64d071327c1d833e1cb8c692998,2024-06-25T16:35:00Z,FIRST_RETEST_FILLED,2024-06-24T16:50:00Z,2024-06-24T16:41:00Z,2330.7,True,True,RECLAIM_CONFIRMATION_STOP,e7b54574e7b9b23d2eceb5dcfeabb38933de9d5d1c1e75c96b6bb85b40818a5a,db5f2340771dceffb3d35567e6a38f6aefcbb04c20a54aad53fee5baf9e124d5,2320.78,,,,CONTROL_V2_FILLED_STOP,False,,2024-06-24T16:35:00Z,2320.78,2368.77,86088d4b186884eea75743eb9530711abb450e96c236c35f83bd7330eef32ec4
685499bea9928fb8910c6682949b1b2ac1751a84e292d7439098151260756053,2330.7,2024-06-24T16:35:00Z,7a2b41a75e76393c33a4adebacbaf98606905dec1b1a979d2df5ba69caa90b71,2024-06-24T16:35:00Z,2332.47,2320.78,2024-07-01T00:00:00Z,2024-06-24T12:00:00Z,0.0,LONG,0.5647928632530895,-50.0,M5_LATEST_CONFIRMED_OPPOSING_SWING_ELSE_CONTROL,2024-06-24T16:41:00Z,M5_BROKEN_CONTROL_FIRST_RETEST,2330.7,True,57fc41505ee560631006bb01badd6c2a23da65f9e387b7c4c1554e26ae1a71c4,1.0263990303604051,0.829810506400286,2024_06,-1.0,-1.0,STOP,2024-06-25T16:35:00Z,STOP,b4aa056a96373993c0a857ff2859abce65648a72a054724301e4c870332c7083,2024-06-25T04:33:00Z,FIRST_RETEST_FILLED,2024-06-24T16:50:00Z,2024-06-24T16:41:00Z,2330.7,True,True,RECLAIM_CONFIRMATION_STOP,86d6e1c0cdc1eba1a24184ba895aae74f65ed61ab5a79c64319d54f8460dfc9d,db5f2340771dceffb3d35567e6a38f6aefcbb04c20a54aad53fee5baf9e124d5,2325.8675714285714,2.048571428571352,0.10242857142856761,,M5_LATEST_CONFIRMED_OPPOSING_SWING_ELSE_CONTROL,True,8d61d6720825ab91bde9723b346bc392f6cceddf619e4e7c802c50f77fbb00eb,2024-06-24T16:30:00Z,2325.97,2368.77,86088d4b186884eea75743eb9530711abb450e96c236c35f83bd7330eef32ec4
685499bea9928fb8910c6682949b1b2ac1751a84e292d7439098151260756053,2330.7,2024-06-24T16:35:00Z,7a2b41a75e76393c33a4adebacbaf98606905dec1b1a979d2df5ba69caa90b71,2024-06-24T16:35:00Z,2332.47,2320.78,2024-07-01T00:00:00Z,2024-06-24T12:00:00Z,0.0,LONG,0.788509715263348,-50.0,M15_LATEST_CONFIRMED_OPPOSING_SWING_ELSE_CONTROL,2024-06-24T16:41:00Z,M5_BROKEN_CONTROL_FIRST_RETEST,2330.7,True,39152d7fe09fef0c1416c98ac4270224b0d51d89590b23bcb19dce5279cce5a2,1.0070251996068253,0.5384228067231452,2024_06,-1.0,-1.0,STOP,2024-06-25T16:35:00Z,STOP,89e895b2637e97c827b52e8af3fe706142e1e1d4b451adb0cb366ccc0273cc34,2024-06-25T04:52:00Z,FIRST_RETEST_FILLED,2024-06-24T16:50:00Z,2024-06-24T16:41:00Z,2330.7,True,True,RECLAIM_CONFIRMATION_STOP,7aa49dcc8751a1fd7ba8ae41eed9fe7457da67849949d6995c54f1712b2984d9,db5f2340771dceffb3d35567e6a38f6aefcbb04c20a54aad53fee5baf9e124d5,2323.2523214285716,2.5535714285714612,0.12767857142857306,,M15_LATEST_CONFIRMED_OPPOSING_SWING_ELSE_CONTROL,True,303edbe5831bb7e5c995829a2085ccd483df8d3219ea970845627310a6e72160,2024-06-24T16:00:00Z,2323.38,2368.77,86088d4b186884eea75743eb9530711abb450e96c236c35f83bd7330eef32ec4
685499bea9928fb8910c6682949b1b2ac1751a84e292d7439098151260756053,2330.7,2024-06-24T16:35:00Z,7a2b41a75e76393c33a4adebacbaf98606905dec1b1a979d2df5ba69caa90b71,2024-06-24T16:35:00Z,2332.47,2320.78,2024-07-01T00:00:00Z,2024-06-24T12:00:00Z,0.0,LONG,0.9651289258218558,-50.0,H1_SOURCE_SWING_BUFFERED_ELSE_CONTROL,2024-06-24T16:41:00Z,M5_BROKEN_CONTROL_FIRST_RETEST,2330.7,True,5ff5f488c094b187b68ceb2d0e3ba6c440c2dd01bad4fe896075a7b6fce1f3fe,1.0870071260690675,0.6759628453215308,2024_06,-1.0,-1.0,STOP,2024-06-25T16:35:00Z,STOP,8b8d6cd6c67be607ede890deb13865cb715fb28bd000e44e3633f201efa8ac21,2024-06-25T16:35:00Z,FIRST_RETEST_FILLED,2024-06-24T16:50:00Z,2024-06-24T16:41:00Z,2330.7,True,True,RECLAIM_CONFIRMATION_STOP,12b31b634abc266e77ff4351459c6055565e41c85ce1c6fab0cc10960b1f56af,db5f2340771dceffb3d35567e6a38f6aefcbb04c20a54aad53fee5baf9e124d5,2321.1876428571427,4.847142857142801,0.24235714285714005,,H1_SOURCE_SWING_BUFFERED_ELSE_CONTROL,True,db5f2340771dceffb3d35567e6a38f6aefcbb04c20a54aad53fee5baf9e124d5,2024-06-24T12:00:00Z,2321.43,2368.77,86088d4b186884eea75743eb9530711abb450e96c236c35f83bd7330eef32ec4
685499bea9928fb8910c6682949b1b2ac1751a84e292d7439098151260756053,2330.7,2024-06-24T16:35:00Z,7a2b41a75e76393c33a4adebacbaf98606905dec1b1a979d2df5ba69caa90b71,2024-06-24T16:35:00Z,2332.47,2320.78,2024-07-01T00:00:00Z,2024-06-24T12:00:00Z,0.0,LONG,1.0,-50.0,CONTROL_V2_FILLED_STOP,2024-06-24T16:35:00Z,CONFIRMED_25_75_RETEST_SPLIT,2332.47,True,16eb7f5b908128497af3ed7238dfab82f7b5364d161287db02e487a9d649546d,1.0407360681862168,0.5857969401060139,2024_06,-1.0,-1.0,STOP,2024-06-25T16:35:00Z,SPLIT_STOP_STOP,0a8a627d2b9f6edd5a2770c0fd35ed8c0f2b4555a8ee7073cc128fbbfc7ed847,2024-06-25T16:35:00Z,FIRST_RETEST_FILLED,2024-06-24T16:50:00Z,2024-06-24T16:41:00Z,2330.7,True,True,RECLAIM_CONFIRMATION_STOP,2cb69a467e2df926920188e18b37a2e33ff98fe1ebe64d94a2b809742a93f394,db5f2340771dceffb3d35567e6a38f6aefcbb04c20a54aad53fee5baf9e124d5,2320.78,,,,CONTROL_V2_FILLED_STOP,False,,2024-06-24T16:35:00Z,2320.78,2368.77,86088d4b186884eea75743eb9530711abb450e96c236c35f83bd7330eef32ec4
685499bea9928fb8910c6682949b1b2ac1751a84e292d7439098151260756053,2330.7,2024-06-24T16:35:00Z,7a2b41a75e76393c33a4adebacbaf98606905dec1b1a979d2df5ba69caa90b71,2024-06-24T16:35:00Z,2332.47,2320.78,2024-07-01T00:00:00Z,2024-06-24T12:00:00Z,0.0,LONG,0.5647928632530895,-50.0,M5_LATEST_CONFIRMED_OPPOSING_SWING_ELSE_CONTROL,2024-06-24T16:35:00Z,CONFIRMED_25_75_RETEST_SPLIT,2332.47,True,57fc41505ee560631006bb01badd6c2a23da65f9e387b7c4c1554e26ae1a71c4,1.0246297464055538,0.7071751548288949,2024_06,-1.0,-1.0,STOP,2024-06-25T16:35:00Z,SPLIT_STOP_STOP,c222c6e5f41a134e2f197a1f562d15dc7a53ab65808c22a0cb2aa66bcf7cb5a0,2024-06-25T04:33:00Z,FIRST_RETEST_FILLED,2024-06-24T16:50:00Z,2024-06-24T16:41:00Z,2330.7,True,True,RECLAIM_CONFIRMATION_STOP,3b53b21c3e84618fbee61ad448def7ce2d49ac6c279ebb73b2bc70a46312f506,db5f2340771dceffb3d35567e6a38f6aefcbb04c20a54aad53fee5baf9e124d5,2325.8675714285714,2.048571428571352,0.10242857142856761,,M5_LATEST_CONFIRMED_OPPOSING_SWING_ELSE_CONTROL,True,8d61d6720825ab91bde9723b346bc392f6cceddf619e4e7c802c50f77fbb00eb,2024-06-24T16:30:00Z,2325.97,2368.77,86088d4b186884eea75743eb9530711abb450e96c236c35f83bd7330eef32ec4
685499bea9928fb8910c6682949b1b2ac1751a84e292d7439098151260756053,2330.7,2024-06-24T16:35:00Z,7a2b41a75e76393c33a4adebacbaf98606905dec1b1a979d2df5ba69caa90b71,2024-06-24T16:35:00Z,2332.47,2320.78,2024-07-01T00:00:00Z,2024-06-24T12:00:00Z,0.0,LONG,0.788509715263348,-50.0,M15_LATEST_CONFIRMED_OPPOSING_SWING_ELSE_CONTROL,2024-06-24T16:35:00Z,CONFIRMED_25_75_RETEST_SPLIT,2332.47,True,39152d7fe09fef0c1416c98ac4270224b0d51d89590b23bcb19dce5279cce5a2,1.006687950829714,0.46456992861508306,2024_06,-1.0,-1.0,STOP,2024-06-25T16:35:00Z,SPLIT_STOP_STOP,84e192ba437ce7614e4cc83cbd35e1d416e5fa2e948e82a62dad39146906fccf,2024-06-25T04:52:00Z,FIRST_RETEST_FILLED,2024-06-24T16:50:00Z,2024-06-24T16:41:00Z,2330.7,True,True,RECLAIM_CONFIRMATION_STOP,78283e605d82f95762e845e7c967a9f64e2dcabd2c96f4d1e1208ca6f2872712,db5f2340771dceffb3d35567e6a38f6aefcbb04c20a54aad53fee5baf9e124d5,2323.2523214285716,2.5535714285714612,0.12767857142857306,,M15_LATEST_CONFIRMED_OPPOSING_SWING_ELSE_CONTROL,True,303edbe5831bb7e5c995829a2085ccd483df8d3219ea970845627310a6e72160,2024-06-24T16:00:00Z,2323.38,2368.77,86088d4b186884eea75743eb9530711abb450e96c236c35f83bd7330eef32ec4
685499bea9928fb8910c6682949b1b2ac1751a84e292d7439098151260756053,2330.7,2024-06-24T16:35:00Z,7a2b41a75e76393c33a4adebacbaf98606905dec1b1a979d2df5ba69caa90b71,2024-06-24T16:35:00Z,2332.47,2320.78,2024-07-01T00:00:00Z,2024-06-24T12:00:00Z,0.0,LONG,0.9651289258218558,-50.0,H1_SOURCE_SWING_BUFFERED_ELSE_CONTROL,2024-06-24T16:35:00Z,CONFIRMED_25_75_RETEST_SPLIT,2332.47,True,5ff5f488c094b187b68ceb2d0e3ba6c440c2dd01bad4fe896075a7b6fce1f3fe,1.0835946606774771,0.6102306982476113,2024_06,-1.0,-1.0,STOP,2024-06-25T16:35:00Z,SPLIT_STOP_STOP,efb5b34b934c16893ada97843c1b83c9e98db85046918c7a5a6638f35466951f,2024-06-25T16:35:00Z,FIRST_RETEST_FILLED,2024-06-24T16:50:00Z,2024-06-24T16:41:00Z,2330.7,True,True,RECLAIM_CONFIRMATION_STOP,2a01e669c33f466da1f431a7b0525cd3b635a2ea3aef444f215113095460ef71,db5f2340771dceffb3d35567e6a38f6aefcbb04c20a54aad53fee5baf9e124d5,2321.1876428571427,4.847142857142801,0.24235714285714005,,H1_SOURCE_SWING_BUFFERED_ELSE_CONTROL,True,db5f2340771dceffb3d35567e6a38f6aefcbb04c20a54aad53fee5baf9e124d5,2024-06-24T12:00:00Z,2321.43,2368.77,86088d4b186884eea75743eb9530711abb450e96c236c35f83bd7330eef32ec4
0664621147888ba392b8214c5faccc445c10c2034d529f68c718ed93303f584b,2331.63,2024-06-24T18:05:00Z,298b45c7404ff0508a8a6a040cf47d4385b8cd61cfde8d9c5cc83ff6ae1ea7ee,2024-06-24T18:05:00Z,2331.97,2323.38,2024-07-01T00:00:00Z,2024-06-24T18:00:00Z,0.0,LONG,1.0,5.122235157160308,CONTROL_V2_FILLED_STOP,2024-06-24T18:05:00Z,CONTROL_NEXT_M1_OPEN,2331.97,True,a25db8ddacee14e1e2f1b2cad97b3f06d531bff5672bdd84d4bd00249221e118,0.13504074505237443,0.1315483119907043,2024_06,0.10244470314320615,0.10244470314320615,TARGET,2024-06-24T18:12:00Z,TARGET,8bff6ff8d58f4a88482401480eeab128cfa7009c037c49496c408c9fe326a988,2024-06-24T18:12:00Z,FIRST_RETEST_FILLED,2024-06-24T18:20:00Z,2024-06-24T18:05:00Z,2331.63,True,False,INITIAL_CONFIRMATION_TARGET,f8f5918b5c82c0e5085afb1e4e91f2c478deece17ce4eb6ca7475cb363bdbfe5,51d406e71b91c8ca19f36a47b1bda367280749202153e5e28fdf5b5a1b78ee27,2323.38,,,,CONTROL_V2_FILLED_STOP,False,,2024-06-24T18:05:00Z,2323.38,2332.85,983a0b5df35eee0f1a976cab2d347fe3fd11df08bd8766d040298d3ca352d84e
0664621147888ba392b8214c5faccc445c10c2034d529f68c718ed93303f584b,2331.63,2024-06-24T18:05:00Z,298b45c7404ff0508a8a6a040cf47d4385b8cd61cfde8d9c5cc83ff6ae1ea7ee,2024-06-24T18:05:00Z,2331.97,2323.38,2024-07-01T00:00:00Z,2024-06-24T18:00:00Z,0.07017080002680272,LONG,0.5934849492765921,8.630775158500443,M5_LATEST_CONFIRMED_OPPOSING_SWING_ELSE_CONTROL,2024-06-24T18:05:00Z,CONTROL_NEXT_M1_OPEN,2331.97,True,3576930e1c4b94248aef30d09a197e3a9771c0d0fba2f7f77028c43d05eadd82,0.22753861781495494,0.22165399838875532,2024_06,0.17261550317000887,0.10244470314320615,TARGET,2024-06-24T18:12:00Z,TARGET,233e9260ae51e80630712a2d626d34266bd7eeb3ce9fdca98e82254e6332db67,2024-06-24T18:12:00Z,FIRST_RETEST_FILLED,2024-06-24T18:20:00Z,2024-06-24T18:05:00Z,2331.63,True,False,INITIAL_CONFIRMATION_TARGET,f2997586e8163fb2896e492f40a5cf91486d0ab84ba4403ad27f0e128960c503,51d406e71b91c8ca19f36a47b1bda367280749202153e5e28fdf5b5a1b78ee27,2326.871964285714,2.3607142857142986,0.11803571428571494,,M5_LATEST_CONFIRMED_OPPOSING_SWING_ELSE_CONTROL,True,8417196a983f7e28cd4c164093febe0fc4e00969384b704d2354f3a0d31414ca,2024-06-24T17:15:00Z,2326.99,2332.85,983a0b5df35eee0f1a976cab2d347fe3fd11df08bd8766d040298d3ca352d84e
0664621147888ba392b8214c5faccc445c10c2034d529f68c718ed93303f584b,2331.63,2024-06-24T18:05:00Z,298b45c7404ff0508a8a6a040cf47d4385b8cd61cfde8d9c5cc83ff6ae1ea7ee,2024-06-24T18:05:00Z,2331.97,2323.38,2024-07-01T00:00:00Z,2024-06-24T18:00:00Z,0.0685049555125286,LONG,0.5992682521204291,8.547482932786737,M15_LATEST_CONFIRMED_OPPOSING_SWING_ELSE_CONTROL,2024-06-24T18:05:00Z,CONTROL_NEXT_M1_OPEN,2331.97,True,12bb58df350d30165715060a038f138668c0f21a5adc42951b032f3b363bd430,0.2253427318643214,0.219514902592017,2024_06,0.17094965865573475,0.10244470314320615,TARGET,2024-06-24T18:12:00Z,TARGET,2498c3b52ae2e6082cfedce487ba34b7a2e1fa412ecea48c435bcd1605f6b3bb,2024-06-24T18:12:00Z,FIRST_RETEST_FILLED,2024-06-24T18:20:00Z,2024-06-24T18:05:00Z,2331.63,True,False,INITIAL_CONFIRMATION_TARGET,12d3cd0d65d5cb313f828784de3feeeea8ea64d9b6a76e75b4c4ae135e468e3f,51d406e71b91c8ca19f36a47b1bda367280749202153e5e28fdf5b5a1b78ee27,2326.8222857142855,3.3542857142857168,0.16771428571428584,,M15_LATEST_CONFIRMED_OPPOSING_SWING_ELSE_CONTROL,True,a99bdaacf5040ea96376226ad43586eff3b4318e8ed63e71a34747e07bf51982,2024-06-24T17:45:00Z,2326.99,2332.85,983a0b5df35eee0f1a976cab2d347fe3fd11df08bd8766d040298d3ca352d84e
0664621147888ba392b8214c5faccc445c10c2034d529f68c718ed93303f584b,2331.63,2024-06-24T18:05:00Z,298b45c7404ff0508a8a6a040cf47d4385b8cd61cfde8d9c5cc83ff6ae1ea7ee,2024-06-24T18:05:00Z,2331.97,2323.38,2024-07-01T00:00:00Z,2024-06-24T18:00:00Z,0.0,LONG,1.0,5.122235157160308,CONTROL_V2_FILLED_STOP,2024-06-24T18:05:00Z,CONTROL_NEXT_M1_OPEN,2331.97,True,d020f9a8d03213616d2db0f5e2ff78ddd88e0dfeb29ae9ac5f599be681ea7de8,0.13504074505237443,0.1315483119907043,2024_06,0.10244470314320615,0.10244470314320615,TARGET,2024-06-24T18:12:00Z,TARGET,25a76d57d55c2595585a8222b29ee7fe696d5d15f3c9af47fb89d52d10414fc7,2024-06-24T18:12:00Z,FIRST_RETEST_FILLED,2024-06-24T18:20:00Z,2024-06-24T18:05:00Z,2331.63,True,False,INITIAL_CONFIRMATION_TARGET,79e5d7a83ee6f71f03e48c9f98d08ccccfff4b493e001fa9ab882b62d48501f2,51d406e71b91c8ca19f36a47b1bda367280749202153e5e28fdf5b5a1b78ee27,2323.38,5.34499999999993,0.2672499999999965,NOT_STRICTLY_CLOSER_THAN_CONTROL,H1_SOURCE_SWING_BUFFERED_ELSE_CONTROL,False,51d406e71b91c8ca19f36a47b1bda367280749202153e5e28fdf5b5a1b78ee27,2024-06-24T18:00:00Z,2323.38,2332.85,983a0b5df35eee0f1a976cab2d347fe3fd11df08bd8766d040298d3ca352d84e
0664621147888ba392b8214c5faccc445c10c2034d529f68c718ed93303f584b,2331.63,2024-06-24T18:05:00Z,298b45c7404ff0508a8a6a040cf47d4385b8cd61cfde8d9c5cc83ff6ae1ea7ee,2024-06-24T18:05:00Z,2331.97,2323.38,2024-07-01T00:00:00Z,2024-06-24T18:00:00Z,0.045434084735557476,LONG,1.0,7.393939393938181,CONTROL_V2_FILLED_STOP,2024-06-24T18:05:00Z,M5_BROKEN_CONTROL_FIRST_RETEST,2331.63,True,a25db8ddacee14e1e2f1b2cad97b3f06d531bff5672bdd84d4bd00249221e118,0.09939393939395924,0.17818181818179393,2024_06,0.14787878787876363,0.10244470314320615,TARGET,2024-06-24T18:12:00Z,TARGET,7c85f14f4a0ce766262c456dc7ef63613dcf73690fd4cc114d7f72ddef148fb3,2024-06-24T18:12:00Z,FIRST_RETEST_FILLED,2024-06-24T18:20:00Z,2024-06-24T18:05:00Z,2331.63,True,True,INITIAL_CONFIRMATION_TARGET,a8980bcd1f2dda1ead95e9b8408bd9d66edc66010f75ba0fe514833f3f56f90b,51d406e71b91c8ca19f36a47b1bda367280749202153e5e28fdf5b5a1b78ee27,2323.38,,,,CONTROL_V2_FILLED_STOP,False,,2024-06-24T18:05:00Z,2323.38,2332.85,983a0b5df35eee0f1a976cab2d347fe3fd11df08bd8766d040298d3ca352d84e
0664621147888ba392b8214c5faccc445c10c2034d529f68c718ed93303f584b,2331.63,2024-06-24T18:05:00Z,298b45c7404ff0508a8a6a040cf47d4385b8cd61cfde8d9c5cc83ff6ae1ea7ee,2024-06-24T18:05:00Z,2331.97,2323.38,2024-07-01T00:00:00Z,2024-06-24T18:00:00Z,0.15396362862629637,LONG,0.5934849492765921,12.820416588475126,M5_LATEST_CONFIRMED_OPPOSING_SWING_ELSE_CONTROL,2024-06-24T18:05:00Z,M5_BROKEN_CONTROL_FIRST_RETEST,2331.63,True,3576930e1c4b94248aef30d09a197e3a9771c0d0fba2f7f77028c43d05eadd82,0.17234002627136763,0.3089510227058846,2024_06,0.2564083317695025,0.10244470314320615,TARGET,2024-06-24T18:12:00Z,TARGET,43f2ae3448d73da9c833d597496d8ff22a2fc44a3f3f1f0c1b37ac5ad8769482,2024-06-24T18:12:00Z,FIRST_RETEST_FILLED,2024-06-24T18:20:00Z,2024-06-24T18:05:00Z,2331.63,True,True,INITIAL_CONFIRMATION_TARGET,b1f4f170c7ba957eab21c74490a1902f8c16573f04655d2d01bc4222d39bb61c,51d406e71b91c8ca19f36a47b1bda367280749202153e5e28fdf5b5a1b78ee27,2326.871964285714,2.3607142857142986,0.11803571428571494,,M5_LATEST_CONFIRMED_OPPOSING_SWING_ELSE_CONTROL,True,8417196a983f7e28cd4c164093febe0fc4e00969384b704d2354f3a0d31414ca,2024-06-24T17:15:00Z,2326.99,2332.85,983a0b5df35eee0f1a976cab2d347fe3fd11df08bd8766d040298d3ca352d84e
0664621147888ba392b8214c5faccc445c10c2034d529f68c718ed93303f584b,2331.63,2024-06-24T18:05:00Z,298b45c7404ff0508a8a6a040cf47d4385b8cd61cfde8d9c5cc83ff6ae1ea7ee,2024-06-24T18:05:00Z,2331.97,2323.38,2024-07-01T00:00:00Z,2024-06-24T18:00:00Z,0.15131413681632389,LONG,0.5992682521204291,12.687941997976502,M15_LATEST_CONFIRMED_OPPOSING_SWING_ELSE_CONTROL,2024-06-24T18:05:00Z,M5_BROKEN_CONTROL_FIRST_RETEST,2331.63,True,12bb58df350d30165715060a038f138668c0f21a5adc42951b032f3b363bd430,0.17055922030072973,0.3057586022463275,2024_06,0.25375883995953,0.10244470314320615,TARGET,2024-06-24T18:12:00Z,TARGET,6f621c2da9320b3dbe16bdede97f8f4f295ded60364c37190d2e7bf7ad5b441e,2024-06-24T18:12:00Z,FIRST_RETEST_FILLED,2024-06-24T18:20:00Z,2024-06-24T18:05:00Z,2331.63,True,True,INITIAL_CONFIRMATION_TARGET,dedfdebf86c01ac4589e87bbcc0c14761b57a065ffd6a4bbff3520612f25a3cf,51d406e71b91c8ca19f36a47b1bda367280749202153e5e28fdf5b5a1b78ee27,2326.8222857142855,3.3542857142857168,0.16771428571428584,,M15_LATEST_CONFIRMED_OPPOSING_SWING_ELSE_CONTROL,True,a99bdaacf5040ea96376226ad43586eff3b4318e8ed63e71a34747e07bf51982,2024-06-24T17:45:00Z,2326.99,2332.85,983a0b5df35eee0f1a976cab2d347fe3fd11df08bd8766d040298d3ca352d84e
0664621147888ba392b8214c5faccc445c10c2034d529f68c718ed93303f584b,2331.63,2024-06-24T18:05:00Z,298b45c7404ff0508a8a6a040cf47d4385b8cd61cfde8d9c5cc83ff6ae1ea7ee,2024-06-24T18:05:00Z,2331.97,2323.38,2024-07-01T00:00:00Z,2024-06-24T18:00:00Z,0.045434084735557476,LONG,1.0,7.393939393938181,CONTROL_V2_FILLED_STOP,2024-06-24T18:05:00Z,M5_BROKEN_CONTROL_FIRST_RETEST,2331.63,True,d020f9a8d03213616d2db0f5e2ff78ddd88e0dfeb29ae9ac5f599be681ea7de8,0.09939393939395924,0.17818181818179393,2024_06,0.14787878787876363,0.10244470314320615,TARGET,2024-06-24T18:12:00Z,TARGET,290c49c40f065e570451bd0e9713a50ac494b45faee8028149bd773ee3ad69f8,2024-06-24T18:12:00Z,FIRST_RETEST_FILLED,2024-06-24T18:20:00Z,2024-06-24T18:05:00Z,2331.63,True,True,INITIAL_CONFIRMATION_TARGET,b965b5cc36584bf51c85df9ddde63485fad808deb852554c74201d88c653595b,51d406e71b91c8ca19f36a47b1bda367280749202153e5e28fdf5b5a1b78ee27,2323.38,5.34499999999993,0.2672499999999965,NOT_STRICTLY_CLOSER_THAN_CONTROL,H1_SOURCE_SWING_BUFFERED_ELSE_CONTROL,False,51d406e71b91c8ca19f36a47b1bda367280749202153e5e28fdf5b5a1b78ee27,2024-06-24T18:00:00Z,2323.38,2332.85,983a0b5df35eee0f1a976cab2d347fe3fd11df08bd8766d040298d3ca352d84e
0664621147888ba392b8214c5faccc445c10c2034d529f68c718ed93303f584b,2331.63,2024-06-24T18:05:00Z,298b45c7404ff0508a8a6a040cf47d4385b8cd61cfde8d9c5cc83ff6ae1ea7ee,2024-06-24T18:05:00Z,2331.97,2323.38,2024-07-01T00:00:00Z,2024-06-24T18:00:00Z,0.03407556355166812,LONG,1.0,6.826013334743713,CONTROL_V2_FILLED_STOP,2024-06-24T18:05:00Z,CONFIRMED_25_75_RETEST_SPLIT,2331.97,True,a25db8ddacee14e1e2f1b2cad97b3f06d531bff5672bdd84d4bd00249221e118,0.10830564080856303,0.16652344163402152,2024_06,0.13652026669487427,0.10244470314320615,TARGET,2024-06-24T18:12:00Z,SPLIT_TARGET_TARGET,0c5f2dcee9d078b4ec457e11d9156cff66cd5e56ce55b3d272516514c12683e2,2024-06-24T18:12:00Z,FIRST_RETEST_FILLED,2024-06-24T18:20:00Z,2024-06-24T18:05:00Z,2331.63,True,True,INITIAL_CONFIRMATION_TARGET,6aef32f0ff6b5840bdc119c36f37cef871982d2318984ea43bea18553c293e65,51d406e71b91c8ca19f36a47b1bda367280749202153e5e28fdf5b5a1b78ee27,2323.38,,,,CONTROL_V2_FILLED_STOP,False,,2024-06-24T18:05:00Z,2323.38,2332.85,983a0b5df35eee0f1a976cab2d347fe3fd11df08bd8766d040298d3ca352d84e
0664621147888ba392b8214c5faccc445c10c2034d529f68c718ed93303f584b,2331.63,2024-06-24T18:05:00Z,298b45c7404ff0508a8a6a040cf47d4385b8cd61cfde8d9c5cc83ff6ae1ea7ee,2024-06-24T18:05:00Z,2331.97,2323.38,2024-07-01T00:00:00Z,2024-06-24T18:00:00Z,0.13301542147642292,LONG,0.5934849492765921,11.773006230981455,M5_LATEST_CONFIRMED_OPPOSING_SWING_ELSE_CONTROL,2024-06-24T18:05:00Z,CONFIRMED_25_75_RETEST_SPLIT,2331.97,True,3576930e1c4b94248aef30d09a197e3a9771c0d0fba2f7f77028c43d05eadd82,0.18613967415726446,0.2871267666266023,2024_06,0.2354601246196291,0.10244470314320615,TARGET,2024-06-24T18:12:00Z,SPLIT_TARGET_TARGET,609c4c4849a3285c320758e08a47a9b7102a68cc8d172ab25e30c8c65d08e5d3,2024-06-24T18:12:00Z,FIRST_RETEST_FILLED,2024-06-24T18:20:00Z,2024-06-24T18:05:00Z,2331.63,True,True,INITIAL_CONFIRMATION_TARGET,c6806187516cbf52e470b7c6037056aad6d6f79f137343a9b37ad1ddd32a23cf,51d406e71b91c8ca19f36a47b1bda367280749202153e5e28fdf5b5a1b78ee27,2326.871964285714,2.3607142857142986,0.11803571428571494,,M5_LATEST_CONFIRMED_OPPOSING_SWING_ELSE_CONTROL,True,8417196a983f7e28cd4c164093febe0fc4e00969384b704d2354f3a0d31414ca,2024-06-24T17:15:00Z,2326.99,2332.85,983a0b5df35eee0f1a976cab2d347fe3fd11df08bd8766d040298d3ca352d84e
0664621147888ba392b8214c5faccc445c10c2034d529f68c718ed93303f584b,2331.63,2024-06-24T18:05:00Z,298b45c7404ff0508a8a6a040cf47d4385b8cd61cfde8d9c5cc83ff6ae1ea7ee,2024-06-24T18:05:00Z,2331.97,2323.38,2024-07-01T00:00:00Z,2024-06-24T18:00:00Z,0.13061184149037502,LONG,0.5992682521204291,11.65282723167906,M15_LATEST_CONFIRMED_OPPOSING_SWING_ELSE_CONTROL,2024-06-24T18:05:00Z,CONFIRMED_25_75_RETEST_SPLIT,2331.97,True,12bb58df350d30165715060a038f138668c0f21a5adc42951b032f3b363bd430,0.18425509819162764,0.2841976773327499,2024_06,0.2330565446335812,0.10244470314320615,TARGET,2024-06-24T18:12:00Z,SPLIT_TARGET_TARGET,a2f00127e2f7204da967ffa4d036ead2d2dc0c3a4a689b1b217c792dd2259128,2024-06-24T18:12:00Z,FIRST_RETEST_FILLED,2024-06-24T18:20:00Z,2024-06-24T18:05:00Z,2331.63,True,True,INITIAL_CONFIRMATION_TARGET,a829583c2007c1f8586ef3c681555f4202c27af468f962e74e50a3875fc3f4cb,51d406e71b91c8ca19f36a47b1bda367280749202153e5e28fdf5b5a1b78ee27,2326.8222857142855,3.3542857142857168,0.16771428571428584,,M15_LATEST_CONFIRMED_OPPOSING_SWING_ELSE_CONTROL,True,a99bdaacf5040ea96376226ad43586eff3b4318e8ed63e71a34747e07bf51982,2024-06-24T17:45:00Z,2326.99,2332.85,983a0b5df35eee0f1a976cab2d347fe3fd11df08bd8766d040298d3ca352d84e
0664621147888ba392b8214c5faccc445c10c2034d529f68c718ed93303f584b,2331.63,2024-06-24T18:05:00Z,298b45c7404ff0508a8a6a040cf47d4385b8cd61cfde8d9c5cc83ff6ae1ea7ee,2024-06-24T18:05:00Z,2331.97,2323.38,2024-07-01T00:00:00Z,2024-06-24T18:00:00Z,0.03407556355166812,LONG,1.0,6.826013334743713,CONTROL_V2_FILLED_STOP,2024-06-24T18:05:00Z,CONFIRMED_25_75_RETEST_SPLIT,2331.97,True,d020f9a8d03213616d2db0f5e2ff78ddd88e0dfeb29ae9ac5f599be681ea7de8,0.10830564080856303,0.16652344163402152,2024_06,0.13652026669487427,0.10244470314320615,TARGET,2024-06-24T18:12:00Z,SPLIT_TARGET_TARGET,98d16480d2b1aecd546600f988006d75fcd266d0836ef0a5590566a437c23501,2024-06-24T18:12:00Z,FIRST_RETEST_FILLED,2024-06-24T18:20:00Z,2024-06-24T18:05:00Z,2331.63,True,True,INITIAL_CONFIRMATION_TARGET,c80776233e4430db8582c9f92c90175e1ba7286e699983942f8996a16b94c6d2,51d406e71b91c8ca19f36a47b1bda367280749202153e5e28fdf5b5a1b78ee27,2323.38,5.34499999999993,0.2672499999999965,NOT_STRICTLY_CLOSER_THAN_CONTROL,H1_SOURCE_SWING_BUFFERED_ELSE_CONTROL,False,51d406e71b91c8ca19f36a47b1bda367280749202153e5e28fdf5b5a1b78ee27,2024-06-24T18:00:00Z,2323.38,2332.85,983a0b5df35eee0f1a976cab2d347fe3fd11df08bd8766d040298d3ca352d84e
7281e4203c009c8ac6e9f42b29ff37144c369f801a40dbe1caa58d479cb7b74b,2330.14,2024-06-24T19:05:00Z,04d5a0472ec4afd0d5e56d98d11d22c94ea187ffe97f7678674f2ec827db4031,2024-06-24T19:05:00Z,2328.97,2333.92,2024-07-01T00:00:00Z,2024-06-24T19:00:00Z,0.0,SHORT,1.0,-50.0,CONTROL_V2_FILLED_STOP,2024-06-24T19:05:00Z,CONTROL_NEXT_M1_OPEN,2328.97,True,335a17dee016a1e195ff7a53a301c127b2bff2d62ca232be949f90e83d5365de,1.002020202020154,0.11717171717169601,2024_06,-1.0,-1.0,STOP,2024-06-24T21:15:00Z,STOP,e6b6a49b18d9b0150de8209ed85057478b1765607fab1e1dd21fea2d1e036cd5,2024-06-24T21:15:00Z,RETEST_EXPIRED,2024-06-24T19:20:00Z,,2330.14,False,False,INITIAL_CONFIRMATION_STOP,6e6122c96f2cdc5e0dad6ed57f6e9915e58ea5fb5c30fe1c1053e852bf97100d,f2116bbf04bb5ae78895e87e10977779d18b6bb8977248a4ffa8732d24f9119e,2333.92,,,,CONTROL_V2_FILLED_STOP,False,,2024-06-24T19:05:00Z,2333.92,2323.38,739506d04795eabc8d24e8834f0b5d390a10a8f39df9cf4203020e534cba3fc9
7281e4203c009c8ac6e9f42b29ff37144c369f801a40dbe1caa58d479cb7b74b,2330.14,2024-06-24T19:05:00Z,04d5a0472ec4afd0d5e56d98d11d22c94ea187ffe97f7678674f2ec827db4031,2024-06-24T19:05:00Z,2328.97,2333.92,2024-07-01T00:00:00Z,2024-06-24T19:00:00Z,0.0,SHORT,0.8708008658008127,-50.0,M5_LATEST_CONFIRMED_OPPOSING_SWING_ELSE_CONTROL,2024-06-24T19:05:00Z,CONTROL_NEXT_M1_OPEN,2328.97,True,dd67a9d9f900d757596075a1b4f279eb3613e0b29ece7192cd8f73fd10697714,1.0323713885644434,0.1345562708690484,2024_06,-1.0,-1.0,STOP,2024-06-24T21:15:00Z,STOP,5d720ad3d1d8a16357e8c1e3368a81bfaf130728c975e488669f44ef76d59de5,2024-06-24T21:09:00Z,RETEST_EXPIRED,2024-06-24T19:20:00Z,,2330.14,False,False,INITIAL_CONFIRMATION_STOP,6ba3050e03840f16b103d4fb20f5a4d73b49c885b8ad3de2eb1ddae027ba64d6,f2116bbf04bb5ae78895e87e10977779d18b6bb8977248a4ffa8732d24f9119e,2333.280464285714,1.609285714285696,0.08046428571428481,,M5_LATEST_CONFIRMED_OPPOSING_SWING_ELSE_CONTROL,True,8fb2c3f4cc2ecfb0fcae242a0f9a6eaa0e5648418d9934543a63f4bb7499fdb9,2024-06-24T18:25:00Z,2333.2,2323.38,739506d04795eabc8d24e8834f0b5d390a10a8f39df9cf4203020e534cba3fc9
7281e4203c009c8ac6e9f42b29ff37144c369f801a40dbe1caa58d479cb7b74b,2330.14,2024-06-24T19:05:00Z,04d5a0472ec4afd0d5e56d98d11d22c94ea187ffe97f7678674f2ec827db4031,2024-06-24T19:05:00Z,2328.97,2333.92,2024-07-01T00:00:00Z,2024-06-24T19:00:00Z,0.0,SHORT,1.0,-50.0,CONTROL_V2_FILLED_STOP,2024-06-24T19:05:00Z,CONTROL_NEXT_M1_OPEN,2328.97,True,6003b1b4bdf19e86b3996300ccaa527b6423398b5ea48215c74ffc597561fc24,1.002020202020154,0.11717171717169601,2024_06,-1.0,-1.0,STOP,2024-06-24T21:15:00Z,STOP,8478094e8df8262943eddfb3baa39ab4eaecab0d83c16298865c685b43b2a083,2024-06-24T21:15:00Z,RETEST_EXPIRED,2024-06-24T19:20:00Z,,2330.14,False,False,INITIAL_CONFIRMATION_STOP,5e69b64afaf9b30d8b4ca476a40651d8f104118f803c02997950e97c2b280a7b,f2116bbf04bb5ae78895e87e10977779d18b6bb8977248a4ffa8732d24f9119e,2333.92,3.365714285714278,0.16828571428571393,NOT_STRICTLY_CLOSER_THAN_CONTROL,M15_LATEST_CONFIRMED_OPPOSING_SWING_ELSE_CONTROL,False,17f66927c6676f887670d3fb138288c27d088611232650e214a74a72f6c25ee2,2024-06-24T17:15:00Z,2333.92,2323.38,739506d04795eabc8d24e8834f0b5d390a10a8f39df9cf4203020e534cba3fc9
7281e4203c009c8ac6e9f42b29ff37144c369f801a40dbe1caa58d479cb7b74b,2330.14,2024-06-24T19:05:00Z,04d5a0472ec4afd0d5e56d98d11d22c94ea187ffe97f7678674f2ec827db4031,2024-06-24T19:05:00Z,2328.97,2333.92,2024-07-01T00:00:00Z,2024-06-24T19:00:00Z,0.0,SHORT,1.0,-50.0,CONTROL_V2_FILLED_STOP,2024-06-24T19:05:00Z,CONTROL_NEXT_M1_OPEN,2328.97,True,eada6ac34fe80b677e8e85b03889c4f1addf8d03776708867f8789ededb9ae55,1.002020202020154,0.11717171717169601,2024_06,-1.0,-1.0,STOP,2024-06-24T21:15:00Z,STOP,6210b8caeba1601be03fa844a8a62205b8e9d604e0383636cbd0a47425a6158e,2024-06-24T21:15:00Z,RETEST_EXPIRED,2024-06-24T19:20:00Z,,2330.14,False,False,INITIAL_CONFIRMATION_STOP,76bd3f04dd66889d5416f2b39d61b9118f0cfa7390c10c6b9c5281b887ad422f,f2116bbf04bb5ae78895e87e10977779d18b6bb8977248a4ffa8732d24f9119e,2333.92,5.2228571428570705,0.2611428571428535,NOT_STRICTLY_CLOSER_THAN_CONTROL,H1_SOURCE_SWING_BUFFERED_ELSE_CONTROL,False,f2116bbf04bb5ae78895e87e10977779d18b6bb8977248a4ffa8732d24f9119e,2024-06-24T19:00:00Z,2333.92,2323.38,739506d04795eabc8d24e8834f0b5d390a10a8f39df9cf4203020e534cba3fc9
7281e4203c009c8ac6e9f42b29ff37144c369f801a40dbe1caa58d479cb7b74b,2330.14,2024-06-24T19:05:00Z,04d5a0472ec4afd0d5e56d98d11d22c94ea187ffe97f7678674f2ec827db4031,2024-06-24T19:05:00Z,2328.97,2333.92,2024-07-01T00:00:00Z,2024-06-24T19:00:00Z,1.0,SHORT,1.0,0.0,CONTROL_V2_FILLED_STOP,,M5_BROKEN_CONTROL_FIRST_RETEST,,False,335a17dee016a1e195ff7a53a301c127b2bff2d62ca232be949f90e83d5365de,,,2024_06,0.0,-1.0,STOP,2024-06-24T21:15:00Z,NO_FILL,46f053df26b203d556adf97e23f103434327f5e9dce6b82c8ac3a87468ea96b2,,RETEST_EXPIRED,2024-06-24T19:20:00Z,,2330.14,False,False,INITIAL_CONFIRMATION_STOP,3541db1996f3c995b66d1997ca254e37b198c3d09f6981e2d2324b72a0051702,f2116bbf04bb5ae78895e87e10977779d18b6bb8977248a4ffa8732d24f9119e,2333.92,,,,CONTROL_V2_FILLED_STOP,False,,2024-06-24T19:05:00Z,2333.92,2323.38,739506d04795eabc8d24e8834f0b5d390a10a8f39df9cf4203020e534cba3fc9
7281e4203c009c8ac6e9f42b29ff37144c369f801a40dbe1caa58d479cb7b74b,2330.14,2024-06-24T19:05:00Z,04d5a0472ec4afd0d5e56d98d11d22c94ea187ffe97f7678674f2ec827db4031,2024-06-24T19:05:00Z,2328.97,2333.92,2024-07-01T00:00:00Z,2024-06-24T19:00:00Z,1.0,SHORT,0.8708008658008127,0.0,M5_LATEST_CONFIRMED_OPPOSING_SWING_ELSE_CONTROL,,M5_BROKEN_CONTROL_FIRST_RETEST,,False,dd67a9d9f900d757596075a1b4f279eb3613e0b29ece7192cd8f73fd10697714,,,2024_06,0.0,-1.0,STOP,2024-06-24T21:15:00Z,NO_FILL,2a096d2b8ceab1a80c08cc067c96fa14d317bca6523e1be8ea47f0922e10f81c,,RETEST_EXPIRED,2024-06-24T19:20:00Z,,2330.14,False,False,INITIAL_CONFIRMATION_STOP,a6a1fc7854470f2c3b6dfd35c99bc54fc469a63a78e3c72d256527603f13c261,f2116bbf04bb5ae78895e87e10977779d18b6bb8977248a4ffa8732d24f9119e,2333.280464285714,1.609285714285696,0.08046428571428481,,M5_LATEST_CONFIRMED_OPPOSING_SWING_ELSE_CONTROL,True,8fb2c3f4cc2ecfb0fcae242a0f9a6eaa0e5648418d9934543a63f4bb7499fdb9,2024-06-24T18:25:00Z,2333.2,2323.38,739506d04795eabc8d24e8834f0b5d390a10a8f39df9cf4203020e534cba3fc9
7281e4203c009c8ac6e9f42b29ff37144c369f801a40dbe1caa58d479cb7b74b,2330.14,2024-06-24T19:05:00Z,04d5a0472ec4afd0d5e56d98d11d22c94ea187ffe97f7678674f2ec827db4031,2024-06-24T19:05:00Z,2328.97,2333.92,2024-07-01T00:00:00Z,2024-06-24T19:00:00Z,1.0,SHORT,1.0,0.0,CONTROL_V2_FILLED_STOP,,M5_BROKEN_CONTROL_FIRST_RETEST,,False,6003b1b4bdf19e86b3996300ccaa527b6423398b5ea48215c74ffc597561fc24,,,2024_06,0.0,-1.0,STOP,2024-06-24T21:15:00Z,NO_FILL,4a8f1bae3a2850c450994935315f27ad907d6b8a8fa10f8bdb62bfc02408d9c4,,RETEST_EXPIRED,2024-06-24T19:20:00Z,,2330.14,False,False,INITIAL_CONFIRMATION_STOP,76575ed671a37b9101ff24fa482c84469336d0a7ff2cab760b50ad07422c9f49,f2116bbf04bb5ae78895e87e10977779d18b6bb8977248a4ffa8732d24f9119e,2333.92,3.365714285714278,0.16828571428571393,NOT_STRICTLY_CLOSER_THAN_CONTROL,M15_LATEST_CONFIRMED_OPPOSING_SWING_ELSE_CONTROL,False,17f66927c6676f887670d3fb138288c27d088611232650e214a74a72f6c25ee2,2024-06-24T17:15:00Z,2333.92,2323.38,739506d04795eabc8d24e8834f0b5d390a10a8f39df9cf4203020e534cba3fc9
7281e4203c009c8ac6e9f42b29ff37144c369f801a40dbe1caa58d479cb7b74b,2330.14,2024-06-24T19:05:00Z,04d5a0472ec4afd0d5e56d98d11d22c94ea187ffe97f7678674f2ec827db4031,2024-06-24T19:05:00Z,2328.97,2333.92,2024-07-01T00:00:00Z,2024-06-24T19:00:00Z,1.0,SHORT,1.0,0.0,CONTROL_V2_FILLED_STOP,,M5_BROKEN_CONTROL_FIRST_RETEST,,False,eada6ac34fe80b677e8e85b03889c4f1addf8d03776708867f8789ededb9ae55,,,2024_06,0.0,-1.0,STOP,2024-06-24T21:15:00Z,NO_FILL,dc8c20bd41ff8e6f3cd2d2cf21af5eecda329e158bdde4e7619db1f2fc48acba,,RETEST_EXPIRED,2024-06-24T19:20:00Z,,2330.14,False,False,INITIAL_CONFIRMATION_STOP,5ef7d5b897eb58c609271c59dedc4c42545f6aacae3254208ed4d09e452b13fc,f2116bbf04bb5ae78895e87e10977779d18b6bb8977248a4ffa8732d24f9119e,2333.92,5.2228571428570705,0.2611428571428535,NOT_STRICTLY_CLOSER_THAN_CONTROL,H1_SOURCE_SWING_BUFFERED_ELSE_CONTROL,False,f2116bbf04bb5ae78895e87e10977779d18b6bb8977248a4ffa8732d24f9119e,2024-06-24T19:00:00Z,2333.92,2323.38,739506d04795eabc8d24e8834f0b5d390a10a8f39df9cf4203020e534cba3fc9
7281e4203c009c8ac6e9f42b29ff37144c369f801a40dbe1caa58d479cb7b74b,2330.14,2024-06-24T19:05:00Z,04d5a0472ec4afd0d5e56d98d11d22c94ea187ffe97f7678674f2ec827db4031,2024-06-24T19:05:00Z,2328.97,2333.92,2024-07-01T00:00:00Z,2024-06-24T19:00:00Z,0.75,SHORT,1.0,-12.5,CONTROL_V2_FILLED_STOP,2024-06-24T19:05:00Z,CONFIRMED_25_75_RETEST_SPLIT,2328.97,True,335a17dee016a1e195ff7a53a301c127b2bff2d62ca232be949f90e83d5365de,0.2505050505050385,0.029292929292924003,2024_06,-0.25,-1.0,STOP,2024-06-24T21:15:00Z,SPLIT_CONTROL_STOP_NO_RETEST,496d32abe1b7016d5a6d7dae3ecb6f7e04b17e692d18a2efa765aad78b1924c4,2024-06-24T21:15:00Z,RETEST_EXPIRED,2024-06-24T19:20:00Z,,2330.14,False,False,INITIAL_CONFIRMATION_STOP,43cca7014b7173a72ac573d4b45f010cf2b6db75f08127c755be3707dfe262f5,f2116bbf04bb5ae78895e87e10977779d18b6bb8977248a4ffa8732d24f9119e,2333.92,,,,CONTROL_V2_FILLED_STOP,False,,2024-06-24T19:05:00Z,2333.92,2323.38,739506d04795eabc8d24e8834f0b5d390a10a8f39df9cf4203020e534cba3fc9
7281e4203c009c8ac6e9f42b29ff37144c369f801a40dbe1caa58d479cb7b74b,2330.14,2024-06-24T19:05:00Z,04d5a0472ec4afd0d5e56d98d11d22c94ea187ffe97f7678674f2ec827db4031,2024-06-24T19:05:00Z,2328.97,2333.92,2024-07-01T00:00:00Z,2024-06-24T19:00:00Z,0.75,SHORT,0.8708008658008127,-12.5,M5_LATEST_CONFIRMED_OPPOSING_SWING_ELSE_CONTROL,2024-06-24T19:05:00Z,CONFIRMED_25_75_RETEST_SPLIT,2328.97,True,dd67a9d9f900d757596075a1b4f279eb3613e0b29ece7192cd8f73fd10697714,0.25809284714111086,0.0336390677172621,2024_06,-0.25,-1.0,STOP,2024-06-24T21:15:00Z,SPLIT_CONTROL_STOP_NO_RETEST,12663a84fd36a6bdcb671d8eeb0e3738355dd3b8283cb7b7327e6575ab8a0ef1,2024-06-24T21:09:00Z,RETEST_EXPIRED,2024-06-24T19:20:00Z,,2330.14,False,False,INITIAL_CONFIRMATION_STOP,ddf64c61ce397e29437ce529e23950fad28e0e8afa84d3745614e52c1ba7338b,f2116bbf04bb5ae78895e87e10977779d18b6bb8977248a4ffa8732d24f9119e,2333.280464285714,1.609285714285696,0.08046428571428481,,M5_LATEST_CONFIRMED_OPPOSING_SWING_ELSE_CONTROL,True,8fb2c3f4cc2ecfb0fcae242a0f9a6eaa0e5648418d9934543a63f4bb7499fdb9,2024-06-24T18:25:00Z,2333.2,2323.38,739506d04795eabc8d24e8834f0b5d390a10a8f39df9cf4203020e534cba3fc9
7281e4203c009c8ac6e9f42b29ff37144c369f801a40dbe1caa58d479cb7b74b,2330.14,2024-06-24T19:05:00Z,04d5a0472ec4afd0d5e56d98d11d22c94ea187ffe97f7678674f2ec827db4031,2024-06-24T19:05:00Z,2328.97,2333.92,2024-07-01T00:00:00Z,2024-06-24T19:00:00Z,0.75,SHORT,1.0,-12.5,CONTROL_V2_FILLED_STOP,2024-06-24T19:05:00Z,CONFIRMED_25_75_RETEST_SPLIT,2328.97,True,6003b1b4bdf19e86b3996300ccaa527b6423398b5ea48215c74ffc597561fc24,0.2505050505050385,0.029292929292924003,2024_06,-0.25,-1.0,STOP,2024-06-24T21:15:00Z,SPLIT_CONTROL_STOP_NO_RETEST,1ceab185171862eb3777624fca3b7966382417b80423fb560f2d22a92120804b,2024-06-24T21:15:00Z,RETEST_EXPIRED,2024-06-24T19:20:00Z,,2330.14,False,False,INITIAL_CONFIRMATION_STOP,8be7d6c54c2c1727d2174c8d5a7e2bdd12be20593d5d21737ebe693b2ef2f8a7,f2116bbf04bb5ae78895e87e10977779d18b6bb8977248a4ffa8732d24f9119e,2333.92,3.365714285714278,0.16828571428571393,NOT_STRICTLY_CLOSER_THAN_CONTROL,M15_LATEST_CONFIRMED_OPPOSING_SWING_ELSE_CONTROL,False,17f66927c6676f887670d3fb138288c27d088611232650e214a74a72f6c25ee2,2024-06-24T17:15:00Z,2333.92,2323.38,739506d04795eabc8d24e8834f0b5d390a10a8f39df9cf4203020e534cba3fc9
7281e4203c009c8ac6e9f42b29ff37144c369f801a40dbe1caa58d479cb7b74b,2330.14,2024-06-24T19:05:00Z,04d5a0472ec4afd0d5e56d98d11d22c94ea187ffe97f7678674f2ec827db4031,2024-06-24T19:05:00Z,2328.97,2333.92,2024-07-01T00:00:00Z,2024-06-24T19:00:00Z,0.75,SHORT,1.0,-12.5,CONTROL_V2_FILLED_STOP,2024-06-24T19:05:00Z,CONFIRMED_25_75_RETEST_SPLIT,2328.97,True,eada6ac34fe80b677e8e85b03889c4f1addf8d03776708867f8789ededb9ae55,0.2505050505050385,0.029292929292924003,2024_06,-0.25,-1.0,STOP,2024-06-24T21:15:00Z,SPLIT_CONTROL_STOP_NO_RETEST,ef4ce7fad9be74212731b528e52039dad23458961ed728d0bc5fe79891b51957,2024-06-24T21:15:00Z,RETEST_EXPIRED,2024-06-24T19:20:00Z,,2330.14,False,False,INITIAL_CONFIRMATION_STOP,535fb5a320ec03caf5d7eb4c135733fd8d9e2ff32c505320af34817b27fa1482,f2116bbf04bb5ae78895e87e10977779d18b6bb8977248a4ffa8732d24f9119e,2333.92,5.2228571428570705,0.2611428571428535,NOT_STRICTLY_CLOSER_THAN_CONTROL,H1_SOURCE_SWING_BUFFERED_ELSE_CONTROL,False,f2116bbf04bb5ae78895e87e10977779d18b6bb8977248a4ffa8732d24f9119e,2024-06-24T19:00:00Z,2333.92,2323.38,739506d04795eabc8d24e8834f0b5d390a10a8f39df9cf4203020e534cba3fc9
5a57842821bb124249e3e88012bf98c01109456232df338384951e98aef43fcb,2332.42,2024-06-25T02:05:00Z,f983a7fe6e05ed6fa4c539f37da14f690ee90915e18ab2dbbd5343b51a41c7a8,2024-06-25T02:05:00Z,2331.25,2334.71,2024-07-01T00:00:00Z,2024-06-25T02:00:00Z,0.0,SHORT,1.0,63.00578034682198,CONTROL_V2_FILLED_STOP,2024-06-25T02:05:00Z,CONTROL_NEXT_M1_OPEN,2331.25,True,6eb1b2adc6b1db9c020b3a3f4650fd59a0412d17a5a6cc445a7041d3cb1ea68c,0.14161849710976201,1.3265895953757507,2024_06,1.2601156069364396,1.2601156069364396,TARGET,2024-06-25T04:28:00Z,TARGET,c0590d7e22cf91b935c4358707bf12b6b33908600cf884f057aeeb73587cee8b,2024-06-25T04:28:00Z,RETEST_EXPIRED,2024-06-25T02:20:00Z,,2332.42,False,False,INITIAL_CONFIRMATION_TARGET,6fb422786776372d98cff352cfd238f9806524fba2d46333ca9ba5847003cdeb,d5fd86670ae96044c1499e5b1ce0f6ab25c58a4993c9695e8a04f2e3c389cadc,2334.71,,,,CONTROL_V2_FILLED_STOP,False,,2024-06-25T02:05:00Z,2334.71,2326.89,825fc0d90c35b7b1233686ea0ac86a4dc7899e414db3a17ca0a5a56e7e63634b
5a57842821bb124249e3e88012bf98c01109456232df338384951e98aef43fcb,2332.42,2024-06-25T02:05:00Z,f983a7fe6e05ed6fa4c539f37da14f690ee90915e18ab2dbbd5343b51a41c7a8,2024-06-25T02:05:00Z,2331.25,2334.71,2024-07-01T00:00:00Z,2024-06-25T02:00:00Z,0.03102577558322439,SHORT,0.9759702725020883,64.5570691259832,M5_LATEST_CONFIRMED_OPPOSING_SWING_ELSE_CONTROL,2024-06-25T02:05:00Z,CONTROL_NEXT_M1_OPEN,2331.25,True,fc09fdcf98ace34836ae309dcac649905581a47a1ce03ad639f693c6b89e85bf,0.14510533886108604,1.359252051781026,2024_06,1.291141382519664,1.2601156069364396,TARGET,2024-06-25T04:28:00Z,TARGET,3aaa13c1efc14c95fbcdc5ef14c7354f166303e4b2035b98a55f0f51a8f947ea,2024-06-25T04:28:00Z,RETEST_EXPIRED,2024-06-25T02:20:00Z,,2332.42,False,False,INITIAL_CONFIRMATION_TARGET,acbe3b153b517fdbaf3ea5feaaf86e6e05bdcc95bec340e5a6c71a75f35ab6d5,d5fd86670ae96044c1499e5b1ce0f6ab25c58a4993c9695e8a04f2e3c389cadc,2334.6268571428573,0.5371428571428558,0.02685714285714279,,M5_LATEST_CONFIRMED_OPPOSING_SWING_ELSE_CONTROL,True,26b9f0639600e7e2848e65c6daa6a374664d6dc6f7bc98412be6a09d8d6181de,2024-06-25T01:15:00Z,2334.6,2326.89,825fc0d90c35b7b1233686ea0ac86a4dc7899e414db3a17ca0a5a56e7e63634b
5a57842821bb124249e3e88012bf98c01109456232df338384951e98aef43fcb,2332.42,2024-06-25T02:05:00Z,f983a7fe6e05ed6fa4c539f37da14f690ee90915e18ab2dbbd5343b51a41c7a8,2024-06-25T02:05:00Z,2331.25,2334.71,2024-07-01T00:00:00Z,2024-06-25T02:00:00Z,0.015164352949929238,SHORT,0.9881090008257635,63.763997994318444,M15_LATEST_CONFIRMED_OPPOSING_SWING_ELSE_CONTROL,2024-06-25T02:05:00Z,CONTROL_NEXT_M1_OPEN,2331.25,True,26e731efcbdd445af9f5fd0ae594891c4808ec46f8335ecb81ec9c1fb9f1fc01,0.14332274778532664,1.3425539027244147,2024_06,1.2752799598863689,1.2601156069364396,TARGET,2024-06-25T04:28:00Z,TARGET,65f3117995e92a7cbc347516be29b2335e402c9d590365245733d02cdbacd1a0,2024-06-25T04:28:00Z,RETEST_EXPIRED,2024-06-25T02:20:00Z,,2332.42,False,False,INITIAL_CONFIRMATION_TARGET,6408b054810e79486be934c50f8e336a3db5a9f838f4529cefac33b079fce802,d5fd86670ae96044c1499e5b1ce0f6ab25c58a4993c9695e8a04f2e3c389cadc,2334.668857142857,1.3771428571429039,0.0688571428571452,,M15_LATEST_CONFIRMED_OPPOSING_SWING_ELSE_CONTROL,True,c1de661335fc90f716ff8eaf310d4603340dc3df68a7d84268ce665a68d0fb9b,2024-06-25T01:45:00Z,2334.6,2326.89,825fc0d90c35b7b1233686ea0ac86a4dc7899e414db3a17ca0a5a56e7e63634b
5a57842821bb124249e3e88012bf98c01109456232df338384951e98aef43fcb,2332.42,2024-06-25T02:05:00Z,f983a7fe6e05ed6fa4c539f37da14f690ee90915e18ab2dbbd5343b51a41c7a8,2024-06-25T02:05:00Z,2331.25,2334.71,2024-07-01T00:00:00Z,2024-06-25T02:00:00Z,0.0,SHORT,1.0,63.00578034682198,CONTROL_V2_FILLED_STOP,2024-06-25T02:05:00Z,CONTROL_NEXT_M1_OPEN,2331.25,True,45141421323b930608ea54ee97dc26283825aec93232b263f288ad2a3a537dd5,0.14161849710976201,1.3265895953757507,2024_06,1.2601156069364396,1.2601156069364396,TARGET,2024-06-25T04:28:00Z,TARGET,ec7807476bae400b65a3ed5ac9acabfa808bc15c433d5a6cf890d5e3bff433a0,2024-06-25T04:28:00Z,RETEST_EXPIRED,2024-06-25T02:20:00Z,,2332.42,False,False,INITIAL_CONFIRMATION_TARGET,b913b99767fa5e8f91aacc7803106544c35595b1a66d00c8921821126ecdabcb,d5fd86670ae96044c1499e5b1ce0f6ab25c58a4993c9695e8a04f2e3c389cadc,2334.71,5.114999999999976,0.2557499999999988,NOT_STRICTLY_CLOSER_THAN_CONTROL,H1_SOURCE_SWING_BUFFERED_ELSE_CONTROL,False,d5fd86670ae96044c1499e5b1ce0f6ab25c58a4993c9695e8a04f2e3c389cadc,2024-06-25T02:00:00Z,2334.71,2326.89,825fc0d90c35b7b1233686ea0ac86a4dc7899e414db3a17ca0a5a56e7e63634b
5a57842821bb124249e3e88012bf98c01109456232df338384951e98aef43fcb,2332.42,2024-06-25T02:05:00Z,f983a7fe6e05ed6fa4c539f37da14f690ee90915e18ab2dbbd5343b51a41c7a8,2024-06-25T02:05:00Z,2331.25,2334.71,2024-07-01T00:00:00Z,2024-06-25T02:00:00Z,-1.2601156069364396,SHORT,1.0,0.0,CONTROL_V2_FILLED_STOP,,M5_BROKEN_CONTROL_FIRST_RETEST,,False,6eb1b2adc6b1db9c020b3a3f4650fd59a0412d17a5a6cc445a7041d3cb1ea68c,,,2024_06,0.0,1.2601156069364396,TARGET,2024-06-25T04:28:00Z,NO_FILL,93ec88f2042e3d8f8fc4b85e1d76067e67ae1c3f9eb5a579e09f8b0043812a2b,,RETEST_EXPIRED,2024-06-25T02:20:00Z,,2332.42,False,False,INITIAL_CONFIRMATION_TARGET,988b75dbf4720a91a82cac02e063481dda09cf8e8e3704f21e6fa0295ba442f6,d5fd86670ae96044c1499e5b1ce0f6ab25c58a4993c9695e8a04f2e3c389cadc,2334.71,,,,CONTROL_V2_FILLED_STOP,False,,2024-06-25T02:05:00Z,2334.71,2326.89,825fc0d90c35b7b1233686ea0ac86a4dc7899e414db3a17ca0a5a56e7e63634b
5a57842821bb124249e3e88012bf98c01109456232df338384951e98aef43fcb,2332.42,2024-06-25T02:05:00Z,f983a7fe6e05ed6fa4c539f37da14f690ee90915e18ab2dbbd5343b51a41c7a8,2024-06-25T02:05:00Z,2331.25,2334.71,2024-07-01T00:00:00Z,2024-06-25T02:00:00Z,-1.2601156069364396,SHORT,0.9759702725020883,0.0,M5_LATEST_CONFIRMED_OPPOSING_SWING_ELSE_CONTROL,,M5_BROKEN_CONTROL_FIRST_RETEST,,False,fc09fdcf98ace34836ae309dcac649905581a47a1ce03ad639f693c6b89e85bf,,,2024_06,0.0,1.2601156069364396,TARGET,2024-06-25T04:28:00Z,NO_FILL,301b713ba76c385aa9ada383736e4492ffd08ecb6459d261240148a4ed0a0a66,,RETEST_EXPIRED,2024-06-25T02:20:00Z,,2332.42,False,False,INITIAL_CONFIRMATION_TARGET,f9c530eb5c39afdeb1bce4843d7aa07165fc55aa4a88b5b6da517d0c73845380,d5fd86670ae96044c1499e5b1ce0f6ab25c58a4993c9695e8a04f2e3c389cadc,2334.6268571428573,0.5371428571428558,0.02685714285714279,,M5_LATEST_CONFIRMED_OPPOSING_SWING_ELSE_CONTROL,True,26b9f0639600e7e2848e65c6daa6a374664d6dc6f7bc98412be6a09d8d6181de,2024-06-25T01:15:00Z,2334.6,2326.89,825fc0d90c35b7b1233686ea0ac86a4dc7899e414db3a17ca0a5a56e7e63634b
5a57842821bb124249e3e88012bf98c01109456232df338384951e98aef43fcb,2332.42,2024-06-25T02:05:00Z,f983a7fe6e05ed6fa4c539f37da14f690ee90915e18ab2dbbd5343b51a41c7a8,2024-06-25T02:05:00Z,2331.25,2334.71,2024-07-01T00:00:00Z,2024-06-25T02:00:00Z,-1.2601156069364396,SHORT,0.9881090008257635,0.0,M15_LATEST_CONFIRMED_OPPOSING_SWING_ELSE_CONTROL,,M5_BROKEN_CONTROL_FIRST_RETEST,,False,26e731efcbdd445af9f5fd0ae594891c4808ec46f8335ecb81ec9c1fb9f1fc01,,,2024_06,0.0,1.2601156069364396,TARGET,2024-06-25T04:28:00Z,NO_FILL,88dddf41d946255d06117a0db58e951257e1dfe940e7d4fab4aff7cc9c1d2a0d,,RETEST_EXPIRED,2024-06-25T02:20:00Z,,2332.42,False,False,INITIAL_CONFIRMATION_TARGET,88820bb4db8b1afd650bf79e5b86db555a95c6d5213b17000a01d9c744925e9a,d5fd86670ae96044c1499e5b1ce0f6ab25c58a4993c9695e8a04f2e3c389cadc,2334.668857142857,1.3771428571429039,0.0688571428571452,,M15_LATEST_CONFIRMED_OPPOSING_SWING_ELSE_CONTROL,True,c1de661335fc90f716ff8eaf310d4603340dc3df68a7d84268ce665a68d0fb9b,2024-06-25T01:45:00Z,2334.6,2326.89,825fc0d90c35b7b1233686ea0ac86a4dc7899e414db3a17ca0a5a56e7e63634b
5a57842821bb124249e3e88012bf98c01109456232df338384951e98aef43fcb,2332.42,2024-06-25T02:05:00Z,f983a7fe6e05ed6fa4c539f37da14f690ee90915e18ab2dbbd5343b51a41c7a8,2024-06-25T02:05:00Z,2331.25,2334.71,2024-07-01T00:00:00Z,2024-06-25T02:00:00Z,-1.2601156069364396,SHORT,1.0,0.0,CONTROL_V2_FILLED_STOP,,M5_BROKEN_CONTROL_FIRST_RETEST,,False,45141421323b930608ea54ee97dc26283825aec93232b263f288ad2a3a537dd5,,,2024_06,0.0,1.2601156069364396,TARGET,2024-06-25T04:28:00Z,NO_FILL,579929192fda579911d58cbc12661216f60f111936366aa090b561dd614ece52,,RETEST_EXPIRED,2024-06-25T02:20:00Z,,2332.42,False,False,INITIAL_CONFIRMATION_TARGET,670e9e1d9d2706ef89d28cd35b25ddc75c1fc208bef0fdfcb148b2501898d650,d5fd86670ae96044c1499e5b1ce0f6ab25c58a4993c9695e8a04f2e3c389cadc,2334.71,5.114999999999976,0.2557499999999988,NOT_STRICTLY_CLOSER_THAN_CONTROL,H1_SOURCE_SWING_BUFFERED_ELSE_CONTROL,False,d5fd86670ae96044c1499e5b1ce0f6ab25c58a4993c9695e8a04f2e3c389cadc,2024-06-25T02:00:00Z,2334.71,2326.89,825fc0d90c35b7b1233686ea0ac86a4dc7899e414db3a17ca0a5a56e7e63634b
5a57842821bb124249e3e88012bf98c01109456232df338384951e98aef43fcb,2332.42,2024-06-25T02:05:00Z,f983a7fe6e05ed6fa4c539f37da14f690ee90915e18ab2dbbd5343b51a41c7a8,2024-06-25T02:05:00Z,2331.25,2334.71,2024-07-01T00:00:00Z,2024-06-25T02:00:00Z,-0.9450867052023297,SHORT,1.0,15.751445086705495,CONTROL_V2_FILLED_STOP,2024-06-25T02:05:00Z,CONFIRMED_25_75_RETEST_SPLIT,2331.25,True,6eb1b2adc6b1db9c020b3a3f4650fd59a0412d17a5a6cc445a7041d3cb1ea68c,0.035404624277440504,0.3316473988439377,2024_06,0.3150289017341099,1.2601156069364396,TARGET,2024-06-25T04:28:00Z,SPLIT_CONTROL_TARGET_NO_RETEST,69f96e1354ad0e74191a3f0f10d3155f84119e14f1534bd81edddb9ff99f27c2,2024-06-25T04:28:00Z,RETEST_EXPIRED,2024-06-25T02:20:00Z,,2332.42,False,False,INITIAL_CONFIRMATION_TARGET,573d0e5a2831895bef83340dcd157afa8eda1fc4085be2fa1c389a147800cdc6,d5fd86670ae96044c1499e5b1ce0f6ab25c58a4993c9695e8a04f2e3c389cadc,2334.71,,,,CONTROL_V2_FILLED_STOP,False,,2024-06-25T02:05:00Z,2334.71,2326.89,825fc0d90c35b7b1233686ea0ac86a4dc7899e414db3a17ca0a5a56e7e63634b
5a57842821bb124249e3e88012bf98c01109456232df338384951e98aef43fcb,2332.42,2024-06-25T02:05:00Z,f983a7fe6e05ed6fa4c539f37da14f690ee90915e18ab2dbbd5343b51a41c7a8,2024-06-25T02:05:00Z,2331.25,2334.71,2024-07-01T00:00:00Z,2024-06-25T02:00:00Z,-0.9373302613065236,SHORT,0.9759702725020883,16.1392672814958,M5_LATEST_CONFIRMED_OPPOSING_SWING_ELSE_CONTROL,2024-06-25T02:05:00Z,CONFIRMED_25_75_RETEST_SPLIT,2331.25,True,fc09fdcf98ace34836ae309dcac649905581a47a1ce03ad639f693c6b89e85bf,0.03627633471527151,0.3398130129452565,2024_06,0.322785345629916,1.2601156069364396,TARGET,2024-06-25T04:28:00Z,SPLIT_CONTROL_TARGET_NO_RETEST,80ae01b1f970ed2a061ced127f9593ea59c3c3e9f8fb025d64d5f6145480ede5,2024-06-25T04:28:00Z,RETEST_EXPIRED,2024-06-25T02:20:00Z,,2332.42,False,False,INITIAL_CONFIRMATION_TARGET,13360c46592aa8861ffc029bd6cb952a3e2a82ec16ea88442fc5969bbfe7d478,d5fd86670ae96044c1499e5b1ce0f6ab25c58a4993c9695e8a04f2e3c389cadc,2334.6268571428573,0.5371428571428558,0.02685714285714279,,M5_LATEST_CONFIRMED_OPPOSING_SWING_ELSE_CONTROL,True,26b9f0639600e7e2848e65c6daa6a374664d6dc6f7bc98412be6a09d8d6181de,2024-06-25T01:15:00Z,2334.6,2326.89,825fc0d90c35b7b1233686ea0ac86a4dc7899e414db3a17ca0a5a56e7e63634b
5a57842821bb124249e3e88012bf98c01109456232df338384951e98aef43fcb,2332.42,2024-06-25T02:05:00Z,f983a7fe6e05ed6fa4c539f37da14f690ee90915e18ab2dbbd5343b51a41c7a8,2024-06-25T02:05:00Z,2331.25,2334.71,2024-07-01T00:00:00Z,2024-06-25T02:00:00Z,-0.9412956169648474,SHORT,0.9881090008257635,15.940999498579611,M15_LATEST_CONFIRMED_OPPOSING_SWING_ELSE_CONTROL,2024-06-25T02:05:00Z,CONFIRMED_25_75_RETEST_SPLIT,2331.25,True,26e731efcbdd445af9f5fd0ae594891c4808ec46f8335ecb81ec9c1fb9f1fc01,0.03583068694633166,0.33563847568110367,2024_06,0.3188199899715922,1.2601156069364396,TARGET,2024-06-25T04:28:00Z,SPLIT_CONTROL_TARGET_NO_RETEST,374ed5d62ee1db8e86cd81a539b7f043e57d431b9fe912032232aa01614dd876,2024-06-25T04:28:00Z,RETEST_EXPIRED,2024-06-25T02:20:00Z,,2332.42,False,False,INITIAL_CONFIRMATION_TARGET,7a6a2f0af2e6ee36866595820bcebcc045b08d8cd47d6ab04ffea95225721759,d5fd86670ae96044c1499e5b1ce0f6ab25c58a4993c9695e8a04f2e3c389cadc,2334.668857142857,1.3771428571429039,0.0688571428571452,,M15_LATEST_CONFIRMED_OPPOSING_SWING_ELSE_CONTROL,True,c1de661335fc90f716ff8eaf310d4603340dc3df68a7d84268ce665a68d0fb9b,2024-06-25T01:45:00Z,2334.6,2326.89,825fc0d90c35b7b1233686ea0ac86a4dc7899e414db3a17ca0a5a56e7e63634b
5a57842821bb124249e3e88012bf98c01109456232df338384951e98aef43fcb,2332.42,2024-06-25T02:05:00Z,f983a7fe6e05ed6fa4c539f37da14f690ee90915e18ab2dbbd5343b51a41c7a8,2024-06-25T02:05:00Z,2331.25,2334.71,2024-07-01T00:00:00Z,2024-06-25T02:00:00Z,-0.9450867052023297,SHORT,1.0,15.751445086705495,CONTROL_V2_FILLED_STOP,2024-06-25T02:05:00Z,CONFIRMED_25_75_RETEST_SPLIT,2331.25,True,45141421323b930608ea54ee97dc26283825aec93232b263f288ad2a3a537dd5,0.035404624277440504,0.3316473988439377,2024_06,0.3150289017341099,1.2601156069364396,TARGET,2024-06-25T04:28:00Z,SPLIT_CONTROL_TARGET_NO_RETEST,be7e45aee37207f2318effa67c0ab7efeb3c5b6e987e73b3c39bba002d4ee183,2024-06-25T04:28:00Z,RETEST_EXPIRED,2024-06-25T02:20:00Z,,2332.42,False,False,INITIAL_CONFIRMATION_TARGET,e56cca8c3d53979ca272f6bad0ee18a50d2e531d6656bc955c52c6f571fb91d1,d5fd86670ae96044c1499e5b1ce0f6ab25c58a4993c9695e8a04f2e3c389cadc,2334.71,5.114999999999976,0.2557499999999988,NOT_STRICTLY_CLOSER_THAN_CONTROL,H1_SOURCE_SWING_BUFFERED_ELSE_CONTROL,False,d5fd86670ae96044c1499e5b1ce0f6ab25c58a4993c9695e8a04f2e3c389cadc,2024-06-25T02:00:00Z,2334.71,2326.89,825fc0d90c35b7b1233686ea0ac86a4dc7899e414db3a17ca0a5a56e7e63634b
d723538d0d61428601aa8ca4f368fd8e6d5ebd04023505b0ffab5d85c00e0254,2328.56,2024-06-25T08:30:00Z,4481e49b3b5883c1e698ead2bd9694de891b66d4ffca7dfdd73b1c2f96b41f64,2024-06-25T08:30:00Z,2329.42,2322.73,2024-07-01T00:00:00Z,2024-06-25T07:00:00Z,0.0,LONG,1.0,39.53662182361675,CONTROL_V2_FILLED_STOP,2024-06-25T08:30:00Z,CONTROL_NEXT_M1_OPEN,2329.42,True,b038c7a006ecde01ef6e95f597fd3b262aa9fa9cf19c43c3a259f83035201fba,0.9536621823617425,0.9028400597907197,2024_06,0.7907324364723349,0.7907324364723349,TARGET,2024-06-25T13:08:00Z,TARGET,6656f0c73c4139ed32a18f331163aa8839216ad61b0f8eae08c79954ad1868da,2024-06-25T13:08:00Z,FIRST_RETEST_FILLED,2024-06-25T08:45:00Z,2024-06-25T08:35:00Z,2328.56,True,False,RECLAIM_CONFIRMATION_TARGET,00a2bac1b079689f3cbc06993c61281ed368a1d19f5d3970f51980d5786f6541,a0116fedd685a108c9ba65d476b6eb2191e986175d68f52ede79cca327b81bb3,2322.73,,,,CONTROL_V2_FILLED_STOP,False,,2024-06-25T08:30:00Z,2322.73,2334.71,992a2f29e7e45af278b4e8f13e634d064b8bbe8e04a72a1036a4633ecd80f0fc
d723538d0d61428601aa8ca4f368fd8e6d5ebd04023505b0ffab5d85c00e0254,2328.56,2024-06-25T08:30:00Z,4481e49b3b5883c1e698ead2bd9694de891b66d4ffca7dfdd73b1c2f96b41f64,2024-06-25T08:30:00Z,2329.42,2322.73,2024-07-01T00:00:00Z,2024-06-25T07:00:00Z,0.0,LONG,1.0,39.53662182361675,CONTROL_V2_FILLED_STOP,2024-06-25T08:30:00Z,CONTROL_NEXT_M1_OPEN,2329.42,True,07f171557c8059abe02baf4ac2874ff0c7b974cf92357415c82abf84f5b0ce1b,0.9536621823617425,0.9028400597907197,2024_06,0.7907324364723349,0.7907324364723349,TARGET,2024-06-25T13:08:00Z,TARGET,8a60874952b3c7967bb32f3bac9da98e6b4fe692f8f9fb6fef44c40511b3e482,2024-06-25T13:08:00Z,FIRST_RETEST_FILLED,2024-06-25T08:45:00Z,2024-06-25T08:35:00Z,2328.56,True,False,RECLAIM_CONFIRMATION_TARGET,a31200ee81c839da89a7bd4daf6d7af9f24dc0ce43e036e65d0600e3b5bc9139,a0116fedd685a108c9ba65d476b6eb2191e986175d68f52ede79cca327b81bb3,2322.73,0.8214285714285714,0.04107142857142857,NOT_STRICTLY_CLOSER_THAN_CONTROL,M5_LATEST_CONFIRMED_OPPOSING_SWING_ELSE_CONTROL,False,91c9ca8b848dac3afe23289611291348e89b832bbfa120260e5191f834f58fff,2024-06-25T07:20:00Z,2322.75,2334.71,992a2f29e7e45af278b4e8f13e634d064b8bbe8e04a72a1036a4633ecd80f0fc
d723538d0d61428601aa8ca4f368fd8e6d5ebd04023505b0ffab5d85c00e0254,2328.56,2024-06-25T08:30:00Z,4481e49b3b5883c1e698ead2bd9694de891b66d4ffca7dfdd73b1c2f96b41f64,2024-06-25T08:30:00Z,2329.42,2322.73,2024-07-01T00:00:00Z,2024-06-25T07:00:00Z,0.0,LONG,1.0,39.53662182361675,CONTROL_V2_FILLED_STOP,2024-06-25T08:30:00Z,CONTROL_NEXT_M1_OPEN,2329.42,True,ea080e78595fb3bbd7fb660cdcdcc989c06a9b23644dca6471f2fef5eae72800,0.9536621823617425,0.9028400597907197,2024_06,0.7907324364723349,0.7907324364723349,TARGET,2024-06-25T13:08:00Z,TARGET,53ba7cbcd134d20c4cb0d20c52353e9cbd8ff18e247036173909b9d62372aa3f,2024-06-25T13:08:00Z,FIRST_RETEST_FILLED,2024-06-25T08:45:00Z,2024-06-25T08:35:00Z,2328.56,True,False,RECLAIM_CONFIRMATION_TARGET,7ed499d29c8a3eb06301e50ea7922faa551c8d3614b4487a045864b802447779,a0116fedd685a108c9ba65d476b6eb2191e986175d68f52ede79cca327b81bb3,2322.73,1.8807142857142805,0.09403571428571403,NOT_STRICTLY_CLOSER_THAN_CONTROL,M15_LATEST_CONFIRMED_OPPOSING_SWING_ELSE_CONTROL,False,b623bf5854e5ad8a3b3082ae6fcd07325b09b944d9473b67643a8b90a9677e03,2024-06-25T07:45:00Z,2322.75,2334.71,992a2f29e7e45af278b4e8f13e634d064b8bbe8e04a72a1036a4633ecd80f0fc
d723538d0d61428601aa8ca4f368fd8e6d5ebd04023505b0ffab5d85c00e0254,2328.56,2024-06-25T08:30:00Z,4481e49b3b5883c1e698ead2bd9694de891b66d4ffca7dfdd73b1c2f96b41f64,2024-06-25T08:30:00Z,2329.42,2322.73,2024-07-01T00:00:00Z,2024-06-25T07:00:00Z,0.031006018579457284,LONG,0.9622677770659971,41.08692275258961,H1_SOURCE_SWING_BUFFERED_ELSE_CONTROL,2024-06-25T08:30:00Z,CONTROL_NEXT_M1_OPEN,2329.42,True,67c2907ebaa73158982f8ed09cd7f96d0c5665be20a672fa1fed9317592eadf7,0.9910569646938677,0.9382420167321038,2024_06,0.8217384550517922,0.7907324364723349,TARGET,2024-06-25T13:08:00Z,TARGET,72ef3b8198592d87e19e0c3d1aee6ab53e10ed29ecf35dc52a3c26e647db9ae9,2024-06-25T13:08:00Z,FIRST_RETEST_FILLED,2024-06-25T08:45:00Z,2024-06-25T08:35:00Z,2328.56,True,False,RECLAIM_CONFIRMATION_TARGET,e555710b4c4006c2152b5e0b9f65ad6508282811759468f83aaa9dd79659778c,a0116fedd685a108c9ba65d476b6eb2191e986175d68f52ede79cca327b81bb3,2322.9824285714285,4.351428571428577,0.21757142857142886,,H1_SOURCE_SWING_BUFFERED_ELSE_CONTROL,True,a0116fedd685a108c9ba65d476b6eb2191e986175d68f52ede79cca327b81bb3,2024-06-25T07:00:00Z,2323.2,2334.71,992a2f29e7e45af278b4e8f13e634d064b8bbe8e04a72a1036a4633ecd80f0fc
d723538d0d61428601aa8ca4f368fd8e6d5ebd04023505b0ffab5d85c00e0254,2328.56,2024-06-25T08:30:00Z,4481e49b3b5883c1e698ead2bd9694de891b66d4ffca7dfdd73b1c2f96b41f64,2024-06-25T08:30:00Z,2329.42,2322.73,2024-07-01T00:00:00Z,2024-06-25T07:00:00Z,0.2641560712463902,LONG,1.0,52.74442538593625,CONTROL_V2_FILLED_STOP,2024-06-25T08:35:00Z,M5_BROKEN_CONTROL_FIRST_RETEST,2328.56,True,b038c7a006ecde01ef6e95f597fd3b262aa9fa9cf19c43c3a259f83035201fba,0.9468267581475216,1.1835334476844215,2024_06,1.054888507718725,0.7907324364723349,TARGET,2024-06-25T13:08:00Z,TARGET,4672148ecc883e6dec14ebb8600856fe3fcf1fb0eeba9781574291b7fcc118aa,2024-06-25T13:08:00Z,FIRST_RETEST_FILLED,2024-06-25T08:45:00Z,2024-06-25T08:35:00Z,2328.56,True,True,RECLAIM_CONFIRMATION_TARGET,75681f91a0e31d00cb1425125d030784b2512d2a2de21077ce6b7a29cc6a1aa7,a0116fedd685a108c9ba65d476b6eb2191e986175d68f52ede79cca327b81bb3,2322.73,,,,CONTROL_V2_FILLED_STOP,False,,2024-06-25T08:30:00Z,2322.73,2334.71,992a2f29e7e45af278b4e8f13e634d064b8bbe8e04a72a1036a4633ecd80f0fc
d723538d0d61428601aa8ca4f368fd8e6d5ebd04023505b0ffab5d85c00e0254,2328.56,2024-06-25T08:30:00Z,4481e49b3b5883c1e698ead2bd9694de891b66d4ffca7dfdd73b1c2f96b41f64,2024-06-25T08:30:00Z,2329.42,2322.73,2024-07-01T00:00:00Z,2024-06-25T07:00:00Z,0.2641560712463902,LONG,1.0,52.74442538593625,CONTROL_V2_FILLED_STOP,2024-06-25T08:35:00Z,M5_BROKEN_CONTROL_FIRST_RETEST,2328.56,True,07f171557c8059abe02baf4ac2874ff0c7b974cf92357415c82abf84f5b0ce1b,0.9468267581475216,1.1835334476844215,2024_06,1.054888507718725,0.7907324364723349,TARGET,2024-06-25T13:08:00Z,TARGET,270c66cbb1c5eacbaa8b0906adbe38cbb398fb5c77bb7824d9d316015f75113a,2024-06-25T13:08:00Z,FIRST_RETEST_FILLED,2024-06-25T08:45:00Z,2024-06-25T08:35:00Z,2328.56,True,True,RECLAIM_CONFIRMATION_TARGET,4f8a735ac6db8d2a7875b06a134a1d0f3c8c39c96afb1ce1cfd0213a52d33468,a0116fedd685a108c9ba65d476b6eb2191e986175d68f52ede79cca327b81bb3,2322.73,0.8214285714285714,0.04107142857142857,NOT_STRICTLY_CLOSER_THAN_CONTROL,M5_LATEST_CONFIRMED_OPPOSING_SWING_ELSE_CONTROL,False,91c9ca8b848dac3afe23289611291348e89b832bbfa120260e5191f834f58fff,2024-06-25T07:20:00Z,2322.75,2334.71,992a2f29e7e45af278b4e8f13e634d064b8bbe8e04a72a1036a4633ecd80f0fc
d723538d0d61428601aa8ca4f368fd8e6d5ebd04023505b0ffab5d85c00e0254,2328.56,2024-06-25T08:30:00Z,4481e49b3b5883c1e698ead2bd9694de891b66d4ffca7dfdd73b1c2f96b41f64,2024-06-25T08:30:00Z,2329.42,2322.73,2024-07-01T00:00:00Z,2024-06-25T07:00:00Z,0.2641560712463902,LONG,1.0,52.74442538593625,CONTROL_V2_FILLED_STOP,2024-06-25T08:35:00Z,M5_BROKEN_CONTROL_FIRST_RETEST,2328.56,True,ea080e78595fb3bbd7fb660cdcdcc989c06a9b23644dca6471f2fef5eae72800,0.9468267581475216,1.1835334476844215,2024_06,1.054888507718725,0.7907324364723349,TARGET,2024-06-25T13:08:00Z,TARGET,f255bbf58153b9e4e2933ab50c7f43db185b38168cd7cf93af85bc4ad4224c74,2024-06-25T13:08:00Z,FIRST_RETEST_FILLED,2024-06-25T08:45:00Z,2024-06-25T08:35:00Z,2328.56,True,True,RECLAIM_CONFIRMATION_TARGET,8a77961aaab223f683e158496ab36a8fb53f7e7b73cbb6c5e11553fbfadc6ea4,a0116fedd685a108c9ba65d476b6eb2191e986175d68f52ede79cca327b81bb3,2322.73,1.8807142857142805,0.09403571428571403,NOT_STRICTLY_CLOSER_THAN_CONTROL,M15_LATEST_CONFIRMED_OPPOSING_SWING_ELSE_CONTROL,False,b623bf5854e5ad8a3b3082ae6fcd07325b09b944d9473b67643a8b90a9677e03,2024-06-25T07:45:00Z,2322.75,2334.71,992a2f29e7e45af278b4e8f13e634d064b8bbe8e04a72a1036a4633ecd80f0fc
d723538d0d61428601aa8ca4f368fd8e6d5ebd04023505b0ffab5d85c00e0254,2328.56,2024-06-25T08:30:00Z,4481e49b3b5883c1e698ead2bd9694de891b66d4ffca7dfdd73b1c2f96b41f64,2024-06-25T08:30:00Z,2329.42,2322.73,2024-07-01T00:00:00Z,2024-06-25T07:00:00Z,0.3118979966398876,LONG,0.9622677770659971,55.131521655611124,H1_SOURCE_SWING_BUFFERED_ELSE_CONTROL,2024-06-25T08:35:00Z,M5_BROKEN_CONTROL_FIRST_RETEST,2328.56,True,67c2907ebaa73158982f8ed09cd7f96d0c5665be20a672fa1fed9317592eadf7,0.9896780472811965,1.2370975591015159,2024_06,1.1026304331122225,0.7907324364723349,TARGET,2024-06-25T13:08:00Z,TARGET,f704274f50728ac6f55a079cc4a684bb69d10bf45b619d5fd34853c637e7f306,2024-06-25T13:08:00Z,FIRST_RETEST_FILLED,2024-06-25T08:45:00Z,2024-06-25T08:35:00Z,2328.56,True,True,RECLAIM_CONFIRMATION_TARGET,99d6d79eca146c91cd6a087895d2b6c163913f60f5c6ae5405537e9df776e6bd,a0116fedd685a108c9ba65d476b6eb2191e986175d68f52ede79cca327b81bb3,2322.9824285714285,4.351428571428577,0.21757142857142886,,H1_SOURCE_SWING_BUFFERED_ELSE_CONTROL,True,a0116fedd685a108c9ba65d476b6eb2191e986175d68f52ede79cca327b81bb3,2024-06-25T07:00:00Z,2323.2,2334.71,992a2f29e7e45af278b4e8f13e634d064b8bbe8e04a72a1036a4633ecd80f0fc
d723538d0d61428601aa8ca4f368fd8e6d5ebd04023505b0ffab5d85c00e0254,2328.56,2024-06-25T08:30:00Z,4481e49b3b5883c1e698ead2bd9694de891b66d4ffca7dfdd73b1c2f96b41f64,2024-06-25T08:30:00Z,2329.42,2322.73,2024-07-01T00:00:00Z,2024-06-25T07:00:00Z,0.1981170534347927,LONG,1.0,49.44247449535638,CONTROL_V2_FILLED_STOP,2024-06-25T08:30:00Z,CONFIRMED_25_75_RETEST_SPLIT,2329.42,True,b038c7a006ecde01ef6e95f597fd3b262aa9fa9cf19c43c3a259f83035201fba,0.9485356142010769,1.113360100710996,2024_06,0.9888494899071276,0.7907324364723349,TARGET,2024-06-25T13:08:00Z,SPLIT_TARGET_TARGET,ca466b20d43f14c842364f1a631acf1551f8ff5907b251162845c23cdc1d5bf3,2024-06-25T13:08:00Z,FIRST_RETEST_FILLED,2024-06-25T08:45:00Z,2024-06-25T08:35:00Z,2328.56,True,True,RECLAIM_CONFIRMATION_TARGET,c8776df8f1800d05ca27e62e5919d9c0cf5ae12455aa13761900fb1e7c05dff9,a0116fedd685a108c9ba65d476b6eb2191e986175d68f52ede79cca327b81bb3,2322.73,,,,CONTROL_V2_FILLED_STOP,False,,2024-06-25T08:30:00Z,2322.73,2334.71,992a2f29e7e45af278b4e8f13e634d064b8bbe8e04a72a1036a4633ecd80f0fc
d723538d0d61428601aa8ca4f368fd8e6d5ebd04023505b0ffab5d85c00e0254,2328.56,2024-06-25T08:30:00Z,4481e49b3b5883c1e698ead2bd9694de891b66d4ffca7dfdd73b1c2f96b41f64,2024-06-25T08:30:00Z,2329.42,2322.73,2024-07-01T00:00:00Z,2024-06-25T07:00:00Z,0.1981170534347927,LONG,1.0,49.44247449535638,CONTROL_V2_FILLED_STOP,2024-06-25T08:30:00Z,CONFIRMED_25_75_RETEST_SPLIT,2329.42,True,07f171557c8059abe02baf4ac2874ff0c7b974cf92357415c82abf84f5b0ce1b,0.9485356142010769,1.113360100710996,2024_06,0.9888494899071276,0.7907324364723349,TARGET,2024-06-25T13:08:00Z,SPLIT_TARGET_TARGET,99cd24b66009e7566680220af1b88a2d19206e6db583ef2318ea5e6789d7f7e9,2024-06-25T13:08:00Z,FIRST_RETEST_FILLED,2024-06-25T08:45:00Z,2024-06-25T08:35:00Z,2328.56,True,True,RECLAIM_CONFIRMATION_TARGET,a259c2f014b884cd25209112f576db2c194e098ebd8276b4988c10514f6e3a0d,a0116fedd685a108c9ba65d476b6eb2191e986175d68f52ede79cca327b81bb3,2322.73,0.8214285714285714,0.04107142857142857,NOT_STRICTLY_CLOSER_THAN_CONTROL,M5_LATEST_CONFIRMED_OPPOSING_SWING_ELSE_CONTROL,False,91c9ca8b848dac3afe23289611291348e89b832bbfa120260e5191f834f58fff,2024-06-25T07:20:00Z,2322.75,2334.71,992a2f29e7e45af278b4e8f13e634d064b8bbe8e04a72a1036a4633ecd80f0fc
d723538d0d61428601aa8ca4f368fd8e6d5ebd04023505b0ffab5d85c00e0254,2328.56,2024-06-25T08:30:00Z,4481e49b3b5883c1e698ead2bd9694de891b66d4ffca7dfdd73b1c2f96b41f64,2024-06-25T08:30:00Z,2329.42,2322.73,2024-07-01T00:00:00Z,2024-06-25T07:00:00Z,0.1981170534347927,LONG,1.0,49.44247449535638,CONTROL_V2_FILLED_STOP,2024-06-25T08:30:00Z,CONFIRMED_25_75_RETEST_SPLIT,2329.42,True,ea080e78595fb3bbd7fb660cdcdcc989c06a9b23644dca6471f2fef5eae72800,0.9485356142010769,1.113360100710996,2024_06,0.9888494899071276,0.7907324364723349,TARGET,2024-06-25T13:08:00Z,SPLIT_TARGET_TARGET,27adbe006256ba89084fb4d9baf5fc6285396e6b61cebd05d509065082e54ffb,2024-06-25T13:08:00Z,FIRST_RETEST_FILLED,2024-06-25T08:45:00Z,2024-06-25T08:35:00Z,2328.56,True,True,RECLAIM_CONFIRMATION_TARGET,155788d1929bd01401b299e233a6863d6100fd627f43f8cb254624caa8ad632f,a0116fedd685a108c9ba65d476b6eb2191e986175d68f52ede79cca327b81bb3,2322.73,1.8807142857142805,0.09403571428571403,NOT_STRICTLY_CLOSER_THAN_CONTROL,M15_LATEST_CONFIRMED_OPPOSING_SWING_ELSE_CONTROL,False,b623bf5854e5ad8a3b3082ae6fcd07325b09b944d9473b67643a8b90a9677e03,2024-06-25T07:45:00Z,2322.75,2334.71,992a2f29e7e45af278b4e8f13e634d064b8bbe8e04a72a1036a4633ecd80f0fc
d723538d0d61428601aa8ca4f368fd8e6d5ebd04023505b0ffab5d85c00e0254,2328.56,2024-06-25T08:30:00Z,4481e49b3b5883c1e698ead2bd9694de891b66d4ffca7dfdd73b1c2f96b41f64,2024-06-25T08:30:00Z,2329.42,2322.73,2024-07-01T00:00:00Z,2024-06-25T07:00:00Z,0.24167500212478,LONG,0.9622677770659971,51.62037192985574,H1_SOURCE_SWING_BUFFERED_ELSE_CONTROL,2024-06-25T08:30:00Z,CONFIRMED_25_75_RETEST_SPLIT,2329.42,True,67c2907ebaa73158982f8ed09cd7f96d0c5665be20a672fa1fed9317592eadf7,0.9900227766343643,1.1623836735091628,2024_06,1.032407438597115,0.7907324364723349,TARGET,2024-06-25T13:08:00Z,SPLIT_TARGET_TARGET,a582d61fa13bdd6b1cd552d669018602b9c5bb1a20cd29ad396b16451b129731,2024-06-25T13:08:00Z,FIRST_RETEST_FILLED,2024-06-25T08:45:00Z,2024-06-25T08:35:00Z,2328.56,True,True,RECLAIM_CONFIRMATION_TARGET,37b80a860ede46e4663b5ebce2718eeb800e2cd70d6e330dde91fe683ca84804,a0116fedd685a108c9ba65d476b6eb2191e986175d68f52ede79cca327b81bb3,2322.9824285714285,4.351428571428577,0.21757142857142886,,H1_SOURCE_SWING_BUFFERED_ELSE_CONTROL,True,a0116fedd685a108c9ba65d476b6eb2191e986175d68f52ede79cca327b81bb3,2024-06-25T07:00:00Z,2323.2,2334.71,992a2f29e7e45af278b4e8f13e634d064b8bbe8e04a72a1036a4633ecd80f0fc
50ea7b3b7da14b78dbcd4d76b6055c8ca77e4bda1101a61002498a882fdaf9f5,2324.08,2024-06-25T11:05:00Z,0ce78abb8ca68fd6bf1c761e1753fedd64c3a2eba54c95208533b666666ca395,2024-06-25T11:05:00Z,2323.53,2330.15,2024-07-01T00:00:00Z,2024-06-25T11:00:00Z,0.0,SHORT,1.0,-50.0,CONTROL_V2_FILLED_STOP,2024-06-25T11:05:00Z,CONTROL_NEXT_M1_OPEN,2323.53,True,59d217e668a3a7db6ad452d224071f2929faf54df9cf363c17986e973d52e2db,1.0181268882175065,0.054380664652588104,2024_06,-1.0,-1.0,STOP,2024-06-25T11:58:00Z,STOP,6730e647c342d0b503bcdd174524d62e77301e5a78ad5b870a5aac42f945b78d,2024-06-25T11:58:00Z,FIRST_RETEST_FILLED,2024-06-25T11:20:00Z,2024-06-25T11:06:00Z,2324.08,True,False,INITIAL_CONFIRMATION_STOP,0dc04fcc3eeb6f7aad5f0460345dd2698134a8c643a05673bb612161dd147c4c,db5762ca036d6cd90dbd6e0c4838e49072cbc4881d6d1452fe04df1cc9374050,2330.15,,,,CONTROL_V2_FILLED_STOP,False,,2024-06-25T11:05:00Z,2330.15,2322.75,947dd707748d88fadddb1b180ae87beb3e243325918793721739126300ff580d
50ea7b3b7da14b78dbcd4d76b6055c8ca77e4bda1101a61002498a882fdaf9f5,2324.08,2024-06-25T11:05:00Z,0ce78abb8ca68fd6bf1c761e1753fedd64c3a2eba54c95208533b666666ca395,2024-06-25T11:05:00Z,2323.53,2330.15,2024-07-01T00:00:00Z,2024-06-25T11:00:00Z,0.0,SHORT,0.54966551575316,-50.0,M5_LATEST_CONFIRMED_OPPOSING_SWING_ELSE_CONTROL,2024-06-25T11:05:00Z,CONTROL_NEXT_M1_OPEN,2323.53,True,e7a289b79a14ce4085d68bd641f810a7dc370a0a8c07c8a9562c6d1709f57937,1.1075123176882826,0.09893410282083076,2024_06,-1.0,-1.0,STOP,2024-06-25T11:58:00Z,STOP,9f27810bab5115215a6f9b78205e671e739ad19ee6033dee39b5b6405457f03e,2024-06-25T11:10:00Z,FIRST_RETEST_FILLED,2024-06-25T11:20:00Z,2024-06-25T11:06:00Z,2324.08,True,False,INITIAL_CONFIRMATION_STOP,7a1e011ffcdad2468ce29ca8a8f440cfa4f1b9fa76ec1a20350635b004755d60,db5762ca036d6cd90dbd6e0c4838e49072cbc4881d6d1452fe04df1cc9374050,2327.168785714286,1.5757142857142168,0.07878571428571085,,M5_LATEST_CONFIRMED_OPPOSING_SWING_ELSE_CONTROL,True,7a2e3e1f853cc0c1aa5dc3357bf0ef24e1e981795471d8a298e13ba6c1979ffa,2024-06-25T10:50:00Z,2327.09,2322.75,947dd707748d88fadddb1b180ae87beb3e243325918793721739126300ff580d
50ea7b3b7da14b78dbcd4d76b6055c8ca77e4bda1101a61002498a882fdaf9f5,2324.08,2024-06-25T11:05:00Z,0ce78abb8ca68fd6bf1c761e1753fedd64c3a2eba54c95208533b666666ca395,2024-06-25T11:05:00Z,2323.53,2330.15,2024-07-01T00:00:00Z,2024-06-25T11:00:00Z,0.0,SHORT,0.7198586534311581,-50.0,M15_LATEST_CONFIRMED_OPPOSING_SWING_ELSE_CONTROL,2024-06-25T11:05:00Z,CONTROL_NEXT_M1_OPEN,2323.53,True,82d19ddc76462eb0804fc4f5415055ddc92fbef905f1cbebceead084735eda6a,1.0743968883259754,0.07554353121044848,2024_06,-1.0,-1.0,STOP,2024-06-25T11:58:00Z,STOP,009131106f269f95afd8dc04cabc91cd18487207998e4c63646be4ba346d4404,2024-06-25T11:45:00Z,FIRST_RETEST_FILLED,2024-06-25T11:20:00Z,2024-06-25T11:06:00Z,2324.08,True,False,INITIAL_CONFIRMATION_STOP,1adf0be1041f2d839da157c0f50b0efe7ac1f90c00323e4de3a2eadc77991d7f,db5762ca036d6cd90dbd6e0c4838e49072cbc4881d6d1452fe04df1cc9374050,2328.2954642857144,2.109285714285664,0.10546428571428319,,M15_LATEST_CONFIRMED_OPPOSING_SWING_ELSE_CONTROL,True,f223ca25cf14aa28147a9564e7e6481ec99fa16d5eb474ce48fb8a771f6fffc8,2024-06-25T10:30:00Z,2328.19,2322.75,947dd707748d88fadddb1b180ae87beb3e243325918793721739126300ff580d
50ea7b3b7da14b78dbcd4d76b6055c8ca77e4bda1101a61002498a882fdaf9f5,2324.08,2024-06-25T11:05:00Z,0ce78abb8ca68fd6bf1c761e1753fedd64c3a2eba54c95208533b666666ca395,2024-06-25T11:05:00Z,2323.53,2330.15,2024-07-01T00:00:00Z,2024-06-25T11:00:00Z,0.0,SHORT,1.0,-50.0,CONTROL_V2_FILLED_STOP,2024-06-25T11:05:00Z,CONTROL_NEXT_M1_OPEN,2323.53,True,ddb9ff55d62d0052c14286787f4343932e1831f97fae35ca630242f212c0a776,1.0181268882175065,0.054380664652588104,2024_06,-1.0,-1.0,STOP,2024-06-25T11:58:00Z,STOP,f9a8e013fbc27e439a2368851ef8e5e96efc50a9b2bf8bb94f13010b9141cf47,2024-06-25T11:58:00Z,FIRST_RETEST_FILLED,2024-06-25T11:20:00Z,2024-06-25T11:06:00Z,2324.08,True,False,INITIAL_CONFIRMATION_STOP,0d01ab2f30ec7489deb99be3c6ca7c6ace5b9a22676dbd49566e5eabbad139d8,db5762ca036d6cd90dbd6e0c4838e49072cbc4881d6d1452fe04df1cc9374050,2330.15,3.896428571428552,0.1948214285714276,NOT_STRICTLY_CLOSER_THAN_CONTROL,H1_SOURCE_SWING_BUFFERED_ELSE_CONTROL,False,db5762ca036d6cd90dbd6e0c4838e49072cbc4881d6d1452fe04df1cc9374050,2024-06-25T11:00:00Z,2330.15,2322.75,947dd707748d88fadddb1b180ae87beb3e243325918793721739126300ff580d
50ea7b3b7da14b78dbcd4d76b6055c8ca77e4bda1101a61002498a882fdaf9f5,2324.08,2024-06-25T11:05:00Z,0ce78abb8ca68fd6bf1c761e1753fedd64c3a2eba54c95208533b666666ca395,2024-06-25T11:05:00Z,2323.53,2330.15,2024-07-01T00:00:00Z,2024-06-25T11:00:00Z,0.0,SHORT,1.0,-50.0,CONTROL_V2_FILLED_STOP,2024-06-25T11:06:00Z,M5_BROKEN_CONTROL_FIRST_RETEST,2324.08,True,59d217e668a3a7db6ad452d224071f2929faf54df9cf363c17986e973d52e2db,1.0197693574958628,0.10543657331134355,2024_06,-1.0,-1.0,STOP,2024-06-25T11:58:00Z,STOP,b4026b45f168c8ff23bb1a63591fbee5d60d4c4f57584a32a28d1dfcc17f63d7,2024-06-25T11:58:00Z,FIRST_RETEST_FILLED,2024-06-25T11:20:00Z,2024-06-25T11:06:00Z,2324.08,True,True,INITIAL_CONFIRMATION_STOP,cae0ac6b7738ea544701f27e9cb7a4e1511f76be129cc484466ef61d9e7a9c56,db5762ca036d6cd90dbd6e0c4838e49072cbc4881d6d1452fe04df1cc9374050,2330.15,,,,CONTROL_V2_FILLED_STOP,False,,2024-06-25T11:05:00Z,2330.15,2322.75,947dd707748d88fadddb1b180ae87beb3e243325918793721739126300ff580d
50ea7b3b7da14b78dbcd4d76b6055c8ca77e4bda1101a61002498a882fdaf9f5,2324.08,2024-06-25T11:05:00Z,0ce78abb8ca68fd6bf1c761e1753fedd64c3a2eba54c95208533b666666ca395,2024-06-25T11:05:00Z,2323.53,2330.15,2024-07-01T00:00:00Z,2024-06-25T11:00:00Z,0.0,SHORT,0.54966551575316,-50.0,M5_LATEST_CONFIRMED_OPPOSING_SWING_ELSE_CONTROL,2024-06-25T11:06:00Z,M5_BROKEN_CONTROL_FIRST_RETEST,2324.08,True,e7a289b79a14ce4085d68bd641f810a7dc370a0a8c07c8a9562c6d1709f57937,1.1266563374417515,0.20720116550648673,2024_06,-1.0,-1.0,STOP,2024-06-25T11:58:00Z,STOP,a2bd252bd219468623b5abf4202b7ee6245f9a69df6b5fa6ffd86f192b1bc52c,2024-06-25T11:10:00Z,FIRST_RETEST_FILLED,2024-06-25T11:20:00Z,2024-06-25T11:06:00Z,2324.08,True,True,INITIAL_CONFIRMATION_STOP,8abb11241b770f6fd3ff0417bb2eb3568e44eb250f192beb192f8bb1052965fe,db5762ca036d6cd90dbd6e0c4838e49072cbc4881d6d1452fe04df1cc9374050,2327.168785714286,1.5757142857142168,0.07878571428571085,,M5_LATEST_CONFIRMED_OPPOSING_SWING_ELSE_CONTROL,True,7a2e3e1f853cc0c1aa5dc3357bf0ef24e1e981795471d8a298e13ba6c1979ffa,2024-06-25T10:50:00Z,2327.09,2322.75,947dd707748d88fadddb1b180ae87beb3e243325918793721739126300ff580d
50ea7b3b7da14b78dbcd4d76b6055c8ca77e4bda1101a61002498a882fdaf9f5,2324.08,2024-06-25T11:05:00Z,0ce78abb8ca68fd6bf1c761e1753fedd64c3a2eba54c95208533b666666ca395,2024-06-25T11:05:00Z,2323.53,2330.15,2024-07-01T00:00:00Z,2024-06-25T11:00:00Z,0.0,SHORT,0.7198586534311581,-50.0,M15_LATEST_CONFIRMED_OPPOSING_SWING_ELSE_CONTROL,2024-06-25T11:06:00Z,M5_BROKEN_CONTROL_FIRST_RETEST,2324.08,True,82d19ddc76462eb0804fc4f5415055ddc92fbef905f1cbebceead084735eda6a,1.084103598146275,0.15182194809922386,2024_06,-1.0,-1.0,STOP,2024-06-25T11:58:00Z,STOP,f5a4ae18dc56bcfe996b5da906abbf25a216452d6c15cedfab3096a02f7f280c,2024-06-25T11:45:00Z,FIRST_RETEST_FILLED,2024-06-25T11:20:00Z,2024-06-25T11:06:00Z,2324.08,True,True,INITIAL_CONFIRMATION_STOP,0a6368fd17973de3193fa8ac93b80fd5b3b30d24ae9b72f569d20907bf782162,db5762ca036d6cd90dbd6e0c4838e49072cbc4881d6d1452fe04df1cc9374050,2328.2954642857144,2.109285714285664,0.10546428571428319,,M15_LATEST_CONFIRMED_OPPOSING_SWING_ELSE_CONTROL,True,f223ca25cf14aa28147a9564e7e6481ec99fa16d5eb474ce48fb8a771f6fffc8,2024-06-25T10:30:00Z,2328.19,2322.75,947dd707748d88fadddb1b180ae87beb3e243325918793721739126300ff580d
50ea7b3b7da14b78dbcd4d76b6055c8ca77e4bda1101a61002498a882fdaf9f5,2324.08,2024-06-25T11:05:00Z,0ce78abb8ca68fd6bf1c761e1753fedd64c3a2eba54c95208533b666666ca395,2024-06-25T11:05:00Z,2323.53,2330.15,2024-07-01T00:00:00Z,2024-06-25T11:00:00Z,0.0,SHORT,1.0,-50.0,CONTROL_V2_FILLED_STOP,2024-06-25T11:06:00Z,M5_BROKEN_CONTROL_FIRST_RETEST,2324.08,True,ddb9ff55d62d0052c14286787f4343932e1831f97fae35ca630242f212c0a776,1.0197693574958628,0.10543657331134355,2024_06,-1.0,-1.0,STOP,2024-06-25T11:58:00Z,STOP,52c9e7c6af7d925596399a6261df5720ec2dfe05006374cbf3fc5636671acbdd,2024-06-25T11:58:00Z,FIRST_RETEST_FILLED,2024-06-25T11:20:00Z,2024-06-25T11:06:00Z,2324.08,True,True,INITIAL_CONFIRMATION_STOP,3b2f3102eccd74231ecd5ac1d8904467a3d7b121b4552f5a128cdd18cfdcd97c,db5762ca036d6cd90dbd6e0c4838e49072cbc4881d6d1452fe04df1cc9374050,2330.15,3.896428571428552,0.1948214285714276,NOT_STRICTLY_CLOSER_THAN_CONTROL,H1_SOURCE_SWING_BUFFERED_ELSE_CONTROL,False,db5762ca036d6cd90dbd6e0c4838e49072cbc4881d6d1452fe04df1cc9374050,2024-06-25T11:00:00Z,2330.15,2322.75,947dd707748d88fadddb1b180ae87beb3e243325918793721739126300ff580d
50ea7b3b7da14b78dbcd4d76b6055c8ca77e4bda1101a61002498a882fdaf9f5,2324.08,2024-06-25T11:05:00Z,0ce78abb8ca68fd6bf1c761e1753fedd64c3a2eba54c95208533b666666ca395,2024-06-25T11:05:00Z,2323.53,2330.15,2024-07-01T00:00:00Z,2024-06-25T11:00:00Z,0.0,SHORT,1.0,-50.0,CONTROL_V2_FILLED_STOP,2024-06-25T11:05:00Z,CONFIRMED_25_75_RETEST_SPLIT,2323.53,True,59d217e668a3a7db6ad452d224071f2929faf54df9cf363c17986e973d52e2db,1.0193587401762738,0.0926725961466547,2024_06,-1.0,-1.0,STOP,2024-06-25T11:58:00Z,SPLIT_STOP_STOP,1459812987abca089a239c433b42877e7679e0db75c942ea2aa4df1f478b1bb1,2024-06-25T11:58:00Z,FIRST_RETEST_FILLED,2024-06-25T11:20:00Z,2024-06-25T11:06:00Z,2324.08,True,True,INITIAL_CONFIRMATION_STOP,92f9a435e611a7d957305f71e5b5617c1f4a2e7e782d8e18b4c5dd212a06f2be,db5762ca036d6cd90dbd6e0c4838e49072cbc4881d6d1452fe04df1cc9374050,2330.15,,,,CONTROL_V2_FILLED_STOP,False,,2024-06-25T11:05:00Z,2330.15,2322.75,947dd707748d88fadddb1b180ae87beb3e243325918793721739126300ff580d
50ea7b3b7da14b78dbcd4d76b6055c8ca77e4bda1101a61002498a882fdaf9f5,2324.08,2024-06-25T11:05:00Z,0ce78abb8ca68fd6bf1c761e1753fedd64c3a2eba54c95208533b666666ca395,2024-06-25T11:05:00Z,2323.53,2330.15,2024-07-01T00:00:00Z,2024-06-25T11:00:00Z,0.0,SHORT,0.54966551575316,-50.0,M5_LATEST_CONFIRMED_OPPOSING_SWING_ELSE_CONTROL,2024-06-25T11:05:00Z,CONFIRMED_25_75_RETEST_SPLIT,2323.53,True,e7a289b79a14ce4085d68bd641f810a7dc370a0a8c07c8a9562c6d1709f57937,1.1218703325033843,0.18013439983507273,2024_06,-1.0,-1.0,STOP,2024-06-25T11:58:00Z,SPLIT_STOP_STOP,092a0695c584dd9e6344e407e09e1908b1cb3f6841cfea3b868e01f211328e4c,2024-06-25T11:10:00Z,FIRST_RETEST_FILLED,2024-06-25T11:20:00Z,2024-06-25T11:06:00Z,2324.08,True,True,INITIAL_CONFIRMATION_STOP,a7018a22e9a2c14cdbc0a45f7689abf174cd566bd17b269b4337a22e888d57a6,db5762ca036d6cd90dbd6e0c4838e49072cbc4881d6d1452fe04df1cc9374050,2327.168785714286,1.5757142857142168,0.07878571428571085,,M5_LATEST_CONFIRMED_OPPOSING_SWING_ELSE_CONTROL,True,7a2e3e1f853cc0c1aa5dc3357bf0ef24e1e981795471d8a298e13ba6c1979ffa,2024-06-25T10:50:00Z,2327.09,2322.75,947dd707748d88fadddb1b180ae87beb3e243325918793721739126300ff580d
50ea7b3b7da14b78dbcd4d76b6055c8ca77e4bda1101a61002498a882fdaf9f5,2324.08,2024-06-25T11:05:00Z,0ce78abb8ca68fd6bf1c761e1753fedd64c3a2eba54c95208533b666666ca395,2024-06-25T11:05:00Z,2323.53,2330.15,2024-07-01T00:00:00Z,2024-06-25T11:00:00Z,0.0,SHORT,0.7198586534311581,-50.0,M15_LATEST_CONFIRMED_OPPOSING_SWING_ELSE_CONTROL,2024-06-25T11:05:00Z,CONFIRMED_25_75_RETEST_SPLIT,2323.53,True,82d19ddc76462eb0804fc4f5415055ddc92fbef905f1cbebceead084735eda6a,1.0816769206912,0.13275234387703,2024_06,-1.0,-1.0,STOP,2024-06-25T11:58:00Z,SPLIT_STOP_STOP,02678fffff3b3b2776641fb72485675ebe3b750356083b47204d0e0c0fe8afc6,2024-06-25T11:45:00Z,FIRST_RETEST_FILLED,2024-06-25T11:20:00Z,2024-06-25T11:06:00Z,2324.08,True,True,INITIAL_CONFIRMATION_STOP,4159d0679b054de5f1db0e6e96ef9bb30099a5783de0e7d929793f80aac8510b,db5762ca036d6cd90dbd6e0c4838e49072cbc4881d6d1452fe04df1cc9374050,2328.2954642857144,2.109285714285664,0.10546428571428319,,M15_LATEST_CONFIRMED_OPPOSING_SWING_ELSE_CONTROL,True,f223ca25cf14aa28147a9564e7e6481ec99fa16d5eb474ce48fb8a771f6fffc8,2024-06-25T10:30:00Z,2328.19,2322.75,947dd707748d88fadddb1b180ae87beb3e243325918793721739126300ff580d
50ea7b3b7da14b78dbcd4d76b6055c8ca77e4bda1101a61002498a882fdaf9f5,2324.08,2024-06-25T11:05:00Z,0ce78abb8ca68fd6bf1c761e1753fedd64c3a2eba54c95208533b666666ca395,2024-06-25T11:05:00Z,2323.53,2330.15,2024-07-01T00:00:00Z,2024-06-25T11:00:00Z,0.0,SHORT,1.0,-50.0,CONTROL_V2_FILLED_STOP,2024-06-25T11:05:00Z,CONFIRMED_25_75_RETEST_SPLIT,2323.53,True,ddb9ff55d62d0052c14286787f4343932e1831f97fae35ca630242f212c0a776,1.0193587401762738,0.0926725961466547,2024_06,-1.0,-1.0,STOP,2024-06-25T11:58:00Z,SPLIT_STOP_STOP,6ebd61b4963ec066498c5545bfe16aa9610e1fc2874da903b28cdfc0eb80abe3,2024-06-25T11:58:00Z,FIRST_RETEST_FILLED,2024-06-25T11:20:00Z,2024-06-25T11:06:00Z,2324.08,True,True,INITIAL_CONFIRMATION_STOP,9fa86300f4261aed27c2a766956786ff932ebc70b282894e21a99f42b6622239,db5762ca036d6cd90dbd6e0c4838e49072cbc4881d6d1452fe04df1cc9374050,2330.15,3.896428571428552,0.1948214285714276,NOT_STRICTLY_CLOSER_THAN_CONTROL,H1_SOURCE_SWING_BUFFERED_ELSE_CONTROL,False,db5762ca036d6cd90dbd6e0c4838e49072cbc4881d6d1452fe04df1cc9374050,2024-06-25T11:00:00Z,2330.15,2322.75,947dd707748d88fadddb1b180ae87beb3e243325918793721739126300ff580d
168762dca8c64f9c6b479c1ae96c14b04c3087a27710fd6facd887569d961305,2330.15,2024-06-25T12:10:00Z,fc6d10da69b94cfabf92a1f603b4883cbc0edfc78838898f5cdb18b7aaf54e2c,2024-06-25T12:10:00Z,2330.38,2322.75,2024-07-01T00:00:00Z,2024-06-25T10:00:00Z,0.0,LONG,1.0,28.37483617300043,CONTROL_V2_FILLED_STOP,2024-06-25T12:10:00Z,CONTROL_NEXT_M1_OPEN,2330.38,True,c8a32b33bf2a4a624b406ad098c22c9535e8c59ebf0b6126bc550f72654fe971,0.07339449541283584,0.6657929226736375,2024_06,0.5674967234600086,0.5674967234600086,TARGET,2024-06-25T13:08:00Z,TARGET,a7c248769ea217a216911441c3e329a2c29a0877bcedd05d9034e82b69ead09b,2024-06-25T13:08:00Z,FIRST_RETEST_FILLED,2024-06-25T12:25:00Z,2024-06-25T12:10:00Z,2330.15,True,False,INITIAL_CONFIRMATION_TARGET,302b36aa3e9c494e8bc7bd80bd4199fb3b74906e82fd9ee40459ce59365777c9,33f334f3dc2b305633c7611dba72f27bd2f39b8b580a6374eb5ec997a66496b5,2322.75,,,,CONTROL_V2_FILLED_STOP,False,,2024-06-25T12:10:00Z,2322.75,2334.71,59d5282fb6fb7adaa7b26b7d9ba4005cad9584354407a860185d9b023337d351
168762dca8c64f9c6b479c1ae96c14b04c3087a27710fd6facd887569d961305,2330.15,2024-06-25T12:10:00Z,fc6d10da69b94cfabf92a1f603b4883cbc0edfc78838898f5cdb18b7aaf54e2c,2024-06-25T12:10:00Z,2330.38,2322.75,2024-07-01T00:00:00Z,2024-06-25T10:00:00Z,0.01582257698018985,LONG,0.9728749297884547,29.16596502200992,M5_LATEST_CONFIRMED_OPPOSING_SWING_ELSE_CONTROL,2024-06-25T12:10:00Z,CONTROL_NEXT_M1_OPEN,2330.38,True,daf027e4880b42b18a4a4fe2507a7f9d51c74c36be616550b39b969f77d4204f,0.07544083331327593,0.6843561307704885,2024_06,0.5833193004401984,0.5674967234600086,TARGET,2024-06-25T13:08:00Z,TARGET,f961fd286e2c76d32669acf533ac979f6a638d29b0f183b2d6c442a311fbb59e,2024-06-25T13:08:00Z,FIRST_RETEST_FILLED,2024-06-25T12:25:00Z,2024-06-25T12:10:00Z,2330.15,True,False,INITIAL_CONFIRMATION_TARGET,a05bc334f65b692f8a603f8bac08ed16b9dd4999afbe6397acf57905241bd6a5,33f334f3dc2b305633c7611dba72f27bd2f39b8b580a6374eb5ec997a66496b5,2322.956964285714,1.6607142857143506,0.08303571428571754,,M5_LATEST_CONFIRMED_OPPOSING_SWING_ELSE_CONTROL,True,a680e3e4fca46270c78781027ab9afd48ebe23281a792c680e48e4132fbce168,2024-06-25T11:15:00Z,2323.04,2334.71,59d5282fb6fb7adaa7b26b7d9ba4005cad9584354407a860185d9b023337d351
168762dca8c64f9c6b479c1ae96c14b04c3087a27710fd6facd887569d961305,2330.15,2024-06-25T12:10:00Z,fc6d10da69b94cfabf92a1f603b4883cbc0edfc78838898f5cdb18b7aaf54e2c,2024-06-25T12:10:00Z,2330.38,2322.75,2024-07-01T00:00:00Z,2024-06-25T10:00:00Z,0.012110879706689337,LONG,0.9791050365100089,28.980380158334896,M15_LATEST_CONFIRMED_OPPOSING_SWING_ELSE_CONTROL,2024-06-25T12:10:00Z,CONTROL_NEXT_M1_OPEN,2330.38,True,9dd89ca811ee7fdec2f49c46888b854e0e65ef777676138d2bdd53a1835be544,0.07496079856196874,0.6800015298122016,2024_06,0.5796076031666979,0.5674967234600086,TARGET,2024-06-25T13:08:00Z,TARGET,7d4992a843a19d59d5cf39a47a27781952062ef799ce38ab16d7ebcd6f817f49,2024-06-25T13:08:00Z,FIRST_RETEST_FILLED,2024-06-25T12:25:00Z,2024-06-25T12:10:00Z,2330.15,True,False,INITIAL_CONFIRMATION_TARGET,e150c20ad3ccb60f854845ea3f89400f7f3772ede9f62a7c7e68b42cb655e9b5,33f334f3dc2b305633c7611dba72f27bd2f39b8b580a6374eb5ec997a66496b5,2322.9094285714286,2.6114285714285352,0.13057142857142676,,M15_LATEST_CONFIRMED_OPPOSING_SWING_ELSE_CONTROL,True,afd6cbfb3d01bd287d19c0470b19efcf267878b1780eeb7f6d6020810d7b4399,2024-06-25T11:45:00Z,2323.04,2334.71,59d5282fb6fb7adaa7b26b7d9ba4005cad9584354407a860185d9b023337d351
168762dca8c64f9c6b479c1ae96c14b04c3087a27710fd6facd887569d961305,2330.15,2024-06-25T12:10:00Z,fc6d10da69b94cfabf92a1f603b4883cbc0edfc78838898f5cdb18b7aaf54e2c,2024-06-25T12:10:00Z,2330.38,2322.75,2024-07-01T00:00:00Z,2024-06-25T10:00:00Z,0.0,LONG,1.0,28.37483617300043,CONTROL_V2_FILLED_STOP,2024-06-25T12:10:00Z,CONTROL_NEXT_M1_OPEN,2330.38,True,7fd1ae287b029f9f781fe0a178ae1158de14a195903ca437fda27fed5698e4ae,0.07339449541283584,0.6657929226736375,2024_06,0.5674967234600086,0.5674967234600086,TARGET,2024-06-25T13:08:00Z,TARGET,129d9cc610c812f3495bed3ec141d8de9aa495bec03793c1a29653874d1a93a3,2024-06-25T13:08:00Z,FIRST_RETEST_FILLED,2024-06-25T12:25:00Z,2024-06-25T12:10:00Z,2330.15,True,False,INITIAL_CONFIRMATION_TARGET,d51c1038eba3f2e1096ade7fd335152a70a4df14ce546b4ba6f6f51d6805f012,33f334f3dc2b305633c7611dba72f27bd2f39b8b580a6374eb5ec997a66496b5,2322.75,4.052142857142826,0.20260714285714132,NOT_STRICTLY_CLOSER_THAN_CONTROL,H1_SOURCE_SWING_BUFFERED_ELSE_CONTROL,False,33f334f3dc2b305633c7611dba72f27bd2f39b8b580a6374eb5ec997a66496b5,2024-06-25T10:00:00Z,2322.75,2334.71,59d5282fb6fb7adaa7b26b7d9ba4005cad9584354407a860185d9b023337d351
168762dca8c64f9c6b479c1ae96c14b04c3087a27710fd6facd887569d961305,2330.15,2024-06-25T12:10:00Z,fc6d10da69b94cfabf92a1f603b4883cbc0edfc78838898f5cdb18b7aaf54e2c,2024-06-25T12:10:00Z,2330.38,2322.75,2024-07-01T00:00:00Z,2024-06-25T10:00:00Z,0.048719492756192695,LONG,1.0,30.810810810810064,CONTROL_V2_FILLED_STOP,2024-06-25T12:10:00Z,M5_BROKEN_CONTROL_FIRST_RETEST,2330.15,True,c8a32b33bf2a4a624b406ad098c22c9535e8c59ebf0b6126bc550f72654fe971,0.044594594594584216,0.7175675675675514,2024_06,0.6162162162162013,0.5674967234600086,TARGET,2024-06-25T13:08:00Z,TARGET,fadd48adf1b0049b816aa328fb29040c3749c3124a48ecbcead357ffdbbd3cd3,2024-06-25T13:08:00Z,FIRST_RETEST_FILLED,2024-06-25T12:25:00Z,2024-06-25T12:10:00Z,2330.15,True,True,INITIAL_CONFIRMATION_TARGET,88d4a62841bb0b299ad33b5013799be3ac04acb30b5be8c773c2e01f0ea8ecde,33f334f3dc2b305633c7611dba72f27bd2f39b8b580a6374eb5ec997a66496b5,2322.75,,,,CONTROL_V2_FILLED_STOP,False,,2024-06-25T12:10:00Z,2322.75,2334.71,59d5282fb6fb7adaa7b26b7d9ba4005cad9584354407a860185d9b023337d351
168762dca8c64f9c6b479c1ae96c14b04c3087a27710fd6facd887569d961305,2330.15,2024-06-25T12:10:00Z,fc6d10da69b94cfabf92a1f603b4883cbc0edfc78838898f5cdb18b7aaf54e2c,2024-06-25T12:10:00Z,2330.38,2322.75,2024-07-01T00:00:00Z,2024-06-25T10:00:00Z,0.06644980219721663,LONG,0.9728749297884547,31.697326282861262,M5_LATEST_CONFIRMED_OPPOSING_SWING_ELSE_CONTROL,2024-06-25T12:10:00Z,M5_BROKEN_CONTROL_FIRST_RETEST,2330.15,True,daf027e4880b42b18a4a4fe2507a7f9d51c74c36be616550b39b969f77d4204f,0.04587770909360542,0.7382140463245332,2024_06,0.6339465256572252,0.5674967234600086,TARGET,2024-06-25T13:08:00Z,TARGET,83d01f82e0a1b6d9bd1d8fb72beaeb193f9b8dc59d2a50fdeaeb49b643334442,2024-06-25T13:08:00Z,FIRST_RETEST_FILLED,2024-06-25T12:25:00Z,2024-06-25T12:10:00Z,2330.15,True,True,INITIAL_CONFIRMATION_TARGET,049bd3e131bb6042823b884eee23e1b6e9e36346a1891de96ae2512a3efb0d8a,33f334f3dc2b305633c7611dba72f27bd2f39b8b580a6374eb5ec997a66496b5,2322.956964285714,1.6607142857143506,0.08303571428571754,,M5_LATEST_CONFIRMED_OPPOSING_SWING_ELSE_CONTROL,True,a680e3e4fca46270c78781027ab9afd48ebe23281a792c680e48e4132fbce168,2024-06-25T11:15:00Z,2323.04,2334.71,59d5282fb6fb7adaa7b26b7d9ba4005cad9584354407a860185d9b023337d351
168762dca8c64f9c6b479c1ae96c14b04c3087a27710fd6facd887569d961305,2330.15,2024-06-25T12:10:00Z,fc6d10da69b94cfabf92a1f603b4883cbc0edfc78838898f5cdb18b7aaf54e2c,2024-06-25T12:10:00Z,2330.38,2322.75,2024-07-01T00:00:00Z,2024-06-25T10:00:00Z,0.06228782393166321,LONG,0.9791050365100089,31.48922736958359,M15_LATEST_CONFIRMED_OPPOSING_SWING_ELSE_CONTROL,2024-06-25T12:10:00Z,M5_BROKEN_CONTROL_FIRST_RETEST,2330.15,True,9dd89ca811ee7fdec2f49c46888b854e0e65ef777676138d2bdd53a1835be544,0.04557651329807201,0.7333675321600401,2024_06,0.6297845473916718,0.5674967234600086,TARGET,2024-06-25T13:08:00Z,TARGET,0f6366c0144b89f223a6c3cebde6598bcc2ce9f4fda18c8043f4cf8fc2603e41,2024-06-25T13:08:00Z,FIRST_RETEST_FILLED,2024-06-25T12:25:00Z,2024-06-25T12:10:00Z,2330.15,True,True,INITIAL_CONFIRMATION_TARGET,7ede5c9cf0c28cc937896183a6875f209344f5fb4741188508797f151702a7de,33f334f3dc2b305633c7611dba72f27bd2f39b8b580a6374eb5ec997a66496b5,2322.9094285714286,2.6114285714285352,0.13057142857142676,,M15_LATEST_CONFIRMED_OPPOSING_SWING_ELSE_CONTROL,True,afd6cbfb3d01bd287d19c0470b19efcf267878b1780eeb7f6d6020810d7b4399,2024-06-25T11:45:00Z,2323.04,2334.71,59d5282fb6fb7adaa7b26b7d9ba4005cad9584354407a860185d9b023337d351
168762dca8c64f9c6b479c1ae96c14b04c3087a27710fd6facd887569d961305,2330.15,2024-06-25T12:10:00Z,fc6d10da69b94cfabf92a1f603b4883cbc0edfc78838898f5cdb18b7aaf54e2c,2024-06-25T12:10:00Z,2330.38,2322.75,2024-07-01T00:00:00Z,2024-06-25T10:00:00Z,0.048719492756192695,LONG,1.0,30.810810810810064,CONTROL_V2_FILLED_STOP,2024-06-25T12:10:00Z,M5_BROKEN_CONTROL_FIRST_RETEST,2330.15,True,7fd1ae287b029f9f781fe0a178ae1158de14a195903ca437fda27fed5698e4ae,0.044594594594584216,0.7175675675675514,2024_06,0.6162162162162013,0.5674967234600086,TARGET,2024-06-25T13:08:00Z,TARGET,e1b4307c22e175db4a3a02289a891029c24648cbabb7c427c1cf9672936eacc2,2024-06-25T13:08:00Z,FIRST_RETEST_FILLED,2024-06-25T12:25:00Z,2024-06-25T12:10:00Z,2330.15,True,True,INITIAL_CONFIRMATION_TARGET,72cebe70be29cd67bb35a4f165d6726c389576c21ac5c5899f238198dd279db4,33f334f3dc2b305633c7611dba72f27bd2f39b8b580a6374eb5ec997a66496b5,2322.75,4.052142857142826,0.20260714285714132,NOT_STRICTLY_CLOSER_THAN_CONTROL,H1_SOURCE_SWING_BUFFERED_ELSE_CONTROL,False,33f334f3dc2b305633c7611dba72f27bd2f39b8b580a6374eb5ec997a66496b5,2024-06-25T10:00:00Z,2322.75,2334.71,59d5282fb6fb7adaa7b26b7d9ba4005cad9584354407a860185d9b023337d351
168762dca8c64f9c6b479c1ae96c14b04c3087a27710fd6facd887569d961305,2330.15,2024-06-25T12:10:00Z,fc6d10da69b94cfabf92a1f603b4883cbc0edfc78838898f5cdb18b7aaf54e2c,2024-06-25T12:10:00Z,2330.38,2322.75,2024-07-01T00:00:00Z,2024-06-25T10:00:00Z,0.03653961956714458,LONG,1.0,30.20181715135766,CONTROL_V2_FILLED_STOP,2024-06-25T12:10:00Z,CONFIRMED_25_75_RETEST_SPLIT,2330.38,True,c8a32b33bf2a4a624b406ad098c22c9535e8c59ebf0b6126bc550f72654fe971,0.05179456979914712,0.7046239063440729,2024_06,0.6040363430271531,0.5674967234600086,TARGET,2024-06-25T13:08:00Z,SPLIT_TARGET_TARGET,4c98b491abe5b3349a2bd780e1748f0bbeaf0700bb9d593246efb3796675614d,2024-06-25T13:08:00Z,FIRST_RETEST_FILLED,2024-06-25T12:25:00Z,2024-06-25T12:10:00Z,2330.15,True,True,INITIAL_CONFIRMATION_TARGET,289b78e45865b9706fb773a682cb70a54c95a9088b725f766c0bb593ca8ee6fb,33f334f3dc2b305633c7611dba72f27bd2f39b8b580a6374eb5ec997a66496b5,2322.75,,,,CONTROL_V2_FILLED_STOP,False,,2024-06-25T12:10:00Z,2322.75,2334.71,59d5282fb6fb7adaa7b26b7d9ba4005cad9584354407a860185d9b023337d351
168762dca8c64f9c6b479c1ae96c14b04c3087a27710fd6facd887569d961305,2330.15,2024-06-25T12:10:00Z,fc6d10da69b94cfabf92a1f603b4883cbc0edfc78838898f5cdb18b7aaf54e2c,2024-06-25T12:10:00Z,2330.38,2322.75,2024-07-01T00:00:00Z,2024-06-25T10:00:00Z,0.05379299589295994,LONG,0.9728749297884547,31.064485967648427,M5_LATEST_CONFIRMED_OPPOSING_SWING_ELSE_CONTROL,2024-06-25T12:10:00Z,CONFIRMED_25_75_RETEST_SPLIT,2330.38,True,daf027e4880b42b18a4a4fe2507a7f9d51c74c36be616550b39b969f77d4204f,0.05326849014852304,0.724749567436022,2024_06,0.6212897193529685,0.5674967234600086,TARGET,2024-06-25T13:08:00Z,SPLIT_TARGET_TARGET,219eb2fcb22edd835e5ed114661539298c9cd9af3374198ccc0707317272adfa,2024-06-25T13:08:00Z,FIRST_RETEST_FILLED,2024-06-25T12:25:00Z,2024-06-25T12:10:00Z,2330.15,True,True,INITIAL_CONFIRMATION_TARGET,4ae7c5b327c1a2cdb224d316a483a5aedb685f9ca5cd5848176d754cd1f2aee0,33f334f3dc2b305633c7611dba72f27bd2f39b8b580a6374eb5ec997a66496b5,2322.956964285714,1.6607142857143506,0.08303571428571754,,M5_LATEST_CONFIRMED_OPPOSING_SWING_ELSE_CONTROL,True,a680e3e4fca46270c78781027ab9afd48ebe23281a792c680e48e4132fbce168,2024-06-25T11:15:00Z,2323.04,2334.71,59d5282fb6fb7adaa7b26b7d9ba4005cad9584354407a860185d9b023337d351
168762dca8c64f9c6b479c1ae96c14b04c3087a27710fd6facd887569d961305,2330.15,2024-06-25T12:10:00Z,fc6d10da69b94cfabf92a1f603b4883cbc0edfc78838898f5cdb18b7aaf54e2c,2024-06-25T12:10:00Z,2330.38,2322.75,2024-07-01T00:00:00Z,2024-06-25T10:00:00Z,0.04974358787541977,LONG,0.9791050365100089,30.86201556677142,M15_LATEST_CONFIRMED_OPPOSING_SWING_ELSE_CONTROL,2024-06-25T12:10:00Z,CONFIRMED_25_75_RETEST_SPLIT,2330.38,True,9dd89ca811ee7fdec2f49c46888b854e0e65ef777676138d2bdd53a1835be544,0.0529225846140462,0.7200260315730805,2024_06,0.6172403113354283,0.5674967234600086,TARGET,2024-06-25T13:08:00Z,SPLIT_TARGET_TARGET,543b6f1fc314cb1ec0ca806ec82fff3542affe76b4a22acb44f79f1a22c98154,2024-06-25T13:08:00Z,FIRST_RETEST_FILLED,2024-06-25T12:25:00Z,2024-06-25T12:10:00Z,2330.15,True,True,INITIAL_CONFIRMATION_TARGET,a129449c2e32eaa158ab7c500a3ceba0901e31833a192903dc2a9f060a401433,33f334f3dc2b305633c7611dba72f27bd2f39b8b580a6374eb5ec997a66496b5,2322.9094285714286,2.6114285714285352,0.13057142857142676,,M15_LATEST_CONFIRMED_OPPOSING_SWING_ELSE_CONTROL,True,afd6cbfb3d01bd287d19c0470b19efcf267878b1780eeb7f6d6020810d7b4399,2024-06-25T11:45:00Z,2323.04,2334.71,59d5282fb6fb7adaa7b26b7d9ba4005cad9584354407a860185d9b023337d351
168762dca8c64f9c6b479c1ae96c14b04c3087a27710fd6facd887569d961305,2330.15,2024-06-25T12:10:00Z,fc6d10da69b94cfabf92a1f603b4883cbc0edfc78838898f5cdb18b7aaf54e2c,2024-06-25T12:10:00Z,2330.38,2322.75,2024-07-01T00:00:00Z,2024-06-25T10:00:00Z,0.03653961956714458,LONG,1.0,30.20181715135766,CONTROL_V2_FILLED_STOP,2024-06-25T12:10:00Z,CONFIRMED_25_75_RETEST_SPLIT,2330.38,True,7fd1ae287b029f9f781fe0a178ae1158de14a195903ca437fda27fed5698e4ae,0.05179456979914712,0.7046239063440729,2024_06,0.6040363430271531,0.5674967234600086,TARGET,2024-06-25T13:08:00Z,SPLIT_TARGET_TARGET,c73e33609e0629d54ad064568922773d8791b389f1c37faa3c248e78624fba71,2024-06-25T13:08:00Z,FIRST_RETEST_FILLED,2024-06-25T12:25:00Z,2024-06-25T12:10:00Z,2330.15,True,True,INITIAL_CONFIRMATION_TARGET,a2d0bf966830f8156a714a02c21c347efccefab1dec93a1d2bf09e0a3ccc6fa7,33f334f3dc2b305633c7611dba72f27bd2f39b8b580a6374eb5ec997a66496b5,2322.75,4.052142857142826,0.20260714285714132,NOT_STRICTLY_CLOSER_THAN_CONTROL,H1_SOURCE_SWING_BUFFERED_ELSE_CONTROL,False,33f334f3dc2b305633c7611dba72f27bd2f39b8b580a6374eb5ec997a66496b5,2024-06-25T10:00:00Z,2322.75,2334.71,59d5282fb6fb7adaa7b26b7d9ba4005cad9584354407a860185d9b023337d351
d799e72f97789dc27d72359c1c98247eab7729e027134f5a4ec0b26f16a9686c,2319.8,2024-06-25T22:25:00Z,8a1cc47b8f76e3fcca64a09b5220e21e81ab15b76e766eb4191de38b1eb03d3a,2024-06-25T22:25:00Z,2319.96,2315.56,2024-07-01T00:00:00Z,2024-06-25T22:00:00Z,0.0,LONG,1.0,-50.0,CONTROL_V2_FILLED_STOP,2024-06-25T22:25:00Z,CONTROL_NEXT_M1_OPEN,2319.96,True,c703a0d57f71f6ff9060623525694c19b6f963eac7bbeb669444bc7d1da349e5,1.2818181818181265,0.938636363636369,2024_06,-1.0,-1.0,STOP,2024-06-26T04:38:00Z,STOP,682bc9d401e60c4b2e0edebcdf1930c56f21ccc4f1640ed961b9beda45d33ae0,2024-06-26T04:38:00Z,FIRST_RETEST_FILLED,2024-06-25T22:40:00Z,2024-06-25T22:30:00Z,2319.8,True,False,INITIAL_CONFIRMATION_STOP,2d807a5d57868bbb432bd0f5d98d0514f36557159a97fc9b330d6aa10fc66824,29768c331e613812760532778ce6d96976a0fc29dfb71e7625b30e06321248f2,2315.56,,,,CONTROL_V2_FILLED_STOP,False,,2024-06-25T22:25:00Z,2315.56,2337.13,d580e759ff3c81f06dcdb689d68f11c9885cd7ade9f76bae1786c3a3a883efd6
d799e72f97789dc27d72359c1c98247eab7729e027134f5a4ec0b26f16a9686c,2319.8,2024-06-25T22:25:00Z,8a1cc47b8f76e3fcca64a09b5220e21e81ab15b76e766eb4191de38b1eb03d3a,2024-06-25T22:25:00Z,2319.96,2315.56,2024-07-01T00:00:00Z,2024-06-25T22:00:00Z,0.0,LONG,0.3869724025973444,-50.0,M5_LATEST_CONFIRMED_OPPOSING_SWING_ELSE_CONTROL,2024-06-25T22:25:00Z,CONTROL_NEXT_M1_OPEN,2319.96,True,92da070ffca7bea3ea50403466909d8f4537984381abfdce5bb04d69c0b53b1a,1.1335081279497101,0.1292081803879433,2024_06,-1.0,-1.0,STOP,2024-06-26T04:38:00Z,STOP,4a5cd6a7d7f958cc4c6ca6308e1a46b6a29ae8cfa3e90e464af286b33364eac0,2024-06-25T23:17:00Z,FIRST_RETEST_FILLED,2024-06-25T22:40:00Z,2024-06-25T22:30:00Z,2319.8,True,False,INITIAL_CONFIRMATION_STOP,d8a56e30c93c97693b26930f68540c39ee3ae94e919568322778a7b9f74cc463,29768c331e613812760532778ce6d96976a0fc29dfb71e7625b30e06321248f2,2318.2573214285717,0.8535714285714155,0.04267857142857078,,M5_LATEST_CONFIRMED_OPPOSING_SWING_ELSE_CONTROL,True,b4ab472c5c924fc6605cb8ec89fb723faeeb8c429d2aa9e482e907f6849010db,2024-06-25T22:00:00Z,2318.3,2337.13,d580e759ff3c81f06dcdb689d68f11c9885cd7ade9f76bae1786c3a3a883efd6
d799e72f97789dc27d72359c1c98247eab7729e027134f5a4ec0b26f16a9686c,2319.8,2024-06-25T22:25:00Z,8a1cc47b8f76e3fcca64a09b5220e21e81ab15b76e766eb4191de38b1eb03d3a,2024-06-25T22:25:00Z,2319.96,2315.56,2024-07-01T00:00:00Z,2024-06-25T22:00:00Z,0.0,LONG,0.6821428571428797,-50.0,M15_LATEST_CONFIRMED_OPPOSING_SWING_ELSE_CONTROL,2024-06-25T22:25:00Z,CONTROL_NEXT_M1_OPEN,2319.96,True,ac3d281f17762a016a451ffab37dd6adb7dacca46e6c2591114f0a42f3cd8cf6,1.006187529747679,1.3760114231318046,2024_06,-1.0,-1.0,STOP,2024-06-26T04:38:00Z,STOP,fd848823e63f8e7baf03bf556f70a6fe4be01a08121aaa21193b38bdb5118c69,2024-06-26T04:00:00Z,FIRST_RETEST_FILLED,2024-06-25T22:40:00Z,2024-06-25T22:30:00Z,2319.8,True,False,INITIAL_CONFIRMATION_STOP,63ab2a770dcfab2587cc355dfee9b631b4626e356ddf01725cd90adbc68b528e,29768c331e613812760532778ce6d96976a0fc29dfb71e7625b30e06321248f2,2316.9585714285713,2.4285714285714937,0.12142857142857469,,M15_LATEST_CONFIRMED_OPPOSING_SWING_ELSE_CONTROL,True,f7a06a33d4f96bff637727d6a69aee71f6e05d7ab171a0224dc071ded73c0ddc,2024-06-25T22:00:00Z,2317.08,2337.13,d580e759ff3c81f06dcdb689d68f11c9885cd7ade9f76bae1786c3a3a883efd6
d799e72f97789dc27d72359c1c98247eab7729e027134f5a4ec0b26f16a9686c,2319.8,2024-06-25T22:25:00Z,8a1cc47b8f76e3fcca64a09b5220e21e81ab15b76e766eb4191de38b1eb03d3a,2024-06-25T22:25:00Z,2319.96,2315.56,2024-07-01T00:00:00Z,2024-06-25T22:00:00Z,0.0,LONG,1.0,-50.0,CONTROL_V2_FILLED_STOP,2024-06-25T22:25:00Z,CONTROL_NEXT_M1_OPEN,2319.96,True,6a1a6b6152a30eeff89b24c6a00815b4903e47894f619423aa215b1a2997adc4,1.2818181818181265,0.938636363636369,2024_06,-1.0,-1.0,STOP,2024-06-26T04:38:00Z,STOP,3260908cf4ff5e9af7c383f2725562cc3d6363ffc3b2a276cdd6a093d6a507e0,2024-06-26T04:38:00Z,FIRST_RETEST_FILLED,2024-06-25T22:40:00Z,2024-06-25T22:30:00Z,2319.8,True,False,INITIAL_CONFIRMATION_STOP,26b8444d686eb2eae4aac3e66185838dcb5bcaf3da9e525e79d407d96f0ee2d5,29768c331e613812760532778ce6d96976a0fc29dfb71e7625b30e06321248f2,2315.56,6.350000000000072,0.3175000000000036,NOT_STRICTLY_CLOSER_THAN_CONTROL,H1_SOURCE_SWING_BUFFERED_ELSE_CONTROL,False,29768c331e613812760532778ce6d96976a0fc29dfb71e7625b30e06321248f2,2024-06-25T22:00:00Z,2315.56,2337.13,d580e759ff3c81f06dcdb689d68f11c9885cd7ade9f76bae1786c3a3a883efd6
d799e72f97789dc27d72359c1c98247eab7729e027134f5a4ec0b26f16a9686c,2319.8,2024-06-25T22:25:00Z,8a1cc47b8f76e3fcca64a09b5220e21e81ab15b76e766eb4191de38b1eb03d3a,2024-06-25T22:25:00Z,2319.96,2315.56,2024-07-01T00:00:00Z,2024-06-25T22:00:00Z,0.0,LONG,1.0,-50.0,CONTROL_V2_FILLED_STOP,2024-06-25T22:30:00Z,M5_BROKEN_CONTROL_FIRST_RETEST,2319.8,True,c703a0d57f71f6ff9060623525694c19b6f963eac7bbeb669444bc7d1da349e5,1.2924528301886113,1.0117924528301236,2024_06,-1.0,-1.0,STOP,2024-06-26T04:38:00Z,STOP,390ac3d16d84334339ec7ccad12ebb62ed8a8097541451b67e3a0a176e296a95,2024-06-26T04:38:00Z,FIRST_RETEST_FILLED,2024-06-25T22:40:00Z,2024-06-25T22:30:00Z,2319.8,True,True,INITIAL_CONFIRMATION_STOP,cfc7d265d2ee99657e13bf90ec525ef38975ff7e2d699b42c4b9442eb475f8f2,29768c331e613812760532778ce6d96976a0fc29dfb71e7625b30e06321248f2,2315.56,,,,CONTROL_V2_FILLED_STOP,False,,2024-06-25T22:25:00Z,2315.56,2337.13,d580e759ff3c81f06dcdb689d68f11c9885cd7ade9f76bae1786c3a3a883efd6
d799e72f97789dc27d72359c1c98247eab7729e027134f5a4ec0b26f16a9686c,2319.8,2024-06-25T22:25:00Z,8a1cc47b8f76e3fcca64a09b5220e21e81ab15b76e766eb4191de38b1eb03d3a,2024-06-25T22:25:00Z,2319.96,2315.56,2024-07-01T00:00:00Z,2024-06-25T22:00:00Z,0.0,LONG,0.3869724025973444,-50.0,M5_LATEST_CONFIRMED_OPPOSING_SWING_ELSE_CONTROL,2024-06-25T22:30:00Z,M5_BROKEN_CONTROL_FIRST_RETEST,2319.8,True,92da070ffca7bea3ea50403466909d8f4537984381abfdce5bb04d69c0b53b1a,1.1473550179419356,0.22039587915249004,2024_06,-1.0,-1.0,STOP,2024-06-26T04:38:00Z,STOP,15ef809a3734da945a6d29e9f5fc3e2c5522c251b146da9b1da3aa0abecef5ab,2024-06-25T23:17:00Z,FIRST_RETEST_FILLED,2024-06-25T22:40:00Z,2024-06-25T22:30:00Z,2319.8,True,True,INITIAL_CONFIRMATION_STOP,070076e1d42efc83289427d162e55f9c0145bbbb22910ed361216f920ba81ca5,29768c331e613812760532778ce6d96976a0fc29dfb71e7625b30e06321248f2,2318.2573214285717,0.8535714285714155,0.04267857142857078,,M5_LATEST_CONFIRMED_OPPOSING_SWING_ELSE_CONTROL,True,b4ab472c5c924fc6605cb8ec89fb723faeeb8c429d2aa9e482e907f6849010db,2024-06-25T22:00:00Z,2318.3,2337.13,d580e759ff3c81f06dcdb689d68f11c9885cd7ade9f76bae1786c3a3a883efd6
d799e72f97789dc27d72359c1c98247eab7729e027134f5a4ec0b26f16a9686c,2319.8,2024-06-25T22:25:00Z,8a1cc47b8f76e3fcca64a09b5220e21e81ab15b76e766eb4191de38b1eb03d3a,2024-06-25T22:25:00Z,2319.96,2315.56,2024-07-01T00:00:00Z,2024-06-25T22:00:00Z,0.0,LONG,0.6821428571428797,-50.0,M15_LATEST_CONFIRMED_OPPOSING_SWING_ELSE_CONTROL,2024-06-25T22:30:00Z,M5_BROKEN_CONTROL_FIRST_RETEST,2319.8,True,ac3d281f17762a016a451ffab37dd6adb7dacca46e6c2591114f0a42f3cd8cf6,1.0065359477123546,1.5098039215684518,2024_06,-1.0,-1.0,STOP,2024-06-26T04:38:00Z,STOP,4b47773133fb102c31a35dd20a5d7c71432ff5cb6db9eefce31c5c10dd70d0d2,2024-06-26T04:00:00Z,FIRST_RETEST_FILLED,2024-06-25T22:40:00Z,2024-06-25T22:30:00Z,2319.8,True,True,INITIAL_CONFIRMATION_STOP,0fee42b34a3aafb94d4dc327c0c7f978d79dee5954b838be0179f861cd30a3ce,29768c331e613812760532778ce6d96976a0fc29dfb71e7625b30e06321248f2,2316.9585714285713,2.4285714285714937,0.12142857142857469,,M15_LATEST_CONFIRMED_OPPOSING_SWING_ELSE_CONTROL,True,f7a06a33d4f96bff637727d6a69aee71f6e05d7ab171a0224dc071ded73c0ddc,2024-06-25T22:00:00Z,2317.08,2337.13,d580e759ff3c81f06dcdb689d68f11c9885cd7ade9f76bae1786c3a3a883efd6
d799e72f97789dc27d72359c1c98247eab7729e027134f5a4ec0b26f16a9686c,2319.8,2024-06-25T22:25:00Z,8a1cc47b8f76e3fcca64a09b5220e21e81ab15b76e766eb4191de38b1eb03d3a,2024-06-25T22:25:00Z,2319.96,2315.56,2024-07-01T00:00:00Z,2024-06-25T22:00:00Z,0.0,LONG,1.0,-50.0,CONTROL_V2_FILLED_STOP,2024-06-25T22:30:00Z,M5_BROKEN_CONTROL_FIRST_RETEST,2319.8,True,6a1a6b6152a30eeff89b24c6a00815b4903e47894f619423aa215b1a2997adc4,1.2924528301886113,1.0117924528301236,2024_06,-1.0,-1.0,STOP,2024-06-26T04:38:00Z,STOP,bc68f6d129ddb855cfd45e08278275d78af935961021ce3f323204780b7de6e8,2024-06-26T04:38:00Z,FIRST_RETEST_FILLED,2024-06-25T22:40:00Z,2024-06-25T22:30:00Z,2319.8,True,True,INITIAL_CONFIRMATION_STOP,89538e9562c037514b330432a8e621d924a02e0a7252189c8a575635e837fea9,29768c331e613812760532778ce6d96976a0fc29dfb71e7625b30e06321248f2,2315.56,6.350000000000072,0.3175000000000036,NOT_STRICTLY_CLOSER_THAN_CONTROL,H1_SOURCE_SWING_BUFFERED_ELSE_CONTROL,False,29768c331e613812760532778ce6d96976a0fc29dfb71e7625b30e06321248f2,2024-06-25T22:00:00Z,2315.56,2337.13,d580e759ff3c81f06dcdb689d68f11c9885cd7ade9f76bae1786c3a3a883efd6
d799e72f97789dc27d72359c1c98247eab7729e027134f5a4ec0b26f16a9686c,2319.8,2024-06-25T22:25:00Z,8a1cc47b8f76e3fcca64a09b5220e21e81ab15b76e766eb4191de38b1eb03d3a,2024-06-25T22:25:00Z,2319.96,2315.56,2024-07-01T00:00:00Z,2024-06-25T22:00:00Z,0.0,LONG,1.0,-50.0,CONTROL_V2_FILLED_STOP,2024-06-25T22:25:00Z,CONFIRMED_25_75_RETEST_SPLIT,2319.96,True,c703a0d57f71f6ff9060623525694c19b6f963eac7bbeb669444bc7d1da349e5,1.2897941680959901,0.993503430531685,2024_06,-1.0,-1.0,STOP,2024-06-26T04:38:00Z,SPLIT_STOP_STOP,dbf52e21566cba7efed34f2346226029e2187309da2850d048c950134ef8ffe0,2024-06-26T04:38:00Z,FIRST_RETEST_FILLED,2024-06-25T22:40:00Z,2024-06-25T22:30:00Z,2319.8,True,True,INITIAL_CONFIRMATION_STOP,0ad89c228a045d70f1336a46a9c3e3cd43bf6df743105f59d33ee1c3119fe204,29768c331e613812760532778ce6d96976a0fc29dfb71e7625b30e06321248f2,2315.56,,,,CONTROL_V2_FILLED_STOP,False,,2024-06-25T22:25:00Z,2315.56,2337.13,d580e759ff3c81f06dcdb689d68f11c9885cd7ade9f76bae1786c3a3a883efd6
d799e72f97789dc27d72359c1c98247eab7729e027134f5a4ec0b26f16a9686c,2319.8,2024-06-25T22:25:00Z,8a1cc47b8f76e3fcca64a09b5220e21e81ab15b76e766eb4191de38b1eb03d3a,2024-06-25T22:25:00Z,2319.96,2315.56,2024-07-01T00:00:00Z,2024-06-25T22:00:00Z,0.0,LONG,0.3869724025973444,-50.0,M5_LATEST_CONFIRMED_OPPOSING_SWING_ELSE_CONTROL,2024-06-25T22:25:00Z,CONFIRMED_25_75_RETEST_SPLIT,2319.96,True,92da070ffca7bea3ea50403466909d8f4537984381abfdce5bb04d69c0b53b1a,1.1438932954438792,0.19759895446135334,2024_06,-1.0,-1.0,STOP,2024-06-26T04:38:00Z,SPLIT_STOP_STOP,18326ec4501be3cc7a2453337a233d9b1cae7f8c7e46c5fa205e33fbe44081f6,2024-06-25T23:17:00Z,FIRST_RETEST_FILLED,2024-06-25T22:40:00Z,2024-06-25T22:30:00Z,2319.8,True,True,INITIAL_CONFIRMATION_STOP,a2c2af2d4b73ddcdfb8b50dcd74bee96731696d252957b496e64a95b325519b4,29768c331e613812760532778ce6d96976a0fc29dfb71e7625b30e06321248f2,2318.2573214285717,0.8535714285714155,0.04267857142857078,,M5_LATEST_CONFIRMED_OPPOSING_SWING_ELSE_CONTROL,True,b4ab472c5c924fc6605cb8ec89fb723faeeb8c429d2aa9e482e907f6849010db,2024-06-25T22:00:00Z,2318.3,2337.13,d580e759ff3c81f06dcdb689d68f11c9885cd7ade9f76bae1786c3a3a883efd6
d799e72f97789dc27d72359c1c98247eab7729e027134f5a4ec0b26f16a9686c,2319.8,2024-06-25T22:25:00Z,8a1cc47b8f76e3fcca64a09b5220e21e81ab15b76e766eb4191de38b1eb03d3a,2024-06-25T22:25:00Z,2319.96,2315.56,2024-07-01T00:00:00Z,2024-06-25T22:00:00Z,0.0,LONG,0.6821428571428797,-50.0,M15_LATEST_CONFIRMED_OPPOSING_SWING_ELSE_CONTROL,2024-06-25T22:25:00Z,CONFIRMED_25_75_RETEST_SPLIT,2319.96,True,ac3d281f17762a016a451ffab37dd6adb7dacca46e6c2591114f0a42f3cd8cf6,1.0064488432211858,1.47635579695929,2024_06,-1.0,-1.0,STOP,2024-06-26T04:38:00Z,SPLIT_STOP_STOP,614d7d309c754f7bc3e4f6e6deb8dcdadef6b7ea4d058a52de59b8e822c34997,2024-06-26T04:00:00Z,FIRST_RETEST_FILLED,2024-06-25T22:40:00Z,2024-06-25T22:30:00Z,2319.8,True,True,INITIAL_CONFIRMATION_STOP,8072426e1eabbf70c8fb97581c79106484ae5dc1c0dd8cbfda83a12102ca8cdb,29768c331e613812760532778ce6d96976a0fc29dfb71e7625b30e06321248f2,2316.9585714285713,2.4285714285714937,0.12142857142857469,,M15_LATEST_CONFIRMED_OPPOSING_SWING_ELSE_CONTROL,True,f7a06a33d4f96bff637727d6a69aee71f6e05d7ab171a0224dc071ded73c0ddc,2024-06-25T22:00:00Z,2317.08,2337.13,d580e759ff3c81f06dcdb689d68f11c9885cd7ade9f76bae1786c3a3a883efd6
d799e72f97789dc27d72359c1c98247eab7729e027134f5a4ec0b26f16a9686c,2319.8,2024-06-25T22:25:00Z,8a1cc47b8f76e3fcca64a09b5220e21e81ab15b76e766eb4191de38b1eb03d3a,2024-06-25T22:25:00Z,2319.96,2315.56,2024-07-01T00:00:00Z,2024-06-25T22:00:00Z,0.0,LONG,1.0,-50.0,CONTROL_V2_FILLED_STOP,2024-06-25T22:25:00Z,CONFIRMED_25_75_RETEST_SPLIT,2319.96,True,6a1a6b6152a30eeff89b24c6a00815b4903e47894f619423aa215b1a2997adc4,1.2897941680959901,0.993503430531685,2024_06,-1.0,-1.0,STOP,2024-06-26T04:38:00Z,SPLIT_STOP_STOP,8daa692c1a47ad5ac88323bff5ec4bb00e8da18d8149ad0128b4e065b83e8241,2024-06-26T04:38:00Z,FIRST_RETEST_FILLED,2024-06-25T22:40:00Z,2024-06-25T22:30:00Z,2319.8,True,True,INITIAL_CONFIRMATION_STOP,f6246ac6a9bdec844e57e9d201bbcded96a13c4db870a35d23dbdb15c9633736,29768c331e613812760532778ce6d96976a0fc29dfb71e7625b30e06321248f2,2315.56,6.350000000000072,0.3175000000000036,NOT_STRICTLY_CLOSER_THAN_CONTROL,H1_SOURCE_SWING_BUFFERED_ELSE_CONTROL,False,29768c331e613812760532778ce6d96976a0fc29dfb71e7625b30e06321248f2,2024-06-25T22:00:00Z,2315.56,2337.13,d580e759ff3c81f06dcdb689d68f11c9885cd7ade9f76bae1786c3a3a883efd6
e506c70de482ff3c06e15fb2673ee751d60e392b87e8a4b96bdc47b4cc67fbf2,2304.21,2024-06-27T11:20:00Z,a2facc45a7e01f461a0569e2c34b84a8c9766235217898996b141be28c0eefb5,2024-06-27T11:20:00Z,2304.45,2293.66,2024-07-01T00:00:00Z,2024-06-26T19:00:00Z,0.0,LONG,1.0,62.27988878591334,CONTROL_V2_FILLED_STOP,2024-06-27T11:20:00Z,CONTROL_NEXT_M1_OPEN,2304.45,True,693efaaa408b54107b342dc79ac7fd88be58a62c41fd68f5d90c0c73a9996af6,0.12789620018532522,1.2493049119555202,2024_06,1.2455977757182668,1.2455977757182668,TARGET,2024-06-27T14:56:00Z,TARGET,c11dd3a942073ced210fed7156182eb39bea3973637ba07e17e5a1ba6130b7aa,2024-06-27T14:56:00Z,FIRST_RETEST_FILLED,2024-06-27T11:35:00Z,2024-06-27T11:20:00Z,2304.21,True,False,INITIAL_CONFIRMATION_TARGET,dc35b6c61c42dc7e60f1fa13ba79cb0241d0082e5d4debf71fe9f2ccae010337,cee0215790a48de1517b608a460875937a06da9d63b416bfd4483927e65bb89e,2293.66,,,,CONTROL_V2_FILLED_STOP,False,,2024-06-27T11:20:00Z,2293.66,2317.89,0ab6c8997ec6bb82c479a56ab22c94f42aee18eebf39c8cb69b7cd21c4893ec8
e506c70de482ff3c06e15fb2673ee751d60e392b87e8a4b96bdc47b4cc67fbf2,2304.21,2024-06-27T11:20:00Z,a2facc45a7e01f461a0569e2c34b84a8c9766235217898996b141be28c0eefb5,2024-06-27T11:20:00Z,2304.45,2293.66,2024-07-01T00:00:00Z,2024-06-26T19:00:00Z,1.9069267067775162,LONG,0.39511121408711636,157.62622412478916,M5_LATEST_CONFIRMED_OPPOSING_SWING_ELSE_CONTROL,2024-06-27T11:20:00Z,CONTROL_NEXT_M1_OPEN,2304.45,True,74bf20448d829e2acdc25e74c26fe236f08479517f02ef22d95b283127af9f95,0.323696710256181,3.1619069958365356,2024_06,3.152524482495783,1.2455977757182668,TARGET,2024-06-27T14:56:00Z,TARGET,b50541c2be1fd041db73d20da9986d28a4be82d06a95b48c48cce55fa9382bfe,2024-06-27T14:56:00Z,FIRST_RETEST_FILLED,2024-06-27T11:35:00Z,2024-06-27T11:20:00Z,2304.21,True,False,INITIAL_CONFIRMATION_TARGET,7682f34b3281833d8764bcafaf87e4bbae2a86127d3dc699f5d0628c0b8f68e6,cee0215790a48de1517b608a460875937a06da9d63b416bfd4483927e65bb89e,2300.18675,1.2649999999999701,0.06324999999999852,,M5_LATEST_CONFIRMED_OPPOSING_SWING_ELSE_CONTROL,True,b336f4e5aeed68c70cd5d328b2cefc96dbd18dfe18aafbe8c9d2fcb9de19a287,2024-06-27T10:55:00Z,2300.25,2317.89,0ab6c8997ec6bb82c479a56ab22c94f42aee18eebf39c8cb69b7cd21c4893ec8
e506c70de482ff3c06e15fb2673ee751d60e392b87e8a4b96bdc47b4cc67fbf2,2304.21,2024-06-27T11:20:00Z,a2facc45a7e01f461a0569e2c34b84a8c9766235217898996b141be28c0eefb5,2024-06-27T11:20:00Z,2304.45,2293.66,2024-07-01T00:00:00Z,2024-06-26T19:00:00Z,0.4341097751991956,LONG,0.7415563352310448,83.98537754587312,M15_LATEST_CONFIRMED_OPPOSING_SWING_ELSE_CONTROL,2024-06-27T11:20:00Z,CONTROL_NEXT_M1_OPEN,2304.45,True,b76fb014f8ed4f285fc6cbcae07ec71e2677dfb16a05d606fc1e591996c77d85,0.17246997174594556,1.6847066805332835,2024_06,1.6797075509174624,1.2455977757182668,TARGET,2024-06-27T14:56:00Z,TARGET,d9390244a84030c2aeb7134c8751333c3227e73a4d6c2f096384f2aa13531a06,2024-06-27T14:56:00Z,FIRST_RETEST_FILLED,2024-06-27T11:35:00Z,2024-06-27T11:20:00Z,2304.21,True,False,INITIAL_CONFIRMATION_TARGET,039fc72aa449bf7a333dd7e9cdbcb01734d420ac66403fc09b2e55d9a6efe163,cee0215790a48de1517b608a460875937a06da9d63b416bfd4483927e65bb89e,2296.448607142857,2.2278571428571143,0.11139285714285573,,M15_LATEST_CONFIRMED_OPPOSING_SWING_ELSE_CONTROL,True,9db715b24b3b8f17e125e21ab408b5b1f4f6cf4a4b853d6c2ebf3e02fb95d15c,2024-06-27T09:45:00Z,2296.56,2317.89,0ab6c8997ec6bb82c479a56ab22c94f42aee18eebf39c8cb69b7cd21c4893ec8
e506c70de482ff3c06e15fb2673ee751d60e392b87e8a4b96bdc47b4cc67fbf2,2304.21,2024-06-27T11:20:00Z,a2facc45a7e01f461a0569e2c34b84a8c9766235217898996b141be28c0eefb5,2024-06-27T11:20:00Z,2304.45,2293.66,2024-07-01T00:00:00Z,2024-06-26T19:00:00Z,0.0,LONG,1.0,62.27988878591334,CONTROL_V2_FILLED_STOP,2024-06-27T11:20:00Z,CONTROL_NEXT_M1_OPEN,2304.45,True,7c8f62eade14ac5fa97d2bf45616af4010e6081a9ee5d3fed2eb038fed554559,0.12789620018532522,1.2493049119555202,2024_06,1.2455977757182668,1.2455977757182668,TARGET,2024-06-27T14:56:00Z,TARGET,87e4612698d5c0ce8c7e629c72f08b65942b443d934e9972c2f70d81e5e358d6,2024-06-27T14:56:00Z,FIRST_RETEST_FILLED,2024-06-27T11:35:00Z,2024-06-27T11:20:00Z,2304.21,True,False,INITIAL_CONFIRMATION_TARGET,f7d76f4287a2dad78e5b3c6cc42f596c5b0824cee242f4f0cef85423a14db410,cee0215790a48de1517b608a460875937a06da9d63b416bfd4483927e65bb89e,2293.66,2.9307142857143,0.146535714285715,NOT_STRICTLY_CLOSER_THAN_CONTROL,H1_SOURCE_SWING_BUFFERED_ELSE_CONTROL,False,cee0215790a48de1517b608a460875937a06da9d63b416bfd4483927e65bb89e,2024-06-26T19:00:00Z,2293.66,2317.89,0ab6c8997ec6bb82c479a56ab22c94f42aee18eebf39c8cb69b7cd21c4893ec8
e506c70de482ff3c06e15fb2673ee751d60e392b87e8a4b96bdc47b4cc67fbf2,2304.21,2024-06-27T11:20:00Z,a2facc45a7e01f461a0569e2c34b84a8c9766235217898996b141be28c0eefb5,2024-06-27T11:20:00Z,2304.45,2293.66,2024-07-01T00:00:00Z,2024-06-26T19:00:00Z,0.0510846887366716,LONG,1.0,64.83412322274692,CONTROL_V2_FILLED_STOP,2024-06-27T11:20:00Z,M5_BROKEN_CONTROL_FIRST_RETEST,2304.21,True,693efaaa408b54107b342dc79ac7fd88be58a62c41fd68f5d90c0c73a9996af6,0.10805687203790076,1.3004739336492477,2024_06,1.2966824644549384,1.2455977757182668,TARGET,2024-06-27T14:56:00Z,TARGET,d08eb5af5988075f03d1d7134b6bce8bcfd713fac7c8afcf562d218f466aae11,2024-06-27T14:56:00Z,FIRST_RETEST_FILLED,2024-06-27T11:35:00Z,2024-06-27T11:20:00Z,2304.21,True,True,INITIAL_CONFIRMATION_TARGET,c495e089ced7ed9c3e785dbde93223f0232774fc0cbb66761be98f705f2ef764,cee0215790a48de1517b608a460875937a06da9d63b416bfd4483927e65bb89e,2293.66,,,,CONTROL_V2_FILLED_STOP,False,,2024-06-27T11:20:00Z,2293.66,2317.89,0ab6c8997ec6bb82c479a56ab22c94f42aee18eebf39c8cb69b7cd21c4893ec8
e506c70de482ff3c06e15fb2673ee751d60e392b87e8a4b96bdc47b4cc67fbf2,2304.21,2024-06-27T11:20:00Z,a2facc45a7e01f461a0569e2c34b84a8c9766235217898996b141be28c0eefb5,2024-06-27T11:20:00Z,2304.45,2293.66,2024-07-01T00:00:00Z,2024-06-26T19:00:00Z,2.1546383517903873,LONG,0.39511121408711636,170.0118063754327,M5_LATEST_CONFIRMED_OPPOSING_SWING_ELSE_CONTROL,2024-06-27T11:20:00Z,M5_BROKEN_CONTROL_FIRST_RETEST,2304.21,True,74bf20448d829e2acdc25e74c26fe236f08479517f02ef22d95b283127af9f95,0.2833530106256929,3.4101783384077935,2024_06,3.4002361275086543,1.2455977757182668,TARGET,2024-06-27T14:56:00Z,TARGET,f3afa1997225b0a459c66d6b55a20c77eee3504a024dc5e48641a865d2ac1733,2024-06-27T14:56:00Z,FIRST_RETEST_FILLED,2024-06-27T11:35:00Z,2024-06-27T11:20:00Z,2304.21,True,True,INITIAL_CONFIRMATION_TARGET,f57ef9bca666224f6a1a12a6997bbb8b0d5ef91e1bbfdd429528d7646ebfc018,cee0215790a48de1517b608a460875937a06da9d63b416bfd4483927e65bb89e,2300.18675,1.2649999999999701,0.06324999999999852,,M5_LATEST_CONFIRMED_OPPOSING_SWING_ELSE_CONTROL,True,b336f4e5aeed68c70cd5d328b2cefc96dbd18dfe18aafbe8c9d2fcb9de19a287,2024-06-27T10:55:00Z,2300.25,2317.89,0ab6c8997ec6bb82c479a56ab22c94f42aee18eebf39c8cb69b7cd21c4893ec8
e506c70de482ff3c06e15fb2673ee751d60e392b87e8a4b96bdc47b4cc67fbf2,2304.21,2024-06-27T11:20:00Z,a2facc45a7e01f461a0569e2c34b84a8c9766235217898996b141be28c0eefb5,2024-06-27T11:20:00Z,2304.45,2293.66,2024-07-01T00:00:00Z,2024-06-26T19:00:00Z,0.516972455140426,LONG,0.7415563352310448,88.12851154293465,M15_LATEST_CONFIRMED_OPPOSING_SWING_ELSE_CONTROL,2024-06-27T11:20:00Z,M5_BROKEN_CONTROL_FIRST_RETEST,2304.21,True,b76fb014f8ed4f285fc6cbcae07ec71e2677dfb16a05d606fc1e591996c77d85,0.1468808525715431,1.7677239449840059,2024_06,1.7625702308586928,1.2455977757182668,TARGET,2024-06-27T14:56:00Z,TARGET,ea6731d8045f77d2d375162ebd26fb005e8a8b1b4eb82fe11eb8d2d3e803cd1c,2024-06-27T14:56:00Z,FIRST_RETEST_FILLED,2024-06-27T11:35:00Z,2024-06-27T11:20:00Z,2304.21,True,True,INITIAL_CONFIRMATION_TARGET,373fb1a345b96d75d6fc040d05965618121fd47de1786e3a921f3b1185602857,cee0215790a48de1517b608a460875937a06da9d63b416bfd4483927e65bb89e,2296.448607142857,2.2278571428571143,0.11139285714285573,,M15_LATEST_CONFIRMED_OPPOSING_SWING_ELSE_CONTROL,True,9db715b24b3b8f17e125e21ab408b5b1f4f6cf4a4b853d6c2ebf3e02fb95d15c,2024-06-27T09:45:00Z,2296.56,2317.89,0ab6c8997ec6bb82c479a56ab22c94f42aee18eebf39c8cb69b7cd21c4893ec8
e506c70de482ff3c06e15fb2673ee751d60e392b87e8a4b96bdc47b4cc67fbf2,2304.21,2024-06-27T11:20:00Z,a2facc45a7e01f461a0569e2c34b84a8c9766235217898996b141be28c0eefb5,2024-06-27T11:20:00Z,2304.45,2293.66,2024-07-01T00:00:00Z,2024-06-26T19:00:00Z,0.0510846887366716,LONG,1.0,64.83412322274692,CONTROL_V2_FILLED_STOP,2024-06-27T11:20:00Z,M5_BROKEN_CONTROL_FIRST_RETEST,2304.21,True,7c8f62eade14ac5fa97d2bf45616af4010e6081a9ee5d3fed2eb038fed554559,0.10805687203790076,1.3004739336492477,2024_06,1.2966824644549384,1.2455977757182668,TARGET,2024-06-27T14:56:00Z,TARGET,c63a71b1332b2c303788c7ad1408711833a1c5b5e2721f53d2b0e6c5ec7d89db,2024-06-27T14:56:00Z,FIRST_RETEST_FILLED,2024-06-27T11:35:00Z,2024-06-27T11:20:00Z,2304.21,True,True,INITIAL_CONFIRMATION_TARGET,122b71e01bc4238cc4cad53b39d0ac60e439e8cd764714006aa60060296d1a5d,cee0215790a48de1517b608a460875937a06da9d63b416bfd4483927e65bb89e,2293.66,2.9307142857143,0.146535714285715,NOT_STRICTLY_CLOSER_THAN_CONTROL,H1_SOURCE_SWING_BUFFERED_ELSE_CONTROL,False,cee0215790a48de1517b608a460875937a06da9d63b416bfd4483927e65bb89e,2024-06-26T19:00:00Z,2293.66,2317.89,0ab6c8997ec6bb82c479a56ab22c94f42aee18eebf39c8cb69b7cd21c4893ec8
e506c70de482ff3c06e15fb2673ee751d60e392b87e8a4b96bdc47b4cc67fbf2,2304.21,2024-06-27T11:20:00Z,a2facc45a7e01f461a0569e2c34b84a8c9766235217898996b141be28c0eefb5,2024-06-27T11:20:00Z,2304.45,2293.66,2024-07-01T00:00:00Z,2024-06-26T19:00:00Z,0.0383135165525037,LONG,1.0,64.19556461353852,CONTROL_V2_FILLED_STOP,2024-06-27T11:20:00Z,CONFIRMED_25_75_RETEST_SPLIT,2304.45,True,693efaaa408b54107b342dc79ac7fd88be58a62c41fd68f5d90c0c73a9996af6,0.11301670407475688,1.2876816782258158,2024_06,1.2839112922707705,1.2455977757182668,TARGET,2024-06-27T14:56:00Z,SPLIT_TARGET_TARGET,6c429925250289f1d8af836e41ed8428492b7362a08e9e34536b54941edc4830,2024-06-27T14:56:00Z,FIRST_RETEST_FILLED,2024-06-27T11:35:00Z,2024-06-27T11:20:00Z,2304.21,True,True,INITIAL_CONFIRMATION_TARGET,68373f40a01c54aad6b9e5f43aa06c07f69546b5736edeaba7366e8c285fc2c1,cee0215790a48de1517b608a460875937a06da9d63b416bfd4483927e65bb89e,2293.66,,,,CONTROL_V2_FILLED_STOP,False,,2024-06-27T11:20:00Z,2293.66,2317.89,0ab6c8997ec6bb82c479a56ab22c94f42aee18eebf39c8cb69b7cd21c4893ec8
e506c70de482ff3c06e15fb2673ee751d60e392b87e8a4b96bdc47b4cc67fbf2,2304.21,2024-06-27T11:20:00Z,a2facc45a7e01f461a0569e2c34b84a8c9766235217898996b141be28c0eefb5,2024-06-27T11:20:00Z,2304.45,2293.66,2024-07-01T00:00:00Z,2024-06-26T19:00:00Z,2.0927104405371697,LONG,0.39511121408711636,166.91541081277182,M5_LATEST_CONFIRMED_OPPOSING_SWING_ELSE_CONTROL,2024-06-27T11:20:00Z,CONFIRMED_25_75_RETEST_SPLIT,2304.45,True,74bf20448d829e2acdc25e74c26fe236f08479517f02ef22d95b283127af9f95,0.2934389355333149,3.348110502764979,2024_06,3.3383082162554367,1.2455977757182668,TARGET,2024-06-27T14:56:00Z,SPLIT_TARGET_TARGET,ae5a3ea53a1a7921183f7eb006da4c8611f0ba53d353426b41e42beec714b2ae,2024-06-27T14:56:00Z,FIRST_RETEST_FILLED,2024-06-27T11:35:00Z,2024-06-27T11:20:00Z,2304.21,True,True,INITIAL_CONFIRMATION_TARGET,91bd81d206a6cf7e489bfecadb7466aab639184f10b28cbe1c137da3948bbf35,cee0215790a48de1517b608a460875937a06da9d63b416bfd4483927e65bb89e,2300.18675,1.2649999999999701,0.06324999999999852,,M5_LATEST_CONFIRMED_OPPOSING_SWING_ELSE_CONTROL,True,b336f4e5aeed68c70cd5d328b2cefc96dbd18dfe18aafbe8c9d2fcb9de19a287,2024-06-27T10:55:00Z,2300.25,2317.89,0ab6c8997ec6bb82c479a56ab22c94f42aee18eebf39c8cb69b7cd21c4893ec8
e506c70de482ff3c06e15fb2673ee751d60e392b87e8a4b96bdc47b4cc67fbf2,2304.21,2024-06-27T11:20:00Z,a2facc45a7e01f461a0569e2c34b84a8c9766235217898996b141be28c0eefb5,2024-06-27T11:20:00Z,2304.45,2293.66,2024-07-01T00:00:00Z,2024-06-26T19:00:00Z,0.4962567851551185,LONG,0.7415563352310448,87.09272804366927,M15_LATEST_CONFIRMED_OPPOSING_SWING_ELSE_CONTROL,2024-06-27T11:20:00Z,CONFIRMED_25_75_RETEST_SPLIT,2304.45,True,b76fb014f8ed4f285fc6cbcae07ec71e2677dfb16a05d606fc1e591996c77d85,0.1532781323651437,1.7469696288713252,2024_06,1.7418545608733853,1.2455977757182668,TARGET,2024-06-27T14:56:00Z,SPLIT_TARGET_TARGET,a652c932b4aad4a11fd81e28cd083f61787512065bc4b7476cfaec6c7b13d8b6,2024-06-27T14:56:00Z,FIRST_RETEST_FILLED,2024-06-27T11:35:00Z,2024-06-27T11:20:00Z,2304.21,True,True,INITIAL_CONFIRMATION_TARGET,300ccb842390e79b2e3af83461e7fffa330ef631a2733c6cb492953196b2b3f3,cee0215790a48de1517b608a460875937a06da9d63b416bfd4483927e65bb89e,2296.448607142857,2.2278571428571143,0.11139285714285573,,M15_LATEST_CONFIRMED_OPPOSING_SWING_ELSE_CONTROL,True,9db715b24b3b8f17e125e21ab408b5b1f4f6cf4a4b853d6c2ebf3e02fb95d15c,2024-06-27T09:45:00Z,2296.56,2317.89,0ab6c8997ec6bb82c479a56ab22c94f42aee18eebf39c8cb69b7cd21c4893ec8
e506c70de482ff3c06e15fb2673ee751d60e392b87e8a4b96bdc47b4cc67fbf2,2304.21,2024-06-27T11:20:00Z,a2facc45a7e01f461a0569e2c34b84a8c9766235217898996b141be28c0eefb5,2024-06-27T11:20:00Z,2304.45,2293.66,2024-07-01T00:00:00Z,2024-06-26T19:00:00Z,0.0383135165525037,LONG,1.0,64.19556461353852,CONTROL_V2_FILLED_STOP,2024-06-27T11:20:00Z,CONFIRMED_25_75_RETEST_SPLIT,2304.45,True,7c8f62eade14ac5fa97d2bf45616af4010e6081a9ee5d3fed2eb038fed554559,0.11301670407475688,1.2876816782258158,2024_06,1.2839112922707705,1.2455977757182668,TARGET,2024-06-27T14:56:00Z,SPLIT_TARGET_TARGET,e371f722214755bb39234775184840d231bbd736ac92a8140c2399259a89ab84,2024-06-27T14:56:00Z,FIRST_RETEST_FILLED,2024-06-27T11:35:00Z,2024-06-27T11:20:00Z,2304.21,True,True,INITIAL_CONFIRMATION_TARGET,699b0fc042ced8b4f194a803457151e01bd53ae1e1f075bdd620423350a384a6,cee0215790a48de1517b608a460875937a06da9d63b416bfd4483927e65bb89e,2293.66,2.9307142857143,0.146535714285715,NOT_STRICTLY_CLOSER_THAN_CONTROL,H1_SOURCE_SWING_BUFFERED_ELSE_CONTROL,False,cee0215790a48de1517b608a460875937a06da9d63b416bfd4483927e65bb89e,2024-06-26T19:00:00Z,2293.66,2317.89,0ab6c8997ec6bb82c479a56ab22c94f42aee18eebf39c8cb69b7cd21c4893ec8
9fbce7bdf304cabf3ef39bc4834ac8f073de22ffe25d0039d7e506649b75dbf2,2325.53,2024-06-27T21:05:00Z,ab2f3f6af70609a0ec64ec0405a1e0c10c94ea5cc2deac6e3d011ac448011681,2024-06-27T21:05:00Z,2324.57,2330.95,2024-07-01T00:00:00Z,2024-06-27T21:00:00Z,0.0,SHORT,1.0,-50.0,CONTROL_V2_FILLED_STOP,2024-06-27T21:05:00Z,CONTROL_NEXT_M1_OPEN,2324.57,True,2c59f992c995f1de48d6b74b99676469323e7e652c9b9188ee27b9c6fd0515cb,1.155172413793149,0.8589341692790462,2024_06,-1.0,-1.0,STOP,2024-06-28T11:26:00Z,STOP,31f852d49c85a6869c1dd8ffbfedc8fbd16e1c8f49ac710b24b99ee98e0d57ed,2024-06-28T11:26:00Z,RETEST_EXPIRED,2024-06-27T21:20:00Z,,2325.53,False,False,INITIAL_CONFIRMATION_STOP,0a94216f5f5306b950eb5f826a10a73557c14a531f6b9ca318b7ebf2eaf557e4,659b61671b9c57f9aaea9af80a89d510b9daa69bcbe7f0fce826cec7683980de,2330.95,,,,CONTROL_V2_FILLED_STOP,False,,2024-06-27T21:05:00Z,2330.95,2296.56,d0d59ba7e705672bf9e2223eed8eb21c326ba8e82d2c44890268055441aa87fb
9fbce7bdf304cabf3ef39bc4834ac8f073de22ffe25d0039d7e506649b75dbf2,2325.53,2024-06-27T21:05:00Z,ab2f3f6af70609a0ec64ec0405a1e0c10c94ea5cc2deac6e3d011ac448011681,2024-06-27T21:05:00Z,2324.57,2330.95,2024-07-01T00:00:00Z,2024-06-27T21:00:00Z,0.0,SHORT,0.5579825347066717,-50.0,M5_LATEST_CONFIRMED_OPPOSING_SWING_ELSE_CONTROL,2024-06-27T21:05:00Z,CONTROL_NEXT_M1_OPEN,2324.57,True,201d4c1cd776019b67b42ad21806c34dcff4eefaa7e52dc08df97e2a161880bf,1.1264270952466908,0.5814723409378982,2024_06,-1.0,-1.0,STOP,2024-06-28T11:26:00Z,STOP,fec3c7cf3d8492dae64a7e332b09b2d22ccffdbb87b4480248a1d3e06fc141d4,2024-06-27T23:52:00Z,RETEST_EXPIRED,2024-06-27T21:20:00Z,,2325.53,False,False,INITIAL_CONFIRMATION_STOP,ddc5b6f95b5db2c02c21bf36b20df4fca01e8bd61648f9a96e85c385fddbdfba,659b61671b9c57f9aaea9af80a89d510b9daa69bcbe7f0fce826cec7683980de,2328.1299285714285,1.3985714285713908,0.06992857142856955,,M5_LATEST_CONFIRMED_OPPOSING_SWING_ELSE_CONTROL,True,a503e6fcac6aa503b1af6c025f5cbff37b36b362ee4018e2b1199d819fbb0452,2024-06-27T20:40:00Z,2328.06,2296.56,d0d59ba7e705672bf9e2223eed8eb21c326ba8e82d2c44890268055441aa87fb
9fbce7bdf304cabf3ef39bc4834ac8f073de22ffe25d0039d7e506649b75dbf2,2325.53,2024-06-27T21:05:00Z,ab2f3f6af70609a0ec64ec0405a1e0c10c94ea5cc2deac6e3d011ac448011681,2024-06-27T21:05:00Z,2324.57,2330.95,2024-07-01T00:00:00Z,2024-06-27T21:00:00Z,0.0,SHORT,0.5684057321988204,-50.0,M15_LATEST_CONFIRMED_OPPOSING_SWING_ELSE_CONTROL,2024-06-27T21:05:00Z,CONTROL_NEXT_M1_OPEN,2324.57,True,1cb9a7e61fa36192ea6bf1fc4f2d9d2a8013ea31b2eeb00d020c952de386f99f,1.1057711246799533,0.5708095331889824,2024_06,-1.0,-1.0,STOP,2024-06-28T11:26:00Z,STOP,0c4c311d18f8be80e39167ebbe0bd8d91025961351fd706a9e413efaa88ae0d6,2024-06-27T23:52:00Z,RETEST_EXPIRED,2024-06-27T21:20:00Z,,2325.53,False,False,INITIAL_CONFIRMATION_STOP,dfa44d0136fb59b8eefa2bb5727e61f2d6f1c42778a8f980d01f8231a29dc118,659b61671b9c57f9aaea9af80a89d510b9daa69bcbe7f0fce826cec7683980de,2328.1964285714284,2.728571428571318,0.1364285714285659,,M15_LATEST_CONFIRMED_OPPOSING_SWING_ELSE_CONTROL,True,d4ea1c2d8eb56d13f2fd05c7b3728a0952794f1846ea1844cff1ca210c90b8fe,2024-06-27T21:00:00Z,2328.06,2296.56,d0d59ba7e705672bf9e2223eed8eb21c326ba8e82d2c44890268055441aa87fb
9fbce7bdf304cabf3ef39bc4834ac8f073de22ffe25d0039d7e506649b75dbf2,2325.53,2024-06-27T21:05:00Z,ab2f3f6af70609a0ec64ec0405a1e0c10c94ea5cc2deac6e3d011ac448011681,2024-06-27T21:05:00Z,2324.57,2330.95,2024-07-01T00:00:00Z,2024-06-27T21:00:00Z,0.0,SHORT,1.0,-50.0,CONTROL_V2_FILLED_STOP,2024-06-27T21:05:00Z,CONTROL_NEXT_M1_OPEN,2324.57,True,c7adb536e58df141a64e5673e73e92e12a9bc45034798a1d8449af4f39b4e7d1,1.155172413793149,0.8589341692790462,2024_06,-1.0,-1.0,STOP,2024-06-28T11:26:00Z,STOP,2b76923df2f0bdac406f76cc1705fa55a033a6c8a2c2c919b6bcaa03f5780147,2024-06-28T11:26:00Z,RETEST_EXPIRED,2024-06-27T21:20:00Z,,2325.53,False,False,INITIAL_CONFIRMATION_STOP,ae455e990a05b94f43dd35a6911697de32eec6af3798451df84b2e140085c138,659b61671b9c57f9aaea9af80a89d510b9daa69bcbe7f0fce826cec7683980de,2330.95,5.216428571428456,0.2608214285714228,NOT_STRICTLY_CLOSER_THAN_CONTROL,H1_SOURCE_SWING_BUFFERED_ELSE_CONTROL,False,659b61671b9c57f9aaea9af80a89d510b9daa69bcbe7f0fce826cec7683980de,2024-06-27T21:00:00Z,2330.95,2296.56,d0d59ba7e705672bf9e2223eed8eb21c326ba8e82d2c44890268055441aa87fb
9fbce7bdf304cabf3ef39bc4834ac8f073de22ffe25d0039d7e506649b75dbf2,2325.53,2024-06-27T21:05:00Z,ab2f3f6af70609a0ec64ec0405a1e0c10c94ea5cc2deac6e3d011ac448011681,2024-06-27T21:05:00Z,2324.57,2330.95,2024-07-01T00:00:00Z,2024-06-27T21:00:00Z,1.0,SHORT,1.0,0.0,CONTROL_V2_FILLED_STOP,,M5_BROKEN_CONTROL_FIRST_RETEST,,False,2c59f992c995f1de48d6b74b99676469323e7e652c9b9188ee27b9c6fd0515cb,,,2024_06,0.0,-1.0,STOP,2024-06-28T11:26:00Z,NO_FILL,143b3b3e199807c6b6e851139b991c004aeefb5e2b701e7778c6461993d3b6c1,,RETEST_EXPIRED,2024-06-27T21:20:00Z,,2325.53,False,False,INITIAL_CONFIRMATION_STOP,529731174efe80bc1abcf32fc1fa248411a045a2bf81b8061a8175435d6d3fc0,659b61671b9c57f9aaea9af80a89d510b9daa69bcbe7f0fce826cec7683980de,2330.95,,,,CONTROL_V2_FILLED_STOP,False,,2024-06-27T21:05:00Z,2330.95,2296.56,d0d59ba7e705672bf9e2223eed8eb21c326ba8e82d2c44890268055441aa87fb
9fbce7bdf304cabf3ef39bc4834ac8f073de22ffe25d0039d7e506649b75dbf2,2325.53,2024-06-27T21:05:00Z,ab2f3f6af70609a0ec64ec0405a1e0c10c94ea5cc2deac6e3d011ac448011681,2024-06-27T21:05:00Z,2324.57,2330.95,2024-07-01T00:00:00Z,2024-06-27T21:00:00Z,1.0,SHORT,0.5579825347066717,0.0,M5_LATEST_CONFIRMED_OPPOSING_SWING_ELSE_CONTROL,,M5_BROKEN_CONTROL_FIRST_RETEST,,False,201d4c1cd776019b67b42ad21806c34dcff4eefaa7e52dc08df97e2a161880bf,,,2024_06,0.0,-1.0,STOP,2024-06-28T11:26:00Z,NO_FILL,dad73e87b66c56d65f323aba185963e07feaf0ae5ef98b174356c20687b2067a,,RETEST_EXPIRED,2024-06-27T21:20:00Z,,2325.53,False,False,INITIAL_CONFIRMATION_STOP,317ed7929359c84e4b2aa17efab04f7ed411a3482f4064727c064d2db029a251,659b61671b9c57f9aaea9af80a89d510b9daa69bcbe7f0fce826cec7683980de,2328.1299285714285,1.3985714285713908,0.06992857142856955,,M5_LATEST_CONFIRMED_OPPOSING_SWING_ELSE_CONTROL,True,a503e6fcac6aa503b1af6c025f5cbff37b36b362ee4018e2b1199d819fbb0452,2024-06-27T20:40:00Z,2328.06,2296.56,d0d59ba7e705672bf9e2223eed8eb21c326ba8e82d2c44890268055441aa87fb
9fbce7bdf304cabf3ef39bc4834ac8f073de22ffe25d0039d7e506649b75dbf2,2325.53,2024-06-27T21:05:00Z,ab2f3f6af70609a0ec64ec0405a1e0c10c94ea5cc2deac6e3d011ac448011681,2024-06-27T21:05:00Z,2324.57,2330.95,2024-07-01T00:00:00Z,2024-06-27T21:00:00Z,1.0,SHORT,0.5684057321988204,0.0,M15_LATEST_CONFIRMED_OPPOSING_SWING_ELSE_CONTROL,,M5_BROKEN_CONTROL_FIRST_RETEST,,False,1cb9a7e61fa36192ea6bf1fc4f2d9d2a8013ea31b2eeb00d020c952de386f99f,,,2024_06,0.0,-1.0,STOP,2024-06-28T11:26:00Z,NO_FILL,d0eae99e5048db3bae00af551071e3d038cf30fea57701dae57de92cb8ac1e6c,,RETEST_EXPIRED,2024-06-27T21:20:00Z,,2325.53,False,False,INITIAL_CONFIRMATION_STOP,ca02bef83793835a64d0540897ba4836b6a68fbabb7153392461123b74faee72,659b61671b9c57f9aaea9af80a89d510b9daa69bcbe7f0fce826cec7683980de,2328.1964285714284,2.728571428571318,0.1364285714285659,,M15_LATEST_CONFIRMED_OPPOSING_SWING_ELSE_CONTROL,True,d4ea1c2d8eb56d13f2fd05c7b3728a0952794f1846ea1844cff1ca210c90b8fe,2024-06-27T21:00:00Z,2328.06,2296.56,d0d59ba7e705672bf9e2223eed8eb21c326ba8e82d2c44890268055441aa87fb
9fbce7bdf304cabf3ef39bc4834ac8f073de22ffe25d0039d7e506649b75dbf2,2325.53,2024-06-27T21:05:00Z,ab2f3f6af70609a0ec64ec0405a1e0c10c94ea5cc2deac6e3d011ac448011681,2024-06-27T21:05:00Z,2324.57,2330.95,2024-07-01T00:00:00Z,2024-06-27T21:00:00Z,1.0,SHORT,1.0,0.0,CONTROL_V2_FILLED_STOP,,M5_BROKEN_CONTROL_FIRST_RETEST,,False,c7adb536e58df141a64e5673e73e92e12a9bc45034798a1d8449af4f39b4e7d1,,,2024_06,0.0,-1.0,STOP,2024-06-28T11:26:00Z,NO_FILL,33a6f6419047b1a43c4ed0d33e7e1936396fdb75366ec32810eeab5edd98006d,,RETEST_EXPIRED,2024-06-27T21:20:00Z,,2325.53,False,False,INITIAL_CONFIRMATION_STOP,f339b4c8e584dfab534aa790f11c953f4e36074e9a3be4de09dbce770e11e8e4,659b61671b9c57f9aaea9af80a89d510b9daa69bcbe7f0fce826cec7683980de,2330.95,5.216428571428456,0.2608214285714228,NOT_STRICTLY_CLOSER_THAN_CONTROL,H1_SOURCE_SWING_BUFFERED_ELSE_CONTROL,False,659b61671b9c57f9aaea9af80a89d510b9daa69bcbe7f0fce826cec7683980de,2024-06-27T21:00:00Z,2330.95,2296.56,d0d59ba7e705672bf9e2223eed8eb21c326ba8e82d2c44890268055441aa87fb
9fbce7bdf304cabf3ef39bc4834ac8f073de22ffe25d0039d7e506649b75dbf2,2325.53,2024-06-27T21:05:00Z,ab2f3f6af70609a0ec64ec0405a1e0c10c94ea5cc2deac6e3d011ac448011681,2024-06-27T21:05:00Z,2324.57,2330.95,2024-07-01T00:00:00Z,2024-06-27T21:00:00Z,0.75,SHORT,1.0,-12.5,CONTROL_V2_FILLED_STOP,2024-06-27T21:05:00Z,CONFIRMED_25_75_RETEST_SPLIT,2324.57,True,2c59f992c995f1de48d6b74b99676469323e7e652c9b9188ee27b9c6fd0515cb,0.28879310344828724,0.21473354231976155,2024_06,-0.25,-1.0,STOP,2024-06-28T11:26:00Z,SPLIT_CONTROL_STOP_NO_RETEST,da8945a62bb2a27175e3bbcd1dbd03d4352331161d9872cf431affc139cc4223,2024-06-28T11:26:00Z,RETEST_EXPIRED,2024-06-27T21:20:00Z,,2325.53,False,False,INITIAL_CONFIRMATION_STOP,db2b76894e90261bb5bb2592e2579bac9d3269bee5df5626e62b8a543ab51aa5,659b61671b9c57f9aaea9af80a89d510b9daa69bcbe7f0fce826cec7683980de,2330.95,,,,CONTROL_V2_FILLED_STOP,False,,2024-06-27T21:05:00Z,2330.95,2296.56,d0d59ba7e705672bf9e2223eed8eb21c326ba8e82d2c44890268055441aa87fb
9fbce7bdf304cabf3ef39bc4834ac8f073de22ffe25d0039d7e506649b75dbf2,2325.53,2024-06-27T21:05:00Z,ab2f3f6af70609a0ec64ec0405a1e0c10c94ea5cc2deac6e3d011ac448011681,2024-06-27T21:05:00Z,2324.57,2330.95,2024-07-01T00:00:00Z,2024-06-27T21:00:00Z,0.75,SHORT,0.5579825347066717,-12.5,M5_LATEST_CONFIRMED_OPPOSING_SWING_ELSE_CONTROL,2024-06-27T21:05:00Z,CONFIRMED_25_75_RETEST_SPLIT,2324.57,True,201d4c1cd776019b67b42ad21806c34dcff4eefaa7e52dc08df97e2a161880bf,0.2816067738116727,0.14536808523447456,2024_06,-0.25,-1.0,STOP,2024-06-28T11:26:00Z,SPLIT_CONTROL_STOP_NO_RETEST,622f1691c15f7823338eb46b666c16e98ba9e1b0f69fdfe0955aa444525162a0,2024-06-27T23:52:00Z,RETEST_EXPIRED,2024-06-27T21:20:00Z,,2325.53,False,False,INITIAL_CONFIRMATION_STOP,815729c41009cb22964b085c57e1e15c8b9a78d924c361a0bec08cd75dedea84,659b61671b9c57f9aaea9af80a89d510b9daa69bcbe7f0fce826cec7683980de,2328.1299285714285,1.3985714285713908,0.06992857142856955,,M5_LATEST_CONFIRMED_OPPOSING_SWING_ELSE_CONTROL,True,a503e6fcac6aa503b1af6c025f5cbff37b36b362ee4018e2b1199d819fbb0452,2024-06-27T20:40:00Z,2328.06,2296.56,d0d59ba7e705672bf9e2223eed8eb21c326ba8e82d2c44890268055441aa87fb
9fbce7bdf304cabf3ef39bc4834ac8f073de22ffe25d0039d7e506649b75dbf2,2325.53,2024-06-27T21:05:00Z,ab2f3f6af70609a0ec64ec0405a1e0c10c94ea5cc2deac6e3d011ac448011681,2024-06-27T21:05:00Z,2324.57,2330.95,2024-07-01T00:00:00Z,2024-06-27T21:00:00Z,0.75,SHORT,0.5684057321988204,-12.5,M15_LATEST_CONFIRMED_OPPOSING_SWING_ELSE_CONTROL,2024-06-27T21:05:00Z,CONFIRMED_25_75_RETEST_SPLIT,2324.57,True,1cb9a7e61fa36192ea6bf1fc4f2d9d2a8013ea31b2eeb00d020c952de386f99f,0.2764427811699883,0.1427023832972456,2024_06,-0.25,-1.0,STOP,2024-06-28T11:26:00Z,SPLIT_CONTROL_STOP_NO_RETEST,4446decc3273dfe7da9e41a8d1e9020052ba389a1d5c1efa2042afbebb1bbeda,2024-06-27T23:52:00Z,RETEST_EXPIRED,2024-06-27T21:20:00Z,,2325.53,False,False,INITIAL_CONFIRMATION_STOP,fb46bdc9be03972108d9ea919cc169ee0465da3d72b2f1f7cc9774e1f520961e,659b61671b9c57f9aaea9af80a89d510b9daa69bcbe7f0fce826cec7683980de,2328.1964285714284,2.728571428571318,0.1364285714285659,,M15_LATEST_CONFIRMED_OPPOSING_SWING_ELSE_CONTROL,True,d4ea1c2d8eb56d13f2fd05c7b3728a0952794f1846ea1844cff1ca210c90b8fe,2024-06-27T21:00:00Z,2328.06,2296.56,d0d59ba7e705672bf9e2223eed8eb21c326ba8e82d2c44890268055441aa87fb
9fbce7bdf304cabf3ef39bc4834ac8f073de22ffe25d0039d7e506649b75dbf2,2325.53,2024-06-27T21:05:00Z,ab2f3f6af70609a0ec64ec0405a1e0c10c94ea5cc2deac6e3d011ac448011681,2024-06-27T21:05:00Z,2324.57,2330.95,2024-07-01T00:00:00Z,2024-06-27T21:00:00Z,0.75,SHORT,1.0,-12.5,CONTROL_V2_FILLED_STOP,2024-06-27T21:05:00Z,CONFIRMED_25_75_RETEST_SPLIT,2324.57,True,c7adb536e58df141a64e5673e73e92e12a9bc45034798a1d8449af4f39b4e7d1,0.28879310344828724,0.21473354231976155,2024_06,-0.25,-1.0,STOP,2024-06-28T11:26:00Z,SPLIT_CONTROL_STOP_NO_RETEST,2437e0540ce06197e54a48f4488586b24d4b59975840f6334abf9b4b7e597b33,2024-06-28T11:26:00Z,RETEST_EXPIRED,2024-06-27T21:20:00Z,,2325.53,False,False,INITIAL_CONFIRMATION_STOP,bc3772e758766ff9962a4d0ba83140888e0831db0e633a01a422e086b2ccbd83,659b61671b9c57f9aaea9af80a89d510b9daa69bcbe7f0fce826cec7683980de,2330.95,5.216428571428456,0.2608214285714228,NOT_STRICTLY_CLOSER_THAN_CONTROL,H1_SOURCE_SWING_BUFFERED_ELSE_CONTROL,False,659b61671b9c57f9aaea9af80a89d510b9daa69bcbe7f0fce826cec7683980de,2024-06-27T21:00:00Z,2330.95,2296.56,d0d59ba7e705672bf9e2223eed8eb21c326ba8e82d2c44890268055441aa87fb
60464dd6035297c477ab5bec00628908721618db7617b442e502c678d2a5964f,2324.99,2024-06-28T08:50:00Z,1286db0d27e1c351b34c3e1bb3258cf5b925af54bdb6635f3f4d30e9fdc606ea,2024-06-28T08:50:00Z,2325.61,2319.09,2024-07-01T00:00:00Z,2024-06-28T07:00:00Z,0.0,LONG,1.0,20.552147239262606,CONTROL_V2_FILLED_STOP,2024-06-28T08:50:00Z,CONTROL_NEXT_M1_OPEN,2325.61,True,d251c41f522451b92b4d7718d3a0c66f5a73efb9eda564d94c1d98dbcc38b3ce,0.07515337423316532,0.42024539877297384,2024_06,0.4110429447852521,0.4110429447852521,TARGET,2024-06-28T10:10:00Z,TARGET,8c9b330f693d9617f561a45fdd0037dd992404b8b65eac3687b4575d4dce0ddc,2024-06-28T10:10:00Z,RETEST_EXPIRED,2024-06-28T09:05:00Z,,2324.99,False,False,INITIAL_CONFIRMATION_TARGET,5dcec6128bbbe40aee1122758c036ff79c91400333e4dd4f74f11071390498f8,ebd109bca6d4b220145dfab3a291720180123f45c566af5c3af69e3b225a16ec,2319.09,,,,CONTROL_V2_FILLED_STOP,False,,2024-06-28T08:50:00Z,2319.09,2328.29,85fb24b23debf2b4333f40af6dfc254c57dd35beb38bd89fbd42b91ed8ae89a1
60464dd6035297c477ab5bec00628908721618db7617b442e502c678d2a5964f,2324.99,2024-06-28T08:50:00Z,1286db0d27e1c351b34c3e1bb3258cf5b925af54bdb6635f3f4d30e9fdc606ea,2024-06-28T08:50:00Z,2325.61,2319.09,2024-07-01T00:00:00Z,2024-06-28T07:00:00Z,0.045513050858458304,LONG,0.9003122261174377,22.827799782185522,M5_LATEST_CONFIRMED_OPPOSING_SWING_ELSE_CONTROL,2024-06-28T08:50:00Z,CONTROL_NEXT_M1_OPEN,2325.61,True,3a6b6b5f9c1203b6078508b1e596d940fbbd3a7a77fc180d88a945ae2b809ac7,0.08347479024833572,0.4667773985312475,2024_06,0.4565559956437104,0.4110429447852521,TARGET,2024-06-28T10:10:00Z,TARGET,7a1b03ef7d08c1e27bb25de43df81d0ee86faa8e95ad7b23ead385d14979992d,2024-06-28T10:10:00Z,RETEST_EXPIRED,2024-06-28T09:05:00Z,,2324.99,False,False,INITIAL_CONFIRMATION_TARGET,90651a303b90309d1580eb229addfbf3c9ecf7353b2812de15c4d5cfe0b86b76,ebd109bca6d4b220145dfab3a291720180123f45c566af5c3af69e3b225a16ec,2319.7399642857144,0.8007142857142558,0.040035714285712794,,M5_LATEST_CONFIRMED_OPPOSING_SWING_ELSE_CONTROL,True,d62473910a9b0c34d1865d83b279e3e1f486203554300e4aa9c7fa9894d4fd38,2024-06-28T07:35:00Z,2319.78,2328.29,85fb24b23debf2b4333f40af6dfc254c57dd35beb38bd89fbd42b91ed8ae89a1
60464dd6035297c477ab5bec00628908721618db7617b442e502c678d2a5964f,2324.99,2024-06-28T08:50:00Z,1286db0d27e1c351b34c3e1bb3258cf5b925af54bdb6635f3f4d30e9fdc606ea,2024-06-28T08:50:00Z,2325.61,2319.09,2024-07-01T00:00:00Z,2024-06-28T07:00:00Z,0.042223059056386736,LONG,0.906847063978929,22.66330019208194,M15_LATEST_CONFIRMED_OPPOSING_SWING_ELSE_CONTROL,2024-06-28T08:50:00Z,CONTROL_NEXT_M1_OPEN,2325.61,True,2058f994a52ccf7bc56ad94d868c437ff0608c0502abd7813aa9ad12bcc2e94b,0.0828732618964641,0.46341375019629377,2024_06,0.45326600384163884,0.4110429447852521,TARGET,2024-06-28T10:10:00Z,TARGET,339591059c55d9e0bf82e0abcea8a380425a3458c064da8ebca605bb83feb6af,2024-06-28T10:10:00Z,RETEST_EXPIRED,2024-06-28T09:05:00Z,,2324.99,False,False,INITIAL_CONFIRMATION_TARGET,bf15e2595b3137f4f9e28ffe7e1edc7f56b9ccba598ed68c299a99fe019b77d8,ebd109bca6d4b220145dfab3a291720180123f45c566af5c3af69e3b225a16ec,2319.6973571428575,1.6528571428570038,0.08264285714285019,,M15_LATEST_CONFIRMED_OPPOSING_SWING_ELSE_CONTROL,True,eee87aecdfa4c0d05d11644cf319ce68a0e425194471998d51a38f4080bac747,2024-06-28T08:00:00Z,2319.78,2328.29,85fb24b23debf2b4333f40af6dfc254c57dd35beb38bd89fbd42b91ed8ae89a1
60464dd6035297c477ab5bec00628908721618db7617b442e502c678d2a5964f,2324.99,2024-06-28T08:50:00Z,1286db0d27e1c351b34c3e1bb3258cf5b925af54bdb6635f3f4d30e9fdc606ea,2024-06-28T08:50:00Z,2325.61,2319.09,2024-07-01T00:00:00Z,2024-06-28T07:00:00Z,0.0,LONG,1.0,20.552147239262606,CONTROL_V2_FILLED_STOP,2024-06-28T08:50:00Z,CONTROL_NEXT_M1_OPEN,2325.61,True,efe2791611792d39df8817da768385f8733a8dae5644b4e7c29bad5518ad5f18,0.07515337423316532,0.42024539877297384,2024_06,0.4110429447852521,0.4110429447852521,TARGET,2024-06-28T10:10:00Z,TARGET,63f2adabdd257fe5c12e6d8a8584fafd88c99e0d4315bcae2522985c51ae743e,2024-06-28T10:10:00Z,RETEST_EXPIRED,2024-06-28T09:05:00Z,,2324.99,False,False,INITIAL_CONFIRMATION_TARGET,baf29a87d7df71ad53749bde779e5dd9eaf83d2eb57402f06f110dd71738fe4b,ebd109bca6d4b220145dfab3a291720180123f45c566af5c3af69e3b225a16ec,2319.09,4.288571428571296,0.2144285714285648,NOT_STRICTLY_CLOSER_THAN_CONTROL,H1_SOURCE_SWING_BUFFERED_ELSE_CONTROL,False,ebd109bca6d4b220145dfab3a291720180123f45c566af5c3af69e3b225a16ec,2024-06-28T07:00:00Z,2319.09,2328.29,85fb24b23debf2b4333f40af6dfc254c57dd35beb38bd89fbd42b91ed8ae89a1
60464dd6035297c477ab5bec00628908721618db7617b442e502c678d2a5964f,2324.99,2024-06-28T08:50:00Z,1286db0d27e1c351b34c3e1bb3258cf5b925af54bdb6635f3f4d30e9fdc606ea,2024-06-28T08:50:00Z,2325.61,2319.09,2024-07-01T00:00:00Z,2024-06-28T07:00:00Z,-0.4110429447852521,LONG,1.0,0.0,CONTROL_V2_FILLED_STOP,,M5_BROKEN_CONTROL_FIRST_RETEST,,False,d251c41f522451b92b4d7718d3a0c66f5a73efb9eda564d94c1d98dbcc38b3ce,,,2024_06,0.0,0.4110429447852521,TARGET,2024-06-28T10:10:00Z,NO_FILL,f35f90c89ad659d8946cf29b03cb7ebdad3e620cb4f4bf6b75e537f8af0eedda,,RETEST_EXPIRED,2024-06-28T09:05:00Z,,2324.99,False,False,INITIAL_CONFIRMATION_TARGET,ac0c16a235bbbeda37a410460d510c71f093db497783db1b74e180221d1327a9,ebd109bca6d4b220145dfab3a291720180123f45c566af5c3af69e3b225a16ec,2319.09,,,,CONTROL_V2_FILLED_STOP,False,,2024-06-28T08:50:00Z,2319.09,2328.29,85fb24b23debf2b4333f40af6dfc254c57dd35beb38bd89fbd42b91ed8ae89a1
60464dd6035297c477ab5bec00628908721618db7617b442e502c678d2a5964f,2324.99,2024-06-28T08:50:00Z,1286db0d27e1c351b34c3e1bb3258cf5b925af54bdb6635f3f4d30e9fdc606ea,2024-06-28T08:50:00Z,2325.61,2319.09,2024-07-01T00:00:00Z,2024-06-28T07:00:00Z,-0.4110429447852521,LONG,0.9003122261174377,0.0,M5_LATEST_CONFIRMED_OPPOSING_SWING_ELSE_CONTROL,,M5_BROKEN_CONTROL_FIRST_RETEST,,False,3a6b6b5f9c1203b6078508b1e596d940fbbd3a7a77fc180d88a945ae2b809ac7,,,2024_06,0.0,0.4110429447852521,TARGET,2024-06-28T10:10:00Z,NO_FILL,15dbdff19e5bd233c6c7522c277f32c9f8d881fcd96f14eef6a2de3cb5ab1354,,RETEST_EXPIRED,2024-06-28T09:05:00Z,,2324.99,False,False,INITIAL_CONFIRMATION_TARGET,9fdb7266e55d626a41e00b2079a79162e7174dc3f361f65a9e213b9ba9439554,ebd109bca6d4b220145dfab3a291720180123f45c566af5c3af69e3b225a16ec,2319.7399642857144,0.8007142857142558,0.040035714285712794,,M5_LATEST_CONFIRMED_OPPOSING_SWING_ELSE_CONTROL,True,d62473910a9b0c34d1865d83b279e3e1f486203554300e4aa9c7fa9894d4fd38,2024-06-28T07:35:00Z,2319.78,2328.29,85fb24b23debf2b4333f40af6dfc254c57dd35beb38bd89fbd42b91ed8ae89a1
60464dd6035297c477ab5bec00628908721618db7617b442e502c678d2a5964f,2324.99,2024-06-28T08:50:00Z,1286db0d27e1c351b34c3e1bb3258cf5b925af54bdb6635f3f4d30e9fdc606ea,2024-06-28T08:50:00Z,2325.61,2319.09,2024-07-01T00:00:00Z,2024-06-28T07:00:00Z,-0.4110429447852521,LONG,0.906847063978929,0.0,M15_LATEST_CONFIRMED_OPPOSING_SWING_ELSE_CONTROL,,M5_BROKEN_CONTROL_FIRST_RETEST,,False,2058f994a52ccf7bc56ad94d868c437ff0608c0502abd7813aa9ad12bcc2e94b,,,2024_06,0.0,0.4110429447852521,TARGET,2024-06-28T10:10:00Z,NO_FILL,03f82a45526e1a8ec35c96be5fa04f2d3686b22f280b346cbfe6cfea7b013bf1,,RETEST_EXPIRED,2024-06-28T09:05:00Z,,2324.99,False,False,INITIAL_CONFIRMATION_TARGET,26518edd1a78af902f59a9501d814d22ac0199b960cbf132a17e4a587b60d6de,ebd109bca6d4b220145dfab3a291720180123f45c566af5c3af69e3b225a16ec,2319.6973571428575,1.6528571428570038,0.08264285714285019,,M15_LATEST_CONFIRMED_OPPOSING_SWING_ELSE_CONTROL,True,eee87aecdfa4c0d05d11644cf319ce68a0e425194471998d51a38f4080bac747,2024-06-28T08:00:00Z,2319.78,2328.29,85fb24b23debf2b4333f40af6dfc254c57dd35beb38bd89fbd42b91ed8ae89a1
60464dd6035297c477ab5bec00628908721618db7617b442e502c678d2a5964f,2324.99,2024-06-28T08:50:00Z,1286db0d27e1c351b34c3e1bb3258cf5b925af54bdb6635f3f4d30e9fdc606ea,2024-06-28T08:50:00Z,2325.61,2319.09,2024-07-01T00:00:00Z,2024-06-28T07:00:00Z,-0.4110429447852521,LONG,1.0,0.0,CONTROL_V2_FILLED_STOP,,M5_BROKEN_CONTROL_FIRST_RETEST,,False,efe2791611792d39df8817da768385f8733a8dae5644b4e7c29bad5518ad5f18,,,2024_06,0.0,0.4110429447852521,TARGET,2024-06-28T10:10:00Z,NO_FILL,4be6a64a282812f7fd50f17fa90284f99c4fe82c6e876ab5cf9056e4eea2c17d,,RETEST_EXPIRED,2024-06-28T09:05:00Z,,2324.99,False,False,INITIAL_CONFIRMATION_TARGET,76aa38a9590d229c3ea4b39567ab8b25a0b0f7868cf704818fdd70c08d37cbac,ebd109bca6d4b220145dfab3a291720180123f45c566af5c3af69e3b225a16ec,2319.09,4.288571428571296,0.2144285714285648,NOT_STRICTLY_CLOSER_THAN_CONTROL,H1_SOURCE_SWING_BUFFERED_ELSE_CONTROL,False,ebd109bca6d4b220145dfab3a291720180123f45c566af5c3af69e3b225a16ec,2024-06-28T07:00:00Z,2319.09,2328.29,85fb24b23debf2b4333f40af6dfc254c57dd35beb38bd89fbd42b91ed8ae89a1
60464dd6035297c477ab5bec00628908721618db7617b442e502c678d2a5964f,2324.99,2024-06-28T08:50:00Z,1286db0d27e1c351b34c3e1bb3258cf5b925af54bdb6635f3f4d30e9fdc606ea,2024-06-28T08:50:00Z,2325.61,2319.09,2024-07-01T00:00:00Z,2024-06-28T07:00:00Z,-0.30828220858893907,LONG,1.0,5.1380368098156515,CONTROL_V2_FILLED_STOP,2024-06-28T08:50:00Z,CONFIRMED_25_75_RETEST_SPLIT,2325.61,True,d251c41f522451b92b4d7718d3a0c66f5a73efb9eda564d94c1d98dbcc38b3ce,0.01878834355829133,0.10506134969324346,2024_06,0.10276073619631303,0.4110429447852521,TARGET,2024-06-28T10:10:00Z,SPLIT_CONTROL_TARGET_NO_RETEST,0eb84b14297a54ed5310d59f0b9d2ed5d2f8642b5998b88e9fce70a998f5870b,2024-06-28T10:10:00Z,RETEST_EXPIRED,2024-06-28T09:05:00Z,,2324.99,False,False,INITIAL_CONFIRMATION_TARGET,6982458350bb1ce2143887f296ae85be2ab3358266aebbffb5630b0c002cebaf,ebd109bca6d4b220145dfab3a291720180123f45c566af5c3af69e3b225a16ec,2319.09,,,,CONTROL_V2_FILLED_STOP,False,,2024-06-28T08:50:00Z,2319.09,2328.29,85fb24b23debf2b4333f40af6dfc254c57dd35beb38bd89fbd42b91ed8ae89a1
60464dd6035297c477ab5bec00628908721618db7617b442e502c678d2a5964f,2324.99,2024-06-28T08:50:00Z,1286db0d27e1c351b34c3e1bb3258cf5b925af54bdb6635f3f4d30e9fdc606ea,2024-06-28T08:50:00Z,2325.61,2319.09,2024-07-01T00:00:00Z,2024-06-28T07:00:00Z,-0.2969039458743245,LONG,0.9003122261174377,5.706949945546381,M5_LATEST_CONFIRMED_OPPOSING_SWING_ELSE_CONTROL,2024-06-28T08:50:00Z,CONFIRMED_25_75_RETEST_SPLIT,2325.61,True,3a6b6b5f9c1203b6078508b1e596d940fbbd3a7a77fc180d88a945ae2b809ac7,0.02086869756208393,0.11669434963281188,2024_06,0.1141389989109276,0.4110429447852521,TARGET,2024-06-28T10:10:00Z,SPLIT_CONTROL_TARGET_NO_RETEST,e536801191b7c2f234de4cc97bc52c30e3c87efbabeabbc77c8161838e2597f5,2024-06-28T10:10:00Z,RETEST_EXPIRED,2024-06-28T09:05:00Z,,2324.99,False,False,INITIAL_CONFIRMATION_TARGET,4f1d78ecfb6865c287080a516dc5c261c38ab31423245a499d363bbd8275fdf8,ebd109bca6d4b220145dfab3a291720180123f45c566af5c3af69e3b225a16ec,2319.7399642857144,0.8007142857142558,0.040035714285712794,,M5_LATEST_CONFIRMED_OPPOSING_SWING_ELSE_CONTROL,True,d62473910a9b0c34d1865d83b279e3e1f486203554300e4aa9c7fa9894d4fd38,2024-06-28T07:35:00Z,2319.78,2328.29,85fb24b23debf2b4333f40af6dfc254c57dd35beb38bd89fbd42b91ed8ae89a1
60464dd6035297c477ab5bec00628908721618db7617b442e502c678d2a5964f,2324.99,2024-06-28T08:50:00Z,1286db0d27e1c351b34c3e1bb3258cf5b925af54bdb6635f3f4d30e9fdc606ea,2024-06-28T08:50:00Z,2325.61,2319.09,2024-07-01T00:00:00Z,2024-06-28T07:00:00Z,-0.29772644382484237,LONG,0.906847063978929,5.665825048020485,M15_LATEST_CONFIRMED_OPPOSING_SWING_ELSE_CONTROL,2024-06-28T08:50:00Z,CONFIRMED_25_75_RETEST_SPLIT,2325.61,True,2058f994a52ccf7bc56ad94d868c437ff0608c0502abd7813aa9ad12bcc2e94b,0.020718315474116025,0.11585343754907344,2024_06,0.11331650096040971,0.4110429447852521,TARGET,2024-06-28T10:10:00Z,SPLIT_CONTROL_TARGET_NO_RETEST,6a3f9ff5f61a774da1eb20e7236bbf5c365b2ad1b5194fbb63ad8129997c3cca,2024-06-28T10:10:00Z,RETEST_EXPIRED,2024-06-28T09:05:00Z,,2324.99,False,False,INITIAL_CONFIRMATION_TARGET,15f5871ef9e1dc67ba492d7a533240d9253be698cc285eb301858aeab0053cf9,ebd109bca6d4b220145dfab3a291720180123f45c566af5c3af69e3b225a16ec,2319.6973571428575,1.6528571428570038,0.08264285714285019,,M15_LATEST_CONFIRMED_OPPOSING_SWING_ELSE_CONTROL,True,eee87aecdfa4c0d05d11644cf319ce68a0e425194471998d51a38f4080bac747,2024-06-28T08:00:00Z,2319.78,2328.29,85fb24b23debf2b4333f40af6dfc254c57dd35beb38bd89fbd42b91ed8ae89a1
60464dd6035297c477ab5bec00628908721618db7617b442e502c678d2a5964f,2324.99,2024-06-28T08:50:00Z,1286db0d27e1c351b34c3e1bb3258cf5b925af54bdb6635f3f4d30e9fdc606ea,2024-06-28T08:50:00Z,2325.61,2319.09,2024-07-01T00:00:00Z,2024-06-28T07:00:00Z,-0.30828220858893907,LONG,1.0,5.1380368098156515,CONTROL_V2_FILLED_STOP,2024-06-28T08:50:00Z,CONFIRMED_25_75_RETEST_SPLIT,2325.61,True,efe2791611792d39df8817da768385f8733a8dae5644b4e7c29bad5518ad5f18,0.01878834355829133,0.10506134969324346,2024_06,0.10276073619631303,0.4110429447852521,TARGET,2024-06-28T10:10:00Z,SPLIT_CONTROL_TARGET_NO_RETEST,3dbb4c2396ac64056aa1521ca98883b2e2d998f726fcd731157ddb31ea43b28c,2024-06-28T10:10:00Z,RETEST_EXPIRED,2024-06-28T09:05:00Z,,2324.99,False,False,INITIAL_CONFIRMATION_TARGET,23d5f7e9db001cf20c95fc2d26f19c7b79349b98bc1030e9ecec4ef0ebf0bf65,ebd109bca6d4b220145dfab3a291720180123f45c566af5c3af69e3b225a16ec,2319.09,4.288571428571296,0.2144285714285648,NOT_STRICTLY_CLOSER_THAN_CONTROL,H1_SOURCE_SWING_BUFFERED_ELSE_CONTROL,False,ebd109bca6d4b220145dfab3a291720180123f45c566af5c3af69e3b225a16ec,2024-06-28T07:00:00Z,2319.09,2328.29,85fb24b23debf2b4333f40af6dfc254c57dd35beb38bd89fbd42b91ed8ae89a1
cb78b189c9c9bf41f6dbfe45ae2a4073eff9beaf8ef1c166c2986297ddd2d75c,2324.18,2024-06-28T22:35:00Z,51296a0ae004f2b4f5bcf536a50136994c97c9b253afbe23b266bf8ccc9d454b,2024-06-28T22:35:00Z,2323.43,2339.76,2024-07-01T00:00:00Z,2024-06-28T19:00:00Z,0.0,SHORT,1.0,-9.093692590325123,CONTROL_V2_FILLED_STOP,2024-06-28T22:35:00Z,CONTROL_NEXT_M1_OPEN,2323.43,True,47f274b4f6e34309ff3be40ae61ba6bf41fbe272c3824634aad66ce399fcc63b,0.1977954684629481,0.030006123698699955,2024_06,-0.18187385180650245,-0.18187385180650245,TIME_EXIT,2024-06-28T23:57:00Z,TIME_EXIT,6b39846a6fbed5220263a62c25b10d4cce8e9dda570e89d97760186f9b809a9f,2024-06-28T23:57:00Z,FIRST_RETEST_FILLED,2024-06-28T22:50:00Z,2024-06-28T22:35:00Z,2324.18,True,False,INITIAL_CONFIRMATION_TIME_EXIT,1cec49371ca62515d6d5e8922d724be96fbebea8f76752493f06084ed9fa2e73,dc3eca60744bb481ced0b598ed181db8ad6852077a0163e9ea39991ccdc60bb4,2339.76,,,,CONTROL_V2_FILLED_STOP,False,,2024-06-28T22:35:00Z,2339.76,2319.78,cdc5c2089e108cd787f58e4398c9b2b8b77481a428d0380472e1f9d14a953591
cb78b189c9c9bf41f6dbfe45ae2a4073eff9beaf8ef1c166c2986297ddd2d75c,2324.18,2024-06-28T22:35:00Z,51296a0ae004f2b4f5bcf536a50136994c97c9b253afbe23b266bf8ccc9d454b,2024-06-28T22:35:00Z,2323.43,2339.76,2024-07-01T00:00:00Z,2024-06-28T19:00:00Z,-0.8181261481934976,SHORT,0.17820181961332351,-50.0,M5_LATEST_CONFIRMED_OPPOSING_SWING_ELSE_CONTROL,2024-06-28T22:35:00Z,CONTROL_NEXT_M1_OPEN,2323.43,True,65f8c66ae63a039c66b52faec8fa793b50801ea5ef85fe5c4fc4940138402470,1.0824609418147146,0.16838281317109796,2024_06,-1.0,-0.18187385180650245,TIME_EXIT,2024-06-28T23:57:00Z,STOP,6b437a2b89d83b410f4824bf1b5ae75647188461bf74655806a54a47e27745a3,2024-06-28T23:53:00Z,FIRST_RETEST_FILLED,2024-06-28T22:50:00Z,2024-06-28T22:35:00Z,2324.18,True,False,INITIAL_CONFIRMATION_TIME_EXIT,51dc30a06089bf2de51ef7fd7095cd64fccb6bb27b0a936b875ceb93a6e10f1b,dc3eca60744bb481ced0b598ed181db8ad6852077a0163e9ea39991ccdc60bb4,2326.3400357142855,1.0007142857142364,0.050035714285711824,,M5_LATEST_CONFIRMED_OPPOSING_SWING_ELSE_CONTROL,True,7c711196b0a50e4bf565d1cd27d43f6eafea10a0dd29011b98cbe025d17da506,2024-06-28T22:20:00Z,2326.29,2319.78,cdc5c2089e108cd787f58e4398c9b2b8b77481a428d0380472e1f9d14a953591
cb78b189c9c9bf41f6dbfe45ae2a4073eff9beaf8ef1c166c2986297ddd2d75c,2324.18,2024-06-28T22:35:00Z,51296a0ae004f2b4f5bcf536a50136994c97c9b253afbe23b266bf8ccc9d454b,2024-06-28T22:35:00Z,2323.43,2339.76,2024-07-01T00:00:00Z,2024-06-28T19:00:00Z,-0.39457333146298174,SHORT,0.31550826699326234,-28.82235916347421,M15_LATEST_CONFIRMED_OPPOSING_SWING_ELSE_CONTROL,2024-06-28T22:35:00Z,CONTROL_NEXT_M1_OPEN,2323.43,True,ce86f774dd178d57242d9f5ca523410619a92a3f2dd4088fe6dd461d29c2f938,0.6269105730506009,0.09510408074137953,2024_06,-0.5764471832694842,-0.18187385180650245,TIME_EXIT,2024-06-28T23:57:00Z,TIME_EXIT,d3421b0e33b4b44c24506e913eac5d8a928bf86d79b02ab2af4b51ccf9cc9ec8,2024-06-28T23:57:00Z,FIRST_RETEST_FILLED,2024-06-28T22:50:00Z,2024-06-28T22:35:00Z,2324.18,True,False,INITIAL_CONFIRMATION_TIME_EXIT,dcafea4ad234a08e7391c12744aabb18da1692b73fd6e156a2aca2ce72ade9b8,dc3eca60744bb481ced0b598ed181db8ad6852077a0163e9ea39991ccdc60bb4,2328.58225,2.244999999999988,0.1122499999999994,,M15_LATEST_CONFIRMED_OPPOSING_SWING_ELSE_CONTROL,True,f2d315dd026d2665946ec6b2606f246c6ce37b029c12ad3e11ec515edca6f2ca,2024-06-28T22:00:00Z,2328.47,2319.78,cdc5c2089e108cd787f58e4398c9b2b8b77481a428d0380472e1f9d14a953591
cb78b189c9c9bf41f6dbfe45ae2a4073eff9beaf8ef1c166c2986297ddd2d75c,2324.18,2024-06-28T22:35:00Z,51296a0ae004f2b4f5bcf536a50136994c97c9b253afbe23b266bf8ccc9d454b,2024-06-28T22:35:00Z,2323.43,2339.76,2024-07-01T00:00:00Z,2024-06-28T19:00:00Z,0.0,SHORT,1.0,-9.093692590325123,CONTROL_V2_FILLED_STOP,2024-06-28T22:35:00Z,CONTROL_NEXT_M1_OPEN,2323.43,True,18215ede6196983085872ca15abe907c7f22d287e6fe5b93772ca1331bb5dff4,0.1977954684629481,0.030006123698699955,2024_06,-0.18187385180650245,-0.18187385180650245,TIME_EXIT,2024-06-28T23:57:00Z,TIME_EXIT,9880078ffa924519b9e30e2153d516ceb6dd16bf32c1280f2a592b2300bb8159,2024-06-28T23:57:00Z,FIRST_RETEST_FILLED,2024-06-28T22:50:00Z,2024-06-28T22:35:00Z,2324.18,True,False,INITIAL_CONFIRMATION_TIME_EXIT,8752fdeacda41c2496442070016d11044f20c795503c1ba8dfad7eb494844129,dc3eca60744bb481ced0b598ed181db8ad6852077a0163e9ea39991ccdc60bb4,2339.76,6.089285714285746,0.30446428571428735,NOT_STRICTLY_CLOSER_THAN_CONTROL,H1_SOURCE_SWING_BUFFERED_ELSE_CONTROL,False,dc3eca60744bb481ced0b598ed181db8ad6852077a0163e9ea39991ccdc60bb4,2024-06-28T19:00:00Z,2339.76,2319.78,cdc5c2089e108cd787f58e4398c9b2b8b77481a428d0380472e1f9d14a953591
cb78b189c9c9bf41f6dbfe45ae2a4073eff9beaf8ef1c166c2986297ddd2d75c,2324.18,2024-06-28T22:35:00Z,51296a0ae004f2b4f5bcf536a50136994c97c9b253afbe23b266bf8ccc9d454b,2024-06-28T22:35:00Z,2323.43,2339.76,2024-07-01T00:00:00Z,2024-06-28T19:00:00Z,0.03938347953434582,SHORT,1.0,-7.124518613607831,CONTROL_V2_FILLED_STOP,2024-06-28T22:35:00Z,M5_BROKEN_CONTROL_FIRST_RETEST,2324.18,True,47f274b4f6e34309ff3be40ae61ba6bf41fbe272c3824634aad66ce399fcc63b,0.15917843388959932,0.07958921694478506,2024_06,-0.14249037227215663,-0.18187385180650245,TIME_EXIT,2024-06-28T23:57:00Z,TIME_EXIT,e18142a40fd4133a7ded30b1a9dd8af7b456f7ae609909f259a1f3abcca81c74,2024-06-28T23:57:00Z,FIRST_RETEST_FILLED,2024-06-28T22:50:00Z,2024-06-28T22:35:00Z,2324.18,True,True,INITIAL_CONFIRMATION_TIME_EXIT,d7c07ab179c2606c937eff00adaef8dd1e67d544b7c095b88fef78e9836b94e1,dc3eca60744bb481ced0b598ed181db8ad6852077a0163e9ea39991ccdc60bb4,2339.76,,,,CONTROL_V2_FILLED_STOP,False,,2024-06-28T22:35:00Z,2339.76,2319.78,cdc5c2089e108cd787f58e4398c9b2b8b77481a428d0380472e1f9d14a953591
cb78b189c9c9bf41f6dbfe45ae2a4073eff9beaf8ef1c166c2986297ddd2d75c,2324.18,2024-06-28T22:35:00Z,51296a0ae004f2b4f5bcf536a50136994c97c9b253afbe23b266bf8ccc9d454b,2024-06-28T22:35:00Z,2323.43,2339.76,2024-07-01T00:00:00Z,2024-06-28T19:00:00Z,-0.8181261481934976,SHORT,0.17820181961332351,-50.0,M5_LATEST_CONFIRMED_OPPOSING_SWING_ELSE_CONTROL,2024-06-28T22:35:00Z,M5_BROKEN_CONTROL_FIRST_RETEST,2324.18,True,65f8c66ae63a039c66b52faec8fa793b50801ea5ef85fe5c4fc4940138402470,1.1110927398687989,0.5740645822654233,2024_06,-1.0,-0.18187385180650245,TIME_EXIT,2024-06-28T23:57:00Z,STOP,f2ec20039e0b25a0cd71ae48dabb25708c5b3a1812b8e59bbe35b7b51ca05aee,2024-06-28T23:53:00Z,FIRST_RETEST_FILLED,2024-06-28T22:50:00Z,2024-06-28T22:35:00Z,2324.18,True,True,INITIAL_CONFIRMATION_TIME_EXIT,0fff5c41d2ebe73ccf2d82e2c4bb992d25dcf7920113462a5e11981f728301ab,dc3eca60744bb481ced0b598ed181db8ad6852077a0163e9ea39991ccdc60bb4,2326.3400357142855,1.0007142857142364,0.050035714285711824,,M5_LATEST_CONFIRMED_OPPOSING_SWING_ELSE_CONTROL,True,7c711196b0a50e4bf565d1cd27d43f6eafea10a0dd29011b98cbe025d17da506,2024-06-28T22:20:00Z,2326.29,2319.78,cdc5c2089e108cd787f58e4398c9b2b8b77481a428d0380472e1f9d14a953591
cb78b189c9c9bf41f6dbfe45ae2a4073eff9beaf8ef1c166c2986297ddd2d75c,2324.18,2024-06-28T22:35:00Z,51296a0ae004f2b4f5bcf536a50136994c97c9b253afbe23b266bf8ccc9d454b,2024-06-28T22:35:00Z,2323.43,2339.76,2024-07-01T00:00:00Z,2024-06-28T19:00:00Z,-0.32241372840820753,SHORT,0.31550826699326234,-25.2143790107355,M15_LATEST_CONFIRMED_OPPOSING_SWING_ELSE_CONTROL,2024-06-28T22:35:00Z,M5_BROKEN_CONTROL_FIRST_RETEST,2324.18,True,ce86f774dd178d57242d9f5ca523410619a92a3f2dd4088fe6dd461d29c2f938,0.5633482878073632,0.28167414390363,2024_06,-0.50428758021471,-0.18187385180650245,TIME_EXIT,2024-06-28T23:57:00Z,TIME_EXIT,ccef02d19dad68f9a9afe53eddcebcca937f7a635148b3d23cff2eff724d42e4,2024-06-28T23:57:00Z,FIRST_RETEST_FILLED,2024-06-28T22:50:00Z,2024-06-28T22:35:00Z,2324.18,True,True,INITIAL_CONFIRMATION_TIME_EXIT,1fb007064644303cebfb9733a8e4aeffeef4caf07ff9608be951d0fae7dabfe0,dc3eca60744bb481ced0b598ed181db8ad6852077a0163e9ea39991ccdc60bb4,2328.58225,2.244999999999988,0.1122499999999994,,M15_LATEST_CONFIRMED_OPPOSING_SWING_ELSE_CONTROL,True,f2d315dd026d2665946ec6b2606f246c6ce37b029c12ad3e11ec515edca6f2ca,2024-06-28T22:00:00Z,2328.47,2319.78,cdc5c2089e108cd787f58e4398c9b2b8b77481a428d0380472e1f9d14a953591
cb78b189c9c9bf41f6dbfe45ae2a4073eff9beaf8ef1c166c2986297ddd2d75c,2324.18,2024-06-28T22:35:00Z,51296a0ae004f2b4f5bcf536a50136994c97c9b253afbe23b266bf8ccc9d454b,2024-06-28T22:35:00Z,2323.43,2339.76,2024-07-01T00:00:00Z,2024-06-28T19:00:00Z,0.03938347953434582,SHORT,1.0,-7.124518613607831,CONTROL_V2_FILLED_STOP,2024-06-28T22:35:00Z,M5_BROKEN_CONTROL_FIRST_RETEST,2324.18,True,18215ede6196983085872ca15abe907c7f22d287e6fe5b93772ca1331bb5dff4,0.15917843388959932,0.07958921694478506,2024_06,-0.14249037227215663,-0.18187385180650245,TIME_EXIT,2024-06-28T23:57:00Z,TIME_EXIT,d8db458f721b19dd86772124f775b6a586ecb01399eb6ad2abb1e1bc91a00a60,2024-06-28T23:57:00Z,FIRST_RETEST_FILLED,2024-06-28T22:50:00Z,2024-06-28T22:35:00Z,2324.18,True,True,INITIAL_CONFIRMATION_TIME_EXIT,898b78ee58d6c6e612a6fc573a8d5ba0976a31f4df4d46b0fbd6b217c2065648,dc3eca60744bb481ced0b598ed181db8ad6852077a0163e9ea39991ccdc60bb4,2339.76,6.089285714285746,0.30446428571428735,NOT_STRICTLY_CLOSER_THAN_CONTROL,H1_SOURCE_SWING_BUFFERED_ELSE_CONTROL,False,dc3eca60744bb481ced0b598ed181db8ad6852077a0163e9ea39991ccdc60bb4,2024-06-28T19:00:00Z,2339.76,2319.78,cdc5c2089e108cd787f58e4398c9b2b8b77481a428d0380472e1f9d14a953591
cb78b189c9c9bf41f6dbfe45ae2a4073eff9beaf8ef1c166c2986297ddd2d75c,2324.18,2024-06-28T22:35:00Z,51296a0ae004f2b4f5bcf536a50136994c97c9b253afbe23b266bf8ccc9d454b,2024-06-28T22:35:00Z,2323.43,2339.76,2024-07-01T00:00:00Z,2024-06-28T19:00:00Z,0.029537609650759356,SHORT,1.0,-7.616812107787155,CONTROL_V2_FILLED_STOP,2024-06-28T22:35:00Z,CONFIRMED_25_75_RETEST_SPLIT,2323.43,True,47f274b4f6e34309ff3be40ae61ba6bf41fbe272c3824634aad66ce399fcc63b,0.16883269253293653,0.0671934436332638,2024_06,-0.1523362421557431,-0.18187385180650245,TIME_EXIT,2024-06-28T23:57:00Z,SPLIT_TIME_EXIT_TIME_EXIT,274a73d90bc6511ffdc34105d92e9fcdb6a4892a83f46000b697d125b1aaa4bb,2024-06-28T23:57:00Z,FIRST_RETEST_FILLED,2024-06-28T22:50:00Z,2024-06-28T22:35:00Z,2324.18,True,True,INITIAL_CONFIRMATION_TIME_EXIT,77a129d99f5b21ef2b9224bf9458918872c300580613c801f219f63c0851a7ed,dc3eca60744bb481ced0b598ed181db8ad6852077a0163e9ea39991ccdc60bb4,2339.76,,,,CONTROL_V2_FILLED_STOP,False,,2024-06-28T22:35:00Z,2339.76,2319.78,cdc5c2089e108cd787f58e4398c9b2b8b77481a428d0380472e1f9d14a953591
cb78b189c9c9bf41f6dbfe45ae2a4073eff9beaf8ef1c166c2986297ddd2d75c,2324.18,2024-06-28T22:35:00Z,51296a0ae004f2b4f5bcf536a50136994c97c9b253afbe23b266bf8ccc9d454b,2024-06-28T22:35:00Z,2323.43,2339.76,2024-07-01T00:00:00Z,2024-06-28T19:00:00Z,-0.8181261481934976,SHORT,0.17820181961332351,-50.0,M5_LATEST_CONFIRMED_OPPOSING_SWING_ELSE_CONTROL,2024-06-28T22:35:00Z,CONFIRMED_25_75_RETEST_SPLIT,2323.43,True,65f8c66ae63a039c66b52faec8fa793b50801ea5ef85fe5c4fc4940138402470,1.1039347903552779,0.472644139991842,2024_06,-1.0,-0.18187385180650245,TIME_EXIT,2024-06-28T23:57:00Z,SPLIT_STOP_STOP,45b4fd0005b3caf07790188b9c7c8d91e7e1431341b783527e68f5978f456eab,2024-06-28T23:53:00Z,FIRST_RETEST_FILLED,2024-06-28T22:50:00Z,2024-06-28T22:35:00Z,2324.18,True,True,INITIAL_CONFIRMATION_TIME_EXIT,3d78d3d0b30357a5f7ddd962dbb65d6bf9fdd39837a9c6d3f8176a9d959fdd3a,dc3eca60744bb481ced0b598ed181db8ad6852077a0163e9ea39991ccdc60bb4,2326.3400357142855,1.0007142857142364,0.050035714285711824,,M5_LATEST_CONFIRMED_OPPOSING_SWING_ELSE_CONTROL,True,7c711196b0a50e4bf565d1cd27d43f6eafea10a0dd29011b98cbe025d17da506,2024-06-28T22:20:00Z,2326.29,2319.78,cdc5c2089e108cd787f58e4398c9b2b8b77481a428d0380472e1f9d14a953591
cb78b189c9c9bf41f6dbfe45ae2a4073eff9beaf8ef1c166c2986297ddd2d75c,2324.18,2024-06-28T22:35:00Z,51296a0ae004f2b4f5bcf536a50136994c97c9b253afbe23b266bf8ccc9d454b,2024-06-28T22:35:00Z,2323.43,2339.76,2024-07-01T00:00:00Z,2024-06-28T19:00:00Z,-0.3404536291719011,SHORT,0.31550826699326234,-26.11637404892018,M15_LATEST_CONFIRMED_OPPOSING_SWING_ELSE_CONTROL,2024-06-28T22:35:00Z,CONFIRMED_25_75_RETEST_SPLIT,2323.43,True,ce86f774dd178d57242d9f5ca523410619a92a3f2dd4088fe6dd461d29c2f938,0.5792388591181726,0.23503162811306738,2024_06,-0.5223274809784035,-0.18187385180650245,TIME_EXIT,2024-06-28T23:57:00Z,SPLIT_TIME_EXIT_TIME_EXIT,7f87c2e213e86931f2425398b8ec3186eb4b61d1a7a2b8af26b12ded6bba745a,2024-06-28T23:57:00Z,FIRST_RETEST_FILLED,2024-06-28T22:50:00Z,2024-06-28T22:35:00Z,2324.18,True,True,INITIAL_CONFIRMATION_TIME_EXIT,5f5324e4820b6cd9cad35fd5dea253e91a5847c4d73cd5b90beb1338e16c3af3,dc3eca60744bb481ced0b598ed181db8ad6852077a0163e9ea39991ccdc60bb4,2328.58225,2.244999999999988,0.1122499999999994,,M15_LATEST_CONFIRMED_OPPOSING_SWING_ELSE_CONTROL,True,f2d315dd026d2665946ec6b2606f246c6ce37b029c12ad3e11ec515edca6f2ca,2024-06-28T22:00:00Z,2328.47,2319.78,cdc5c2089e108cd787f58e4398c9b2b8b77481a428d0380472e1f9d14a953591
cb78b189c9c9bf41f6dbfe45ae2a4073eff9beaf8ef1c166c2986297ddd2d75c,2324.18,2024-06-28T22:35:00Z,51296a0ae004f2b4f5bcf536a50136994c97c9b253afbe23b266bf8ccc9d454b,2024-06-28T22:35:00Z,2323.43,2339.76,2024-07-01T00:00:00Z,2024-06-28T19:00:00Z,0.029537609650759356,SHORT,1.0,-7.616812107787155,CONTROL_V2_FILLED_STOP,2024-06-28T22:35:00Z,CONFIRMED_25_75_RETEST_SPLIT,2323.43,True,18215ede6196983085872ca15abe907c7f22d287e6fe5b93772ca1331bb5dff4,0.16883269253293653,0.0671934436332638,2024_06,-0.1523362421557431,-0.18187385180650245,TIME_EXIT,2024-06-28T23:57:00Z,SPLIT_TIME_EXIT_TIME_EXIT,6b15594f398e39fcd2827f7576511814c1071c9c6633982059679e15f44e3e6e,2024-06-28T23:57:00Z,FIRST_RETEST_FILLED,2024-06-28T22:50:00Z,2024-06-28T22:35:00Z,2324.18,True,True,INITIAL_CONFIRMATION_TIME_EXIT,fd4aa7c82d60a176ae1f31fd6cef29baf754e9ccea97f4cd7842457da4ed0677,dc3eca60744bb481ced0b598ed181db8ad6852077a0163e9ea39991ccdc60bb4,2339.76,6.089285714285746,0.30446428571428735,NOT_STRICTLY_CLOSER_THAN_CONTROL,H1_SOURCE_SWING_BUFFERED_ELSE_CONTROL,False,dc3eca60744bb481ced0b598ed181db8ad6852077a0163e9ea39991ccdc60bb4,2024-06-28T19:00:00Z,2339.76,2319.78,cdc5c2089e108cd787f58e4398c9b2b8b77481a428d0380472e1f9d14a953591
